Actual,Predicted,Probability
0,0,0.1599534784040506
0,0,0.15532320631665883
0,0,0.1836372506653892
0,0,0.13880571021041976
0,0,0.11720481590235605
0,0,0.1443660725303199
0,0,0.1586228957750041
0,0,0.15987450408682935
0,0,0.17956115990527086
0,0,0.16775141999767118
0,0,0.14144160999388042
0,0,0.12662208814500864
0,0,0.1358133368207988
0,0,0.15871828802463311
0,0,0.18364152416813564
0,0,0.1814153353016207
0,0,0.1789053067470233
0,0,0.16676895741821046
0,0,0.15428626980345522
0,0,0.1543793800511298
0,0,0.16495802250604208
0,0,0.18438284809578484
0,0,0.15601241470272678
0,0,0.2658400459844573
0,0,0.27493187914974804
0,0,0.28375566851693074
0,0,0.2846933890564843
0,0,0.28709420609364
0,0,0.17678216251608628
0,0,0.180478869021728
0,0,0.2020673212207869
0,0,0.25601320737044175
0,0,0.2636446716077684
0,0,0.25235871431163437
0,0,0.20825151382561163
0,0,0.2373134009459038
0,0,0.2645273327875371
0,0,0.1994738765303495
0,0,0.1859287359084274
0,0,0.2047829193577963
0,0,0.2944658116622685
0,0,0.23209282294442451
0,0,0.22519390806764686
0,0,0.18963310935892186
0,0,0.2961209216156308
0,0,0.21302889213309892
0,0,0.1690328537628758
0,0,0.23187232423297044
0,0,0.2244349079560667
0,0,0.25986812427160205
0,0,0.2371178908476056
0,0,0.17252334185991725
0,0,0.19684891960590992
0,0,0.2609184622945642
0,0,0.3024697822543253
0,0,0.20534468661936423
0,0,0.20457797645427164
0,0,0.21070013387714503
0,0,0.2192335262726386
0,0,0.20241776471961198
0,0,0.2260319531288552
0,0,0.19005598875506366
0,0,0.20700917558938517
0,0,0.2186351476401072
0,0,0.25630985522495253
0,0,0.20827190290882464
0,0,0.23093328086389092
0,0,0.1772392473050627
0,0,0.2006974012177684
0,0,0.2202267972115393
0,0,0.22922832994102865
0,0,0.19802797488084958
0,0,0.18229019969632
0,0,0.1923673286607992
0,0,0.16117931806723212
0,0,0.1732578653303371
0,0,0.19730445245807032
0,0,0.1909340166165801
0,0,0.18328143188601712
0,0,0.16144060897636703
0,0,0.1494326794501863
0,0,0.15557728530259327
0,0,0.1582453276606461
0,0,0.17116978935497199
0,0,0.16266406484288587
0,0,0.17125721491351956
0,0,0.13175812097003195
0,0,0.1473276026031841
0,0,0.1603826192797253
0,0,0.13293585924629395
0,0,0.15272036177462386
0,0,0.15126547644434205
0,0,0.16295855732958608
0,0,0.1551241338033334
1,1,0.5873112111001411
1,1,0.5946349842622434
1,1,0.6262007538110693
1,1,0.5866441580580002
1,1,0.5547143124984764
1,1,0.5412069086919858
1,1,0.5951565285270767
1,1,0.6722139684781943
1,1,0.6624984457740625
1,1,0.6243557216251086
1,1,0.6268325022681226
1,1,0.6285017811072544
1,1,0.6630986590047572
1,1,0.6475007974942885
1,1,0.6389819288678904
1,1,0.6102644912055523
1,1,0.6575230896003661
1,1,0.6435768690738487
1,1,0.6338061111855294
1,1,0.6161483086166105
1,1,0.6072185697731962
1,1,0.6074819328090704
1,1,0.6110504743505939
0,1,0.6284387005710885
0,1,0.6379161069819734
0,1,0.6212374776274936
0,1,0.6492463786058724
0,1,0.6518559765148438
0,1,0.6466760491531892
0,1,0.6447343152582115
0,1,0.6378106807552717
0,1,0.6158754415943752
0,1,0.6028260283636717
0,1,0.6063377347204506
0,1,0.6464262186171068
0,1,0.6516201417186962
0,1,0.6412067500047747
0,1,0.6618124439320563
0,1,0.644042704688637
0,1,0.6335193214295243
0,1,0.640336822503874
0,1,0.6214714905325602
0,1,0.5921773363604675
0,1,0.6465811498415881
0,1,0.6566983978321492
0,1,0.6016077581816973
1,1,0.8684647825227567
1,1,0.8538079463802358
1,1,0.8503542870043596
1,1,0.8388580053743355
1,1,0.8379887862733552
1,1,0.8343467756806779
1,1,0.8274739588111915
1,1,0.8181465598700681
1,1,0.80433803775036
1,1,0.8059497404914946
1,1,0.8610354654755602
1,1,0.8634748503677785
1,1,0.8530434024085563
1,1,0.8534617063912561
1,1,0.8450883710752167
1,1,0.8647204382169684
1,1,0.8237566169331483
1,1,0.8553274162953773
1,1,0.83439600948782
1,1,0.8566212416396047
1,1,0.833724185747539
1,1,0.8324789643984641
1,1,0.8590926744909781
0,1,0.6873016347433344
0,1,0.7040389362622783
0,1,0.7252453849479008
0,1,0.7225664403530583
0,1,0.7320026428562144
0,1,0.7429526928636158
0,1,0.7034618165355372
0,1,0.6730692957485905
0,1,0.7425840231732143
0,1,0.738988770383666
0,1,0.6683197086400479
0,1,0.6270283231752729
0,1,0.5919156585015493
0,1,0.6389530023602358
0,1,0.6545841225619268
0,1,0.635248599189438
0,1,0.6416292266472742
0,1,0.6396332505845481
0,1,0.6861136760110013
0,1,0.6388335772926169
0,1,0.600523710390828
0,1,0.6252739751369267
0,1,0.6141452472152449
1,1,0.8028019887649875
1,1,0.8009798171381408
1,1,0.823984715263833
1,1,0.8337508285172741
1,1,0.8426803456001432
1,1,0.857955822096111
1,1,0.8314674849120371
1,1,0.8584140831657023
1,1,0.7393839127439787
1,1,0.7338820666272953
1,1,0.7309931924515891
1,1,0.7552100973967687
1,1,0.7500760429105522
1,1,0.7415193018566351
1,1,0.7304375721004633
1,1,0.7508782154458913
1,1,0.7573669567794029
1,1,0.7578188707271108
1,1,0.8006349582264332
1,1,0.796221413459753
1,1,0.8141338614529213
1,1,0.7928934765707838
1,1,0.8204275544120097
0,0,0.2369996003363729
0,0,0.22903639475721296
0,0,0.25776474286124723
0,0,0.26243938341036627
0,0,0.237899077535515
0,0,0.27772499872689765
0,0,0.2476965872070598
0,0,0.24946424649341725
0,0,0.2721398847511191
0,0,0.2628377361433328
0,0,0.2542493120673493
0,0,0.231218076335745
0,0,0.24576359369755918
0,0,0.22788944601035216
0,0,0.26262435958591607
0,0,0.2604764039177791
0,0,0.2823782106110009
0,0,0.24770169938510272
0,0,0.24086241241678888
0,0,0.2472983025135064
0,0,0.26486210077839223
0,0,0.26357517047141305
0,0,0.26730893593692456
0,0,0.25273209785500017
0,0,0.23068110208174133
0,0,0.2488038885813456
0,0,0.249292992051998
0,0,0.2461139183422752
0,0,0.23254574156559246
0,0,0.2245225796732938
0,0,0.22105014644039417
0,0,0.2324449028612724
0,0,0.20264978227928615
0,0,0.18837072441750297
0,0,0.19758904837589106
0,0,0.19671245079108782
0,0,0.21549441986664328
0,0,0.1832685462246697
0,0,0.1424283783937781
0,0,0.17007397660370477
0,0,0.22471298134247403
0,0,0.22030732435993594
0,0,0.21030769538828245
0,0,0.18886507915293765
0,0,0.1667295841219961
0,0,0.1492383715155276
0,0,0.16981824602449638
0,0,0.1821298739423181
0,0,0.19801940166873058
0,0,0.17471398177143044
0,0,0.20191873929151583
0,0,0.1508856554846539
0,0,0.15967233277014034
0,0,0.1531522570900318
0,0,0.18329333425740973
0,0,0.2088766153667046
0,0,0.1998917173595176
0,0,0.18245819134472804
0,0,0.20868992425048455
1,1,0.7453910426625832
1,1,0.7571931189324174
1,1,0.7884518075226336
1,1,0.7767954283838434
1,1,0.751937985306683
1,1,0.7450220098541109
1,1,0.7274523661862756
1,1,0.7261930383990348
1,1,0.7532820569014071
1,1,0.7400276200682306
1,1,0.7209824822824658
1,1,0.7325054179618242
1,1,0.7430375211553785
1,1,0.7124991821455735
1,1,0.6917879303626977
1,1,0.6972037018753476
1,1,0.713189470449947
1,1,0.708623208606231
1,1,0.6996242408390364
1,1,0.6877795260245023
1,1,0.722425996178718
1,1,0.6805127178750976
1,1,0.6900061853889596
0,1,0.6142721771576827
0,1,0.6665531393067726
0,1,0.6731889516517537
0,1,0.7344076181372301
0,1,0.7167829578097518
0,1,0.7003375783556385
0,1,0.6954771154502033
0,1,0.7063314667134512
0,1,0.6913906643586306
0,1,0.6814836786577493
0,1,0.688725396989365
0,1,0.669026397529273
0,1,0.6648123650080682
0,1,0.7020882344560985
0,1,0.7150419534659523
0,1,0.7062428032116919
0,1,0.6964123682653889
0,1,0.71639576584026
0,1,0.7050890393804452
0,1,0.7031541571271442
0,1,0.7421446261768263
0,1,0.7038930861328794
0,1,0.7317232507323722
0,0,0.14945224409044894
0,0,0.15404855385476712
0,0,0.16652215819035893
0,0,0.1604501317578931
0,0,0.1553347957400632
0,0,0.1493622477533996
0,0,0.1354144784435642
0,0,0.1333824959888157
0,0,0.16251497940033133
0,0,0.17500881176932237
0,0,0.15628433373251308
0,0,0.15783359637206298
0,0,0.1005324082250501
0,0,0.09823892972755895
0,0,0.09983473429242203
0,0,0.11748839374494058
0,0,0.11004287917428567
0,0,0.10752539813790321
0,0,0.11013062634542731
0,0,0.12198839492015974
0,0,0.11722961805837795
0,0,0.12213172045020043
0,0,0.13573661080127197
0,0,0.12650735909444258
0,0,0.1399172776174448
0,0,0.14957108999810212
0,0,0.15802092025691564
0,0,0.17761774596814484
0,0,0.204365064536982
0,0,0.20124659765907757
0,0,0.18204783580080716
0,0,0.1802798524670667
0,0,0.19278826738489202
0,0,0.1737763917977592
0,0,0.17045691872130353
0,0,0.13320052611848474
0,0,0.17585852692436751
0,0,0.14349702798852002
0,0,0.16457253156140653
0,0,0.17810945888082969
0,0,0.23423770744971806
0,0,0.24656479302387918
0,0,0.26124301906837905
0,0,0.24000306652961081
0,0,0.24940562854017503
0,0,0.2499042658805864
0,0,0.2556085078588618
0,0,0.2664050195591048
0,0,0.25274734243829877
0,0,0.252864107596827
0,0,0.2544062850037439
0,0,0.25880918424364113
0,0,0.27833773362474706
0,0,0.2405085125766872
0,0,0.2409410715325558
0,0,0.23101536307421522
0,0,0.27122060610157467
0,0,0.27363407993265937
0,0,0.2014602666637213
0,0,0.21537724720005336
0,0,0.22552577322608058
0,0,0.21838914322667902
0,0,0.23239294450295567
0,0,0.2551253680519523
0,0,0.2631262798634669
0,0,0.23851689877481527
0,0,0.24030773958688662
0,0,0.24095722437662723
0,0,0.2436880603374913
0,0,0.22477843048338364
0,0,0.21173842860475267
0,0,0.23998051343884724
0,0,0.23280560027334732
0,0,0.23401002951709834
0,0,0.25846543361348295
0,0,0.21069383637144817
0,0,0.256404942614523
0,0,0.2590552529717493
0,0,0.2680061338019296
0,0,0.2729510987036385
0,0,0.21668581689651545
0,0,0.2668340622805856
0,0,0.2661288894714865
0,0,0.2562352211171217
0,0,0.2858763695273779
0,0,0.2957345325100228
0,0,0.2950437768406834
0,0,0.292295665564834
0,0,0.28604336593636337
0,0,0.29626439087743606
0,0,0.2612392160357283
0,0,0.26719884210048744
0,0,0.3174896635413591
0,0,0.2957451346859148
0,0,0.33353147616010326
0,0,0.3263165038041542
0,0,0.2868560961874093
0,0,0.2897144749575231
0,0,0.29310380092402205
0,0,0.30357502174166107
0,0,0.33263662076205236
0,0,0.30563342889122597
0,0,0.29280320549677
0,0,0.30664996957833357
0,0,0.2952262575419674
0,0,0.31049794376391643
0,0,0.3052997005870532
0,0,0.2959788783103498
0,0,0.30852478885151247
0,0,0.31835919473436197
0,0,0.3136352617085715
0,0,0.28232621275378245
0,0,0.295017594926993
0,0,0.284348054217393
0,0,0.23620185308066843
0,0,0.19752618077692813
0,0,0.1981196856204896
0,0,0.2085172041426125
0,0,0.23780505373571661
0,0,0.2266806123084932
0,0,0.21303416375167905
0,0,0.1928015176734941
0,0,0.16431580559764022
0,0,0.1849542900563145
0,0,0.19355163300811173
0,0,0.18578832040665147
0,0,0.19951482531421888
0,0,0.18877164971799992
0,0,0.1769656713878368
0,0,0.1980525398645112
0,0,0.25228515633654924
0,0,0.24605975005980216
0,0,0.22207640222826242
0,0,0.20583826668006922
0,0,0.2758780278659895
0,0,0.273365859144457
0,0,0.2718089474687172
0,0,0.15694912235684647
0,0,0.19488110571716477
0,0,0.19509271698547614
0,0,0.21096441800251306
0,0,0.22946598510582836
0,0,0.2525815167054675
0,0,0.24940542882538852
0,0,0.2505068659157934
0,0,0.18528114079413002
0,0,0.19318229668955428
0,0,0.24323688094054577
0,0,0.22755230155515294
0,0,0.17841112143772797
0,0,0.1611447178055437
0,0,0.26597556136046246
0,0,0.25965722301261485
0,0,0.2111348915124781
0,0,0.1855705754779769
0,0,0.1600749674092948
0,0,0.18588038577679503
0,0,0.18254426340066066
0,0,0.17831319231030968
0,0,0.1478044735649384
0,0,0.1621883579263279
0,0,0.16902913466706493
0,0,0.17117571866217127
0,0,0.20425604659738325
0,0,0.1847659670067946
0,0,0.22802568837701745
0,0,0.3041619998820156
0,0,0.2568955996634251
0,0,0.27715013962413254
0,0,0.2919717555302688
0,0,0.2623356154156932
0,0,0.22247155509619593
0,0,0.26081946531314465
0,0,0.19092573352044098
0,0,0.16187440730324706
0,0,0.18728277094324386
0,0,0.16250037079850854
0,0,0.16184202316987867
0,0,0.17132020233246803
0,0,0.19730008749546354
0,0,0.1947432384666643
0,0,0.19958362370799632
0,0,0.20643720026574017
0,0,0.2094720044791098
0,0,0.2352033101678672
0,0,0.2722575330671187
0,0,0.246235112404452
0,0,0.22094536041596147
0,0,0.19572454755618968
0,0,0.22211364092746405
0,0,0.2377741161419444
0,0,0.21193659329400508
0,0,0.17977428074526436
0,0,0.20301987504745012
0,0,0.24776538939936063
0,0,0.21911865232170227
0,0,0.21086290690870407
0,0,0.24195419728041828
0,0,0.18955639428011484
0,0,0.21553188948545213
0,0,0.2208304197891411
0,0,0.24545181748463313
0,0,0.2284376782357962
0,0,0.21550052260864266
0,0,0.24074461457578344
0,0,0.2533542917666509
0,0,0.23291653201069068
0,0,0.18479962589873647
1,1,0.6438642071209949
1,1,0.7241293105062137
1,1,0.6770715099151776
1,1,0.7004655885225252
1,1,0.6588879391082911
1,1,0.6616369260735944
1,1,0.6481314269242149
1,1,0.6432297987228753
1,1,0.7394259461998548
1,1,0.7599901566589284
1,1,0.743717695076836
1,1,0.6989513242078061
1,1,0.681631370424671
1,1,0.7109724138291179
1,1,0.7135858601612287
1,1,0.6758757146662784
1,1,0.6885698794720494
1,1,0.6453701525803293
1,1,0.6381748431771954
1,1,0.6222814127444212
1,1,0.701282731369825
1,1,0.6303111127772525
1,1,0.5748426256376714
1,1,0.65621223831987
1,1,0.7286193063068069
1,1,0.804403124457846
1,1,0.8512127309672174
1,1,0.7187719141421549
1,1,0.7396473107174935
1,1,0.7556702649771774
1,1,0.7718850138895478
1,1,0.7233420190087203
1,1,0.7164028297969547
1,1,0.6882671697172569
1,1,0.6995822388736606
1,1,0.7320454579603991
1,1,0.7038026915209055
1,1,0.6826144851833975
1,1,0.7289623838274844
1,1,0.6834328671583253
1,1,0.6418312601389482
1,1,0.7399137749303253
1,1,0.7167205419579347
1,1,0.7475715960216914
1,1,0.8007413284703088
1,1,0.7524939553815437
1,1,0.8208898533215577
1,1,0.8645426946560951
1,1,0.8315669126047176
1,1,0.8112556297035609
1,1,0.733084465750288
1,1,0.7207288698596911
1,1,0.7667161671758852
1,1,0.7764323542961015
1,1,0.7903328180519344
1,1,0.798759140087692
1,1,0.7760183310913333
1,1,0.7745077836601396
1,1,0.7502641361490393
1,1,0.738408391272819
1,1,0.6647544309343161
1,1,0.6770274254280065
1,1,0.7784264699311898
1,1,0.7485896448374091
1,1,0.7430907993659307
1,1,0.777853760528346
1,1,0.7703526567763099
1,1,0.7619892781954607
1,1,0.7181512336692247
1,1,0.7276037099227538
1,1,0.7685587013711419
1,1,0.7672776910418267
1,1,0.7380659018719345
1,1,0.7354997042198026
1,1,0.7511549747073747
1,1,0.7239223211141852
1,1,0.7389557122209648
1,1,0.7228520734514811
1,1,0.6987617054596111
1,1,0.7575430637566065
1,1,0.7655350685591875
1,1,0.7135279775930324
1,1,0.7393441700514723
1,1,0.7802524988847328
1,1,0.7501350064702162
1,1,0.718088869717103
1,1,0.7518746567844242
1,1,0.7133940899226409
1,1,0.7079220002481883
1,1,0.7168827185173804
1,1,0.6868863765587266
1,1,0.6979080609336772
1,1,0.7696716129483415
1,1,0.8214804224997304
1,1,0.7652785609859305
1,1,0.7849734781353104
1,1,0.7792017597278951
1,1,0.8142453080094825
1,1,0.8362099758081416
1,1,0.8487539755939566
1,1,0.7470122712633802
1,1,0.7187003289535189
1,1,0.7490628761203895
1,1,0.6516104968132574
1,1,0.7045755186944055
1,1,0.7525003326428947
1,1,0.7830442749675154
1,1,0.8284487609959987
1,1,0.8514532603278109
1,1,0.8484032020690527
1,1,0.8219585206788206
1,1,0.7039662366201195
1,0,0.4936335104846167
1,0,0.4051385668922055
1,0,0.38136240294755064
0,0,0.2697549689238178
0,0,0.20956994187841688
0,0,0.28619528794492227
0,0,0.2204571172078155
0,0,0.20080536892789028
0,0,0.19702781885057008
0,0,0.20111460422561783
0,0,0.24205939611189922
0,0,0.2409770033945824
0,0,0.22747629817806916
0,0,0.2522564689615764
0,0,0.26088647359073713
0,0,0.27539281092151446
0,0,0.1446772704236377
0,0,0.1766217591121522
0,0,0.13698955554432818
0,0,0.13090593561373745
0,0,0.11762908168898328
0,0,0.1588402186994737
0,0,0.16350078821128483
0,0,0.12062753623011929
0,0,0.12580017130169757
0,0,0.16844486431853156
0,0,0.12684427015032976
0,0,0.1346691961988709
0,0,0.1500309779141189
0,0,0.1645773211871096
0,0,0.1452086579559602
0,0,0.11106323890607522
0,0,0.14817178174941584
0,0,0.16496164281584363
0,0,0.15201259063939937
0,0,0.13942091894219474
0,0,0.1690691133609852
0,0,0.15315588149602286
0,0,0.12354017228214874
0,0,0.11290739749021689
0,0,0.12737746800114277
0,0,0.11260314428832639
0,0,0.13905223125052812
0,0,0.12411592517602679
0,0,0.11535637405878947
0,0,0.17745652469817624
0,0,0.1614986532467978
0,0,0.11376326162039645
0,0,0.11763082510980398
0,0,0.12796073701764552
0,0,0.12268493742666527
0,0,0.12151107434778707
0,0,0.14775807068980065
0,0,0.15165316730020628
0,0,0.10828636621391156
0,0,0.09748643416030424
0,0,0.10361595554155595
0,0,0.1595193555110812
0,0,0.11750139458253382
0,0,0.11659692286824981
0,0,0.14142439393907305
0,0,0.10342681905764753
1,1,0.7403072287568322
1,1,0.7222876821673058
1,1,0.7203358073494567
1,1,0.6787852471867635
1,1,0.6849710534114323
1,1,0.7154468231833812
1,1,0.752156974542189
1,1,0.7606038303138511
1,1,0.7480765728399793
1,1,0.7430818530225481
1,1,0.7221081944713598
1,1,0.7169687424294231
1,1,0.7194678126561669
1,1,0.7601293826015761
1,1,0.6757661451555222
1,1,0.6765022638145187
1,1,0.7341043412510101
1,1,0.6804383075259082
1,1,0.7338254248197592
1,1,0.7211000607741097
1,1,0.6283335610449347
1,1,0.6803546345728064
1,1,0.5080238944833357
1,1,0.7865810718896955
1,1,0.7550158453955172
1,1,0.8206891113945596
1,1,0.8318848688917352
1,1,0.8496964788755804
1,1,0.8188939060924616
1,1,0.7659596087648195
1,1,0.813319813414947
1,1,0.8362775841617177
1,1,0.8355992827874005
1,1,0.8389095192477185
1,1,0.8196742782056038
1,1,0.8181441439548474
1,1,0.8423874890445591
1,1,0.823411064281997
1,1,0.8245689826866166
1,1,0.8014195657208752
1,1,0.7675002246423384
1,1,0.7730438136788709
1,1,0.7502769553560996
1,1,0.7340738891545492
1,1,0.7470055027707047
1,1,0.7430022872170042
1,0,0.23313864358335315
1,0,0.23227527839224443
1,0,0.26897717998017767
1,0,0.24495789773865043
1,0,0.20159168460508975
1,0,0.22083159334207306
1,0,0.24382506482539446
1,0,0.24644522008803466
1,0,0.25206796045856383
1,0,0.19133817505045214
1,0,0.1945738049529789
1,0,0.19823810676333062
1,0,0.15466048620295708
1,0,0.15725806268286424
1,0,0.16256146008944472
1,0,0.17821747200236268
1,0,0.19221677449420316
1,0,0.19864516393306014
1,0,0.21934590412475002
1,0,0.21870187343361475
1,0,0.1844467545363905
1,0,0.19742764750517033
1,0,0.2159700452185846
1,0,0.192502266752585
1,0,0.19773876425494494
1,0,0.1984825994129429
1,0,0.20388013405988392
1,0,0.21129400389753428
1,0,0.23200266014151566
1,0,0.26899601908575166
1,0,0.3028976874253608
1,0,0.24985700671962277
1,0,0.2684205468496148
1,0,0.26775325112773873
1,0,0.24774761018241867
1,0,0.2713236447896221
1,0,0.2674070555185942
1,0,0.2571891053649736
1,0,0.2569117085526097
1,0,0.25040184617174716
1,0,0.25944074963014474
1,0,0.278253227999026
1,0,0.23573278537456666
1,0,0.24012659735339195
1,0,0.23070013634144743
1,0,0.19439298856010698
1,0,0.21455961932380646
1,0,0.21511931601293266
1,0,0.22339032591190086
1,0,0.22793699122409128
1,0,0.20101843650923573
1,0,0.23889994587516403
1,0,0.2466109263902248
1,0,0.25615790480320383
1,0,0.2533739442769347
1,0,0.24309749495145927
1,0,0.26553123072753576
1,0,0.23825766319660108
1,0,0.24201050065172094
1,0,0.26454791404652744
1,0,0.25491354461071414
1,0,0.23981367093981054
1,0,0.22541736098190057
1,0,0.2312667637070934
1,0,0.2509972764937019
1,0,0.2662102277291877
1,0,0.28115612145258145
1,0,0.25218575103748364
1,0,0.2756624575569716
1,0,0.26359424950243454
1,0,0.26910128484576346
1,0,0.2715776659390008
1,0,0.2647256328322624
1,0,0.21966139084322225
1,0,0.23063808241245953
1,0,0.2731110291380772
1,0,0.2893494855485415
1,0,0.231122521723945
1,0,0.2105266245816428
1,0,0.2314503344816285
1,0,0.2396550305006676
1,0,0.2832975004126251
1,0,0.2628496927637157
1,0,0.2486464174992566
1,0,0.26241038748930084
1,0,0.21939060888674192
1,0,0.2214922539146523
1,0,0.21614740738935848
1,0,0.2277290238597168
1,0,0.21770855873174677
1,0,0.2150584319700974
1,0,0.24472389945036838
1,0,0.23179124597165998
1,0,0.24427831087536422
1,0,0.21684228151888693
1,0,0.21532382703295014
1,0,0.25193848540021113
1,0,0.25515019596071725
1,0,0.2170492591512455
1,0,0.20244649271676032
1,0,0.20178893232308875
1,0,0.2174790726513067
1,0,0.2090835150169893
1,0,0.24705858090001745
1,0,0.24876670475945864
1,0,0.24089609387263522
1,0,0.23013146727957456
1,0,0.22577969425712582
1,0,0.23549879482550876
1,0,0.23385658084793703
1,0,0.2749607048603977
1,0,0.2570624102806309
1,0,0.24968773782283488
1,0,0.2939526616823701
0,0,0.2850260530971069
0,0,0.3895950505795354
0,0,0.40033022029882864
0,0,0.3838995729826894
0,0,0.41439076828640864
0,0,0.4198967457644357
0,0,0.3884030059316039
0,0,0.4037361670625081
0,0,0.3381000082366248
0,0,0.344188320598888
0,0,0.33133514250417373
0,0,0.3418647622446007
0,0,0.38558326811273697
0,0,0.36195847691949906
0,0,0.38127405582100776
0,0,0.40619413973838703
0,0,0.3585663136021644
0,0,0.3421949211800168
0,0,0.3265671326735646
0,0,0.33600856662294293
0,0,0.4156493361894373
0,0,0.42764892291998535
0,0,0.3688273580808174
0,0,0.31948387189616845
0,0,0.34391115850924303
0,0,0.3928565276624198
0,0,0.41394829229079555
0,0,0.40923862395578664
0,0,0.33854623568648784
0,0,0.39139118519715127
0,0,0.32812371100576626
0,0,0.3281415874033556
0,0,0.29737110369219977
0,0,0.3294543495052259
0,0,0.3316692882859028
0,0,0.3275868590170637
0,0,0.3137260921051385
0,0,0.31815444338785087
0,0,0.3048842082139962
0,0,0.3143240966261321
0,0,0.30192002485041763
0,0,0.31345671236927564
0,0,0.327737090682812
0,0,0.21735564452121087
0,0,0.2794709302691675
0,0,0.2686837383445828
0,0,0.23215381998975157
0,0,0.3035222058678494
0,0,0.28677935070721056
0,0,0.30175703208638943
0,0,0.34252600523269355
0,0,0.31546711131247007
0,0,0.3113852951212289
0,0,0.26313376667099864
0,0,0.3494637278661385
0,0,0.3467555778399921
0,0,0.33745228957438994
0,0,0.25020191538924147
0,0,0.33722998379423763
0,0,0.35788464087824556
0,0,0.29803754882306643
0,0,0.25025959460206953
0,0,0.3789525583179941
0,0,0.3372647568477939
0,0,0.3376263183234145
0,0,0.269601855760594
0,0,0.2614816434274256
0,0,0.28704863749071186
0,0,0.34174286651023655
0,0,0.4171734904465543
0,0,0.33252096414718496
0,0,0.2856376885179769
0,0,0.3699341714663942
0,0,0.33777061859873797
0,0,0.3164565458302215
0,0,0.3351045871374437
0,0,0.2634534070897707
0,0,0.25550605746839816
0,0,0.21610979256676496
0,0,0.2979609978407299
0,0,0.2209467791987935
0,0,0.3031052240945369
0,0,0.2650349685176453
0,0,0.20536962755760077
0,0,0.298345560481812
0,0,0.27257108583796535
0,0,0.2892399437237638
0,0,0.32105000612495915
0,0,0.35997398826376037
0,0,0.3508279725559909
0,0,0.3031070818922229
0,0,0.3322815449811061
0,0,0.33967913488459367
0,0,0.22717472938814867
0,1,0.7668553696692081
0,1,0.7551738545296874
0,1,0.78379604389403
0,1,0.8219908925860488
0,1,0.7897695063549023
0,1,0.7634802496241916
0,1,0.7576047151804971
0,1,0.7683197290962005
0,1,0.7426750236311216
0,1,0.7545545716163634
0,1,0.7249768004907235
0,1,0.7634371985391555
0,1,0.8103137890952624
0,1,0.8339725312409787
0,1,0.7340960785223927
0,1,0.7728677271444729
0,1,0.8005800135363907
0,1,0.8025586104190713
0,1,0.8449674610948067
0,1,0.8525560498916923
0,1,0.8004391001727318
0,1,0.8011839287520465
0,1,0.7255628471627716
1,1,0.7049094278653087
1,1,0.8167586304688551
1,1,0.8417403196574814
1,1,0.805175309380405
1,1,0.8120589434262736
1,1,0.8018399963225573
1,1,0.7559970062438854
1,1,0.7910466736499295
1,1,0.793343672248958
1,1,0.8014390709055458
1,1,0.8414462114509255
1,1,0.8198376188206218
1,1,0.8073230880908357
1,1,0.8295546455942248
1,1,0.7948449994522736
1,1,0.7762931352969973
1,1,0.8212780862021674
1,1,0.8078456241873012
1,1,0.8064835601684212
1,1,0.83046457022495
1,1,0.8011268007561112
1,1,0.7849021311007403
1,1,0.8553014594452484
1,1,0.7969402767323317
1,1,0.8360440728904603
1,1,0.8592482616279044
1,1,0.8058374658111898
1,1,0.8036807670667389
1,1,0.8305915760116594
1,1,0.8364434747436533
1,1,0.843944620369054
1,1,0.7667516577910941
1,1,0.8071040619200436
1,1,0.8050592478755904
1,1,0.7978061584120235
1,1,0.8709699604037248
1,1,0.8702289102756313
1,1,0.843577340534276
1,1,0.831830927318481
1,1,0.8369170114310123
1,1,0.8115644444945012
1,1,0.8329022983711911
1,1,0.7577237388135639
1,1,0.6820572074306093
1,1,0.7714668899471269
1,1,0.5465402338058515
0,1,0.7853444800794953
0,1,0.830299920648274
0,1,0.8417593524909036
0,1,0.8242713918384527
0,1,0.8200962038183495
0,1,0.7009074058479015
0,1,0.7804503719767648
0,1,0.8480655588111532
0,1,0.8205384451246025
0,1,0.808350338013254
0,1,0.815761494576234
0,1,0.8137488878147443
0,1,0.8076906560351413
0,1,0.7844069433596765
0,1,0.8267302744134564
0,1,0.8325987607876766
0,1,0.8283090228137461
0,1,0.8104597187888719
0,1,0.8128654531833134
0,1,0.8313295223815912
0,1,0.8200463964413838
0,1,0.766230168408974
0,1,0.6216525162366507
1,1,0.7367775294827998
1,1,0.7870708723834943
1,1,0.7821748488504611
1,1,0.8289509076700392
1,1,0.8127681877194428
1,1,0.8062832360211146
1,1,0.8309381842745784
1,1,0.8237202305971862
1,1,0.7729502191379437
1,1,0.774998757087573
1,1,0.7723957062151485
1,1,0.8165818022701963
1,1,0.7736656280865133
1,1,0.7523482407313843
1,1,0.7626611454184993
1,1,0.8092662880291631
1,1,0.7154336443788858
1,1,0.5256187172332328
1,0,0.4297626191031601
1,0,0.37311523700478233
1,0,0.3074687061538734
1,0,0.3355613389992761
1,1,0.5561514815889937
0,0,0.18348378717436492
0,0,0.21631426657866107
0,0,0.24831918135482378
0,0,0.24187964064684794
0,0,0.21059869317464927
0,0,0.18461400026231609
0,0,0.21981346217017336
0,0,0.2350969305670264
0,0,0.17897954225054374
0,0,0.17932014214208486
0,0,0.22022631976767626
0,0,0.2024380561635185
0,0,0.24054204131222395
0,0,0.20718233874256875
0,0,0.17556439536946494
0,0,0.23754219369832263
0,0,0.16795097563285386
0,0,0.1665954384585928
0,0,0.19848256717412469
0,0,0.1613804574570916
0,0,0.24243906673449506
0,0,0.26748753897225847
0,0,0.31665956774883103
0,0,0.24822484033305656
0,0,0.2612301703902338
0,0,0.3121633604610663
0,0,0.2624144458077973
0,0,0.32000547332721996
0,0,0.31314407964524255
0,0,0.20603852227992492
0,0,0.33827850661407916
0,0,0.3144602610638745
0,0,0.22186245398897694
0,0,0.22011523888193502
0,0,0.2921195010237348
0,0,0.28447808119894125
0,0,0.24374704312481218
0,0,0.23834040291516426
0,0,0.20745297894600193
0,0,0.22177275920667916
0,0,0.25488940114773784
0,0,0.24212616444551094
0,0,0.24159401775956152
0,0,0.23711478674941017
0,0,0.24795636072590835
0,0,0.26718869559676756
0,0,0.20803020876792128
0,0,0.15551415713240796
0,0,0.21971697146691743
0,0,0.20176708909745433
0,0,0.22919327659463884
0,0,0.25687126654916687
0,0,0.22394133741303876
0,0,0.33660406053287817
0,0,0.2168286571048608
0,0,0.22554611591251836
0,0,0.21763531466154754
0,0,0.23308427432732898
0,0,0.2455628652267682
1,1,0.8087080468937998
1,1,0.8429178568858233
1,1,0.7928851650300254
1,1,0.7910370624263572
1,1,0.8422019681867536
1,1,0.8397468034319145
1,1,0.8015378891267758
1,1,0.7962835848668857
1,1,0.8365168195733578
1,1,0.8259071198946978
1,1,0.812307303743284
1,1,0.780728251915032
1,1,0.7655391713909663
1,1,0.8099025692025085
1,1,0.8373450307154248
1,1,0.7681465185761231
1,1,0.744129438048678
1,1,0.7813559241844561
1,1,0.8535855013217654
1,1,0.8261236123834651
1,1,0.8421515153369762
1,1,0.7837935579063603
1,1,0.6365886999540686
1,1,0.8728302569394528
1,1,0.8571174859411542
1,1,0.8475018727894422
1,1,0.8277264111427133
1,1,0.8420696087607952
1,1,0.8475946386540213
1,1,0.7941314962314908
1,1,0.5439955318673557
1,1,0.7936114907843147
1,1,0.8285118901631604
1,1,0.8579470180011345
1,1,0.8555886814794431
1,1,0.8180955066773723
1,1,0.8866851354071134
1,1,0.8728372656330751
1,1,0.8591501686326833
1,1,0.8655856163676843
1,1,0.8412552475950412
1,1,0.827267211501181
1,1,0.813518359615958
1,1,0.8148512849771662
1,1,0.8412541893404726
1,1,0.8497335086666291
0,0,0.31615664608517224
0,0,0.3497950056292295
0,0,0.2986736454839546
0,0,0.31814486272315134
0,0,0.358774688492641
0,0,0.33551343114421267
0,0,0.32516421871747425
0,0,0.30255296714457414
0,0,0.3147290614225313
0,0,0.3049994541413527
0,0,0.31531571531012104
0,0,0.32747620578417375
0,0,0.33470243634635516
0,0,0.3138364607917369
0,0,0.3463608800634359
0,0,0.296672434597269
0,0,0.3225094850505447
0,0,0.35417917934887433
0,0,0.329515134160495
0,0,0.3726697790604981
0,0,0.342334844000572
0,0,0.3400368682560966
0,0,0.340052174131881
0,0,0.35394311217739327
0,0,0.31501049704784573
0,0,0.38680115603512816
0,0,0.3955664409041534
0,0,0.4058225172764901
0,0,0.3227729431358656
0,0,0.31590271309385265
0,0,0.38264130848591477
0,0,0.3704590099260048
0,0,0.38238200168352265
0,0,0.39972474667432595
0,0,0.31918800032922406
0,0,0.29911170892981714
0,0,0.3979714905342215
0,0,0.35845129542239873
0,0,0.38039568219106307
0,0,0.3525856011981325
0,0,0.40773410062870746
0,0,0.3867116729077004
0,0,0.34847725182478784
0,0,0.3123626193433754
0,0,0.27403787532676804
0,0,0.3146517578402695
0,0,0.317625602077509
0,0,0.3076004243362284
0,0,0.29395786425850423
0,0,0.28665933062548743
0,0,0.2962091301943756
0,0,0.2798314107787879
0,0,0.2244759837708759
0,0,0.27500725511851687
0,0,0.352343511890468
0,0,0.3214917812309503
0,0,0.23842394760410326
0,0,0.23967045122353128
0,0,0.33185587392063554
0,0,0.3261407051354781
0,0,0.2798150137098465
0,0,0.26677538876886897
0,0,0.36117478595728286
0,0,0.34250580900579664
0,0,0.30752133917645424
0,0,0.3622837083287253
0,0,0.39417362180397214
0,0,0.4341207317361631
0,0,0.2090528124892851
0,0,0.20748038367607788
0,0,0.19386367414088482
0,0,0.19531660378457386
0,0,0.18494328125534362
0,0,0.177397747777281
0,0,0.17899456339288766
0,0,0.1572450986333982
0,0,0.1610286586188076
0,0,0.17175992552881095
0,0,0.21833251781935276
0,0,0.20512336621720656
0,0,0.23182828524035176
0,0,0.20871716852034627
0,0,0.19863974669464737
0,0,0.22684536944810027
0,0,0.20684548393637125
0,0,0.18873892536701325
0,0,0.2035480165888272
0,0,0.20819980945852565
0,0,0.20819980945852565
0,0,0.21856312315194798
0,0,0.2393462816716054
0,0,0.3120800991664168
0,0,0.32150926515271555
0,0,0.27479992821311927
0,0,0.358040776504641
0,0,0.3117114669553461
0,0,0.2968051136667658
0,0,0.27241579785994674
0,0,0.25800502620553784
0,0,0.2579586427321927
0,0,0.305247604828125
0,0,0.2922446603822485
0,0,0.22686414670664903
0,0,0.2531728673712685
0,0,0.30700411567538555
0,0,0.2551269095659231
0,0,0.23619406951874
0,0,0.2444726054304527
0,0,0.32968180661288166
0,0,0.25656152609602234
0,0,0.25016943862189756
0,0,0.23722292487607433
0,0,0.23677697572343365
0,0,0.24450928830024776
0,0,0.23598836538818946
0,0,0.24955920607539311
0,0,0.20447239559652253
0,0,0.21460167474620215
0,0,0.20613066204911795
0,0,0.2783732490437506
0,0,0.35390933123528645
0,0,0.2892456994386103
0,0,0.23957096606123213
0,0,0.24059930660546708
0,0,0.3218024119639764
0,0,0.23776878122176895
0,0,0.23564873282097815
0,0,0.22193444667950932
0,0,0.2739768431414861
0,0,0.2706268349061008
0,0,0.2273625108549072
0,0,0.24527320112537151
0,0,0.25511392157197016
0,0,0.26136391244924057
0,0,0.25090448326292264
0,0,0.24886655396674817
0,0,0.2597273715878713
0,0,0.25977398422370945
0,0,0.24002295524689643
0,0,0.2539407510522207
0,0,0.25178317548805457
0,0,0.24855733548375206
0,0,0.23788792559645955
0,0,0.25538961313946745
0,0,0.2627992866044781
0,0,0.24330435692162677
0,0,0.23866212574462636
0,0,0.23628223381330357
0,0,0.24964626670591364
0,0,0.255171115742213
0,0,0.2536585948187525
0,0,0.24296791515290114
0,0,0.2501259275424858
0,0,0.28164009806468004
0,0,0.284954596746936
0,0,0.26719492604406364
0,0,0.2901776678330368
0,0,0.2623440357416452
0,0,0.2540346767053832
0,0,0.27353294894846214
0,0,0.27322887725148604
0,0,0.25302421108018547
0,1,0.7795241129920722
0,1,0.744458815577149
0,1,0.7465600427821941
0,1,0.7642534587107503
0,1,0.7036652299392775
0,1,0.6950396390098357
0,1,0.7504808022122318
0,1,0.7703354544402804
0,1,0.7909846703069996
0,1,0.7686149927581397
0,1,0.756283337992665
0,1,0.7834635030633206
0,1,0.7947419070818158
0,1,0.7758450623607733
0,1,0.8092324866761758
0,1,0.8014053065121522
0,1,0.8202743157579646
0,1,0.8023661359333825
0,1,0.7644994169721706
0,1,0.8176541319550821
0,1,0.7944595041998267
0,1,0.7324316175884595
0,1,0.6038074869371786
1,1,0.762603670031407
1,1,0.8151248387950134
1,1,0.8242207837268676
1,1,0.7984049865596725
1,1,0.7911049985163436
1,1,0.7806996739230272
1,1,0.7998488674679761
1,1,0.8026822785239496
1,1,0.7858506083615151
1,1,0.8026037656510363
1,1,0.8019651328659169
1,1,0.8144339553636832
1,1,0.8179780292204455
1,1,0.8046092692384313
1,1,0.7995635369743174
1,1,0.7582174716775221
1,1,0.8097202583503205
1,1,0.8131733932359776
1,1,0.8118528164488117
1,1,0.806698839499617
1,1,0.7843335082095089
1,1,0.7440240925806605
1,1,0.7543556635662334
0,1,0.6981292415383946
0,1,0.6653280231672908
0,1,0.7067891950557329
0,1,0.754133544179381
0,1,0.730366522446547
0,1,0.7343629497843241
0,1,0.7616309362553428
0,1,0.7037575509401615
0,1,0.6904550581829346
0,1,0.6955801982015275
0,1,0.7464659085750249
0,1,0.7391626504255071
0,1,0.7093985310645716
0,1,0.714799158940039
0,1,0.7205604313209061
0,1,0.7761040399337559
0,1,0.7716984054029493
0,1,0.7646301940647401
0,1,0.7803930006945562
0,1,0.760156382673008
0,1,0.756979763003388
0,1,0.7357130567118035
0,1,0.6289663276755459
1,1,0.7708474862166915
1,1,0.7519239066314642
1,1,0.7420462092465024
1,1,0.7467664430410909
1,1,0.7722291854782394
1,1,0.7600880582824909
1,1,0.7599389652950481
1,1,0.7405781336099053
1,1,0.7707790289351046
1,1,0.7496249411215804
1,1,0.7326748372007276
1,1,0.7478691501400226
1,1,0.7911678239535562
1,1,0.7632171477044288
1,1,0.7789037096551755
1,1,0.7633452432775074
1,1,0.6845626093593985
1,1,0.6769256335654034
1,1,0.7403802095930542
1,1,0.7609612239891058
1,1,0.7435260754046085
1,1,0.6840299804277113
1,1,0.6374597465017883
1,1,0.6844113924049418
1,1,0.7284797376221678
1,1,0.7951621677942581
1,1,0.8085214486809548
1,1,0.7416821713830954
1,1,0.7773554196574392
1,1,0.7625108520294965
1,1,0.6647108570437072
1,1,0.6906002735649146
1,1,0.7375761778210785
1,1,0.7809153762182774
1,1,0.7582826667847438
1,1,0.7166647624917427
1,1,0.7172547997004931
1,1,0.728980126122506
1,1,0.7269356508064061
1,1,0.7619006073228428
1,1,0.7699360480814039
1,1,0.70623760871618
1,1,0.7160500902078999
1,1,0.6254125205383287
1,1,0.5583421360554951
1,1,0.550522180185909
0,0,0.3195702303953735
0,0,0.31339451398124596
0,0,0.32587508601159604
0,0,0.26310242127138295
0,0,0.331222912825652
0,0,0.2785999997652442
0,0,0.2947653501306105
0,0,0.2702772290504802
0,0,0.3280052895771785
0,0,0.3192187652912255
0,0,0.24958868388346062
0,0,0.2900239418970075
0,0,0.28822634941785064
0,0,0.33018414334088136
0,0,0.2923681751879035
0,0,0.3280963476863834
0,0,0.32573968170389633
0,0,0.3303257665993374
0,0,0.3263870754376779
0,0,0.34833526432785084
0,0,0.33588648186863734
0,0,0.33326059800063296
0,0,0.3096315300105267
0,0,0.2991184865912409
0,0,0.31925888144906733
0,0,0.31551685835504234
0,0,0.32228106623115516
0,0,0.31446431713827994
0,0,0.32451989789880464
0,0,0.3312873187559688
0,0,0.3456992356002623
0,0,0.32626244667213217
0,0,0.34360961159459
0,0,0.33130588003113526
0,0,0.3395498787850302
0,0,0.33988093002581765
0,0,0.3251485106886615
0,0,0.3243954625372606
0,0,0.32171751281848526
0,0,0.32262803804081747
0,0,0.3511228875746153
0,0,0.308746009180298
0,0,0.32884567875955306
0,0,0.31852153015346985
0,0,0.2935640893828002
0,0,0.30941383213939155
0,0,0.2979284949005869
0,0,0.29291078836674095
0,0,0.2861381651739629
0,0,0.2824302503663406
0,0,0.27922829629902823
0,0,0.3155410700063141
0,0,0.3190630345846625
0,0,0.30213955972518464
0,0,0.31929626938103756
0,0,0.3061390696357474
0,0,0.33302900353567205
0,0,0.3233680520561812
0,0,0.327940978015415
1,1,0.7077557969039959
1,1,0.7490816917074649
1,1,0.7823870306028955
1,1,0.7898877005838082
1,1,0.8194095082018268
1,1,0.84946061789605
1,1,0.8377300011407668
1,1,0.830157162198215
1,1,0.8020109509871505
1,1,0.7757080096262101
1,1,0.7734796266682777
1,1,0.7975295021499242
1,1,0.7817315816979388
1,1,0.773932079238153
1,1,0.7437664260925372
1,1,0.7392515787576086
1,1,0.7036445129888123
1,1,0.661402622674454
1,1,0.6305625903108845
1,1,0.7829325394802646
1,1,0.8103075008982036
1,1,0.7827055083883552
1,1,0.7082544650259657
1,1,0.8200387660326848
1,1,0.8124176742684485
1,1,0.7844731183965995
1,1,0.7821749434046833
1,1,0.8032920234914362
1,1,0.8108360434134242
1,1,0.8182584377053504
1,1,0.8193283221820173
1,1,0.805753929075851
1,1,0.8229968265997687
1,1,0.8241585459369526
1,1,0.8247502189001688
1,1,0.8167153775102682
1,1,0.8241034204693556
1,1,0.8056570653247435
1,1,0.8126378032453961
1,1,0.7938391049442447
1,1,0.7972510298235048
1,1,0.7985033539948962
1,1,0.8308054464876007
1,1,0.7971436382284983
1,1,0.80586060529042
1,1,0.8220588407601117
0,0,0.19124559918803447
0,0,0.18665303530093103
0,0,0.21730646078760366
0,0,0.21507502073879056
0,0,0.22414374852171587
0,0,0.2187178785685659
0,0,0.21816799444204296
0,0,0.1916029083152958
0,0,0.1920567218738887
0,0,0.20971011057835257
0,0,0.24048313928702203
0,0,0.21478382083820238
0,0,0.19035320969415687
0,0,0.2033538051533619
0,0,0.18642166246745315
0,0,0.19511275516924476
0,0,0.1595434927751453
0,0,0.15099639852206437
0,0,0.15840826485208528
0,0,0.1654306649996118
0,0,0.16076831908974043
0,0,0.2016960149465251
0,0,0.2033741243536295
0,0,0.20451645259384774
0,0,0.19902193880617244
0,0,0.17443102922202677
0,0,0.18310516219626305
0,0,0.16257657905744233
0,0,0.17518899458121692
0,0,0.19873491231136245
0,0,0.2083827489870088
0,0,0.20862769512161086
0,0,0.19799671601900587
0,0,0.2188991085193387
0,0,0.210108000068982
0,0,0.19911633510194807
0,0,0.18619977877708688
0,0,0.1989534494710015
0,0,0.1721402251989187
0,0,0.15240658880714955
0,0,0.14822419461404027
0,0,0.1492951851233995
0,0,0.16952701600129808
0,0,0.16952701600129808
0,0,0.16631463738253852
0,0,0.19141893907287183
0,0,0.18381890254641828
0,0,0.15539900495490191
0,0,0.15217142891219582
0,0,0.14667691066570152
0,0,0.14667691066570152
0,0,0.12050573541394417
0,0,0.14293896653500776
0,0,0.1551184546817028
0,0,0.16887714789980351
0,0,0.17534487997899015
0,0,0.1797336703795398
0,0,0.1818218194419977
0,0,0.20828343992033055
0,0,0.192974285445289
0,0,0.1895754856103324
0,0,0.19011435304666144
0,0,0.18066679075192427
0,0,0.17228607288920864
0,0,0.18611111263086313
0,0,0.16918862556326394
0,0,0.16716307146726933
0,0,0.16690878982250884
0,0,0.2359217282694858
0,0,0.257209134014499
0,0,0.2381871128780592
0,0,0.2270271625899863
0,0,0.23762878463798537
0,0,0.23614611392028678
0,0,0.24893526319721038
0,0,0.244596407768282
0,0,0.2715412020328372
0,0,0.27239426864552035
0,0,0.2744157346699821
0,0,0.25612932638879327
0,0,0.26919349421084493
0,0,0.25682486051612696
0,0,0.26959091057907925
0,0,0.273503295431043
0,0,0.2742399950269735
0,0,0.27849675025213444
0,0,0.33320668235082224
0,0,0.28754941316031674
0,0,0.285496432622703
0,0,0.2984784717751704
0,0,0.29944481076369023
0,0,0.3102531872775658
0,0,0.28733124748892785
0,0,0.2911681685049922
0,0,0.30130412005116314
0,0,0.29157129313242575
0,0,0.3048882133951889
0,0,0.3036960838933169
0,0,0.2791338194469629
0,0,0.2893807034877956
0,0,0.30943917146618594
0,0,0.29221712884027484
0,0,0.2948071818967144
0,0,0.28249722348111794
0,0,0.29958726832405824
0,0,0.32080944488860447
0,0,0.32240066853086374
0,0,0.3152428555656138
0,0,0.29146804052091824
0,0,0.28475397558743204
0,0,0.29995556573021753
0,0,0.286884032281616
0,0,0.3053933450464537
0,0,0.30143382969027316
0,0,0.30148098855599526
0,0,0.34743396964480944
0,0,0.3541068206804991
0,0,0.3712408439061655
0,0,0.39383571449149507
0,0,0.3797344295345874
0,0,0.41333661886872014
0,0,0.39811346640373657
0,0,0.39235333719915255
0,0,0.3583583718222436
0,0,0.37769863734113057
0,0,0.36893032885249644
0,0,0.3489886939339983
0,0,0.3397015509235164
0,0,0.35553848156980467
0,0,0.3611652241562674
0,0,0.34448255303462966
0,0,0.33841974757094934
0,0,0.36836142486103596
0,0,0.3559322757382732
0,0,0.3863912273097229
0,0,0.3952877363641333
0,0,0.345699300518905
0,0,0.3009218380795261
0,0,0.2902233335967507
0,0,0.28727276700646215
0,0,0.3373417853278593
0,0,0.28039894404688404
0,0,0.2648039090401989
0,0,0.26410741049407416
0,0,0.2953169322769455
0,0,0.24895180923849253
0,0,0.2260794073141893
0,0,0.2223264567597526
0,0,0.22065565728110859
0,0,0.24339734151009565
0,0,0.27886441942570334
0,0,0.2444422004564551
0,0,0.23892398016068142
0,0,0.26157676986019374
0,0,0.3016433518048202
0,0,0.2550280254573322
0,0,0.24666788082074562
0,0,0.26082611943979367
0,0,0.306360873144932
0,0,0.2552371175655354
0,0,0.20604633037709685
0,0,0.30205789561967034
0,0,0.3120493891731393
0,0,0.2891158492815057
0,0,0.2701677246674944
0,0,0.30014051840994793
0,0,0.3086529778886061
0,0,0.22474958942424098
0,0,0.21611493447947655
0,0,0.2506447296055001
0,0,0.2897596055208893
0,0,0.22574457469136316
0,0,0.22742581820034705
0,0,0.28359923384729874
0,0,0.25095233905926634
0,0,0.24301619222394077
0,0,0.24811483794251885
0,0,0.2536728374737849
0,0,0.27908680184780504
0,0,0.27914599828549574
0,0,0.31125120161638836
0,0,0.33022444344298696
0,0,0.2559657784616851
0,0,0.25681327770516926
0,0,0.2963653106740157
0,0,0.27212165027089397
0,0,0.2841549973960296
0,0,0.281732575655501
0,0,0.27024838937637485
0,0,0.29758882912699575
0,0,0.28458524026157195
0,0,0.34098424858255577
0,0,0.26265123676771024
0,0,0.2628957086510276
0,0,0.24470160024855436
0,0,0.3129813642629764
0,0,0.2539230610620923
0,0,0.3007188945764991
0,0,0.2748787041388968
0,0,0.24692026393752073
0,0,0.23584151385497243
0,0,0.26435255137363706
0,0,0.29262417279297037
0,0,0.2641664390678376
0,0,0.2373459927855572
0,0,0.25874524700063495
0,0,0.2699438473966108
0,0,0.28392170217101576
1,1,0.6407063228852707
1,1,0.6112424988432498
1,1,0.6186516521754414
1,1,0.6491400521196511
1,1,0.6366231348271205
1,1,0.5974304698489572
1,1,0.6021908771365783
1,1,0.608172402113286
1,1,0.6098294173423595
1,1,0.5988915766284317
1,1,0.6099689852798064
1,1,0.643559338635145
1,1,0.6032735622959322
1,1,0.6184737488550244
1,1,0.6335434203179163
1,1,0.6299856724199426
1,1,0.6709291916626053
1,1,0.6478235167005855
1,1,0.664475708499805
1,1,0.6533322401855163
1,1,0.6571359842236935
1,1,0.6217811871745963
1,1,0.6911253296527943
1,1,0.6375364664402019
1,1,0.6713664585330382
1,1,0.6981476709306018
1,1,0.7566365472982587
1,1,0.7443322827483777
1,1,0.7458690333101097
1,1,0.7828836054471285
1,1,0.7163358224268228
1,1,0.762984253540684
1,1,0.7933394155615856
1,1,0.6432076738325558
1,1,0.6420733467998201
1,1,0.6852778170071345
1,1,0.6908099935145746
1,1,0.7566519282882289
1,1,0.7637041634474251
1,1,0.6347783278119262
1,1,0.6458621058865629
1,1,0.6464623800597122
1,1,0.7306488130937248
1,1,0.6231743028072213
1,1,0.7023060674814614
1,1,0.7070120958647601
1,1,0.6869499216655391
1,1,0.650935260119833
1,1,0.7210752855247677
1,1,0.734579774376147
1,1,0.7046483348319296
1,1,0.6318510855217737
1,1,0.6346306587015363
1,1,0.6496805140854169
1,1,0.5819673293264926
1,1,0.6225665940574066
1,1,0.6232847516500546
1,1,0.6163150317814162
1,1,0.6377491487421565
1,1,0.6361351310305532
1,1,0.630708872540084
1,1,0.6253088809517187
1,1,0.5951244729296942
1,1,0.6103169255317855
1,1,0.6008648233158683
1,1,0.6119183278679562
1,1,0.6086454066486088
1,1,0.6201485314174103
1,1,0.6781848834628036
1,1,0.7043473214075795
1,1,0.7190440706378475
1,1,0.6523043267486186
1,1,0.6521843978273121
1,1,0.7145842720734639
1,1,0.6966965323724424
1,1,0.6840753069225967
1,1,0.7054385955949524
1,1,0.7114389474876631
1,1,0.7264762027911751
1,1,0.7190131381609548
1,1,0.6775313802671425
1,1,0.7439201508982641
1,1,0.7108466712999667
1,1,0.6793664709499535
1,1,0.7197181538118884
1,1,0.6408188681970722
1,1,0.6554327745590308
1,1,0.6662086427124688
1,1,0.6644695892548255
1,1,0.7437486966627178
1,1,0.7483380407735777
1,1,0.7214942081588748
1,1,0.6137234014115227
1,1,0.6086457375554081
1,1,0.617320672168772
1,1,0.6014923180511472
1,1,0.5530155110426712
1,1,0.5752759605479194
1,1,0.5991546370776873
1,1,0.6512799620467219
1,1,0.6746962121596325
1,1,0.6092206869430248
1,1,0.556607977021233
1,1,0.6298619283577088
1,1,0.6377969146248191
1,1,0.6363325622284407
1,1,0.5707854130343537
1,1,0.5775897612973812
1,1,0.623262602083624
1,1,0.5957618766542534
1,1,0.5801869499346163
1,1,0.5761695497263071
1,1,0.609961263075775
1,1,0.5729928439035306
1,1,0.7171265945584656
1,0,0.29159672507001444
1,0,0.26741676895446825
1,0,0.35361361900061206
1,0,0.3209472576860932
1,0,0.32333309362748
1,0,0.4055654128206206
1,0,0.3780637020693888
1,0,0.350374849980522
1,0,0.3540124978226657
1,0,0.33706933917811577
1,0,0.3806688758728602
1,0,0.36190117645141756
1,0,0.3745679466958782
1,0,0.37189635839135504
1,0,0.36731813430387994
1,0,0.3793145543176843
1,0,0.39121076675576527
1,0,0.41673075744257526
1,0,0.3855663380184491
1,0,0.4085729283075603
1,0,0.4068843775344693
1,0,0.414457832821068
1,0,0.3801593874693305
1,0,0.3845989694793402
1,0,0.38566804183133785
1,0,0.40061639851512004
1,0,0.3919478756595342
1,0,0.3895636608398426
1,0,0.40881043728351363
1,0,0.3885649318126741
1,0,0.3794348348682772
1,0,0.3769115171926544
1,0,0.3786241542685914
1,0,0.34041828911134864
1,0,0.34419083980589676
1,0,0.3740513850457965
1,0,0.36765536351006034
1,0,0.36875716575123185
1,0,0.3334453716336002
1,0,0.34204070626632765
1,0,0.3871249058264235
1,0,0.3507732416695418
1,0,0.34500431925428543
1,0,0.3519596495782315
1,0,0.4132087380164586
1,0,0.4100283886990841
1,0,0.36163434471548767
1,0,0.37929711760314505
1,0,0.37837198492262253
1,0,0.3836692325725193
1,0,0.386448820984356
1,0,0.3848559884328892
1,0,0.37814548672334797
1,0,0.368433794968024
1,0,0.37423069827188304
1,0,0.37188019755146806
1,0,0.4067528119029648
1,0,0.41078266171479316
1,0,0.3598641138666851
1,1,0.665456828421582
1,1,0.6249345764785105
1,1,0.5964312305382632
1,1,0.6518109159480158
1,1,0.6093636522108486
1,1,0.59332891790137
1,1,0.692162635007469
1,1,0.6194007381219455
1,1,0.7357689359834403
1,1,0.6994545596589816
1,1,0.7737361887693432
1,1,0.662586798471467
1,1,0.6706177450253318
1,1,0.6627120311056909
1,1,0.6278130023041573
1,1,0.6453252637256003
1,1,0.7083544391797034
1,1,0.7244362831337194
1,1,0.7043264697633069
1,1,0.7197594559349986
1,1,0.6487330515927943
1,1,0.6474909248459895
1,1,0.6372493209220472
1,1,0.6441806145301676
1,1,0.6095927852670878
1,1,0.5866594554064478
1,1,0.5961978730378822
1,1,0.606522245172363
1,1,0.576570779627933
1,1,0.6416889255987113
1,1,0.6352477047430098
1,1,0.645057288389705
1,1,0.6461077454392382
1,1,0.6569401495624043
1,1,0.6577258043781891
1,1,0.6680378352115646
1,1,0.6691694580046067
1,1,0.642495014597637
1,1,0.6794047833384661
1,1,0.685716456988301
1,1,0.6567004851354418
1,1,0.6686436226550757
1,1,0.685053136977849
1,1,0.6987291209176614
1,1,0.6847235851104243
1,1,0.6705190458093834
0,0,0.38216148927563837
0,0,0.3974894734435486
0,0,0.3964233333860801
0,0,0.42260918748656096
0,0,0.396319610200516
0,0,0.3948636797718764
0,0,0.37250056529504616
0,0,0.35608299085862194
0,0,0.35943427442098136
0,0,0.34899577756797073
0,0,0.32830204585710043
0,0,0.3159026444082012
0,0,0.31242702929744115
0,0,0.3275590569463128
0,0,0.3382940825297237
0,0,0.3232950009450728
0,0,0.2930866555001883
0,0,0.27882712782363933
0,0,0.27439328099394134
0,0,0.28217419703068053
0,0,0.29974394340024374
0,0,0.31400373036968543
0,0,0.30637284991772523
0,0,0.3107264184315838
0,0,0.30179710341777777
0,0,0.28048869576165336
0,0,0.2916627026094499
0,0,0.29736508909041187
0,0,0.3311699645558587
0,0,0.3427425926677299
0,0,0.34754585373046815
0,0,0.304875015322514
0,0,0.3087721398316917
0,0,0.2903837789533102
0,0,0.290828181866423
0,0,0.29587355273063354
0,0,0.3150146510783124
0,0,0.3253023507332526
0,0,0.315142007042826
0,0,0.3398726648116449
0,0,0.3182039696207277
0,0,0.3393792319096685
0,0,0.3430791318573221
0,0,0.3427596107444886
0,0,0.30369437179573344
0,0,0.3004820057449758
0,0,0.3229908491356111
0,0,0.30846244344233176
0,0,0.31195102778747397
0,0,0.3147169888590182
0,0,0.30973816803618615
0,0,0.3257158973699555
0,0,0.3386841159359104
0,0,0.32069275975178013
0,0,0.3123683074293579
0,0,0.3249197704239286
0,0,0.32862451267937764
0,0,0.321355670257471
0,0,0.31844918054790267
0,0,0.3279524161960772
0,0,0.32228876104711884
0,0,0.302360035714732
0,0,0.3304153861420729
0,0,0.35823250809187057
0,0,0.36406322259682433
0,0,0.34801905617337964
0,0,0.33486565290420794
0,0,0.32842778192095395
1,0,0.4191205600478469
1,0,0.45192479085413423
1,0,0.4554310874975607
1,0,0.4695267534604025
1,0,0.4334540808099736
1,0,0.4117622242568938
1,0,0.403180675425998
1,0,0.4472274102527692
1,0,0.4477254179770419
1,0,0.4713955607203838
1,0,0.4573255042047879
1,0,0.42751235881864963
1,0,0.42020692779792523
1,0,0.4401591937047963
1,0,0.4372046993973301
1,0,0.4673348821472972
1,0,0.4756284059895694
1,1,0.5041004614959761
1,0,0.4748920816968326
1,0,0.45344316655963574
1,0,0.42567401494205875
1,0,0.4109370482906604
1,0,0.4330575235014145
1,0,0.4278199770642401
1,0,0.4246182056922182
1,0,0.43402183811508926
1,0,0.4590335384217855
1,0,0.45846091412091355
1,0,0.4306325317958654
1,0,0.4366149837034337
1,0,0.4428581791206128
1,0,0.45548163303489003
1,0,0.43852879357259716
1,0,0.43670914351504436
1,0,0.4145224324618875
1,0,0.4029109209998847
1,0,0.4210304250492527
1,0,0.40943741290772706
1,0,0.4094678799267352
1,0,0.41875610027487625
1,0,0.44479588036395623
1,0,0.41504134770690093
1,0,0.39306975582254294
1,0,0.4017372444290092
1,0,0.4118906759560611
1,0,0.38710672893477704
0,0,0.24612697885226262
0,0,0.2845402209211315
0,0,0.28501494434163965
0,0,0.27698733627067357
0,0,0.28863826354016414
0,0,0.2876454397143065
0,0,0.28142059491951543
0,0,0.2949428845198819
0,0,0.32512265021207926
0,0,0.3198727211270121
0,0,0.2935552032318352
0,0,0.3168385340728801
0,0,0.28363137946028294
0,0,0.2860281084460427
0,0,0.29102443480669105
0,0,0.3306028661860314
0,0,0.2812646991664528
0,0,0.3254822377168881
0,0,0.29403857859751326
0,0,0.32226856103376234
0,0,0.27763764188229134
0,0,0.2783655492352035
0,0,0.25473083902593385
0,0,0.24209818864421517
0,0,0.28797153715372703
0,0,0.1931004843251192
0,0,0.23480439924595728
0,0,0.24184885741557893
0,0,0.16111023227944363
0,0,0.17884818625997295
0,0,0.2248799472304711
0,0,0.25126699784075635
0,0,0.25291585177835574
0,0,0.2325342737711809
0,0,0.2731018828607793
0,0,0.20196370812884276
0,0,0.2603481732937416
0,0,0.22401325326171562
0,0,0.2805007535389089
0,0,0.22806195626386175
0,0,0.23729355119561482
0,0,0.24845458257440559
0,0,0.22531462032100666
0,0,0.19263185485945716
0,0,0.1904215234981919
0,0,0.1414989742531244
0,0,0.18277164131174561
0,0,0.3016035368292536
0,0,0.2001699076645074
0,0,0.20987548907261788
0,0,0.2066439237459367
0,0,0.22849067586565538
0,0,0.1875423965213621
0,0,0.20379119615223554
0,0,0.19934974345355666
0,0,0.21451884340284202
0,0,0.19396965142930853
0,0,0.22941991791080357
0,0,0.25884616443737396
0,0,0.20978775033374247
0,0,0.17566153491240422
0,0,0.1721775966191737
0,0,0.17256446736422748
0,0,0.18154721613214722
0,0,0.13777506480199636
0,0,0.15999975454696533
0,0,0.17852814441603201
0,0,0.20197666769473302
0,0,0.15803876062603767
0,0,0.16377235464916562
0,0,0.14120137044764877
0,0,0.23218922736199046
0,0,0.19814328634912942
0,0,0.15263674057281076
0,0,0.11340760625317574
0,0,0.16862540290365513
0,0,0.1628754362691408
0,0,0.20038744460935554
0,0,0.20483895615008255
0,0,0.2795835530084855
0,0,0.2465068184797919
0,0,0.19686899371445205
0,0,0.24235671888774132
0,0,0.1581807294095701
0,0,0.15295849923507315
0,0,0.16037074473399618
0,0,0.18456900383017402
0,0,0.160672950601093
0,0,0.1902718993096132
0,0,0.20274332850277635
0,0,0.14835881939969217
0,0,0.1718746200661839
0,0,0.19914057587677522
0,0,0.2233691626549826
1,1,0.753653086798411
1,1,0.6976947904831658
1,1,0.702314149111852
1,1,0.6579995360486162
1,1,0.6972540487196852
1,1,0.719977062211183
1,1,0.695330980330316
1,1,0.684972127590889
1,1,0.6405078639792411
1,1,0.6622846610842895
1,1,0.6706265250296294
1,1,0.7128844751162994
1,1,0.6657560462870962
1,1,0.6644658240555998
1,1,0.638282917495304
1,1,0.6351952648077244
1,1,0.6481050746199764
1,1,0.6080955911965726
1,1,0.6375031546250092
1,1,0.6279686169624449
1,1,0.6308953324891388
1,1,0.6770262826464579
1,1,0.6591094169905624
1,1,0.7714295115972036
1,1,0.7253953266089878
1,1,0.6101051087740509
1,1,0.616750094070082
1,1,0.658052116156767
1,1,0.6466624526514232
1,1,0.7129460883990554
1,1,0.7414918402023015
1,1,0.7360780653397759
1,1,0.6574770618296972
1,1,0.6117990498323365
1,1,0.6412988062348879
1,1,0.6558224367279287
1,1,0.6419668242783039
1,1,0.6885741658286411
1,1,0.6722152820837496
1,1,0.7119825463406191
1,1,0.705573917643552
1,1,0.685659160443869
1,1,0.6801355924141869
1,1,0.6581118491902125
1,1,0.6757878324894975
1,1,0.7035626432353671
1,1,0.6563064639335404
1,1,0.6384028051396695
1,1,0.6651500206084319
1,1,0.6182090279821173
1,1,0.6177203869355828
1,1,0.6293425816402678
1,1,0.7149003056027385
1,1,0.6465270615797916
1,1,0.6163079101464155
1,1,0.6221276668262594
1,1,0.6150523851742004
1,1,0.6116667943578884
1,1,0.63814821876832
1,1,0.6395998057621289
1,1,0.621290918720279
1,1,0.6574161456932898
1,1,0.6370358394726494
1,1,0.6626748670243642
1,1,0.6451985820608567
1,1,0.600371162529892
1,1,0.5646064248519669
1,1,0.5854802913397074
1,1,0.6590306269050841
1,1,0.7878802038117299
1,1,0.7963081738164335
1,1,0.709658607537194
1,1,0.7076154194089006
1,1,0.7290469784080779
1,1,0.7409646588986348
1,1,0.8001623086640234
1,1,0.7893003145735636
1,1,0.7835944043786349
1,1,0.7909918592155475
1,1,0.7252190374771753
1,1,0.7319416946381142
1,1,0.7819013609319815
1,1,0.7135667636271399
1,1,0.7391710419436248
1,1,0.7582711626265036
1,1,0.767333810090156
1,1,0.7430835665220665
1,1,0.7345522003836658
1,1,0.7861777382742432
1,1,0.745664988107137
1,1,0.7209138367530211
1,1,0.7994307560524408
1,1,0.6372496063773884
1,1,0.6362437951681665
1,1,0.5808412320852397
1,1,0.6000647615011495
1,1,0.5705504034799295
1,1,0.6324570205004788
1,1,0.6078210576596794
1,1,0.6202782928065295
1,1,0.5763522010344062
1,1,0.5327695952522765
1,1,0.5499007257866206
1,1,0.5858080016838609
1,1,0.5763684623637291
1,1,0.582569757284436
1,1,0.636462271656176
1,1,0.603048662560859
1,1,0.6087041548052715
1,1,0.5758705703953413
1,1,0.6307601073187824
1,1,0.6269312944601272
1,1,0.6577899576338424
1,1,0.7410043569711128
1,1,0.7521979786649295
0,0,0.29588757636222535
0,0,0.17941405458381118
0,0,0.2939425944708909
0,0,0.2441146047871964
0,0,0.24879081286509597
0,0,0.296717165764483
0,0,0.2947094547400828
0,0,0.2625487745067307
0,0,0.2818306804508306
0,0,0.2573477129550131
0,0,0.2996619089423666
0,0,0.2540874232322574
0,0,0.24968918235018972
0,0,0.1834206346645378
0,0,0.20396675461560684
0,0,0.2061440959532391
0,0,0.23386188322900472
0,0,0.25223605576547153
0,0,0.25026686889123345
0,0,0.19599363863761504
0,0,0.27670982864982213
0,0,0.27575671220963693
0,0,0.19521755628463164
0,0,0.2460396565094548
0,0,0.17224059614190781
0,0,0.24578861508598826
0,0,0.1889773055688619
0,0,0.21434909764416663
0,0,0.23404869908435968
0,0,0.1855897163201531
0,0,0.23822799885154197
0,0,0.1988035951817124
0,0,0.20296883227432908
0,0,0.2884155322512978
0,0,0.29720219543990783
0,0,0.2077684672140008
0,0,0.27635808623243924
0,0,0.2616392454062488
0,0,0.2199558068227975
0,0,0.35289464201576914
0,0,0.33831048810126974
0,0,0.21066921536040162
0,0,0.20715701700921804
0,0,0.20750597748245192
0,0,0.2426333412308802
0,0,0.23628805563092706
0,0,0.23639369872504015
0,0,0.23826963215669322
0,0,0.25799535729173084
0,0,0.2205265484846428
0,0,0.2642929760434084
0,0,0.2606307861211676
0,0,0.22656943813220692
0,0,0.2502400627768604
0,0,0.19368830658643138
0,0,0.19066935085747297
0,0,0.18736163124296476
0,0,0.25105719085649825
0,0,0.21303769972404418
1,1,0.744134918971405
1,1,0.731849779303122
1,1,0.6767009764636623
1,1,0.6362560496185362
1,1,0.6629018635008633
1,1,0.6700407332566666
1,1,0.7007579185307184
1,1,0.6458373776513433
1,1,0.666998981368469
1,1,0.6866174982588718
1,1,0.6722514553301656
1,1,0.6915416114911193
1,1,0.6345353020683845
1,1,0.6173727639867975
1,1,0.6487125284490907
1,1,0.668506609173861
1,1,0.6543692166850085
1,1,0.6751975396744679
1,1,0.6350261102263713
1,1,0.6549368537306813
1,1,0.7012465633414593
1,1,0.7129011540175368
1,1,0.6296323932306044
1,1,0.6342762851296811
1,1,0.7121014285899878
1,1,0.7156395651024521
1,1,0.7348567368086161
1,1,0.732215182998446
1,1,0.7057213084090379
1,1,0.6614657511411042
1,1,0.6955710799988792
1,1,0.6721376383830243
1,1,0.6925102258939624
1,1,0.7019962424476683
1,1,0.688406026004987
1,1,0.6769909796474001
1,1,0.6741865911003806
1,1,0.6780238912544457
1,1,0.708247203129298
1,1,0.6571588383799942
1,1,0.6511323134481812
1,1,0.7156457804583607
1,1,0.6876060153725143
1,1,0.6405333812693975
1,1,0.6617527280803276
1,1,0.7163911411960592
1,0,0.2844038334454788
1,0,0.3386361624682933
1,0,0.34282740650239524
1,0,0.3424617206105267
1,0,0.36294000072802446
1,0,0.3331290363298717
1,0,0.32328448807342036
1,0,0.3155342299253179
1,0,0.27397951094341105
1,0,0.2651334541936319
1,0,0.29472334105039155
1,0,0.301022986173694
1,0,0.31177279442835615
1,0,0.31657263936524427
1,0,0.3380258861719943
1,0,0.3191333862316538
1,0,0.2917573796629249
1,0,0.30712817594211134
1,0,0.299709935490805
1,0,0.31339268712976254
1,0,0.3099056684059528
1,0,0.3075509341690237
1,0,0.3362014672044872
1,0,0.3119609226736668
1,0,0.31186427225015945
1,0,0.31116589023460994
1,0,0.3081089465299483
1,0,0.3079896712846916
1,0,0.3373030651887622
1,0,0.31547902940355493
1,0,0.3205877382132895
1,0,0.33007384896483866
1,0,0.30780086988509897
1,0,0.2938436804787267
1,0,0.3322797074448456
1,0,0.3891612724927835
1,0,0.4308515830508567
1,0,0.42578834036065755
1,0,0.385432982107212
1,0,0.3644940405741297
1,0,0.3469636523758976
1,0,0.3724678798483949
1,0,0.3451044759169055
1,0,0.3715436365921623
1,0,0.34603902635681777
1,0,0.3384161796349495
1,0,0.3462418177425308
1,0,0.3930952577196967
1,0,0.3723022706137013
1,0,0.3119282897602245
1,0,0.30328392185097075
1,0,0.288907503309319
1,0,0.2592248579222894
1,0,0.29869248603050697
1,0,0.3309133363641199
1,0,0.3316678329606766
1,0,0.31159158075620547
1,0,0.3114844385208574
1,0,0.3170643484167115
1,0,0.3070225445724171
1,0,0.33326520737484805
1,0,0.2921813217108357
1,0,0.34623594742482433
1,0,0.3173196668736559
1,0,0.3273000176381416
1,0,0.3264600827796494
1,0,0.3341204470723808
1,0,0.34665484365767474
1,0,0.24337379243302773
1,0,0.34013465957905076
1,0,0.2854262673297421
1,0,0.2949668625887237
1,0,0.2800569817835378
1,0,0.28229390754239203
1,0,0.29817845097305257
1,0,0.3212324504308104
1,0,0.3190673404781303
1,0,0.32723192400236484
1,0,0.29487695830605765
1,0,0.29487695830605765
1,0,0.3001559811194976
1,0,0.2769020382585385
1,0,0.30277146061069515
1,0,0.32196822048470913
1,0,0.3184395451932026
1,0,0.28431151748649003
1,0,0.3704666852264172
1,0,0.377363815630255
1,0,0.3841390671667999
1,0,0.3734989277694888
1,0,0.36329080427423704
1,0,0.3690320396235609
1,0,0.351107876226545
1,0,0.33079338970160393
1,0,0.303261593599384
1,0,0.3344783258906909
1,0,0.3229410472988479
1,0,0.30280148082129177
1,0,0.3351215635638381
1,0,0.2984018385664453
1,0,0.2858991658568093
1,0,0.295135730333664
1,0,0.26233848807209337
1,0,0.2622823079801308
1,0,0.24766265553645822
1,0,0.28629991473255045
1,0,0.30248637102649845
1,0,0.31718640970308265
1,0,0.31620741903775235
1,0,0.3380560832312425
1,0,0.29865106544879283
1,0,0.28553086422092266
1,0,0.27176197158167126
1,0,0.30796865783008176
0,0,0.2817418009814633
0,0,0.3027377504736542
0,0,0.26073853072692094
0,0,0.27645213517963696
0,0,0.2821856569252925
0,0,0.27420577052732387
0,0,0.26235284845735185
0,0,0.25851041496188454
0,0,0.28373593485962817
0,0,0.2942491143138231
0,0,0.26246840841195196
0,0,0.2706755299274714
0,0,0.2710517471941678
0,0,0.2769408266791517
0,0,0.2818071351076631
0,0,0.25622574982292246
0,0,0.2452457786741226
0,0,0.2633191437818253
0,0,0.2379882315445304
0,0,0.25734329707793147
0,0,0.2490281822527084
0,0,0.24255393292503477
0,0,0.2464412516684523
0,0,0.2842187441711354
0,0,0.2893631673384667
0,0,0.311926299804452
0,0,0.30063316855758504
0,0,0.3469984685263291
0,0,0.34935293216694574
0,0,0.3472116197332156
0,0,0.36407223434458436
0,0,0.3269494138951488
0,0,0.31494258147897786
0,0,0.3729798463202919
0,0,0.3410517015975409
0,0,0.31191541393036737
0,0,0.2942587093195302
0,0,0.30971957897499147
0,0,0.3083852686833677
0,0,0.3125617943937743
0,0,0.32550888917849136
0,0,0.31644333850714046
0,0,0.35560254702122385
0,0,0.32167900601054233
0,0,0.3270499155653085
0,0,0.3302191598676432
0,0,0.33812119721788436
0,0,0.34072084541665376
0,0,0.34064831313805705
0,0,0.3366939962180443
0,0,0.3193866737378692
0,0,0.3279862464778877
0,0,0.3234332174739678
0,0,0.2855197873685766
0,0,0.27221428920504404
0,0,0.25216272384161553
0,0,0.265453546685555
0,0,0.2600150751927444
0,0,0.27916278981705717
0,0,0.23319994083084467
0,0,0.2620044145880645
0,0,0.3455152640286351
0,0,0.2969836710878596
0,0,0.2578455306248922
0,0,0.2550595843846653
0,0,0.25530222076735254
0,0,0.2509991911798029
0,0,0.24794608665397355
0,0,0.23776012765091878
0,0,0.23738128569571793
0,0,0.25100429557709864
0,0,0.2505162781901175
0,0,0.23340852030172674
0,0,0.19205746420939446
0,0,0.2243647546041502
0,0,0.21250025709849305
0,0,0.22319943872757556
0,0,0.21522661501006102
0,0,0.23750471951781388
0,0,0.22261078806763954
0,0,0.23624078793249342
0,0,0.24424292716901072
0,0,0.25055948218912333
0,0,0.24084711407479908
0,0,0.24832152488332582
0,0,0.24342544191347681
0,0,0.22867925420027174
0,0,0.21037538438084027
0,0,0.19793166038846396
0,0,0.19581724558083427
0,0,0.20463817054054054
0,0,0.2086773427982066
0,0,0.2125392150012366
0,0,0.2234596092045306
0,0,0.29194741471855323
0,0,0.31418715237676414
0,0,0.2773924959746675
0,0,0.27164412975660324
0,0,0.29494006290061525
0,0,0.2918062322253857
0,0,0.2593101274593689
0,0,0.29579928568495356
0,0,0.2864261355390905
0,0,0.2904521440680952
0,0,0.3608584511331131
0,0,0.36526520689513403
0,0,0.36088170324486735
0,0,0.36010310328175604
0,0,0.3689959698886831
0,0,0.3626153007848339
0,0,0.36858243702476
0,0,0.34826624379824933
0,0,0.348377424233515
0,0,0.3226663820545489
0,0,0.35265698946136936
0,0,0.3518077722774246
0,0,0.33802557145299067
0,0,0.38063620816891425
0,0,0.38058873292182677
0,0,0.36292732558328344
0,0,0.3584886239322476
0,0,0.3762470800026677
0,0,0.3767455465233489
0,0,0.41613739886314166
0,0,0.39422209708814704
0,0,0.3527303301829525
0,0,0.33506300388409976
0,0,0.33265672144619474
0,0,0.33155470397289977
0,0,0.31850956767561894
0,0,0.32620069484110387
0,0,0.3404819683651674
0,0,0.34292871031382544
0,0,0.3392072157558888
0,0,0.33459766912802796
0,0,0.3420321549554015
0,0,0.3352267969598966
0,0,0.32468203094958104
0,0,0.33474331485434816
0,0,0.3388263847387449
0,0,0.39403326410570005
0,0,0.3530543652027099
0,0,0.3347273077214685
0,0,0.38315095643744973
0,0,0.3720426864370272
0,0,0.3247712303492763
0,0,0.3625203794395804
0,0,0.3629993894086719
0,0,0.3720069983501329
0,0,0.3840978451964237
0,0,0.4083999955904104
0,0,0.3902086273430873
0,0,0.38609445928263497
0,0,0.38030672133821014
0,0,0.4184986482520493
0,0,0.4030656161601051
0,0,0.39905245569813197
0,0,0.33058243440771007
0,0,0.35543719972843896
0,0,0.36680521237712715
0,0,0.3760801228301281
0,0,0.3751024822611051
0,0,0.37918765660610554
0,0,0.40957149689095507
0,0,0.41968700376653717
0,0,0.4145357129986678
0,0,0.42079797179473055
0,0,0.3584979411964022
0,0,0.3737499320821622
0,0,0.4076872873672398
0,0,0.41481426554969963
0,0,0.4364749297902526
0,0,0.44044864776486087
0,0,0.41990208358202913
0,0,0.40715828409739174
0,0,0.3812867367229789
0,0,0.39767018584669667
0,0,0.39046753450502336
0,0,0.38880344175390663
0,0,0.3866686593790367
0,0,0.39523461424091905
0,0,0.3625299490280727
0,0,0.42434440498980924
0,0,0.3953313650072195
0,0,0.39686507165881535
0,0,0.3402580643800257
0,0,0.40232601643048815
0,0,0.38234765422124567
0,0,0.3606725006712954
0,0,0.34951234319493696
0,0,0.37354152799104057
0,0,0.330057772663875
0,0,0.37101625367011737
0,0,0.4246391911250712
0,0,0.3715195937096456
0,0,0.389819480341705
0,0,0.36514661992968667
0,0,0.38105648924589386
0,0,0.3896107418714565
0,0,0.38348756037058435
0,0,0.43397239206187327
0,0,0.4536151922113516
0,0,0.4196227327890373
0,0,0.3974868234397128
0,0,0.3829903350001053
0,0,0.4167586499419081
0,0,0.39863166484955764
0,0,0.3942661129231332
0,0,0.40718261272268413
0,0,0.4236093815210777
0,0,0.42825350367703585
0,0,0.4360765624799282
0,0,0.4079458940745189
0,0,0.43964844777466205
0,0,0.3910352789044935
0,0,0.37884036381829356
0,0,0.37669288180888055
0,0,0.3845327368756211
0,0,0.4057352791152399
0,0,0.40428882981827335
0,0,0.4355078291132577
0,0,0.4145024899162151
0,0,0.4142383804536018
0,0,0.43403366351357825
0,0,0.416555780877134
0,0,0.40381568330620937
0,0,0.41391043558595186
0,0,0.40024686623224104
0,0,0.4057960737035907
0,0,0.40168888116025164
0,0,0.4161486756879591
0,0,0.3509764148751718
0,0,0.3751968840336202
0,0,0.4168093345013441
0,0,0.43861471078833586
0,0,0.40921881334553445
0,0,0.39419223108045137
0,0,0.3938197531919295
0,0,0.42207529337435645
0,0,0.4155526893998532
0,0,0.4278806954064764
0,0,0.40329133797800587
0,0,0.3982887152795467
0,0,0.3410311762393122
0,0,0.26884680956731183
0,0,0.37483467425361705
0,0,0.3422123579141186
0,0,0.33484078919877835
0,0,0.35631998234824025
0,0,0.38711867662894184
0,0,0.3750494766784394
0,0,0.3699989842957151
0,0,0.36168685630599307
0,0,0.29406010304662955
0,0,0.3626707966401663
0,0,0.3633315097464751
0,0,0.3857477527712203
0,0,0.3950267998650009
0,0,0.39145066340056817
0,0,0.35166766185012216
0,0,0.3937981860150639
0,0,0.39676754235591993
0,0,0.41573858576879824
0,0,0.4620966663923544
0,0,0.428264527089179
0,0,0.40103371039252034
0,0,0.42557838957305305
0,0,0.4407326681899604
0,0,0.3912578695305377
0,0,0.35819997216291943
0,0,0.318433156983473
0,0,0.3371571289101735
0,0,0.3234367704834233
0,0,0.29204935889539174
0,0,0.31780511577891124
0,0,0.3115482445724245
0,0,0.34450523881785794
0,0,0.3837927188989584
0,0,0.36876804082279735
0,0,0.34409153274052784
0,0,0.3445233674778217
0,0,0.3756909016070431
0,0,0.38765042289084645
0,0,0.35974704182781403
0,0,0.35053459209818416
0,0,0.38240304934898284
0,0,0.3923169733642598
0,0,0.3970875662221357
0,0,0.37185738246356637
0,0,0.3635928866049074
0,0,0.3376997646548973
0,0,0.401130910319073
0,0,0.3809065939900844
0,0,0.3919265284481936
0,0,0.4206553378523566
0,0,0.3976582781012394
0,0,0.40593914638274425
0,0,0.3912176094436857
0,0,0.38337127142305627
0,0,0.3979705901897264
0,0,0.3655962686392463
0,0,0.3462549083108967
0,0,0.3330192608503946
0,0,0.3519217921094661
0,0,0.33442584965726313
0,0,0.3211490780448853
0,0,0.34423924752993007
0,0,0.31786780220898003
0,0,0.3405980455851028
0,0,0.35443240094880935
0,0,0.3366523426015632
0,0,0.3204552599757584
0,0,0.33401194999582295
0,0,0.35419995047500075
0,0,0.25158426691728
0,0,0.26672082477672376
0,0,0.2785200982583332
0,0,0.2553226330017169
0,0,0.26721832100869614
0,0,0.2851628140219711
0,0,0.2762236041504164
0,0,0.2723231346020279
0,0,0.26328545203800685
0,0,0.2599002497417819
0,0,0.24999305866381039
0,0,0.26086598957048696
0,0,0.2601029630564335
0,0,0.25195977788158724
0,0,0.2562904340308323
0,0,0.2534730374841573
0,0,0.23833360922809171
0,0,0.2784768792497377
0,0,0.24836484235549888
0,0,0.2516849303166234
0,0,0.2516849303166234
0,0,0.2411059278316049
0,0,0.2496311098424297
0,0,0.2437597452908
0,0,0.22857760686924902
0,0,0.23441152189606393
0,0,0.24000229237344445
0,0,0.23096064384583023
0,0,0.25848126116285686
0,0,0.3092107450057004
0,0,0.3184984456202692
0,0,0.3119439367733102
0,0,0.29474077999669
0,0,0.3082905534689749
0,0,0.3278717511617689
0,0,0.3140846787738643
0,0,0.3096455752633059
0,0,0.3183027399707974
0,0,0.27793677832049907
0,0,0.2863041799528538
0,0,0.286110503493873
0,0,0.286110503493873
0,0,0.2857350358948106
0,0,0.2806338020613476
0,0,0.2779654865993771
0,0,0.2772381582205455
0,0,0.28336345386281825
0,0,0.2862602511527042
0,0,0.2658641274790212
0,0,0.2828763755255281
0,0,0.2792117697898983
0,0,0.280592156287074
0,0,0.2844260286769946
0,0,0.2682361665977668
0,0,0.27363658166451144
0,0,0.27680022066419674
0,0,0.2706390619413255
0,0,0.2701279218180989
0,0,0.2874599902296156
0,0,0.2567788345912775
0,0,0.2681651979014122
0,0,0.261350893551758
0,0,0.26788620590444523
0,0,0.28888143184063053
0,0,0.2565275363159269
0,0,0.2583665423366237
0,0,0.24430384486859386
0,0,0.2663960995884554
0,0,0.27921739738623313
0,0,0.2746446859582029
0,0,0.2527075331672715
0,0,0.2591939837549306
0,0,0.2711861763801365
0,0,0.326921642669114
0,0,0.30319857153564317
0,0,0.269814294850482
0,0,0.3001915751003567
0,0,0.2907020375918245
0,0,0.31916177140055946
0,0,0.3060188838777971
0,0,0.2639410671883202
0,0,0.29450403876482517
0,0,0.297755885063395
0,0,0.27259355570848176
0,0,0.29075462663387314
0,0,0.2964679123168585
0,0,0.30141398313254214
0,0,0.27022995172056613
0,0,0.26441338499038425
0,0,0.2729234679756717
0,0,0.28003107053494963
0,0,0.29265180519979417
0,0,0.29121459281795303
0,0,0.26872194536218813
0,0,0.2821148058832592
0,0,0.26883878987950083
0,0,0.2726251644450598
0,0,0.2529354979930295
0,0,0.27899633802469576
0,0,0.2620622759997454
0,0,0.23990701781482632
0,0,0.2596880457458076
0,0,0.2874498772761451
0,0,0.29022816573143095
0,0,0.26275125151979484
0,0,0.2519123575997146
0,0,0.24170849550679577
0,0,0.2315526208248212
0,0,0.23595396223379064
0,0,0.27572060904006046
0,0,0.23641550136413284
0,0,0.2736414428905919
0,0,0.2841007793172138
0,0,0.27540961803999375
0,0,0.39100199170255595
0,0,0.39100199170255595
0,0,0.39100199170255595
0,0,0.39100199170255595
0,0,0.381446504649966
0,0,0.3900631466221224
0,0,0.39100199170255595
0,0,0.39100199170255595
0,0,0.38238534973039956
0,0,0.381446504649966
0,0,0.39100199170255595
0,0,0.39100199170255595
0,0,0.38238534973039956
0,0,0.39100199170255595
0,0,0.39100199170255595
0,0,0.39100199170255595
0,0,0.39100199170255595
0,0,0.381446504649966
0,0,0.3900631466221224
0,0,0.39100199170255595
0,0,0.39100199170255595
0,0,0.3900631466221224
0,0,0.39100199170255595
0,0,0.39100199170255595
0,0,0.39100199170255595
0,0,0.3900631466221224
0,0,0.3900631466221224
0,0,0.3900631466221224
0,0,0.381446504649966
0,0,0.3900631466221224
0,0,0.3900631466221224
0,0,0.39100199170255595
0,0,0.3900631466221224
0,0,0.3900631466221224
0,0,0.3900631466221224
0,0,0.3900631466221224
0,0,0.3900631466221224
0,0,0.3900631466221224
0,0,0.3900631466221224
0,0,0.3900631466221224
0,0,0.3900631466221224
0,0,0.3900631466221224
0,0,0.3900631466221224
0,0,0.3900631466221224
0,0,0.3900631466221224
0,0,0.3900631466221224
0,0,0.3900631466221224
0,0,0.3900631466221224
0,0,0.3900631466221224
0,0,0.3900631466221224
0,0,0.3900631466221224
0,0,0.3900631466221224
0,0,0.3900631466221224
0,0,0.3900631466221224
0,0,0.3900631466221224
0,0,0.3900631466221224
0,0,0.3900631466221224
0,0,0.3900631466221224
0,0,0.3900631466221224
0,0,0.3900631466221224
0,0,0.3900631466221224
0,0,0.3900631466221224
0,0,0.3900631466221224
0,0,0.3900631466221224
0,0,0.3900631466221224
0,0,0.3900631466221224
0,0,0.3900631466221224
0,0,0.3900631466221224
0,0,0.3900631466221224
0,0,0.3900631466221224
0,0,0.3900631466221224
0,0,0.3900631466221224
0,0,0.3900631466221224
0,0,0.3900631466221224
0,0,0.3900631466221224
0,0,0.3900631466221224
0,0,0.3900631466221224
0,0,0.3900631466221224
0,0,0.3900631466221224
0,0,0.3900631466221224
0,0,0.3900631466221224
0,0,0.3900631466221224
0,0,0.3900631466221224
0,0,0.3900631466221224
0,0,0.3900631466221224
0,0,0.3900631466221224
0,0,0.3900631466221224
0,0,0.3900631466221224
0,0,0.3900631466221224
0,0,0.3900631466221224
0,0,0.3900631466221224
0,0,0.3900631466221224
0,0,0.3900631466221224
0,0,0.3900631466221224
1,1,0.7452394095824679
1,1,0.7199587196090885
1,1,0.6662165421093156
1,1,0.6488227066207224
1,1,0.6656934772926617
1,1,0.6882383884658176
1,1,0.7570114899328128
1,1,0.7421097623065178
1,1,0.7777282342879261
1,1,0.7326696102626454
1,1,0.7121167341547475
1,1,0.7634212727700994
1,1,0.7370926502988039
1,1,0.7101584398841537
1,1,0.718167772988448
1,1,0.734041506345299
1,1,0.6020095221484826
1,1,0.619298919823093
1,1,0.5625104317182089
1,1,0.6261533707117465
1,1,0.6954125827827832
1,1,0.6819885897570142
1,1,0.5394814652796721
1,1,0.6084333966486435
1,1,0.6254101628655314
1,1,0.6650925807090373
1,1,0.6964619801714116
1,1,0.6637729791760175
1,1,0.6404315961923931
1,1,0.5655313605315198
1,1,0.5692532082126782
1,1,0.7272536135568466
1,1,0.6639263380863507
1,1,0.6807707264488114
1,1,0.6017524325734748
1,1,0.5751387601376311
1,1,0.5762313940070952
1,1,0.568862859910062
1,1,0.6428622890749258
1,1,0.6644214293568688
1,1,0.6482255306808389
1,1,0.6244249473814052
1,1,0.6964147492214217
1,1,0.7362133124653778
1,1,0.7267260979224202
1,1,0.728367012936889
1,1,0.6776289452402604
1,1,0.6369567118649002
1,1,0.6069783577139171
1,1,0.6020790395066142
1,1,0.5077581858722298
1,1,0.5877164613558954
1,1,0.7022571270110266
1,1,0.6342731103629858
1,0,0.47970380489243714
1,0,0.4645940288371843
1,0,0.4794221654538926
1,0,0.48570630490137595
1,1,0.6372980503009551
1,1,0.7433357221481327
1,1,0.7499501724765986
1,1,0.7780111995108591
1,1,0.6789213365948686
1,1,0.7454212973982188
1,1,0.7483647878312086
1,1,0.7444587105165827
1,1,0.6398955626619459
1,1,0.625834069823289
1,1,0.6061720363973335
1,1,0.7840475606111026
1,1,0.7914454662325023
1,1,0.7785657046328474
1,1,0.7156708467192517
1,1,0.7208976322080198
1,1,0.7688806366934162
1,1,0.5817736636406018
1,1,0.6192663432249603
1,1,0.7069798462615116
1,1,0.7153280546641437
1,1,0.5663644742423838
1,1,0.5607083393637058
1,1,0.585429984158383
1,1,0.5049464478167179
1,0,0.49208429440184737
1,0,0.4768721864283774
1,1,0.5778215223540653
1,1,0.6560640590273883
1,1,0.5654035107278069
1,1,0.5860561155130525
1,1,0.6061610459091858
1,1,0.6209993466358213
1,1,0.7288866237194576
0,1,0.5960624730745073
0,1,0.5201888248548519
0,1,0.591981950863046
0,1,0.64896776747443
0,1,0.7110119958727524
0,1,0.6519609083831968
0,1,0.7661618932895433
0,1,0.758813508447778
0,1,0.7031155181479843
0,1,0.7200514275830929
0,1,0.764111631318993
0,1,0.7527239804592025
0,1,0.6860358422556034
0,1,0.7699853387507143
0,1,0.5613394996859951
0,1,0.5620138283377595
0,1,0.6116671359743101
0,1,0.6295625546806533
0,1,0.6768572900585446
0,1,0.5676394183957997
0,1,0.5027367039126086
0,1,0.5172576889426324
0,1,0.6647001957153655
0,0,0.35625436063972166
0,0,0.3444960791783479
0,0,0.35698675661719365
0,0,0.33829252978321706
0,0,0.34576793634877107
0,0,0.3480438334197596
0,0,0.31891056636062065
0,0,0.30308526660536544
0,0,0.3313902311860366
0,0,0.3325778505859583
0,0,0.33863059457825434
0,0,0.33579761440130695
0,0,0.36420990360627287
0,0,0.353995210804557
0,0,0.34743998488274436
0,0,0.35833256310952655
0,0,0.35895011056949727
0,0,0.3390721943610294
0,0,0.32427078794653075
0,0,0.3428932592536199
0,0,0.34508548606512307
0,0,0.3217397980925059
0,0,0.3288051794898659
0,0,0.3295732355554536
0,0,0.33237124377998273
0,0,0.33408887308779467
0,0,0.3505669458621952
0,0,0.3630689236804669
0,0,0.3611179873090897
0,0,0.34830718225696217
0,0,0.3440761699864702
0,0,0.33717722200652106
0,0,0.3293029371693615
0,0,0.3433089770064751
0,0,0.35239407410194074
0,0,0.36129695364687003
0,0,0.3638387192157015
0,0,0.35158413502185204
0,0,0.34448609315297696
0,0,0.345316824663401
0,0,0.3330526619978321
0,0,0.3638646593373971
0,0,0.33988670879556887
0,0,0.3499669331770929
0,0,0.379003862806239
0,0,0.35011357631462553
0,0,0.32881716401041566
0,0,0.33242439949748187
0,0,0.3499146306087719
0,0,0.33929292832569174
0,0,0.32737386671375435
0,0,0.33454424402511385
0,0,0.35195893832606695
0,0,0.33585224432417826
0,0,0.3207156375280347
0,0,0.3442411813605488
0,0,0.3464981132186922
0,0,0.35019433636891906
0,0,0.3408642597251321
1,1,0.7597822012369724
1,1,0.7891131275270835
1,1,0.6255321575583163
1,1,0.6232578516968622
1,1,0.6410404737516765
1,1,0.6240897488407127
1,1,0.6473309690111492
1,1,0.6753855669015515
1,1,0.6958179395888195
1,1,0.729009045564892
1,1,0.6575780402887085
1,1,0.6012367682539383
1,1,0.7178241037636064
1,1,0.7245066372491654
1,1,0.7614857731546557
1,1,0.7193452230313946
1,1,0.6304252682636163
1,1,0.5896056711663434
1,1,0.6737060102079466
1,1,0.7090222791611775
1,1,0.7436904936257557
1,1,0.6812836377435444
1,1,0.7201779733195143
1,1,0.7272664820419594
1,1,0.6872444068158449
1,1,0.6350713251348281
1,1,0.6933234392621892
1,1,0.7392739450751309
1,1,0.7515048985441384
1,1,0.6607739655732702
1,1,0.6462496384600932
1,1,0.7228430260356786
1,1,0.6910939120090082
1,1,0.7461805635186756
1,1,0.7126774262313552
1,1,0.761843504652664
1,1,0.7515646606742008
1,1,0.5007869010159968
1,1,0.5276396264912119
1,1,0.5266290685637973
1,1,0.5218942438058929
1,1,0.6627287074056131
1,1,0.7502601043573649
1,1,0.7478107976469778
1,1,0.7405826388830881
1,1,0.5878559136273365
0,0,0.47172304675321525
0,0,0.48129578929145916
0,0,0.47027169587189027
0,0,0.4673756541247027
0,0,0.44098895182689973
0,0,0.42740112847249956
0,0,0.4329843871717983
0,0,0.4335115565880793
0,0,0.48136218907388617
0,1,0.505357097858014
0,1,0.5041055871991243
0,1,0.5161195893071414
0,0,0.46655125439427186
0,0,0.4613755011041266
0,0,0.45555687053291527
0,0,0.42220218283229394
0,0,0.4166752637207287
0,0,0.43810727892660034
0,0,0.4208326805892193
0,0,0.4463240534206951
0,0,0.4060498171285974
0,0,0.3909464777651576
0,0,0.3667748813055992
0,0,0.3744735107681837
0,0,0.3780058126871627
0,0,0.3750323363536341
0,0,0.359443359590438
0,0,0.363946830124365
0,0,0.31922234621208845
0,0,0.34210275600687107
0,0,0.38187965977239025
0,0,0.37050653863540556
0,0,0.3579037340954552
0,0,0.3291183177440606
0,0,0.32532421558613
0,0,0.32656774103779823
0,0,0.3904684991736345
0,0,0.39032007197496016
0,0,0.38866680897877876
0,0,0.3869083273264644
0,0,0.3907867488226677
0,0,0.40023108860133555
0,0,0.408749525729982
0,0,0.408749525729982
0,0,0.408749525729982
0,0,0.4070070416834371
0,0,0.41300665853314067
0,0,0.4083641880357266
0,0,0.40532863751158316
0,0,0.394236271672419
0,0,0.3881797873410811
0,0,0.40091635424882777
0,0,0.3769036179289643
0,0,0.3621906487534716
0,0,0.35735045873753846
0,0,0.34218446842141353
0,0,0.4039257032117903
0,0,0.4251393323447219
0,0,0.41596603714796143
0,0,0.42337006110127157
0,0,0.4354084491175515
0,0,0.43721021616630923
0,0,0.4256341535490338
0,0,0.43041964847704833
0,0,0.3814288833169462
0,0,0.3891731017609312
0,0,0.3962040764119578
0,0,0.40318955997215766
0,0,0.4256020212667792
0,0,0.4100570509736326
0,0,0.3825528913106895
0,0,0.39150810225648847
0,0,0.3795770980588273
0,0,0.3795836367091243
0,0,0.3621357650415797
0,0,0.3793453973335854
0,0,0.49879145024893184
0,0,0.49183126539887956
0,0,0.47434449800401635
0,0,0.4258065937047716
0,0,0.46162524941145777
0,0,0.4706096201127012
0,0,0.47419284808924217
0,0,0.4519089231084111
0,0,0.44065261287800456
0,0,0.4422137497096109
0,0,0.4368573198135233
0,0,0.43295135371402593
0,0,0.46710574015594025
0,0,0.46872883148224886
0,0,0.45894723483362526
0,0,0.4510119522548498
0,0,0.4562018082776367
0,0,0.4351094424384726
0,0,0.44802827533470996
0,0,0.47709435194306965
0,0,0.4692756108090905
0,0,0.456677093698421
0,0,0.4476301747284734
0,0,0.4354434723270849
0,0,0.42514500763276525
0,0,0.4182157079335579
0,0,0.38603417819638147
0,0,0.36726534143156475
0,0,0.39784310080880464
0,0,0.39837839477683884
0,0,0.38290065644090804
0,0,0.4269165745120494
0,0,0.45690539786949586
0,0,0.46396875440430796
0,0,0.445101065945317
0,0,0.3981602195607681
0,0,0.40449800004203046
0,0,0.3885888575518727
0,0,0.24573210231284923
0,0,0.2132885518925407
0,0,0.2181015542681265
0,0,0.18699570102896712
0,0,0.1707890671107279
0,0,0.18601446020130172
0,0,0.21866261062189107
0,0,0.19293565449354194
0,0,0.20994341430398994
0,0,0.21689006190167526
0,0,0.16242874055604234
0,0,0.11673871080510217
0,0,0.16603903919828317
0,0,0.17184073493707505
0,0,0.16827797381251533
0,0,0.16333828342135093
0,0,0.21873097527495042
0,0,0.2251083672210967
0,0,0.19330349628831908
0,0,0.19395137131120285
0,0,0.1881624247242854
0,0,0.26113169708703593
0,0,0.24590236804712137
0,0,0.2567083696384843
0,0,0.28693899157837444
0,0,0.2811807341430281
0,0,0.2770253208888896
0,0,0.2796461310540371
0,0,0.27820243559103763
0,0,0.2413365271344026
0,0,0.22653849910906831
0,0,0.21952196759422868
0,0,0.22554442506494404
0,0,0.23279881398974414
0,0,0.2800244986503711
0,0,0.25429957675288895
0,0,0.18694717297426947
0,0,0.13754040030515802
0,0,0.1573742781080251
0,0,0.1719808668902006
0,0,0.18495452498610448
0,0,0.19599304852855387
0,0,0.2004995399631191
0,0,0.1624573506184827
0,0,0.18737876283740934
0,0,0.20834949138999787
0,0,0.1618360068495653
0,0,0.15246391020205977
0,0,0.20329698944701086
0,0,0.29695515179808735
0,0,0.21690812039088556
0,0,0.16351206344969924
0,0,0.28754240547359816
0,0,0.29859823096217286
0,0,0.2698254340993778
0,0,0.1990619627277682
0,0,0.1771106722298724
0,0,0.19587458686810863
0,0,0.22005102665819481
0,0,0.18840785172879612
0,0,0.21907029027199115
0,0,0.19496915983272678
0,0,0.16192855274160856
0,0,0.1391683506451254
0,0,0.19857547285335608
0,0,0.16614392667130215
0,0,0.13664788758260418
0,0,0.1597704248831099
0,0,0.16581844009480462
0,0,0.23413813352930063
0,0,0.1874762455647937
0,0,0.14383383881281156
0,0,0.21694556246883445
0,0,0.1455290531432467
0,0,0.1248832248563965
0,0,0.15791408115148658
0,0,0.16179921660841157
0,0,0.1989377887789018
0,0,0.22780410460814565
0,0,0.19161395112643975
0,0,0.21904525062112512
0,0,0.18009390426978508
0,0,0.180029725045894
0,0,0.17034353768617777
0,0,0.17686097334534712
0,0,0.16334207119653418
0,0,0.13625537690718573
0,0,0.13415982340904717
0,0,0.1364031566670022
0,0,0.1546081577336839
0,0,0.13825888555349464
0,0,0.14111634576458168
0,0,0.28929553521498436
0,0,0.26122198660865614
1,1,0.8793584561166736
1,1,0.8813328908594142
1,1,0.8671200575261863
1,1,0.8100698720458791
1,1,0.7964264062200604
1,1,0.7908584401165539
1,1,0.8192803298529077
1,1,0.8684462333943889
1,1,0.8899642839367136
1,1,0.8465580481244498
1,1,0.7943207598748633
1,1,0.8273182745944859
1,1,0.8255702071535205
1,1,0.8553531640008817
1,1,0.8478372175869849
1,1,0.8151078475359997
1,1,0.8035043042603742
1,1,0.8505769100702189
1,1,0.7738024741348138
1,1,0.8282190474849294
1,1,0.8407012905038485
1,1,0.8234331533316015
1,1,0.7763921628911894
1,1,0.8793766566667319
1,1,0.8673927038693929
1,1,0.8473342712928797
1,1,0.8612125272479143
1,1,0.8352814057503466
1,1,0.8152331124598117
1,1,0.8013491183012
1,1,0.8022345988665243
1,1,0.7929484826526919
1,1,0.7901242978006547
1,1,0.8358680186787149
1,1,0.8321761601997316
1,1,0.8073946686166241
1,1,0.6997657062171798
1,1,0.556864449701806
1,1,0.5939190199195057
1,1,0.5530642860618304
1,1,0.5059758534886653
1,1,0.6117253953154795
1,1,0.7973980071044926
1,1,0.8032335536297797
1,1,0.7967744811482521
1,1,0.7932362997662449
0,1,0.7969415522296082
0,1,0.8389291618369689
0,1,0.855928701709056
0,1,0.8251187237476101
0,1,0.8270567313319025
0,1,0.8134820359030905
0,1,0.8001880695059016
0,1,0.8045237062007342
0,1,0.8212698477701801
0,1,0.8282865329821348
0,1,0.8189733739548621
0,1,0.8113751426810251
0,1,0.8237378111095326
0,1,0.8418784580804561
0,1,0.8078053439925401
0,1,0.8364481773303909
0,1,0.8195896850706645
0,1,0.8416443843050377
0,1,0.8429372283001215
0,1,0.8122687145186083
0,1,0.8135065995747408
0,1,0.8270490675588006
0,1,0.7450904592728831
1,1,0.8380397018052096
1,1,0.8194710953460705
1,1,0.8435062758984677
1,1,0.8076374307933445
1,1,0.8254860784200985
1,1,0.8325432946592203
1,1,0.841901665858923
1,1,0.8418278111344827
1,1,0.8309693195673181
1,1,0.8314111660523626
1,1,0.8507533790853402
1,1,0.8325403050551293
1,1,0.8215316892444762
1,1,0.8137682515310202
1,1,0.8283294126422719
1,1,0.8312187437865275
1,1,0.8312283468688376
1,1,0.8264391099753743
1,1,0.8002234542833487
1,1,0.8156477645113686
1,1,0.8464010528519994
1,1,0.81660945594
1,1,0.8149763996997589
0,1,0.7883869107088919
0,1,0.7865968087427275
0,1,0.7871283636878759
0,1,0.801423237552577
0,1,0.7824544614088689
0,1,0.7817972090064447
0,1,0.8018990314615827
0,1,0.795783613132123
0,1,0.7847357344713928
0,1,0.7804766852280445
0,1,0.7762853776010585
0,1,0.761198532980279
0,1,0.7794233076480098
0,1,0.7683159935368613
0,1,0.7742824603258913
0,1,0.7796248387309768
0,1,0.7731341613620977
0,1,0.7463982530791679
0,1,0.7695628488138613
0,1,0.7770903178715166
0,1,0.7860658714718276
0,1,0.7686373699068173
0,1,0.7478313258029823
0,0,0.20976571056704008
0,0,0.21371861081489782
0,0,0.1688134231164547
0,0,0.15056761934192
0,0,0.1472102384786074
0,0,0.14374231348642635
0,0,0.14787358171400933
0,0,0.12200686723662602
0,0,0.10417825613526904
0,0,0.11782779643098147
0,0,0.14723989197485976
0,0,0.1354674536992065
0,0,0.1627201189107136
0,0,0.1578829664280948
0,0,0.12758019115786565
0,0,0.15602196917471994
0,0,0.1889234519163966
0,0,0.14729253495075162
0,0,0.1505661354576186
0,0,0.1545917947083979
0,0,0.15151655739587971
0,0,0.16867854197682203
0,0,0.14778450946863944
0,0,0.1434141932796572
0,0,0.14049628302906275
0,0,0.1770065511309761
0,0,0.16624291742642414
0,0,0.15375105021538946
0,0,0.16272753386216043
0,0,0.21729458567320506
0,0,0.20042579933377
0,0,0.25380959864286756
0,0,0.1498735510309868
0,0,0.15467572647401984
0,0,0.16490941960477506
0,0,0.17757251839441468
0,0,0.20618402810711575
0,0,0.16523044617777088
0,0,0.167383538190898
0,0,0.1885207390065038
0,0,0.18597066497001727
0,0,0.19290274133572827
0,0,0.21379777881680428
0,0,0.21520265825168644
0,0,0.19094365363791843
0,0,0.18278070227433033
0,0,0.21661033900114313
0,0,0.1912428926786651
0,0,0.20223192044510488
0,0,0.19049621066901326
0,0,0.2092726634133183
0,0,0.1926107035919563
0,0,0.15750283035531673
0,0,0.16468333164444768
0,0,0.17131374288917797
0,0,0.14873718549035675
0,0,0.16858632523777023
0,0,0.17368796597864264
0,0,0.19379833396241367
1,1,0.7989884189662508
1,1,0.7874320417121617
1,1,0.8174578665570776
1,1,0.8295062113836125
1,1,0.8035992718277736
1,1,0.7990430711440211
1,1,0.798001472895311
1,1,0.8052615634267906
1,1,0.7895461503078658
1,1,0.8128089388345927
1,1,0.8310657964660177
1,1,0.8407452597687199
1,1,0.8255418005862001
1,1,0.818565560919819
1,1,0.8373737823793586
1,1,0.8149659379525339
1,1,0.7814137440186327
1,1,0.7766448778651083
1,1,0.8277860369325138
1,1,0.8027868133330748
1,1,0.790237497370221
1,1,0.8322189334563167
1,1,0.8111235071619355
1,1,0.8233569094622283
1,1,0.8527896062560849
1,1,0.8909167019828681
1,1,0.8596254064517265
1,1,0.8644177034498363
1,1,0.8661140296505717
1,1,0.8720323094319086
1,1,0.8811634673222144
1,1,0.8585848434651245
1,1,0.8467776935458542
1,1,0.8297211216528109
1,1,0.8413397808851308
1,1,0.8434360139777718
1,1,0.8623636659480699
1,1,0.8845194899617485
1,1,0.8896674887399943
1,1,0.8630557267868543
1,1,0.8592286633002862
1,1,0.8632311310133326
1,1,0.8591779842798769
1,1,0.8358975687024431
1,1,0.878272471422113
1,1,0.8310291877727546
0,0,0.25488066985561914
0,0,0.25829377838519113
0,0,0.21657922056821008
0,0,0.177344738941872
0,0,0.2252239034683777
0,0,0.21480330830370348
0,0,0.22075589094024622
0,0,0.240001530510651
0,0,0.2216636924764824
0,0,0.21629156279889178
0,0,0.21160767869898117
0,0,0.21121516472585536
0,0,0.19235773821043067
0,0,0.19857870577063153
0,0,0.22291230705152995
0,0,0.23864007631425976
0,0,0.2439344801352486
0,0,0.2312683616760677
0,0,0.2197020837645149
0,0,0.2309529781148153
0,0,0.23178436635628338
0,0,0.22489724675644443
0,0,0.21671446607945544
0,0,0.2238767001727766
0,0,0.2400564727274259
0,0,0.23501207566566085
0,0,0.2246873109436951
0,0,0.23377781700934758
0,0,0.24210933595206074
0,0,0.24146871573816406
0,0,0.24455593569829573
0,0,0.2349481649735749
0,0,0.22416417215265885
0,0,0.2292220400281901
0,0,0.21608962213753583
0,0,0.22334091583408977
0,0,0.22630277374990043
0,0,0.2252127480583973
0,0,0.19262771704728837
0,0,0.21711683430774106
0,0,0.2338513266467679
0,0,0.22285965791072532
0,0,0.229520805692697
0,0,0.2055073244977543
0,0,0.23593513621215312
0,0,0.25231289769512477
0,0,0.250216416232657
0,0,0.2428782638497912
0,0,0.23093321167627445
0,0,0.2370553067158964
0,0,0.2289215398636096
0,0,0.22388770434632377
0,0,0.2447593476957282
0,0,0.2601134721710277
0,0,0.23868643298832914
0,0,0.23585232700810738
0,0,0.21957654100330615
0,0,0.22752492053802206
0,0,0.2378909369053181
0,0,0.21012987745739659
0,0,0.1881429342993299
0,0,0.18275426226634786
0,0,0.18844489662175828
0,0,0.18799762062026112
0,0,0.21373490337474377
0,0,0.23508233533804535
0,0,0.22951576290040673
0,0,0.22693918550608302
1,0,0.13559461438691378
1,0,0.16249007292324666
1,0,0.1707537072426464
1,0,0.16493247774559275
1,0,0.1728570144075744
1,0,0.18052020558235257
1,0,0.16297701023936548
1,0,0.14806733343352904
1,0,0.1407930478894884
1,0,0.15913925961081357
1,0,0.15684311043872315
1,0,0.1621725072238197
1,0,0.1571444685773741
1,0,0.1797562064528648
1,0,0.19116079955897258
1,0,0.182186611316236
1,0,0.21190385131236664
1,0,0.20418424225569864
1,0,0.16082468359956198
1,0,0.18723477862397103
1,0,0.17717677485349437
1,0,0.1728682568397558
1,0,0.17345956339857033
1,0,0.16975156314868997
1,0,0.18100549910485783
1,0,0.15785565452711825
1,0,0.1513973989979801
1,0,0.1583983221528272
1,0,0.16063208744610347
1,0,0.17649940199506706
1,0,0.1271826536609276
1,0,0.1617017396361051
1,0,0.17484461751708744
1,0,0.14229209623210604
1,0,0.13276518418417135
1,0,0.12318985014615556
1,0,0.1324326848770513
1,0,0.1442409450310748
1,0,0.13642077882197912
1,0,0.1424326841912032
1,0,0.14107462204338833
1,0,0.14663473885662237
1,0,0.15892570318228064
1,0,0.17124832171702578
1,0,0.16082370492579665
1,0,0.1488197184035986
0,0,0.20890323697880017
0,0,0.23269032970973103
0,0,0.22761150265567337
0,0,0.2335780050049085
0,0,0.2176016388221321
0,0,0.22580871533384556
0,0,0.19123898020055805
0,0,0.1832052930214228
0,0,0.22276386519701308
0,0,0.23297503412321593
0,0,0.2826399646018348
0,0,0.3004286799769163
0,0,0.2962102100632668
0,0,0.26984414023809533
0,0,0.28825489145845146
0,0,0.2843815630873722
0,0,0.2950693271449325
0,0,0.305857040664711
0,0,0.27358257086305526
0,0,0.2869069812944632
0,0,0.2517374874302814
0,0,0.31838114340839774
0,0,0.29626838057883176
0,0,0.2574215821637134
0,0,0.2517477236139249
0,0,0.2355718435497825
0,0,0.2598384096018235
0,0,0.2931872035130574
0,0,0.2693990961766814
0,0,0.24457270121501748
0,0,0.22567224626804586
0,0,0.2604402499838607
0,0,0.2550657930553227
0,0,0.25009779407734206
0,0,0.20470260042258492
0,0,0.21639413458156337
0,0,0.2306638852960557
0,0,0.24089750278711308
0,0,0.23275507660487893
0,0,0.22513802884114612
0,0,0.21180831043161252
0,0,0.2267104254126698
0,0,0.20390360151183587
0,0,0.2468959832730394
0,0,0.25213031346828474
0,0,0.2414314772731748
0,0,0.1992399222293032
0,0,0.2314994792923163
0,0,0.21064469782512976
0,0,0.2193470553333797
0,0,0.22750011616230836
0,0,0.23996368528877834
0,0,0.23222444257366337
0,0,0.2505409592232337
0,0,0.2601463429542331
0,0,0.2564235799538098
0,0,0.24236086389988998
0,0,0.2888967126934841
0,0,0.2765515050020166
0,0,0.29332134823836997
0,0,0.30155484685504563
0,0,0.2905217626188457
0,0,0.2825593047393311
0,0,0.28557069256387796
0,0,0.25682085188226916
0,0,0.22438653847440077
0,0,0.25489712150634647
0,0,0.2538234611559617
0,0,0.23963012336644365
0,0,0.24764281096039853
0,0,0.24181799965749243
0,0,0.1858835113157161
0,0,0.202114289986254
0,0,0.23587932796968086
0,0,0.23372605582194939
0,0,0.24913238581915903
0,0,0.2404837656905514
0,0,0.2509104750983249
0,0,0.25212432294107245
0,0,0.24769324948912166
0,0,0.2433120077151492
0,0,0.2939656861181766
0,0,0.2631847793109084
0,0,0.2467648278579512
0,0,0.18840351441489986
0,0,0.21743531456033555
0,0,0.22399879989105959
0,0,0.18831592749028828
0,0,0.21951351093412047
0,0,0.22110274383855824
0,0,0.21338940338324164
0,0,0.24301998199213581
0,0,0.2603471803988052
0,0,0.21576210710185367
1,1,0.615204914250233
1,1,0.5712825702066617
1,1,0.5460319006885918
1,1,0.6251305867705205
1,1,0.6911364464471441
1,1,0.7150477244562714
1,1,0.6517819098462613
1,1,0.5903975255017504
1,1,0.5093464248294238
1,0,0.4619562303627036
1,1,0.5725724631959715
1,1,0.6544344552624431
1,1,0.718063765347019
1,1,0.611977665045646
1,0,0.4502551991877583
1,0,0.37994141668889325
1,0,0.47949039443198205
1,0,0.46419215801780267
1,0,0.36788106526493664
1,0,0.4719127476920098
1,1,0.6173232156027404
1,0,0.4876266019484076
1,0,0.49482158139170196
1,1,0.698870890065106
1,1,0.665597455217538
1,1,0.577676320320202
1,1,0.5107678068588436
1,1,0.6265119959824077
1,1,0.677856156112232
1,1,0.6113451597197992
1,1,0.5523842870406753
1,1,0.520437041985852
1,1,0.5505363427271358
1,1,0.5909665279905241
1,1,0.6175106307817919
1,1,0.568294101374977
1,1,0.591681662060087
1,1,0.5587330777373356
1,1,0.6673630933480104
1,1,0.696537899688946
1,1,0.5577269835169718
1,1,0.5612312480767421
1,1,0.544162637220042
1,1,0.6405378485957166
1,1,0.5045569910602933
1,1,0.5028295577702938
1,1,0.6764179741143218
1,1,0.5963925843075188
1,0,0.49525763509985216
1,0,0.4214387799160218
1,0,0.4120403879393523
1,0,0.39332412506617404
1,0,0.4535304097268542
1,0,0.45354245586875486
1,1,0.6293487174310775
1,1,0.6244778293951159
1,0,0.4818355060438062
1,1,0.5104998575087931
1,1,0.6447297925192992
1,1,0.5387221995986604
1,0,0.46089062677616677
1,1,0.5319140498652714
1,1,0.6840465529743035
1,1,0.6881024228708904
1,0,0.480855714098244
1,1,0.5651329462219354
1,0,0.48667599248360977
1,0,0.47488867178620436
1,1,0.520547848503836
1,1,0.7641038663907145
1,1,0.6441107588741471
1,1,0.5163536899486921
1,0,0.46609568543459257
1,0,0.4330498298110751
1,1,0.544232080135284
1,1,0.6149407677751817
1,1,0.5793183567310024
1,1,0.5494467098271602
1,1,0.5146200628135632
1,1,0.6303269430792322
1,1,0.625964324489242
1,1,0.5803432262715272
1,1,0.6236295384045385
1,1,0.6617974358215922
1,1,0.7017162318219353
1,1,0.6992685040007279
1,1,0.6310855261300885
1,1,0.5218622915545352
1,0,0.45007882633545226
1,1,0.6118356683817538
1,1,0.6133139181350079
1,1,0.5643267544200008
1,1,0.6840394811753834
1,1,0.7548378163969899
1,1,0.6428725020327009
1,1,0.6171193248231469
1,1,0.6128085201008264
1,1,0.5229978710511943
1,1,0.5191625465652172
1,1,0.5820468695568197
1,1,0.5938318980268745
1,1,0.6435797012294328
1,1,0.6017237764040098
1,1,0.6008511236760167
1,1,0.512515121177763
1,0,0.4524672944124763
1,1,0.5130378299155408
1,1,0.6089878853321136
1,1,0.732879549949193
1,1,0.7539006828291634
1,1,0.6696060367789459
1,1,0.584487800825534
1,1,0.6141761875269676
1,1,0.6871555254254812
1,1,0.6119383087737278
0,0,0.18157708712972628
0,0,0.18258282796015216
0,0,0.1821437301762166
0,0,0.16455301228651975
0,0,0.17875675621088308
0,0,0.15834835113905166
0,0,0.1791203280029937
0,0,0.18065989485675576
0,0,0.13262025226669652
0,0,0.15194768518949223
0,0,0.14371987520933246
0,0,0.1499625313146953
0,0,0.1535988283397121
0,0,0.15015693948921982
0,0,0.14483401803539075
0,0,0.13320883737673964
0,0,0.1324179680863241
0,0,0.12662942045008294
0,0,0.09063134509254253
0,0,0.10545108657793124
0,0,0.09357042970713916
0,0,0.08937119585796309
0,0,0.10004384840322818
0,0,0.10408671463948373
0,0,0.0931975104485931
0,0,0.08776586080320663
0,0,0.12570226646133661
0,0,0.11890484696931068
0,0,0.13261049775828848
0,0,0.1550116936008631
0,0,0.15070294533909936
0,0,0.1275531520997542
0,0,0.1337869434990837
0,0,0.13079192531046274
0,0,0.14491029058117966
0,0,0.14850190166815622
0,0,0.16098925093275607
0,0,0.14715493753694975
0,0,0.12292494905986934
0,0,0.08226865060921361
0,0,0.094147308647576
0,0,0.11421080635778823
0,0,0.11025123640703859
0,0,0.1023359469521291
0,0,0.09206826081546979
0,0,0.09226955161351126
0,0,0.10187569418293776
0,0,0.10535100504227196
0,0,0.10894145306357972
0,0,0.10954946632150722
0,0,0.1128553965025078
0,0,0.11141013337679645
0,0,0.11690720899280584
0,0,0.11405295533007283
0,0,0.14715860205546444
0,0,0.11894443352005464
0,0,0.1403086923499064
0,0,0.1582922426328982
0,0,0.1648090864787053
1,1,0.7657361098146311
1,1,0.6940201742837947
1,1,0.6463657281650498
1,1,0.7132835003039382
1,1,0.63682612592641
1,1,0.6779307202320791
1,1,0.7084619261179875
1,1,0.6049247783192364
1,1,0.6140874829043643
1,1,0.7206000052220668
1,1,0.7207415629903481
1,1,0.7298506577329256
1,1,0.7411787649332819
1,1,0.7250261299736438
1,1,0.7029607770225431
1,1,0.6538617759490087
1,1,0.7284753581362503
1,1,0.8182769286274302
1,1,0.6795446847344349
1,0,0.4764019585779451
1,1,0.6338495460846434
1,1,0.7367385062537554
1,0,0.445174290249979
1,1,0.6538092767010578
1,1,0.6726172418362404
1,1,0.6705144068585287
1,1,0.72064267708803
1,1,0.7393296630950401
1,1,0.6505136768224076
1,1,0.6438981578190693
1,1,0.638236145686857
1,1,0.6214232961229453
1,1,0.5303613587442204
1,1,0.5598504641166595
1,1,0.5740037226013844
1,1,0.6140415222270554
1,1,0.6814096483311477
1,1,0.681899760101504
1,1,0.6880808846798834
1,1,0.7297459065258945
1,1,0.7306997907833105
1,1,0.6697290586553198
1,1,0.6379763704690473
1,1,0.6791941464203336
1,1,0.6712692141490266
1,1,0.7160967524185977
1,0,0.2827353004313454
1,0,0.28945533417052494
1,0,0.2982592652828292
1,0,0.31178864225789155
1,0,0.28760567171982904
1,0,0.28299811366191846
1,0,0.29400358506380175
1,0,0.2953667451649431
1,0,0.30262575761549937
1,0,0.2899005193397779
1,0,0.26613512515663607
1,0,0.27507892224567126
1,0,0.26213779691566086
1,0,0.23421917743491183
1,0,0.24361148761057655
1,0,0.23449981905683356
1,0,0.2556120881227675
1,0,0.26030553195820383
1,0,0.26936780676526234
1,0,0.27047374476875796
1,0,0.24645010552889338
1,0,0.253164231161999
1,0,0.20402610073082278
1,0,0.2112620225676606
1,0,0.19216681290521365
1,0,0.15174531795015025
1,0,0.20870332594828347
1,0,0.21096887849456133
1,0,0.24668559125261574
1,0,0.20552461115520035
1,0,0.21867912929371347
1,0,0.21767061956186115
1,0,0.19037926243579228
1,0,0.223844328369276
1,0,0.25239301756758864
1,0,0.2542621383496502
1,0,0.2661886187637115
1,0,0.26548474240681785
1,0,0.19304141040623235
1,0,0.22168938376214456
1,0,0.239811314645142
1,0,0.2022776581204986
1,0,0.18767595322588115
1,0,0.1996403982732274
1,0,0.2468485695273808
1,0,0.1921633908095352
1,0,0.16051135751287193
1,0,0.17400400333580632
1,0,0.16523147121124965
1,0,0.19280744809918052
1,0,0.16961833764320025
1,0,0.1853974357796268
1,0,0.2069488771635264
1,0,0.17323585141128287
1,0,0.19257830719683425
1,0,0.2076468758822359
1,0,0.24014973305670773
1,0,0.24663083062312918
1,0,0.1477741533961839
1,0,0.15370858744758228
1,0,0.15329909478966933
1,0,0.15766554551254672
1,0,0.14202418997311703
1,0,0.15992972918679985
1,0,0.1547197278155552
1,0,0.1958965701675234
1,0,0.20123358019451307
1,0,0.22921910989443023
1,0,0.1900922289734852
1,0,0.2382659425042131
1,0,0.24071508182924248
1,0,0.21667295568641545
1,0,0.2622170937958116
1,0,0.26492905420671004
1,0,0.2000905251667672
1,0,0.19969301693622607
1,0,0.23712933129384328
1,0,0.2337313068900485
1,0,0.23837374558023783
1,0,0.25436124940685434
1,0,0.2154200880705099
1,0,0.23057407439411062
1,0,0.20973426196128864
1,0,0.20397972485702642
1,0,0.20591084736717158
1,0,0.2327947269931231
1,0,0.22506562712253092
1,0,0.2357133534016654
1,0,0.23323531138331777
1,0,0.20898246024601197
1,0,0.22295600762186576
1,0,0.26161147914674576
1,0,0.2502221336992251
1,0,0.2474616329496617
1,0,0.23155077686067968
1,0,0.23986923084151868
1,0,0.2330884199050655
1,0,0.26792131274374176
1,0,0.24114159535429402
1,0,0.24165081002514868
1,0,0.2422279960711949
1,0,0.23390954209035592
1,0,0.24243696140382678
1,0,0.2630315819358167
1,0,0.24564003768586917
1,0,0.23124979378623384
1,0,0.23519856462150415
1,0,0.22339686230065042
1,0,0.2101851953166063
1,0,0.20091353939678985
1,0,0.21987456310158582
1,0,0.20370994842185783
1,0,0.2608054616764633
1,0,0.22905879315649005
0,0,0.293508894513793
0,0,0.28927813717291007
0,0,0.26466480348632565
0,0,0.2557981106239025
0,0,0.24844020024308475
0,0,0.2694831513768962
0,0,0.2783620282382007
0,0,0.28804397234975704
0,0,0.2886259516751542
0,0,0.2653084422026849
0,0,0.26961966016557853
0,0,0.2783794126199926
0,0,0.2982735193755377
0,0,0.26159616217270487
0,0,0.23559711373144943
0,0,0.23003828815617566
0,0,0.23623573179723906
0,0,0.21422796290211923
0,0,0.25663173098670206
0,0,0.2653893290014863
0,0,0.26843348414134877
0,0,0.2722732562723556
0,0,0.3039227224091008
0,0,0.24184375872562924
0,0,0.2697876581593206
0,0,0.26271266331514237
0,0,0.2464215101277146
0,0,0.2222677686832017
0,0,0.2469640153360498
0,0,0.23192501891172312
0,0,0.2501544348180168
0,0,0.2689568636601287
0,0,0.28102466371383966
0,0,0.25327504192507067
0,0,0.30406226553320637
0,0,0.25086903419701934
0,0,0.2663864689752602
0,0,0.28572004998680306
0,0,0.2691540837681288
0,0,0.26062705670905456
0,0,0.27417074648253587
0,0,0.24524421165368687
0,0,0.2505139909942611
0,0,0.24107403826943577
0,0,0.2649039781294154
0,0,0.2505048197920094
0,0,0.24871165614906354
0,0,0.22190209527338342
0,0,0.2634444033391107
0,0,0.26535881209259654
0,0,0.25000780861679145
0,0,0.2301569960033933
0,0,0.2870384373427509
0,0,0.2854049964665184
0,0,0.24784009850804903
0,0,0.22984036075825942
0,0,0.264150917728465
0,0,0.2448185205966755
0,0,0.22370611459199663
0,0,0.2183271553267461
0,0,0.24608522820482506
0,0,0.2295092696357979
0,0,0.19379969686788942
0,0,0.211162425401808
0,0,0.20481318747080277
0,0,0.23614271459261665
0,0,0.2015022621619159
0,0,0.19109481966621533
0,0,0.21070944372530304
0,0,0.23849417899411487
0,0,0.2157361807253945
0,0,0.19798192340161905
0,0,0.22414291232409017
0,0,0.22374962917004512
0,0,0.19625896395622905
0,0,0.2520131154115911
0,0,0.21531151935116985
0,0,0.26539487091288266
0,0,0.23178031963896578
0,0,0.26223530557681757
0,0,0.22095359475241344
0,0,0.24716163145960432
0,0,0.21845652784064878
0,0,0.2567197621280264
0,0,0.23142688288548488
0,0,0.24896941757062754
0,0,0.253904597021268
0,0,0.21696126172382368
0,0,0.27423428534225747
0,0,0.26397808719656524
0,0,0.2725244789465651
0,0,0.24698237577764856
0,0,0.24286883992810623
0,0,0.24368909171267106
0,1,0.6474190121901724
0,1,0.654767261331878
0,1,0.6614445741125387
0,1,0.6510208496127955
0,1,0.6718280017698625
0,1,0.6496187099351429
0,1,0.6606993641708566
0,1,0.6656847617624005
0,1,0.6604302002413679
0,1,0.6607927872324052
0,1,0.6534989210669072
0,1,0.6516692381405376
0,1,0.6200103779651142
0,1,0.6326470745820385
0,1,0.6442828078238243
0,1,0.6265113541992552
0,1,0.6411791727310465
0,1,0.6726163309906861
0,1,0.6671274692085605
0,1,0.64497084936314
0,1,0.6687583222338611
0,1,0.6401609425145378
0,1,0.6110239874220472
0,1,0.6156118741094739
0,1,0.6525924508429489
0,1,0.6834959556559794
0,1,0.7056701345929385
0,1,0.7109793725778801
0,1,0.7110637575557459
0,1,0.6971070055642207
0,1,0.7117400092306138
0,1,0.6988599179284766
0,1,0.6889736368308086
0,1,0.7002246689111128
0,1,0.7172098162419638
0,1,0.7268197474280612
0,1,0.6991340476780085
0,1,0.7082396219955175
0,1,0.7037593795829048
0,1,0.6756267449762927
0,1,0.7122666926620432
0,1,0.7030408098912296
0,1,0.7134621900741108
0,1,0.7235945399903939
0,1,0.7545566622432864
0,1,0.7235904555900063
1,1,0.7504649272774544
1,1,0.7631651345303655
1,1,0.7528660366333395
1,1,0.7753334338809793
1,1,0.7392859811178316
1,1,0.7573105149772146
1,1,0.7878455821726544
1,1,0.777448613797705
1,1,0.7496766405009556
1,1,0.7533039419016083
1,1,0.761854680322096
1,1,0.7917146428224866
1,1,0.7759241498091235
1,1,0.790706367090412
1,1,0.7853038733419764
1,1,0.7752197231710124
1,1,0.7439519904036739
1,1,0.7322799727825549
1,1,0.7507071539256998
1,1,0.7408245699665644
1,1,0.7340122302801363
1,1,0.7292548986580019
1,1,0.7391076640834602
1,1,0.644886964642503
1,1,0.6399559656743157
1,1,0.6500451980577902
1,1,0.6591192575009043
1,1,0.6546382023053567
1,1,0.6760439909176047
1,1,0.6636092665028224
1,1,0.6706224966136355
1,1,0.6810011743543796
1,1,0.6786241883419071
1,1,0.7946233584953611
1,1,0.8048963905295949
1,1,0.776223070261451
1,1,0.8193847416839647
1,1,0.8093100725274293
1,1,0.8334866384465657
1,1,0.8317159579505846
1,1,0.8326676711406401
1,1,0.8166093669741891
1,1,0.7988519950336973
1,1,0.7739206448738788
1,1,0.8023893305677562
1,1,0.8248935585688827
0,1,0.7234086144979434
0,1,0.727763078510425
0,1,0.7392473348821157
0,1,0.7126642904393402
0,1,0.6649498197301058
0,1,0.6593655356366461
0,1,0.6476121307442345
0,1,0.673319305402986
0,1,0.6856550268463734
0,1,0.6908230543734127
0,1,0.7057998582800225
0,1,0.7103760683101014
0,1,0.672831488907017
0,1,0.6702556657441668
0,1,0.7172128928106161
0,1,0.7182285151660923
0,1,0.7253057168550856
0,1,0.6469719537175584
0,1,0.6465156258451727
0,1,0.6171544549876222
0,1,0.6322690711504791
0,1,0.7357009470940009
0,1,0.8050783024782175
0,0,0.19268409085560795
0,0,0.19386542144080057
0,0,0.21615376474394904
0,0,0.220390447034598
0,0,0.21385610339176656
0,0,0.20617398564533768
0,0,0.2109643076151702
0,0,0.18589963935891557
0,0,0.17873596815911216
0,0,0.1892067936808074
0,0,0.19280141585264177
0,0,0.1804287089788779
0,0,0.19520651162271682
0,0,0.18438427254383594
0,0,0.19212022830711922
0,0,0.17979689060467052
0,0,0.18497602967299362
0,0,0.18440946020060775
0,0,0.1965140226266862
0,0,0.1769960639498459
0,0,0.18646984548584208
0,0,0.17637300478464935
0,0,0.18102164474984647
0,0,0.18613858734103023
0,0,0.1878777647089249
0,0,0.17938632859880152
0,0,0.17071006721354842
0,0,0.18885865664356963
0,0,0.16406298832407218
0,0,0.16472922861109565
0,0,0.16600508666939348
0,0,0.173943864282324
0,0,0.15842048572560102
0,0,0.15245262553484054
0,0,0.16179924475189314
0,0,0.16218822772802877
0,0,0.2032074005777405
0,0,0.17079205410199436
0,0,0.17426736043555877
0,0,0.1711162858938413
0,0,0.16544439721774748
0,0,0.16822800349872277
0,0,0.1653630665720567
0,0,0.14646739424521038
0,0,0.145240009593672
0,0,0.16914452854155043
0,0,0.16528539098417416
0,0,0.16596959098684988
0,0,0.15987327705360005
0,0,0.17040325572646173
0,0,0.15441036086669244
0,0,0.18676057345255806
0,0,0.17276835395909046
0,0,0.16422718237531903
0,0,0.16933772714801648
0,0,0.1426905955021764
0,0,0.14286195853509429
0,0,0.16400351534452207
0,0,0.1581196317748755
1,1,0.7034302404385135
1,1,0.7002854541153897
1,1,0.7171718080833014
1,1,0.7018420087373732
1,1,0.7719784103584715
1,1,0.7480428725696985
1,1,0.7095046108062124
1,1,0.7169343845165977
1,1,0.7343029224851179
1,1,0.7394317922023896
1,1,0.7244944742807868
1,1,0.7109526461170824
1,1,0.7473132627768535
1,1,0.7418198906984864
1,1,0.7301762142359933
1,1,0.732629028897702
1,1,0.7223378137728196
1,1,0.6983672749069864
1,1,0.6873978240207598
1,1,0.7242709961544058
1,1,0.6922342524674613
1,1,0.7213537119018286
1,1,0.6889814300359857
0,1,0.7431470980211732
0,1,0.7385616802499285
0,1,0.7386268231420534
0,1,0.7484440573679251
0,1,0.7381568211945165
0,1,0.7470709178729686
0,1,0.7622225816005943
0,1,0.7602556831502596
0,1,0.7376850107744327
0,1,0.735161057323233
0,1,0.7502315242584621
0,1,0.7393414182979424
0,1,0.7136360710613241
0,1,0.745832641854779
0,1,0.7549295453960002
0,1,0.7579958316529367
0,1,0.7533410430737203
0,1,0.7382165331290064
0,1,0.7186800985054542
0,1,0.722860657912305
0,1,0.7304718919738872
0,1,0.7443258696913213
0,1,0.7627181631271226
0,0,0.20899568020255188
0,0,0.19784653171150868
0,0,0.22046778248892468
0,0,0.2212558876942563
0,0,0.17155734687172342
0,0,0.16814003318141788
0,0,0.18123808344208137
0,0,0.17820554563151778
0,0,0.23168021220313956
0,0,0.1805066640928602
0,0,0.18702354476134
0,0,0.22632759814632256
0,0,0.19613113355709696
0,0,0.2255063807420413
0,0,0.27757926915605935
0,0,0.2792746681286178
0,0,0.2777060654533777
0,0,0.27786128611178573
0,0,0.2742824697988575
0,0,0.2554335328705796
0,0,0.2728777800730813
0,0,0.268987788025937
0,0,0.29714134522344565
0,0,0.29406635272249215
0,0,0.2988577948535853
0,0,0.3071234078785868
0,0,0.2794535407008756
0,0,0.2883410109090682
0,0,0.2935519303962696
0,0,0.2772038803228677
0,0,0.2866785934931736
0,0,0.2880091437473665
0,0,0.26649246908818197
0,0,0.277463497378022
0,0,0.2768771655266839
0,0,0.2772819570599504
0,0,0.28687716552668385
0,0,0.28053915484728154
0,0,0.2685324258547365
0,0,0.281784771054149
0,0,0.27469839945000846
0,0,0.2798907225064775
0,0,0.29459026517486486
0,0,0.28459026517486485
0,0,0.28805010407205617
0,0,0.31039575714544543
0,0,0.19436559164466913
0,0,0.21199403346495557
0,0,0.2073135207542273
0,0,0.2488175065118582
0,0,0.2417945270079317
0,0,0.24555307746182173
0,0,0.22874934364304736
0,0,0.26521211676957224
0,0,0.3348993541110352
0,0,0.33534554881175493
0,0,0.3267582753361106
0,0,0.2305514890258387
0,0,0.20658519740791806
0,0,0.29684449578421473
0,0,0.2778171446103635
0,0,0.18471999205109232
0,0,0.1896281805771479
0,0,0.20969925161188446
0,0,0.20982445829340024
0,0,0.1908435607835856
0,0,0.1921707330055701
0,0,0.19071939770810759
0,0,0.2666706731203947
0,0,0.24968539587425834
0,0,0.24675922768753408
0,0,0.3030422810880716
0,0,0.27429598324041055
0,0,0.19448815248234172
0,0,0.15085194701519497
0,0,0.15541974344111736
0,0,0.1392326855244975
0,0,0.1553077667213804
0,0,0.1422554864900331
0,0,0.10427477333855428
0,0,0.08850608192377013
0,0,0.10714474517435431
0,0,0.13691701240468818
0,0,0.2518950802136312
0,0,0.1462040807109571
0,0,0.1025275286971463
0,0,0.1296282856046034
0,0,0.13650642548389869
0,0,0.14537187294338405
0,0,0.16808667737122826
0,0,0.19850222207324805
0,0,0.14871590363125853
0,0,0.157068265813744
0,0,0.15722681490495247
0,0,0.13119886630030544
0,0,0.1681661434494933
0,0,0.23711991066437058
0,0,0.1997847076107967
0,0,0.13181605952806472
0,0,0.14052576861799648
0,0,0.19052542540776696
0,0,0.20038415099370496
0,0,0.19560135095195963
0,0,0.2194134501193136
0,0,0.27813421929702464
0,0,0.2796512419815078
0,0,0.24976602254220093
0,0,0.24742719342369146
0,0,0.22812607433456059
0,0,0.2744650529382505
0,0,0.2676794055501076
0,0,0.24132290384216176
0,0,0.22833067146327063
0,0,0.2562818189374863
0,0,0.4255786837572281
0,0,0.4255786837572281
0,0,0.4255786837572281
0,0,0.4255786837572281
0,0,0.4255786837572281
0,0,0.4210719971072245
0,0,0.4210719971072245
0,0,0.4255786837572281
0,0,0.4255786837572281
0,0,0.4255786837572281
0,0,0.4255786837572281
0,0,0.4255786837572281
0,0,0.4210719971072245
0,0,0.4210719971072245
0,0,0.4210719971072245
0,0,0.4210719971072245
0,0,0.4255786837572281
0,0,0.4255786837572281
0,0,0.4210719971072245
0,0,0.4210719971072245
0,0,0.4210719971072245
0,0,0.4210719971072245
0,0,0.4255786837572281
0,0,0.4255786837572281
0,0,0.4255786837572281
0,0,0.4255786837572281
0,0,0.4210719971072245
0,0,0.4255786837572281
0,0,0.4255786837572281
0,0,0.4255786837572281
0,0,0.4255786837572281
0,0,0.4255786837572281
0,0,0.4210719971072245
0,0,0.4255786837572281
0,0,0.4255786837572281
0,0,0.4196355568594722
0,0,0.4241422435094758
0,0,0.4196355568594722
0,0,0.4196355568594722
0,0,0.4241422435094758
0,0,0.4241422435094758
0,0,0.4241422435094758
0,0,0.4241422435094758
0,0,0.4196355568594722
0,0,0.4196355568594722
0,0,0.4196355568594722
0,0,0.4196355568594722
0,0,0.4241422435094758
0,0,0.4196355568594722
0,0,0.4241422435094758
0,0,0.4196355568594722
0,0,0.4196355568594722
0,0,0.4196355568594722
0,0,0.4241422435094758
0,0,0.4241422435094758
0,0,0.4196355568594722
0,0,0.4196355568594722
0,0,0.4241422435094758
0,0,0.4241422435094758
0,0,0.4196355568594722
0,0,0.4196355568594722
0,0,0.4196355568594722
0,0,0.4241422435094758
0,0,0.4241422435094758
0,0,0.4241422435094758
0,0,0.4241422435094758
0,0,0.4241422435094758
0,0,0.4241422435094758
0,0,0.4241422435094758
0,0,0.4255786837572281
0,0,0.4241422435094758
0,0,0.4196355568594722
0,0,0.4196355568594722
0,0,0.4241422435094758
0,0,0.4241422435094758
0,0,0.4241422435094758
0,0,0.4196355568594722
0,0,0.4241422435094758
0,0,0.4196355568594722
0,0,0.4196355568594722
0,0,0.4196355568594722
0,0,0.4241422435094758
0,0,0.4241422435094758
0,0,0.4241422435094758
0,0,0.4241422435094758
0,0,0.4255786837572281
0,0,0.4210719971072245
0,0,0.4210719971072245
0,0,0.4255786837572281
0,0,0.4255786837572281
0,0,0.4255786837572281
0,0,0.4196355568594722
0,0,0.4196355568594722
0,0,0.4241422435094758
0,0,0.48517256289503274
0,0,0.48517256289503274
0,0,0.47577373370805837
0,0,0.48517256289503274
0,0,0.48517256289503274
0,0,0.48517256289503274
0,0,0.4775260713828461
0,0,0.4775260713828461
0,0,0.473230961681745
0,0,0.4287553411776868
0,0,0.4255786837572281
0,0,0.4255786837572281
0,0,0.4255786837572281
0,0,0.4210719971072245
0,0,0.4255786837572281
0,0,0.4255786837572281
0,0,0.4255786837572281
0,0,0.4255786837572281
0,0,0.4210719971072245
0,0,0.4210719971072245
0,0,0.4255786837572281
0,0,0.4210719971072245
0,0,0.4210719971072245
1,0,0.4874778642451376
1,0,0.4874778642451376
1,0,0.48517256289503274
1,0,0.48517256289503274
1,0,0.4775260713828461
1,0,0.479831372732951
1,0,0.479831372732951
1,0,0.48517256289503274
1,0,0.4255786837572281
1,0,0.4255786837572281
1,0,0.42530498444530357
1,0,0.427883985107333
1,0,0.4255786837572281
1,0,0.4255786837572281
1,0,0.4255786837572281
1,0,0.473230961681745
1,0,0.48517256289503274
1,0,0.4775260713828461
1,0,0.48517256289503274
1,0,0.42424865452768323
1,0,0.4240706736045579
1,0,0.4229996830951987
1,0,0.4210719971072245
1,0,0.48517256289503274
1,0,0.48517256289503274
1,0,0.48572552657034995
1,0,0.48572552657034995
1,0,0.48572552657034995
1,0,0.4834202252202451
1,0,0.48517256289503274
1,0,0.48517256289503274
1,0,0.47577373370805837
1,0,0.4780790350581633
1,0,0.48572552657034995
1,0,0.48517256289503274
1,0,0.48572552657034995
1,0,0.48572552657034995
1,0,0.4834202252202451
1,0,0.47577373370805837
1,0,0.47577373370805837
1,0,0.48517256289503274
1,0,0.42424865452768323
1,0,0.4210719971072245
1,0,0.4210719971072245
1,0,0.4210719971072245
1,0,0.4210719971072245
1,0,0.48517256289503274
1,0,0.4834202252202451
1,0,0.48517256289503274
1,0,0.48517256289503274
1,0,0.48517256289503274
1,0,0.48517256289503274
1,0,0.4874778642451376
1,0,0.4874778642451376
1,0,0.47147862400695734
1,0,0.42424865452768323
1,0,0.4210719971072245
1,0,0.4210719971072245
1,0,0.4255786837572281
1,0,0.42337729845732935
1,0,0.4255786837572281
1,0,0.4255786837572281
1,0,0.4255786837572281
1,0,0.4287553411776868
1,0,0.4298398036599929
1,0,0.4265539558777881
1,0,0.45838185503642104
1,0,0.4874778642451376
1,0,0.4874778642451376
0,0,0.48517256289503274
0,0,0.48517256289503274
0,0,0.4834202252202451
0,0,0.4874778642451376
0,0,0.4874778642451376
0,0,0.47945375737082024
0,0,0.48517256289503274
0,0,0.48517256289503274
0,0,0.48517256289503274
0,0,0.4874778642451376
0,0,0.4780790350581633
0,0,0.47945375737082024
0,0,0.48517256289503274
0,0,0.48517256289503274
0,0,0.48517256289503274
0,0,0.4780790350581633
0,0,0.4874778642451376
0,0,0.479831372732951
0,0,0.48517256289503274
0,0,0.48517256289503274
0,0,0.48517256289503274
0,0,0.48517256289503274
0,0,0.48517256289503274
0,0,0.479831372732951
0,0,0.4913761722078154
0,0,0.48572552657034995
0,0,0.4775260713828461
0,0,0.48517256289503274
0,0,0.48517256289503274
0,0,0.48517256289503274
0,0,0.479125115519144
0,0,0.4255786837572281
0,0,0.4210719971072245
0,0,0.4210719971072245
0,0,0.42337729845732935
0,0,0.427883985107333
0,0,0.4255786837572281
0,0,0.42337729845732935
0,0,0.42789197041856747
0,0,0.42337729845732935
0,0,0.4210719971072245
0,0,0.42558666906846254
0,0,0.4210719971072245
0,0,0.4210719971072245
0,0,0.4210719971072245
0,0,0.4210719971072245
0,0,0.4255786837572281
0,0,0.4210719971072245
0,0,0.4210719971072245
0,0,0.4210719971072245
0,0,0.4255786837572281
0,0,0.4255786837572281
0,0,0.4210719971072245
0,0,0.4210719971072245
0,0,0.4210719971072245
0,0,0.4210719971072245
0,0,0.4210719971072245
0,0,0.4210719971072245
0,0,0.4210719971072245
0,0,0.4210719971072245
0,0,0.4255786837572281
0,0,0.427883985107333
0,0,0.427883985107333
0,0,0.4255786837572281
0,0,0.4229996830951987
0,0,0.427883985107333
0,0,0.427883985107333
0,0,0.4255786837572281
0,0,0.4210719971072245
0,0,0.4210719971072245
0,0,0.4210719971072245
0,0,0.4255786837572281
0,0,0.427883985107333
0,0,0.4255786837572281
0,0,0.4255786837572281
0,0,0.4210719971072245
0,0,0.42337729845732935
0,0,0.4229996830951987
0,0,0.4255786837572281
0,0,0.4210719971072245
0,0,0.4255786837572281
0,0,0.4210719971072245
1,0,0.48517256289503274
1,0,0.4834202252202451
1,0,0.4874778642451376
1,0,0.4874778642451376
1,0,0.48517256289503274
1,0,0.48517256289503274
1,0,0.4874778642451376
1,0,0.48517256289503274
1,0,0.4874778642451376
1,0,0.4874778642451376
1,0,0.4874778642451376
1,0,0.4345978942199018
1,0,0.42337729845732935
1,0,0.43142123679944305
1,0,0.4359279234494467
1,0,0.427883985107333
1,0,0.427883985107333
1,0,0.4359279234494467
1,0,0.4391045808699054
1,0,0.4423904286521102
1,0,0.44177127394816457
1,0,0.4755362630318499
1,0,0.4874778642451376
1,0,0.48572552657034995
1,0,0.48572552657034995
1,0,0.4834202252202451
1,0,0.48517256289503274
1,0,0.48517256289503274
1,0,0.48517256289503274
1,0,0.48517256289503274
1,0,0.4834202252202451
1,0,0.4775260713828461
1,0,0.48517256289503274
1,0,0.48517256289503274
1,0,0.48517256289503274
1,0,0.47577373370805837
1,0,0.4775260713828461
1,0,0.48517256289503274
1,0,0.47945375737082024
1,0,0.4874778642451376
1,0,0.4874778642451376
1,0,0.48517256289503274
1,0,0.48517256289503274
1,0,0.48517256289503274
1,0,0.4834202252202451
1,0,0.48517256289503274
0,0,0.4255786837572281
0,0,0.4255786837572281
0,0,0.4255786837572281
0,0,0.4210719971072245
0,0,0.4255786837572281
0,0,0.4255786837572281
0,0,0.4255786837572281
0,0,0.4210719971072245
0,0,0.4255786837572281
0,0,0.4255786837572281
0,0,0.4210719971072245
0,0,0.4210719971072245
0,0,0.4255786837572281
0,0,0.4255786837572281
0,0,0.4241422435094758
0,0,0.4241422435094758
0,0,0.4241422435094758
0,0,0.4255786837572281
0,0,0.4255786837572281
0,0,0.4255786837572281
0,0,0.4255786837572281
0,0,0.4255786837572281
0,0,0.4255786837572281
0,0,0.4255786837572281
0,0,0.4255786837572281
0,0,0.4255786837572281
0,0,0.4255786837572281
0,0,0.4255786837572281
0,0,0.4255786837572281
0,0,0.4210719971072245
0,0,0.4210719971072245
0,0,0.4210719971072245
0,0,0.4241422435094758
0,0,0.4196355568594722
0,0,0.4241422435094758
0,0,0.4241422435094758
0,0,0.4210719971072245
0,0,0.4210719971072245
0,0,0.4255786837572281
0,0,0.4255786837572281
0,0,0.4255786837572281
0,0,0.4255786837572281
0,0,0.4255786837572281
0,0,0.4255786837572281
0,0,0.4255786837572281
0,0,0.4255786837572281
0,0,0.4255786837572281
0,0,0.4210719971072245
0,0,0.4255786837572281
0,0,0.4255786837572281
0,0,0.4255786837572281
0,0,0.4255786837572281
0,0,0.4255786837572281
0,0,0.4255786837572281
0,0,0.4255786837572281
0,0,0.4255786837572281
0,0,0.4255786837572281
0,0,0.4210719971072245
0,0,0.4255786837572281
0,0,0.4255786837572281
0,0,0.4255786837572281
0,0,0.4210719971072245
0,0,0.4255786837572281
0,0,0.4255786837572281
0,0,0.4255786837572281
0,0,0.4255786837572281
0,0,0.4287553411776868
0,0,0.43106064252779175
0,0,0.4255786837572281
0,0,0.4255786837572281
0,0,0.4255786837572281
0,0,0.4210719971072245
0,0,0.4255786837572281
0,0,0.4255786837572281
0,0,0.4255786837572281
0,0,0.4255786837572281
0,0,0.4210719971072245
0,0,0.4210719971072245
0,0,0.4241422435094758
0,0,0.4196355568594722
0,0,0.4219408582095771
0,0,0.4219408582095771
0,0,0.4196355568594722
0,0,0.4196355568594722
0,0,0.4196355568594722
0,0,0.4196355568594722
0,0,0.4196355568594722
0,0,0.4241422435094758
0,0,0.4255786837572281
0,0,0.4255786837572281
0,0,0.4255786837572281
0,0,0.4255786837572281
0,0,0.4255786837572281
0,0,0.4255786837572281
0,0,0.4255786837572281
0,0,0.4210719971072245
0,0,0.4255786837572281
0,0,0.4255786837572281
0,0,0.4255786837572281
0,0,0.4255786837572281
0,0,0.4255786837572281
0,0,0.4255786837572281
0,0,0.4255786837572281
0,0,0.4255786837572281
0,0,0.427883985107333
0,0,0.4255786837572281
0,0,0.4210719971072245
0,0,0.4210719971072245
0,0,0.4210719971072245
0,0,0.4196355568594722
0,0,0.4196355568594722
0,0,0.4241422435094758
0,0,0.4241422435094758
0,0,0.4196355568594722
0,0,0.3158051041448165
0,0,0.3010134057155253
0,0,0.2304741347872391
0,0,0.24400758472137632
0,0,0.21136166075928123
0,0,0.2750447601016645
0,0,0.2415916947632032
0,0,0.19044796976325604
0,0,0.20527516041830876
0,0,0.2128063961284801
0,0,0.23181993462775818
0,0,0.29148854777936267
0,0,0.2479327823674171
0,0,0.2719915604006712
0,0,0.14416497922577384
0,0,0.184079383540603
0,0,0.2462979516961262
0,0,0.2533220265954102
0,0,0.21967557610644028
0,0,0.23171281403497546
0,0,0.2351340390782221
0,0,0.21573941110493938
0,0,0.29528047895708914
0,0,0.20562750729240395
0,0,0.20851083101126622
0,0,0.20217184153072595
0,0,0.24608874157706778
0,0,0.2724632093344573
0,0,0.27394460303120294
0,0,0.26247778734879
0,0,0.2763192574376719
0,0,0.21409437752470073
0,0,0.24046142066283518
0,0,0.2347787366499295
0,0,0.22142164581319143
0,0,0.25294696099179464
0,0,0.24886039534995213
0,0,0.1989914083420191
0,0,0.23862462402155618
0,0,0.23591978564256155
0,0,0.2628082652004562
0,0,0.25063794090130836
0,0,0.2715843397492647
0,0,0.18739420035823975
0,0,0.18362569382643748
0,0,0.16514694317968928
0,0,0.1699328993961127
0,0,0.15286197114475067
0,0,0.15604508505221448
0,0,0.1894946755715793
0,0,0.18523863104436733
0,0,0.17592192867684558
0,0,0.1611853878438939
0,0,0.17259058214169914
0,0,0.18118106859451666
0,0,0.16738613681687742
0,0,0.1660374034384021
0,0,0.19789173617281378
0,0,0.17898265044910955
0,0,0.1673253626179063
0,0,0.1852270773768
0,0,0.18005261138363415
0,0,0.18706277631111828
0,0,0.16189982469741185
0,0,0.18476271295044902
0,0,0.22050145960330542
0,0,0.17251257944223994
0,0,0.16389129421437076
0,0,0.17701778570825655
0,0,0.19244976750945486
0,0,0.22109727487747388
0,0,0.19073991376286872
0,0,0.17677044446741408
0,0,0.18751390448802027
0,0,0.22059596776135584
0,0,0.2598261718495496
0,0,0.21678137652030918
0,0,0.18792426349013824
0,0,0.18917508700230076
0,0,0.22245753957627745
0,0,0.21912660222289243
0,0,0.2090341785557969
0,0,0.2026212146059348
0,0,0.1986359426166406
0,0,0.20321886394184963
0,0,0.19201331418759082
0,0,0.19712027887756428
0,0,0.22035709441058035
0,0,0.26102050686361566
0,0,0.17170402801315668
0,0,0.17251221796212657
0,0,0.226431024359184
0,0,0.2126230381405333
0,0,0.24248819551722914
1,1,0.655727132703165
1,1,0.8217802474102698
1,1,0.7312361367105555
1,1,0.6890075418786672
1,1,0.6726696458656914
1,1,0.6630255397606281
1,1,0.6938938924626039
1,1,0.663254062293617
1,1,0.6967364407872719
1,1,0.6709224535699267
1,1,0.7402863819232143
1,1,0.6367985403832084
1,1,0.7881117967050325
1,1,0.8096476024827076
1,1,0.7319027145063844
1,1,0.6924101718855651
1,1,0.7133701475186612
1,1,0.7238104453945333
1,1,0.798852901708433
1,1,0.7586726632424812
1,1,0.7396505409760508
1,1,0.6967205794365579
1,1,0.7676685344085675
1,1,0.7388036149132625
1,1,0.8402720670409329
1,1,0.7898246468067055
1,1,0.7440168959424776
1,1,0.6276470887876191
1,1,0.6310906921682784
1,1,0.7364352850579747
1,1,0.7467707346240101
1,1,0.7053905143657592
1,1,0.5868330528867068
1,1,0.7784277817719654
1,1,0.84588837236366
1,1,0.7550522070941355
1,1,0.7328682574850727
1,1,0.7480124239145879
1,0,0.48685882935230623
1,0,0.33766923495347956
1,1,0.5207837118233202
1,1,0.6650611125348399
1,1,0.6929248167910689
1,1,0.7026559105032999
1,1,0.5892517074951193
1,1,0.6981087428739311
0,1,0.6971669321958183
0,1,0.7014934796951284
0,1,0.777539331610678
0,1,0.7404975399858018
0,1,0.6880820830947434
0,1,0.696147936419628
0,1,0.7037117458112553
0,1,0.6849502297909525
0,1,0.7343365391002995
0,1,0.7273886803709793
0,1,0.7198758709623146
0,1,0.7654201815700971
0,1,0.7408903067861402
0,1,0.7126585785347569
0,1,0.7118591612397038
0,1,0.7125317691649518
0,1,0.7147644965323195
0,1,0.6693220962045898
0,1,0.6929155050582978
0,1,0.7466144375773868
0,1,0.7331370459695209
0,1,0.7165324305768815
0,1,0.7242146209406686
1,1,0.633125997258642
1,1,0.7935736849147106
1,1,0.8376947615044353
1,1,0.8110172620594268
1,0,0.49558914449662245
1,0,0.4635760424934319
1,1,0.5748411194726415
1,1,0.6466251662878696
1,1,0.6851597289495589
1,1,0.6439790501214011
1,1,0.628364717081074
1,1,0.5345271039277332
1,0,0.49593643376010405
1,1,0.6170209519123414
1,1,0.5696179321094906
1,1,0.5413423250131608
1,0,0.4573996425313973
1,1,0.6440354852786876
1,1,0.5900394487910384
1,0,0.3692864788311623
1,1,0.5168393763712829
1,1,0.5148019924426999
1,0,0.4941467492835568
0,1,0.7137625141317134
0,1,0.6906376595340271
0,1,0.5555163763089017
0,1,0.647872548270003
0,1,0.6927148498559552
0,1,0.7316421603551057
0,1,0.6779589072143805
0,1,0.6893313836659659
0,1,0.6892293143709775
0,1,0.6923591336428985
0,1,0.7249414461042893
0,1,0.7231875972829596
0,1,0.7209688894248056
0,1,0.7101224333888
0,1,0.7425075420516042
0,1,0.7696716655773327
0,1,0.7017605509092865
0,1,0.7253152114384556
0,1,0.6989183049680839
0,1,0.6736072487621177
0,0,0.46410300140882577
0,0,0.48111741063665314
0,0,0.47305990410752247
0,0,0.25092750383086726
0,0,0.2593808750446087
0,0,0.24129509532509189
0,0,0.24559520633095236
0,0,0.2112749593565908
0,0,0.2249990375889871
0,0,0.226880586122685
0,0,0.2026961549981565
0,0,0.2199323524467947
0,0,0.2254171499348468
0,0,0.1651344208173543
0,0,0.21022834300071275
0,0,0.21621307923037186
0,0,0.20232613634350344
0,0,0.2338182079462044
0,0,0.2750720036151886
0,0,0.2295666712206061
0,0,0.21049993865616973
0,0,0.188518898328278
0,0,0.18736071862505818
0,0,0.1955377785990336
0,0,0.2243213235758894
0,0,0.22323604059711694
0,0,0.25435162561718605
0,0,0.26881521360210764
0,0,0.2120792182074446
0,0,0.2698956734663346
0,0,0.1874879947734148
0,0,0.2051754266794111
0,0,0.20922627852315806
0,0,0.1913463671990131
0,0,0.17212407928011556
0,0,0.17680897571789353
0,0,0.2000394874654994
0,0,0.18411932987180404
0,0,0.18391187444088328
0,0,0.1870637688350984
0,0,0.17370475814334324
0,0,0.17448171935602413
0,0,0.15330982514858693
0,0,0.22039066257301482
0,0,0.20683080542726817
0,0,0.21728404952883199
0,0,0.21143953543158123
0,0,0.19399120466225386
0,0,0.1992123341884075
0,0,0.18633924806262242
0,0,0.15788513866413167
0,0,0.15916898013310563
0,0,0.1764769390259149
0,0,0.1579240183148912
0,0,0.13364742811814867
0,0,0.16796181009429456
0,0,0.16641644830544805
0,0,0.14190919459071985
0,0,0.14114164846656202
0,0,0.15272529788381847
0,0,0.15577858254121243
0,0,0.15847025642559842
1,1,0.6992936095743425
1,1,0.6537623057195279
1,1,0.7540404166693772
1,1,0.8342148182348308
1,1,0.741042314529693
1,1,0.6759011490822107
1,1,0.7459525351932637
1,1,0.7042290081120691
1,1,0.751942398465377
1,1,0.7007370386634609
1,1,0.6843643458619281
1,1,0.7000092966497814
1,1,0.6668067822218324
1,1,0.6904279607774891
1,1,0.654230880149504
1,1,0.6901725948170635
1,1,0.7187979952509304
1,1,0.7035235275499205
1,1,0.6756618258561881
1,1,0.6660166849404837
1,1,0.6599981960854561
1,1,0.6613657033500422
1,1,0.5948433838637521
1,1,0.7643830661967926
1,1,0.8677992827649119
1,1,0.8354788003475683
1,1,0.8201085172059155
1,1,0.8401170381366357
1,1,0.8306025835152268
1,1,0.8018924144122647
1,1,0.7437051042824683
1,1,0.7229086646127871
1,1,0.7286410765115005
1,1,0.7485166373759529
1,1,0.8027313389999301
1,1,0.8722199147757983
1,1,0.8800766176580592
1,1,0.8091916100271119
1,1,0.8122970774513716
1,1,0.8801960151709028
1,1,0.8899590985685099
1,1,0.8145340327597702
1,1,0.7838740284252897
1,1,0.8581338067139072
1,1,0.7080279320779403
1,1,0.7289824741072691
1,0,0.22352438233427738
1,0,0.2442666519261919
1,0,0.245659642233178
1,0,0.2225831934383968
1,0,0.18174567687877416
1,0,0.2233401332651275
1,0,0.20922389702910174
1,0,0.2148243425434839
1,0,0.22944563424787762
1,0,0.26410469397591574
1,0,0.24776401730485187
1,0,0.2722552145426149
1,0,0.23126390794955018
1,0,0.2234825712598931
1,0,0.26391905322374315
1,0,0.21274682032026884
1,0,0.1863735637461328
1,0,0.23466890666130744
1,0,0.23059966472395962
1,0,0.19012355889950996
1,0,0.18715776814817617
1,0,0.21766569798156474
1,0,0.23378981362449644
1,0,0.2125583140435424
1,0,0.24238030534708505
1,0,0.1873885627395579
1,0,0.21742903252459864
1,0,0.24403908647721909
1,0,0.23115683705350176
1,0,0.23354300400545575
1,0,0.20310799398710344
1,0,0.19733724108722092
1,0,0.21869070413883468
1,0,0.2143298269870462
1,0,0.22543570105729366
1,0,0.23794795106671673
1,0,0.21239289324938
1,0,0.20000297676600748
1,0,0.20041622623384264
1,0,0.22131139935281138
1,0,0.17026126015744258
1,0,0.20109422115298956
1,0,0.19369146821758254
1,0,0.20905487893393773
1,0,0.1884612043427649
1,0,0.19567658711263974
1,0,0.19268769030034363
1,0,0.16074762303759882
1,0,0.17540338203635805
1,0,0.17460581080692106
1,0,0.1836187624824178
1,0,0.24207919583662277
1,0,0.2229405306237669
1,0,0.20465335007874746
1,0,0.19311287247734174
1,0,0.1911376027621488
1,0,0.1631507155454849
1,0,0.1911973158461303
1,0,0.20906135364382827
1,0,0.19849347270463785
1,0,0.17054042221116245
1,0,0.17774878616489562
1,0,0.15280608492715364
1,0,0.19439655198358366
1,0,0.18679085740857526
1,0,0.19199196489211784
1,0,0.18169291969431586
1,0,0.21641047903730523
0,0,0.2586132009028288
0,0,0.2680532082586015
0,0,0.20296157310528984
0,0,0.21601924846759488
0,0,0.2123899917379799
0,0,0.18691628355689985
0,0,0.1795494029531812
0,0,0.1988550146483293
0,0,0.1959647248336232
0,0,0.23872501771819002
0,0,0.2563421299333434
0,0,0.25318132444637004
0,0,0.22122613312885886
0,0,0.21270786373707262
0,0,0.19687842976574932
0,0,0.2034791863106654
0,0,0.17353209088210658
0,0,0.19434807336695947
0,0,0.19137863570318495
0,0,0.18304759254926428
0,0,0.19715439479002794
0,0,0.21449443556162723
0,0,0.20297258760809794
0,0,0.20037362615529591
0,0,0.21031759179006776
0,0,0.19506900836756394
0,0,0.22888348879441853
0,0,0.22409074329075737
0,0,0.23283190944034868
0,0,0.20311660334517476
0,0,0.268791878350393
0,0,0.31848631629199553
0,0,0.3388183938536185
0,0,0.3454061053566814
0,0,0.3053456547291324
0,0,0.2886988205769806
0,0,0.2796251752509569
0,0,0.27098211844350045
0,0,0.2823942413422532
0,0,0.2804902384871831
0,0,0.29912672435760507
0,0,0.24071720567747723
0,0,0.16476611300451488
0,0,0.20547089860130185
0,0,0.2228688322730891
0,0,0.23322465212917132
0,0,0.30664072862788805
0,0,0.33396267207288843
0,0,0.3183905069814823
0,0,0.2685746853984958
0,0,0.24871631000106464
0,0,0.2499607612485325
0,0,0.3233211610574945
0,0,0.31707621343074527
0,0,0.343799055004327
0,0,0.37705475838245595
0,0,0.33644529244024113
0,0,0.3170664688218269
0,0,0.3006685728140131
0,0,0.318036591373361
0,0,0.32166980030789
0,0,0.3347860330391792
0,0,0.3194137910523384
0,0,0.29124563517471613
0,0,0.29794826001873115
0,0,0.3178109475596932
0,0,0.31314184248371646
0,0,0.3142701998076356
0,0,0.32661666293118186
0,0,0.22765205590177262
0,0,0.25540164273155347
0,0,0.26163322462879735
0,0,0.2286723503193832
0,0,0.2459066648964146
0,0,0.25252981709861166
0,0,0.26641119185904727
0,0,0.24492007497300872
0,0,0.22848709214953133
0,0,0.2702808012621565
0,0,0.29700718441980595
0,0,0.28256401147901744
0,0,0.2705571295394486
0,0,0.2734877975983233
0,0,0.27383792538249396
0,0,0.25596772918959326
0,0,0.25705298557899126
0,0,0.2738432637119585
0,0,0.2903553731772004
0,0,0.27981908900914304
0,0,0.26184322762821066
0,0,0.28438404669022793
0,0,0.2916166624641183
0,0,0.28389295331175296
0,0,0.22663823792076493
0,0,0.20248493631992237
0,0,0.210152166105987
0,0,0.2168591397836787
0,0,0.21477773529092148
0,0,0.2468283683515531
0,0,0.2592757734930019
0,0,0.2580922756912689
0,0,0.23621607740320535
0,0,0.2337888673329203
0,0,0.20048626132581301
0,0,0.14098218501277743
0,0,0.1591814386043073
0,0,0.17217968892903918
0,0,0.18415787023666116
0,0,0.2004072216346933
0,0,0.20302230709539773
0,0,0.21915344488304786
0,0,0.1644258122555929
0,0,0.17953578841666695
0,0,0.2058244816777735
0,0,0.2355000840333311
0,0,0.2243527776897202
0,0,0.18817151065701387
0,0,0.16818050238417462
0,0,0.18162213375319813
0,0,0.1884755356852801
0,0,0.17801736621244565
0,0,0.13517421699111867
0,0,0.19382333724328404
0,0,0.20918183501087007
0,0,0.1973050379249589
0,0,0.25366976804462665
0,0,0.3219126396577495
0,0,0.3254997008478964
0,0,0.25982543575317546
0,0,0.25021228802679973
0,0,0.2549518256903828
0,0,0.2480443494087091
0,0,0.24153310848292583
0,0,0.26734423440632754
0,0,0.21419639451357536
0,0,0.22826762115331056
0,0,0.20411805711093708
0,0,0.24357908704083886
0,0,0.21246816691739095
0,0,0.1768113959528649
0,1,0.7382748697138868
0,1,0.7051561034613525
0,1,0.7047845667223578
0,1,0.6915028133853839
0,1,0.7422119686803158
0,1,0.7530504846552953
0,1,0.704301535951796
0,1,0.7176463919873879
0,1,0.751723143918284
0,1,0.714633199169145
0,1,0.7353424108668921
0,1,0.7048525251170971
0,1,0.7053002995441182
0,1,0.7050705728276309
0,1,0.7504330038891776
0,1,0.7005383748309285
0,1,0.7248250345014005
0,1,0.6691830843063457
0,1,0.694281610204444
0,1,0.7200225907720815
0,1,0.7051995370267413
0,1,0.7045171181852414
0,1,0.7524572957001918
0,1,0.7835888769743278
0,1,0.7673206107403877
0,1,0.7053291337577785
0,1,0.6682756564620491
0,1,0.7493821926445203
0,1,0.7531568742424649
0,1,0.7285270315243308
0,1,0.7028178547724885
0,1,0.746046715065002
0,1,0.7562879675282413
0,1,0.7759274568048307
0,1,0.7231119807718778
0,1,0.7128587255714232
0,1,0.7221601565781169
0,1,0.7087545338875009
0,1,0.7321922892683514
0,1,0.7358067130837235
0,1,0.7198523888687473
0,1,0.7905123922736926
0,1,0.8015268571929387
0,1,0.7570489046045316
0,1,0.7599081352867613
0,1,0.7382043012523246
0,1,0.8085419790857173
0,1,0.798486757975892
0,1,0.7771686358465102
0,1,0.7580654081169297
0,1,0.7423211916342755
0,1,0.7403863913598562
0,1,0.7709871972996915
0,1,0.7916609915634102
0,1,0.7748343287264545
0,1,0.7242648110029242
0,1,0.7917765877062267
0,1,0.7715744584855684
0,1,0.7688775654243216
0,1,0.7797373801881136
0,1,0.7625043683754674
0,1,0.7766666538616449
0,1,0.7593116407293281
0,1,0.7304432793795415
0,1,0.7038662715740445
0,1,0.7265915362064389
0,1,0.7651963431950816
0,1,0.7594035182740965
0,1,0.7581289764985587
0,1,0.7661370959108805
0,1,0.7322251855990239
0,1,0.79533411282455
0,1,0.7870835658203795
0,1,0.7928739528927875
0,1,0.7976886479618512
0,1,0.7383624510136522
0,1,0.7993848682510146
0,1,0.7941332738289013
0,1,0.8275016311459226
0,1,0.8467408864701911
0,1,0.7757363244082627
0,1,0.8019075942014385
0,1,0.8027500340091639
0,1,0.7887395003002325
0,1,0.7886796221088395
0,1,0.7066578743759591
0,1,0.7280173552387399
0,1,0.7248950926940034
0,1,0.727880854889794
0,1,0.7341387497697351
0,1,0.7499135554195487
0,1,0.7428354921222113
0,1,0.865137865209419
0,1,0.859391207392338
0,1,0.7996858929811779
0,1,0.8053831906015564
0,1,0.7775986100112039
0,1,0.8424289564389207
0,1,0.8299638567279058
0,1,0.8182411887140505
0,1,0.7967085948783336
0,1,0.7896511462511367
0,1,0.8204029047035967
0,1,0.8260718502521768
0,1,0.7606368358391989
0,1,0.7638478070242184
0,1,0.8343114917312384
0,1,0.8118677886705302
0,1,0.7793071296733229
0,1,0.8214120842542992
0,1,0.825545400356837
0,1,0.837936075888952
0,1,0.8188184298289984
0,1,0.7678214951421606
0,1,0.704499032572154
0,0,0.17982025252766257
0,0,0.20407017305374134
0,0,0.16140102526302091
0,0,0.1861312032188614
0,0,0.18120924711341416
0,0,0.2156430564222563
0,0,0.2403537234729145
0,0,0.21888847093630825
0,0,0.23543991259476205
0,0,0.2252439259555754
0,0,0.2289174153928775
0,0,0.22189534933774893
0,0,0.18496421831080645
0,0,0.20292685503351407
0,0,0.24185533067653808
0,0,0.23866969852119957
0,0,0.21568614759668392
0,0,0.24301880039936496
0,0,0.19693635173352494
0,0,0.19355291033207098
0,0,0.18228342514125934
0,0,0.23019275410601103
0,0,0.25070324327622456
0,0,0.20527907553558988
0,0,0.23226624659791217
0,0,0.20442312637149873
0,0,0.23997617024680046
0,0,0.23678571538061688
0,0,0.1853385142580663
0,0,0.14735461427172514
0,0,0.1971593738316554
0,0,0.20126597494149615
0,0,0.2156982186177773
0,0,0.21039063305764796
0,0,0.24067703079656713
0,0,0.18585175709657512
0,0,0.17568779916010033
0,0,0.18243528944222792
0,0,0.19141553829542055
0,0,0.22346585291727838
0,0,0.23345438906842766
0,0,0.2229257742109434
0,0,0.20911458792741194
0,0,0.20519041103689573
0,0,0.26247831448207604
0,0,0.24703329654058276
0,0,0.23083818391905994
0,0,0.2353201127210847
0,0,0.25808993570425637
0,0,0.18387500640642507
0,0,0.19731078195720791
0,0,0.22149035187374694
0,0,0.23827663022120937
0,0,0.2346096200564386
0,0,0.22565959633086569
0,0,0.20992043424523954
0,0,0.22479125814943196
0,0,0.2655469058696537
0,0,0.20757210389150493
0,1,0.8226439093772722
0,1,0.8196384109105732
0,1,0.7867903476759096
0,1,0.7946771733275003
0,1,0.6905243351460543
0,1,0.667807411103511
0,1,0.7441246152401071
0,1,0.6666435082991847
0,1,0.7574657329570175
0,1,0.7748196640122598
0,1,0.7112216730972893
0,1,0.6934752275595732
0,1,0.7351413972386819
0,1,0.7365332425389554
0,1,0.723467817466571
0,1,0.7252537553076125
0,1,0.7236044140810459
0,1,0.7342669950603548
0,1,0.7185337473888141
0,1,0.6857257714618212
0,1,0.69252027124384
0,1,0.6856434572221721
0,1,0.7490712810646294
0,1,0.8198576391462054
0,1,0.8079105269638961
0,1,0.7318616889776232
0,1,0.7372850777874757
0,1,0.7576827503240824
0,1,0.7258015438952318
0,1,0.7578167869344088
0,1,0.7263734640935927
0,1,0.755935499904108
0,1,0.7527580114485847
0,1,0.7340467456927284
0,1,0.7395381702067286
0,1,0.7348749086593556
0,1,0.7334134426388214
0,1,0.7830990831768161
0,1,0.7536165380736832
0,1,0.741856905773188
0,1,0.7564578641302436
0,1,0.7575409856596137
0,1,0.7520262983617007
0,1,0.7629081032949493
0,1,0.7587940961555791
0,1,0.7670172771388498
0,0,0.28720756484011817
0,0,0.264532263114327
0,0,0.27841787823976727
0,0,0.27079209985277164
0,0,0.2773481502476513
0,0,0.2970295522220931
0,0,0.28918627918126577
0,0,0.29755976387064087
0,0,0.28409565596932906
0,0,0.2669502513934572
0,0,0.28349482898586037
0,0,0.2862128368993761
0,0,0.29091524360002863
0,0,0.33519685752353245
0,0,0.2900963920299433
0,0,0.3081210900814804
0,0,0.29280520601549737
0,0,0.31353009471299254
0,0,0.3208291649899651
0,0,0.32060998075394154
0,0,0.31746576353708217
0,0,0.3040047764527857
0,0,0.33112685725203567
0,0,0.35019579280298124
0,0,0.34127871841199103
0,0,0.3386734529798975
0,0,0.24584240243254943
0,0,0.2344730585975653
0,0,0.32503048093622
0,0,0.32956738840920535
0,0,0.36837945288903984
0,0,0.32705321995229836
0,0,0.3108253454068872
0,0,0.30490492049685636
0,0,0.2829204660582005
0,0,0.2975818062672776
0,0,0.2869778532886982
0,0,0.2806489457143348
0,0,0.2711235945613207
0,0,0.27334436293865083
0,0,0.24063734539188839
0,0,0.24376434690067816
0,0,0.2549185152419387
0,0,0.2796711015046356
0,0,0.2671611469906262
0,0,0.2920072492777291
0,0,0.2812479682669131
0,0,0.23596872888574935
0,0,0.24729169887704702
0,0,0.27649308744429846
0,0,0.268471310889762
0,0,0.2821266294569061
0,0,0.2548176609406361
0,0,0.25276855812998916
0,0,0.25560800686392243
0,0,0.2640785102367766
0,0,0.3171785736211346
0,0,0.3398761698158835
0,0,0.3269862799639992
0,0,0.2328879095020376
0,0,0.204214758115356
0,0,0.18801570969518214
0,0,0.17227919230999914
0,0,0.24698283318934675
0,0,0.2680173939802326
0,0,0.2587380862506895
0,0,0.21394164466763743
0,0,0.2346896428185917
0,0,0.26074510884077046
0,0,0.24982297685999527
0,0,0.22783880251905766
0,0,0.21119193847331202
0,0,0.23143904630310388
0,0,0.19475693733336238
0,0,0.19941862408498567
0,0,0.19759675900213458
0,0,0.21802413356213754
0,0,0.21124291602609344
0,0,0.19219410250405464
0,0,0.18461743000492326
0,0,0.17065721175561357
0,0,0.1830169180197079
0,0,0.19108067516131957
0,0,0.19048441309708877
0,0,0.14654556260872104
0,0,0.21451842051660283
0,0,0.2049600730159436
0,0,0.19390926149615054
0,0,0.21042005416445775
0,0,0.2021306586527897
0,0,0.1342048689986434
0,0,0.14347167068553066
0,0,0.14894023953076735
0,0,0.14739819354631925
0,0,0.17649892841212722
0,0,0.18073128473600533
0,0,0.18232246445598718
0,0,0.2062947027717555
0,0,0.22627936828735695
0,0,0.20605843144680944
0,0,0.19206264227500308
0,0,0.2000709960499359
0,0,0.199362905276985
0,0,0.21827138507331323
0,0,0.21783294373402204
0,0,0.20239701637904
0,0,0.22561212472794243
0,0,0.20821313539657824
0,0,0.21580977539648216
0,0,0.21539255833659418
0,0,0.21514956045856037
0,0,0.20540244169284552
0,0,0.20874079221006334
0,0,0.22865160996183703
0,0,0.28717753969152215
0,0,0.3328319267967512
0,0,0.3017191725171358
0,0,0.21028991786107795
0,0,0.21941087851307053
0,0,0.18381499424255185
0,0,0.24315616601182632
0,0,0.24667484163317044
0,0,0.21377626527936092
0,0,0.2771172835970271
0,0,0.2947037714345386
0,0,0.29214471895032224
0,0,0.25116459574839495
0,0,0.27042510280833243
0,0,0.32118232629762017
0,0,0.2851620247402886
0,0,0.2426290747224442
0,0,0.2656166413125446
0,0,0.2241473310581207
0,0,0.26205257340975935
0,0,0.3070943155675094
0,0,0.26243198982684435
0,0,0.3336918236428357
0,0,0.2855149219213624
0,0,0.2864374935313048
0,0,0.27730646462118735
0,0,0.22746178947100154
0,0,0.2222970704170697
0,0,0.2396547713872075
0,0,0.22446651587872618
0,0,0.2386654640824343
0,0,0.19049505058186975
0,0,0.20765277163803067
0,0,0.23193656095078755
0,0,0.20820610850125032
0,0,0.184334698959814
0,0,0.20430573470754151
0,0,0.20739957149119662
0,0,0.2111545746129835
0,0,0.23940585017234942
0,0,0.2014579377462734
0,0,0.20629469419238336
0,0,0.23432751982127012
0,0,0.1968283429220142
0,0,0.20250223124993597
0,0,0.21547982734913684
0,0,0.1912475327129092
0,0,0.18198295257852493
0,0,0.17636013201451717
0,0,0.21208295466192048
0,0,0.20318830903758175
0,0,0.1937637095862322
0,0,0.21120029344221727
0,0,0.23752473193511803
0,0,0.19514494385029785
0,0,0.21684497929147906
0,0,0.18413072622254423
0,0,0.21650077441065516
0,0,0.21688470104720628
0,0,0.20594766155521507
0,0,0.19800436013192774
0,0,0.2698086078716964
0,0,0.19813221464592487
0,0,0.21463866755042324
0,0,0.20038293297148024
0,0,0.18827779226324945
0,0,0.18797638807310701
0,0,0.22921947192144296
0,0,0.17398559010479822
0,0,0.19873794894392552
0,0,0.149590275037106
0,0,0.1429147803091474
0,0,0.22342083577592864
0,0,0.22686530995874335
0,0,0.2274285561909387
0,0,0.2348229405755175
0,0,0.22939366696440114
0,0,0.217082882245852
0,0,0.20811718567108264
0,0,0.17882749065603554
0,0,0.19773764000640948
0,0,0.21581740358121004
0,0,0.19404710803679137
0,0,0.16732748598662023
0,0,0.16093410902483174
0,0,0.17242913505893306
0,0,0.17068913832710653
0,0,0.174234969193059
0,0,0.1625477096963484
0,0,0.17745817915340928
0,0,0.15861024642887128
0,0,0.17472363768082874
0,0,0.18014148181163883
0,0,0.13759911898994828
0,1,0.783424714225122
0,1,0.7714020016852595
0,1,0.7704569976874316
0,1,0.7967934313267229
0,1,0.8091916471384912
0,1,0.8034091574219537
0,1,0.784516958146457
0,1,0.7566224370926392
0,1,0.7913443052473901
0,1,0.7710753185288148
0,1,0.7972650063445912
0,1,0.7907066915516073
0,1,0.8162163162269855
0,1,0.8100045676701203
0,1,0.8079240244245142
0,1,0.790349679093952
0,1,0.7913729716734966
0,1,0.7959398986762024
0,1,0.7988929053588982
0,1,0.8043108340093461
0,1,0.8358460480168151
0,1,0.8342031128176081
0,1,0.8270355441688894
1,1,0.8441977772124987
1,1,0.902819567679105
1,1,0.8833777333551295
1,1,0.8818781223142073
1,1,0.8830652603931042
1,1,0.8843262217575842
1,1,0.9004536142910574
1,1,0.9059350245979307
1,1,0.8995753659751833
1,1,0.8750112731689426
1,1,0.8741486943832654
1,1,0.8957171326116778
1,1,0.90780359549396
1,1,0.8823212251288837
1,1,0.8624891329636678
1,1,0.8642978517202259
1,1,0.8808071458340792
1,1,0.8913196700351813
1,1,0.9021541648286502
1,1,0.8822828053096484
1,1,0.8645340529396183
1,1,0.8643309641364059
1,1,0.8553112870800322
0,1,0.799664609113018
0,1,0.8036713619223735
0,1,0.7658830679499513
0,1,0.7546427655910132
0,1,0.7370329665406988
0,1,0.7723089884803036
0,1,0.7649215373007047
0,1,0.7844865705888676
0,1,0.8155992632114666
0,1,0.7941275539128192
0,1,0.7395002785518805
0,1,0.7863725455825817
0,1,0.7831089897893149
0,1,0.7677668178925506
0,1,0.7912360738989045
0,1,0.7617128469567116
0,1,0.7385622362400969
0,1,0.749882424177847
0,1,0.7786996553452202
0,1,0.808724991349425
0,1,0.7701731685966864
0,1,0.7718035057812762
0,1,0.7941003221894546
1,1,0.7514647298098648
1,1,0.7465900807035891
1,1,0.7838636326831732
1,1,0.7878578250744179
1,1,0.7403506009142936
1,1,0.7456080486463361
1,1,0.7916620386822657
1,1,0.7520621716522262
1,1,0.7466289996128243
1,1,0.687376916980568
1,1,0.7316371416264564
1,1,0.7675665615053333
1,1,0.7548947010345013
1,1,0.7486126921306283
1,1,0.7436851494575869
1,1,0.7297721000046765
1,1,0.7337307921051426
1,1,0.770083826982002
1,1,0.7672695640142316
1,1,0.7995645383781799
1,1,0.7655668485246403
1,1,0.7319410916731621
1,1,0.7655816108860091
0,1,0.7805231413442535
0,1,0.7855452855578585
0,1,0.7517997410232806
0,1,0.7686660316500467
0,1,0.775954431878511
0,1,0.7590779983626329
0,1,0.8164232538713526
0,1,0.8071289354653749
0,1,0.7773728060297463
0,1,0.7968539559804223
0,1,0.7602755128349185
0,1,0.7900700207215999
0,1,0.7802924395919689
0,1,0.7971993643473025
0,1,0.7657284579257854
0,1,0.7554761475708673
0,1,0.7864202753324342
0,1,0.7786036275088603
0,1,0.7544653612990352
0,1,0.7664775926524894
0,1,0.7824613773672148
0,1,0.7711586014529576
0,1,0.735552086210605
0,0,0.20430751217789486
0,0,0.21176212163824476
0,0,0.22407941690661123
0,0,0.2153241101449291
0,0,0.20327541446128383
0,0,0.18871972768125964
0,0,0.2220710956452664
0,0,0.20759033681143146
0,0,0.19679777192672582
0,0,0.24313046969295787
0,0,0.2097347232530419
0,0,0.1861778532209365
0,0,0.18477051518570348
0,0,0.18814832496072115
0,0,0.1793718095748461
0,0,0.16796117299048724
0,0,0.16439307269446946
0,0,0.21154526240063842
0,0,0.1958444248842728
0,0,0.20533284994519715
0,0,0.1761413472287198
0,0,0.19298795344261477
0,0,0.17632214180494635
0,0,0.19353900520680647
0,0,0.17401475619133508
0,0,0.20022221062144951
0,0,0.2108729746266512
0,0,0.22560689361264571
0,0,0.2519848669105143
0,0,0.23600246993642857
0,0,0.2382542582382369
0,0,0.2122074991352053
0,0,0.14978166106096738
0,0,0.1889336473155574
0,0,0.18774038097968856
0,0,0.1577380369265891
0,0,0.21390230269956478
0,0,0.23611096973998172
0,0,0.17702331910774663
0,0,0.1748829876593743
0,0,0.1971620426388453
0,0,0.23265493775005214
0,0,0.2143878728261435
0,0,0.1836794813464183
0,0,0.19963834464659092
0,0,0.20736404247837054
0,0,0.22743741704490716
0,0,0.2141991402479204
0,0,0.2570756882739584
0,0,0.22725906265889112
0,0,0.21137153465732023
0,0,0.2163927335919864
0,0,0.19789385153112524
0,0,0.20828295987480186
0,0,0.2860676777732758
0,0,0.23266932845290889
0,0,0.18219191476837804
0,0,0.2013868334709235
0,0,0.21228120791547492
0,1,0.7640699793872563
0,1,0.7670651368647952
0,1,0.7713072982641598
0,1,0.8261302550745458
0,1,0.8176956759255298
0,1,0.7790791623780383
0,1,0.7514429768958593
0,1,0.7248741245112319
0,1,0.7098347829633039
0,1,0.6949625525790917
0,1,0.6982420682789306
0,1,0.732263007672374
0,1,0.7151066552519046
0,1,0.7035027548547267
0,1,0.7165756661309676
0,1,0.7143468071924332
0,1,0.706983780124022
0,1,0.7074830261476879
0,1,0.7183436793074698
0,1,0.7377532695161005
0,1,0.7176545395703807
0,1,0.7391530704639966
0,1,0.7141352015344878
1,1,0.8839141106535117
1,1,0.8809637989182029
1,1,0.8821198088143022
1,1,0.9111458380585211
1,1,0.8926553076074246
1,1,0.9163762920006455
1,1,0.9139728979471827
1,1,0.9175180780518083
1,1,0.9131507429304527
1,1,0.9021376892973411
1,1,0.9174309584133091
1,1,0.910732108127878
1,1,0.9210760730700565
1,1,0.8959074876227207
1,1,0.8988133942205424
1,1,0.891999817736698
1,1,0.8770316215535102
1,1,0.8768556625779557
1,1,0.8735646149539866
1,1,0.8861223414082561
1,1,0.8939395983260349
1,1,0.8889356946806738
1,1,0.8522596264140095
0,0,0.2006906481905187
0,0,0.3296847386340751
0,0,0.3287490570569813
0,0,0.2849806349578167
0,0,0.27503983096530754
0,0,0.2579498807247959
0,0,0.26607956869540894
0,0,0.2830344443550336
0,0,0.26816651472844294
0,0,0.34905058121655536
0,0,0.3523467631789711
0,0,0.3337810752096806
0,0,0.3317175480850114
0,0,0.3214202017401751
0,0,0.301039021072629
0,0,0.3097987201922619
0,0,0.3138297218247754
0,0,0.34704912275234995
0,0,0.3364258928549341
0,0,0.34809494753957365
0,0,0.2991856935239548
0,0,0.29149172203049534
0,0,0.2725251373286013
0,0,0.3036183313007728
0,0,0.31860286489373807
0,0,0.3056819614949587
0,0,0.30930457474137774
0,0,0.3185252902542855
0,0,0.25715407934615064
0,0,0.27483853006532344
0,0,0.2547403652744464
0,0,0.2809605447854055
0,0,0.2710804487537205
0,0,0.2877871963020812
0,0,0.25456391413953033
0,0,0.3143014576515739
0,0,0.319435072800869
0,0,0.29595310297799216
0,0,0.3020228434602897
0,0,0.2877459142407822
0,0,0.2668331634999728
0,0,0.24384933239051024
0,0,0.23127361328634438
0,0,0.2320264303728732
0,0,0.20460237518519653
0,0,0.21102040621692905
0,0,0.24909396760473382
0,0,0.30209771404469715
0,0,0.30679119029574375
0,0,0.2747949148647841
0,0,0.28417799570428187
0,0,0.2760073616249781
0,0,0.30772238349532377
0,0,0.2652943732962656
0,0,0.34982530009974333
0,0,0.3524443678394746
0,0,0.2748576293482303
0,0,0.255796519290646
0,0,0.28535415782585866
0,0,0.27745646267864577
0,0,0.35191417713030854
0,0,0.40430539504649693
0,0,0.36153822108003103
0,0,0.32571112363343757
0,0,0.26042203249029966
0,0,0.31660393628540784
0,0,0.36880273098335253
0,0,0.3585199749722796
0,0,0.2582348580740386
0,0,0.3098386351665759
0,0,0.27296199221463463
0,0,0.24315790338065835
0,0,0.2594316680458235
0,0,0.25508837262431144
0,0,0.2127750931830908
0,0,0.233778703497186
0,0,0.28400930210083186
0,0,0.2685036625703109
0,0,0.27819909505685536
0,0,0.2819815985493409
0,0,0.27157354081043134
0,0,0.2831448066728451
0,0,0.27992246735689774
0,0,0.2890979146238079
0,0,0.2630853856552622
0,0,0.26967368975502864
0,0,0.27362809201411586
0,0,0.28583149830625354
0,0,0.2696068560318033
0,0,0.2513571836186957
0,0,0.24723067243791236
0,0,0.22827478144489347
0,0,0.24562305784116886
0,0,0.24544497932703607
0,0,0.28096689514641027
0,0,0.292936959197202
0,0,0.25782731892221183
0,0,0.2579273835215753
0,0,0.2544745308819689
0,0,0.2713381034563738
0,0,0.2773540264350601
0,0,0.2464430161278567
0,0,0.25309356801132527
0,0,0.2643391715652424
0,0,0.20504672562210818
0,0,0.20995069600129926
0,0,0.22101033993106498
0,0,0.2032756007669974
0,0,0.2163753668448005
0,0,0.23948904948552502
0,0,0.22842995054393703
0,0,0.2565633940230073
0,0,0.23446613728653762
0,0,0.2347942529317444
0,0,0.3898384627923787
0,0,0.38845133937129184
0,0,0.3898384627923787
0,0,0.3898384627923787
0,0,0.3898384627923787
0,0,0.3898384627923787
0,0,0.3898384627923787
0,0,0.38845133937129184
0,0,0.3898384627923787
0,0,0.3898384627923787
0,0,0.3898384627923787
0,0,0.3898384627923787
0,0,0.3898384627923787
0,0,0.3898384627923787
0,0,0.3898384627923787
0,0,0.38845133937129184
0,0,0.38845133937129184
0,0,0.38845133937129184
0,0,0.3898384627923787
0,0,0.3898384627923787
0,0,0.38845133937129184
0,0,0.38845133937129184
0,0,0.38845133937129184
0,0,0.3898384627923787
0,0,0.38845133937129184
0,0,0.38845133937129184
0,0,0.38845133937129184
0,0,0.38845133937129184
0,0,0.3898384627923787
0,0,0.3898384627923787
0,0,0.38845133937129184
0,0,0.38845133937129184
0,0,0.3898384627923787
0,0,0.3898384627923787
0,0,0.38845133937129184
0,0,0.38845133937129184
0,0,0.38845133937129184
0,0,0.38845133937129184
0,0,0.3898384627923787
0,0,0.38845133937129184
0,0,0.38845133937129184
0,0,0.38845133937129184
0,0,0.38845133937129184
0,0,0.38845133937129184
0,0,0.38845133937129184
0,0,0.38845133937129184
0,0,0.38845133937129184
0,0,0.38845133937129184
0,0,0.3898384627923787
0,0,0.38845133937129184
0,0,0.38845133937129184
0,0,0.38845133937129184
0,0,0.38845133937129184
0,0,0.38845133937129184
0,0,0.38845133937129184
0,0,0.3898384627923787
0,0,0.3898384627923787
0,0,0.3898384627923787
0,0,0.38845133937129184
0,0,0.3898384627923787
0,0,0.3898384627923787
0,0,0.3898384627923787
0,0,0.3898384627923787
0,0,0.3898384627923787
0,0,0.3898384627923787
0,0,0.3898384627923787
0,0,0.3898384627923787
0,0,0.38845133937129184
0,0,0.38845133937129184
0,0,0.38845133937129184
0,0,0.38845133937129184
0,0,0.38845133937129184
0,0,0.38845133937129184
0,0,0.38845133937129184
0,0,0.3898384627923787
0,0,0.38845133937129184
0,0,0.38845133937129184
0,0,0.38845133937129184
0,0,0.38845133937129184
0,0,0.38845133937129184
0,0,0.3898384627923787
0,0,0.38845133937129184
0,0,0.3898384627923787
0,0,0.3898384627923787
0,0,0.38845133937129184
0,0,0.38845133937129184
0,0,0.38845133937129184
0,0,0.3898384627923787
0,0,0.3898384627923787
0,0,0.38845133937129184
0,0,0.38845133937129184
0,0,0.3898384627923787
0,0,0.3898384627923787
0,0,0.38845133937129184
1,1,0.6845760970499782
1,1,0.6845760970499782
1,1,0.6868951729187751
1,1,0.6687748372854151
1,1,0.6649667959014604
1,1,0.6556223095261702
1,1,0.6556223095261702
1,1,0.6556223095261702
1,1,0.6556223095261702
1,1,0.6556223095261702
1,1,0.6556223095261702
1,1,0.6556223095261702
1,1,0.6533032336573733
1,1,0.6533032336573733
1,1,0.6451047216728718
1,1,0.6484906942636153
1,1,0.661661564624779
1,1,0.6488700052710176
1,1,0.6451047216728718
1,1,0.6533032336573733
1,1,0.6571338912796628
1,1,0.6533032336573733
1,1,0.6783338988503754
1,1,0.6961229506445368
1,1,0.6867200913957683
1,1,0.6590306616592888
1,1,0.6641668502941616
1,1,0.661708519096141
1,1,0.6496793494893501
1,1,0.6560826666952656
1,1,0.6733641859557207
1,1,0.6496793494893501
1,1,0.661708519096141
1,1,0.6533032336573733
1,1,0.6643063255828394
1,1,0.6726466719906965
1,1,0.6726466719906965
1,1,0.6533032336573733
1,1,0.6533032336573733
1,1,0.6775214913948949
1,1,0.6579113473283614
1,1,0.6571097044226966
1,1,0.6696245310539679
1,1,0.6607639533652814
1,1,0.6849530964582157
1,1,0.6612638340645951
1,1,0.6547941226932166
1,1,0.6531502584808508
1,1,0.6467931122316822
1,1,0.6613677400481606
1,1,0.6511702385251934
1,1,0.6727184044819164
1,1,0.6825493925898302
1,1,0.6673628367714266
1,1,0.6890352442125472
1,1,0.679829886486746
1,1,0.6868757099210906
1,1,0.652212980125903
1,1,0.6513677400481606
1,1,0.651998425358147
1,1,0.6754462382863143
1,1,0.6730817015219854
1,1,0.6520182563565953
1,1,0.6870343015682638
1,1,0.6486719113184098
1,1,0.6359241406188214
1,1,0.6538555804732573
1,1,0.6799850607075177
1,1,0.6725847296238194
0,1,0.6511702385251934
0,1,0.6511702385251934
0,1,0.651998425358147
0,1,0.6906560199453918
0,1,0.7020844816101994
0,1,0.651998425358147
0,1,0.6690873456461306
0,1,0.6974537517008765
0,1,0.6509915796168473
0,1,0.6601969373426485
0,1,0.6509915796168473
0,1,0.6671200621135301
0,1,0.6879856930937719
0,1,0.6509915796168473
0,1,0.6556223095261702
0,1,0.6465956107087151
0,1,0.6646974276874065
0,1,0.6548222372391366
0,1,0.6509915796168473
0,1,0.6601969373426485
0,1,0.692836072611462
0,1,0.6798405672636918
0,1,0.6647559013625032
0,1,0.6662158647080798
0,1,0.6662158647080798
0,1,0.6680321522870811
0,1,0.6590873456461304
0,1,0.6803718424351612
0,1,0.6502958308917056
0,1,0.6499815832994585
0,1,0.6627547231004384
0,1,0.6593687505096949
0,1,0.6915064398304135
0,1,0.679829886486746
0,1,0.6873755906204042
0,1,0.66353386048557
0,1,0.6819237622077178
0,1,0.6504262683310045
0,1,0.6725428464653075
0,1,0.6636401110679028
0,1,0.6562158647080798
0,1,0.6545562111159369
0,1,0.6511702385251934
0,1,0.659839748876103
0,1,0.6499815832994585
0,1,0.6561802794419188
0,0,0.4150468475863322
0,0,0.41102484716427107
0,0,0.3997539886842798
0,0,0.3997539886842798
0,0,0.3983668652631929
0,0,0.3913833651485955
0,0,0.38845133937129184
0,0,0.3913833651485955
0,0,0.3898384627923787
0,0,0.38845133937129184
0,0,0.38845133937129184
0,0,0.4040811374991817
0,0,0.4080633474717348
0,0,0.4040413470496737
0,0,0.3898384627923787
0,0,0.38845133937129184
0,0,0.38845133937129184
0,0,0.38845133937129184
0,0,0.38845133937129184
0,0,0.38845133937129184
0,0,0.38845133937129184
0,0,0.38845133937129184
0,0,0.38845133937129184
0,0,0.38845133937129184
0,0,0.38845133937129184
0,0,0.38845133937129184
0,0,0.38845133937129184
0,0,0.39281027901919047
0,0,0.40513132169443106
0,0,0.4011093212723699
0,0,0.3898384627923787
0,0,0.40513132169443106
0,0,0.40513132169443106
0,0,0.3898384627923787
0,0,0.38845133937129184
0,0,0.3898384627923787
0,0,0.3898384627923787
0,0,0.38845133937129184
0,0,0.38845133937129184
0,0,0.38845133937129184
0,0,0.38845133937129184
0,0,0.4011093212723699
0,0,0.38845133937129184
0,0,0.38845133937129184
0,0,0.3898384627923787
0,0,0.38845133937129184
0,0,0.38845133937129184
0,0,0.3898384627923787
0,0,0.3898384627923787
0,0,0.38845133937129184
0,0,0.3898384627923787
0,0,0.3898384627923787
0,0,0.3898384627923787
0,0,0.3898384627923787
0,0,0.38845133937129184
0,0,0.38845133937129184
0,0,0.3898384627923787
0,0,0.3898384627923787
0,0,0.3898384627923787
1,1,0.6982445249903664
1,1,0.6831001210747671
1,1,0.6982445249903664
1,1,0.6871391852300163
1,1,0.6729832075029352
1,1,0.6761544030852283
1,1,0.6741656755724599
1,1,0.6733710332982611
1,1,0.6852439385397703
1,1,0.6939224838995594
1,1,0.7076640820269594
1,1,0.6876747488912455
1,1,0.6671691115613521
1,1,0.671817804612164
1,1,0.694413867368077
1,1,0.6914430946696625
1,1,0.6592085111541303
1,1,0.6834988614361854
1,1,0.7017999409231909
1,1,0.682287059247787
1,1,0.6562644960806834
1,1,0.6592085111541303
1,1,0.6894939169368421
0,1,0.6434517599400347
0,1,0.6851666593420275
0,1,0.6799740380157258
0,1,0.6533032336573733
0,1,0.6624694237245551
0,1,0.6595583440125385
0,1,0.6602304231971583
0,1,0.6474237975416686
0,1,0.6601969373426485
0,1,0.6601969373426485
0,1,0.6556223095261702
0,1,0.6697782872532515
0,1,0.6789028303878288
0,1,0.6474237975416686
0,1,0.6556223095261702
0,1,0.6601969373426485
0,1,0.6601969373426485
0,1,0.6556223095261702
0,1,0.6556223095261702
0,1,0.6556223095261702
0,1,0.6474237975416686
0,1,0.6601969373426485
0,1,0.6711817194874368
1,0,0.3898384627923787
1,0,0.3898384627923787
1,0,0.3898384627923787
1,0,0.3898384627923787
1,0,0.38845133937129184
1,0,0.38845133937129184
1,0,0.38845133937129184
1,0,0.38845133937129184
1,0,0.38845133937129184
1,0,0.38845133937129184
1,0,0.38845133937129184
1,0,0.38845133937129184
1,0,0.3898384627923787
1,0,0.38845133937129184
1,0,0.3898384627923787
1,0,0.38845133937129184
1,0,0.3898384627923787
1,0,0.38845133937129184
1,0,0.3898384627923787
1,0,0.3898384627923787
1,0,0.38845133937129184
1,0,0.38845133937129184
1,0,0.38845133937129184
1,0,0.38845133937129184
1,0,0.38845133937129184
1,0,0.38845133937129184
1,0,0.38845133937129184
1,0,0.38845133937129184
1,0,0.38845133937129184
1,0,0.3898384627923787
1,0,0.3898384627923787
1,0,0.3898384627923787
1,0,0.3898384627923787
1,0,0.3898384627923787
1,0,0.3898384627923787
1,0,0.3898384627923787
1,0,0.38845133937129184
1,0,0.38845133937129184
1,0,0.38845133937129184
1,0,0.38845133937129184
1,0,0.38845133937129184
1,0,0.38845133937129184
1,0,0.38845133937129184
1,0,0.38845133937129184
1,0,0.38845133937129184
1,0,0.38845133937129184
1,0,0.3898384627923787
1,0,0.3898384627923787
1,0,0.38845133937129184
1,0,0.38845133937129184
1,0,0.38845133937129184
1,0,0.3898384627923787
1,0,0.3898384627923787
1,0,0.38845133937129184
1,0,0.3898384627923787
1,0,0.3898384627923787
1,0,0.3898384627923787
1,0,0.38845133937129184
1,0,0.38845133937129184
1,0,0.38845133937129184
1,0,0.3898384627923787
1,0,0.38845133937129184
1,0,0.3898384627923787
1,0,0.3898384627923787
1,0,0.38845133937129184
1,0,0.38845133937129184
1,0,0.38845133937129184
1,0,0.3898384627923787
1,0,0.3898384627923787
1,0,0.3898384627923787
1,0,0.3898384627923787
1,0,0.3898384627923787
1,0,0.38845133937129184
1,0,0.38845133937129184
1,0,0.38845133937129184
1,0,0.38845133937129184
1,0,0.38845133937129184
1,0,0.38845133937129184
1,0,0.38845133937129184
1,0,0.38845133937129184
1,0,0.38845133937129184
1,0,0.38845133937129184
1,0,0.38845133937129184
1,0,0.38845133937129184
1,0,0.38845133937129184
1,0,0.38845133937129184
1,0,0.3898384627923787
1,0,0.3898384627923787
1,0,0.3898384627923787
1,0,0.3898384627923787
1,0,0.3898384627923787
1,0,0.3898384627923787
1,0,0.38845133937129184
1,0,0.38845133937129184
1,0,0.38845133937129184
1,0,0.38845133937129184
1,0,0.38845133937129184
1,0,0.3898384627923787
1,0,0.38845133937129184
1,0,0.38845133937129184
1,0,0.38845133937129184
1,0,0.38845133937129184
1,0,0.38845133937129184
1,0,0.38845133937129184
1,0,0.38845133937129184
1,0,0.38845133937129184
1,0,0.38845133937129184
1,0,0.38845133937129184
1,0,0.38845133937129184
1,0,0.3898384627923787
1,0,0.3898384627923787
1,0,0.38845133937129184
1,0,0.38845133937129184
1,0,0.38845133937129184
0,0,0.3261929697601944
0,0,0.3295416717747281
0,0,0.2831945671283014
0,0,0.36093960568979055
0,0,0.4105453854132955
0,0,0.35842207975314694
0,0,0.3465435799734062
0,0,0.31162472309019335
0,0,0.34452678253978464
0,0,0.2750933043864156
0,0,0.2886341599729718
0,0,0.3439554683655847
0,0,0.34550825384875594
0,0,0.34368669607645286
0,0,0.328574407265013
0,0,0.2935672692995619
0,0,0.23955762326388882
0,0,0.2460416871464869
0,0,0.2939289211660467
0,0,0.2843926281713008
0,0,0.26861069438589763
0,0,0.272295223895231
0,0,0.2724395628291849
1,0,0.3917667825174125
1,0,0.39351695143781795
1,0,0.39105260282217175
1,0,0.441653764070002
1,0,0.44437719401532066
1,0,0.41261041358788686
1,0,0.4077771351219631
1,0,0.3905802228129913
1,0,0.39617834879025354
1,0,0.33264753227846233
1,0,0.3725652870867716
1,0,0.38803017153404745
1,0,0.39277280853384794
1,0,0.3542642384279489
1,0,0.3750092721766942
1,0,0.4059458462436516
1,0,0.3327864497695741
1,0,0.29087330575027043
1,0,0.3331703183915053
1,0,0.34035788204225526
1,0,0.28622193847263255
1,0,0.35650134906462033
1,0,0.4723761104232819
1,0,0.40021733015349364
1,0,0.3483579684959296
1,0,0.341967965345959
1,0,0.3676260631304355
1,0,0.38363689469132894
1,0,0.3676283398734833
1,0,0.36319767938261355
1,0,0.3804016093554033
1,0,0.4001027057860814
1,0,0.3715335042243859
1,0,0.3693650532124787
1,0,0.43083879604147596
1,0,0.40810447946505674
1,0,0.36518450449321416
1,0,0.346476052645553
1,0,0.3533682904601834
1,0,0.3845049463389755
1,0,0.29177980655522334
1,0,0.30569132860340265
1,0,0.3833002735996908
1,0,0.3352878243449542
1,0,0.33576959260197725
1,0,0.4003210078783163
1,0,0.36321524730175725
1,0,0.36821369954421107
1,0,0.3390787629101182
1,0,0.38348669181731204
1,0,0.3602368533246626
1,0,0.3894663957935935
1,0,0.30812445154820667
1,0,0.33256988070393695
1,0,0.30047686021722675
1,0,0.30056225255915775
1,0,0.35319545645494216
1,0,0.3601787187605677
1,0,0.39091383849874695
1,0,0.32232855362081125
1,0,0.2923087553575073
1,0,0.26799124580878614
1,0,0.28241620796043954
1,0,0.2899835255276915
1,0,0.28266291919039577
1,0,0.30811028624829523
1,0,0.35094695866871317
1,0,0.3324757099620472
1,0,0.28441803848807184
1,0,0.2678471846826701
1,0,0.36009542382853527
1,1,0.9165680520612809
1,1,0.9274954568984408
1,1,0.9255579172933818
1,1,0.898039039805936
1,1,0.9187319067603997
1,1,0.9222846128038352
1,1,0.9304804048358758
1,1,0.916605474020283
1,1,0.907315257799229
1,1,0.9239797152092554
1,1,0.9241234001613361
1,1,0.9439233548164268
1,1,0.9081475338062145
1,1,0.908112255213449
1,1,0.9191339949788719
1,1,0.941357599212587
1,1,0.948996235854097
1,1,0.9309898769026361
1,1,0.9138877721118487
1,1,0.9354742715012072
1,1,0.9309962248705351
1,1,0.9396998304071599
1,1,0.9293986735516856
1,1,0.9495782306777493
1,1,0.8916497773002804
1,1,0.8404752577724648
1,1,0.8238465224866647
1,1,0.8074019493132546
1,1,0.814537580164736
1,1,0.8070136844650984
1,1,0.7930083541494036
1,1,0.8039957080580737
1,1,0.8386035684567209
1,1,0.8035463030929242
1,1,0.7960034159533705
1,1,0.8125134790479873
1,1,0.8076993398964976
1,1,0.788393158272333
1,1,0.8591134395040185
1,1,0.8461669154534956
1,1,0.8646744889117435
1,1,0.860458942197697
1,1,0.846403982143103
1,1,0.8410213913905337
1,1,0.8249484731006099
1,1,0.8701537563295366
1,1,0.8799236789526919
1,1,0.8551092830882918
1,1,0.8479769899902141
1,1,0.8454302670046933
1,1,0.8788695064193307
1,1,0.8306199097589119
1,1,0.8411520487223312
1,1,0.866249848747842
1,1,0.8417381739853124
1,1,0.8634291587531894
1,1,0.8777982295357869
1,1,0.8542722816293886
1,1,0.8546516731953478
1,1,0.8209401752872442
1,1,0.8350927853946726
1,1,0.8406790068176226
1,1,0.8094711787121162
1,1,0.7970708620543843
1,1,0.8626525212388809
1,1,0.8366247279953106
1,1,0.8552567619649889
1,1,0.8517624996124583
1,1,0.8328854972533897
1,1,0.8529022862001965
1,1,0.9037067895164609
1,1,0.9169585536910195
1,1,0.9067340839296663
1,1,0.8977294525914783
1,1,0.8948203680612373
1,1,0.862466003674225
1,1,0.8792915326400269
1,1,0.8788911103838148
1,1,0.8565947158821442
1,1,0.8812739066396401
1,1,0.8769633780458205
1,1,0.8949051188769331
1,1,0.9021203010317994
1,1,0.9123413383310869
1,1,0.8754424008055236
1,1,0.8630803207553711
1,1,0.8752921615317072
1,1,0.865895360159114
1,1,0.868085643252209
1,1,0.8222091713545658
1,1,0.8372864684695471
1,1,0.8468421508843366
1,1,0.8341086769508671
1,1,0.8250835211386577
1,1,0.8651524203597752
1,1,0.8507288404226849
1,1,0.8640170078724984
1,1,0.8600181052812478
1,1,0.8313380958014966
1,1,0.8278210691321521
1,1,0.8333530437907303
1,1,0.845517735944987
1,1,0.9018540486286772
1,1,0.8843437464370885
1,1,0.842779252636969
1,1,0.8665136871208383
1,1,0.8708506733749689
1,1,0.8643615160198453
1,1,0.8664099736614136
1,1,0.8540136987795884
1,1,0.8965889932982278
1,1,0.9015307800857935
1,1,0.8940598484116821
1,1,0.8716083672658034
1,1,0.8654632828652835
0,0,0.283459885750115
0,0,0.2830585812044964
0,0,0.2839689699235938
0,0,0.3274490655046776
0,0,0.2686295981747304
0,0,0.2890477342748388
0,0,0.2980659778365229
0,0,0.2745706587183861
0,0,0.27109285673705874
0,0,0.26875800216156387
0,0,0.26191748436232404
0,0,0.2660608783443723
0,0,0.2558997084048185
0,0,0.28521987357501444
0,0,0.3462377837369466
0,0,0.3085302471297695
0,0,0.29623073352071577
0,0,0.28284581574538237
0,0,0.287073235286981
0,0,0.2780872533224633
0,0,0.3433195673884232
0,0,0.30974624199780365
0,0,0.3408118218500678
0,0,0.3494833199507577
0,0,0.37533981951142
0,0,0.3479977718384009
0,0,0.39329387706995717
0,0,0.3240751007584794
0,0,0.318165236390491
0,0,0.32499065340118577
0,0,0.30041352289544343
0,0,0.23116324601585336
0,0,0.2563095805061414
0,0,0.24246708234502254
0,0,0.22182316426334497
0,0,0.23956774186489896
0,0,0.24933001434580315
0,0,0.25287921883276526
0,0,0.26648789818259194
0,0,0.25858648294857933
0,0,0.2598272584002522
0,0,0.23042409651669446
0,0,0.24942359880487808
0,0,0.2657326759041769
0,0,0.2684484337152117
0,0,0.20707730485715112
0,0,0.21066438329730747
0,0,0.21657216331389925
0,0,0.22686759691321007
0,0,0.27424904294523617
0,0,0.2663013910445909
0,0,0.22832834819035522
0,0,0.21276025078115895
0,0,0.22019956122601614
0,0,0.19998701854174727
0,0,0.20013863102270135
0,0,0.2269918006843344
0,0,0.19765696994651172
0,0,0.21339671013062567
1,1,0.8737470969251483
1,1,0.856096534006551
1,1,0.8453961025146108
1,1,0.8397640344901283
1,1,0.8064228767567356
1,1,0.8006904860713303
1,1,0.8594062743930918
1,1,0.8402865999322663
1,1,0.8276809065993963
1,1,0.841642013520516
1,1,0.8360236535926492
1,1,0.8463231089987258
1,1,0.7912666429493129
1,1,0.8031610414982352
1,1,0.7779064535972223
1,1,0.7803291192256459
1,1,0.8603892549497522
1,1,0.828862311915657
1,1,0.7974047297944614
1,1,0.809212029893379
1,1,0.7917787828867686
1,1,0.8172352750638855
1,1,0.861158687552561
1,1,0.9125824265328016
1,1,0.90610453118293
1,1,0.8945892334376521
1,1,0.8738153314820738
1,1,0.843203571573971
1,1,0.8398254535308651
1,1,0.8592130715771381
1,1,0.884062696012692
1,1,0.8997200172222692
1,1,0.8941499805790875
1,1,0.8610452833337018
1,1,0.8955441627583136
1,1,0.8561666646987569
1,1,0.8540424035134754
1,1,0.8628451471859251
1,1,0.88654562889644
1,1,0.8799776284982134
1,1,0.8904117623160314
1,1,0.8570296810718147
1,1,0.8216083514749688
1,1,0.8518911051261183
1,1,0.8584518105065118
1,1,0.8375181582688235
1,0,0.3107018628899098
1,0,0.31258320533287964
1,0,0.2526543329888437
1,0,0.2456329040605233
1,0,0.2878090753630385
1,0,0.3043947372449782
1,0,0.29102110746517584
1,0,0.2789783567704233
1,0,0.298496571658871
1,0,0.3179762437157587
1,0,0.2905442164837475
1,0,0.2887295023860129
1,0,0.3077828233005512
1,0,0.2716646204981222
1,0,0.2697125012294727
1,0,0.2706238239862421
1,0,0.2911500391322466
1,0,0.2909046872185765
1,0,0.3231649490133241
1,0,0.3552767397223731
1,0,0.3180719895401034
1,0,0.3022488557459509
1,0,0.2804996273254574
1,0,0.3305496408432437
1,0,0.3570008283141261
1,0,0.35641109885793326
1,0,0.32521062360928854
1,0,0.30228118995502673
1,0,0.30780791366252225
1,0,0.2899104599978796
1,0,0.30565990607296567
1,0,0.3089020795096609
1,0,0.23843490420285843
1,0,0.282957433119365
1,0,0.27449948126415025
1,0,0.26590642535944836
1,0,0.23812699923897518
1,0,0.2515114317146301
1,0,0.3243466401691364
1,0,0.3141654450484726
1,0,0.32687462352915225
1,0,0.35636082936713626
1,0,0.2594426962752819
1,0,0.3060554611774563
1,0,0.31076370011315496
1,0,0.3243568545293825
1,0,0.3092674210253691
1,0,0.30077320022350174
1,0,0.2924724044845876
1,0,0.32850732349156103
1,0,0.27231045753002325
1,0,0.29690068218918525
1,0,0.3532417688135122
1,0,0.32533570565521935
1,0,0.37005665465363735
1,0,0.3285451597824157
1,0,0.3481314610256907
1,0,0.3572931216179972
1,0,0.2780555445372462
1,0,0.2678770485153857
1,0,0.31996768294396405
1,0,0.2768758692444362
1,0,0.3146065186272095
1,0,0.3099131198179538
1,0,0.4091305012902898
1,0,0.3959665079391014
1,0,0.33360509712497266
1,0,0.31952074647274875
0,0,0.28252408577335875
0,0,0.31824710342193635
0,0,0.31173681911405154
0,0,0.25137775993305833
0,0,0.25212148328085926
0,0,0.242490117639702
0,0,0.27302529901432615
0,0,0.2291008609620974
0,0,0.30997488842946713
0,0,0.288290155401075
0,0,0.2708451560807374
0,0,0.2697423729883786
0,0,0.2357513773589956
0,0,0.2282305890152203
0,0,0.19941872735951546
0,0,0.18685204140333553
0,0,0.20864136209215078
0,0,0.2068464693398505
0,0,0.25938906948567797
0,0,0.28749919449623873
0,0,0.28760759585751117
0,0,0.29968948148176866
0,0,0.2807711162500769
0,0,0.2749181630546827
0,0,0.23817047954234966
0,0,0.22426195301029303
0,0,0.24169173016218357
0,0,0.27975242395201694
0,0,0.27246075224212185
0,0,0.2538689658156093
0,0,0.2961166650488217
0,0,0.25834054094527903
0,0,0.2471990440261964
0,0,0.2796963950440134
0,0,0.2586653284894975
0,0,0.23630157578192723
0,0,0.23625178424428903
0,0,0.24959209835061336
0,0,0.2681900961365505
0,0,0.25368639774538226
0,0,0.21123800659647915
0,0,0.25544232130749417
0,0,0.2728705937362856
0,0,0.2748774154213361
0,0,0.29379877119562114
0,0,0.3018723860359853
0,0,0.16510626859605831
0,0,0.19407759475290942
0,0,0.2069814431012009
0,0,0.19966417662374444
0,0,0.1724966423301907
0,0,0.201374633431539
0,0,0.19650803150252272
0,0,0.21563096865512818
0,0,0.20245315596614993
0,0,0.20321611650238286
0,0,0.22668151155510072
0,0,0.22614720387065776
0,0,0.2086543676761092
0,0,0.2637209132332372
0,0,0.25736060721634146
0,0,0.2630523681808713
0,0,0.24426293613889427
0,0,0.2455704289652029
0,0,0.3134963801455648
0,0,0.3140518939343558
0,0,0.2797533366723233
0,0,0.26403982507409096
0,0,0.25627133469723784
0,0,0.17806396539832942
0,0,0.15112402484892531
0,0,0.16435430196550788
0,0,0.17700828208822372
0,0,0.1954356916936113
0,0,0.17389488312885548
0,0,0.15922689771403606
0,0,0.14125982963279826
0,0,0.18924838762599427
0,0,0.1933583603686264
0,0,0.2204894377475458
0,0,0.18312941941456284
0,0,0.22696999261881667
0,0,0.23954022627628435
0,0,0.2613037503267389
0,0,0.2561842226038242
0,0,0.2123606790621559
0,0,0.19798738429320126
0,0,0.20015569827092733
0,0,0.21504424127755356
0,0,0.21751710454421544
0,0,0.20878941444004437
0,0,0.20385417763328983
0,0,0.19324694949193752
0,0,0.18272222759804713
0,0,0.19158101050741538
0,0,0.20167734601198015
0,0,0.19511604300934807
0,0,0.18297357065344533
0,0,0.18574890857590617
0,0,0.14501577712690902
0,0,0.1501760640424515
0,0,0.1915805917532192
0,0,0.197812902921098
0,0,0.1410334198874925
0,0,0.13111687925635887
0,0,0.12901583612571138
0,0,0.14697394727889468
0,0,0.18956612800752817
0,0,0.20080401309146068
0,0,0.2413611267475807
0,0,0.23402144739500827
0,0,0.22622459439302858
0,0,0.26567360050676053
0,0,0.1687119316072182
0,0,0.12300625138016948
0,0,0.20500816440580213
0,0,0.22443957189443534
0,0,0.21626697889863122
0,0,0.1888564295797825
0,0,0.21425123595354875
0,0,0.20973622531056318
0,0,0.18700915667913784
0,0,0.21340464636132137
0,0,0.21794402706084284
0,0,0.22925495528940548
0,0,0.22515550834630751
0,0,0.21108462163259734
0,0,0.21113829625184785
0,0,0.22356993521886107
0,0,0.20309887529305712
0,0,0.20472274117214223
0,0,0.13013294301174413
0,0,0.1288450174826318
0,0,0.1416176800703139
0,0,0.15750080808121836
0,0,0.14431953058574248
0,0,0.13754965733660426
0,0,0.12376677211528136
0,0,0.11799579888451102
0,0,0.11312700444066519
0,1,0.7809301681694663
0,1,0.7516946452135933
0,1,0.7171095855456205
0,1,0.7267148743980261
0,1,0.7270488863071053
0,1,0.7279554713695543
0,1,0.7675004559405327
0,1,0.7873150652264226
0,1,0.8182628040850816
0,1,0.7981344002749747
0,1,0.7629397894350863
0,1,0.7498347629021773
0,1,0.7725964255640179
0,1,0.7622357465156364
0,1,0.7494847107236887
0,1,0.7754809523383692
0,1,0.7604969291826547
0,1,0.7020711064924003
0,1,0.731111198302511
0,1,0.7545088656179456
0,1,0.7902050093373023
0,1,0.7895931589038034
0,1,0.7682211475642033
1,1,0.7471948218873954
1,1,0.7804341744167467
1,1,0.81318125018825
1,1,0.7851147418880318
1,1,0.7613542981081167
1,1,0.7728071170970776
1,1,0.8091796111477538
1,1,0.8003693954273049
1,1,0.7466902094371628
1,1,0.7671576089849
1,1,0.7400585078379998
1,1,0.7386101049805347
1,1,0.7709135495362941
1,1,0.7711748865800243
1,1,0.8020399373628238
1,1,0.7590987805064612
1,1,0.7776904784284207
1,1,0.7795835624793136
1,1,0.7897620259270436
1,1,0.8068951886884939
1,1,0.8404800016461121
1,1,0.8219641422301907
1,1,0.8240799342802929
1,1,0.6523242001801056
1,1,0.6777229795054063
1,1,0.7006774611722677
1,1,0.710588058482793
1,1,0.7265626710449262
1,1,0.7347835604623616
1,1,0.7251288817237913
1,1,0.7140562978859702
1,1,0.7272712157965451
1,1,0.7283347163641326
1,1,0.7126429076898585
1,1,0.7188103310871
1,1,0.7054299627756344
1,1,0.7000872655418979
1,1,0.6964035311460335
1,1,0.7162606710286687
1,1,0.7067537488577681
1,1,0.7499337153197138
1,1,0.7277487737748133
1,1,0.701147768362488
1,1,0.6980041378448943
1,1,0.6840736960394564
1,1,0.7455659741288855
1,1,0.7529698330055302
1,1,0.7614411308030707
1,1,0.7287372497139541
1,1,0.6994370517531149
1,1,0.7731734296266545
1,1,0.7710136664330092
1,0,0.47041126252419424
1,1,0.777451255399545
1,1,0.7509099529967246
1,1,0.7320016548668059
1,1,0.7333636246848267
1,1,0.7191875526765219
1,1,0.7311049858345541
1,1,0.7496231618949265
1,1,0.7004109548149374
1,1,0.6829210622553973
1,1,0.6829700733165268
1,1,0.6875825201638218
1,1,0.6706949518048281
1,1,0.6804305564728349
1,1,0.6950344516875248
1,1,0.7393511702331481
1,1,0.7101247469983443
0,1,0.759206226628297
0,1,0.7715640982802061
0,1,0.7701647450982759
0,1,0.7767682134817925
0,1,0.7936986143842235
0,1,0.8000430604640215
0,1,0.8135046684669333
0,1,0.8183480719317039
0,1,0.8354273131700326
0,1,0.7798748167856242
0,1,0.801257697672693
0,1,0.8350354714473768
0,1,0.8357242660097242
0,1,0.8263243888465119
0,1,0.8553325157602641
0,1,0.7878976223753602
0,1,0.7961179504246523
0,1,0.7918535683840717
0,1,0.796898837414921
0,1,0.7929701567938711
0,1,0.7980241839841885
0,1,0.7880105425263938
0,1,0.8314764145853072
0,0,0.264769523569664
0,0,0.2198581938394831
0,0,0.19604348488057247
0,0,0.215289379727198
0,0,0.20650003326729022
0,0,0.18003168015643742
0,0,0.21639780431073258
0,0,0.2449558879414234
0,0,0.244846868322513
0,0,0.21420600744711815
0,0,0.21764401051348348
0,0,0.23301470804372554
0,0,0.18569314196409006
0,0,0.19273380459077596
0,0,0.1393100555767859
0,0,0.15802982761633702
0,0,0.16590775968750238
0,0,0.19245301350764188
0,0,0.22549322284690304
0,0,0.17629917970801262
0,0,0.24554176174192277
0,0,0.25029475989974953
0,0,0.24246382007992207
0,0,0.15512034287214724
0,0,0.19990480215584955
0,0,0.2416030446483247
0,0,0.23033738842420567
0,0,0.17067058438667954
0,0,0.17625366535851372
0,0,0.18730882370613636
0,0,0.17152947441944988
0,0,0.15439770255757154
0,0,0.15880419653499245
0,0,0.18978625938269547
0,0,0.19284659657880301
0,0,0.21887312454729588
0,0,0.20740370298857974
0,0,0.21262159435914404
0,0,0.208732418862277
0,0,0.2046883584862107
0,0,0.19021621065996613
0,0,0.17319831819918372
0,0,0.19381203173329065
0,0,0.18502842338591616
0,0,0.1580574625848321
0,0,0.15990773044910117
0,0,0.17458053390918452
0,0,0.18712625723528087
0,0,0.18008213603575166
0,0,0.17781031081950785
0,0,0.19109571728517769
0,0,0.15737022525577812
0,0,0.19501623462170403
0,0,0.26218448812356315
0,0,0.22726359130279872
0,0,0.21746832346096528
0,0,0.2449429048527808
0,0,0.20112010551297985
0,0,0.2444283953541494
1,1,0.6473931898744664
1,1,0.673657060696849
1,1,0.7758935894321956
1,1,0.7976523566871424
1,1,0.8259057664954429
1,1,0.780077799636879
1,1,0.7068881132936018
1,1,0.6979557251835365
1,1,0.7153809670400836
1,1,0.7296102437526792
1,1,0.7855156716778281
1,1,0.7773579056504494
1,1,0.7993994953115225
1,1,0.8021600864749823
1,1,0.815031780839533
1,1,0.8113865599156854
1,1,0.8278188346971644
1,1,0.7771243986391541
1,1,0.8281244266860064
1,1,0.8054940617219521
1,1,0.793321526524052
1,1,0.7960014559023513
1,1,0.7779582338887426
1,1,0.7016676078340347
1,1,0.7442165706411088
1,1,0.6783904823517715
1,1,0.6746465038302978
1,1,0.6526061012001848
1,1,0.641926318632245
1,1,0.6125582906307144
1,1,0.6391211529446624
1,1,0.637847021077686
1,1,0.626801577634972
1,1,0.6140715836858073
1,1,0.6045482152998867
1,1,0.6295420243973203
1,1,0.6069054539795978
1,1,0.6067047057109157
1,1,0.6022582957004662
1,1,0.5792949024851537
1,1,0.5976329211792352
1,1,0.6149078016386249
1,1,0.6164465854882003
1,1,0.6024527329252161
1,1,0.6165585508889924
1,1,0.6122871861560334
0,0,0.26681762636218725
0,0,0.22039891391951072
0,0,0.22240930074548446
0,0,0.1922556974863335
0,0,0.21897113329072748
0,0,0.22602546365355433
0,0,0.17509213635002926
0,0,0.166953039469938
0,0,0.1901436124835955
0,0,0.19355688755902048
0,0,0.18888515383668103
0,0,0.19213333342549282
0,0,0.17898954195476538
0,0,0.17962286995084004
0,0,0.19755212088692015
0,0,0.2036591514360226
0,0,0.22434274900585272
0,0,0.21682984957880388
0,0,0.19397737526977935
0,0,0.16058971123516788
0,0,0.18512860074696633
0,0,0.18588153066118412
0,0,0.24180015282401388
0,0,0.21633295402388303
0,0,0.23102632180258506
0,0,0.22429625184430474
0,0,0.20401777574534155
0,0,0.20258460816473534
0,0,0.19786041332620688
0,0,0.21038805665822619
0,0,0.16679116618932655
0,0,0.18749882617553645
0,0,0.27061016066030247
0,0,0.2540032054736942
0,0,0.24347057693167184
0,0,0.22021737039161263
0,0,0.21563763276551154
0,0,0.2470854311397248
0,0,0.2688889916597088
0,0,0.28194649715837156
0,0,0.28449723915335834
0,0,0.26430406997950084
0,0,0.2525677487520945
0,0,0.2730054724958048
0,0,0.2795297512907344
0,0,0.2597932678707469
0,0,0.28827116232866784
0,0,0.28522883729607007
0,0,0.2919120605626629
0,0,0.2819120605626629
0,0,0.28232748060370366
0,0,0.29324592216214523
0,0,0.2729832889743622
0,0,0.2641295730439691
0,0,0.2638664820535183
0,0,0.2621821090300623
0,0,0.2546861380984278
0,0,0.2546861380984278
0,0,0.2460020684409275
0,0,0.2607300254184837
0,0,0.23510884271027904
0,0,0.23425706138477217
0,0,0.2533608696024373
0,0,0.219494386375009
0,0,0.19309685935972287
0,0,0.2129505627999766
0,0,0.19271417725676637
0,0,0.20646981068526443
0,0,0.23385228686460394
0,0,0.20634720989103106
0,0,0.22556342276528035
0,0,0.20937749152994234
0,0,0.19934494469175099
0,0,0.18848606191210288
0,0,0.23241700810914068
0,0,0.21836148182581805
0,0,0.22630004859563285
0,0,0.17684017048744669
0,0,0.22271728125962414
0,0,0.27165042530645783
0,0,0.22047014745756377
0,0,0.2034532358764594
0,0,0.20082038882703027
0,0,0.19831616724010281
0,0,0.22017135241054753
0,0,0.2218255041740265
0,0,0.2368454849302198
0,0,0.23117119153247237
0,0,0.23590366003536456
0,0,0.22750018022174526
0,0,0.22027651650779434
0,0,0.25970495669071647
0,0,0.2629185936254889
0,0,0.2707755528831376
0,0,0.21381968618900288
0,0,0.19851318325724532
0,0,0.16899290207490644
0,0,0.159007020262154
0,0,0.20553840704517076
0,0,0.25578932080329336
0,0,0.20810082548772757
0,0,0.17720549965347426
0,0,0.21152333446360688
0,0,0.2080288152868873
0,0,0.16342018938368377
0,0,0.20316705832209156
0,0,0.23114900821399317
0,0,0.23243066208598046
0,0,0.21658130821452076
0,0,0.24347674698754992
0,0,0.2838073377913953
0,0,0.2915936261260114
0,0,0.2827922619075529
0,0,0.2794751121980053
0,0,0.20802982063549755
0,0,0.23391765615961627
0,0,0.2161441336205499
0,0,0.24544780548063588
0,0,0.2313635354742719
0,0,0.21746939779359173
0,0,0.19809862174206672
0,0,0.1739772670243417
0,0,0.18093771019972343
0,0,0.22437708553560387
0,0,0.20794482803042777
0,0,0.1903901564151103
0,0,0.22237220313187836
0,0,0.23191104126121534
0,0,0.215874977661692
0,0,0.1909091621806423
0,0,0.20028979014229725
0,0,0.18255591568839008
0,0,0.19530248432821565
0,0,0.2034378858445728
0,0,0.20114752314019171
0,0,0.18055604185931579
0,0,0.16003366006055708
0,0,0.1859598507804309
0,0,0.16181800893382303
0,0,0.13587503890156538
0,0,0.12846752199389422
0,0,0.14966382841276657
0,0,0.14227048904838274
0,0,0.14359092283765904
0,0,0.15603171683988984
0,0,0.12462115176049648
0,0,0.16895878700181766
0,0,0.15640993213479046
0,0,0.14558364692218345
0,0,0.1589466716231489
0,0,0.16212495541041147
0,0,0.17094147622543646
0,0,0.16366272366694962
0,0,0.1572935218488535
0,0,0.18421775343575725
0,0,0.1564560583570941
0,0,0.16984766614110403
0,0,0.14656692765138815
0,0,0.14509100936671535
0,0,0.15475931063765022
0,0,0.19183251043524321
0,0,0.1337796629078355
0,0,0.13940219531719666
0,0,0.19025614091551585
0,0,0.1511520282755389
0,0,0.14289398532708958
0,0,0.1267508143900686
0,0,0.20574937892815331
0,0,0.17480443482805466
0,0,0.14601287184978495
0,0,0.14733282409332968
0,0,0.13771166678498378
0,0,0.15312396323671687
0,0,0.1540700988368176
0,0,0.1446407429320227
0,0,0.1472082928695782
0,0,0.1283473326320644
0,0,0.12374045502656615
0,0,0.14061683335102507
0,0,0.15854681672331794
0,0,0.14988114435299488
0,0,0.13930552869155158
0,0,0.14520577346680666
0,0,0.12502465872020976
0,0,0.152986186808721
0,0,0.15379457488065784
0,0,0.14375537405809993
0,0,0.149288411792707
0,0,0.12555828404617256
0,0,0.1915961022392736
0,0,0.1690073504030222
0,0,0.12036376975719086
0,0,0.14004421772191017
0,0,0.1338369070167888
0,0,0.1485774264264194
0,0,0.15018390984200722
0,0,0.1350009618928808
0,0,0.14549355596347943
0,0,0.1534678778869908
0,0,0.1645663784987718
0,0,0.14590161733146825
0,0,0.15298413391144186
0,0,0.13227262431311915
0,0,0.1381046389285638
0,0,0.13419836137692154
0,0,0.13706973405292572
0,0,0.14198181015826195
0,0,0.13013762450135352
1,1,0.7478229142430505
1,1,0.7303626478082299
1,1,0.7033370245330758
1,1,0.7148512021527134
1,1,0.7243090830318564
1,1,0.7107159699894967
1,1,0.6976321194588485
1,1,0.6975890155900172
1,1,0.7334851553573681
1,1,0.7191754635818532
1,1,0.7257036457707993
1,1,0.7183560680152364
1,1,0.7117699557895375
1,1,0.7321134642676362
1,1,0.7022656883220881
1,1,0.6936724420038267
1,1,0.6788523222819498
1,1,0.6917454695880064
1,1,0.7312307383834742
1,1,0.696115428820437
1,1,0.6932038179904317
1,1,0.6989947900989512
1,1,0.6991358830479214
1,1,0.7270934374882105
1,1,0.696535602706858
1,1,0.7014914272445621
1,1,0.7128730610600763
1,1,0.7039362097636536
1,1,0.7091734293222676
1,1,0.7079254362619039
1,1,0.6944154454756185
1,1,0.7082025833666395
1,1,0.7096843759828293
1,1,0.70529371281627
1,1,0.7056104646029736
1,1,0.69115374409138
1,1,0.6716660717250035
1,1,0.6543271137924199
1,1,0.6921525513321831
1,1,0.7015727279846733
1,1,0.690452175693098
1,1,0.6869667619867432
1,1,0.6823446735975015
1,1,0.7114021346708357
1,1,0.699374119256883
1,1,0.6750382934672294
0,1,0.7850323869040934
0,1,0.7759876927459394
0,1,0.8675628313011015
0,1,0.7805704683862058
0,1,0.8159975642398293
0,1,0.873727521230127
0,1,0.8570068747161627
0,1,0.8476224359584523
0,1,0.8443048418173795
0,1,0.8486729265896087
0,1,0.8108464493600341
0,1,0.8374618312569211
0,1,0.8331404210042805
0,1,0.8562865392954774
0,1,0.8398098699655283
0,1,0.8606215053056787
0,1,0.8489914175532851
0,1,0.8455158012091469
0,1,0.8302027989896775
0,1,0.8521226573406574
0,1,0.8161081778090399
0,1,0.880770267266483
0,1,0.8518378064571249
0,1,0.9486469719118544
0,1,0.9161018890784339
0,1,0.9134278897387921
0,1,0.9233278787074517
0,1,0.9271418041512238
0,1,0.9284582286104809
0,1,0.9201196561174997
0,1,0.9109856917009226
0,1,0.9199835289931255
0,1,0.8499126794765179
0,1,0.8458858238445977
0,1,0.8525697742384883
0,1,0.8654530384365168
0,1,0.874247986269349
0,1,0.9055694725443735
0,1,0.8800709612001278
0,1,0.8900323309167456
0,1,0.8813737765656744
0,1,0.8756003185016905
0,1,0.8855412742716149
0,1,0.8205074273121453
0,1,0.7980075574418417
0,1,0.8284783151520165
0,1,0.7905669542040807
0,1,0.8381832180007261
0,1,0.8306640450193679
0,1,0.828596204634365
0,1,0.8333384394367345
0,1,0.818146915188834
0,1,0.7981829431662644
0,1,0.8191899780030713
0,1,0.7832917901816343
0,1,0.8317849065109093
0,1,0.7670804507089928
0,1,0.7894156266315437
0,1,0.7990188507499828
0,1,0.7769762298659684
0,1,0.8373185036217834
0,1,0.8292521467456525
0,1,0.8382570431961787
0,1,0.8529196829448125
0,1,0.8589893176415829
0,1,0.8851191408453372
0,1,0.7829271475002554
0,1,0.8330710698182229
0,1,0.8433435248863889
0,0,0.1516549147915595
0,0,0.13575101404135526
0,0,0.1579780602778447
0,0,0.1743527764156094
0,0,0.1723252424144783
0,0,0.19474869141146353
0,0,0.17910581705446194
0,0,0.18101675948669915
0,0,0.19433708634515356
0,0,0.18909330055086265
0,0,0.17301116413417067
0,0,0.18076940174190947
0,0,0.18608704774830925
0,0,0.1541593813870994
0,0,0.21822039829848525
0,0,0.17513086254067087
0,0,0.14255131042589064
0,0,0.16577127711460712
0,0,0.1529342011092644
0,0,0.15291995282510393
0,0,0.13110231059882071
0,0,0.12658029555427036
0,0,0.12622760430774116
0,0,0.14055826913117986
0,0,0.15521344721030192
0,0,0.17957582158674185
0,0,0.15551904552599483
0,0,0.1736785716131738
0,0,0.17033868978737313
0,0,0.16279995721989668
0,0,0.14630497752529176
0,0,0.16015861857298969
0,0,0.16513425203299115
0,0,0.1806424882990241
0,0,0.1587688918427128
0,0,0.16232427181937098
0,0,0.15821675343775093
0,0,0.1516552407398148
0,0,0.17084478395040076
0,0,0.1660952495676294
0,0,0.1765705671085035
0,0,0.1933469510813247
0,0,0.18339659886866763
0,0,0.16802126983800567
0,0,0.19655182696924464
0,0,0.19680134062062823
0,0,0.1971100798473081
0,0,0.1636950010298589
0,0,0.16773513244789107
0,0,0.1653114043547138
0,0,0.15599150765651873
0,0,0.1953311069966189
0,0,0.18770086102423722
0,0,0.1878253373033078
0,0,0.1948503056470315
0,0,0.2228822228530196
0,0,0.17867959059669322
0,0,0.1828661689698566
0,0,0.1904411045750502
0,1,0.6943114850569585
0,1,0.6872925450335026
0,1,0.7231058039902009
0,1,0.7443047619019927
0,1,0.7301298868880796
0,1,0.7366596872609718
0,1,0.7360427650557747
0,1,0.7154102477867794
0,1,0.7023595412822045
0,1,0.6980928027472351
0,1,0.7288916881145943
0,1,0.7430213957702222
0,1,0.7200825883922829
0,1,0.7119286023527629
0,1,0.7344425680556457
0,1,0.7226627549282937
0,1,0.7349495096206247
0,1,0.7596227554552487
0,1,0.7374145233061361
0,1,0.7459688318426915
0,1,0.7739615158950527
0,1,0.7685529450129985
0,1,0.7623795937962765
1,1,0.729333203745126
1,1,0.6877588751978922
1,1,0.7206370502525776
1,1,0.7146497821714507
1,1,0.7434910930388472
1,1,0.7303838300564034
1,1,0.7210380406459334
1,1,0.7190506155417694
1,1,0.712083868407133
1,1,0.722572332789337
1,1,0.7055461705824879
1,1,0.7302185677358088
1,1,0.7381632326796967
1,1,0.719984871353281
1,1,0.7431983787107426
1,1,0.7524047264800184
1,1,0.7340589842340848
1,1,0.7182871458203139
1,1,0.7307190754089808
1,1,0.7396122136626776
1,1,0.7265063925755817
1,1,0.7311630722440942
1,1,0.7304030254950485
0,0,0.20004849129984137
0,0,0.18483685598767022
0,0,0.19742447929508425
0,0,0.15029715024828452
0,0,0.16437361711952217
0,0,0.1696214405250574
0,0,0.194063361678891
0,0,0.16867597806739146
0,0,0.16424198123855793
0,0,0.18363386793359723
0,0,0.18731937957836933
0,0,0.18571313259907263
0,0,0.1471833267986083
0,0,0.15166483918608478
0,0,0.14297332550327568
0,0,0.15920951408910042
0,0,0.16662471449524027
0,0,0.15283515649153034
0,0,0.1519628764571321
0,0,0.16283491566868274
0,0,0.1329861548001481
0,0,0.17214891120703021
0,0,0.16014041142286053
0,0,0.17280971605350776
0,0,0.14661850585263456
0,0,0.1733500207564457
0,0,0.1856838312672248
0,0,0.17713916369511234
0,0,0.17936568525679916
0,0,0.19235262059860467
0,0,0.14455958088575627
0,0,0.14230958370384456
0,0,0.13777944338265885
0,0,0.19450258217699534
0,0,0.2062663704853702
0,0,0.18842989740284233
0,0,0.1596179734682708
0,0,0.1617588608218455
0,0,0.20928527956443777
0,0,0.2126599025175506
0,0,0.18418851019153423
0,0,0.19639981696153888
0,0,0.18836268588663047
0,0,0.17420340445963575
0,0,0.1913443524508405
0,0,0.18765586452930763
0,0,0.21523645965132274
0,0,0.2163414423303975
0,0,0.1968569012672351
0,0,0.21065295361510564
0,0,0.21426732231918028
0,0,0.18442550906142918
0,0,0.19292990148804473
0,0,0.20910680201479082
0,0,0.21269845824735933
0,0,0.20998756318778772
0,0,0.2123867860085427
0,0,0.2080473703861851
0,0,0.22080578257505212
0,0,0.20802645491347474
0,0,0.18560249488075253
0,0,0.18719168553092552
0,0,0.19340841851296414
0,0,0.20003981034635493
0,0,0.2010591383980813
0,0,0.20246972536723162
0,0,0.2220202873985821
0,0,0.1944001051110192
0,0,0.18749213030876405
0,0,0.2079406190910803
0,0,0.2434563857723284
0,0,0.2059615723224156
0,0,0.21151668449042152
0,0,0.24004093192111675
0,0,0.27682831941987707
0,0,0.2707926572325472
0,0,0.26013445024730236
0,0,0.27796766472421724
0,0,0.2809642177126652
0,0,0.256855486139769
0,0,0.23579460498264226
0,0,0.24300026584891918
0,0,0.21856043802377476
0,0,0.21148575491245022
0,0,0.22520367260226012
0,0,0.2676929703733631
0,0,0.21881153101557715
0,0,0.24543906189101147
0,0,0.2190319858894493
0,0,0.203524322201815
0,0,0.20582730895715526
0,0,0.22390819608431642
0,0,0.24774066377974088
0,0,0.2579070686670052
0,0,0.24712773023588078
0,0,0.2251559540804623
0,0,0.20475787726762562
0,0,0.23158981423853742
0,0,0.20070890679080106
0,0,0.20900475157848045
0,0,0.2221587000415925
0,0,0.24316505901733962
0,0,0.22232717608756541
0,0,0.23410627745309778
0,0,0.2125602740908633
0,0,0.25526804091131294
0,0,0.30364716002798037
0,0,0.27076286935507526
0,0,0.25228344401907177
0,0,0.2577929140527579
0,0,0.24525796982918063
0,0,0.22503960475711124
0,0,0.2270414616922476
0,0,0.18910484268463798
0,0,0.20895416751126
0,0,0.24921694622529802
0,0,0.22691675913166987
0,0,0.23403387159308273
0,0,0.21731436337751467
0,0,0.2602374720128222
0,0,0.2759666808926116
0,0,0.23982051239975608
0,0,0.24597992702519772
0,0,0.19821975549408655
0,0,0.2941754070864296
0,0,0.28826046869447153
0,0,0.2525323675890224
0,0,0.2613335671667015
0,0,0.38695669956743095
0,0,0.33466920677163614
0,0,0.30516143108722776
0,0,0.38294320377640284
0,0,0.338578341282894
0,0,0.27269700375346817
0,0,0.2201913917032166
0,0,0.31598201042499463
0,0,0.2799249764929667
0,0,0.2347474347218778
0,0,0.16833903165461708
0,0,0.1912658141432569
0,0,0.2167190879949465
0,0,0.24005151124680155
0,0,0.23298687130997497
0,0,0.21158663851847323
0,0,0.25284159430024955
0,0,0.20097181522441082
0,0,0.1965883102068673
0,0,0.2650056017705318
0,0,0.2316314521742753
0,0,0.21956921360739914
0,0,0.20425787448808141
0,0,0.15495966095711247
0,0,0.21928618230294888
0,0,0.1629672913541906
0,0,0.1299221042093963
0,0,0.17273292160104653
0,0,0.2007926794663862
0,0,0.23840074763268804
0,0,0.16495190337364524
0,0,0.18158321017746012
0,0,0.17315792960268464
0,0,0.1854223924724048
0,0,0.17239007659994565
0,0,0.17440245935506593
0,0,0.1635886742771687
0,0,0.1437157963003022
0,0,0.14168549341184114
0,0,0.15984948956710135
0,0,0.22446792558443687
0,0,0.21138647519196802
0,0,0.3027040447872646
0,0,0.33594431943451286
0,0,0.17991198456028568
0,0,0.14756341328192374
0,0,0.1569320700721573
0,0,0.28835988895485004
0,0,0.22882599894711458
0,0,0.13038731300483436
0,0,0.08453603014482232
0,0,0.12386361621179662
0,0,0.16373470125657796
0,0,0.1137204714265988
0,0,0.16181734015306698
0,0,0.15116888713840038
0,0,0.14213145706090463
0,0,0.13608380571744425
0,0,0.1865267626205663
0,0,0.18678557245556018
0,0,0.18959462154723347
0,0,0.15123695259248543
0,0,0.10967093679104474
0,0,0.13106109921082162
0,0,0.1474941639281634
0,0,0.13075359745938292
0,0,0.10527544533688502
0,0,0.09633037576347087
0,0,0.09689075343739365
0,0,0.09679966192040695
0,0,0.14747001284288724
0,0,0.16660599899794318
0,0,0.16357958742448617
0,0,0.09979082739642363
0,0,0.14494317678474736
0,0,0.1105658430038408
0,0,0.16459019832453697
0,0,0.12846969465825356
0,0,0.0986483779737783
0,0,0.15407332664528572
0,1,0.6511148536695508
0,1,0.6183458093193392
0,1,0.6203303995247643
0,1,0.6090354221335172
0,1,0.6808780334637575
0,1,0.7243875331113224
0,1,0.7181246793378806
0,1,0.7339452725374942
0,1,0.7110845033744585
0,1,0.7483780846964767
0,1,0.6903809111539951
0,1,0.6778313422429123
0,1,0.6822885715845705
0,1,0.6720633485858145
0,1,0.6511925246814546
0,1,0.64095882130134
0,1,0.6540619215186382
0,1,0.6635728146595673
0,1,0.6511962730911683
0,1,0.6019812641685715
0,1,0.6543012144688467
0,1,0.6249034241025437
0,1,0.6740232809645014
0,1,0.721135109484489
0,1,0.7131823933905398
0,1,0.7010597540675364
0,1,0.7113222530674698
0,1,0.8243370634839148
0,1,0.8183652457752042
0,1,0.8117880520653291
0,1,0.8135183475305245
0,1,0.715581280436493
0,1,0.6681761161941996
0,1,0.6032608991905809
0,1,0.6429424247475767
0,1,0.623903537028071
0,1,0.6121971108648292
0,1,0.5690394736521351
0,1,0.5780485826436478
0,1,0.6229177684783774
0,1,0.5959218138079206
0,1,0.5580993494959784
0,1,0.5879723826743233
0,1,0.5987282199059016
0,1,0.5807646975443538
0,1,0.5794642110089824
0,0,0.48611746950018264
0,1,0.5330941047426837
0,1,0.5864368863395945
0,1,0.6259271614930285
0,1,0.6232227696122334
0,1,0.6091300591796137
0,1,0.5964431362200162
0,1,0.594536144151339
0,1,0.6059756036563293
0,1,0.6391169334033191
0,1,0.6298733791483347
0,1,0.6331833456495795
0,1,0.6869306558166289
0,1,0.6951949734505999
0,1,0.7313255813893437
0,1,0.7568294925438765
0,1,0.7355419119519219
0,1,0.729203343366574
0,1,0.7993879100244479
0,1,0.7553060936078272
0,1,0.8426709970947843
0,1,0.8335679853235227
0,1,0.8044193430485056
0,1,0.5522321720624016
0,1,0.5630793008965306
0,1,0.5623229167341165
0,0,0.4819109278595338
0,1,0.5900614010173469
0,1,0.6179841552807278
0,1,0.5635235683746455
0,1,0.5068392706309508
0,1,0.559013501614048
0,1,0.5941351713558162
0,1,0.5809256623890647
0,1,0.6261249649394987
0,1,0.6642519543599239
0,1,0.6380672369587816
0,1,0.586121241389298
0,1,0.6120303753026632
0,1,0.6177794030240452
0,1,0.6496846482165466
0,1,0.6733376340343794
0,1,0.7382821649818377
0,1,0.8008229155511297
0,1,0.7784025423116312
0,1,0.7296913492799783
0,1,0.6823611349666376
0,1,0.6997450383287109
0,1,0.6354504231630316
0,1,0.6104920449424571
0,1,0.6068283768497451
0,1,0.6350717882997217
0,1,0.6770452239867198
0,1,0.7157748224152176
0,1,0.6831172379286791
0,1,0.6150980657660046
0,1,0.6748347969260045
0,1,0.700025810045492
0,1,0.669813854829592
0,1,0.6797018313343719
0,1,0.7496724404530195
0,1,0.7626137341322186
0,1,0.7549516376109318
0,1,0.768555179412574
0,1,0.8011195551590472
0,1,0.8121377797378152
0,1,0.8712949784680195
0,1,0.8931886471934115
0,1,0.8613745749995668
0,1,0.6321455153201938
0,1,0.6411965198877491
0,1,0.66223179016646
0,1,0.6291715927389983
0,1,0.8041909571788441
0,1,0.8160167990467987
0,1,0.7963431998704027
0,1,0.8461288930701558
0,1,0.8191525122022019
0,1,0.8448955052322731
0,1,0.8511175689428004
0,1,0.8164141690076607
0,1,0.8319632792480821
0,1,0.7765671643679743
0,1,0.7182853757145413
0,1,0.6571773544883257
0,1,0.639579474524
0,1,0.5825483954333823
0,1,0.6547127167018055
0,1,0.5985076211107083
0,1,0.5709118423592028
0,1,0.6012355683661187
0,1,0.5923537320723857
0,1,0.6828486752749597
0,1,0.6394865264413468
0,1,0.6642994221245945
0,1,0.6750265563646463
0,1,0.6135147716949956
0,1,0.6007075409357671
0,1,0.6523515342160044
0,1,0.6580158318477873
0,1,0.5516413931502838
0,1,0.5547457352554481
0,1,0.5850132002822477
0,1,0.5845655349684492
0,1,0.6167546687379063
0,1,0.6163830147449572
0,1,0.6055161322722737
0,1,0.6239953644960414
0,1,0.6240279760910374
0,1,0.6462949691691092
0,1,0.5961400535016608
0,1,0.583640620926554
0,1,0.5960466253262715
0,1,0.6635913338414844
0,1,0.627311703445965
0,0,0.2896785709506482
0,0,0.3190494865003425
0,0,0.29578459903010224
0,0,0.4129140241020183
0,0,0.34111827509905546
0,0,0.39288830010238895
0,0,0.3637532839714973
0,0,0.36290921280798166
0,0,0.3937595776924997
0,0,0.38267843600423057
0,0,0.32911121349265815
0,0,0.2398839843466424
0,0,0.2960959787406155
0,0,0.3554296424791473
0,0,0.31396636448794096
0,0,0.3171668877396706
0,0,0.3254294800748729
0,0,0.30218838922814895
0,0,0.36541785825786255
0,0,0.35827395737847145
0,0,0.36691802946455426
0,0,0.3180063576765798
0,0,0.234798619419342
0,0,0.3290094249981009
0,0,0.30094404924344464
0,0,0.34160653637021116
0,0,0.32709011683376077
0,0,0.3719710282696833
0,0,0.2599801695707829
0,0,0.21628713869365243
0,0,0.23760113643801756
0,0,0.23302301597498748
0,0,0.24098358779194906
0,0,0.24712369315626784
0,0,0.24076389639535217
0,0,0.3158420709873655
0,0,0.34177185598996923
0,0,0.33592885649791143
0,0,0.3398871364544636
0,0,0.3845210601372289
0,0,0.3073137929825603
0,0,0.274324057838219
0,0,0.2544960143270005
0,0,0.2997662730392352
0,0,0.285883929628473
0,0,0.30118217683035803
0,0,0.2104070286447147
0,0,0.22190524324383556
0,0,0.22741621848762944
0,0,0.2582721533259374
0,0,0.17959301418214316
0,0,0.21540812023076747
0,0,0.21848678938764948
0,0,0.20141355727674637
0,0,0.22046562807130526
0,0,0.23935187876827627
0,0,0.19740629238773813
0,0,0.19864379425263945
0,0,0.19893230239608484
0,0,0.23884955900706548
0,0,0.20289800595115
0,0,0.1929712888474318
0,0,0.19560458614469983
0,0,0.22504592340548663
0,0,0.20820695343884787
0,0,0.20614751036512247
0,0,0.20218084041604784
0,0,0.1870362437387384
0,0,0.24764183589985553
0,0,0.21121680692113143
0,0,0.23198770640670024
0,0,0.24894334744156266
0,0,0.2581130730401474
0,0,0.2719764562994891
0,0,0.28322038743150935
0,0,0.30452142469774485
0,0,0.32421971214001516
0,0,0.30460356492844237
0,0,0.22490015672323715
0,0,0.2586397200121744
0,0,0.252260222938128
0,0,0.25905149192317284
0,0,0.27512067395541984
0,0,0.21814551510516264
0,0,0.29280748982397614
0,0,0.288620649052709
0,0,0.32579807933657895
0,0,0.2958588698547689
0,0,0.24956028064475053
0,0,0.2806572177543359
0,0,0.2684639513112394
0,0,0.27018700834094234
0,0,0.2831140139019273
0,0,0.34341308747629656
0,0,0.36047815031511193
0,0,0.34626933672560684
0,0,0.36501078610816534
0,0,0.3613046472088128
0,0,0.3628748328094032
0,0,0.3696770118436886
0,0,0.2867598437829931
0,0,0.28256023123546564
0,0,0.3292566190873677
0,0,0.3228184497191662
0,0,0.2507915242180859
0,0,0.27418259045898674
0,0,0.32664264492543554
0,0,0.2519919050953824
0,0,0.3461964373655067
0,0,0.33907888920642953
0,0,0.4058224803044761
0,0,0.3865349542245716
0,0,0.38753877813176074
0,0,0.3259202273042498
0,0,0.16271215034422126
0,0,0.1638704403124847
0,0,0.17778807901616347
0,0,0.1612736361764426
0,0,0.1654551749118557
0,0,0.16071819494173384
0,0,0.19537672115291155
0,0,0.1988657543469884
0,0,0.20720316735023758
0,0,0.17685472061912877
0,0,0.16360309116828428
0,0,0.17032512992069176
0,0,0.2046443214885052
0,0,0.2191839893642621
0,0,0.20401360430047238
0,0,0.18888966669757842
0,0,0.20720598045450245
0,0,0.17875877504472348
0,0,0.1834013284784099
0,0,0.17652717703473925
0,0,0.19619629622939502
0,0,0.19896361814910282
0,0,0.19244248557466986
1,0,0.21282669445800623
1,0,0.24096000943438775
1,0,0.19937460258017506
1,0,0.21304585515881375
1,0,0.1702251554727545
1,0,0.14918392720117718
1,0,0.2205241249648872
1,0,0.17295299977190964
1,0,0.1916652005456521
1,0,0.19551443228680668
1,0,0.19976513168096235
1,0,0.24255716813230255
1,0,0.1435969867250395
1,0,0.15835826498220704
1,0,0.16992688713684698
1,0,0.22000803672446545
1,0,0.12134398014855989
1,0,0.17188458232300605
1,0,0.1291839964523288
1,0,0.18868180853497096
1,0,0.17124972227576446
1,0,0.16975037843265833
1,0,0.18526083270395247
1,0,0.1601462019143472
1,0,0.12685578159906552
1,0,0.14229971412905923
1,0,0.18091407111604016
1,0,0.15965665923839145
1,0,0.1765398742443615
1,0,0.20592498061579786
1,0,0.11243780233926114
1,0,0.13774637408047272
1,0,0.12330722081074973
1,0,0.12222712049321344
1,0,0.15575606234673134
1,0,0.18865289508853994
1,0,0.270708470173213
1,0,0.16042440182399836
1,0,0.15380606832330102
1,0,0.1717750537989467
1,0,0.15487580316555755
1,0,0.1180764013290527
1,0,0.16019555911597527
1,0,0.17422587470795448
1,0,0.13443062391683105
1,0,0.1645190593056844
1,0,0.1658427670540375
1,0,0.1553068670889827
1,0,0.1765852102612641
1,0,0.19377902323000878
1,0,0.1302025323879919
1,0,0.13739939496667508
1,0,0.16075537525217093
1,0,0.11902087236629223
1,0,0.12129119201289706
1,0,0.14971422823628303
1,0,0.18536782939945312
1,0,0.17750840494496095
1,0,0.1517403186332534
1,0,0.13722302016367963
1,0,0.19904651090865388
1,0,0.18755195758266413
1,0,0.14616527866655518
1,0,0.15638056212501852
1,0,0.1371243990168159
1,0,0.1463645686253366
1,0,0.1948967778387524
1,0,0.19304805936534186
1,0,0.19079539911138507
1,0,0.18336206833164945
1,0,0.16483559449431895
1,1,0.6860972509414281
1,1,0.6829055910054269
1,1,0.686206719455724
1,1,0.6897718734739189
1,1,0.686972456499814
1,1,0.6575614112332882
1,1,0.6686699057326121
1,1,0.6786699057326122
1,1,0.6707674132901676
1,1,0.6702685805860034
1,1,0.7044332082167665
1,1,0.6815257628447589
1,1,0.7214717371146747
1,1,0.738178033530746
1,1,0.7305456148582041
1,1,0.7212984518217376
1,1,0.7216917194847151
1,1,0.6689771942839254
1,1,0.6382651854417752
1,1,0.6440952439076546
1,1,0.6701615888921283
1,1,0.66326440240905
1,1,0.6657566051216814
1,1,0.6770632891073791
1,1,0.712240847948343
1,1,0.6838857381280694
1,1,0.6774721271808782
1,1,0.6715280898791984
1,1,0.6667313287607861
1,1,0.6777770789856136
1,1,0.6793556694840999
1,1,0.6893181257182461
1,1,0.6970117594760212
1,1,0.7256369194047545
1,1,0.7089351423091927
1,1,0.6725437403408087
1,1,0.6861027325878705
1,1,0.6942953926837753
1,1,0.6696984722169055
1,1,0.6693113184625423
1,1,0.6747182500108612
1,1,0.6681195269382854
1,1,0.6854348648353985
1,1,0.6581421119050755
1,1,0.6204326110019356
1,1,0.6917908575570546
1,1,0.7732702553181976
1,1,0.7693116005474829
1,1,0.7690390445727051
1,1,0.7646415388873881
1,1,0.7820631289351073
1,1,0.809979693902915
1,1,0.8371263155440105
1,1,0.8340502420471206
1,1,0.8161987344399101
1,1,0.8339670290477931
1,1,0.8363252714277328
1,1,0.8174632519453844
1,1,0.8367878714709314
1,1,0.8477145693289991
1,1,0.8368592132365985
1,1,0.8951543373246277
1,1,0.8887845032209603
1,1,0.8885273341181701
1,1,0.8802771904060503
1,1,0.8685303158427522
1,1,0.8602500598467562
1,1,0.8783339336576518
1,1,0.8266842142892353
1,1,0.8357326270074614
1,1,0.8524439940969769
1,1,0.8469653767666648
1,1,0.8652630747883013
1,1,0.8687202761352673
1,1,0.8560503077514616
1,1,0.8604187520250338
1,1,0.8566279290338403
1,1,0.8282289528491159
1,1,0.7980193822706159
1,1,0.8184166601630324
1,1,0.8101913976232364
1,1,0.8079978444906324
1,1,0.7948704765824662
1,1,0.8414311535930981
1,1,0.8635426491201244
1,1,0.8453155784140435
1,1,0.8505124822770437
1,1,0.8432508680348215
1,1,0.8650251208925394
1,1,0.8540382082329862
1,1,0.8961350147433129
1,1,0.8755096686672532
1,1,0.7351374272655269
1,1,0.737968747729647
1,1,0.7314683188993603
1,1,0.7155016806266029
1,1,0.7166598056334417
1,1,0.7598014136517718
1,1,0.7951112706520448
1,1,0.7880065563275587
1,1,0.7648485150427026
1,1,0.777731020714774
1,1,0.7780119107933825
1,1,0.74486294999096
1,1,0.7911025624377117
1,1,0.8006961201021638
1,1,0.8161287315283208
1,1,0.8286502895207626
1,1,0.7651404210864095
1,1,0.7778866751692094
1,1,0.7899984181451295
1,1,0.7647181462448716
1,1,0.7521964058215285
1,1,0.7578914322122893
1,1,0.7324967884075708
1,0,0.1727503326834512
1,0,0.1721306387013516
1,0,0.18499303707605616
1,0,0.16514266994818627
1,0,0.19836314241603423
1,0,0.19209505581029707
1,0,0.18910878255119606
1,0,0.1863639379624898
1,0,0.18893402528690487
1,0,0.17435757396265733
1,0,0.18648831628726206
1,0,0.1895332435469181
1,0,0.21546322781230523
1,0,0.23518466145464204
1,0,0.20075480034149035
1,0,0.19311654396712716
1,0,0.1903916985566172
1,0,0.15415211444385285
1,0,0.1733362774011285
1,0,0.19064676766157462
1,0,0.1996735977659439
1,0,0.17689360357826384
1,0,0.1836218448629335
1,0,0.17386747367341823
1,0,0.19610311681506637
1,0,0.20860061691881435
1,0,0.21172072545883164
1,0,0.20771520271216154
1,0,0.2010135196036738
1,0,0.20403014156203172
1,0,0.2076248101594348
1,0,0.17431304330473382
1,0,0.21832470417210773
1,0,0.18952608831793621
1,0,0.1646360137427653
1,0,0.1713233021502046
1,0,0.17736524816596277
1,0,0.21844277854428854
1,0,0.19249068719578977
1,0,0.19033236767864628
1,0,0.1954290623798422
1,0,0.16731322855603373
1,0,0.17145154418662922
1,0,0.13944124690658655
1,0,0.18063696709371171
1,0,0.17555871779103996
1,0,0.18139349159490462
1,0,0.19649750917530734
1,0,0.16211876504913164
1,0,0.1941714045500226
1,0,0.19019048028611663
1,0,0.17427140854190454
1,0,0.17564928079832443
1,0,0.18628449058365087
1,0,0.18165087081460857
1,0,0.17973580316128995
1,0,0.175968739271106
1,0,0.192607073718817
1,0,0.19474599578670948
1,1,0.8116516558885714
1,1,0.8263591791086701
1,1,0.80887778797502
1,1,0.808985179396329
1,1,0.8202791499019298
1,1,0.7760303291831385
1,1,0.7917364252907235
1,1,0.831147412233575
1,1,0.8367376637211476
1,1,0.8279904680165682
1,1,0.7988545683635632
1,1,0.8182970020096997
1,1,0.8079945488686099
1,1,0.77754514513093
1,1,0.803953209603797
1,1,0.8118148134259151
1,1,0.8056422249572948
1,1,0.7711003699113647
1,1,0.7766361686620256
1,1,0.7764233541513715
1,1,0.8054938766294159
1,1,0.7902130006038032
1,1,0.8212520627220653
1,1,0.7115083879791001
1,1,0.7184263060927742
1,1,0.7209983748620927
1,1,0.7197607096035827
1,1,0.7305926493207257
1,1,0.7048530689408115
1,1,0.7092433973555542
1,1,0.7144912241992409
1,1,0.692087321330189
1,1,0.6835777161914767
1,1,0.7755410969689664
1,1,0.7194557861633983
1,1,0.7366978278038286
1,1,0.7279667252289548
1,1,0.7409695394728765
1,1,0.7436117812354783
1,1,0.7423918132754757
1,1,0.7394135704231392
1,1,0.724155810825889
1,1,0.7589996778710109
1,1,0.7019529914486236
1,1,0.693483602857949
1,1,0.7030109214825341
1,0,0.20302445246968945
1,0,0.1864409101837105
1,0,0.20713241380412806
1,0,0.20114543534831988
1,0,0.1909613940998381
1,0,0.18921405410746409
1,0,0.20394906364651189
1,0,0.19986104974528512
1,0,0.19611357012260108
1,0,0.18946013885289414
1,0,0.21092738642703462
1,0,0.18548900158377685
1,0,0.17885016009984434
1,0,0.19085925183436425
1,0,0.2065901298018654
1,0,0.1740451740981267
1,0,0.18977366973060236
1,0,0.19734945933021256
1,0,0.17533060366877978
1,0,0.16983402602262188
1,0,0.1903492037841843
1,0,0.1903492037841843
1,0,0.19454613988314373
1,0,0.17294748165267051
1,0,0.16332465446722444
1,0,0.16168196520107528
1,0,0.16422529805509428
1,0,0.152651641083278
1,0,0.17204375005263828
1,0,0.16295550327402938
1,0,0.17494105131156185
1,0,0.22339079687584193
1,0,0.21406815468148552
1,0,0.20693682412589123
1,0,0.215445777416979
1,0,0.19480426397098807
1,0,0.18990133397558506
1,0,0.19602229455742953
1,0,0.18422488171643422
1,0,0.1944517440749235
1,0,0.1760635160776734
1,0,0.1664458715050067
1,0,0.1663594544398347
1,0,0.15753820739013843
1,0,0.15041389965855895
1,0,0.17955301338736945
1,0,0.18722391788092793
1,0,0.16338560072512145
1,0,0.17858997382115147
1,0,0.1711349587255138
1,0,0.1931011441463503
1,0,0.22185326270229683
1,0,0.1793821863149459
1,0,0.20533948863427248
1,0,0.15626725112077947
1,0,0.15334659541118886
1,0,0.17137030771611134
1,0,0.17079348116803636
1,0,0.16777646296462112
1,0,0.18741674801879185
1,0,0.20602593119623264
1,0,0.20586613549373867
1,0,0.1809979046773681
1,0,0.2050086756611879
1,0,0.22166578877932147
1,0,0.23100186808220127
1,0,0.23200951546523466
1,0,0.24594323299505386
1,0,0.20826472512256605
1,0,0.24394800575325992
1,0,0.21338238283653457
1,0,0.19273325747990439
1,0,0.2107268559600266
1,0,0.25459205329164225
1,0,0.2838732131968481
1,0,0.266820066685931
1,0,0.23908141081680712
1,0,0.256483919097908
1,0,0.25704276278793636
1,0,0.23339516125742266
1,0,0.21766640604989707
1,0,0.24596073812665623
1,0,0.25652622452630286
1,0,0.2669193301778112
1,0,0.2674382686651424
1,0,0.2644220377321772
1,0,0.27651782074424586
1,0,0.2663689013292221
1,0,0.2285108104791789
1,0,0.25364494359362694
1,0,0.25184373801876864
1,0,0.25520797597012945
1,0,0.2455507283840121
1,0,0.25994139002845046
1,0,0.23682263290703567
1,0,0.236313274341411
1,0,0.22944380882176132
1,0,0.24319425506814366
1,0,0.2819969546027286
1,0,0.2711447378967515
1,0,0.2734037979502706
1,0,0.25103656806542324
1,0,0.28832956476857596
1,0,0.23587281058944523
1,0,0.23684833622318563
1,0,0.23699660764853878
1,0,0.2223164023736242
1,0,0.22590278309244297
1,0,0.223216494883036
1,0,0.20431203993802072
1,0,0.23833499323626872
1,0,0.23096701499145803
1,0,0.23564817837285532
1,0,0.21124670267104761
0,0,0.2764350272272301
0,0,0.21003738585549458
0,0,0.2400154905203143
0,0,0.23830092880729414
0,0,0.25313203850324484
0,0,0.2511315378533149
0,0,0.23550337914147673
0,0,0.2089524935510823
0,0,0.23549372272924263
0,0,0.23104277902102896
0,0,0.22844221274578141
0,0,0.2690082035993226
0,0,0.23606914234388346
0,0,0.26741506204906296
0,0,0.28975708407383766
0,0,0.27212967391548853
0,0,0.2611979438344108
0,0,0.3248261110716149
0,0,0.29480399751580244
0,0,0.2465554857969526
0,0,0.26894297200103756
0,0,0.22696224952681385
0,0,0.21071027979890528
0,0,0.26148393565265377
0,0,0.24459043209775072
0,0,0.24531658706683993
0,0,0.22424104745981827
0,0,0.22102571384543798
0,0,0.2073705893060259
0,0,0.20816683916279158
0,0,0.20071098042618737
0,0,0.21341992391178682
0,0,0.22173843883922642
0,0,0.23150835048709179
0,0,0.20784578223039687
0,0,0.20457498974349053
0,0,0.20504146435246617
0,0,0.2072695992688625
0,0,0.20059151736493225
0,0,0.17545811634122738
0,0,0.2165451498828775
0,0,0.188375235687865
0,0,0.22052064567505553
0,0,0.20590250366604224
0,0,0.19160261954495378
0,0,0.1636734144964238
0,0,0.2016277511474292
0,0,0.20593079291075472
0,0,0.21220192627834195
0,0,0.24248796567537056
0,0,0.2163749319080304
0,0,0.2035055769916417
0,0,0.21513403024716435
0,0,0.21164332214396084
0,0,0.22032267433125227
0,0,0.19220154432233583
0,0,0.18869657063310286
0,0,0.19957872500386958
0,0,0.22494895187325487
0,0,0.18796249344327515
0,0,0.20674931263096957
0,0,0.20915294364929019
0,0,0.21176778032381352
0,0,0.20806599234326864
0,0,0.20788173564537146
0,0,0.2116696051362261
0,0,0.23541702062746123
0,0,0.23052657530255197
0,0,0.3016703124068416
0,0,0.3301509225691103
0,0,0.3236146757263794
0,0,0.3156161854054582
0,0,0.31718363572643865
0,0,0.29239613679858234
0,0,0.2868252940329962
0,0,0.2697808195035337
0,0,0.2795932022803546
0,0,0.2800454493258341
0,0,0.281744290917218
0,0,0.29103982095719494
0,0,0.27662253581127383
0,0,0.26877737022143755
0,0,0.23863864323631867
0,0,0.28947870621758787
0,0,0.28674856447828945
0,0,0.28932278214227214
0,0,0.27198387429070425
0,0,0.31774266147482777
0,0,0.31179278087633144
0,0,0.32079020985174006
0,0,0.34143437121676984
0,0,0.34889467688286324
0,0,0.3245873035215445
0,0,0.3233808181200053
1,1,0.5990882079541237
1,1,0.6312753514233489
1,1,0.5736358237984746
1,1,0.5854547769698313
1,1,0.629727028507431
1,1,0.6757798903451753
1,1,0.6743363846263967
1,1,0.6667643840265568
1,1,0.6980502180375053
1,1,0.690628459606782
1,1,0.6445419188122159
1,1,0.6684749092638285
1,1,0.6830625846549958
1,1,0.6641381394392759
1,1,0.6598392740164565
1,1,0.6168710354604722
1,1,0.6362500378257977
1,1,0.6130463236308752
1,1,0.6299908577608253
1,1,0.6561737907775849
1,1,0.6423429402097344
1,1,0.6243229956851164
1,1,0.5860150155419037
1,1,0.5970662502512487
1,1,0.6191042602494913
1,1,0.66379836248404
1,1,0.6737509006536335
1,1,0.6431026286826832
1,1,0.6533384210083628
1,1,0.668373848534904
1,1,0.6143781024392561
1,1,0.6157984968890673
1,1,0.6089270851941423
1,1,0.6794401527100489
1,1,0.7151216308175994
1,1,0.6126570533996145
1,1,0.6042564914352964
1,1,0.6997102714392003
1,1,0.66465730529273
1,1,0.6577748519672597
1,1,0.664988092850144
1,1,0.6694372867715174
1,1,0.6598715829441982
1,1,0.6758331740907585
1,1,0.6615375547064458
1,1,0.6700102217726576
0,1,0.7118813702699187
0,1,0.7354124493060524
0,1,0.7520097679088005
0,1,0.7132788900830868
0,1,0.706880906788728
0,1,0.7124692106037055
0,1,0.7211670070449696
0,1,0.7321782508864542
0,1,0.7409536029461683
0,1,0.7236649821816244
0,1,0.7000670299333929
0,1,0.7194602142244273
0,1,0.758861519200651
0,1,0.7527463101795849
0,1,0.7723303808236356
0,1,0.7448794105328836
0,1,0.7268851798926296
0,1,0.7377797034892148
0,1,0.7185213875892561
0,1,0.7099685504847186
0,1,0.7321957622609959
0,1,0.7133114165059233
0,1,0.6974753047195199
1,1,0.5897729704948232
1,1,0.5900327719303753
1,1,0.6148320641294537
1,1,0.5999592423928486
1,1,0.6230061667713279
1,1,0.5982967053533165
1,1,0.653378692731989
1,1,0.6281273539073208
1,1,0.5686994353851113
1,1,0.6168973415843597
1,1,0.6032607065593812
1,1,0.6087215642835383
1,1,0.5273147364867947
1,1,0.5895589582874506
1,1,0.5515621638935064
1,1,0.5633642531662453
1,1,0.5807280467102894
1,1,0.6102872101726576
1,1,0.6354258681182604
1,1,0.6456982493430573
1,1,0.5950305387382283
1,1,0.5906041169688621
1,1,0.6740371196460672
1,1,0.7038215948379231
1,1,0.7544813138983567
1,1,0.759917973614392
1,1,0.7355988431574371
1,1,0.7214074811038921
1,1,0.7124601976865239
1,1,0.7329069269956514
1,1,0.7389536474478308
1,1,0.7502647092677237
1,1,0.7519244306259628
1,1,0.7615015879798775
1,1,0.7526067936514791
1,1,0.7435024362899744
1,1,0.723712728673242
1,1,0.7667646867316665
1,1,0.7240676844451324
1,1,0.7188135620064213
1,1,0.7249684311433598
1,1,0.7358604243747897
1,1,0.7185143537844948
1,1,0.7067207631074323
1,1,0.6627275548999159
1,1,0.67632648114289
0,0,0.09951090313633242
0,0,0.11388752660849515
0,0,0.10940109138839556
0,0,0.1214121066951428
0,0,0.12895921502549906
0,0,0.11620453920841949
0,0,0.14230169258115907
0,0,0.13807151501150472
0,0,0.1255735859181864
0,0,0.13240870662237497
0,0,0.11889204367104846
0,0,0.12452492985567173
0,0,0.14602682549576992
0,0,0.14568203802355378
0,0,0.13479063513820125
0,0,0.13479809995067005
0,0,0.1273171277715929
0,0,0.11928374399014471
0,0,0.12790190852802297
0,0,0.12899584990952012
0,0,0.10345197841605117
0,0,0.11122004442164052
0,0,0.10953730893961511
0,0,0.10745941910210068
0,0,0.11038825424003677
0,0,0.10998981205500724
0,0,0.09982863697915915
0,0,0.12013906930919521
0,0,0.11441283671463542
0,0,0.11356801591569284
0,0,0.09601199600575981
0,0,0.10613547686592531
0,0,0.10185828752374881
0,0,0.11385388644784164
0,0,0.11883294228760166
0,0,0.10175530546979043
0,0,0.10885045659996216
0,0,0.1436034380393934
0,0,0.12729245249589763
0,0,0.09900411401698532
0,0,0.10283988547630254
0,0,0.1184131690804816
0,0,0.1119565603726564
0,0,0.08532863650785835
0,0,0.11092418209028614
0,0,0.0938413779653829
0,0,0.09944509848271224
0,0,0.1102664071787555
0,0,0.09858691491846681
0,0,0.10185851619951142
0,0,0.08527561824452398
0,0,0.08056657364635807
0,0,0.09676552081780375
0,0,0.08259977267733358
0,0,0.0969670634455039
0,0,0.0876369775514827
0,0,0.09611101669143425
0,0,0.09657395897682809
0,0,0.07697600311433328
1,1,0.6631881350457057
1,1,0.6244582651842342
1,1,0.6340690211127369
1,1,0.6268904646967419
1,1,0.6364680800770068
1,1,0.6471770851529994
1,1,0.5691150612195982
1,1,0.6105579657054606
1,1,0.6884137776522823
1,1,0.6762898172277494
1,1,0.6756275892959479
1,1,0.6544242325526626
1,1,0.6110302376675016
1,1,0.5924346991844365
1,1,0.648849681154936
1,1,0.61185846043006
1,1,0.6092469973546075
1,1,0.6163828734934506
1,1,0.6339984586622543
1,1,0.5778810543896391
1,1,0.6421158249186318
1,1,0.5975485788616561
1,1,0.6033784595520834
1,1,0.6871965022322319
1,1,0.6727123641383868
1,1,0.7122960658430081
1,1,0.6863755145863881
1,1,0.6589385471797349
1,1,0.6829443973118804
1,1,0.7261153169286311
1,1,0.7110250241325362
1,1,0.6969152401505683
1,1,0.6716968546821434
1,1,0.6711411890052768
1,1,0.7171242973987411
1,1,0.6814872230608517
1,1,0.7270195714163689
1,1,0.6651305380623233
1,1,0.7317442253260981
1,1,0.7370872469128246
1,1,0.692609454421668
1,1,0.7017190303141841
1,1,0.68750506279722
1,1,0.6995697266935348
1,1,0.7223368248787745
1,1,0.7337408072290929
1,0,0.27376367971236637
1,0,0.2415250248814344
1,0,0.24639623732659768
1,0,0.22373034681072831
1,0,0.22792514533246166
1,0,0.27404153071474957
1,0,0.23363536857738498
1,0,0.23328351748578938
1,0,0.25670408756436747
1,0,0.25724793976668203
1,0,0.24245105733305394
1,0,0.24862885609703794
1,0,0.2684782330868425
1,0,0.25361131891226324
1,0,0.2544015289868728
1,0,0.27163008791779975
1,0,0.29038420299112366
1,0,0.30658157097326466
1,0,0.2849801297598083
1,0,0.2819932541638569
1,0,0.28713424579516345
1,0,0.3253061745453742
1,0,0.2869258034336286
1,0,0.27823547959971134
1,0,0.28056918291716776
1,0,0.2581386672704765
1,0,0.31337019202980226
1,0,0.29271380327301155
1,0,0.2937971434113516
1,0,0.2647626850508371
1,0,0.2616987003949937
1,0,0.24933379112780088
1,0,0.24757369931781195
1,0,0.24767809366449345
1,0,0.27395009920028335
1,0,0.2657850348216509
1,0,0.28355345890011413
1,0,0.29477473221564116
1,0,0.2288888654504696
1,0,0.23030765043957285
1,0,0.26266901005047455
1,0,0.25895876566164266
1,0,0.26793341978059126
1,0,0.22899600913320525
1,0,0.23746327533791722
1,0,0.24662148179265725
1,0,0.23788232394425854
1,0,0.23403771410992083
1,0,0.22232321509950462
1,0,0.2194920538741429
1,0,0.21491423147070648
1,0,0.22483540458931509
1,0,0.25107598468022735
1,0,0.2261492763087369
1,0,0.27226795725776165
1,0,0.28298810119110884
1,0,0.2660370414639861
1,0,0.28583100879484286
1,0,0.24867036860172867
1,0,0.23755002401411826
1,0,0.24296530661504295
1,0,0.21813895033427005
1,0,0.22348211346230273
1,0,0.20809382630156123
1,0,0.20781916202853704
1,0,0.2088759906206341
1,0,0.18288772583269408
1,0,0.1904123540515183
1,0,0.2168829110014427
1,0,0.20402582147926554
1,0,0.11538174376861765
1,0,0.1287030561249792
1,0,0.14385194337649765
1,0,0.14546399115211486
1,0,0.13790528678567532
1,0,0.14289657051251248
1,0,0.1591252099785138
1,0,0.1343036997926528
1,0,0.12454125872204155
1,0,0.1196217275540168
1,0,0.1352049700581589
1,0,0.13146988255799852
1,0,0.15000230083025395
1,0,0.13679546194523334
1,0,0.12185062241212959
1,0,0.11314613624185306
1,0,0.13202339418685546
1,0,0.11396387426837729
1,0,0.1189521489094721
1,0,0.1118903165490105
1,0,0.11404236492715919
1,0,0.12269606033131336
1,0,0.12160979884464189
1,0,0.13178834092665392
1,0,0.1188175402133105
1,0,0.14630546726106763
1,0,0.15372329928593137
1,0,0.144979970457933
1,0,0.11995720641721083
1,0,0.10921470353815786
1,0,0.09572609301467146
1,0,0.14236504856098173
1,0,0.13155970357956617
1,0,0.11608087162414817
1,0,0.1334586520013279
1,0,0.1334586520013279
1,0,0.1427744068248055
1,0,0.12335360143406966
1,0,0.13105066670742233
1,0,0.12232522054885334
1,0,0.137024541716066
1,0,0.14590955973183561
1,0,0.14894211615732167
1,0,0.15057495188645562
0,0,0.4011093212723699
0,0,0.3898384627923787
0,0,0.3898384627923787
0,0,0.3898384627923787
0,0,0.4011093212723699
0,0,0.40513132169443106
0,0,0.38845133937129184
0,0,0.3898384627923787
0,0,0.4011093212723699
0,0,0.3898384627923787
0,0,0.3898384627923787
0,0,0.3898384627923787
0,0,0.39281027901919047
0,0,0.40513132169443106
0,0,0.40513132169443106
0,0,0.4011093212723699
0,0,0.38845133937129184
0,0,0.38845133937129184
0,0,0.40269401407809474
0,0,0.4011093212723699
0,0,0.40513132169443106
0,0,0.40513132169443106
0,0,0.3898384627923787
0,0,0.4011093212723699
0,0,0.40513132169443106
0,0,0.4040811374991817
0,0,0.3898384627923787
0,0,0.3898384627923787
0,0,0.3898384627923787
0,0,0.38845133937129184
0,0,0.38845133937129184
0,0,0.3898384627923787
0,0,0.38845133937129184
0,0,0.3898384627923787
0,0,0.3898384627923787
0,0,0.39972219785128305
0,0,0.4011093212723699
0,0,0.3898384627923787
0,0,0.3898384627923787
0,0,0.38845133937129184
0,0,0.38845133937129184
0,0,0.38845133937129184
0,0,0.38845133937129184
0,0,0.38845133937129184
0,0,0.38845133937129184
0,0,0.38845133937129184
0,0,0.38845133937129184
0,0,0.38845133937129184
0,0,0.38845133937129184
0,0,0.38845133937129184
0,0,0.38845133937129184
0,0,0.38845133937129184
0,0,0.38845133937129184
0,0,0.38845133937129184
0,0,0.38845133937129184
0,0,0.38845133937129184
0,0,0.38845133937129184
0,0,0.38845133937129184
0,0,0.38845133937129184
0,0,0.38845133937129184
0,0,0.38845133937129184
0,0,0.3898384627923787
0,0,0.3898384627923787
0,0,0.38845133937129184
0,0,0.38845133937129184
0,0,0.38845133937129184
0,0,0.38845133937129184
0,0,0.38845133937129184
0,0,0.38845133937129184
0,0,0.38845133937129184
0,0,0.38845133937129184
0,0,0.38845133937129184
0,0,0.38845133937129184
0,0,0.3898384627923787
0,0,0.3898384627923787
0,0,0.3898384627923787
0,0,0.38845133937129184
0,0,0.38845133937129184
0,0,0.38845133937129184
0,0,0.38845133937129184
0,0,0.38845133937129184
0,0,0.38845133937129184
0,0,0.38845133937129184
0,0,0.38845133937129184
0,0,0.38845133937129184
0,0,0.38845133937129184
0,0,0.38845133937129184
0,0,0.38845133937129184
0,0,0.3898384627923787
0,0,0.3898384627923787
0,0,0.3898384627923787
0,0,0.3898384627923787
0,0,0.3898384627923787
0,0,0.3898384627923787
0,0,0.3898384627923787
0,0,0.3898384627923787
0,0,0.3898384627923787
0,0,0.3898384627923787
0,0,0.38845133937129184
0,0,0.3898384627923787
0,0,0.3898384627923787
0,0,0.3898384627923787
0,0,0.39281027901919047
0,0,0.3898384627923787
0,0,0.3898384627923787
0,0,0.3898384627923787
0,0,0.3898384627923787
0,0,0.3898384627923787
0,0,0.3898384627923787
0,0,0.38845133937129184
0,0,0.3898384627923787
0,0,0.3898384627923787
0,0,0.40810313792124275
0,0,0.40513132169443106
0,0,0.3898384627923787
0,0,0.38845133937129184
0,0,0.3898384627923787
1,0,0.40513132169443106
1,0,0.38845133937129184
1,0,0.3898384627923787
1,0,0.3898384627923787
1,0,0.4011093212723699
1,0,0.3898384627923787
1,0,0.3898384627923787
1,0,0.3898384627923787
1,0,0.3898384627923787
1,0,0.3898384627923787
1,0,0.3898384627923787
1,0,0.3898384627923787
1,0,0.39281027901919047
1,0,0.4040811374991817
1,0,0.3898384627923787
1,0,0.40810313792124275
1,0,0.4080633474717348
1,0,0.41102484716427107
1,0,0.3898384627923787
1,0,0.3898384627923787
1,0,0.4180186638131439
1,0,0.4150468475863322
1,0,0.4150468475863322
1,0,0.3997539886842798
1,0,0.3997539886842798
1,0,0.3983668652631929
1,0,0.3997539886842798
1,0,0.3997539886842798
1,0,0.3983668652631929
1,0,0.3983668652631929
1,0,0.3997539886842798
1,0,0.3997539886842798
1,0,0.3997539886842798
1,0,0.3997539886842798
1,0,0.3997539886842798
1,0,0.3997539886842798
1,0,0.3997539886842798
1,0,0.3983668652631929
1,0,0.3997539886842798
1,0,0.3997539886842798
1,0,0.3983668652631929
1,0,0.3997539886842798
1,0,0.3997539886842798
1,0,0.3997539886842798
1,0,0.3997539886842798
1,0,0.3997539886842798
1,0,0.3997539886842798
1,0,0.3997539886842798
1,0,0.3997539886842798
1,0,0.3997539886842798
1,0,0.3997539886842798
1,0,0.3997539886842798
1,0,0.3997539886842798
1,0,0.3983668652631929
1,0,0.3983668652631929
1,0,0.3927704885696825
1,0,0.3997539886842798
1,0,0.3997539886842798
1,0,0.3997539886842798
1,0,0.3997539886842798
1,0,0.40272580491109156
1,0,0.3997539886842798
1,0,0.3997539886842798
1,0,0.3997539886842798
1,0,0.3997539886842798
1,0,0.4180186638131439
1,0,0.4150468475863322
1,0,0.4150468475863322
1,0,0.3997539886842798
1,0,0.3997539886842798
1,0,0.3997539886842798
1,0,0.41399666339108276
1,0,0.41835044213177136
1,0,0.41102484716427107
1,0,0.3997539886842798
1,0,0.4150468475863322
1,0,0.4150468475863322
1,0,0.3997539886842798
1,0,0.4180186638131439
1,0,0.4150468475863322
1,0,0.41102484716427107
1,0,0.3997539886842798
1,0,0.3997539886842798
1,0,0.41102484716427107
1,0,0.4150468475863322
1,0,0.3997539886842798
1,0,0.40272580491109156
1,0,0.3997539886842798
1,0,0.41102484716427107
1,0,0.3997539886842798
1,0,0.41102484716427107
1,0,0.4150468475863322
0,0,0.3997539886842798
0,0,0.3997539886842798
0,0,0.3997539886842798
0,0,0.3997539886842798
0,0,0.3997539886842798
0,0,0.3997539886842798
0,0,0.3913833651485955
0,0,0.3927704885696825
0,0,0.38845133937129184
0,0,0.38845133937129184
0,0,0.38845133937129184
0,0,0.38845133937129184
0,0,0.3898384627923787
0,0,0.3898384627923787
0,0,0.3898384627923787
0,0,0.3898384627923787
0,0,0.38845133937129184
0,0,0.38845133937129184
0,0,0.38845133937129184
0,0,0.38845133937129184
0,0,0.38845133937129184
0,0,0.38845133937129184
0,0,0.4037441982733441
0,0,0.40513132169443106
0,0,0.3898384627923787
0,0,0.3898384627923787
0,0,0.3898384627923787
0,0,0.38845133937129184
0,0,0.3898384627923787
0,0,0.3898384627923787
0,0,0.3898384627923787
0,0,0.38845133937129184
0,0,0.38845133937129184
0,0,0.38845133937129184
0,0,0.38845133937129184
0,0,0.3898384627923787
0,0,0.4011093212723699
0,0,0.4011093212723699
0,0,0.38845133937129184
0,0,0.38845133937129184
0,0,0.38845133937129184
0,0,0.38845133937129184
0,0,0.3898384627923787
0,0,0.38845133937129184
0,0,0.38845133937129184
0,0,0.38845133937129184
0,0,0.38845133937129184
0,0,0.3898384627923787
0,0,0.3898384627923787
0,0,0.3898384627923787
0,0,0.38845133937129184
0,0,0.38845133937129184
0,0,0.38845133937129184
0,0,0.38845133937129184
0,0,0.38845133937129184
0,0,0.38845133937129184
0,0,0.38845133937129184
0,0,0.3898384627923787
0,0,0.3898384627923787
1,0,0.3927704885696825
1,0,0.41102484716427107
1,0,0.4150468475863322
1,0,0.41102484716427107
1,0,0.41102484716427107
1,0,0.3997539886842798
1,0,0.40272580491109156
1,0,0.41102484716427107
1,0,0.4150468475863322
1,0,0.4180186638131439
1,0,0.41102484716427107
1,0,0.41102484716427107
1,0,0.41102484716427107
1,0,0.3997539886842798
1,0,0.3997539886842798
1,0,0.41365972416524527
1,0,0.4150468475863322
1,0,0.41102484716427107
1,0,0.4011093212723699
1,0,0.40810313792124275
1,0,0.40513132169443106
1,0,0.4080633474717348
1,0,0.4070131632764854
1,0,0.4080633474717348
1,0,0.4040413470496737
1,0,0.3898384627923787
1,0,0.3898384627923787
1,0,0.3898384627923787
1,0,0.40810313792124275
1,0,0.40513132169443106
1,0,0.4011093212723699
1,0,0.3898384627923787
1,0,0.3898384627923787
1,0,0.3898384627923787
1,0,0.38845133937129184
1,0,0.38845133937129184
1,0,0.38845133937129184
1,0,0.3898384627923787
1,0,0.3898384627923787
1,0,0.38845133937129184
1,0,0.38845133937129184
1,0,0.3898384627923787
1,0,0.3898384627923787
1,0,0.3898384627923787
1,0,0.3898384627923787
1,0,0.38845133937129184
0,0,0.40513132169443106
0,0,0.40513132169443106
0,0,0.3898384627923787
0,0,0.3898384627923787
0,0,0.3898384627923787
0,0,0.38845133937129184
0,0,0.3898384627923787
0,0,0.4011093212723699
0,0,0.4011093212723699
0,0,0.3898384627923787
0,0,0.3898384627923787
0,0,0.38845133937129184
0,0,0.3898384627923787
0,0,0.3898384627923787
0,0,0.4040811374991817
0,0,0.40513132169443106
0,0,0.4037441982733441
0,0,0.40269401407809474
0,0,0.4011093212723699
0,0,0.3898384627923787
0,0,0.3898384627923787
0,0,0.39281027901919047
0,0,0.4040811374991817
0,0,0.4011093212723699
0,0,0.3898384627923787
0,0,0.3898384627923787
0,0,0.3914231555981036
0,0,0.38845133937129184
0,0,0.3898384627923787
0,0,0.38845133937129184
0,0,0.38845133937129184
0,0,0.3898384627923787
0,0,0.3898384627923787
0,0,0.3898384627923787
0,0,0.38845133937129184
0,0,0.3898384627923787
0,0,0.3898384627923787
0,0,0.3898384627923787
0,0,0.4011093212723699
0,0,0.39972219785128305
0,0,0.3898384627923787
0,0,0.38845133937129184
0,0,0.3898384627923787
0,0,0.3898384627923787
0,0,0.3898384627923787
0,0,0.3898384627923787
0,0,0.39281027901919047
0,0,0.40513132169443106
0,0,0.40513132169443106
0,0,0.4080633474717348
0,0,0.40513132169443106
0,0,0.40269401407809474
0,0,0.4080633474717348
0,0,0.41102484716427107
0,0,0.41102484716427107
0,0,0.3997539886842798
0,0,0.3997539886842798
0,0,0.4150468475863322
0,0,0.4150468475863322
0,0,0.3898384627923787
0,0,0.3898384627923787
0,0,0.4040811374991817
0,0,0.4180186638131439
0,0,0.4150468475863322
0,0,0.41102484716427107
0,0,0.3997539886842798
0,0,0.3997539886842798
0,0,0.3997539886842798
1,0,0.3898384627923787
1,0,0.3898384627923787
1,0,0.3898384627923787
1,0,0.3963660446794226
1,0,0.3898384627923787
1,0,0.3898384627923787
1,0,0.3898384627923787
1,0,0.3898384627923787
1,0,0.3898384627923787
1,0,0.3898384627923787
1,0,0.3898384627923787
1,0,0.3898384627923787
1,0,0.38845133937129184
1,0,0.38845133937129184
1,0,0.3898384627923787
1,0,0.38845133937129184
1,0,0.38845133937129184
1,0,0.38845133937129184
1,0,0.38845133937129184
1,0,0.38845133937129184
1,0,0.3898384627923787
1,0,0.3898384627923787
1,0,0.3898384627923787
1,0,0.38845133937129184
1,0,0.4011093212723699
1,0,0.4011093212723699
1,0,0.38845133937129184
1,0,0.3898384627923787
1,0,0.3898384627923787
1,0,0.38845133937129184
1,0,0.3898384627923787
1,0,0.3898384627923787
1,0,0.3898384627923787
1,0,0.38845133937129184
1,0,0.3898384627923787
1,0,0.3898384627923787
1,0,0.38845133937129184
1,0,0.38845133937129184
1,0,0.38845133937129184
1,0,0.3898384627923787
1,0,0.3898384627923787
1,0,0.4011093212723699
1,0,0.40513132169443106
1,0,0.4011093212723699
1,0,0.3898384627923787
1,0,0.3898384627923787
0,0,0.2024010020769507
0,0,0.18079272065392105
0,0,0.17754652950648261
0,0,0.1580880812658566
0,0,0.17365975810777926
0,0,0.19346176759718364
0,0,0.20739798681204674
0,0,0.20350023868249045
0,0,0.17840186655038273
0,0,0.1933078749196701
0,0,0.21080243836346463
0,0,0.23293170554817724
0,0,0.21131184736893618
0,0,0.21121212909485368
0,0,0.20495160387555594
0,0,0.19106854517446298
0,0,0.20833149939812862
0,0,0.17826119242226948
0,0,0.20703032688582698
0,0,0.2066636198554081
0,0,0.21132391245246185
0,0,0.1952868307604657
0,0,0.1995515108039317
1,0,0.1679980498634437
1,0,0.16022489432315648
1,0,0.15308109967508732
1,0,0.16773569738690447
1,0,0.18296328740605186
1,0,0.18753120927574496
1,0,0.1533759141537595
1,0,0.15810537455845
1,0,0.159551754363224
1,0,0.12171407559529845
1,0,0.16133146477338792
1,0,0.1735588200330014
1,0,0.13517289303523314
1,0,0.17037860965842375
1,0,0.1449519672241027
1,0,0.14716417666567663
1,0,0.12551117120953426
1,0,0.1491863049331898
1,0,0.15861256121460057
1,0,0.12213826819303876
1,0,0.15015221390202463
1,0,0.1470849085123933
1,0,0.14364947330639155
1,0,0.12907631715919834
1,0,0.18596561743749895
1,0,0.19635859111467893
1,0,0.19271589795447386
1,0,0.186596844710783
1,0,0.20372107903104322
1,0,0.17244185064284182
1,0,0.15277981969697943
1,0,0.14764079387288082
1,0,0.1419933353615783
1,0,0.14831144108358654
1,0,0.16346032351137915
1,0,0.134440993133645
1,0,0.1669147694742291
1,0,0.15452957592964858
1,0,0.10762814626213375
1,0,0.12344582208265714
1,0,0.11151770744239094
1,0,0.16534615827592788
1,0,0.1567055290346554
1,0,0.16623862990769178
1,0,0.19442222009593352
1,0,0.19119518002335376
1,0,0.17683959783981731
1,0,0.16597383168392285
1,0,0.15954350192890954
1,0,0.1452330101570016
1,0,0.14204743779332848
1,0,0.16622545241254724
1,0,0.1589254954544411
1,0,0.16815237057885837
1,0,0.11809150811969417
1,0,0.15887986169136672
1,0,0.16423932499230623
1,0,0.1397886019644601
1,0,0.1855678558527563
1,0,0.1813687900019174
1,0,0.1884011179896882
1,0,0.20420053554068512
1,0,0.17695421195703878
1,0,0.18143238291088004
1,0,0.18094654089821838
1,0,0.20557214361627468
1,0,0.213604059759645
1,0,0.19427157260335345
1,0,0.1897733140350084
1,0,0.22731852595274066
1,0,0.19632014787666618
1,1,0.7838119875953119
1,1,0.8003787572042025
1,1,0.7935033483641922
1,1,0.7843029364844792
1,1,0.7451088347451607
1,1,0.7492824192045227
1,1,0.7875776221301527
1,1,0.7958332610111282
1,1,0.7793499455967893
1,1,0.7705904764809728
1,1,0.7180009959146993
1,1,0.7383659596977136
1,1,0.6861739514902319
1,1,0.7839865973870654
1,1,0.7873821663455672
1,1,0.7893415210687675
1,1,0.7889465141589546
1,1,0.7870508638645376
1,1,0.7660866130160868
1,1,0.7736423804879459
1,1,0.7712696389357752
1,1,0.7576466618349242
1,1,0.7434141990437112
0,1,0.8478063013800307
0,1,0.8423767894395153
0,1,0.8369812253790667
0,1,0.8018761504743611
0,1,0.8119522900729855
0,1,0.8153129151956992
0,1,0.8175889876342312
0,1,0.8076814722704964
0,1,0.8440397307900014
0,1,0.8495072237298253
0,1,0.8462516603729884
0,1,0.8488654768426613
0,1,0.8237752988148097
0,1,0.8519627165572853
0,1,0.8330812262705289
0,1,0.8260306586222115
0,1,0.8218411286921694
0,1,0.7884067804452479
0,1,0.8042444804008774
0,1,0.7982141670807174
0,1,0.8461035670822177
0,1,0.8643674899456052
0,1,0.8213571899954327
0,1,0.8601832155572454
0,1,0.820491679710416
0,1,0.8189554476883438
0,1,0.7740960201455717
0,1,0.7863347726140151
0,1,0.7618780311576377
0,1,0.7685215145477035
0,1,0.7719693704423285
0,1,0.7508934714247545
0,1,0.7663335813180706
0,1,0.7880098297676692
0,1,0.7743913627892505
0,1,0.7786643008273931
0,1,0.8070940246943354
0,1,0.8168556271310373
0,1,0.8260244601659875
0,1,0.8548464898419152
0,1,0.823843720599529
0,1,0.7601268901842677
0,1,0.7550541653739752
0,1,0.715706915031707
0,1,0.7251655321562614
0,1,0.7373306941702846
1,1,0.6964623501077253
1,1,0.7060685610805594
1,1,0.7390429407068397
1,1,0.7325710606481906
1,1,0.7515686616071274
1,1,0.7490928312444833
1,1,0.7482088905400619
1,1,0.7387813974920822
1,1,0.7451532391816261
1,1,0.7283129297628862
1,1,0.7392537855664614
1,1,0.7128259712217286
1,1,0.7167318930580463
1,1,0.7442397622149641
1,1,0.7072958234865634
1,1,0.7326597532399001
1,1,0.7477545973522526
1,1,0.7490200139036831
1,1,0.7883617331780037
1,1,0.760280240889517
1,1,0.8048402234680843
1,1,0.7974519724163455
1,1,0.7773943020291411
1,1,0.798131702966606
1,1,0.7368684914057309
1,1,0.7433409533514131
1,1,0.7286489555974954
1,1,0.7650520780232697
1,1,0.7451599338821637
1,1,0.7839874520256918
1,1,0.7720559281235864
1,1,0.7741871983483604
1,1,0.73049111400495
1,1,0.7393038521038318
1,1,0.7561036432257353
1,1,0.7772766557758023
1,1,0.7705198097145148
1,1,0.8060663470562688
1,1,0.8055868961595736
1,1,0.7947586908468608
1,1,0.7585291767325676
1,1,0.730889620570817
1,1,0.7538446462508641
1,1,0.7690042024001383
1,1,0.7689170884718315
1,1,0.7943051108420305
0,0,0.21959908058958863
0,0,0.24907044030510758
0,0,0.22991191739338382
0,0,0.22220584444250388
0,0,0.31032836928263735
0,0,0.3069974761881999
0,0,0.3135183644934679
0,0,0.31986834606476733
0,0,0.29963647960046474
0,0,0.2815384223973525
0,0,0.3400701908713279
0,0,0.35541663940655205
0,0,0.31846678314046256
0,0,0.3316348804754891
0,0,0.3209134716900603
0,0,0.3003368737549448
0,0,0.2854706252968375
0,0,0.2742030044304854
0,0,0.2549179043845148
0,0,0.21025131302478195
0,0,0.25249524491648523
0,0,0.29685595740759
0,0,0.2369049894555396
0,0,0.21661278549287516
0,0,0.1339037264865939
0,0,0.19059487755893978
0,0,0.24938282638493456
0,0,0.24186961612112026
0,0,0.20175983759157326
0,0,0.23986788094489428
0,0,0.20850601227818924
0,0,0.22348280299053833
0,0,0.23927107547660195
0,0,0.1966350466691382
0,0,0.23915519731423085
0,0,0.272128297447632
0,0,0.2753663572434291
0,0,0.275086858458898
0,0,0.2832058236962936
0,0,0.2572693619958211
0,0,0.2989716786330613
0,0,0.28703259600200576
0,0,0.29175901576728636
0,0,0.2658844320984987
0,0,0.2380393723226404
0,0,0.26476459688434084
0,0,0.24484449893572757
0,0,0.24420886335084355
0,0,0.2513389581216463
0,0,0.23069927964271383
0,0,0.24468235965428153
0,0,0.2543673091042696
0,0,0.252871543582712
0,0,0.25158131193140265
0,0,0.2528118582717417
0,0,0.2534213566377758
0,0,0.31972341977667695
0,0,0.2890615824660572
0,0,0.24941473581594514
1,1,0.8476101768719034
1,1,0.7976714426819445
1,1,0.8043071384801804
1,1,0.7889972844974505
1,1,0.7477539133849919
1,1,0.7257818629314272
1,1,0.7269010811990053
1,1,0.7676781422744618
1,1,0.7676401532414944
1,1,0.7572447852087355
1,1,0.7646847916903764
1,1,0.7089309516589464
1,1,0.7751018165209038
1,1,0.7738514376584286
1,1,0.7269375605987607
1,1,0.7153675134422738
1,1,0.7323640409303513
1,1,0.7475342947475244
1,1,0.7620131026223548
1,1,0.7842231474684834
1,1,0.7502356671341696
1,1,0.7445914811756225
1,1,0.780763114472991
1,1,0.8150243881186195
1,1,0.7951877073769289
1,1,0.7704273354428192
1,1,0.7741219877671556
1,1,0.7784574436622488
1,1,0.7986867058487532
1,1,0.7787862723619248
1,1,0.7873566906444078
1,1,0.7875352371561799
1,1,0.7758175691615284
1,1,0.7748891948277209
1,1,0.77622218977921
1,1,0.7631296722539668
1,1,0.7616454792999179
1,1,0.7714147838166937
1,1,0.7914102033001273
1,1,0.7491765091530093
1,1,0.7934878484076073
1,1,0.7215618703494887
1,1,0.7266139979400812
1,1,0.7690692823383897
1,1,0.7366959479388089
1,1,0.7692596322598118
0,0,0.18109934687237927
0,0,0.17766637890513912
0,0,0.17712239173163724
0,0,0.17929337124725883
0,0,0.1579251245552715
0,0,0.16004076544542284
0,0,0.17331524510066298
0,0,0.1948384123786602
0,0,0.18878044393356103
0,0,0.18810025746901105
0,0,0.20292066849662366
0,0,0.20865088736081994
0,0,0.2052546647508981
0,0,0.22086296970631897
0,0,0.20491881170084153
0,0,0.2080144720219032
0,0,0.17952664685546163
0,0,0.1957857221903866
0,0,0.20379341530950756
0,0,0.19211453840805462
0,0,0.18056451675441637
0,0,0.21564212657748907
0,0,0.24104679388639244
0,0,0.17438629883045692
0,0,0.17384743724518054
0,0,0.16882809142999136
0,0,0.17491861532498962
0,0,0.16039578227941312
0,0,0.18502184468544258
0,0,0.1996162241577693
0,0,0.2024883114985488
0,0,0.2490337833697368
0,0,0.2155382164637854
0,0,0.24030056358219717
0,0,0.2240982045079785
0,0,0.17507070584713066
0,0,0.17813470991889688
0,0,0.1986013903325738
0,0,0.15977981978472575
0,0,0.14760124037017383
0,0,0.11935644797651644
0,0,0.20719795961555257
0,0,0.20733944294954854
0,0,0.22019815192610973
0,0,0.2222048020897301
0,0,0.21559230914847052
0,0,0.19000847139938454
0,0,0.2518691892796526
0,0,0.26232978306077637
0,0,0.2951093629503981
0,0,0.2741694411120037
0,0,0.28570870549647115
0,0,0.2549876119408204
0,0,0.23959624573444266
0,0,0.21300683569692944
0,0,0.29474182653973535
0,0,0.2707773309439992
0,0,0.2672720556038731
0,0,0.25547123048468184
0,0,0.26019540060166424
0,0,0.2779551079135216
0,0,0.27961962087160686
0,0,0.286868659000177
0,0,0.2742654376077478
0,0,0.2986430629530479
0,0,0.2834528291740368
0,0,0.31268612766735066
0,0,0.33017561306283105
0,0,0.19060795600405256
0,0,0.2249394704557377
0,0,0.24847150818204114
0,0,0.24211184060594323
0,0,0.209692714727377
0,0,0.22865226566939983
0,0,0.1811014758403615
0,0,0.1706879315540997
0,0,0.2303699245514127
0,0,0.24340728955327254
0,0,0.23468824284816708
0,0,0.18821968129137823
0,0,0.1616735760799883
0,0,0.1595190825471788
0,0,0.21052269946025773
0,0,0.22560699094698272
0,0,0.19667284316831676
0,0,0.16398069485467126
0,0,0.18092082435935805
0,0,0.17169556931811275
0,0,0.23731744341432365
0,0,0.2228293069030704
0,0,0.17374273137279825
0,0,0.19630606965568576
0,0,0.19428309510245256
0,0,0.21487057790320374
0,0,0.2208419789796825
0,0,0.22367400123081044
0,0,0.20336781392719402
0,0,0.31593423541578103
0,0,0.32846140201900836
0,0,0.3190583952835687
0,0,0.33272206433493445
0,0,0.3260734231141454
0,0,0.33727243083416075
0,0,0.3136411647340169
0,0,0.35688169583568863
0,0,0.399443621416304
0,0,0.3602246923595358
0,0,0.3174212764554458
0,0,0.3394149960452966
0,0,0.3771768107055278
0,0,0.3652636792795356
0,0,0.2369788001007517
0,0,0.1876468469093704
0,0,0.1599137658462083
0,0,0.09111684616948822
0,0,0.11458538895794142
0,0,0.10493901270529978
0,0,0.0991587113678589
0,0,0.09026515380162836
0,0,0.09183010434064087
0,0,0.12072134410820232
0,0,0.11490764278835534
0,0,0.1322270353920926
0,0,0.11632453034857601
0,0,0.10602582584119176
0,0,0.11560375008932916
0,0,0.1163840590103859
0,0,0.13107364702041546
0,0,0.11609276298723743
0,0,0.10371429612406757
0,0,0.12064342904945344
0,0,0.12077412057174473
0,0,0.1262526387896795
0,0,0.13189790759064018
0,0,0.10479040717666194
0,0,0.12754141187247917
0,0,0.12183808774847343
0,0,0.28828164790650246
0,0,0.3338635670407434
0,0,0.29027886257309543
0,0,0.2998143594163481
0,0,0.27693943424868356
0,0,0.24823569199141776
0,0,0.21385215089010903
0,0,0.13029707751567088
0,0,0.1615443908113764
0,0,0.172966767462349
0,0,0.149203781950699
0,0,0.1487449611825033
0,0,0.13791694937062154
0,0,0.1320218502510002
0,0,0.12515434315103047
0,0,0.11799900301270158
0,0,0.11641200059144106
0,0,0.11513996492354325
0,0,0.07831075625920086
0,0,0.06421891029921534
0,0,0.05369269839448788
0,0,0.05928004223382047
0,0,0.10315906474599583
0,0,0.06759287866005287
0,0,0.06795606126245085
0,0,0.060412850457946164
0,0,0.06483658796835134
0,0,0.058958114361385955
0,0,0.06076979524007501
0,0,0.06608372657708589
0,0,0.049847130801038
0,0,0.05705345423886623
0,0,0.06762564837559011
0,0,0.07890756659470499
0,0,0.054098011902607934
0,0,0.05667709016800416
0,0,0.039904850111555305
0,0,0.06345337388319088
0,0,0.06929507012626733
0,0,0.04869661243489992
0,0,0.05179214949516941
0,0,0.05737272678286014
0,0,0.06998570481170333
0,0,0.07709375825318909
0,0,0.07333475030604941
0,0,0.04443922158412821
0,0,0.05464385285472826
0,0,0.050322538991264106
0,0,0.0642370037746855
0,0,0.07902147017387878
0,0,0.07162123154436874
0,0,0.07347519318032943
0,0,0.06213347080982387
0,0,0.06740131936848257
0,0,0.07139415024977527
0,0,0.06087158296252582
0,0,0.061386229262469616
0,0,0.051293284351201285
0,0,0.10175543408826243
0,0,0.07928413232226279
0,0,0.09181547143697846
0,0,0.10016485397749805
0,0,0.08466907708485528
0,0,0.08873874102460261
0,0,0.09362686436875371
0,0,0.09947144544559881
0,0,0.1006609694039222
0,0,0.0957287687573079
0,0,0.0928944965007032
0,0,0.0757342576080437
0,0,0.08388712432140666
1,1,0.8302109237747992
1,1,0.8804249328559715
1,1,0.8747101338081232
1,1,0.7857902933210612
1,1,0.8026540382456158
1,1,0.8089871566403565
1,1,0.8673193291835976
1,1,0.8935750824054515
1,1,0.8554461438961818
1,1,0.8267530353372479
1,1,0.8073351856868366
1,1,0.8109102970755621
1,1,0.8639041745819742
1,1,0.859868286697811
1,1,0.8452511188056202
1,1,0.8289344782841068
1,1,0.8080556312396301
1,1,0.809413459609994
1,1,0.8441893797491492
1,1,0.8524983266786265
1,1,0.8609553130610424
1,1,0.819596614312174
1,1,0.839384601478574
1,1,0.6498841626058794
1,1,0.74847618763954
1,1,0.8008845024236457
1,1,0.8016254086832775
1,1,0.7455716886162221
1,1,0.7390872968035542
1,1,0.7309125933837264
1,1,0.7417863753564242
1,1,0.7141998958322457
1,1,0.713640694979801
1,1,0.7611281821698417
1,1,0.718418722288058
1,1,0.7399421993173435
1,1,0.7098477998491448
1,1,0.7029749072901627
1,1,0.756068083633821
1,1,0.7209777868717947
1,1,0.7016450493778166
1,1,0.6880852906096083
1,1,0.683959288084411
1,1,0.6795642943688391
1,1,0.6842324695351145
1,1,0.7174675409070598
1,1,0.7456594701350014
1,1,0.739479735843204
1,1,0.7330304423948659
1,1,0.7031714715118685
1,1,0.7929987688067959
1,1,0.7617415237583941
1,1,0.6755011419224628
1,1,0.6781905792714013
1,1,0.7297398557445816
1,1,0.6971105887346054
1,1,0.7785816672852428
1,1,0.7722972317356576
1,1,0.756124013927127
1,1,0.7639541200660898
1,1,0.7829074305750643
1,1,0.8093882487817671
1,1,0.8286563550320397
1,1,0.760786188305272
1,1,0.8291221815024875
1,1,0.8181368372668616
1,1,0.7863243746634336
1,1,0.8036007940652881
1,1,0.7616086230540452
1,1,0.8716841345085813
1,1,0.8679316630325736
1,1,0.8494149073696954
1,1,0.8293644451917208
1,1,0.8515261785118439
1,1,0.8652096496058878
1,1,0.8824193044278248
1,1,0.8737970533046214
1,1,0.8592996589261432
1,1,0.8803107290236095
1,1,0.8664619685329229
1,1,0.8740983929142868
1,1,0.8563481247067629
1,1,0.8523466687953594
1,1,0.8546146443291102
1,1,0.8641364113147215
1,1,0.8950398969766324
1,1,0.8870390829364356
1,1,0.8802278065510456
1,1,0.8821366378988994
1,1,0.8832194369680667
1,1,0.8746317327989257
1,1,0.8885104076846294
1,1,0.7580498853359956
1,1,0.7669905189550142
1,1,0.7524014567014558
1,1,0.7752633450367411
1,1,0.7189423292430537
1,1,0.7439949543386518
1,1,0.7516099103219651
1,1,0.7409319622097021
1,1,0.738962183928786
1,1,0.6869752787164551
1,1,0.6510149547372616
1,1,0.6704541323601626
1,1,0.644811335111218
1,1,0.6554152951380763
1,1,0.6924030177310437
1,1,0.6729509514659695
1,1,0.6021921428870459
1,1,0.5946849243348509
1,1,0.6747914783594225
1,1,0.6624002065868165
1,1,0.7288859108523809
1,1,0.7539697539406499
1,1,0.7113211088609834
0,0,0.1971849415700909
0,0,0.18337416748187185
0,0,0.16691796976438106
0,0,0.18025687690245323
0,0,0.17657506199134204
0,0,0.1840229022149418
0,0,0.1730966264807874
0,0,0.18704412972227694
0,0,0.1567692779852141
0,0,0.19589621553781655
0,0,0.1960405803129609
0,0,0.18070733680801795
0,0,0.18135432429738746
0,0,0.13543999868632178
0,0,0.13776401355358459
0,0,0.1428195093804207
0,0,0.12531395103650203
0,0,0.14187373461323305
0,0,0.12291272812360107
0,0,0.12378405137261801
0,0,0.130146715835045
0,0,0.13948911461372898
0,0,0.12870195103995521
0,0,0.1219350333226784
0,0,0.12188075255053621
0,0,0.11781653878214579
0,0,0.09468621038061446
0,0,0.13975277608326767
0,0,0.1296476617401023
0,0,0.1314413665838833
0,0,0.1263989180699069
0,0,0.14659662924199476
0,0,0.1441608242024855
0,0,0.1443616747745644
0,0,0.1436316086664185
0,0,0.1463733001893299
0,0,0.19170803944842923
0,0,0.1708448202384828
0,0,0.13807881782055567
0,0,0.1520379723870487
0,0,0.20644597692448716
0,0,0.2089920969746148
0,0,0.16246249567094043
0,0,0.14860606063374093
0,0,0.1565059713626845
0,0,0.13744493337152744
0,0,0.1473261014621571
0,0,0.1366325780117714
0,0,0.1450576226485334
0,0,0.14359337203652836
0,0,0.12741739970690702
0,0,0.1377507904967046
0,0,0.14046582621602924
0,0,0.15037575039631565
0,0,0.14541677998284652
0,0,0.13016607977700614
0,0,0.1737788753647107
0,0,0.1630846791304978
0,0,0.13653876198398648
0,1,0.855306096366996
0,1,0.8567957993629013
0,1,0.8351340034606725
0,1,0.8913876256708534
0,1,0.8962959650600123
0,1,0.8707474215619792
0,1,0.8718803280313577
0,1,0.8703888626298082
0,1,0.865108191948904
0,1,0.8708522350661838
0,1,0.8541686730205208
0,1,0.8891389027561557
0,1,0.8910358596729767
0,1,0.8614144756592798
0,1,0.8524633050194167
0,1,0.8692639147643706
0,1,0.854786276263233
0,1,0.8500305020930434
0,1,0.8601947014233333
0,1,0.8743377769441839
0,1,0.8640694356706372
0,1,0.8925116640936753
0,1,0.8548986403482333
1,1,0.6261863300168535
1,1,0.6800117449128404
1,1,0.654816431206699
1,1,0.6822052618626633
1,1,0.7381635125287315
1,1,0.6890170770878307
1,1,0.693548912474433
1,1,0.6900401791207021
1,1,0.7265212604335828
1,1,0.717648008727656
1,1,0.7180756614448918
1,1,0.7494447703046779
1,1,0.7143677480229016
1,1,0.6962983709136134
1,1,0.6770837685738236
1,1,0.7014888265186783
1,1,0.6946297045265548
1,1,0.6854776353430312
1,1,0.7064478041305259
1,1,0.7197371442034695
1,1,0.6517285968981292
1,1,0.6150650737567893
1,1,0.6334723804642786
0,0,0.13065029246099333
0,0,0.08057567441654555
0,0,0.0941297601989369
0,0,0.10678637444370244
0,0,0.11470730962565355
0,0,0.11046243020577061
0,0,0.08961194290708628
0,0,0.0963468014215118
0,0,0.10351775370418935
0,0,0.10815500614654859
0,0,0.14391176087014668
0,0,0.15715112720644797
0,0,0.1539672894546992
0,0,0.15607012359633785
0,0,0.13922789164637212
0,0,0.12361346292704545
0,0,0.15040234393650176
0,0,0.1511108405911648
0,0,0.15027420158639104
0,0,0.14586397415752245
0,0,0.15222982073127148
0,0,0.14340342591279803
0,0,0.1296463257966281
0,0,0.1532435977415135
0,0,0.14732273688092973
0,0,0.14987403743600908
0,0,0.144827614150402
0,0,0.16274024420078795
0,0,0.14348797422083712
0,0,0.159854782451549
0,0,0.14021153959433655
0,0,0.1390339973668862
0,0,0.14763105422463693
0,0,0.1337717491633573
0,0,0.13981989537435138
0,0,0.14084237739767158
0,0,0.13283225765613524
0,0,0.14360178014141173
0,0,0.15771661084753164
0,0,0.14776173486743158
0,0,0.16335557413337626
0,0,0.16032919891074793
0,0,0.1399091886820256
0,0,0.14400816917868475
0,0,0.1307771714203626
0,0,0.13747884568308288
0,0,0.14431717492691043
0,0,0.15843922774038774
0,0,0.12585561442306123
0,0,0.13393677627263587
0,0,0.14684599375179153
0,0,0.14376274063325348
0,0,0.15636905626973474
0,0,0.15544067850787938
0,0,0.14449592571222503
0,0,0.13912430704850307
0,0,0.14188825666841448
0,0,0.15789954249089538
0,0,0.14749244098133132
0,0,0.14985927673064403
0,0,0.1487203926315518
0,0,0.15833135419075428
0,0,0.16132982593114167
0,0,0.1678522405108679
0,0,0.13844956104470238
0,0,0.15043675880020327
0,0,0.14382208675385408
0,0,0.12575066091125453
0,0,0.15013743016643086
0,0,0.2040844142885777
0,0,0.2020503949602003
0,0,0.17632382058695772
0,0,0.18220905158060852
0,0,0.17474691783124233
0,0,0.18419775850317388
0,0,0.1815645142899408
0,0,0.16834994034156608
0,0,0.16979872786378347
0,0,0.16993348073544645
0,0,0.1609197740825831
0,0,0.1686827232562428
0,0,0.156025630621411
0,0,0.18378914936192514
0,0,0.17813848004980332
0,0,0.15347187812087834
0,0,0.18573420100567073
0,0,0.1907169311932273
0,0,0.18256097934496737
0,0,0.1679975226677648
0,0,0.1592551210530754
0,0,0.15198263377367482
0,0,0.13837315064882946
0,0,0.1519822064044458
0,0,0.1554249732266025
0,0,0.18578160707476118
0,0,0.18749224650249668
0,0,0.20009881573682112
0,0,0.1603348299360641
0,0,0.17165813352143747
0,0,0.18205180851298108
0,0,0.18033386893641218
0,0,0.1574511581043848
0,0,0.13919980023180223
0,0,0.1759692832880631
0,0,0.13227806070156375
0,0,0.16101158686333977
0,0,0.13785208867903223
0,0,0.1375527616407883
0,0,0.14300512765584325
0,0,0.1308194521247376
0,0,0.15043807661333153
0,0,0.11360814427576914
0,0,0.11644482218209543
0,0,0.10153071917548263
0,0,0.2236650555343855
0,0,0.2001062299932636
0,0,0.1741100024048064
0,0,0.1751292668509752
0,0,0.17350282176303444
0,0,0.21847520498923212
0,0,0.23105528743445747
0,0,0.24151407735212194
0,0,0.21506174862760644
0,0,0.17397512608322205
0,0,0.18960849969716997
0,0,0.24143991292201977
0,0,0.17970541456634417
0,0,0.2035654551162056
0,0,0.1512590696439281
0,0,0.16132302380626334
0,0,0.2383662527774792
0,0,0.31287648743647267
0,0,0.20725998097510462
0,0,0.1625732592997036
0,0,0.1690881956233813
0,0,0.1660799227297572
0,0,0.14705033606719475
0,0,0.16908848100522061
0,0,0.14166829808387468
0,0,0.1879542352850689
0,0,0.15190195224203681
0,0,0.16761747726526496
0,0,0.15339921796525424
0,0,0.12708152012278304
0,0,0.11638383230823836
0,0,0.13769333004408912
0,0,0.15223950314885054
0,0,0.15227629874973364
0,0,0.13918520238945248
0,0,0.18276158690043862
0,0,0.1798357706067849
0,0,0.14786868296151892
0,0,0.1374817831229529
0,0,0.15224633123027378
0,0,0.10086864437988308
0,0,0.11784621002848075
0,0,0.13924770482334514
0,0,0.1417808313041467
0,0,0.13630243975895426
0,0,0.16127294716800442
0,0,0.20295350522417036
0,0,0.1822406615306566
0,0,0.17278226550796064
0,0,0.1667120606836273
0,0,0.11871162876865805
0,0,0.16066874413813534
0,0,0.16982169949863643
0,0,0.13966082892531348
0,0,0.1541065898869715
0,0,0.16174972738806662
0,0,0.14387044490933593
0,0,0.17495742387765237
0,0,0.12504107634475015
0,0,0.16616999269626795
0,0,0.15968863463235755
0,0,0.12723937312034758
0,0,0.15134193335249935
0,0,0.18248254049963084
0,0,0.15029959179051205
0,0,0.17076027661317106
0,0,0.14652154141950888
0,0,0.14931083089209254
0,0,0.1413664600159242
0,0,0.12508923382314818
0,0,0.0935873416776486
0,0,0.22060908887457026
0,0,0.2502375756619552
0,0,0.15925880369075227
0,0,0.18322894643001164
0,0,0.2639170165975186
0,0,0.21783414054982278
0,0,0.1511148590614726
0,0,0.2044336221958741
0,0,0.2131557114446436
0,0,0.14866164748877128
0,0,0.21379603734453942
0,0,0.16870162235116318
0,0,0.17279984076216823
0,0,0.17132579902815237
0,0,0.16873520820795343
0,0,0.1619149160885028
0,0,0.15703929338408026
0,0,0.15813731174515686
0,0,0.1688659693184697
0,0,0.1807714439984085
0,0,0.16393037697407967
0,0,0.19185484090315452
0,0,0.19218846127628428
0,1,0.718815866664929
0,1,0.7024302569870714
0,1,0.7090766896971611
0,1,0.7346260014220265
0,1,0.725160328094619
0,1,0.7277527004455554
0,1,0.7305561269005665
0,1,0.7180313008474655
0,1,0.7476554292239047
0,1,0.7607781075144261
0,1,0.7728197311449432
0,1,0.7613342159523278
0,1,0.7411578081529592
0,1,0.7225457188246005
0,1,0.7123543676048376
0,1,0.7291633241595887
0,1,0.7161887299701465
0,1,0.709931809371398
0,1,0.715191349119351
0,1,0.7296872705681874
0,1,0.7479961078389408
0,1,0.7571777336345561
0,1,0.7572720447733262
0,1,0.6984857170210026
0,1,0.7513122886909949
0,1,0.7514444458449734
0,1,0.7629522302540239
0,1,0.7992961490345013
0,1,0.7639438709542771
0,1,0.7425010405287328
0,1,0.7605998825837516
0,1,0.7326670768334225
0,1,0.7208559570475829
0,1,0.7174072995757297
0,1,0.7407290317073855
0,1,0.7540778574479776
0,1,0.7258604609221253
0,1,0.7431283026975616
0,1,0.7541020284971773
0,1,0.745137845819026
0,1,0.8031083179393127
0,1,0.7428044123248223
0,1,0.7511816998622872
0,1,0.7551404857168253
0,1,0.7334715770625742
0,1,0.7264052445674168
0,1,0.9276940785757049
0,1,0.9125236616573505
0,1,0.9175216279872331
0,1,0.9084179354442571
0,1,0.8899319997651246
0,1,0.8631479119121566
0,1,0.868015908398874
0,1,0.8872603222034928
0,1,0.8566963466076875
0,1,0.8929614680095894
0,1,0.8313966881254955
0,1,0.8414788847486743
0,1,0.9012517037267155
0,1,0.8747718447808123
0,1,0.874341340247354
0,1,0.8862146259437548
0,1,0.8718160720434612
0,1,0.8833251266649736
0,1,0.8708604227077312
0,1,0.8626417878479252
0,1,0.866362662551973
0,1,0.8718791650451242
0,1,0.8808712715902238
0,1,0.764640422856216
0,1,0.7605629880348727
0,1,0.7788625175120784
0,1,0.7629858711133158
0,1,0.8264061722528094
0,1,0.8192442319851494
0,1,0.803352129723521
0,1,0.8168637253325098
0,1,0.8192603979490727
0,1,0.8342350339137957
0,1,0.8092571352569677
0,1,0.8170469022436267
0,1,0.8032576324096294
0,1,0.8427131583339871
0,1,0.8456018892915265
0,1,0.8396497873470604
0,1,0.8473539839115071
0,1,0.8420099172228837
0,1,0.8418775491786884
0,1,0.8313476702185487
0,1,0.8612538947297967
0,1,0.8957503038948906
0,1,0.8942817488309756
0,1,0.9009566392910432
0,1,0.922930957388577
0,1,0.9154394083221682
0,1,0.8905850438450522
0,1,0.9103681178014722
0,1,0.8883234438289118
0,1,0.8593229724226303
0,1,0.913148737095564
0,1,0.906737792102769
0,1,0.880810608626215
0,1,0.9283910207570786
0,1,0.8862734738068674
0,1,0.8531542271133417
0,1,0.884532615128234
0,1,0.8738269333730436
0,1,0.9180567673722153
0,1,0.9078775931967467
0,1,0.9000019943284621
0,1,0.9081148565167712
0,1,0.8919462497831496
0,1,0.9119419222045738
0,1,0.8982616027743426
0,1,0.9343415587327017
0,0,0.20387237021617166
0,0,0.19166488166813042
0,0,0.15965886012575456
0,0,0.15071752489885398
0,0,0.1742287747758005
0,0,0.15484828023303146
0,0,0.13989459755144226
0,0,0.16337682498217146
0,0,0.12230985373714902
0,0,0.12964533168181405
0,0,0.1438213253651695
0,0,0.13543587313548705
0,0,0.20767040129736603
0,0,0.2069522414874813
0,0,0.16906710356298255
0,0,0.21408665549303194
0,0,0.23439643698156776
0,0,0.25964764841349386
0,0,0.2108216654224778
0,0,0.16998085558777845
0,0,0.16292541824318202
0,0,0.20127748707300605
0,0,0.1857534454288436
0,0,0.2103324164046513
0,0,0.15732950237710014
0,0,0.1576135392546867
0,0,0.2028100039088405
0,0,0.19070368725413533
0,0,0.18988994812089188
0,0,0.1677093236153574
0,0,0.22945059341798502
0,0,0.23620065713833674
0,0,0.18465860037917722
0,0,0.19600707391704883
0,0,0.1978606159919123
0,0,0.20484057250137883
0,0,0.18539119397448237
0,0,0.19340277965982186
0,0,0.2023421412064902
0,0,0.20911296708094215
0,0,0.18603269011352144
0,0,0.17714335374834753
0,0,0.2025414282644324
0,0,0.2059403762556385
0,0,0.18564069190258248
0,0,0.16637992332085744
0,0,0.19536908450919133
0,0,0.1761606524019537
0,0,0.17797495232380237
0,0,0.20347199145457256
0,0,0.20214515757724427
0,0,0.18153348283118528
0,0,0.1797010793458821
0,0,0.20667276979357038
0,0,0.20255202483275445
0,0,0.18506295391116287
0,0,0.17321765246063672
0,0,0.19437059724019545
0,0,0.18070786703992134
0,1,0.7782128911213639
0,1,0.7921731227345841
0,1,0.7902275911235671
0,1,0.792200111113817
0,1,0.7850415978258245
0,1,0.8216924005251337
0,1,0.7889117444119715
0,1,0.7474899678365661
0,1,0.7407664397426937
0,1,0.7533132107268264
0,1,0.7634888146020182
0,1,0.7385716538155173
0,1,0.7673228668078184
0,1,0.809151123300359
0,1,0.7969516014181628
0,1,0.786921948761178
0,1,0.744090975352757
0,1,0.7744529432916623
0,1,0.7687744387690837
0,1,0.7634166226733661
0,1,0.730950823287701
0,1,0.7195146066536582
0,1,0.7097233702272356
0,1,0.7330250743824976
0,1,0.6827630231944732
0,1,0.7152351147580144
0,1,0.7312440592129515
0,1,0.7214991197823128
0,1,0.7166028645478554
0,1,0.6838476338680326
0,1,0.7599074384968288
0,1,0.7694293406945836
0,1,0.7424061394702935
0,1,0.7617261216208483
0,1,0.7513698919462563
0,1,0.7494282182680376
0,1,0.7479347168970041
0,1,0.7507240822451163
0,1,0.7334768396156289
0,1,0.7329954436889067
0,1,0.7392558676866734
0,1,0.7065787852569456
0,1,0.7056487319195182
0,1,0.7053935430192427
0,1,0.7383580334868092
0,1,0.7493857631874208
0,0,0.1693533799457925
0,0,0.18502013781282148
0,0,0.21155701272958488
0,0,0.23550863638803762
0,0,0.19717213615942986
0,0,0.20595390205496972
0,0,0.21650548553064247
0,0,0.20966444291469055
0,0,0.25167914712831696
0,0,0.24285655189838848
0,0,0.16988460512173859
0,0,0.18237205455096647
0,0,0.20362768179888477
0,0,0.17683955526976053
0,0,0.18485562845704956
0,0,0.22247161232252444
0,0,0.21903412266227323
0,0,0.19518990053068275
0,0,0.2156835396570461
0,0,0.18365765094454076
0,0,0.16737684771490158
0,0,0.17469973725852964
0,0,0.16355777608560412
0,0,0.18373034933953378
0,0,0.14427209419464726
0,0,0.16406425228737087
0,0,0.17450491190549536
0,0,0.17859902364185543
0,0,0.18099842991485274
0,0,0.18812618124001254
0,0,0.1734809496441118
0,0,0.18920223427369084
0,0,0.2069466889943486
0,0,0.209998666637461
0,0,0.16917039407921716
0,0,0.18899591771292826
0,0,0.2415962555080548
0,0,0.23611429174976778
0,0,0.28944374062380646
0,0,0.24307752272115418
0,0,0.21062570067030034
0,0,0.22089953166469392
0,0,0.2452289684555495
0,0,0.2205998888373485
0,0,0.21403001690432347
0,0,0.220423573601377
0,0,0.20409346009391474
0,0,0.21136699100419276
0,0,0.2546890752916174
0,0,0.29529538252099974
0,0,0.28627239781273695
0,0,0.3134323176902208
0,0,0.27358583251169655
0,0,0.2960745978837666
0,0,0.27347707952684547
0,0,0.1660542530033635
0,0,0.21376156526142281
0,0,0.2119886160222961
0,0,0.2177924781521613
0,0,0.22102760309710928
0,0,0.13039634407650055
0,0,0.14987513865401655
0,0,0.1792238078558911
0,0,0.16097926844640914
0,0,0.20117872985131494
0,0,0.19588625602203844
0,0,0.17113254164778102
0,0,0.17307789178084237
0,0,0.2623931107409809
0,0,0.25733144568077515
0,0,0.23785945846354806
0,0,0.19269276239909974
0,0,0.1748160929986464
0,0,0.20379565784878806
0,0,0.21297812403092284
0,0,0.1900796787417499
0,0,0.19236402134802527
0,0,0.2066599010514669
0,0,0.22198288402539768
0,0,0.18779100348296318
0,0,0.19118851793713024
0,0,0.18722013992728528
0,0,0.21253826963212508
0,0,0.2098121193343633
0,0,0.19460168604430655
0,0,0.22381499922902465
0,0,0.2162505871096439
0,0,0.2617105469154244
0,0,0.246973365655561
0,0,0.21448999480937428
0,0,0.21445792817459633
0,0,0.21679749959758088
0,0,0.20569082529966887
0,0,0.23140761116984618
0,0,0.272549744459147
0,0,0.2531913896394636
0,0,0.258145981116729
0,0,0.24944083948830179
0,0,0.24045508570515975
0,0,0.2230817315403116
0,0,0.2296362880219772
0,0,0.2237960066570607
0,0,0.20437945149035264
0,0,0.21636068429703592
0,0,0.22419832166660478
0,0,0.1977991044328471
0,0,0.19701663854622217
0,0,0.18763573186319984
0,0,0.26563936877244065
0,0,0.2869537810278771
0,0,0.23715042889190105
0,0,0.1768285483452943
0,0,0.2435812015120112
0,0,0.24355403291872996
0,0,0.1430610596750725
0,0,0.14475405808591002
0,0,0.16274654999283825
0,0,0.16166961673721808
0,0,0.14261439972223333
0,0,0.15563474893912432
0,0,0.1607536037456232
0,0,0.1556688806312441
0,0,0.13396187007528418
0,0,0.10959963469131635
0,0,0.12326647802155927
0,0,0.1459161907363082
0,0,0.11464312998086984
0,0,0.16476171818020968
0,0,0.14624127075062895
0,0,0.12245965629887284
0,0,0.16837380463627774
0,0,0.15886601340310555
0,0,0.1694240175249853
0,0,0.1647259779704643
0,0,0.2087967386020978
0,0,0.23488874850082214
0,0,0.21860719494058
0,0,0.17120055692532232
0,0,0.159008882083616
0,0,0.16602877084374043
0,0,0.1123705812249935
0,0,0.13952917912827845
0,0,0.17128164206994703
0,0,0.146969618655341
0,0,0.14159841067532328
0,0,0.12938708145349523
0,0,0.17150832789439338
0,0,0.11206318556952828
0,0,0.1262432449743197
0,0,0.12601472717127135
0,0,0.15072632072264144
0,0,0.15168378688029222
0,0,0.16055488264983492
0,0,0.1537845595674856
0,0,0.16713434163448115
0,0,0.2075041375083289
0,0,0.21200198078624313
0,0,0.1832604244720706
0,0,0.18007542963818327
0,0,0.12648003693397875
0,0,0.13081445893183294
0,0,0.09449678803465439
0,0,0.14048639389184528
0,0,0.14545848686653198
0,0,0.11456337614029052
0,0,0.1311923421171109
0,0,0.14711740746024626
0,0,0.13511958544497882
0,0,0.11058323539974092
0,0,0.14187282736202997
0,0,0.14016925835395866
0,0,0.13878973160363037
0,0,0.11299322645057018
0,0,0.14042932549961398
0,0,0.11551547059766641
0,0,0.13024352605637735
0,0,0.13300497469524664
0,0,0.10456801600621064
0,0,0.14621435545033956
0,0,0.16088717530148156
0,0,0.14739792596747128
0,0,0.18155883533136907
0,0,0.17432594304425508
0,0,0.15815907954947359
0,0,0.15068918465355544
0,0,0.21467947536035958
0,0,0.1851623739844138
0,0,0.1741196896044569
0,0,0.21049806852640224
0,0,0.19487731323834379
0,0,0.22651174237267285
0,0,0.15985634123628914
0,0,0.21591150571558448
0,0,0.17224450550353704
0,0,0.21987840203110667
0,0,0.20064296738568818
0,0,0.20674757471735067
0,0,0.20437598379992405
0,0,0.18739209924608308
0,0,0.18587627391317788
0,0,0.20001467556938107
0,0,0.15286677272011298
0,0,0.1621425244900844
0,0,0.23133228668593805
0,0,0.226936114112575
0,0,0.19992269988507888
0,0,0.14996939777171017
0,0,0.1701541892619433
1,1,0.8413276737129851
1,1,0.9140010303570221
1,1,0.9054880870946067
1,1,0.9148687059428987
1,1,0.9234548198531997
1,1,0.9059278015555408
1,1,0.8510704539580144
1,1,0.8208256658759214
1,1,0.8704833013852351
1,1,0.8999369429038062
1,1,0.8022455255428355
1,1,0.8225116128487135
1,1,0.7945288182284027
1,1,0.8167952144971654
1,1,0.811240037523168
1,1,0.8125668084984716
1,1,0.8363058335707225
1,1,0.8131145445321605
1,1,0.874931957452674
1,1,0.868903788536647
1,1,0.8743073858575133
1,1,0.8728402690161391
1,1,0.8960247393098872
1,1,0.7546304883893785
1,1,0.7512915129603651
1,1,0.8012647580972347
1,1,0.8184027607899178
1,1,0.7672259696732486
1,1,0.7987102910652244
1,1,0.8183059229359217
1,1,0.8149149706081528
1,1,0.8564912325086348
1,1,0.8465891969584702
1,1,0.806530383040173
1,1,0.8456798024524137
1,1,0.802287892453647
1,1,0.7844281913947799
1,1,0.7829637835236757
1,1,0.7841312756868503
1,1,0.7695172748195986
1,1,0.7332800196267552
1,1,0.8191949843578844
1,1,0.8814719924111902
1,1,0.8087589884332986
1,1,0.7962893848985328
1,1,0.8342635975248901
1,1,0.6252564222909931
1,1,0.5746310878975218
1,1,0.6299039610460547
1,1,0.6404519489329406
1,1,0.6289918307118251
1,1,0.6317423406963724
1,1,0.5848557232324918
1,1,0.5872678049934283
1,1,0.6122873682784863
1,1,0.5974781910351211
1,1,0.5854403160958921
1,1,0.6213531629465673
1,1,0.6680348409387995
1,1,0.6718478902039916
1,1,0.5810816273304273
1,1,0.5926726587038076
1,1,0.6151509215749519
1,1,0.6578171326416761
1,1,0.6653706336588822
1,1,0.6847070081656769
1,1,0.6559635840165037
1,1,0.6957678951096472
1,1,0.6467521823483111
0,1,0.6433958074942445
0,1,0.6493166206796188
0,1,0.6855219972466792
0,1,0.6820353861388503
0,1,0.6361240501007637
0,1,0.6502751359199553
0,1,0.6845516714916761
0,1,0.6364637646200206
0,1,0.6240410425877266
0,1,0.6664600036422692
0,1,0.6563494365811832
0,1,0.6493965959341708
0,1,0.6614173186156757
0,1,0.6564235704550366
0,1,0.6402633537167144
0,1,0.610842414571778
0,1,0.6184348776529917
0,1,0.6880135120296103
0,1,0.6635835352303117
0,1,0.6442453289320079
0,1,0.6316322174198744
0,1,0.6373868709452241
0,1,0.6389281304976481
0,1,0.5599803549988017
0,1,0.5671646772436378
0,1,0.5362050714673208
0,1,0.5377181348809191
0,1,0.5868421073639924
0,1,0.6197649634818467
0,1,0.6304994016104275
0,1,0.6188770187293972
0,1,0.588003549181901
0,1,0.5859650083134079
0,1,0.5774818679244745
0,1,0.6020870872945722
0,1,0.5687444991224728
0,1,0.5441256330366451
0,1,0.6056165013071193
0,1,0.621058467456201
0,1,0.5702782817695193
0,1,0.5720549382734323
0,1,0.6272909010564394
0,1,0.5752692459428151
0,1,0.5884523691984325
0,1,0.5904288417318393
0,1,0.5431525951799236
0,0,0.16260205135385408
0,0,0.15404902878617885
0,0,0.1061858238385181
0,0,0.10463382755409016
0,0,0.09761770384487718
0,0,0.10575025614411825
0,0,0.12059680633550009
0,0,0.13559143503016272
0,0,0.12578293235908725
0,0,0.13447452062698784
0,0,0.12857232440140268
0,0,0.13849993207576922
0,0,0.14340933150366905
0,0,0.14566167160339927
0,0,0.1674138000314965
0,0,0.17284115745283513
0,0,0.15629942207192105
0,0,0.17633844995711484
0,0,0.16678607920133753
0,0,0.17558287457885516
0,0,0.17460783253235704
0,0,0.15289467852629407
0,0,0.13770698970988648
0,0,0.1520225260010809
0,0,0.11961442482305593
0,0,0.11817002680556567
0,0,0.17453249221766154
0,0,0.1954240666499274
0,0,0.13497008147210324
0,0,0.12599638622900516
0,0,0.1280175368368335
0,0,0.13998367398972564
0,0,0.1487616378673261
0,0,0.1506112471015749
0,0,0.16947409820799753
0,0,0.1599970895071986
0,0,0.1406759725684713
0,0,0.14455020577801506
0,0,0.11806090759731357
0,0,0.12301921978024465
0,0,0.12173016342543595
0,0,0.13859451591120986
0,0,0.15538928383598233
0,0,0.1892105835934444
0,0,0.1483906716067572
0,0,0.107982255778767
0,0,0.14089736524959884
0,0,0.152249727738554
0,0,0.13402932710025856
0,0,0.1090481215488194
0,0,0.16720198024851665
0,0,0.12635460636148546
0,0,0.09657558012094006
0,0,0.11102918683644339
0,0,0.17452827328754217
0,0,0.15102891073189295
0,0,0.10228087480239
0,0,0.12536760589284357
0,0,0.11087794887829791
1,1,0.8693432452105201
1,1,0.8367641190410369
1,1,0.8721325184848413
1,1,0.8637939253232694
1,1,0.8147630324751753
1,1,0.7933835400020466
1,1,0.8316034878781637
1,1,0.805345278783739
1,1,0.8220588589612616
1,1,0.8411393677452642
1,1,0.7593593383194714
1,1,0.7200980477394161
1,1,0.7140308001909281
1,1,0.7248922995259182
1,1,0.784252032385393
1,1,0.7873743920937399
1,1,0.785510535518263
1,1,0.7501077995549058
1,1,0.7784574212335917
1,1,0.8038211727930994
1,1,0.7612790917333011
1,1,0.7679202535507231
1,1,0.8080582223267254
1,1,0.7372691951896151
1,1,0.7363536150498284
1,1,0.754163990905242
1,1,0.7729536833238455
1,1,0.7435953450599743
1,1,0.7099161584601683
1,1,0.7265197704200754
1,1,0.7275772798640777
1,1,0.7171974620223136
1,1,0.7101006095559406
1,1,0.7276792966789397
1,1,0.7275488751737289
1,1,0.6696438457174831
1,1,0.6789491535487496
1,1,0.7145445767973284
1,1,0.6764404266070965
1,1,0.6758661932854879
1,1,0.6716774945428433
1,1,0.6730359362859732
1,1,0.7027095879463633
1,1,0.6549682940667942
1,1,0.6388111890364523
1,1,0.6622963299989632
0,0,0.26218769260334185
0,0,0.18733743182295945
0,0,0.253156987145817
0,0,0.24050527683118236
0,0,0.20969964018873788
0,0,0.19584566223059302
0,0,0.18776130199985816
0,0,0.193283759571127
0,0,0.16127222198543492
0,0,0.15312236403357973
0,0,0.153440851397686
0,0,0.1506157975425074
0,0,0.17486856123015027
0,0,0.20834508380147884
0,0,0.16789225398841373
0,0,0.16098161656366405
0,0,0.16650591389903582
0,0,0.16830621100385834
0,0,0.18975668170530008
0,0,0.1667102274844886
0,0,0.17785337376998925
0,0,0.18900340447385403
0,0,0.1854899562203218
0,0,0.1771878104493612
0,0,0.1854612174796973
0,0,0.17536306180201783
0,0,0.18101800775623228
0,0,0.20201017959144715
0,0,0.22450279769197296
0,0,0.22209012327359834
0,0,0.22989096617251742
0,0,0.22595306186632286
0,0,0.2452454328246987
0,0,0.23274146132912588
0,0,0.23744622801688234
0,0,0.25914486321209484
0,0,0.2085384224786918
0,0,0.2139657636386441
0,0,0.24854831853360776
0,0,0.24661400024787242
0,0,0.24519428563888776
0,0,0.2578985350562306
0,0,0.2388420787740906
0,0,0.18822701690105073
0,0,0.19072727723726782
0,0,0.20615231988859764
0,0,0.2513775723801342
0,0,0.27321955090027067
0,0,0.26484667481519053
0,0,0.22259782357092434
0,0,0.2166318998401767
0,0,0.18534421585115549
0,0,0.16050899795764043
0,0,0.1970963894198635
0,0,0.1410786286552512
0,0,0.17692073198429445
0,0,0.1660173831137063
0,0,0.18673983185900664
0,0,0.2397688275991977
0,0,0.2166385122371396
0,0,0.19602889179848312
0,0,0.1899455689377372
0,0,0.1969636594043934
0,0,0.1948172515644419
0,0,0.18002452842310646
0,0,0.17630517166917617
0,0,0.18957259736426085
0,0,0.1748745807796358
0,0,0.26378794385813736
0,0,0.2817781495044127
0,0,0.30571560021232325
0,0,0.2966603718635191
0,0,0.2840859127762678
0,0,0.3226796576909172
0,0,0.2556080022172529
0,0,0.2603359964998882
0,0,0.26858376040214815
0,0,0.2551333009211902
0,0,0.31280310015715607
0,0,0.39868286393292146
0,0,0.3685186308832384
0,0,0.33466689065006894
0,0,0.2745899417129658
0,0,0.311520330876391
0,0,0.34277914925417524
0,0,0.32702541154882087
0,0,0.330375755071907
0,0,0.34340869732966894
0,0,0.3261502648195666
0,0,0.3389714192263463
0,0,0.2920436878504848
0,0,0.2624621033882948
0,0,0.3066775394502588
0,0,0.27179441316268815
0,0,0.27645328208962644
0,0,0.25617600826420117
0,0,0.28962572460695546
0,0,0.307358668551374
0,0,0.2693348724736378
0,0,0.27345943258562416
0,0,0.27978277983387323
0,0,0.285074988756736
0,0,0.28495807003346707
0,0,0.264666841240919
0,0,0.2811191371258561
0,0,0.2901669098741937
0,0,0.2833558025405547
0,0,0.303505749165798
0,0,0.28003671549013
0,0,0.2973434927583074
0,0,0.291159108910991
0,0,0.2718075579403716
0,0,0.27032010387203803
0,0,0.2659409685388988
0,0,0.14009931577221812
0,0,0.16792268110464462
0,0,0.11849023073475853
0,0,0.11834157971703212
0,0,0.09838587131194922
0,0,0.1211631785423521
0,0,0.13145903214244845
0,0,0.1708476820620714
0,0,0.13286616562045503
0,0,0.10280188213343054
0,0,0.10927198437648804
0,0,0.12515705973915325
0,0,0.11339973775710444
0,0,0.1457327660611553
0,0,0.1674699001201312
0,0,0.176371204087134
0,0,0.09774663122880158
0,0,0.13126292527864833
0,0,0.1446260716249625
0,0,0.13966588938927885
0,0,0.12969459727439087
0,0,0.12699986677709504
0,0,0.1694582383405859
0,0,0.20223005449820705
0,0,0.14831158103377823
0,0,0.16414290295475567
0,0,0.17925610916368437
0,0,0.19697404150430814
0,0,0.17475087451323912
0,0,0.1888981048190643
0,0,0.19795829963027436
0,0,0.18598479791666264
0,0,0.1731715580252306
0,0,0.20052167602199616
0,0,0.17677168154044448
0,0,0.13743476904862367
0,0,0.15431819597812202
0,0,0.14608576087566416
0,0,0.13270449209286123
0,0,0.11708431146316864
0,0,0.1295755674722842
0,0,0.12868557941028846
0,0,0.11772281322844223
0,0,0.10839491345224798
0,0,0.12697783748060004
0,0,0.1954199322657721
0,0,0.14388379753546768
0,0,0.13414793756166332
0,0,0.12044244067968934
0,0,0.11900017649039989
0,0,0.11931954203984231
0,0,0.11001793723658672
0,0,0.12545104640406066
0,0,0.12403796472436994
0,0,0.12194489997455961
0,0,0.12980049725237616
0,0,0.1296766441970272
0,0,0.10803269381573985
0,0,0.1042641222084019
0,0,0.11356026049096717
0,0,0.1187488337037566
0,0,0.096236699484983
0,0,0.09113446701427437
0,0,0.087687227036796
0,0,0.10333338282347335
0,0,0.11689189927683177
0,0,0.10950604281835971
0,0,0.112666114008094
0,0,0.08518327606990875
0,0,0.11386878351208864
0,0,0.09231070459214047
0,0,0.12148920850687212
0,0,0.11641797794374487
0,0,0.12455584288389154
0,0,0.10881633203302615
0,0,0.10665382476475445
0,0,0.08584747691183761
0,0,0.09551242934816954
0,0,0.08851733381511506
0,0,0.10732626653519058
0,0,0.09898879692569913
0,0,0.12480997170384195
0,0,0.11822479318544991
0,0,0.14528271911389662
0,0,0.11226447065973198
0,0,0.11968037518652284
0,0,0.12143992370830657
0,0,0.11059863380156383
0,0,0.1501877754389028
0,0,0.10144134496771173
0,0,0.10503355739953582
0,0,0.10832863430266347
0,0,0.1004931820845655
0,0,0.13425405359641368
1,1,0.7301655729154293
1,1,0.736947091596045
1,1,0.7260380056424299
1,1,0.6992590141467104
1,1,0.7137377665357421
1,1,0.7101161414763156
1,1,0.7215366596893297
1,1,0.7149173741646974
1,1,0.7263922058943951
1,1,0.7558491755007243
1,1,0.7564747106533894
1,1,0.780468862112159
1,1,0.7007592513816664
1,1,0.7137003147750594
1,1,0.7283810603263219
1,1,0.707219383631861
1,1,0.730085432877125
1,1,0.7360527265914757
1,1,0.7686602276516377
1,1,0.6938989503913016
1,1,0.7100701611123473
1,1,0.6968130196969191
1,1,0.7295449706253342
1,1,0.6969031443330098
1,1,0.6903659923691764
1,1,0.6941428861020009
1,1,0.6645677947876253
1,1,0.6500700639077422
1,1,0.6606407908051071
1,1,0.737010289866967
1,1,0.7319217041685852
1,1,0.7467462708180521
1,1,0.6877784702454625
1,1,0.7305837083487774
1,1,0.7462189462021752
1,1,0.7553388010756507
1,1,0.737175540628706
1,1,0.6833689368437591
1,1,0.6862041336583724
1,1,0.6392999838018669
1,1,0.7254839223521222
1,1,0.7161354393081193
1,1,0.6696238747577727
1,1,0.6696120515572548
1,1,0.6492230734203395
1,1,0.6399100452039025
1,1,0.8389133717932693
1,1,0.8650500042143326
1,1,0.8478179429088141
1,1,0.840352789428962
1,1,0.818612253745171
1,1,0.8307666483429734
1,1,0.826076225209608
1,1,0.8109347870690345
1,1,0.8250398284010529
1,1,0.831996460937562
1,1,0.8049048624809064
1,1,0.8226295177919307
1,1,0.808241191143784
1,1,0.8362311607683043
1,1,0.8121460120836115
1,1,0.8092228698685383
1,1,0.8189381590753442
1,1,0.7841532841610498
1,1,0.802514393034922
1,1,0.7877928229758767
1,1,0.821402144886129
1,1,0.8290039949535621
1,1,0.8163473570317215
0,1,0.6270143306793903
0,1,0.6042369830617078
0,1,0.6175178709481437
0,1,0.5976623172760778
0,1,0.6168622817686361
0,1,0.6455524033130512
0,1,0.6013264123946055
0,1,0.6295742539588027
0,1,0.6626113721683206
0,1,0.651715627993221
0,1,0.5988684954735158
0,1,0.6198180922917615
0,1,0.6574446031855697
0,1,0.63951583048106
0,1,0.6271773195734018
0,1,0.614128577885404
0,1,0.597136004555075
0,1,0.574016467429769
0,1,0.628757110523224
0,1,0.6272049012973746
0,1,0.5673749272309361
0,1,0.6487922586344697
0,1,0.6456958206882578
0,1,0.68700587938832
0,1,0.683518879446126
0,1,0.7209261490884431
0,1,0.661169793101265
0,1,0.6751564364263971
0,1,0.6853711722899718
0,1,0.7056980700101729
0,1,0.7098542538083779
0,1,0.6878900984741486
0,1,0.6522541997172568
0,1,0.6924109949190477
0,1,0.6478271307681935
0,1,0.6867886723066623
0,1,0.7127847231342325
0,1,0.6601494690393009
0,1,0.6400789531387471
0,1,0.6316842885948536
0,1,0.6445391605074186
0,1,0.6544710776870661
0,1,0.635457675711016
0,1,0.6365845050326071
0,1,0.6279044941048522
0,1,0.63240328212279
0,0,0.31499537908639025
0,0,0.28073401454806307
0,0,0.3182579948088281
0,0,0.2500298363263165
0,0,0.28178587409071826
0,0,0.27996035939569636
0,0,0.24215949944910142
0,0,0.23382866575563097
0,0,0.2594456513036665
0,0,0.268871195299113
0,0,0.2731312396257466
0,0,0.27575657664023867
0,0,0.27385510195364565
0,0,0.29510282784761704
0,0,0.29432034593114925
0,0,0.262258165002432
0,0,0.29545561735474263
0,0,0.29820900768390723
0,0,0.2663795223318862
0,0,0.28552408407000657
0,0,0.283995534889873
0,0,0.24483979947361284
0,0,0.27645117724525337
0,0,0.3013977831598589
0,0,0.2701583050377031
0,0,0.27524359115415326
0,0,0.24321718601802306
0,0,0.22572833840243653
0,0,0.20783218607797793
0,0,0.2185528611059563
0,0,0.275451985733712
0,0,0.24698750412244352
0,0,0.254091462715139
0,0,0.2483329117982089
0,0,0.2763341507385262
0,0,0.2437277088599169
0,0,0.23615323454652903
0,0,0.23827233452559018
0,0,0.2884884312527214
0,0,0.26909575103822475
0,0,0.282055954850635
0,0,0.2890315966749265
0,0,0.27835449894228476
0,0,0.2951292857978715
0,0,0.2532127140259756
0,0,0.28169001773719804
0,0,0.2589893468576333
0,0,0.23603386147763689
0,0,0.2163247245750962
0,0,0.24997079623320875
0,0,0.21038080828204908
0,0,0.2744919029228173
0,0,0.2870127717071606
0,0,0.2830332139180445
0,0,0.31662190276344376
0,0,0.28452648849147727
0,0,0.2905820478071437
0,0,0.2514517135222817
0,0,0.20876890234054005
1,1,0.7130767327055823
1,1,0.7343753836657235
1,1,0.6791883497445592
1,1,0.6462044190202194
1,1,0.6343520879173069
1,1,0.6864420340970664
1,1,0.6673281430841556
1,1,0.6332414059665398
1,1,0.6871496471474348
1,1,0.7053824466993666
1,1,0.6817022330013219
1,1,0.7132565927700061
1,1,0.6496032059789656
1,1,0.6836265191121881
1,1,0.6911287512487724
1,1,0.6714770981045928
1,1,0.5891342998170276
1,1,0.6174323215192111
1,1,0.5579965857545931
1,1,0.5318236554955321
1,1,0.5044605138201304
1,1,0.5675939953838514
1,1,0.6572720920062336
1,1,0.7281240200840691
1,1,0.7122023360014818
1,1,0.7415661629307359
1,1,0.7456181803902469
1,1,0.7120858455120882
1,1,0.7359881713589433
1,1,0.7577581115091587
1,1,0.7470969028780959
1,1,0.73200735858786
1,1,0.7331276867724887
1,1,0.7356569775825524
1,1,0.758144619111293
1,1,0.7632446229105466
1,1,0.7576893554767585
1,1,0.7505726112643919
1,1,0.7314793444396738
1,1,0.6938202734192507
1,1,0.7009860336401005
1,1,0.7133985580855118
1,1,0.7331776401342495
1,1,0.7500526645050717
1,1,0.7100479760868343
1,1,0.6589472543153841
0,0,0.18911361159836507
0,0,0.19868972625952033
0,0,0.2269540502131759
0,0,0.21343570864940495
0,0,0.16432579345915002
0,0,0.18989608806121866
0,0,0.19922094641631952
0,0,0.28598671234746686
0,0,0.2950721939708066
0,0,0.289773663549987
0,0,0.30026526698166045
0,0,0.287881212274308
0,0,0.28469271341598384
0,0,0.2632103702036061
0,0,0.30876875350413063
0,0,0.28803542013351463
0,0,0.281716051364595
0,0,0.2865974362888521
0,0,0.29997839765250245
0,0,0.2795089163540312
0,0,0.28134958840460644
0,0,0.2898027338101483
0,0,0.27284301374161335
0,0,0.2735279514145231
0,0,0.1853024642093337
0,0,0.23808026819906708
0,0,0.1981804585113563
0,0,0.21307593491405719
0,0,0.24376790450501912
0,0,0.2048743724241044
0,0,0.19191974118080385
0,0,0.19415441425892654
0,0,0.20221526339095536
0,0,0.19393140503928114
0,0,0.2050445353457824
0,0,0.2099774078746198
0,0,0.19586081670193142
0,0,0.17461983285549432
0,0,0.2034580373266833
0,0,0.16195890446800396
0,0,0.21223918513941695
0,0,0.25775844497438494
0,0,0.22555932536434373
0,0,0.21912196429308914
0,0,0.16626948673638825
0,0,0.20040711770988306
0,0,0.2119550552162433
0,0,0.2213350757082349
0,0,0.22491682704554275
0,0,0.23769875168060547
0,0,0.23162247953992499
0,0,0.20914198923696797
0,0,0.19615188086359267
0,0,0.21177376989806335
0,0,0.20772179091305584
0,0,0.20970856640704608
0,0,0.23754769367631162
0,0,0.19628268356417133
0,0,0.2567366305814343
0,0,0.2598329919347254
0,0,0.2829842475273871
0,0,0.2474296844861673
0,0,0.2429916768590927
0,0,0.24006671444685307
0,0,0.24848842635155946
0,0,0.24600829373897315
0,0,0.1978722510675349
0,0,0.18117260930113044
0,0,0.2530320018693252
0,0,0.24512594133073864
0,0,0.2777421273547496
0,0,0.2719779727546837
0,0,0.2358676893800387
0,0,0.25536154586697185
0,0,0.19363680461632174
0,0,0.19066258920830584
0,0,0.20954123109961145
0,0,0.15736221523957558
0,0,0.20124324884760447
0,0,0.21787623329999473
0,0,0.19130903056435375
0,0,0.19936659093722245
0,0,0.1894105866717504
0,0,0.1862643046959594
0,0,0.1927751196020372
0,0,0.20960863057258944
0,0,0.20412866133429142
0,0,0.1949581241871427
0,0,0.2303723918584384
0,0,0.23409663792652938
0,0,0.2694813478574513
0,0,0.24067340240381443
0,0,0.22936063778380952
0,0,0.2484005855257706
0,0,0.23335359690184748
0,0,0.22742075248835872
0,0,0.19837716515735213
0,0,0.1996516632730319
0,0,0.2132719504659939
0,0,0.23725833281879766
0,0,0.2176283824190019
0,0,0.21517717497740782
0,0,0.27470654969110514
0,0,0.27610072466074675
0,0,0.3212201874427636
0,0,0.28238345925878666
0,0,0.2825965165448227
0,0,0.30122039017130714
0,0,0.2517020186689823
0,0,0.27160658025171236
0,0,0.28046883873950024
0,0,0.23558725666625716
0,0,0.22064670146444335
0,0,0.21374597884556232
0,0,0.15434096137250328
0,0,0.2343647789486611
0,0,0.19309669193278947
0,0,0.20696190532945338
0,0,0.16423716247132905
0,0,0.17218152623353145
0,0,0.1767989010308671
0,0,0.18749036512555312
0,0,0.184168691105529
0,0,0.17353926827870708
0,0,0.17363966568493347
0,0,0.19883182413038292
0,0,0.17764543133039618
0,0,0.16867418743080353
0,0,0.1522315136404058
0,0,0.17975701933988653
0,0,0.1905458404187674
0,0,0.19862168605454897
0,0,0.19594094824144637
0,0,0.1899607338805199
0,0,0.19171126961561386
0,0,0.1737176783708696
0,0,0.16500609135991381
0,0,0.15268894095347624
0,0,0.18503243381479012
0,0,0.12479836244504243
0,0,0.13216843804610734
0,0,0.14730825365608607
0,0,0.15330857003505352
0,0,0.13264925480606296
0,0,0.13058165888858367
0,0,0.19921659104213854
0,0,0.19834076308831888
0,0,0.16500813730715816
0,0,0.1672845201605359
0,0,0.22556541312473935
0,0,0.23558508725302815
0,0,0.21376281158443813
0,0,0.218113699069053
0,0,0.22027176065946505
0,0,0.235634538627469
0,0,0.19966471863051233
0,0,0.2715754006580838
0,0,0.21126612005175865
0,0,0.16372542665260167
0,0,0.1743694206085703
0,0,0.17550550732574902
0,0,0.17096581567184088
0,0,0.13707395678837359
0,0,0.16620204532335503
0,0,0.15421707434681703
0,0,0.17528042060933038
0,0,0.19970935879626428
0,0,0.1791945066021087
0,0,0.17340541545744526
0,0,0.1974905718128076
0,0,0.1800462542062938
0,0,0.18948287645350465
0,0,0.1769762081038656
0,0,0.16030449670831218
0,0,0.1567334360086411
0,0,0.17204274660600852
0,0,0.12594669793512814
0,0,0.17667831496763933
0,0,0.1347541514810928
0,0,0.17968308942950423
0,0,0.1822735890116312
0,0,0.1854111014256115
0,0,0.20565300116332086
0,0,0.22091253740645356
0,0,0.1835022890969626
0,0,0.1669172155266908
0,0,0.18154953134506097
0,0,0.15832956880257634
0,0,0.13139830177298786
0,0,0.1610490278238251
0,0,0.14514820100919035
0,0,0.10434460839268808
0,0,0.14140638658393245
0,0,0.11700695797873661
0,0,0.10407780131347172
0,0,0.1145218459674698
0,0,0.18483619970152518
0,0,0.20205111911190787
0,0,0.2375080225730183
0,0,0.2119466839416626
0,0,0.16784237078104422
0,0,0.19965063973322963
0,0,0.17875398612433813
0,0,0.21811158657160512
0,0,0.20354140535385892
0,0,0.1796235920255395
0,0,0.16155262098282253
0,0,0.19121461881609425
1,1,0.6780073346648348
1,1,0.7943883801527771
1,1,0.8465334604991003
1,1,0.7856568465503853
1,1,0.8208274227655881
1,1,0.8254085914309053
1,1,0.8425278698513868
1,1,0.8264330827274781
1,1,0.8357665980629757
1,1,0.840747298783141
1,1,0.8405288047427188
1,1,0.8707847044716907
1,1,0.8660041293971575
1,1,0.833457690778659
1,1,0.8230153137660658
1,1,0.8421121425474017
1,1,0.8304815387152804
1,1,0.8603355761351347
1,1,0.8822530602982755
1,1,0.846897821252745
1,1,0.873666865061253
1,1,0.8932145503818767
1,1,0.8805312926301232
1,1,0.7262433684479592
1,1,0.7138009499159075
1,1,0.6993928991665692
1,1,0.7325967605177252
1,1,0.7225565984942939
1,1,0.7042615277370529
1,1,0.6549037865162971
1,1,0.6377439714657733
1,1,0.6770208107581068
1,1,0.6759759492292039
1,1,0.6900786350099806
1,1,0.6470828601932672
1,1,0.6630793532306393
1,1,0.6612616411977994
1,1,0.671937464908437
1,1,0.6862811681828904
1,1,0.672237965372021
1,1,0.6789860756685264
1,1,0.718571321119891
1,1,0.7081164323134608
1,1,0.7264607226095322
1,1,0.7267715254052912
1,1,0.6518100371877825
1,1,0.7097671248331576
1,1,0.6749288353300242
1,1,0.7187240132939927
1,1,0.7169121564234193
1,1,0.7154153732332043
1,1,0.6922124044999152
1,1,0.6896459208798457
1,1,0.7108100925125856
1,1,0.7120701051874309
1,1,0.6715841342018546
1,1,0.6659965981129063
1,1,0.674310636360721
1,1,0.6842681271576884
1,1,0.6852669764374962
1,1,0.6862715147109464
1,1,0.676802718065064
1,1,0.6662858826942947
1,1,0.6752061782866073
1,1,0.6527230572998071
1,1,0.6789103861060424
1,1,0.6990639760675079
1,1,0.6657531845988331
1,1,0.6498308572433777
1,1,0.7181841993354723
1,1,0.6875366957773048
1,1,0.6926250986089834
1,1,0.6911513195677356
1,1,0.6682652778136112
1,1,0.6666233880585604
1,1,0.6662844027709148
1,1,0.6836519765578079
1,1,0.656388540228417
1,1,0.6839278204586017
1,1,0.6561048863002348
1,1,0.714573472449802
1,1,0.720534658377029
1,1,0.7339364970988121
1,1,0.6531787693894784
1,1,0.7102446989947824
1,1,0.6972903061554032
1,1,0.6658982596577872
1,1,0.6772708205010892
1,1,0.6920232357760746
1,1,0.7009283963656788
1,1,0.7337720094545351
1,1,0.6627255702887059
0,1,0.7006543481485805
0,1,0.71597473637717
0,1,0.6976572135189554
0,1,0.7395989525500329
0,1,0.6953958782313784
0,1,0.6910188772787849
0,1,0.6778015181065733
0,1,0.7035721437288277
0,1,0.7190136666316935
0,1,0.6973542358562003
0,1,0.7061014008549761
0,1,0.7027739728309583
0,1,0.6755775669280538
0,1,0.6599600327529995
0,1,0.6403418930820521
0,1,0.6989564206097696
0,1,0.6779487072926177
0,1,0.6461035342622068
0,1,0.6628318458208063
0,1,0.6515486062558113
0,1,0.7264693405452896
0,1,0.7153692254782246
0,1,0.7587306114380296
0,0,0.11335236305364318
0,0,0.1092532449434367
0,0,0.08901312847491637
0,0,0.08871541704206441
0,0,0.07935435895133898
0,0,0.08745050077627846
0,0,0.11184987734782922
0,0,0.1122955065577443
0,0,0.07040726470416332
0,0,0.07452024690809858
0,0,0.06850129290143396
0,0,0.061965969003469554
0,0,0.06500190436048943
0,0,0.0936101148859368
0,0,0.06045473097265026
0,0,0.06952850807230238
0,0,0.08928434084639884
0,0,0.10113931825423858
0,0,0.08152509023118236
0,0,0.08927863566006106
0,0,0.09006737028479544
0,0,0.0976008168600446
0,0,0.09316383711680461
0,0,0.09980600235685783
0,0,0.09008133242162891
0,0,0.09285179158827228
0,0,0.07978413525986697
0,0,0.08529072517250319
0,0,0.0822996128027643
0,0,0.06767797382488178
0,0,0.08642727222741435
0,0,0.08411075253649464
0,0,0.08429614920613338
0,0,0.08426327614467803
0,0,0.07889617480622262
0,0,0.08758420115189074
0,0,0.07086877278792528
0,0,0.07614446629680581
0,0,0.08273821154381861
0,0,0.11621482426485834
0,0,0.07907935557139006
0,0,0.06909283216079616
0,0,0.0896496319573888
0,0,0.0802766461055136
0,0,0.0953828849637625
0,0,0.06662402226256998
0,0,0.10063931300002422
0,0,0.07608582697091476
0,0,0.096785795705504
0,0,0.10730333864209028
0,0,0.07862719965854846
0,0,0.07517317803809143
0,0,0.08554681327094359
0,0,0.08868934675643386
0,0,0.09689017920750173
0,0,0.10199419321613852
0,0,0.07854026996235866
0,0,0.08504541330848538
0,0,0.08772172728754037
1,1,0.7192266083711584
1,1,0.7129441047673564
1,1,0.6738310236826234
1,1,0.6734886860479503
1,1,0.648975374319702
1,1,0.6759378823003911
1,1,0.7032159267006171
1,1,0.7029531336743667
1,1,0.7259566666051599
1,1,0.6755494444306737
1,1,0.6946247614549708
1,1,0.669699201278946
1,1,0.7133553869606556
1,1,0.6805241078965001
1,1,0.6846586004621952
1,1,0.7129702862557237
1,1,0.6790875377480959
1,1,0.6864160686851133
1,1,0.6754168252959311
1,1,0.6635522614001598
1,1,0.6799772316600062
1,1,0.6950049687732374
1,1,0.7140346450202114
1,1,0.7024376264881259
1,1,0.7111231096674877
1,1,0.7135907366856489
1,1,0.6968068023661083
1,1,0.7100420802971553
1,1,0.6935772988044208
1,1,0.7145959364772242
1,1,0.7244718781731203
1,1,0.7179444093594615
1,1,0.7050291594288848
1,1,0.6976936248347727
1,1,0.7010842080464372
1,1,0.7233589477307802
1,1,0.7432036492015801
1,1,0.7047825508059424
1,1,0.7210284151187196
1,1,0.7369777190813542
1,1,0.7026288124934683
1,1,0.6631127701248246
1,1,0.6896170623096429
1,1,0.7136855349616507
1,1,0.6805374150473916
1,1,0.7269500095418775
1,0,0.16140638703585736
1,0,0.16216978003300736
1,0,0.19947449834382808
1,0,0.17458560952701047
1,0,0.21353713933979016
1,0,0.2185647707704994
1,0,0.16278411095550469
1,0,0.13340222920708406
1,0,0.13024502094933127
1,0,0.11522397853129536
1,0,0.13848913293797158
1,0,0.14826459587744384
1,0,0.13360714855412287
1,0,0.1610408245596421
1,0,0.17347371614670323
1,0,0.17852915240773218
1,0,0.169970711526455
1,0,0.1582705555936514
1,0,0.1351594111921866
1,0,0.12560973423468139
1,0,0.1754132865224565
1,0,0.15683688711608296
1,0,0.1384531144818577
1,0,0.11607212513702861
1,0,0.14434035513737217
1,0,0.1513801690373139
1,0,0.13789939052010408
1,0,0.16643463418525056
1,0,0.27002830191939975
1,0,0.2061654338532195
1,0,0.1836350087817569
1,0,0.15563041044236348
1,0,0.18585763822361534
1,0,0.19573188800305702
1,0,0.17026924201173835
1,0,0.1717394982016585
1,0,0.16206982618914062
1,0,0.1598447516248142
1,0,0.16884100104062688
1,0,0.16080134243177444
1,0,0.16129740667183953
1,0,0.18578424696159396
1,0,0.17107178512492452
1,0,0.16927570847041978
1,0,0.19261867504687658
1,0,0.17471971824532725
1,0,0.15113290379592953
1,0,0.1433046406975105
1,0,0.14514314175364423
1,0,0.13651841316721344
1,0,0.1644527203498544
1,0,0.16913687331206279
1,0,0.14704249135707226
1,0,0.180010955430674
1,0,0.233570014285318
1,0,0.2251885165276839
1,0,0.19827413991427548
1,0,0.1709213098904861
1,0,0.18163828482360572
1,0,0.19059824016660676
1,0,0.2386958195775703
1,0,0.21798545395324925
1,0,0.21075724459608827
1,0,0.21751294239867328
1,0,0.19182153478574113
1,0,0.17750541326576402
1,0,0.2127954371150505
1,0,0.20572041614149408
1,0,0.18441468822816487
1,0,0.18623345829746882
1,0,0.19049183712828655
1,0,0.19447463736578144
1,0,0.15823489474790198
1,0,0.17238570222212676
1,0,0.20536932424127452
1,0,0.1808727143257646
1,0,0.12464575513543251
1,0,0.1392777092193004
1,0,0.14053377932361644
1,0,0.16056255783041415
1,0,0.15285811455486903
1,0,0.14307005192691588
1,0,0.158455950286079
1,0,0.15764840978015682
1,0,0.1298259659579647
1,0,0.1483682183584226
1,0,0.1659144913859219
1,0,0.14172798483520355
1,0,0.14922851815610344
1,0,0.13135493743511037
1,0,0.13940893738078697
1,0,0.15337411661204517
1,0,0.13460729398117033
1,0,0.1441475526104583
1,0,0.17919790703199726
1,0,0.16711174906376697
1,0,0.17097615722667123
1,0,0.16546825432216763
1,0,0.1617018024707736
1,0,0.15684741091697343
1,0,0.18659800939887564
1,0,0.17666805427248877
1,0,0.19427586996104637
1,0,0.17185971471238212
1,0,0.17035372584938918
1,0,0.14594149653100516
1,0,0.11683910776168428
1,0,0.13008792553065535
1,0,0.17126779913885387
1,0,0.14831562239644958
1,0,0.1086679746553791
1,0,0.1379113931894729
1,0,0.12288326910297634
1,0,0.1136369653093536
0,0,0.15019250857363298
0,0,0.1474598946676315
0,0,0.15923879618772038
0,0,0.12780395461321056
0,0,0.13936257507769326
0,0,0.14094143367940673
0,0,0.13967634285858296
0,0,0.15373311851540306
0,0,0.18605525879941942
0,0,0.162649576869531
0,0,0.18389399040169485
0,0,0.17104493058145984
0,0,0.1510809655263726
0,0,0.15709239537100925
0,0,0.17611952809428644
0,0,0.18997855663792038
0,0,0.20839426456172852
0,0,0.17557182581027062
0,0,0.1490105169688804
0,0,0.1604790380465111
0,0,0.1513862499443656
0,0,0.1669815287693255
0,0,0.1803811235225341
1,0,0.18872325348621186
1,0,0.19023164861918265
1,0,0.14382859549514815
1,0,0.15732834682758617
1,0,0.1560370120327119
1,0,0.20210268938913628
1,0,0.19702782565641933
1,0,0.19545776287127828
1,0,0.2102637361056111
1,0,0.23028255246256787
1,0,0.18763798139398932
1,0,0.1889993483865376
1,0,0.21684045462329926
1,0,0.20075688591014004
1,0,0.1739636340946641
1,0,0.16867883539262551
1,0,0.1887830583635834
1,0,0.2121292779465519
1,0,0.226359853009677
1,0,0.22022776468423452
1,0,0.23356978098087505
1,0,0.1649751973178603
1,0,0.15612214866798035
1,0,0.15628570134327513
1,0,0.14746940119064567
1,0,0.1435983986010551
1,0,0.1469215662636395
1,0,0.1724816663565142
1,0,0.2010360627708353
1,0,0.2129794334108498
1,0,0.2151776049536907
1,0,0.19385843593558671
1,0,0.16142292295126873
1,0,0.16726805418025087
1,0,0.17276590552133617
1,0,0.18369700626110577
1,0,0.1424485309279937
1,0,0.15151448275664475
1,0,0.19802712299628408
1,0,0.20570688607353166
1,0,0.21485840585700017
1,0,0.22438589878976478
1,0,0.19617040850613526
1,0,0.18984014138063934
1,0,0.1701049217306247
1,0,0.18895963920793407
1,0,0.1622649443370382
1,0,0.15267590511425747
1,0,0.20909248666117553
1,0,0.17430745397437
1,0,0.1751707743401166
1,0,0.16529020128880084
1,0,0.17256323792088066
1,0,0.18514525493861606
1,0,0.16168867583550336
1,0,0.1927224789702268
1,0,0.18505105504143132
1,0,0.17208088831360704
1,0,0.20957593972862976
1,0,0.18656278271189086
1,0,0.15748749715926796
1,0,0.17935961476622622
1,0,0.2086957157136296
1,0,0.1849886230815571
1,0,0.18032663330273074
1,0,0.20279295050180984
1,0,0.15277641189077878
1,0,0.15744179660668745
1,0,0.1591543579385176
1,0,0.1931132376959665
1,0,0.14563694742160146
1,1,0.870895183898253
1,1,0.8858850636911942
1,1,0.8890744164505403
1,1,0.9035506371053816
1,1,0.9038821448196984
1,1,0.899552028223278
1,1,0.8908504658289752
1,1,0.9105552482679315
1,1,0.8895016849512539
1,1,0.875428279549733
1,1,0.8801765068448648
1,1,0.8918516505663695
1,1,0.8893180295797484
1,1,0.8146245733283186
1,1,0.7701360473061979
1,1,0.719240803039114
1,1,0.7601183629627432
1,1,0.7356023595780258
1,1,0.7357066313429668
1,1,0.7344423717789733
1,1,0.76602967343878
1,1,0.730601197877972
1,1,0.766514502178881
1,1,0.8982647421720863
1,1,0.8661570434726952
1,1,0.8839266867600054
1,1,0.8667112400847127
1,1,0.8886921692353095
1,1,0.9014807748852948
1,1,0.8315429281641726
1,1,0.8358421164655602
1,1,0.8619816463208463
1,1,0.849594106080705
1,1,0.8433742680222671
1,1,0.8021274793256388
1,1,0.8102477890234128
1,1,0.7638563220671931
1,1,0.7561179027500805
1,1,0.7576659419862333
1,1,0.7564925850796341
1,1,0.8361186626930858
1,1,0.8042508890739825
1,1,0.7746779058037876
1,1,0.7779439442461841
1,1,0.8167468118840909
1,1,0.7987827428933473
1,1,0.8569727894332828
1,1,0.8690067834185626
1,1,0.8137718990970286
1,1,0.818303091109178
1,1,0.806737784913476
1,1,0.8294394259570442
1,1,0.839523246135301
1,1,0.803836722218084
1,1,0.7947264605208766
1,1,0.7889993763099905
1,1,0.8019735634092088
1,1,0.7955064972748367
1,1,0.7483944531058299
1,1,0.7079331173507337
1,1,0.726306988738385
1,1,0.7241050126614726
1,1,0.7362903991198385
1,1,0.6889470029692231
1,1,0.6977280863125287
1,1,0.7164472008708018
1,1,0.7404657030567481
1,1,0.7901013047261495
1,1,0.8257689468178475
1,1,0.7125161026945528
1,1,0.8051526598272781
1,1,0.8188391263878307
1,1,0.7996702824667355
1,1,0.7865286419639591
1,1,0.7685377260122236
1,1,0.7392089818903093
1,1,0.7479516731256568
1,1,0.7490992971978159
1,1,0.7064489065114294
1,1,0.7016496121873544
1,1,0.7243527042761098
1,1,0.7583972804991739
1,1,0.7573966106276742
1,1,0.7629676923209808
1,1,0.8067895773514148
1,1,0.7703535806887537
1,1,0.850781929853743
1,1,0.8303745629197264
1,1,0.8058933967856353
1,1,0.814405736861419
1,1,0.8256554789552315
1,1,0.8957023317585002
1,1,0.757014687132047
1,1,0.7569516425669223
1,1,0.741835376670264
1,1,0.7644524379822256
1,1,0.750246585099824
1,1,0.7824524259829644
1,1,0.7744506670202793
1,1,0.7435631609806975
1,1,0.8112349030467569
1,1,0.7738740061373558
1,1,0.7313273513401619
1,1,0.752519910048845
1,1,0.7404062540374491
1,1,0.7396726076255221
1,1,0.736840404666497
1,1,0.7683105185445127
1,1,0.7135317694224461
1,1,0.7679721160311239
1,1,0.7513548723904075
1,1,0.7694317580725466
1,1,0.8240949381282444
1,1,0.7802524807991486
1,1,0.8652971918092207
1,0,0.18962937619785344
1,0,0.19457551935054948
1,0,0.18586161110701835
1,0,0.17590790197933967
1,0,0.1539935621905582
1,0,0.14112129443123508
1,0,0.13772238851521826
1,0,0.16955738353682276
1,0,0.1432865685768484
1,0,0.11856118964789215
1,0,0.12703448155696603
1,0,0.13966321282939229
1,0,0.13548125385911786
1,0,0.1382321840743029
1,0,0.1492027241056982
1,0,0.11963116901757914
1,0,0.15365670139230828
1,0,0.15141088017743443
1,0,0.13886956183348217
1,0,0.14398771856602596
1,0,0.148230255977448
1,0,0.13823351935494296
1,0,0.14883166233054856
1,0,0.14156599473073217
1,0,0.13734504466677946
1,0,0.16203080200479492
1,0,0.14499233052900246
1,0,0.1600590444042389
1,0,0.17070912421103696
1,0,0.16204844085188463
1,0,0.18467996482049315
1,0,0.15374818736089485
1,0,0.15536710876965787
1,0,0.14047913837488224
1,0,0.13899201701237174
1,0,0.13743862666546552
1,0,0.12211826759267744
1,0,0.12582949264517546
1,0,0.1285962659821699
1,0,0.13551316302182623
1,0,0.15227477608383944
1,0,0.12356924892533633
1,0,0.11987603664404207
1,0,0.11050413233999472
1,0,0.12999385366962102
1,0,0.1530526883570074
1,0,0.15578602087728832
1,0,0.1474145324072804
1,0,0.12934346915939082
1,0,0.13569168700700143
1,0,0.15799134198966697
1,0,0.18407795691828238
1,0,0.16921290497539349
1,0,0.1287226731809657
1,0,0.1372226481656944
1,0,0.14787396080880041
1,0,0.1268209491459792
1,0,0.12907859205552286
1,0,0.09920280269299246
1,1,0.7528011910495184
1,1,0.7548890071109828
1,1,0.7514450166235176
1,1,0.763926738551376
1,1,0.7447487879970436
1,1,0.7517073809959934
1,1,0.7864731021420138
1,1,0.7117086936185453
1,1,0.7775006516454248
1,1,0.7788421134370771
1,1,0.7534741069363085
1,1,0.7391146367482364
1,1,0.7122607512735578
1,1,0.7482708925143823
1,1,0.7820842458626189
1,1,0.7477302572191813
1,1,0.7675192852281546
1,1,0.7463016202436965
1,1,0.7322258363529692
1,1,0.7421082679074619
1,1,0.7458543951677392
1,1,0.8939197196008632
1,1,0.8838271863000149
1,1,0.8063533794225048
1,1,0.8008442261116276
1,1,0.8155968624278574
1,1,0.8079080787839569
1,1,0.8134250270647263
1,1,0.8095555441607363
1,1,0.8092358466723094
1,1,0.7729994628175545
1,1,0.7581854172185258
1,1,0.7979905906578323
1,1,0.8125532184803513
1,1,0.803774599620417
1,1,0.8323530914796305
1,1,0.7914643987192127
1,1,0.8067395594711207
1,1,0.7912323315272748
1,1,0.7943678471858587
1,1,0.7762876293828233
1,1,0.7957647160220729
1,1,0.7774353576603018
1,1,0.7829624119541357
1,1,0.8222024161120238
1,1,0.8178754994522276
1,0,0.17842365854604117
1,0,0.26718083054986363
1,0,0.19853248250295688
1,0,0.20684350477549976
1,0,0.2363497863744538
1,0,0.22211945760031374
1,0,0.27054166155973325
1,0,0.2511228783717669
1,0,0.21776106511476848
1,0,0.20853614197224382
1,0,0.23186620576507774
1,0,0.24823466528194216
1,0,0.2535532486292753
1,0,0.23328727601323873
1,0,0.21664108712851415
1,0,0.22905498458592796
1,0,0.23903924293131326
1,0,0.23884802490262289
1,0,0.2407102049682229
1,0,0.2192919291292403
1,0,0.19554212229382936
1,0,0.19330834924297668
1,0,0.2272250826916598
1,0,0.19467412517483076
1,0,0.2049586189301118
1,0,0.18421162017780224
1,0,0.21669064403216923
1,0,0.2121512568390476
1,0,0.19069825056975792
1,0,0.2114059450361474
1,0,0.2500966308728956
1,0,0.23182294101789838
1,0,0.20581314586705296
1,0,0.2015546709886813
1,0,0.19318503308825224
1,0,0.1962295416224115
1,0,0.1891344003366232
1,0,0.2700321772684823
1,0,0.23812045452848477
1,0,0.25497633950926923
1,0,0.24132470715144952
1,0,0.23296195293197658
1,0,0.25842243686908895
1,0,0.24801725049538534
1,0,0.27600182299009923
1,0,0.25456163963538864
1,0,0.21168267500128432
1,0,0.22531381775135018
1,0,0.2242050051378158
1,0,0.1791670845983801
1,0,0.24025378178912565
1,0,0.2521566320063842
1,0,0.18137741347463876
1,0,0.25370059811112033
1,0,0.25227373608671294
1,0,0.20864377741513773
1,0,0.19580278484281483
1,0,0.14501793291556708
1,0,0.14105928446457514
1,0,0.14944370728001036
1,0,0.14761891736067423
1,0,0.180928670343561
1,0,0.16861280848536034
1,0,0.15935191763513376
1,0,0.15643338302124285
1,0,0.166935729585897
1,0,0.20980611831279106
1,0,0.176306155351412
0,0,0.17028840042347415
0,0,0.195297592255369
0,0,0.1354010627790394
0,0,0.18213087013883203
0,0,0.14295211641370836
0,0,0.20701679566579112
0,0,0.24474635517174975
0,0,0.24603508488646256
0,0,0.27095455918050343
0,0,0.2601409645478438
0,0,0.29294787832791
0,0,0.25346541537593487
0,0,0.27854546874209835
0,0,0.2332320863789567
0,0,0.2564431295784823
0,0,0.2819802466407168
0,0,0.2870802835904708
0,0,0.2399051134122263
0,0,0.24210398180260082
0,0,0.25171709956177774
0,0,0.23400919021072342
0,0,0.2659430544086079
0,0,0.2787575486368831
0,0,0.26001083583041296
0,0,0.26414071013652896
0,0,0.22251232194546883
0,0,0.19970440893966088
0,0,0.21522980141898207
0,0,0.21365966466120662
0,0,0.20373913818051267
0,0,0.1949963954175612
0,0,0.21662223952293666
0,0,0.21249046216581335
0,0,0.21474645137634452
0,0,0.21287017609260706
0,0,0.2191793050305657
0,0,0.22521293492759853
0,0,0.21398768670766088
0,0,0.21914926761380504
0,0,0.2569365051045837
0,0,0.23302746250445674
0,0,0.22710244039800417
0,0,0.23690466226794324
0,0,0.21551678748036315
0,0,0.20185096269896025
0,0,0.17152483062890667
0,0,0.44184821909332384
0,0,0.44184821909332384
0,0,0.44184821909332384
0,0,0.44184821909332384
0,0,0.44184821909332384
0,0,0.4402605172533314
0,0,0.43857299107864306
0,0,0.43857299107864306
0,0,0.44184821909332384
0,0,0.44785459871643285
0,0,0.44785459871643285
0,0,0.44184821909332384
0,0,0.44184821909332384
0,0,0.43857299107864306
0,0,0.44360998163026705
0,0,0.44549190132417466
0,0,0.4420222797902747
0,0,0.44184821909332384
0,0,0.44184821909332384
0,0,0.44184821909332384
0,0,0.44184821909332384
0,0,0.43857299107864306
0,0,0.4422166733094939
0,0,0.44549190132417466
0,0,0.44549190132417466
0,0,0.44360998163026705
0,0,0.44184821909332384
0,0,0.4402605172533314
0,0,0.43857299107864306
0,0,0.4420222797902747
0,0,0.4402605172533314
0,0,0.4402605172533314
0,0,0.4402605172533314
0,0,0.43857299107864306
0,0,0.43857299107864306
0,0,0.44184821909332384
0,0,0.43857299107864306
0,0,0.44184821909332384
0,0,0.44184821909332384
0,0,0.4403347536155864
0,0,0.4403347536155864
0,0,0.4422166733094939
0,0,0.44549190132417466
0,0,0.4402605172533314
0,0,0.4402605172533314
0,0,0.44184821909332384
0,0,0.44184821909332384
0,0,0.44184821909332384
0,0,0.44184821909332384
0,0,0.43857299107864306
0,0,0.4402605172533314
0,0,0.4402605172533314
0,0,0.44184821909332384
0,0,0.44184821909332384
0,0,0.44184821909332384
0,0,0.43857299107864306
0,0,0.43857299107864306
0,0,0.44184821909332384
0,0,0.44184821909332384
0,0,0.4402605172533314
0,0,0.43857299107864306
0,0,0.44184821909332384
0,0,0.44184821909332384
0,0,0.44184821909332384
0,0,0.4402605172533314
0,0,0.4402605172533314
0,0,0.4402605172533314
0,0,0.4402605172533314
0,0,0.4420222797902747
0,0,0.4439041994841822
0,0,0.44360998163026705
0,0,0.4402605172533314
0,0,0.4422166733094939
0,0,0.44549190132417466
0,0,0.44184821909332384
0,0,0.4420222797902747
0,0,0.4422166733094939
0,0,0.44184821909332384
0,0,0.44184821909332384
0,0,0.44184821909332384
0,0,0.4420222797902747
0,0,0.4403347536155864
0,0,0.4402605172533314
0,0,0.4402605172533314
0,0,0.4402605172533314
0,0,0.4402605172533314
0,0,0.4402605172533314
0,0,0.44360998163026705
0,0,0.4420222797902747
0,0,0.43857299107864306
0,0,0.43857299107864306
0,0,0.44184821909332384
0,0,0.4402605172533314
0,0,0.43857299107864306
1,0,0.44549190132417466
1,0,0.44785459871643285
1,0,0.44785459871643285
1,0,0.44785459871643285
1,0,0.46195458569448805
1,0,0.4770544003096646
1,0,0.47983423671721437
1,0,0.48142193855720683
1,0,0.47814671054252605
1,0,0.47814671054252605
1,0,0.4774715393249561
1,0,0.47983423671721437
1,0,0.4770544003096646
1,0,0.46518799021628804
1,0,0.45135088744140817
1,0,0.44785459871643285
1,0,0.44785459871643285
1,0,0.44785459871643285
1,0,0.44785459871643285
1,0,0.44785459871643285
1,0,0.44785459871643285
1,0,0.44785459871643285
1,0,0.44785459871643285
1,0,0.44785459871643285
1,0,0.44785459871643285
1,0,0.44785459871643285
1,0,0.44785459871643285
1,0,0.44785459871643285
1,0,0.44785459871643285
1,0,0.44785459871643285
1,0,0.44785459871643285
1,0,0.44785459871643285
1,0,0.44785459871643285
1,0,0.44360998163026705
1,0,0.44785459871643285
1,0,0.44785459871643285
1,0,0.44785459871643285
1,0,0.44785459871643285
1,0,0.44785459871643285
1,0,0.44626689687644044
1,0,0.44785459871643285
1,0,0.44785459871643285
1,0,0.44785459871643285
1,0,0.44785459871643285
1,0,0.44785459871643285
1,0,0.44360998163026705
0,0,0.45594820607137904
0,0,0.45135088744140817
0,0,0.4585452535053423
0,0,0.45594820607137904
0,0,0.4595918883022297
0,0,0.4770544003096646
0,0,0.47814671054252605
0,0,0.47814671054252605
0,0,0.47814671054252605
0,0,0.47814671054252605
0,0,0.48142193855720683
0,0,0.46094337313012224
0,0,0.4603668838544956
0,0,0.46518799021628804
0,0,0.46195458569448805
0,0,0.45135088744140817
0,0,0.44360998163026705
0,0,0.44360998163026705
0,0,0.44785459871643285
0,0,0.44785459871643285
0,0,0.44785459871643285
0,0,0.44785459871643285
0,0,0.44785459871643285
1,0,0.44898819004914986
1,0,0.4770544003096646
1,0,0.48142193855720683
1,0,0.46518799021628804
1,0,0.4585452535053423
1,0,0.46195458569448805
1,0,0.4770544003096646
1,0,0.4770544003096646
1,0,0.48142193855720683
1,0,0.47814671054252605
1,0,0.47814671054252605
1,0,0.47814671054252605
1,0,0.48142193855720683
1,0,0.46518799021628804
1,0,0.45135088744140817
1,0,0.44785459871643285
1,0,0.44785459871643285
1,0,0.44785459871643285
1,0,0.44785459871643285
1,0,0.44785459871643285
1,0,0.44785459871643285
1,0,0.44785459871643285
1,0,0.44785459871643285
0,0,0.44360998163026705
0,0,0.44549190132417466
0,0,0.44549190132417466
0,0,0.44184821909332384
0,0,0.44360998163026705
0,0,0.44785459871643285
0,0,0.4585452535053423
0,0,0.4595918883022297
0,0,0.45594820607137904
0,0,0.4471062703552424
0,0,0.4471062703552424
0,0,0.4471062703552424
0,0,0.45135088744140817
0,0,0.45135088744140817
0,0,0.4480756594267274
0,0,0.45135088744140817
0,0,0.44360998163026705
0,0,0.44184821909332384
0,0,0.44785459871643285
0,0,0.44785459871643285
0,0,0.44785459871643285
0,0,0.44785459871643285
0,0,0.44457937070175213
0,0,0.44785459871643285
0,0,0.44785459871643285
0,0,0.44360998163026705
0,0,0.44184821909332384
0,0,0.4403347536155864
0,0,0.44457937070175213
0,0,0.4422166733094939
0,0,0.4403347536155864
0,0,0.43857299107864306
0,0,0.43857299107864306
0,0,0.44457937070175213
0,0,0.44457937070175213
0,0,0.4422166733094939
0,0,0.44549190132417466
0,0,0.44549190132417466
0,0,0.44549190132417466
0,0,0.44549190132417466
0,0,0.4420222797902747
0,0,0.4402605172533314
0,0,0.43857299107864306
0,0,0.4420222797902747
0,0,0.4403347536155864
0,0,0.4422166733094939
0,0,0.44360998163026705
0,0,0.44184821909332384
0,0,0.4439041994841822
0,0,0.4439041994841822
0,0,0.44360998163026705
0,0,0.4420222797902747
0,0,0.4439041994841822
0,0,0.44457937070175213
0,0,0.4439041994841822
0,0,0.44360998163026705
0,0,0.44184821909332384
0,0,0.44184821909332384
0,0,0.44184821909332384
0,0,0.4402605172533314
0,0,0.43857299107864306
0,0,0.44360998163026705
0,0,0.44184821909332384
0,0,0.44360998163026705
0,0,0.44785459871643285
0,0,0.44549190132417466
0,0,0.4420222797902747
0,0,0.4420222797902747
0,0,0.44360998163026705
0,0,0.4402605172533314
0,0,0.44549190132417466
0,0,0.44785459871643285
0,0,0.4439041994841822
0,0,0.44549190132417466
0,0,0.44549190132417466
0,0,0.44360998163026705
0,0,0.44549190132417466
0,0,0.44549190132417466
0,0,0.44549190132417466
0,0,0.44457937070175213
0,0,0.4422166733094939
0,0,0.44549190132417466
0,0,0.44184821909332384
0,0,0.44785459871643285
0,0,0.44785459871643285
0,0,0.44360998163026705
0,0,0.44549190132417466
0,0,0.44626689687644044
0,0,0.44785459871643285
0,0,0.44360998163026705
0,0,0.44785459871643285
0,0,0.44785459871643285
0,0,0.44785459871643285
0,0,0.44785459871643285
0,0,0.44184821909332384
0,0,0.44549190132417466
0,0,0.44785459871643285
0,0,0.44785459871643285
0,0,0.44184821909332384
0,0,0.4420222797902747
0,0,0.44360998163026705
0,0,0.43857299107864306
0,0,0.44184821909332384
0,0,0.44184821909332384
0,0,0.44457937070175213
1,0,0.44785459871643285
1,0,0.44785459871643285
1,0,0.44785459871643285
1,0,0.44626689687644044
1,0,0.44549190132417466
1,0,0.44549190132417466
1,0,0.44785459871643285
1,0,0.44785459871643285
1,0,0.4439041994841822
1,0,0.44785459871643285
1,0,0.44785459871643285
1,0,0.44360998163026705
1,0,0.44785459871643285
1,0,0.44785459871643285
1,0,0.44184821909332384
1,0,0.44549190132417466
1,0,0.44785459871643285
1,0,0.44549190132417466
1,0,0.44549190132417466
1,0,0.44360998163026705
1,0,0.4402605172533314
1,0,0.4439041994841822
1,0,0.44549190132417466
0,0,0.44184821909332384
0,0,0.44184821909332384
0,0,0.44184821909332384
0,0,0.44184821909332384
0,0,0.44184821909332384
0,0,0.44184821909332384
0,0,0.4402605172533314
0,0,0.43857299107864306
0,0,0.4402605172533314
0,0,0.43857299107864306
0,0,0.44184821909332384
0,0,0.44184821909332384
0,0,0.44184821909332384
0,0,0.44184821909332384
0,0,0.44184821909332384
0,0,0.44184821909332384
0,0,0.44184821909332384
0,0,0.44184821909332384
0,0,0.44184821909332384
0,0,0.44184821909332384
0,0,0.44184821909332384
0,0,0.44184821909332384
0,0,0.43857299107864306
0,0,0.44184821909332384
0,0,0.44184821909332384
0,0,0.44184821909332384
0,0,0.4402605172533314
0,0,0.44184821909332384
0,0,0.44184821909332384
0,0,0.4402605172533314
0,0,0.44184821909332384
0,0,0.44184821909332384
0,0,0.44184821909332384
0,0,0.44184821909332384
0,0,0.43857299107864306
0,0,0.44184821909332384
0,0,0.44184821909332384
0,0,0.4402605172533314
0,0,0.44184821909332384
0,0,0.44184821909332384
0,0,0.44184821909332384
0,0,0.44184821909332384
0,0,0.44184821909332384
0,0,0.44184821909332384
0,0,0.4402605172533314
0,0,0.4402605172533314
0,0,0.44549190132417466
0,0,0.44785459871643285
0,0,0.44360998163026705
0,0,0.4402605172533314
0,0,0.4402605172533314
0,0,0.44785459871643285
0,0,0.44785459871643285
0,0,0.44785459871643285
0,0,0.44785459871643285
0,0,0.4422166733094939
0,0,0.4403347536155864
0,0,0.43857299107864306
0,0,0.44549190132417466
0,0,0.44549190132417466
0,0,0.44785459871643285
0,0,0.44785459871643285
0,0,0.44785459871643285
0,0,0.44785459871643285
0,0,0.44785459871643285
0,0,0.44785459871643285
0,0,0.44785459871643285
0,0,0.44785459871643285
1,0,0.44184821909332384
1,0,0.44184821909332384
1,0,0.44785459871643285
1,0,0.44785459871643285
1,0,0.44360998163026705
1,0,0.44360998163026705
1,0,0.4439041994841822
1,0,0.44549190132417466
1,0,0.44360998163026705
1,0,0.44360998163026705
1,0,0.44184821909332384
1,0,0.44184821909332384
1,0,0.4403347536155864
1,0,0.4420222797902747
1,0,0.44184821909332384
1,0,0.44184821909332384
1,0,0.44360998163026705
1,0,0.44184821909332384
1,0,0.44184821909332384
1,0,0.44184821909332384
1,0,0.44549190132417466
1,0,0.44785459871643285
1,0,0.44360998163026705
1,0,0.44184821909332384
1,0,0.44360998163026705
1,0,0.44360998163026705
1,0,0.4402605172533314
1,0,0.44184821909332384
1,0,0.44184821909332384
1,0,0.44184821909332384
1,0,0.44184821909332384
1,0,0.44360998163026705
1,0,0.44360998163026705
1,0,0.44184821909332384
1,0,0.44360998163026705
1,0,0.44360998163026705
1,0,0.44184821909332384
1,0,0.44184821909332384
1,0,0.44360998163026705
1,0,0.44360998163026705
1,0,0.44184821909332384
1,0,0.44184821909332384
1,0,0.44184821909332384
1,0,0.44184821909332384
1,0,0.44184821909332384
1,0,0.44184821909332384
0,0,0.227596758172261
0,0,0.23416221683131963
0,0,0.3140091162394725
0,0,0.3120835916282759
0,0,0.18251630681729566
0,0,0.149292954458745
0,0,0.14754072506191598
0,0,0.14537991158167213
0,0,0.23076459236703267
0,0,0.18303699887041636
0,0,0.13457603492118614
0,0,0.1700635171233279
0,0,0.2136138011075685
0,0,0.19526858151926058
0,0,0.22966501488022203
0,0,0.2725235275786483
0,0,0.23521440489132264
0,0,0.1948536281174373
0,0,0.22489242411978927
0,0,0.21697259811098324
0,0,0.22233185271533226
0,0,0.20283245914371356
0,0,0.1850766080256128
1,0,0.268103168638373
1,0,0.21556840522376242
1,0,0.1758308059882501
1,0,0.23005454890869678
1,0,0.2146351321161154
1,0,0.2811116247216672
1,0,0.25993408835717224
1,0,0.2333355493010529
1,0,0.2211104241723884
1,0,0.21555649411329347
1,0,0.18374282407334736
1,0,0.1802266379125382
1,0,0.13099897386024456
1,0,0.09922518559321293
1,0,0.09583812240566422
1,0,0.14380201502395165
1,0,0.17507858489240027
1,0,0.16957056102397597
1,0,0.13103108980986755
1,0,0.13424010516446688
1,0,0.163600203256072
1,0,0.18217119087063108
1,0,0.16506481212413576
1,0,0.1503174425625606
1,0,0.1832300364491909
1,0,0.15404990859678758
1,0,0.10197182617820406
1,0,0.14773987830891538
1,0,0.11207512814057764
1,0,0.12126284170900117
1,0,0.11720014062901143
1,0,0.12406728800993624
1,0,0.13088785846359147
1,0,0.1096462254189065
1,0,0.1060119357431391
1,0,0.10388913716699433
1,0,0.129284213629858
1,0,0.12075660910493291
1,0,0.12777879557500454
1,0,0.11070709349835639
1,0,0.10390683570109134
1,0,0.13197080183875273
1,0,0.146077043588961
1,0,0.14143235878133298
1,0,0.12263123619894824
1,0,0.14455534616609372
1,0,0.1429502350384068
1,0,0.13861093405397937
1,0,0.160642029707341
1,0,0.13614979699015442
1,0,0.1354226614476104
1,0,0.11875565341506601
1,0,0.12064955272818191
1,0,0.1389922261888917
1,0,0.14429865646377973
1,0,0.15722751731137782
1,0,0.14029776198368094
1,0,0.12841373003344134
1,0,0.16756967662250039
1,0,0.16863160564665858
1,0,0.12596465923645583
1,0,0.12897976293115826
1,0,0.11921390676305363
1,0,0.15246297335148248
1,0,0.15017866885352926
1,0,0.14517880680348325
1,0,0.1834417664936833
1,0,0.17214005495970708
1,0,0.19120535527983124
1,0,0.1617455924992136
1,0,0.12604955304679166
1,1,0.8543293517636488
1,1,0.8693398724839295
1,1,0.8297697386410525
1,1,0.8600242970034394
1,1,0.8146163440230082
1,1,0.8368612079902817
1,1,0.8275840216308826
1,1,0.8749557986246839
1,1,0.8411140532022064
1,1,0.8316681197904316
1,1,0.8190436802066857
1,1,0.7814426353041626
1,1,0.8041856433591978
1,1,0.8338714998445917
1,1,0.8061999243910986
1,1,0.8286123280144296
1,1,0.8505117402712311
1,1,0.8160502411313266
1,1,0.8038336890772636
1,1,0.7992918662973022
1,1,0.8407764569539249
1,1,0.8053376604216577
1,1,0.8333607202076011
1,1,0.6599276605377709
1,1,0.6312325674012347
1,1,0.6990292334617354
1,1,0.6488948789539759
1,1,0.6735293153145484
1,1,0.6367606689761264
1,1,0.65550121456532
1,1,0.6804707714189139
1,1,0.6589847799588568
1,1,0.6819497661297195
1,1,0.6657976513022286
1,1,0.64149294277532
1,1,0.6174104393632858
1,1,0.660727804602368
1,1,0.6769683861590203
1,1,0.7142169544011422
1,1,0.6600281000098305
1,1,0.6306261742550442
1,1,0.6656022034567443
1,1,0.6684548588836884
1,1,0.6257138927293653
1,1,0.6672336462319758
1,1,0.6979844045427204
0,1,0.6702119827348451
0,1,0.6918503322202028
0,1,0.6833603286248993
0,1,0.6898647155444203
0,1,0.722483486072457
0,1,0.718217935337083
0,1,0.6825699726049567
0,1,0.7344244345724649
0,1,0.7052978776911185
0,1,0.7145399362987149
0,1,0.7007070503054661
0,1,0.6935934534831621
0,1,0.6583380751211698
0,1,0.7458569002521783
0,1,0.7237303063596631
0,1,0.7644031562086694
0,1,0.7005141964213674
0,1,0.671008433670062
0,1,0.7204835618323492
0,1,0.6842230021792629
0,1,0.6385473550508549
0,1,0.6812637242015043
0,1,0.752579226167244
1,1,0.769665115511325
1,1,0.8133634826707116
1,1,0.8338744697061591
1,1,0.7627159584079038
1,1,0.7607656073559516
1,1,0.6851699712303605
1,1,0.7145762435755239
1,1,0.7696540140392508
1,1,0.7292252118785789
1,1,0.7544333699323204
1,1,0.7012640716083479
1,1,0.6929791560766884
1,1,0.7452160195136956
1,1,0.7394038103602538
1,1,0.7024054710783476
1,1,0.6571038046372025
1,1,0.7636136915785988
1,1,0.7184409475937774
1,1,0.7549025379236493
1,1,0.775687002068087
1,1,0.7299051842811941
1,1,0.6429387490987202
1,1,0.6151740702303046
1,1,0.6416125018699153
1,1,0.6728122358131812
1,1,0.6811523404262205
1,1,0.6528172876951899
1,1,0.6841101216345651
1,1,0.7113110443083914
1,1,0.7247163689869904
1,1,0.7100144020859652
1,1,0.7193935634568339
1,1,0.657383724563504
1,1,0.7023057419497196
1,1,0.701250451843752
1,1,0.6993575847794185
1,1,0.7411602056737212
1,1,0.7550025143320063
1,1,0.7171109833307131
1,1,0.7256645497576014
1,1,0.7326062174060474
1,1,0.6967514537726396
1,1,0.6931941699955074
1,1,0.7456014267390141
1,1,0.7602541758373915
1,1,0.6406472533571003
0,0,0.18657272224500904
0,0,0.13535925978566446
0,0,0.20639496754988607
0,0,0.21029298924689627
0,0,0.23818455728138221
0,0,0.2151175373840831
0,0,0.26126013849811636
0,0,0.1950713404974453
0,0,0.16093584691409774
0,0,0.18086103692496772
0,0,0.14068582815957328
0,0,0.17427569928441808
0,0,0.24444033700365164
0,0,0.25070166722448595
0,0,0.21199722375311925
0,0,0.1966108227379254
0,0,0.17456066818771884
0,0,0.17673183044715857
0,0,0.2057083927186889
0,0,0.19319037213787638
0,0,0.1850644304664874
0,0,0.17328093662507257
0,0,0.19708688123643178
0,0,0.1789094766627296
0,0,0.14678036221309707
0,0,0.14783041587449047
0,0,0.12467959056090873
0,0,0.11606772006413023
0,0,0.13279427234669308
0,0,0.13739940698092745
0,0,0.1485621324248881
0,0,0.224061493098499
0,0,0.2607702720151299
0,0,0.24786402673564628
0,0,0.1997869738548178
0,0,0.18180350761349634
0,0,0.19197282138897342
0,0,0.16214634672727926
0,0,0.14928934376293373
0,0,0.15861540777476305
0,0,0.14833798410102111
0,0,0.19997731803961027
0,0,0.20519682112592644
0,0,0.2161091503242102
0,0,0.2026296005566869
0,0,0.20081978747808335
0,0,0.2058572392648499
0,0,0.2290612298567571
0,0,0.19700094827467954
0,0,0.1975293868793278
0,0,0.17494641482249787
0,0,0.15488605506859734
0,0,0.20169823246987698
0,0,0.1637104118811788
0,0,0.18072098681383225
0,0,0.17965375815687842
0,0,0.140644723991226
0,0,0.17292382283834865
0,0,0.18691128830127524
1,1,0.6740213426153702
1,1,0.7120148838342574
1,1,0.7275308809717788
1,1,0.7400247106793177
1,1,0.7168601863554451
1,1,0.6931485063534041
1,1,0.6706082741350876
1,1,0.740806590071551
1,1,0.6570659969124735
1,1,0.6519148697600918
1,1,0.7258350504170565
1,1,0.6887999997748091
1,1,0.7554545083285932
1,1,0.7298178541678305
1,1,0.7212031372491454
1,1,0.740155074232472
1,1,0.7241384960375897
1,1,0.7218135063500348
1,1,0.7188492243337159
1,1,0.7013218032523042
1,1,0.8159977789740274
1,1,0.8348118490913214
1,1,0.7995251730577199
1,1,0.7199828582950567
1,1,0.6530517678900145
1,1,0.6828007503271603
1,1,0.6654946261963884
1,1,0.5588651923180391
1,1,0.5253519049875359
1,1,0.5310345274970328
1,1,0.5368375474573824
1,1,0.5390614402209504
1,1,0.5321631492161714
1,1,0.539956756419742
1,1,0.5323150556442018
1,1,0.5468945549360655
1,1,0.5742759279055614
1,1,0.5525968616649096
1,1,0.567431570781076
1,1,0.516832701282745
1,0,0.4940874149794634
1,0,0.4776467189694823
1,1,0.5127046648760906
1,1,0.5403241997733881
1,1,0.504716878454395
1,1,0.5488587589615868
1,0,0.259215703859671
1,0,0.21771755428044842
1,0,0.20940061919395586
1,0,0.1609290968012698
1,0,0.12388922178149954
1,0,0.17644231607792232
1,0,0.21108683340457737
1,0,0.2121187578617865
1,0,0.1827846551721665
1,0,0.1841437122849937
1,0,0.16335636693178132
1,0,0.16430447699577658
1,0,0.1245738983634602
1,0,0.16194253387432522
1,0,0.17986788988143623
1,0,0.19665314255346755
1,0,0.2193112788449157
1,0,0.19580245846220878
1,0,0.18839959333119308
1,0,0.22410143416898837
1,0,0.2315330711736624
1,0,0.19663455525682058
1,0,0.20012311915985243
1,0,0.19568441772468373
1,0,0.1844185953718291
1,0,0.195695524504771
1,0,0.17759358320969493
1,0,0.20976918856410287
1,0,0.13783878661596474
1,0,0.18189013513922578
1,0,0.16984251922411758
1,0,0.18170087923578826
1,0,0.1703801394885269
1,0,0.17449345715763226
1,0,0.2421257760519579
1,0,0.19756934354681238
1,0,0.2515050163830097
1,0,0.2195429469020362
1,0,0.22683640339680125
1,0,0.23612395717566934
1,0,0.2618217285663242
1,0,0.2352264212781441
1,0,0.23868517666937641
1,0,0.2397923115003692
1,0,0.22125727044180954
1,0,0.22951385287180745
1,0,0.24122198954953997
1,0,0.2745513383971196
1,0,0.28764048083128974
1,0,0.25579366763703565
1,0,0.22817451816747816
1,0,0.215783139043681
1,0,0.23766747830763663
1,0,0.2534617411558645
1,0,0.21535735488494423
1,0,0.2132675458958446
1,0,0.1812325111968294
1,0,0.20895503065768412
1,0,0.24800353114955243
1,0,0.2178908170970342
1,0,0.2539011407014196
1,0,0.22816829746456527
1,0,0.23215167365852804
1,0,0.24013697388447688
1,0,0.2109542521351653
1,0,0.23088608550492407
1,0,0.2646546272925444
1,0,0.2359024047932713
1,0,0.31536642836255224
1,0,0.22404570879515634
1,0,0.22764775726673595
1,0,0.17869211015705044
1,0,0.21592728187097104
1,0,0.1778723268188147
1,0,0.2476168459038122
1,0,0.22213657735962908
1,0,0.17573955726626297
1,0,0.18761142728841304
1,0,0.1712265350170384
1,0,0.2235552406601673
1,0,0.18955542174575626
1,0,0.19025938663806105
1,0,0.1871242078134512
1,0,0.1562719945415095
1,0,0.19906655408738957
1,0,0.19932075962837775
1,0,0.1789830137035684
1,0,0.18653138452079548
1,0,0.1764450010073808
1,0,0.2325195459201715
1,0,0.21121007060280333
1,0,0.2054768097656378
1,0,0.23199252765818176
1,0,0.1914058651206922
1,0,0.2995216379580412
1,0,0.31262778195121493
1,0,0.19178724312395892
1,0,0.12550271004909805
1,0,0.19368507646679145
1,0,0.1698442724481798
1,0,0.22070777097045116
1,0,0.22571751320387898
1,0,0.23579169510576692
1,0,0.23275411991776573
1,0,0.20603486825174502
1,0,0.20899188729196777
1,0,0.19612902914969776
1,0,0.14248492190023676
1,0,0.14807921015235861
1,0,0.20365685682479495
1,0,0.19168055183752256
1,0,0.18675267021248512
1,0,0.21957185708248647
1,0,0.21470758743250737
0,0,0.4403347536155864
0,0,0.4403347536155864
0,0,0.4403347536155864
0,0,0.4403347536155864
0,0,0.4403347536155864
0,0,0.4422166733094939
0,0,0.4403347536155864
0,0,0.43857299107864306
0,0,0.43857299107864306
0,0,0.43857299107864306
0,0,0.43857299107864306
0,0,0.4403347536155864
0,0,0.4403347536155864
0,0,0.43857299107864306
0,0,0.43857299107864306
0,0,0.4403347536155864
0,0,0.4422166733094939
0,0,0.4422166733094939
0,0,0.4403347536155864
0,0,0.4420222797902747
0,0,0.44549190132417466
0,0,0.4439041994841822
0,0,0.4422166733094939
0,0,0.44457937070175213
0,0,0.44457937070175213
0,0,0.44457937070175213
0,0,0.44360998163026705
0,0,0.44457937070175213
0,0,0.4439041994841822
0,0,0.4420222797902747
0,0,0.4420222797902747
0,0,0.4420222797902747
0,0,0.4402605172533314
0,0,0.4403347536155864
0,0,0.4422166733094939
0,0,0.4403347536155864
0,0,0.43857299107864306
0,0,0.4403347536155864
0,0,0.4403347536155864
0,0,0.43857299107864306
0,0,0.44457937070175213
0,0,0.4422166733094939
0,0,0.43857299107864306
0,0,0.43857299107864306
0,0,0.43857299107864306
0,0,0.43857299107864306
0,0,0.43857299107864306
0,0,0.43857299107864306
0,0,0.4403347536155864
0,0,0.43857299107864306
0,0,0.43857299107864306
0,0,0.43857299107864306
0,0,0.4403347536155864
0,0,0.43857299107864306
0,0,0.43857299107864306
0,0,0.4422166733094939
0,0,0.4422166733094939
0,0,0.43857299107864306
0,0,0.43857299107864306
0,0,0.44457937070175213
0,0,0.4422166733094939
0,0,0.43857299107864306
0,0,0.43857299107864306
0,0,0.43857299107864306
0,0,0.43857299107864306
0,0,0.43857299107864306
0,0,0.43857299107864306
0,0,0.4403347536155864
0,0,0.4403347536155864
0,0,0.43857299107864306
0,0,0.43857299107864306
0,0,0.43857299107864306
0,0,0.43857299107864306
0,0,0.43857299107864306
0,0,0.43857299107864306
0,0,0.4403347536155864
0,0,0.4422166733094939
0,0,0.43857299107864306
0,0,0.43857299107864306
0,0,0.43857299107864306
0,0,0.4403347536155864
0,0,0.43857299107864306
0,0,0.43857299107864306
0,0,0.4422166733094939
0,0,0.44457937070175213
0,0,0.4403347536155864
0,0,0.43857299107864306
0,0,0.4403347536155864
0,0,0.4422166733094939
0,0,0.4403347536155864
0,0,0.43857299107864306
0,0,0.43857299107864306
0,0,0.43857299107864306
0,0,0.43857299107864306
0,0,0.44360998163026705
0,0,0.44360998163026705
0,0,0.44184821909332384
0,0,0.44184821909332384
0,0,0.4420222797902747
0,0,0.44360998163026705
0,0,0.4422166733094939
0,0,0.4422166733094939
0,0,0.44360998163026705
0,0,0.44785459871643285
0,0,0.4439041994841822
0,0,0.44549190132417466
0,0,0.44626689687644044
0,0,0.4439041994841822
0,0,0.44549190132417466
0,0,0.44549190132417466
0,0,0.4420222797902747
0,0,0.44549190132417466
0,0,0.4420222797902747
0,0,0.43857299107864306
0,0,0.44184821909332384
0,0,0.4420222797902747
0,0,0.44360998163026705
0,0,0.44360998163026705
0,0,0.44360998163026705
0,0,0.44360998163026705
0,0,0.44360998163026705
0,0,0.44360998163026705
0,0,0.44360998163026705
0,0,0.4403347536155864
0,0,0.44549190132417466
0,0,0.4402605172533314
0,0,0.44360998163026705
0,0,0.44360998163026705
0,0,0.44184821909332384
0,0,0.44549190132417466
0,0,0.44549190132417466
0,0,0.44360998163026705
0,0,0.44360998163026705
0,0,0.4422166733094939
0,0,0.44549190132417466
0,0,0.4420222797902747
0,0,0.44184821909332384
0,0,0.44360998163026705
0,0,0.44360998163026705
0,0,0.44549190132417466
0,1,0.5072085596797035
0,1,0.5106829492280777
0,1,0.509090479373611
0,1,0.509090479373611
0,1,0.5072085596797035
0,1,0.5072085596797035
0,1,0.5072085596797035
0,1,0.5072085596797035
0,1,0.5072085596797035
0,1,0.5088010295341703
0,1,0.504962858767385
0,1,0.5033703889129183
0,1,0.513045646620336
0,1,0.513045646620336
0,1,0.5054467971427602
0,1,0.5072085596797035
0,1,0.5033703889129183
0,1,0.5072085596797035
0,1,0.509090479373611
0,1,0.5072085596797035
0,1,0.5072085596797035
0,1,0.5072085596797035
0,1,0.5033703889129183
0,0,0.44785459871643285
0,0,0.44785459871643285
0,0,0.44184821909332384
0,0,0.4402605172533314
0,0,0.44184821909332384
0,0,0.44360998163026705
0,0,0.44785459871643285
0,0,0.44549190132417466
0,0,0.44360998163026705
0,0,0.44360998163026705
0,0,0.4402605172533314
0,0,0.4403347536155864
0,0,0.44626689687644044
0,0,0.44785459871643285
0,0,0.44785459871643285
0,0,0.44549190132417466
0,0,0.4420222797902747
0,0,0.44184821909332384
0,0,0.44549190132417466
0,0,0.4403347536155864
0,0,0.44184821909332384
0,0,0.44360998163026705
0,0,0.44549190132417466
1,0,0.44360998163026705
1,0,0.44184821909332384
1,0,0.44184821909332384
1,0,0.44184821909332384
1,0,0.44360998163026705
1,0,0.44360998163026705
1,0,0.44360998163026705
1,0,0.44184821909332384
1,0,0.44184821909332384
1,0,0.4471062703552424
1,0,0.4628252928240297
1,0,0.48072287416974213
1,1,0.5033703889129183
1,0,0.4971350247112618
1,0,0.4790592411649485
1,0,0.47280978322349887
1,0,0.47280978322349887
1,0,0.4746917029174063
1,0,0.4790592411649485
1,0,0.4771773214710411
1,0,0.48279928239958414
1,0,0.495542554856795
1,0,0.497618963086637
0,0,0.44360998163026705
0,0,0.44360998163026705
0,0,0.44549190132417466
0,0,0.44360998163026705
0,0,0.44184821909332384
0,0,0.44360998163026705
0,0,0.44549190132417466
0,0,0.44360998163026705
0,0,0.44549190132417466
0,0,0.4420222797902747
0,0,0.44184821909332384
0,0,0.44360998163026705
0,0,0.44549190132417466
0,0,0.44549190132417466
0,0,0.44549190132417466
0,0,0.4422166733094939
0,0,0.44360998163026705
0,0,0.44360998163026705
0,0,0.44184821909332384
0,0,0.44184821909332384
0,0,0.44184821909332384
0,0,0.44360998163026705
0,0,0.4420222797902747
0,0,0.43857299107864306
0,0,0.4402605172533314
0,0,0.44184821909332384
0,0,0.44184821909332384
0,0,0.44184821909332384
0,0,0.44549190132417466
0,0,0.44785459871643285
0,0,0.4420222797902747
0,0,0.44360998163026705
0,0,0.44360998163026705
0,0,0.44184821909332384
0,0,0.44184821909332384
0,0,0.44360998163026705
0,0,0.44360998163026705
0,0,0.44184821909332384
0,0,0.44549190132417466
0,0,0.44549190132417466
0,0,0.44360998163026705
0,0,0.44360998163026705
0,0,0.44360998163026705
0,0,0.44360998163026705
0,0,0.44360998163026705
0,0,0.44360998163026705
0,0,0.44549190132417466
0,0,0.44360998163026705
0,0,0.44360998163026705
0,0,0.44184821909332384
0,0,0.44549190132417466
0,0,0.44549190132417466
0,0,0.44184821909332384
0,0,0.44184821909332384
0,0,0.4402605172533314
0,0,0.44184821909332384
0,0,0.44549190132417466
0,0,0.44549190132417466
0,0,0.4402605172533314
0,0,0.44184821909332384
0,0,0.4402605172533314
0,0,0.44184821909332384
0,0,0.44549190132417466
0,0,0.44549190132417466
0,0,0.4402605172533314
0,0,0.44184821909332384
0,0,0.44360998163026705
0,0,0.44457937070175213
0,0,0.44785459871643285
0,0,0.44549190132417466
0,0,0.44785459871643285
0,0,0.44360998163026705
0,0,0.44184821909332384
0,0,0.44184821909332384
0,0,0.44360998163026705
0,0,0.44549190132417466
0,0,0.44549190132417466
0,0,0.44360998163026705
0,0,0.44184821909332384
0,0,0.44184821909332384
0,0,0.44184821909332384
0,0,0.44184821909332384
0,0,0.44549190132417466
0,0,0.44360998163026705
0,0,0.44184821909332384
0,0,0.44360998163026705
0,0,0.4402605172533314
0,0,0.44184821909332384
0,0,0.44360998163026705
0,0,0.4402605172533314
0,0,0.44184821909332384
0,0,0.44184821909332384
0,0,0.4402605172533314
0,0,0.4402605172533314
0,0,0.44360998163026705
0,0,0.44785459871643285
0,0,0.44457937070175213
0,0,0.44184821909332384
0,0,0.44184821909332384
0,0,0.4402605172533314
0,0,0.44360998163026705
0,0,0.44184821909332384
0,0,0.44184821909332384
0,0,0.44360998163026705
0,0,0.44549190132417466
0,0,0.4422166733094939
0,0,0.44457937070175213
0,0,0.43857299107864306
0,0,0.43857299107864306
0,0,0.43857299107864306
0,0,0.43857299107864306
0,0,0.4403347536155864
0,0,0.43857299107864306
0,0,0.43857299107864306
0,0,0.43857299107864306
0,0,0.43857299107864306
0,0,0.4403347536155864
0,0,0.44360998163026705
0,0,0.43857299107864306
0,0,0.43857299107864306
0,0,0.43857299107864306
0,0,0.43857299107864306
0,0,0.43857299107864306
0,0,0.43857299107864306
0,0,0.4420222797902747
0,0,0.4403347536155864
0,0,0.43857299107864306
0,0,0.43857299107864306
0,0,0.4403347536155864
0,0,0.4403347536155864
0,0,0.4402605172533314
0,0,0.43857299107864306
0,0,0.43857299107864306
0,0,0.43857299107864306
0,0,0.4420222797902747
0,0,0.4403347536155864
0,0,0.4403347536155864
0,0,0.4403347536155864
0,0,0.43857299107864306
0,0,0.44457937070175213
0,0,0.44457937070175213
0,0,0.43857299107864306
0,0,0.4403347536155864
0,0,0.4420222797902747
0,0,0.43857299107864306
0,0,0.43857299107864306
0,0,0.43857299107864306
0,0,0.43857299107864306
0,0,0.43857299107864306
0,0,0.4403347536155864
0,0,0.44184821909332384
0,0,0.4402605172533314
0,0,0.4402605172533314
0,0,0.43857299107864306
0,0,0.43857299107864306
0,0,0.43857299107864306
0,0,0.43857299107864306
0,0,0.43857299107864306
0,0,0.43857299107864306
0,0,0.43857299107864306
0,0,0.43857299107864306
0,0,0.43857299107864306
0,0,0.43857299107864306
0,0,0.43857299107864306
0,0,0.43857299107864306
0,0,0.44360998163026705
0,0,0.4420222797902747
0,0,0.4402605172533314
0,0,0.43857299107864306
0,0,0.43857299107864306
0,0,0.4402605172533314
0,0,0.4402605172533314
0,0,0.43857299107864306
0,0,0.44360998163026705
0,0,0.4402605172533314
0,0,0.4402605172533314
0,0,0.43857299107864306
0,0,0.4403347536155864
0,0,0.4403347536155864
0,0,0.43857299107864306
0,0,0.43857299107864306
0,0,0.4402605172533314
0,0,0.43857299107864306
0,0,0.43857299107864306
0,0,0.43857299107864306
0,0,0.43857299107864306
0,0,0.43857299107864306
0,0,0.43857299107864306
0,0,0.4403347536155864
0,0,0.4422166733094939
0,0,0.4422166733094939
0,0,0.43857299107864306
0,0,0.43857299107864306
0,0,0.43857299107864306
0,0,0.43857299107864306
0,0,0.4422166733094939
0,0,0.4439041994841822
0,0,0.44184821909332384
0,0,0.4403347536155864
0,0,0.43857299107864306
0,0,0.4403347536155864
0,0,0.4420222797902747
0,0,0.4402605172533314
0,0,0.43857299107864306
0,0,0.43857299107864306
0,0,0.4403347536155864
0,0,0.43857299107864306
0,0,0.4403347536155864
0,0,0.4403347536155864
0,0,0.44457937070175213
0,0,0.44457937070175213
0,0,0.4403347536155864
0,0,0.4422166733094939
0,0,0.4422166733094939
0,0,0.4420222797902747
0,0,0.43857299107864306
0,0,0.43857299107864306
0,0,0.43857299107864306
0,0,0.4403347536155864
0,0,0.2055583159708527
0,0,0.21687334381841125
0,0,0.18752637696237634
0,0,0.18808086764340876
0,0,0.184236728776013
0,0,0.17173776808213406
0,0,0.17816733095912557
0,0,0.1747394852491128
0,0,0.18303055664927714
0,0,0.17415614374749439
0,0,0.1652958267980005
0,0,0.1981535367396391
0,0,0.21234427631851605
0,0,0.19733579700738102
0,0,0.19496023388838007
0,0,0.1874035815417603
0,0,0.1880901021448584
0,0,0.24532414864902063
0,0,0.25153240757884154
0,0,0.2177707493701087
0,0,0.21961623639609656
0,0,0.23091723741666736
0,0,0.22146361136497766
0,0,0.21819951514909433
0,0,0.19892858069076738
0,0,0.23004759344711923
0,0,0.24556246705015977
0,0,0.22129666688251057
0,0,0.21710503971146694
0,0,0.1704453693488114
0,0,0.17235782547751563
0,0,0.16253016910078044
0,0,0.17316185373181672
0,0,0.14540235954373132
0,0,0.16031009278326003
0,0,0.12305233817105211
0,0,0.1203776329556557
0,0,0.135123082666424
0,0,0.18396623658160205
0,0,0.14625125254129318
0,0,0.13908238036072124
0,0,0.13866042563698577
0,0,0.143149251397588
0,0,0.16616430717701214
0,0,0.14375669775145675
0,0,0.1386730221681678
0,0,0.14726533626267682
0,0,0.1543356421293466
0,0,0.15771339278135613
0,0,0.15627270244949806
0,0,0.16063185923520606
0,0,0.15518887923392685
0,0,0.15645994264601382
0,0,0.1536458242059512
0,0,0.15762246454568435
0,0,0.16086156473954943
0,0,0.14809945818998524
0,0,0.16179641898817795
0,0,0.16461300687388136
0,0,0.16643735017356828
0,0,0.1529218238573624
0,0,0.14844262099076416
0,0,0.16088320931459082
0,0,0.1768779830526513
0,0,0.17521413994263216
0,0,0.1552529196179714
0,0,0.19869916490335499
0,0,0.20263606773930143
0,0,0.21200651023142122
0,0,0.22046724195939502
0,0,0.24090402031899344
0,0,0.2662893825905556
0,0,0.25469024583676175
0,0,0.21971532948697392
0,0,0.20505570228747375
0,0,0.20529904640868618
0,0,0.2179923168872915
0,0,0.23860510534320514
0,0,0.2354161329206696
0,0,0.2019804409870786
0,0,0.20716553712708421
0,0,0.19318632634666055
0,0,0.19605440893926382
0,0,0.16055806161547373
0,0,0.17547713388305386
0,0,0.188597185200369
0,0,0.18994551061849932
0,0,0.20860411725401484
0,0,0.16893331598160866
0,0,0.1669346951781907
0,0,0.18076653682471958
0,0,0.16819605024863774
0,0,0.16245748123926299
0,0,0.16698793335973616
1,1,0.7897206849256412
1,1,0.7867810266363854
1,1,0.768663038460599
1,1,0.7570723362186853
1,1,0.7830415558173983
1,1,0.7768406158560517
1,1,0.8174602368891546
1,1,0.8258608025182074
1,1,0.8014810215233281
1,1,0.8181917744574807
1,1,0.7991705242168188
1,1,0.8025349553554112
1,1,0.7899617500183831
1,1,0.8032805959127007
1,1,0.7960027809338507
1,1,0.8026546491456158
1,1,0.7893755644694851
1,1,0.789686310683243
1,1,0.7806967539318366
1,1,0.7779845396935481
1,1,0.7858737271792586
1,1,0.7745671928395949
1,1,0.7810390100823258
1,1,0.7955536340845633
1,1,0.7973879514484427
1,1,0.8110321289994823
1,1,0.7924782700395444
1,1,0.774505675006451
1,1,0.7918423065722401
1,1,0.7738028238747467
1,1,0.7688630799290975
1,1,0.7695715508072604
1,1,0.7696963920959372
1,1,0.7592970976351168
1,1,0.7722380725834722
1,1,0.7800026804993196
1,1,0.7794061813611447
1,1,0.7901134929405006
1,1,0.7710853404098994
1,1,0.7643936881141344
1,1,0.7843441742970674
1,1,0.8190775109627506
1,1,0.8085881037539498
1,1,0.7474199044960612
1,1,0.7414416970085381
1,1,0.7278971233962794
1,1,0.8300932255722177
1,1,0.8402231420729904
1,1,0.838802744907264
1,1,0.8657989991644927
1,1,0.8395276051710405
1,1,0.8592072665773088
1,1,0.8448024891182135
1,1,0.8337400346145025
1,1,0.822447736660602
1,1,0.8116082620925212
1,1,0.8252466819137854
1,1,0.8135355347137829
1,1,0.8307249367123924
1,1,0.8227412215403264
1,1,0.8199774073024031
1,1,0.8112838276367234
1,1,0.8219354234520816
1,1,0.8317423978189796
1,1,0.840838128623553
1,1,0.8486943844071254
1,1,0.8428805498090313
1,1,0.8392965676271111
1,1,0.7998608426747223
1,1,0.7565336250723987
1,1,0.7617844082974012
1,1,0.7637057882810145
1,1,0.7559927828184526
1,1,0.7694700890312143
1,1,0.7770768246553361
1,1,0.7502859999884558
1,1,0.7505730299163119
1,1,0.7827983680332247
1,1,0.7992334097028465
1,1,0.7920844921445355
1,1,0.8140202605585423
1,1,0.8111576468423023
1,1,0.7979618170581542
1,1,0.7966919739859679
1,1,0.8011684953669268
1,1,0.8012256964876084
1,1,0.8108110685070816
1,1,0.8025627690499441
1,1,0.7970862671569372
1,1,0.8081873489876057
1,1,0.8094408316137698
1,1,0.7999896451087846
1,1,0.7278409903888641
1,1,0.7303621419268002
1,1,0.7473675033813207
1,1,0.7775668759737491
1,1,0.8071556558256391
1,1,0.8058857284833585
1,1,0.7931530569840822
1,1,0.7936331584734343
1,1,0.7858310763768125
1,1,0.8034516161364189
1,1,0.7752994074251959
1,1,0.7746678327658443
1,1,0.777111904059913
1,1,0.7945833241973145
1,1,0.7789571296524908
1,1,0.7604719899489112
1,1,0.7554112376412602
1,1,0.7533314357190757
1,1,0.7548225785670022
1,1,0.7646538552157568
1,1,0.7568798403604817
1,1,0.7071107234620496
1,1,0.7703974672671369
0,0,0.14985005737493234
0,0,0.16096288067444559
0,0,0.15770175560446467
0,0,0.14002688892586168
0,0,0.1672087205689275
0,0,0.1806069449749089
0,0,0.1951628548298553
0,0,0.167248641375436
0,0,0.16205468161880607
0,0,0.1492868755230345
0,0,0.16709858993264878
0,0,0.1356685403797497
0,0,0.13482481956068199
0,0,0.14116613946143977
0,0,0.13376879660747856
0,0,0.1656674850765085
0,0,0.14499643163921394
0,0,0.15203076263970636
0,0,0.16611680343392707
0,0,0.15126316178640462
0,0,0.18248549275276552
0,0,0.15222691338657635
0,0,0.1323078048324729
0,0,0.12301036817751054
0,0,0.14070389247571258
0,0,0.11968188452132246
0,0,0.12504010958246986
0,0,0.1647002250170967
0,0,0.13554637098418376
0,0,0.1270696874678608
0,0,0.152352600780811
0,0,0.14091776253697053
0,0,0.12057737353711932
0,0,0.12618114022937593
0,0,0.12874032499626667
0,0,0.10055291731999869
0,0,0.1304475918873657
0,0,0.13278588360404578
0,0,0.12237592397404101
0,0,0.12838189182035106
0,0,0.1396418656500085
0,0,0.13474804193532047
0,0,0.13613458541625711
0,0,0.11627283485637108
0,0,0.11173304726770279
0,0,0.11468434273082145
0,0,0.12563739524468656
0,0,0.12171941077322394
0,0,0.1347311381332111
0,0,0.14140924941451702
0,0,0.14537642863484912
0,0,0.14285450902077496
0,0,0.1380752364823173
0,0,0.1366121875961559
0,0,0.1665818748461504
0,0,0.15154338902423228
0,0,0.1373140555089305
0,0,0.13210913236688687
0,0,0.16429611595194843
1,1,0.7947139220028591
1,1,0.7926345920855536
1,1,0.825925831121301
1,1,0.7968726642517738
1,1,0.7916828625341291
1,1,0.8286601275346911
1,1,0.8000485384576064
1,1,0.7713981022022226
1,1,0.7928917221470455
1,1,0.8175210296280607
1,1,0.8086371232580166
1,1,0.7942667232307913
1,1,0.816186644086908
1,1,0.7953074440558748
1,1,0.7879896645589943
1,1,0.7832919544394563
1,1,0.7838827168850999
1,1,0.7875076603086255
1,1,0.8065881734671063
1,1,0.8113206540789608
1,1,0.8053568520921007
1,1,0.7714697857631062
1,1,0.7520192838052165
1,1,0.7930708327930586
1,1,0.7904113589551003
1,1,0.7940170027922616
1,1,0.808224574272847
1,1,0.7854757466884823
1,1,0.7604989335075233
1,1,0.7914814935645884
1,1,0.7873899836472653
1,1,0.8081636114022436
1,1,0.8042430073843095
1,1,0.7655380437779944
1,1,0.773450271342934
1,1,0.7772188282711633
1,1,0.7471356381827559
1,1,0.7713019311709255
1,1,0.7736398182016876
1,1,0.7833292595239718
1,1,0.7765227939655053
1,1,0.7772793668758524
1,1,0.7773028013207721
1,1,0.7672851741017723
1,1,0.768384914517611
1,1,0.7685633902336503
1,0,0.2237663127151501
1,0,0.1973861015781794
1,0,0.2276800285807868
1,0,0.22464408063334967
1,0,0.23158268737437956
1,0,0.23604872900220347
1,0,0.24015339731417232
1,0,0.24732475529270573
1,0,0.257825726683472
1,0,0.23756144580641428
1,0,0.20769320777581432
1,0,0.21200892377351696
1,0,0.2367916180288551
1,0,0.23655454063142703
1,0,0.22261833322141683
1,0,0.22681480265851753
1,0,0.20164527009625993
1,0,0.23802440857338036
1,0,0.24162237847122323
1,0,0.24316291816793767
1,0,0.24956382868625585
1,0,0.25475252141979854
1,0,0.24681191727119653
1,0,0.2560390900638136
1,0,0.25601364707054763
1,0,0.2447119481377645
1,0,0.23952385113069316
1,0,0.2532505243905554
1,0,0.22399921215738616
1,0,0.2201809206169964
1,0,0.23850699784117302
1,0,0.24158921862726823
1,0,0.2503967850572229
1,0,0.25040136315263
1,0,0.26325365516941646
1,0,0.279773609513132
1,0,0.25466755255151846
1,0,0.2533865127823074
1,0,0.25027634400033144
1,0,0.2746852437830197
1,0,0.2762852090001079
1,0,0.30092736362182537
1,0,0.26402639634098174
1,0,0.25868367834257766
1,0,0.3095890718579782
1,0,0.2813673350400917
1,0,0.2764685105832644
1,0,0.27715737591782813
1,0,0.289801133139402
1,0,0.2993337320539878
1,0,0.3065386901578998
1,0,0.3031764184334941
1,0,0.2853570739039534
1,0,0.27413287892877486
1,0,0.2447960718194
1,0,0.23518878605180504
1,0,0.19567873428986424
1,0,0.19665870765049856
1,0,0.1930450274969837
1,0,0.23550512130919046
1,0,0.2227608934597781
1,0,0.24196368612769817
1,0,0.2452477067306118
1,0,0.24642942825056907
1,0,0.21796103818051116
1,0,0.2413182609885699
1,0,0.23693117800391364
1,0,0.24106125984750076
0,0,0.28154883552042703
0,0,0.25082319001377174
0,0,0.25765384055836804
0,0,0.27231907452684595
0,0,0.2809659848263832
0,0,0.278298730794066
0,0,0.23911405202837466
0,0,0.23065623855505027
0,0,0.22624459507752545
0,0,0.2408138677735749
0,0,0.2513339895830859
0,0,0.23273420795293956
0,0,0.1951572136056797
0,0,0.20723248699017133
0,0,0.2128668148507044
0,0,0.21094898226721984
0,0,0.20087719996876824
0,0,0.20562259595135093
0,0,0.24752170779400995
0,0,0.18919678643403404
0,0,0.17926652404128446
0,0,0.16717504303302544
0,0,0.19435779453224988
0,0,0.2085966956506368
0,0,0.1984003078720039
0,0,0.20946099195325396
0,0,0.24257490572530993
0,0,0.22770932500726201
0,0,0.2332362879443577
0,0,0.23025003356083293
0,0,0.21234333754261356
0,0,0.21998923036199067
0,0,0.22817992618736097
0,0,0.22884119274679462
0,0,0.2322198981816176
0,0,0.23375690895222154
0,0,0.2209293619031174
0,0,0.2234403365204997
0,0,0.22889720241240835
0,0,0.22654954426118473
0,0,0.22812235482748977
0,0,0.2342485692615528
0,0,0.26929351289547626
0,0,0.20534474551940668
0,0,0.28787746101962475
0,0,0.2904696568602802
0,0,0.08156165168604858
0,0,0.08156165168604858
0,0,0.08156165168604858
0,0,0.08156165168604858
0,0,0.08156165168604858
0,0,0.08156165168604858
0,0,0.08156165168604858
0,0,0.08156165168604858
0,0,0.08156165168604858
0,0,0.08156165168604858
0,0,0.08156165168604858
0,0,0.08156165168604858
0,0,0.08156165168604858
0,0,0.08156165168604858
0,0,0.08156165168604858
0,0,0.08156165168604858
0,0,0.08156165168604858
0,0,0.08156165168604858
0,0,0.08156165168604858
0,0,0.08156165168604858
0,0,0.08156165168604858
0,0,0.08156165168604858
0,0,0.08156165168604858
0,0,0.08156165168604858
0,0,0.08156165168604858
0,0,0.08156165168604858
0,0,0.08156165168604858
0,0,0.08156165168604858
0,0,0.08156165168604858
0,0,0.08156165168604858
0,0,0.08156165168604858
0,0,0.08156165168604858
0,0,0.08156165168604858
0,0,0.08156165168604858
0,0,0.08156165168604858
0,0,0.08156165168604858
0,0,0.08156165168604858
0,0,0.08156165168604858
0,0,0.08156165168604858
0,0,0.08156165168604858
0,0,0.08156165168604858
0,0,0.08156165168604858
0,0,0.08156165168604858
0,0,0.08156165168604858
0,0,0.08156165168604858
0,0,0.08156165168604858
0,0,0.08156165168604858
0,0,0.08156165168604858
0,0,0.08156165168604858
0,0,0.08156165168604858
0,0,0.08156165168604858
0,0,0.08156165168604858
0,0,0.08156165168604858
0,0,0.08156165168604858
0,0,0.08156165168604858
0,0,0.08156165168604858
0,0,0.08156165168604858
0,0,0.08156165168604858
0,0,0.08156165168604858
0,0,0.08156165168604858
0,0,0.08156165168604858
0,0,0.08156165168604858
0,0,0.08156165168604858
0,0,0.08156165168604858
0,0,0.08156165168604858
0,0,0.08156165168604858
0,0,0.08156165168604858
0,0,0.08156165168604858
0,0,0.08156165168604858
0,0,0.08156165168604858
0,0,0.08156165168604858
0,0,0.08156165168604858
0,0,0.08156165168604858
0,0,0.08156165168604858
0,0,0.08156165168604858
0,0,0.08156165168604858
0,0,0.08156165168604858
0,0,0.08156165168604858
0,0,0.08156165168604858
0,0,0.08156165168604858
0,0,0.08156165168604858
0,0,0.08156165168604858
0,0,0.08156165168604858
0,0,0.08156165168604858
0,0,0.08156165168604858
0,0,0.08156165168604858
0,0,0.08156165168604858
0,0,0.08156165168604858
0,0,0.08156165168604858
0,0,0.08156165168604858
0,0,0.08156165168604858
0,0,0.08156165168604858
0,0,0.08156165168604858
0,0,0.08156165168604858
0,1,0.8113172727709705
0,1,0.7863535426259409
0,1,0.796451876873859
0,1,0.8080207647716715
0,1,0.811381117758831
0,1,0.8146145172916778
0,1,0.8167911110169954
0,1,0.8076216840320835
0,1,0.8190577495125497
0,1,0.8056444481661468
0,1,0.7919566843850319
0,1,0.7944271042881765
0,1,0.796650812515958
0,1,0.7978983984094985
0,1,0.8046240835280264
0,1,0.8102857041290467
0,1,0.7908767188971485
0,1,0.7792532060693743
0,1,0.7921444726993792
0,1,0.8060827336432639
0,1,0.7969552687806961
0,1,0.7987201749644397
0,1,0.8039815808635108
1,1,0.7932567710873484
1,1,0.7800265570921213
1,1,0.7874577552907911
1,1,0.7877785473569103
1,1,0.79875204366684
1,1,0.8129590226024817
1,1,0.7919285743304179
1,1,0.7916115673374776
1,1,0.7781237045069906
1,1,0.7945858242143118
1,1,0.8142964298113259
1,1,0.7893715973611352
1,1,0.829715280529942
1,1,0.806980815575945
1,1,0.7907580229683443
1,1,0.8048330806469906
1,1,0.807368089221934
1,1,0.8007371662369707
1,1,0.8107234936811067
1,1,0.8080264196601118
1,1,0.8126104439007042
1,1,0.8230879602365789
1,1,0.8101263318695123
1,1,0.7989623136239
1,1,0.7948007227019059
1,1,0.7898617030016808
1,1,0.7980541488330866
1,1,0.846098191402911
1,1,0.8477773884194711
1,1,0.8360553158806013
1,1,0.8296465990906584
1,1,0.8326993031982001
1,1,0.8245100888919363
1,1,0.8314796011143822
1,1,0.8221693555622381
1,1,0.8125678485124701
1,1,0.8278263688850909
1,1,0.8282869007436231
1,1,0.8475060935214621
1,1,0.8572503277101103
1,1,0.8576499248865039
1,1,0.8319883042854836
1,1,0.8340484195632532
1,1,0.8475815730553151
1,1,0.8507675529977667
1,1,0.8522596052645075
1,1,0.85870470959067
1,1,0.8464563980887825
1,1,0.8191258187236166
1,1,0.8482164301217536
1,1,0.8548859201013252
1,1,0.8448859201013252
1,1,0.8503081695254072
1,1,0.8478229449760178
1,1,0.8171792981414094
1,1,0.8198003430922692
1,1,0.8201143127252633
1,1,0.8103048496446693
1,1,0.8249402433638506
1,1,0.8052516512115028
1,1,0.8142706749104485
1,1,0.7981554273594156
1,1,0.8095243563246198
1,1,0.8113951235210622
1,1,0.815537673421055
1,1,0.811493947709933
1,1,0.7976894983422617
1,1,0.8095604296588494
1,1,0.82101498763541
0,1,0.8423801079065837
0,1,0.8631912872940144
0,1,0.9025255876743341
0,1,0.8993629598716353
0,1,0.8878393083146573
0,1,0.8992719150876751
0,1,0.8783405690208635
0,1,0.824229424689861
0,1,0.8291532194434658
0,1,0.8822738315657811
0,1,0.8777216408287428
0,1,0.9069631180747136
0,1,0.857609636735767
0,1,0.8251263567116115
0,1,0.8499280159300391
0,1,0.8143595533549708
0,1,0.8576872599602201
0,1,0.8480487329231632
0,1,0.8371178809256827
0,1,0.8463184969302603
0,1,0.7925731343246464
0,1,0.7962878350495417
0,1,0.8282321157449595
0,0,0.09853757583169667
0,0,0.08838682166587018
0,0,0.0697121538847306
0,0,0.09866466871406208
0,0,0.10350154394373165
0,0,0.10524244485343143
0,0,0.1357462988814201
0,0,0.12359552361932578
0,0,0.09645171296607752
0,0,0.08684677338876746
0,0,0.11143712482145382
0,0,0.12648238930629374
0,0,0.10754747763952796
0,0,0.09794525016530102
0,0,0.09746102514971788
0,0,0.10454271551259409
0,0,0.10479313824262969
0,0,0.09272620579558061
0,0,0.08590725032362961
0,0,0.07870113441571763
0,0,0.07021583502367411
0,0,0.07455092232794501
0,0,0.09063444495646357
0,0,0.08158933151588109
0,0,0.07111246169574069
0,0,0.07677274712733605
0,0,0.08332235191118853
0,0,0.08332235191118853
0,0,0.08882024319226539
0,0,0.0829186614866752
0,0,0.07743830463720644
0,0,0.07480683766085577
0,0,0.07131939844629008
0,0,0.07137264909167677
0,0,0.09057186273612623
0,0,0.08032056735902905
0,0,0.06661719179925923
0,0,0.0664781476804416
0,0,0.07657787315537462
0,0,0.07885047761244038
0,0,0.09407445549934285
0,0,0.06773717363765194
0,0,0.07528886562703466
0,0,0.09192010146963116
0,0,0.08693236130451355
0,0,0.08399716995241607
0,0,0.08852975119067558
0,0,0.0846953893160428
0,0,0.09126740072513385
0,0,0.08500305592196948
0,0,0.07964814005475078
0,0,0.08887447808857324
0,0,0.0762628323390151
0,0,0.07622169562392919
0,0,0.0762628323390151
0,0,0.08069234384158114
0,0,0.0762628323390151
0,0,0.0707415910262374
0,0,0.08805004445824044
1,1,0.8102860996063306
1,1,0.8241617464288692
1,1,0.8308939928385253
1,1,0.8302386470413188
1,1,0.8367825198230723
1,1,0.8299257265086996
1,1,0.8173451869272015
1,1,0.8155802807434579
1,1,0.8230959563267821
1,1,0.8201508927078018
1,1,0.8213023562804139
1,1,0.8119476028928346
1,1,0.8287119469802827
1,1,0.8320266847379046
1,1,0.8280565647380773
1,1,0.832987710600652
1,1,0.8088334534708796
1,1,0.7582562974221837
1,1,0.7749330686161139
1,1,0.8412679231456289
1,1,0.840669038117668
1,1,0.8271674309341607
1,1,0.8226585599298066
1,1,0.8264821407409815
1,1,0.8401651743427547
1,1,0.8372837330712293
1,1,0.8419300805264984
1,1,0.8404335232640188
1,1,0.8263794159050835
1,1,0.8460487538034265
1,1,0.8484414216143908
1,1,0.8369965220585333
1,1,0.8445762700775831
1,1,0.8445762700775831
1,1,0.8296394934570437
1,1,0.8463411762613268
1,1,0.8365470478308887
1,1,0.8391003324690929
1,1,0.8498831094848329
1,1,0.8384651752489183
1,1,0.8408114529982701
1,1,0.8490091058406953
1,1,0.8475125485782157
1,1,0.8630522761456493
1,1,0.8703792150255002
1,1,0.8467281731372692
0,0,0.08156165168604858
0,0,0.08156165168604858
0,0,0.08156165168604858
0,0,0.08156165168604858
0,0,0.08156165168604858
0,0,0.08156165168604858
0,0,0.08156165168604858
0,0,0.08156165168604858
0,0,0.08156165168604858
0,0,0.08156165168604858
0,0,0.08156165168604858
0,0,0.08156165168604858
0,0,0.08156165168604858
0,0,0.08156165168604858
0,0,0.08156165168604858
0,0,0.08156165168604858
0,0,0.08156165168604858
0,0,0.08156165168604858
0,0,0.08156165168604858
0,0,0.08156165168604858
0,0,0.08156165168604858
0,0,0.08156165168604858
0,0,0.08156165168604858
0,0,0.08156165168604858
0,0,0.08156165168604858
0,0,0.08156165168604858
0,0,0.08156165168604858
0,0,0.08156165168604858
0,0,0.08156165168604858
0,0,0.08156165168604858
0,0,0.08156165168604858
0,0,0.08156165168604858
0,0,0.08156165168604858
0,0,0.08156165168604858
0,0,0.08156165168604858
0,0,0.08156165168604858
0,0,0.08156165168604858
0,0,0.08156165168604858
0,0,0.08156165168604858
0,0,0.08156165168604858
0,0,0.08156165168604858
0,0,0.08156165168604858
0,0,0.08156165168604858
0,0,0.08156165168604858
0,0,0.08156165168604858
0,0,0.08156165168604858
0,0,0.08156165168604858
0,0,0.08156165168604858
0,0,0.08156165168604858
0,0,0.08156165168604858
0,0,0.08156165168604858
0,0,0.08156165168604858
0,0,0.08156165168604858
0,0,0.08156165168604858
0,0,0.08156165168604858
0,0,0.08156165168604858
0,0,0.08156165168604858
0,0,0.08156165168604858
0,0,0.08156165168604858
0,0,0.08156165168604858
0,0,0.08156165168604858
0,0,0.08156165168604858
0,0,0.08156165168604858
0,0,0.08156165168604858
0,0,0.08156165168604858
0,0,0.08156165168604858
0,0,0.08156165168604858
0,0,0.08156165168604858
1,0,0.15065434998369917
1,0,0.12234108482120215
1,0,0.12374187580143024
1,0,0.1231478613117042
1,0,0.10937492832220724
1,0,0.09827622805237521
1,0,0.09789370766456848
1,0,0.12459524209993222
1,0,0.1130523697540078
1,0,0.12384762355377722
1,0,0.1279761808227838
1,0,0.11718092702301439
1,0,0.13150954980308321
1,0,0.13202525490989026
1,0,0.12986997763964908
1,0,0.12362835675123562
1,0,0.12025183217476584
1,0,0.13091004438678666
1,0,0.13488695459239197
1,0,0.10777009784735084
1,0,0.11698121658847299
1,0,0.14361049101723683
1,0,0.13639638354447975
1,0,0.1368595534542796
1,0,0.14334064991507714
1,0,0.1395515638056586
1,0,0.1302366174598034
1,0,0.14086954288312462
1,0,0.13021807525866927
1,0,0.14078968562731886
1,0,0.1360833076474113
1,0,0.13857405480868037
1,0,0.13405088458492062
1,0,0.12340700189030708
1,0,0.124634330843438
1,0,0.12244380530719574
1,0,0.14628069145589465
1,0,0.14877733384785743
1,0,0.12409491592099375
1,0,0.11984744565780371
1,0,0.12301118274646865
1,0,0.12248520905839594
1,0,0.12750977094098065
1,0,0.11951955894703971
1,0,0.12733551814999747
1,0,0.1258101750602364
0,0,0.2725871549459568
0,0,0.2606912602883399
0,0,0.36391100276567395
0,0,0.3203103395303821
0,0,0.29392479547215555
0,0,0.2646003745973888
0,0,0.32854108770641494
0,0,0.26007270459950843
0,0,0.18289429326857906
0,0,0.19984392304780793
0,0,0.17216299505283036
0,0,0.16663222236810823
0,0,0.2645633557947078
0,0,0.19790231393131563
0,0,0.21636947377489332
0,0,0.29075170085612345
0,0,0.3359933661125011
0,0,0.23930258900171103
0,0,0.15053548217473794
0,0,0.17754272457005157
0,0,0.17728753134914382
0,0,0.17684395306730302
0,0,0.16410383312404442
0,0,0.24128785433618255
0,0,0.2431389506345164
0,0,0.2207430950082939
0,0,0.240421323933282
0,0,0.22872007450398368
0,0,0.20455972910430564
0,0,0.20916080518048935
0,0,0.22724374199005937
0,0,0.2354473358459391
0,0,0.23330493783587308
0,0,0.2013712270570644
0,0,0.24298259827790644
0,0,0.253113334599313
0,0,0.2406079959585789
0,0,0.25221151311447393
0,0,0.20208782639606715
0,0,0.17021567056584377
0,0,0.14675469647246872
0,0,0.1780708725922215
0,0,0.12725616583299096
0,0,0.12097873281609907
0,0,0.1295501084386317
0,0,0.16695386049966082
0,0,0.16673632660798274
0,0,0.1489753092330954
0,0,0.1548465029072969
0,0,0.15442995814220553
0,0,0.21036686706501592
0,0,0.2667149836542889
0,0,0.2718740133049289
0,0,0.25479211774649924
0,0,0.2663910892657697
0,0,0.13451015933609636
0,0,0.16159791911966492
0,0,0.1991206159795727
0,0,0.18601930400408434
0,0,0.163458874289345
0,0,0.10483462359903699
0,0,0.0971730793677275
0,0,0.13140658909799088
0,0,0.10046634576487737
0,0,0.11090756225838927
0,0,0.15140765383020732
0,0,0.16023759499035314
0,0,0.11554984127231605
0,0,0.1282968891971273
0,0,0.1361817123328135
0,0,0.1088380384880426
0,0,0.09707409901935751
0,0,0.12305768304172186
0,0,0.14249064248318993
0,0,0.1901683196430968
0,0,0.14419746791474866
0,0,0.12408392479983656
0,0,0.12167743551245587
0,0,0.12358688629970958
0,0,0.13777391461523844
0,0,0.12124530013912815
0,0,0.17263646023262702
0,0,0.11724196991634464
0,0,0.1395377907422264
0,0,0.15696066506534362
0,0,0.16024090002518476
0,0,0.12945351884018858
0,0,0.19645574329735052
0,0,0.21319836932065084
0,0,0.23671419608569583
0,0,0.27981828800605735
0,0,0.3152586306330843
0,0,0.29258625547456385
0,0,0.24326161183149456
0,1,0.8582702503493829
0,1,0.8564673884541772
0,1,0.8362870512284053
0,1,0.8704815969882754
0,1,0.8413615627994343
0,1,0.8386916786687556
0,1,0.8498453913930737
0,1,0.82842684086475
0,1,0.9058151676691257
0,1,0.9009925633507662
0,1,0.8666699539787629
0,1,0.8832199700125526
0,1,0.9007056760344803
0,1,0.8782427707240279
0,1,0.8668621909448553
0,1,0.8961945218199525
0,1,0.88639169547208
0,1,0.853074815071896
0,1,0.8541305404814328
0,1,0.8424625199304779
0,1,0.8726636196827126
0,1,0.869255079864396
0,1,0.8572081190232168
1,1,0.8355822596551219
1,1,0.8428473839534142
1,1,0.8438921041424184
1,1,0.8445508635806275
1,1,0.8588329077915547
1,1,0.8366006106933597
1,1,0.8454690075400605
1,1,0.8607474072474208
1,1,0.8591210688567443
1,1,0.8635140302768276
1,1,0.873782724412702
1,1,0.8519366015068409
1,1,0.8674184926239954
1,1,0.8467255978048003
1,1,0.8455437561135297
1,1,0.8351015975215829
1,1,0.834666003644625
1,1,0.8449913681471141
1,1,0.8162757655949386
1,1,0.8328238951015058
1,1,0.8526676498147974
1,1,0.8625981781797308
1,1,0.8343186484048517
1,1,0.830845861921611
1,1,0.8623146993698382
1,1,0.8305960054007336
1,1,0.818416984277537
1,1,0.8284137937977164
1,1,0.8494040830184104
1,1,0.8155747237869206
1,1,0.8029428173576332
1,1,0.7909659741143666
1,1,0.80611677540589
1,1,0.7980820796740339
1,1,0.799752428201929
1,1,0.783900117374731
1,1,0.7671458966806712
1,1,0.7879347701360913
1,1,0.7883095968247198
1,1,0.7884037630722953
1,1,0.7926876383114363
1,1,0.8130040956174498
1,1,0.8133430741586151
1,1,0.8447244778722366
1,1,0.838757185516389
1,1,0.8469026677047532
0,1,0.8602907422042512
0,1,0.8419336450883584
0,1,0.8504611364552775
0,1,0.8436785918415821
0,1,0.8759614148783118
0,1,0.8634736252554036
0,1,0.8443213684260003
0,1,0.8823177936981519
0,1,0.8771617822568146
0,1,0.8668707186808919
0,1,0.885518288017179
0,1,0.8858426862068467
0,1,0.9012067215260106
0,1,0.887814995596327
0,1,0.9054807951387392
0,1,0.9138703455420832
0,1,0.9011957744021261
0,1,0.8943905091395505
0,1,0.9008479768167241
0,1,0.9015190796518817
0,1,0.911917376663166
0,1,0.9023772992600122
0,1,0.8545436706929821
1,1,0.7973308226327555
1,1,0.8414491534399648
1,1,0.862079082746483
1,1,0.8687706764847554
1,1,0.8394509932731264
1,1,0.8269765073770009
1,1,0.8260737808298789
1,1,0.8234250920405569
1,1,0.8122208609907717
1,1,0.8312981834399047
1,1,0.8133938463042902
1,1,0.828343729888472
1,1,0.8316053890031384
1,1,0.8122506821621563
1,1,0.8321366885048088
1,1,0.8319687024342213
1,1,0.8383677777443265
1,1,0.8587704462555091
1,1,0.875897173907334
1,1,0.8732679651259565
1,1,0.8726350839275037
1,1,0.8783439265631313
1,1,0.8381744712882572
1,0,0.20696861126034566
1,0,0.2517802275492506
1,0,0.25542168148263245
1,0,0.2435570647696797
1,0,0.27536902237383437
1,0,0.20917621574504008
1,0,0.2188166430401849
1,0,0.2266153353285504
1,0,0.24438617162345483
1,0,0.20961664719735132
1,0,0.17672269735085494
1,0,0.1954389475548879
1,0,0.2120917360553574
1,0,0.21178457878033807
1,0,0.22276166781618417
1,0,0.21894799322479178
1,0,0.2718880839580735
1,0,0.25236751440647004
1,0,0.16164678831963367
1,0,0.12043153914738781
1,0,0.1173809591629981
1,0,0.13674057858479738
1,0,0.2012731452656935
1,0,0.2254074719742812
1,0,0.1754670666259295
1,0,0.1451646057715865
1,0,0.171607766766214
1,0,0.18227509394584987
1,0,0.18858949842631115
1,0,0.1742152940404672
1,0,0.18555365188535905
1,0,0.20216143221529603
1,0,0.20037080280018396
1,0,0.20447834893540492
1,0,0.20717717888325599
1,0,0.21063002481961848
1,0,0.18095160200665728
1,0,0.18598123644222117
1,0,0.2450818873580783
1,0,0.22492874511392955
1,0,0.17725201454613743
1,0,0.14560607626184022
1,0,0.15152733387785575
1,0,0.19636070855769444
1,0,0.21705074996963283
1,0,0.2119953276922368
1,0,0.19156803364159095
1,0,0.18662077159028953
1,0,0.1304723368930931
1,0,0.10952626512198853
1,0,0.10149670531357627
1,0,0.13385067842127713
1,0,0.13360204533385772
1,0,0.12266240764658239
1,0,0.12950137152563107
1,0,0.11477443063098944
1,0,0.16397187960085735
1,0,0.1610679069105063
1,0,0.1670773683369137
0,1,0.7982567474399379
0,1,0.8113705438553899
0,1,0.8004497157051473
0,1,0.8073178850371261
0,1,0.8449662709391442
0,1,0.8360151581759584
0,1,0.8454040385199098
0,1,0.8446877899508525
0,1,0.8362773483536853
0,1,0.8424284264218366
0,1,0.8731168937267058
0,1,0.86922287910862
0,1,0.8375701869680836
0,1,0.8466954567734396
0,1,0.8636281367158903
0,1,0.8480358919721657
0,1,0.8395621789347328
0,1,0.8303626291445654
0,1,0.8401651924458797
0,1,0.851789271307289
0,1,0.8344675503117648
0,1,0.8297366449678516
0,1,0.7834103904995083
1,1,0.8086523817303154
1,1,0.7581524844549442
1,1,0.8290734623856844
1,1,0.8330583958328787
1,1,0.8534376786998965
1,1,0.8696862849331092
1,1,0.8656321420521865
1,1,0.8627248531763871
1,1,0.8814285355257582
1,1,0.8850542739498138
1,1,0.9060932439151808
1,1,0.9100687900855462
1,1,0.8920417484215966
1,1,0.8899154545110615
1,1,0.8485653931399123
1,1,0.8492301207188737
1,1,0.8635342644039022
1,1,0.8532551641213392
1,1,0.811441873978312
1,1,0.8308551034791789
1,1,0.8619797830368456
1,1,0.8660510048940023
1,1,0.8527303442195233
0,0,0.1382127623790061
0,0,0.10998536846881551
0,0,0.1253828930170312
0,0,0.1794479567562358
0,0,0.14623677509484592
0,0,0.1872190838843025
0,0,0.21571384746642686
0,0,0.18790694981387115
0,0,0.15660956221884154
0,0,0.17368885902355558
0,0,0.1364377927186892
0,0,0.14979050427186305
0,0,0.11011986211274122
0,0,0.1440956662331794
0,0,0.1518743452319778
0,0,0.1563673119658575
0,0,0.12207125848695784
0,0,0.19506925866143845
0,0,0.2734968761350656
0,0,0.2829822677750775
0,0,0.26516676653281246
0,0,0.26163161673500535
0,0,0.22331687559985924
0,0,0.26218057814140683
0,0,0.25292556472676336
0,0,0.2168543698956976
0,0,0.15092638715034548
0,0,0.17970950136068595
0,0,0.17078417263115417
0,0,0.17852861405548914
0,0,0.19714850786388208
0,0,0.1935175154409067
0,0,0.186039438881566
0,0,0.17486465602845033
0,0,0.16122091672163044
0,0,0.17547391231686224
0,0,0.17412832452097093
0,0,0.12450449010862201
0,0,0.16036289884366878
0,0,0.16337372017953836
0,0,0.13394801478832966
0,0,0.13555585902258022
0,0,0.21309471192398252
0,0,0.17543791707421996
0,0,0.2148856888936021
0,0,0.2247149073231477
0,0,0.15584514766843893
0,0,0.15939432798977934
0,0,0.2541352701757705
0,0,0.2877078153736661
0,0,0.2826323128768051
0,0,0.2685234788141897
0,0,0.2700336115631884
0,0,0.21584750121876767
0,0,0.1600233171786114
0,0,0.13370977322152167
0,0,0.2171583435339722
0,0,0.1711374048532595
0,0,0.165396711071421
0,0,0.1455932900819178
0,0,0.10295751551179146
0,0,0.13031506740608623
0,0,0.1333917311859721
0,0,0.15023562891534395
0,0,0.1299893962593297
0,0,0.15723304241143496
0,0,0.22535121291715432
0,0,0.20930452606184827
0,0,0.12938562645895899
0,0,0.12417415705310277
0,0,0.14951996396708833
0,0,0.14978269253640264
0,0,0.16595063980058536
0,0,0.13498619087585964
0,0,0.1294256713134187
0,0,0.16583755578295087
0,0,0.14929252249570474
0,0,0.12228836409183164
0,0,0.12997037075976223
0,0,0.17853718057572746
0,0,0.1477442375159754
0,0,0.14355701314298208
0,0,0.12452309972338536
0,0,0.17301692014026443
0,0,0.19469676351432746
0,0,0.12798207945455342
0,0,0.1402447347735719
0,0,0.13700725133959243
0,0,0.10489841330936078
0,0,0.1380544643765289
0,0,0.1645910751406979
0,0,0.10169407523813839
0,0,0.125301353174502
0,0,0.18550427830095145
0,0,0.16470769732494406
0,0,0.19714310391342832
0,0,0.2175833206869499
0,0,0.2296331481723913
0,0,0.17603263319499643
0,0,0.12860560960894424
0,0,0.11339997930375807
0,0,0.1299789551897513
0,0,0.09873941765449278
0,0,0.07217712445814953
0,0,0.13306014553007284
0,0,0.15755019938417292
0,0,0.18682202187954564
0,0,0.1684393979890313
0,0,0.08833482849677779
0,0,0.09845976421261256
0,0,0.09818648786667915
0,0,0.09276894095149064
0,0,0.11036828515003069
0,0,0.1058639492863826
0,0,0.23003028167917386
0,0,0.28927017467876953
0,0,0.2869219196673769
0,0,0.3065728748567731
0,0,0.29901823808510586
0,0,0.29546620564916243
0,0,0.30076922193636524
0,0,0.32577577724045137
0,0,0.2778660315548816
0,0,0.2747308435604143
0,0,0.3036959007345335
0,0,0.34489980139253157
0,0,0.35520023224523256
0,0,0.3254465190352046
0,0,0.3237000355279512
0,0,0.2963599466601768
0,0,0.28163453712279707
0,0,0.31274950126709034
0,0,0.324655188377763
0,0,0.32515822898389957
0,0,0.3300165629117611
0,0,0.32967330295145103
0,0,0.2565615727564927
0,0,0.1607478483676219
0,0,0.16812725623405947
0,0,0.17536191266904613
0,0,0.18671711361540222
0,0,0.152345630703012
0,0,0.17306424377894988
0,0,0.19230081564239096
0,0,0.18177337083176173
0,0,0.1563923727631795
0,0,0.21651117268507483
0,0,0.19334597663866243
0,0,0.19976836403629314
0,0,0.21963159072904762
0,0,0.17902983214625742
0,0,0.2016127407455024
0,0,0.2508245255975211
0,0,0.19504328649941102
0,0,0.1837580801052665
0,0,0.21575378411981788
0,0,0.215250834235728
0,0,0.19413611654056318
0,0,0.15541263902699312
0,0,0.20119549828379749
0,0,0.19643900552543964
0,0,0.18201841234570865
0,0,0.21489631168607573
0,0,0.2200902925388653
0,0,0.2357254847641184
0,0,0.16203718776720216
0,0,0.21059715564079545
0,0,0.17419096332833853
0,0,0.17438743947248167
0,0,0.20487232135875957
0,0,0.1810122422688789
0,0,0.2270065975321057
0,0,0.20858588000255932
0,0,0.14330569130245213
0,0,0.16791375428080166
0,0,0.1560279325757085
0,0,0.1664979994483135
0,0,0.2068350205122375
0,0,0.17336527672679714
0,0,0.16920751878611498
0,0,0.16399057356427513
0,0,0.1815335367062376
0,0,0.15331222000427996
0,0,0.14208894784035075
0,0,0.17459911920488197
0,0,0.19708680799536396
0,0,0.15272871128780965
0,0,0.1555691073105475
0,0,0.20625935028581735
0,0,0.1876443663985215
0,0,0.19130930110027133
0,0,0.1341644345875815
0,0,0.13419529854261902
0,0,0.19677403156640771
0,0,0.19405772245674743
0,0,0.15787961794268915
0,0,0.16316456262827356
0,0,0.18561145413980046
0,0,0.1854608729832387
0,0,0.17427015112933578
0,0,0.17673169221982557
0,0,0.14999841885519757
0,0,0.15900467661529688
0,0,0.19154305245228861
0,0,0.19649500896927286
0,0,0.1680896514990695
0,0,0.15977920415400404
0,0,0.17168303192272902
0,1,0.6086488329210695
0,1,0.5967896318479761
0,1,0.6510131063171416
0,1,0.6645502270851463
0,1,0.6462841549286814
0,1,0.6313956588028214
0,1,0.6205577844217157
0,1,0.6295012309223644
0,1,0.6085780929612589
0,1,0.6756132351638849
0,1,0.6750528162563341
0,1,0.6499394109232228
0,1,0.6494273570200139
0,1,0.6915890698804503
0,1,0.6452481977143973
0,1,0.6681553842591359
0,1,0.6884074738171221
0,1,0.6780223225805184
0,1,0.6405114259609543
0,1,0.578658291989392
0,1,0.6243050275834306
0,1,0.6928872297323488
0,1,0.6811811364405921
0,1,0.7574002348117578
0,1,0.7778635080879519
0,1,0.8035952430594645
0,1,0.7622379913368045
0,1,0.8011176233613074
0,1,0.8138753779940796
0,1,0.7945363474472279
0,1,0.798950760255225
0,1,0.8023041567619125
0,1,0.8676987657821996
0,1,0.8481814958177857
0,1,0.7544815840446444
0,1,0.8141298462881363
0,1,0.8377997273181276
0,1,0.8097252054119246
0,1,0.7741884302870925
0,1,0.8011820244603091
0,1,0.8039488809928411
0,1,0.8230351345285649
0,1,0.8672754636327583
0,1,0.8416570349756729
0,1,0.7686657014554895
0,1,0.8205490941574765
1,1,0.6891074082611458
1,1,0.7199194882445517
1,1,0.6897425092444813
1,1,0.7178384944636578
1,1,0.7173268576914538
1,1,0.7182499805490155
1,1,0.5944726233021407
1,1,0.5262171735420966
1,1,0.6835519284790615
1,1,0.7239050239872695
1,1,0.7107852558873208
1,1,0.7097938786260777
1,1,0.7309648133293597
1,1,0.7438409979833372
1,1,0.7299289594955398
1,1,0.7826676311862805
1,1,0.7192978397886053
1,1,0.7056423293940604
1,1,0.690553860607833
1,1,0.7023440937250804
1,1,0.7138821017371574
1,1,0.7288802142903914
1,1,0.7176946045027865
0,1,0.7379677405477163
0,1,0.7909368137062209
0,1,0.7958579359162566
0,1,0.8087676487259392
0,1,0.7554810984484936
0,1,0.7657012407742253
0,1,0.8035444344348047
0,1,0.7642327626969635
0,1,0.778133991831894
0,1,0.7929035851134238
0,1,0.7771290843042431
0,1,0.7645506799005894
0,1,0.7558630557401674
0,1,0.74425456260486
0,1,0.7575091781080406
0,1,0.7931478156038358
0,1,0.7552937379162877
0,1,0.7571014898081807
0,1,0.7556214959816497
0,1,0.7840213769262201
0,1,0.7644867881976886
0,1,0.800128983206882
0,1,0.7763060442576594
1,1,0.840375386841124
1,1,0.8233674589099568
1,1,0.8112334609622595
1,1,0.8321385706811826
1,1,0.7819031252960906
1,1,0.8594874416445424
1,1,0.7811230775767665
1,1,0.8208722364115715
1,1,0.7799427264147459
1,1,0.7819211818225797
1,1,0.8032564245705446
1,1,0.8202074056852507
1,1,0.8429315196755468
1,1,0.8063606285502907
1,1,0.7603842841694413
1,1,0.748150517968195
1,1,0.6231325188280618
1,1,0.574726416181799
1,1,0.6081685507278283
1,1,0.5736874848725511
1,1,0.5549981650076097
1,1,0.5765242704673053
1,1,0.566899501372333
0,0,0.11546606678238495
0,0,0.12617081306519792
0,0,0.1114508505397781
0,0,0.11453239061520838
0,0,0.13731475677978394
0,0,0.13440929910823654
0,0,0.12166900862502245
0,0,0.10877486251471892
0,0,0.11310160411022434
0,0,0.12672352426286118
0,0,0.10624304086500733
0,0,0.13483217199007652
0,0,0.08402906434525363
0,0,0.09630184250022455
0,0,0.1102722688819783
0,0,0.08828807294290336
0,0,0.12887703925082752
0,0,0.1540383330951974
0,0,0.12043455347345161
0,0,0.11524458481704315
0,0,0.12529064286761854
0,0,0.14405349522282507
0,0,0.18724039751139213
0,0,0.1428919630003303
0,0,0.1707392699486159
0,0,0.17987766155836318
0,0,0.16086749494774844
0,0,0.1565228688370338
0,0,0.18500108776162993
0,0,0.181140157596028
0,0,0.18552633512219954
0,0,0.1943614762755011
0,0,0.23713371550979137
0,0,0.23271474088609279
0,0,0.18513422564270474
0,0,0.22523628309458826
0,0,0.1844507631361241
0,0,0.1815057421461034
0,0,0.14424912053404354
0,0,0.1552698033949228
0,0,0.14245047591244187
0,0,0.1775210091990133
0,0,0.15508681403391733
0,0,0.1629064356113346
0,0,0.17473658260472202
0,0,0.14036676563995704
0,0,0.16931328924700234
0,0,0.15402100466019647
0,0,0.14508725078119267
0,0,0.12832609231147202
0,0,0.11286445701701753
0,0,0.12042367606658297
0,0,0.16619783012321357
0,0,0.16919252962553755
0,0,0.15765415446335151
0,0,0.15511469498182612
0,0,0.1360388787680268
0,0,0.14735364214080016
0,0,0.15902139440958973
0,1,0.7035076071824965
0,1,0.6522810347829995
0,1,0.6015833242937618
0,1,0.6068035424879205
0,1,0.629272547736375
0,1,0.5647264243359406
0,1,0.5487972058749545
0,1,0.5924384834590984
0,1,0.5646500375619375
0,1,0.5920776849768437
0,1,0.5967822593369142
0,1,0.5980576068975987
0,1,0.6090064087833523
0,1,0.647205203315871
0,1,0.5802481121167056
0,1,0.5812014645574108
0,1,0.6131209712806919
0,1,0.6082214382624123
0,1,0.6206863616939609
0,1,0.6308891858634114
0,1,0.6169570490073845
0,1,0.6112438962507202
0,1,0.6346133154823586
1,1,0.6266608652349018
1,1,0.6504064775677771
1,1,0.6293313212416008
1,1,0.6487924163714334
1,1,0.7041496456049084
1,1,0.7219972744495219
1,1,0.7118628165970435
1,1,0.6805106078910984
1,1,0.6754065715987205
1,1,0.6563035048072423
1,1,0.659702094186083
1,1,0.6728297718503846
1,1,0.648089874996426
1,1,0.6270398309118557
1,1,0.6443651405587719
1,1,0.6400708642155105
1,1,0.6064429391351959
1,1,0.6507837019218705
1,1,0.6457865458620389
1,1,0.6217669958703982
1,1,0.7158007121028291
1,1,0.7750357668578394
1,1,0.8057435396180103
0,0,0.16365826403297198
0,0,0.18402625936623213
0,0,0.17744428576630714
0,0,0.17612125819212396
0,0,0.21044458769675853
0,0,0.2203532362278727
0,0,0.20724879100916246
0,0,0.1798476030009528
0,0,0.21929179376429656
0,0,0.20031433726554707
0,0,0.22596207138701943
0,0,0.2031866274278643
0,0,0.16937080025540083
0,0,0.17652497308518286
0,0,0.19187404108089884
0,0,0.20826915569103488
0,0,0.18492512934764213
0,0,0.18724675372533156
0,0,0.20287538680391978
0,0,0.1907388238996435
0,0,0.1963282564582927
0,0,0.22054469979688762
0,0,0.2148950511695532
0,0,0.19868437808069295
0,0,0.21616613656708178
0,0,0.20780316325142414
0,0,0.19939867467715838
0,0,0.2142785401789361
0,0,0.19884973019447827
0,0,0.17945283560100606
0,0,0.19612013555560648
0,0,0.19448497959546981
0,0,0.190481897929773
0,0,0.1915440700316206
0,0,0.20731191329196455
0,0,0.2268074316355973
0,0,0.2602017815091085
0,0,0.251281298957165
0,0,0.24216807184723102
0,0,0.24857421678869918
0,0,0.22506231411474012
0,0,0.18905368717036425
0,0,0.2050860525178021
0,0,0.21495986912232048
0,0,0.213127109103083
0,0,0.21358656359113787
0,0,0.2155402674271408
0,0,0.23990135794505235
0,0,0.24882967472487535
0,0,0.22435351495903175
0,0,0.20026212330090354
0,0,0.19706649454685363
0,0,0.23322312059232517
0,0,0.2030454142846789
0,0,0.17346628199262074
0,0,0.1865344098625784
0,0,0.17690893106135938
0,0,0.18083173421786478
0,0,0.1982551766853061
0,0,0.19118925411562454
0,0,0.18590579389019216
0,0,0.18141484439038255
0,0,0.1766202514799919
0,0,0.19078396785174842
0,0,0.1904101440755096
0,0,0.18893175527559936
0,0,0.17947469558354015
0,0,0.18151872509591918
0,0,0.1901562752069371
0,0,0.22200111374419085
0,0,0.22879696149862597
0,0,0.1537873000316778
0,0,0.19310343440363126
0,0,0.20055629607418976
0,0,0.2049030163760331
0,0,0.2038277916810468
0,0,0.20367395280635425
0,0,0.23355741630205248
0,0,0.3129138163798321
0,0,0.3387609997928687
0,0,0.31974892990497017
0,0,0.3034060188070804
0,0,0.29392610262488167
0,0,0.32215567453144034
0,0,0.28961609928413434
0,0,0.3215579141251853
0,0,0.319082039493074
0,0,0.2927948551231041
0,0,0.34130478796362806
0,0,0.33889330266504997
0,0,0.31819702176354625
0,0,0.30946377393720165
0,0,0.32409493258224875
0,0,0.314121169788396
0,0,0.31931114526890086
0,0,0.3293111452689008
0,0,0.28918044855536534
0,0,0.29790470794583074
0,0,0.27869587474655183
0,0,0.2684057501162871
0,0,0.3091352539108842
0,0,0.32096057059305066
0,0,0.3377882365195573
0,0,0.3415556116796261
0,0,0.3131856924171837
0,0,0.29621486939146413
0,0,0.2732121476630356
0,0,0.25898894894914637
0,0,0.27910692904355544
0,0,0.25080156555501193
0,0,0.2687339177518791
0,0,0.30972495428704827
0,0,0.3007368710944419
0,0,0.32560133783514916
0,0,0.4402605172533314
0,0,0.43857299107864306
0,0,0.44184821909332384
0,0,0.44184821909332384
0,0,0.44184821909332384
0,0,0.44184821909332384
0,0,0.4420222797902747
0,0,0.4403347536155864
0,0,0.43857299107864306
0,0,0.43857299107864306
0,0,0.4402605172533314
0,0,0.4402605172533314
0,0,0.43857299107864306
0,0,0.43857299107864306
0,0,0.43857299107864306
0,0,0.4402605172533314
0,0,0.4403347536155864
0,0,0.4403347536155864
0,0,0.4402605172533314
0,0,0.4420222797902747
0,0,0.4402605172533314
0,0,0.43857299107864306
0,0,0.4402605172533314
0,0,0.44785459871643285
0,0,0.46518799021628804
0,1,0.5088010295341703
0,1,0.5088010295341703
0,1,0.5033703889129183
0,1,0.504962858767385
0,0,0.44184821909332384
0,0,0.44360998163026705
0,0,0.44360998163026705
0,0,0.44360998163026705
0,0,0.4420222797902747
0,0,0.43857299107864306
0,0,0.4420222797902747
0,0,0.4420222797902747
0,0,0.44549190132417466
0,0,0.44549190132417466
0,0,0.44184821909332384
0,0,0.44184821909332384
0,0,0.4420222797902747
0,0,0.4420222797902747
0,0,0.44360998163026705
0,0,0.44184821909332384
0,0,0.4420222797902747
0,0,0.4403347536155864
0,0,0.4420222797902747
0,0,0.4402605172533314
0,0,0.4402605172533314
0,0,0.4402605172533314
0,0,0.4402605172533314
0,0,0.4402605172533314
0,0,0.43857299107864306
0,0,0.43857299107864306
0,0,0.43857299107864306
0,0,0.4402605172533314
0,0,0.4420222797902747
0,0,0.4403347536155864
0,0,0.4402605172533314
0,0,0.4402605172533314
0,0,0.43857299107864306
0,0,0.43857299107864306
0,0,0.4402605172533314
0,0,0.44626689687644044
0,0,0.44785459871643285
0,0,0.44360998163026705
0,0,0.4420222797902747
0,0,0.44184821909332384
0,0,0.44184821909332384
0,0,0.4402605172533314
0,0,0.4402605172533314
0,0,0.4420222797902747
0,0,0.4402605172533314
0,0,0.4402605172533314
0,0,0.4402605172533314
0,0,0.4402605172533314
0,0,0.4402605172533314
0,0,0.4402605172533314
0,0,0.4402605172533314
0,0,0.4402605172533314
0,0,0.4402605172533314
0,0,0.4420222797902747
0,0,0.4420222797902747
0,0,0.4402605172533314
0,0,0.4402605172533314
0,0,0.4402605172533314
0,0,0.4402605172533314
0,0,0.4420222797902747
0,0,0.4420222797902747
0,0,0.4402605172533314
0,0,0.4402605172533314
0,0,0.4402605172533314
0,0,0.4403347536155864
1,0,0.44360998163026705
1,0,0.44360998163026705
1,0,0.44184821909332384
1,0,0.44184821909332384
1,0,0.44184821909332384
1,0,0.44184821909332384
1,0,0.44360998163026705
1,0,0.44360998163026705
1,0,0.4420222797902747
1,0,0.44184821909332384
1,0,0.43857299107864306
1,0,0.4420222797902747
1,0,0.44360998163026705
1,0,0.44549190132417466
1,1,0.509090479373611
1,1,0.5033703889129183
1,1,0.5033703889129183
1,0,0.4733391507042558
1,0,0.4402605172533314
1,0,0.44534450781829904
1,1,0.5088010295341703
1,1,0.5054467971427602
1,1,0.5033703889129183
1,1,0.513045646620336
1,1,0.5088010295341703
1,1,0.5054467971427602
1,1,0.504962858767385
1,1,0.5072085596797035
1,1,0.5088010295341703
1,1,0.5033751569273925
1,1,0.5033703889129183
1,1,0.5054467971427602
1,1,0.5038590953027677
1,1,0.5072085596797035
1,1,0.5072085596797035
1,1,0.5072085596797035
1,1,0.5033703889129183
1,0,0.46717942477849767
1,0,0.4845610449365274
1,1,0.5072085596797035
1,1,0.5072085596797035
1,0,0.4926401142855479
1,0,0.44360998163026705
1,0,0.4420222797902747
1,0,0.4420222797902747
1,0,0.4402605172533314
1,0,0.44360998163026705
1,0,0.44184821909332384
1,0,0.43857299107864306
1,0,0.4402605172533314
1,0,0.43857299107864306
1,0,0.43857299107864306
1,0,0.4402605172533314
1,0,0.43857299107864306
1,0,0.43857299107864306
1,0,0.4422166733094939
1,0,0.44457937070175213
1,0,0.44457937070175213
1,0,0.43857299107864306
1,0,0.4422166733094939
1,0,0.4422166733094939
1,0,0.43857299107864306
1,0,0.43857299107864306
1,0,0.43857299107864306
1,0,0.43857299107864306
1,0,0.4403347536155864
1,0,0.4422166733094939
1,0,0.4403347536155864
1,0,0.4422166733094939
1,0,0.44184821909332384
1,0,0.44184821909332384
1,0,0.4402605172533314
1,0,0.4439041994841822
1,0,0.4439041994841822
1,0,0.43857299107864306
1,0,0.44184821909332384
1,0,0.44184821909332384
1,0,0.4402605172533314
1,0,0.44184821909332384
1,0,0.4420222797902747
1,0,0.4402605172533314
1,0,0.43857299107864306
1,0,0.4422166733094939
1,0,0.44626689687644044
1,0,0.4402605172533314
1,0,0.4402605172533314
1,0,0.4420222797902747
1,0,0.4422166733094939
1,0,0.4403347536155864
1,0,0.4402605172533314
1,0,0.4402605172533314
1,0,0.43857299107864306
1,0,0.43857299107864306
1,0,0.43857299107864306
1,0,0.44184821909332384
1,0,0.44184821909332384
1,0,0.4403347536155864
1,0,0.4403347536155864
1,0,0.43857299107864306
1,0,0.43857299107864306
1,0,0.43857299107864306
1,0,0.43857299107864306
1,0,0.43857299107864306
1,0,0.4403347536155864
1,0,0.4403347536155864
1,0,0.4403347536155864
1,0,0.4403347536155864
1,0,0.43857299107864306
1,0,0.4403347536155864
1,0,0.4403347536155864
1,0,0.4422166733094939
1,0,0.4422166733094939
1,0,0.44184821909332384
1,0,0.44549190132417466
1,0,0.44626689687644044
0,0,0.44360998163026705
0,0,0.44184821909332384
0,0,0.4402605172533314
0,0,0.44184821909332384
0,0,0.44184821909332384
0,0,0.4403347536155864
0,0,0.4420222797902747
0,0,0.44184821909332384
0,0,0.4402605172533314
0,0,0.4402605172533314
0,0,0.4402605172533314
0,0,0.4402605172533314
0,0,0.43857299107864306
0,0,0.4402605172533314
0,0,0.4402605172533314
0,0,0.4420222797902747
0,0,0.4402605172533314
0,0,0.43857299107864306
0,0,0.4422166733094939
0,0,0.4439041994841822
0,0,0.4439041994841822
0,0,0.4422166733094939
0,0,0.44626689687644044
1,0,0.4402605172533314
1,0,0.44360998163026705
1,0,0.44360998163026705
1,1,0.504962858767385
1,1,0.5054467971427602
1,0,0.459181610593179
1,0,0.44184821909332384
1,0,0.44184821909332384
1,0,0.4402605172533314
1,0,0.4420222797902747
1,0,0.4439041994841822
1,0,0.4420222797902747
1,0,0.4402605172533314
1,0,0.43857299107864306
1,0,0.4402605172533314
1,0,0.4402605172533314
1,0,0.4402605172533314
1,0,0.44184821909332384
1,0,0.44184821909332384
1,0,0.44184821909332384
1,0,0.45594820607137904
1,0,0.4733391507042558
1,0,0.4471062703552424
0,0,0.44360998163026705
0,0,0.44184821909332384
0,0,0.44184821909332384
0,0,0.44184821909332384
0,0,0.44184821909332384
0,0,0.4402605172533314
0,0,0.43857299107864306
0,0,0.4402605172533314
0,0,0.43857299107864306
0,0,0.43857299107864306
0,0,0.4402605172533314
0,0,0.4402605172533314
0,0,0.43857299107864306
0,0,0.4402605172533314
0,0,0.43857299107864306
0,0,0.4402605172533314
0,0,0.4402605172533314
0,0,0.4402605172533314
0,0,0.4420222797902747
0,0,0.4402605172533314
0,0,0.4402605172533314
0,0,0.4402605172533314
0,0,0.43857299107864306
0,0,0.43857299107864306
0,0,0.4402605172533314
0,0,0.4402605172533314
0,0,0.4402605172533314
0,0,0.4402605172533314
0,0,0.4402605172533314
0,0,0.4402605172533314
0,0,0.4402605172533314
0,0,0.4402605172533314
0,0,0.4402605172533314
0,0,0.4402605172533314
0,0,0.4402605172533314
0,0,0.4402605172533314
0,0,0.4420222797902747
0,0,0.4420222797902747
0,0,0.4402605172533314
0,0,0.4402605172533314
0,0,0.4402605172533314
0,0,0.4420222797902747
0,0,0.4439041994841822
0,0,0.4420222797902747
0,0,0.4402605172533314
0,0,0.43857299107864306
0,0,0.4403347536155864
0,0,0.4439041994841822
0,0,0.4403347536155864
0,0,0.4402605172533314
0,0,0.4403347536155864
0,0,0.4403347536155864
0,0,0.43857299107864306
0,0,0.43857299107864306
0,0,0.43857299107864306
0,0,0.4403347536155864
0,0,0.4403347536155864
0,0,0.43857299107864306
0,0,0.43857299107864306
0,0,0.43857299107864306
0,0,0.43857299107864306
0,0,0.43857299107864306
0,0,0.43857299107864306
0,0,0.4403347536155864
0,0,0.43857299107864306
0,0,0.43857299107864306
0,0,0.43857299107864306
0,0,0.43857299107864306
1,0,0.43857299107864306
1,0,0.4402605172533314
1,0,0.43857299107864306
1,0,0.43857299107864306
1,0,0.43857299107864306
1,0,0.43857299107864306
1,0,0.43857299107864306
1,0,0.43857299107864306
1,0,0.43857299107864306
1,0,0.43857299107864306
1,0,0.43857299107864306
1,0,0.43857299107864306
1,0,0.43857299107864306
1,0,0.43857299107864306
1,0,0.43857299107864306
1,0,0.43857299107864306
1,0,0.43857299107864306
1,0,0.43857299107864306
1,0,0.43857299107864306
1,0,0.43857299107864306
1,0,0.4403347536155864
1,0,0.43857299107864306
1,0,0.43857299107864306
1,0,0.43857299107864306
1,0,0.43857299107864306
1,0,0.43857299107864306
1,0,0.43857299107864306
1,0,0.43857299107864306
1,0,0.43857299107864306
1,0,0.43857299107864306
1,0,0.43857299107864306
1,0,0.43857299107864306
1,0,0.43857299107864306
1,0,0.43857299107864306
1,0,0.4403347536155864
1,0,0.4403347536155864
1,0,0.43857299107864306
1,0,0.43857299107864306
1,0,0.43857299107864306
1,0,0.43857299107864306
1,0,0.43857299107864306
1,0,0.43857299107864306
1,0,0.43857299107864306
1,0,0.43857299107864306
1,0,0.43857299107864306
1,0,0.43857299107864306
0,0,0.13225203718750686
0,0,0.17790039263836183
0,0,0.18472332365817856
0,0,0.17479688034809943
0,0,0.13194657803830298
0,0,0.11494178103877786
0,0,0.16328436048422365
0,0,0.16351634738697954
0,0,0.18783703049488168
0,0,0.1520765381883516
0,0,0.16042727403578388
0,0,0.15223123975907107
0,0,0.21758664879538203
0,0,0.1846640068873918
0,0,0.13424629883376749
0,0,0.1292239260047193
0,0,0.16452680020913654
0,0,0.1713331237496271
0,0,0.15924313884358998
0,0,0.17504607180596093
0,0,0.14358800967792132
0,0,0.15148611855065577
0,0,0.17489849708969507
0,0,0.25099004932597613
0,0,0.1985630364180874
0,0,0.19286438568412134
0,0,0.16453989168850394
0,0,0.19339810419764955
0,0,0.22428634411807008
0,0,0.23384276477410848
0,0,0.2038501232863946
0,0,0.24522335998759281
0,0,0.2444767278301812
0,0,0.18720832804111054
0,0,0.18538658371512806
0,0,0.18949416828729368
0,0,0.1937160955532238
0,0,0.18080986574082789
0,0,0.22391770096877672
0,0,0.20464388494968958
0,0,0.19853341921336135
0,0,0.2265535555121904
0,0,0.1861060609878906
0,0,0.1831631169101923
0,0,0.19919925663595348
0,0,0.20937752683793576
0,0,0.17422398849049486
0,0,0.18014300252120097
0,0,0.20378985601223676
0,0,0.2068264802777757
0,0,0.21482032200439452
0,0,0.2063858565211678
0,0,0.1976559630524129
0,0,0.19677421030169343
0,0,0.206011024355388
0,0,0.18543231715183162
0,0,0.16069817332211658
0,0,0.1986516610647886
0,0,0.1633209980540288
0,0,0.16868516376577689
0,0,0.1567145291234163
0,0,0.1631139312264672
0,0,0.14895887407413608
0,0,0.15380675341762737
0,0,0.1639566772729722
0,0,0.1467796570840757
0,0,0.14093159837323477
0,0,0.15677924717233724
0,0,0.13091326044324647
0,0,0.17679349238362654
0,0,0.22899588942585372
0,0,0.18413180042079338
0,0,0.222902383520459
0,0,0.24600870087028334
0,0,0.2305200896462422
0,0,0.24956657135617458
0,0,0.2504571796665248
0,0,0.22437750831131256
0,0,0.22093906115979706
0,0,0.19554860082565914
0,0,0.2750854413198439
0,0,0.24047494394227362
0,0,0.2466005157937414
0,0,0.2651684184986801
0,0,0.24359500616925817
0,0,0.2038142617248954
0,0,0.26003705610248906
0,0,0.2451456324507066
0,0,0.25782871419377157
0,0,0.24128979605736872
0,0,0.24156362667422712
0,0,0.2557282644842461
0,0,0.25925407582747106
0,0,0.1861621594689909
1,1,0.871927480266987
1,1,0.8361782607312395
1,1,0.7909019934386963
1,1,0.8298009917939174
1,1,0.8974327362395335
1,1,0.8891839539518035
1,1,0.882210707272561
1,1,0.8549839885745786
1,1,0.840483855172264
1,1,0.8354384831088616
1,1,0.8707164724236395
1,1,0.8524909756656478
1,1,0.8816045302027535
1,1,0.8694027722431689
1,1,0.8776651265106702
1,1,0.8737867751761875
1,1,0.8683111740236248
1,1,0.8551721355858913
1,1,0.8818602300634555
1,1,0.866919269269135
1,1,0.8363861287055053
1,1,0.8569883398991748
1,1,0.8637250535556957
1,1,0.9180713751914148
1,1,0.9273765457328501
1,1,0.927681548347839
1,1,0.936742329528171
1,1,0.9374951398778169
1,1,0.9270590452820692
1,1,0.9144285299138908
1,1,0.9002516580374
1,1,0.8957731371076971
1,1,0.9038249338337322
1,1,0.9234649652530932
1,1,0.9357037008918735
1,1,0.929793829994287
1,1,0.9251834268688611
1,1,0.9265354564186495
1,1,0.9150174035457493
1,1,0.9422573024520156
1,1,0.9096304800703038
1,1,0.9205061395699015
1,1,0.9114858406393656
1,1,0.904621700826551
1,1,0.894783171835731
1,1,0.9290858012220815
1,1,0.8534503080131601
1,1,0.8345200042702426
1,1,0.8529891881239995
1,1,0.8653368847296032
1,1,0.8805136125153054
1,1,0.8906965384668187
1,1,0.8839689756877678
1,1,0.8953221668945243
1,1,0.862327679833379
1,1,0.8660883876481497
1,1,0.8943025396763404
1,1,0.8875207473330715
1,1,0.9035419947847149
1,1,0.8648361445953379
1,1,0.9079519417188768
1,1,0.8589241064522148
1,1,0.8424158553000872
1,1,0.8693235591761512
1,1,0.8814252320350997
1,1,0.8949941438969067
1,1,0.8778303730321848
1,1,0.8594742869582709
1,1,0.8381609575320182
1,1,0.9117164928045751
1,1,0.9056614600296525
1,1,0.9149732625284135
1,1,0.9235251380336651
1,1,0.9168943881658967
1,1,0.9151160498881992
1,1,0.9131105774004961
1,1,0.9143600630272246
1,1,0.8917464023188475
1,1,0.8436488980832307
1,1,0.8981892923658392
1,1,0.9036496572542799
1,1,0.9018972060144881
1,1,0.897339747314625
1,1,0.8971539110154819
1,1,0.8968822676647171
1,1,0.9167254195443991
1,1,0.9083153389093533
1,1,0.9151496973025677
1,1,0.9086555380323752
1,1,0.8938408441689331
1,1,0.9034523119441319
1,1,0.9001721451624224
1,1,0.8802877160142377
1,1,0.8708776714597458
1,1,0.9026738729292977
1,1,0.8956484104499941
1,1,0.8826808124300455
1,1,0.8585030500080127
1,1,0.8865947957855387
1,1,0.9083351429409929
1,1,0.8862092895757044
1,1,0.8904588212374288
1,1,0.8919111545981577
1,1,0.8905422711189775
1,1,0.9038200928053601
1,1,0.8497798824798278
1,1,0.8631849258301346
1,1,0.8700853716031963
1,1,0.8196786338034013
1,1,0.8534078380883021
1,1,0.8661570831489191
1,1,0.8280569516717309
1,1,0.8671304302265862
1,1,0.8576946649460127
1,1,0.857660146604093
0,0,0.18011948875856412
0,0,0.1693636331704601
0,0,0.17841252474329924
0,0,0.16310711671945044
0,0,0.1360784533343104
0,0,0.14591950267658318
0,0,0.1896596729741651
0,0,0.15893255043461615
0,0,0.14851977829536203
0,0,0.13003810733397217
0,0,0.1426719499742016
0,0,0.11967701300447411
0,0,0.09668907924490391
0,0,0.125666065749635
0,0,0.2002860446614293
0,0,0.16583322098773723
0,0,0.10045430365534296
0,0,0.10145273404385319
0,0,0.1740566653875275
0,0,0.1801640911742034
0,0,0.1883459346701067
0,0,0.1498487608229864
0,0,0.1812591276897484
0,0,0.15512329127754887
0,0,0.15290215012334754
0,0,0.15015616291450815
0,0,0.15625949949594464
0,0,0.15062067316110975
0,0,0.1666254257522325
0,0,0.15852215049966561
0,0,0.17708277903134412
0,0,0.2063577455829799
0,0,0.16394857059809365
0,0,0.13624837956304817
0,0,0.14552500767424692
0,0,0.15462852296373894
0,0,0.12190761662375671
0,0,0.12791726786574287
0,0,0.10347785054539088
0,0,0.1203923050858882
0,0,0.10876472761242387
0,0,0.114469036385464
0,0,0.12841444501843705
0,0,0.1362556921013973
0,0,0.15218933932919876
0,0,0.132995590923301
0,0,0.1482123113983843
0,0,0.13597041211884695
0,0,0.14329070355996631
0,0,0.12285867274435659
0,0,0.12509596738865336
0,0,0.14680085538475254
0,0,0.13821527100415945
0,0,0.1368159053944105
0,0,0.14449278613140237
0,0,0.13676951901602888
0,0,0.16084335529606364
0,0,0.16300443362410494
0,0,0.1744067890636967
1,1,0.8679222931891339
1,1,0.8322542748737713
1,1,0.8266115949686818
1,1,0.8729701303447851
1,1,0.8651739772011647
1,1,0.8810502351088226
1,1,0.8414299247811259
1,1,0.8763150985631403
1,1,0.8758335575692554
1,1,0.8757082772646041
1,1,0.8534858503046249
1,1,0.8542225282482948
1,1,0.8557448649051524
1,1,0.8437464769703924
1,1,0.8387892342152292
1,1,0.8642282322463636
1,1,0.8628188857289639
1,1,0.8756783092274216
1,1,0.906578903932282
1,1,0.8755196960060662
1,1,0.8608178809295843
1,1,0.7759357516169098
1,1,0.8066390668889908
1,1,0.9133767032561423
1,1,0.8595956355052453
1,1,0.8775181424502246
1,1,0.8745898071394888
1,1,0.8738468488987654
1,1,0.8595784569662557
1,1,0.8601460828943349
1,1,0.8688358697487295
1,1,0.8505401697706537
1,1,0.8753549255771008
1,1,0.9048477529984714
1,1,0.8905837130473335
1,1,0.8713552862710499
1,1,0.8176332070793769
1,1,0.8157141284550821
1,1,0.8157603093154961
1,1,0.7905646791486496
1,1,0.8230257205114324
1,1,0.82670724624502
1,1,0.8123516154410663
1,1,0.8947125006791401
1,1,0.888831955252862
1,1,0.8853882751246455
1,0,0.15684744698367103
1,0,0.20454302334788216
1,0,0.15707162965861138
1,0,0.12403687638908095
1,0,0.1087618212678219
1,0,0.13022878172815713
1,0,0.17145325943924639
1,0,0.20085132285651958
1,0,0.15025721437901793
1,0,0.13361895992839037
1,0,0.09837886252550239
1,0,0.1366424537189842
1,0,0.15153272746241583
1,0,0.16155455236836944
1,0,0.15522743486199966
1,0,0.12324456090659343
1,0,0.12888547210706552
1,0,0.13609302025797404
1,0,0.12658664150477827
1,0,0.12258585915441887
1,0,0.12130369506106818
1,0,0.12298324935541995
1,0,0.1321621864131435
1,0,0.09461308380357208
1,0,0.11191872629057521
1,0,0.11971431214350098
1,0,0.13210550917255592
1,0,0.1381548867701981
1,0,0.17000143542564874
1,0,0.1761917847849107
1,0,0.20040461297472711
1,0,0.21673149803206163
1,0,0.19536649347395005
1,0,0.1530647008726528
1,0,0.1610890985520955
1,0,0.16263111539814074
1,0,0.20466156331834584
1,0,0.21564013337992563
1,0,0.20845892637276475
1,0,0.20963726570002345
1,0,0.20800410162546906
1,0,0.21211425049844504
1,0,0.2335832032096196
1,0,0.24197082173232562
1,0,0.15898288500435095
1,0,0.14409661959254924
1,0,0.17538656780833467
1,0,0.18070402739796962
1,0,0.17828861708809435
1,0,0.1894034875808665
1,0,0.1779993435297177
1,0,0.18002415378973477
1,0,0.15866478232751308
1,0,0.1573329854462191
1,0,0.16724225146380967
1,0,0.1732682516400248
1,0,0.17195878665388328
1,0,0.15325527234012307
1,0,0.18033885454045406
1,0,0.17561076202810244
1,0,0.1675718061188013
1,0,0.18361866439593647
1,0,0.19506430170390632
1,0,0.20234476552910532
1,0,0.20905700122956833
1,0,0.1789310567508862
1,0,0.18939656693955925
1,0,0.20781822104907868
1,0,0.21268579693234788
1,0,0.20805677367033545
1,0,0.21003319763959194
1,0,0.19716057827316663
1,0,0.2145868917560646
1,0,0.217010735759801
1,0,0.23111599951870704
1,0,0.23399087674077393
1,0,0.27761053554051435
1,0,0.2747469745373413
1,0,0.25940819247334346
1,0,0.25683515102961596
1,0,0.26624045133906155
1,0,0.2810440398791138
1,0,0.27576972686270573
1,0,0.25799225177487456
1,0,0.2591531315410561
1,0,0.2559500087838207
1,0,0.23889878414213958
1,0,0.2531509800870999
1,0,0.2493990361453199
1,0,0.22027211645224262
1,0,0.25102921828803126
1,0,0.22014251198075058
1,0,0.2408384994503751
1,0,0.22834047243087252
1,0,0.24678205854461413
1,0,0.22249361847576526
1,0,0.20230294520977948
1,0,0.21922395068591158
1,0,0.2745454722545608
1,0,0.2659310309710362
1,0,0.25448714838715114
1,0,0.2582514440908491
1,0,0.2669396770549095
1,0,0.2754450005952083
1,0,0.26984550323141565
1,0,0.2642690807005668
1,0,0.2520180139727365
1,0,0.23766186248609153
1,0,0.2161651478597067
1,0,0.20852654510653476
1,0,0.20161792078427496
1,0,0.21692517564631167
1,0,0.20377195138127827
1,0,0.19531552680636352
0,0,0.1426058188564064
0,0,0.12389096862217817
0,0,0.09426673476274754
0,0,0.13833003211976047
0,0,0.11819340119331655
0,0,0.12786045491048076
0,0,0.13434800466884278
0,0,0.13871029077775268
0,0,0.1546526950669153
0,0,0.15325933250998502
0,0,0.15504255283835833
0,0,0.14909767798537818
0,0,0.11035545031223981
0,0,0.15437304762236542
0,0,0.17686297440874707
0,0,0.12372988185678477
0,0,0.14189099681678183
0,0,0.14138615045346456
0,0,0.1542344454046198
0,0,0.15036748569437292
0,0,0.10318223611768385
0,0,0.11625934289014285
0,0,0.14276607566870297
1,0,0.15535857660827868
1,0,0.1209787413637418
1,0,0.12425851550683048
1,0,0.15621555126703432
1,0,0.153928774555115
1,0,0.11623012503193568
1,0,0.10308348644037607
1,0,0.10272738630171148
1,0,0.14490023392698556
1,0,0.14965755125605534
1,0,0.1399385060103982
1,0,0.14819820773859319
1,0,0.11140148472070283
1,0,0.11345314315668352
1,0,0.09122121845028561
1,0,0.09585966371872442
1,0,0.08552929548262066
1,0,0.09075904083156354
1,0,0.0998526136845272
1,0,0.09107148759429246
1,0,0.08920489814415439
1,0,0.08838616305509778
1,0,0.08580580349866665
1,0,0.08366379766303378
1,0,0.08809730054542976
1,0,0.10625472210529187
1,0,0.11481565535189658
1,0,0.11243337776275254
1,0,0.10254836293117994
1,0,0.10492773679084266
1,0,0.10602310915094866
1,0,0.10164178990185993
1,0,0.10700434564596219
1,0,0.12172561035441662
1,0,0.13754508825828393
1,0,0.13631002476110152
1,0,0.14220060114570918
1,0,0.1552306172842321
1,0,0.1110286122893044
1,0,0.10518798516509373
1,0,0.09315661403167837
1,0,0.08604572075829471
1,0,0.10098324782576723
1,0,0.0919950945949657
1,0,0.11866310341223851
1,0,0.11349172973810184
1,0,0.10676528591978117
1,0,0.16113034468524035
1,0,0.1921702996926305
1,0,0.18029246853759545
1,0,0.1510105132181331
1,0,0.15200975381492032
1,0,0.16382484715356255
1,0,0.16628735640615475
1,0,0.16140526066850794
1,0,0.1595422383193917
1,0,0.141552048528874
1,0,0.14831924476314717
1,0,0.14973338051777638
1,0,0.10544522853910554
1,0,0.12370073069657185
1,0,0.15171375668880346
1,0,0.13816941214741513
1,0,0.11317079539153065
1,0,0.11591118747230408
1,0,0.11064078075250784
1,0,0.1266554079591881
1,0,0.1577128922959277
1,0,0.13817709257103672
1,0,0.12140024052743974
1,0,0.11504887067327033
1,1,0.6945734993193012
1,1,0.6797680733064645
1,1,0.6548248616222354
1,1,0.8038848236469572
1,1,0.8842024172450662
1,1,0.8876929077234719
1,1,0.8834089057908707
1,1,0.9076457640802655
1,1,0.9020742143274425
1,1,0.890226257981002
1,1,0.8893482586906581
1,1,0.8751713945973549
1,1,0.8918612436962249
1,1,0.8967792053808218
1,1,0.8988986201348688
1,1,0.8816184325009488
1,1,0.8991820075035928
1,1,0.9008452024115562
1,1,0.8860639893944975
1,1,0.8987399315467296
1,1,0.8901565079537984
1,1,0.8855695143561577
1,1,0.8973703820294172
1,1,0.8699232687914379
1,1,0.8551307105476269
1,1,0.856543381490185
1,1,0.8907864002166914
1,1,0.8923097145300913
1,1,0.8824453998702745
1,1,0.8836790526530679
1,1,0.8874987579550421
1,1,0.8975437747204854
1,1,0.8981828510144038
1,1,0.8886079648939572
1,1,0.8775614954267946
1,1,0.8817341321430952
1,1,0.8910164532985029
1,1,0.8972324685891515
1,1,0.882837816077776
1,1,0.8686843737607972
1,1,0.8694716752998473
1,1,0.887341009012118
1,1,0.8831206662187904
1,1,0.8615546029550061
1,1,0.8704254851134344
1,1,0.8743191926242007
1,1,0.66209298606447
1,1,0.6385390674251168
1,1,0.6533382597899795
1,1,0.7203484806934539
1,1,0.8444641711858728
1,1,0.8298410800330932
1,1,0.8301819503152713
1,1,0.8356828199321619
1,1,0.7961359989407112
1,1,0.8232185894314467
1,1,0.833463170955968
1,1,0.8401371520698063
1,1,0.857267557045392
1,1,0.832097358883232
1,1,0.8285182381521294
1,1,0.8406418686681393
1,1,0.819607960160058
1,1,0.8226419773045788
1,1,0.8253348220005221
1,1,0.8450647831196771
1,1,0.8189878150744966
1,1,0.8248918247859752
1,1,0.820122351710846
1,1,0.8385053290869102
1,1,0.8430042904366996
1,1,0.8670579357455195
1,1,0.8282938368333906
1,1,0.8913466244115014
1,1,0.870479683956871
1,1,0.8748617128859562
1,1,0.8598388307905261
1,1,0.8746221523281228
1,1,0.8607314332527314
1,1,0.8749461681866887
1,1,0.8587111570705203
1,1,0.8433846091465991
1,1,0.8373574373987457
1,1,0.8378626797455128
1,1,0.8384567645337873
1,1,0.8976952469604024
1,1,0.8867918862606587
1,1,0.8807172059622885
1,1,0.8246774042152736
1,1,0.823501404531841
1,1,0.8335775670640986
1,1,0.7920573416360388
1,1,0.8622539497847167
1,1,0.868245834942773
1,1,0.8314366725497655
1,1,0.8413186544805427
1,1,0.849141522246268
1,1,0.8500395862205201
1,1,0.8512791098867655
1,1,0.8491532485928045
1,1,0.8244864974382586
1,1,0.8479788554128802
1,1,0.8144502227945425
1,1,0.822492539973006
1,1,0.767675434309175
1,1,0.779528929507097
1,1,0.855087239701595
1,1,0.8597699900238968
1,1,0.857080077419634
1,1,0.8566873916993487
1,1,0.8677908446010375
1,1,0.8177891391561922
1,1,0.7769469828147253
1,1,0.7740174665021285
1,1,0.859159837756915
0,0,0.16174751121376132
0,0,0.18807715554750845
0,0,0.21886582800830787
0,0,0.2351267456189444
0,0,0.2473409461351316
0,0,0.21606381300432367
0,0,0.16772905575067817
0,0,0.16815699704680043
0,0,0.16450207533997221
0,0,0.1746138858314849
0,0,0.16836050833012006
0,0,0.17545523057512816
0,0,0.1735346391378656
0,0,0.1567247991964023
0,0,0.17770282644909802
0,0,0.16638206929540722
0,0,0.19125504572501806
0,0,0.200034474202797
0,0,0.19406610976785946
0,0,0.1636321792207923
0,0,0.16801509014468757
0,0,0.16964235725185997
0,0,0.17396945366854663
0,0,0.17120258709105207
0,0,0.1622823535871554
0,0,0.17115870573520278
0,0,0.2011391922858594
0,0,0.20529847971113152
0,0,0.1908102799560759
0,0,0.20797932347296946
0,0,0.20062723563443768
0,0,0.19731007014233767
0,0,0.19171144142673985
0,0,0.17739449024378573
0,0,0.16074311013545362
0,0,0.16608580996866146
0,0,0.17623388118512376
0,0,0.17757238580818752
0,0,0.22180156099449339
0,0,0.19322240064946608
0,0,0.20467510509498493
0,0,0.21012981922434293
0,0,0.19356614201807712
0,0,0.1812122307869256
0,0,0.14599479308714083
0,0,0.15841505971566744
0,0,0.15408808283611009
0,0,0.17464715213651352
0,0,0.17311092334169118
0,0,0.18746019644933365
0,0,0.13812968610310597
0,0,0.1634836399493892
0,0,0.15957568528308128
0,0,0.1793209701545504
0,0,0.19427767037548307
0,0,0.23194836367964775
0,0,0.19890418184160985
0,0,0.17969849903066767
0,0,0.1796020340207139
1,1,0.7381374818551594
1,1,0.8173039533414805
1,1,0.813699972742735
1,1,0.8816231343048814
1,1,0.8946268977814121
1,1,0.8326623001343879
1,1,0.7990660058190662
1,1,0.8668459263137899
1,1,0.8668331327395893
1,1,0.8414348386069075
1,1,0.8316323365740714
1,1,0.8939753294007805
1,1,0.8660142386299624
1,1,0.8512200030728506
1,1,0.8622204523394548
1,1,0.8844219432081374
1,1,0.8881914306719162
1,1,0.8992125077810685
1,1,0.8980500906740342
1,1,0.8902119945089217
1,1,0.809260449502757
1,1,0.8717170972178718
1,1,0.8803217926501385
1,1,0.6209067405828113
1,1,0.7980573393732152
1,1,0.8464139015493187
1,1,0.8558343502233852
1,1,0.8345214433107632
1,1,0.8606286582359794
1,1,0.8624526605933056
1,1,0.8658875164401547
1,1,0.8499672441267133
1,1,0.8414094911791271
1,1,0.8545626182772623
1,1,0.8572977699234808
1,1,0.8605135404532648
1,1,0.8559164923500485
1,1,0.8378545452934119
1,1,0.8227695732339706
1,1,0.8491844947973419
1,1,0.8466526300114894
1,1,0.8465162477658417
1,1,0.8483833305649716
1,1,0.8441985207748902
1,1,0.8505416394753734
1,1,0.8520109290107111
0,0,0.11872524946915614
0,0,0.1962473102906625
0,0,0.1693148516548181
0,0,0.14838072428801716
0,0,0.15920943036330262
0,0,0.15935098075216872
0,0,0.1779502476714863
0,0,0.1652408107029932
0,0,0.17078307584425212
0,0,0.17415674230845657
0,0,0.16936736357109117
0,0,0.17906942689519437
0,0,0.17021345979421212
0,0,0.19199325769202297
0,0,0.15556879987383682
0,0,0.15264813774833835
0,0,0.16351841688936855
0,0,0.1617948126202683
0,0,0.2100386670402821
0,0,0.21949704011084908
0,0,0.22096484613000097
0,0,0.19415655483456362
0,0,0.18801261204572775
0,0,0.1478542197437967
0,0,0.16422203276105962
0,0,0.15163589705438432
0,0,0.19477785469138362
0,0,0.16178978543205388
0,0,0.15241947027584424
0,0,0.18139576205994679
0,0,0.18271706486631636
0,0,0.17843731251006859
0,0,0.14761298482981489
0,0,0.1748416677846057
0,0,0.20456048998107498
0,0,0.18842693165769892
0,0,0.1821782109627964
0,0,0.18129082961034274
0,0,0.17653088155377286
0,0,0.1549106147308765
0,0,0.1741111770441467
0,0,0.18241522022344117
0,0,0.19743104541719345
0,0,0.18680382712575141
0,0,0.18462322180196802
0,0,0.18690675546602048
0,0,0.17736520947612508
0,0,0.17773504110303825
0,0,0.1988712951200692
0,0,0.18311346017199703
0,0,0.1927072934041857
0,0,0.1759403334096045
0,0,0.1742196145003394
0,0,0.1894959921444829
0,0,0.18525286100110802
0,0,0.18578154801240576
0,0,0.19134746910536773
0,0,0.19554795404998201
0,0,0.17123214520350843
0,0,0.18282983480828988
0,0,0.17568050829400073
0,0,0.163571020989738
0,0,0.17260880002793663
0,0,0.1683032855313245
0,0,0.1754977489610366
0,0,0.15029588345202538
0,0,0.1606292388004825
0,0,0.16476546896980132
1,0,0.17322550706670878
1,0,0.1309498073908407
1,0,0.1670742946495691
1,0,0.14368268988751334
1,0,0.14143791633774908
1,0,0.14994057831004778
1,0,0.13301583305232584
1,0,0.11930596693990493
1,0,0.13826330788492056
1,0,0.14357599749809685
1,0,0.1361893156365334
1,0,0.1443873331138553
1,0,0.12738640363126916
1,0,0.13453306751292704
1,0,0.16006321704496995
1,0,0.14483028972696765
1,0,0.13042141590089684
1,0,0.12738337829090596
1,0,0.12661882680123343
1,0,0.1294581845465764
1,0,0.12358949399370939
1,0,0.10730124078461405
1,0,0.15498297027563765
1,0,0.1451079144408802
1,0,0.14809121803500155
1,0,0.13450458313533212
1,0,0.14014161278666917
1,0,0.14714561919705155
1,0,0.11410566033294847
1,0,0.1842076729571601
1,0,0.15969723227275143
1,0,0.14525564067637123
1,0,0.1298912577632818
1,0,0.14431005353880594
1,0,0.15590634568697057
1,0,0.14205088514234157
1,0,0.15641353691082832
1,0,0.15713874615379247
1,0,0.16118171904713158
1,0,0.1720052376778727
1,0,0.15291918169878546
1,0,0.16828832503175944
1,0,0.151337886533423
1,0,0.14772236809205627
1,0,0.1560998640973443
1,0,0.18750915503758903
0,0,0.18299358029647197
0,0,0.18552875905209731
0,0,0.21300947654084165
0,0,0.2137063789437252
0,0,0.21509310031991208
0,0,0.21766085291016643
0,0,0.19710869095039205
0,0,0.1831243318143454
0,0,0.20728534885473487
0,0,0.18788525842090972
0,0,0.1658324669733089
0,0,0.15616178957866036
0,0,0.17515575889160012
0,0,0.1662896272579368
0,0,0.1597544661084498
0,0,0.1675034779949945
0,0,0.22410805170787818
0,0,0.22033205448217635
0,0,0.2010959969549851
0,0,0.20246513320704695
0,0,0.20479406256601776
0,0,0.20905355213629317
0,0,0.17075795790390638
1,0,0.14435023227451946
1,0,0.1490600901426362
1,0,0.15702980540432657
1,0,0.164256639817428
1,0,0.17772450569333192
1,0,0.1688957027591484
1,0,0.14731381277276914
1,0,0.15248845815752812
1,0,0.15939355846136263
1,0,0.14820680499567918
1,0,0.15118222588358055
1,0,0.1401157492231751
1,0,0.1205022011623131
1,0,0.1554896742455877
1,0,0.1403930204609603
1,0,0.1410446779328466
1,0,0.13998123917243516
1,0,0.14095811780874554
1,0,0.12324951715524392
1,0,0.11882283938014643
1,0,0.1197779259722847
1,0,0.12477605211500395
1,0,0.152328392200953
1,0,0.15133142046679193
1,0,0.12942672514740852
1,0,0.11640532896190565
1,0,0.1102243303105968
1,0,0.1088662111504586
1,0,0.1798442746335062
1,0,0.23200015985984088
1,0,0.16018862761668745
1,0,0.16396362974989911
1,0,0.12415571452936111
1,0,0.1311030439865844
1,0,0.11315005686889065
1,0,0.15942203773432206
1,0,0.19361731394349443
1,0,0.1803543534390068
1,0,0.2128391936532075
1,0,0.20159424405701326
1,0,0.15610669276903513
1,0,0.12261843548352645
1,0,0.11989945843805597
1,0,0.13100810003185237
1,0,0.11539153667013119
1,0,0.12733416002881123
1,0,0.1480659217016779
1,0,0.19414752745793973
1,0,0.1502562409990307
1,0,0.1390106056391714
1,0,0.13113562034022638
1,0,0.13362216099165544
1,0,0.14271025176268567
1,0,0.12162948344856447
1,0,0.09951869932455923
1,0,0.1111783621512051
1,0,0.1333246190088074
1,0,0.1330899758409922
1,0,0.14966718833721893
1,0,0.1570804632214532
1,0,0.15341564372610705
1,0,0.14933695762739246
1,0,0.17473654218638185
1,0,0.18782943523171514
1,0,0.17182544098367952
1,0,0.19681035918662382
1,0,0.1348394935887328
1,0,0.1810480941821797
1,0,0.1897857893184483
1,0,0.15488680624001253
1,0,0.15903438422175203
1,1,0.8067822609007627
1,1,0.8233250050455908
1,1,0.8239125132979956
1,1,0.8039555391798985
1,1,0.8173180546173572
1,1,0.8157408068804629
1,1,0.7848938076073679
1,1,0.8139377077757401
1,1,0.78896970585756
1,1,0.804373590049785
1,1,0.7458778687691323
1,1,0.8380655519127207
1,1,0.8032791331817724
1,1,0.7671186874098777
1,1,0.7270224175615785
1,1,0.7533490139354448
1,1,0.8028770549941687
1,1,0.8048288354620335
1,1,0.8046377610197166
1,1,0.7702257615997513
1,1,0.7612861177743849
1,1,0.7558971669634379
1,1,0.7347014704077616
1,1,0.8474427583629529
1,1,0.8544547289370152
1,1,0.8435673387545342
1,1,0.8411625648230528
1,1,0.8423485870245099
1,1,0.8621258504341363
1,1,0.8618194897041618
1,1,0.8599172987087299
1,1,0.8891770393377394
1,1,0.7746626227953236
1,1,0.7810973499326596
1,1,0.7806903475384861
1,1,0.829940643435287
1,1,0.8474793093053204
1,1,0.7272347874696607
1,1,0.7150924394968454
1,1,0.7425659016330021
1,1,0.855997726769878
1,1,0.8491110737791021
1,1,0.8279895565080756
1,1,0.8550708333080091
1,1,0.8723379782329564
1,1,0.8779528105820207
1,1,0.861346781489413
1,1,0.8231483489639261
1,1,0.8215753739261602
1,1,0.8065109256459633
1,1,0.831339183089512
1,1,0.8322519868639371
1,1,0.8566349371258127
1,1,0.8565021780877585
1,1,0.8547629533965855
1,1,0.8424310568604129
1,1,0.8249653028082997
1,1,0.8429819718427817
1,1,0.8671422436707461
1,1,0.8626842656288374
1,1,0.8697329639669081
1,1,0.8710505966806602
1,1,0.8656619156234067
1,1,0.8811046855242458
1,1,0.8780051234484505
1,1,0.883776170133732
1,1,0.8825776069317365
1,1,0.8635154834724892
1,1,0.8497305844589124
1,1,0.8422218473789644
1,1,0.8507918806889329
1,1,0.853437138006914
1,1,0.8427870535134625
1,1,0.8456118814541252
1,1,0.8460525935693353
1,1,0.852128152692952
1,1,0.8276101394662454
1,1,0.8351045501354352
1,1,0.8683696270137682
1,1,0.8355364724429972
1,1,0.85143706162951
1,1,0.8439497127639206
1,1,0.8474375025115916
1,1,0.8681663693030117
1,1,0.8881445476647195
1,1,0.8819564875148118
1,1,0.8844975820326654
1,1,0.8807780263458624
1,1,0.8798818501508734
1,1,0.8532003906610034
1,1,0.8227787444560809
1,1,0.8408571626675435
0,1,0.8337957691737519
0,1,0.7415280712813812
0,1,0.7141411266978365
0,1,0.6416648323411043
0,1,0.5742692054931318
0,1,0.5681545033008664
0,1,0.6150351341421022
0,1,0.6204926741287902
0,1,0.6472972832103774
0,1,0.6803454716951124
0,1,0.6792668794905038
0,1,0.7136846671059199
0,1,0.7211988862136822
0,1,0.6584565956925753
0,1,0.6252480105789484
0,1,0.5964505044484578
0,1,0.5781899201652563
0,1,0.571102101177337
0,1,0.5464097557845813
0,1,0.5737989592770895
0,1,0.6282705754068628
0,1,0.5970089269539688
0,1,0.5609840714969796
0,0,0.1730748450325049
0,0,0.14203473371947564
0,0,0.13604263256369525
0,0,0.12866462803949166
0,0,0.14214489352365578
0,0,0.1601263038837769
0,0,0.16477144747573505
0,0,0.16494483188275297
0,0,0.16397700006302138
0,0,0.1609760495212055
0,0,0.16794353260169642
0,0,0.14624781309002405
0,0,0.17280719754578924
0,0,0.16788281569054053
0,0,0.17145076474228485
0,0,0.17980393025658842
0,0,0.19499991745314055
0,0,0.17752522261574186
0,0,0.16872613285925248
0,0,0.16166078431274516
0,0,0.17145373600223937
0,0,0.16467629484540722
0,0,0.12357325815752068
0,0,0.1335953489300027
0,0,0.13640540146542293
0,0,0.1512399592710639
0,0,0.15890252951628608
0,0,0.175213815158979
0,0,0.2070061564490236
0,0,0.19384292121513666
0,0,0.2029598039301664
0,0,0.24539985058579558
0,0,0.22242120070052998
0,0,0.19503515711541553
0,0,0.15042720962390654
0,0,0.11057531438240029
0,0,0.15534254273651882
0,0,0.16958993890535543
0,0,0.14092297302002021
0,0,0.12885192021132685
0,0,0.14393945175028544
0,0,0.159150727275585
0,0,0.13835807774193828
0,0,0.09711773112988997
0,0,0.09000319382350838
0,0,0.10721185743884193
0,0,0.1016413845694599
0,0,0.09173332072082063
0,0,0.11072675235650348
0,0,0.11661219981928608
0,0,0.10858718101629808
0,0,0.13767567548488546
0,0,0.09659510729675097
0,0,0.10698257412849886
0,0,0.09946054569246736
0,0,0.10295118161985911
0,0,0.09979693566808981
0,0,0.08384447200409992
0,0,0.09106741365356621
0,1,0.8662263552753035
0,1,0.8721722865268444
0,1,0.8591915687183032
0,1,0.8515997299961982
0,1,0.8559237080080243
0,1,0.8566927334418795
0,1,0.8812407992555845
0,1,0.8736262762369076
0,1,0.8629144542908718
0,1,0.8725630903868249
0,1,0.8629554795730132
0,1,0.8652984385477488
0,1,0.8659249796044932
0,1,0.8667497993025727
0,1,0.8644170206375614
0,1,0.8635208351978707
0,1,0.8618804196279233
0,1,0.8612485194212499
0,1,0.8657046464423712
0,1,0.8694297572351454
0,1,0.8498502695597777
0,1,0.8321776576834676
0,1,0.868294479130689
1,1,0.8482509085470141
1,1,0.8337324370819553
1,1,0.8670438453702023
1,1,0.8671465624428594
1,1,0.855484799219707
1,1,0.8575982617092727
1,1,0.8556886182380071
1,1,0.8651234655137223
1,1,0.8490944352778438
1,1,0.846829276104696
1,1,0.8560153835970001
1,1,0.8673351244915939
1,1,0.8655714085653137
1,1,0.8534263257111787
1,1,0.8552319414895926
1,1,0.8582520288138992
1,1,0.8544760057178086
1,1,0.8678265018396685
1,1,0.8641333806008241
1,1,0.8515909347787717
1,1,0.8572990092774156
1,1,0.8644122458269237
1,1,0.8619546222192386
1,0,0.22185173955486145
1,0,0.19450231209587782
1,0,0.19052843813253253
1,0,0.19246196128294193
1,0,0.20547350791065472
1,0,0.20111032976474974
1,0,0.21400427630714444
1,0,0.19817893682917537
1,0,0.17728805397971506
1,0,0.17683406240372992
1,0,0.17991062214484949
1,0,0.1848253640171901
1,0,0.1867263473711182
1,0,0.19659040783835097
1,0,0.2045321543399814
1,0,0.20266610051271974
1,0,0.1942555766078578
1,0,0.17806091578745586
1,0,0.12667226972055695
1,0,0.13223170582264004
1,0,0.1079792955702011
1,0,0.1196488104666697
1,0,0.1036460706345202
1,0,0.11707223053839134
1,0,0.1070686381580339
1,0,0.09016361245401237
1,0,0.10506778368235226
1,0,0.09662259962308474
1,0,0.1012396448919742
1,0,0.10782106334840147
1,0,0.10273474437504872
1,0,0.13705489644799115
1,0,0.13600197357619867
1,0,0.13542170785304483
1,0,0.15797298337176657
1,0,0.19766133615163192
1,0,0.20084890379768836
1,0,0.20802122906061526
1,0,0.20504010056588748
1,0,0.2093172930779187
1,0,0.21498924601924224
1,0,0.20770398209775856
1,0,0.2070484212934359
1,0,0.19261305736118176
1,0,0.19739684418273612
1,0,0.20634210037334863
1,0,0.21802846954844526
1,0,0.18217219686811695
1,0,0.17047714496140048
1,0,0.18001545637732488
1,0,0.22245617878659982
1,0,0.20558587248969673
1,0,0.17516251800107166
1,0,0.17496138514609239
1,0,0.20870057086071614
1,0,0.2120894493200387
1,0,0.16969807546702334
1,0,0.17131621368483796
1,0,0.16241510046776494
1,0,0.1346725203017055
1,0,0.12235229034068647
1,0,0.14344989930209376
1,0,0.16176950213016092
1,0,0.140148822127191
1,0,0.10036255013415113
1,0,0.11026225374044704
1,0,0.11904405726596032
1,0,0.12854876301059873
1,0,0.16930446876061975
1,0,0.17792260631755868
1,0,0.19123087537095035
1,0,0.16225873182786
1,0,0.07925635730568477
1,0,0.0912823579454425
1,0,0.08942663692506876
1,0,0.12714491347111262
1,0,0.11693028283012678
1,0,0.12219312005461232
1,0,0.1303111742442849
1,0,0.1347050243105423
1,0,0.13352604051053807
1,0,0.13626821791121405
1,0,0.10837002792539324
1,0,0.10149613591291583
1,0,0.09260922597667685
1,0,0.10901725064100268
1,0,0.12126429340263492
1,0,0.11796781545586076
1,0,0.12894976357413157
1,0,0.14119534562239588
1,0,0.13264937692064746
1,0,0.12183094529059256
1,0,0.13160221100728772
1,0,0.16763313281041062
1,0,0.2026390257999093
1,0,0.21013014503536404
1,0,0.16698841864579386
1,0,0.19106345158504096
1,0,0.19534735200154996
1,0,0.195003519599667
1,0,0.1557836767867592
1,0,0.13014899019493456
1,0,0.11783843195417511
1,0,0.11393912751556934
1,0,0.12409518899481481
1,0,0.1426984322959427
1,0,0.14985043387177086
1,0,0.17167238411038524
1,0,0.15327283667191177
1,0,0.15112247473918794
1,0,0.15965599469797317
1,0,0.14491336576917335
1,0,0.14800311742774372
1,0,0.14362024247431784
0,0,0.19218043969310186
0,0,0.2005056394534781
0,0,0.2333971490299099
0,0,0.2141194427951376
0,0,0.19046007415263222
0,0,0.2065682462462836
0,0,0.1702240723832094
0,0,0.16732184694867358
0,0,0.14620074278152534
0,0,0.1507153714465089
0,0,0.14760367424256032
0,0,0.12711633007858794
0,0,0.1575948165006036
0,0,0.1783105358989599
0,0,0.23271203199585888
0,0,0.2065248600874127
0,0,0.17835366777021228
0,0,0.18432844730703984
0,0,0.15273363014779448
0,0,0.1260872413992518
0,0,0.14418216366904207
0,0,0.1315281048971531
0,0,0.12239317007084369
0,0,0.2904764672447138
0,0,0.2374324542776262
0,0,0.181639971159535
0,0,0.1699579500439833
0,0,0.16706279820912828
0,0,0.14828376853765599
0,0,0.1636032885840512
0,0,0.14482997933017003
0,0,0.12440786981927278
0,0,0.1372776402582111
0,0,0.1420966060600654
0,0,0.15450479853277105
0,0,0.17873973490769235
0,0,0.19466241611453214
0,0,0.18846037912370264
0,0,0.14960896047207936
0,0,0.1388369286681319
0,0,0.15054500757327063
0,0,0.1909530590673312
0,0,0.19075094013768978
0,0,0.14598359915421427
0,0,0.20510398490061418
0,0,0.1888926888228189
0,0,0.20910270646051723
0,0,0.14095216038157285
0,0,0.13070559256321657
0,0,0.15655290443011471
0,0,0.1606716023523278
0,0,0.1612658187008482
0,0,0.16279965881041078
0,0,0.14146471379649253
0,0,0.1328224422251512
0,0,0.1504267345990308
0,0,0.18676274679231714
0,0,0.14961999299070816
0,0,0.1498024502955667
0,0,0.1555643784881542
0,0,0.15691947669425318
0,0,0.13611915276744788
0,0,0.13233968113954725
0,0,0.16752992159345695
0,0,0.1320877503656597
0,0,0.14897929420821907
0,0,0.1388108684406907
0,0,0.14525090384213668
0,0,0.13133838212522425
0,0,0.1286936849117451
0,0,0.14440595795333847
0,0,0.11848148936477391
0,0,0.14000191691567035
0,0,0.1604943787407174
0,0,0.1574764981216542
0,0,0.16097281573961858
0,0,0.1705860988933995
0,0,0.22307925391568226
0,0,0.2096387378554995
0,0,0.2043750132170917
0,0,0.18406045485663403
0,0,0.21257114000261124
0,0,0.2178797107750485
0,0,0.1422479784619302
0,0,0.16048623471619305
0,0,0.1682517363867396
0,0,0.16593704021195788
0,0,0.132426760347513
0,0,0.1384150271029646
0,0,0.15425804698692894
0,0,0.1420494366350056
0,0,0.1332940906288079
0,0,0.1782848693103515
0,0,0.24708864203876713
1,1,0.6173133299734488
1,1,0.6243791731961703
1,1,0.653778327671604
1,1,0.6481939513967683
1,1,0.6515545879870939
1,1,0.6758797076445764
1,1,0.6862520333456995
1,1,0.6378794786248352
1,1,0.6300191228979682
1,1,0.6386004026922733
1,1,0.6055257154824949
1,1,0.6038770969809316
1,1,0.6167518387984069
1,1,0.6099790152239833
1,1,0.6137213891294345
1,1,0.5941766753224091
1,1,0.5380977533368557
1,1,0.5636767195787875
1,1,0.563706010133776
1,1,0.5873173620425497
1,1,0.6107371499617775
1,1,0.5543072751738306
1,1,0.6197997032697785
1,1,0.5729563815920223
1,1,0.6070366546677792
1,1,0.5888510789707656
1,1,0.57810260069938
1,1,0.5853730562479792
1,1,0.6106377661008975
1,1,0.5919997044594418
1,1,0.6312100988845895
1,1,0.575982724605985
1,1,0.5658374075820728
1,1,0.5883287790946496
1,1,0.6394062307955797
1,1,0.6465010750470747
1,1,0.6455163529320117
1,1,0.6332117849394591
1,1,0.6005737880698014
1,1,0.5977683176505767
1,1,0.5762819795695069
1,1,0.5859860113745823
1,1,0.5592226674199557
1,1,0.578955621779551
1,1,0.5782671110538405
1,1,0.5524827855794552
1,1,0.8056351545458906
1,1,0.809404665705314
1,1,0.8257321783026194
1,1,0.8339794082973103
1,1,0.8355462448721762
1,1,0.8708357939576118
1,1,0.8641368846096057
1,1,0.8404261190445284
1,1,0.8199604012897889
1,1,0.7461213862601304
1,1,0.7572225273078554
1,1,0.8034998580271919
1,1,0.8446153757184293
1,1,0.8482257526827399
1,1,0.7928190259141451
1,1,0.7804515788102627
1,1,0.8140434176634678
1,1,0.8007173150308163
1,1,0.8374484804050222
1,1,0.8433208995560542
1,1,0.7570628055060262
1,1,0.6739435783223513
1,1,0.6726972427288928
1,1,0.7794363057253577
1,1,0.8170770961222386
1,1,0.7630812929164682
1,1,0.6849188772273982
1,1,0.5891284278585859
1,1,0.6941757927068396
1,1,0.7779906844198569
1,1,0.7154347255370516
1,1,0.7581457977078843
1,1,0.7008643953886498
1,1,0.7556832719989092
1,1,0.7695419923278959
1,1,0.6613978527210002
1,1,0.6737703693423776
1,1,0.6605923715046086
1,1,0.6748575849492142
1,1,0.7063203619754483
1,1,0.7115127322193169
1,1,0.7449281757518024
1,1,0.684441797224061
1,1,0.6703538309352376
1,1,0.7014075602115122
1,1,0.7323040811941048
1,1,0.631289747881086
1,1,0.5927003201965296
1,1,0.6222101119700847
1,1,0.6930222172493556
1,1,0.6941438881926324
1,1,0.7251774436550332
1,1,0.7925922613548968
1,1,0.7780722335365499
1,1,0.7709562148330036
1,1,0.7601860280559901
1,1,0.797649668276683
1,1,0.7831053328466905
1,1,0.766137557416458
1,1,0.7650881924471973
1,1,0.768996898956053
1,1,0.7907633378179235
1,1,0.774883492389667
1,1,0.7655148633760064
1,1,0.7263644523079497
1,1,0.7334075545511708
1,1,0.7806620020297609
1,1,0.7888446333562807
1,1,0.7620654373539988
0,0,0.15096146860822668
0,0,0.13858993308590958
0,0,0.1544536739437565
0,0,0.1683024991085319
0,0,0.19340599379163767
0,0,0.15811671046887998
0,0,0.15911968892718412
0,0,0.18511824546132985
0,0,0.14405398923158802
0,0,0.15874728885067432
0,0,0.15829587986720103
0,0,0.14539199550108006
0,0,0.17167135673926492
0,0,0.17877321437422494
0,0,0.15109868749830382
0,0,0.18965984286723675
0,0,0.185727812725502
0,0,0.20462278695451389
0,0,0.18135901009709351
0,0,0.17997444161747056
0,0,0.19128405056785114
0,0,0.16269191239454497
0,0,0.2098849125394407
0,0,0.19376898531053505
0,0,0.1953533669397251
0,0,0.19864305440453361
0,0,0.1820035569802758
0,0,0.20208770888930552
0,0,0.203168062878853
0,0,0.20365107169694635
0,0,0.21216885152390227
0,0,0.22627601190194999
0,0,0.262244943144885
0,0,0.23525374568127738
0,0,0.23680104057158105
0,0,0.20918782990517548
0,0,0.194645881664416
0,0,0.18493038846085239
0,0,0.1879173969353268
0,0,0.19773210313912173
0,0,0.19869663373121552
0,0,0.16820697293555623
0,0,0.15367950741629438
0,0,0.15153668608920653
0,0,0.13816959313825194
0,0,0.1620557378162723
0,0,0.1407286051112112
0,0,0.1594982258256419
0,0,0.17169671626054014
0,0,0.16129381769260825
0,0,0.18486523531941948
0,0,0.1920406442840582
0,0,0.20943066638145613
0,0,0.2770556706966343
0,0,0.23927379229670995
0,0,0.2325040324579305
0,0,0.22667121929076373
0,0,0.19776466016690095
0,0,0.18025328342293437
1,1,0.9096855257699528
1,1,0.9100777344914845
1,1,0.9147620946143372
1,1,0.8795345462767337
1,1,0.89285970450528
1,1,0.8282812088272125
1,1,0.7812218811810842
1,1,0.7846305376446305
1,1,0.837772527954205
1,1,0.8460670720440904
1,1,0.9152822284896108
1,1,0.9024163179510012
1,1,0.9077719296748417
1,1,0.9022352666141241
1,1,0.9019929288566115
1,1,0.917443802670308
1,1,0.9186846504461382
1,1,0.9179461791126036
1,1,0.8946795085462772
1,1,0.8886001275659667
1,1,0.8791448941998635
1,1,0.8795422898213193
1,1,0.8655635622764212
1,1,0.5518056734315911
1,1,0.6337236341186236
1,1,0.6154950232342853
1,1,0.5983737192875797
1,1,0.6237643962425481
1,1,0.6506069798979282
1,1,0.6567344647153955
1,1,0.6242343288999276
1,1,0.6206177273949092
1,1,0.5739854190575042
1,1,0.5899682945962006
1,1,0.5742536598567562
1,1,0.5725141058839498
1,1,0.5674577863804788
1,1,0.5864585042932514
1,1,0.5866840694312047
1,1,0.5845806684811493
1,1,0.6116350854262034
1,1,0.6148746787836352
1,1,0.6169919043710768
1,1,0.6048150096050078
1,1,0.6114442574381186
1,1,0.5612373428826037
0,0,0.10107080393554052
0,0,0.1573782737098547
0,0,0.16815772517793423
0,0,0.14712480538824196
0,0,0.17457515568698637
0,0,0.1720137335624389
0,0,0.19640140519784263
0,0,0.18894664251889734
0,0,0.18651266467051372
0,0,0.18055613272567528
0,0,0.2118605909900465
0,0,0.25499513037313903
0,0,0.22788365657383328
0,0,0.19711463856004144
0,0,0.19389390443321675
0,0,0.14265051024783243
0,0,0.14535398073768963
0,0,0.1881642168953206
0,0,0.19059729152455263
0,0,0.17155822033544615
0,0,0.16546379831087632
0,0,0.16730613412731266
0,0,0.17761797564364007
0,0,0.19355842977191634
0,0,0.16061260456249513
0,0,0.17085594775453836
0,0,0.2031277264125598
0,0,0.1861522338554639
0,0,0.189118128891301
0,0,0.20231728124218346
0,0,0.18513783403943462
0,0,0.14713425933778618
0,0,0.14890345587305637
0,0,0.16705253859831742
0,0,0.19332403097694814
0,0,0.19575384803132306
0,0,0.1946488547673083
0,0,0.19885116026291874
0,0,0.18953994453017192
0,0,0.1998783335313954
0,0,0.18850423616861686
0,0,0.17391870869745932
0,0,0.21520560473507228
0,0,0.18128126999218275
0,0,0.18875053757723986
0,0,0.18231684839486673
0,0,0.19882083042774895
0,0,0.16296372192914227
0,0,0.18342931625505332
0,0,0.18166783318576535
0,0,0.14507815372678567
0,0,0.13199005650906695
0,0,0.13107879938744924
0,0,0.15256502718050216
0,0,0.15911393209732388
0,0,0.17668489915004332
0,0,0.182056086127605
0,0,0.17329699029828366
0,0,0.17765619559280704
0,0,0.18588229816048948
0,0,0.18140636167648896
0,0,0.21515105070741974
0,0,0.2152349424862586
0,0,0.18906173277240979
0,0,0.1558868706823019
0,0,0.17432879088451858
0,0,0.2681420118600269
0,0,0.23735100359022926
0,0,0.27784374688268915
0,0,0.2893404362779829
0,0,0.3264045853541157
0,0,0.3255774205600809
0,0,0.26833395633173557
0,0,0.3085097189259631
0,0,0.25345271562305527
0,0,0.22364055861272383
0,0,0.24130304406393357
0,0,0.28924298003231164
0,0,0.32021026400324765
0,0,0.3242725039613933
0,0,0.2887960040000484
0,0,0.3014145162720764
0,0,0.2869086931253663
0,0,0.3037422325448444
0,0,0.3302642894700936
0,0,0.31158118513998523
0,0,0.28263469664616075
0,0,0.23360592198103108
0,0,0.28236910801885395
0,0,0.3402283499413411
0,0,0.37659412362767036
0,0,0.3532720176309729
0,0,0.32609952853344626
0,0,0.30965323772961634
0,0,0.317594386425499
0,0,0.30319588659280694
0,0,0.2853595507409026
0,0,0.29772317062272435
0,0,0.30353099930099087
0,0,0.29768242630921554
0,0,0.3185377745183812
0,0,0.32112638055978393
0,0,0.2676619234809189
0,0,0.2406780827437445
0,0,0.2519460491473762
0,0,0.1434907337474686
0,0,0.11782934641858893
0,0,0.17083827907066998
0,0,0.1753756702812201
0,0,0.18659053365485362
0,0,0.18383686501963503
0,0,0.19291275402670524
0,0,0.20045959305768726
0,0,0.21436263042979242
0,0,0.19832676154757453
0,0,0.2102940131731017
0,0,0.18529632540325547
0,0,0.17424407548047305
0,0,0.18630450108503438
0,0,0.17655374593362602
0,0,0.17871847414715294
0,0,0.16605423165452873
0,0,0.16644295021685868
0,0,0.13767170508776472
0,0,0.12506439683586795
0,0,0.15925428025939475
0,0,0.151783110437358
0,0,0.16609155050342825
0,0,0.2098622496354281
0,0,0.1829370730836712
0,0,0.1913220845479899
0,0,0.18986629730906868
0,0,0.15945104509039207
0,0,0.14861638052144296
0,0,0.17395255041060345
0,0,0.18125283875959053
0,0,0.18512344544456621
0,0,0.1751132170732891
0,0,0.1950225153029789
0,0,0.21414968133778495
0,0,0.24267051785845026
0,0,0.15255885605980793
0,0,0.14916905015827117
0,0,0.229339731479986
0,0,0.20974750038119072
0,0,0.1904982218275787
0,0,0.22414896287160058
0,0,0.17022703586412236
0,0,0.15499659752433098
0,0,0.15304093107893854
0,0,0.20015631352862528
0,0,0.16039321689072658
0,0,0.1130589537376664
0,0,0.22668115148344536
0,0,0.1926115342714369
0,0,0.1850418269076162
0,0,0.26052918013662396
0,0,0.18968689686690365
0,0,0.1984972470448754
0,0,0.2090845544466282
0,0,0.1628506306661108
0,0,0.159130944903486
0,0,0.19637316681302142
0,0,0.1885380897476102
0,0,0.1750813353576904
0,0,0.19865305159098604
0,0,0.17522075737414317
0,0,0.17166336292415035
0,0,0.15008776891594408
0,0,0.17788488047576453
0,0,0.1870611660108565
0,0,0.17093776225478707
0,0,0.23325872377508491
0,0,0.2147669131334146
0,0,0.1978578247790562
0,0,0.18608265318435355
0,0,0.2162555341787777
0,0,0.14571922305616358
0,0,0.18951819951507393
0,0,0.240694740037932
0,0,0.2105889065961974
0,0,0.1541674727586657
0,0,0.1969741692435343
0,0,0.1934208114441037
0,0,0.15375961450859363
0,0,0.16872425608701117
0,0,0.204803333203596
0,0,0.1844576397653109
0,0,0.16699215588027683
0,0,0.2102497258172546
0,0,0.21665217760958863
0,0,0.20967318395111925
0,0,0.22470749374859922
0,0,0.2021611666707933
0,0,0.17944664831865015
0,0,0.22857388938439754
0,0,0.23291084862871803
0,0,0.16531064807001772
0,0,0.2215497038888336
0,0,0.17809296326165522
0,0,0.20554261050753397
0,0,0.21368320030209706
0,0,0.20125574514818204
0,0,0.1689536202253063
0,0,0.18740430894570484
0,0,0.1858834580722169
0,0,0.17110281800111807
0,0,0.1627626876984322
1,1,0.5772562912643499
1,1,0.57193510282151
1,1,0.594524069114371
1,1,0.6631526879204945
1,1,0.6700984443324575
1,1,0.6385149483656652
1,1,0.6113749234638076
1,1,0.5824750197653301
1,1,0.598374911776389
1,1,0.6026340285899596
1,1,0.6210203134977924
1,1,0.6446730093213149
1,1,0.672947909909191
1,1,0.634013446246747
1,1,0.6368284910287921
1,1,0.6349455665252124
1,1,0.5830696644479465
1,1,0.6384093382768811
1,1,0.6629418591800001
1,1,0.6449032634453685
1,1,0.6035736664571126
1,1,0.617213766574762
1,1,0.6196649556744611
1,0,0.48490291379283684
1,1,0.5201668238707473
1,1,0.5700771206823935
1,1,0.6144347654147114
1,1,0.6239154097863655
1,1,0.6799723568485327
1,1,0.6336430721146763
1,1,0.6916869616327429
1,1,0.6472084639405504
1,1,0.6737762088821401
1,1,0.6736517029708083
1,1,0.6653486158039338
1,1,0.7028909950415781
1,1,0.6843228946918262
1,1,0.6315361858671914
1,1,0.6193230837411489
1,1,0.6671098583339343
1,1,0.6552898229813003
1,1,0.6777699422267085
1,1,0.6714213443766915
1,1,0.6533077060281444
1,1,0.6433378713157686
1,1,0.6445967009403779
1,1,0.7173209454472755
1,1,0.6600960672824173
1,1,0.8536148284959155
1,1,0.8537045475942635
1,1,0.8411223036821309
1,1,0.8383731286326495
1,1,0.8453565192032333
1,1,0.860793688116971
1,1,0.8592890698718612
1,1,0.8422865467574486
1,1,0.8432524256530332
1,1,0.8420253322322848
1,1,0.8444793768103129
1,1,0.8524734056478178
1,1,0.8479411289185922
1,1,0.8089274145365977
1,1,0.7864532275094738
1,1,0.7846895115831933
1,1,0.8160016899651771
1,1,0.782052573850457
1,1,0.7908291638171754
1,1,0.7688097505039773
1,1,0.7769370872014862
1,1,0.5182217277724394
1,0,0.49359333829288454
1,1,0.6163635088194365
1,1,0.5540997073585525
1,1,0.6138180452948616
1,1,0.6803069690057364
1,1,0.6127306523520685
1,1,0.6429298570937276
1,1,0.6510161568914764
1,1,0.639157345698313
1,1,0.6887895558755177
1,1,0.7080298278791655
1,1,0.6536538207052272
1,1,0.639213780742189
1,1,0.6695339229018318
1,1,0.6453493882135882
1,1,0.6515232995044835
1,1,0.6268930285157919
1,1,0.6174461107231735
1,1,0.6540165478352621
1,1,0.6950696569137438
1,1,0.6881916006020888
1,1,0.7104208556652419
1,1,0.5873728420097859
1,1,0.5344637643883666
1,1,0.6229295554494763
1,1,0.6921339740238308
1,1,0.719971946209226
1,1,0.7048689389090137
1,1,0.63876753695417
1,1,0.6668451283669392
1,1,0.703417474410342
1,1,0.6650090650164748
1,1,0.6961194964776327
1,1,0.7622876273543016
1,1,0.8086805178023144
1,1,0.8259433569313722
1,1,0.8408990148530681
1,1,0.8495809694739491
1,1,0.8136611448444586
1,1,0.8067141581925421
1,1,0.80407067282105
1,1,0.7538675281858187
1,1,0.7628786841448243
1,1,0.8251041976689215
1,1,0.8166311306712732
0,0,0.19208662588965983
0,0,0.20402388550729164
0,0,0.20902714605121733
0,0,0.17662791187912005
0,0,0.23332231363408557
0,0,0.21294662048902335
0,0,0.20857460496060928
0,0,0.24409845173350259
0,0,0.22335910839511147
0,0,0.1716498334068819
0,0,0.15721657040971881
0,0,0.17880728256982079
0,0,0.17588786363526135
0,0,0.17234644907507948
0,0,0.18181683828533735
0,0,0.1943435377040963
0,0,0.1953304264894682
0,0,0.1913643087038085
0,0,0.18959055166926295
0,0,0.18120562278134514
0,0,0.150768334712873
0,0,0.17089934081709415
0,0,0.16280158809076448
0,0,0.17095007762462322
0,0,0.17634357751270663
0,0,0.16140904160954966
0,0,0.1823624295780749
0,0,0.17760809505415384
0,0,0.16610002026589776
0,0,0.16811458820509992
0,0,0.18156297252018258
0,0,0.20815837861968192
0,0,0.1884779825731969
0,0,0.19412582404235418
0,0,0.21424715300298838
0,0,0.20898179047857057
0,0,0.21937128487202665
0,0,0.20912927549911714
0,0,0.19185241191051844
0,0,0.161193116187059
0,0,0.17322439683874738
0,0,0.15084564353977684
0,0,0.1486033578005299
0,0,0.1691297598109115
0,0,0.17055068823162803
0,0,0.14526292982765732
0,0,0.16022556656698836
0,0,0.13934372857030675
0,0,0.14782809278482925
0,0,0.15166981231933846
0,0,0.15187617311020443
0,0,0.15711917028809277
0,0,0.16313867701585516
0,0,0.16338632852191598
0,0,0.14583629456115388
0,0,0.14516070783288776
0,0,0.14530707849538216
0,0,0.16394415754136804
0,0,0.18998012095398056
1,1,0.6043823626838509
1,1,0.5280192087799972
1,1,0.7315086161425906
1,1,0.6819407742033675
1,1,0.7137090594648834
1,1,0.728575706093795
1,1,0.6792387307488387
1,1,0.674100955568746
1,1,0.6938870076625127
1,1,0.69138193275271
1,1,0.686508001795691
1,1,0.7208816777572212
1,1,0.7085774865790558
1,1,0.7172987818577671
1,1,0.7127625024568536
1,1,0.6847682031532382
1,1,0.7098212645665498
1,1,0.6853278664390986
1,1,0.7054539803744251
1,1,0.7039316680969673
1,1,0.7154272147236592
1,1,0.6715938899792582
1,1,0.6748472475127357
1,1,0.644162774237059
1,1,0.6693986203417462
1,1,0.7068044809506999
1,1,0.6362638163430392
1,1,0.6605854099495088
1,1,0.6781590946187898
1,1,0.6767212342402013
1,1,0.6957665868772749
1,1,0.6837794035585523
1,1,0.7175919884982666
1,1,0.6956376741518079
1,1,0.6894208748198862
1,1,0.6699352768019142
1,1,0.6734762274426275
1,1,0.677934043418677
1,1,0.695844005213236
1,1,0.736464707618058
1,1,0.716780750615895
1,1,0.6820693412162521
1,1,0.6376101064823749
1,1,0.6645346182281098
1,1,0.7070979830621902
1,1,0.6809433048158692
1,0,0.20220717345988426
1,0,0.19020078455970904
1,0,0.17701175728395144
1,0,0.18731573979468266
1,0,0.13803734029226558
1,0,0.14637720592483838
1,0,0.1823004418740337
1,0,0.17672356377643608
1,0,0.18397173552550722
1,0,0.15904150910392065
1,0,0.1797183665428399
1,0,0.18991159307373123
1,0,0.17931909518741523
1,0,0.1783755792071327
1,0,0.17969054963909556
1,0,0.21836664389750648
1,0,0.127326502118677
1,0,0.14568506054114272
1,0,0.14398284091038527
1,0,0.17482114245568658
1,0,0.18914798071466132
1,0,0.19346095257827767
1,0,0.167686093097758
1,0,0.157520260409046
1,0,0.17720844277425582
1,0,0.1586872444912834
1,0,0.18261084591680002
1,0,0.21013983234475223
1,0,0.1979540824078228
1,0,0.27018173714169375
1,0,0.2538722120847721
1,0,0.23043092108549268
1,0,0.22290116913194857
1,0,0.19807637691096808
1,0,0.18358475102442223
1,0,0.19910700606655318
1,0,0.12277455030710634
1,0,0.13307117099721208
1,0,0.18656695785656097
1,0,0.1741890372634572
1,0,0.1314850452730538
1,0,0.15126878085409745
1,0,0.13992753034364866
1,0,0.15652270475703364
1,0,0.19277699738130227
1,0,0.21291404521704016
1,0,0.20669879832386923
1,0,0.20295940841101356
1,0,0.23185940849562606
1,0,0.22044729499882365
1,0,0.1894295491661032
1,0,0.13291062792482577
1,0,0.19425587600913885
1,0,0.1796900977010374
1,0,0.1884330576891896
1,0,0.17702561222218524
1,0,0.2038916417251082
1,0,0.21709363015663566
1,0,0.20497240929182264
1,0,0.22301167557262697
1,0,0.22353823587887864
1,0,0.20983138596918605
1,0,0.22206559436071846
1,0,0.1910561637156573
1,0,0.1712502098363579
1,0,0.1806474904012247
1,0,0.14547844608633068
1,0,0.1884492996226106
1,0,0.16675783503284333
1,0,0.14528147488380708
1,0,0.13645060323580063
1,0,0.184635064139833
1,0,0.16967207920836627
1,0,0.21398461695613627
1,0,0.1701419731477099
1,0,0.134345460893518
1,0,0.17462158496979388
1,0,0.17927978145967177
1,0,0.1737837810270574
1,0,0.1785114957814457
1,0,0.20101084155269455
1,0,0.1847660359979253
1,0,0.13955331065423882
1,0,0.17064485927627032
1,0,0.1617908050289602
1,0,0.19134327121229316
1,0,0.21583559215481432
1,0,0.23245094318958628
1,0,0.18374576262296238
1,0,0.1371550404690899
1,0,0.14227977710628661
1,0,0.14314489706213285
1,0,0.1658298944812634
1,0,0.18504519563338132
1,0,0.1623153582499541
1,0,0.12191356642847494
1,0,0.17275269388336617
1,0,0.17870258781504605
1,0,0.15425514834674345
1,0,0.1911690419082771
1,0,0.15946668589095994
1,0,0.20106277072400872
1,0,0.21717464427108793
1,0,0.1480576934261961
1,0,0.14234482261653203
1,0,0.15300328543457184
1,0,0.13261727645683286
1,0,0.1499868899838012
1,0,0.1857149638440331
1,0,0.18878968062475304
1,0,0.1715148996163251
1,0,0.1863996935078916
1,0,0.22077432830513682
1,0,0.24320824427742369
0,0,0.15691424388179268
0,0,0.18015875186806393
0,0,0.27301500291558894
0,0,0.23823316020915664
0,0,0.2629923463340528
0,0,0.27577408520110247
0,0,0.27933628243672737
0,0,0.28279809201810335
0,0,0.30385632073092117
0,0,0.27501278129928125
0,0,0.2655297438868972
0,0,0.2832098514642396
0,0,0.29664836616930246
0,0,0.2695287953201701
0,0,0.29874233174627485
0,0,0.3021969755787227
0,0,0.31759157775747004
0,0,0.3056345582079854
0,0,0.2948830251931934
0,0,0.26787686068974365
0,0,0.2338432267581595
0,0,0.2278121999738056
0,0,0.2510908724120974
0,0,0.18293728667089362
0,0,0.16188731490629021
0,0,0.18646336879970737
0,0,0.1768070494728742
0,0,0.1646281322047871
0,0,0.1773365547891005
0,0,0.20737871055153803
0,0,0.18214643406194075
0,0,0.19623988627589814
0,0,0.15337351372635066
0,0,0.15685977837215828
0,0,0.15812796566154677
0,0,0.20219531262221765
0,0,0.16142850022208907
0,0,0.1551234889343786
0,0,0.17169549664822223
0,0,0.1796400518143579
0,0,0.18397108790435263
0,0,0.1679144635340662
0,0,0.20079531799091313
0,0,0.1731594096118733
0,0,0.17794173929409143
0,0,0.14259611502349662
0,0,0.12509643829071523
0,0,0.14934861259620869
0,0,0.1495167045289058
0,0,0.17639805340942857
0,0,0.14923329253892847
0,0,0.1922972094656371
0,0,0.19312415772722036
0,0,0.19145390745480018
0,0,0.1851823838693451
0,0,0.16813389858948366
0,0,0.18781794563700102
0,0,0.18505915814713508
0,0,0.18249554472737098
0,0,0.18489140588648528
0,0,0.17317407030423237
0,0,0.20317832463343172
0,0,0.16260840598396623
0,0,0.18463249289776987
0,0,0.1861737882640873
0,0,0.17986985912434178
0,0,0.20563611804509282
0,0,0.2023890130038253
0,0,0.16428619292920132
0,0,0.1837776937594181
0,0,0.22608081609648914
0,0,0.19364034363073698
0,0,0.17945090061454927
0,0,0.18539962935668997
0,0,0.16601069880785796
0,0,0.18536120447463003
0,0,0.14511878425229235
0,0,0.1721828339257908
0,0,0.19112390025348647
0,0,0.16349777940157698
0,0,0.14398029243915375
0,0,0.13662824968317333
0,0,0.17640168411591828
0,0,0.15653925518181994
0,0,0.15648409927587692
0,0,0.1357596272981114
0,0,0.162636944717589
0,0,0.2040368239534726
0,0,0.14132757059609613
0,0,0.11926190773991477
0,0,0.136447015939805
0,0,0.1736210273013804
0,0,0.1346195852831918
0,0,0.14520375534219368
0,1,0.5719085548387692
0,1,0.6452618332879885
0,1,0.6156844337264793
0,1,0.59543473818349
0,1,0.5712571219562403
0,1,0.6106945164774558
0,1,0.5704896711195262
0,1,0.6243656907828391
0,1,0.5881454041540848
0,1,0.5995614701057278
0,1,0.6535125039886328
0,1,0.6186925796594421
0,1,0.5825071561332311
0,1,0.6207212726684159
0,1,0.6549702860181462
0,1,0.7039591045387894
0,1,0.7017576129868182
0,1,0.6966794138765069
0,1,0.6224953899176507
0,1,0.6115930970896368
0,1,0.6009871220887928
0,1,0.6308521758606491
0,1,0.6206947538366814
0,1,0.7624709943382803
0,1,0.7515265736301606
0,1,0.7867981182395141
0,1,0.7946281337156493
0,1,0.7712973429129798
0,1,0.8069442461846417
0,1,0.8190464860825243
0,1,0.7548159086725776
0,1,0.7897554088297194
0,1,0.7510624771628277
0,1,0.7874534667709219
0,1,0.787981242231125
0,1,0.7846141907797634
0,1,0.8146456870589889
0,1,0.7870937771799408
0,1,0.7840468258884401
0,1,0.7918893024569048
0,1,0.7875644150109855
0,1,0.8434992228220557
0,1,0.8184467126901255
0,1,0.7714797524433642
0,1,0.7923736047565815
0,1,0.8325393123874645
1,1,0.7639808542579419
1,1,0.7543656170133878
1,1,0.7553133789543596
1,1,0.772911733641761
1,1,0.7952695218595486
1,1,0.7876043699754214
1,1,0.8096310293433399
1,1,0.7860814833590556
1,1,0.7684938472188398
1,1,0.7261436304867983
1,1,0.7251996591279425
1,1,0.70387905528218
1,1,0.6885336166722615
1,1,0.7475119264592746
1,1,0.7228432241251747
1,1,0.751273674782638
1,1,0.7482256261211642
1,1,0.7479133704832438
1,1,0.754403896524586
1,1,0.7294808893572465
1,1,0.7461500006019597
1,1,0.7350944423686332
1,1,0.657844172160488
0,1,0.8404745517401706
0,1,0.7876594861847136
0,1,0.7970502951356028
0,1,0.7761281101893855
0,1,0.8513722471822398
0,1,0.853481581282466
0,1,0.8527891992197502
0,1,0.8530798106427839
0,1,0.8288799436502632
0,1,0.855534854575982
0,1,0.85366663094114
0,1,0.8624117529144196
0,1,0.7996161112139812
0,1,0.7878395133160371
0,1,0.7810289839087028
0,1,0.7842774295407072
0,1,0.7660233461324036
0,1,0.749617886037577
0,1,0.7664990795274832
0,1,0.8019089772455769
0,1,0.8508914158769391
0,1,0.8215125547599748
0,1,0.689893056474236
1,1,0.7707491930266888
1,1,0.791137755109716
1,1,0.7890486661823287
1,1,0.7936264092529519
1,1,0.826528397980985
1,1,0.8022364480129611
1,1,0.7725575620011785
1,1,0.8141201452873743
1,1,0.7952297063761569
1,1,0.7806758738413742
1,1,0.786481983040608
1,1,0.7830554125281721
1,1,0.7961149511018261
1,1,0.8233977531846793
1,1,0.8334668295024115
1,1,0.85698767418795
1,1,0.854925363306137
1,1,0.8260105182506918
1,1,0.8086359140432542
1,1,0.8179928286483551
1,1,0.8537985795678845
1,1,0.8098236753315576
1,1,0.8165771664727314
0,0,0.164926373460177
0,0,0.2231295121859221
0,0,0.20256591764730725
0,0,0.2285227743349857
0,0,0.18450216364647973
0,0,0.19647377497081314
0,0,0.1729516038214026
0,0,0.14758133314442567
0,0,0.1760116207769019
0,0,0.17010886857251462
0,0,0.16550330236242963
0,0,0.17467233714179325
0,0,0.1864983339311974
0,0,0.19901934164176668
0,0,0.20964991330153648
0,0,0.17398378717488316
0,0,0.1561537435307996
0,0,0.16057845646895788
0,0,0.16178251650572917
0,0,0.13838477778830527
0,0,0.14857239961767585
0,0,0.15044369207736888
0,0,0.17185370716645337
0,0,0.1259526456099593
0,0,0.14126330777610238
0,0,0.11881695061182077
0,0,0.15211286151154269
0,0,0.17544248763748224
0,0,0.20281033344389518
0,0,0.17598822258228103
0,0,0.20015668299613804
0,0,0.19982107067605245
0,0,0.19497767764164842
0,0,0.18874971011015404
0,0,0.14642114349672677
0,0,0.15095969470140488
0,0,0.19019195559402197
0,0,0.14459535847878835
0,0,0.13286490594005346
0,0,0.15121669273981583
0,0,0.13198417055158934
0,0,0.13615663414371956
0,0,0.10309272068390239
0,0,0.13043075056710327
0,0,0.1345428568115807
0,0,0.1302429623349243
0,0,0.1426499893122093
0,0,0.12682817538182845
0,0,0.13220043577046406
0,0,0.11028001813448501
0,0,0.13445012412741045
0,0,0.12713925404553167
0,0,0.12132885060965956
0,0,0.12355373702053543
0,0,0.18837348875913634
0,0,0.13820758611912348
0,0,0.13184803267673798
0,0,0.14215434649227268
0,0,0.1433818044884899
0,1,0.8336940537333778
0,1,0.8411085823304092
0,1,0.8234961006500677
0,1,0.8455507028018282
0,1,0.8346127820845319
0,1,0.8364340687831942
0,1,0.834963305730835
0,1,0.8309401827975205
0,1,0.8362284005716154
0,1,0.8255904471971054
0,1,0.8273819466110421
0,1,0.8266993285272187
0,1,0.8455122750844507
0,1,0.8464488912279832
0,1,0.8451071935083736
0,1,0.857852171083068
0,1,0.8663740068004542
0,1,0.8685257013089455
0,1,0.7964829312344915
0,1,0.7892394576542188
0,1,0.7582626206899712
0,1,0.7670494018922577
0,1,0.7654174500094325
1,1,0.7935480818522817
1,1,0.7820954417108865
1,1,0.7879889697076611
1,1,0.7764482809775471
1,1,0.7767161313918094
1,1,0.8103395633041122
1,1,0.8250459821419579
1,1,0.8399096770011731
1,1,0.8217016428205288
1,1,0.823771572291475
1,1,0.8507497775199248
1,1,0.8181144757077131
1,1,0.8096587750898907
1,1,0.7779083571017276
1,1,0.7991549035828368
1,1,0.8138797486686465
1,1,0.7887970890499651
1,1,0.7844036718853411
1,1,0.7867179796007943
1,1,0.7874894320461778
1,1,0.7909679655696726
1,1,0.7732900609277564
1,1,0.8031301297859629
0,0,0.28002666024361367
0,0,0.2563578694628654
0,0,0.25290129265913075
0,0,0.28180640909948823
0,0,0.31945227487671324
0,0,0.26905646763971597
0,0,0.2574207731233213
0,0,0.269662166622638
0,0,0.28246436432112565
0,0,0.2849243800805565
0,0,0.3247990761473264
0,0,0.32517932995754706
0,0,0.26148263865796745
0,0,0.23814754967517923
0,0,0.2243206095727546
0,0,0.2367468273978557
0,0,0.2710031172194045
0,0,0.252850615656358
0,0,0.25245841315858586
0,0,0.2464086236014297
0,0,0.22474726108140494
0,0,0.24746644645066573
0,0,0.26219433037710277
0,0,0.23994445227297057
0,0,0.24537101174414844
0,0,0.18742827495149683
0,0,0.1971337009806425
0,0,0.20408946277334702
0,0,0.21037416377381293
0,0,0.2184604399368814
0,0,0.21429303813155318
0,0,0.2216927113763133
0,0,0.23986580284563316
0,0,0.24269818503076743
0,0,0.2237232654950947
0,0,0.22652466488623907
0,0,0.2461561932735061
0,0,0.22748131168749736
0,0,0.21981832581781952
0,0,0.21536184925480611
0,0,0.22473016644133462
0,0,0.21262156389164624
0,0,0.22446265677715455
0,0,0.24270144783646563
0,0,0.23094320599053014
0,0,0.22225830457699047
0,0,0.20215823468412572
0,0,0.20274323675098446
0,0,0.1853065058716635
0,0,0.2000656849591869
0,0,0.17318241414546648
0,0,0.17349129959289145
0,0,0.20070579408147346
0,0,0.19250484004302026
0,0,0.15922534044213743
0,0,0.1922580454335063
0,0,0.20316801754820357
0,0,0.18692475587919297
0,0,0.22200434135900313
0,0,0.19053405515269226
0,0,0.2066642695542299
0,0,0.20288002117774487
0,0,0.2218881700443711
0,0,0.24690404090120424
0,0,0.23677371514940057
0,0,0.2363503532924079
0,0,0.20551169045402548
0,0,0.18940148923722913
0,0,0.20575043832358453
0,0,0.19922283554127365
0,0,0.1975566307748258
0,0,0.1978791329177817
0,0,0.19051736710575198
0,0,0.19900453604159016
0,0,0.22540153889259149
0,0,0.2181808869633184
0,0,0.19851858186428553
0,0,0.19894005749412805
0,0,0.22346689332885397
0,0,0.2248419319286248
0,0,0.21929033983527355
0,0,0.19743034819381816
0,0,0.21083843148989626
0,0,0.20448239318032826
0,0,0.20818725642103594
0,0,0.16191320110564061
0,0,0.21501786790632324
0,0,0.2155614359727451
0,0,0.23492784875995032
0,0,0.2401363930426934
0,0,0.24439091465595916
0,0,0.2330652640407237
0,0,0.23664388111574466
0,0,0.21306481931314292
0,0,0.2046965943337332
0,0,0.2199656505254907
0,0,0.20344573306589175
0,0,0.21115761517811482
0,0,0.22821310540497453
0,0,0.22526344596305037
0,0,0.21705535511746965
0,0,0.21921200696222098
0,0,0.20039305953761277
0,0,0.20975260800239837
0,0,0.2075813384166014
0,0,0.20240509625183387
0,0,0.1669811104350355
0,0,0.18369717637255353
0,0,0.20135892497163735
0,0,0.1934713153403563
0,0,0.16344559462677666
0,0,0.18887231760412249
0,0,0.20419174445309707
0,0,0.18301370468721165
0,0,0.265399355612684
0,0,0.3008781662495056
0,0,0.2984966853511876
0,0,0.32264760994011804
0,0,0.2800066961315859
0,0,0.24587352966871495
0,0,0.2095485383268155
0,0,0.20311527688683115
0,0,0.2562591936966097
0,0,0.27845015893789044
0,0,0.248697667963536
0,0,0.27633918192826656
0,0,0.3525714542311013
0,0,0.2866827524039556
0,0,0.26898216907274514
0,0,0.26867672603244014
0,0,0.21560724341045592
0,0,0.1987064983887744
0,0,0.21508639014995154
0,0,0.2403394094637569
0,0,0.2223790715384947
0,0,0.22019567009553975
0,0,0.23496075057869129
0,0,0.24676189866603435
0,0,0.2291413276738062
0,0,0.19995257593192947
0,0,0.20410738128952807
0,0,0.21692047853031238
0,0,0.20961410947526177
0,0,0.15487007692902982
0,0,0.14421267250192366
0,0,0.17854449705077596
0,0,0.15401701666721393
0,0,0.13568124552120656
0,0,0.13439449585634647
0,0,0.17750555737795065
0,0,0.20290127901374533
0,0,0.17373828886025308
0,0,0.13691258866432868
0,0,0.1326031040622605
0,0,0.1328138955961158
0,0,0.18584392792148555
0,0,0.16461623358923702
0,0,0.1201821631723917
0,0,0.12203472810910762
0,0,0.11281109505514979
0,0,0.1692019119674769
0,0,0.10914173633108015
0,0,0.12338417132959402
0,0,0.1626274320441865
0,0,0.20374020244504237
0,0,0.2145198407991771
0,0,0.2407596800011792
0,0,0.33672512602431326
0,0,0.24938243273575048
0,0,0.25132421868807137
0,0,0.2475730061795246
0,0,0.2518056589166233
0,0,0.24928994986610395
0,0,0.14800748604912212
0,0,0.17890292900812974
0,0,0.15892256502286964
0,0,0.17375139416502386
0,0,0.1970399798055924
0,0,0.20169102649001489
0,0,0.20083678099236402
0,0,0.17652906218048847
0,0,0.21408654579390898
0,0,0.20739607646310063
0,0,0.28214278683245503
0,0,0.31589326734045714
0,0,0.2598439968551224
0,0,0.28657385765020504
0,0,0.2803311017038885
0,0,0.27307342860805767
0,0,0.27008523299957254
0,0,0.26835901999147294
0,0,0.31700076927164456
0,0,0.33489057313606324
0,0,0.2872530952864813
0,0,0.30242682310258373
0,0,0.29825882855494595
0,0,0.2973091066967753
0,0,0.2819381806717523
0,0,0.2756354293847955
0,0,0.3140704960999286
0,0,0.26377334462255086
0,0,0.2234121679828524
0,0,0.24455826467817574
0,0,0.24543023403838782
0,0,0.2660885005126874
0,0,0.22248094134179466
0,0,0.23286929665325473
0,0,0.25529244357236514
1,1,0.90763028983203
1,1,0.8983908588423904
1,1,0.903570545509869
1,1,0.8924938817507574
1,1,0.8732976879236095
1,1,0.8811452586792872
1,1,0.9004968857218414
1,1,0.8953192233818187
1,1,0.8826815362571934
1,1,0.8944213397814932
1,1,0.8994136871422075
1,1,0.8755680789362752
1,1,0.8707532749291489
1,1,0.8915120210398437
1,1,0.893502596541682
1,1,0.9027480618825262
1,1,0.9012351822065964
1,1,0.8766861097279519
1,1,0.8870325750383511
1,1,0.8896948435646317
1,1,0.8396444982027256
1,1,0.8696945639586289
1,1,0.8896030481164953
1,1,0.9025976604472773
1,1,0.8887325383935124
1,1,0.872441709124676
1,1,0.8945513344119624
1,1,0.8707195907018002
1,1,0.8807540872360181
1,1,0.9099298702664933
1,1,0.8795014711184657
1,1,0.8883161046506186
1,1,0.8666233210202299
1,1,0.8648660678333867
1,1,0.8835932109671901
1,1,0.8873727696580151
1,1,0.862882824807508
1,1,0.8641186835418957
1,1,0.8674822580178373
1,1,0.8087973892795385
1,1,0.8188748894228628
1,1,0.7979707602202757
1,1,0.7746970589584287
1,1,0.8509765753938103
1,1,0.8674538135543375
1,1,0.8155432316923635
1,1,0.901045862610024
1,1,0.8802772100745802
1,1,0.8687113978118929
1,1,0.8379865540514452
1,1,0.8701549325055961
1,1,0.8569119050873732
1,1,0.8597282803156334
1,1,0.8498139558672244
1,1,0.8737120608178056
1,1,0.8629393747784541
1,1,0.8768699057294448
1,1,0.8305668095010439
1,1,0.8691215547267341
1,1,0.8459887965334174
1,1,0.8839729446671079
1,1,0.8805364020268159
1,1,0.8840800047990324
1,1,0.9096659126909953
1,1,0.884628212648949
1,1,0.9074726520507954
1,1,0.8988086597455553
1,1,0.810318862557121
1,1,0.8492220035075821
1,1,0.8907574927537465
1,1,0.8989625473864029
1,1,0.9016079344346448
1,1,0.8658626173640519
1,1,0.8813382366123433
1,1,0.8827864367458012
1,1,0.8703268261270122
1,1,0.8798646280827418
1,1,0.8369144749590913
1,1,0.8566431570625553
1,1,0.860882986931764
1,1,0.8661402884181946
1,1,0.861340281180909
1,1,0.8653623225014678
1,1,0.8493070388642756
1,1,0.861355172997675
1,1,0.8806158029737645
1,1,0.8677420949278392
1,1,0.8633124674053111
1,1,0.8658495838399984
1,1,0.8801063111820785
1,1,0.8674291268263313
1,1,0.8479607223505451
1,1,0.8466341924186733
1,1,0.8305623257755846
1,1,0.8078260226702824
1,1,0.8039014200083052
1,1,0.7970877285908899
1,1,0.8075016283662593
1,1,0.7975839747944271
1,1,0.8016220549623077
1,1,0.7963265924170778
1,1,0.8355468053790198
1,1,0.8472782881662352
1,1,0.7856825905142748
1,1,0.7877212734833005
1,1,0.8378570104834067
1,1,0.8530186927299809
1,1,0.8408851658819448
1,1,0.825766409604547
1,1,0.7889010573179291
1,1,0.8373035863609313
1,1,0.8486322484003226
1,1,0.8164639657587947
1,1,0.8155541884958485
1,1,0.803475615214552
0,0,0.28484338584562213
0,0,0.2537941778472783
0,0,0.26736067182817785
0,0,0.25091612518006334
0,0,0.24014429022732758
0,0,0.2704315866279664
0,0,0.3007006349246469
0,0,0.2856478268494856
0,0,0.2743149274068195
0,0,0.27622421647464823
0,0,0.24670976835624114
0,0,0.26742830573661375
0,0,0.27023288507525867
0,0,0.27484751115487205
0,0,0.2873889545202605
0,0,0.2944785578156348
0,0,0.27786564322499613
0,0,0.2697175462722308
0,0,0.28312149471655906
0,0,0.2923994959198502
0,0,0.289271751580041
0,0,0.28580695186918315
0,0,0.3021424526461718
0,0,0.31912508107439963
0,0,0.2794445028721528
0,0,0.2754197564561125
0,0,0.2797113478271338
0,0,0.26550128272804313
0,0,0.29145166369139375
0,0,0.3280805393913784
0,0,0.28179215823647785
0,0,0.2792766899916242
0,0,0.28675630314393824
0,0,0.27432971927186495
0,0,0.2680078639540613
0,0,0.2822650196916635
0,0,0.30862803766361885
0,0,0.25860538511692704
0,0,0.2759861533133603
0,0,0.2811672087328965
0,0,0.2902563919699396
0,0,0.29597144085718663
0,0,0.29242575417115424
0,0,0.2605825345564717
0,0,0.262655853138558
0,0,0.2884660549277677
0,0,0.2815421548123702
0,0,0.2888811380337694
0,0,0.2948695233761722
0,0,0.2779483087344204
0,0,0.28912796427821935
0,0,0.2863165095321132
0,0,0.31571127390977227
0,0,0.28090137983158375
0,0,0.30451586060880903
0,0,0.28271082559934635
0,0,0.2962004789662977
0,0,0.3114806093291615
0,0,0.3053646935701197
1,1,0.8770154826975813
1,1,0.8350026427149845
1,1,0.8244935073964288
1,1,0.8728511009204668
1,1,0.8667688264292223
1,1,0.8928393383160801
1,1,0.8286079062632759
1,1,0.8363819309104263
1,1,0.8844255650275368
1,1,0.8683373684204018
1,1,0.891374943103823
1,1,0.8965514516748027
1,1,0.894527358257809
1,1,0.86994840288611
1,1,0.9098271827237201
1,1,0.9097411575336517
1,1,0.8927543379109596
1,1,0.8755859479237322
1,1,0.8873472015431727
1,1,0.8984156960778392
1,1,0.8824814188795209
1,1,0.8645062327734617
1,1,0.8415151339843348
1,1,0.880983338904289
1,1,0.8576959866930857
1,1,0.8644490510305897
1,1,0.8729861988935219
1,1,0.8413795394482968
1,1,0.8158254433678563
1,1,0.803429113890317
1,1,0.8053648819499754
1,1,0.7935541224385303
1,1,0.7923019287668299
1,1,0.806667203993741
1,1,0.8439853520194747
1,1,0.8046946669025056
1,1,0.7825808512971733
1,1,0.7837626906942853
1,1,0.8012874579707251
1,1,0.8035879529577555
1,1,0.7972161092934416
1,1,0.7964832343371807
1,1,0.8128942148281573
1,1,0.7895193988973258
1,1,0.8205125393620456
1,1,0.7898570178119919
0,0,0.2593754261164791
0,0,0.25407643010404757
0,0,0.22339388289085413
0,0,0.2696789631280201
0,0,0.24633111405473584
0,0,0.25372631301334464
0,0,0.2960801657995877
0,0,0.3008089508570652
0,0,0.32609525117919214
0,0,0.24970558768165105
0,0,0.22195570420681232
0,0,0.20517851086901603
0,0,0.2442801047018586
0,0,0.32356424993536337
0,0,0.30491012648522064
0,0,0.2930433202153143
0,0,0.31678657206658256
0,0,0.2646337712396338
0,0,0.2228701645588809
0,0,0.23085870514301818
0,0,0.21119605849779355
0,0,0.19100395299944378
0,0,0.184466460603473
0,0,0.19602080291628599
0,0,0.18687360783738519
0,0,0.1986877045238936
0,0,0.21295536276829594
0,0,0.21072541643127532
0,0,0.21093100221341024
0,0,0.24733751286680036
0,0,0.24630604792060593
0,0,0.23282349422149706
0,0,0.22531191797404118
0,0,0.2189110740027023
0,0,0.23780983596468908
0,0,0.23653234625201958
0,0,0.218346202174441
0,0,0.2149918946346774
0,0,0.20583230562627147
0,0,0.23486969090522655
0,0,0.21272379398965702
0,0,0.21906822106360868
0,0,0.22657317102658314
0,0,0.20159520199101957
0,0,0.2249146235027424
0,0,0.22865170939052148
0,0,0.21613958680268397
0,0,0.22763654985751994
0,0,0.22265950656837316
0,0,0.2199144867191761
0,0,0.2424976892697712
0,0,0.24127356682518322
0,0,0.23473758216366922
0,0,0.262336618650795
0,0,0.23119643818194166
0,0,0.21885182480119364
0,0,0.23225140704993064
0,0,0.20804763824941905
0,0,0.20740442231201586
0,0,0.20062762973419646
0,0,0.23500622022218387
0,0,0.24317625116027766
0,0,0.2587313717202678
0,0,0.23162586813746697
0,0,0.2397937639150603
0,0,0.2519166014387395
0,0,0.2509907505041663
0,0,0.2579872916897846
1,0,0.1820125912429709
1,0,0.15582900437028407
1,0,0.1624609714019871
1,0,0.17250603949515933
1,0,0.19326650472108123
1,0,0.1669411807732672
1,0,0.16562266046841248
1,0,0.1901532458362993
1,0,0.21410544756374353
1,0,0.20136475386699831
1,0,0.20501577435580465
1,0,0.20821127258497413
1,0,0.21972698508298155
1,0,0.2529640865607061
1,0,0.24218711391956052
1,0,0.271931415544566
1,0,0.3034244740136297
1,0,0.2664219954276747
1,0,0.27379961270922093
1,0,0.253892086563099
1,0,0.24328554056692478
1,0,0.23367019429824815
1,0,0.23474123707515027
1,0,0.257006035936462
1,0,0.26334492737392906
1,0,0.24188523274681917
1,0,0.18893317719577027
1,0,0.19629398141248303
1,0,0.2702664381192288
1,0,0.27617613487233067
1,0,0.2803105171847292
1,0,0.2836165809082001
1,0,0.263427865353417
1,0,0.26097057932791673
1,0,0.2849167649614994
1,0,0.2586087618752407
1,0,0.2956032326092612
1,0,0.2959729715375509
1,0,0.2810456200611814
1,0,0.29695567556221514
1,0,0.28880148063350114
1,0,0.27276309814528854
1,0,0.2621927587922706
1,0,0.2616333291456866
1,0,0.30088674784058606
1,0,0.305009491528696
0,0,0.1883189393795519
0,0,0.21436523998669504
0,0,0.19520014897234897
0,0,0.23443896023084057
0,0,0.21703587976967012
0,0,0.20891474988545228
0,0,0.24290470129046415
0,0,0.25975272514104936
0,0,0.20151473743114745
0,0,0.21685720155665436
0,0,0.20153971518924624
0,0,0.19292404173938332
0,0,0.17436649426368153
0,0,0.16783529227108318
0,0,0.17213471047360443
0,0,0.15884628482342655
0,0,0.16061045925689008
0,0,0.1555400223007466
0,0,0.22137386043792037
0,0,0.21175828806463023
0,0,0.16401747653174908
0,0,0.1216945328263525
0,0,0.18891702390681975
0,0,0.21439131737085274
0,0,0.19627794755165978
0,0,0.2274187333327304
0,0,0.22464869659413547
0,0,0.19305061175651225
0,0,0.22326558225362297
0,0,0.20702552816308586
0,0,0.22993104075602552
0,0,0.23493174046644605
0,0,0.2301579427458866
0,0,0.19520839457057945
0,0,0.20896825192032623
0,0,0.18352324126026612
0,0,0.20992531365871941
0,0,0.17242795369194816
0,0,0.2048143729728986
0,0,0.20122379279145763
0,0,0.1984774617994757
0,0,0.17941610828506008
0,0,0.17312579994553687
0,0,0.21179674878057514
0,0,0.20573338469613695
0,0,0.19893851570889207
0,0,0.16343338884838154
0,0,0.19609023960012206
0,0,0.2157256504431406
0,0,0.2017975432552731
0,0,0.17651846620799386
0,0,0.1767010064682997
0,0,0.16814334038740736
0,0,0.20363235989484124
0,0,0.19849204497066725
0,0,0.19040910332048003
0,0,0.18484525576482272
0,0,0.15559687291830213
0,0,0.13537408005800158
0,0,0.19292214802038696
0,0,0.2191393927205249
0,0,0.14370713005335917
0,0,0.1276979382190822
0,0,0.19923785668494148
0,0,0.23412443475783365
0,0,0.15391717771356261
0,0,0.12323315918923441
0,0,0.19532599809120327
0,0,0.21213450829002325
0,0,0.1709889252146552
0,0,0.15229814892551555
0,0,0.1846684825286305
0,0,0.172474956115077
0,0,0.19224459895456242
0,0,0.18397800170840312
0,0,0.21982669007485017
0,0,0.20187077962550304
0,0,0.16942310104025826
0,0,0.13449897579842154
0,0,0.15237672048020892
0,0,0.16587178436397512
0,0,0.15698210137222945
0,0,0.1386639013509886
0,0,0.15407955939092174
0,0,0.15713073036537095
0,0,0.16793609263301804
0,0,0.16061538314220378
0,0,0.15787647320674128
0,0,0.16226662652317383
0,0,0.13147120480945146
0,0,0.16609659440339977
0,0,0.17228601667515026
0,0,0.15789655208845113
0,0,0.14102055550451822
1,0,0.4808348969716594
1,0,0.440616551900217
1,1,0.704213247289617
1,1,0.6432710447396356
1,0,0.49924715530220937
1,1,0.6645641423084773
1,1,0.6694552366235765
1,1,0.5528313729552222
1,1,0.559845646230744
1,1,0.5202166376871689
1,1,0.5223777511831545
1,1,0.5262527221630928
1,1,0.5126852678766965
1,0,0.48464840794951414
1,0,0.49665493485556184
1,1,0.5037669448708039
1,0,0.464437919527669
1,0,0.48652763760026696
1,0,0.4883246716498653
1,1,0.512307442079635
1,0,0.48953920268214796
1,0,0.4131227092339546
1,0,0.4956301853770835
1,1,0.7171772324716723
1,1,0.7620937521013389
1,1,0.7752931928432847
1,1,0.8125084612207766
1,1,0.7018862073981166
1,1,0.6109708673578202
1,1,0.5473807340049602
1,1,0.7528547476804254
1,1,0.8416821653351281
1,1,0.7591901328703119
1,1,0.7539644980397705
1,1,0.7400037436240402
1,1,0.7397256821902388
1,1,0.7710656596778407
1,1,0.8159269835531857
1,1,0.8171507337189461
1,1,0.8051128829600905
1,1,0.7866812770652963
1,1,0.7529362724860782
1,1,0.728538793752291
1,1,0.793637873577781
1,1,0.788031152798331
1,1,0.8067224596012882
1,1,0.7857623505018005
1,1,0.7847514981503119
1,1,0.8083974056011068
1,1,0.7852858455724914
1,1,0.7751682318657293
1,1,0.7618150423080917
1,1,0.7961047197511063
1,1,0.8001714748973362
1,1,0.7937925198593214
1,1,0.7882594866609253
1,1,0.822725316619968
1,1,0.8354678253968989
1,1,0.7520460154016841
1,1,0.7601954213137262
1,1,0.745873172922444
1,1,0.7612820816557335
1,1,0.8140909923362526
1,1,0.819071431549027
1,1,0.795555684538775
1,1,0.7860630932210497
1,1,0.7476506046119994
1,1,0.6527191181677107
1,1,0.5311476822207868
1,1,0.7261908300855806
1,1,0.7665001235561898
1,1,0.7507436830331803
1,1,0.7559359747364396
1,1,0.7694083517907535
1,1,0.7780583765786973
1,1,0.7326813382161297
1,1,0.6361409412135329
1,1,0.5308598690298111
1,1,0.5532526794229382
1,1,0.6805445583713131
1,1,0.6880770613825394
1,1,0.5974249997299267
1,1,0.5880185307505426
1,1,0.6667796329674013
1,1,0.6308052105189701
1,1,0.688347343660282
1,1,0.7198098206268095
1,1,0.7377975689358167
1,1,0.747656284066527
1,1,0.6439747207673875
1,0,0.44403567621406614
1,1,0.6864232820462856
1,1,0.7763005636170212
1,1,0.7821395074382447
1,1,0.7350778989920239
1,1,0.7289152698560771
1,1,0.7883079244815439
1,1,0.7815854250073443
1,1,0.7502771382218494
1,1,0.799987030471232
1,1,0.8514931517084551
1,1,0.8200655197649919
1,1,0.8440448506647279
1,1,0.8125855581852551
1,1,0.8496507517352424
1,1,0.8580327986097815
1,1,0.7757504524155603
1,1,0.7374740532078835
1,1,0.6967394718703293
1,1,0.7381076210471521
1,1,0.7781948617588299
1,1,0.797202730752964
1,1,0.7574649929793853
1,1,0.7689533902106657
1,1,0.7421201516798144
0,0,0.18585308901501263
0,0,0.19327117913740263
0,0,0.13330100245039214
0,0,0.10456112615795429
0,0,0.15631482437961078
0,0,0.1663690981624504
0,0,0.15128305448097967
0,0,0.10377138438425276
0,0,0.08005683181681388
0,0,0.07029777751001416
0,0,0.09318061411293939
0,0,0.10377975040148231
0,0,0.11780569660016325
0,0,0.11517886498230932
0,0,0.1291022877744882
0,0,0.1272887992694901
0,0,0.13492338071114796
0,0,0.15745396086190358
0,0,0.0955832156794474
0,0,0.1405496664442125
0,0,0.17753143420062478
0,0,0.146887364161833
0,0,0.12715966025292855
0,0,0.14310207969113914
0,0,0.14272323175789356
0,0,0.13104229320134914
0,0,0.1564113963293884
0,0,0.12936880737645182
0,0,0.10011511214927289
0,0,0.09989155672789574
0,0,0.09226420037448607
0,0,0.1598485438267239
0,0,0.12377602482604713
0,0,0.08435808407010882
0,0,0.0739047205089137
0,0,0.07789186691311166
0,0,0.08853381750825774
0,0,0.09403881284775352
0,0,0.08020402935126784
0,0,0.13568839141381647
0,0,0.11917562436339671
0,0,0.15102219088530952
0,0,0.17513577946620099
0,0,0.14543043759352955
0,0,0.16259696052126527
0,0,0.13867296707162033
0,0,0.13100878888371587
0,0,0.1418794792890009
0,0,0.14089012989298438
0,0,0.11499049689511652
0,0,0.1334518338566056
0,0,0.12532613164043818
0,0,0.0973793548683699
0,0,0.08702317059708133
0,0,0.11840543958300934
0,0,0.10345173087416917
0,0,0.12141528963181092
0,0,0.12941123183516948
0,0,0.15317839827635338
1,1,0.7837012833597157
1,1,0.78890878467802
1,1,0.7726047581653465
1,1,0.8254333422671037
1,1,0.819983523813325
1,1,0.7814065425372121
1,1,0.7776441726815599
1,1,0.7545531953188654
1,1,0.8305203908268737
1,1,0.8597448177322701
1,1,0.8600510204564823
1,1,0.8273424085454425
1,1,0.8300803214185355
1,1,0.8667603179151943
1,1,0.8094511342518976
1,1,0.7963561892103819
1,1,0.887121705475956
1,1,0.8454286682905311
1,1,0.8330096904007803
1,1,0.8826365413051707
1,1,0.7980449245096599
1,1,0.7324975546926589
1,1,0.6863712567007599
1,1,0.7787370928515702
1,1,0.778960907774664
1,1,0.7867701517678168
1,1,0.6974039064619187
1,1,0.6481421903486165
1,1,0.588637480816168
1,1,0.7301208639240161
1,1,0.7652707246448943
1,1,0.7316257004839057
1,1,0.8096779869824937
1,1,0.7149247082445512
1,1,0.6940432288451924
1,1,0.5704971202975198
1,1,0.6144576933554393
1,1,0.66710300511718
1,1,0.7716288965619895
1,1,0.802076643238953
1,1,0.8089134825603435
1,1,0.72813700580187
1,1,0.7736161740175147
1,1,0.7505116637230423
1,1,0.8294163321897731
1,1,0.7081223266147765
0,0,0.16295904068821312
0,0,0.1626121720430973
0,0,0.23060108361915496
0,0,0.19807461617834185
0,0,0.1913591891683856
0,0,0.2122597545142937
0,0,0.22335260320361536
0,0,0.22526327043357494
0,0,0.2332766359815485
0,0,0.20342551598139752
0,0,0.21751301492899053
0,0,0.21912635130927322
0,0,0.20455756755514576
0,0,0.254110732965931
0,0,0.23542064694839243
0,0,0.22071988394452213
0,0,0.21685138797148962
0,0,0.214668782755541
0,0,0.24173035990502645
0,0,0.20947539601130732
0,0,0.25290969002582203
0,0,0.20543439380054987
0,0,0.25295215132943344
0,0,0.2367213479987393
0,0,0.21544042495702004
0,0,0.20105036176636004
0,0,0.2066969910605956
0,0,0.18274335100261405
0,0,0.1939412550328653
0,0,0.20824928923568692
0,0,0.16812813693354797
0,0,0.23771798602366448
0,0,0.21523953122814324
0,0,0.2377487437060428
0,0,0.28009185036422884
0,0,0.25100463753105606
0,0,0.1686634811065977
0,0,0.13432688246716495
0,0,0.22489435119279372
0,0,0.19124942666837746
0,0,0.19989793012885898
0,0,0.16929508554671538
0,0,0.16800721404685706
0,0,0.19217405938618393
0,0,0.21422361714656166
0,0,0.2439337994378025
0,0,0.185719921483319
0,0,0.18441698009893284
0,0,0.19572458957077077
0,0,0.20943408465806207
0,0,0.1873659266173916
0,0,0.1721041116263528
0,0,0.1851401404737584
0,0,0.1768105210686821
0,0,0.22335522665814345
0,0,0.19460352672300263
0,0,0.1343764775344934
0,0,0.13897356940186767
0,0,0.20792379634132707
0,0,0.19023899128701324
0,0,0.16599243250897378
0,0,0.17474732884638652
0,0,0.22014022701185365
0,0,0.20118289142648596
0,0,0.22458527058593078
0,0,0.2241524300703746
0,0,0.2136011098652205
0,0,0.21518290035083518
0,0,0.1993913388637945
0,0,0.2607549067448943
0,0,0.19003704575633393
0,0,0.21744242253959722
0,0,0.17078953799982877
0,0,0.24795182406522162
0,0,0.3172175294482928
0,0,0.27942472919324934
0,0,0.26559638293655047
0,0,0.22937505969369987
0,0,0.21378710861180056
0,0,0.2337053397040717
0,0,0.2438026008551753
0,0,0.22168404982552076
0,0,0.29965914817651573
0,0,0.29402436306490115
0,0,0.2959223050660551
0,0,0.2862144270368059
0,0,0.268541651452703
0,0,0.2400788118181152
0,0,0.24264725879669855
0,0,0.28355804812556595
0,0,0.24818220391919496
0,0,0.29808438850806424
0,0,0.2857839889450013
0,0,0.27951297708738426
0,0,0.2221780087621753
0,0,0.2002456252733082
0,0,0.24259491800200986
0,0,0.27528069618037027
0,0,0.31046656408958684
0,0,0.28688447250184174
0,0,0.2624320200332656
0,0,0.28144462140091075
0,0,0.2925246944704259
0,0,0.3197122172478808
0,0,0.3203451048976057
0,0,0.3154962923691432
0,0,0.31299780522006193
0,0,0.29389824804936654
0,0,0.3182949840348936
0,0,0.35154828769356716
0,0,0.2933005587221507
0,0,0.28654560904693516
0,0,0.277687699668652
0,0,0.29247671799574787
0,0,0.4241637673515277
0,0,0.4241637673515277
0,0,0.4221790514833834
0,0,0.4221790514833834
0,0,0.4221790514833834
0,0,0.41619229844425043
0,0,0.41619229844425043
0,0,0.4221790514833834
0,0,0.4241637673515277
0,0,0.4241637673515277
0,0,0.4221790514833834
0,0,0.4221790514833834
0,0,0.4221790514833834
0,0,0.4221790514833834
0,0,0.4221790514833834
0,0,0.41619229844425043
0,0,0.41619229844425043
0,0,0.4241637673515277
0,0,0.47346816394102653
0,0,0.4622277992329253
0,0,0.41619229844425043
0,0,0.41619229844425043
0,0,0.41619229844425043
0,0,0.41619229844425043
0,0,0.4229682258865632
0,0,0.4229682258865632
0,0,0.4181770143123948
0,0,0.4229682258865632
0,0,0.4289549789256962
0,0,0.4221790514833834
0,0,0.4181770143123948
0,0,0.4289549789256962
0,0,0.4289549789256962
0,0,0.41619229844425043
0,0,0.41619229844425043
0,0,0.41619229844425043
0,0,0.41619229844425043
0,0,0.41619229844425043
0,0,0.4181770143123948
0,0,0.4241637673515277
0,0,0.4241637673515277
0,0,0.42647991714203537
0,0,0.42647991714203537
0,0,0.42647991714203537
0,0,0.42647991714203537
0,0,0.4181770143123948
0,0,0.4204931641029024
0,0,0.4181770143123948
0,0,0.41619229844425043
0,0,0.4181770143123948
0,0,0.4204931641029024
0,0,0.4204931641029024
0,0,0.4181770143123948
0,0,0.4289549789256962
0,0,0.4289549789256962
0,0,0.41619229844425043
0,0,0.41619229844425043
0,0,0.41619229844425043
0,0,0.41619229844425043
0,0,0.41619229844425043
0,0,0.41619229844425043
0,0,0.41619229844425043
0,0,0.4181770143123948
0,0,0.4204931641029024
0,0,0.4204931641029024
0,0,0.4204931641029024
0,0,0.4204931641029024
0,0,0.4181770143123948
0,0,0.4181770143123948
0,0,0.4241637673515277
0,0,0.4241637673515277
0,0,0.41619229844425043
0,0,0.4241637673515277
0,0,0.4241637673515277
0,0,0.42647991714203537
0,0,0.42647991714203537
0,0,0.4181770143123948
0,0,0.4181770143123948
0,0,0.4181770143123948
0,0,0.4241637673515277
0,0,0.4241637673515277
0,0,0.4241637673515277
0,0,0.4181770143123948
0,0,0.4241637673515277
0,0,0.4241637673515277
0,0,0.4181770143123948
0,0,0.4181770143123948
0,0,0.4181770143123948
0,0,0.4181770143123948
0,0,0.4181770143123948
0,0,0.4181770143123948
0,0,0.4241637673515277
0,0,0.42647991714203537
0,0,0.42647991714203537
0,0,0.4221790514833834
0,0,0.4221790514833834
0,0,0.4221790514833834
0,0,0.4221790514833834
0,0,0.4221790514833834
0,0,0.4221790514833834
0,0,0.4221790514833834
0,0,0.4241637673515277
0,0,0.4221790514833834
0,0,0.4221790514833834
0,0,0.4221790514833834
0,0,0.41619229844425043
0,0,0.41619229844425043
0,0,0.41619229844425043
0,0,0.4221790514833834
0,0,0.41619229844425043
0,0,0.41619229844425043
0,0,0.41619229844425043
0,0,0.4221790514833834
0,0,0.4181770143123948
0,0,0.4241637673515277
0,0,0.4221790514833834
0,0,0.4221790514833834
0,0,0.4221790514833834
0,0,0.4221790514833834
0,0,0.4221790514833834
0,0,0.4221790514833834
0,0,0.4221790514833834
0,0,0.4221790514833834
0,0,0.4221790514833834
0,0,0.4221790514833834
0,0,0.4221790514833834
0,0,0.41619229844425043
0,0,0.4241637673515277
0,0,0.4221790514833834
0,0,0.4221790514833834
0,0,0.4221790514833834
0,0,0.4221790514833834
0,0,0.4221790514833834
0,0,0.4221790514833834
0,0,0.41619229844425043
0,0,0.4221790514833834
0,0,0.4221790514833834
0,0,0.4221790514833834
0,0,0.4221790514833834
0,0,0.4241637673515277
0,0,0.4221790514833834
0,0,0.4221790514833834
0,0,0.46683504372498313
0,0,0.4323967211765221
0,0,0.42647991714203537
0,0,0.42647991714203537
0,0,0.4221790514833834
0,0,0.47346816394102653
0,0,0.47148344807288217
0,0,0.4241637673515277
0,0,0.4241637673515277
0,0,0.4221790514833834
0,0,0.4241637673515277
0,0,0.4241637673515277
0,0,0.4221790514833834
0,0,0.4221790514833834
0,0,0.4241637673515277
0,0,0.4241637673515277
0,0,0.4221790514833834
0,0,0.4221790514833834
0,0,0.4221790514833834
0,0,0.4241637673515277
0,0,0.43662123041724293
0,0,0.47148344807288217
0,0,0.43463651454909846
0,0,0.4221790514833834
0,0,0.4221790514833834
0,0,0.4535060578912863
0,0,0.47148344807288217
0,0,0.47148344807288217
0,0,0.4485973457540971
0,0,0.4221790514833834
0,0,0.4221790514833834
0,0,0.4221790514833834
0,0,0.4221790514833834
0,0,0.4221790514833834
0,0,0.4221790514833834
0,0,0.4221790514833834
0,0,0.41619229844425043
0,0,0.41619229844425043
0,0,0.4221790514833834
0,0,0.41619229844425043
0,0,0.41619229844425043
0,0,0.41619229844425043
0,0,0.4221790514833834
0,0,0.4241637673515277
0,0,0.4241637673515277
0,0,0.4241637673515277
0,0,0.4241637673515277
0,0,0.4181770143123948
0,0,0.4181770143123948
0,0,0.41619229844425043
0,0,0.4181770143123948
0,0,0.4241637673515277
0,0,0.4221790514833834
0,0,0.41619229844425043
0,0,0.41619229844425043
0,0,0.41619229844425043
0,0,0.4221790514833834
0,0,0.4221790514833834
0,0,0.4221790514833834
0,0,0.4221790514833834
0,0,0.4221790514833834
0,0,0.4221790514833834
0,0,0.4221790514833834
0,0,0.4221790514833834
0,0,0.41619229844425043
0,0,0.4221790514833834
0,0,0.4221790514833834
0,0,0.4289549789256962
0,0,0.4289549789256962
0,0,0.4229682258865632
0,0,0.4241637673515277
0,0,0.4221790514833834
0,0,0.41619229844425043
0,0,0.4241637673515277
0,0,0.4241637673515277
0,0,0.41619229844425043
0,0,0.41619229844425043
0,0,0.41619229844425043
0,0,0.4221790514833834
0,0,0.4221790514833834
0,0,0.4221790514833834
0,0,0.4221790514833834
0,0,0.4258704519619531
0,0,0.4221790514833834
0,0,0.4241637673515277
0,0,0.4241637673515277
0,0,0.4221790514833834
0,0,0.4221790514833834
0,0,0.4221790514833834
0,0,0.47346816394102653
0,0,0.44112928516432653
0,0,0.4241637673515277
0,0,0.46683504372498313
0,0,0.4221790514833834
0,0,0.4221790514833834
0,0,0.4221790514833834
0,0,0.4181770143123948
0,0,0.4181770143123948
0,0,0.4221790514833834
0,0,0.4241637673515277
0,0,0.4241637673515277
0,0,0.4241637673515277
0,0,0.42647991714203537
0,0,0.42647991714203537
0,0,0.4241637673515277
0,0,0.4221790514833834
0,0,0.4241637673515277
0,0,0.47346816394102653
0,0,0.47346816394102653
0,0,0.43662123041724293
0,0,0.4221790514833834
0,0,0.4241637673515277
0,0,0.47346816394102653
0,0,0.47346816394102653
0,0,0.47148344807288217
0,0,0.4391445692961822
0,0,0.4221790514833834
0,0,0.4221790514833834
0,0,0.4221790514833834
0,0,0.4221790514833834
0,0,0.4221790514833834
0,0,0.4221790514833834
0,0,0.4221790514833834
0,0,0.4221790514833834
0,0,0.47148344807288217
0,0,0.47346816394102653
0,0,0.4241637673515277
0,0,0.4241637673515277
0,0,0.4241637673515277
0,0,0.4241637673515277
0,0,0.4221790514833834
0,0,0.4241637673515277
0,0,0.4289549789256962
0,0,0.4289549789256962
0,0,0.4241637673515277
0,0,0.4241637673515277
0,0,0.4241637673515277
0,0,0.4221790514833834
0,0,0.4241637673515277
0,0,0.4241637673515277
0,0,0.4241637673515277
0,0,0.4221790514833834
0,0,0.47148344807288217
0,0,0.4622277992329253
0,0,0.4688197595931275
0,0,0.47346816394102653
0,0,0.4241637673515277
0,0,0.4323967211765221
0,0,0.47346816394102653
0,0,0.4221790514833834
0,0,0.4221790514833834
0,0,0.4221790514833834
0,0,0.4221790514833834
0,0,0.42647991714203537
0,0,0.4289549789256962
0,0,0.4241637673515277
0,0,0.4221790514833834
0,0,0.4221790514833834
0,0,0.4221790514833834
0,0,0.47148344807288217
0,0,0.4221790514833834
0,0,0.4688197595931275
0,0,0.4688197595931275
0,0,0.47148344807288217
0,0,0.47148344807288217
0,0,0.47148344807288217
0,0,0.4258704519619531
0,0,0.4221790514833834
0,0,0.4221790514833834
0,0,0.4221790514833834
0,0,0.4241637673515277
0,0,0.4241637673515277
0,0,0.4221790514833834
0,0,0.4221790514833834
0,0,0.4221790514833834
0,0,0.4221790514833834
0,0,0.47148344807288217
0,0,0.47148344807288217
0,0,0.4221790514833834
0,0,0.41619229844425043
0,0,0.4221790514833834
0,0,0.4221790514833834
0,0,0.4221790514833834
0,0,0.4221790514833834
0,0,0.4241637673515277
0,0,0.44112928516432653
0,0,0.47148344807288217
0,0,0.4258704519619531
0,0,0.43463651454909846
0,0,0.4221790514833834
0,0,0.4221790514833834
0,0,0.4221790514833834
0,0,0.4221790514833834
0,0,0.4221790514833834
0,0,0.4221790514833834
0,0,0.4221790514833834
0,0,0.47148344807288217
0,0,0.4221790514833834
0,0,0.4221790514833834
0,0,0.44112928516432653
0,0,0.43662123041724293
0,0,0.4221790514833834
0,0,0.4221790514833834
0,0,0.4221790514833834
0,0,0.4221790514833834
0,0,0.4221790514833834
0,0,0.4221790514833834
0,0,0.4258704519619531
0,0,0.4221790514833834
0,0,0.4221790514833834
0,0,0.4391445692961822
0,0,0.43463651454909846
0,0,0.4221790514833834
0,0,0.47148344807288217
0,0,0.47148344807288217
0,0,0.4221790514833834
0,0,0.4221790514833834
0,0,0.47148344807288217
0,0,0.31387629736712536
0,0,0.27406190497285743
0,0,0.2924735546593211
0,0,0.2747950783771492
0,0,0.25640624791198463
0,0,0.23577787247143822
0,0,0.27786076218555555
0,0,0.28299491458159953
0,0,0.23974986327488143
0,0,0.24924215279024278
0,0,0.2839170545487685
0,0,0.22405438318022447
0,0,0.17506056515337812
0,0,0.25270481728733923
0,0,0.30024263202751705
0,0,0.2538522684534205
0,0,0.22423699018335289
0,0,0.2369324367878637
0,0,0.2049056068598844
0,0,0.2071165057034874
0,0,0.27889982805857544
0,0,0.2792979341054009
0,0,0.2223247072705231
1,0,0.14979754663422487
1,0,0.1773917059291396
1,0,0.20803710440279352
1,0,0.19148623360290656
1,0,0.21607889412462689
1,0,0.16239497435524508
1,0,0.15844557940954035
1,0,0.2370087502087087
1,0,0.22324598425703474
1,0,0.24129803189414667
1,0,0.1660504219654561
1,0,0.16081098738743344
1,0,0.18859957832475388
1,0,0.1707504637219758
1,0,0.23131469055817244
1,0,0.23005565907418496
1,0,0.2209868201163077
1,0,0.21779820679000245
1,0,0.2654735485892261
1,0,0.202102846408376
1,0,0.1695061729765785
1,0,0.285618192606507
1,0,0.20839902049519765
1,0,0.25348139003628467
1,0,0.2146725425770063
1,0,0.21926827233528695
1,0,0.21514243161827395
1,0,0.18207635591536708
1,0,0.2147143455725372
1,0,0.2067816018943734
1,0,0.18022438417825248
1,0,0.19939359195279846
1,0,0.13348590683887201
1,0,0.1978586077090049
1,0,0.27364823922102804
1,0,0.2849472527855015
1,0,0.2350677125855449
1,0,0.21185667385580087
1,0,0.21068901089702735
1,0,0.2467644399719987
1,0,0.27468426859634365
1,0,0.2434999914134319
1,0,0.20628620830756209
1,0,0.231608116282556
1,0,0.2663355679966124
1,0,0.22162473093199261
1,0,0.2449290341637491
1,0,0.234416609452241
1,0,0.1774474983264808
1,0,0.15063835255485336
1,0,0.1922891446611964
1,0,0.22804679247810142
1,0,0.2295197817663401
1,0,0.17236633574377577
1,0,0.20672119717778084
1,0,0.15614779569493803
1,0,0.2089265662999926
1,0,0.17339615374879663
1,0,0.16727027489397145
1,0,0.16099049884274147
1,0,0.18614883443749872
1,0,0.1838940521092659
1,0,0.20776570991217264
1,0,0.23517699493667177
1,0,0.215203223413326
1,0,0.21778704964719178
1,0,0.17264041473224492
1,0,0.16273240689498547
1,0,0.18156658394203073
1,0,0.14364685560947865
1,0,0.16906288387598406
1,1,0.7291144180047671
1,1,0.6818561439024261
1,1,0.6865083383590074
1,1,0.6554500030845793
1,1,0.6942503957787314
1,1,0.7047749354716956
1,1,0.6646638108230843
1,1,0.6546386443849235
1,1,0.6389612079917564
1,1,0.6416323542385691
1,1,0.7314525688362893
1,1,0.7033471343521596
1,1,0.6642446531431772
1,1,0.5405946317286673
1,1,0.6400865950747697
1,1,0.6126693097641728
1,1,0.5905112124254579
1,1,0.6295864768467648
1,1,0.6532133840578471
1,1,0.5756018725052735
1,1,0.6401516291733174
1,1,0.6566049986324107
1,1,0.6464083685706542
1,1,0.6489146079283735
1,1,0.7256568515533148
1,1,0.6575712277789758
1,1,0.5489127968548102
1,1,0.5919296800527437
1,1,0.681928612752637
1,1,0.5966773085186812
1,1,0.6143920593584135
1,1,0.5678977122923741
1,1,0.5865991320932007
1,1,0.5220383299619781
1,1,0.582995634682361
1,1,0.5411477456237266
1,0,0.4993983372067376
1,1,0.5316534854387363
1,1,0.5373845169840551
1,1,0.5550108503159192
1,1,0.6103079920689267
1,1,0.5794284827660678
1,1,0.6183517986607022
1,1,0.6396140190234681
1,1,0.5977965945995114
1,1,0.6778994374388038
1,1,0.7111258228793942
1,1,0.7168804074771771
1,1,0.669378593712661
1,1,0.7026806148787457
1,1,0.684958979368884
1,1,0.7020693553637599
1,1,0.5668489942880974
1,1,0.5920825564503833
1,1,0.6178581855902288
1,1,0.5909924552267332
1,1,0.6283574982376114
1,1,0.6336233400900596
1,1,0.6636008409967098
1,1,0.6848677122613442
1,1,0.7529676234110684
1,1,0.8055968181124511
1,1,0.7810140559635486
1,1,0.7786594201563409
1,1,0.6978991660580647
1,1,0.6521205138670025
1,1,0.6593167796820064
1,1,0.5507332423896351
1,1,0.6077822257780607
1,1,0.5642846784909445
1,1,0.635283004082472
1,1,0.6270758120733266
1,1,0.651926100301242
1,1,0.636823707088817
1,1,0.6216504776351127
1,1,0.5928923344109951
1,1,0.6187168065287731
1,1,0.585375453354152
1,1,0.6176193573673603
1,1,0.629354122294314
1,1,0.5773151226413009
1,1,0.5189424817604604
1,1,0.5797895315659127
1,1,0.5636181557368961
1,1,0.5732216174184298
1,1,0.6094338239365228
1,1,0.5164941333846104
1,0,0.4509101644301422
1,1,0.5276353811016868
1,1,0.5631408040216668
1,1,0.5718372720707928
1,1,0.596228037610206
1,1,0.694687235528856
1,1,0.720168990127343
1,1,0.5537955035648283
1,1,0.5213393118509294
1,1,0.5841767483903213
1,1,0.5967500339732977
1,1,0.6497013679733254
1,1,0.6508449913197937
1,1,0.6106818607040617
1,1,0.5551942387010056
1,0,0.49615692478009893
1,0,0.49270346653011393
1,1,0.6135261148618887
1,1,0.5796591279801602
1,1,0.6447912324547641
1,1,0.6189464193133933
1,1,0.6635512349256543
1,1,0.5853059409070309
1,1,0.5067656633957689
1,1,0.5190226400469219
1,1,0.5395462893670923
1,1,0.5672889241581645
1,1,0.5592338115338327
0,0,0.281484477312045
0,0,0.2567071053221018
0,0,0.2658329344165444
0,0,0.2391570315005897
0,0,0.23068540700458368
0,0,0.16931620452619034
0,0,0.18851339535302908
0,0,0.18999376753547206
0,0,0.220096514024422
0,0,0.16994432022869435
0,0,0.16489091958813049
0,0,0.21030480144662086
0,0,0.18690126410857352
0,0,0.19105487537038113
0,0,0.17765803105977493
0,0,0.17797510239894748
0,0,0.1920006716885372
0,0,0.2068881030403868
0,0,0.13219553416081953
0,0,0.21118480332846334
0,0,0.1813976527728562
0,0,0.18264171335818913
0,0,0.20459961434348556
0,0,0.25614067947733
0,0,0.2738355248698674
0,0,0.25028238105472994
0,0,0.21882770056237494
0,0,0.19422098979818211
0,0,0.1175044410736389
0,0,0.1331807428330687
0,0,0.1528346029574207
0,0,0.14290561948227423
0,0,0.14280182581395431
0,0,0.12622852022874279
0,0,0.12843575783386452
0,0,0.1416331568378178
0,0,0.18538841859997368
0,0,0.18922548518214025
0,0,0.1662946267982347
0,0,0.18497519080893937
0,0,0.1854485562233118
0,0,0.15897786829326724
0,0,0.18825428968214994
0,0,0.19292558938325027
0,0,0.19491009747049975
0,0,0.19415799035285083
0,0,0.2235848697845244
0,0,0.1353725434543639
0,0,0.17707528509652462
0,0,0.20757644856076535
0,0,0.20236233945513263
0,0,0.21941345740377738
0,0,0.20756735310478447
0,0,0.16212755383914249
0,0,0.24513886516500094
0,0,0.23535353758432753
0,0,0.18478486492331503
0,0,0.1668914404651921
0,0,0.14443139333629923
1,1,0.7744023441006217
1,1,0.6136980021811661
1,1,0.8132799026630677
1,1,0.7320607159662859
1,1,0.8155572941921408
1,1,0.754133018732305
1,1,0.7478929009161617
1,1,0.721700333536157
1,1,0.6593541740950026
1,1,0.6264988999847371
1,1,0.770382458225835
1,1,0.7373913527505228
1,1,0.6946207502394438
1,1,0.7097907072611259
1,1,0.5626959630622346
1,1,0.5980587468985574
1,1,0.7167020754398741
1,1,0.7856063451923698
1,1,0.6604341209882706
1,1,0.6106749015886015
1,1,0.5140410107434188
1,1,0.5207140832746707
1,1,0.558691664488094
1,1,0.5930430102901647
1,1,0.6890008181579703
1,1,0.6910250775842814
1,1,0.6319025469050767
1,1,0.6310321061094607
1,1,0.6417784386844099
1,1,0.6530749078839234
1,1,0.6763738187596051
1,1,0.6870261132835813
1,1,0.6051455184241552
1,1,0.6259916295062535
1,1,0.6328015716274238
1,1,0.6499626747722597
1,1,0.6504575099475182
1,1,0.6089118644503249
1,1,0.6341454685693148
1,1,0.624099494652519
1,1,0.6538765681465682
1,1,0.6352273238788889
1,1,0.6911633842996747
1,1,0.7233737064163607
1,1,0.698722698843815
1,1,0.7361520252067245
0,0,0.19227093817103008
0,0,0.2920077571524838
0,0,0.32745951182866706
0,0,0.35661894438328884
0,0,0.2629939742186391
0,0,0.23283620129478888
0,0,0.19259061058747917
0,0,0.22000522388443813
0,0,0.23715556429798593
0,0,0.21739647843832738
0,0,0.2336332911994849
0,0,0.2211509111267858
0,0,0.20875761738904253
0,0,0.21283579657573695
0,0,0.19544520689304412
0,0,0.22976983536096982
0,0,0.21714605955373717
0,0,0.21857863730363927
0,0,0.2357628162335416
0,0,0.2270283860957223
0,0,0.234506267304874
0,0,0.23638443264118336
0,0,0.20821264893543925
0,0,0.23748156475248547
0,0,0.1950176643007696
0,0,0.26422760773793597
0,0,0.22056676246731505
0,0,0.23621734636479347
0,0,0.21050407775439495
0,0,0.22241328033324298
0,0,0.18641473275715065
0,0,0.22759157777656086
0,0,0.34884567162019164
0,0,0.3027413150162348
0,0,0.29128435071933223
0,0,0.27608653370415903
0,0,0.2673734603207414
0,0,0.2612733210668845
0,0,0.26166958481724456
0,0,0.26394598953284565
0,0,0.2854222888825912
0,0,0.2710465988095677
0,0,0.21206847297127576
0,0,0.25901229209393006
0,0,0.2645997087080313
0,0,0.24385483347400075
0,0,0.24679455200419617
0,0,0.2648320817626292
0,0,0.24604940412100923
0,0,0.24129127945505244
0,0,0.2026928488659944
0,0,0.27006899269922024
0,0,0.24553379499678826
0,0,0.28057384449282013
0,0,0.25596165481063005
0,0,0.25041182476218904
0,0,0.23612208792209097
0,0,0.25461220093482806
0,0,0.21687966301004263
0,0,0.22833678432240806
0,0,0.19448438867023854
0,0,0.16877651846063288
0,0,0.19562857748346377
0,0,0.1701398981449722
0,0,0.21485961479037882
0,0,0.1742068085413819
0,0,0.23379196518590714
0,0,0.22094210040605344
1,0,0.22233816628789108
1,0,0.24432013884850792
1,0,0.2159095607427865
1,0,0.23194390814576354
1,0,0.24455483787536525
1,0,0.22760652943125184
1,0,0.24240179457663902
1,0,0.21715267594159765
1,0,0.18617867068201036
1,0,0.18748069273356843
1,0,0.22142565557036065
1,0,0.25277919033611107
1,0,0.252972732994028
1,0,0.26408503063365407
1,0,0.2312777106441297
1,0,0.25020610056744114
1,0,0.23505176797280794
1,0,0.27957619029420466
1,0,0.24750845090385565
1,0,0.2348963193809595
1,0,0.19571216776568942
1,0,0.23824061331106017
1,0,0.2444314121258553
1,0,0.2345484001316992
1,0,0.20159128095132048
1,0,0.1595784230155962
1,0,0.2854704381753003
1,0,0.30459947694235523
1,0,0.2844834852595013
1,0,0.2431388193757266
1,0,0.19614719504755687
1,0,0.2830639966361416
1,0,0.2215898594068616
1,0,0.2440712526648543
1,0,0.21430134944081916
1,0,0.24589831400843468
1,0,0.26789907619980285
1,0,0.27627631258600616
1,0,0.2897671852276729
1,0,0.27714870631747535
1,0,0.26530501391762246
1,0,0.2741259968981071
1,0,0.26567991292652626
1,0,0.24816695855917467
1,0,0.26343733053888385
1,0,0.2702184869141622
0,0,0.3386451504745229
0,0,0.30050574697140436
0,0,0.20503088581129197
0,0,0.2388563768817445
0,0,0.22672309631376245
0,0,0.2032820111360017
0,0,0.2199590012148683
0,0,0.20277743666243253
0,0,0.20940551641802732
0,0,0.20999418530932853
0,0,0.2220540607524293
0,0,0.20822548172739241
0,0,0.21775345789020129
0,0,0.20051630616505534
0,0,0.23734951858956468
0,0,0.234763734409663
0,0,0.20343508951883746
0,0,0.20350721450811857
0,0,0.2435390744195336
0,0,0.23350887647996127
0,0,0.21524372422102622
0,0,0.2222196977062318
0,0,0.23135126427975447
0,0,0.1422037784309009
0,0,0.12764715292438547
0,0,0.24717452507844126
0,0,0.15408755019897508
0,0,0.15489904890444145
0,0,0.18268285978603843
0,0,0.17833454252527745
0,0,0.12307893748943853
0,0,0.13631572347068735
0,0,0.15292132147095358
0,0,0.17842720480829136
0,0,0.15378353781788515
0,0,0.20929537505065712
0,0,0.1606295948008545
0,0,0.1915551528589513
0,0,0.10966112010380519
0,0,0.18061641722593827
0,0,0.13526343105980054
0,0,0.1725346531280402
0,0,0.17126496612656048
0,0,0.23375187161610034
0,0,0.14198493105058604
0,0,0.18672694222676864
0,0,0.1386187854401243
0,0,0.20276172720173224
0,0,0.14980723701631413
0,0,0.18313514545074944
0,0,0.15630558421822027
0,0,0.1626607698754145
0,0,0.16264926366208876
0,0,0.2360349439368942
0,0,0.22428479033941304
0,0,0.1843647779534633
0,0,0.14455715426985677
0,0,0.19242329363508393
0,0,0.22622703578697329
0,0,0.2611385395943871
0,0,0.2383867090028678
0,0,0.20351219302235193
0,0,0.16765405037101327
0,0,0.1772744873365973
0,0,0.21542306604290679
0,0,0.24492117098726188
0,0,0.20030537421846023
0,0,0.1770098434737028
0,0,0.20205656517596993
0,0,0.24601207758839672
0,0,0.21804240788880982
0,0,0.16044643052875876
0,0,0.15402821186782437
0,0,0.20658856386874025
0,0,0.16770045439203485
0,0,0.18701864467724502
0,0,0.21420865587464916
0,0,0.22739369071529722
0,0,0.19409634274481116
0,0,0.178499514498168
0,0,0.2185294568258059
0,0,0.18217678593108577
0,0,0.1752435790931294
0,0,0.19930830830169938
0,0,0.17668791219453658
0,0,0.1983632634883121
0,0,0.19899521026334188
0,0,0.20019273047940156
0,0,0.1818434926481181
0,0,0.18316388136861916
0,0,0.19136523658272672
0,0,0.22024766186510608
0,0,0.1757702662605133
0,0,0.18842068090164005
1,1,0.7519780819326125
1,1,0.7702119251721544
1,1,0.7720463378618875
1,1,0.7796627983661795
1,1,0.7465499876978658
1,1,0.7426629930940248
1,1,0.7437533922203889
1,1,0.743652743282635
1,1,0.7092859510695306
1,1,0.6889715758592372
1,1,0.7430343176021522
1,1,0.7619985345826191
1,1,0.7431384724246076
1,1,0.7271060666871461
1,1,0.7386678838194307
1,1,0.7372212369181255
1,1,0.6771782646049814
1,1,0.791518255093826
1,1,0.7644165057093336
1,1,0.7521149652650773
1,1,0.7811359434374731
1,1,0.7546426015656054
1,1,0.7717736469979849
0,1,0.7256901641274482
0,1,0.7540560827599857
0,1,0.7472026619628376
0,1,0.7694385406798502
0,1,0.7799361731978529
0,1,0.740103795478739
0,1,0.7666037293147946
0,1,0.7479662240770945
0,1,0.7708699803120109
0,1,0.7983324790897703
0,1,0.7959467210955776
0,1,0.8265571111535724
0,1,0.8338413142509117
0,1,0.8102327982240142
0,1,0.7961890851587863
0,1,0.7853970278455097
0,1,0.7941626426547249
0,1,0.810137833038086
0,1,0.7999569279589306
0,1,0.7629125539470167
0,1,0.8027771479784299
0,1,0.8313945027105699
0,1,0.8148865248049232
1,1,0.7886392862414404
1,1,0.8158567734495179
1,1,0.806159763984087
1,1,0.7964352942016643
1,1,0.7873079654168333
1,1,0.8070793161155413
1,1,0.8114740045762432
1,1,0.8125256114579088
1,1,0.8310200267726466
1,1,0.819411530388007
1,1,0.7798694434178336
1,1,0.7854009900451423
1,1,0.8175434901743709
1,1,0.7826004762745611
1,1,0.7719818039492806
1,1,0.7575776497564192
1,1,0.824329090503454
1,1,0.8044619114160143
1,1,0.8004112079192756
1,1,0.8033543497090284
1,1,0.7643448374595944
1,1,0.7875549110741338
1,1,0.8033825096372632
1,1,0.7237268479963229
1,1,0.7491135433638086
1,1,0.7181549430276051
1,1,0.7486428599381781
1,1,0.7429744960841805
1,1,0.7357250088539796
1,1,0.7384156854039126
1,1,0.6978295752753287
1,1,0.7198953279097189
1,1,0.6990200133620997
1,1,0.7191954428662137
1,1,0.7241392816929374
1,1,0.7094046466109777
1,1,0.7077838805286452
1,1,0.6678110492162104
1,1,0.6658972322451087
1,1,0.7120431442273093
1,1,0.7166323443776457
1,1,0.6776800507766506
1,1,0.6423520021174091
1,1,0.646736492479775
1,1,0.7504217954363996
1,1,0.7726020334860929
0,1,0.7736420548880613
0,1,0.7325015203154291
0,1,0.7506239659111739
0,1,0.7351941205198367
0,1,0.8125960658959649
0,1,0.8018262996001255
0,1,0.7269073304607191
0,1,0.7765201576363623
0,1,0.8087756397051988
0,1,0.8162212393502806
0,1,0.8154928678791229
0,1,0.7984797722865846
0,1,0.7899020079428783
0,1,0.7996694345067477
0,1,0.8193646511545631
0,1,0.8090417849668061
0,1,0.7900067971432945
0,1,0.7668400684535128
0,1,0.7488525288880841
0,1,0.7198577223735352
0,1,0.70908229399905
0,1,0.7139740199650226
0,1,0.8261057295452968
0,0,0.27449612665732437
0,0,0.23873779230137537
0,0,0.2456032481131809
0,0,0.27665312315799206
0,0,0.26121881521604107
0,0,0.24785749358685372
0,0,0.28710396616710293
0,0,0.2777473323946008
0,0,0.2879528636010789
0,0,0.26927590047237043
0,0,0.25483098082053707
0,0,0.2672225827266813
0,0,0.24814487072100772
0,0,0.27823745123435584
0,0,0.25678196469037806
0,0,0.2732583217717907
0,0,0.278955487800658
0,0,0.30618616202988497
0,0,0.3413050485938281
0,0,0.29945398719257815
0,0,0.29108220752442593
0,0,0.2588864848226211
0,0,0.33103901416020476
0,0,0.3095651618186508
0,0,0.28976615785251497
0,0,0.29515338076189523
0,0,0.3041742207373191
0,0,0.2839486046083334
0,0,0.2848193882099979
0,0,0.27573701644870197
0,0,0.24623817170569584
0,0,0.2737301272271189
0,0,0.23247152775249713
0,0,0.2495819245184209
0,0,0.2558807950471176
0,0,0.27978186645435776
0,0,0.2917990878927754
0,0,0.28416656151232506
0,0,0.27227063713153393
0,0,0.28488351201877193
0,0,0.29861119795179336
0,0,0.2981428974480926
0,0,0.2871200303225533
0,0,0.30292278541339634
0,0,0.274896876086018
0,0,0.29620262833430955
0,0,0.2952000515527363
0,0,0.2869598108408214
0,0,0.24473138642403744
0,0,0.2827404751875149
0,0,0.2980245374806364
0,0,0.24433509470593054
0,0,0.254860495575622
0,0,0.24082807981834098
0,0,0.21402571035794146
0,0,0.24291284331307356
0,0,0.2168660080834864
0,0,0.21389519187301304
0,0,0.26808063105015
1,1,0.7656260256780576
1,1,0.727928356525651
1,1,0.6899702382541142
1,1,0.7141925163422428
1,1,0.7359266063396049
1,1,0.7582306081075082
1,1,0.772729473170965
1,1,0.8096740581297608
1,1,0.7992521428853615
1,1,0.8164215843346114
1,1,0.8087135943363158
1,1,0.7965730307320925
1,1,0.7918099141043022
1,1,0.7964972472991569
1,1,0.8053197524885617
1,1,0.8048146036474256
1,1,0.7737150739312446
1,1,0.7991004455469367
1,1,0.7868279435070162
1,1,0.7684100811583243
1,1,0.7697199952126489
1,1,0.7411591419260517
1,1,0.7575520506879815
1,1,0.8292070788141013
1,1,0.8266893431319384
1,1,0.8382882608146528
1,1,0.8339218983352655
1,1,0.831007528931907
1,1,0.8178001711519566
1,1,0.8211367612063283
1,1,0.7961290634609536
1,1,0.8303009799890825
1,1,0.8073013106947952
1,1,0.7959316296088077
1,1,0.8157692057845751
1,1,0.8218723342486035
1,1,0.8404591858393624
1,1,0.8226414083342277
1,1,0.7989982170465634
1,1,0.8356109852040268
1,1,0.8195192739288655
1,1,0.823274673794318
1,1,0.8258726806202854
1,1,0.8395647107780424
1,1,0.8197953693397376
1,1,0.8584024373595309
0,0,0.1864585864199803
0,0,0.2206614747266069
0,0,0.23605667419837825
0,0,0.2329196892902431
0,0,0.23437045937744683
0,0,0.22351720432360028
0,0,0.29104600359086635
0,0,0.29855213602724556
0,0,0.25937281249281197
0,0,0.2632386527038605
0,0,0.25457203151214336
0,0,0.26321421257057365
0,0,0.24129049712950135
0,0,0.2701381191687696
0,0,0.2495123874489995
0,0,0.2160697097614534
0,0,0.22362607979299576
0,0,0.23335112427001142
0,0,0.22249202028663073
0,0,0.21746206094507375
0,0,0.18315488499311228
0,0,0.2618632406013821
0,0,0.24371515526437762
0,0,0.22587470714547006
0,0,0.2280478590139747
0,0,0.25104370061365805
0,0,0.22495738085483383
0,0,0.2336912820958108
0,0,0.1914408150239787
0,0,0.1962995424242489
0,0,0.3225457694444144
0,0,0.3082477408629126
0,0,0.3232167724673867
0,0,0.25090606352430933
0,0,0.22595204663650853
0,0,0.23749782482622162
0,0,0.2585331781397045
0,0,0.22111427205843046
0,0,0.2050765009153288
0,0,0.17604145913296104
0,0,0.22154425894929414
0,0,0.23136919085310484
0,0,0.25322242437316916
0,0,0.26131199661122806
0,0,0.3021868876689489
0,0,0.29958980485312364
0,0,0.25654821280167356
0,0,0.26733599105771516
0,0,0.25893604854860863
0,0,0.2838336420734774
0,0,0.2704606589814448
0,0,0.2598488441468746
0,0,0.235458702243101
0,0,0.23454587564841195
0,0,0.22560452528637787
0,0,0.22888211157783542
0,0,0.2597789313079112
0,0,0.25246427618762574
0,0,0.2526273664455942
0,0,0.2958571030870575
0,0,0.2450774168019571
0,0,0.23370522966502164
0,0,0.23218167524616645
0,0,0.25229156377905665
0,0,0.28153996453192986
0,0,0.25132974882479
0,0,0.23208064116312202
0,0,0.25439199879081836
1,0,0.3562593311697652
1,0,0.3020175575264994
1,0,0.28739179322855135
1,0,0.3026094308662269
1,0,0.3054507832689661
1,0,0.28202334627249287
1,0,0.27169694423969615
1,0,0.2633226209937313
1,0,0.2960505167491562
1,0,0.3085616813635419
1,0,0.2998069392719319
1,0,0.28040876759027566
1,0,0.31197059057896465
1,0,0.32360323728832907
1,0,0.31991634425730614
1,0,0.32419669042372234
1,0,0.33249650418827187
1,0,0.326793092083133
1,0,0.32233015937968146
1,0,0.3473442065535275
1,0,0.3124389667771431
1,0,0.29325218785320784
1,0,0.27057320977138893
1,0,0.2780200433772784
1,0,0.29323506176372993
1,0,0.2892311905313706
1,0,0.34558911853663654
1,0,0.2987891971679466
1,0,0.2880244228468712
1,0,0.300818110128795
1,0,0.27108250095794406
1,0,0.3139819434080176
1,0,0.2898121122943819
1,0,0.2838772790875596
1,0,0.30465163099008163
1,0,0.3083058596247162
1,0,0.3572924870245116
1,0,0.31910783102639123
1,0,0.3138030845567108
1,0,0.3076508699658792
1,0,0.31876441708951175
1,0,0.2960155155713392
1,0,0.3013928946764823
1,0,0.2977754117331061
1,0,0.3098164228032294
1,0,0.30112824911852376
0,0,0.4289549789256962
0,0,0.4241637673515277
0,0,0.4241637673515277
0,0,0.4241637673515277
0,0,0.42647991714203537
0,0,0.42647991714203537
0,0,0.4521882485802697
0,0,0.43551061019465787
0,0,0.4289549789256962
0,0,0.4289549789256962
0,0,0.42647991714203537
0,0,0.43017131762060506
0,0,0.42647991714203537
0,0,0.4289549789256962
0,0,0.4289549789256962
0,0,0.4241637673515277
0,0,0.4289549789256962
0,0,0.4289549789256962
0,0,0.4241637673515277
0,0,0.42647991714203537
0,0,0.4289549789256962
0,0,0.4289549789256962
0,0,0.42647991714203537
0,0,0.4289549789256962
0,0,0.4221790514833834
0,0,0.4241637673515277
0,0,0.42647991714203537
0,0,0.4289549789256962
0,0,0.4289549789256962
0,0,0.42647991714203537
0,0,0.4289549789256962
0,0,0.4241637673515277
0,0,0.4241637673515277
0,0,0.4241637673515277
0,0,0.4221790514833834
0,0,0.4241637673515277
0,0,0.4241637673515277
0,0,0.4241637673515277
0,0,0.4221790514833834
0,0,0.4241637673515277
0,0,0.4241637673515277
0,0,0.4241637673515277
0,0,0.4241637673515277
0,0,0.42647991714203537
0,0,0.42647991714203537
0,0,0.4221790514833834
0,0,0.4241637673515277
0,0,0.4204931641029024
0,0,0.4181770143123948
0,0,0.4181770143123948
0,0,0.4204931641029024
0,0,0.4181770143123948
0,0,0.4204931641029024
0,0,0.4229682258865632
0,0,0.4181770143123948
0,0,0.4181770143123948
0,0,0.4181770143123948
0,0,0.4181770143123948
0,0,0.4181770143123948
0,0,0.4181770143123948
0,0,0.41619229844425043
0,0,0.41619229844425043
0,0,0.41619229844425043
0,0,0.4181770143123948
0,0,0.4181770143123948
0,0,0.41619229844425043
0,0,0.4181770143123948
0,0,0.4204931641029024
0,0,0.4181770143123948
0,0,0.4181770143123948
0,0,0.4181770143123948
0,0,0.4204931641029024
0,0,0.4181770143123948
0,0,0.41619229844425043
0,0,0.4204931641029024
0,0,0.4229682258865632
0,0,0.4181770143123948
0,0,0.41619229844425043
0,0,0.41619229844425043
0,0,0.4204931641029024
0,0,0.4204931641029024
0,0,0.41619229844425043
0,0,0.4204931641029024
0,0,0.4204931641029024
0,0,0.41619229844425043
0,0,0.4181770143123948
0,0,0.4204931641029024
0,0,0.41619229844425043
0,0,0.41619229844425043
0,0,0.4181770143123948
0,0,0.4181770143123948
0,0,0.41619229844425043
0,0,0.4181770143123948
0,0,0.4204931641029024
1,0,0.4221790514833834
1,0,0.42647991714203537
1,0,0.43331870523808186
1,0,0.42785516783009747
1,0,0.4289549789256962
1,0,0.4289549789256962
1,0,0.4241637673515277
1,0,0.4241637673515277
1,0,0.4241637673515277
1,0,0.4241637673515277
1,0,0.4241637673515277
1,0,0.4221790514833834
1,0,0.4289549789256962
1,0,0.4289549789256962
1,0,0.4221790514833834
1,0,0.4221790514833834
1,0,0.4221790514833834
1,0,0.4241637673515277
1,0,0.4221790514833834
1,0,0.4221790514833834
1,0,0.4241637673515277
1,0,0.4221790514833834
1,0,0.4241637673515277
1,0,0.4229682258865632
1,0,0.4289549789256962
1,0,0.4241637673515277
1,0,0.4241637673515277
1,0,0.42647991714203537
1,0,0.42647991714203537
1,0,0.4241637673515277
1,0,0.4181770143123948
1,0,0.4181770143123948
1,0,0.4204931641029024
1,0,0.4229682258865632
1,0,0.4181770143123948
1,0,0.4229682258865632
1,0,0.4229682258865632
1,0,0.4229682258865632
1,0,0.4229682258865632
1,0,0.4229682258865632
1,0,0.4229682258865632
1,0,0.4229682258865632
1,0,0.4229682258865632
1,0,0.4229682258865632
1,0,0.4229682258865632
1,0,0.4181770143123948
1,0,0.47016563876186557
1,0,0.467849488971358
1,0,0.4726407005455264
1,0,0.4726407005455264
1,0,0.47346816394102653
1,0,0.47346816394102653
1,0,0.467849488971358
1,0,0.47016563876186557
1,0,0.4658647731032136
1,0,0.47016563876186557
1,0,0.4726407005455264
1,0,0.4726407005455264
1,0,0.4726407005455264
1,0,0.467849488971358
1,0,0.46320108462345894
1,0,0.43100255544757426
1,0,0.4241637673515277
1,0,0.4221790514833834
1,0,0.4241637673515277
1,0,0.4241637673515277
1,0,0.4221790514833834
1,0,0.4241637673515277
1,0,0.4241637673515277
1,0,0.47148344807288217
1,0,0.4658647731032136
1,0,0.47148344807288217
1,0,0.4726407005455264
1,0,0.4726407005455264
1,0,0.467849488971358
1,0,0.467849488971358
1,0,0.4658647731032136
1,0,0.47016563876186557
1,0,0.47016563876186557
1,0,0.4658647731032136
1,0,0.47016563876186557
1,0,0.467849488971358
1,0,0.47016563876186557
1,0,0.47016563876186557
1,0,0.4658647731032136
1,0,0.467849488971358
1,0,0.467849488971358
1,0,0.4658647731032136
1,0,0.467849488971358
1,0,0.467849488971358
1,0,0.4658647731032136
1,0,0.467849488971358
0,0,0.4726407005455264
0,0,0.467849488971358
0,0,0.4726407005455264
0,0,0.4726407005455264
0,0,0.4726407005455264
0,0,0.4726407005455264
0,0,0.4726407005455264
0,0,0.47016563876186557
0,0,0.4726407005455264
0,0,0.47016563876186557
0,0,0.467849488971358
0,0,0.47016563876186557
0,0,0.47016563876186557
0,0,0.47016563876186557
0,0,0.4726407005455264
0,0,0.467849488971358
0,0,0.4658647731032136
0,0,0.467849488971358
0,0,0.467849488971358
0,0,0.47346816394102653
0,0,0.47016563876186557
0,0,0.47016563876186557
0,0,0.467849488971358
1,0,0.4658647731032136
1,0,0.4658647731032136
1,0,0.47346816394102653
1,0,0.4782593755151951
1,0,0.4757843137315343
1,0,0.47148344807288217
1,0,0.4438011934339757
1,0,0.4304120053083779
1,0,0.4221790514833834
1,0,0.4221790514833834
1,0,0.4221790514833834
1,0,0.4221790514833834
1,0,0.4221790514833834
1,0,0.4221790514833834
1,0,0.4221790514833834
1,0,0.4221790514833834
1,0,0.4221790514833834
1,0,0.4221790514833834
1,0,0.4289549789256962
1,0,0.4289549789256962
1,0,0.46421251510106964
1,0,0.47346816394102653
1,0,0.4711359093836352
1,0,0.43662123041724293
1,0,0.4221790514833834
1,0,0.4221790514833834
1,0,0.4289549789256962
1,0,0.4289549789256962
1,0,0.4289549789256962
1,0,0.42647991714203537
1,0,0.4221790514833834
1,0,0.4221790514833834
1,0,0.4221790514833834
1,0,0.4221790514833834
1,0,0.4241637673515277
1,0,0.42647991714203537
1,0,0.4241637673515277
1,0,0.4221790514833834
1,0,0.42647991714203537
1,0,0.42647991714203537
1,0,0.4221790514833834
1,0,0.4221790514833834
1,0,0.4241637673515277
1,0,0.4289549789256962
1,0,0.4241637673515277
1,0,0.41619229844425043
1,0,0.4181770143123948
1,0,0.4181770143123948
1,0,0.41619229844425043
1,0,0.41619229844425043
1,0,0.41619229844425043
1,0,0.4204931641029024
1,0,0.4229682258865632
1,0,0.41619229844425043
1,0,0.41619229844425043
1,0,0.41619229844425043
1,0,0.4229682258865632
1,0,0.4229682258865632
1,0,0.41619229844425043
1,0,0.4726407005455264
1,0,0.4658647731032136
1,0,0.467849488971358
1,0,0.467849488971358
1,0,0.47016563876186557
1,0,0.4757843137315343
1,0,0.467849488971358
1,0,0.4658647731032136
1,0,0.4658647731032136
1,0,0.46320108462345894
1,0,0.4546633103639305
1,0,0.4315692577810221
1,0,0.4241637673515277
1,0,0.4221790514833834
1,0,0.42647991714203537
1,0,0.42647991714203537
1,0,0.4221790514833834
1,0,0.4241637673515277
1,0,0.42647991714203537
1,0,0.42647991714203537
1,0,0.4289549789256962
1,0,0.4289549789256962
1,0,0.42647991714203537
0,0,0.42647991714203537
0,0,0.42647991714203537
0,0,0.42647991714203537
0,0,0.42647991714203537
0,0,0.4241637673515277
0,0,0.4241637673515277
0,0,0.4221790514833834
0,0,0.42647991714203537
0,0,0.4289549789256962
0,0,0.4289549789256962
0,0,0.4241637673515277
0,0,0.4241637673515277
0,0,0.4289549789256962
0,0,0.4289549789256962
0,0,0.4221790514833834
0,0,0.4241637673515277
0,0,0.4241637673515277
0,0,0.4241637673515277
0,0,0.467849488971358
0,0,0.4726407005455264
0,0,0.4726407005455264
0,0,0.467849488971358
0,0,0.4658647731032136
0,0,0.42647991714203537
0,0,0.42647991714203537
0,0,0.43100255544757426
0,0,0.4221790514833834
0,0,0.4221790514833834
0,0,0.4221790514833834
0,0,0.4241637673515277
0,0,0.4241637673515277
0,0,0.4221790514833834
0,0,0.4221790514833834
0,0,0.4221790514833834
0,0,0.4241637673515277
0,0,0.4241637673515277
0,0,0.42647991714203537
0,0,0.4289549789256962
0,0,0.4241637673515277
0,0,0.4221790514833834
0,0,0.4221790514833834
0,0,0.4241637673515277
0,0,0.4241637673515277
0,0,0.4241637673515277
0,0,0.4221790514833834
0,0,0.4221790514833834
0,0,0.4221790514833834
0,0,0.4221790514833834
0,0,0.4221790514833834
0,0,0.4289549789256962
0,0,0.4289549789256962
0,0,0.4221790514833834
0,0,0.4241637673515277
0,0,0.42647991714203537
0,0,0.4241637673515277
0,0,0.4221790514833834
0,0,0.4221790514833834
0,0,0.4221790514833834
0,0,0.42647991714203537
0,0,0.4289549789256962
0,0,0.4241637673515277
0,0,0.4221790514833834
0,0,0.4221790514833834
0,0,0.4221790514833834
0,0,0.4221790514833834
0,0,0.4221790514833834
0,0,0.4181770143123948
0,0,0.4181770143123948
0,0,0.4181770143123948
0,0,0.41619229844425043
0,0,0.41619229844425043
0,0,0.4181770143123948
0,0,0.4181770143123948
0,0,0.4221790514833834
0,0,0.4221790514833834
0,0,0.4221790514833834
0,0,0.4221790514833834
0,0,0.4221790514833834
0,0,0.4221790514833834
0,0,0.42647991714203537
0,0,0.42647991714203537
0,0,0.4221790514833834
0,0,0.4221790514833834
0,0,0.4221790514833834
0,0,0.4221790514833834
0,0,0.4258704519619531
0,0,0.4391445692961822
0,0,0.4221790514833834
0,0,0.4221790514833834
0,0,0.46799229619762733
0,0,0.4726407005455264
0,0,0.4757843137315343
0,0,0.4658647731032136
0,0,0.4658647731032136
0,0,0.4658647731032136
0,0,0.467849488971358
0,0,0.4585938401314011
0,0,0.4221790514833834
0,0,0.4221790514833834
0,0,0.42647991714203537
0,0,0.42647991714203537
0,0,0.4241637673515277
0,0,0.4289549789256962
0,0,0.4289549789256962
0,0,0.4289549789256962
0,0,0.4221790514833834
0,0,0.42647991714203537
0,0,0.4289549789256962
0,0,0.4241637673515277
0,0,0.41619229844425043
0,0,0.41619229844425043
0,0,0.4229682258865632
0,0,0.4229682258865632
0,0,0.41619229844425043
0,0,0.41619229844425043
0,0,0.41619229844425043
0,0,0.41619229844425043
0,0,0.4204931641029024
0,0,0.4204931641029024
0,0,0.4181770143123948
0,0,0.4229682258865632
0,0,0.4229682258865632
0,0,0.4181770143123948
0,0,0.41619229844425043
0,0,0.41619229844425043
0,0,0.41619229844425043
0,0,0.41619229844425043
0,0,0.41619229844425043
0,0,0.4181770143123948
0,0,0.4181770143123948
0,0,0.4181770143123948
0,0,0.41619229844425043
0,0,0.4204931641029024
0,0,0.4229682258865632
0,0,0.4204931641029024
0,0,0.4181770143123948
0,0,0.41619229844425043
0,0,0.42647991714203537
0,0,0.4289549789256962
0,0,0.4289549789256962
0,0,0.4241637673515277
0,0,0.4289549789256962
0,0,0.4289549789256962
0,0,0.4289549789256962
0,0,0.4289549789256962
0,0,0.4289549789256962
0,0,0.4289549789256962
0,0,0.4289549789256962
0,0,0.4289549789256962
0,0,0.4241637673515277
0,0,0.4241637673515277
0,0,0.4289549789256962
0,0,0.4289549789256962
0,0,0.42647991714203537
0,0,0.42647991714203537
0,0,0.4241637673515277
0,0,0.4241637673515277
0,0,0.4289549789256962
0,0,0.4289549789256962
0,0,0.4241637673515277
1,0,0.4289549789256962
1,0,0.4289549789256962
1,0,0.4289549789256962
1,0,0.4289549789256962
1,0,0.42647991714203537
1,0,0.4289549789256962
1,0,0.4289549789256962
1,0,0.4241637673515277
1,0,0.4289549789256962
1,0,0.42647991714203537
1,0,0.4241637673515277
1,0,0.4241637673515277
1,0,0.4289549789256962
1,0,0.4289549789256962
1,0,0.4181770143123948
1,0,0.41619229844425043
1,0,0.41912289229659827
1,0,0.41619229844425043
1,0,0.41619229844425043
1,0,0.41619229844425043
1,0,0.4221790514833834
1,0,0.4241637673515277
1,0,0.4241637673515277
1,0,0.4181770143123948
1,0,0.4241637673515277
1,0,0.41619229844425043
1,0,0.41619229844425043
1,0,0.41619229844425043
1,0,0.41619229844425043
1,0,0.41619229844425043
1,0,0.41619229844425043
1,0,0.41619229844425043
1,0,0.41619229844425043
1,0,0.41619229844425043
1,0,0.41619229844425043
1,0,0.41619229844425043
1,0,0.41619229844425043
1,0,0.41619229844425043
1,0,0.4181770143123948
1,0,0.4181770143123948
1,0,0.41619229844425043
1,0,0.41619229844425043
1,0,0.4181770143123948
1,0,0.4204931641029024
1,0,0.4181770143123948
1,0,0.4181770143123948
1,0,0.41619229844425043
1,0,0.41619229844425043
1,0,0.41619229844425043
1,0,0.41619229844425043
1,0,0.41619229844425043
1,0,0.41619229844425043
1,0,0.41619229844425043
1,0,0.41619229844425043
1,0,0.4181770143123948
1,0,0.4181770143123948
1,0,0.4181770143123948
1,0,0.4181770143123948
1,0,0.4181770143123948
1,0,0.41619229844425043
1,0,0.41619229844425043
1,0,0.41619229844425043
1,0,0.4181770143123948
1,0,0.4181770143123948
1,0,0.4181770143123948
1,0,0.4181770143123948
1,0,0.41619229844425043
1,0,0.41619229844425043
1,0,0.41619229844425043
1,0,0.4204931641029024
1,0,0.4204931641029024
0,1,0.8623093117480193
0,1,0.8601995888046041
0,1,0.8593014604747893
0,1,0.8660713107898471
0,1,0.8669694391196618
0,1,0.8640281509423925
0,1,0.864308643193012
0,1,0.8628998050813356
0,1,0.8566196412556948
0,1,0.8611161141920559
0,1,0.8644923256732155
0,1,0.8634105148631973
0,1,0.864668065041248
0,1,0.8662605856331281
0,1,0.8698962660724628
0,1,0.8683037454805828
0,1,0.8709645414072327
0,1,0.8709645414072327
0,1,0.8709645414072327
0,1,0.8718626697370475
0,1,0.867328860967898
0,1,0.867328860967898
0,1,0.8410665352938952
0,1,0.8750480100631135
0,1,0.87776273129356
0,1,0.8712769800842943
0,1,0.8447258017048358
0,1,0.8633672714323489
0,1,0.8669694391196618
0,1,0.8544401244858879
0,1,0.8701547794457279
0,1,0.8510109430571896
0,1,0.8633911225580375
0,1,0.8664587293378001
0,1,0.8669694391196618
0,1,0.7327021535185891
0,1,0.7333057234622896
0,1,0.8617928898313433
0,1,0.8655249632677271
0,1,0.8674939835190781
0,1,0.8650533839741297
0,1,0.864308643193012
0,1,0.8659011637848921
0,1,0.8685619597115419
0,1,0.8694540497658729
0,1,0.8680512499296802
0,1,0.8664587293378001
0,1,0.8619249205686507
0,1,0.849027895084751
0,1,0.8614338559160373
0,1,0.8701547794457279
0,1,0.8744623204103604
0,1,0.8712769800842943
0,1,0.8676638313817271
0,1,0.8626193128307159
0,1,0.860856645233881
0,1,0.8674939835190781
0,1,0.8703788517544795
0,1,0.8671324501326663
0,1,0.8584015711462399
0,1,0.8602660221996468
0,1,0.8560983477887923
0,1,0.8634105148631973
0,1,0.864308643193012
0,1,0.8511314246007987
0,1,0.8659011637848921
0,1,0.8611641505294615
0,1,0.8576911675229784
0,1,0.8287906322077725
1,1,0.8701547794457279
1,1,0.8701547794457279
1,1,0.8669694391196618
1,1,0.8635547769933192
1,1,0.8723587908943127
1,1,0.8744623204103604
1,1,0.8701547794457279
1,1,0.8605466505777684
1,1,0.8737615907305054
1,1,0.849143001279208
1,1,0.8216432143409976
1,1,0.8674939835190781
1,1,0.8701547794457279
1,1,0.8701547794457279
1,1,0.8701547794457279
1,1,0.8685619597115419
1,1,0.8701547794457279
1,1,0.8701547794457279
1,1,0.8558756616734076
1,1,0.7450445805097992
1,1,0.7327518883850306
1,1,0.7558329174180394
1,1,0.8329310642886638
0,1,0.8692566511159131
0,1,0.8701547794457279
0,1,0.8701547794457279
0,1,0.8701547794457279
0,1,0.8624556930650631
0,1,0.8634105148631973
0,1,0.8637979334111503
0,1,0.8637979334111503
0,1,0.8661619038847658
0,1,0.8644676943213767
0,1,0.8517059659224754
0,1,0.865461370911632
0,1,0.8614040228068647
0,1,0.8418332903889517
0,1,0.8669694391196618
0,1,0.8653115982050888
0,1,0.8398537150045216
0,1,0.8517524992728776
0,1,0.8706401711808829
0,1,0.8744623204103604
0,1,0.8206581394570966
0,1,0.8163678855824377
0,1,0.8207030486628573
0,0,0.4782593755151951
0,0,0.4782593755151951
0,0,0.4782593755151951
0,0,0.4782593755151951
0,0,0.4782593755151951
0,0,0.473610971167296
0,0,0.46421251510106964
0,0,0.43100255544757426
0,0,0.4241637673515277
0,0,0.4241637673515277
0,0,0.4241637673515277
0,0,0.42647991714203537
0,0,0.4241637673515277
0,0,0.42647991714203537
0,0,0.42647991714203537
0,0,0.4241637673515277
0,0,0.4241637673515277
0,0,0.42647991714203537
0,0,0.42785516783009747
0,0,0.42647991714203537
0,0,0.42647991714203537
0,0,0.4241637673515277
0,0,0.4241637673515277
0,0,0.4241637673515277
0,0,0.4241637673515277
0,0,0.4241637673515277
0,0,0.4221790514833834
0,0,0.4221790514833834
0,0,0.4241637673515277
0,0,0.4241637673515277
0,0,0.4241637673515277
0,0,0.4241637673515277
0,0,0.4221790514833834
0,0,0.4241637673515277
0,0,0.4241637673515277
0,0,0.4221790514833834
0,0,0.4241637673515277
0,0,0.4241637673515277
0,0,0.4241637673515277
0,0,0.4241637673515277
0,0,0.4221790514833834
0,0,0.4221790514833834
0,0,0.4221790514833834
0,0,0.4221790514833834
0,0,0.4221790514833834
0,0,0.4221790514833834
0,0,0.4241637673515277
0,0,0.4241637673515277
0,0,0.4221790514833834
0,0,0.4241637673515277
0,0,0.4241637673515277
0,0,0.4241637673515277
0,0,0.4221790514833834
0,0,0.4241637673515277
0,0,0.4241637673515277
0,0,0.4221790514833834
0,0,0.4241637673515277
0,0,0.4241637673515277
0,0,0.4221790514833834
1,1,0.8662256929475821
1,1,0.8626386533966165
1,1,0.8601995888046041
1,1,0.8619622564014391
1,1,0.8703788517544795
1,1,0.8703788517544795
1,1,0.8660713107898471
1,1,0.8592659849115692
1,1,0.8635174411605306
1,1,0.8680512499296802
1,1,0.8680512499296802
1,1,0.8606307560936564
1,1,0.8628603847312539
1,1,0.8669694391196618
1,1,0.8701547794457279
1,1,0.8701547794457279
1,1,0.8487159261301309
1,1,0.85367629943265
1,1,0.8707783058857497
1,1,0.8638000729852473
1,1,0.8545833309057914
1,1,0.843432660478383
1,1,0.7842388166199591
1,1,0.8660996503611166
1,1,0.868799866637848
1,1,0.8637979334111503
1,1,0.865901462927198
1,1,0.864308643193012
1,1,0.864308643193012
1,1,0.8455126383075074
1,1,0.8511145884643319
1,1,0.8644529053231339
1,1,0.8701547794457279
1,1,0.8701547794457279
1,1,0.8685619597115419
1,1,0.8664587293378001
1,1,0.8368964879065178
1,1,0.8664587293378001
1,1,0.8664587293378001
1,1,0.8664587293378001
1,1,0.8680512499296802
1,1,0.8602359574534202
1,1,0.8617921093964841
1,1,0.8644529053231339
1,1,0.8615578869934974
1,1,0.8411595644818974
1,0,0.4241637673515277
1,0,0.4241637673515277
1,0,0.4221790514833834
1,0,0.4241637673515277
1,0,0.4241637673515277
1,0,0.4241637673515277
1,0,0.4221790514833834
1,0,0.4221790514833834
1,0,0.4221790514833834
1,0,0.4221790514833834
1,0,0.4241637673515277
1,0,0.4241637673515277
1,0,0.4241637673515277
1,0,0.4221790514833834
1,0,0.4241637673515277
1,0,0.4241637673515277
1,0,0.4221790514833834
1,0,0.4241637673515277
1,0,0.42647991714203537
1,0,0.4221790514833834
1,0,0.4241637673515277
1,0,0.4181770143123948
1,0,0.41619229844425043
1,0,0.4181770143123948
1,0,0.4241637673515277
1,0,0.4241637673515277
1,0,0.4241637673515277
1,0,0.4241637673515277
1,0,0.4241637673515277
1,0,0.4241637673515277
1,0,0.4221790514833834
1,0,0.4221790514833834
1,0,0.4221790514833834
1,0,0.4181770143123948
1,0,0.4204931641029024
1,0,0.4204931641029024
1,0,0.4204931641029024
1,0,0.4241637673515277
1,0,0.4241637673515277
1,0,0.4241637673515277
1,0,0.41619229844425043
1,0,0.41619229844425043
1,0,0.41619229844425043
1,0,0.41619229844425043
1,0,0.41619229844425043
1,0,0.4181770143123948
1,0,0.4181770143123948
1,0,0.4181770143123948
1,0,0.4181770143123948
1,0,0.4181770143123948
1,0,0.41619229844425043
1,0,0.41619229844425043
1,0,0.41619229844425043
1,0,0.41619229844425043
1,0,0.4181770143123948
1,0,0.42647991714203537
1,0,0.4241637673515277
1,0,0.42110760816474263
1,0,0.4181770143123948
1,0,0.4241637673515277
1,0,0.42647991714203537
1,0,0.4241637673515277
1,0,0.4181770143123948
1,0,0.41619229844425043
1,0,0.41619229844425043
1,0,0.41619229844425043
1,0,0.41619229844425043
1,0,0.41619229844425043
1,0,0.42647991714203537
1,0,0.4241637673515277
1,0,0.4241637673515277
1,0,0.4241637673515277
1,0,0.4241637673515277
1,0,0.4181770143123948
1,0,0.4181770143123948
1,0,0.4181770143123948
1,0,0.41619229844425043
1,0,0.41619229844425043
1,0,0.41619229844425043
1,0,0.41619229844425043
1,0,0.41619229844425043
1,0,0.41619229844425043
1,0,0.4181770143123948
1,0,0.4181770143123948
1,0,0.41619229844425043
1,0,0.41619229844425043
1,0,0.41619229844425043
1,0,0.41619229844425043
1,0,0.41619229844425043
1,0,0.41619229844425043
1,0,0.41619229844425043
1,0,0.41619229844425043
1,0,0.4181770143123948
1,0,0.4181770143123948
1,0,0.4181770143123948
1,0,0.41619229844425043
1,0,0.41619229844425043
1,0,0.41619229844425043
1,0,0.41619229844425043
1,0,0.41619229844425043
1,0,0.41619229844425043
1,0,0.4181770143123948
1,0,0.4181770143123948
1,0,0.41619229844425043
1,0,0.41619229844425043
1,0,0.4181770143123948
1,0,0.4181770143123948
1,0,0.41619229844425043
1,0,0.41619229844425043
1,0,0.41619229844425043
1,0,0.4181770143123948
1,0,0.4181770143123948
1,0,0.4181770143123948
1,0,0.41619229844425043
0,0,0.19369527588109622
0,0,0.1676130256465785
0,0,0.15496028204893209
0,0,0.15934203747865752
0,0,0.19071704358182498
0,0,0.1800613328575604
0,0,0.12173587133491523
0,0,0.20368640718059985
0,0,0.230958103738561
0,0,0.2191561823625005
0,0,0.23816432629528514
0,0,0.24633785088609264
0,0,0.15447576414326594
0,0,0.13318762490266275
0,0,0.19310684478799886
0,0,0.2315309119339906
0,0,0.22874754909220357
0,0,0.23856179590391793
0,0,0.21806062099773627
0,0,0.20043880187290533
0,0,0.18265694444018307
0,0,0.20743422333327974
0,0,0.24744325582151125
0,0,0.16204356351009408
0,0,0.19956295435670884
0,0,0.2072847754660748
0,0,0.25191079707295466
0,0,0.19861611178385072
0,0,0.2242444392469137
0,0,0.21813783400839218
0,0,0.19534087766767155
0,0,0.20165737010422352
0,0,0.16649269709653733
0,0,0.19652204484735414
0,0,0.17698334308776967
0,0,0.1799964901450403
0,0,0.1806333684818714
0,0,0.15792040052624012
0,0,0.2008841346594015
0,0,0.15546922974815378
0,0,0.12979793667430423
0,0,0.1718506899959667
0,0,0.13792697338875107
0,0,0.14903930153162506
0,0,0.11804300504909952
0,0,0.1610963274978051
0,0,0.16478412283237756
0,0,0.20206277159786737
0,0,0.19086826524278025
0,0,0.18760614654581917
0,0,0.18028911799262165
0,0,0.18617372512731162
0,0,0.19362998802204343
0,0,0.17592310265560593
0,0,0.17795842663804926
0,0,0.1512399011080926
0,0,0.15443148017765698
0,0,0.15477159084271983
0,0,0.16019173928945263
0,0,0.16689877400024358
0,0,0.17957023545144607
0,0,0.13850610530956284
0,0,0.14181496334366314
0,0,0.16566067646557495
0,0,0.15193169802234113
0,0,0.15791264044253134
0,0,0.1680160547543138
0,0,0.17147317158821207
0,0,0.15902262497065428
0,0,0.16004801871662774
0,0,0.1748630981235637
0,0,0.19565726370727832
0,0,0.17494247154699147
0,0,0.1358090850644874
0,0,0.11520455254171466
0,0,0.13351237238825278
0,0,0.15024365596315675
0,0,0.12262886041942483
0,0,0.138701682770637
0,0,0.17890945615343465
0,0,0.19703178299592017
0,0,0.17829012223627105
0,0,0.1707061390425212
0,0,0.16702347881412216
0,0,0.15217129465640708
0,0,0.13494999327387083
0,0,0.15652454355055467
0,0,0.1572644660572208
0,0,0.1463476439521012
0,0,0.17231501074263375
0,0,0.1448776858948283
0,0,0.17277025586275946
0,0,0.16244346125369213
0,0,0.1735303756980896
1,1,0.6512421085159467
1,1,0.6994221358033217
1,1,0.7443171213041307
1,1,0.6940203814816676
1,1,0.7184411671625819
1,1,0.7298837608784045
1,1,0.7033589313988622
1,1,0.7151723706186149
1,1,0.6926326659532158
1,1,0.6917401380631486
1,1,0.7216263206752587
1,1,0.7609341192819358
1,1,0.7383596285368726
1,1,0.7009383643068732
1,1,0.7221757298409169
1,1,0.6953524972896507
1,1,0.7286691971287237
1,1,0.755416253283382
1,1,0.7483914855276916
1,1,0.7244444934332769
1,1,0.7397920721634611
1,1,0.7226895280742511
1,1,0.7141734741153866
1,1,0.7106775633824212
1,1,0.7603895232120709
1,1,0.7333507822495882
1,1,0.7312207640688732
1,1,0.7445743383927761
1,1,0.6722401689419567
1,1,0.7108404040016137
1,1,0.6890372550394244
1,1,0.5896813385204116
1,1,0.6403627179676663
1,1,0.7086236131711174
1,1,0.6920983686000735
1,1,0.6718365688803273
1,1,0.6649449231799563
1,1,0.7362324762271218
1,1,0.7024747402175855
1,1,0.6602800643207263
1,1,0.7273945606981687
1,1,0.7663789912664244
1,1,0.7157677186942084
1,1,0.6865309293019537
1,1,0.7326404095098721
1,1,0.7312120544520085
0,1,0.6770484795316912
0,1,0.6949413818424972
0,1,0.6862643395634916
0,1,0.6944570460955258
0,1,0.6699155218186839
0,1,0.6530742779792159
0,1,0.6476340477981363
0,1,0.6959303237086399
0,1,0.7122744891324758
0,1,0.7220492579373796
0,1,0.7316072360386798
0,1,0.7342753529274354
0,1,0.7171476910160709
0,1,0.697341167435714
0,1,0.7057982370084204
0,1,0.6868625192293415
0,1,0.6456360338736549
0,1,0.7011208577161535
0,1,0.7140078255155194
0,1,0.6964827975907225
0,1,0.6889332026598904
0,1,0.7275799816006964
0,1,0.7130624445149917
0,1,0.6377027604383858
0,1,0.6662700138814373
0,1,0.6892560524713727
0,1,0.6856785169231516
0,1,0.6730219661634922
0,1,0.6517544563883714
0,1,0.595605141618498
0,1,0.536405840618352
0,1,0.556051056290088
0,0,0.4804703333345601
0,1,0.5314859116563421
0,1,0.6038525263729277
0,1,0.609524781951291
0,1,0.5657236673779532
0,1,0.5045132475165367
0,1,0.5683026950604624
0,1,0.6531001124296448
0,1,0.6350575230552412
0,1,0.6708508756754771
0,1,0.6377233325658139
0,1,0.6101765195275126
0,1,0.6631881353529144
0,1,0.593396781305237
0,1,0.6221361933593459
0,1,0.5905016760727284
0,1,0.7173137649963602
0,1,0.7673600305017133
0,1,0.6101968951750603
0,1,0.5974424965005148
0,1,0.7100641141790974
0,1,0.7021287606735698
0,1,0.6488322443461483
0,1,0.7206998215230489
0,1,0.7140359523212427
0,1,0.6736587241897025
0,1,0.7432247853397714
0,1,0.7648039866074734
0,1,0.717307089917248
0,1,0.6856423081952384
0,1,0.7320138039122296
0,1,0.7272550560081653
0,1,0.7012575299772213
0,1,0.6338622830136639
0,1,0.6812975731395119
0,1,0.7359480811448286
0,1,0.6885301577793606
0,0,0.11240250247416377
0,0,0.10041668201289616
0,0,0.16104888602264983
0,0,0.14274904393031462
0,0,0.10902382252953632
0,0,0.11307436938774564
0,0,0.08715443551868708
0,0,0.0959991066481549
0,0,0.10090595897389167
0,0,0.13061520963486414
0,0,0.09250633716920087
0,0,0.08912299284115863
0,0,0.10474520050522938
0,0,0.09580817959056326
0,0,0.10525017576489565
0,0,0.09031136649876154
0,0,0.10523092019054
0,0,0.09228595379984862
0,0,0.08423771742026423
0,0,0.11969644618540809
0,0,0.10527344747387078
0,0,0.11981693576243932
0,0,0.09455440235451365
0,0,0.12246969233381794
0,0,0.12766141665884315
0,0,0.11022615460801949
0,0,0.10406264466838215
0,0,0.11054319902967621
0,0,0.12290620643619059
0,0,0.09295051870717407
0,0,0.10157440582816886
0,0,0.10504402001288371
0,0,0.09071559974481923
0,0,0.11410513834473267
0,0,0.12348196318858105
0,0,0.11567489410364158
0,0,0.10588817875628902
0,0,0.10491323592146867
0,0,0.09825932032742264
0,0,0.11873729361095879
0,0,0.12986593188808554
0,0,0.11500851495392919
0,0,0.16555831910233457
0,0,0.17773184414621354
0,0,0.1435428198333172
0,0,0.10205007003275673
0,0,0.09352539286200874
0,0,0.09795432066570867
0,0,0.11731012081520056
0,0,0.09785572446408451
0,0,0.10068773278375459
0,0,0.08708339506907531
0,0,0.103377677304048
0,0,0.08531019146868012
0,0,0.08762191800670414
0,0,0.09456024558540005
0,0,0.10523151405809676
0,0,0.11382366015547063
0,0,0.11957218684618728
1,1,0.6247432840520498
1,1,0.6310606965698282
1,1,0.7007543505428567
1,1,0.7429403665959989
1,1,0.690285170216059
1,1,0.6156824840410383
1,1,0.6177096074419454
1,1,0.6196833765823232
1,1,0.6592210006113316
1,1,0.6198734307246327
1,1,0.682651288458264
1,1,0.624522479357567
1,1,0.6048128937763227
1,1,0.5803411487413003
1,1,0.7194418537586041
1,1,0.6956304742124216
1,1,0.7102375068639407
1,1,0.710804183465171
1,1,0.6670753217722197
1,1,0.6191203607341204
1,1,0.6562073326303762
1,1,0.6766187101119253
1,1,0.7371289025899702
0,1,0.7580977388797245
0,1,0.6763955595442649
0,1,0.6410543393330091
0,1,0.7219817562448186
0,1,0.7309163553177643
0,1,0.7462702026760593
0,1,0.7054319839024734
0,1,0.7072117318144625
0,1,0.6912010080664611
0,1,0.6930078728695412
0,1,0.6952779352436772
0,1,0.7004534322966708
0,1,0.71982787559478
0,1,0.6988007829865254
0,1,0.688952825081507
0,1,0.7279866618921217
0,1,0.7366444480109537
0,1,0.739471951185919
0,1,0.7200739713278075
0,1,0.7415014824386367
0,1,0.728454034625039
0,1,0.7398234133134164
0,1,0.685175563330146
0,0,0.17916579702822705
0,0,0.16370943500510443
0,0,0.22964204085829568
0,0,0.2598946982999216
0,0,0.19645561262888653
0,0,0.17745455950497513
0,0,0.1540389135654802
0,0,0.16005280045824857
0,0,0.13802803408665704
0,0,0.14302882724712157
0,0,0.14028759210764966
0,0,0.14899238711509497
0,0,0.15444588298081724
0,0,0.13625384548474495
0,0,0.13086857423115753
0,0,0.13956022450812092
0,0,0.14991868238228234
0,0,0.153806444482894
0,0,0.12834357869897026
0,0,0.1483613117945057
0,0,0.16120415934643875
0,0,0.1584066137984087
0,0,0.1586651603790405
0,0,0.14569603279887083
0,0,0.17472264757849662
0,0,0.1847226475784966
0,0,0.19069936777086263
0,0,0.20562780885831938
0,0,0.16124111951220854
0,0,0.15517757211954306
0,0,0.16160018236323176
0,0,0.16680543966940448
0,0,0.17326594232231635
0,0,0.17414602063691756
0,0,0.16301433465854326
0,0,0.15833746885127542
0,0,0.18868386547249294
0,0,0.18342435586949196
0,0,0.16918365795516177
0,0,0.16918365795516177
0,0,0.15850558757251956
0,0,0.1637479032035053
0,0,0.19372524390629242
0,0,0.19374243787830764
0,0,0.19374243787830764
0,0,0.19389333024395236
0,0,0.20385840317640164
0,0,0.19233710681554064
0,0,0.19252338530617397
0,0,0.19981450840534087
0,0,0.21148987541229508
0,0,0.20731524418157854
0,0,0.20351143745861455
0,0,0.19799062961013797
0,0,0.1841696971250933
0,0,0.22490278691303242
0,0,0.24250525134697948
0,0,0.2110747907971763
0,0,0.21469337399824714
0,0,0.2006746106631347
0,0,0.2178500625545549
0,0,0.20274919331009036
0,0,0.21282686986938187
0,0,0.19298405788328282
0,0,0.17330926831207402
0,0,0.18402946445084833
0,0,0.19007985950700543
0,0,0.17402946445084833
0,0,0.15854331246555742
0,0,0.20131805918138923
0,0,0.18841126833569097
0,0,0.15419656818562014
0,0,0.15554670179468638
0,0,0.2135141864793965
0,0,0.25179011928090284
0,0,0.22028146202330168
0,0,0.20328206476072247
0,0,0.18261401729142177
0,0,0.18291235401427286
0,0,0.19918505690948313
0,0,0.22322800012732036
0,0,0.19384702453752525
0,0,0.1792840888142281
0,0,0.18569695559606467
0,0,0.16639211884902294
0,0,0.16591866522765103
0,0,0.18993504075868592
0,0,0.18692872670632169
0,0,0.19085592463205883
0,0,0.2097108268669605
0,0,0.19379519310123228
0,0,0.17562164568825478
0,0,0.19642743983539215
0,0,0.22375247460618003
0,0,0.1856845336985263
0,0,0.16653520340010433
0,0,0.19482064944011818
0,0,0.17966295171846894
0,0,0.18411742386305377
0,0,0.191882324372581
0,0,0.15915997608185756
0,0,0.1801119233262116
0,0,0.1859768557281688
0,0,0.18597031534247463
0,0,0.18897902080300105
0,0,0.19830274775565043
0,0,0.21408585119490303
0,0,0.23806534393207343
0,0,0.1853929012489346
0,0,0.17639238034552943
0,0,0.1959432218660239
0,0,0.20744059945416599
0,0,0.20271192304274574
0,0,0.1971276060471366
0,0,0.14965743450180807
0,0,0.136689819611329
0,0,0.11940601575485431
0,0,0.10126466522558995
0,0,0.1178711595358919
0,0,0.1049001813499805
0,0,0.09828682970779581
0,0,0.12913717633689997
0,0,0.11193444520064562
0,0,0.09237043899791406
0,0,0.11696826201343509
0,0,0.12072388947617371
0,0,0.13554061497234374
0,0,0.14141057491307898
0,0,0.12614975481941199
0,0,0.10262557661272252
0,0,0.08993703138239574
0,0,0.09087372081620726
0,0,0.10777189612036331
0,0,0.13401937536989691
0,0,0.12942033132468972
0,0,0.13675234340839026
0,0,0.13782282933650253
0,0,0.1361136046243051
0,0,0.14925619389445022
0,0,0.0825084567265257
0,0,0.06668423578411714
0,0,0.13530289433549592
0,0,0.1158704358528059
0,0,0.12248547124896407
0,0,0.14621090272592258
0,0,0.082309553975032
0,0,0.09142002213309196
0,0,0.10543111839402586
0,0,0.11894367592190297
0,0,0.10235798932777314
0,0,0.1594968432095733
0,0,0.12468338107456788
0,0,0.10216649165799613
0,0,0.0761748988577272
0,0,0.12117613500207054
0,0,0.12503911226649136
0,0,0.0752132122231785
0,0,0.08092498458261298
0,0,0.10269167080227247
0,0,0.11296830011864355
0,0,0.10778606653748335
0,0,0.12836187163587118
0,0,0.1254518649888159
0,0,0.10541890568776738
0,0,0.08607057704422644
0,0,0.09686668408870748
0,0,0.10143989500055701
0,0,0.09184137482923146
0,0,0.1269647930850917
0,0,0.10418029327562513
0,0,0.11512116800371461
0,0,0.09810064062278291
0,0,0.0950872158432004
0,0,0.11402464819513997
0,0,0.09579345799504078
0,0,0.0928892442282714
0,0,0.09791282146779208
0,0,0.07849541205654348
0,0,0.07313475369216954
0,0,0.07429100952902114
0,0,0.10436188334263441
0,0,0.1399462545585941
0,0,0.1211098655042245
0,0,0.09603746720618904
0,0,0.10926720168864788
0,0,0.0998056833989414
0,0,0.09817085378552604
0,0,0.1181722219913013
0,0,0.08846423406439646
0,0,0.08984575171142355
0,0,0.09096691207036643
0,0,0.10637811502509084
0,0,0.1284141639221163
0,0,0.12419058421998935
0,0,0.11405376105446478
0,0,0.09734613682848105
0,0,0.12742343434907233
0,0,0.10305991840606693
0,0,0.1353205931027029
0,0,0.1275101568772182
0,0,0.1217608370264133
0,0,0.09850240838741371
0,0,0.11075154777503621
0,0,0.09953394812799074
0,0,0.12324854699597132
0,0,0.11458123987150146
0,0,0.11159821705942473
0,0,0.15499885764650162
1,1,0.721730041313755
1,1,0.7359781764485344
1,1,0.7677080564173765
1,1,0.7449850433531928
1,1,0.7536007429456107
1,1,0.7646495339214764
1,1,0.7626258666355598
1,1,0.7617044249457692
1,1,0.7626768547288566
1,1,0.7572132661138824
1,1,0.7431364910764247
1,1,0.7193862583758188
1,1,0.7172201771822156
1,1,0.7435209247146886
1,1,0.7480180332838384
1,1,0.7644710035342202
1,1,0.7505696640383015
1,1,0.7693353175870402
1,1,0.7466210488346025
1,1,0.7564717475523097
1,1,0.7248568845024326
1,1,0.7418531782702837
1,1,0.7462279667631211
1,1,0.7420842976898706
1,1,0.7321901169748121
1,1,0.7597072294422377
1,1,0.7756156793207709
1,1,0.7600194661704943
1,1,0.7613845102184058
1,1,0.764960541239649
1,1,0.7310982002536782
1,1,0.7350341736298079
1,1,0.75146413632838
1,1,0.7615291300809031
1,1,0.7569071819659304
1,1,0.7520083199258869
1,1,0.7502791561677999
1,1,0.7802819317258964
1,1,0.7525611492086342
1,1,0.7485293368062854
1,1,0.7750447448315525
1,1,0.7676417713986161
1,1,0.7657207565642239
1,1,0.7537590275272353
1,1,0.7279581968288917
1,1,0.7540786242809234
1,1,0.7497036066812044
1,1,0.8027031224553636
1,1,0.7989509102689888
1,1,0.7821469459661712
1,1,0.7979381731292396
1,1,0.8028830070719235
1,1,0.7999865014513381
1,1,0.8033163874352661
1,1,0.7936034499241551
1,1,0.8021936347903575
1,1,0.7720378418926268
1,1,0.7859653894636877
1,1,0.7885945621699574
1,1,0.7917378717596399
1,1,0.8068035253912466
1,1,0.7979978846462431
1,1,0.8032644401513339
1,1,0.8188633762475379
1,1,0.7773361288467787
1,1,0.7488974478165727
1,1,0.8089801168295082
1,1,0.8321780508843326
1,1,0.8654148046135367
1,1,0.8320894196514417
1,1,0.8102487474217795
1,1,0.798030876111264
1,1,0.8379330870190119
1,1,0.8411074891437894
1,1,0.8133452972975279
1,1,0.8070800663542408
1,1,0.8185164666087288
1,1,0.7663744810808815
1,1,0.7542920600140854
1,1,0.7669242488440742
1,1,0.7696156806564354
1,1,0.8011975500558366
1,1,0.7995751263266675
1,1,0.7858255851776582
1,1,0.8030192458890728
1,1,0.7770334800348888
1,1,0.7944197115261349
1,1,0.8116951862739188
1,1,0.8095694805045892
1,1,0.7599420446931259
1,1,0.7769411269329254
1,1,0.7853697242341415
0,1,0.7801872173687154
0,1,0.74857338976181
0,1,0.7303846776751202
0,1,0.7517802664352514
0,1,0.7588528782228771
0,1,0.7377066786348625
0,1,0.7676919388405193
0,1,0.7578174012361302
0,1,0.7240189718556991
0,1,0.742445247513144
0,1,0.749544787375127
0,1,0.7578869100066019
0,1,0.7587648273089294
0,1,0.7578578096726045
0,1,0.7486196490920178
0,1,0.7637339494263446
0,1,0.7395354930905158
0,1,0.728812766304989
0,1,0.7528001773745365
0,1,0.7683713376589614
0,1,0.7483215204755944
0,1,0.7665826075198438
0,1,0.7635803039276123
0,0,0.18164103136842408
0,0,0.16420437018918715
0,0,0.15425632082509202
0,0,0.10994655186336459
0,0,0.13192732977974808
0,0,0.14707751453084905
0,0,0.12491076673027929
0,0,0.15310455497900674
0,0,0.13978718692328923
0,0,0.11787250881049494
0,0,0.15254349134924483
0,0,0.16770923635609436
0,0,0.14785133604610676
0,0,0.1256224893171186
0,0,0.11422140830977842
0,0,0.12183416656870256
0,0,0.15772502490283677
0,0,0.13857124129100312
0,0,0.12365652902325587
0,0,0.08640192878713596
0,0,0.115360250196929
0,0,0.14993100088668765
0,0,0.12792930057728308
0,0,0.11294476485831367
0,0,0.13838908226089786
0,0,0.13520846956949295
0,0,0.14636757868619138
0,0,0.150897706205051
0,0,0.1170763729108664
0,0,0.1392486649578092
0,0,0.17027928834643094
0,0,0.17140858621505234
0,0,0.14896494615774972
0,0,0.1598630812239026
0,0,0.14104010595779093
0,0,0.1630309352010617
0,0,0.17302779931100734
0,0,0.13988412205677567
0,0,0.16486264803546896
0,0,0.1447512131042764
0,0,0.1446092108859002
0,0,0.13464490039496238
0,0,0.13162873667535915
0,0,0.12837178390160245
0,0,0.14669558655496653
0,0,0.15179789276664865
0,0,0.13146795849584256
0,0,0.11273605894108421
0,0,0.14668087268181781
0,0,0.14428152708815134
0,0,0.13418970334190528
0,0,0.14284208331199344
0,0,0.12613760051124387
0,0,0.1367425667996655
0,0,0.12609525901050958
0,0,0.10886917260736789
0,0,0.16858001177907445
0,0,0.1408079187269996
0,0,0.1290013714116119
1,1,0.7587611516275844
1,1,0.7837592457910866
1,1,0.7743705395016767
1,1,0.7621842086028028
1,1,0.7639518614127587
1,1,0.7725056431039761
1,1,0.7809055182048888
1,1,0.7795493100248421
1,1,0.7674125047540764
1,1,0.7688718433563296
1,1,0.7816147161306177
1,1,0.7811930250447943
1,1,0.7847658526346772
1,1,0.7405429254471039
1,1,0.737384360438877
1,1,0.7378514591836605
1,1,0.7762849846078148
1,1,0.8073572592972391
1,1,0.7772850464494209
1,1,0.7761296196047102
1,1,0.7390714238311863
1,1,0.7674972825679437
1,1,0.7947006471890955
0,1,0.7607829233034574
0,1,0.7224451722371399
0,1,0.7301732427978247
0,1,0.7797320080419532
0,1,0.703389227055343
0,1,0.6983897017502647
0,1,0.7612794941878778
0,1,0.7664305395710036
0,1,0.7306896486910851
0,1,0.7273787720982843
0,1,0.7428139050309326
0,1,0.7744766614692344
0,1,0.7229437732236209
0,1,0.7093401148380165
0,1,0.7234664359073567
0,1,0.7125734683012455
0,1,0.7403119755518283
0,1,0.7255579163583241
0,1,0.7387825832967606
0,1,0.7389017897714093
0,1,0.7465569243527413
0,1,0.7604761855334806
0,1,0.7570979426200952
0,0,0.11224086098102784
0,0,0.14917189897376099
0,0,0.12486716490339696
0,0,0.15819858066817363
0,0,0.1907606112571914
0,0,0.1893160642308875
0,0,0.1821399365585218
0,0,0.15450436479569415
0,0,0.1768891878316515
0,0,0.2371320709932149
0,0,0.20249878343528194
0,0,0.21068349144246235
0,0,0.17968571238022618
0,0,0.16293755619405204
0,0,0.163543581235501
0,0,0.17375011363972145
0,0,0.16172695653163516
0,0,0.19233595857599617
0,0,0.16172292883053974
0,0,0.1840115281658693
0,0,0.17672064770673454
0,0,0.16115101326810546
0,0,0.18030700825092705
0,0,0.1529321692367535
0,0,0.14567745532021148
0,0,0.1441742073715069
0,0,0.1365306999679105
0,0,0.13376495287422743
0,0,0.11871566469335967
0,0,0.13767938972797344
0,0,0.15008285136209604
0,0,0.1495788150129814
0,0,0.16087037899231202
0,0,0.16246780566672986
0,0,0.16332247520613058
0,0,0.1468480241494763
0,0,0.13736230844432784
0,0,0.13359161778964404
0,0,0.15757499139243294
0,0,0.1529890534843307
0,0,0.1350960436106517
0,0,0.17711184565308158
0,0,0.16889746861965513
0,0,0.1550754148210859
0,0,0.14194882749419965
0,0,0.14104338239914796
0,0,0.1206833862003191
0,0,0.13358280354863783
0,0,0.13063194787035604
0,0,0.13898629484543612
0,0,0.15382131608020885
0,0,0.11856674059702256
0,0,0.14133781230532075
0,0,0.1621306627327913
0,0,0.14002638747416923
0,0,0.14356406029834748
0,0,0.1390452259426554
0,0,0.1356044919714248
0,0,0.16055399818729155
0,0,0.16215955113206648
0,0,0.16084733731340994
0,0,0.13517870937517096
0,0,0.13318175180955025
0,0,0.1532731054547049
0,0,0.13623862288736663
0,0,0.13693627154619903
0,0,0.1396921206683708
0,0,0.13150361065623986
0,0,0.18899316636735475
0,0,0.17403267568160619
0,0,0.13391037902974964
0,0,0.11293686181127471
0,0,0.14353440770395864
0,0,0.1414352240676098
0,0,0.1642370856147139
0,0,0.12958085563629676
0,0,0.12126840391143456
0,0,0.11328869659812656
0,0,0.12627517080172634
0,0,0.11196007291395112
0,0,0.16906580103961122
0,0,0.16330292060488008
0,0,0.15259319896017737
0,0,0.14199122770115782
0,0,0.15503717952247625
0,0,0.19035792763289883
0,0,0.1417311903024643
0,0,0.1395835477740291
0,0,0.16746026638543146
0,0,0.17296077611508204
0,0,0.10389714461633809
0,0,0.1306380882824688
0,0,0.1330496005189886
0,0,0.1576326607287485
0,0,0.15093422130297113
0,0,0.14072922935346732
0,0,0.15555457013469132
0,0,0.1435674922851313
0,0,0.1487604338321172
0,0,0.11922807810864237
0,0,0.14973077076842553
0,0,0.14036442118372633
0,0,0.14964289325855756
0,0,0.15035533240057652
0,0,0.15389552493111558
0,0,0.16181082073990918
0,0,0.1529461724792808
0,0,0.1562445829865484
0,0,0.1674335623318137
0,0,0.15193280116759456
0,0,0.15446937984980658
0,0,0.15994596014305826
0,0,0.14686390640958571
0,0,0.11979122645188536
0,0,0.41460683117822134
0,0,0.41460683117822134
0,0,0.41460683117822134
0,0,0.41460683117822134
0,0,0.41460683117822134
0,0,0.41460683117822134
0,0,0.41460683117822134
0,0,0.41460683117822134
0,0,0.41460683117822134
0,0,0.41460683117822134
0,0,0.41460683117822134
0,0,0.41460683117822134
0,0,0.41460683117822134
0,0,0.41460683117822134
0,0,0.41460683117822134
0,0,0.41460683117822134
0,0,0.41460683117822134
0,0,0.41460683117822134
0,0,0.41460683117822134
0,0,0.41460683117822134
0,0,0.41460683117822134
0,0,0.41460683117822134
0,0,0.41460683117822134
0,0,0.41460683117822134
0,0,0.41460683117822134
0,0,0.41460683117822134
0,0,0.41460683117822134
0,0,0.41460683117822134
0,0,0.41460683117822134
0,0,0.41460683117822134
0,0,0.41460683117822134
0,0,0.41460683117822134
0,0,0.41460683117822134
0,0,0.41460683117822134
0,0,0.41460683117822134
0,0,0.41460683117822134
0,0,0.41460683117822134
0,0,0.41460683117822134
0,0,0.41460683117822134
0,0,0.41460683117822134
0,0,0.41460683117822134
0,0,0.41460683117822134
0,0,0.41460683117822134
0,0,0.41460683117822134
0,0,0.41460683117822134
0,0,0.41460683117822134
0,0,0.41460683117822134
0,0,0.41460683117822134
0,0,0.41460683117822134
0,0,0.41460683117822134
0,0,0.41460683117822134
0,0,0.41460683117822134
0,0,0.41460683117822134
0,0,0.41460683117822134
0,0,0.41460683117822134
0,0,0.41460683117822134
0,0,0.41460683117822134
0,0,0.41460683117822134
0,0,0.41460683117822134
0,0,0.41460683117822134
0,0,0.41460683117822134
0,0,0.41460683117822134
0,0,0.41460683117822134
0,0,0.41460683117822134
0,0,0.41460683117822134
0,0,0.41460683117822134
0,0,0.41460683117822134
0,0,0.41460683117822134
0,0,0.41460683117822134
0,0,0.41460683117822134
0,0,0.41460683117822134
0,0,0.41460683117822134
0,0,0.41460683117822134
0,0,0.41460683117822134
0,0,0.41460683117822134
0,0,0.41460683117822134
0,0,0.41460683117822134
0,0,0.41460683117822134
0,0,0.41460683117822134
0,0,0.41460683117822134
0,0,0.41460683117822134
0,0,0.41460683117822134
0,0,0.41460683117822134
0,0,0.41460683117822134
0,0,0.41460683117822134
0,0,0.41460683117822134
0,0,0.41460683117822134
0,0,0.41460683117822134
0,0,0.41460683117822134
0,0,0.41460683117822134
0,0,0.41460683117822134
0,0,0.41460683117822134
0,0,0.41460683117822134
0,0,0.41460683117822134
0,0,0.41460683117822134
0,0,0.41460683117822134
0,0,0.41460683117822134
0,0,0.41460683117822134
0,0,0.41460683117822134
0,0,0.41460683117822134
0,0,0.41460683117822134
0,0,0.41460683117822134
0,0,0.41460683117822134
0,0,0.41460683117822134
0,0,0.41460683117822134
0,0,0.41460683117822134
0,0,0.41460683117822134
0,0,0.41460683117822134
0,0,0.41460683117822134
0,0,0.41460683117822134
0,0,0.41460683117822134
0,0,0.41460683117822134
0,0,0.41460683117822134
0,0,0.41460683117822134
0,0,0.41460683117822134
0,0,0.41460683117822134
0,0,0.41460683117822134
1,0,0.41460683117822134
1,0,0.41460683117822134
1,0,0.41460683117822134
1,0,0.41460683117822134
1,0,0.41460683117822134
1,0,0.41460683117822134
1,0,0.41460683117822134
1,0,0.41460683117822134
1,0,0.41460683117822134
1,0,0.41460683117822134
1,0,0.41460683117822134
1,0,0.41460683117822134
1,0,0.41460683117822134
1,0,0.41460683117822134
1,0,0.41460683117822134
1,0,0.41460683117822134
1,0,0.41460683117822134
1,0,0.41460683117822134
1,0,0.41460683117822134
1,0,0.41460683117822134
1,0,0.41460683117822134
1,0,0.41460683117822134
1,0,0.41460683117822134
1,0,0.41460683117822134
1,0,0.41460683117822134
1,0,0.41460683117822134
1,0,0.41460683117822134
1,0,0.41460683117822134
1,0,0.41460683117822134
1,0,0.41460683117822134
1,0,0.41460683117822134
1,0,0.41460683117822134
1,0,0.41460683117822134
1,0,0.41460683117822134
1,0,0.41460683117822134
1,0,0.41460683117822134
1,0,0.41460683117822134
1,0,0.41460683117822134
1,0,0.41460683117822134
1,0,0.41460683117822134
1,0,0.41460683117822134
1,0,0.41460683117822134
1,0,0.41460683117822134
1,0,0.41460683117822134
1,0,0.41460683117822134
1,0,0.41460683117822134
0,0,0.41460683117822134
0,0,0.41460683117822134
0,0,0.41460683117822134
0,0,0.41460683117822134
0,0,0.41460683117822134
0,0,0.41460683117822134
0,0,0.41460683117822134
0,0,0.41460683117822134
0,0,0.41460683117822134
0,0,0.41460683117822134
0,0,0.41460683117822134
0,0,0.41460683117822134
0,0,0.41460683117822134
0,0,0.41460683117822134
0,0,0.41460683117822134
0,0,0.41460683117822134
0,0,0.41460683117822134
0,0,0.41460683117822134
0,0,0.41460683117822134
0,0,0.41460683117822134
0,0,0.41460683117822134
0,0,0.41460683117822134
0,0,0.41460683117822134
1,0,0.4215075156065361
1,0,0.42477866843829937
1,0,0.4215075156065361
1,0,0.41460683117822134
1,0,0.41460683117822134
1,0,0.41460683117822134
1,0,0.41460683117822134
1,0,0.41460683117822134
1,0,0.41460683117822134
1,0,0.41460683117822134
1,0,0.41460683117822134
1,0,0.41460683117822134
1,0,0.41460683117822134
1,0,0.41460683117822134
1,0,0.41460683117822134
1,0,0.41460683117822134
1,0,0.41460683117822134
1,0,0.41460683117822134
1,0,0.41460683117822134
1,0,0.41460683117822134
1,0,0.41460683117822134
1,0,0.41460683117822134
1,0,0.41460683117822134
0,0,0.41460683117822134
0,0,0.41460683117822134
0,0,0.41460683117822134
0,0,0.41460683117822134
0,0,0.41460683117822134
0,0,0.41460683117822134
0,0,0.41460683117822134
0,0,0.41460683117822134
0,0,0.41460683117822134
0,0,0.41460683117822134
0,0,0.41460683117822134
0,0,0.41460683117822134
0,0,0.41460683117822134
0,0,0.41460683117822134
0,0,0.41460683117822134
0,0,0.41460683117822134
0,0,0.41460683117822134
0,0,0.41460683117822134
0,0,0.41460683117822134
0,0,0.41460683117822134
0,0,0.41460683117822134
0,0,0.41460683117822134
0,0,0.41460683117822134
0,0,0.41460683117822134
0,0,0.41460683117822134
0,0,0.41460683117822134
0,0,0.41460683117822134
0,0,0.41460683117822134
0,0,0.41460683117822134
0,0,0.41460683117822134
0,0,0.41460683117822134
0,0,0.41460683117822134
0,0,0.41460683117822134
0,0,0.41460683117822134
0,0,0.41460683117822134
0,0,0.4215075156065361
0,0,0.4215075156065361
0,0,0.41460683117822134
0,0,0.41460683117822134
0,0,0.41460683117822134
0,0,0.41460683117822134
0,0,0.41460683117822134
0,0,0.41460683117822134
0,0,0.4215075156065361
0,0,0.43430874855018703
0,0,0.435709246979809
0,0,0.43430874855018703
0,0,0.43430874855018703
0,0,0.42477866843829937
0,0,0.41460683117822134
0,0,0.41460683117822134
0,0,0.41460683117822134
0,0,0.41460683117822134
0,0,0.41460683117822134
0,0,0.41460683117822134
0,0,0.41460683117822134
0,0,0.41460683117822134
0,0,0.41460683117822134
0,0,0.41460683117822134
1,0,0.41460683117822134
1,0,0.41460683117822134
1,0,0.41460683117822134
1,0,0.41460683117822134
1,0,0.41460683117822134
1,0,0.41460683117822134
1,0,0.41460683117822134
1,0,0.41460683117822134
1,0,0.41460683117822134
1,0,0.41460683117822134
1,0,0.41460683117822134
1,0,0.41460683117822134
1,0,0.41460683117822134
1,0,0.41460683117822134
1,0,0.41460683117822134
1,0,0.41460683117822134
1,0,0.41460683117822134
1,0,0.41460683117822134
1,0,0.41460683117822134
1,0,0.41460683117822134
1,0,0.41460683117822134
1,0,0.41460683117822134
1,0,0.41460683117822134
1,0,0.41460683117822134
1,0,0.41460683117822134
1,0,0.41460683117822134
1,0,0.41460683117822134
1,0,0.41460683117822134
1,0,0.41460683117822134
1,0,0.41460683117822134
1,0,0.41460683117822134
1,0,0.41460683117822134
1,0,0.41460683117822134
1,0,0.41460683117822134
1,0,0.41460683117822134
1,0,0.41460683117822134
1,0,0.41460683117822134
1,0,0.41460683117822134
1,0,0.41460683117822134
1,0,0.41460683117822134
1,0,0.41460683117822134
1,0,0.41460683117822134
1,0,0.41460683117822134
1,0,0.41460683117822134
1,0,0.41460683117822134
1,0,0.41460683117822134
0,0,0.41460683117822134
0,0,0.41460683117822134
0,0,0.41460683117822134
0,0,0.41460683117822134
0,0,0.41460683117822134
0,0,0.41460683117822134
0,0,0.41460683117822134
0,0,0.41460683117822134
0,0,0.41460683117822134
0,0,0.41460683117822134
0,0,0.41460683117822134
0,0,0.41460683117822134
0,0,0.41460683117822134
0,0,0.41460683117822134
0,0,0.41460683117822134
0,0,0.41460683117822134
0,0,0.41460683117822134
0,0,0.41460683117822134
0,0,0.41460683117822134
0,0,0.41460683117822134
0,0,0.41460683117822134
0,0,0.41460683117822134
0,0,0.41460683117822134
0,0,0.41460683117822134
0,0,0.41460683117822134
0,0,0.41460683117822134
0,0,0.41460683117822134
0,0,0.41460683117822134
0,0,0.41460683117822134
0,0,0.41460683117822134
0,0,0.41460683117822134
0,0,0.41460683117822134
0,0,0.41460683117822134
0,0,0.41460683117822134
0,0,0.41460683117822134
0,0,0.41460683117822134
0,0,0.41460683117822134
0,0,0.41460683117822134
0,0,0.41460683117822134
0,0,0.41460683117822134
0,0,0.41460683117822134
0,0,0.41460683117822134
0,0,0.41460683117822134
0,0,0.41460683117822134
0,0,0.41460683117822134
0,0,0.41460683117822134
0,0,0.41460683117822134
0,0,0.41460683117822134
0,0,0.41460683117822134
0,0,0.41460683117822134
0,0,0.41460683117822134
0,0,0.41460683117822134
0,0,0.41460683117822134
0,0,0.41460683117822134
0,0,0.41460683117822134
0,0,0.41460683117822134
0,0,0.41460683117822134
0,0,0.41460683117822134
0,0,0.41460683117822134
0,0,0.41460683117822134
0,0,0.41460683117822134
0,0,0.41460683117822134
0,0,0.41460683117822134
0,0,0.41460683117822134
0,0,0.41460683117822134
0,0,0.41460683117822134
0,0,0.41460683117822134
0,0,0.41460683117822134
0,0,0.41460683117822134
0,0,0.41460683117822134
0,0,0.41460683117822134
0,0,0.41460683117822134
0,0,0.41460683117822134
0,0,0.41460683117822134
0,0,0.41460683117822134
0,0,0.41460683117822134
0,0,0.41460683117822134
0,0,0.41460683117822134
0,0,0.41460683117822134
0,0,0.41460683117822134
0,0,0.41460683117822134
0,0,0.41460683117822134
0,0,0.41460683117822134
0,0,0.41460683117822134
0,0,0.41460683117822134
0,0,0.41460683117822134
0,0,0.41460683117822134
0,0,0.41460683117822134
0,0,0.41460683117822134
0,0,0.41460683117822134
0,0,0.41460683117822134
0,0,0.41460683117822134
0,0,0.41460683117822134
0,0,0.41460683117822134
0,0,0.41460683117822134
0,0,0.41460683117822134
0,0,0.41460683117822134
0,0,0.41460683117822134
0,0,0.41460683117822134
0,0,0.41460683117822134
0,0,0.41460683117822134
0,0,0.41460683117822134
0,0,0.41460683117822134
0,0,0.41460683117822134
0,0,0.41460683117822134
0,0,0.41460683117822134
0,0,0.41460683117822134
0,0,0.41460683117822134
0,0,0.41460683117822134
0,0,0.41460683117822134
0,0,0.41460683117822134
0,0,0.41460683117822134
0,0,0.41460683117822134
0,0,0.41460683117822134
0,0,0.17616091300323095
0,0,0.2049260816527286
0,0,0.19977788202452015
0,0,0.22002601090925983
0,0,0.19368782368795806
0,0,0.20797392751003949
0,0,0.19698956482558164
0,0,0.17525178671605396
0,0,0.20170992429300325
0,0,0.22493010322820325
0,0,0.2220920009643269
0,0,0.22207180516088126
0,0,0.21961901973428655
0,0,0.23285201061837388
0,0,0.1907449337647749
0,0,0.2568951794083726
0,0,0.2591903123568572
0,0,0.21886130660915634
0,0,0.24505083015490986
0,0,0.22644195260919836
0,0,0.1984681743065337
0,0,0.23136319996887544
0,0,0.23615937165784906
0,0,0.18416547120961868
0,0,0.22191715419550703
0,0,0.23904593836761992
0,0,0.21013892409869314
0,0,0.2088250796352049
0,0,0.22021980476265376
0,0,0.18347695361620242
0,0,0.12677900856167942
0,0,0.12766546724786867
0,0,0.14622250287197144
0,0,0.11175435852035356
0,0,0.11694510883091225
0,0,0.1361985616682121
0,0,0.1336643018773851
0,0,0.1244222283050974
0,0,0.13280666954534634
0,0,0.11922275812784998
0,0,0.12994557164321902
0,0,0.12846435470014617
0,0,0.11719154511927664
0,0,0.15589925817355504
0,0,0.15771165432868048
0,0,0.1313913440072332
0,0,0.13502391506520234
0,0,0.10694974448889853
0,0,0.12991899366691645
0,0,0.14894516365821409
0,0,0.14746530527194984
0,0,0.1522512502023862
0,0,0.13511927844724256
0,0,0.14034607509112795
0,0,0.14446948567155768
0,0,0.1277156124309586
0,0,0.10457388078111275
0,0,0.10187174235086938
0,0,0.12339945422612962
0,0,0.11758165859467765
0,0,0.12046626163138675
0,0,0.14335545784101225
0,0,0.11990782894612569
0,0,0.13744117691791927
0,0,0.12675825505019903
0,0,0.14332277692935694
0,0,0.15322764044577866
0,0,0.1127217190865491
0,0,0.09926135881479223
0,0,0.11472799876643273
0,0,0.12435438972540773
0,0,0.12670960990624666
0,0,0.1407470255974299
0,0,0.13867349459240272
0,0,0.13104218167315748
0,0,0.1902419473939141
0,0,0.19704481848864983
0,0,0.16821396122211282
0,0,0.16902403484021009
0,0,0.1686501736222121
0,0,0.2899052109445304
0,0,0.245821102719692
0,0,0.15281550159705848
0,0,0.1728903557142134
0,0,0.1637589962163838
0,0,0.15442981786785143
0,0,0.14409174019334897
0,0,0.1550295521727444
0,0,0.128547773709538
0,0,0.20927475191909045
0,0,0.22979570670314772
0,0,0.20238554377844845
0,0,0.16825188384889103
0,0,0.20587936181682612
1,1,0.8682812230863377
1,1,0.8671124918465323
1,1,0.8894773687673078
1,1,0.8763944040848388
1,1,0.8441041368763577
1,1,0.8054863111723012
1,1,0.8104155507863463
1,1,0.8260092563987861
1,1,0.8507084763461213
1,1,0.8213919129696423
1,1,0.8189684639468324
1,1,0.8380815141899508
1,1,0.8528202207243794
1,1,0.8647368408297664
1,1,0.8807888638294369
1,1,0.8664755597565936
1,1,0.8195547697850337
1,1,0.8542261516751734
1,1,0.8784161291300571
1,1,0.8390528330707301
1,1,0.846573843909844
1,1,0.8513700403458561
1,1,0.8565746179799215
1,1,0.8489253165598604
1,1,0.849680204168297
1,1,0.8397869802728772
1,1,0.8443748666177623
1,1,0.8487842086008874
1,1,0.8361437018023149
1,1,0.8554496677984315
1,1,0.8522751762560331
1,1,0.8203067673621471
1,1,0.8524159182143244
1,1,0.8518457441471449
1,1,0.8487214054696142
1,1,0.8413666699740951
1,1,0.8463821461770223
1,1,0.8456847653581163
1,1,0.8681051523558858
1,1,0.8299703317169549
1,1,0.8307891867212733
1,1,0.8709166958965229
1,1,0.8738774479395888
1,1,0.8713478737376519
1,1,0.8759831180887926
1,1,0.8453482923329251
1,1,0.8570849260409941
1,1,0.8615720496222063
1,1,0.8576059352400165
1,1,0.8731728618411897
1,1,0.8685479053334688
1,1,0.8654310741098921
1,1,0.8483191411164646
1,1,0.8411517365839852
1,1,0.8378766648847098
1,1,0.8384551442322019
1,1,0.8575821273662902
1,1,0.8423303886660666
1,1,0.8513181572524755
1,1,0.8713382478937417
1,1,0.853645439736787
1,1,0.8653938552499122
1,1,0.863225246508934
1,1,0.832931250688198
1,1,0.8747161926764803
1,1,0.8448443791414958
1,1,0.8395614249010548
1,1,0.8580482066653239
1,1,0.8433329430374813
0,1,0.8381992756195068
0,1,0.8434001413367396
0,1,0.8359405408143223
0,1,0.781711912398667
0,1,0.8113503895261189
0,1,0.8428694869638105
0,1,0.8486381571728132
0,1,0.8087527106836105
0,1,0.7474534225275166
0,1,0.8556312677870901
0,1,0.8539342480746087
0,1,0.7866048170753941
0,1,0.8173975128866854
0,1,0.8012810810245434
0,1,0.8555910898171872
0,1,0.869964427356407
0,1,0.8431591635467338
0,1,0.8313933327981283
0,1,0.8364776541994116
0,1,0.7939918743167587
0,1,0.7833882621070392
0,1,0.8032692057103036
0,1,0.7849139704123529
0,1,0.8820002184232105
0,1,0.8867259878593576
0,1,0.8438547134657874
0,1,0.8512191081539845
0,1,0.7905954690812618
0,1,0.817423766735259
0,1,0.8495704925149371
0,1,0.8487025147916029
0,1,0.8706490407056156
0,1,0.8702267235073632
0,1,0.8530194354389193
0,1,0.8677171423173686
0,1,0.8816157160800495
0,1,0.8820547153521274
0,1,0.899985563383507
0,1,0.8848995528291412
0,1,0.8687953952258082
0,1,0.8907173317708031
0,1,0.8821631287468379
0,1,0.8966635776219372
0,1,0.8791322342341812
0,1,0.8792816332231329
0,1,0.7538091057347323
1,0,0.17649530582595083
1,0,0.1606527228195019
1,0,0.1704516486500397
1,0,0.15851441969842203
1,0,0.1700465094643619
1,0,0.1261429690772461
1,0,0.17766626217816056
1,0,0.15010456483098375
1,0,0.1405377834438403
1,0,0.14976843558528186
1,0,0.13866937140417368
1,0,0.13003296176581572
1,0,0.12398856682878016
1,0,0.1247573233550705
1,0,0.1333418993960246
1,0,0.11233270831968674
1,0,0.14232147548758856
1,0,0.13470425058136803
1,0,0.12548480614390356
1,0,0.11617118592063921
1,0,0.12060416862252048
1,0,0.13178258058996722
1,0,0.13035129143590302
1,0,0.119124252956898
1,0,0.10533295344509343
1,0,0.10312354767562491
1,0,0.17063355504926278
1,0,0.1628196018846743
1,0,0.13126325654230467
1,0,0.12516257945871712
1,0,0.1517084863337858
1,0,0.1659246808877051
1,0,0.13479572723928443
1,0,0.14250527048980582
1,0,0.15115811190439196
1,0,0.1330930586178494
1,0,0.12929694559960472
1,0,0.12815802053078287
1,0,0.1519539921275896
1,0,0.15750635981895417
1,0,0.18997243750329265
1,0,0.16734863160040334
1,0,0.14333713668229037
1,0,0.12523441369729418
1,0,0.10867448638091154
1,0,0.09937051005452056
1,0,0.09674539719436431
1,0,0.09484364910666487
1,0,0.09618702183910831
1,0,0.10257209081179326
1,0,0.12203632003564525
1,0,0.12646022321835332
1,0,0.11198306507748479
1,0,0.13402027550648393
1,0,0.14623306937259728
1,0,0.14744854961666967
1,0,0.13524652818201285
1,0,0.18513420789823354
1,0,0.1350841737102381
1,1,0.8300154220547339
1,1,0.8363688621601162
1,1,0.864685697466317
1,1,0.8663075278294126
1,1,0.8432000022153496
1,1,0.8536771760326601
1,1,0.8447279962640166
1,1,0.8318546779306162
1,1,0.7801667518555192
1,1,0.8326739500139057
1,1,0.8251927832684787
1,1,0.8323669820278427
1,1,0.8198856723668534
1,1,0.8521171378106878
1,1,0.8617833945672503
1,1,0.844469640852887
1,1,0.8716916531910874
1,1,0.8551231526065483
1,1,0.8646799657192739
1,1,0.8735640626414571
1,1,0.865125555139263
1,1,0.882312112485886
1,1,0.8695470304053654
1,1,0.8600993540301094
1,1,0.8644998852411188
1,1,0.863843136023634
1,1,0.8468169424763939
1,1,0.8485803090723458
1,1,0.8784988953000494
1,1,0.8656003753981872
1,1,0.8625658476230293
1,1,0.8642940202331559
1,1,0.8717045434438296
1,1,0.8895614240391303
1,1,0.8778847731265286
1,1,0.8836288166767825
1,1,0.8931868730821928
1,1,0.8843105624335267
1,1,0.8666186081436443
1,1,0.8642062492671997
1,1,0.8659555505760952
1,1,0.8738489715581198
1,1,0.859009963852774
1,1,0.890953279502373
1,1,0.8756100306763642
1,1,0.890346423065922
0,0,0.22977403707813462
0,0,0.18937013119886736
0,0,0.1738139105106571
0,0,0.1934263873158235
0,0,0.22384191697684794
0,0,0.22653685417412522
0,0,0.2193797065683245
0,0,0.17825611263748278
0,0,0.1819844815639425
0,0,0.20151205348086787
0,0,0.2212210438672014
0,0,0.15932481305882007
0,0,0.21658470860282558
0,0,0.19382784225107108
0,0,0.18338449548196759
0,0,0.21430503295890485
0,0,0.17655022956521432
0,0,0.16089661614602455
0,0,0.1661546358753927
0,0,0.1726113432006288
0,0,0.1852292050529372
0,0,0.16546657382533653
0,0,0.19911825875924793
0,0,0.24469289620228765
0,0,0.19516746816193034
0,0,0.17664462784274165
0,0,0.16930844421626992
0,0,0.18178600494286512
0,0,0.2052576600822008
0,0,0.22786977084421595
0,0,0.22172821514370714
0,0,0.21944485123776936
0,0,0.20344327889791047
0,0,0.19593290060223695
0,0,0.20590984637129622
0,0,0.2483320577650412
0,0,0.270070739817222
0,0,0.2590606776541118
0,0,0.24952413176885496
0,0,0.2501410137491474
0,0,0.2209324285248935
0,0,0.227097355863628
0,0,0.252829263474385
0,0,0.2006925010462427
0,0,0.22819231821480856
0,0,0.19850553212402886
0,0,0.20586060358060845
0,0,0.1849760057671661
0,0,0.1915404720520276
0,0,0.1924671770846976
0,0,0.2296388252759116
0,0,0.24061217914485286
0,0,0.24796438689522968
0,0,0.2273432248604102
0,0,0.26440515222160443
0,0,0.26979184938397166
0,0,0.18850296356136276
0,0,0.17733565221255587
0,0,0.2194067024567335
0,0,0.25098790078847366
0,0,0.2369512405140101
0,0,0.18025163031870345
0,0,0.20861483051655832
0,0,0.2531108144395833
0,0,0.31520180714585627
0,0,0.26743876385732074
0,0,0.27077031039988286
0,0,0.2556789208976857
0,0,0.16046963738525022
0,0,0.15864348622496738
0,0,0.15489306654291268
0,0,0.2014539493474758
0,0,0.1982348242850166
0,0,0.18809351864217455
0,0,0.20142221486399234
0,0,0.26674777018842744
0,0,0.18711820063843343
0,0,0.2838049291778655
0,0,0.2572438951452635
0,0,0.2003983598238691
0,0,0.21131123563802529
0,0,0.2036665749304099
0,0,0.21227052504405455
0,0,0.1727481236219216
0,0,0.2639668304285489
0,0,0.26653822353684165
0,0,0.2775306129933962
0,0,0.2615789942758854
0,0,0.2950932775853735
0,0,0.2945362749935622
0,0,0.30802431624836757
0,0,0.2781515961765558
0,0,0.2582822159937877
0,0,0.25815448090910387
0,0,0.2494047289089161
0,0,0.25310266947737875
0,0,0.2640808886689829
0,0,0.2807310545589024
0,0,0.2261184474916739
0,0,0.24770171488460582
0,0,0.18574437106068586
0,0,0.1672344434754583
0,0,0.19818933422146384
0,0,0.18510131491070062
0,0,0.18459063086344554
0,0,0.2455206335623682
0,0,0.1998412356358731
0,0,0.19209004702222732
0,0,0.18675096158464785
0,0,0.21686591079160583
0,0,0.2676280627224765
0,0,0.31720016032792653
0,0,0.3024396390334946
0,0,0.24043210270296936
0,0,0.13137404501983188
0,0,0.12412559347066221
0,0,0.1662985716705104
0,0,0.19316370284212298
0,0,0.20516512805817885
0,0,0.20918767841205593
0,0,0.20135556115625566
0,0,0.19013566423287367
0,0,0.20745088863744793
0,0,0.20534794209491702
0,0,0.18435314528729335
0,0,0.1908830642822396
0,0,0.18976439351855884
0,0,0.19557652274077825
0,0,0.2168944751452355
0,0,0.2157954797246153
0,0,0.20735430668399538
0,0,0.21212683685286657
0,0,0.19867322078601976
0,0,0.17647659890772385
0,0,0.20555997469209403
0,0,0.18456042918163518
0,0,0.19338772016858458
0,0,0.24591676050889194
0,0,0.23738505390568132
0,0,0.19265200356958903
0,0,0.16273725425305027
0,0,0.21189687401127089
0,0,0.22602801368291076
0,0,0.21926890519707176
0,0,0.19966760443970802
0,0,0.1927575718535296
0,0,0.19746322884143602
0,0,0.1995353393047582
0,0,0.20719060403896092
0,0,0.20668476352449933
0,0,0.20760762275937494
0,0,0.19335024649036384
0,0,0.19450249481627893
0,0,0.20802277795455434
0,0,0.22081380822454733
0,0,0.18320097101096836
0,0,0.1601811747778328
0,0,0.18648099000883434
0,0,0.20783115872316565
0,0,0.17768912566024586
0,0,0.16605783473791924
0,0,0.18073794977843236
0,0,0.18110842410855235
0,0,0.18511356525677905
0,0,0.1952556340439843
0,0,0.1726059252515503
0,0,0.16761341185613574
0,0,0.1886087646946896
0,0,0.2021694523308707
0,0,0.2291491631933841
0,0,0.2268732341563361
0,0,0.201218933435393
0,0,0.1955629705508337
0,0,0.184379140051648
0,0,0.2005961448670051
0,0,0.22384188271225514
0,0,0.21667667772723478
0,0,0.20508349502981502
0,0,0.207229042870169
0,0,0.21291815493418173
0,0,0.22335311109189848
0,0,0.20838215279430639
0,0,0.21380561159058936
0,0,0.18678860293091104
0,0,0.1880228457239489
0,0,0.212582213400269
0,0,0.22064026035446985
0,0,0.2364476166271952
0,0,0.21077978018519544
0,0,0.1939796229002983
0,0,0.17996518709976184
0,0,0.14680921236065658
0,0,0.15321292876658443
0,0,0.2023281721966928
0,0,0.1896535909498111
0,0,0.17674358049176095
0,0,0.17086184659710082
0,0,0.191525487491064
0,0,0.20875209377115034
0,0,0.17727432487372397
0,0,0.22281592577452147
0,0,0.2470565867591281
0,0,0.22390820773123765
0,0,0.16101641486021953
0,0,0.19285859836248392
0,0,0.2409375064594958
0,0,0.23011388042324582
0,0,0.24011507656434283
0,1,0.7568599921993979
0,1,0.7456255656994424
0,1,0.7199958610398665
0,1,0.6506933061925924
0,1,0.6257504082742281
0,1,0.7254217243309475
0,1,0.7282514747940272
0,1,0.7165879023745088
0,1,0.7437672960496551
0,1,0.7507236175375592
0,1,0.7371128109096448
0,1,0.7471128109096448
0,1,0.7286832805543649
0,1,0.754544227265695
0,1,0.7539659354359192
0,1,0.7399952313588751
0,1,0.7492638632957072
0,1,0.7385419539021219
0,1,0.7540502495259599
0,1,0.7597694016216792
0,1,0.7419416649809828
0,1,0.7425802191528281
0,1,0.7184030589361038
0,1,0.6473275873390526
0,1,0.6416734150251527
0,1,0.6580422115809328
0,1,0.6431352955419405
0,1,0.6565232041169523
0,1,0.6519748938306046
0,1,0.662769250113144
0,1,0.6449661530978158
0,1,0.7545907913328505
0,1,0.7498853266222251
0,1,0.760011882221898
0,1,0.754047812346781
0,1,0.7351660959710606
0,1,0.7383034795754209
0,1,0.664770737037051
0,1,0.6766633207737016
0,1,0.6651938671674249
0,1,0.6615546078991996
0,1,0.6542003037402456
0,1,0.6760160737901134
0,1,0.6704414561548157
0,1,0.661594337397885
0,1,0.674363006823807
0,1,0.6554931865774941
0,1,0.5694755301846457
0,1,0.5885745856213742
0,1,0.64632251488911
0,1,0.6414590844557482
0,1,0.562691618770497
0,1,0.505328191218156
0,1,0.5286936760436227
0,1,0.5584669602830988
0,1,0.5506707271491034
0,1,0.6549079562574255
0,1,0.6459504690307771
0,1,0.6456739097072313
0,1,0.6199172254481915
0,1,0.6545668506353859
0,1,0.6393486942598254
0,1,0.5871487801291616
0,1,0.528779163295551
0,1,0.6383954660924483
0,1,0.628292198585501
0,1,0.7108235512189348
0,0,0.4326963347864259
0,0,0.3670573627879237
0,0,0.49146399378061645
0,0,0.49479654977124204
0,1,0.5459105257350378
0,1,0.5439377903081068
0,1,0.5112889714581011
0,1,0.5152151643345951
0,0,0.47912696401645877
0,1,0.5432750204917859
0,1,0.5647155476874475
0,1,0.5702824724731971
0,1,0.5896671831335839
0,1,0.5369925092580943
0,1,0.533810324754633
0,0,0.4625062760632916
0,1,0.5613292310986064
0,1,0.5545067014259296
0,0,0.44342718078864574
0,0,0.4815877671635744
0,1,0.5097853307018392
0,0,0.44455848734283326
0,1,0.5670446683210182
0,1,0.6320946180117842
0,0,0.46796866525446085
0,1,0.6411036694194153
0,1,0.6430399598018384
0,1,0.6339029638570516
0,1,0.628748738303734
0,1,0.6166263499588885
0,1,0.6420900831743621
0,1,0.6359960247371513
0,1,0.6344436805468289
0,1,0.6220905389032242
0,1,0.7118342091335793
0,1,0.7077599473775099
0,1,0.7053433349534679
0,1,0.6631863583737673
0,1,0.6725318605540067
0,1,0.6239555667671255
0,1,0.6561808897021193
0,1,0.6255679422539695
0,1,0.6392483770784227
0,1,0.6452756398439895
0,1,0.6289900530326786
0,1,0.6202932332644325
0,0,0.3814331102736395
0,1,0.5959833778066093
0,0,0.17013097846710745
0,0,0.20021953567163958
0,0,0.17671086898075505
0,0,0.19163319602087153
0,0,0.18516279556348966
0,0,0.19207333227217316
0,0,0.181504620744935
0,0,0.18932389792762
0,0,0.2006313610522281
0,0,0.19295684198210306
0,0,0.22650052404566728
0,0,0.2222331020255135
0,0,0.15393270529346753
0,0,0.23629164753681212
0,0,0.36141949147205904
0,0,0.3365104847367421
0,0,0.3242430884058065
0,0,0.2718259356307485
0,0,0.29292319781898696
0,0,0.3601589221827924
0,0,0.35071300139616624
0,0,0.29183776942724615
0,0,0.21415203287398044
0,0,0.17331925467444476
0,0,0.19388578789752003
0,0,0.240505173628126
0,0,0.20635924890404023
0,0,0.2121089287380457
0,0,0.19791087045806216
0,0,0.20425719626894398
0,0,0.21304172639159188
0,0,0.21314171369280455
0,0,0.18961408165474006
0,0,0.2143134974283286
0,0,0.21382221101378446
0,0,0.2215967213455273
0,0,0.19558498637786634
0,0,0.2150745684895022
0,0,0.23445064111237152
0,0,0.23861020721482454
0,0,0.23951005347638876
0,0,0.23800117462647957
0,0,0.2592496314050067
0,0,0.2695499916700509
0,0,0.2342899550236786
0,0,0.23319783930234095
0,0,0.2395452969476281
0,0,0.21470171326928664
0,0,0.19889322669431503
0,0,0.2048989249122011
0,0,0.20307790563059772
0,0,0.21053161759804076
0,0,0.23086714809757214
0,0,0.21118024533917112
0,0,0.21133866315043384
0,0,0.1926845585976092
0,0,0.17623569606671555
0,0,0.20196068713642545
0,0,0.17833631497662633
0,1,0.6934538917223202
0,1,0.6904407836170995
0,1,0.6858604208571394
0,1,0.6826098606325557
0,1,0.6622646414861532
0,1,0.6764984331163287
0,1,0.5752573080749948
0,1,0.5947372363265562
0,1,0.612671484163275
0,1,0.6301205603255909
0,1,0.6177766644836598
0,1,0.6317560895075914
0,1,0.6354620705222289
0,1,0.6249065093972148
0,1,0.6371729330291038
0,1,0.6432865889365823
0,1,0.6145146636691166
0,1,0.6104080667360713
0,1,0.6031385935541105
0,0,0.49800041140998635
0,0,0.406266870314553
0,0,0.39547742161358707
0,1,0.5821171579345988
0,0,0.49712395285702743
0,1,0.560013446394653
0,1,0.6422508267285741
0,1,0.6126039719406342
0,1,0.5409473110231742
0,1,0.5927645668747823
0,1,0.6041532631194666
0,1,0.5883939753097793
0,1,0.6334504009667652
0,1,0.6234504009667652
0,1,0.6093813324585182
0,1,0.6188076518523922
0,1,0.6090579635931685
0,1,0.6062075241336925
0,1,0.6308392589962908
0,1,0.6191661879228001
0,1,0.6379077899898298
0,1,0.6374976405420073
0,1,0.6278537276516303
0,1,0.6257432166577445
0,1,0.6206399171424312
0,1,0.6178997301410343
0,1,0.6178921048746512
0,0,0.22172195312118423
0,0,0.20055165138786582
0,0,0.19362191293967926
0,0,0.19132099059121896
0,0,0.21083081935357753
0,0,0.1905337908968439
0,0,0.2019960177294133
0,0,0.20616648837784754
0,0,0.19429881061034274
0,0,0.20495160038384738
0,0,0.1977005901366241
0,0,0.1946885990577523
0,0,0.1962096994270056
0,0,0.22388883110085556
0,0,0.1914262599369399
0,0,0.16971031076967816
0,0,0.1898789980074509
0,0,0.1989333978835306
0,0,0.21594607061437288
0,0,0.22000469990296664
0,0,0.24105532600302199
0,0,0.23751203163550913
0,0,0.2085767337731706
0,0,0.20789961222431746
0,0,0.21518747340044886
0,0,0.23130300655108801
0,0,0.23544133039987286
0,0,0.25289461139131253
0,0,0.24478371113364097
0,0,0.24623921965764078
0,0,0.23356921634784006
0,0,0.23964269913223857
0,0,0.2527229866106983
0,0,0.24984932926460116
0,0,0.24535557047448836
0,0,0.2551954242660128
0,0,0.24136557719092191
0,0,0.22138447276974813
0,0,0.2477841137302798
0,0,0.26754577084236564
0,0,0.24139318954342884
0,0,0.2396624363922313
0,0,0.2622807960505018
0,0,0.25784301383043906
0,0,0.23362646929395814
0,0,0.2200682489631529
0,0,0.23224627157108008
0,0,0.2400261487285366
0,0,0.2407460214608663
0,0,0.2524423652309851
0,0,0.2382816039170588
0,0,0.2387888500862655
0,0,0.25026855294951533
0,0,0.2533366241449222
0,0,0.2349809149030198
0,0,0.21936865799953031
0,0,0.18793334346877966
0,0,0.2060592192131246
0,0,0.232933433967913
0,0,0.21740268986086078
0,0,0.2342017327198014
0,0,0.24652695137563974
0,0,0.23139784666598678
0,0,0.2503152505541732
0,0,0.22703325680099865
0,0,0.2289851787738779
0,0,0.2098900038111366
0,0,0.1949672960274812
0,0,0.19975121684587857
0,0,0.22081851479628387
0,0,0.21750150388840492
0,0,0.1888291239143952
0,0,0.15932611924815793
0,0,0.18313090785251254
0,0,0.20262639770089386
0,0,0.21198676390302879
0,0,0.23653488016926538
0,0,0.24888385425960838
0,0,0.2436589014794534
0,0,0.21529491201107373
0,0,0.22342866523404087
0,0,0.2163045797528081
0,0,0.22382987101013146
0,0,0.21371977318902066
0,0,0.24065669004851709
0,0,0.23467113030048356
0,0,0.2518079632711009
0,0,0.25385145704547724
0,0,0.23157967351558914
0,0,0.23792500683858844
0,0,0.2471680179240138
0,0,0.24578657084051056
0,0,0.21690493463036234
0,0,0.1955655952258485
0,0,0.2280307576100298
0,0,0.24758135799657058
0,0,0.24359684582664745
0,0,0.2286475818554108
0,0,0.20602265404809722
0,0,0.1938625945206239
0,0,0.2160758556863323
0,0,0.26387066706979145
0,0,0.2507896106641782
0,0,0.2395089332356458
0,0,0.22742142571723825
0,0,0.2391331832005791
0,0,0.24484912065955192
0,0,0.24688765298342807
0,0,0.232624946882185
0,0,0.23004140751743637
0,0,0.19830782274617278
0,0,0.199861315110499
0,0,0.21326688415632725
0,0,0.2555742292480702
0,0,0.15923019803408048
0,0,0.15979415639616193
0,0,0.1665021029657691
0,0,0.15463921372901576
0,0,0.17582974214291106
0,0,0.16914420269334837
0,0,0.18722637739081768
0,0,0.17663403504002465
0,0,0.18493297962026825
0,0,0.19702641388244518
0,0,0.2100787405582699
0,0,0.20791499696646096
0,0,0.20290450867124682
0,0,0.19571007768609394
0,0,0.1915029483310498
0,0,0.18742962231067678
0,0,0.214886534643815
0,0,0.22097057627195105
0,0,0.2084687593549893
0,0,0.21750962891805053
0,0,0.22033676118244538
0,0,0.22836935838243128
0,0,0.2361691732745479
0,0,0.22160820470934842
0,0,0.16991538420152036
0,0,0.17027574280144056
0,0,0.17713755758751734
0,0,0.1753050412632415
0,0,0.15160633157413272
0,0,0.16907980829971245
0,0,0.12553003419605135
0,0,0.1310726681061014
0,0,0.11849389443275589
0,0,0.13884290353797177
0,0,0.18402422477198943
0,0,0.16640863981370527
0,0,0.1815573145500068
0,0,0.17737136442365667
0,0,0.2028507627411441
0,0,0.18966665679907063
0,0,0.17043449459567717
0,0,0.1619077158363998
0,0,0.16301846787874705
0,0,0.2092773243770525
0,0,0.1985708435435918
0,0,0.1917417884975249
0,0,0.1729413521827603
0,0,0.20663054742257408
0,0,0.2140244297814004
0,0,0.16435963349026378
0,0,0.13961186541480555
0,0,0.15884467679288553
0,0,0.16241506780708703
0,0,0.15327324252399044
0,0,0.13238981793860122
0,0,0.22006765462359282
0,0,0.20824977031502304
0,0,0.16614274424558098
0,0,0.16315826947102008
0,0,0.13815469573208317
0,0,0.15593711740626484
0,0,0.17985272138395
0,0,0.16796714147166272
0,0,0.12596332148218836
0,0,0.14331316977050418
0,0,0.13244014712176033
0,0,0.15548912971706572
0,0,0.1404980358068419
0,0,0.16608723172718598
0,0,0.14087783737212156
0,0,0.14908542114563142
0,0,0.15829229222564012
0,0,0.14408438457954958
0,0,0.1585991658806115
0,0,0.1419346742529441
0,0,0.1524176125033372
0,0,0.21221824803834197
0,0,0.21403333092123134
0,0,0.22122451883699573
0,0,0.18988404208358112
0,0,0.175174391651595
0,0,0.17782661309631034
0,0,0.19578063564817266
0,0,0.1562479599241781
0,0,0.16256816640887717
0,0,0.16530577449386158
0,0,0.1514439149550321
0,0,0.14163791023702418
0,0,0.18609788110867
0,0,0.14051586085064213
0,0,0.1608657678094253
0,0,0.16162925540882206
0,0,0.16579791755916148
0,0,0.15711408780950106
0,1,0.5873950861821339
0,1,0.5821982678867074
0,1,0.595269013428478
0,1,0.607593859932998
0,1,0.5036270694880036
0,1,0.5124662503472771
0,1,0.590429598591107
0,1,0.6187321069549884
0,1,0.601597472722622
0,1,0.5299185311963523
0,1,0.5598624229768892
0,1,0.546738108733048
0,1,0.6507827508901076
0,1,0.6323692673627002
0,1,0.5443767276605257
0,1,0.5721822549761807
0,1,0.5782584329074262
0,1,0.5697259591264751
0,1,0.6605822525554548
0,1,0.654944635908667
0,1,0.5765323210174471
0,1,0.5634008646200499
0,1,0.6565619503116694
1,1,0.5580565875565476
1,1,0.6000367631290489
1,1,0.5492585457693527
1,1,0.5104464442535213
1,1,0.5316928345335024
1,0,0.4956116156334712
1,1,0.5877338815648657
1,1,0.6127523654185745
1,1,0.5737817286635807
1,1,0.5711534372528553
1,1,0.5633303172052221
1,1,0.5485165823364095
1,1,0.5399646712339013
1,1,0.560636576071512
1,1,0.6706549592375779
1,1,0.6708331461314886
1,1,0.5674320382300896
1,1,0.5664980969296466
1,1,0.5732084358306181
1,1,0.587159924893342
1,1,0.5264347326049964
1,1,0.5277290945106986
1,1,0.5714604651423861
1,1,0.591120206478805
1,1,0.5634215346686029
1,1,0.5997291579837096
1,1,0.5743961481513056
1,1,0.6462713936124551
1,1,0.6321494891588963
1,1,0.6065804547419775
1,1,0.5819198453101861
1,1,0.690200546972585
1,1,0.6727431959180435
1,1,0.6417507211601275
1,1,0.6433006528136214
1,1,0.5965648118505655
1,1,0.68195600583312
1,1,0.7413267670267797
1,1,0.7621555913257461
1,1,0.7553019057930517
1,1,0.7692500218307753
1,1,0.5980185510794603
1,1,0.6902274628982074
1,1,0.7739272158074373
1,1,0.6551146320342178
1,1,0.5826272389795027
1,1,0.547226675689769
1,0,0.49499122154618663
1,0,0.4892664887497278
1,0,0.48125913816530513
1,0,0.48167488103936107
1,0,0.4990681616941369
1,1,0.5153320953830425
1,1,0.520385618629891
1,1,0.6067025341407736
1,1,0.5796716071584264
1,0,0.4973098400389746
1,1,0.5187166535852957
1,1,0.5177035115157691
1,1,0.5189653754556098
1,1,0.6507726414133482
1,1,0.7033573004837532
1,1,0.6343082591768566
1,1,0.6480765666283896
1,1,0.5330719018467408
1,1,0.6213961727736743
1,1,0.603420742134488
1,1,0.6006627444848277
1,1,0.6065293210142182
1,1,0.72516814904921
1,1,0.715572758085402
1,1,0.7293809037394433
1,1,0.6250741655962413
1,1,0.6330426507798208
1,1,0.6361968118686661
1,1,0.6646811828856795
1,1,0.6578355192200013
1,1,0.6499026144824341
1,1,0.6643396175412585
1,1,0.6357269481069228
1,1,0.7054596965743621
1,1,0.7512447637213521
1,1,0.7192616793193416
1,1,0.5926727331911923
1,1,0.5871954740693408
1,0,0.4962407518900159
1,0,0.48063616077968474
1,0,0.46972632886029264
1,0,0.4931105667164487
1,1,0.556125430632622
1,1,0.5688308722548995
1,1,0.5888210462306914
1,0,0.19608422776148887
1,0,0.2440304481920448
1,0,0.27259226645028706
1,0,0.22706306888207084
1,0,0.17639823605039687
1,0,0.1934226396874898
1,0,0.19074691690436082
1,0,0.1637727442785825
1,0,0.17243994842064952
1,0,0.17332631779596736
1,0,0.17587165173095717
1,0,0.17619439085495311
1,0,0.17996708744704495
1,0,0.1883662968324423
1,0,0.22194157978119938
1,0,0.22151111693176748
1,0,0.18737505243278924
1,0,0.20676812595743596
1,0,0.23526127387201887
1,0,0.23578255861323616
1,0,0.30080984519502957
1,0,0.2248824938899405
1,0,0.26495947990877966
1,0,0.2621363703608599
1,0,0.28056535854953674
1,0,0.26930463120531734
1,0,0.2562161760391994
1,0,0.2212546000641338
1,0,0.21984540908992986
1,0,0.20726836657126477
1,0,0.22054452213326772
1,0,0.23361469217636815
1,0,0.2304515751913435
1,0,0.21692028219685686
1,0,0.1686561449844704
1,0,0.20649672206842012
1,0,0.22351343705736693
1,0,0.2386484846249359
1,0,0.25493449699815285
1,0,0.25987275620434197
1,0,0.26461218762429795
1,0,0.24927596371554978
1,0,0.24468404135545707
1,0,0.2423413100954418
1,0,0.2579047608095956
1,0,0.24970257924137865
1,0,0.22346997584650372
1,0,0.22535597983116684
1,0,0.22569823756008842
1,0,0.2225763934150638
1,0,0.2253266462089834
1,0,0.22005586005397004
1,0,0.20832112311896203
1,0,0.26051886388835976
1,0,0.2724616080178587
1,0,0.28080795588522445
1,0,0.2937458887311719
1,0,0.3064906218718477
1,0,0.3028179138600931
1,1,0.6128233442831994
1,1,0.6124135884491991
1,1,0.6308484919733249
1,1,0.5864195336686268
1,1,0.5747006382592779
1,1,0.6108950253162219
1,1,0.6675388075183893
1,1,0.6895915105628528
1,1,0.6353528003356207
1,1,0.6240033694151008
1,1,0.5701631461670885
1,1,0.6469039485523561
1,1,0.5596097075602837
1,1,0.5775576307488722
1,1,0.5972095515033605
1,1,0.5824580922240691
1,1,0.5522171724071278
1,1,0.5474903766178346
1,0,0.40144656311449967
1,0,0.4791447292629845
1,0,0.47723069192059564
1,1,0.5116521425981146
1,1,0.5228693770671528
1,1,0.6253683279566304
1,1,0.6343353766598269
1,1,0.6670745035437201
1,1,0.6591487277687332
1,0,0.49260402939293924
1,1,0.5564834810605507
1,1,0.5243684763287628
1,1,0.5303559556509809
1,1,0.545577675807314
1,1,0.6399740706061793
1,1,0.6302677230964828
1,1,0.5589966435743307
1,1,0.6244289676895781
1,1,0.6707585276998855
1,1,0.6600215037630076
1,1,0.6316367616649571
1,1,0.6554189353997798
1,1,0.7500106257317133
1,1,0.7425671064902266
1,1,0.7289169161206922
1,1,0.7349704518363754
1,1,0.7278315483572101
1,1,0.6896523605669554
0,0,0.14609337150526064
0,0,0.1410490446784966
0,0,0.1760192968513779
0,0,0.17476131736285005
0,0,0.18022288703154574
0,0,0.17046599966447873
0,0,0.18376859806481693
0,0,0.17829354673878645
0,0,0.20216697722844795
0,0,0.22452752646442456
0,0,0.2015139254113576
0,0,0.19983263155014452
0,0,0.19499730939063134
0,0,0.21159489462416875
0,0,0.19178412446134385
0,0,0.20698150482796127
0,0,0.20839619895628958
0,0,0.19903163827203937
0,0,0.2093116747647809
0,0,0.20791179002988397
0,0,0.1737726422681013
0,0,0.12992074280645274
0,0,0.12527763651489168
0,0,0.1494230290635175
0,0,0.15271067219170673
0,0,0.1313715519193009
0,0,0.16043532183683978
0,0,0.15498991421988134
0,0,0.11382403246128811
0,0,0.16651344787162042
0,0,0.1710445376194681
0,0,0.1392725451074891
0,0,0.12610430090052369
0,0,0.13585706142238727
0,0,0.15525896492393979
0,0,0.12874114252760904
0,0,0.12918193041438011
0,0,0.14460471153435692
0,0,0.17145365348079708
0,0,0.1969152762598668
0,0,0.19482042875212977
0,0,0.20249428774626985
0,0,0.17852248857180147
0,0,0.15590521474899707
0,0,0.170647546138116
0,0,0.18191575061942575
0,0,0.2014274835744274
0,0,0.18871057614746317
0,0,0.19269071469681218
0,0,0.18361520212501742
0,0,0.14184252583674029
0,0,0.13483353237645315
0,0,0.1565042209350131
0,0,0.16754114825675961
0,0,0.16918009314674243
0,0,0.17145863131148315
0,0,0.19040968293555682
0,0,0.19697007081635082
0,0,0.2090287892836289
0,0,0.19560222799254667
0,0,0.18726948061139645
0,0,0.18823617169999782
0,0,0.20851219834201415
0,0,0.20343487465064666
0,0,0.1642356432961792
0,0,0.171300478964871
0,0,0.19216675740759703
0,0,0.16974895272124185
0,0,0.13909711857580048
0,0,0.17946447571827653
0,0,0.1850888766727058
0,0,0.1856429846134089
0,0,0.1804501961870689
0,0,0.15043211542655294
0,0,0.19380913602985228
0,0,0.18791701482242867
0,0,0.19675677175852307
0,0,0.18986360430418223
0,0,0.18187919206944433
0,0,0.18112923067469683
0,0,0.1389228994909483
0,0,0.1676165615904986
0,0,0.1973121907670508
0,0,0.19880914658878468
0,0,0.21247901558771842
0,0,0.18728238194547406
0,0,0.19751400760614615
0,0,0.21851304017062262
0,0,0.20633129162316727
0,0,0.17223044966274934
0,0,0.19026510121768087
0,0,0.20710981554296864
0,0,0.18601795714065336
0,0,0.1699721252065029
0,0,0.2085354276107539
0,0,0.18839202823815807
0,0,0.19818807187994836
0,0,0.1879254530029894
0,0,0.20715268782510665
0,0,0.20577255283007553
0,0,0.18626860640443366
0,0,0.17441179066305804
0,0,0.1871795049023247
0,0,0.18900955311149034
0,0,0.19608538261785455
0,0,0.17421653875623147
0,0,0.19933040844555705
0,0,0.18931588002344335
0,0,0.1820771197705828
0,0,0.16800451573630285
0,0,0.17274899297693933
0,0,0.16225981556804228
0,0,0.15295730483470646
0,0,0.18702126797725774
0,0,0.34553688219539497
0,0,0.3267753849871719
0,0,0.2706543130044463
0,0,0.2922432569494501
0,0,0.2927769796790439
0,0,0.27913418847229216
0,0,0.21194591321135814
0,0,0.24748625576638456
0,0,0.24581105975116516
0,0,0.1813800609374778
0,0,0.12461511686552326
0,0,0.12219377104974648
0,0,0.11679149351721353
0,0,0.13714424068232442
0,0,0.15308789429529154
0,0,0.1446293327064908
0,0,0.11657264061533129
0,0,0.14217348118252096
0,0,0.12935767056213626
0,0,0.10613444965238733
0,0,0.16640346133340198
0,0,0.15585065816858873
0,0,0.14075060281513146
1,0,0.21625274521401106
1,0,0.17477799426075202
1,0,0.12514598075577013
1,0,0.15402028299766002
1,0,0.148316687002852
1,0,0.16797302307968362
1,0,0.186507647432238
1,0,0.2004961608184103
1,0,0.18522364597736476
1,0,0.19471796455063536
1,0,0.20713474981918872
1,0,0.20663856769015612
1,0,0.2059814983734151
1,0,0.22360389436095637
1,0,0.1606762893742156
1,0,0.1630653917364559
1,0,0.18644302787179515
1,0,0.1930463415188124
1,0,0.12911424472229874
1,0,0.23598830257002068
1,0,0.20808480184170441
1,0,0.15149809212289722
1,0,0.1732136320476729
1,0,0.1966995235278165
1,0,0.2097433231077953
1,0,0.2060575735127861
1,0,0.19576551688123164
1,0,0.1675705474402007
1,0,0.13534015820398976
1,0,0.08847474895522112
1,0,0.10250222960922245
1,0,0.1258403394163964
1,0,0.11122522814971827
1,0,0.11097062373500448
1,0,0.10868983413749705
1,0,0.12427398078276684
1,0,0.1383031807660699
1,0,0.11817705188242844
1,0,0.104051200228005
1,0,0.11164696450609908
1,0,0.0968788086156834
1,0,0.09111581385702622
1,0,0.11273609527973188
1,0,0.1271140906405675
1,0,0.08267205507456596
1,0,0.08048008724439734
1,0,0.10941482540969057
1,0,0.09876144818123912
1,0,0.09039265530018589
1,0,0.10688556403004293
1,0,0.13123380896694228
1,0,0.08674929738254518
1,0,0.13300250546508083
1,0,0.16893648975365605
1,0,0.11002092795503346
1,0,0.1169619381268873
1,0,0.10758375550735243
1,0,0.1283131290991327
1,0,0.17472391757457437
1,0,0.1689060537443926
1,0,0.15867991706373596
1,0,0.12750226760552638
1,0,0.11192001514768753
1,0,0.1130378193151884
1,0,0.12260865706735256
1,0,0.17706740661206602
1,0,0.10628058396802008
1,0,0.09908237724293015
1,0,0.14499565906710965
1,0,0.15178528096739702
1,0,0.15365943102519442
1,1,0.8393396158004588
1,1,0.8838537766761373
1,1,0.9126366003415999
1,1,0.877858950454866
1,1,0.8863473773347714
1,1,0.8772401297218333
1,1,0.8855401989700903
1,1,0.8933974633408401
1,1,0.8888565751406193
1,1,0.8834401047107494
1,1,0.8785221877407363
1,1,0.8901634706974797
1,1,0.8608726740397382
1,1,0.8481438552646645
1,1,0.8425188415645714
1,1,0.8767525959181652
1,1,0.8420948128592558
1,1,0.8927850216129682
1,1,0.8796726881040645
1,1,0.8968278953058266
1,1,0.8763734995471691
1,1,0.8854251031022222
1,1,0.8516043782492253
1,1,0.8506713299735366
1,1,0.8852170354220921
1,1,0.8614040630036418
1,1,0.838431437136892
1,1,0.8181946211704448
1,1,0.7904038637543797
1,1,0.7621076434660463
1,1,0.733174025063031
1,1,0.7220957831801174
1,1,0.7197086620864812
1,1,0.7536845974103656
1,1,0.7514103547074841
1,1,0.7629961133090397
1,1,0.7750314531741352
1,1,0.7683360739519917
1,1,0.7582138931894999
1,1,0.7628876193726203
1,1,0.7741888456681378
1,1,0.7663225658086114
1,1,0.7404484175711786
1,1,0.7433656705405609
1,1,0.7853838948548969
1,1,0.7809241812673793
1,1,0.6720889225098315
1,1,0.6816260317002154
1,1,0.6933519935245103
1,1,0.6232962753285693
1,1,0.669558107375241
1,1,0.685183648475014
1,1,0.665860188610653
1,1,0.6614137004907238
1,1,0.6424538430170519
1,1,0.6284345259129431
1,1,0.636758013324744
1,1,0.6822215274974467
1,1,0.7300630886208627
1,1,0.6596017461596153
1,1,0.7087311999829161
1,1,0.6875492631468688
1,1,0.6600826979482081
1,1,0.6222878517892928
1,1,0.6987401156601752
1,1,0.7308503470906023
1,1,0.7451622586774319
1,1,0.7080085102800081
1,1,0.6070210840015593
1,1,0.8455202896466014
1,1,0.7670029276869051
1,1,0.7872658520915448
1,1,0.7902872514621921
1,1,0.8148547957409831
1,1,0.8527239407660017
1,1,0.8368349260789537
1,1,0.8007917860255225
1,1,0.808334962486702
1,1,0.8356155403428177
1,1,0.8691260460867818
1,1,0.8390327752374946
1,1,0.814139540051444
1,1,0.822442384263736
1,1,0.8333615410889028
1,1,0.8216531672146138
1,1,0.802967505537252
1,1,0.8005450402185322
1,1,0.785740614642174
1,1,0.6997822614624871
1,1,0.6925534527710435
1,1,0.6787686108064243
1,1,0.5980494872119027
0,1,0.6814232043465809
0,1,0.6865902915735868
0,1,0.7246470606645553
0,1,0.7372081921275394
0,1,0.6516736288376934
0,1,0.6503443368034332
0,1,0.6471245896789724
0,1,0.6992745488988529
0,1,0.6999978115959093
0,1,0.6931018836319527
0,1,0.681452074014357
0,1,0.7052603159664511
0,1,0.6765039795892898
0,1,0.6476655433267904
0,1,0.6994628996710399
0,1,0.6769646359524464
0,1,0.6514400995883675
0,1,0.6893198147016636
0,1,0.6947760164921217
0,1,0.7046087480857417
0,1,0.6955060616134484
0,1,0.7308049894406868
0,1,0.6920535286852736
0,0,0.1135249633147728
0,0,0.12388140188624149
0,0,0.12414752481901482
0,0,0.14389179249291095
0,0,0.1572663040998765
0,0,0.16949490630193037
0,0,0.1703239750048537
0,0,0.16322085401470152
0,0,0.13021501155045848
0,0,0.1347532041342257
0,0,0.11957307898853925
0,0,0.11561572173298319
0,0,0.1819566042087516
0,0,0.11187083717157636
0,0,0.11245763629731269
0,0,0.11846981349628677
0,0,0.09895128383037635
0,0,0.12059283014271538
0,0,0.10611168834162138
0,0,0.1065178510206962
0,0,0.10489611690118235
0,0,0.10459882958491869
0,0,0.12547015362770234
0,0,0.11661157311421809
0,0,0.10233974687706347
0,0,0.09092228720642016
0,0,0.1024633569526805
0,0,0.09666145099676193
0,0,0.11189901966227861
0,0,0.11388607766498428
0,0,0.12914997451054702
0,0,0.09964048723542335
0,0,0.1132916600741743
0,0,0.10468227276646917
0,0,0.11219464012858119
0,0,0.13402282971506227
0,0,0.12361008941713696
0,0,0.10741606009345464
0,0,0.1200287015703816
0,0,0.13424571815438333
0,0,0.14602052864905793
0,0,0.13744284218697886
0,0,0.11487641682466851
0,0,0.11866435880610147
0,0,0.1415071502739359
0,0,0.12286464854430452
0,0,0.12014653389076717
0,0,0.10391777850181627
0,0,0.08928590993526388
0,0,0.10593194385029056
0,0,0.0973814477074076
0,0,0.11679451144557954
0,0,0.09926043661481336
0,0,0.0993285875807408
0,0,0.10894850062155037
0,0,0.1587972776573517
0,0,0.14810849926176817
0,0,0.194590808857471
0,0,0.23533081251044888
0,1,0.6419251403378109
0,1,0.6817255364866682
0,1,0.6301060478084181
0,1,0.6652797219293604
0,1,0.6924387586334482
0,1,0.6729788444084019
0,1,0.7026967405889003
0,1,0.7287319212213152
0,1,0.7381324299433325
0,1,0.7317936875533353
0,1,0.7670004924678017
0,1,0.7638743174770939
0,1,0.679078590888779
0,1,0.6199567579999521
0,1,0.653325425156046
0,1,0.6395974543676788
0,1,0.7161305743706042
0,1,0.7460361525703761
0,1,0.7347783700437616
0,1,0.7449277644049889
0,1,0.7260064913302082
0,1,0.7252732258350126
0,1,0.6930048106300984
1,1,0.7350840692946509
1,1,0.7113627547960456
1,1,0.7696709544902741
1,1,0.7617312618458282
1,1,0.7855069664975148
1,1,0.7629543349613799
1,1,0.7478939767570157
1,1,0.7659311019090346
1,1,0.7643684314098189
1,1,0.7945787169573761
1,1,0.7853035825171536
1,1,0.7768696625212621
1,1,0.7539355138146631
1,1,0.7805296775904408
1,1,0.820845795530018
1,1,0.7682392941133184
1,1,0.7456437121246035
1,1,0.7661921176492418
1,1,0.7564328243831518
1,1,0.7538447469066049
1,1,0.778088114410208
1,1,0.7650199154080481
1,1,0.7983973580579815
0,0,0.178884265065142
0,0,0.21120201511551873
0,0,0.18717001513618128
0,0,0.19116031124993768
0,0,0.17597505400646377
0,0,0.18109564676916154
0,0,0.1857017606203134
0,0,0.14470444318643483
0,0,0.173934565214
0,0,0.1928241971281117
0,0,0.17200861977798126
0,0,0.16255502139829378
0,0,0.17618426001596021
0,0,0.19543768950079915
0,0,0.21755733313239492
0,0,0.2054774164751615
0,0,0.19103572450217737
0,0,0.18735057374021163
0,0,0.18567752958455938
0,0,0.1980789474364649
0,0,0.18221553116744638
0,0,0.1945548532555809
0,0,0.18327497767846532
0,0,0.1914581135623068
0,0,0.1784855588501933
0,0,0.15910548380942532
0,0,0.14763560662728187
0,0,0.1601048491901655
0,0,0.16832616330275546
0,0,0.15216048440632252
0,0,0.16610958918588595
0,0,0.1686388798717773
0,0,0.1740134044319762
0,0,0.16708323169718764
0,0,0.16903198868677918
0,0,0.18967458091750022
0,0,0.1520315106159284
0,0,0.1486028463651493
0,0,0.1638054484406669
0,0,0.18681582233250982
0,0,0.1840701872119278
0,0,0.1680109138713258
0,0,0.19275520949202588
0,0,0.17876949138114978
0,0,0.22047908495931548
0,0,0.1795053613996581
0,0,0.14278215769218908
0,0,0.1453573844267379
0,0,0.1413722921507409
0,0,0.1370733809639297
0,0,0.2275847200463335
0,0,0.23386095274049234
0,0,0.23788438128376976
0,0,0.21294072672130324
0,0,0.14515873055916728
0,0,0.14693780882463153
0,0,0.1490006930030571
0,0,0.18888824540674595
0,0,0.16694810803581325
0,0,0.133307467082645
0,0,0.14491009400882404
0,0,0.1547053460375923
0,0,0.1543136490829041
0,0,0.17393849941750322
0,0,0.185528401198989
0,0,0.1790772440066573
0,0,0.17083689914867442
0,0,0.09919502590998316
0,0,0.30031514105303087
0,0,0.3329413132862601
0,0,0.29492741053257626
0,0,0.3346005673277386
0,0,0.26726924059539736
0,0,0.22166291067757699
0,0,0.24709964510067337
0,0,0.24293214651588788
0,0,0.26155592192731186
0,0,0.24636985192054842
0,0,0.2807412012235155
0,0,0.3003606053679565
0,0,0.28648655414966057
0,0,0.27991031537004324
0,0,0.26578114923081236
0,0,0.28688341556248154
0,0,0.2949708362830945
0,0,0.3081896837930684
0,0,0.2642344507612548
0,0,0.27139241444539147
0,0,0.2842498504584679
0,0,0.296187216098927
0,0,0.27713301268537677
0,0,0.2809763295720711
0,0,0.27689010530140784
0,0,0.27492303270883267
0,0,0.2738878680450397
0,0,0.2707788624668321
0,0,0.24007197123352916
0,0,0.21481173988204127
0,0,0.26205250668254737
0,0,0.2843601669088495
0,0,0.2801317903301499
0,0,0.2627272242668197
0,0,0.21747867875506682
0,0,0.25899221167966135
0,0,0.25605368557797453
0,0,0.24600801936589145
0,0,0.25794304346028196
0,0,0.21605500248169043
0,0,0.25082762554254534
0,0,0.2585994075407743
0,0,0.28225912536176045
0,0,0.3082792100701319
0,0,0.319819495274596
0,0,0.2627682013316061
0,0,0.3917775605981422
0,0,0.3459449797098916
0,0,0.3442039899342624
0,0,0.3313736266226538
0,0,0.35197587859216134
0,0,0.3580439371389727
0,0,0.3249848261729918
0,0,0.34086841563683895
0,0,0.3213043623782235
0,0,0.3225842340415149
0,0,0.31089580688122637
0,0,0.3205924061056866
0,0,0.3239137655091298
0,0,0.33238626463116266
0,0,0.30613636336642464
0,0,0.31268020037914573
0,0,0.32837007051507816
0,0,0.33524735130475763
0,0,0.32626077543205184
0,0,0.31973497837639775
0,0,0.3215420512025831
0,0,0.3725689811267581
0,0,0.3412254479701632
0,0,0.30714172077571594
0,0,0.2463784658038144
0,0,0.25339315228633696
0,0,0.24056376803843882
0,0,0.2549115328940175
0,0,0.2718308782004158
0,0,0.30553816407347656
0,0,0.24841041759798593
0,0,0.23670483372110224
0,0,0.24139611838016783
0,0,0.2647202533199289
0,0,0.248725336500965
0,0,0.25262151610073663
0,0,0.33151825146532177
0,0,0.3302010573139333
0,0,0.3764922358514331
0,0,0.2773005444645146
0,0,0.25752745238632824
0,0,0.33471685769924764
0,0,0.2884368893563681
0,0,0.2453473787519116
0,0,0.29526767981657764
0,0,0.31147334188419096
0,0,0.2575056045532556
0,0,0.2372166923119073
0,0,0.22969905238815833
0,0,0.26939240569759326
0,0,0.28044762940124435
0,0,0.25184778749731235
0,0,0.24286958419763746
0,0,0.2599541858585501
0,0,0.27306009701918094
0,0,0.2155285364169713
0,0,0.2600110581811861
0,0,0.2785006086409074
0,0,0.2832617160114735
0,0,0.2371103156487131
0,0,0.21389855149552242
0,0,0.2240393179463385
0,0,0.2272917618915307
0,0,0.2289961349469394
0,0,0.2371593068910243
0,0,0.240483855015811
0,0,0.26009077721067464
0,0,0.2079547605132536
0,0,0.21360804390846752
0,0,0.2721245663761356
0,0,0.2636387603044171
0,0,0.21804981024102837
0,0,0.21269752628947208
0,0,0.2283625606181141
0,0,0.2372693249888144
0,0,0.2286632673908194
0,0,0.22206007760757943
0,0,0.22583873580927638
0,0,0.2364001498148598
0,0,0.24868864749851674
0,0,0.21489541651298782
0,0,0.23676690438455353
0,0,0.29173808234053067
0,0,0.25610434501334456
0,0,0.2565190021377758
0,0,0.31242430077510386
0,0,0.2876850485442831
0,0,0.30037531402639595
0,0,0.2960068398333785
0,0,0.3075495933295377
0,0,0.2526780235727984
0,0,0.3135855073944204
0,0,0.2952438742596744
0,0,0.2759513841960809
0,1,0.8675852286736628
0,1,0.7930972465217629
0,1,0.8105677182232681
0,1,0.8061010840780534
0,1,0.8183856842933911
0,1,0.8036154600130062
0,1,0.7880318525163911
0,1,0.7899434158608837
0,1,0.8358018871499031
0,1,0.8257080138901229
0,1,0.8228482183243051
0,1,0.8221878782830462
0,1,0.8293711459910148
0,1,0.8388283168609351
0,1,0.7987067123160918
0,1,0.7912062255855926
0,1,0.8194479966889976
0,1,0.8416198055602052
0,1,0.8260049629694192
0,1,0.8823278122698969
0,1,0.8261672995789452
0,1,0.8355916536603125
0,1,0.7718900552112332
0,1,0.8872402604968034
0,1,0.7921620567474821
0,1,0.8895692891283832
0,1,0.8904777940104327
0,1,0.8355529682256584
0,1,0.8379279927163631
0,1,0.8283000229084319
0,1,0.8256693346242386
0,1,0.8290622571013755
0,1,0.8275703848851239
0,1,0.8229795656567548
0,1,0.8384205684350792
0,1,0.8413582537534786
0,1,0.8473148551892413
0,1,0.818177507224783
0,1,0.8473014521850303
0,1,0.8265136024262045
0,1,0.8798538977122216
0,1,0.907289831446027
0,1,0.9128740715562346
0,1,0.9108567253900436
0,1,0.9078103628620489
0,1,0.8210913701422925
0,1,0.7547511356216673
0,1,0.7555765312453961
0,1,0.7600794402475012
0,1,0.7811515485359842
0,1,0.7585452774594822
0,1,0.7733191831083183
0,1,0.7563971481512104
0,1,0.7535415700108081
0,1,0.7903440365358064
0,1,0.7890293455338595
0,1,0.7727024951726014
0,1,0.7649787996837135
0,1,0.7740298544362098
0,1,0.7806094633110654
0,1,0.7745361997576922
0,1,0.7943423981370796
0,1,0.7777948638243066
0,1,0.7742963415660049
0,1,0.7810817890463929
0,1,0.7901978162867703
0,1,0.7799001069551993
0,1,0.7792186361858455
0,1,0.7726845235673194
0,1,0.89295544396723
0,1,0.9078013332604636
0,1,0.8966527740312163
0,1,0.8073598293376765
0,1,0.8943628007024804
0,1,0.8904767016684338
0,1,0.8944136258599233
0,1,0.8681475179427395
0,1,0.7944358881347046
0,1,0.8542854607924089
0,1,0.8660544214588536
0,1,0.8907225537964273
0,1,0.7807889819710548
0,1,0.8600693715271264
0,1,0.86212936413447
0,1,0.8669216881432726
0,1,0.8907819900149012
0,1,0.8805180176402766
0,1,0.8726883045198265
0,1,0.7816806188872044
0,1,0.8679125213384867
0,1,0.8514347090586757
0,1,0.7499911871726843
0,1,0.897752939383622
0,1,0.8791910220831997
0,1,0.9033893755997278
0,1,0.9155046206860691
0,1,0.9134052803545828
0,1,0.8975094867675889
0,1,0.9037026867875503
0,1,0.9095612415455233
0,1,0.9028149530329124
0,1,0.9002894709665712
0,1,0.9076614528446173
0,1,0.9112554822016825
0,1,0.9041493516710467
0,1,0.9033505554281318
0,1,0.893222996268875
0,1,0.8957250280471948
0,1,0.9046751654304026
0,1,0.9013644185281016
0,1,0.8852438974795069
0,1,0.8857626563712208
0,1,0.8970731815264718
0,1,0.9052016856060746
0,1,0.8878424010059198
0,0,0.18942016863053585
0,0,0.20261530144170942
0,0,0.2962683997116007
0,0,0.30538550073415893
0,0,0.3345077487279133
0,0,0.32345437326632726
0,0,0.3033349250027928
0,0,0.31319785580065973
0,0,0.3010046343174743
0,0,0.30190248824872135
0,0,0.328320111393194
0,0,0.32688167027262666
0,0,0.3363924384366212
0,0,0.32367545518577495
0,0,0.27305265368033316
0,0,0.2805702845923643
0,0,0.30928976722256984
0,0,0.28604432178550476
0,0,0.2727407638543982
0,0,0.294725479158293
0,0,0.29049306944339004
0,0,0.2732651426857508
0,0,0.2319504921143861
0,0,0.23806202357921946
0,0,0.2518555170507552
0,0,0.26516536485817854
0,0,0.27821491276805427
0,0,0.23984200130265154
0,0,0.2223823095809114
0,0,0.2033441086402931
0,0,0.22329735772866732
0,0,0.2391116401568099
0,0,0.21036831912897275
0,0,0.16266200348115847
0,0,0.1991161689830275
0,0,0.16436697143247897
0,0,0.17011723710216553
0,0,0.16147157257852865
0,0,0.1809559721657448
0,0,0.18874242182446427
0,0,0.2056190867084705
0,0,0.18927325650892177
0,0,0.23767695712622802
0,0,0.23098833925654735
0,0,0.2219148178887785
0,0,0.2303290389102863
0,0,0.2412664552934015
0,0,0.24819206793631252
0,0,0.2550476136715925
0,0,0.2669521469941752
0,0,0.27916998615940236
0,0,0.2760005210807004
0,0,0.1982936889836015
0,0,0.23472821765385724
0,0,0.22490357755163493
0,0,0.23791639360257189
0,0,0.23953438673096716
0,0,0.21983775879579046
0,0,0.2471012697828048
0,1,0.8916086361049816
0,1,0.8841721158731213
0,1,0.8814310326904189
0,1,0.8833187534569379
0,1,0.8812022502474851
0,1,0.889223457594517
0,1,0.9098734577447943
0,1,0.8250260041295172
0,1,0.8150260041295172
0,1,0.8203568453012278
0,1,0.9086748724247588
0,1,0.883487599924927
0,1,0.8903262813730418
0,1,0.813098943032236
0,1,0.8254596402117904
0,1,0.8161897310868096
0,1,0.7970469857834872
0,1,0.8104194444485538
0,1,0.8054030491020082
0,1,0.9008792524228153
0,1,0.9002362937379523
0,1,0.8415056056459344
0,1,0.8125501091060942
0,1,0.807962130228611
0,1,0.8026261618619405
0,1,0.821671012086223
0,1,0.8204329949798606
0,1,0.8208540913626531
0,1,0.8374186034737883
0,1,0.9180821370054331
0,1,0.9120777476771988
0,1,0.8528192666723968
0,1,0.8414880154747705
0,1,0.8307883828761685
0,1,0.8322324660938694
0,1,0.8522619307012349
0,1,0.8354999974823774
0,1,0.8229682682550685
0,1,0.8120858859905425
0,1,0.7857708709621973
0,1,0.8169150522274964
0,1,0.8707244530677408
0,1,0.8695764900838321
0,1,0.8858927211213239
0,1,0.8609888191106756
0,1,0.7621362433394984
0,0,0.3192813657205531
0,0,0.34619482961752335
0,0,0.3390906927492074
0,0,0.3409086945147069
0,0,0.3339297319576539
0,0,0.3270054333745201
0,0,0.31676874513897624
0,0,0.31853115731535847
0,0,0.29237509773337145
0,0,0.31712355965465266
0,0,0.30155933985714933
0,0,0.32773443430910343
0,0,0.3389442387004402
0,0,0.29713340575252767
0,0,0.3179805740046489
0,0,0.33356377358758615
0,0,0.32704756451596667
0,0,0.3109817751125371
0,0,0.3273028109460893
0,0,0.3433159733503421
0,0,0.32710388976080135
0,0,0.31111794158686484
0,0,0.26032691426836757
0,0,0.27870087773930563
0,0,0.28814147415463176
0,0,0.31234199957832437
0,0,0.3182149391500521
0,0,0.2782499203247157
0,0,0.29818307656689846
0,0,0.3019097250428522
0,0,0.2936146285889602
0,0,0.287410611254337
0,0,0.3016299505315343
0,0,0.31566827040311995
0,0,0.30754649008398727
0,0,0.26634760433220017
0,0,0.28173096305498274
0,0,0.3467942822646707
0,0,0.31655022576371666
0,0,0.2823138460255331
0,0,0.287094668872085
0,0,0.2793086850947265
0,0,0.2569087510840485
0,0,0.26041821821117334
0,0,0.24297967559442304
0,0,0.26679846874653496
0,0,0.293168434385475
0,0,0.27789667929380524
0,0,0.2593392719301264
0,0,0.3160222868434533
0,0,0.32223722781967085
0,0,0.33073628907951325
0,0,0.318424165477783
0,0,0.3073704077288053
0,0,0.3043078279352259
0,0,0.28964408336293684
0,0,0.29093977530963433
0,0,0.31469733349929074
0,0,0.31857012927919093
0,0,0.3136199829316273
0,0,0.29978958851133813
0,0,0.28983558951142824
0,0,0.3070960572870548
0,0,0.3013261983259134
0,0,0.31097752113413896
0,0,0.31870831193343113
0,0,0.3022425639954648
0,0,0.2967029218487016
0,0,0.28891249359520754
0,0,0.28685978210969276
0,0,0.291346232707418
0,0,0.2423283500704943
0,0,0.27360321947588173
0,0,0.269311963431722
0,0,0.2699646352557112
0,0,0.271405122702418
0,0,0.2810364273407877
0,0,0.28520461791262813
0,0,0.28517747997211956
0,0,0.24629310676818833
0,0,0.2658143504833665
0,0,0.28061090844968545
0,0,0.27468785204056057
0,0,0.27541113775893056
0,0,0.2671452307793784
0,0,0.2876057307473173
0,0,0.3332929929972797
0,0,0.3123914666595632
0,0,0.3136386633378794
0,0,0.3377246344728773
0,0,0.30808558866106295
0,0,0.23861912187965525
0,0,0.2254939067732087
0,0,0.31719647350258373
0,0,0.3440220794123604
0,0,0.32551503163441753
0,0,0.3309482403860664
0,0,0.28341090449727463
0,0,0.26588710650872266
0,0,0.24542077217544098
0,0,0.2685592741474385
0,0,0.3179673034901195
0,0,0.32220633428746426
0,0,0.30538132397517864
0,0,0.30152034316004794
0,0,0.33483532341686983
0,0,0.31570897553976823
0,0,0.2935405284599184
0,0,0.2924106114343795
0,0,0.29103391712759535
0,0,0.2826901239731683
0,0,0.27935712398065865
0,0,0.2903379016362788
0,0,0.2851229133421752
0,0,0.42477866843829937
0,0,0.43430874855018703
0,0,0.4273916833154048
0,0,0.41460683117822134
0,0,0.41460683117822134
0,0,0.41460683117822134
0,0,0.41460683117822134
0,0,0.41460683117822134
0,0,0.41460683117822134
0,0,0.41460683117822134
0,0,0.41460683117822134
0,0,0.41460683117822134
0,0,0.41460683117822134
0,0,0.41460683117822134
0,0,0.41460683117822134
0,0,0.41460683117822134
0,0,0.41460683117822134
0,0,0.41460683117822134
0,0,0.41460683117822134
0,0,0.41460683117822134
0,0,0.41460683117822134
0,0,0.41460683117822134
0,0,0.41460683117822134
0,0,0.41460683117822134
0,0,0.41460683117822134
0,0,0.41460683117822134
0,0,0.41460683117822134
0,0,0.41460683117822134
0,0,0.41460683117822134
0,0,0.41460683117822134
0,0,0.41460683117822134
0,0,0.41460683117822134
0,0,0.41460683117822134
0,0,0.41460683117822134
0,0,0.41460683117822134
0,0,0.41460683117822134
0,0,0.41460683117822134
0,0,0.41460683117822134
0,0,0.41460683117822134
0,0,0.41460683117822134
0,0,0.41460683117822134
0,0,0.41460683117822134
0,0,0.41460683117822134
0,0,0.41460683117822134
0,0,0.41460683117822134
0,0,0.41460683117822134
0,0,0.41460683117822134
0,0,0.41460683117822134
0,0,0.41460683117822134
0,0,0.41460683117822134
0,0,0.41460683117822134
0,0,0.41460683117822134
0,0,0.41460683117822134
0,0,0.41460683117822134
0,0,0.41460683117822134
0,0,0.41460683117822134
0,0,0.41460683117822134
0,0,0.41460683117822134
0,0,0.41460683117822134
0,0,0.41460683117822134
0,0,0.41460683117822134
0,0,0.41460683117822134
0,0,0.41460683117822134
0,0,0.41460683117822134
0,0,0.41460683117822134
0,0,0.41460683117822134
0,0,0.41460683117822134
0,0,0.41460683117822134
0,0,0.41460683117822134
0,0,0.41460683117822134
0,0,0.41460683117822134
0,0,0.41909569556751747
0,0,0.41909569556751747
0,0,0.41460683117822134
0,0,0.41460683117822134
0,0,0.41460683117822134
0,0,0.41460683117822134
0,0,0.41460683117822134
0,0,0.41460683117822134
0,0,0.41460683117822134
0,0,0.41460683117822134
0,0,0.41460683117822134
0,0,0.41460683117822134
0,0,0.41460683117822134
0,0,0.41460683117822134
0,0,0.41460683117822134
0,0,0.41460683117822134
0,0,0.41460683117822134
0,0,0.41460683117822134
0,0,0.41460683117822134
0,0,0.41460683117822134
0,0,0.4215075156065361
0,0,0.42477866843829937
0,0,0.435709246979809
0,0,0.43430874855018703
0,0,0.43430874855018703
0,0,0.43430874855018703
0,0,0.43430874855018703
0,0,0.43430874855018703
0,0,0.43430874855018703
0,0,0.43430874855018703
0,0,0.43430874855018703
0,0,0.43430874855018703
0,0,0.43430874855018703
0,0,0.41460683117822134
0,0,0.41460683117822134
0,0,0.41460683117822134
0,0,0.41460683117822134
0,0,0.43430874855018703
0,0,0.43430874855018703
0,0,0.41460683117822134
0,0,0.41460683117822134
0,0,0.41460683117822134
0,0,0.41460683117822134
0,0,0.41460683117822134
0,0,0.41460683117822134
0,0,0.41460683117822134
0,0,0.41460683117822134
0,0,0.41460683117822134
0,0,0.41460683117822134
0,0,0.41460683117822134
0,0,0.41460683117822134
0,0,0.41460683117822134
0,0,0.41460683117822134
0,0,0.41460683117822134
0,0,0.41460683117822134
0,0,0.41460683117822134
0,0,0.41460683117822134
0,0,0.41460683117822134
0,0,0.41460683117822134
0,0,0.41460683117822134
0,0,0.41460683117822134
0,0,0.41460683117822134
0,0,0.41460683117822134
0,0,0.41460683117822134
0,0,0.41460683117822134
0,0,0.41460683117822134
0,0,0.41460683117822134
0,0,0.41460683117822134
0,0,0.41460683117822134
0,0,0.41460683117822134
0,0,0.41460683117822134
0,0,0.41460683117822134
0,0,0.41460683117822134
0,0,0.41460683117822134
0,0,0.41460683117822134
0,0,0.41460683117822134
0,0,0.41460683117822134
0,0,0.41460683117822134
0,0,0.41460683117822134
0,0,0.41460683117822134
0,0,0.41460683117822134
0,0,0.41460683117822134
0,0,0.41460683117822134
0,0,0.41460683117822134
0,0,0.41460683117822134
0,0,0.41460683117822134
0,0,0.41460683117822134
0,0,0.41460683117822134
0,0,0.41460683117822134
0,0,0.41460683117822134
0,0,0.41460683117822134
0,0,0.41460683117822134
0,0,0.41460683117822134
0,0,0.41460683117822134
0,0,0.41460683117822134
0,0,0.41460683117822134
0,0,0.41460683117822134
0,0,0.41460683117822134
0,0,0.41460683117822134
0,0,0.41460683117822134
0,0,0.41460683117822134
0,0,0.41460683117822134
0,0,0.41460683117822134
0,0,0.41460683117822134
0,0,0.41460683117822134
0,0,0.41460683117822134
0,0,0.41460683117822134
0,0,0.41460683117822134
0,0,0.41460683117822134
0,0,0.41460683117822134
0,0,0.41460683117822134
0,0,0.41460683117822134
0,0,0.41460683117822134
0,0,0.41460683117822134
0,0,0.41460683117822134
0,0,0.41460683117822134
0,0,0.41460683117822134
0,0,0.41460683117822134
0,0,0.41460683117822134
0,0,0.41460683117822134
0,0,0.41460683117822134
0,0,0.41460683117822134
0,0,0.41460683117822134
0,0,0.41460683117822134
0,0,0.41460683117822134
0,0,0.41460683117822134
0,0,0.41460683117822134
0,0,0.41460683117822134
0,0,0.41460683117822134
0,0,0.41460683117822134
0,0,0.41460683117822134
0,0,0.41460683117822134
0,0,0.41460683117822134
0,0,0.41460683117822134
0,0,0.41460683117822134
0,0,0.41460683117822134
0,0,0.41460683117822134
0,0,0.41460683117822134
0,0,0.41460683117822134
0,0,0.41460683117822134
0,0,0.41460683117822134
0,0,0.41460683117822134
0,0,0.41460683117822134
0,0,0.41460683117822134
0,0,0.41460683117822134
0,0,0.41460683117822134
0,0,0.41460683117822134
0,0,0.41460683117822134
0,0,0.41460683117822134
0,0,0.41460683117822134
0,0,0.41460683117822134
0,0,0.41460683117822134
0,0,0.41460683117822134
0,0,0.41460683117822134
0,0,0.41460683117822134
0,0,0.41460683117822134
0,0,0.41460683117822134
0,0,0.41460683117822134
0,0,0.41460683117822134
0,0,0.41460683117822134
0,0,0.41460683117822134
0,0,0.41460683117822134
0,0,0.41460683117822134
0,0,0.41460683117822134
0,0,0.41460683117822134
0,0,0.41460683117822134
0,0,0.41460683117822134
0,0,0.41460683117822134
0,0,0.41460683117822134
0,0,0.41460683117822134
0,0,0.41460683117822134
0,0,0.41460683117822134
0,0,0.41460683117822134
0,0,0.41460683117822134
0,0,0.41460683117822134
0,0,0.41460683117822134
0,0,0.41460683117822134
0,0,0.41460683117822134
0,0,0.41460683117822134
0,0,0.41460683117822134
0,0,0.41460683117822134
0,0,0.41460683117822134
0,0,0.41460683117822134
0,0,0.41460683117822134
0,0,0.41460683117822134
0,0,0.41460683117822134
0,0,0.41460683117822134
0,0,0.41460683117822134
0,0,0.41460683117822134
0,0,0.41460683117822134
0,0,0.41460683117822134
0,0,0.41460683117822134
0,0,0.41460683117822134
0,0,0.41460683117822134
0,0,0.41460683117822134
0,0,0.41460683117822134
0,0,0.41460683117822134
0,0,0.41460683117822134
0,0,0.41460683117822134
0,0,0.41460683117822134
0,0,0.41460683117822134
0,0,0.41460683117822134
0,0,0.41460683117822134
0,0,0.41460683117822134
0,0,0.41460683117822134
0,0,0.41460683117822134
0,0,0.41460683117822134
0,0,0.41460683117822134
0,0,0.41460683117822134
0,0,0.41460683117822134
0,0,0.41460683117822134
0,0,0.41460683117822134
0,0,0.41460683117822134
0,0,0.41460683117822134
0,0,0.41460683117822134
0,0,0.41460683117822134
0,0,0.41460683117822134
0,0,0.41460683117822134
0,0,0.41460683117822134
0,0,0.41460683117822134
0,0,0.41460683117822134
0,0,0.41460683117822134
0,0,0.41460683117822134
0,0,0.41460683117822134
0,0,0.41460683117822134
0,0,0.41460683117822134
0,0,0.41460683117822134
0,0,0.41460683117822134
0,0,0.41460683117822134
0,0,0.41460683117822134
0,0,0.41460683117822134
0,0,0.41460683117822134
0,0,0.41460683117822134
0,0,0.41460683117822134
0,0,0.41460683117822134
0,0,0.41460683117822134
0,0,0.41460683117822134
0,0,0.41460683117822134
0,0,0.41460683117822134
0,0,0.41460683117822134
0,0,0.41460683117822134
0,0,0.41460683117822134
0,0,0.41460683117822134
0,0,0.41460683117822134
0,0,0.41460683117822134
0,0,0.41460683117822134
0,0,0.41460683117822134
0,0,0.41460683117822134
0,0,0.41460683117822134
0,0,0.41460683117822134
0,0,0.41460683117822134
0,0,0.41460683117822134
0,0,0.41460683117822134
0,0,0.41460683117822134
0,0,0.41460683117822134
0,0,0.41460683117822134
0,0,0.41460683117822134
0,0,0.41460683117822134
0,0,0.41460683117822134
0,0,0.41909569556751747
0,0,0.41909569556751747
0,0,0.41909569556751747
0,0,0.41909569556751747
0,0,0.41909569556751747
0,0,0.41909569556751747
0,0,0.41909569556751747
0,0,0.41909569556751747
0,0,0.41909569556751747
0,0,0.41909569556751747
0,0,0.41909569556751747
0,0,0.41909569556751747
0,0,0.41909569556751747
0,0,0.41909569556751747
0,0,0.41909569556751747
0,0,0.41909569556751747
0,0,0.32007457643097204
0,0,0.33703994923663866
0,0,0.34335865921741265
0,0,0.36236709038895953
0,0,0.35919237274012006
0,0,0.3082223833344412
0,0,0.3098341097945327
0,0,0.3239014724551443
0,0,0.34014789393736344
0,0,0.3343707351661277
0,0,0.3187798281262824
0,0,0.2844346038363316
0,0,0.31488817876436415
0,0,0.3211366805435253
0,0,0.3354198603228788
0,0,0.33025059344397123
0,0,0.3351136246343148
0,0,0.34683797850531717
0,0,0.35640666733435644
0,0,0.305409957094539
0,0,0.27102875298960816
0,0,0.30224918882266744
0,0,0.291391969669054
1,0,0.32118996292519886
1,0,0.31501716476206326
1,0,0.3335460362717482
1,0,0.2706595064493012
1,0,0.28811077960034476
1,0,0.27757112750878976
1,0,0.2806172238250548
1,0,0.2951441203837698
1,0,0.27937723446073853
1,0,0.2997888798715241
1,0,0.32129786563759005
1,0,0.32227150241241787
1,0,0.2852319473153117
1,0,0.26838012535839334
1,0,0.28277772639827875
1,0,0.30110610157083917
1,0,0.3378457246030934
1,0,0.3024702788105539
1,0,0.22816555921052278
1,0,0.2590825150553686
1,0,0.31650501559806155
1,0,0.32684984551282087
1,0,0.3026194043865822
1,0,0.2950872926973895
1,0,0.27150512160234624
1,0,0.2790306928624245
1,0,0.2687740177827125
1,0,0.30864417775185793
1,0,0.3076488810400605
1,0,0.3013422245456671
1,0,0.31047718467238034
1,0,0.32374107500574817
1,0,0.28576594824712137
1,0,0.29445650592534073
1,0,0.3197037958305001
1,0,0.298097946446945
1,0,0.3134303577376958
1,0,0.3013855645492304
1,0,0.3250485752996564
1,0,0.3115342948332551
1,0,0.30172978817979457
1,0,0.31512307176015614
1,0,0.2800516299577882
1,0,0.2751297241796456
1,0,0.2865365340346471
1,0,0.31178342508933915
1,0,0.30119136210957137
1,0,0.2900239985038725
1,0,0.290761964884317
1,0,0.27703995634471695
1,0,0.28296710218427057
1,0,0.2931308506173807
1,0,0.3189939367969041
1,0,0.32591132527433797
1,0,0.37983764573283274
1,0,0.3635249228015156
1,0,0.40314140404954907
1,0,0.35174900668768794
1,0,0.37839492343000125
1,0,0.37272878607187065
1,0,0.34686974030014817
1,0,0.28422944910959336
1,0,0.2794973775913554
1,0,0.30151247059233544
1,0,0.2613753776486505
1,0,0.3026793326638042
1,0,0.31943178267136463
1,0,0.3274596756554832
1,0,0.37341786749204287
1,0,0.3921200671239963
1,0,0.3727142635194995
1,1,0.6172341874039389
1,1,0.538044088552608
1,1,0.7147975987087978
1,1,0.7048311848188679
1,1,0.6840278242058353
1,1,0.5711278415557364
1,1,0.5869573681777276
1,1,0.7167747460335889
1,1,0.701801840024903
1,1,0.7452956663204613
1,1,0.6415053686277586
1,1,0.6815920914000264
1,1,0.6898707513200262
1,1,0.6920836668382857
1,1,0.7833114267346157
1,1,0.783546807463421
1,1,0.6908951134816698
1,1,0.6549143384731018
1,1,0.6274755099186197
1,1,0.6281202528168158
1,1,0.607964585046539
1,1,0.7269418376426515
1,1,0.7172890590698667
1,1,0.6495308264768863
1,1,0.6804802826098196
1,1,0.7241105940801156
1,1,0.749396392698133
1,1,0.7116049293584084
1,1,0.5651253233869994
1,1,0.6729652898718795
1,1,0.6568694694915037
1,1,0.6808470311539498
1,1,0.7234963751584125
1,1,0.7185248286444984
1,1,0.6914607322559431
1,1,0.6940725186635872
1,1,0.7628448828428641
1,1,0.8113340579711089
1,1,0.8113301312400125
1,1,0.6874622297858837
1,1,0.6801512460429953
1,1,0.6771156090584676
1,1,0.6938012006787444
1,1,0.7157989464686555
1,1,0.7166838452703292
1,1,0.7721788472071368
1,1,0.6446351161742696
1,1,0.6881530267144584
1,1,0.6077214835021705
1,1,0.5790575349817951
1,1,0.5705777079509402
1,1,0.6950863959924294
1,1,0.556029899720049
1,1,0.5723655853342622
1,1,0.8193049035610349
1,1,0.756654712301462
1,1,0.7524304754027757
1,1,0.7387081389690106
1,1,0.6454072272749474
1,1,0.6379622161877891
1,1,0.6832460059268978
1,1,0.6837687162136885
1,1,0.6098440212697909
1,1,0.6099713554292646
1,1,0.5794935721585552
1,1,0.6724048253033249
1,1,0.7343460437332091
1,1,0.7081830136437735
1,1,0.698141217092882
1,1,0.7041533316682722
1,1,0.7119923855984658
1,1,0.6019787196149988
1,1,0.5069248067597723
1,1,0.6233974115666957
1,1,0.6829491072218572
1,1,0.5925237575323299
1,1,0.656031371878623
1,1,0.7251641418857475
1,1,0.7350782962978455
1,1,0.741078903845753
1,1,0.6743594129028406
1,1,0.7074673337862962
1,1,0.6921774621076611
1,1,0.7343701296094087
1,1,0.726458378298461
1,1,0.7034203470773532
1,1,0.7056087054319881
1,1,0.7075448250865994
1,1,0.6872809971909177
1,1,0.6722024928638122
1,1,0.6965780443234525
1,1,0.6973582318620717
1,1,0.6738751638654523
1,1,0.6728010704363272
1,1,0.6414043364273827
1,1,0.659722185766451
1,1,0.6324495325790039
1,1,0.6160810073086279
1,1,0.6147541493905418
1,1,0.5816810757964794
1,1,0.6663469349186047
1,1,0.6098756806465258
1,1,0.7583006458820571
1,1,0.7859455389106571
1,1,0.7066237710376417
1,1,0.7042563261050345
1,1,0.7009152048027503
1,1,0.6628226830770358
1,1,0.6172490156853979
1,1,0.6297091731015638
1,1,0.7045619289180735
1,1,0.695457617500663
1,1,0.7280039677936102
1,1,0.6248373177966271
1,1,0.7096607407791871
0,0,0.2595735350224116
0,0,0.24506439563981164
0,0,0.26018102571071555
0,0,0.23489979893682442
0,0,0.23400552727593954
0,0,0.2673469427232265
0,0,0.21131503125931453
0,0,0.25183250687231173
0,0,0.22832569414880538
0,0,0.22100223366187027
0,0,0.1567420016450771
0,0,0.20520988648773306
0,0,0.20457341764546869
0,0,0.21166849399526289
0,0,0.22742385461883594
0,0,0.2250398844613786
0,0,0.2756284876104852
0,0,0.2583502236522572
0,0,0.2275837357340781
0,0,0.23361860573286022
0,0,0.2674843958491363
0,0,0.25553169928326486
0,0,0.22800725095651092
0,0,0.22447691490383248
0,0,0.22128903754008775
0,0,0.22558300443199047
0,0,0.22613970122802945
0,0,0.23798284100426462
0,0,0.18549979598144214
0,0,0.2031838557845779
0,0,0.20667015021779064
0,0,0.18724820566938052
0,0,0.20315561816674013
0,0,0.21873012142819592
0,0,0.21079426876895696
0,0,0.22574656732526585
0,0,0.23108419545703607
0,0,0.20805284614747696
0,0,0.18696831709666892
0,0,0.21889524225060977
0,0,0.21791534820103176
0,0,0.20656193470871007
0,0,0.2416290732497126
0,0,0.22988815874560264
0,0,0.26073391987114475
0,0,0.27072910187194904
0,0,0.2612279366670629
0,0,0.25411800135112933
0,0,0.2523021238956556
0,0,0.254370901428073
0,0,0.2557127071480982
0,0,0.23214522274850613
0,0,0.24459147503334716
0,0,0.2421463830696039
0,0,0.2477681282936539
0,0,0.2402336009967914
0,0,0.2626224414341761
0,0,0.25434647238223557
0,0,0.24553832332144868
1,1,0.6349372873974748
1,1,0.5929321301337286
1,1,0.7009973953303198
1,1,0.642021739701228
1,1,0.5141811698961541
1,1,0.5654937564796927
1,1,0.6357152382775237
1,1,0.6137435190405905
1,1,0.674319702095429
1,1,0.6399245375886929
1,1,0.6484388382523462
1,1,0.6156240099573452
1,1,0.6304592817676918
1,1,0.62206784820026
1,1,0.6182009482954562
1,1,0.6209226247941529
1,1,0.6022089195961865
1,1,0.6298812175904102
1,1,0.6961162760333178
1,1,0.693333182506154
1,1,0.6012828290000783
1,1,0.602329022119537
1,1,0.7324509372334072
1,1,0.6100173971939025
1,1,0.6832112734826735
1,1,0.6715550818527113
1,1,0.6530658528915816
1,1,0.6421371880194623
1,1,0.7006307965426675
1,1,0.681701165360515
1,1,0.7304386985925444
1,1,0.7558742184013306
1,1,0.7487658290736847
1,1,0.762855899038811
1,1,0.7547766497629498
1,1,0.7413388900394549
1,1,0.7390558957647522
1,1,0.7039947785384417
1,1,0.6932093310145543
1,1,0.7048859793200194
1,1,0.7191011938376859
1,1,0.8371692852881927
1,1,0.8322694413284573
1,1,0.7170620350714907
1,1,0.7318498988185449
1,1,0.7092316777853813
0,0,0.3066449463103849
0,0,0.28910242908305556
0,0,0.2875041766820012
0,0,0.2755734280451252
0,0,0.2471966850051537
0,0,0.23866454474577697
0,0,0.27092620400776324
0,0,0.2639411875181716
0,0,0.2533307160806703
0,0,0.2540905941685856
0,0,0.23873004355179894
0,0,0.2387735968593726
0,0,0.27137343860073115
0,0,0.27271208138959796
0,0,0.24072337899376933
0,0,0.22411631971588222
0,0,0.2597792305690421
0,0,0.2604726230682177
0,0,0.262493010378496
0,0,0.27435720061643176
0,0,0.28109930690323254
0,0,0.23215860266357446
0,0,0.23549406994115357
0,0,0.26278240943436376
0,0,0.25060652698188063
0,0,0.24643583743440037
0,0,0.2501283800702358
0,0,0.2504002861217753
0,0,0.2291601872633654
0,0,0.241884006126562
0,0,0.266831267700415
0,0,0.27069442764152546
0,0,0.23895112458469597
0,0,0.26776839216911347
0,0,0.261758064276175
0,0,0.2575067937768323
0,0,0.2622406019379096
0,0,0.27549729609128876
0,0,0.28517030109537195
0,0,0.26055077003183696
0,0,0.267640475788983
0,0,0.2464433872724129
0,0,0.24886966557540166
0,0,0.25338654837567964
0,0,0.2718987710571589
0,0,0.23078462344646525
0,0,0.21979938473655783
0,0,0.22829099508010453
0,0,0.18372530618815927
0,0,0.1976923429549782
0,0,0.16540356262241585
0,0,0.1915868616656859
0,0,0.2134400912612033
0,0,0.19117780554408964
0,0,0.188380405305426
0,0,0.21076987516227635
0,0,0.25734878049001475
0,0,0.20784519363228168
0,0,0.20118686959154594
0,0,0.24052992415055968
0,0,0.2228190816876559
0,0,0.19185062714468462
0,0,0.17805173102307378
0,0,0.2157797690114048
0,0,0.21083837971275363
0,0,0.21436990536983683
0,0,0.20005110787828817
0,0,0.21675446059567827
1,0,0.17780067429872667
1,0,0.2057558652159042
1,0,0.1566849019148759
1,0,0.14646863999368318
1,0,0.21926019997950605
1,0,0.1994188336025347
1,0,0.1609789410881791
1,0,0.16806698734532147
1,0,0.15587677681011702
1,0,0.18044609574197767
1,0,0.18379705741012842
1,0,0.15001218954993167
1,0,0.17417834435077115
1,0,0.18356422888795446
1,0,0.15666312138900884
1,0,0.17457350099672658
1,0,0.18144159440643812
1,0,0.2066972300783896
1,0,0.20530915753931928
1,0,0.1834749898164836
1,0,0.17671283536751292
1,0,0.1695810981858447
1,0,0.17951057029625975
1,0,0.20367214343776616
1,0,0.16518975668089247
1,0,0.1571237082048511
1,0,0.1627848685915869
1,0,0.16613905909087123
1,0,0.1892610220397179
1,0,0.18884275292298608
1,0,0.21562479732992704
1,0,0.2187961288128782
1,0,0.21556300030258677
1,0,0.2107041395029881
1,0,0.24359218736259738
1,0,0.23649484977121948
1,0,0.23650693676007747
1,0,0.23170579478347691
1,0,0.24175276429940554
1,0,0.21603355644576525
1,0,0.2207778641191872
1,0,0.22670536712331382
1,0,0.23044323185221693
1,0,0.28251044044622436
1,0,0.24273519595031
1,0,0.25888068911230655
0,0,0.2601080475318624
0,0,0.29310699503829485
0,0,0.2475841230875468
0,0,0.2928803918105949
0,0,0.26288522376002155
0,0,0.26047295911183366
0,0,0.2981209253093992
0,0,0.3246387745505082
0,0,0.24517617108673392
0,0,0.2552242757096326
0,0,0.3115771688239459
0,0,0.27720810145746383
0,0,0.30733284594311705
0,0,0.3085023514247883
0,0,0.2521059432491917
0,0,0.2369540330116919
0,0,0.23957425271269472
0,0,0.2470149537871098
0,0,0.20798492138347438
0,0,0.2214197690899412
0,0,0.24929572867722793
0,0,0.20043089040210177
0,0,0.19095021378360663
0,0,0.19716407326596969
0,0,0.23514934537189613
0,0,0.20154874993246286
0,0,0.232271818340379
0,0,0.24862827679750965
0,0,0.21640101474792597
0,0,0.23808668214217238
0,0,0.24366475714331404
0,0,0.2292935458663461
0,0,0.1806843031409418
0,0,0.19516219402256002
0,0,0.18874165089701178
0,0,0.2597881157988745
0,0,0.2585332069265441
0,0,0.2211664700851792
0,0,0.21040157132864887
0,0,0.24855418812220914
0,0,0.23613702488572813
0,0,0.21251872697148477
0,0,0.2071361654674448
0,0,0.19773163709562652
0,0,0.19998086275066826
0,0,0.2243670828550045
0,0,0.2023883361142051
0,0,0.18455180296930454
0,0,0.16100942972276566
0,0,0.19583152148905753
0,0,0.16201435909056383
0,0,0.21703062509154247
0,0,0.1295722357755205
0,0,0.1748179825022719
0,0,0.15701755573981152
0,0,0.1802129725770451
0,0,0.1888428640637832
0,0,0.17776170693143117
0,0,0.20930161906339703
0,0,0.23203236389646215
0,0,0.21330323348198577
0,0,0.2037668229881179
0,0,0.17090139659671497
0,0,0.2176564491623008
0,0,0.23081621164081617
0,0,0.2516187447666387
0,0,0.22796664282534265
0,0,0.19959206012556177
0,0,0.1912861567161686
0,0,0.18690685677388266
0,0,0.17285850400577207
0,0,0.19295750050126692
0,0,0.1958735093877343
0,0,0.1975464277955265
0,0,0.19921544260559604
0,0,0.1605061758920584
0,0,0.1959325818931219
0,0,0.19102456750085323
0,0,0.20946727615710523
0,0,0.1929158246081239
0,0,0.17897044287828356
0,0,0.1969144625010843
0,0,0.20505632080256178
0,0,0.16228907287473368
0,0,0.14766497443680088
0,0,0.23001879615734527
0,0,0.1951744279356997
0,0,0.19051050285265855
0,0,0.23885658332312348
0,0,0.2353631462345487
0,0,0.20866641284241247
0,0,0.17256422038969313
0,0,0.14769256492870256
0,0,0.14012027342750724
1,1,0.7980213356860769
1,1,0.786031551134506
1,1,0.7470699682111193
1,1,0.7538360483232267
1,1,0.8182388760211582
1,1,0.7999561268257609
1,1,0.744358583171381
1,1,0.7349802100108049
1,1,0.8115775398636695
1,1,0.8231987962267489
1,1,0.7101308130531322
1,1,0.7237087178959358
1,1,0.7144374794190078
1,1,0.700416249573815
1,1,0.7783288205866548
1,1,0.7660879885123755
1,1,0.7261330853374081
1,1,0.7262420322614667
1,1,0.6194395456272184
1,1,0.680514318720519
1,1,0.6707528349707998
1,1,0.6328986596993371
1,1,0.6668835079666569
1,1,0.8335519796970299
1,1,0.715634744582569
1,1,0.6819362940910356
1,1,0.7052543362767615
1,1,0.7317297664346002
1,1,0.7277983646130493
1,1,0.7582863988945769
1,1,0.7727096843634931
1,1,0.7206787483582409
1,1,0.7729715376386112
1,1,0.6922750275629936
1,1,0.7270110718986349
1,1,0.6227990851935459
1,1,0.6310672197804325
1,1,0.7060563943331475
1,1,0.6531997198044919
1,1,0.6293661803806093
1,1,0.599860425039482
1,1,0.6635055452806006
1,1,0.7189785351542409
1,1,0.7063506728519693
1,1,0.6950510810150712
1,1,0.6260948108043959
1,1,0.7970705636221866
1,1,0.7041110197346964
1,1,0.6402602919664683
1,1,0.7056196948046483
1,1,0.6864783699894536
1,1,0.7467693253065033
1,1,0.8063023635171919
1,1,0.7319897746455655
1,1,0.7317844635980135
1,1,0.8144883934119104
1,1,0.8258590175577677
1,1,0.8051803250738243
1,1,0.6885959931470179
1,1,0.6956361172752409
1,1,0.8029510792501001
1,1,0.8327106301321601
1,1,0.7157583803041715
1,1,0.8349777457803005
1,1,0.7803380069008398
1,1,0.7672185005963599
1,1,0.7584778436892288
1,1,0.6783190363763748
1,1,0.661256290786167
0,1,0.7090403284278055
0,1,0.7554085345768244
0,1,0.7823991984826729
0,1,0.7990271862280949
0,1,0.7081586360144833
0,1,0.6846333020732116
0,1,0.6897455500846701
0,1,0.6664195155433437
0,1,0.6427058624529692
0,1,0.699290164805943
0,1,0.6481444667267798
0,1,0.6035008763047433
0,1,0.6524390032132653
0,1,0.6744842240922138
0,1,0.6110707963939699
0,1,0.5920294440684873
0,1,0.6270210803393017
0,1,0.6096554706480458
0,1,0.629345206469463
0,1,0.6925919465804141
0,1,0.6774999738323306
0,1,0.6499702923049874
0,1,0.571137325950346
1,1,0.7669713002611707
1,1,0.7062405244965386
1,1,0.6624294049487944
1,1,0.7200531266521927
1,1,0.742476763169085
1,1,0.5957837598662166
1,1,0.6394714749023401
1,1,0.6779151856209001
1,1,0.6971862049247498
1,1,0.6457921568799275
1,1,0.6766121602175535
1,1,0.660414254446538
1,1,0.7963320652614087
1,1,0.6945095356211988
1,1,0.6006376527870475
1,1,0.6079159217539477
1,1,0.5777550749924215
1,1,0.564930071248424
1,1,0.5725428513435188
1,1,0.6002794545482542
1,1,0.5948703865489748
1,1,0.5832394643069084
1,1,0.5867675365988523
0,0,0.24533219319224064
0,0,0.26098419519734384
0,0,0.2086423470344947
0,0,0.22558278814529442
0,0,0.2816444731927361
0,0,0.2666291436048683
0,0,0.22224376938207743
0,0,0.2863321976298245
0,0,0.23910725472231126
0,0,0.28065461041999656
0,0,0.3060277619299752
0,0,0.28324571824022265
0,0,0.2967677089315098
0,0,0.25120264752980564
0,0,0.18043558040633711
0,0,0.1690443692872963
0,0,0.21712554855724406
0,0,0.25407988657264896
0,0,0.2730507571849913
0,0,0.2684894256132883
0,0,0.22325841539469668
0,0,0.2145325964322616
0,0,0.207970428821885
0,0,0.26105184891826577
0,0,0.25349512191955664
0,0,0.28076029949036274
0,0,0.259825085356858
0,0,0.2529543170645764
0,0,0.2584511346080066
0,0,0.2534179659194636
0,0,0.2584224554360901
0,0,0.2621254072511019
0,0,0.18199877996486338
0,0,0.2000010075634055
0,0,0.18991505012644963
0,0,0.21226460552664578
0,0,0.20451615471413936
0,0,0.19219310553907668
0,0,0.18893425775239245
0,0,0.209995741697744
0,0,0.19370820526455332
0,0,0.1671697191632216
0,0,0.2726921401201062
0,0,0.2552878427221834
0,0,0.22261756510549943
0,0,0.25958109689899045
0,0,0.2273897067387896
0,0,0.24633852945756105
0,0,0.25115479538422303
0,0,0.21611796275844877
0,0,0.1998150392286075
0,0,0.2093682756237055
0,0,0.17593185456846297
0,0,0.1903937231114105
0,0,0.25887025650780315
0,0,0.21859068386449007
0,0,0.2230009936600888
0,0,0.22386727086936606
0,0,0.21733158074923467
0,1,0.707010021567148
0,1,0.7900877999272181
0,1,0.765920052982376
0,1,0.7679060839053946
0,1,0.7186323323353853
0,1,0.8119989889623577
0,1,0.7838865382358351
0,1,0.7835179564577941
0,1,0.7639092134645145
0,1,0.7583499245355694
0,1,0.7886342378359313
0,1,0.8290733427917065
0,1,0.7542756346925242
0,1,0.6859149689490492
0,1,0.6789504563780692
0,1,0.6951583690980988
0,1,0.698847611105108
0,1,0.6889800277028804
0,1,0.680646187630265
0,1,0.6927634553914668
0,1,0.6777011946908793
0,1,0.6251041447746566
0,1,0.6319063938491783
1,1,0.7986434784117109
1,1,0.815874194289046
1,1,0.7728918084162302
1,1,0.7907894124090649
1,1,0.7800335836246189
1,1,0.7646503212537219
1,1,0.7566370608564776
1,1,0.7845263111636275
1,1,0.7632192367073836
1,1,0.7834192348249762
1,1,0.8227291287834274
1,1,0.860253649939872
1,1,0.823362481764165
1,1,0.7578596785194864
1,1,0.6181772370171469
1,1,0.6382466165885523
1,1,0.7474466380614099
1,1,0.7976787925389985
1,1,0.7928622490874152
1,1,0.7951591799338605
1,1,0.7950227617928833
1,1,0.7404966162979559
1,1,0.7712300491564325
0,0,0.2566381930916816
0,0,0.25149916924818433
0,0,0.2484644719420843
0,0,0.27785735602827516
0,0,0.2271060777543568
0,0,0.21736417699619728
0,0,0.19950329867914596
0,0,0.21280361428135994
0,0,0.20969577895777367
0,0,0.20248429017466457
0,0,0.20121677107002842
0,0,0.1976210046760969
0,0,0.20938502582475496
0,0,0.22867965438262633
0,0,0.25374502963808654
0,0,0.22830138432042474
0,0,0.2205617170301279
0,0,0.25557986613467754
0,0,0.26505321664527703
0,0,0.28994224136765157
0,0,0.2203962381917372
0,0,0.27968485314322034
0,0,0.23900633785176692
0,0,0.2489965870803966
0,0,0.26157407615499223
0,0,0.24392216691171828
0,0,0.2753103362280544
0,0,0.2745118462421124
0,0,0.27825192114579816
0,0,0.3260767954646869
0,0,0.28927624214522946
0,0,0.3648604836804444
0,0,0.30230213930886246
0,0,0.33408279852080097
0,0,0.32120870162812715
0,0,0.2943009177259124
0,0,0.31862780626281145
0,0,0.291484322232469
0,0,0.2797035326076837
0,0,0.24832414008345277
0,0,0.23461741266129008
0,0,0.2461983813201419
0,0,0.27607687474374365
0,0,0.2924621671483811
0,0,0.2843544662261015
0,0,0.2892980067992619
0,0,0.3208547183764678
0,0,0.3504381939645887
0,0,0.3356544085545324
0,0,0.33680984499195465
0,0,0.3672413198018633
0,0,0.380177181601879
0,0,0.3953460356252751
0,0,0.41360432990343626
0,0,0.41090128914978796
0,0,0.39058477907645484
0,0,0.3742254027611343
0,0,0.3757209714702271
0,0,0.3547583084788694
0,0,0.38697494089342355
0,0,0.3729526070016574
0,0,0.3333834223776871
0,0,0.35389381644180884
0,0,0.3717508443849999
0,0,0.4135853650097171
0,0,0.4186272640890108
0,0,0.36588015644531124
0,0,0.38130356819436
0,0,0.29784450944057955
0,0,0.24600357122819788
0,0,0.2678881679841086
0,0,0.3111853575611401
0,0,0.30457110941830295
0,0,0.3113819386218961
0,0,0.30093945845766323
0,0,0.3189430176730109
0,0,0.2713345657962582
0,0,0.3169221886479744
0,0,0.29947621454252715
0,0,0.2754338688552588
0,0,0.24640942763151583
0,0,0.3113657582338124
0,0,0.3324657352512652
0,0,0.2924915447852428
0,0,0.3191849208073366
0,0,0.2764011579905541
0,0,0.2430103372595362
0,0,0.25583226588627445
0,0,0.32569257912278404
0,0,0.2984618032819348
0,0,0.3367076624353123
0,0,0.37412182534735194
0,0,0.3766920430230615
0,0,0.3578620887060854
0,0,0.33252905734802224
0,0,0.3520542754984761
0,0,0.31706982200009354
0,0,0.3220040912775735
0,0,0.3161679446619362
0,0,0.34319472209193647
0,0,0.34090906048462855
0,0,0.33226197677106156
0,0,0.3423749530917736
0,0,0.3644439590982725
0,0,0.33543283883316294
0,0,0.34802228057260287
0,0,0.3473219703086208
0,0,0.3999333310423048
0,0,0.3609065410999323
0,0,0.33620674607865625
0,0,0.3519932554733975
0,0,0.36898800896140704
0,0,0.3566105232347113
0,0,0.3455922947835445
0,0,0.41460683117822134
0,0,0.41460683117822134
0,0,0.41460683117822134
0,0,0.41460683117822134
0,0,0.41460683117822134
0,0,0.41460683117822134
0,0,0.41460683117822134
0,0,0.41460683117822134
0,0,0.41460683117822134
0,0,0.41460683117822134
0,0,0.41460683117822134
0,0,0.41460683117822134
0,0,0.41460683117822134
0,0,0.41460683117822134
0,0,0.41460683117822134
0,0,0.41460683117822134
0,0,0.41460683117822134
0,0,0.41460683117822134
0,0,0.41460683117822134
0,0,0.41460683117822134
0,0,0.41460683117822134
0,0,0.41460683117822134
0,0,0.41460683117822134
0,0,0.43430874855018703
0,0,0.43430874855018703
0,0,0.42879218174502676
0,0,0.42477866843829937
0,0,0.4215075156065361
0,0,0.41460683117822134
0,0,0.41460683117822134
0,0,0.41460683117822134
0,0,0.41460683117822134
0,0,0.41460683117822134
0,0,0.41460683117822134
0,0,0.41460683117822134
0,0,0.41460683117822134
0,0,0.41460683117822134
0,0,0.41460683117822134
0,0,0.41460683117822134
0,0,0.41460683117822134
0,0,0.41460683117822134
0,0,0.41460683117822134
0,0,0.41460683117822134
0,0,0.41460683117822134
0,0,0.41460683117822134
0,0,0.41460683117822134
0,0,0.41460683117822134
0,0,0.41460683117822134
0,0,0.41460683117822134
0,0,0.41460683117822134
0,0,0.41460683117822134
0,0,0.41460683117822134
0,0,0.41460683117822134
0,0,0.41460683117822134
0,0,0.41460683117822134
0,0,0.41460683117822134
0,0,0.41460683117822134
0,0,0.41460683117822134
0,0,0.41460683117822134
0,0,0.41460683117822134
0,0,0.41460683117822134
0,0,0.41460683117822134
0,0,0.41460683117822134
0,0,0.41460683117822134
0,0,0.41460683117822134
0,0,0.41460683117822134
0,0,0.41460683117822134
0,0,0.41460683117822134
0,0,0.41460683117822134
0,0,0.41460683117822134
0,0,0.41460683117822134
0,0,0.41460683117822134
0,0,0.41460683117822134
0,0,0.41460683117822134
0,0,0.41460683117822134
0,0,0.41460683117822134
0,0,0.41460683117822134
0,0,0.41460683117822134
0,0,0.41460683117822134
0,0,0.41460683117822134
0,0,0.41460683117822134
0,0,0.41460683117822134
0,0,0.41460683117822134
0,0,0.41460683117822134
0,0,0.41460683117822134
0,0,0.41460683117822134
0,0,0.41460683117822134
0,0,0.41460683117822134
0,0,0.41460683117822134
0,0,0.41460683117822134
0,0,0.41460683117822134
0,0,0.41460683117822134
0,0,0.41460683117822134
0,0,0.41460683117822134
1,0,0.41460683117822134
1,0,0.41460683117822134
1,0,0.41460683117822134
1,0,0.41460683117822134
1,0,0.41460683117822134
1,0,0.41460683117822134
1,0,0.41460683117822134
1,0,0.41460683117822134
1,0,0.41460683117822134
1,0,0.41460683117822134
1,0,0.41460683117822134
1,0,0.41460683117822134
1,0,0.41460683117822134
1,0,0.41460683117822134
1,0,0.41460683117822134
1,0,0.41460683117822134
1,0,0.41460683117822134
1,0,0.41460683117822134
1,0,0.41460683117822134
1,0,0.41460683117822134
1,0,0.41460683117822134
1,0,0.41460683117822134
1,0,0.41460683117822134
1,0,0.41460683117822134
1,0,0.41460683117822134
1,0,0.41460683117822134
1,0,0.41460683117822134
1,0,0.41460683117822134
1,0,0.41460683117822134
1,0,0.41460683117822134
1,0,0.41460683117822134
1,0,0.41460683117822134
1,0,0.41460683117822134
1,0,0.41460683117822134
1,0,0.41460683117822134
1,0,0.41460683117822134
1,0,0.41460683117822134
1,0,0.41460683117822134
1,0,0.41460683117822134
1,0,0.41460683117822134
1,0,0.41460683117822134
1,0,0.41460683117822134
1,0,0.41460683117822134
1,0,0.41460683117822134
1,0,0.41460683117822134
1,0,0.41460683117822134
1,0,0.435709246979809
1,0,0.435709246979809
1,0,0.43430874855018703
1,0,0.43430874855018703
1,0,0.43430874855018703
1,0,0.43430874855018703
1,0,0.43430874855018703
1,0,0.43430874855018703
1,0,0.43430874855018703
1,0,0.43430874855018703
1,0,0.43430874855018703
1,0,0.435709246979809
1,0,0.43430874855018703
1,0,0.43430874855018703
1,0,0.435709246979809
1,0,0.435709246979809
1,0,0.43430874855018703
1,0,0.435709246979809
1,0,0.435709246979809
1,0,0.435709246979809
1,0,0.435709246979809
1,0,0.435709246979809
1,0,0.43430874855018703
1,0,0.41460683117822134
1,0,0.43430874855018703
1,0,0.43430874855018703
1,0,0.43430874855018703
1,0,0.43430874855018703
1,0,0.435709246979809
1,0,0.435709246979809
1,0,0.43430874855018703
1,0,0.435709246979809
1,0,0.435709246979809
1,0,0.43430874855018703
1,0,0.43430874855018703
1,0,0.43430874855018703
1,0,0.43430874855018703
1,0,0.43430874855018703
1,0,0.43430874855018703
1,0,0.43430874855018703
1,0,0.43430874855018703
1,0,0.43430874855018703
1,0,0.43430874855018703
1,0,0.43430874855018703
1,0,0.43430874855018703
1,0,0.435709246979809
1,0,0.43430874855018703
1,0,0.435709246979809
1,0,0.43430874855018703
1,0,0.43430874855018703
1,0,0.43430874855018703
1,0,0.43430874855018703
1,0,0.43430874855018703
1,0,0.43430874855018703
1,0,0.43430874855018703
1,0,0.435709246979809
1,0,0.435709246979809
1,0,0.43430874855018703
1,0,0.43430874855018703
1,0,0.435709246979809
1,0,0.435709246979809
1,0,0.435709246979809
1,0,0.43430874855018703
1,0,0.43430874855018703
1,0,0.43430874855018703
1,0,0.43430874855018703
1,0,0.43430874855018703
1,0,0.43430874855018703
1,0,0.43430874855018703
0,0,0.43430874855018703
0,0,0.43430874855018703
0,0,0.435709246979809
0,0,0.435709246979809
0,0,0.435709246979809
0,0,0.435709246979809
0,0,0.42477866843829937
0,0,0.42477866843829937
0,0,0.41460683117822134
0,0,0.41460683117822134
0,0,0.41460683117822134
0,0,0.41460683117822134
0,0,0.41460683117822134
0,0,0.41460683117822134
0,0,0.41460683117822134
0,0,0.41460683117822134
0,0,0.41460683117822134
0,0,0.41460683117822134
0,0,0.41460683117822134
0,0,0.41460683117822134
0,0,0.41460683117822134
0,0,0.41460683117822134
0,0,0.41460683117822134
0,0,0.41460683117822134
0,0,0.41460683117822134
0,0,0.41460683117822134
0,0,0.41460683117822134
0,0,0.41460683117822134
0,0,0.41460683117822134
0,0,0.41460683117822134
0,0,0.41460683117822134
0,0,0.41460683117822134
0,0,0.41460683117822134
0,0,0.41460683117822134
0,0,0.41460683117822134
0,0,0.41460683117822134
0,0,0.41460683117822134
0,0,0.41460683117822134
0,0,0.41460683117822134
0,0,0.41460683117822134
0,0,0.41460683117822134
0,0,0.41460683117822134
0,0,0.41460683117822134
0,0,0.41460683117822134
0,0,0.41460683117822134
0,0,0.41460683117822134
0,0,0.41460683117822134
0,0,0.41460683117822134
0,0,0.41460683117822134
0,0,0.41460683117822134
0,0,0.41460683117822134
0,0,0.41460683117822134
0,0,0.41460683117822134
0,0,0.41460683117822134
0,0,0.41460683117822134
0,0,0.41460683117822134
0,0,0.41460683117822134
0,0,0.41460683117822134
0,0,0.41460683117822134
0,0,0.41460683117822134
0,0,0.41460683117822134
0,0,0.41460683117822134
0,0,0.41460683117822134
0,0,0.41460683117822134
0,0,0.4215075156065361
0,0,0.42477866843829937
0,0,0.4215075156065361
0,0,0.41460683117822134
0,0,0.41460683117822134
0,0,0.41460683117822134
0,0,0.41460683117822134
0,0,0.41460683117822134
0,0,0.41460683117822134
0,0,0.41460683117822134
0,0,0.41460683117822134
0,0,0.41460683117822134
0,0,0.41460683117822134
0,0,0.41460683117822134
0,0,0.41460683117822134
0,0,0.41460683117822134
0,0,0.41460683117822134
0,0,0.41460683117822134
1,0,0.41460683117822134
1,0,0.41460683117822134
1,0,0.41460683117822134
1,0,0.41460683117822134
1,0,0.41460683117822134
1,0,0.41460683117822134
1,0,0.41460683117822134
1,0,0.41460683117822134
1,0,0.41460683117822134
1,0,0.41460683117822134
1,0,0.41460683117822134
1,0,0.41460683117822134
1,0,0.41460683117822134
1,0,0.41460683117822134
1,0,0.41460683117822134
1,0,0.41460683117822134
1,0,0.41460683117822134
1,0,0.41460683117822134
1,0,0.41460683117822134
1,0,0.41460683117822134
1,0,0.41460683117822134
1,0,0.41460683117822134
1,0,0.41460683117822134
1,0,0.41460683117822134
1,0,0.41460683117822134
1,0,0.41460683117822134
1,0,0.41460683117822134
1,0,0.41460683117822134
1,0,0.41460683117822134
1,0,0.41460683117822134
1,0,0.41460683117822134
1,0,0.41460683117822134
1,0,0.41460683117822134
1,0,0.41460683117822134
1,0,0.41460683117822134
1,0,0.41460683117822134
1,0,0.41460683117822134
1,0,0.41460683117822134
1,0,0.41460683117822134
1,0,0.41460683117822134
1,0,0.41460683117822134
1,0,0.41460683117822134
1,0,0.41460683117822134
1,0,0.41460683117822134
1,0,0.41460683117822134
1,0,0.41460683117822134
1,0,0.41460683117822134
1,0,0.41460683117822134
1,0,0.41460683117822134
1,0,0.41460683117822134
1,0,0.41460683117822134
1,0,0.41460683117822134
1,0,0.41460683117822134
1,0,0.41460683117822134
1,0,0.41460683117822134
1,0,0.41460683117822134
1,0,0.41460683117822134
1,0,0.41460683117822134
1,0,0.41460683117822134
1,0,0.41460683117822134
1,0,0.41460683117822134
1,0,0.41460683117822134
1,0,0.41460683117822134
1,0,0.41460683117822134
1,0,0.41460683117822134
1,0,0.41460683117822134
1,0,0.41460683117822134
1,0,0.41460683117822134
1,0,0.41460683117822134
1,0,0.41460683117822134
1,0,0.41460683117822134
1,0,0.41460683117822134
1,0,0.41460683117822134
1,0,0.41460683117822134
1,0,0.41460683117822134
1,0,0.41460683117822134
1,0,0.41460683117822134
1,0,0.41460683117822134
1,0,0.41460683117822134
1,0,0.41460683117822134
1,0,0.41460683117822134
1,0,0.41460683117822134
1,0,0.42477866843829937
1,0,0.43430874855018703
1,0,0.43430874855018703
1,0,0.43430874855018703
1,0,0.43430874855018703
1,0,0.43430874855018703
1,0,0.43430874855018703
1,0,0.43430874855018703
1,0,0.43430874855018703
1,0,0.435709246979809
1,0,0.435709246979809
1,0,0.43430874855018703
1,0,0.43430874855018703
1,0,0.43430874855018703
1,0,0.43430874855018703
1,0,0.43430874855018703
1,0,0.43430874855018703
1,0,0.435709246979809
1,0,0.435709246979809
1,0,0.435709246979809
1,0,0.43430874855018703
1,0,0.43430874855018703
1,0,0.43430874855018703
1,0,0.435709246979809
1,0,0.435709246979809
1,0,0.435709246979809
1,0,0.435709246979809
1,0,0.435709246979809
1,0,0.435709246979809
1,0,0.43430874855018703
1,0,0.43430874855018703
1,0,0.43430874855018703
1,0,0.435709246979809
1,0,0.42477866843829937
1,0,0.4215075156065361
1,0,0.41460683117822134
1,0,0.41460683117822134
1,0,0.41460683117822134
1,0,0.41460683117822134
1,0,0.41460683117822134
1,0,0.41460683117822134
1,0,0.41460683117822134
1,0,0.41460683117822134
1,0,0.41460683117822134
1,0,0.41460683117822134
1,0,0.41460683117822134
1,0,0.41460683117822134
1,0,0.41460683117822134
1,0,0.41460683117822134
1,0,0.41460683117822134
1,0,0.41460683117822134
1,0,0.41460683117822134
1,0,0.41460683117822134
1,0,0.41460683117822134
1,0,0.41460683117822134
0,0,0.23219162539622026
0,0,0.1571252946408269
0,0,0.16373167916214984
0,0,0.17982237970843087
0,0,0.14363582536243208
0,0,0.09293428043828068
0,0,0.09940256022872386
0,0,0.10088612124355065
0,0,0.06268273109595297
0,0,0.09548641850609807
0,0,0.09277140286635221
0,0,0.08466003495429769
0,0,0.10503319726150435
0,0,0.11501903267649384
0,0,0.11602064076511413
0,0,0.09269223364918121
0,0,0.12530659215930096
0,0,0.14654611128242612
0,0,0.15324918530399037
0,0,0.14588502520038749
0,0,0.15972204684456848
0,0,0.16372082069938515
0,0,0.136613445983891
0,0,0.1329184217990593
0,0,0.07503184765190704
0,0,0.10104074837147181
0,0,0.11576716068723604
0,0,0.13437544840157448
0,0,0.12850999893480824
0,0,0.11533173586936794
0,0,0.08489885004505016
0,0,0.09757804125565678
0,0,0.10034713995257963
0,0,0.0771516780554586
0,0,0.09999812959071733
0,0,0.09978059807900834
0,0,0.12063645301402046
0,0,0.1167585242305831
0,0,0.11345172697121417
0,0,0.16911052352103645
0,0,0.16724630811243266
0,0,0.0734180548952401
0,0,0.11010607565955033
0,0,0.10825359382390096
0,0,0.0876154342070779
0,0,0.0932508957032703
0,0,0.10783477110741485
0,0,0.09953498802047651
0,0,0.12342624686752099
0,0,0.07644482854937387
0,0,0.08380089084848408
0,0,0.07602933671655396
0,0,0.09413754509137398
0,0,0.07168860251397588
0,0,0.12081347085205776
0,0,0.12572737893972913
0,0,0.1064841304061784
0,0,0.09836372470717336
0,0,0.11475753678490433
0,0,0.14033257436025173
0,0,0.1564187910586703
0,0,0.13259908249108815
0,0,0.1146733408952019
0,0,0.12373543725333983
0,0,0.13443687424383852
0,0,0.1084883034744451
0,0,0.11957854990491353
0,0,0.13474340304351384
0,0,0.13256700398918786
0,0,0.08843936293937327
0,0,0.1083893695453423
0,0,0.09466977396172442
0,0,0.0713727153346958
0,0,0.11287281694887576
0,0,0.11714485557017439
0,0,0.0943230115148083
0,0,0.09258095454711254
0,0,0.07558658865335442
0,0,0.10398119995030258
0,0,0.0920494019498698
0,0,0.10219816994143135
0,0,0.10348379354448001
0,0,0.11095038509885395
0,0,0.15136852486336594
0,0,0.1232665028915307
0,0,0.11925684671335844
0,0,0.12204517314029749
0,0,0.1292900484439537
0,0,0.11776283646806694
0,0,0.09067864817373915
0,0,0.12488668199489888
0,0,0.12853581459631244
0,0,0.11620406227486937
0,0,0.0824253412914969
1,1,0.7974951199835922
1,1,0.6712896835305542
1,1,0.6416835831610136
1,1,0.6436650061284027
1,1,0.6435907439218614
1,1,0.7131364094051085
1,1,0.8070569390964006
1,1,0.7677225125719188
1,1,0.8177527464487582
1,1,0.8172739550425573
1,1,0.7066266960513192
1,1,0.7397285075353146
1,1,0.7629105042690887
1,1,0.7342923613457253
1,1,0.730315655762536
1,1,0.6976383286686496
1,1,0.7144550524306535
1,1,0.7310404528755418
1,1,0.7290020141787552
1,1,0.7346213477232436
1,1,0.7316885593839544
1,1,0.7300281491037954
1,1,0.7901213348079026
1,1,0.8319509438142049
1,1,0.8337206111923398
1,1,0.6922596714376007
1,1,0.6894309688400161
1,1,0.7149617564109887
1,1,0.7557698346634986
1,1,0.7279563215530227
1,1,0.6868333015129241
1,1,0.705187837906262
1,1,0.7487445574518826
1,1,0.7370188429215144
1,1,0.7426999566751821
1,1,0.7495359850030414
1,1,0.7534751819513272
1,1,0.7233678048787847
1,1,0.692411668831589
1,1,0.8072687596237297
1,1,0.7864464187044254
1,1,0.7170607643288441
1,1,0.7307746798902437
1,1,0.7352291636474001
1,1,0.7305769176596351
1,1,0.8143593465729492
1,1,0.732006517751809
1,1,0.7232517743770965
1,1,0.7340366168228156
1,1,0.7218290347690999
1,1,0.7582592999452171
1,1,0.7581013847102
1,1,0.7640859223577833
1,1,0.7633566022943011
1,1,0.7760097463159182
1,1,0.7412761585664039
1,1,0.7531778102170966
1,1,0.7502923227978813
1,1,0.7643765487617089
1,1,0.775272748565865
1,1,0.7381330604634448
1,1,0.7432214410642564
1,1,0.7407569753657693
1,1,0.7601320549595286
1,1,0.7468631225254926
1,1,0.7617683754264712
1,1,0.7693648921363008
1,1,0.7747982009301712
1,1,0.7584877138247719
1,1,0.7784789266951354
1,1,0.7643154320596318
1,1,0.7288669110754087
1,1,0.6960244315042394
1,1,0.6900411496887129
1,1,0.7308411184527596
1,1,0.6659208210642217
1,1,0.6919640140468837
1,1,0.7234490163468889
1,1,0.6469704714528699
1,1,0.620712289679221
1,1,0.6367657279196777
1,1,0.5975516185542228
1,1,0.6013824148486188
1,1,0.6376927219495251
1,1,0.6321830313436265
1,1,0.6080671133484333
1,1,0.6058093137530233
1,1,0.622217900079494
1,1,0.6338197828426544
1,1,0.6203542346770975
1,1,0.6267699484619171
1,1,0.6388810054090144
1,1,0.8672788850497817
1,1,0.8623987665993198
1,1,0.843326648019825
1,1,0.7649720172229487
1,1,0.7038736264983505
1,1,0.707690070409386
1,1,0.773564305090357
1,1,0.7678620613855355
1,1,0.7203494972598794
1,1,0.7072802850763611
1,1,0.7427752228065188
1,1,0.7217104086707893
1,1,0.7447830975137043
1,1,0.7402142758391563
1,1,0.7731159395950757
1,1,0.7767211041193527
1,1,0.7856321584233844
1,1,0.7749605759538041
1,1,0.7682174891012479
1,1,0.7278767869338776
1,1,0.7341711589258125
1,1,0.7316639113307878
1,1,0.7513593429319129
0,0,0.12116755999417265
0,0,0.1300407579464232
0,0,0.12919202847472774
0,0,0.1351032934123864
0,0,0.13107832324040697
0,0,0.11607465265038419
0,0,0.1141039236816029
0,0,0.1231787288464588
0,0,0.10468254986189958
0,0,0.12419562725906998
0,0,0.12407689796302651
0,0,0.1256660097685839
0,0,0.11842742548566329
0,0,0.1324445803461258
0,0,0.11754908988515275
0,0,0.14333305245765643
0,0,0.11919833855803084
0,0,0.1137275192041229
0,0,0.12415343434309101
0,0,0.12439416867784166
0,0,0.1310304442664377
0,0,0.15930669120567498
0,0,0.18375884753709568
0,0,0.16874709440771482
0,0,0.14491009129944177
0,0,0.15363124607896766
0,0,0.11934260265592393
0,0,0.13707748326429772
0,0,0.12805770236126565
0,0,0.18294357540877812
0,0,0.2213021421456387
0,0,0.16797560565105793
0,0,0.16062776751401145
0,0,0.13762624274112661
0,0,0.1702245904970394
0,0,0.14030549748112373
0,0,0.14397407134926157
0,0,0.14907369710491986
0,0,0.14583708787497074
0,0,0.17211819832583075
0,0,0.14335646018202472
0,0,0.11366997263180063
0,0,0.11658066545262763
0,0,0.14472286374043772
0,0,0.1401622306018655
0,0,0.1544486989060989
0,0,0.1292802229537072
0,0,0.15010325615584041
0,0,0.14242580984330896
0,0,0.1601139460993243
0,0,0.16161000088890323
0,0,0.16126918442408944
0,0,0.18343381673020953
0,0,0.1770683670635853
0,0,0.22613270837503202
0,0,0.21467246818387117
0,0,0.23594171303227704
0,0,0.17419900475877279
0,0,0.15555351692708955
0,1,0.7909989770979442
0,1,0.783283752652615
0,1,0.795937601513629
0,1,0.8022841446039582
0,1,0.7330785526684099
0,1,0.7068410149962867
0,1,0.7448696087583149
0,1,0.7338380801927348
0,1,0.664450627485661
0,1,0.6626790265331889
0,1,0.6704190414446514
0,1,0.6888929197502022
0,1,0.6680963247820162
0,1,0.6527482636281425
0,1,0.6722313577880675
0,1,0.7014896771693909
0,1,0.6888853989986581
0,1,0.7166933138798606
0,1,0.7551744964851272
0,1,0.6948005543924526
0,1,0.699575506774113
0,1,0.7305417997438819
0,1,0.7188266308239563
1,1,0.7736530903190966
1,1,0.7783570404588012
1,1,0.7780250365837418
1,1,0.7971696963338322
1,1,0.7692891388105607
1,1,0.7710353984029078
1,1,0.7493172451905801
1,1,0.7433992679687538
1,1,0.7701859330272559
1,1,0.7732113756583573
1,1,0.789819529079312
1,1,0.7923070341042278
1,1,0.7704353343519038
1,1,0.7634812677297644
1,1,0.7658743712531744
1,1,0.7807171170651398
1,1,0.8637788337601335
1,1,0.8726610121032458
1,1,0.7826061382251044
1,1,0.7896746590309047
1,1,0.79430295823628
1,1,0.7974104757187687
1,1,0.7835400449941006
1,0,0.24983012055879006
1,0,0.15635123679138493
1,0,0.12018914578062806
1,0,0.10282262865030196
1,0,0.11655128664188352
1,0,0.11662546830586126
1,0,0.15941123830979295
1,0,0.17909440215865122
1,0,0.13819591180247434
1,0,0.11433817650111919
1,0,0.11567993367249056
1,0,0.08589924814271882
1,0,0.09834754399790258
1,0,0.1129529655309751
1,0,0.1135668301853531
1,0,0.11300752846262918
1,0,0.10880509863904778
1,0,0.10711682448601823
1,0,0.09520013372926661
1,0,0.09955491669382485
1,0,0.11581175817922691
1,0,0.09710044432793596
1,0,0.11799757906006864
1,0,0.11515752053389681
1,0,0.11066329434245427
1,0,0.11787774930228649
1,0,0.14008628995976172
1,0,0.12440855814291062
1,0,0.13796448532181715
1,0,0.13144263119297617
1,0,0.11375833001016264
1,0,0.10536782063008339
1,0,0.1734198200433906
1,0,0.18905611233255373
1,0,0.16205262064312542
1,0,0.17943887278919546
1,0,0.18471179649505945
1,0,0.1850073436072629
1,0,0.1867659662520943
1,0,0.16663455604918134
1,0,0.16818537723558602
1,0,0.18631165561291
1,0,0.1977353846222937
1,0,0.20172865310145255
1,0,0.20825324712147236
1,0,0.1979951961705871
1,0,0.1707596261203815
1,0,0.18653712995349253
1,0,0.19461874384628683
1,0,0.18743113070487477
1,0,0.15350052331170494
1,0,0.145292136420454
1,0,0.1694197112563358
1,0,0.17615198038280686
1,0,0.21364754721193788
1,0,0.1768731240010451
1,0,0.12593486061726905
1,0,0.1352790128930768
1,0,0.16830085084336385
1,0,0.15798545236605355
1,0,0.15564009220282543
1,0,0.15854137928664655
1,0,0.19592294194202925
1,0,0.20806902135046573
1,0,0.14447465725365918
1,0,0.18024288089245735
1,0,0.1563353504874157
1,0,0.14830263854328002
1,0,0.1769394762673711
1,0,0.17312902024387802
1,0,0.14466546712030837
1,0,0.10791668539764608
1,0,0.167389912740286
1,0,0.16084070561259034
1,0,0.16085149121398434
1,0,0.1767154926370641
1,0,0.19508210251995886
1,0,0.16844556929295407
1,0,0.13382803560639503
1,0,0.12174388152745125
1,0,0.1460414163434718
1,0,0.15398495811008206
1,0,0.15427513682943997
1,0,0.14276886262302166
1,0,0.14771749119480673
1,0,0.15764845882098968
1,0,0.17681876888009093
1,0,0.16065830664965236
1,0,0.14827676215220678
1,0,0.13522143791986052
1,0,0.18532865890518213
1,0,0.18062161299297771
1,0,0.19109227910334592
1,0,0.204792312403045
1,0,0.20141282927626578
1,0,0.19385083708951636
1,0,0.19427122833973542
1,0,0.20115153166601268
1,0,0.1845630709725828
1,0,0.12869021353793053
1,0,0.1373919866019223
1,0,0.1398236247836189
1,0,0.1325525617091213
1,0,0.14382516998122674
1,0,0.1684649417912002
1,0,0.14667539972285948
1,0,0.1314241898250811
1,0,0.1406630266150254
1,0,0.14195219098251452
1,0,0.14360555919836668
1,0,0.15065623882653933
1,0,0.12020752153881459
1,0,0.1239050144025511
1,0,0.13669000608091866
0,0,0.14748904730123402
0,0,0.18664122473894104
0,0,0.1484242488428151
0,0,0.16576669441532885
0,0,0.1593084817590902
0,0,0.17023317842711463
0,0,0.18277429232433076
0,0,0.12825356571544544
0,0,0.13354169673154861
0,0,0.14868601785307814
0,0,0.13099412560725676
0,0,0.1984413695882755
0,0,0.1957663723965065
0,0,0.1852471577766584
0,0,0.24961420701876696
0,0,0.2129368018931606
0,0,0.25163508980061305
0,0,0.2023145112428701
0,0,0.20953629669987892
0,0,0.20975368370037897
0,0,0.2223103170986434
0,0,0.2569408153899166
0,0,0.26477041653755184
0,0,0.22622984718469105
0,0,0.22566415605473036
0,0,0.22097502033441302
0,0,0.2072894325658091
0,0,0.1861091419307642
0,0,0.15976841397240438
0,0,0.1682706344299556
0,0,0.16602036723457492
0,0,0.20820244252951656
0,0,0.1427519553316901
0,0,0.1756863496984554
0,0,0.2205660221417734
0,0,0.18986505028457523
0,0,0.18193941057531224
0,0,0.17038407140428252
0,0,0.1792022299404038
0,0,0.17798159570609884
0,0,0.2302699621292642
0,0,0.1571147014622406
0,0,0.15922905778989377
0,0,0.13144097825530637
0,0,0.1734879168018622
0,0,0.21500128656391113
0,0,0.14811943320313786
0,0,0.12142326746782169
0,0,0.1499397261055863
0,0,0.16086336268618395
0,0,0.12791678490936087
0,0,0.14730999327729294
0,0,0.13051044553496102
0,0,0.12464047769699642
0,0,0.12720982968316277
0,0,0.12653727901221423
0,0,0.13994158395854733
0,0,0.23051321091983126
0,0,0.15961446987439387
0,0,0.11635746210982653
0,0,0.12970012033693096
0,0,0.13292722360121895
0,0,0.14880051328910845
0,0,0.15842010766110604
0,0,0.14616300349338604
0,0,0.18557849605207433
0,0,0.17645718933388055
0,0,0.16652968798374165
0,0,0.14432751780051206
0,0,0.16412439356636327
0,0,0.19076590718963096
0,0,0.18437395607513107
0,0,0.26239760379821986
0,0,0.22301009989456547
0,0,0.22269314267625964
0,0,0.14460006247476398
0,0,0.1167677120112095
0,0,0.12980260449894326
0,0,0.1283519908454006
0,0,0.11749488360573272
0,0,0.11325594729329316
0,0,0.19911042967346135
0,0,0.15101633369334214
0,0,0.13507913077759162
0,0,0.16914873973458971
0,0,0.25939489344524325
0,0,0.15389167392231123
0,0,0.15562710039739783
0,0,0.13410946449535927
0,0,0.16862285774278135
0,0,0.14782808277169457
0,0,0.1300595859823996
0,0,0.15542857781486688
0,0,0.22637036829044455
1,1,0.8409266022965415
1,1,0.8201893078447117
1,1,0.7982276066139075
1,1,0.8167234766337715
1,1,0.8092093360686559
1,1,0.8278655447312167
1,1,0.8165233956165814
1,1,0.7968148606177334
1,1,0.8097894048362645
1,1,0.8078021282732467
1,1,0.7650403112562075
1,1,0.8145683286566264
1,1,0.8373917482327655
1,1,0.8137550857911908
1,1,0.8012340491838623
1,1,0.7991145952461303
1,1,0.8777445531464739
1,1,0.8825405307296511
1,1,0.8707272771772443
1,1,0.8967919987258394
1,1,0.8603374707294583
1,1,0.8743815522371675
1,1,0.8924352548173821
1,1,0.819420898610157
1,1,0.8597750912510256
1,1,0.8647657863129363
1,1,0.856739472542565
1,1,0.8144020358644112
1,1,0.8376302179209846
1,1,0.8413951667084685
1,1,0.8202864927821749
1,1,0.8116636147046888
1,1,0.8462780084206676
1,1,0.8358699345240871
1,1,0.7927961763202004
1,1,0.7925529681328857
1,1,0.7936781400551765
1,1,0.817220167659879
1,1,0.8685500214239467
1,1,0.8194839430152635
1,1,0.7978156330273394
1,1,0.7952270910452769
1,1,0.802937419850867
1,1,0.7822685480479893
1,1,0.8027793909557775
1,1,0.7695138834104815
1,1,0.7667318758374542
1,1,0.8054211925496598
1,1,0.7836300899410458
1,1,0.7768816334954763
1,1,0.7804633330723866
1,1,0.7715561534821582
1,1,0.7412059509802595
1,1,0.7619624720990391
1,1,0.7522888798304037
1,1,0.7755735762050934
1,1,0.7096573146852394
1,1,0.7274489195688103
1,1,0.7387244919654552
1,1,0.7844389830427017
1,1,0.7787941310359214
1,1,0.7792460440363798
1,1,0.7554428430006002
1,1,0.7802860539596149
1,1,0.7675626723814929
1,1,0.7597395494794688
1,1,0.7342712355149342
1,1,0.745135236842707
1,1,0.8176308696532089
1,1,0.846880220483013
1,1,0.862734063834576
1,1,0.9156851113199962
1,1,0.9268625247849631
1,1,0.8598891222091989
1,1,0.8556134825864234
1,1,0.8644667172891721
1,1,0.9086507452506125
1,1,0.8258454269363262
1,1,0.7201382221669945
1,1,0.8746889917587961
1,1,0.8553644054213433
1,1,0.754610041785315
1,1,0.7922727607767337
1,1,0.9101783895599305
1,1,0.9017764948384432
1,1,0.8912810230160855
1,1,0.8961876340274082
1,1,0.8618319794738063
1,1,0.8552564665156537
1,1,0.8354767661642538
1,1,0.8551519294641095
1,1,0.8479988609067354
1,1,0.8621460384719063
1,1,0.8777270902504185
1,1,0.8717534759319341
1,1,0.8527534443664645
1,1,0.8245284401968246
1,1,0.8378140249782898
1,1,0.8518138367896779
1,1,0.8766491395404707
1,1,0.9084948649392653
1,1,0.8671169348913377
1,1,0.8520713174849195
1,1,0.8661822704898259
1,1,0.8057768400577316
1,1,0.8376842869104065
1,1,0.8627686652642832
1,1,0.8654473703710572
1,1,0.8829453604748142
1,1,0.8498684444076732
1,1,0.8525916475544781
1,1,0.8234847952440676
1,1,0.8484507196327224
1,1,0.852920783252754
1,1,0.8466717469677917
1,0,0.15062477392207602
1,0,0.14461467387218582
1,0,0.1815310506433234
1,0,0.21074716342764016
1,0,0.1719416455909962
1,0,0.1574090816096414
1,0,0.14343839024269076
1,0,0.18210776248382388
1,0,0.1987041403668555
1,0,0.22099180733404233
1,0,0.22440751476100534
1,0,0.22097201355325805
1,0,0.2077454171275762
1,0,0.20389442210965605
1,0,0.1875742573434752
1,0,0.15320020134518186
1,0,0.1861183973673203
1,0,0.16978581698604625
1,0,0.18958382215352765
1,0,0.17774568624976148
1,0,0.15957006042710706
1,0,0.15073653024338413
1,0,0.19089117977347436
1,0,0.17334057711790268
1,0,0.18283154582109326
1,0,0.20583025101470906
1,0,0.19728309910306155
1,0,0.1959794849211149
1,0,0.20112096289022077
1,0,0.17773461419120373
1,0,0.20931541980477156
1,0,0.2193057520796088
1,0,0.1973804992827391
1,0,0.18393269527871658
1,0,0.20104172051657904
1,0,0.20073857187551414
1,0,0.1712486661413834
1,0,0.22728453357790981
1,0,0.22300872255166568
1,0,0.20456782539592056
1,0,0.17157895962903724
1,0,0.2235919586842285
1,0,0.21138978028875863
1,0,0.23866314001394115
1,0,0.22573224768703895
1,0,0.19901379841694028
1,0,0.20018354701109328
1,0,0.18589955071916694
1,0,0.1610143720062834
1,0,0.21709728363026307
1,0,0.16611717994757985
1,0,0.18254014027597587
1,0,0.14489261773061624
1,0,0.14701150265540736
1,0,0.1733428877795983
1,0,0.1806401892531687
1,0,0.15698940825481236
1,0,0.19512163983288164
1,0,0.23807754398842434
1,1,0.768915569312248
1,1,0.775375456669148
1,1,0.7485931169891882
1,1,0.7104547538996836
1,1,0.8463769050559999
1,1,0.8616138088025509
1,1,0.8437016549436552
1,1,0.835764772297317
1,1,0.8573913236794773
1,1,0.842316029848973
1,1,0.8296967703769177
1,1,0.8393894510551188
1,1,0.8593887378809194
1,1,0.8076787250110579
1,1,0.8165574877146059
1,1,0.851287807004868
1,1,0.8584073164764784
1,1,0.8356217307744573
1,1,0.8684716399606478
1,1,0.8269575943199103
1,1,0.8708822386281239
1,1,0.8315407225574428
1,1,0.7896110835625876
0,1,0.7368315432392706
0,1,0.6931464236320787
0,1,0.7479271718798735
0,1,0.7132934048009352
0,1,0.6756284640149324
0,1,0.6815287320020106
0,1,0.6788636717830421
0,1,0.6604104364791246
0,1,0.630927962274215
0,1,0.7010758649826971
0,1,0.7057547556637316
0,1,0.6593195724659967
0,1,0.670890409369586
0,1,0.6592397650660198
0,1,0.6489096805261693
0,1,0.6831578694678552
0,1,0.6725100835564267
0,1,0.6858748114820281
0,1,0.7261935562018388
0,1,0.7399322062997176
0,1,0.7334497442902733
0,1,0.7424330523742415
0,1,0.7319881234552903
0,0,0.21838157662832924
0,0,0.17654815149486525
0,0,0.1747963434163512
0,0,0.16566189984054538
0,0,0.18302875228519536
0,0,0.1914977586147743
0,0,0.2070000373222019
0,0,0.2057024827382711
0,0,0.20083213276249454
0,0,0.20640802001548667
0,0,0.18548687252196083
0,0,0.1912829235122661
0,0,0.189247654825457
0,0,0.2153361727925164
0,0,0.2402241070271416
0,0,0.2189408923211538
0,0,0.21865658448833275
0,0,0.2023112953606827
0,0,0.20648612205418085
0,0,0.21118966673925546
0,0,0.2074409444780637
0,0,0.17531822855385407
0,0,0.2246578063698686
0,0,0.20748377218646802
0,0,0.212152216682582
0,0,0.1984027927650599
0,0,0.1997798436912301
0,0,0.2008618113903171
0,0,0.18931152095374762
0,0,0.19528239149422005
0,0,0.19440710360238903
0,0,0.2177868076361002
0,0,0.22169273310271023
0,0,0.23027352685363603
0,0,0.21299391466771475
0,0,0.22051825386375298
0,0,0.20367262285187063
0,0,0.22756642948135172
0,0,0.20191349445803194
0,0,0.19587407540490376
0,0,0.21658670465360444
0,0,0.24199451426738733
0,0,0.2680022970610228
0,0,0.24394309659905355
0,0,0.2589057687245004
0,0,0.1838769734511372
0,0,0.19626172824282398
0,0,0.25100404003025545
0,0,0.24794970204662603
0,0,0.2538771505038495
0,0,0.2038169159383689
0,0,0.199702670648579
0,0,0.2215331975329293
0,0,0.20160948441084844
0,0,0.2067801440677432
0,0,0.19549333239067562
0,0,0.21523434920209752
0,0,0.21767929334654806
0,0,0.22100964175153368
0,0,0.19767424646267334
0,0,0.2016757801216679
0,0,0.17937529362045102
0,0,0.2160688454022628
0,0,0.20308969877073527
0,0,0.20887602590365378
0,0,0.20145209818533016
0,0,0.22533008425990178
0,0,0.21319356222388675
0,0,0.2452587412453824
0,0,0.22359364398522488
0,0,0.23491808511618772
0,0,0.19764449053071498
0,0,0.21258198596481087
0,0,0.2225562612379529
0,0,0.3035817146989083
0,0,0.24426934174503273
0,0,0.20761150736770995
0,0,0.21338263757264478
0,0,0.2503702908291081
0,0,0.2600349041746793
0,0,0.2435885415045237
0,0,0.1971109404233864
0,0,0.18604031062539847
0,0,0.1997987897936726
0,0,0.24013523170613532
0,0,0.24265076566543287
0,0,0.20814291202717145
0,0,0.2213053838474079
0,0,0.2536898074282416
0,0,0.27101309321203115
0,0,0.261333341920378
0,0,0.26423322229364166
0,0,0.24087612154457666
0,0,0.24739114554424943
0,0,0.24961533099774602
0,0,0.23849032589403904
0,0,0.23874597837315736
0,0,0.23785959454036565
0,0,0.23658366361138752
0,0,0.251882583467411
0,0,0.2758896465758632
0,0,0.24952294348180915
0,0,0.2588988576163694
0,0,0.2316041105858169
0,0,0.21501300086559325
0,0,0.23041223968946312
0,0,0.23508590783219943
0,0,0.22859878255358834
0,0,0.27092495513327075
0,0,0.26821724641436423
0,0,0.23248911985189843
0,0,0.24465857612862826
0,0,0.256269900261461
0,0,0.2503252995833428
