Actual,Predicted,Probability
0,0,0.0009908482
0,0,0.0021833358
0,0,0.024847506
0,0,0.18478088
0,0,0.35369298
0,0,0.37056264
0,0,0.38423526
0,0,0.39776078
0,0,0.40455636
0,0,0.39125767
0,0,0.3711587
0,1,0.6095048
0,1,0.776116
0,1,0.83200485
0,1,0.84571344
0,1,0.78914386
0,1,0.7721001
0,1,0.68625927
0,1,0.54258275
0,1,0.6351898
0,1,0.68963563
0,1,0.81863517
0,1,0.7827236
0,1,0.7352853
0,1,0.60383564
0,0,0.39419892
0,0,0.26200435
0,0,0.24072935
0,0,0.26438186
0,0,0.2807655
0,0,0.44154543
0,1,0.55223495
0,1,0.6595408
0,1,0.7390354
0,1,0.6206515
0,0,0.39234865
0,0,0.18961632
0,0,0.07598969
0,0,0.06919169
0,0,0.07496515
0,0,0.14695841
0,0,0.26887873
0,1,0.5706033
0,1,0.61451167
0,1,0.65168417
0,1,0.731851
1,1,0.9104763
1,1,0.9210548
1,1,0.93084174
1,1,0.8890189
1,1,0.82763016
1,1,0.7459715
1,1,0.7519266
1,1,0.72697306
1,1,0.74520236
1,1,0.7435241
1,1,0.5850039
0,1,0.6192891
0,1,0.60118216
0,1,0.65162194
0,1,0.76942134
0,1,0.81175923
0,1,0.79025364
0,1,0.77518606
0,1,0.7669684
0,1,0.77866936
0,1,0.78870076
0,1,0.79674125
1,1,0.81926507
1,1,0.82567686
1,1,0.82592005
1,1,0.82103866
1,1,0.81176865
1,1,0.8091193
1,1,0.8134899
1,1,0.8175013
1,1,0.81952995
1,1,0.82175165
1,1,0.80719477
0,1,0.75215876
0,1,0.69512343
0,1,0.61316204
0,1,0.6059439
0,1,0.7199772
0,1,0.7282101
0,1,0.6871876
0,1,0.69794637
0,1,0.6910665
0,1,0.6370254
0,1,0.64257824
1,1,0.7561893
1,1,0.78364295
1,1,0.80432516
1,1,0.7977805
1,1,0.7623011
1,1,0.7835489
1,1,0.78260404
1,1,0.775338
1,1,0.757647
1,1,0.71998197
1,1,0.60761505
0,0,0.16000192
0,0,0.057829455
0,0,0.038507707
0,0,0.049847096
0,0,0.19869296
0,0,0.19867602
0,0,0.20205818
0,0,0.18892442
0,0,0.19538178
0,0,0.23764253
0,0,0.25809133
0,0,0.24137472
0,0,0.22794056
0,0,0.2138092
0,0,0.20310071
0,0,0.22010247
0,0,0.22987376
0,0,0.21354677
0,0,0.20010075
0,0,0.21573037
0,0,0.21180873
0,0,0.19765542
0,0,0.19909303
0,0,0.19315471
0,0,0.17625417
0,0,0.18494515
0,0,0.18415226
0,0,0.17406392
0,0,0.1645847
1,1,0.7153382
1,1,0.8510573
1,1,0.8440605
1,1,0.80192095
1,1,0.7305324
1,1,0.75373244
1,1,0.7669689
1,1,0.7821172
1,1,0.773642
1,1,0.72186834
1,1,0.6361051
0,1,0.61825705
0,0,0.4804775
0,1,0.5249024
0,1,0.59762007
0,1,0.7170515
0,1,0.7730403
0,1,0.71384317
0,1,0.72587377
0,1,0.75818557
0,1,0.7059652
0,1,0.6543563
0,0,0.17448334
0,0,0.053672474
0,0,0.0494466
0,0,0.19071767
0,0,0.25240806
0,0,0.29994628
0,0,0.31034207
0,0,0.29394928
0,0,0.25549963
0,0,0.21947843
0,0,0.2189267
0,0,0.25124982
0,0,0.2862379
0,0,0.31724814
0,0,0.34746137
0,0,0.3691064
0,0,0.3735548
0,0,0.39070338
0,0,0.4315249
0,0,0.45100644
0,0,0.3934012
0,0,0.329753
0,0,0.29438427
0,0,0.26428184
0,0,0.32686076
0,0,0.40569833
0,0,0.3805669
0,0,0.31550738
0,0,0.26020637
0,0,0.23930879
0,0,0.24832399
0,0,0.26481143
0,0,0.27695468
0,0,0.3031688
0,0,0.34584323
0,0,0.3332487
0,0,0.24895856
0,0,0.19326116
0,0,0.17339647
0,0,0.18867421
0,0,0.23315966
0,0,0.25330156
0,0,0.24565111
0,0,0.24730605
0,0,0.25915444
0,0,0.26948306
0,0,0.27915713
0,0,0.27708104
0,0,0.2685951
0,0,0.25118983
0,0,0.23391521
0,0,0.22388552
0,0,0.21479957
0,0,0.21962169
0,0,0.23493516
0,0,0.023939775
0,0,0.008915542
0,0,0.006042729
0,0,0.0053706802
0,0,0.0051666726
0,0,0.00372182
0,0,0.003172749
0,0,0.0027892736
0,0,0.004291817
0,0,0.006689704
0,0,0.005500216
0,0,0.004984703
0,0,0.004841203
0,0,0.0041477284
0,0,0.0032671993
0,0,0.0026646105
0,0,0.0027666143
0,0,0.0019305898
0,0,0.0012705601
0,0,0.0012130326
0,0,0.0014683804
0,0,0.0017359284
0,0,0.0018870312
0,0,0.0022502798
0,0,0.0026018028
0,0,0.0031435112
0,0,0.0036568295
0,0,0.0047391434
0,0,0.0054154713
0,0,0.005554983
0,0,0.0036320416
0,0,0.0025550977
0,0,0.0022183887
0,0,0.002108356
0,0,0.002150537
0,0,0.0026966801
0,0,0.0029164432
0,0,0.002728232
0,0,0.0028407923
0,0,0.0031778929
0,0,0.0031839225
0,0,0.0026551902
0,0,0.0023711426
0,0,0.0024572266
0,0,0.0026947495
0,0,0.002963901
1,0,0.04323813
1,0,0.0612903
1,0,0.05592874
1,0,0.124315895
1,0,0.4158084
1,0,0.25304025
1,0,0.16022669
1,0,0.30388635
1,0,0.48897058
1,1,0.6001438
1,1,0.70146096
1,1,0.8082635
1,1,0.8755027
1,1,0.91148937
1,1,0.87737566
1,1,0.6579569
1,1,0.54685473
1,0,0.37086412
1,0,0.3664882
1,0,0.3257104
1,0,0.3311196
1,0,0.3440102
1,0,0.43637404
1,0,0.46065685
1,0,0.45441544
1,0,0.39937228
1,0,0.23599638
1,0,0.2586164
1,0,0.3196484
1,0,0.28971165
1,0,0.27199158
1,0,0.26621228
1,0,0.18660751
1,0,0.1777742
1,0,0.312862
1,0,0.45597854
1,0,0.44432515
1,0,0.4959164
1,0,0.4287563
1,0,0.41798472
1,0,0.39001724
1,0,0.29465583
1,0,0.27357
1,0,0.20312038
1,0,0.19661573
1,0,0.16383645
1,0,0.14137872
1,0,0.16029643
1,0,0.15629049
1,0,0.09199585
1,0,0.06297911
1,0,0.098739676
1,0,0.10838031
1,0,0.08659687
1,0,0.06983012
0,0,0.016490456
0,0,0.013021519
0,0,0.023960516
0,0,0.048725076
0,0,0.09441738
0,0,0.0959543
0,0,0.11502892
0,0,0.107338294
0,0,0.081162944
0,0,0.07191023
0,0,0.112894796
0,0,0.171873
0,0,0.161072
0,0,0.13788117
0,0,0.13475464
0,0,0.13130082
0,0,0.17942242
0,0,0.16873084
0,0,0.14197506
0,0,0.12968177
0,0,0.11197518
0,0,0.116820864
0,0,0.1286876
0,0,0.13114516
0,0,0.13037817
0,0,0.11965556
0,0,0.11742472
0,0,0.11143624
0,0,0.108277045
1,0,0.42450333
1,0,0.46267903
1,0,0.36339715
1,0,0.38292757
1,0,0.22307663
1,0,0.0998955
1,0,0.07164442
1,0,0.060382016
1,0,0.08434995
1,0,0.118281566
1,0,0.09387138
1,0,0.2275543
1,1,0.5283481
1,1,0.63469183
1,1,0.571264
1,0,0.4972848
1,0,0.32832295
1,0,0.21863869
1,0,0.1498465
1,0,0.20486008
1,0,0.30173028
1,0,0.3079214
1,0,0.032203987
1,0,0.0072885943
1,0,0.0042858343
1,0,0.008880558
1,0,0.008897287
1,0,0.011415922
1,0,0.013114667
1,0,0.013704487
1,0,0.013045337
1,0,0.011820498
1,0,0.013500093
1,0,0.014502613
1,0,0.020051371
1,0,0.025311494
1,0,0.022426529
1,0,0.016766926
1,0,0.013716031
1,0,0.014264584
1,0,0.016544892
1,0,0.019415908
1,0,0.021403385
1,0,0.02236558
1,0,0.02268186
1,0,0.02283548
1,0,0.023102723
1,0,0.02250599
1,0,0.019559795
1,0,0.024161821
1,0,0.030401703
1,0,0.034077063
1,0,0.05078369
1,0,0.06471993
1,0,0.071393386
1,0,0.064068235
1,0,0.100926384
1,0,0.13926391
1,0,0.124303244
1,0,0.06057435
1,0,0.040994305
1,0,0.042271227
1,0,0.044991884
1,0,0.06196177
1,0,0.07828328
1,0,0.06044474
1,0,0.054956246
1,0,0.055222295
1,0,0.06777057
1,0,0.08096108
1,0,0.08240569
1,0,0.07135768
1,0,0.06874531
1,0,0.06999055
1,0,0.06766073
1,0,0.07046188
1,0,0.081880435
0,1,0.74959224
0,1,0.5728809
0,0,0.28692964
0,0,0.08575406
0,0,0.02958796
0,0,0.059864003
0,0,0.12323581
0,0,0.2544527
0,0,0.2526062
0,0,0.14311585
0,0,0.0876066
0,0,0.09209942
0,0,0.16785231
0,0,0.18738468
0,0,0.08237998
0,0,0.032525465
0,0,0.039028227
0,0,0.026719183
0,0,0.020976419
0,0,0.02811752
0,0,0.055963017
0,0,0.09345987
0,0,0.07854356
0,0,0.056130677
0,0,0.040156867
0,0,0.036881268
0,0,0.04039225
0,0,0.05411874
0,0,0.07098092
0,0,0.07994481
0,0,0.07362836
0,0,0.06660451
0,0,0.06519865
0,0,0.047219798
0,0,0.026699489
0,0,0.023016907
0,0,0.022694558
0,0,0.025746886
0,0,0.038103692
0,0,0.047763582
0,0,0.04110736
0,0,0.02862578
0,0,0.02119652
0,0,0.020733241
0,0,0.02493252
0,0,0.022382604
0,0,0.47329447
0,1,0.56218076
0,1,0.64033073
0,1,0.63538575
0,1,0.69475067
0,1,0.68653876
0,1,0.6162432
0,1,0.5638229
0,1,0.5862303
0,1,0.56893766
0,1,0.51455647
1,1,0.5941573
1,1,0.7412972
1,1,0.7775985
1,1,0.7532044
1,1,0.8044385
1,1,0.82609093
1,1,0.79815036
1,1,0.8053278
1,1,0.7767488
1,1,0.68308806
1,1,0.56668746
1,1,0.50365007
1,1,0.6272157
1,1,0.7115161
1,1,0.7836544
1,1,0.8171698
1,1,0.82945806
1,1,0.8287966
1,1,0.83772653
1,1,0.8202241
1,1,0.748666
1,1,0.6764399
0,1,0.8071439
0,1,0.75406134
0,1,0.71874535
0,1,0.72797424
0,1,0.7734232
0,1,0.74245256
0,1,0.787962
0,1,0.7747762
0,1,0.73990095
0,1,0.7259464
0,1,0.70562536
1,1,0.8359798
1,1,0.87797
1,1,0.8927493
1,1,0.8781582
1,1,0.843057
1,1,0.8043564
1,1,0.7733698
1,1,0.75435144
1,1,0.78083056
1,1,0.82812244
1,1,0.8651804
0,0,0.26556796
0,0,0.108263835
0,0,0.10687679
0,0,0.20200439
0,0,0.44599983
0,0,0.4634951
0,0,0.4139693
0,0,0.3189169
0,0,0.28460282
0,0,0.32241216
0,0,0.35015795
0,0,0.34035045
0,0,0.3402543
0,0,0.38641417
0,0,0.44205007
0,0,0.46016318
0,0,0.4784287
0,1,0.5384294
0,1,0.57621354
0,1,0.61944276
0,1,0.66395235
0,1,0.6936987
0,1,0.7049307
0,1,0.68920976
0,1,0.656157
0,1,0.6245809
0,1,0.61369544
0,1,0.5687716
0,1,0.5422109
1,1,0.91384447
1,1,0.94324374
1,1,0.9268828
1,1,0.8981083
1,1,0.8240779
1,1,0.8328064
1,1,0.855183
1,1,0.8504745
1,1,0.82327694
1,1,0.8069631
1,1,0.8087709
1,1,0.8427605
1,1,0.8201474
1,1,0.765364
1,1,0.69793886
1,1,0.79699016
1,1,0.8432906
1,1,0.8398269
1,1,0.8159711
1,1,0.79343754
1,1,0.7765117
1,1,0.79387194
0,0,0.4207463
0,0,0.25968185
0,0,0.25736117
0,0,0.37134284
0,0,0.448476
0,0,0.3939583
0,0,0.2872956
0,0,0.19392529
0,0,0.14533304
0,0,0.12586464
0,0,0.122708835
0,0,0.14314924
0,0,0.14340813
0,0,0.12008294
0,0,0.12762956
0,0,0.12269164
0,0,0.12365365
0,0,0.11130756
0,0,0.088685594
0,0,0.085606195
0,0,0.085302435
0,0,0.10957671
0,0,0.13906544
0,0,0.120050594
0,0,0.09586871
0,0,0.07191381
0,0,0.10542742
0,0,0.23709215
0,0,0.31184968
0,0,0.2872185
0,0,0.22811049
0,0,0.2524298
0,0,0.24977845
0,0,0.31651583
0,0,0.2816878
0,0,0.19467543
0,0,0.13844143
0,1,0.5190819
0,0,0.44865033
0,0,0.41019034
0,0,0.3915936
0,0,0.38110596
0,0,0.3768243
0,0,0.39334002
0,0,0.32890317
0,0,0.090488166
0,0,0.012023823
0,0,0.002709813
0,0,0.0034955516
0,0,0.026220458
0,0,0.14063302
0,1,0.60048324
0,0,0.48726448
0,0,0.40292194
0,0,0.37535712
0,0,0.4340608
0,0,0.48449445
0,1,0.54909325
0,1,0.60459846
0,1,0.63604575
0,1,0.64607084
0,1,0.6095168
0,1,0.5625921
0,1,0.5648285
0,1,0.5254334
0,0,0.49847782
0,1,0.5054804
0,1,0.5370233
0,1,0.58406997
0,1,0.6059398
0,1,0.6143604
0,1,0.5828859
0,1,0.5804823
0,1,0.59662235
0,1,0.5813515
0,1,0.56416047
0,1,0.54695696
0,1,0.5828509
0,1,0.64150983
0,1,0.9565077
0,1,0.9757037
0,1,0.9604231
0,1,0.93570983
0,1,0.92030644
0,1,0.8187468
0,1,0.74985147
0,1,0.8350706
0,1,0.7686338
0,1,0.70273876
0,1,0.7174308
1,1,0.81246793
1,1,0.88141185
1,1,0.91673476
1,1,0.92659235
1,1,0.9246489
1,1,0.9217734
1,1,0.9277807
1,1,0.92752564
1,1,0.74959916
1,1,0.5351173
1,0,0.2636322
0,0,0.105048336
0,0,0.046202976
0,0,0.08243484
0,0,0.073052175
0,0,0.1199922
0,0,0.40871927
0,1,0.67660284
0,1,0.6530175
0,1,0.7030029
0,1,0.8615963
0,1,0.897022
1,1,0.8527771
1,1,0.8256239
1,1,0.85607123
1,1,0.9047692
1,1,0.89529383
1,1,0.8308485
1,1,0.8302411
1,1,0.8612391
1,1,0.86566854
1,1,0.86310834
1,1,0.8692206
1,1,0.79610795
1,1,0.67639124
1,1,0.6938838
1,1,0.7938521
1,1,0.68041146
1,1,0.6511966
1,1,0.5093509
1,0,0.119188406
1,0,0.04282154
1,0,0.051297363
1,0,0.02401074
0,0,0.004066846
0,0,0.0068098083
0,0,0.043325525
0,0,0.07247008
0,0,0.2793315
0,0,0.30219668
0,0,0.370012
0,0,0.43729746
0,0,0.44956997
0,0,0.41915816
0,0,0.42357805
0,0,0.4211735
0,0,0.39490384
0,0,0.40353796
0,0,0.4254161
0,0,0.44490176
0,0,0.4817429
0,1,0.5176704
0,1,0.5492431
0,1,0.5849108
0,1,0.60765547
0,1,0.61619496
0,1,0.6031082
0,1,0.5690932
0,1,0.52447325
0,0,0.47365442
0,0,0.47005376
0,0,0.49322823
0,1,0.52988976
1,1,0.93099123
1,1,0.95772654
1,1,0.9583924
1,1,0.9630554
1,1,0.95798457
1,1,0.90538454
1,1,0.62723655
1,0,0.21631731
1,0,0.12524042
1,0,0.19147122
1,1,0.5048949
1,1,0.5291704
1,1,0.9436429
1,1,0.9734787
1,1,0.95903534
1,1,0.94059163
1,1,0.93421084
1,1,0.9407754
1,1,0.9420186
1,1,0.93617624
1,1,0.9263709
1,1,0.884372
0,0,0.25206307
0,0,0.0913344
0,0,0.09776859
0,0,0.18023665
0,0,0.4214472
0,0,0.35485342
0,0,0.3418245
0,0,0.3941644
0,0,0.46005884
0,0,0.49656838
0,0,0.49852383
0,1,0.52034223
0,1,0.57523113
0,1,0.59551054
0,1,0.62991136
0,1,0.65485835
0,1,0.66676414
0,1,0.67029643
0,1,0.6661405
0,1,0.6658819
0,1,0.667494
0,1,0.6657943
0,1,0.65566814
0,1,0.6332755
0,1,0.6277872
0,1,0.6493083
0,1,0.6535885
0,1,0.6360164
0,1,0.6049968
0,1,0.55788755
0,0,0.49610874
0,0,0.4312628
0,0,0.36749548
0,0,0.3095045
0,0,0.32169905
0,0,0.3175379
0,0,0.29638252
0,0,0.33908087
0,0,0.39029902
0,1,0.5735431
0,1,0.70517534
0,1,0.69438905
0,1,0.5788834
0,0,0.33835003
0,0,0.085426845
0,0,0.024095364
0,0,0.027661439
0,0,0.082871154
0,0,0.37539887
0,1,0.6162618
0,1,0.60970974
0,1,0.5964935
0,1,0.54789174
0,0,0.47332457
0,0,0.43789914
0,1,0.5208687
0,0,0.4465541
0,0,0.29404318
0,0,0.142751
0,0,0.046368763
0,0,0.027531499
0,0,0.030135188
0,0,0.04609681
0,0,0.06808757
0,0,0.07899573
0,0,0.07572027
0,0,0.06980149
0,0,0.08757561
0,0,0.18885736
0,0,0.27339932
0,0,0.11044852
0,0,0.14944462
0,0,0.15971564
0,0,0.095750794
0,0,0.19804996
0,0,0.23147218
0,0,0.41755375
0,0,0.41985598
0,0,0.2566946
0,0,0.22181794
0,0,0.18927139
0,0,0.20650268
0,0,0.22821894
0,0,0.23791717
0,0,0.24414271
0,0,0.22158748
0,0,0.1851673
0,0,0.22690514
0,0,0.26920155
0,0,0.3213655
0,0,0.3849272
0,0,0.40668458
0,0,0.38513276
0,0,0.296481
0,0,0.19960874
0,0,0.17073901
0,0,0.13596982
0,0,0.20240474
0,0,0.28575647
0,0,0.3414733
0,0,0.49690643
1,1,0.9323092
1,1,0.97407
1,1,0.9841479
1,1,0.9849651
1,1,0.9747994
1,1,0.9657606
1,1,0.95199937
1,1,0.9613233
1,1,0.9712606
1,1,0.9582542
1,1,0.95360535
1,1,0.9627344
1,1,0.95294577
1,1,0.95132166
1,1,0.95432705
1,1,0.9376611
1,1,0.9568625
1,1,0.9690944
1,1,0.9666695
1,1,0.96567196
1,1,0.9680598
1,1,0.9617732
1,1,0.957421
1,1,0.96589583
1,1,0.97588456
1,1,0.9784766
1,1,0.9759511
1,1,0.957725
1,1,0.9180194
1,1,0.84669876
1,1,0.85274154
1,1,0.8997524
1,1,0.86955315
1,1,0.91813624
1,1,0.94533503
1,1,0.9661719
1,1,0.9832169
1,1,0.9888101
1,1,0.98479176
1,1,0.9860831
1,1,0.98892933
1,1,0.9897802
1,1,0.9887638
1,1,0.98616797
1,1,0.98362136
1,1,0.9756649
1,1,0.9584298
1,1,0.9200498
1,1,0.8532942
1,1,0.79284763
1,1,0.76425487
1,1,0.73825544
1,1,0.7800802
1,1,0.846751
1,1,0.8982732
1,1,0.8344539
1,1,0.7451755
1,1,0.5006289
1,0,0.20175599
1,0,0.30937102
1,0,0.1719111
1,0,0.19141582
1,0,0.38016805
1,0,0.34619683
1,0,0.28214392
1,0,0.15472753
1,0,0.14286283
1,0,0.25613013
1,0,0.24151221
1,0,0.20114717
1,0,0.30905294
1,0,0.35491058
1,0,0.25823736
1,0,0.24893208
1,0,0.29354087
1,0,0.24030295
1,0,0.21250898
1,0,0.30560815
1,0,0.3834457
1,0,0.3639237
1,0,0.3206098
1,0,0.38788497
1,0,0.38251767
1,0,0.2138967
1,1,0.7179706
1,1,0.923388
1,1,0.9507609
1,1,0.9411241
1,1,0.92364705
1,1,0.9379665
1,1,0.9501264
1,1,0.9609806
1,1,0.9657277
1,1,0.95996314
1,1,0.945362
1,1,0.9590667
1,1,0.9535285
1,1,0.9746609
1,1,0.97672343
1,1,0.9823247
1,1,0.9843903
1,1,0.98465616
1,1,0.9864195
1,1,0.9892574
1,1,0.98809135
1,1,0.98805237
0,1,0.90090126
0,1,0.57584536
0,0,0.23710582
0,0,0.17649125
0,0,0.19708836
0,0,0.22958104
0,0,0.204161
0,0,0.1495639
0,0,0.12405409
0,0,0.15670778
0,0,0.23558515
0,0,0.2514145
0,0,0.24534908
0,0,0.28935644
0,0,0.28433412
0,0,0.2832365
0,0,0.40116152
0,0,0.37574944
0,0,0.27399138
0,0,0.25324938
0,0,0.15708172
0,0,0.15712161
0,0,0.18388696
0,0,0.1310474
0,0,0.14436403
0,0,0.17699793
0,0,0.19018829
0,0,0.21440025
0,0,0.19873765
0,0,0.15955146
0,0,0.14162134
0,0,0.15347998
0,0,0.17024545
1,0,0.17936055
1,0,0.17971125
1,0,0.15391421
1,0,0.10987644
1,0,0.10656636
1,0,0.15338284
1,0,0.20860429
1,0,0.2117138
1,0,0.19427739
1,0,0.15573196
1,0,0.15621127
1,0,0.20143637
1,0,0.18133932
1,0,0.16301152
1,0,0.16822429
1,0,0.19309054
1,0,0.24830122
1,0,0.22310297
1,0,0.17147814
1,0,0.17501779
1,0,0.14205216
1,0,0.12540683
0,0,0.0009761838
0,0,0.0029865082
0,0,0.01662416
0,0,0.1722901
0,0,0.43022436
0,0,0.41154763
0,0,0.41805434
0,0,0.40742064
0,0,0.40677187
0,0,0.3663585
0,0,0.38121083
0,0,0.44931358
0,0,0.4590979
0,0,0.4226026
0,0,0.43475348
0,0,0.47365078
0,1,0.5500873
0,1,0.54327
0,0,0.4080989
0,0,0.33552355
0,0,0.3523001
0,0,0.37695938
0,0,0.37080032
0,0,0.35899958
0,0,0.38512215
0,0,0.39996225
0,0,0.36563942
0,0,0.36268166
0,0,0.38291803
0,0,0.3717806
0,0,0.35556436
0,0,0.36668438
0,0,0.36414853
0,0,0.38227367
0,0,0.41234073
0,0,0.39117405
0,0,0.37596038
0,0,0.41984499
0,0,0.39755642
0,0,0.39458808
0,0,0.47786966
0,1,0.5205711
0,0,0.460624
0,0,0.39450943
0,0,0.38499036
0,0,0.33099127
1,1,0.87576115
1,1,0.92561173
1,1,0.8936466
1,1,0.85456777
1,1,0.8335371
1,1,0.80731
1,1,0.775715
1,1,0.76587623
1,1,0.8032588
1,1,0.81635517
1,1,0.8125237
1,1,0.81438935
1,1,0.8145146
1,1,0.8178233
1,1,0.84724635
1,1,0.8677338
1,1,0.8882746
1,1,0.88078916
1,1,0.8665812
1,1,0.8593812
1,1,0.8545347
1,1,0.8654701
1,1,0.871584
1,1,0.8563076
1,1,0.84319675
1,1,0.8260367
1,1,0.8087758
1,1,0.80245847
1,1,0.81177133
1,1,0.8199947
1,1,0.8110655
1,1,0.77893585
1,1,0.7803414
1,1,0.8070919
1,1,0.7984717
1,1,0.8044587
1,1,0.8321782
1,1,0.82659197
1,1,0.81728834
1,1,0.8163896
1,1,0.8358474
1,1,0.8346692
1,1,0.8231724
1,1,0.799772
1,1,0.81350356
1,1,0.8074763
1,1,0.80117136
1,1,0.8039269
1,1,0.79148686
1,1,0.7887412
1,1,0.7757708
1,1,0.74872327
1,1,0.7419014
1,1,0.7048614
1,1,0.6682279
0,0,0.3435854
0,0,0.18979365
0,0,0.12482644
0,0,0.13462824
0,0,0.21133168
0,0,0.19031793
0,0,0.16396871
0,0,0.16946745
0,0,0.18698207
0,0,0.19752456
0,0,0.18896854
0,0,0.18117236
0,0,0.19149359
0,0,0.19892928
0,0,0.19217959
0,0,0.18266872
0,0,0.17326154
0,0,0.17498226
0,0,0.16945884
0,0,0.15628889
0,0,0.19362316
0,0,0.19593377
0,0,0.16345626
0,0,0.14441735
0,0,0.15295476
0,0,0.15040228
0,0,0.13270943
0,0,0.14484182
0,0,0.15666723
1,1,0.8638182
1,1,0.88565975
1,1,0.8354153
1,1,0.8091423
1,1,0.8141539
1,1,0.8260753
1,1,0.82222843
1,1,0.8203278
1,1,0.7993537
1,1,0.7338379
1,1,0.69121575
1,1,0.787292
1,1,0.81142527
1,1,0.8746027
1,1,0.8884164
1,1,0.89297146
1,1,0.8851364
1,1,0.8749102
1,1,0.8468704
1,1,0.85711116
1,1,0.8700571
1,1,0.88059795
1,1,0.71912587
1,1,0.54845864
1,0,0.4059952
1,0,0.3876558
1,0,0.4686693
1,0,0.4860219
1,0,0.48478568
1,0,0.48654112
1,0,0.4956322
1,1,0.50402117
1,0,0.4970038
1,0,0.47814912
1,0,0.4374124
1,0,0.41346505
1,0,0.41350225
1,0,0.3983562
1,0,0.35459483
1,0,0.33120814
1,0,0.33300385
1,0,0.3464021
1,0,0.36774623
1,0,0.3688058
1,0,0.3552175
1,0,0.3560626
1,0,0.35274825
1,0,0.35352033
1,0,0.40781817
1,0,0.4341829
1,0,0.4381596
1,0,0.41456234
1,0,0.39648974
1,0,0.41112265
1,0,0.43138894
1,0,0.4590163
1,0,0.48780245
1,0,0.49975228
1,1,0.50643927
1,0,0.48350897
1,0,0.45172265
1,0,0.4163035
1,0,0.4201478
1,0,0.39868924
1,0,0.3295462
1,0,0.28796595
1,0,0.20689219
1,0,0.20328094
1,0,0.26624212
1,0,0.2772653
1,0,0.28658402
1,0,0.30336207
1,0,0.29676643
1,0,0.31651244
1,0,0.35738453
1,0,0.37523088
1,0,0.35260275
0,0,0.07059915
0,0,0.13649786
0,0,0.22603981
0,0,0.2890473
0,0,0.3611468
0,0,0.3778073
0,0,0.3837133
0,0,0.39035806
0,0,0.39963278
0,0,0.3937716
0,0,0.3872789
0,0,0.37153098
0,0,0.36932307
0,0,0.37092337
0,0,0.34801227
0,0,0.347541
0,0,0.35399726
0,0,0.362825
0,0,0.35597926
0,0,0.33776313
0,0,0.33906758
0,0,0.3668019
0,0,0.34597033
0,0,0.3167891
0,0,0.31303483
0,0,0.32184565
0,0,0.3325341
0,0,0.32176453
0,0,0.31560314
0,0,0.32673874
0,0,0.28324148
0,0,0.246309
0,0,0.21944301
0,0,0.21047199
0,0,0.28022093
0,0,0.3175549
0,0,0.3289039
0,0,0.3382451
0,0,0.33819124
0,0,0.325438
0,0,0.3222634
0,0,0.31340906
0,0,0.29475704
0,0,0.33452466
0,0,0.42817077
0,0,0.44737816
0,0,0.37078595
0,0,0.25758332
0,0,0.14218466
0,0,0.12634876
0,0,0.29400665
0,0,0.44112027
0,1,0.531636
0,0,0.4973683
0,0,0.4272832
0,0,0.37322417
0,0,0.3604797
0,0,0.33082014
0,0,0.33473188
0,0,0.33433688
0,0,0.30640057
0,0,0.33951873
0,0,0.33873212
0,0,0.34205684
0,0,0.34221122
0,0,0.33911595
0,0,0.3463863
0,0,0.3514065
0,0,0.35668257
0,0,0.37318704
0,0,0.37111756
0,0,0.37705213
0,0,0.3552343
0,0,0.37895116
0,0,0.34912843
0,0,0.306318
0,0,0.30087107
0,0,0.31732008
0,0,0.3303438
0,0,0.31984574
0,0,0.29231426
0,0,0.24894822
0,0,0.19048467
0,0,0.16639088
0,0,0.193381
0,0,0.28589818
0,0,0.40222692
0,0,0.44380614
0,0,0.43632028
0,0,0.4459677
0,0,0.42929006
0,0,0.44759578
0,0,0.4487294
0,0,0.49886972
0,1,0.5232766
0,0,0.46251032
0,0,0.35195395
0,0,0.24982789
0,0,0.20612726
0,0,0.28247383
0,0,0.30467242
0,0,0.30147308
0,0,0.29774338
0,0,0.29448804
0,0,0.29682127
0,0,0.30486986
0,0,0.3062362
0,0,0.32386678
0,0,0.34334138
0,0,0.35700387
0,0,0.35669088
0,0,0.39476153
0,0,0.42216974
0,0,0.36188695
0,0,0.27229056
0,0,0.23017712
0,0,0.23555101
0,0,0.27645788
0,0,0.2913033
0,0,0.2984658
0,0,0.31590217
0,0,0.3242379
0,0,0.31871554
0,0,0.30743116
0,0,0.30092385
0,0,0.3176024
0,0,0.30703124
0,0,0.27807832
0,0,0.26161426
0,0,0.26666653
0,0,0.2699968
0,0,0.25865674
0,0,0.29038882
0,0,0.29328427
0,0,0.26842058
0,0,0.25191048
0,0,0.2814527
0,0,0.23926836
0,0,0.3316346
0,0,0.3939572
0,0,0.38613132
0,0,0.3195897
0,0,0.26913628
0,0,0.23411968
0,0,0.22949247
0,0,0.25877076
0,0,0.2871871
0,0,0.2995374
0,0,0.22312775
0,0,0.14654617
0,0,0.1620332
0,0,0.24938679
0,0,0.34433722
0,0,0.4163756
0,0,0.41386056
0,0,0.41009423
0,0,0.4183309
0,0,0.4431648
0,0,0.4593823
0,0,0.44467235
0,0,0.41987002
0,0,0.39826912
0,0,0.42496258
0,0,0.47874388
0,1,0.5217983
0,1,0.5687654
0,1,0.58020514
0,1,0.5746493
0,1,0.5370805
0,0,0.47823775
0,0,0.43054414
0,0,0.4141605
0,0,0.34475818
0,0,0.30952415
0,0,0.3338486
0,0,0.39305717
0,0,0.4473933
0,0,0.42611876
0,0,0.42072436
0,0,0.42513403
0,0,0.4348468
0,0,0.41767055
0,0,0.3973896
0,0,0.4027315
0,0,0.41971478
0,0,0.4012288
0,0,0.3441057
0,0,0.27284077
0,0,0.21458367
0,0,0.2261395
0,0,0.32581207
0,0,0.38100266
0,0,0.37202328
0,0,0.36222035
0,0,0.3667407
0,0,0.38090923
0,0,0.3780649
0,0,0.36972725
0,0,0.3534101
0,0,0.3600603
0,0,0.39350122
0,0,0.40318608
0,0,0.38398245
0,0,0.36085203
0,0,0.3364346
0,0,0.315412
0,0,0.31091058
0,0,0.008667525
0,0,0.006773436
0,0,0.0138523355
0,0,0.07616758
0,0,0.28060195
0,0,0.28476226
0,0,0.2892247
0,0,0.29470968
0,0,0.2977833
0,0,0.2966719
0,0,0.2996544
0,0,0.3049038
0,0,0.3080851
0,0,0.3093971
0,0,0.3112803
0,0,0.31323087
0,0,0.32152408
0,0,0.31056622
0,0,0.30736876
0,0,0.31529614
0,0,0.30703562
0,0,0.3145161
0,0,0.3230367
0,0,0.30543515
0,0,0.29099357
0,0,0.30599827
0,0,0.3120883
0,0,0.2983826
0,0,0.29066485
0,0,0.2945713
0,0,0.2912293
0,0,0.2928918
0,0,0.29315653
0,0,0.29391754
0,0,0.30256012
0,0,0.30241245
0,0,0.29549986
0,0,0.3035259
0,0,0.30091724
0,0,0.28696412
0,0,0.2935042
0,0,0.29335788
0,0,0.28520298
0,0,0.29158536
0,0,0.2960936
0,0,0.28873792
1,0,0.37053025
1,1,0.5111539
1,1,0.58491415
1,1,0.61519414
1,1,0.7635655
1,1,0.71461
1,1,0.7262654
1,1,0.6766378
1,1,0.7739726
1,1,0.8508006
1,1,0.83446586
1,1,0.9017222
1,1,0.88272053
1,1,0.7176971
1,1,0.6637207
1,1,0.67661726
1,1,0.67101145
1,1,0.8272935
1,1,0.87363243
1,1,0.86568743
1,1,0.88229316
1,1,0.861142
1,1,0.7777614
1,1,0.7464737
1,1,0.67993873
1,1,0.6885426
1,1,0.7595067
1,1,0.70977885
1,1,0.7579583
1,1,0.8222872
1,1,0.6843377
1,1,0.54124814
1,1,0.56927717
1,1,0.6156591
1,1,0.7678965
1,1,0.8439043
1,1,0.79379046
1,1,0.74427366
1,1,0.77818865
1,1,0.76243466
1,1,0.7656682
1,1,0.8078119
1,1,0.7787154
1,1,0.84625894
0,1,0.83188415
0,1,0.83993465
0,1,0.7998065
0,1,0.69868183
0,1,0.58022374
0,1,0.6518286
0,1,0.5114062
0,0,0.45019805
0,0,0.459705
0,0,0.4592878
0,1,0.719142
0,0,0.28003228
0,0,0.21658058
0,0,0.2803897
0,0,0.39452013
0,1,0.5860756
0,1,0.59634495
0,1,0.6029377
0,1,0.6080814
0,1,0.6178181
0,1,0.6473228
0,1,0.6564062
0,1,0.65871304
0,1,0.67837375
0,1,0.67693084
0,1,0.650836
0,1,0.6324641
0,1,0.64779764
0,1,0.6909704
0,1,0.7261368
0,1,0.73358524
0,1,0.7255454
0,1,0.70584476
0,1,0.6756102
0,1,0.67865056
0,1,0.72332585
0,1,0.7791629
0,1,0.8121987
0,1,0.8081241
0,1,0.8088003
1,1,0.8907959
1,1,0.8972409
1,1,0.8942815
1,1,0.9023949
1,1,0.9198609
1,1,0.8505357
1,1,0.61570483
1,1,0.5034575
1,0,0.4535515
1,0,0.46487284
1,1,0.62812585
1,1,0.69074297
1,1,0.75958794
1,1,0.82693803
1,1,0.86337584
1,1,0.829784
1,1,0.82246006
1,1,0.8139259
1,1,0.6904968
1,1,0.6761929
1,1,0.86669075
1,1,0.92745245
0,1,0.76358855
0,0,0.49211755
0,0,0.36395282
0,0,0.4071409
0,1,0.517937
0,1,0.5253479
0,1,0.55685526
0,1,0.5988793
0,1,0.6358244
0,1,0.65987474
0,1,0.6530212
0,1,0.6413916
0,1,0.6360665
0,1,0.61521846
0,1,0.5930144
0,1,0.58089966
0,1,0.5782089
0,1,0.55931157
0,1,0.53830874
0,1,0.5462982
0,1,0.57246906
0,1,0.59633607
0,1,0.5876618
0,1,0.5599974
0,1,0.54809195
0,1,0.55647415
0,1,0.56169045
0,1,0.5146181
0,0,0.43145466
0,0,0.36763144
0,0,0.3773364
0,0,0.45065743
0,0,0.4919904
0,1,0.5169228
0,1,0.52616626
0,1,0.5349381
0,1,0.5199893
0,1,0.5242038
0,1,0.52464145
0,1,0.5297
0,1,0.5321074
0,1,0.53257287
0,1,0.52621466
0,1,0.52680516
0,1,0.5282321
0,1,0.54748267
0,1,0.5536627
0,1,0.53228325
0,1,0.52096456
0,1,0.52629215
0,1,0.55174685
0,1,0.5573897
0,1,0.54107964
0,1,0.52718353
0,1,0.5329979
0,0,0.23909393
0,0,0.1942288
0,0,0.18876293
0,0,0.2732339
0,1,0.5421099
0,0,0.47705692
0,0,0.45588905
0,1,0.5174838
0,1,0.5648449
0,1,0.5465839
0,0,0.41825828
0,0,0.27009585
0,0,0.20926395
0,0,0.21397182
0,0,0.2734191
0,0,0.36250883
0,0,0.2474358
0,0,0.28027192
0,0,0.39518994
0,0,0.42751202
0,0,0.47949493
0,0,0.48771098
0,0,0.47102448
0,0,0.40017417
0,0,0.28047708
0,0,0.22086142
0,0,0.23622507
0,0,0.42158824
0,1,0.67090595
0,1,0.7112892
0,1,0.6739466
0,1,0.68191016
0,1,0.65238655
0,1,0.5988771
0,0,0.41698104
0,0,0.27612922
0,0,0.224616
0,0,0.20231858
0,0,0.31489456
0,0,0.42856875
0,0,0.37628195
0,0,0.32584602
0,0,0.2999651
0,0,0.3044846
0,0,0.35434288
0,0,0.4310454
1,1,0.8845254
1,1,0.92482626
1,1,0.87950563
1,1,0.8608567
1,1,0.8192133
1,1,0.7921177
1,1,0.80157006
1,1,0.8308395
1,1,0.85535306
1,1,0.8387844
1,1,0.7393042
1,1,0.7768936
1,1,0.82273424
1,1,0.808882
1,1,0.80570644
1,1,0.784682
1,1,0.78165096
1,1,0.8192092
1,1,0.7840909
1,1,0.72120136
1,1,0.75452346
1,1,0.59644186
0,1,0.5978178
0,1,0.5862904
0,1,0.8169339
0,1,0.7874944
0,1,0.83015776
0,1,0.86128044
0,1,0.8723538
0,1,0.8662175
0,1,0.8424291
0,1,0.8178175
0,1,0.7729753
1,1,0.7954318
1,1,0.8039464
1,1,0.78756267
1,1,0.86665297
1,1,0.90749913
1,1,0.8924148
1,1,0.9060885
1,1,0.9167271
1,1,0.9108232
1,1,0.91166383
1,1,0.8851651
0,1,0.85695857
0,1,0.84129393
0,1,0.8582043
0,1,0.8797514
0,1,0.88723123
0,1,0.8806163
0,1,0.87776875
0,1,0.8830796
0,1,0.87063247
0,1,0.8560335
0,1,0.8167269
0,0,0.4427232
0,0,0.28079817
0,0,0.22791433
0,0,0.22188
0,0,0.2901056
0,0,0.3063429
0,0,0.30606875
0,0,0.29484332
0,0,0.29666743
0,0,0.29844522
0,0,0.26938656
0,0,0.21439743
0,0,0.18664414
0,0,0.1864719
0,0,0.21727346
0,0,0.2282897
0,0,0.20221353
0,0,0.19471185
0,0,0.20673248
0,0,0.23625214
0,0,0.2737762
0,0,0.28461522
0,0,0.2825839
0,0,0.28774115
0,0,0.27270284
0,0,0.24962951
0,0,0.23868461
0,0,0.23084635
0,0,0.23856567
1,1,0.8603383
1,1,0.920067
1,1,0.9111298
1,1,0.89559686
1,1,0.8584431
1,1,0.8363203
1,1,0.8447812
1,1,0.85315037
1,1,0.84624034
1,1,0.818728
1,1,0.7234662
1,1,0.80975723
1,1,0.8245762
1,1,0.85683024
1,1,0.8884787
1,1,0.8921962
1,1,0.8943603
1,1,0.90646094
1,1,0.909375
1,1,0.9116004
1,1,0.91092074
1,1,0.9177458
0,1,0.66384983
0,0,0.44329503
0,0,0.3632086
0,0,0.29893765
0,0,0.24160501
0,0,0.29602742
0,0,0.44533232
0,1,0.58660144
0,1,0.57524264
0,1,0.55236924
0,1,0.5666749
0,1,0.5558782
0,1,0.53080356
0,1,0.5116984
0,1,0.5136116
0,1,0.5251068
0,1,0.53451526
0,1,0.5354435
0,1,0.5441029
0,1,0.51887023
0,0,0.46913886
0,0,0.4407811
0,0,0.42052326
0,0,0.40347102
0,0,0.40457335
0,0,0.40593982
0,0,0.41998446
0,0,0.43649694
0,0,0.42748415
0,0,0.47330093
0,1,0.52757746
0,1,0.5284209
0,1,0.5272723
1,1,0.52480936
1,1,0.50753504
1,0,0.4819932
1,0,0.46784538
1,0,0.4581187
1,1,0.53101045
1,1,0.5975085
1,1,0.64316595
1,1,0.6303225
1,1,0.5931465
1,1,0.5889345
1,1,0.59771574
1,1,0.62979466
1,1,0.66802967
1,1,0.65130615
1,1,0.61406136
1,1,0.593546
1,1,0.5623275
1,1,0.5447022
1,1,0.56687397
1,1,0.58135307
1,1,0.5808539
0,0,0.32897192
0,0,0.2906194
0,0,0.16714735
0,0,0.04247821
0,0,0.027764946
0,0,0.025390048
0,0,0.016512102
0,0,0.011888997
0,0,0.012976542
0,0,0.015684946
0,0,0.020869568
0,0,0.06052974
0,0,0.21517463
0,1,0.50845927
0,1,0.7125396
0,1,0.82473975
0,1,0.80516744
0,1,0.7949242
0,1,0.7701329
0,1,0.7672124
0,1,0.7124694
0,1,0.6760266
0,1,0.57704854
0,0,0.33319086
0,0,0.17903322
0,0,0.16099326
0,0,0.22009867
0,0,0.40280947
0,1,0.5591734
0,1,0.6188576
0,1,0.64538616
0,1,0.5518322
0,0,0.4366155
0,0,0.38509205
0,0,0.380193
0,0,0.35914186
0,0,0.30922
0,0,0.2850491
0,0,0.17662966
0,0,0.08992409
0,0,0.045204002
0,0,0.025423126
0,0,0.025055045
0,0,0.049343143
0,0,0.06882572
0,0,0.079025604
1,1,0.79958904
1,1,0.9376397
1,1,0.9189209
1,1,0.8224493
1,1,0.7169041
1,1,0.73788154
1,1,0.88675195
1,1,0.92829436
1,1,0.92990977
1,1,0.959219
1,1,0.9448643
1,1,0.95597094
1,1,0.96736467
1,1,0.9801108
1,1,0.98205066
1,1,0.9806213
1,1,0.9675913
1,1,0.9670544
1,1,0.9701231
1,1,0.9582185
1,1,0.9723264
1,1,0.97684264
1,1,0.97429323
1,1,0.96408993
1,1,0.94974494
1,1,0.937416
1,1,0.9221319
1,1,0.92428017
1,1,0.9172441
1,1,0.8733912
1,1,0.85101354
1,1,0.82176036
1,1,0.7590364
1,1,0.8477157
1,1,0.87894976
1,1,0.91007674
1,1,0.93860716
1,1,0.9577657
1,1,0.9611015
1,1,0.95551014
1,1,0.96665734
1,1,0.9710165
1,1,0.9752364
1,1,0.979882
1,1,0.98304635
1,1,0.98260844
1,1,0.9810751
1,1,0.96696156
1,1,0.943923
1,1,0.9049531
1,1,0.8383189
1,1,0.9230843
1,1,0.9812507
1,1,0.99138653
1,1,0.99339384
0,1,0.9719919
0,1,0.8656144
0,1,0.5020453
0,0,0.10363388
0,0,0.053547677
0,0,0.043541417
0,0,0.036519293
0,0,0.03014599
0,0,0.03232971
0,0,0.0714111
0,0,0.15133412
0,0,0.17097312
0,0,0.13971078
0,0,0.14099526
0,0,0.09331729
0,0,0.10657063
0,0,0.26229447
0,0,0.3622388
0,0,0.35971886
0,0,0.2024604
0,0,0.10889314
0,0,0.06954452
0,0,0.05474683
0,0,0.054162033
0,0,0.053592987
0,0,0.082656585
0,0,0.09554621
0,0,0.110820584
0,0,0.09080719
1,1,0.6590926
1,1,0.8540454
1,1,0.93131125
1,1,0.9539358
1,1,0.966886
1,1,0.9729427
1,1,0.97210103
1,1,0.9704103
1,1,0.9765121
1,1,0.9720857
1,1,0.96110535
1,1,0.9513833
1,1,0.95002514
1,1,0.9656974
1,1,0.97752756
1,1,0.9847494
1,1,0.984423
1,1,0.976592
1,1,0.95800567
1,1,0.96004915
1,1,0.95987964
1,1,0.968884
1,1,0.8256252
1,1,0.5252102
1,0,0.2214274
1,0,0.11665659
1,0,0.21799484
1,0,0.19093086
1,0,0.17779626
1,0,0.18085542
1,0,0.19851297
1,0,0.2263877
1,0,0.28246963
1,0,0.34547606
1,0,0.41770658
1,0,0.49134707
1,1,0.54887444
1,1,0.5838853
1,1,0.5667637
1,1,0.52147174
1,1,0.50171226
1,1,0.5211886
1,1,0.5329834
1,1,0.54118395
1,1,0.54010475
1,1,0.5562367
1,1,0.5253628
1,0,0.45207238
1,0,0.464056
1,1,0.5101078
1,1,0.54372865
1,1,0.6014814
1,1,0.6572775
1,1,0.7553695
1,1,0.8388888
1,1,0.82319385
1,1,0.76923823
1,1,0.78301156
1,1,0.8308632
1,1,0.7968143
1,1,0.67864656
1,0,0.477446
1,0,0.22809932
1,0,0.07797875
1,0,0.065285444
1,0,0.083864465
1,0,0.083825976
1,0,0.0705227
1,0,0.056320783
1,0,0.044145767
1,0,0.041538324
1,0,0.043517966
1,0,0.05530427
1,0,0.061942615
1,0,0.043773543
1,0,0.034605484
1,0,0.030811273
0,0,0.018317832
0,0,0.04654424
0,0,0.088584706
0,0,0.1577164
0,0,0.23546727
0,0,0.2317092
0,0,0.26624766
0,0,0.31739724
0,0,0.3613404
0,0,0.38656336
0,0,0.3834464
0,0,0.4275654
0,0,0.41170147
0,0,0.33285832
0,0,0.26174882
0,0,0.2556927
0,0,0.27278346
0,0,0.30149263
0,0,0.32449883
0,0,0.32452047
0,0,0.32104775
0,0,0.33380416
0,0,0.35381648
0,0,0.37546995
0,0,0.3704612
0,0,0.3494445
0,0,0.33105677
0,0,0.3110168
0,0,0.28729367
0,0,0.28825065
0,0,0.32855585
0,0,0.37239677
0,0,0.4070898
0,0,0.4314009
0,0,0.44595724
0,0,0.4707388
0,0,0.49001157
0,1,0.5022877
0,1,0.523918
0,1,0.50070435
0,0,0.42891786
0,0,0.35822573
0,0,0.2995064
0,0,0.26563352
0,0,0.2587332
0,0,0.26946452
0,1,0.6657226
0,1,0.740932
0,1,0.72964
0,1,0.676347
0,1,0.67145586
0,1,0.6998848
0,1,0.7052568
0,1,0.72833365
0,1,0.7408244
0,1,0.7259743
0,1,0.6705855
0,1,0.67804354
0,1,0.6720024
0,1,0.6581427
0,1,0.6612011
0,1,0.6489388
0,1,0.6443944
0,1,0.6577218
0,1,0.68799233
0,1,0.7173478
0,1,0.74999654
0,1,0.7616974
1,1,0.7527375
1,1,0.7153178
1,1,0.6683271
1,1,0.6555789
1,1,0.63196105
1,1,0.61969906
1,1,0.62109
1,1,0.6197256
1,1,0.63404423
1,1,0.64035475
1,1,0.6396409
1,1,0.6804852
1,1,0.69971913
1,1,0.7274651
1,1,0.77215225
1,1,0.7694048
1,1,0.74230415
1,1,0.75167036
1,1,0.77241516
1,1,0.7616516
1,1,0.76439685
1,1,0.7634552
0,1,0.7313301
0,1,0.7081358
0,1,0.7396267
0,1,0.75407887
0,1,0.7106362
0,1,0.7360377
0,1,0.75953573
0,1,0.7313116
0,1,0.7249223
0,1,0.75034
0,1,0.7484227
0,1,0.5427836
0,0,0.43470696
0,0,0.40263513
0,0,0.38410208
0,0,0.41576436
0,0,0.37112498
0,0,0.35402614
0,0,0.40232468
0,0,0.4361406
0,0,0.45106006
0,0,0.45882893
0,0,0.45740566
0,0,0.46312225
0,0,0.45724162
0,0,0.42329124
0,0,0.41291106
0,0,0.41363677
0,1,0.5061495
0,1,0.6228051
0,1,0.6504947
0,1,0.5942962
0,0,0.4938867
0,0,0.37541598
0,0,0.3333778
0,0,0.37020788
0,0,0.40323043
0,0,0.42193282
0,0,0.43225592
0,0,0.4331144
1,1,0.63620347
1,1,0.7583714
1,1,0.7758857
1,1,0.75809336
1,1,0.7628146
1,1,0.7632969
1,1,0.70292616
1,1,0.68676203
1,1,0.69472134
1,1,0.6747107
1,1,0.7075496
0,1,0.7926338
0,1,0.8169871
0,1,0.80947006
0,1,0.78809345
0,1,0.7173506
0,1,0.66335917
0,1,0.6774332
0,1,0.6790807
0,1,0.68252194
0,1,0.7077937
0,1,0.7117666
0,1,0.5383992
0,0,0.4078967
0,0,0.35735664
0,0,0.39214972
0,1,0.64588237
0,1,0.69333977
0,1,0.6456585
0,1,0.5515059
0,0,0.45613366
0,0,0.39740357
0,0,0.43020067
0,0,0.4509783
0,0,0.46381387
0,0,0.47739646
0,0,0.4756457
0,0,0.45068884
0,0,0.41718
0,0,0.39451468
0,0,0.38032767
0,0,0.37310904
0,0,0.37704214
0,0,0.40420422
0,0,0.42269334
0,0,0.43676248
0,0,0.44105917
0,0,0.43276352
0,0,0.44485027
0,0,0.44056952
0,0,0.42554823
0,0,0.4226945
0,0,0.4224011
0,0,0.4223685
0,0,0.41006976
0,0,0.44203746
0,0,0.46564934
0,0,0.46304443
0,0,0.4673508
0,0,0.476359
0,0,0.46008965
0,0,0.43304914
0,0,0.41638136
0,0,0.40029156
0,0,0.38420126
0,0,0.36724237
0,0,0.35711235
0,0,0.36290172
0,0,0.37779146
0,0,0.39960825
0,0,0.42080924
0,0,0.42881566
0,0,0.41468185
0,0,0.373185
0,0,0.31951362
0,0,0.274014
0,0,0.23415175
0,0,0.034868225
0,0,0.050615843
0,0,0.081419945
0,0,0.13803272
0,0,0.27512527
0,0,0.28431052
0,0,0.2831895
0,0,0.28418416
0,0,0.290529
0,0,0.2909308
0,0,0.28956777
0,0,0.29416075
0,0,0.3022947
0,0,0.31372595
0,0,0.3095441
0,0,0.2977561
0,0,0.29191327
0,0,0.29125684
0,0,0.29048175
0,0,0.29168996
0,0,0.2924093
0,0,0.29548067
0,0,0.28789824
0,0,0.2814834
0,0,0.28934646
0,0,0.29216674
0,0,0.28446224
0,0,0.2842434
0,0,0.297011
0,0,0.289243
0,0,0.28116304
0,0,0.28983715
0,0,0.28892583
0,0,0.28870717
0,0,0.2926712
0,0,0.2882253
0,0,0.285952
0,0,0.28863263
0,0,0.28781626
0,0,0.28838924
0,0,0.2927033
0,0,0.28646186
0,0,0.28025052
0,0,0.28402936
0,0,0.28334692
0,0,0.2811246
0,0,0.2843916
0,0,0.28089604
0,0,0.27562007
0,0,0.2821329
0,0,0.2860723
0,0,0.2925978
0,0,0.29881975
0,0,0.30038205
0,0,0.29430932
0,0,0.29445636
0,0,0.3009283
1,0,0.3100251
1,0,0.31044987
1,0,0.3168865
1,0,0.32508388
1,0,0.3420152
1,0,0.33077827
1,0,0.34003884
1,0,0.3353783
1,0,0.3302953
1,0,0.323194
1,0,0.31367394
1,0,0.31000668
1,0,0.3064225
1,0,0.30311504
1,0,0.30100685
1,0,0.30996343
1,0,0.32018176
1,0,0.32314622
1,0,0.31993955
1,0,0.32538924
1,0,0.31931728
1,0,0.30348358
1,0,0.29643688
1,0,0.28622016
1,0,0.2911114
1,0,0.3004905
1,0,0.31633076
1,0,0.31699
1,0,0.3268133
1,0,0.32022104
1,0,0.3187106
1,0,0.32527137
1,0,0.32944945
0,0,0.32048044
0,0,0.31489494
0,0,0.3149399
0,0,0.313306
0,0,0.31889018
0,0,0.33723688
0,0,0.33764046
0,0,0.32992944
0,0,0.33651748
0,0,0.32994422
0,0,0.32512844
0,0,0.36479437
0,0,0.36971503
0,0,0.33067802
0,0,0.3241758
0,0,0.33339337
0,0,0.32444683
0,0,0.3117849
0,0,0.31942362
0,0,0.33075777
0,0,0.3409768
0,0,0.32905638
0,0,0.3199175
0,0,0.30571398
0,0,0.2932584
0,0,0.2974556
0,0,0.3037524
0,0,0.30211392
0,0,0.29480588
0,0,0.30811736
0,0,0.33303496
0,0,0.33826584
0,0,0.33773413
0,0,0.35384613
0,0,0.33310992
0,0,0.3152117
0,0,0.32911727
0,0,0.3194401
0,0,0.30747047
0,0,0.31632245
1,0,0.3135632
1,0,0.3165377
1,0,0.31559554
1,0,0.31688356
1,0,0.3436257
1,0,0.38557172
1,0,0.4072504
1,0,0.42597067
1,0,0.48919392
1,1,0.5273708
1,1,0.53903496
1,1,0.5110202
1,1,0.5166476
1,0,0.4463552
1,0,0.3243885
1,0,0.2921858
1,0,0.29831263
1,0,0.29674464
1,0,0.29728132
1,0,0.3063906
1,0,0.30874854
1,0,0.31192812
0,0,0.31918085
0,0,0.31239024
0,0,0.3041533
0,0,0.30422935
0,0,0.29443467
0,0,0.29109445
0,0,0.29320925
0,0,0.29922825
0,0,0.30015486
0,0,0.30449602
0,0,0.307909
0,0,0.30637676
0,0,0.3000019
0,0,0.30089885
0,0,0.3055569
0,0,0.3055822
0,0,0.3011289
0,0,0.3036871
0,0,0.30612677
0,0,0.2987116
0,0,0.2965393
0,0,0.29604012
0,0,0.30183467
0,0,0.30665696
0,0,0.30651626
0,0,0.30524755
0,0,0.3085264
0,0,0.31062785
0,0,0.30265692
0,0,0.30447382
0,0,0.3075242
0,0,0.31012368
0,0,0.3169
0,0,0.32753164
0,0,0.33429807
0,0,0.33488405
0,0,0.3338157
0,0,0.31269506
0,0,0.31976792
0,0,0.3208929
0,0,0.32108498
0,0,0.32917646
0,0,0.34258696
0,0,0.33810017
0,0,0.32841173
0,0,0.32049084
0,0,0.31287724
0,0,0.32471916
0,0,0.32019114
0,0,0.3218686
0,0,0.32936436
0,0,0.31481346
0,0,0.30860677
0,0,0.3103678
0,0,0.31854865
0,0,0.004271407
0,0,0.0035021186
0,0,0.0048473324
0,0,0.009280702
0,0,0.026467219
0,0,0.04403712
0,0,0.050975986
0,0,0.07369864
0,0,0.0806811
0,0,0.04640557
0,0,0.03541583
0,0,0.027853524
0,0,0.007416871
0,0,0.0025570735
0,0,0.002472261
0,0,0.005311767
0,0,0.008419568
0,0,0.021107234
0,0,0.026248047
0,0,0.03130324
0,0,0.041538842
0,0,0.03043275
0,0,0.012640735
0,0,0.006670602
0,0,0.005080148
0,0,0.007871104
0,0,0.026139587
0,0,0.03037085
0,0,0.043733317
0,0,0.078589916
0,0,0.14824748
0,0,0.1246979
0,0,0.04668812
0,0,0.017601322
0,0,0.00888186
0,0,0.019851211
0,0,0.118668914
0,0,0.12776214
0,0,0.04786639
0,0,0.016780762
0,0,0.0076378356
0,0,0.013100123
0,0,0.0771337
0,0,0.16429502
0,0,0.23761976
0,0,0.14348316
1,1,0.8329367
1,1,0.89592314
1,1,0.885886
1,1,0.9366087
1,1,0.97331816
1,1,0.5863531
1,0,0.036946483
1,0,0.011082065
1,0,0.026066871
1,0,0.36886474
1,1,0.8150336
1,1,0.92288435
1,1,0.9369775
1,1,0.9606832
1,1,0.9509296
1,1,0.84271616
1,0,0.18841481
1,0,0.02734431
1,0,0.0049536447
1,0,0.0039966414
1,0,0.084271416
1,1,0.81456476
0,1,0.9470637
0,1,0.9298319
0,1,0.8515597
0,1,0.64643055
0,0,0.4234223
0,1,0.9230132
0,1,0.9595324
0,1,0.96137345
0,1,0.95765483
0,1,0.95978695
0,1,0.9646856
1,1,0.9274869
1,1,0.70546806
1,0,0.43926492
1,1,0.64015
1,0,0.2864054
1,0,0.4208583
1,1,0.80100316
1,1,0.8162663
1,1,0.6847716
1,0,0.40446752
1,0,0.13001691
0,1,0.65177435
0,1,0.90958375
0,1,0.936775
0,1,0.9096714
0,1,0.9015393
0,1,0.88532233
0,1,0.8371794
0,1,0.8226328
0,1,0.815336
0,1,0.69887716
0,0,0.2555001
0,0,0.0054737637
0,0,0.0009892592
0,0,0.00079368113
0,0,0.0012394151
0,0,0.018210493
0,0,0.021286953
0,0,0.030902904
0,0,0.0506705
0,0,0.036961354
0,0,0.009974281
0,0,0.0052645514
0,0,0.0037129195
0,0,0.006376089
0,0,0.038354304
0,0,0.034781605
0,0,0.019265851
0,0,0.012261039
0,0,0.009947064
0,0,0.011165432
0,0,0.013366098
0,0,0.015762176
0,0,0.014696956
0,0,0.012935375
0,0,0.014696581
0,0,0.017007506
0,0,0.021546414
0,0,0.026904635
0,0,0.04762718
0,0,0.090257816
1,1,0.92311466
1,1,0.97426957
1,1,0.972314
1,1,0.97155535
1,1,0.9562665
1,1,0.9030693
1,1,0.8698326
1,1,0.900311
1,1,0.94611835
1,1,0.8952827
1,1,0.65315723
1,1,0.802602
1,1,0.7870424
1,1,0.6505985
1,1,0.62992114
1,1,0.706912
1,1,0.69871897
1,1,0.71132565
1,1,0.71698475
1,1,0.6422842
1,0,0.28641063
1,0,0.1881119
1,0,0.040250007
1,0,0.033682935
1,0,0.025084483
1,0,0.015406791
1,0,0.015920414
1,0,0.02119905
1,0,0.026744623
1,0,0.012364805
1,0,0.0032140864
1,0,0.0016132332
1,0,0.0016402964
1,0,0.005033677
1,0,0.041044395
1,0,0.06855122
1,0,0.105328664
1,0,0.15147676
1,0,0.16236982
1,0,0.10865195
1,0,0.06461428
1,0,0.046036344
1,0,0.034487486
1,0,0.020626508
1,0,0.012435321
1,0,0.012181659
1,0,0.017102446
1,0,0.023965782
1,0,0.032750126
1,0,0.029670896
1,0,0.012070793
1,0,0.007936792
1,0,0.009253437
1,0,0.009468045
1,0,0.015068034
0,0,0.029477777
0,0,0.017429821
0,0,0.0051013376
0,0,0.0024195681
0,0,0.0016279782
0,0,0.0028179702
0,0,0.012659161
0,0,0.01642385
0,0,0.020428488
0,0,0.024353396
0,0,0.023383198
0,0,0.020135071
0,0,0.017723603
0,0,0.017116312
0,0,0.020762663
0,0,0.018837245
0,0,0.014857526
0,0,0.012672721
0,0,0.016090732
0,0,0.027440924
0,0,0.03351362
0,0,0.03998329
0,0,0.0057964125
0,0,0.013359831
0,0,0.06964382
0,0,0.39536756
0,1,0.79984
0,1,0.7448886
0,1,0.71616447
0,1,0.6388771
0,1,0.67762035
0,1,0.7436096
0,1,0.70069987
0,1,0.69043404
0,1,0.7083815
0,1,0.6507374
0,1,0.60184956
0,1,0.52893156
0,1,0.5556947
0,1,0.5432451
0,1,0.5978976
0,1,0.62486035
0,1,0.6144293
0,1,0.5728155
0,1,0.5660798
0,1,0.6119182
0,1,0.6649734
0,1,0.6545226
0,1,0.6658662
0,1,0.6405406
0,1,0.5871504
0,1,0.57471013
0,1,0.56931883
0,1,0.5363768
0,1,0.51808995
0,0,0.46561354
0,0,0.45075244
0,0,0.45777148
0,1,0.5150148
0,1,0.5572071
0,1,0.5488534
0,1,0.55234075
0,1,0.5342227
0,0,0.49032506
0,0,0.47483626
0,0,0.46895972
0,0,0.4832455
0,0,0.4519813
0,1,0.8443034
0,1,0.9162526
0,1,0.93062675
0,1,0.9214512
0,1,0.90963393
0,1,0.86378264
0,1,0.86621207
0,1,0.8647583
0,1,0.88866884
0,1,0.9131594
0,1,0.91523904
0,1,0.8975247
0,1,0.90437984
0,1,0.8988583
0,1,0.8958248
0,1,0.9082269
0,1,0.9009638
0,1,0.8810383
0,1,0.86198264
0,1,0.8449737
0,1,0.8104767
0,1,0.7367638
0,1,0.7232221
0,1,0.74257183
0,1,0.73241323
0,1,0.79803604
0,1,0.8744156
0,1,0.8721307
0,1,0.8606319
0,1,0.85164934
0,1,0.85084254
0,1,0.8577424
0,1,0.8812899
0,1,0.9007348
0,1,0.8855916
0,1,0.88913435
0,1,0.90827775
0,1,0.93724906
0,1,0.9194308
0,1,0.9174445
0,1,0.9307489
0,1,0.91646004
0,1,0.9137277
0,1,0.93121076
0,1,0.9418874
0,1,0.9528885
0,1,0.9575114
0,1,0.9482487
0,1,0.93849707
0,1,0.9231101
0,1,0.92274934
0,1,0.9449499
0,1,0.952555
0,1,0.9499836
0,1,0.94001883
0,1,0.74911094
0,1,0.65674865
0,1,0.74756306
0,1,0.8367623
0,1,0.90138364
0,1,0.92236865
0,1,0.9418937
0,1,0.93595594
0,1,0.91396
0,1,0.89442176
0,1,0.8639174
0,1,0.84499085
0,1,0.84356403
0,1,0.8677661
0,1,0.88805413
0,1,0.875041
0,1,0.8620571
0,1,0.83537096
0,1,0.8125748
0,1,0.829131
0,1,0.8676173
0,1,0.8816172
0,1,0.8956758
0,1,0.9072144
0,1,0.916151
0,1,0.92018783
0,1,0.9091013
0,1,0.8755489
0,1,0.84676355
0,1,0.9452678
0,1,0.9605656
0,1,0.95181066
0,1,0.9337571
0,1,0.91733736
0,1,0.9139547
0,1,0.89433306
0,1,0.9003108
0,1,0.8988753
0,1,0.87873405
0,1,0.85749334
0,1,0.84958434
0,1,0.83451706
0,1,0.8754827
0,1,0.8973812
0,1,0.9219079
0,1,0.9372786
0,1,0.94019943
0,1,0.9464289
0,1,0.9366577
0,1,0.92534655
0,1,0.92420125
0,1,0.8288918
0,1,0.7692268
0,1,0.8338197
0,1,0.89608
0,1,0.8915062
0,1,0.88914555
0,1,0.8813621
0,1,0.86027527
0,1,0.833443
0,1,0.80853844
0,1,0.7765878
0,1,0.75640714
0,1,0.7798801
0,1,0.8029865
0,1,0.834576
0,1,0.8617818
0,1,0.8876304
0,1,0.9021132
0,1,0.8952841
0,1,0.86727774
0,1,0.87929004
0,1,0.8720846
0,1,0.8658559
0,1,0.8614046
0,1,0.8522029
0,1,0.8383465
0,1,0.83569604
0,1,0.81682175
0,1,0.8038945
0,1,0.82723475
0,1,0.83980376
0,1,0.81319225
0,1,0.8058246
0,1,0.81071997
0,1,0.8376309
0,1,0.8566206
0,1,0.86782193
0,1,0.8654577
0,1,0.83094424
0,1,0.81206554
0,1,0.81232846
0,1,0.8583344
0,1,0.878908
0,1,0.8966135
0,1,0.90499026
0,1,0.8950667
0,1,0.893674
0,1,0.87790436
0,1,0.8341966
0,1,0.7863696
0,1,0.76592237
0,1,0.7946911
0,1,0.846734
0,1,0.85878134
0,1,0.8537801
0,0,0.061645623
0,0,0.0055491463
0,0,0.0064081647
0,0,0.021011937
0,0,0.13919988
0,1,0.8623952
0,1,0.81719285
0,1,0.79182535
0,1,0.8034567
0,1,0.7595988
0,1,0.75261253
0,1,0.822989
0,1,0.6543962
0,1,0.73262084
0,1,0.69090724
0,1,0.63525516
0,1,0.8184871
0,1,0.76267517
0,1,0.7915216
0,1,0.79279023
0,1,0.7669189
0,1,0.8233026
0,1,0.8275554
0,1,0.8276123
0,1,0.8352284
0,1,0.8427277
0,1,0.86293876
0,1,0.8563009
0,1,0.85071534
0,1,0.8469177
0,1,0.85359746
0,1,0.85371095
0,1,0.8456275
0,1,0.8427635
0,1,0.8063027
0,1,0.77056557
0,1,0.7728046
0,1,0.7876033
0,1,0.81868494
0,1,0.8327592
0,1,0.8232799
0,1,0.82752234
0,1,0.814288
0,1,0.8073327
0,1,0.80319506
0,1,0.8090224
0,1,0.93896437
0,1,0.9530402
0,1,0.95651674
0,1,0.96752834
0,1,0.989758
0,1,0.98959816
0,1,0.9926649
0,1,0.9954964
0,1,0.9953323
0,1,0.9960492
0,1,0.99732506
1,1,0.99728525
1,1,0.9952987
1,1,0.99407744
1,1,0.9909862
1,1,0.99057806
1,1,0.99257725
1,1,0.9926339
1,1,0.9921463
1,1,0.9908971
1,1,0.98641557
1,1,0.9851834
0,1,0.9665696
0,1,0.9574766
0,1,0.97732806
0,1,0.9895857
0,1,0.9943252
0,1,0.9940454
0,1,0.99194616
0,1,0.98468393
0,1,0.9748609
0,1,0.97510797
0,1,0.978517
1,1,0.98708516
1,1,0.9839144
1,1,0.9861398
1,1,0.98992133
1,1,0.9943242
1,1,0.9962459
1,1,0.9971111
1,1,0.9974329
1,1,0.99644
1,1,0.99234736
1,1,0.9832894
0,1,0.9668045
0,1,0.946945
0,1,0.96402353
0,1,0.9802627
0,1,0.9897517
0,1,0.99509215
0,1,0.9951218
0,1,0.99238694
0,1,0.9855332
0,1,0.96987784
0,1,0.9473152
0,1,0.80741686
0,1,0.7823489
0,1,0.8328353
0,1,0.85345256
0,1,0.9114882
0,1,0.8912615
0,1,0.89665383
0,1,0.91319525
0,1,0.9039785
0,1,0.8959753
0,1,0.9077847
0,1,0.9073831
0,1,0.90584826
0,1,0.91393894
0,1,0.91253275
0,1,0.90581524
0,1,0.8933801
0,1,0.8806992
0,1,0.8731525
0,1,0.8884197
0,1,0.93277013
0,1,0.879546
0,1,0.86672246
0,1,0.80030227
0,1,0.7895474
0,1,0.89450747
0,1,0.89510596
0,1,0.9111867
0,1,0.90675765
0,1,0.9745213
0,1,0.98402864
0,1,0.98667854
0,1,0.98406684
0,1,0.9791022
0,1,0.98256713
0,1,0.9832134
0,1,0.98501855
0,1,0.9753969
0,1,0.9619348
0,1,0.96604395
1,1,0.9844557
1,1,0.9888389
1,1,0.992815
1,1,0.9945397
1,1,0.9956955
1,1,0.99617
1,1,0.99624604
1,1,0.9945478
1,1,0.9929149
1,1,0.9910048
1,1,0.9894503
0,1,0.9682569
0,1,0.95272595
0,1,0.9406052
0,1,0.93775356
0,1,0.92775
0,1,0.9486903
0,1,0.95088893
0,1,0.95385855
0,1,0.95493704
0,1,0.9553205
0,1,0.9443803
0,1,0.9313809
0,1,0.9190534
0,1,0.9006498
0,1,0.8981916
0,1,0.91344845
0,1,0.91403407
0,1,0.9137427
0,1,0.9032095
0,1,0.8964449
0,1,0.9063118
0,1,0.90363187
0,1,0.89728653
0,1,0.9125199
0,1,0.92432594
0,1,0.92642933
0,1,0.92159635
0,1,0.91134965
0,1,0.91725683
0,1,0.9332023
0,1,0.9439948
0,1,0.95232594
0,1,0.9517935
0,1,0.9394241
0,1,0.93278205
0,1,0.9582303
0,1,0.8964294
0,1,0.7555911
0,1,0.65063477
0,1,0.54105324
0,1,0.81884193
0,1,0.87877244
0,1,0.88080317
0,1,0.87548506
0,1,0.8591836
0,1,0.8565738
0,1,0.913185
0,1,0.96732205
0,0,0.46776077
0,0,0.060081985
0,0,0.031704657
0,0,0.03901771
0,1,0.8961366
0,1,0.9258205
0,1,0.8483527
0,0,0.015590431
0,0,0.01615407
0,0,0.027642118
0,0,0.06637733
0,0,0.22574429
0,0,0.22383824
0,0,0.23049922
0,0,0.2302586
0,0,0.23058769
0,0,0.23530632
0,0,0.23390451
0,0,0.23016568
0,0,0.22449644
0,0,0.21315852
0,0,0.21136317
0,0,0.22727183
0,0,0.22752297
0,0,0.22238664
0,0,0.22284913
0,0,0.23032258
0,0,0.24334122
0,0,0.24013938
0,0,0.23900014
0,0,0.2397232
0,0,0.2404096
0,0,0.2365456
0,0,0.2305953
0,0,0.23864992
0,0,0.24245697
0,0,0.23167516
0,0,0.22159174
0,0,0.22315758
0,0,0.22166915
0,0,0.21580346
0,0,0.2240576
0,0,0.24323504
0,0,0.23317759
0,0,0.22999547
0,0,0.23169461
0,0,0.23665276
0,0,0.24317095
0,0,0.23863651
0,0,0.2329248
0,0,0.22209433
0,0,0.21561906
0,0,0.21843392
1,0,0.23585008
1,0,0.2619797
1,0,0.28945228
1,0,0.3228432
1,0,0.39025933
1,0,0.3817132
1,0,0.37377515
1,0,0.37228724
1,0,0.38309747
1,0,0.38249165
1,0,0.3852849
1,0,0.39010882
1,0,0.3825862
1,0,0.38361704
1,0,0.39377668
1,0,0.4062897
1,0,0.40494177
1,0,0.40830362
1,0,0.39260823
1,0,0.3928835
1,0,0.39557874
1,0,0.3873137
1,0,0.42757246
1,0,0.4931599
1,1,0.5385702
1,1,0.5875556
1,1,0.6622438
1,1,0.6834252
1,1,0.6498559
1,1,0.6192315
1,1,0.6200231
1,1,0.55479103
1,0,0.42594668
0,0,0.47365367
0,0,0.4678416
0,1,0.50752616
0,1,0.5717795
0,1,0.62134165
0,1,0.54367137
0,1,0.60281134
0,1,0.6594658
0,1,0.63789064
0,1,0.55982363
0,1,0.5524704
0,1,0.56184846
0,1,0.5399749
0,1,0.5088327
0,1,0.56739163
0,1,0.62228423
0,1,0.5840402
0,1,0.5913708
0,1,0.66613376
0,1,0.6348594
0,1,0.58868694
0,1,0.6616051
0,1,0.7060551
0,1,0.68120545
0,1,0.6109234
0,1,0.5505983
0,0,0.39599875
0,0,0.3771755
0,0,0.4475412
0,0,0.45080963
0,0,0.46229562
0,0,0.48416814
0,0,0.38096577
0,0,0.26491243
0,0,0.27332956
0,0,0.34647462
0,0,0.4393555
0,0,0.49393532
0,1,0.5355097
0,1,0.56227064
0,0,0.48038724
0,0,0.41850612
0,0,0.3715642
0,0,0.29878092
0,0,0.3076516
0,0,0.32340774
0,0,0.35906735
0,0,0.34852034
0,0,0.28212693
0,0,0.28050676
0,0,0.28154495
1,0,0.32682335
1,0,0.37256643
1,0,0.43853775
1,1,0.57521737
1,1,0.7166515
1,1,0.7061876
1,1,0.7083026
1,1,0.75785285
1,1,0.71371996
1,1,0.6660375
1,1,0.71381515
0,1,0.6357353
0,0,0.4638363
0,0,0.3978922
0,0,0.3786417
0,0,0.40395305
0,0,0.4315179
0,0,0.47006056
0,1,0.5009625
0,1,0.54035896
0,1,0.5892503
0,1,0.60374326
1,1,0.61333245
1,1,0.5785718
1,0,0.48739544
1,0,0.3799132
1,0,0.22662497
1,0,0.23357834
1,0,0.24576235
1,0,0.24078363
1,0,0.23475017
1,0,0.23235646
1,0,0.23775785
1,0,0.24149117
1,0,0.24808057
1,0,0.25655058
1,0,0.25634494
1,0,0.24683213
1,0,0.2429579
1,0,0.23444085
1,0,0.22898361
1,0,0.22395118
1,0,0.22102517
1,0,0.23263274
1,0,0.2469533
1,0,0.24386476
1,0,0.23480251
1,0,0.2334655
1,0,0.22747637
1,0,0.22404018
1,0,0.22032326
1,0,0.21358567
1,0,0.2183725
1,0,0.21369818
1,0,0.21978548
1,0,0.23334119
1,0,0.23478758
1,0,0.2404537
1,0,0.24091516
1,0,0.22907332
1,0,0.23512402
1,0,0.24603187
1,0,0.2436868
1,0,0.24698023
1,0,0.24307586
1,0,0.23497531
1,0,0.23633282
1,0,0.24035797
1,0,0.23098087
1,0,0.22709808
1,0,0.22943844
1,0,0.23769717
1,0,0.23686616
1,0,0.24328236
1,0,0.2326994
1,0,0.22786036
1,0,0.22730985
0,1,0.64821833
0,0,0.4595207
0,0,0.28196356
0,0,0.1485143
0,0,0.05997582
0,0,0.045813367
0,0,0.029242171
0,0,0.02560306
0,0,0.024059033
0,0,0.026333105
0,0,0.029301513
1,0,0.05014831
1,0,0.06710524
1,0,0.115104534
1,0,0.20613645
1,0,0.3326829
1,0,0.36584505
1,0,0.35416496
1,0,0.24625438
1,0,0.1578481
1,0,0.1744755
1,0,0.20869955
1,0,0.2885427
1,0,0.33070162
1,0,0.2727118
1,0,0.24090593
1,0,0.29823828
1,0,0.29083663
1,0,0.3387562
1,0,0.29433447
1,0,0.23639598
1,0,0.2117711
1,0,0.19550441
1,0,0.15505402
1,0,0.14541453
1,0,0.174151
1,0,0.18281126
1,0,0.16906123
1,0,0.17859444
1,0,0.16922294
1,0,0.15087633
1,0,0.1712751
1,0,0.16636184
1,0,0.17346223
1,0,0.2410121
1,0,0.26387304
1,1,0.9496065
1,1,0.98391587
1,1,0.9903167
1,1,0.99239576
1,1,0.9936194
1,1,0.99228376
1,1,0.9930195
1,1,0.9939552
1,1,0.9953435
1,1,0.99630713
1,1,0.99709034
1,1,0.99681735
1,1,0.9951441
1,1,0.9948579
1,1,0.9948645
1,1,0.99207944
1,1,0.99020386
1,1,0.9906426
1,1,0.9898745
1,1,0.9879304
1,1,0.9899693
1,1,0.99156827
1,1,0.9959552
1,1,0.9968809
1,1,0.9964515
1,1,0.9964437
1,1,0.9951969
1,1,0.9957885
1,1,0.99633044
1,1,0.99649364
1,1,0.9961331
1,1,0.9956304
1,1,0.9950324
1,1,0.9957705
1,1,0.99608153
1,1,0.99693286
1,1,0.9969891
1,1,0.99668926
1,1,0.996378
1,1,0.9960461
1,1,0.995447
1,1,0.9948177
1,1,0.99468625
1,1,0.9936824
1,1,0.9934836
1,1,0.9929322
1,1,0.99190086
1,1,0.9884715
1,1,0.9827617
1,1,0.9830519
1,1,0.9831338
1,1,0.9838937
1,1,0.9848818
1,1,0.9875279
1,1,0.99256164
0,1,0.93503433
0,1,0.84264064
0,1,0.65691453
0,0,0.2603647
0,0,0.1255778
0,0,0.11912393
0,0,0.1262922
0,0,0.154204
0,0,0.17822388
0,0,0.17346857
0,0,0.15413217
0,0,0.12639597
0,0,0.094683155
0,0,0.082890995
0,0,0.08544955
0,0,0.084373415
0,0,0.08314106
0,0,0.07603277
0,0,0.067446195
0,0,0.06710203
0,0,0.08072066
0,0,0.13093846
0,0,0.25242367
0,0,0.30141348
0,0,0.21517082
0,0,0.14146337
0,0,0.13450278
0,0,0.11072153
0,0,0.0773874
1,1,0.78681666
1,1,0.96708035
1,1,0.99065524
1,1,0.99589753
1,1,0.9965663
1,1,0.995956
1,1,0.9952891
1,1,0.996079
1,1,0.99611604
1,1,0.9966826
1,1,0.9965913
1,1,0.9969561
1,1,0.9971807
1,1,0.9967276
1,1,0.99646914
1,1,0.9968029
1,1,0.9968786
1,1,0.99689484
1,1,0.99709153
1,1,0.99725574
1,1,0.9965411
1,1,0.9967694
1,1,0.96878237
1,1,0.9252759
1,1,0.7982609
1,1,0.54597485
1,0,0.20046568
1,0,0.19551727
1,0,0.13238515
1,0,0.09414844
1,0,0.09085959
1,0,0.09208172
1,0,0.071098715
1,0,0.063523345
1,0,0.074739136
1,0,0.0870561
1,0,0.094681256
1,0,0.119084574
1,0,0.12355088
1,0,0.11490473
1,0,0.12444124
1,0,0.1277579
1,0,0.11379124
1,0,0.11956992
1,0,0.12680195
1,0,0.108577214
1,0,0.0983657
1,0,0.0983928
1,0,0.0868858
1,0,0.079169676
1,0,0.074319296
1,0,0.059963904
1,0,0.052045755
1,0,0.056248195
1,0,0.0675737
0,0,0.06339909
0,0,0.0513509
0,0,0.046474848
0,0,0.05090952
0,0,0.05452056
0,0,0.09441897
0,0,0.13765042
0,0,0.16396329
0,0,0.16969596
0,0,0.16979471
0,0,0.16319747
0,0,0.15060335
0,0,0.12753929
0,0,0.09687335
0,0,0.080627866
0,0,0.093386106
0,0,0.122782215
0,0,0.11192824
0,0,0.11344735
0,0,0.12920853
0,0,0.13380633
0,0,0.13707876
0,0,0.48407987
0,0,0.20662864
0,0,0.094672695
0,0,0.040234644
0,0,0.016734233
0,0,0.020928323
0,0,0.02321159
0,0,0.019570079
0,0,0.017192865
0,0,0.017335119
0,0,0.017117705
0,0,0.018353647
0,0,0.03255717
0,0,0.105633214
0,0,0.1982438
0,0,0.30227762
0,0,0.3984395
0,0,0.3349084
0,0,0.15072797
0,0,0.13687593
0,0,0.1874767
0,0,0.19257548
0,0,0.119182
0,0,0.06595049
0,0,0.053356864
0,0,0.055361457
0,0,0.06978708
0,0,0.08396824
0,0,0.14849257
0,0,0.21370006
0,0,0.27233732
0,0,0.3442274
0,1,0.51440847
0,0,0.36978644
0,0,0.19658434
0,0,0.30100355
0,0,0.20586538
0,0,0.086948544
0,0,0.0901246
0,0,0.08709927
0,0,0.09906324
0,0,0.1307175
0,0,0.08185316
0,0,0.068243414
0,0,0.108089045
0,0,0.17436533
0,0,0.4106097
0,1,0.5237556
0,1,0.5748002
0,1,0.5796529
0,1,0.73968345
0,1,0.7851187
0,1,0.7948704
0,1,0.76343983
0,1,0.7076542
0,1,0.70671374
0,1,0.6590766
1,1,0.6225094
1,1,0.6028934
1,1,0.6855767
1,1,0.78227466
1,1,0.7952545
1,1,0.8122684
1,1,0.8174881
1,1,0.8142665
1,1,0.80707556
1,1,0.8225978
1,1,0.8382879
1,1,0.81937027
1,1,0.7915399
1,1,0.80538404
1,1,0.815875
1,1,0.8105601
1,1,0.81777495
1,1,0.7561419
1,1,0.7348397
1,1,0.71247786
1,1,0.6898552
1,1,0.69205093
1,1,0.7109283
1,1,0.65820026
1,0,0.46300858
1,0,0.32758498
1,0,0.40255803
1,0,0.47991136
1,0,0.43472043
1,0,0.46774253
1,0,0.41872758
1,0,0.32852036
1,0,0.47195098
0,1,0.5236149
0,1,0.6510971
0,1,0.76401484
0,1,0.79672414
0,1,0.79989153
0,1,0.7580828
0,1,0.7854357
0,1,0.81082153
0,1,0.81695783
0,1,0.82432306
0,1,0.78146625
0,0,0.42332512
0,0,0.16744146
0,0,0.080447696
0,0,0.046887364
0,0,0.018464629
0,0,0.017326072
0,0,0.015127083
0,0,0.015421886
0,0,0.015152565
0,0,0.0143959075
0,0,0.01489844
0,0,0.013724257
0,0,0.012785944
0,0,0.013930451
0,0,0.014343198
0,0,0.01145825
0,0,0.0099872425
0,0,0.009606467
0,0,0.010306788
0,0,0.013130884
0,0,0.013792537
0,0,0.013563497
0,0,0.013017463
0,0,0.012521292
0,0,0.012596111
0,0,0.012016257
0,0,0.011019884
0,0,0.009277879
0,0,0.00819705
1,0,0.16610254
1,0,0.3046134
1,0,0.42542127
1,1,0.5524392
1,1,0.6797002
1,1,0.6673192
1,1,0.6466599
1,1,0.67301136
1,1,0.71589404
1,1,0.7326087
1,1,0.627473
1,1,0.6933467
1,1,0.6636669
1,1,0.55640936
1,1,0.6082415
1,1,0.70284826
1,1,0.67427254
1,1,0.61366445
1,1,0.64612454
1,1,0.66420144
1,1,0.66610545
1,1,0.702382
0,0,0.32766342
0,0,0.10202263
0,0,0.038383976
0,0,0.026189374
0,0,0.016025364
0,0,0.013227913
0,0,0.012872823
0,0,0.012500944
0,0,0.011398645
0,0,0.011556472
0,0,0.00950577
0,0,0.0074977856
0,0,0.0076259254
0,0,0.007587449
0,0,0.006560886
0,0,0.0065606306
0,0,0.00862152
0,0,0.012200522
0,0,0.018627914
0,0,0.023838213
0,0,0.026694745
0,0,0.02599885
0,0,0.023971843
0,0,0.013898992
0,0,0.011370116
0,0,0.009961951
0,0,0.010221117
0,0,0.009592848
0,0,0.008559977
0,0,0.007425023
0,0,0.006567994
0,0,0.0063699805
0,0,0.0069009163
0,0,0.0072133522
0,0,0.00781893
0,0,0.008658659
0,0,0.010559144
0,0,0.009736853
0,0,0.007714809
0,0,0.006911878
0,0,0.0070801484
0,0,0.006775281
0,0,0.0071647316
0,0,0.0074009886
0,0,0.006458106
0,0,0.0059737624
0,0,0.0059875003
0,0,0.0066534393
0,0,0.0069512795
0,0,0.007586638
0,0,0.008001351
0,0,0.007946824
0,0,0.008513815
0,0,0.009300135
0,0,0.009956526
0,0,0.01880705
0,0,0.0047262153
0,0,0.003609798
0,0,0.0024702954
0,0,0.0021100189
0,0,0.0029440091
0,0,0.003091076
0,0,0.0023622573
0,0,0.0027144277
0,0,0.0033263662
0,0,0.0053375894
0,0,0.014447419
0,0,0.013797052
0,0,0.010484742
0,0,0.0146871405
0,0,0.02417849
0,0,0.052526873
0,0,0.039703347
0,0,0.029513385
0,0,0.02614266
0,0,0.026100757
0,0,0.022452168
0,0,0.018999109
0,0,0.012996092
0,0,0.010994133
0,0,0.0123740425
0,0,0.015818696
0,0,0.022017594
0,0,0.023461074
0,0,0.033269778
0,0,0.041467182
0,0,0.04471642
0,0,0.047775924
0,0,0.053252205
0,0,0.07422907
0,0,0.057872534
0,0,0.032862816
0,0,0.02650276
0,0,0.01993837
0,0,0.017131744
0,0,0.021842593
0,0,0.025543164
0,0,0.022297109
0,0,0.023904456
0,0,0.017783506
0,0,0.016418548
1,1,0.6175622
1,1,0.7727935
1,1,0.88787395
1,1,0.9269973
1,1,0.96325433
1,1,0.96163195
1,1,0.96048754
1,1,0.94198614
1,1,0.9337404
1,1,0.9299546
1,1,0.923242
1,1,0.9349576
1,1,0.9108137
1,1,0.932417
1,1,0.93867195
1,1,0.94796985
1,1,0.89429855
1,1,0.8893979
1,1,0.9164474
1,1,0.92396635
1,1,0.9141569
1,1,0.9285123
0,1,0.93977916
0,1,0.9275363
0,1,0.91137093
0,1,0.86139435
0,1,0.8280092
0,1,0.8877051
0,1,0.9237161
0,1,0.9251897
0,1,0.88710004
0,1,0.89616627
0,1,0.91968554
0,1,0.9335543
0,1,0.9534443
0,1,0.969943
0,1,0.96733487
0,1,0.9507488
0,1,0.92890394
0,1,0.92142224
0,1,0.9150369
0,1,0.9351471
0,1,0.94832295
0,1,0.96684265
0,1,0.9629161
0,1,0.9580901
0,1,0.93853164
0,1,0.9168216
0,1,0.8707675
0,1,0.8739097
0,1,0.84469
0,1,0.830552
0,1,0.81172186
0,1,0.8585289
0,1,0.9240002
0,0,0.3343299
0,0,0.064562544
0,0,0.016553978
0,0,0.0063557276
0,0,0.003505575
0,0,0.0038741746
0,0,0.004411981
0,0,0.005086635
0,0,0.0053764656
0,0,0.0054884753
0,0,0.005958204
0,0,0.0058440347
0,0,0.004988969
0,0,0.0043092053
0,0,0.003714756
0,0,0.004148678
0,0,0.005080539
0,0,0.0052725635
0,0,0.0066591618
0,0,0.008340695
0,0,0.0076688537
0,0,0.007242137
0,0,0.00675762
0,0,0.0056666806
0,0,0.0055025006
0,0,0.005900095
0,0,0.0053115506
0,0,0.005121158
0,0,0.0048371437
0,0,0.0985066
0,0,0.27448797
0,0,0.48572117
0,1,0.64089
0,1,0.78186166
0,1,0.7967082
0,1,0.8284914
0,1,0.8428664
0,1,0.87140155
0,1,0.86682385
0,1,0.8832129
1,1,0.91188717
1,1,0.87917376
1,1,0.91211754
1,1,0.94204134
1,1,0.9259038
1,1,0.90611285
1,1,0.90959156
1,1,0.88766223
1,1,0.8623298
1,1,0.8630367
1,1,0.8484655
0,0,0.2680514
0,0,0.081568964
0,0,0.031858206
0,0,0.030260624
0,0,0.029080966
0,0,0.011398226
0,0,0.005466275
0,0,0.006146677
0,0,0.01168359
0,0,0.016954731
0,0,0.0119800875
0,0,0.0038570557
0,0,0.0038719925
0,0,0.018514276
0,0,0.4329313
0,1,0.9321537
0,1,0.98039436
0,1,0.9931612
0,1,0.9963775
0,1,0.9968612
0,1,0.99507207
0,1,0.9953135
0,1,0.9943468
0,1,0.98939425
0,1,0.80146
0,0,0.009051979
0,0,0.005727262
0,0,0.0053406516
0,0,0.0051892796
0,0,0.0051309094
0,0,0.004992241
0,0,0.0050388356
0,0,0.0049227234
0,0,0.0051001594
0,0,0.0050457013
0,0,0.0052236235
0,0,0.005393761
0,0,0.0054782564
0,0,0.005349251
0,0,0.0051645455
0,0,0.005151191
0,0,0.0062427022
0,0,0.0071931956
0,0,0.005048483
0,0,0.004409286
0,0,0.004069048
0,0,0.004446725
0,0,0.0053991973
0,0,0.00601986
0,0,0.005230104
0,0,0.004800287
0,0,0.00448174
0,0,0.004889539
0,0,0.0055940347
0,0,0.0062793754
0,1,0.7584623
0,1,0.5750729
0,0,0.35157865
0,0,0.26080757
0,0,0.40492335
0,0,0.33816004
0,0,0.20970403
0,0,0.114857756
0,0,0.08555232
0,0,0.10121246
0,0,0.15831687
0,0,0.26209095
0,0,0.30767143
0,0,0.28676012
0,0,0.24415922
0,0,0.20641501
0,0,0.16806673
0,0,0.21103106
0,0,0.16330862
0,0,0.11865206
0,0,0.14627427
0,0,0.1371601
0,0,0.122504644
0,0,0.20096985
0,0,0.2236404
0,0,0.18094257
0,0,0.14815678
0,0,0.14768985
0,0,0.19572434
0,0,0.2579822
0,0,0.19581765
0,0,0.12147847
0,0,0.113713354
0,0,0.11147731
0,0,0.124851204
0,0,0.15434088
0,0,0.14447911
0,0,0.13892339
0,0,0.13297236
0,0,0.11625379
0,0,0.13761306
0,0,0.13166428
0,0,0.12970889
0,0,0.15428267
0,0,0.14725357
0,0,0.15466212
0,1,0.897417
0,1,0.95413655
0,1,0.97002965
0,1,0.98055
0,1,0.98651695
0,1,0.9847483
0,1,0.987938
0,1,0.99033034
0,1,0.9845979
0,1,0.98548454
0,1,0.991569
0,1,0.9871366
0,1,0.9861559
0,1,0.98747385
0,1,0.98711824
0,1,0.9819567
0,1,0.98385274
0,1,0.9862933
0,1,0.9850118
0,1,0.9866463
0,1,0.987926
0,1,0.9876901
0,1,0.9899664
0,1,0.99185854
0,1,0.9944963
0,1,0.99613935
0,1,0.99579763
0,1,0.9940089
0,1,0.9934143
0,1,0.9954335
0,1,0.9955974
0,1,0.9957058
0,1,0.996415
0,1,0.99629647
0,1,0.99641776
0,1,0.99633247
0,1,0.9958897
0,1,0.9965328
0,1,0.99692935
0,1,0.9956923
0,1,0.9937028
0,1,0.9939328
0,1,0.99366415
0,1,0.99232435
0,1,0.99190134
0,1,0.99040353
0,1,0.9888483
0,1,0.98392963
0,1,0.9815564
0,1,0.98521394
0,1,0.98752195
0,1,0.9875042
0,1,0.9870078
0,1,0.98957473
0,1,0.9927158
0,1,0.9942345
0,1,0.99416476
0,1,0.99374974
0,1,0.99236673
0,1,0.9881045
0,1,0.9876429
0,1,0.98911244
0,1,0.98696417
0,1,0.988597
0,1,0.9918755
0,1,0.99515355
0,1,0.9956541
0,1,0.9952755
0,1,0.99584216
0,1,0.9959752
0,1,0.9955324
0,1,0.9962561
0,1,0.9966022
0,1,0.9960031
0,1,0.9957903
0,1,0.99594444
0,1,0.9954918
0,1,0.9411221
0,1,0.8886598
0,1,0.8371586
0,1,0.7049881
0,1,0.5345478
0,1,0.5438345
0,0,0.43865174
0,0,0.31566608
0,0,0.36790723
0,1,0.54534423
0,1,0.65391433
0,1,0.59547865
0,0,0.4627953
0,0,0.43705788
0,0,0.41862467
0,0,0.31369728
0,0,0.25986218
0,0,0.43422633
0,1,0.6092498
0,1,0.7101424
0,1,0.7211601
0,1,0.66216314
0,1,0.63159394
0,1,0.5872018
0,1,0.64256525
0,1,0.6096346
0,0,0.4946032
0,0,0.40639478
0,0,0.46018857
0,1,0.5433828
0,1,0.51649475
0,0,0.48200524
0,0,0.49017438
0,0,0.47326997
0,0,0.280422
0,0,0.207891
0,0,0.24688816
0,0,0.17849384
0,0,0.15039256
0,0,0.18442063
0,0,0.25476822
0,0,0.2629402
0,0,0.21611018
0,0,0.18750207
0,0,0.11170553
0,0,0.09962626
0,0,0.12367831
0,0,0.14365396
0,0,0.16758499
0,0,0.17789567
0,0,0.20422949
0,0,0.22150356
0,0,0.22254844
0,0,0.18898338
0,0,0.16643533
0,0,0.17312257
0,0,0.0890033
0,0,0.023482675
0,0,0.0057318388
0,0,0.010093455
0,0,0.010289616
0,0,0.0141460365
0,0,0.013887247
0,0,0.008824505
0,0,0.007922142
0,0,0.009203895
1,0,0.014614688
1,0,0.021842653
1,0,0.022423333
1,0,0.018156666
1,0,0.015147706
1,0,0.013203007
1,0,0.008661701
1,0,0.005907789
1,0,0.005630679
1,0,0.007612001
1,0,0.014706777
1,0,0.008626605
1,0,0.00452378
1,0,0.004193298
1,0,0.0039757146
1,0,0.0038204656
1,0,0.0035539933
1,0,0.0034065975
1,0,0.0033146336
1,0,0.003060453
1,0,0.0028995033
1,0,0.0031261502
1,0,0.0034875318
1,0,0.0042114663
1,0,0.004651117
1,0,0.004795941
1,0,0.0048178234
1,0,0.004160914
1,0,0.004018871
1,0,0.004109397
1,0,0.003971257
1,0,0.003976417
1,0,0.003854635
1,0,0.0034653381
1,0,0.0032504343
1,0,0.04198217
1,0,0.18630743
1,0,0.32101226
1,0,0.3999467
1,0,0.46119937
1,0,0.43420413
1,0,0.3813917
1,0,0.39751178
1,0,0.36513585
1,0,0.38894337
1,0,0.3869284
1,0,0.4551725
1,1,0.5892311
1,1,0.6863973
1,1,0.62954336
1,1,0.5788594
1,1,0.6924675
1,1,0.7253181
1,1,0.6252452
1,1,0.5691306
1,1,0.5157139
1,0,0.45549703
1,0,0.44802162
1,0,0.48943666
1,1,0.6148903
1,1,0.7338924
1,1,0.83017635
1,1,0.8193546
1,1,0.87331825
1,1,0.88830304
1,1,0.85709876
1,1,0.761612
1,1,0.7604178
1,1,0.7276789
1,1,0.6853618
1,1,0.7088195
1,1,0.70716214
1,1,0.7145181
1,1,0.78682566
1,1,0.7494551
1,1,0.61501247
1,1,0.57119364
1,1,0.5421053
1,1,0.52879095
1,1,0.5618868
1,1,0.6167409
1,1,0.58769333
1,1,0.5508675
1,1,0.61997813
1,1,0.6644916
1,1,0.6475844
1,1,0.61297107
1,1,0.52515304
1,0,0.41326156
1,0,0.35110578
1,0,0.115211725
1,0,0.090334766
1,0,0.08468841
1,0,0.10808861
1,0,0.12679398
1,0,0.13294385
1,0,0.14650159
1,0,0.15404063
1,0,0.17422333
1,0,0.18234976
1,0,0.18364418
1,0,0.17576817
1,0,0.15911636
1,0,0.14348957
1,0,0.13464282
1,0,0.13450074
1,0,0.12150581
1,0,0.10543511
1,0,0.08762707
1,0,0.087574385
1,0,0.10085205
1,0,0.1038836
1,0,0.08611505
1,0,0.066431865
1,0,0.056358404
1,0,0.048923243
1,0,0.044347957
1,0,0.04388082
1,0,0.041680053
1,0,0.283046
1,0,0.4411889
1,0,0.42088115
1,0,0.40203908
1,0,0.46650395
1,0,0.48895487
1,1,0.53690726
1,1,0.52817273
1,0,0.4623502
1,0,0.46826476
1,1,0.60155976
1,1,0.77130073
1,1,0.8744879
1,1,0.88115984
1,1,0.7872643
1,1,0.6768849
1,1,0.50548774
1,0,0.3562901
1,0,0.47293204
1,1,0.5887022
1,1,0.7538276
1,1,0.7999267
1,0,0.42594695
1,0,0.10097433
1,0,0.053454652
1,0,0.03691706
1,0,0.031101746
1,0,0.036155943
1,0,0.036867183
1,0,0.039175335
1,0,0.036723033
1,0,0.035586216
1,0,0.036322482
1,0,0.036858488
1,0,0.030752825
1,0,0.032440297
1,0,0.034052573
1,0,0.037537705
1,0,0.043365106
1,0,0.04123161
1,0,0.03198447
1,0,0.021581577
1,0,0.017898818
1,0,0.01943261
1,0,0.016134901
1,0,0.015051315
1,0,0.015726337
1,0,0.017984679
1,0,0.021844853
1,0,0.028500486
1,0,0.030766787
1,0,0.037451014
1,0,0.043555304
1,0,0.04458415
1,0,0.046922263
1,0,0.040211044
1,0,0.032704942
1,0,0.024903776
1,0,0.02077305
1,0,0.017298216
1,0,0.017656848
1,0,0.020470848
1,0,0.021417338
1,0,0.022381166
1,0,0.021988878
1,0,0.02132252
1,0,0.020653492
1,0,0.021277815
1,0,0.022559626
1,0,0.023075528
1,0,0.022229252
1,0,0.021837177
1,0,0.022169048
1,0,0.022995805
1,0,0.023335095
1,0,0.021096854
1,0,0.021817097
0,1,0.68665475
0,0,0.23169585
0,0,0.17882474
0,0,0.11728337
0,0,0.07870664
0,0,0.087085016
0,0,0.11464222
0,0,0.11755682
0,0,0.07807301
0,0,0.076471224
0,0,0.09741443
0,0,0.17824495
0,0,0.14994895
0,0,0.10201785
0,0,0.060281277
0,0,0.03722447
0,0,0.031078273
0,0,0.023869801
0,0,0.017386192
0,0,0.015651088
0,0,0.017398767
0,0,0.018075608
0,0,0.019681439
0,0,0.02317944
0,0,0.023895452
0,0,0.02273966
0,0,0.024364883
0,0,0.029093634
0,0,0.032735717
0,0,0.03213203
0,0,0.0315492
0,0,0.03385124
0,0,0.035160147
0,0,0.03854175
0,0,0.037636776
0,0,0.035851303
0,0,0.031705245
0,0,0.028925592
0,0,0.028117433
0,0,0.029438984
0,0,0.033836577
0,0,0.040676445
0,0,0.04557962
0,0,0.044538826
0,0,0.039036144
0,0,0.03259981
1,1,0.57885617
1,1,0.813161
1,1,0.86348695
1,1,0.90977275
1,1,0.94184464
1,1,0.9258481
1,1,0.8823974
1,1,0.82499963
1,1,0.8666057
1,1,0.7813166
1,1,0.7601792
1,1,0.96159005
1,1,0.9800117
1,1,0.98083717
1,1,0.9870723
1,1,0.9777099
1,1,0.9734484
1,1,0.9800504
1,1,0.97913915
1,1,0.9654403
1,1,0.9703845
1,1,0.9812407
0,1,0.992078
0,1,0.9925795
0,1,0.99079084
0,1,0.954948
0,1,0.8756047
0,1,0.88162416
0,1,0.8580914
0,1,0.8540554
0,1,0.90526664
0,1,0.9382497
0,1,0.9405897
1,1,0.95901275
1,1,0.9574964
1,1,0.92788166
1,1,0.86286813
1,1,0.8798061
1,1,0.94849634
1,1,0.9716167
1,1,0.9740728
1,1,0.9575673
1,1,0.915994
1,1,0.89925617
1,1,0.93377846
1,1,0.9211343
1,1,0.8800832
1,1,0.8276333
1,1,0.7994792
1,1,0.7527677
1,1,0.8403316
1,1,0.8452591
1,1,0.86587167
1,1,0.9069298
1,1,0.8667966
0,0,0.41379616
0,0,0.13484377
0,0,0.082693055
0,0,0.062348068
0,0,0.09980422
0,0,0.08689435
0,0,0.08042469
0,0,0.08832511
0,0,0.09171904
0,0,0.09297242
0,0,0.0937973
0,0,0.08847628
0,0,0.08607929
0,0,0.08807255
0,0,0.085366875
0,0,0.075615734
0,0,0.0791144
0,0,0.08616186
0,0,0.07460712
0,0,0.06593233
0,0,0.07505581
0,0,0.075116195
0,0,0.065532416
0,0,0.06506035
0,0,0.059003368
0,0,0.052080605
0,0,0.057077475
0,0,0.06086161
0,0,0.058050767
1,1,0.6224144
1,1,0.78267455
1,1,0.83690727
1,1,0.8525758
1,1,0.86448747
1,1,0.9153744
1,1,0.91481364
1,1,0.95249
1,1,0.9733906
1,1,0.9527865
1,1,0.8692105
1,1,0.8770852
1,1,0.84216464
1,1,0.89578056
1,1,0.89124507
1,1,0.9349706
1,1,0.96650934
1,1,0.95342124
1,1,0.97129345
1,1,0.9858628
1,1,0.99052995
1,1,0.98721087
1,1,0.9055964
1,1,0.702765
1,1,0.517882
1,0,0.053134773
1,0,0.028967274
1,0,0.033768777
1,0,0.03466243
1,0,0.037542176
1,0,0.0363506
1,0,0.04570784
1,0,0.063676275
1,0,0.06607419
1,0,0.05339036
1,0,0.051655304
1,0,0.058136947
1,0,0.054341186
1,0,0.045323137
1,0,0.040931027
1,0,0.038656056
1,0,0.03651631
1,0,0.034861293
1,0,0.031242767
1,0,0.040950447
1,0,0.038113702
1,0,0.035810325
1,0,0.044618018
1,0,0.05608872
1,0,0.046507567
1,0,0.039987493
1,0,0.05259178
1,0,0.061866242
1,0,0.05461082
1,0,0.06351282
1,0,0.07538108
1,0,0.08477313
1,0,0.09083383
1,0,0.06731248
1,0,0.03606726
1,0,0.034270115
1,0,0.029984843
1,0,0.029479014
1,0,0.035162315
1,0,0.039557412
1,0,0.03733998
1,0,0.034545593
1,0,0.0357234
1,0,0.03455832
1,0,0.031367395
1,0,0.031354316
1,0,0.030219909
1,0,0.026548216
1,0,0.026429303
1,0,0.03048711
1,0,0.031375866
1,0,0.030909004
0,0,0.09707863
0,0,0.1031017
0,0,0.14146945
0,0,0.20673844
0,0,0.36813784
0,0,0.34683627
0,0,0.41527933
0,0,0.46303248
0,0,0.45488092
0,0,0.4636764
0,1,0.5095359
0,0,0.4748598
0,0,0.3825004
0,0,0.4226188
0,0,0.38360825
0,0,0.3373887
0,0,0.31757265
0,0,0.3268421
0,0,0.31430644
0,0,0.3136679
0,0,0.32243133
0,0,0.31059247
0,0,0.28043386
0,0,0.27680802
0,0,0.27802843
0,0,0.2906641
0,0,0.28638688
0,0,0.280877
0,0,0.27601668
0,0,0.26308823
0,0,0.24993819
0,0,0.24764629
0,0,0.2511892
0,0,0.26480654
0,0,0.2732618
0,0,0.28699526
0,0,0.30146283
0,0,0.28488317
0,0,0.27191135
0,0,0.2767669
0,0,0.26865157
0,0,0.26491252
0,0,0.27192482
0,0,0.26949835
0,0,0.27055705
0,0,0.27282616
0,0,0.2789544
0,0,0.26345938
0,0,0.27804896
0,0,0.27786514
0,0,0.2764567
0,0,0.28718883
0,0,0.2881401
0,0,0.2890209
0,0,0.32843724
0,0,0.3319506
0,0,0.31654346
1,0,0.36688954
1,0,0.3860441
1,0,0.40453422
1,0,0.37692773
1,0,0.34596288
1,0,0.3095405
1,0,0.31604886
1,0,0.33954605
1,0,0.38422734
1,0,0.4252526
1,1,0.5004413
1,0,0.48161662
1,0,0.39267385
1,0,0.3413111
1,0,0.34512547
1,0,0.28160048
1,0,0.2980825
1,0,0.29280934
1,0,0.28433815
1,0,0.27731153
1,0,0.27931505
1,0,0.27018166
1,0,0.27534676
1,0,0.2988606
1,0,0.31059653
1,0,0.31650507
1,0,0.32007602
1,0,0.30617523
1,0,0.28727195
1,0,0.3123574
1,0,0.3133565
1,0,0.37177974
1,0,0.4377346
1,0,0.45652992
1,0,0.48222008
1,1,0.52699715
1,0,0.48988193
1,0,0.4440213
1,1,0.5435291
1,1,0.5560516
1,0,0.48458916
1,0,0.4506671
1,0,0.3982746
1,0,0.3624478
0,0,0.36437374
0,0,0.34997362
0,0,0.30561802
0,0,0.2844497
0,0,0.26081103
0,0,0.26699832
0,0,0.26737902
0,0,0.2651013
0,0,0.2716188
0,0,0.2676061
0,0,0.29633254
0,0,0.33186585
0,0,0.33482894
0,0,0.352254
0,0,0.39499643
0,0,0.37364665
0,0,0.35722435
0,0,0.34706295
0,0,0.332802
0,0,0.3140997
0,0,0.30434456
0,0,0.3235096
0,0,0.31630012
0,0,0.28548625
0,0,0.27103078
0,0,0.28174126
0,0,0.2808171
0,0,0.2727857
0,0,0.29325506
1,0,0.3098986
1,0,0.33632398
1,0,0.37242693
1,0,0.40706414
1,0,0.4570741
1,0,0.44150022
1,0,0.42204615
1,0,0.4880061
1,0,0.47900972
1,0,0.45593134
1,0,0.48126617
1,0,0.49385676
1,0,0.48909718
1,1,0.55295914
1,0,0.49386403
1,0,0.3865448
1,0,0.42372197
1,0,0.4132423
1,0,0.32125354
1,0,0.29939976
1,0,0.31721783
1,0,0.30769226
0,0,0.34158167
0,0,0.3445157
0,0,0.36343464
0,0,0.38408417
0,0,0.407639
0,0,0.3145482
0,0,0.3275386
0,0,0.35343555
0,0,0.3443247
0,0,0.3371052
0,0,0.38742232
0,0,0.4724975
0,0,0.48493004
0,0,0.37641683
0,0,0.32848564
0,0,0.34376064
0,0,0.29802883
0,0,0.27076688
0,0,0.31078303
0,0,0.3265616
0,0,0.33284563
0,0,0.34099177
0,0,0.34067017
0,0,0.3327245
0,0,0.35704923
0,0,0.40840945
0,0,0.47483343
0,1,0.5730262
0,1,0.6262721
0,1,0.552198
0,0,0.458683
0,0,0.41889492
0,0,0.451498
1,0,0.41974813
1,0,0.39025867
1,0,0.4088275
1,0,0.35668403
1,0,0.29418936
1,0,0.31339422
1,0,0.3004442
1,0,0.27346593
1,0,0.27467248
1,0,0.27483764
1,0,0.2665473
1,0,0.26928195
1,0,0.29238737
1,0,0.29910195
1,0,0.28983763
1,0,0.29874095
1,0,0.29999858
1,0,0.27059606
1,0,0.26562685
1,0,0.27095976
1,0,0.28689042
1,0,0.3007756
0,0,0.11557704
0,0,0.06253869
0,0,0.033819236
0,0,0.015594383
0,0,0.00634734
0,0,0.004837996
0,0,0.0044615846
0,0,0.0040235673
0,0,0.004568865
0,0,0.004291068
0,0,0.0050789816
1,0,0.0072664195
1,0,0.008841231
1,0,0.011901881
1,0,0.016130533
1,0,0.019975571
1,0,0.02181613
1,0,0.02625395
1,0,0.026999995
1,0,0.028223302
1,0,0.026114497
1,0,0.022705693
1,0,0.024812475
1,0,0.02307564
1,0,0.017637068
1,0,0.014763398
1,0,0.011700864
1,0,0.008768484
1,0,0.007945507
1,0,0.009173874
1,0,0.00880516
1,0,0.006931709
1,0,0.00603988
1,0,0.0053056334
1,0,0.00456362
1,0,0.005083552
1,0,0.0071257865
1,0,0.008976971
1,0,0.011849922
1,0,0.018006518
1,0,0.02065258
1,0,0.0133062545
1,0,0.008094393
1,0,0.0068461993
1,0,0.0058367583
1,0,0.005998828
1,0,0.23055899
1,1,0.6502236
1,1,0.8015431
1,1,0.8550168
1,1,0.89489007
1,1,0.8885631
1,1,0.880427
1,1,0.8527707
1,1,0.82915014
1,1,0.8660712
1,1,0.889105
0,1,0.9048833
0,1,0.94867957
0,1,0.97666955
0,1,0.9836428
0,1,0.9772629
0,1,0.9717472
0,1,0.9680085
0,1,0.9480392
0,1,0.8936571
0,1,0.83534425
0,1,0.87845725
0,1,0.6470167
0,0,0.47691348
0,0,0.47873437
0,0,0.46851295
0,0,0.41774377
0,1,0.5188111
0,1,0.53851044
0,1,0.60680497
0,1,0.6825859
0,1,0.712826
0,1,0.8061522
1,1,0.8920571
1,1,0.9405314
1,1,0.9739619
1,1,0.9865079
1,1,0.9889408
1,1,0.9889443
1,1,0.98818773
1,1,0.98434156
1,1,0.9838815
1,1,0.9842464
1,1,0.9831388
1,1,0.97819614
1,1,0.9681644
1,1,0.9047657
1,1,0.69710535
1,1,0.57604545
1,1,0.59006524
1,1,0.56566626
1,1,0.5007167
1,0,0.49375567
1,1,0.5983978
1,1,0.69576377
0,0,0.09713083
0,0,0.038082544
0,0,0.02627213
0,0,0.029308114
0,0,0.019120028
0,0,0.01680913
0,0,0.017143663
0,0,0.021396758
0,0,0.031633735
0,0,0.03568166
0,0,0.037946906
0,0,0.030346861
0,0,0.010543464
0,0,0.004519101
0,0,0.0048133945
0,0,0.010781759
0,0,0.0072695296
0,0,0.00862691
0,0,0.008871888
0,0,0.0037044922
0,0,0.0021132655
0,0,0.002200828
0,0,0.0023869162
0,0,0.0028764654
0,0,0.0038455203
0,0,0.0039090193
0,0,0.0026584463
0,0,0.0022599946
0,0,0.0023710974
1,0,0.0587109
1,0,0.33066636
1,1,0.63958913
1,1,0.8048248
1,1,0.873371
1,1,0.85232586
1,1,0.86023885
1,1,0.8606675
1,1,0.8791834
1,1,0.9358997
1,1,0.9722439
1,1,0.9780661
1,1,0.97910494
1,1,0.97747666
1,1,0.9733662
1,1,0.9492898
1,1,0.8969346
1,1,0.85668945
1,1,0.83179605
1,1,0.7971808
1,1,0.79099697
1,1,0.7953389
0,0,0.14656483
0,0,0.03438989
0,0,0.01860563
0,0,0.012289796
0,0,0.0073377127
0,0,0.0076995227
0,0,0.0088327
0,0,0.009749041
0,0,0.009642035
0,0,0.009789135
0,0,0.011362674
0,0,0.011297721
0,0,0.009397725
0,0,0.010105043
0,0,0.011554289
0,0,0.011462079
0,0,0.011911346
0,0,0.011553846
0,0,0.008717654
0,0,0.0062800385
0,0,0.0053727794
0,0,0.00536312
0,0,0.006426574
0,0,0.009663251
0,0,0.011291929
0,0,0.011133378
0,0,0.011663945
0,0,0.012151565
0,0,0.012665994
0,0,0.015802417
0,0,0.01910066
0,0,0.01755947
0,0,0.01762462
0,0,0.02177272
0,0,0.018783128
0,0,0.014208781
0,0,0.010961113
0,0,0.011982972
0,0,0.029750934
0,0,0.05737932
0,0,0.13913636
0,0,0.3269017
0,0,0.44526038
0,0,0.24010067
0,0,0.058420554
0,0,0.008960479
0,0,0.011917662
0,0,0.016084496
0,0,0.011206935
0,0,0.012873398
0,0,0.014523768
0,0,0.013686575
0,0,0.021746006
0,0,0.030978663
0,0,0.035379782
0,0,0.26228625
0,0,0.19662096
0,0,0.09057628
0,0,0.01617575
0,0,0.006482666
0,0,0.005785675
0,0,0.005245797
0,0,0.004885399
0,0,0.004956699
0,0,0.0052679637
0,0,0.0054195873
0,0,0.008913692
0,0,0.0073953546
0,0,0.01309062
0,0,0.025440246
0,0,0.036636267
0,0,0.025122156
0,0,0.017006181
0,0,0.018750392
0,0,0.021742532
0,0,0.02291916
0,0,0.029978579
0,0,0.032707706
0,0,0.028993076
0,0,0.029074328
0,0,0.027824534
0,0,0.01908199
0,0,0.027018903
0,0,0.02480243
0,0,0.0359373
0,0,0.06501211
0,0,0.05433684
0,0,0.023915943
0,0,0.016032299
0,0,0.0142278755
0,0,0.013194159
0,0,0.012286739
0,0,0.012999782
0,0,0.01337318
0,0,0.0140965255
0,0,0.019021828
0,0,0.022548493
0,0,0.01968716
0,0,0.017417168
0,0,0.019911211
0,0,0.02074306
1,1,0.7036092
1,1,0.584867
1,1,0.74248135
1,1,0.9224824
1,1,0.9645822
1,1,0.87678
1,0,0.44646478
1,1,0.5389915
1,1,0.7315597
1,1,0.8990835
1,1,0.9199648
1,1,0.9867344
1,1,0.9910001
1,1,0.9894823
1,1,0.989293
1,1,0.9147219
1,1,0.7211482
1,1,0.5515259
1,0,0.39965776
1,0,0.37572727
1,0,0.43211046
1,0,0.46133423
1,1,0.6005302
1,1,0.68128437
1,1,0.7617395
1,1,0.75522494
1,1,0.78414196
1,1,0.8882129
1,1,0.96760285
1,1,0.93289214
1,1,0.97387433
1,1,0.9837679
1,1,0.97755367
1,1,0.97669286
1,1,0.986379
1,1,0.91411805
1,1,0.85703105
1,1,0.78842777
1,1,0.6298119
1,1,0.5447283
1,1,0.6203564
1,1,0.68354106
1,1,0.6757358
1,1,0.6319893
1,1,0.69008195
1,1,0.7334949
1,1,0.7436978
1,1,0.72916824
1,1,0.66171753
1,1,0.597886
1,1,0.67900777
1,1,0.66987705
1,1,0.5002552
1,0,0.38475716
1,0,0.33376163
0,0,0.0261497
0,0,0.0058583273
0,0,0.004838627
0,0,0.0056319986
0,0,0.005779312
0,0,0.006014293
0,0,0.0065799146
0,0,0.007572155
0,0,0.008464352
0,0,0.009454724
0,0,0.010174608
0,0,0.010032723
0,0,0.009124145
0,0,0.0076168585
0,0,0.007913414
0,0,0.008862467
0,0,0.00844098
0,0,0.0076508317
0,0,0.006936188
0,0,0.0058891806
0,0,0.0060670753
0,0,0.008440776
0,0,0.008874534
0,0,0.008662021
0,0,0.010487542
0,0,0.011535368
0,0,0.010129566
0,0,0.010361563
0,0,0.011711677
0,0,0.26881683
0,0,0.3164411
0,0,0.32236546
0,1,0.5542833
0,1,0.70851475
0,1,0.7111952
0,1,0.7213578
0,1,0.76481324
0,1,0.66641766
0,1,0.61860806
0,1,0.51133585
1,0,0.42582428
1,0,0.3057369
1,0,0.34603587
1,0,0.48040935
1,1,0.61325985
1,0,0.39150634
1,0,0.33131474
1,0,0.35409123
1,0,0.3571077
1,0,0.41926637
1,1,0.52326226
0,0,0.06844478
0,0,0.04965329
0,0,0.07032053
0,0,0.011944548
0,0,0.004670974
0,0,0.0047193905
0,0,0.0050422386
0,0,0.004749726
0,0,0.004119817
0,0,0.004244339
0,0,0.004741049
0,0,0.0050522294
0,0,0.0049156514
0,0,0.004831693
0,0,0.0050429585
0,0,0.0052097808
0,0,0.004977216
0,0,0.0051213335
0,0,0.005423737
0,0,0.005470582
0,0,0.0049547264
0,0,0.004815744
0,0,0.005045182
0,0,0.0067238933
0,0,0.005373358
0,0,0.0065853964
0,0,0.0073517323
0,0,0.01681237
0,0,0.00898156
0,0,0.0074706716
0,0,0.008838395
0,0,0.32458928
0,0,0.14488497
0,0,0.015715366
0,0,0.008853011
0,0,0.0069049234
0,0,0.016586738
0,0,0.0067774984
0,0,0.006971975
0,0,0.006758685
0,0,0.0077531524
0,0,0.00802924
0,0,0.007313516
0,0,0.006187751
0,0,0.0054287887
0,0,0.0047737453
0,0,0.0050400384
0,0,0.005184787
0,0,0.0044995206
0,0,0.004082624
0,0,0.004951417
0,0,0.005291577
0,0,0.0050028493
0,0,0.0049204696
0,0,0.0053477255
0,0,0.3080412
0,0,0.13674557
0,0,0.06327123
0,0,0.04098857
0,0,0.038961355
0,0,0.034971073
0,0,0.027166108
0,0,0.022229984
0,0,0.021594873
0,0,0.020211285
0,0,0.021834556
0,0,0.027314853
0,0,0.028926775
0,0,0.027608667
0,0,0.0233952
0,0,0.01825075
0,0,0.014703737
0,0,0.014634348
0,0,0.015300981
0,0,0.014590517
0,0,0.012940709
0,0,0.011124232
0,0,0.011131777
0,0,0.01254274
0,0,0.012618698
0,0,0.0116134975
0,0,0.0114976475
0,0,0.010814428
0,0,0.010354447
0,0,0.010623108
0,0,0.0118075395
0,0,0.011552496
0,0,0.012328754
0,0,0.0139214285
0,0,0.014663918
0,0,0.013199175
0,0,0.011347679
0,0,0.010915818
0,0,0.01094112
0,0,0.0125029925
0,0,0.012089679
0,0,0.01218194
0,0,0.01325852
0,0,0.015627598
0,0,0.019671623
0,0,0.029281463
0,1,0.78148836
0,1,0.94308954
0,1,0.96623856
0,1,0.9765521
0,1,0.98262364
0,1,0.96654874
0,1,0.95840275
0,1,0.9507751
0,1,0.9308805
0,1,0.924337
0,1,0.93806535
0,1,0.9759605
0,1,0.98810846
0,1,0.9913203
0,1,0.99006456
0,1,0.9857303
0,1,0.96630657
0,1,0.931533
0,1,0.9015656
0,1,0.886891
0,1,0.90748954
0,1,0.9374241
0,1,0.92948073
0,1,0.9386196
0,1,0.9249363
0,1,0.87165326
0,1,0.8442669
0,1,0.85500616
0,1,0.86180675
0,1,0.86224264
0,1,0.86104566
0,1,0.83602786
0,1,0.80454427
0,1,0.8513965
0,1,0.89296347
0,1,0.9378831
0,1,0.9652071
0,1,0.9615363
0,1,0.946097
0,1,0.9415664
0,1,0.94862723
0,1,0.9353571
0,1,0.92552084
0,1,0.9092075
0,1,0.9219685
0,1,0.9186133
0,1,0.9218205
0,1,0.920638
0,1,0.89586085
0,1,0.88463885
0,1,0.87337255
0,1,0.8604949
0,1,0.7837646
0,1,0.7959323
0,1,0.8549796
0,0,0.4128664
0,0,0.26365477
0,0,0.2117134
0,0,0.16513208
0,0,0.10368705
0,0,0.12474607
0,0,0.08140863
0,0,0.07153389
0,0,0.06679623
0,0,0.06692116
0,0,0.07004798
0,0,0.07765518
0,0,0.0943891
0,0,0.101219945
0,0,0.09603985
0,0,0.07909144
0,0,0.066910736
0,0,0.08575329
0,0,0.095554285
0,0,0.076388344
0,0,0.07059826
0,0,0.07958301
0,0,0.070028216
0,0,0.06297925
0,0,0.058558226
0,0,0.06375183
0,0,0.076371655
0,0,0.10264721
0,0,0.10166001
0,1,0.7498707
0,1,0.869604
0,1,0.88311964
0,1,0.8708704
0,1,0.9211723
0,1,0.8869785
0,1,0.8581349
0,1,0.85005295
0,1,0.77381295
0,1,0.67180026
0,1,0.7688372
0,1,0.9002078
0,1,0.95660216
0,1,0.9765381
0,1,0.9847119
0,1,0.9841659
0,1,0.97895914
0,1,0.96978533
0,1,0.9614781
0,1,0.9609262
0,1,0.95163304
0,1,0.93397856
0,0,0.4729591
0,0,0.14195867
0,0,0.08341724
0,0,0.087865174
0,0,0.03815192
0,0,0.039356127
0,0,0.038639013
0,0,0.03812447
0,0,0.038074244
0,0,0.036106333
0,0,0.032275416
0,0,0.03230096
0,0,0.03658999
0,0,0.036593173
0,0,0.036663506
0,0,0.03760515
0,0,0.03353415
0,0,0.029309025
0,0,0.032938495
0,0,0.046480894
0,0,0.044257104
0,0,0.045002908
0,0,0.05729762
0,0,0.044107407
0,0,0.045419928
0,0,0.05900071
0,0,0.07849232
0,0,0.04961503
0,0,0.04929925
0,0,0.056972593
0,0,0.0766829
0,0,0.12464655
0,0,0.14009698
0,0,0.15497388
0,0,0.129592
0,0,0.11664707
0,0,0.09853693
0,0,0.09111201
0,0,0.09115871
0,0,0.0918161
0,0,0.08117898
0,0,0.06397689
0,0,0.06286668
0,0,0.06874982
0,0,0.07819178
0,0,0.08318254
0,0,0.069668874
0,0,0.066609696
0,0,0.061626706
0,0,0.056721706
0,0,0.04775378
0,0,0.049425986
0,0,0.053525314
0,0,0.062496997
0,0,0.06699923
0,0,0.008739537
0,0,0.008104062
0,0,0.009768643
0,0,0.014559279
0,0,0.019399354
0,0,0.022871666
0,0,0.024730297
0,0,0.027787397
0,0,0.030480573
0,0,0.033169277
0,0,0.040852237
0,0,0.07006651
0,0,0.09002384
0,0,0.029587733
0,0,0.008640591
0,0,0.0053317477
0,0,0.0046865046
0,0,0.0041637924
0,0,0.0039690654
0,0,0.0044555357
0,0,0.005035996
0,0,0.0064315326
0,0,0.0056985915
0,0,0.0067705363
0,0,0.0062296465
0,0,0.005857261
0,0,0.0066491924
0,0,0.0052992296
0,0,0.006047743
0,0,0.005192781
0,0,0.0060235537
0,0,0.0077561974
0,0,0.007850071
0,0,0.008437078
0,0,0.0075862464
0,0,0.0079165
0,0,0.00921008
0,0,0.009472886
0,0,0.00954959
0,0,0.00964551
0,0,0.00955837
0,0,0.0095017385
0,0,0.009730424
0,0,0.0093446495
0,0,0.008362016
0,0,0.00842034
1,0,0.15799141
1,0,0.43178144
1,1,0.5666016
1,1,0.683203
1,1,0.6843287
1,1,0.5008941
1,0,0.3452344
1,0,0.30567053
1,0,0.41077137
1,0,0.43579245
1,0,0.43672276
1,1,0.5087759
1,1,0.5535786
1,1,0.67883915
1,1,0.7391572
1,1,0.764912
1,1,0.781964
1,1,0.6957136
1,1,0.659956
1,1,0.63191414
1,1,0.6104955
1,1,0.64692444
1,1,0.6294135
1,1,0.64281124
1,1,0.6733714
1,1,0.6251849
1,1,0.5707394
1,1,0.60200435
1,1,0.6478205
1,1,0.65502805
1,1,0.6327516
1,1,0.6511471
1,1,0.70942926
0,1,0.72848094
0,1,0.7292902
0,1,0.6531872
0,1,0.5150492
0,1,0.5012341
0,0,0.4707737
0,0,0.45405987
0,0,0.45265037
0,0,0.40712786
0,0,0.39359918
0,0,0.3816235
0,0,0.40159383
0,0,0.41406807
0,0,0.41757688
0,0,0.49765307
0,1,0.5525363
0,0,0.4953637
0,0,0.48921177
0,0,0.44013974
0,0,0.42608446
0,0,0.4033215
0,0,0.37005603
0,0,0.24451625
0,0,0.13475011
0,0,0.05577084
0,0,0.032193
0,0,0.028401654
0,0,0.024745079
0,0,0.025428964
0,0,0.024997242
0,0,0.025465604
0,0,0.024675911
0,0,0.023256062
0,0,0.022547413
0,0,0.02428145
0,0,0.028312514
0,0,0.033247937
0,0,0.034422785
0,0,0.037656695
0,0,0.04306959
0,0,0.044311263
0,0,0.043245334
0,0,0.039315745
0,0,0.036975823
0,0,0.03443994
0,0,0.027683841
0,0,0.022325316
0,0,0.02254477
0,0,0.027320217
0,0,0.04404918
0,0,0.0683749
1,0,0.29802895
1,0,0.30820057
1,0,0.3355977
1,0,0.35162118
1,0,0.464105
1,0,0.47054583
1,0,0.464484
1,1,0.51114583
1,1,0.57383996
1,1,0.56684893
1,1,0.50329536
1,0,0.44386855
1,0,0.37724894
1,0,0.4514471
1,1,0.5206202
1,1,0.5016788
1,1,0.53992283
1,1,0.54332983
1,1,0.5669753
1,1,0.6509912
1,1,0.6521547
1,1,0.592655
0,0,0.29171836
0,0,0.12010166
0,0,0.06146456
0,0,0.048523996
0,0,0.04093052
0,0,0.03894171
0,0,0.034930523
0,0,0.032647856
0,0,0.03357159
0,0,0.034000974
0,0,0.03887204
0,0,0.044723023
0,0,0.041536607
0,0,0.04019239
0,0,0.042746913
0,0,0.032352243
0,0,0.02218846
0,0,0.02040282
0,0,0.022157239
0,0,0.025905756
0,0,0.029400766
0,0,0.030417126
0,0,0.032294963
0,0,0.03719683
0,0,0.049765065
0,0,0.05462552
0,0,0.061991237
0,0,0.0747177
0,0,0.073996566
0,0,0.056742474
0,0,0.044594917
0,0,0.04119999
0,0,0.030364312
0,0,0.02691725
0,0,0.03140679
0,0,0.037431944
0,0,0.043946654
0,0,0.046680123
0,0,0.041848633
0,0,0.04065855
0,0,0.04522609
0,0,0.044745862
0,0,0.050695006
0,0,0.073207736
0,0,0.060774412
0,0,0.03377494
0,0,0.028398724
0,0,0.037265237
0,0,0.042589188
0,0,0.032556012
0,0,0.023504252
0,0,0.027321348
0,0,0.04600328
0,0,0.043843046
0,0,0.04096535
0,0,0.093329355
0,0,0.025765905
0,0,0.0071143117
0,0,0.0039460924
0,0,0.07652315
0,0,0.095325485
0,0,0.14026539
0,0,0.14164789
0,0,0.12963267
0,0,0.11353999
0,0,0.09555973
0,0,0.117400825
0,0,0.13010988
0,0,0.10610195
0,0,0.07085649
0,0,0.056938414
0,0,0.047428608
0,0,0.046862993
0,0,0.045790624
0,0,0.034369368
0,0,0.032288205
0,0,0.046028983
0,0,0.07224453
0,0,0.09060875
0,0,0.064606264
0,0,0.03789686
0,0,0.026955852
0,0,0.031139104
0,0,0.038380872
0,0,0.03215195
0,0,0.03402414
0,0,0.04357891
0,0,0.04816822
0,0,0.045596797
0,0,0.039314754
0,0,0.035789702
0,0,0.041150846
0,0,0.047465418
0,0,0.053933207
0,0,0.07420874
0,0,0.09911968
0,0,0.10228339
0,0,0.085664146
0,0,0.07119084
0,0,0.077885084
0,0,0.08320249
1,1,0.8549987
1,1,0.94345844
1,1,0.9204468
1,1,0.8734255
1,1,0.81052345
1,1,0.7393732
1,1,0.6846898
1,1,0.6660406
1,1,0.7439705
1,1,0.7979984
1,1,0.77549666
1,1,0.76772296
1,1,0.7718433
1,1,0.72156334
1,1,0.7724207
1,1,0.7809847
1,1,0.7079813
1,1,0.6587614
1,1,0.6246095
1,1,0.6960466
1,1,0.8041616
1,1,0.8294374
1,1,0.8670795
1,1,0.8959499
1,1,0.85854447
1,1,0.7423316
1,1,0.63004565
1,1,0.5656732
1,1,0.51461965
1,1,0.6609736
1,1,0.7982236
1,1,0.8731022
1,1,0.8993729
0,1,0.7976096
0,1,0.80715424
0,1,0.8040948
0,1,0.86294544
0,1,0.7851489
0,1,0.58923376
0,1,0.5258615
0,1,0.5385668
0,1,0.5609413
0,1,0.5289424
0,1,0.51863414
0,1,0.6850532
0,1,0.7284213
0,1,0.7149555
0,1,0.70494413
0,1,0.7228392
0,1,0.7334144
0,1,0.63471556
0,0,0.46413884
0,0,0.2801462
0,0,0.19664355
0,0,0.18123211
0,0,0.014217768
0,0,0.0050495933
0,0,0.0037663279
0,0,0.006593893
0,0,0.023789981
0,0,0.045735616
0,0,0.11492137
0,0,0.20276944
0,0,0.15541664
0,0,0.08787965
0,0,0.03576123
0,0,0.009994803
0,0,0.01315369
0,0,0.040198114
0,0,0.14299516
0,0,0.12514639
0,0,0.05006443
0,0,0.053719305
0,0,0.075887635
0,0,0.025908645
0,0,0.027062159
0,0,0.11993363
0,0,0.31308895
0,0,0.19894964
0,0,0.08327932
0,0,0.07668296
0,0,0.044902198
0,0,0.028747858
0,0,0.04612048
1,1,0.7451054
1,1,0.88778156
1,1,0.87857246
1,1,0.8065736
1,1,0.7775863
1,1,0.8449699
1,1,0.8265056
1,1,0.74001473
1,1,0.71111655
1,1,0.67138255
1,1,0.6713056
1,1,0.62692827
1,0,0.49843547
1,1,0.6540956
1,1,0.7666527
1,1,0.8061176
1,1,0.91912496
1,1,0.93887913
1,1,0.903363
1,1,0.8775102
1,1,0.811691
1,1,0.81481487
0,0,0.22262587
0,0,0.060893465
0,0,0.037028555
0,0,0.031605396
0,0,0.02792917
0,0,0.032478347
0,0,0.08783157
0,0,0.19285336
0,0,0.13685028
0,0,0.10154559
0,0,0.13031305
0,0,0.2445926
0,0,0.24756004
0,0,0.18704976
0,0,0.22358866
0,0,0.3343508
0,0,0.35737604
0,0,0.28040865
0,0,0.26544756
0,0,0.2988996
0,0,0.2627281
0,0,0.15933307
0,0,0.08839055
0,0,0.07092998
0,0,0.13283096
0,0,0.2959532
0,0,0.41717377
0,0,0.42455214
0,0,0.42575347
0,0,0.3736144
0,0,0.3550075
0,0,0.33232692
0,0,0.3312485
0,0,0.30892783
0,0,0.24591929
0,0,0.20691895
0,0,0.19494759
0,0,0.15399717
0,0,0.09706858
0,0,0.0762348
0,0,0.09342546
0,0,0.07113858
0,0,0.04939004
0,0,0.06280619
0,0,0.080844186
0,0,0.08417506
0,0,0.106598265
0,0,0.111135006
0,0,0.09104593
0,0,0.08921199
0,0,0.102051824
0,0,0.10866924
0,0,0.11132058
0,0,0.09421277
0,0,0.06933097
0,0,0.20390475
0,0,0.1525067
0,0,0.14161526
0,0,0.08842591
0,0,0.052710555
0,0,0.046488136
0,0,0.03948297
0,0,0.042082585
0,0,0.04423258
0,0,0.04587193
0,0,0.055893574
0,0,0.08792626
0,0,0.1257756
0,0,0.22072877
0,0,0.30576265
0,0,0.4005506
0,0,0.48559067
0,1,0.5262555
0,0,0.49908012
0,0,0.41261977
0,0,0.3934833
0,0,0.44231826
0,1,0.53626966
0,1,0.55986595
0,1,0.50084245
0,0,0.44083086
0,0,0.40075955
0,0,0.3877435
0,0,0.41623208
0,0,0.30313095
0,0,0.24491903
0,0,0.22926334
0,0,0.21972868
0,0,0.2864724
0,0,0.47417423
0,1,0.58423716
0,1,0.5878973
0,1,0.57268155
0,1,0.5585761
0,1,0.5205913
0,0,0.46330163
0,0,0.47439012
0,1,0.5581254
0,1,0.50777906
0,0,0.30779362
0,0,0.24247167
1,1,0.9075868
1,1,0.97084934
1,1,0.9492395
1,1,0.8702188
1,0,0.48933122
1,0,0.40453008
1,1,0.5227358
1,1,0.5730952
1,1,0.6527388
1,1,0.57069725
1,0,0.4135055
1,1,0.5708033
1,1,0.77620435
1,1,0.84298605
1,1,0.8426402
1,1,0.7968773
1,1,0.7745788
1,1,0.8721022
1,1,0.87522566
1,1,0.8604215
1,1,0.8829606
1,1,0.8749757
1,1,0.876648
1,1,0.8562098
1,1,0.7158142
1,1,0.5214552
1,0,0.4935225
1,1,0.5518744
1,1,0.6537246
1,1,0.7523552
1,1,0.7821069
1,1,0.77337724
1,1,0.71587497
1,1,0.5932763
1,1,0.5371468
1,0,0.4132285
1,0,0.41531226
1,1,0.51013535
1,1,0.60041213
1,1,0.6927335
1,1,0.6565056
1,1,0.6717701
1,1,0.6831893
1,1,0.64663184
0,1,0.88381135
0,1,0.9003099
0,1,0.8217879
0,1,0.6592518
0,1,0.6862365
0,1,0.8183682
0,1,0.8518267
0,1,0.7089539
0,1,0.5597471
0,0,0.3671783
0,0,0.3387314
0,0,0.11518249
0,0,0.055466764
0,0,0.059016224
0,0,0.08351301
0,0,0.16416948
0,0,0.1556557
0,0,0.11497961
0,0,0.08660533
0,0,0.08821413
0,0,0.08281049
0,0,0.07038791
0,0,0.062310837
0,0,0.055382356
0,0,0.050381806
0,0,0.04881115
0,0,0.049114294
0,0,0.05425488
0,0,0.057294846
0,0,0.05848265
0,0,0.05815606
0,0,0.06300378
0,0,0.0692278
0,0,0.072390504
0,0,0.1015624
0,0,0.14222026
0,0,0.14415263
0,0,0.093730085
0,0,0.05185318
0,0,0.042007137
1,0,0.43794322
1,1,0.7065624
1,1,0.6815203
1,1,0.63600534
1,1,0.7319289
1,1,0.7970351
1,1,0.78984743
1,1,0.73705405
1,1,0.5763102
1,1,0.61906374
1,1,0.77892464
1,1,0.7345729
1,1,0.65664864
1,1,0.70904005
1,1,0.77505875
1,1,0.7621322
1,1,0.7095763
1,1,0.55742157
1,1,0.5460944
1,1,0.6616386
1,1,0.71561134
1,1,0.7498853
1,0,0.12818572
1,0,0.028472995
1,0,0.026997535
1,0,0.0634161
1,0,0.23623903
1,0,0.20572378
1,0,0.1592309
1,0,0.13542522
1,0,0.13637976
1,0,0.13584645
1,0,0.1776841
1,0,0.2322635
1,0,0.23997167
1,0,0.21552294
1,0,0.11882356
1,0,0.053011402
1,0,0.039519843
1,0,0.0351112
1,0,0.070711285
1,0,0.22797571
1,0,0.26642737
1,0,0.2520337
1,0,0.2536176
1,0,0.28788754
1,0,0.27455428
1,0,0.21120976
1,0,0.16530882
1,0,0.13775453
1,0,0.11750858
1,0,0.11619185
1,0,0.12680693
1,0,0.14447552
1,0,0.15805368
1,0,0.17367136
1,0,0.18568885
1,0,0.21180758
1,0,0.23306893
1,0,0.24521142
1,0,0.21887012
1,0,0.17396173
1,0,0.14370805
1,0,0.13558924
1,0,0.13193968
1,0,0.12258931
1,0,0.122877814
1,0,0.12544498
1,0,0.117258236
1,0,0.11214057
1,0,0.13597949
1,0,0.16819976
1,0,0.17925638
1,0,0.16642676
1,0,0.14454423
1,0,0.128253
1,0,0.12544014
0,0,0.03583627
0,0,0.04595121
0,0,0.063376985
0,0,0.12410618
0,0,0.39050722
0,0,0.4308578
0,0,0.37124774
0,0,0.34397316
0,0,0.34749618
0,0,0.20414488
0,0,0.18935835
1,0,0.40755478
1,1,0.84826434
1,1,0.55715674
1,1,0.5887288
1,1,0.73483324
1,1,0.8023762
1,1,0.74198776
1,1,0.7632475
1,1,0.7210459
1,1,0.7217488
1,1,0.7747716
1,1,0.7620186
1,1,0.7154253
1,1,0.78656787
1,1,0.7824348
1,1,0.55886763
1,0,0.39547426
1,0,0.4254683
1,0,0.49140406
1,1,0.62005913
1,1,0.75512147
1,1,0.82271737
1,1,0.821993
1,1,0.813642
1,1,0.82558334
1,1,0.82440275
1,1,0.8363062
1,1,0.8393932
1,1,0.8177976
1,1,0.8208409
1,1,0.8519044
1,1,0.8256911
1,1,0.7024917
1,1,0.5046618
1,0,0.23269996
1,1,0.85728663
1,1,0.9835028
1,1,0.99267125
1,1,0.99373573
1,1,0.99461067
1,1,0.9940853
1,1,0.99409914
1,1,0.99409
1,1,0.98379946
1,1,0.9648424
1,1,0.96776587
1,1,0.9790502
1,1,0.9867498
1,1,0.99360114
1,1,0.9950949
1,1,0.99350077
1,1,0.9912747
1,1,0.9923126
1,1,0.9930849
1,1,0.99366623
1,1,0.99461055
1,1,0.9956453
1,1,0.9961265
1,1,0.99521196
1,1,0.99449944
1,1,0.9929691
1,1,0.9922484
1,1,0.9943534
1,1,0.9939752
1,1,0.9941764
1,1,0.9936879
1,1,0.99078465
1,1,0.9902682
1,1,0.98831546
1,1,0.98921865
1,1,0.99209714
1,1,0.9933442
1,1,0.9908414
1,1,0.9912087
1,1,0.9896562
1,1,0.98892885
1,1,0.98765486
1,1,0.9880238
1,1,0.98733044
1,1,0.98974925
1,1,0.99037
1,1,0.99210656
1,1,0.99010706
1,1,0.9919518
1,1,0.99430966
1,1,0.9909971
1,1,0.98358154
1,1,0.98088074
1,1,0.97061497
1,1,0.96405447
1,1,0.7778367
1,1,0.58329755
1,1,0.51664215
1,1,0.61162424
1,0,0.47015873
1,0,0.42246377
1,0,0.456372
1,1,0.545869
1,1,0.6741776
1,1,0.73799074
1,1,0.7673147
1,1,0.78232455
1,1,0.7956573
1,1,0.86429197
1,1,0.886334
1,1,0.9037629
1,1,0.9091038
1,1,0.908175
1,1,0.9141645
1,1,0.9088884
1,1,0.9026705
1,1,0.90544945
1,1,0.875418
1,1,0.8147658
1,1,0.77996093
1,1,0.79195887
1,1,0.84040564
1,1,0.8634391
1,1,0.8631963
1,1,0.99395245
1,1,0.99584395
1,1,0.99202746
1,1,0.98883665
1,1,0.9799028
1,1,0.9858242
1,1,0.9895699
1,1,0.99005973
1,1,0.99023354
1,1,0.98990834
1,1,0.9903813
1,1,0.9899406
1,1,0.9928762
1,1,0.9948437
1,1,0.9958138
1,1,0.9948664
1,1,0.9940503
1,1,0.9946397
1,1,0.9945785
1,1,0.99381906
1,1,0.9941339
1,1,0.9935028
1,1,0.9298342
1,1,0.7915234
1,1,0.66057146
1,1,0.55625314
1,0,0.35854077
1,0,0.37019053
1,1,0.7562627
1,1,0.8197224
1,1,0.73258805
1,1,0.65873593
1,1,0.6057234
1,1,0.5676453
1,1,0.5966452
1,1,0.6308778
1,1,0.66913104
1,1,0.7122676
1,1,0.70300376
1,1,0.66090965
1,1,0.6497846
1,1,0.63343686
1,1,0.6451128
1,1,0.7656962
1,1,0.7016107
1,0,0.42303783
1,0,0.34257513
1,0,0.30751228
1,0,0.32412747
1,0,0.34139943
1,1,0.522561
1,0,0.46890068
1,0,0.4957405
1,0,0.41984233
1,0,0.31887373
0,0,0.25769627
0,0,0.22651723
0,0,0.35683605
0,0,0.49039564
0,1,0.5686392
0,1,0.64349824
0,1,0.675516
0,1,0.68410355
0,1,0.71121246
0,1,0.7235457
0,1,0.70738107
0,1,0.7214123
0,1,0.7156436
0,1,0.59441006
0,0,0.39520842
0,0,0.38351735
0,0,0.45994952
0,1,0.54259145
0,1,0.5164001
0,0,0.47601587
0,1,0.5080541
0,0,0.42110974
0,0,0.41624266
0,0,0.076225206
0,0,0.01465698
0,0,0.01593422
0,0,0.1522077
0,0,0.23335116
0,0,0.24916403
0,0,0.27970448
0,0,0.28844967
0,0,0.3143245
0,0,0.3322967
0,0,0.34585166
0,0,0.31787813
0,0,0.28280827
0,0,0.28107235
0,0,0.2542924
0,0,0.2520695
0,0,0.22225882
0,0,0.20427981
0,0,0.22235358
0,0,0.24880075
0,0,0.2524925
0,0,0.29452175
0,0,0.33288997
0,0,0.32034034
0,0,0.2895832
0,0,0.26752123
0,0,0.2530206
0,0,0.26242626
0,0,0.27212882
0,0,0.27520332
0,0,0.28506568
0,0,0.30099273
0,0,0.3205306
0,0,0.2909535
0,0,0.32694718
0,0,0.34692016
0,0,0.36184558
0,0,0.37472814
0,0,0.3947467
0,0,0.3764371
0,0,0.32967052
0,0,0.3066004
0,0,0.32585502
0,0,0.32275182
0,0,0.34939218
1,0,0.439317
1,0,0.4879195
1,1,0.5075208
1,1,0.592298
1,1,0.63871014
1,1,0.73822534
1,1,0.8062498
1,1,0.8785891
1,1,0.9044182
1,1,0.9118056
1,1,0.9257491
1,1,0.84830016
1,1,0.6784261
1,1,0.6975804
1,1,0.7555126
1,1,0.61123115
1,1,0.64412564
1,1,0.67097926
1,1,0.6685683
1,1,0.670238
1,1,0.68351686
1,1,0.6413581
0,1,0.564791
0,1,0.5355949
0,0,0.4547256
0,0,0.40409604
0,0,0.38577157
0,0,0.41173995
0,0,0.44151938
0,0,0.45493054
0,0,0.47066274
0,1,0.5186415
0,1,0.59572023
1,1,0.5844118
1,1,0.5978897
1,1,0.5628863
1,0,0.499104
1,0,0.43272302
1,1,0.5629608
1,1,0.6574255
1,1,0.7053477
1,1,0.75028527
1,1,0.78441346
1,1,0.77660143
0,1,0.7366409
0,1,0.7735605
0,1,0.6980184
0,1,0.50408965
0,0,0.35519144
0,0,0.36161885
0,0,0.36163336
0,0,0.35155755
0,0,0.40255138
0,1,0.52656627
0,1,0.56817305
0,1,0.5717888
0,1,0.589485
0,1,0.522175
0,0,0.3860301
0,0,0.36641505
0,0,0.37808174
0,0,0.39292046
0,0,0.38100615
0,0,0.37715
0,0,0.36039853
0,0,0.3308749
0,0,0.35493696
0,0,0.3438884
0,0,0.33613583
0,0,0.35058498
0,0,0.343203
0,0,0.33316845
0,0,0.3278396
0,0,0.32475984
0,0,0.29848528
0,0,0.27949044
0,0,0.28784472
0,0,0.31033608
0,0,0.31258973
0,0,0.32731158
0,0,0.33274344
0,0,0.3220946
0,0,0.32543382
0,0,0.33392045
0,0,0.32548878
0,0,0.3316251
0,0,0.34036502
0,0,0.35486197
0,0,0.37953267
0,0,0.4101915
0,0,0.4211095
0,0,0.43789825
0,0,0.43520612
0,0,0.39160413
0,0,0.37933972
1,0,0.43351707
1,0,0.47531793
1,1,0.50199664
1,1,0.5291548
1,1,0.54772353
1,0,0.47280398
1,0,0.46898562
1,0,0.47223678
1,0,0.43394116
1,0,0.390183
1,0,0.3285731
0,0,0.29370525
0,0,0.25241056
0,0,0.22353135
0,0,0.22168656
0,0,0.19917212
0,0,0.22260521
0,0,0.27282494
0,0,0.28022972
0,0,0.25179642
0,0,0.24083461
0,0,0.23913759
0,0,0.22328116
0,0,0.21268399
0,0,0.22200727
0,0,0.2515996
0,0,0.25836307
0,0,0.25921166
0,0,0.2724133
0,0,0.280755
0,0,0.26277396
0,0,0.2667301
0,0,0.26175836
0,0,0.2438865
0,0,0.21764348
0,0,0.23500091
0,0,0.27452824
0,0,0.29080915
0,0,0.28189814
0,0,0.34849292
0,0,0.346171
0,0,0.35210383
0,0,0.3207919
0,0,0.31986824
1,0,0.30364478
1,0,0.32451612
1,0,0.33649936
1,0,0.3874118
1,0,0.34413847
1,0,0.34618217
1,0,0.35627902
1,0,0.37209326
1,0,0.37374482
1,0,0.40210095
1,0,0.40837982
1,0,0.3519265
1,0,0.29941112
1,0,0.29817474
1,0,0.31772506
1,0,0.3211303
1,0,0.29916796
1,0,0.2906034
1,0,0.28008208
1,0,0.29507604
1,0,0.29597205
1,0,0.28611267
0,0,0.001013856
0,0,0.001106703
0,0,0.0015318015
0,0,0.0025139828
0,0,0.0036215994
0,0,0.002484422
0,0,0.0024744715
0,0,0.003211707
0,0,0.0048145168
0,0,0.0043046945
0,0,0.0034864263
1,0,0.0035134228
1,0,0.0037579709
1,0,0.0063517354
1,0,0.01384865
1,0,0.03567404
1,0,0.05314511
1,0,0.07080474
1,0,0.086369105
1,0,0.103095874
1,0,0.099413395
1,0,0.08258015
1,0,0.07172425
1,0,0.077248044
1,0,0.11090047
1,0,0.13256946
1,0,0.11329037
1,0,0.09123437
1,0,0.09329987
1,0,0.06662479
1,0,0.044844083
1,0,0.037972495
1,0,0.029575191
1,0,0.022908399
1,0,0.017431602
1,0,0.017538259
1,0,0.022560654
1,0,0.03287366
1,0,0.036421876
1,0,0.028364813
1,0,0.026171353
1,0,0.036193818
1,0,0.034497492
1,0,0.021454314
1,0,0.016912187
1,0,0.019760003
1,0,0.14751865
1,0,0.16012889
1,0,0.079844
1,0,0.0190848
1,0,0.0059171044
1,0,0.004025303
1,0,0.004814644
1,0,0.009599365
1,0,0.01689926
1,0,0.018170526
1,0,0.01564859
1,0,0.01810329
1,0,0.01304675
1,0,0.004810517
1,0,0.00524032
1,0,0.0048878593
1,0,0.00548229
1,0,0.005451741
1,0,0.007453296
1,0,0.012025744
1,0,0.028148124
1,0,0.04802843
0,0,0.060914267
0,0,0.04577158
0,0,0.04182552
0,0,0.034735426
0,0,0.0373695
0,0,0.033503316
0,0,0.038333934
0,0,0.041186873
0,0,0.021795614
0,0,0.011925839
0,0,0.0107936105
1,0,0.01808025
1,0,0.008515932
1,0,0.011462652
1,0,0.018409254
1,0,0.01369912
1,0,0.012850856
1,0,0.012840347
1,0,0.009330101
1,0,0.008367676
1,0,0.0062260376
1,0,0.006855397
1,0,0.016325925
1,0,0.01925029
1,0,0.02894518
1,0,0.05826808
1,0,0.10119131
1,0,0.029992178
1,0,0.011890621
1,0,0.010115495
1,0,0.018124403
1,0,0.029171985
1,0,0.015277282
0,0,0.0038815073
0,0,0.0034766775
0,0,0.0073828865
0,0,0.014585594
0,0,0.037740204
0,0,0.13948461
0,0,0.13222745
0,0,0.09152014
0,0,0.076169364
0,0,0.05317021
0,0,0.045191802
0,0,0.04610319
0,0,0.036776755
0,0,0.030285565
0,0,0.027911363
0,0,0.01678003
0,0,0.008335885
0,0,0.0062360503
0,0,0.008626257
0,0,0.023242222
0,0,0.074290775
0,0,0.10597175
0,0,0.08404599
0,0,0.0746922
0,0,0.061438445
0,0,0.03210099
0,0,0.018638087
0,0,0.014586047
0,0,0.014159022
1,0,0.06783949
1,0,0.094883874
1,0,0.049741257
1,0,0.03131444
1,0,0.04609867
1,0,0.061599676
1,0,0.09802654
1,0,0.17791958
1,0,0.12704884
1,0,0.048992537
1,0,0.03549872
1,0,0.023750944
1,0,0.033532962
1,0,0.062535204
1,0,0.07136244
1,0,0.12184128
1,0,0.12854372
1,0,0.064243495
1,0,0.038663875
1,0,0.027117819
1,0,0.021528317
1,0,0.03273127
1,0,0.008596301
1,0,0.0050293137
1,0,0.0047971834
1,0,0.0056765117
1,0,0.011124196
1,0,0.017628536
1,0,0.03636565
1,0,0.045156363
1,0,0.055764765
1,0,0.06975992
1,0,0.06640963
1,0,0.051561587
1,0,0.03646117
1,0,0.02474484
1,0,0.016263524
1,0,0.013562053
1,0,0.013540591
1,0,0.015883733
1,0,0.034384638
1,0,0.09305653
1,0,0.13309611
1,0,0.17560945
1,0,0.15160403
1,0,0.08152447
1,0,0.05010173
1,0,0.042783163
1,0,0.045909457
1,0,0.06278406
1,0,0.07322903
1,0,0.07609569
1,0,0.082278825
1,0,0.06108079
1,0,0.047855254
1,0,0.044738688
1,0,0.02938447
1,0,0.020547
1,0,0.022422995
1,0,0.026090221
1,0,0.034300804
1,0,0.04222484
1,0,0.034604006
1,0,0.026784169
1,0,0.023778852
1,0,0.020688836
1,0,0.019430164
1,0,0.016528022
1,0,0.01159127
1,0,0.0062269378
1,0,0.0048453496
1,0,0.0071832794
1,0,0.017531438
1,0,0.032692175
1,0,0.031813115
1,0,0.023254935
1,0,0.017437223
0,0,0.10817218
0,0,0.13468446
0,0,0.18051507
0,0,0.16668017
0,0,0.13786103
0,0,0.15245391
0,0,0.1722868
0,0,0.20245425
0,0,0.2514009
0,0,0.31912923
0,0,0.3772654
0,0,0.45652878
0,0,0.4754497
0,0,0.4625046
0,1,0.50374615
0,1,0.6086877
0,1,0.5625141
0,0,0.46200544
0,0,0.4633932
0,0,0.4730322
0,0,0.4737674
0,0,0.49564546
0,0,0.4604139
0,0,0.38234735
0,0,0.30424494
0,0,0.26013163
0,0,0.3059251
0,0,0.33564922
0,0,0.37034795
0,0,0.47147027
0,1,0.5644001
0,1,0.5540761
0,1,0.50209403
0,0,0.39863154
0,0,0.24533822
0,0,0.1914514
0,0,0.17652489
0,0,0.15445982
0,0,0.16386856
0,0,0.22715652
0,0,0.32538423
0,0,0.43082598
0,0,0.4968797
0,1,0.53937215
0,0,0.4988428
0,0,0.42044678
0,0,0.31050113
0,0,0.28120765
0,0,0.22554278
0,0,0.14685103
0,0,0.0784254
0,0,0.08686724
0,0,0.1467152
0,0,0.22317281
0,0,0.29429734
0,0,0.37446564
0,0,0.42807317
0,0,0.34798834
0,0,0.24261862
0,0,0.1926654
0,0,0.14098488
0,0,0.06614632
0,0,0.058963552
0,0,0.061194465
0,0,0.059398815
0,0,0.058640298
0,0,0.064198665
0,0,0.070590824
0,0,0.07781186
0,0,0.08455534
0,0,0.08744297
0,0,0.095669076
0,0,0.12234651
0,0,0.13559741
0,0,0.17413865
0,0,0.2146774
0,0,0.24589422
0,0,0.20453079
0,0,0.12458397
0,0,0.092197746
0,0,0.103678465
0,0,0.114805184
0,0,0.13497536
0,0,0.1943847
0,0,0.24106665
0,0,0.32423764
0,0,0.35838738
0,0,0.37473065
0,0,0.3398111
0,0,0.27419278
1,0,0.22129591
1,0,0.17919031
1,0,0.17803706
1,0,0.15817562
1,0,0.13597013
1,0,0.16511331
1,0,0.21651883
1,0,0.22945224
1,0,0.21700671
1,0,0.18371144
1,0,0.14521368
0,0,0.16489856
0,0,0.19618383
0,0,0.24696127
0,0,0.29570368
0,0,0.36159945
0,0,0.33919188
0,0,0.24928205
0,0,0.20817114
0,0,0.1934704
0,0,0.17735308
0,0,0.16123994
0,0,0.16613393
0,0,0.11437838
0,0,0.080671825
0,0,0.1109217
0,0,0.14820626
0,0,0.17601223
0,0,0.19954468
0,0,0.18461905
0,0,0.19883457
0,0,0.2756409
0,0,0.33983064
0,0,0.36302125
0,0,0.3799723
0,0,0.34806162
0,0,0.34469917
0,0,0.4341566
0,0,0.48868302
0,1,0.53402275
0,0,0.45457292
0,0,0.3397799
0,0,0.2479085
0,0,0.22769172
0,0,0.27754444
0,0,0.3417114
0,0,0.35603973
0,0,0.36620417
0,0,0.2547638
0,0,0.15082806
0,0,0.124709964
0,0,0.119008265
0,0,0.08995729
0,0,0.07037054
0,0,0.06609895
0,0,0.05957186
0,0,0.061013497
0,0,0.078249164
0,0,0.09304266
0,0,0.10176814
0,0,0.10375883
0,0,0.09468081
0,0,0.08795739
0,0,0.09558192
0,0,0.13534231
0,0,0.19634174
0,0,0.26773214
0,0,0.3058378
0,0,0.3195052
0,0,0.3274924
0,0,0.36273038
0,0,0.3913184
0,0,0.3788863
0,0,0.33986437
0,0,0.2883407
0,0,0.27662224
0,0,0.32184067
0,0,0.39983135
0,0,0.46061775
0,1,0.5149433
0,1,0.551139
0,1,0.5494817
0,1,0.5002886
0,0,0.41422933
0,0,0.36661595
0,0,0.3530437
0,0,0.307913
0,0,0.31387764
0,0,0.31202734
0,0,0.26024342
0,0,0.25277618
0,0,0.29415682
0,0,0.317696
0,0,0.36030343
0,0,0.4027118
0,0,0.39051777
0,0,0.39374018
0,0,0.36219814
0,0,0.3045345
0,0,0.29556483
0,0,0.3330895
0,0,0.3707098
0,0,0.4238513
0,0,0.456478
0,0,0.44793728
0,0,0.4181085
0,0,0.44450635
0,0,0.4805908
0,0,0.47650036
0,0,0.47918537
0,0,0.40140054
0,0,0.27199116
0,0,0.27391693
0,0,0.3022355
0,0,0.36014166
0,0,0.423797
0,0,0.40838608
0,1,0.8028517
0,0,0.2563055
0,0,0.0103547005
0,0,0.0034070704
0,0,0.0065810746
0,0,0.0824601
0,0,0.17035607
0,0,0.16495049
0,0,0.19070771
0,0,0.18272358
0,0,0.15344086
0,0,0.12659493
0,0,0.12358167
0,0,0.12402201
0,0,0.10289708
0,0,0.056931097
0,0,0.044005226
0,0,0.055525903
0,0,0.10945536
0,0,0.25184554
0,0,0.1358467
0,0,0.073398225
0,0,0.08749609
0,0,0.09171814
0,0,0.11504315
0,0,0.10308701
0,0,0.09426062
0,0,0.112249754
0,0,0.049308077
0,0,0.097885124
0,0,0.08235886
0,0,0.07787169
0,0,0.10445582
0,0,0.17447744
0,0,0.19584352
0,0,0.27639467
0,0,0.15703633
0,0,0.029031398
0,0,0.015438796
0,0,0.013996142
0,0,0.03937327
0,0,0.2662726
0,0,0.15061459
0,0,0.068098314
0,0,0.05759641
0,0,0.08270187
1,1,0.66865736
1,1,0.8512931
1,1,0.8498881
1,1,0.89469534
1,1,0.9057323
1,1,0.72510505
1,1,0.7773764
1,1,0.76147753
1,1,0.81122106
1,1,0.7265254
1,1,0.6368903
1,1,0.89236504
1,1,0.897219
1,1,0.90616894
1,1,0.9162374
1,1,0.9110933
1,1,0.69212085
1,1,0.746132
1,1,0.7532328
1,1,0.8064042
1,1,0.75589657
1,1,0.6604367
1,1,0.6789499
1,1,0.7105176
1,1,0.7172613
1,1,0.6992517
1,1,0.7247864
1,1,0.7603523
1,1,0.77399707
1,1,0.7887523
1,1,0.79765755
1,1,0.7479861
1,1,0.66027004
1,1,0.7766513
1,1,0.8550377
1,1,0.83886224
1,1,0.7660887
1,1,0.708881
1,1,0.74515134
1,1,0.69220227
1,1,0.71459824
1,1,0.73592234
1,1,0.6929569
1,1,0.6182753
1,1,0.661026
1,1,0.63864106
1,1,0.66052705
1,1,0.64787793
1,1,0.6285484
1,1,0.5922481
1,1,0.65049005
1,1,0.71810687
1,1,0.63271147
1,1,0.6051615
1,1,0.66788185
0,0,0.3309443
0,0,0.17663549
0,0,0.19109032
0,0,0.1374623
0,0,0.08093767
0,0,0.11738769
0,0,0.096789956
0,0,0.11512815
0,0,0.122212365
0,0,0.15989605
0,0,0.20280398
0,0,0.17541099
0,0,0.1863465
0,0,0.20572501
0,0,0.21643336
0,0,0.24199572
0,0,0.064539336
0,0,0.0095425565
0,0,0.0037691384
0,0,0.004137232
0,0,0.021288782
0,0,0.027796358
0,0,0.012085518
0,0,0.009698854
0,0,0.021192841
0,0,0.102851644
0,0,0.16187136
0,0,0.22890909
0,0,0.2262216
1,1,0.9244133
1,1,0.8955348
1,1,0.8176596
1,1,0.7894109
1,1,0.81838953
1,1,0.5912641
1,1,0.55245167
1,1,0.5366598
1,1,0.6731582
1,1,0.67513835
1,1,0.7378719
1,1,0.7216295
1,1,0.7136254
1,1,0.78307456
1,1,0.7903574
1,1,0.734788
1,1,0.7189413
1,1,0.7452158
1,1,0.7011063
1,1,0.7102277
1,1,0.6819153
1,1,0.64939463
1,0,0.2921763
1,0,0.095530964
1,0,0.05894471
1,0,0.03576732
1,0,0.025355868
1,0,0.030273886
1,0,0.031645425
1,0,0.051141907
1,0,0.060650144
1,0,0.048905376
1,0,0.03796979
1,0,0.030330898
1,0,0.034537777
1,0,0.04751505
1,0,0.053441707
1,0,0.058879703
1,0,0.037601992
1,0,0.023864163
1,0,0.023624016
1,0,0.040408213
1,0,0.036187794
1,0,0.01396564
1,0,0.0054684784
1,0,0.006000395
1,0,0.021640103
1,0,0.04790944
1,0,0.07963363
1,0,0.09247703
1,0,0.08334884
1,0,0.12581176
1,0,0.040951714
1,0,0.013542669
1,0,0.008222517
0,0,0.013305703
0,0,0.076781765
0,0,0.06859692
0,0,0.036863904
0,0,0.02727941
0,0,0.008262267
0,0,0.0053367973
0,0,0.008350011
0,0,0.015863022
0,0,0.058314644
0,0,0.10093644
0,0,0.16707274
0,0,0.2140908
0,0,0.15461957
0,0,0.12264225
0,0,0.15267193
0,0,0.15481003
0,0,0.15287411
0,0,0.14254455
0,0,0.14918572
0,0,0.181237
0,0,0.18452658
0,0,0.3162401
0,0,0.17177817
0,0,0.12968358
0,0,0.090093225
0,0,0.12784065
0,0,0.1774967
0,0,0.17359687
0,0,0.2269422
0,0,0.25254592
0,0,0.2208198
0,0,0.20406325
0,0,0.2707858
0,0,0.34863716
0,0,0.40007252
0,1,0.5142818
0,1,0.65171385
0,1,0.6098364
0,1,0.71150863
0,1,0.7012771
0,1,0.6931752
0,1,0.72738796
0,1,0.71704155
0,1,0.6936185
0,1,0.7026051
0,1,0.735722
0,1,0.7370305
0,1,0.7368818
0,1,0.7528689
0,1,0.74828446
0,1,0.72474056
0,1,0.72756916
0,1,0.7355333
0,1,0.70077336
0,1,0.7063844
0,1,0.733734
0,1,0.71331376
0,1,0.70391095
0,1,0.71812886
0,1,0.69438565
0,1,0.6496499
0,1,0.6941896
0,1,0.74579865
0,1,0.7401497
0,1,0.7040122
0,1,0.7069605
0,1,0.72795314
0,1,0.7224867
0,1,0.7625045
0,1,0.77335185
0,1,0.6888029
0,1,0.63865495
0,1,0.6405114
0,1,0.7219719
0,1,0.7760951
0,1,0.79131794
0,1,0.808328
0,1,0.7868785
1,1,0.75324625
1,1,0.8024179
1,1,0.8244397
1,1,0.7527957
1,1,0.6948946
1,1,0.6438531
1,1,0.7298121
1,1,0.7728836
1,1,0.75502795
1,1,0.71728086
1,1,0.7719273
1,1,0.86202127
1,1,0.8679558
1,1,0.7789748
1,1,0.66113013
1,1,0.6982396
1,1,0.77694976
1,1,0.7160547
1,1,0.7218417
1,1,0.76204926
1,1,0.73853624
1,1,0.7892819
1,1,0.83641005
1,1,0.8417453
1,1,0.84207773
1,1,0.82328314
1,1,0.8387391
1,1,0.6980304
1,1,0.56040204
1,0,0.38023207
1,0,0.47371292
1,1,0.67745644
1,1,0.7477816
0,1,0.75551385
0,1,0.5356921
0,0,0.34354708
0,0,0.35817155
0,0,0.43411362
0,0,0.4406911
0,0,0.3873967
0,0,0.47389722
0,1,0.5681218
0,1,0.5916091
0,0,0.48261333
0,0,0.22488545
0,0,0.088231355
0,0,0.03174469
0,0,0.016319325
0,0,0.017892359
0,0,0.023134781
0,0,0.02155845
0,0,0.016944174
0,0,0.014071961
0,0,0.011319926
0,0,0.0093494
0,0,0.007604491
0,0,0.007185612
0,0,0.0075959675
0,0,0.007361315
0,0,0.008249297
0,0,0.0077109844
0,0,0.007231162
0,0,0.0061146272
0,0,0.005935766
0,0,0.0055410867
0,0,0.0043313
0,0,0.0046034767
0,0,0.0052215527
0,0,0.0047674873
0,0,0.0051888907
0,0,0.004919632
0,0,0.0054044644
0,0,0.005708023
1,0,0.038524706
1,0,0.09254841
1,0,0.18066625
1,0,0.3788752
1,0,0.47702733
1,1,0.6014604
1,1,0.66607434
1,1,0.7277711
1,1,0.7551045
1,1,0.7757543
1,1,0.745029
1,1,0.8000324
1,1,0.83384085
1,1,0.8478509
1,1,0.7899935
1,1,0.77458984
1,1,0.7566041
1,1,0.7442307
1,1,0.76139516
1,1,0.78185636
1,1,0.7906811
1,1,0.7792079
0,0,0.4760598
0,0,0.40090054
0,0,0.34025866
0,0,0.36458674
0,0,0.3311697
0,0,0.42847803
0,0,0.42356586
0,0,0.41748416
0,0,0.446785
0,0,0.39642924
0,0,0.26238754
0,0,0.24243078
0,0,0.35483208
0,0,0.44355544
0,0,0.396319
0,0,0.4448558
0,0,0.4712939
0,0,0.44696626
0,0,0.3972782
0,0,0.3952558
0,0,0.41910857
0,0,0.42196035
0,0,0.4074703
0,0,0.4221681
0,0,0.43728393
0,0,0.42205498
0,0,0.3963825
0,0,0.40711728
0,0,0.41596836
0,0,0.3076171
0,0,0.28707385
0,0,0.33177105
0,0,0.2904469
1,0,0.11713361
1,0,0.015251908
1,0,0.004187494
1,0,0.003996772
1,0,0.0065634777
1,0,0.0064265407
1,0,0.00517845
1,0,0.0036205738
1,0,0.0036435698
1,0,0.0066651762
1,0,0.0062859603
1,0,0.00906028
1,0,0.01121645
1,0,0.012693835
1,0,0.008606154
1,0,0.005563808
1,0,0.004219936
1,0,0.0030468658
1,0,0.0053192545
1,0,0.0060254717
1,0,0.0076575177
1,0,0.008222136
0,0,0.35993886
0,0,0.24658135
0,0,0.07436412
0,0,0.033952862
0,0,0.029425358
0,0,0.06041076
0,0,0.11330778
0,0,0.10779429
0,0,0.14207737
0,0,0.1821773
0,0,0.17189497
0,0,0.23694518
0,0,0.20733006
0,0,0.20338744
0,0,0.21342395
0,0,0.20856032
0,0,0.17853566
0,0,0.2090222
0,0,0.20838442
0,0,0.20340784
0,0,0.22163406
0,0,0.21195596
0,0,0.17400432
0,0,0.1493039
0,0,0.14606231
0,0,0.14862235
0,0,0.1509423
0,0,0.14902212
0,0,0.14375335
0,0,0.13463224
0,0,0.1295373
0,0,0.13604079
0,0,0.1474981
0,0,0.16498026
0,0,0.19642636
0,0,0.19199851
0,0,0.1629635
0,0,0.16252005
0,0,0.16909122
0,0,0.15629299
0,0,0.13889071
0,0,0.10098286
0,0,0.088312745
0,0,0.10264592
0,0,0.11281546
0,0,0.1294865
0,1,0.7828654
0,1,0.92537373
0,1,0.9251155
0,1,0.88710904
0,1,0.89101577
0,1,0.80771786
0,1,0.7840565
0,1,0.7783111
0,1,0.7912866
0,1,0.8427005
0,1,0.88207906
1,1,0.9126631
1,1,0.92000747
1,1,0.92871344
1,1,0.91761714
1,1,0.8590199
1,1,0.8625278
1,1,0.87665445
1,1,0.84439
1,1,0.8418596
1,1,0.85487175
1,1,0.8283099
1,1,0.80342764
1,1,0.78425294
1,1,0.80945843
1,1,0.8223237
1,1,0.7902459
1,1,0.77999437
1,1,0.7552581
1,1,0.71416986
1,1,0.70081025
1,1,0.7238289
1,1,0.7636158
0,1,0.80407697
0,1,0.79858893
0,1,0.7856893
0,1,0.77649426
0,1,0.7801871
0,1,0.79303443
0,1,0.7805838
0,1,0.7877338
0,1,0.8185324
0,1,0.83458024
0,1,0.8315335
1,1,0.79152954
1,1,0.76775575
1,1,0.7359905
1,1,0.7260086
1,1,0.7518401
1,1,0.78429717
1,1,0.7869114
1,1,0.7460904
1,1,0.7384665
1,1,0.7595367
1,1,0.7374529
1,1,0.5126497
1,0,0.34274313
1,0,0.28540504
1,0,0.30678293
1,0,0.3126698
1,0,0.2600455
1,0,0.2502084
1,0,0.26997715
1,0,0.3078577
1,0,0.32243615
1,0,0.36161733
1,0,0.43432018
1,0,0.49566916
1,1,0.55166864
1,1,0.5753748
1,1,0.562607
1,1,0.5463217
1,1,0.5402507
1,1,0.5340494
1,1,0.5049961
1,0,0.47306892
1,0,0.4715571
1,0,0.47443208
1,0,0.45094275
1,0,0.42653662
1,0,0.41188237
1,0,0.4123351
1,0,0.41762114
1,0,0.40535885
0,1,0.6110062
0,1,0.6961819
0,1,0.75865334
0,1,0.7681495
0,1,0.7646808
0,1,0.75576377
0,1,0.75186265
0,1,0.77367616
0,1,0.76079667
0,1,0.65154856
0,1,0.56404924
1,1,0.66437876
1,1,0.71791106
1,1,0.8067324
1,1,0.83501697
1,1,0.8554784
1,1,0.852651
1,1,0.83987015
1,1,0.84288585
1,1,0.85357654
1,1,0.8421472
1,1,0.82825106
0,1,0.66165155
0,0,0.48629293
0,0,0.40377104
0,0,0.31446704
0,0,0.22991298
0,0,0.15255603
0,0,0.10171385
0,0,0.07101895
0,0,0.075634815
0,0,0.107322074
0,0,0.1385137
0,0,0.21193156
0,0,0.26952988
0,0,0.20480847
0,0,0.12656006
0,0,0.10989267
0,0,0.090200886
0,0,0.09150043
0,0,0.124879144
0,0,0.15269999
0,0,0.16487493
0,0,0.17115283
0,0,0.14283857
0,0,0.115106896
0,0,0.09639778
0,0,0.08293327
0,0,0.04608066
0,0,0.025018867
0,0,0.025617566
0,0,0.044623062
0,0,0.083741315
0,0,0.076465644
0,0,0.063473895
0,0,0.07265035
0,0,0.08248269
0,0,0.09870025
0,0,0.1502449
0,0,0.22782122
0,0,0.22556539
0,0,0.22458543
0,0,0.20401973
0,0,0.16993037
0,0,0.13182397
0,0,0.117987335
0,0,0.13557597
0,0,0.15375383
0,0,0.16238329
0,0,0.16467702
0,0,0.17349365
0,0,0.17802228
0,0,0.17003584
0,0,0.17070487
0,0,0.18260844
0,0,0.14699836
0,0,0.11707882
0,0,0.16624399
0,0,0.03882893
0,0,0.010526671
0,0,0.008515162
0,0,0.29570335
0,0,0.20268944
0,0,0.14197055
0,0,0.16966033
0,0,0.20292509
0,0,0.097977534
0,0,0.0935965
0,0,0.13999346
0,0,0.13555409
0,0,0.138373
0,0,0.15724568
0,0,0.13838194
0,0,0.15785523
0,0,0.11662597
0,0,0.10605359
0,0,0.103770934
0,0,0.14210247
0,0,0.19313249
0,0,0.17147481
0,0,0.11742607
0,0,0.13073482
0,0,0.14593762
0,0,0.15362924
0,0,0.18255682
0,0,0.22998475
0,0,0.2519279
0,0,0.21419075
0,0,0.19774365
0,0,0.27482447
0,0,0.37206215
0,0,0.38455972
0,0,0.26920116
0,0,0.12378528
0,0,0.12716372
0,0,0.1900309
0,0,0.22320746
0,0,0.27629608
0,0,0.2901093
0,0,0.30717432
0,0,0.3249377
0,0,0.37175015
0,0,0.37796387
0,1,0.9104119
0,1,0.88358265
0,1,0.69052136
0,0,0.37437862
0,0,0.31770837
0,0,0.33041504
0,0,0.30717373
0,0,0.32479474
0,0,0.31201488
0,0,0.33159906
0,1,0.508929
0,1,0.6593816
0,1,0.71610695
0,1,0.7400826
0,1,0.7495355
0,1,0.7243734
0,1,0.67073154
0,1,0.61138046
0,1,0.5519452
0,1,0.5803732
0,1,0.61571866
0,1,0.622674
1,1,0.5173411
1,0,0.45266953
1,0,0.48566613
1,0,0.49354538
1,0,0.49116534
1,1,0.5794458
1,1,0.585412
1,1,0.582795
1,1,0.55104625
1,0,0.463955
1,0,0.40931755
0,0,0.4486041
0,0,0.41719568
0,0,0.39731985
0,0,0.49901116
0,1,0.6246869
0,1,0.60769504
0,0,0.48853427
0,0,0.4141083
0,0,0.37129036
0,0,0.397172
0,0,0.46424198
1,1,0.67861784
1,1,0.72121775
1,1,0.68444884
1,1,0.71711713
1,1,0.71130866
1,1,0.6336594
1,1,0.56749403
1,1,0.5840945
1,1,0.6367924
1,1,0.59373397
1,1,0.5025902
0,0,0.13214454
0,0,0.033541888
0,0,0.011466738
0,0,0.009093244
0,0,0.013432502
0,0,0.012449765
0,0,0.015201464
0,0,0.01882625
0,0,0.019291393
0,0,0.019188572
0,0,0.018402202
0,0,0.011604333
0,0,0.007072875
0,0,0.0055315355
0,0,0.0051771333
0,0,0.0052537257
0,0,0.0060915602
0,0,0.008957148
0,0,0.007654066
0,0,0.0035109927
0,0,0.0030667651
0,0,0.004595388
0,0,0.008171662
0,0,0.018983718
0,0,0.018044095
0,0,0.018417401
0,0,0.016456747
0,0,0.014912087
0,0,0.01480905
0,0,0.18404676
0,1,0.569402
0,1,0.6393194
0,1,0.59663
0,1,0.59890676
0,1,0.6163422
0,1,0.5997582
0,1,0.5891385
0,1,0.61729956
0,1,0.6223121
0,1,0.62528175
1,1,0.70534223
1,1,0.6535955
1,1,0.50908977
1,0,0.4350343
1,0,0.43079087
1,0,0.43405542
1,0,0.4029801
1,0,0.36870953
1,0,0.32370907
1,0,0.28487986
1,0,0.3222062
0,0,0.08536559
0,0,0.032541864
0,0,0.030259205
0,0,0.0615066
0,0,0.20022516
0,0,0.2537639
0,0,0.25751254
0,0,0.164823
0,0,0.06921027
0,0,0.041868217
0,0,0.03515861
0,0,0.034399115
0,0,0.035033964
0,0,0.03216499
0,0,0.029908767
0,0,0.037537683
0,0,0.048983924
0,0,0.0465089
0,0,0.041185923
0,0,0.043160614
0,0,0.048617892
0,0,0.055521205
0,0,0.053695753
0,0,0.04356574
0,0,0.0352549
0,0,0.040077984
0,0,0.06452398
0,0,0.12145246
0,0,0.20983253
0,0,0.2886941
0,0,0.22155716
0,0,0.06663985
0,0,0.028524656
0,0,0.022933446
0,0,0.018284466
0,0,0.017279483
0,0,0.03059035
0,0,0.08623829
0,0,0.08305252
0,0,0.07756504
0,0,0.07597945
0,0,0.061706394
0,0,0.045573894
0,0,0.0322904
0,0,0.025090568
0,0,0.02170235
0,0,0.02156134
0,0,0.023878925
0,0,0.027495492
0,0,0.031780835
0,0,0.04084285
0,0,0.04203246
0,0,0.033110414
0,0,0.028056292
0,0,0.026341451
0,0,0.24739055
0,0,0.04405002
0,0,0.010171569
0,0,0.010954518
0,0,0.084085405
0,0,0.08964006
0,0,0.10328512
0,0,0.107255585
0,0,0.0988411
0,0,0.095654696
0,0,0.1032443
0,0,0.12544444
0,0,0.1420743
0,0,0.1542101
0,0,0.16174938
0,0,0.17256089
0,0,0.17179471
0,0,0.18800086
0,0,0.21884854
0,0,0.24308968
0,0,0.24916092
0,0,0.22749136
0,0,0.22393899
0,0,0.24375895
0,0,0.24113329
0,0,0.21710102
0,0,0.21913843
0,0,0.21096674
0,0,0.20783879
0,0,0.19917634
0,0,0.18310758
0,0,0.16869383
0,0,0.15786928
0,0,0.1397327
0,0,0.13148934
0,0,0.12707314
0,0,0.11059553
0,0,0.11017693
0,0,0.11312752
0,0,0.10844447
0,0,0.09443288
0,0,0.08077449
0,0,0.07530387
0,0,0.07248306
0,0,0.07063525
0,0,0.068996415
1,0,0.07003659
1,0,0.06743461
1,0,0.05182078
1,0,0.04155396
1,0,0.031064756
1,0,0.035431173
1,0,0.04202663
1,0,0.06667143
1,0,0.07372287
1,0,0.06020923
1,0,0.055329356
1,0,0.053879097
1,0,0.047501277
1,0,0.04757924
1,0,0.058009766
1,0,0.059546426
1,0,0.09855444
1,0,0.09566498
1,0,0.08272086
1,0,0.0751077
1,0,0.07318571
1,0,0.074227504
1,0,0.081886016
1,0,0.09364034
1,0,0.10074442
1,0,0.09771773
1,0,0.09732192
1,0,0.12884678
1,0,0.16717452
1,0,0.20393704
1,0,0.2005497
1,0,0.14244457
1,0,0.110245496
1,0,0.10425061
1,0,0.09556298
1,0,0.08903818
1,0,0.07503704
1,0,0.06364889
1,0,0.07219833
1,0,0.06839878
1,0,0.06802785
1,0,0.09273892
1,0,0.09977819
1,0,0.09208848
1,0,0.08013089
1,0,0.07522633
1,0,0.07537107
1,0,0.07501067
1,0,0.08595745
1,0,0.094143495
1,0,0.09788143
1,0,0.09917549
1,0,0.11255436
1,0,0.13183098
1,0,0.15396997
0,0,0.14943172
0,0,0.13663152
0,0,0.0993947
0,0,0.07120705
0,0,0.06837952
0,0,0.09609298
0,0,0.09845373
0,0,0.09648093
0,0,0.10956672
0,0,0.11139996
0,0,0.121941395
1,0,0.11808413
1,0,0.11608973
1,0,0.096472785
1,0,0.081402965
1,0,0.062194835
1,0,0.08639695
1,0,0.08895787
1,0,0.10758914
1,0,0.113564655
1,0,0.099333376
1,0,0.07977699
0,0,0.07499599
0,0,0.06385692
0,0,0.062401474
0,0,0.087759934
0,0,0.09316594
0,0,0.109440796
0,0,0.13449578
0,0,0.15015124
0,0,0.1506775
0,0,0.14398976
0,0,0.1351045
0,0,0.12736332
0,0,0.12615249
0,0,0.11940047
0,0,0.10804864
0,0,0.10048305
0,0,0.097766444
0,0,0.1007927
0,0,0.10619144
0,0,0.10806083
0,0,0.109588645
0,0,0.11424885
0,0,0.11542399
0,0,0.118250914
0,0,0.12585554
0,0,0.12245724
0,0,0.11571182
0,0,0.10985417
0,0,0.10931285
0,0,0.107949354
0,0,0.10480902
0,0,0.10506061
0,0,0.095135696
1,0,0.0902854
1,0,0.08354564
1,0,0.07557912
1,0,0.07074385
1,0,0.06878237
1,0,0.068826705
1,0,0.070935346
1,0,0.07454774
1,0,0.0769419
1,0,0.078803465
1,0,0.080006845
1,0,0.07926574
1,0,0.07691441
1,0,0.07417375
1,0,0.06757486
1,0,0.06217421
1,0,0.06364434
1,0,0.06240089
1,0,0.061128147
1,0,0.06440453
1,0,0.06761287
1,0,0.06437224
0,0,0.04871977
0,0,0.09177659
0,0,0.12566184
0,0,0.09724709
0,0,0.0635533
0,0,0.03666819
0,0,0.022741588
0,0,0.01838931
0,0,0.01631628
0,0,0.014899754
0,0,0.017563893
0,0,0.06312644
0,0,0.2672032
0,1,0.5457562
0,1,0.71263033
0,1,0.7534457
0,0,0.48538423
0,0,0.33517137
0,0,0.2734074
0,0,0.2536982
0,0,0.29760456
0,1,0.5452092
0,1,0.7532723
0,1,0.78175384
0,1,0.75920534
0,1,0.69003
0,0,0.38732654
0,0,0.12666042
0,0,0.09018663
0,0,0.07175049
0,0,0.061164856
0,0,0.066125385
0,0,0.082287826
0,0,0.09838419
0,0,0.1001138
0,0,0.09237663
0,0,0.08415633
0,0,0.10180372
0,0,0.12046756
0,0,0.10342398
0,0,0.080557644
0,0,0.07075165
0,0,0.06121764
0,0,0.061301634
0,0,0.07820577
0,0,0.08397368
1,1,0.8035393
1,1,0.9755992
1,1,0.9838219
1,1,0.97554815
1,1,0.9528819
1,1,0.92711735
1,1,0.8814458
1,1,0.8885138
1,1,0.89711887
1,1,0.8783573
1,1,0.87238353
1,1,0.84634215
1,1,0.9084605
1,1,0.95004064
1,1,0.95311195
1,1,0.9369971
1,1,0.91355634
1,1,0.861502
1,1,0.8090198
1,1,0.81950414
1,1,0.812654
1,1,0.66067594
1,1,0.62090904
1,1,0.7632775
1,1,0.8741105
1,1,0.8112083
1,1,0.7153014
1,1,0.69424963
1,1,0.7125498
1,1,0.81633836
1,1,0.82897574
1,1,0.8137673
1,1,0.83297384
1,1,0.8278194
1,1,0.86524445
1,1,0.85136014
1,1,0.82614577
1,1,0.8991059
1,1,0.9408694
1,1,0.9449078
1,1,0.94921523
1,1,0.9433265
1,1,0.8748777
1,1,0.8627265
1,1,0.95870715
1,1,0.97647697
1,1,0.978087
1,1,0.96786255
1,1,0.9242756
1,1,0.7942267
1,1,0.8047739
1,1,0.792197
1,1,0.86843246
1,1,0.9176939
1,1,0.9285237
0,0,0.38441944
0,0,0.088194735
0,0,0.055982213
0,0,0.0751892
0,0,0.17711861
0,0,0.16044784
0,0,0.1312795
0,0,0.09301648
0,0,0.07313383
0,0,0.0812581
0,0,0.10294487
0,0,0.11454237
0,0,0.11497377
0,0,0.12099716
0,0,0.11487404
0,0,0.114600584
0,0,0.19056499
0,0,0.32076713
0,0,0.3728183
0,0,0.35152984
0,0,0.271119
0,0,0.16112338
0,0,0.106350124
0,0,0.092350885
0,0,0.0849411
0,0,0.08680502
0,0,0.081576146
0,0,0.07812019
0,0,0.077641144
1,1,0.93055105
1,1,0.9873191
1,1,0.97982705
1,1,0.9485956
1,1,0.9586874
1,1,0.9553012
1,1,0.9597932
1,1,0.96636015
1,1,0.9393325
1,1,0.84748995
1,1,0.63019925
1,1,0.7193652
1,1,0.7779209
1,1,0.82564664
1,1,0.87396926
1,1,0.94402295
1,1,0.961884
1,1,0.96732146
1,1,0.9575892
1,1,0.9536819
1,1,0.9613362
1,1,0.9673894
1,0,0.39640614
1,0,0.053591706
1,0,0.023875514
1,0,0.027815178
1,0,0.063745156
1,0,0.06896953
1,0,0.065126464
1,0,0.052778322
1,0,0.052786097
1,0,0.055782918
1,0,0.052432053
1,0,0.05002166
1,0,0.053718608
1,0,0.050252583
1,0,0.04059105
1,0,0.036112662
1,0,0.035398677
1,0,0.036107924
1,0,0.042320695
1,0,0.053071614
1,0,0.06078873
1,0,0.060144957
1,0,0.055961557
1,0,0.05465791
1,0,0.056477938
1,0,0.05901797
1,0,0.06424253
1,0,0.06413852
1,0,0.05407845
1,0,0.04626306
1,0,0.041295942
1,0,0.04301035
1,0,0.04386416
1,0,0.039259464
1,0,0.048735768
1,0,0.09961117
1,0,0.2285549
1,0,0.3994308
1,1,0.5125382
1,0,0.4738076
1,0,0.26804873
1,0,0.13665946
1,0,0.0920234
1,0,0.059514023
1,0,0.039123587
1,0,0.03144123
1,0,0.031422302
1,0,0.03951035
1,0,0.05733349
1,0,0.07815857
1,0,0.0898956
1,0,0.08373563
1,0,0.066183016
1,0,0.048087362
1,0,0.036268707
0,0,0.03642489
0,0,0.03155274
0,0,0.02853643
0,0,0.03300484
0,0,0.044976886
0,0,0.059937406
0,0,0.062275212
0,0,0.056281455
0,0,0.04648176
0,0,0.046150614
0,0,0.051134817
1,0,0.051599458
1,0,0.09248555
1,0,0.2637587
1,1,0.6271502
1,1,0.8255517
1,1,0.8287823
1,1,0.78876275
1,1,0.725561
1,1,0.63376725
1,1,0.5000344
1,0,0.36849806
1,0,0.34402525
1,0,0.37132195
1,0,0.4712072
1,1,0.56027347
1,1,0.5849012
1,1,0.57515734
1,1,0.5856514
1,1,0.60050404
1,1,0.66641706
1,1,0.71455383
1,1,0.75696766
1,1,0.70111454
1,1,0.6101765
1,1,0.50620925
1,0,0.3166397
1,0,0.11319309
1,0,0.05231811
1,0,0.036209967
1,0,0.04369871
1,0,0.04736852
1,0,0.051327318
1,0,0.0642559
1,0,0.07424811
1,0,0.07820956
1,0,0.3791265
1,1,0.7643248
1,1,0.8911854
1,1,0.92124003
1,1,0.9457432
1,1,0.91813076
1,1,0.9102063
1,1,0.9061162
1,1,0.89433676
1,1,0.88795304
1,1,0.88823515
1,1,0.9077824
1,1,0.9198606
1,1,0.9034061
1,1,0.8469185
1,1,0.74587
1,1,0.6991871
1,1,0.7532
1,1,0.8106083
1,1,0.8094259
1,1,0.8575038
1,1,0.8932261
1,1,0.8736853
1,1,0.90343666
1,1,0.9160157
1,1,0.85558546
1,1,0.8169485
1,1,0.7789671
1,1,0.7712723
1,1,0.79694927
1,1,0.8076172
1,1,0.81915945
1,1,0.82607216
1,1,0.83414054
1,1,0.8365732
1,1,0.8398501
1,1,0.772299
1,1,0.7840021
1,1,0.831725
1,1,0.8562622
1,1,0.8818299
1,1,0.90699
1,1,0.9136297
1,1,0.88161176
1,1,0.8612304
1,1,0.8489721
1,1,0.8307408
1,1,0.831315
1,1,0.8325224
1,1,0.8452584
1,1,0.8588294
1,1,0.8346892
1,1,0.81621045
1,1,0.7688879
1,1,0.80026084
0,1,0.6252726
0,0,0.44761637
0,0,0.16495886
0,0,0.07426926
0,0,0.041737936
0,0,0.057532877
0,0,0.067054436
0,0,0.06569479
0,0,0.068977386
0,0,0.063391715
0,0,0.069310404
0,0,0.0796923
0,0,0.074790515
0,0,0.061983217
0,0,0.05278921
0,0,0.050851613
0,0,0.051337473
0,0,0.049672823
0,0,0.04721084
0,0,0.04194269
0,0,0.046679243
0,0,0.077850975
0,0,0.16855164
0,0,0.22829814
0,0,0.18413126
0,0,0.068296365
0,0,0.047343187
0,0,0.05043255
0,0,0.046653878
1,0,0.23582236
1,1,0.6209734
1,1,0.73209685
1,1,0.74097097
1,1,0.7302972
1,1,0.7196845
1,1,0.8124532
1,1,0.88675946
1,1,0.9357158
1,1,0.94992304
1,1,0.93772346
1,1,0.9217794
1,1,0.9148669
1,1,0.9096708
1,1,0.90965676
1,1,0.88936067
1,1,0.8611462
1,1,0.8635525
1,1,0.86824614
1,1,0.8765702
1,1,0.8887915
1,1,0.9029758
0,1,0.68979007
0,0,0.32940325
0,0,0.12666152
0,0,0.054788176
0,0,0.03570118
0,0,0.0329345
0,0,0.03425042
0,0,0.03831517
0,0,0.044409845
0,0,0.05189861
0,0,0.06972631
0,0,0.11516339
0,0,0.20505795
0,0,0.16321252
0,0,0.09157836
0,0,0.0878721
0,0,0.07440983
0,0,0.060470603
0,0,0.060251188
0,0,0.053447552
0,0,0.048752476
0,0,0.04935139
0,0,0.039803896
0,0,0.034332495
0,0,0.033453066
0,0,0.031088414
0,0,0.026582997
0,0,0.024591895
0,0,0.026321445
0,0,0.031253383
0,0,0.03370944
0,0,0.033860315
0,0,0.03604426
1,0,0.043113653
1,0,0.0558521
1,0,0.0762731
1,0,0.07146353
1,0,0.05118345
1,0,0.032978237
1,0,0.03686614
1,0,0.069720425
1,0,0.1806787
1,0,0.28279856
1,0,0.25248578
1,0,0.06284436
1,0,0.029888699
1,0,0.03301355
1,0,0.03738445
1,0,0.038579218
1,0,0.034184165
1,0,0.030428365
1,0,0.033229858
1,0,0.039601356
1,0,0.044599347
1,0,0.0493539
0,0,0.067235015
0,0,0.05466597
0,0,0.056351062
0,0,0.17201622
0,0,0.36292917
0,0,0.26344013
0,0,0.20461753
0,0,0.17752396
0,0,0.080954805
0,0,0.10567294
0,0,0.25615266
1,0,0.40195552
1,0,0.4398897
1,0,0.31082457
1,0,0.21904197
1,0,0.17127587
1,0,0.1369067
1,0,0.21925119
1,0,0.28885803
1,0,0.18422684
1,0,0.15260984
1,0,0.13642028
1,0,0.12571561
1,0,0.15054286
1,0,0.09944969
1,0,0.047040798
1,0,0.022388874
1,0,0.018444302
1,0,0.026603058
1,0,0.08198147
1,0,0.20353618
1,0,0.12426411
1,0,0.19542965
1,0,0.269288
1,0,0.15611781
1,0,0.13964228
1,0,0.16639511
1,1,0.64110976
1,1,0.90615857
1,1,0.9567987
1,1,0.9659829
1,1,0.97198135
1,1,0.96877587
1,1,0.95414424
1,1,0.8863376
1,0,0.32636896
1,1,0.66039425
1,1,0.8627791
1,1,0.8826817
1,1,0.9131619
1,1,0.9158656
1,1,0.789927
1,1,0.642515
1,1,0.7216747
1,1,0.83303267
1,1,0.88630533
1,1,0.90282357
1,1,0.95708525
1,1,0.9631485
1,1,0.78674215
1,1,0.60297394
1,0,0.46467942
1,0,0.42121077
1,0,0.44780102
1,0,0.18905823
1,0,0.079048336
1,0,0.07543829
1,0,0.07446068
1,0,0.17225152
1,1,0.5034332
1,0,0.36380923
1,0,0.16573256
1,0,0.10927112
1,0,0.102220856
1,0,0.08242519
1,0,0.21565011
1,0,0.42269236
1,0,0.43020752
1,0,0.4377112
1,1,0.5554554
1,1,0.6911706
1,1,0.8324364
1,1,0.92085624
1,1,0.9641667
1,1,0.9344863
1,1,0.9109791
1,1,0.9209569
1,1,0.84537196
1,1,0.8079323
1,1,0.8731581
0,1,0.9355267
0,1,0.9416336
0,1,0.94753087
0,1,0.95708096
0,1,0.9213429
0,1,0.85424083
0,1,0.66421807
0,1,0.5929252
0,1,0.6066056
0,1,0.7620264
0,1,0.90023357
0,1,0.66377604
0,1,0.63370115
0,1,0.7179323
0,1,0.62466764
0,1,0.5088979
0,0,0.4951068
0,0,0.4824115
0,0,0.46110246
0,0,0.4684657
0,0,0.33914056
0,0,0.3437153
0,0,0.40231398
0,0,0.40455976
0,0,0.4130508
0,0,0.34963325
0,0,0.29100704
0,0,0.28613836
0,0,0.44341916
0,1,0.5067722
0,0,0.2784283
0,0,0.41667068
0,0,0.4506382
0,1,0.55592126
0,0,0.2640403
0,0,0.12073612
0,0,0.049662564
0,0,0.029760437
0,0,0.023417061
0,0,0.030727351
0,0,0.25613222
0,0,0.49512106
0,0,0.4971462
0,0,0.29116076
0,0,0.16067588
0,0,0.1344685
0,0,0.17910959
0,0,0.16001333
0,0,0.13435937
0,0,0.3121122
0,1,0.67023027
1,1,0.57202613
1,0,0.49681494
1,1,0.7183781
1,1,0.863109
1,1,0.8997321
1,1,0.85274094
1,1,0.7650621
1,1,0.81762594
1,1,0.9357151
1,1,0.9472321
1,1,0.9417979
1,1,0.69550854
1,0,0.28773013
1,0,0.061445866
1,0,0.037663974
1,0,0.050691295
1,0,0.05797806
1,0,0.0821914
1,0,0.10244484
1,0,0.08846574
1,0,0.06782265
1,0,0.051121857
1,0,0.041213576
1,0,0.04307256
1,0,0.06841747
1,0,0.110853
1,0,0.12540568
1,0,0.08663353
1,0,0.09137176
1,0,0.19856831
1,0,0.22761844
1,0,0.24731883
1,0,0.2272354
1,0,0.106961936
1,0,0.093464985
1,0,0.12904915
1,0,0.2333751
1,0,0.35032913
1,0,0.17137694
1,0,0.04812987
1,0,0.04793227
1,0,0.09307362
1,0,0.14665446
1,0,0.27651882
1,0,0.37296298
1,0,0.34856525
1,0,0.22633395
1,0,0.19932763
1,0,0.21216561
1,0,0.20974082
1,0,0.18966629
1,0,0.09201056
1,0,0.05074408
1,0,0.050202154
1,0,0.08561841
1,0,0.101468936
1,0,0.060673453
1,0,0.050580375
1,0,0.05442879
1,0,0.062332597
1,0,0.086190246
1,0,0.105292685
1,0,0.074928805
1,0,0.06318402
1,0,0.0611594
1,0,0.065059066
0,0,0.009095625
0,0,0.0065447874
0,0,0.004479653
0,0,0.0037641423
0,0,0.004493518
0,0,0.0036704647
0,0,0.0048622005
0,0,0.0060898797
0,0,0.007526728
0,0,0.013913503
0,0,0.020521183
0,0,0.013002303
0,0,0.004528318
0,0,0.0034586212
0,0,0.0046532587
0,0,0.009469302
0,0,0.0018612446
0,0,0.0017568158
0,0,0.0018765972
0,0,0.0026005346
0,0,0.0032768955
0,0,0.0044067334
0,0,0.006918739
0,0,0.01099336
0,0,0.009018976
0,0,0.005581921
0,0,0.0031850366
0,0,0.0042090914
0,0,0.0057183374
0,0,0.0060746884
0,0,0.0068307896
0,0,0.008363597
0,0,0.010007815
0,0,0.007940639
0,0,0.0071644234
0,0,0.0088992305
0,0,0.009641498
0,0,0.015726713
0,0,0.023640709
0,0,0.030024229
0,0,0.029965417
0,0,0.020736555
0,0,0.01987842
0,0,0.02026022
0,0,0.01965663
0,0,0.015639229
1,0,0.095950186
1,0,0.21836118
1,0,0.20494518
1,0,0.4285858
1,1,0.6796931
1,1,0.5828549
1,0,0.25999555
1,0,0.10232385
1,0,0.2935701
1,0,0.33259425
1,0,0.13876773
1,0,0.08658273
1,0,0.12797795
1,0,0.17019808
1,0,0.17722218
1,0,0.1573561
1,0,0.11549491
1,0,0.12861136
1,0,0.11193741
1,0,0.110826366
1,0,0.15811402
1,0,0.21379642
1,0,0.29855043
1,0,0.30697548
1,0,0.23529053
1,0,0.23065177
1,0,0.25071132
1,0,0.35602963
1,0,0.32203886
1,0,0.28768966
1,0,0.2311208
1,0,0.22284284
1,0,0.34774008
1,1,0.57273906
1,1,0.7487325
1,1,0.87705606
1,1,0.8967733
1,1,0.76387906
1,1,0.7088037
1,1,0.72178185
1,1,0.76278627
1,1,0.80511296
1,1,0.80114955
1,1,0.6601521
1,1,0.71835035
1,1,0.7247096
1,1,0.65386176
1,1,0.6584932
1,1,0.75421196
1,1,0.81714803
1,1,0.82066405
1,1,0.8460876
1,1,0.8110978
1,1,0.7613413
1,1,0.816919
0,0,0.4204813
0,0,0.20022492
0,0,0.079717055
0,0,0.01297844
0,0,0.005602046
0,0,0.0054915682
0,0,0.005564833
0,0,0.0060898913
0,0,0.00739636
0,0,0.0073275114
0,0,0.0065366137
0,0,0.00554877
0,0,0.005586968
0,0,0.006344273
0,0,0.005746128
0,0,0.0048223753
0,0,0.005549406
0,0,0.0068623764
0,0,0.008038741
0,0,0.0070217922
0,0,0.0048541087
0,0,0.0036245582
0,0,0.00380268
0,0,0.005773551
0,0,0.008993084
0,0,0.010506249
0,0,0.007902288
0,0,0.0052809278
0,0,0.0038149978
1,0,0.013834668
1,0,0.020132456
1,0,0.03186828
1,0,0.06931563
1,0,0.2501582
1,0,0.31164405
1,0,0.46849075
1,1,0.55841666
1,1,0.6037221
1,1,0.62887776
1,1,0.66233575
1,1,0.69565904
1,1,0.56874317
1,0,0.39651826
1,1,0.5351532
1,1,0.65294594
1,1,0.6846457
1,1,0.7848075
1,1,0.8682304
1,1,0.8728465
1,1,0.8965857
1,1,0.88313985
0,0,0.18365556
0,0,0.019458298
0,0,0.013604086
0,0,0.023400703
0,0,0.011508458
0,0,0.016874341
0,0,0.022180257
0,0,0.03007554
0,0,0.030774167
0,0,0.03973712
0,0,0.05131319
0,0,0.019947914
0,0,0.0073088133
0,0,0.007777165
0,0,0.0076591666
0,0,0.0066221077
0,0,0.008210665
0,0,0.008863481
0,0,0.00834754
0,0,0.009273172
0,0,0.012933591
0,0,0.01782186
0,0,0.024069536
0,0,0.027669009
0,0,0.022748776
0,0,0.013429001
0,0,0.010777478
0,0,0.01830389
0,0,0.023161426
0,0,0.028585752
0,0,0.044211704
0,0,0.054995384
0,0,0.033596516
0,0,0.0055389986
0,0,0.0044543087
0,0,0.0025395162
0,0,0.002715347
0,0,0.0040270463
0,0,0.007847909
0,0,0.014856703
0,0,0.013215831
0,0,0.010536192
0,0,0.013467662
0,0,0.019727813
0,0,0.027625827
0,0,0.029977659
0,0,0.04570578
0,0,0.07302686
0,0,0.06807212
0,0,0.040449932
0,0,0.027362384
0,0,0.023699818
0,0,0.012325991
0,0,0.006767023
0,0,0.0048939856
0,0,0.0075922306
0,0,0.008565183
0,0,0.008748641
0,0,0.014003435
0,0,0.01552659
0,0,0.011556135
0,0,0.013830044
0,0,0.015158096
0,0,0.017975787
0,0,0.0237483
0,0,0.027701259
0,0,0.036048196
0,0,0.04245868
0,0,0.04266838
0,0,0.04501352
0,0,0.071175694
0,0,0.059744
0,0,0.05536517
0,0,0.0540953
0,0,0.04949105
0,0,0.050239705
0,0,0.05456017
0,0,0.056069523
0,0,0.051132653
0,0,0.054262783
0,0,0.062384203
0,0,0.06735523
0,0,0.061528858
0,0,0.06014621
0,0,0.063070625
0,0,0.073509514
0,0,0.075773306
0,0,0.07369113
0,0,0.07446537
0,0,0.08059662
0,0,0.1042196
0,0,0.13809861
0,0,0.13421239
0,0,0.11233841
0,0,0.110694766
0,0,0.10812737
0,0,0.100712925
0,0,0.09934265
0,0,0.09644809
0,0,0.09484289
0,0,0.10469204
1,1,0.5095664
1,1,0.7554864
1,1,0.921333
1,1,0.9675618
1,1,0.98448586
1,1,0.9908756
1,1,0.99258995
1,1,0.9926771
1,1,0.9899532
1,1,0.9847402
1,1,0.97872704
1,1,0.9360033
1,1,0.9320165
1,1,0.95460767
1,1,0.9648151
1,1,0.95135564
1,1,0.959033
1,1,0.96103466
1,1,0.9673584
1,1,0.9735955
1,1,0.97394377
1,1,0.9706926
1,1,0.9643303
1,1,0.96903
1,1,0.97327876
1,1,0.972762
1,1,0.96418965
1,1,0.9555502
1,1,0.9218293
1,1,0.9173322
1,1,0.9383376
1,1,0.9571239
1,1,0.9610768
1,1,0.894733
1,1,0.87768877
1,1,0.9129069
1,1,0.9315022
1,1,0.92909396
1,1,0.9444293
1,1,0.9621232
1,1,0.9550801
1,1,0.9397938
1,1,0.9315932
1,1,0.9284165
1,1,0.86813456
1,1,0.89933825
1,1,0.91687024
1,1,0.9227443
1,1,0.95244414
1,1,0.9653848
1,1,0.9684691
1,1,0.95403
1,1,0.9204862
1,1,0.9048459
1,1,0.8487724
0,0,0.19639409
0,0,0.030002456
0,0,0.012972964
0,0,0.014651326
0,0,0.020756276
0,0,0.018677969
0,0,0.020659927
0,0,0.021492492
0,0,0.0220957
0,0,0.024396338
0,0,0.026129762
0,0,0.015215091
0,0,0.0128032835
0,0,0.008183303
0,0,0.008719323
0,0,0.013235011
0,0,0.018830098
0,0,0.029895246
0,0,0.029150318
0,0,0.02864904
0,0,0.026410127
0,0,0.025219345
0,0,0.024693212
0,0,0.023785787
0,0,0.02565924
0,0,0.028294854
0,0,0.029500166
0,0,0.031519778
0,0,0.034117974
1,0,0.25900537
1,0,0.4927869
1,1,0.820841
1,1,0.9274255
1,1,0.9594768
1,1,0.9665217
1,1,0.9786648
1,1,0.97652197
1,1,0.9502615
1,1,0.93198824
1,1,0.9203251
1,1,0.9026827
1,1,0.81495434
1,1,0.7930586
1,1,0.7683021
1,1,0.8082065
1,1,0.907036
1,1,0.93627423
1,1,0.94415295
1,1,0.9444294
1,1,0.94982713
1,1,0.94411796
1,1,0.5888921
1,0,0.20916624
1,0,0.118029796
1,0,0.10031882
1,0,0.0656746
1,0,0.07664927
1,0,0.12388321
1,0,0.16575575
1,0,0.13214266
1,0,0.10121712
1,0,0.10676404
1,0,0.11300855
1,0,0.12322209
1,0,0.13449404
1,0,0.13861987
1,0,0.13834004
1,0,0.16168389
1,0,0.19073287
1,0,0.19032878
1,0,0.18436459
1,0,0.14275432
1,0,0.10926571
1,0,0.11574962
1,0,0.11411506
1,0,0.12588552
1,0,0.17602049
1,0,0.29771912
1,0,0.2724805
1,0,0.21388564
1,0,0.17659594
1,0,0.15686367
1,0,0.111665666
1,0,0.09243582
1,0,0.10621036
1,0,0.11060559
1,0,0.11898276
1,0,0.12690647
1,0,0.119181775
1,0,0.13757892
1,0,0.110675886
1,0,0.108379185
1,0,0.1264482
1,0,0.16214602
1,0,0.17485113
1,0,0.15763584
1,0,0.11585482
1,0,0.08352622
1,0,0.0873421
1,0,0.13051842
1,0,0.16585457
1,0,0.17942475
1,0,0.14595382
1,0,0.1205435
1,0,0.095825076
1,0,0.076592356
0,0,0.022110734
0,0,0.029938662
0,0,0.060543522
0,0,0.1318285
0,0,0.3204626
0,0,0.3086976
0,0,0.28035033
0,0,0.31962153
0,0,0.35628772
0,0,0.383718
0,0,0.37399974
0,0,0.32910138
0,0,0.28440103
0,0,0.24554187
0,0,0.22332743
0,0,0.14385185
0,0,0.13570128
0,0,0.0988683
0,0,0.07454021
0,0,0.08144374
0,0,0.07898831
0,0,0.07569706
0,0,0.06717307
0,0,0.05700369
0,0,0.048064332
0,0,0.037776973
0,0,0.038955368
0,0,0.055201016
0,0,0.0807624
0,0,0.09654338
0,0,0.08677843
0,0,0.07770595
0,0,0.08653238
0,0,0.099283785
0,0,0.109341405
0,0,0.1502881
0,0,0.18211344
0,0,0.16820985
0,0,0.12193087
0,0,0.07731531
0,0,0.049591236
0,0,0.03768475
0,0,0.043230496
0,0,0.06928477
0,0,0.053991698
0,0,0.059232667
0,0,0.33771786
0,1,0.57044345
0,1,0.7784849
0,1,0.827122
0,1,0.8566165
0,1,0.8997763
0,1,0.89501435
0,1,0.91221374
0,1,0.9211179
0,1,0.92271674
0,1,0.9396934
0,1,0.9386357
0,1,0.93388045
0,1,0.93662024
0,1,0.92774296
0,1,0.91739786
0,1,0.9380782
0,1,0.91264546
0,1,0.9055249
0,1,0.9255516
0,1,0.94169015
0,1,0.9200442
1,1,0.8518824
1,1,0.812136
1,1,0.8250266
1,1,0.89922833
1,1,0.92438185
1,1,0.9202865
1,1,0.9174129
1,1,0.9164185
1,1,0.9034853
1,1,0.8686754
1,1,0.76993555
0,1,0.81254435
0,1,0.8219677
0,1,0.79595494
0,1,0.8231722
0,1,0.8746718
0,1,0.8121246
0,1,0.76790804
0,1,0.79691064
0,1,0.82407147
0,1,0.73659796
0,1,0.5168851
1,1,0.7351742
1,1,0.8399215
1,1,0.9378388
1,1,0.9766764
1,1,0.983029
1,1,0.94016796
1,1,0.9338601
1,1,0.9772142
1,1,0.9746617
1,1,0.9592268
1,1,0.79127824
0,0,0.3675301
0,0,0.32555735
0,0,0.27911884
0,0,0.21870016
0,0,0.3969089
0,0,0.3866718
0,0,0.38015705
0,0,0.39335334
0,0,0.4213806
0,0,0.40174875
0,0,0.37761635
0,0,0.36558986
0,0,0.34411573
0,0,0.33412808
0,0,0.34967923
0,0,0.3521469
0,0,0.35409006
0,0,0.33127305
0,0,0.22393847
0,0,0.09962687
0,0,0.06729308
0,0,0.060333423
0,0,0.051331647
0,0,0.07641441
0,0,0.1133015
0,0,0.12508176
0,0,0.13193883
0,0,0.13436955
0,0,0.15742157
0,1,0.69987935
0,1,0.77788645
0,1,0.72386307
0,1,0.7306521
0,1,0.7881779
0,1,0.87528837
0,1,0.8642975
0,1,0.83782464
0,1,0.82017773
0,1,0.7303076
0,0,0.44648123
1,1,0.6287204
1,1,0.73279035
1,1,0.8463106
1,1,0.8835029
1,1,0.9080681
1,1,0.910765
1,1,0.91152155
1,1,0.92927396
1,1,0.93939525
1,1,0.9389056
1,1,0.93898094
0,1,0.7759606
0,1,0.5044614
0,0,0.3755159
0,0,0.3776785
0,0,0.41049618
0,0,0.43615508
0,0,0.45831537
0,0,0.45904717
0,0,0.46749938
0,0,0.46084496
0,0,0.43844417
0,0,0.42429882
0,0,0.42546928
0,0,0.41995516
0,0,0.44692802
0,0,0.4593744
0,0,0.43598312
0,0,0.42263407
0,0,0.38592374
0,0,0.3551684
0,0,0.36918145
0,0,0.36583102
0,0,0.3407911
0,0,0.3295608
0,0,0.3272972
0,0,0.36179
0,0,0.39418772
0,0,0.40623257
0,0,0.438732
0,0,0.4567762
0,0,0.45658365
0,0,0.43264586
0,0,0.36759058
0,0,0.330517
0,0,0.3297377
0,0,0.3982078
0,0,0.4756197
0,0,0.4850801
0,0,0.48779613
0,1,0.5062725
0,1,0.5259889
0,1,0.53867245
0,1,0.54159766
0,1,0.5391488
0,1,0.53652996
0,1,0.5342978
0,1,0.5252776
0,1,0.5074399
0,0,0.4915028
0,0,0.45200327
0,0,0.43052784
0,0,0.43710136
0,0,0.4392426
0,0,0.45139968
0,0,0.44469395
0,0,0.058852307
0,0,0.07697061
0,0,0.08131134
0,0,0.06110267
0,0,0.034691487
0,0,0.019435404
0,0,0.022041636
0,0,0.0192074
0,0,0.013918098
0,0,0.011957481
0,0,0.010401736
0,0,0.0112269
0,0,0.021262331
0,0,0.058703754
0,0,0.10697233
0,0,0.1422161
0,0,0.089545704
0,0,0.10451233
0,0,0.12027228
0,0,0.13406834
0,0,0.17074633
0,0,0.20736454
0,0,0.2119099
0,0,0.19010793
0,0,0.15982832
0,0,0.14295518
0,0,0.13613403
0,0,0.13006401
0,0,0.16053782
0,0,0.19444726
0,0,0.2110065
0,0,0.21895954
0,0,0.24447268
0,0,0.3183165
0,0,0.37382013
0,0,0.42767927
0,0,0.45479214
0,0,0.38120484
0,0,0.36363658
0,0,0.46060562
0,1,0.5859564
0,1,0.7079957
0,1,0.7479395
0,1,0.72091293
0,1,0.7391361
0,1,0.77674776
1,1,0.9753322
1,1,0.98674935
1,1,0.9883527
1,1,0.99029714
1,1,0.9903048
1,1,0.9775414
1,1,0.96723795
1,1,0.9720685
1,1,0.9730276
1,1,0.9539408
1,1,0.94036937
1,1,0.95547324
1,1,0.9550589
1,1,0.9605973
1,1,0.9737915
1,1,0.98069465
1,1,0.982249
1,1,0.9781174
1,1,0.96904725
1,1,0.96539915
1,1,0.9658611
1,1,0.9690757
1,1,0.9792286
1,1,0.98307955
1,1,0.9710334
1,1,0.97066575
1,1,0.9678381
1,1,0.97749716
1,1,0.9843778
1,1,0.98452365
1,1,0.98489815
1,1,0.9867497
1,1,0.98441815
1,1,0.98494846
1,1,0.9892475
1,1,0.9899104
1,1,0.98827225
1,1,0.98283744
1,1,0.983316
1,1,0.9780189
1,1,0.98198193
1,1,0.97733593
1,1,0.9743974
1,1,0.97942984
1,1,0.9824025
1,1,0.98476344
1,1,0.9827372
1,1,0.9692192
1,1,0.9516509
1,1,0.9107978
1,1,0.9129285
1,1,0.91311663
1,1,0.9147271
1,1,0.8923136
1,1,0.8039224
0,0,0.3632544
0,0,0.35616747
0,0,0.43317991
0,0,0.4745301
0,0,0.20398173
0,0,0.2638115
0,0,0.20688614
0,0,0.10666858
0,0,0.064577036
0,0,0.08011616
0,0,0.1072994
0,0,0.12370461
0,0,0.07486697
0,0,0.06283243
0,0,0.06812789
0,0,0.050148986
0,0,0.031368926
0,0,0.04232745
0,0,0.05509528
0,0,0.045773298
0,0,0.061225764
0,0,0.08688413
0,0,0.0849739
0,0,0.075100854
0,0,0.08248814
0,0,0.07793807
0,0,0.07882612
0,0,0.08514493
0,0,0.10094029
1,1,0.603462
1,1,0.84008455
1,1,0.91004944
1,1,0.9487537
1,1,0.9668714
1,1,0.95806116
1,1,0.9665328
1,1,0.97608376
1,1,0.9745243
1,1,0.9750602
1,1,0.9656933
1,1,0.97118664
1,1,0.9821961
1,1,0.9890633
1,1,0.99129266
1,1,0.9886282
1,1,0.9814464
1,1,0.976593
1,1,0.9815144
1,1,0.9819203
1,1,0.98245186
1,1,0.98432803
0,1,0.91836655
0,1,0.8075429
0,1,0.78160447
0,1,0.63154477
0,0,0.28983352
0,0,0.254747
0,0,0.23700374
0,0,0.24967133
0,0,0.31047335
0,0,0.29291445
0,0,0.20357798
0,0,0.1367436
0,0,0.12575896
0,0,0.1616837
0,0,0.22688721
0,0,0.2484583
0,0,0.22346973
0,0,0.25239366
0,0,0.26853836
0,0,0.22504126
0,0,0.19790661
0,0,0.2408025
0,0,0.24975568
0,0,0.18527709
0,0,0.13296942
0,0,0.12993886
0,0,0.15048814
0,0,0.13578577
0,0,0.13692056
0,0,0.16274291
0,0,0.21091908
0,0,0.19678651
0,0,0.1652371
1,0,0.13525324
1,0,0.1291093
1,0,0.12906113
1,0,0.1466804
1,0,0.17634252
1,0,0.19024938
1,0,0.19747846
1,0,0.16891834
1,0,0.12738071
1,0,0.12182919
1,0,0.17486107
1,0,0.21627948
1,0,0.18101618
1,0,0.15618467
1,0,0.20568
1,0,0.22685537
1,0,0.2171959
1,0,0.24605814
1,0,0.28730989
1,0,0.27700865
1,0,0.25911638
1,0,0.29528478
0,0,0.018484725
0,0,0.030079743
0,0,0.02848051
0,0,0.048678823
0,0,0.044254683
0,0,0.029799277
0,0,0.002961961
0,0,0.0020841942
0,0,0.0018497242
0,0,0.002280519
0,0,0.0025610486
0,0,0.0045763967
0,0,0.00537769
0,0,0.01674041
0,0,0.0832901
0,1,0.5282841
0,0,0.12983072
0,0,0.059056554
0,0,0.017195096
0,0,0.0078025367
0,0,0.0089063775
0,0,0.016544523
0,0,0.015179159
0,0,0.012285381
0,0,0.010693591
0,0,0.008484344
0,0,0.0070674443
0,0,0.00750594
0,0,0.008872622
0,0,0.008037814
0,0,0.008323005
0,0,0.008851855
0,0,0.009991406
0,0,0.012447642
0,0,0.0121069085
0,0,0.011340166
0,0,0.009772694
0,0,0.0076899095
0,0,0.0078072413
0,0,0.009683259
0,0,0.0147713
0,0,0.014955105
0,0,0.00862005
0,0,0.008300645
0,0,0.0071880007
0,0,0.0057783336
1,0,0.07323845
1,0,0.23906134
1,0,0.30216572
1,0,0.37038273
1,1,0.7689816
1,1,0.83604
1,1,0.66609305
1,1,0.7442483
1,1,0.56502825
1,0,0.34185305
1,0,0.29389635
1,0,0.2484073
1,0,0.31185874
1,1,0.52197707
1,1,0.7233714
1,1,0.8971376
1,0,0.27031958
1,0,0.15656744
1,0,0.15490863
1,0,0.20105487
1,0,0.10810454
1,0,0.14414439
1,0,0.2927047
1,1,0.54831624
1,1,0.8387648
1,1,0.9368653
1,1,0.9566121
1,1,0.966858
1,1,0.9672193
1,1,0.96168387
1,1,0.9632789
1,1,0.9564027
1,1,0.92314476
1,1,0.9313718
1,1,0.9554996
1,1,0.9642587
1,1,0.9730185
1,1,0.98114187
1,1,0.9757001
1,1,0.9810921
1,1,0.98042667
1,1,0.9693834
1,1,0.95946825
1,1,0.9564825
1,1,0.92524
1,1,0.75206447
1,1,0.6180717
1,1,0.6377098
1,1,0.7484964
1,1,0.89525104
1,1,0.9033514
1,1,0.8406355
1,1,0.6287648
1,1,0.612418
1,1,0.8527236
0,1,0.604318
0,1,0.62393856
0,1,0.65398693
0,1,0.52434206
0,0,0.3144086
0,0,0.17859766
0,0,0.11900641
0,0,0.11483775
0,0,0.08419554
0,0,0.07665326
0,0,0.11033038
0,0,0.1859271
0,0,0.20181206
0,0,0.1332502
0,0,0.1129276
0,0,0.13970748
0,0,0.17017433
0,0,0.20019737
0,0,0.16460137
0,0,0.12532677
0,0,0.11275776
0,0,0.16286959
0,0,0.28848886
0,0,0.37173298
0,0,0.2324545
0,0,0.08501458
0,0,0.0633437
0,0,0.05467033
0,0,0.04535646
1,0,0.41304013
1,0,0.4849729
1,0,0.23589885
1,0,0.14284112
1,0,0.40266994
1,1,0.5676307
1,1,0.5893158
1,0,0.48450598
1,1,0.75199515
1,1,0.7825879
1,1,0.60015845
1,1,0.8068728
1,1,0.9196445
1,1,0.9158758
1,1,0.8874856
1,1,0.9236139
1,1,0.9071143
1,1,0.6970618
1,1,0.53158176
1,1,0.6389302
1,1,0.81847936
1,1,0.90649515
0,1,0.5709507
0,0,0.2430023
0,0,0.1276705
0,0,0.017610807
0,0,0.0025146194
0,0,0.002704293
0,0,0.0026624054
0,0,0.0021752042
0,0,0.002182297
0,0,0.0026016457
0,0,0.0036886733
0,0,0.004422368
0,0,0.0034318862
0,0,0.0025247028
0,0,0.0024031901
0,0,0.002391526
0,0,0.002367974
0,0,0.0022503382
0,0,0.0024215495
0,0,0.0026160174
0,0,0.003422577
0,0,0.0038824566
0,0,0.0031862794
0,0,0.002778263
0,0,0.004210767
0,0,0.005248574
0,0,0.0044121845
0,0,0.0029539368
0,0,0.002701573
0,0,0.0037728623
0,0,0.005391945
0,0,0.005850973
0,0,0.003968088
0,0,0.0023142288
0,0,0.0017240307
0,0,0.00184588
0,0,0.002505803
0,0,0.003620598
0,0,0.0032646353
0,0,0.0027950981
0,0,0.002759026
0,0,0.0028869375
0,0,0.0037665477
0,0,0.0065170107
0,0,0.014921118
0,0,0.03155466
0,0,0.130123
0,0,0.37644523
0,0,0.113999784
0,0,0.010654511
0,0,0.017072085
0,0,0.021984488
0,0,0.019537201
0,0,0.02287163
0,0,0.024706697
0,0,0.24430715
0,0,0.14431977
0,0,0.09601677
0,0,0.09294068
0,0,0.24455614
0,0,0.22808342
0,0,0.21812016
0,0,0.22204132
0,0,0.22847408
0,0,0.22329964
0,0,0.20691717
0,0,0.26821783
0,0,0.36495417
0,0,0.41539705
0,0,0.45551527
0,0,0.4828815
0,0,0.41009042
0,0,0.3291629
0,0,0.29902318
0,0,0.29927656
0,0,0.31341162
0,0,0.34220684
0,0,0.35814378
0,0,0.3621431
0,0,0.35925543
0,0,0.36816034
0,0,0.37532607
0,0,0.3489899
0,0,0.31265545
0,0,0.2736177
0,0,0.26919934
0,0,0.2944016
0,0,0.32786083
0,0,0.34708127
0,0,0.34211388
0,0,0.3272063
0,0,0.3291517
0,0,0.34446642
0,0,0.36048406
0,0,0.35311222
0,0,0.3352883
0,0,0.30795285
0,0,0.29426745
0,0,0.29840183
0,0,0.30422798
0,0,0.32002252
0,0,0.30874717
0,0,0.2733595
0,0,0.24316093
0,0,0.23134398
0,0,0.20569076
0,0,0.19453783
0,0,0.197474
0,0,0.19518286
0,0,0.18828543
0,0,0.18892875
0,0,0.19292942
0,0,0.20195758
0,0,0.20130959
0,0,0.20750085
0,0,0.21122074
0,0,0.22013527
0,0,0.22905035
0,0,0.23364754
0,0,0.24039084
0,0,0.23882037
0,0,0.23332554
0,0,0.23173657
0,0,0.22925954
0,0,0.25179505
0,0,0.28508177
0,0,0.2896228
0,0,0.2883657
0,0,0.29292232
0,0,0.26921204
0,0,0.2500193
0,0,0.24573818
0,0,0.2390516
0,0,0.24461925
0,0,0.24307616
0,0,0.23963149
0,0,0.23538393
0,0,0.23210731
0,0,0.22305563
0,0,0.21911955
0,0,0.21904124
0,0,0.2202529
0,0,0.21838136
0,0,0.2170682
0,0,0.22312804
0,0,0.23145911
0,0,0.24357294
0,0,0.25556964
0,0,0.26215675
0,0,0.25705448
0,0,0.24488226
0,0,0.23367013
0,0,0.226311
0,0,0.22044323
0,0,0.2158648
0,0,0.22084104
0,0,0.31064957
0,0,0.39120895
0,0,0.41166362
0,0,0.41284174
0,0,0.39294314
0,0,0.3078002
0,0,0.2641613
0,0,0.25604516
0,0,0.24879508
0,0,0.24989657
0,0,0.25823578
0,0,0.27140033
0,0,0.27830783
0,0,0.27498034
0,0,0.26966733
0,0,0.25940064
0,0,0.25659886
0,0,0.28492188
0,0,0.3219126
0,0,0.3280471
0,0,0.32682088
0,0,0.33091554
0,0,0.3205094
0,0,0.29779276
0,0,0.28531358
0,0,0.26864454
0,0,0.24456878
0,0,0.22602953
0,0,0.22579484
0,0,0.23666562
0,0,0.24233489
0,0,0.35025376
0,0,0.489244
0,1,0.517362
0,1,0.5016596
0,0,0.48645872
0,0,0.37304652
0,0,0.2570733
0,0,0.23710461
0,0,0.2555844
0,0,0.25375843
0,0,0.271811
0,0,0.304402
0,0,0.31624758
0,0,0.30523115
0,0,0.2989601
0,0,0.27309978
0,0,0.24716856
0,0,0.24214149
0,0,0.23818365
0,0,0.23964278
0,0,0.23179056
0,0,0.22815533
0,0,0.22431885
0,0,0.22363682
0,0,0.21616706
0,0,0.227123
0,0,0.23874448
0,0,0.24278119
0,0,0.24478011
0,0,0.24103057
0,0,0.23095758
0,0,0.2220562
0,0,0.21929064
0,0,0.22419721
0,0,0.22998676
0,0,0.23256248
0,0,0.23321986
0,0,0.23388243
0,0,0.23229267
0,0,0.23325315
0,0,0.2376121
0,0,0.23696975
0,1,0.85001796
0,1,0.7396271
0,0,0.25440532
0,0,0.05033544
0,0,0.04909231
0,0,0.090111606
0,0,0.16950664
0,0,0.09966909
0,0,0.072743386
0,0,0.1237497
0,0,0.15183195
1,0,0.09469032
1,0,0.10368048
1,0,0.16006511
1,0,0.1783251
1,0,0.24717256
1,0,0.21185274
1,0,0.27935004
1,0,0.30592462
1,0,0.31440836
1,0,0.29593676
1,0,0.16130528
1,0,0.19354618
1,0,0.4209108
1,1,0.577953
1,1,0.64184755
1,0,0.49828807
1,0,0.31580287
1,0,0.245915
1,0,0.13667615
1,0,0.13754037
1,0,0.14340036
1,0,0.20469566
1,0,0.2518279
1,0,0.142449
1,0,0.083381124
1,0,0.0692174
1,0,0.060796052
1,0,0.0458137
1,0,0.034171548
1,0,0.031862106
1,0,0.034425706
1,0,0.036160927
1,0,0.037294433
1,0,0.041223437
1,0,0.056192227
1,0,0.32549444
1,0,0.4176169
1,0,0.3971751
1,0,0.4607456
1,0,0.4863439
1,0,0.335338
1,0,0.31328908
1,1,0.56531274
1,1,0.79993796
1,1,0.78909594
1,1,0.65882045
1,0,0.40585846
1,1,0.52033365
1,1,0.7218631
1,1,0.82820946
1,1,0.8699065
1,1,0.8385067
1,1,0.77341884
1,1,0.75356865
1,1,0.87943494
1,1,0.84367704
1,1,0.7188073
1,1,0.6504169
1,1,0.5116447
1,0,0.16099626
1,0,0.11182415
1,1,0.783689
1,1,0.86480266
1,1,0.88792485
1,1,0.8937642
1,1,0.91551673
1,1,0.93156946
1,1,0.8951301
1,1,0.6211155
1,1,0.7589393
1,1,0.8513959
1,1,0.69020146
1,1,0.7664285
1,1,0.78907555
1,1,0.6252248
1,0,0.3698125
1,0,0.18461996
1,0,0.09517919
1,0,0.15693189
1,0,0.4003001
1,0,0.49379677
1,0,0.38719258
1,0,0.17527199
1,0,0.35214335
1,0,0.47936702
1,1,0.63895524
1,1,0.6394269
1,1,0.66068316
1,0,0.44213477
1,0,0.13057096
0,0,0.044763446
0,0,0.054990977
0,0,0.27474424
0,0,0.29150704
0,0,0.28329632
0,0,0.33808926
0,0,0.39421904
0,0,0.41844836
0,0,0.43260813
0,0,0.2717944
0,0,0.1724624
0,0,0.27116752
0,0,0.34637472
0,0,0.38085806
0,0,0.46673828
0,0,0.46237186
0,0,0.3829564
0,0,0.30970636
0,0,0.26188827
0,0,0.24683872
0,0,0.22073318
0,0,0.3034995
0,0,0.38511613
0,0,0.37350708
0,0,0.33490434
0,0,0.3143336
0,0,0.24590695
0,0,0.20892954
0,0,0.18394978
1,1,0.6339293
1,1,0.77688706
1,1,0.7435679
1,1,0.8028495
1,1,0.72680354
1,1,0.7916905
1,1,0.8585791
1,1,0.9125927
1,1,0.9359746
1,1,0.94015074
1,1,0.90703934
1,1,0.80454975
1,0,0.39754087
1,0,0.11121233
1,0,0.05838593
1,0,0.057565697
1,0,0.1304255
1,0,0.39647552
1,1,0.69819534
1,1,0.80446607
1,1,0.8307236
1,1,0.8656336
0,1,0.8115629
0,0,0.49308997
0,0,0.17942913
0,0,0.2300798
0,0,0.16869374
0,0,0.26034832
0,0,0.33033225
0,0,0.3647379
0,0,0.3217594
0,0,0.31104296
0,0,0.2633943
0,0,0.16469035
0,0,0.16012353
0,0,0.2403347
0,0,0.26386982
0,0,0.2817716
0,0,0.25577623
0,0,0.2172306
0,0,0.26316082
0,0,0.255573
0,0,0.2481046
0,0,0.23705493
0,0,0.18999541
0,0,0.17889039
0,0,0.14632763
0,0,0.106781475
0,0,0.12647016
0,0,0.17758073
0,0,0.21689181
0,0,0.2065553
0,0,0.16420121
0,0,0.11444416
0,0,0.09986408
1,0,0.12620163
1,0,0.2063353
1,0,0.25740388
1,0,0.3591357
1,0,0.31173816
1,0,0.23369029
1,0,0.17818275
1,0,0.17015992
1,0,0.23240799
1,0,0.34612986
1,0,0.28976062
1,0,0.18780632
1,0,0.16867071
1,0,0.13711523
1,0,0.13055627
1,0,0.12863038
1,0,0.13367169
1,0,0.16091944
1,0,0.21457788
1,0,0.25874114
1,0,0.34659547
1,0,0.35842612
0,0,0.05774305
0,0,0.014282538
0,0,0.0042745234
0,0,0.0020157564
0,0,0.0016421151
0,0,0.0021498944
0,0,0.0025586672
0,0,0.0026902426
0,0,0.0030687384
0,0,0.003178686
0,0,0.0027433322
0,0,0.0022488367
0,0,0.0020001582
0,0,0.0019405336
0,0,0.0020500196
0,0,0.002800659
0,0,0.003037392
0,0,0.003378686
0,0,0.0046974514
0,0,0.005311175
0,0,0.0060382285
0,0,0.0065298695
0,0,0.0052785533
0,0,0.004273649
0,0,0.003934519
0,0,0.0035444396
0,0,0.0036590293
0,0,0.0038478845
0,0,0.003916003
0,0,0.0034738171
0,0,0.0026582931
0,0,0.0022182874
0,0,0.0021248984
0,0,0.0019874866
0,0,0.0018397579
0,0,0.0016215175
0,0,0.0014836377
0,0,0.0012800156
0,0,0.0011621941
0,0,0.0012101718
0,0,0.0012060209
0,0,0.0011845722
0,0,0.0011935562
0,0,0.0011428648
0,0,0.001137766
0,0,0.0010927079
1,0,0.0027658194
1,0,0.00305132
1,0,0.0027215753
1,0,0.0034077568
1,0,0.013168763
1,0,0.021202454
1,0,0.035046604
1,0,0.03021938
1,0,0.025854163
1,0,0.05209513
1,0,0.06128169
0,0,0.03562368
0,0,0.043972913
0,0,0.0899238
0,0,0.10055254
0,0,0.14874195
0,0,0.17472339
0,0,0.20842487
0,0,0.21994492
0,0,0.24875742
0,0,0.2480054
0,0,0.13829157
1,0,0.07240399
1,0,0.07482521
1,0,0.12930621
1,0,0.34345928
1,1,0.66431636
1,1,0.7482795
1,1,0.7346158
1,1,0.65649605
1,1,0.5755421
1,0,0.4813694
1,0,0.33865204
1,0,0.2672673
1,0,0.15897985
1,0,0.07024928
1,0,0.05515824
1,0,0.062673666
1,0,0.06543586
1,0,0.06435325
1,0,0.059584662
1,0,0.06139931
1,0,0.086375274
1,0,0.1404713
0,0,0.21287021
0,0,0.16927153
0,0,0.09441734
0,0,0.09880765
0,0,0.29423675
0,0,0.42426002
0,0,0.47589776
0,0,0.4109882
0,0,0.45096156
0,0,0.4142267
0,0,0.23364483
0,0,0.03379464
0,0,0.01112288
0,0,0.004685215
0,0,0.0029096762
0,0,0.0018981573
0,0,0.0018757838
0,0,0.002141516
0,0,0.0023093293
0,0,0.0022177475
0,0,0.0024286187
0,0,0.0026114301
0,0,0.0028837533
0,0,0.0031071247
0,0,0.0027846117
0,0,0.0022934582
0,0,0.0019192448
0,0,0.0017116447
0,0,0.00177039
0,0,0.001788897
0,0,0.0016417064
0,0,0.0017117251
0,0,0.0017793449
0,0,0.0017224235
0,0,0.0016582112
0,0,0.0015611999
0,0,0.0015144151
0,0,0.0015365807
0,0,0.0015068093
0,0,0.0015253427
1,0,0.006008586
1,0,0.009665669
1,0,0.02113113
1,0,0.081580654
1,0,0.35178605
1,0,0.30619514
1,0,0.24909656
1,0,0.30055046
1,0,0.46587873
1,0,0.30052352
1,0,0.2760897
1,0,0.30062813
1,0,0.2667756
1,0,0.16266583
1,0,0.058419134
1,0,0.03556142
1,0,0.03284679
1,0,0.048116434
1,0,0.064701796
1,0,0.069962315
1,0,0.095344245
1,0,0.20143759
0,0,0.05463519
0,0,0.0150082605
0,0,0.005357705
0,0,0.002480222
0,0,0.0011725075
0,0,0.0014201271
0,0,0.0016072296
0,0,0.0016999778
0,0,0.0018094409
0,0,0.0018153976
0,0,0.002000441
0,0,0.0023586361
0,0,0.0030163229
0,0,0.0033678575
0,0,0.0036096077
0,0,0.0030689018
0,0,0.0027914871
0,0,0.0027995172
0,0,0.0028519526
0,0,0.0027403098
0,0,0.0022229117
0,0,0.0020224852
0,0,0.0019291341
0,0,0.0020876604
0,0,0.0024013026
0,0,0.0026974857
0,0,0.0026939926
0,0,0.0028547607
0,0,0.002735836
0,0,0.0027537185
0,0,0.0027592306
0,0,0.0024897428
0,0,0.0022359851
1,0,0.0021181433
1,0,0.0021187963
1,0,0.0019895353
1,0,0.0019414916
1,0,0.0017673941
1,0,0.0018513254
1,0,0.0019063797
1,0,0.0019250498
1,0,0.0017967972
1,0,0.0016131165
1,0,0.0014612323
1,0,0.0013108774
1,0,0.0012717205
1,0,0.0013461809
1,0,0.0014451197
1,0,0.0015453583
1,0,0.0016175839
1,0,0.001651177
1,0,0.0016710584
1,0,0.0016770669
1,0,0.0018469926
1,0,0.0018083276
0,0,0.15483789
0,0,0.07060343
0,0,0.04981373
0,0,0.08162966
0,0,0.4427016
0,0,0.46027967
0,0,0.48882726
0,1,0.5176832
0,1,0.51331407
0,1,0.50480783
0,1,0.5032615
0,0,0.48143563
0,0,0.45238766
0,0,0.4367145
0,0,0.42673627
0,0,0.3942439
0,0,0.37112924
0,0,0.33037013
0,0,0.2905328
0,0,0.27922317
0,0,0.29640928
0,0,0.3151443
0,0,0.3343626
0,0,0.34870085
0,0,0.34851724
0,0,0.3468836
0,0,0.36351636
0,0,0.3696276
0,0,0.34231505
0,0,0.31440774
0,0,0.29116362
0,0,0.27217022
0,0,0.27819458
0,0,0.29021487
0,0,0.31908056
0,0,0.3338231
0,0,0.358456
0,0,0.37472636
0,0,0.37846026
0,0,0.38106322
0,0,0.36978003
0,0,0.35771984
0,0,0.36176968
0,0,0.3601008
0,0,0.33685735
0,0,0.34596568
1,0,0.33324194
1,0,0.36036205
1,0,0.4021513
1,0,0.422663
1,0,0.42833468
1,0,0.44195092
1,0,0.41675723
1,0,0.3820812
1,0,0.3638085
1,0,0.3408787
1,0,0.3091895
1,0,0.31806654
1,0,0.35852352
1,0,0.3944947
1,0,0.4126752
1,0,0.43441316
1,0,0.46161756
1,0,0.49935564
1,1,0.5707305
1,1,0.65870446
1,1,0.7005392
1,1,0.68774503
1,1,0.6674235
1,1,0.60891753
1,1,0.5207432
1,0,0.4482632
1,0,0.4310237
1,0,0.43148047
1,0,0.44132134
1,0,0.44546872
1,0,0.4316614
1,0,0.40048498
1,0,0.35748488
1,0,0.31332
1,0,0.32421452
1,0,0.35463992
1,0,0.3783289
1,0,0.3883841
1,0,0.41467926
1,0,0.40246934
1,0,0.39067033
1,0,0.37616172
1,0,0.36442757
1,0,0.3604577
0,0,0.40745634
0,0,0.46190527
0,1,0.5330895
0,1,0.58782345
0,1,0.60385436
0,1,0.55379796
0,1,0.5206061
0,0,0.4813628
0,0,0.42997664
0,0,0.42484632
0,0,0.42797482
1,0,0.3896473
1,0,0.3890122
1,0,0.37841818
1,0,0.32032084
1,0,0.26630008
1,0,0.24587095
1,0,0.21731347
1,0,0.20186467
1,0,0.25435603
1,0,0.24970207
1,0,0.23112044
1,0,0.24128354
1,0,0.2775352
1,0,0.32699034
1,0,0.36616418
1,0,0.33817172
1,0,0.3218496
1,0,0.3035697
1,0,0.28482723
1,0,0.29591167
1,0,0.32090163
1,0,0.3338165
1,0,0.34080565
1,0,0.32512018
1,0,0.29174685
1,0,0.28425434
1,0,0.28103712
1,0,0.30738622
1,0,0.33890432
1,0,0.41188666
1,0,0.42039248
1,0,0.41897884
1,0,0.39361313
1,0,0.40522715
1,0,0.40777886
1,0,0.42130166
1,0,0.42396954
1,0,0.43607023
1,0,0.42893034
1,0,0.42988253
0,0,0.4326136
0,0,0.43086582
0,0,0.42084706
0,0,0.4169635
0,0,0.4278267
0,0,0.46792403
0,1,0.50862813
0,1,0.52243245
0,0,0.49175963
0,0,0.47665542
0,0,0.45683044
0,0,0.4241881
0,0,0.40583646
0,0,0.39333728
0,0,0.35522926
0,0,0.30435634
0,0,0.2998206
0,0,0.33436358
0,0,0.35258734
0,0,0.3472302
0,0,0.36834487
0,0,0.36738712
0,0,0.3334067
0,0,0.33647853
0,0,0.36538646
0,0,0.36560544
0,0,0.3701856
0,0,0.3523974
0,0,0.32465634
0,0,0.33114657
0,0,0.3136816
0,0,0.281994
0,0,0.2979944
0,0,0.2779779
0,0,0.26252502
0,0,0.28030828
0,0,0.28601998
0,0,0.26718983
0,0,0.26627067
0,0,0.276236
0,0,0.27417243
0,0,0.2724309
0,0,0.27923155
0,0,0.2948152
0,0,0.28924224
0,0,0.29350883
0,0,0.30158153
0,0,0.32325855
0,0,0.31942594
0,0,0.36833185
0,0,0.43035838
0,0,0.46604007
0,0,0.46364135
0,0,0.47148097
0,0,0.45576465
0,0,0.388522
0,0,0.36433506
0,0,0.36856633
0,0,0.37675717
0,0,0.3763334
0,0,0.38218626
0,0,0.33930442
0,0,0.31427765
0,0,0.30470505
0,0,0.32071713
0,0,0.36060408
0,0,0.008493688
0,0,0.014224532
0,0,0.03216837
0,0,0.09121989
0,0,0.31970853
0,0,0.33660644
0,0,0.32155606
0,0,0.30105403
0,0,0.28230914
0,0,0.27008885
0,0,0.2617131
1,0,0.22845118
1,0,0.2133219
1,0,0.18660167
1,0,0.16671045
1,0,0.15798345
1,0,0.18400216
1,0,0.18707617
1,0,0.1847928
1,0,0.18135887
1,0,0.16616441
1,0,0.14906614
1,0,0.14820094
1,0,0.15709049
1,0,0.16450417
1,0,0.18677177
1,0,0.19401565
1,0,0.1870481
1,0,0.18465611
1,0,0.18434832
1,0,0.1880673
1,0,0.19429734
1,0,0.18907635
1,0,0.18474823
1,0,0.1946312
1,0,0.19539134
1,0,0.19029282
1,0,0.18408774
1,0,0.18701279
1,0,0.19284475
1,0,0.19813885
1,0,0.19706146
1,0,0.1965213
1,0,0.19760075
1,0,0.19750993
1,0,0.19591677
0,0,0.30591625
0,0,0.44695753
0,1,0.5698514
0,1,0.66729283
0,1,0.73039997
0,1,0.72251856
0,1,0.74398553
0,1,0.7863576
0,1,0.8063582
0,1,0.8125082
0,1,0.80620855
0,1,0.8218906
0,1,0.82590604
0,1,0.8040723
0,1,0.8231344
0,1,0.84525746
0,1,0.8460921
0,1,0.851266
0,1,0.8374946
0,1,0.8010213
0,1,0.78644294
0,1,0.82142127
0,1,0.78618187
0,1,0.7556827
0,1,0.73828894
0,1,0.72950953
0,1,0.71149296
0,1,0.70801276
0,1,0.6992527
0,1,0.6944906
0,1,0.6888612
0,1,0.6979436
0,1,0.7045093
1,1,0.7097636
1,1,0.70628166
1,1,0.68634856
1,1,0.67337114
1,1,0.67411834
1,1,0.68033296
1,1,0.674346
1,1,0.67573357
1,1,0.6797746
1,1,0.68367815
1,1,0.6798732
0,1,0.7124502
0,1,0.69695157
0,1,0.67236346
0,1,0.68331504
0,1,0.68109155
0,1,0.69564325
0,1,0.70288664
0,1,0.67397547
0,1,0.636264
0,1,0.63541687
0,1,0.6445172
0,1,0.596707
0,1,0.50787586
0,0,0.44574675
0,0,0.40551385
0,0,0.3082352
0,0,0.27625498
0,0,0.25861123
0,0,0.25967577
0,0,0.25321817
0,0,0.24798195
0,0,0.24770966
0,0,0.24040116
0,0,0.23300502
0,0,0.23595022
0,0,0.24027412
0,0,0.2353475
0,0,0.23226766
0,0,0.23439611
0,0,0.22945675
0,0,0.22319262
0,0,0.22186665
0,0,0.22127037
0,0,0.21609221
0,0,0.21896105
0,0,0.22492756
0,0,0.2233467
0,0,0.22171785
0,0,0.22159919
0,0,0.22631197
1,0,0.31816223
1,0,0.45902374
1,1,0.5645623
1,1,0.63439846
1,1,0.68175346
1,1,0.6645478
1,1,0.68601894
1,1,0.6971448
1,1,0.687776
1,1,0.68535095
1,1,0.6482086
1,1,0.64885354
1,1,0.6564635
1,1,0.6762388
1,1,0.71319026
1,1,0.73949385
1,1,0.72944945
1,1,0.717282
1,1,0.70296866
1,1,0.7019018
1,1,0.7155433
1,1,0.7338317
1,1,0.67323
1,1,0.57475287
1,0,0.43487698
1,0,0.30767095
1,0,0.21662536
1,0,0.21961404
1,0,0.21972646
1,0,0.22075626
1,0,0.22249262
1,0,0.22251852
1,0,0.2198511
1,0,0.21775015
1,0,0.22454076
1,0,0.22862944
1,0,0.22554803
1,0,0.221659
1,0,0.22119856
1,0,0.2218152
1,0,0.21740769
1,0,0.21785353
1,0,0.2261599
1,0,0.2208056
1,0,0.20464718
1,0,0.19828336
1,0,0.20396337
1,0,0.20529227
1,0,0.21237369
1,0,0.20060773
1,0,0.18860903
1,0,0.19071911
1,0,0.19963168
1,0,0.2098893
1,0,0.22208193
1,0,0.22577758
1,0,0.22093785
1,0,0.21802239
1,0,0.21848921
1,0,0.21201879
1,0,0.2048384
1,0,0.20360342
1,0,0.20044982
1,0,0.20382571
1,0,0.20920801
1,0,0.21156593
1,0,0.21200933
1,0,0.21476535
1,0,0.21474682
1,0,0.21207894
1,0,0.21025537
1,0,0.20788844
1,0,0.20320608
1,0,0.20612924
1,0,0.2136271
1,0,0.21301605
1,0,0.21105194
0,0,0.20641865
0,0,0.11597204
0,0,0.09744619
0,0,0.18304865
0,0,0.42842406
0,0,0.38136858
0,0,0.28546214
0,0,0.18031156
0,0,0.12116801
0,0,0.0972963
0,0,0.105406284
0,0,0.102954686
0,0,0.1673857
0,0,0.2081174
0,0,0.2276887
0,0,0.25166386
0,0,0.25926557
0,0,0.2845245
0,0,0.3083567
0,0,0.31822008
0,0,0.3311012
0,0,0.3548596
0,0,0.37755814
0,0,0.41347155
0,0,0.42604405
0,0,0.43542454
0,0,0.429776
0,0,0.386754
0,0,0.3615234
0,0,0.36925048
0,0,0.38182336
0,0,0.43666276
0,1,0.5008689
0,0,0.47118258
0,0,0.41461462
0,0,0.38386765
0,0,0.35388246
0,0,0.34769407
0,0,0.39814344
0,0,0.48709998
0,0,0.49608248
0,0,0.497289
0,1,0.5303301
0,1,0.53863835
0,1,0.5460659
0,1,0.50710905
1,1,0.9028305
1,1,0.94916797
1,1,0.95246947
1,1,0.94619304
1,1,0.92256576
1,1,0.86668557
1,1,0.83268785
1,1,0.8642002
1,1,0.8875607
1,1,0.8970061
1,1,0.9022144
1,1,0.8986194
1,1,0.9034733
1,1,0.9333616
1,1,0.94547236
1,1,0.9576424
1,1,0.94632095
1,1,0.93833345
1,1,0.8974713
1,1,0.8594545
1,1,0.85446024
1,1,0.8427239
0,1,0.8734592
0,1,0.9220338
0,1,0.93692124
0,1,0.9509568
0,1,0.96436924
0,1,0.9617699
0,1,0.95786935
0,1,0.94652575
0,1,0.92925745
0,1,0.92647094
0,1,0.93005276
0,1,0.92804676
0,1,0.93703216
0,1,0.94387937
0,1,0.93403023
0,1,0.8915985
0,1,0.84528005
0,1,0.7375953
0,1,0.71153235
0,1,0.7518335
0,1,0.76495343
0,1,0.7887832
0,1,0.9140513
0,1,0.93958884
0,1,0.93764836
0,1,0.9489614
0,1,0.95921934
0,1,0.9394289
0,1,0.91013896
0,1,0.9312462
0,1,0.94359314
0,1,0.95349175
0,1,0.9643445
0,1,0.92109084
0,1,0.7659574
0,1,0.5289612
0,0,0.29641813
0,0,0.22584172
0,0,0.2178737
0,0,0.22049488
0,0,0.22791244
0,0,0.21894585
0,0,0.21857688
0,0,0.24182017
0,0,0.2713375
0,0,0.2896918
0,0,0.27659923
0,0,0.26296055
0,0,0.26393533
0,0,0.27263784
0,0,0.2889615
0,0,0.3190074
0,0,0.33511537
0,0,0.31482592
0,0,0.29303923
0,0,0.21314517
0,0,0.21277066
0,0,0.25647393
0,0,0.29312354
0,0,0.29779845
0,0,0.29706475
0,0,0.29982796
1,1,0.8251211
1,1,0.914457
1,1,0.91624784
1,1,0.9209659
1,1,0.9313503
1,1,0.92174715
1,1,0.9043504
1,1,0.9103437
1,1,0.9110416
1,1,0.89824784
1,1,0.9009513
0,1,0.9288013
0,1,0.9306468
0,1,0.9191546
0,1,0.91244256
0,1,0.8855436
0,1,0.88741827
0,1,0.9021972
0,1,0.92216927
0,1,0.9376672
0,1,0.9418426
0,1,0.9366718
0,1,0.79274344
0,1,0.54730076
0,0,0.28336626
0,0,0.13136707
0,0,0.118663765
0,0,0.11961279
0,0,0.1349585
0,0,0.21344063
0,0,0.23583804
0,0,0.25526774
0,0,0.25105706
0,0,0.23752774
0,0,0.23751931
0,0,0.26121518
0,0,0.2899071
0,0,0.31821123
0,0,0.3476252
0,0,0.39525557
0,0,0.44335666
0,0,0.4631433
0,0,0.4509151
0,0,0.4257807
0,0,0.4240989
0,0,0.4469349
0,0,0.46707845
0,0,0.49778655
0,1,0.50972766
0,0,0.46064702
0,0,0.4358004
0,0,0.44522125
0,0,0.47964457
0,0,0.49004757
0,0,0.48961926
0,0,0.41115737
0,0,0.32036653
0,0,0.25448596
0,0,0.19505098
0,0,0.144448
0,0,0.1624172
0,0,0.1341587
0,0,0.12655829
0,0,0.13511029
0,0,0.14684646
0,0,0.16213584
0,0,0.18190183
0,0,0.19927111
0,0,0.21026476
0,0,0.2245924
0,0,0.24428484
0,0,0.25571874
0,0,0.27314228
0,0,0.2815745
0,0,0.27615798
0,0,0.27837443
0,0,0.27866718
0,0,0.00027671346
0,0,0.0005584393
0,0,0.00053109793
0,0,0.00036547013
0,0,0.00026100734
0,0,0.0004951445
0,0,0.00048720234
0,0,0.0004269107
0,0,0.00025153332
0,0,0.0001590447
0,0,0.00019778138
0,0,0.00024102889
0,0,0.0002537484
0,0,0.0002912409
0,0,0.00029988756
0,0,0.00045026257
0,0,0.0004935438
0,0,0.00043077223
0,0,0.0004292741
0,0,0.00031365504
0,0,0.0007465617
0,0,0.0008627295
0,0,0.0004689385
0,0,0.00032491412
0,0,0.00027106778
0,0,0.00027383596
0,0,0.00025202255
0,0,0.00031298146
0,0,0.0004035521
0,0,0.00045267193
0,0,0.0006067649
0,0,0.0006261566
0,0,0.00071244495
0,0,0.00068201974
0,0,0.0005971502
0,0,0.0004295699
0,0,0.00040663683
0,0,0.0005992268
0,0,0.00049855636
0,0,0.0004840237
0,0,0.0005217549
0,0,0.0005392046
0,0,0.0004974842
0,0,0.00052667607
0,0,0.0005670543
0,0,0.000540167
1,0,0.16014978
1,1,0.67318404
1,1,0.86097634
1,1,0.88635564
1,1,0.90468454
1,1,0.89619225
1,1,0.9342414
1,1,0.94459647
1,1,0.97416717
1,1,0.9814658
1,1,0.98199856
1,1,0.98993474
1,1,0.989852
1,1,0.98603463
1,1,0.97893244
1,1,0.9735681
1,1,0.9668588
1,1,0.95983547
1,1,0.92889714
1,1,0.91436106
1,1,0.8591134
1,1,0.87994546
1,1,0.9602464
1,1,0.9649203
1,1,0.92065513
1,1,0.8470143
1,1,0.64673567
1,1,0.53753376
1,1,0.50804436
1,0,0.46363676
1,0,0.3546552
1,0,0.3635665
1,1,0.53150606
1,1,0.8535267
1,1,0.91728973
1,1,0.9402049
1,1,0.94847447
1,1,0.9350114
1,1,0.87951857
1,1,0.8337756
1,1,0.8062848
1,1,0.77526104
1,1,0.847629
1,1,0.91060334
0,1,0.9345287
0,1,0.90118575
0,1,0.7754022
0,1,0.54614145
0,0,0.40269026
0,0,0.4397798
0,1,0.54467607
0,1,0.60614765
0,1,0.6250984
0,1,0.6446258
0,1,0.6895988
0,0,0.36986238
0,0,0.13087521
0,0,0.02604832
0,0,0.0024629578
0,0,0.0025483975
0,0,0.0027562813
0,0,0.0027306161
0,0,0.0032712175
0,0,0.000908108
0,0,0.0012691021
0,0,0.003627506
0,0,0.0027794049
0,0,0.000879558
0,0,0.00058923266
0,0,0.0008265494
0,0,0.0007620662
0,0,0.00056490465
0,0,0.00044281603
0,0,0.0005822692
0,0,0.0007121209
0,0,0.00051187276
0,0,0.00040878577
0,0,0.00041447592
0,0,0.0003795881
0,0,0.0003958413
0,0,0.00040249867
0,0,0.0003918262
0,0,0.00038017315
0,0,0.00032213386
1,0,0.017942296
1,0,0.08727956
1,0,0.44425455
1,1,0.73298764
1,1,0.85026455
1,1,0.8469362
1,1,0.86643964
1,1,0.8291992
1,1,0.69250876
1,1,0.6386868
1,1,0.73770446
0,1,0.87120795
0,1,0.92256206
0,1,0.9608987
0,1,0.9651189
0,1,0.91800165
0,1,0.8710687
0,1,0.8410723
0,1,0.82961464
0,1,0.87512165
0,1,0.9216428
0,1,0.9562146
0,1,0.6839185
0,0,0.18718697
0,0,0.018006027
0,0,0.0012137213
0,0,0.00049070775
0,0,0.00055838306
0,0,0.00086320145
0,0,0.0007605906
0,0,0.0006226903
0,0,0.00055194885
0,0,0.0003239024
0,0,0.0002300393
0,0,0.00023031804
0,0,0.0002946867
0,0,0.00038653868
0,0,0.0004734843
0,0,0.00040283758
0,0,0.00028936303
0,0,0.00023358417
0,0,0.00021093794
0,0,0.00025901227
0,0,0.00030530585
0,0,0.0003453052
0,0,0.00033540162
0,0,0.00030140355
0,0,0.00025589834
0,0,0.000204589
0,0,0.00021715875
0,0,0.0002520579
0,0,0.0003388912
0,0,0.00054327876
0,0,0.0008241015
0,0,0.00062819733
0,0,0.0003675256
0,0,0.0002664535
0,0,0.00027832377
0,0,0.00047281972
0,0,0.00075966126
0,0,0.0010792156
0,0,0.00094727194
0,0,0.0006496648
0,0,0.00046225166
0,0,0.00061159756
0,0,0.00068864744
0,0,0.00047534952
0,0,0.0003186189
0,0,0.00028374942
0,0,0.00036612942
0,0,0.0005281425
0,0,0.00061450363
0,0,0.0005871791
0,0,0.00048246214
0,0,0.0004678121
0,0,0.00044407655
0,0,0.00043872985
0,0,0.12808357
0,0,0.10359708
0,0,0.11084147
0,0,0.16728674
0,0,0.3512615
0,0,0.34205464
0,0,0.35194054
0,0,0.3588296
0,0,0.35703507
0,0,0.3556237
0,0,0.34721133
0,0,0.34702882
0,0,0.34966946
0,0,0.33825487
0,0,0.33668348
0,0,0.31599888
0,0,0.35000896
0,0,0.35053465
0,0,0.34157714
0,0,0.32281435
0,0,0.32251608
0,0,0.3326693
0,0,0.3309674
0,0,0.32553774
0,0,0.32641345
0,0,0.33300173
0,0,0.3366382
0,0,0.33268812
0,0,0.33386564
0,0,0.34017238
0,0,0.3349395
0,0,0.33432648
0,0,0.3441727
0,0,0.34738114
0,0,0.34281683
0,0,0.34142426
0,0,0.34552637
0,0,0.3334115
0,0,0.32478806
0,0,0.31772503
0,0,0.32303676
0,0,0.3278817
0,0,0.3267782
0,0,0.33168977
0,0,0.32942855
0,0,0.334596
0,0,0.32859161
0,0,0.3282924
0,0,0.34429786
0,0,0.3558649
0,0,0.3532426
0,0,0.35935596
0,0,0.3859145
0,0,0.36096874
0,0,0.36074227
0,0,0.37888998
0,0,0.35912827
1,0,0.33573034
1,0,0.32287526
1,0,0.33194476
1,0,0.3612375
1,0,0.3613758
1,0,0.35845187
1,0,0.34191057
1,0,0.3484829
1,0,0.3669671
1,0,0.3393633
1,0,0.34421518
1,0,0.35344258
1,0,0.35070562
1,0,0.36591604
1,0,0.36852005
1,0,0.34927523
1,0,0.3841032
1,0,0.38841027
1,0,0.38127404
1,0,0.37600955
1,0,0.37910286
1,0,0.379199
0,0,0.38425225
0,0,0.39652455
0,0,0.40187526
0,0,0.39260727
0,0,0.37417695
0,0,0.39301026
0,0,0.3913502
0,0,0.39445737
0,0,0.38270497
0,0,0.392408
0,0,0.39526698
1,0,0.37772888
1,0,0.38440126
1,0,0.39971283
1,0,0.39800102
1,0,0.41165984
1,0,0.38750815
1,0,0.3751355
1,0,0.38504773
1,0,0.37974608
1,0,0.35398272
1,0,0.3538271
0,0,0.35860598
0,0,0.36265224
0,0,0.38937145
0,0,0.38755012
0,0,0.4040633
0,0,0.40339518
0,0,0.39360896
0,0,0.3840294
0,0,0.38366994
0,0,0.3989162
0,0,0.41837972
0,0,0.4398708
0,0,0.44906464
0,0,0.4474438
0,0,0.44581434
0,0,0.43824384
0,0,0.4364335
0,0,0.44542965
0,0,0.4624668
0,0,0.49129137
0,0,0.48580554
0,0,0.44293207
0,0,0.45266658
0,1,0.5161315
0,1,0.5506613
0,1,0.5625056
0,0,0.4854305
0,0,0.39272422
0,0,0.38293657
1,0,0.376833
1,0,0.3827817
1,0,0.38744947
1,0,0.3887405
1,0,0.3716765
1,0,0.36236855
1,0,0.35886306
1,0,0.35080746
1,0,0.34848022
1,0,0.38545504
1,0,0.41710106
1,0,0.4140862
1,0,0.42165798
1,0,0.41826144
1,0,0.419344
1,0,0.3618289
1,0,0.34980854
1,0,0.35031182
1,0,0.36353168
1,0,0.3714069
1,0,0.36941344
1,0,0.36214536
0,0,0.36770776
0,0,0.36507457
0,0,0.352429
0,0,0.34901184
0,0,0.3690584
0,0,0.36540326
0,0,0.36044267
0,0,0.35340387
0,0,0.35290617
0,0,0.3450492
0,0,0.33604544
0,0,0.33496302
0,0,0.3375665
0,0,0.34172535
0,0,0.35133478
0,0,0.3558291
0,0,0.3707283
0,0,0.37411523
0,0,0.35237643
0,0,0.35455295
0,0,0.3565401
0,0,0.34365565
0,0,0.33126318
0,0,0.33325273
0,0,0.33818936
0,0,0.34257597
0,0,0.3500463
0,0,0.34495136
0,0,0.34194827
0,0,0.3522703
0,0,0.351314
0,0,0.34340915
0,0,0.34891826
0,0,0.35463932
0,0,0.3554125
0,0,0.3543694
0,0,0.35602722
0,0,0.36732483
0,0,0.36708757
0,0,0.3579026
0,0,0.35119778
0,0,0.35643253
0,0,0.35896617
0,0,0.3586462
0,0,0.35227707
0,0,0.35387978
0,0,0.34754306
0,0,0.3355439
0,0,0.34203628
0,0,0.35031167
0,0,0.3495451
0,0,0.34914047
0,0,0.34403113
0,0,0.3420181
0,0,0.34047115
0,1,0.87089187
0,1,0.7146071
0,0,0.29984772
0,0,0.06435085
0,0,0.029301053
0,0,0.0382965
0,0,0.064157754
0,0,0.08572434
0,0,0.11834984
0,0,0.117063686
0,0,0.094452955
0,0,0.080654606
0,0,0.06618943
0,0,0.07877859
0,0,0.101588525
0,0,0.08810882
0,0,0.047969162
0,0,0.02961964
0,0,0.030822178
0,0,0.044014174
0,0,0.046256915
0,0,0.036333013
0,0,0.04118675
0,0,0.05556722
0,0,0.053242274
0,0,0.044875875
0,0,0.049347125
0,0,0.046769343
0,0,0.030026289
0,0,0.01784359
0,0,0.015027434
0,0,0.017031766
0,0,0.020158838
0,0,0.020610822
0,0,0.020544218
0,0,0.019380588
0,0,0.017503882
0,0,0.017061414
0,0,0.017825551
0,0,0.01814532
0,0,0.024045447
0,0,0.025857132
0,0,0.025402235
0,0,0.021209989
0,0,0.017103096
0,0,0.015218408
1,1,0.81123066
1,1,0.9668511
1,1,0.9752226
1,1,0.9828567
1,1,0.98576605
1,1,0.97296125
1,1,0.96248496
1,1,0.9684901
1,1,0.9806943
1,1,0.9521141
1,1,0.9099544
1,1,0.8722991
1,1,0.8004629
1,1,0.66199493
1,1,0.9796007
1,1,0.98908025
1,1,0.9890626
1,1,0.9769006
1,1,0.9319541
1,1,0.9086174
1,1,0.9471592
1,1,0.97492224
1,1,0.99110645
1,1,0.99442106
1,1,0.99254966
1,1,0.99060434
1,1,0.98986536
1,1,0.9827844
1,1,0.9760827
1,1,0.9340128
1,1,0.8350585
1,1,0.8539827
1,1,0.924648
0,1,0.9148444
0,1,0.879621
0,1,0.90251744
0,1,0.89471155
0,1,0.8914936
0,1,0.8733132
0,1,0.8784806
0,1,0.8967984
0,1,0.89999455
0,1,0.89161384
0,1,0.7661528
0,1,0.9549045
0,1,0.94402534
0,1,0.9416668
0,1,0.92148656
0,1,0.8592451
0,1,0.7887784
0,1,0.6412041
0,0,0.49325883
0,0,0.4262113
0,1,0.5387455
0,1,0.82450074
1,1,0.6844785
1,0,0.3467928
1,0,0.108072385
1,0,0.12667483
1,0,0.09911421
1,0,0.10170355
1,0,0.090229146
1,0,0.09870578
1,0,0.11576282
1,0,0.14126326
1,0,0.17162873
1,0,0.14749394
1,0,0.1045298
1,0,0.07105439
1,0,0.052404307
1,0,0.040615167
1,0,0.036902845
1,0,0.040704753
1,0,0.03897233
1,0,0.025644803
1,0,0.021672074
1,0,0.023562822
1,0,0.02758101
1,0,0.029301187
1,0,0.027295575
1,0,0.02866922
1,0,0.027058577
1,0,0.02364695
1,0,0.019087423
1,1,0.6242909
1,1,0.84193975
1,1,0.8719452
1,1,0.8366954
1,1,0.8290756
1,1,0.91834927
1,1,0.9436751
1,1,0.9259347
1,1,0.86428505
1,1,0.71258456
1,1,0.5668245
1,1,0.72914857
1,1,0.8530484
1,1,0.9229558
1,1,0.94959193
1,1,0.9263111
1,1,0.95493704
1,1,0.9483511
1,1,0.9425562
1,1,0.95941436
1,1,0.9736423
1,1,0.97744286
0,0,0.469575
0,0,0.08702319
0,0,0.069696516
0,0,0.079606734
0,0,0.077723294
0,0,0.06723723
0,0,0.04670708
0,0,0.03702489
0,0,0.032752953
0,0,0.03038914
0,0,0.03204002
0,0,0.03903062
0,0,0.046866767
0,0,0.0652297
0,0,0.14598411
0,0,0.26850015
0,0,0.2777551
0,0,0.17967847
0,0,0.08775085
0,0,0.050836008
0,0,0.03809009
0,0,0.027085641
0,0,0.019383097
0,0,0.017705629
0,0,0.0126408655
0,0,0.008484344
0,0,0.007154509
0,0,0.0068493835
0,0,0.005753003
0,0,0.0055433256
0,0,0.0047880253
0,0,0.004158901
0,0,0.0055498956
0,0,0.011779498
0,0,0.039505262
0,0,0.04875233
0,0,0.06745992
0,0,0.23594795
0,0,0.23793533
0,0,0.30619353
0,0,0.29981944
0,0,0.227739
0,0,0.16659035
0,0,0.116525136
0,0,0.060383644
0,0,0.04010749
0,0,0.047834985
0,0,0.03895436
0,0,0.017979953
0,0,0.012978227
0,0,0.02172322
0,0,0.06298066
0,0,0.10043075
0,0,0.11238711
0,0,0.1349849
0,0,0.001406584
0,0,0.0012409466
0,0,0.0020049566
0,0,0.0054043108
0,0,0.089699045
0,0,0.09380711
0,0,0.09356027
0,0,0.10142549
0,0,0.16303644
0,0,0.16797383
0,0,0.09916085
0,0,0.038747456
0,0,0.0059131654
0,0,0.0024822461
0,0,0.00223011
0,0,0.0023454365
0,0,0.0024376288
0,0,0.0038690306
0,0,0.0037811082
0,0,0.00500116
0,0,0.011103625
0,0,0.012519572
0,0,0.0094645135
0,0,0.007137877
0,0,0.007423695
0,0,0.0073626046
0,0,0.006618219
0,0,0.008975078
0,0,0.010340969
0,0,0.008126462
0,0,0.00853062
0,0,0.008908344
0,0,0.004098586
0,0,0.0024320395
0,0,0.002842726
0,0,0.0019569239
0,0,0.0016202851
0,0,0.0019298982
0,0,0.002823759
0,0,0.004807998
0,0,0.015286991
0,0,0.04184867
0,0,0.05475668
0,0,0.07887702
0,0,0.04535737
0,0,0.014005773
0,0,0.12929884
0,0,0.1180134
0,0,0.13741954
0,0,0.2353275
0,0,0.39850587
0,0,0.33132404
0,0,0.3134198
0,0,0.15025339
0,0,0.12527853
0,0,0.10534202
0,0,0.054069657
0,0,0.027715735
0,0,0.044970535
0,0,0.16698115
0,0,0.34630767
0,0,0.3160993
0,0,0.39832023
0,0,0.39714557
0,0,0.15064776
0,0,0.09886448
0,0,0.058484267
0,0,0.0367207
0,0,0.02156967
0,0,0.031401057
0,0,0.051257774
0,0,0.041608952
0,0,0.025031356
0,0,0.022643827
0,0,0.015852857
0,0,0.01641544
0,0,0.028009793
0,0,0.05956149
0,0,0.10453808
0,0,0.08898395
0,0,0.09768088
0,0,0.03690317
0,0,0.009632332
0,0,0.0053172647
0,0,0.0060079335
0,0,0.009093149
0,0,0.017337546
0,0,0.022954036
0,0,0.014554362
0,0,0.010441818
0,0,0.014168637
0,0,0.029829029
0,0,0.06978202
0,0,0.21862996
0,1,0.54545975
0,1,0.53596437
0,0,0.35409644
0,0,0.22864845
0,0,0.27176613
0,0,0.2481837
0,0,0.14785652
0,0,0.013390733
0,0,0.0061065797
0,0,0.005180042
0,0,0.008833885
0,0,0.046366647
0,0,0.0549757
0,0,0.047993008
0,0,0.010274327
0,0,0.0043789716
0,0,0.017031573
0,0,0.015291564
0,0,0.0060850186
0,0,0.013921239
0,0,0.011880872
0,0,0.01617261
0,0,0.035141177
0,0,0.15524708
0,0,0.10685695
0,0,0.058851216
0,0,0.037080593
0,0,0.04437606
0,0,0.057600133
0,0,0.043339595
0,0,0.021471016
0,0,0.011350478
0,0,0.0066512437
0,0,0.0063746544
0,0,0.022066036
0,0,0.12224845
0,1,0.7850391
0,1,0.7272367
0,1,0.5874479
0,1,0.5669446
0,1,0.57207215
0,1,0.6205958
0,0,0.46305865
0,0,0.24420677
0,0,0.06626045
0,0,0.017115332
0,0,0.009643192
0,0,0.018328995
0,0,0.023129407
0,0,0.027206097
0,0,0.039966498
0,0,0.04514154
0,0,0.023886038
0,0,0.016111625
0,0,0.013909016
0,0,0.021153817
0,0,0.023439877
0,0,0.027659794
0,0,0.0025759633
0,0,0.0017483731
0,0,0.0026879394
0,0,0.009573008
0,0,0.0065412633
0,0,0.0027782246
0,0,0.0022565546
0,0,0.0030141196
0,0,0.0024434393
0,0,0.0029343895
0,0,0.010037678
0,0,0.059335776
0,0,0.045123093
0,0,0.03101849
0,0,0.021532204
0,0,0.016254464
0,0,0.01334004
0,0,0.012539182
0,0,0.01366265
0,0,0.021345645
0,0,0.029335415
0,0,0.047846876
0,0,0.048190013
0,0,0.03366403
0,0,0.0375516
0,0,0.05124228
0,0,0.08237325
0,0,0.11338051
0,0,0.122921534
0,0,0.15016472
0,0,0.19331546
0,0,0.20213978
0,0,0.24395348
0,0,0.113014
0,0,0.04930772
0,0,0.028179953
0,0,0.014382803
0,0,0.016688224
0,0,0.10278932
0,0,0.3233264
0,0,0.38483366
0,0,0.40101045
0,0,0.35803908
0,0,0.3096746
0,0,0.32181454
0,0,0.33392254
0,0,0.3457977
0,0,0.36489263
0,0,0.34639874
0,0,0.26714256
0,0,0.23889004
0,0,0.2233187
0,0,0.1969666
0,0,0.22458301
0,0,0.20946532
0,0,0.32384765
0,0,0.087987706
0,0,0.013024609
0,0,0.002058142
0,0,0.0007650746
0,0,0.00045939768
0,0,0.00040467473
0,0,0.0004180552
0,0,0.00043624267
0,0,0.00044982607
0,0,0.0005131679
0,0,0.0013592778
0,0,0.0014526437
0,0,0.0013805196
0,0,0.0019368477
0,0,0.0016597433
0,0,0.0006131419
0,0,0.0006040334
0,0,0.00065431395
0,0,0.0008393135
0,0,0.00087683223
0,0,0.0009671656
0,0,0.0010027325
0,0,0.00093670306
0,0,0.0007371282
0,0,0.00061763555
0,0,0.0006114627
0,0,0.0006020336
0,0,0.00063972466
0,0,0.00068065943
0,0,0.00069917465
0,0,0.00068898353
0,0,0.00069317425
0,0,0.0006728724
0,0,0.000746167
0,0,0.00086382224
0,0,0.00092764606
0,0,0.00095028215
0,0,0.000914917
0,0,0.0010220527
0,0,0.0011089065
0,0,0.0010239684
0,0,0.00092772336
0,0,0.00076096214
0,0,0.0007407582
0,0,0.0007518013
0,0,0.2614369
0,1,0.71888113
0,1,0.94519496
0,1,0.9916339
0,1,0.9946972
0,1,0.9892229
0,1,0.9791119
0,1,0.97571677
0,1,0.9727581
0,1,0.9689571
0,1,0.8758507
1,1,0.8530174
1,1,0.9450757
1,1,0.98570895
1,1,0.9908675
1,1,0.99206746
1,1,0.9971342
1,1,0.9978371
1,1,0.99719584
1,1,0.99518764
1,1,0.9851576
1,1,0.98187476
1,1,0.9928341
1,1,0.99667895
1,1,0.9975768
1,1,0.9968251
1,1,0.99249107
1,1,0.9927816
1,1,0.9885233
1,1,0.9734431
1,1,0.97424465
1,1,0.9734021
1,1,0.95774937
1,1,0.84146345
1,1,0.7059531
1,0,0.34296662
1,0,0.091241196
1,0,0.009455207
1,0,0.0022856211
1,0,0.0037679444
1,0,0.013631077
1,0,0.03206428
1,0,0.0116338
1,0,0.005270013
1,0,0.04698122
1,0,0.059923958
1,0,0.1411769
1,0,0.3043899
1,0,0.17858519
1,0,0.11438436
1,0,0.04955815
1,0,0.04478581
1,0,0.1467267
1,0,0.19866346
1,0,0.06831205
1,0,0.0012250365
1,0,0.0004267721
1,0,0.0004455821
1,0,0.00061642233
1,0,0.0013342851
1,0,0.00073402777
1,0,0.00064802263
1,0,0.0007398249
1,0,0.0007986607
1,0,0.0005776366
1,0,0.00037656212
1,0,0.000314939
1,0,0.00031661402
1,0,0.00038847362
1,0,0.0004937264
1,0,0.00062902796
1,0,0.0007187709
1,0,0.0007504023
1,0,0.00073731854
1,0,0.0007736293
1,0,0.0008114564
1,0,0.00084724446
1,0,0.0007918628
1,0,0.00076048187
1,0,0.0007292259
1,0,0.0006946735
1,0,0.0007102455
1,0,0.0008147195
1,0,0.0007482013
1,0,0.02264108
1,0,0.06704955
1,0,0.045204204
1,0,0.12794146
1,0,0.2743071
1,1,0.7228428
1,1,0.9668024
1,1,0.9812439
1,1,0.9806834
1,1,0.96772546
1,1,0.9022828
1,1,0.94656473
1,1,0.97864085
1,1,0.98028004
1,1,0.9637966
1,1,0.9172917
1,1,0.94516116
1,1,0.6290014
1,0,0.10668221
1,0,0.10101466
1,0,0.20047483
1,0,0.22873951
0,0,0.0014448934
0,0,0.00038273077
0,0,0.00024021258
0,0,0.00019622083
0,0,0.00068806164
0,0,0.000663889
0,0,0.0007405536
0,0,0.0010042948
0,0,0.0012072696
0,0,0.0011635799
0,0,0.0008296367
0,0,0.000552962
0,0,0.00046026113
0,0,0.0004214676
0,0,0.00041587616
0,0,0.00040847337
0,0,0.0003716022
0,0,0.0003391598
0,0,0.0003110016
0,0,0.00027485166
0,0,0.00026662427
0,0,0.000266327
0,0,0.00027474607
0,0,0.0002840499
0,0,0.0002787077
0,0,0.0002834939
0,0,0.00028243582
0,0,0.0003073739
0,0,0.00036055734
0,0,0.00045989364
0,0,0.00059971213
0,0,0.00066803984
0,0,0.0006970639
0,0,0.0008037098
0,0,0.00081467675
0,0,0.00074699573
0,0,0.0007667168
0,0,0.00096661435
0,0,0.0015120598
0,0,0.0013237962
0,0,0.0007825979
0,0,0.00060367945
0,0,0.00054383324
0,0,0.0004917692
0,0,0.0004860932
0,0,0.00049508526
0,0,0.00061822747
0,0,0.0008546538
0,0,0.0009310424
0,0,0.00093648
0,0,0.0010460458
0,0,0.0010180896
0,0,0.0008232491
0,0,0.0007273002
0,0,0.000696598
0,0,0.17917588
0,0,0.03493862
0,0,0.006453059
0,0,0.0013119752
0,0,0.00061016786
0,0,0.00058201654
0,0,0.0005042345
0,0,0.00064470596
0,0,0.00037935583
0,0,0.00020296335
0,0,0.00017398718
1,0,0.00018416207
1,0,0.00021268021
1,0,0.00034274373
1,0,0.00056397275
1,0,0.000289347
1,0,0.00026649618
1,0,0.0003127518
1,0,0.0002084408
1,0,0.00022926678
1,0,0.0004113286
1,0,0.0008098562
1,0,0.002824788
1,0,0.0056951395
1,0,0.0016562232
1,0,0.00043470217
1,0,0.000233692
1,0,0.00020688788
1,0,0.00022431712
1,0,0.00023392873
1,0,0.00022879531
1,0,0.00024242322
1,0,0.00021217647
1,0,0.00020024742
1,0,0.00021411182
1,0,0.00025935922
1,0,0.00032283302
1,0,0.00032685898
1,0,0.00029028926
1,0,0.00027873617
1,0,0.00029536066
1,0,0.00037946
1,0,0.00046416614
1,0,0.0005007381
1,0,0.0005641895
1,0,0.00044594982
1,0,0.19994979
1,1,0.69703764
1,1,0.8459217
1,1,0.92065793
1,1,0.9403471
1,1,0.9234926
1,1,0.9137345
1,1,0.95472825
1,1,0.9588427
1,1,0.9665922
1,1,0.97364694
1,1,0.96335894
1,1,0.9617661
1,1,0.9657032
1,1,0.94515073
1,1,0.91067994
1,1,0.7960689
1,1,0.64507174
1,1,0.73754734
1,1,0.91867733
1,1,0.97668356
1,1,0.98634756
1,1,0.9859622
1,1,0.9855354
1,1,0.9549938
1,1,0.8367605
1,1,0.7128057
1,1,0.60508764
1,1,0.59878445
1,1,0.654743
1,1,0.847277
1,1,0.95812625
1,1,0.9855198
1,1,0.98006445
1,1,0.9873648
1,1,0.9893198
1,1,0.9741805
1,1,0.88221526
1,1,0.7865752
1,1,0.7220979
1,1,0.7691468
1,1,0.88740784
1,1,0.95387906
1,1,0.97926587
0,1,0.96816474
0,1,0.96268106
0,1,0.9521624
0,1,0.89288306
0,1,0.6218978
0,1,0.5965579
0,0,0.4774832
0,0,0.3227912
0,1,0.5804127
0,1,0.636798
0,1,0.6569327
0,0,0.020063996
0,0,0.0018580051
0,0,0.00039324144
0,0,0.00024465466
0,0,0.00031699822
0,0,0.00025662276
0,0,0.00019903752
0,0,0.00021225153
0,0,0.00021942824
0,0,0.00025773278
0,0,0.00028321188
0,0,0.0002612421
0,0,0.0002596603
0,0,0.00035485878
0,0,0.0006913518
0,0,0.0004782665
0,0,0.0003345652
0,0,0.00030766326
0,0,0.00025466213
0,0,0.00020810957
0,0,0.00019348235
0,0,0.00015940149
0,0,0.00015351086
0,0,0.00014515953
0,0,0.0001370744
0,0,0.00013773314
0,0,0.00013434314
0,0,0.00013433417
0,0,0.00014902026
0,0,0.035773057
0,0,0.4858256
0,1,0.92246234
0,1,0.9843015
0,1,0.977733
0,1,0.94018763
0,1,0.9199866
0,1,0.9025605
0,1,0.72959036
0,1,0.79715574
0,1,0.7161214
1,1,0.6306961
1,1,0.6723415
1,1,0.88249487
1,1,0.9621112
1,1,0.9663426
1,1,0.97476566
1,1,0.9677002
1,1,0.9695836
1,1,0.9677458
1,1,0.9461555
1,1,0.96575433
0,0,0.259016
0,0,0.0105186645
0,0,0.0014578202
0,0,0.00049480196
0,0,0.00036822105
0,0,0.00036787716
0,0,0.00024946267
0,0,0.0001839662
0,0,0.00022002468
0,0,0.00025491504
0,0,0.00031249426
0,0,0.0003994461
0,0,0.00033506122
0,0,0.00027767307
0,0,0.0003120804
0,0,0.0003380608
0,0,0.00032247402
0,0,0.00024881415
0,0,0.00017947046
0,0,0.00016710356
0,0,0.00017762129
0,0,0.0001950635
0,0,0.00021486456
0,0,0.00023278758
0,0,0.00025488855
0,0,0.00026115944
0,0,0.00025061864
0,0,0.00024654248
0,0,0.00028290367
0,0,0.00033381267
0,0,0.00031149422
0,0,0.00032714018
0,0,0.0004373088
0,0,0.00043529226
0,0,0.00037685395
0,0,0.00038608938
0,0,0.00037493807
0,0,0.00038671982
0,0,0.00026263966
0,0,0.00022735486
0,0,0.00021930608
0,0,0.00020966587
0,0,0.00025692582
0,0,0.00021044297
0,0,0.00015554125
0,0,0.00016344443
0,0,0.00015898768
0,0,0.00017022052
0,0,0.00019350983
0,0,0.00017835376
0,0,0.00017654269
0,0,0.00019271493
0,0,0.00021929939
0,0,0.00022902054
0,0,0.00022510793
0,0,0.40124896
0,0,0.34408814
0,0,0.2208454
0,0,0.10781059
0,0,0.060502037
0,0,0.047040876
0,0,0.039910246
0,0,0.023930425
0,0,0.011989472
0,0,0.027746687
0,0,0.041653585
0,0,0.0298588
0,0,0.031247813
0,0,0.024513345
0,0,0.011086821
0,0,0.006696694
0,0,0.006567561
0,0,0.007476836
0,0,0.0049465797
0,0,0.0023061507
0,0,0.0025758103
0,0,0.0031029652
0,0,0.0032187859
0,0,0.0048822863
0,0,0.027990714
0,0,0.071546845
0,0,0.049650002
0,0,0.03576942
0,0,0.023493556
0,0,0.011672936
0,0,0.00591157
0,0,0.0048557976
0,0,0.007347902
0,0,0.014194136
0,0,0.012683389
0,0,0.018033333
0,0,0.032914564
0,0,0.03196489
0,0,0.024864148
0,0,0.070588335
0,0,0.08843072
0,0,0.037239462
0,0,0.029617153
0,0,0.01697911
0,0,0.004155855
0,0,0.003295738
0,0,0.28009462
0,1,0.5280972
0,1,0.55987823
0,1,0.75393146
0,1,0.82227147
0,1,0.53412306
0,1,0.5260674
0,1,0.8020864
0,1,0.8990185
0,1,0.9335168
0,1,0.9782275
0,1,0.98532224
0,1,0.983584
0,1,0.9565007
0,1,0.86391413
0,0,0.16889738
0,0,0.13080996
0,0,0.07447436
0,0,0.04934352
0,0,0.047584243
0,0,0.13682595
0,1,0.6941364
0,1,0.9078083
0,1,0.953071
0,1,0.9348429
0,1,0.62700593
0,0,0.06518188
0,0,0.07305815
0,0,0.067290336
0,0,0.10337611
0,0,0.25597814
0,0,0.3699259
0,1,0.5122525
0,1,0.5634163
0,0,0.47586435
0,0,0.2696045
0,0,0.30621752
0,0,0.3114596
0,0,0.3398296
0,0,0.29971322
0,0,0.1892601
0,0,0.15270223
0,0,0.1963679
0,0,0.25573054
0,0,0.27589723
0,0,0.30531675
0,0,0.44703233
0,1,0.66995484
0,1,0.7975916
0,1,0.74615836
0,1,0.70990723
0,1,0.71026117
0,1,0.7351832
0,1,0.6729884
0,1,0.6719683
0,0,0.25559166
0,0,0.13102038
0,0,0.090022616
0,0,0.07396525
0,0,0.03489296
0,0,0.20322987
0,0,0.23612438
0,0,0.21226001
0,0,0.26072863
0,0,0.33016154
0,0,0.42081437
0,1,0.63467234
0,1,0.73684996
0,1,0.7574558
0,1,0.78246874
0,1,0.81927127
0,1,0.7623963
0,1,0.6292641
0,1,0.58370745
0,0,0.17406762
0,0,0.01923719
0,0,0.006317345
0,0,0.0036264963
0,0,0.00314155
0,0,0.0033399262
0,0,0.0038421825
0,0,0.0029653048
0,0,0.0022325583
0,0,0.002121422
0,0,0.19784626
0,0,0.49712846
0,1,0.7021108
0,1,0.6864556
0,1,0.6298362
0,1,0.6302143
0,1,0.5796962
0,0,0.49961498
0,1,0.5914417
0,1,0.7277147
0,1,0.7754039
0,1,0.8289256
0,1,0.8361158
0,1,0.893693
0,1,0.85010797
0,1,0.9074698
0,1,0.92341477
0,1,0.9413992
0,1,0.9199457
0,1,0.8437733
0,1,0.77249175
0,1,0.82228947
0,0,0.20458676
0,0,0.04575795
0,0,0.026270589
0,0,0.012778669
0,0,0.0070568416
0,0,0.009026488
0,0,0.011427601
0,0,0.017027007
0,0,0.017515365
0,0,0.005975179
0,0,0.0045028874
0,0,0.0054381453
0,0,0.005785436
0,0,0.005091759
0,0,0.0034284827
0,0,0.002830742
0,0,0.0032646041
0,0,0.0036965427
0,0,0.003277254
0,0,0.003706772
0,0,0.004391021
0,0,0.0044106366
0,0,0.003561524
0,0,0.0030801012
0,0,0.002680088
0,0,0.0027495304
0,0,0.0031275235
0,0,0.004339031
0,0,0.0045499373
0,0,0.0055311476
0,0,0.012607516
0,0,0.021847725
0,0,0.012707527
0,0,0.0071885996
0,0,0.0057445974
0,0,0.0049180496
0,0,0.0036133942
0,0,0.0034535527
0,0,0.0031236308
0,0,0.0031077552
0,0,0.0029078752
0,0,0.0029621471
0,0,0.0024036637
0,0,0.0022966573
0,0,0.0030964056
0,0,0.005223108
0,0,0.004790111
0,0,0.0044820677
0,0,0.004276454
0,0,0.0053791106
0,0,0.0057765786
0,0,0.006604447
0,0,0.0076388614
0,0,0.0068530077
0,0,0.0040664207
0,0,0.00420839
0,0,0.0061627887
0,0,0.012224878
0,0,0.053937953
0,0,0.3491169
0,0,0.42916742
0,0,0.44179833
0,0,0.3864196
0,0,0.4196629
0,0,0.4416112
0,0,0.38062096
0,0,0.4078895
0,0,0.45725662
0,0,0.40278763
0,0,0.39327127
0,0,0.42917955
0,0,0.3958409
0,0,0.38642597
0,0,0.4257833
0,0,0.42901394
0,0,0.38556626
0,0,0.41564673
0,0,0.42171758
0,0,0.37449548
0,0,0.40724733
0,0,0.4336179
0,0,0.39768645
0,0,0.40993917
0,0,0.4269233
0,0,0.39570922
0,0,0.39616847
0,0,0.40983617
0,0,0.38746846
0,0,0.3834833
0,0,0.41093624
0,0,0.39054468
0,0,0.36772043
0,0,0.38798442
0,0,0.40103662
0,0,0.38850963
0,0,0.38930413
0,0,0.37759125
0,0,0.38986045
0,0,0.39983648
0,0,0.38800663
0,0,0.36275503
0,0,0.35548028
0,0,0.37983665
0,0,0.38793316
0,0,0.38953987
0,0,0.39301574
0,0,0.40714774
0,0,0.4103733
0,0,0.4090243
0,0,0.39401144
0,0,0.38846937
0,0,0.39707807
0,0,0.39762565
0,0,0.40334272
0,0,0.38630918
0,0,0.38438675
0,0,0.38888496
0,0,0.3806925
0,0,0.38359126
0,0,0.37885538
0,0,0.37156573
0,0,0.38106033
0,0,0.39165285
0,0,0.381745
0,0,0.38111335
0,0,0.3960625
0,0,0.4089281
0,0,0.39152673
0,0,0.3653745
0,0,0.37097925
0,0,0.38132274
0,0,0.36391753
0,0,0.36452058
0,0,0.38436836
0,0,0.39939022
0,0,0.399142
0,0,0.38417315
0,0,0.37704954
0,0,0.36646524
0,0,0.37478405
0,0,0.39368865
0,0,0.40464783
0,0,0.40053278
0,0,0.40070382
0,0,0.41049755
0,0,0.40639335
0,0,0.38979515
0,0,0.39465848
0,0,0.4061592
0,0,0.45452788
0,0,0.43090022
0,0,0.42784724
0,0,0.42040122
0,0,0.41846672
0,0,0.41926858
0,0,0.41219813
0,0,0.41339472
0,0,0.41019544
0,0,0.40626273
0,0,0.42330658
0,0,0.4198015
0,0,0.4053207
0,0,0.3940271
0,0,0.39020455
0,0,0.4075448
0,0,0.40555108
0,0,0.39056098
0,0,0.371651
0,0,0.3723363
0,0,0.4039113
0,0,0.42425144
0,0,0.4276999
0,0,0.43398765
0,0,0.423879
0,0,0.4189433
0,0,0.41709155
0,0,0.41947025
0,0,0.43000314
0,0,0.43806455
0,0,0.43089393
0,0,0.4311943
0,0,0.4350223
0,0,0.42708033
0,0,0.42545462
0,0,0.43064263
0,0,0.4349628
0,0,0.43109447
0,0,0.4235301
0,0,0.4199407
0,0,0.42012277
0,0,0.41576385
0,0,0.41867754
0,0,0.422578
0,0,0.4268239
0,0,0.42140198
0,0,0.41991383
0,0,0.41226363
0,0,0.40804675
0,0,0.40587503
0,0,0.40723267
0,0,0.40586802
0,0,0.41404885
0,0,0.4183892
0,0,0.42077956
0,0,0.4141917
0,0,0.4137882
0,0,0.4038136
0,0,0.39833188
0,0,0.39533794
0,0,0.3897304
0,0,0.38770065
0,0,0.38939375
0,0,0.3923475
0,0,0.38553855
0,0,0.37757656
0,0,0.3813135
0,0,0.3824164
0,0,0.37161657
0,0,0.3645329
0,0,0.36392322
0,0,0.36261946
0,0,0.35992196
0,0,0.06683106
0,0,0.011880087
0,0,0.0025625355
0,0,0.0018522984
0,0,0.007475318
0,0,0.006745609
0,0,0.0065691825
0,0,0.0050863596
0,0,0.0038390264
0,0,0.0036449267
0,0,0.004653109
1,0,0.008908385
1,0,0.04914449
1,0,0.24099329
1,1,0.5383513
1,1,0.6424727
1,1,0.5312142
1,0,0.47904018
1,0,0.44678485
1,0,0.4204556
1,0,0.41407093
1,1,0.5481962
1,1,0.58004886
1,1,0.50004864
1,1,0.5285374
1,0,0.3663363
1,0,0.23693432
1,0,0.1341988
1,0,0.11595642
1,0,0.07251778
1,0,0.050322305
1,0,0.0810947
1,0,0.17040357
1,0,0.3529808
1,0,0.29890102
1,0,0.2209817
1,0,0.1144048
1,0,0.09360077
1,0,0.099158205
1,0,0.1196746
1,0,0.2840226
1,0,0.31641808
1,0,0.16657886
1,0,0.07386637
1,0,0.036942028
1,0,0.03673255
1,1,0.88339186
1,1,0.9755799
1,1,0.9787541
1,1,0.9799933
1,1,0.9918829
1,1,0.9958674
1,1,0.99674207
1,1,0.99691844
1,1,0.9958545
1,1,0.9945016
1,1,0.99212575
1,1,0.97822565
1,1,0.9776249
1,1,0.97455466
1,1,0.97403914
1,1,0.9872333
1,1,0.99117696
1,1,0.99356246
1,1,0.99575555
1,1,0.9931901
1,1,0.99170625
1,1,0.9937389
1,1,0.9836511
1,1,0.9804121
1,1,0.98018205
1,1,0.98272324
1,1,0.98288006
1,1,0.98710036
1,1,0.9904242
1,1,0.992423
1,1,0.9938937
1,1,0.9916257
1,1,0.99070203
1,1,0.9856183
1,1,0.9717881
1,1,0.97010696
1,1,0.9769329
1,1,0.9880371
1,1,0.9946017
1,1,0.99565214
1,1,0.9948146
1,1,0.9930206
1,1,0.99362504
1,1,0.9953542
1,1,0.98468274
1,1,0.9716993
1,1,0.95505446
1,1,0.9445257
1,1,0.9634287
1,1,0.9887453
1,1,0.99440163
1,1,0.99560416
1,1,0.99473083
1,1,0.9931431
1,1,0.98833627
0,0,0.2870278
0,0,0.03056611
0,0,0.011360976
0,0,0.014523387
0,0,0.31493676
0,0,0.35327086
0,0,0.2514712
0,0,0.11447286
0,0,0.06618659
0,0,0.028582573
0,0,0.014543874
0,0,0.017521644
0,0,0.020306842
0,0,0.015536091
0,0,0.012425388
0,0,0.010028037
0,0,0.012696034
0,0,0.025206244
0,0,0.043299932
0,0,0.033012196
0,0,0.018458346
0,0,0.014147139
0,0,0.014262246
0,0,0.018109893
0,0,0.026781073
0,0,0.03476511
0,0,0.02715924
0,0,0.024381202
0,0,0.02262593
1,1,0.75316036
1,1,0.90783757
1,1,0.91708934
1,1,0.95564675
1,1,0.9876794
1,1,0.9924251
1,1,0.9931463
1,1,0.9937191
1,1,0.9928352
1,1,0.99312806
1,1,0.99397886
1,1,0.98203456
1,1,0.9943304
1,1,0.997537
1,1,0.9966446
1,1,0.9941386
1,1,0.9945909
1,1,0.9946898
1,1,0.9946214
1,1,0.9943619
1,1,0.99272645
1,1,0.99293464
0,1,0.67072654
0,0,0.21654274
0,0,0.08431263
0,0,0.053051196
0,0,0.15845343
0,0,0.13414052
0,0,0.14479077
0,0,0.118732564
0,0,0.111722454
0,0,0.06394054
0,0,0.030561348
0,0,0.025844542
0,0,0.029187635
0,0,0.04401155
0,0,0.08498992
0,0,0.116190635
0,0,0.16087982
0,0,0.21930543
0,0,0.1654103
0,0,0.11004112
0,0,0.07548939
0,0,0.07154535
0,0,0.08293335
0,0,0.07517696
0,0,0.058961224
0,0,0.026420662
0,0,0.014996325
0,0,0.007902863
0,0,0.011830824
0,0,0.028226295
0,0,0.030953057
0,0,0.04249303
0,0,0.06554976
1,0,0.102682635
1,0,0.146515
1,0,0.17015196
1,0,0.13091904
1,0,0.09761262
1,0,0.0817614
1,0,0.06660355
1,0,0.075571105
1,0,0.10672228
1,0,0.11905241
1,0,0.1041872
1,0,0.091678984
1,0,0.07965715
1,0,0.072637156
1,0,0.093146965
1,0,0.15091728
1,0,0.23023337
1,0,0.2847182
1,0,0.31198826
1,0,0.4029622
1,1,0.51561356
1,1,0.63365483
0,0,0.15933208
0,0,0.10279811
0,0,0.067353666
0,0,0.06816865
0,0,0.12081143
0,0,0.08617305
0,0,0.094911546
0,0,0.15803985
0,0,0.23436669
0,0,0.35194975
0,0,0.2302185
0,0,0.21130973
0,0,0.1694038
0,0,0.17396039
0,0,0.25872937
0,1,0.6436396
0,1,0.5934659
0,0,0.47604528
0,0,0.44561714
0,0,0.26833948
0,0,0.17280564
0,0,0.14302537
0,0,0.19962308
0,0,0.4140046
0,1,0.7142585
0,1,0.8230248
0,1,0.7700921
0,1,0.75664604
0,1,0.7655954
0,1,0.7547812
0,1,0.8082598
0,1,0.8195603
0,1,0.7087279
0,1,0.54071045
0,1,0.5439016
0,0,0.4439288
0,0,0.38186586
0,1,0.5976293
0,1,0.72087663
0,1,0.7320533
0,1,0.72505337
0,1,0.74823457
0,1,0.77263415
0,1,0.7865181
0,1,0.77476484
0,1,0.76370394
1,1,0.95734125
1,1,0.95548695
1,1,0.86535984
1,1,0.6458022
1,1,0.56773984
1,0,0.48932266
1,0,0.49827433
1,1,0.59793043
1,1,0.5525675
1,0,0.484516
1,1,0.5000761
1,0,0.33829764
1,0,0.3121741
1,1,0.5454544
1,1,0.72220415
1,1,0.81473386
1,1,0.86544067
1,1,0.88320714
1,1,0.89587146
1,1,0.93100846
1,1,0.92935467
1,1,0.91477066
1,1,0.8924028
1,1,0.8416303
1,1,0.80713016
1,1,0.8535579
1,1,0.8466227
1,1,0.8452739
1,1,0.83265
1,1,0.70465755
1,1,0.76012367
1,1,0.77929115
1,1,0.7321986
0,1,0.88343644
0,1,0.93086696
0,1,0.9522203
0,1,0.95889825
0,1,0.96178675
0,1,0.9154556
0,1,0.8440949
0,1,0.82830775
0,1,0.8141954
0,1,0.7162726
0,1,0.54548055
1,1,0.8176076
1,1,0.90534794
1,1,0.9568469
1,1,0.9770405
1,1,0.9770922
1,1,0.9648971
1,1,0.9857018
1,1,0.98958766
1,1,0.9879987
1,1,0.98984444
1,1,0.992502
0,1,0.62549675
0,0,0.09789351
0,0,0.0082325
0,0,0.0020460628
0,0,0.0048537035
0,0,0.0037057807
0,0,0.0038634152
0,0,0.004157888
0,0,0.005059593
0,0,0.006015981
0,0,0.00564683
0,0,0.0050999173
0,0,0.00522999
0,0,0.006243265
0,0,0.006256271
0,0,0.006826191
0,0,0.006639219
0,0,0.006881596
0,0,0.014267456
0,0,0.0149316685
0,0,0.008238957
0,0,0.0076711723
0,0,0.011480637
0,0,0.011278973
0,0,0.011586042
0,0,0.016036738
0,0,0.02008455
0,0,0.016984489
0,0,0.013980128
0,1,0.638735
0,1,0.7048761
0,1,0.6794307
0,1,0.6652667
0,0,0.46475223
0,0,0.3400234
0,0,0.33892193
0,0,0.44144452
0,0,0.4119091
0,0,0.4562418
0,1,0.65422153
1,1,0.9291938
1,1,0.9087061
1,1,0.88000536
1,1,0.8473373
1,1,0.7108694
1,0,0.46311298
1,0,0.4801862
1,1,0.54821664
1,1,0.58124137
1,1,0.5965704
1,1,0.7012756
0,0,0.06587087
0,0,0.022961352
0,0,0.019515328
0,0,0.029017655
0,0,0.048110347
0,0,0.042690713
0,0,0.06956799
0,0,0.15156129
0,0,0.27418783
0,0,0.4584502
0,1,0.66454893
0,1,0.6891485
0,1,0.5918221
0,0,0.44704345
0,0,0.28890753
0,0,0.18529914
0,0,0.10695238
0,0,0.09128704
0,0,0.12485772
0,0,0.22000721
0,0,0.3863301
0,0,0.26743907
0,0,0.17259198
0,0,0.16900992
0,0,0.20765947
0,0,0.33188415
0,0,0.47301963
0,0,0.33157614
0,0,0.23436914
0,0,0.17052658
0,0,0.18747623
0,0,0.16451783
0,0,0.19322936
0,0,0.2735198
0,1,0.514327
0,0,0.39214435
0,0,0.24789886
0,0,0.09598191
0,0,0.107878536
0,0,0.099633135
0,0,0.10243709
0,0,0.16011557
0,0,0.22166984
0,0,0.2498951
0,0,0.26344964
0,0,0.231739
0,0,0.17861648
0,0,0.17603111
0,0,0.18288717
0,0,0.15629019
0,0,0.16794005
0,0,0.21742833
0,0,0.25541034
0,0,0.2781815
0,0,0.29237497
0,0,0.2550865
0,0,0.24405757
0,0,0.23484546
0,0,0.21397221
0,0,0.21136846
0,0,0.2518874
0,0,0.24284723
0,0,0.23954763
0,0,0.23732391
0,0,0.21829334
0,0,0.20490846
0,0,0.24084024
0,0,0.27144057
0,0,0.30654648
0,0,0.34598252
0,0,0.3563784
0,0,0.41834387
0,0,0.4034081
0,0,0.3804203
0,0,0.37008613
0,0,0.34000805
0,0,0.33931264
0,0,0.3475786
0,0,0.32816222
0,0,0.2876898
0,0,0.28705943
0,0,0.31868172
0,0,0.30207598
0,0,0.2803782
0,0,0.2936252
0,0,0.30191824
0,0,0.30455944
0,0,0.30404183
0,0,0.29142916
0,0,0.28988063
0,0,0.2978957
0,0,0.29239175
0,0,0.28234467
0,0,0.2821877
0,0,0.26395097
0,0,0.2552299
0,0,0.24438246
0,0,0.23532905
0,0,0.23679565
0,0,0.21778052
0,0,0.21065873
1,0,0.20845288
1,0,0.20265296
1,0,0.22064388
1,0,0.23818369
1,0,0.28141892
1,0,0.28773358
1,0,0.31336305
1,0,0.29535022
1,0,0.27504954
1,0,0.28191736
1,0,0.28824574
1,0,0.32285348
1,0,0.3252765
1,0,0.33545882
1,0,0.33609793
1,0,0.3127291
1,0,0.30752042
1,0,0.33852828
1,0,0.3359249
1,0,0.30955857
1,0,0.3077483
1,0,0.3246263
1,0,0.44264296
1,1,0.5289884
1,1,0.5747731
1,1,0.55595094
1,1,0.55597216
1,0,0.44437146
1,0,0.32112908
1,0,0.36328608
1,0,0.43109167
1,0,0.44010592
1,1,0.50207853
1,1,0.5132336
1,0,0.4992493
1,1,0.50199234
1,0,0.422786
1,0,0.4049296
1,0,0.4282805
1,0,0.42238504
1,0,0.41328102
1,0,0.40298826
1,0,0.39782062
1,0,0.39464658
1,0,0.41570172
1,0,0.43280506
1,0,0.4258839
1,0,0.4322685
1,0,0.4332626
1,0,0.40992683
1,0,0.37477687
1,0,0.34743822
1,0,0.35865504
1,0,0.33614463
1,0,0.3559317
0,0,0.35195395
0,0,0.3601226
0,0,0.42667988
0,0,0.420152
0,0,0.4326524
0,0,0.474447
0,0,0.44632536
0,0,0.4136231
0,0,0.3624212
0,0,0.36686808
0,0,0.39867356
0,0,0.37197652
0,0,0.3125432
0,0,0.3029822
0,0,0.33763662
0,0,0.337328
0,0,0.3146916
0,0,0.24816409
0,0,0.15643282
0,0,0.19440593
0,0,0.30386636
0,0,0.31517136
0,0,0.31235182
0,0,0.26774442
0,0,0.2118847
0,0,0.23232658
0,0,0.29652953
0,0,0.2853612
0,0,0.21968146
0,0,0.20704675
0,0,0.2650181
0,0,0.41883284
0,0,0.4857798
0,0,0.4581286
0,0,0.4636618
0,0,0.41543147
0,0,0.3843081
0,0,0.38084447
0,0,0.3088963
0,0,0.31880698
1,0,0.41346803
1,0,0.4041743
1,0,0.38002062
1,0,0.35734978
1,0,0.33992538
1,0,0.33402818
1,0,0.35374966
1,0,0.34154823
1,0,0.33604285
1,0,0.33861792
1,0,0.3526234
1,0,0.3568341
1,0,0.34251207
1,0,0.31605265
1,0,0.24360828
1,0,0.16862452
1,0,0.1684891
1,0,0.14314607
1,0,0.15362455
1,0,0.14909977
1,0,0.1303754
1,0,0.15834537
1,0,0.17056814
1,0,0.16572545
1,0,0.18024619
1,0,0.21269347
1,0,0.21693286
1,0,0.22149436
1,0,0.20649059
1,0,0.1789992
1,0,0.17259164
1,0,0.15098727
1,0,0.12979296
1,0,0.14453427
1,0,0.17548795
1,0,0.19031261
1,0,0.24895516
1,0,0.3011468
1,0,0.39282838
1,1,0.54478025
1,1,0.6305004
1,1,0.69881064
1,1,0.7928569
1,1,0.75429994
1,1,0.5838177
1,1,0.5505062
1,1,0.538441
1,0,0.38314822
1,0,0.3819185
1,0,0.3616252
1,0,0.35373884
1,0,0.3815112
1,0,0.40905282
1,0,0.35745138
1,0,0.36971325
1,0,0.41391495
1,0,0.40278405
1,0,0.3760052
1,0,0.35466054
1,0,0.35341004
1,0,0.30638286
1,0,0.30393666
1,0,0.3575924
1,0,0.37769753
1,0,0.34093544
1,0,0.3030736
0,0,0.23655586
0,0,0.0958636
0,0,0.010313142
0,0,0.0011340312
0,0,0.0032054102
0,0,0.0014048223
0,0,0.0010714561
0,0,0.0008193514
0,0,0.0006314047
0,0,0.00058609835
0,0,0.0005795932
0,0,0.000708012
0,0,0.00071488833
0,0,0.0012954941
0,0,0.0015557159
0,0,0.0015195721
0,0,0.0017837264
0,0,0.0015531502
0,0,0.0009955713
0,0,0.0011276294
0,0,0.0019833539
0,0,0.0019185562
0,0,0.0020919882
0,0,0.0024340393
0,0,0.002081239
0,0,0.0013606143
0,0,0.000903495
0,0,0.0011021973
0,0,0.0013972783
0,0,0.0018350458
0,0,0.002512086
0,0,0.0023745268
0,0,0.0022645893
0,0,0.0037846481
0,0,0.0025882118
0,0,0.0013373188
0,0,0.001652476
0,0,0.0012978857
0,0,0.0011882355
0,0,0.0010935612
0,0,0.0008665761
0,0,0.0009766788
0,0,0.0011435013
0,0,0.0013291036
0,0,0.0017881521
0,0,0.0014023026
1,0,0.036064427
1,0,0.4326729
1,1,0.7526578
1,1,0.80093706
1,1,0.5921013
1,0,0.26035893
1,0,0.101495266
1,0,0.123811044
1,0,0.012404318
1,0,0.053937986
1,1,0.74684894
1,1,0.94772387
1,1,0.9871476
1,1,0.98482776
1,1,0.988308
1,1,0.9518503
1,1,0.7966288
1,1,0.81765187
1,1,0.86403775
1,1,0.8663307
1,1,0.8664121
1,1,0.7696705
1,1,0.5832696
1,1,0.5983175
1,1,0.71377236
1,1,0.8130545
1,1,0.8945155
1,1,0.9144085
1,1,0.913674
1,1,0.86357653
1,1,0.82743526
1,1,0.7555049
1,1,0.57407856
1,1,0.8776474
1,1,0.89902675
1,1,0.95099056
1,1,0.98240155
1,1,0.98644894
1,1,0.97618675
1,1,0.9837331
1,1,0.9818872
1,1,0.95571417
1,1,0.95013016
1,1,0.96593475
1,1,0.9214943
1,1,0.89497006
1,1,0.9147185
1,1,0.90990245
1,1,0.70510286
1,0,0.34389928
1,1,0.528712
1,1,0.66500515
1,1,0.6938214
1,1,0.5635335
1,0,0.3797935
0,0,0.0055012438
0,0,0.00073158706
0,0,0.00048089027
0,0,0.0004894926
0,0,0.00072423404
0,0,0.0006955552
0,0,0.00093430985
0,0,0.0009885912
0,0,0.0008995849
0,0,0.0008739879
0,0,0.0009206009
0,0,0.0009828373
0,0,0.00091754954
0,0,0.0012381303
0,0,0.0014465518
0,0,0.0012438892
0,0,0.0013822918
0,0,0.0013032896
0,0,0.0011809748
0,0,0.0013435885
0,0,0.0014552015
0,0,0.0013323886
0,0,0.0011986615
0,0,0.0011872692
0,0,0.0011531645
0,0,0.0012396466
0,0,0.00135611
0,0,0.0013768998
0,0,0.0013463727
0,1,0.5276386
0,1,0.9121757
0,1,0.9814932
0,1,0.98402816
0,1,0.9799335
0,1,0.8921354
0,1,0.7067058
0,1,0.6547099
0,1,0.5420299
0,1,0.5863898
0,1,0.9200422
1,1,0.97922224
1,1,0.9878781
1,1,0.9844914
1,1,0.9810326
1,1,0.98527724
1,1,0.9832877
1,1,0.9810625
1,1,0.9763642
1,1,0.92748046
1,1,0.9263327
1,1,0.9223658
1,0,0.14131115
1,0,0.024696382
1,0,0.0053301803
1,0,0.0016150577
1,0,0.0010227894
1,0,0.0008148305
1,0,0.0006452217
1,0,0.00057701697
1,0,0.0007069703
1,0,0.00069886015
1,0,0.00074451836
1,0,0.00084790215
1,0,0.0008184228
1,0,0.00080594
1,0,0.00070928165
1,0,0.0006751714
1,0,0.000711046
1,0,0.0007558586
1,0,0.0007013862
1,0,0.00065906136
1,0,0.0006723108
1,0,0.0007413346
1,0,0.0007273465
1,0,0.0009781618
1,0,0.0012214106
1,0,0.0017451722
1,0,0.0018511236
1,0,0.003488715
1,0,0.00706434
1,0,0.0060616746
1,0,0.0052783084
1,0,0.010504374
1,0,0.014491863
1,0,0.0068302783
1,0,0.004008966
1,0,0.00465344
1,0,0.0023917444
1,0,0.001127625
1,0,0.001033913
1,0,0.0011161822
1,0,0.0012476459
1,0,0.0013998409
1,0,0.0015561532
1,0,0.0012815625
1,0,0.0012716043
1,0,0.0019532524
1,0,0.0028474918
1,0,0.0017454894
1,0,0.00083853374
1,0,0.0008297497
1,0,0.00087178306
1,0,0.00080514816
1,0,0.00085969316
1,0,0.0008910631
1,0,0.0008172422
0,0,0.0007434776
0,0,0.00105926
0,0,0.002004117
0,0,0.0037631604
0,0,0.004619139
0,0,0.004046037
0,0,0.0040256656
0,0,0.004455392
0,0,0.00545487
0,0,0.0064540226
0,0,0.008138081
0,0,0.0104358
0,0,0.011817658
0,0,0.0089589385
0,0,0.011291501
0,0,0.024134582
0,0,0.03001851
0,0,0.028885249
0,0,0.029894408
0,0,0.027820697
0,0,0.02314803
0,0,0.02136669
0,0,0.02427372
0,0,0.029058296
0,0,0.03366707
0,0,0.043399837
0,0,0.031832214
0,0,0.021464206
0,0,0.026058363
0,0,0.030217256
0,0,0.028739152
0,0,0.01997999
0,0,0.016111633
0,0,0.023540506
0,0,0.03250488
0,0,0.024911871
0,0,0.018641591
0,0,0.019917192
0,0,0.014358864
0,0,0.00974713
0,0,0.008811334
0,0,0.0100620445
0,0,0.010650461
0,0,0.010720483
0,0,0.011033237
0,0,0.010809369
1,1,0.7731457
1,1,0.9667848
1,1,0.9640641
1,1,0.9337376
1,1,0.9094276
1,1,0.82592773
1,1,0.62823325
1,1,0.5328591
1,1,0.8989095
1,1,0.9462007
1,1,0.87714446
1,1,0.8770206
1,1,0.94420487
1,1,0.94527954
1,1,0.8920517
1,1,0.771861
1,1,0.67063475
1,1,0.62061656
1,0,0.47220024
1,0,0.27378526
1,0,0.33715048
1,1,0.77816
1,1,0.95905405
1,1,0.9482699
1,1,0.90166086
1,1,0.8606813
1,1,0.80213594
1,1,0.70726246
1,1,0.6747984
1,1,0.6738324
1,1,0.5658121
1,1,0.5167877
1,0,0.3643886
1,0,0.2830672
1,1,0.56194466
1,1,0.8232541
1,1,0.929703
1,1,0.9676283
1,1,0.97679645
1,1,0.9710317
1,1,0.9621717
1,1,0.96796584
1,1,0.87054455
1,1,0.75850046
1,1,0.98681915
1,1,0.9796116
1,1,0.9742605
1,1,0.96616435
1,1,0.9260606
1,1,0.7842018
1,1,0.8169952
1,1,0.91627634
1,1,0.89446354
1,1,0.68107307
1,0,0.36883777
1,0,0.01621002
1,0,0.015257245
1,0,0.016099209
1,0,0.010324176
1,0,0.016604884
1,0,0.02213196
1,0,0.031901836
1,0,0.02615331
1,0,0.01955275
1,0,0.018469695
1,0,0.017898928
1,0,0.01916563
1,0,0.0270712
1,0,0.028538417
1,0,0.02751516
1,0,0.032668915
1,0,0.034721788
1,0,0.036184855
1,0,0.026560653
1,0,0.017228853
1,0,0.014268052
1,0,0.0151134
1,0,0.021388248
1,0,0.023210775
1,0,0.020437773
1,0,0.018435808
1,0,0.018019905
1,0,0.018405901
1,0,0.019390568
1,1,0.59443516
1,1,0.7259897
1,1,0.860133
1,1,0.8841511
1,1,0.8472708
1,1,0.89762604
1,1,0.9257341
1,1,0.85640776
1,1,0.81488144
1,1,0.7635665
1,1,0.68996143
0,1,0.910782
0,1,0.8110224
0,1,0.90284604
0,1,0.93327975
0,1,0.8328532
0,1,0.8319281
0,1,0.8429425
0,1,0.9296341
0,1,0.9380475
0,1,0.8868827
0,1,0.86885136
0,0,0.10870684
0,0,0.01581799
0,0,0.005049392
0,0,0.006762899
0,0,0.01521865
0,0,0.0172784
0,0,0.018805183
0,0,0.012589074
0,0,0.008785405
0,0,0.009380189
0,0,0.012388475
0,0,0.017658886
0,0,0.020796733
0,0,0.024194391
0,0,0.028385896
0,0,0.028688496
0,0,0.02909938
0,0,0.03259653
0,0,0.030608611
0,0,0.031565472
0,0,0.037166167
0,0,0.041637514
0,0,0.049413465
0,0,0.06213377
0,0,0.07386095
0,0,0.08657985
0,0,0.087325566
0,0,0.0731652
0,0,0.059516646
0,0,0.05079931
0,0,0.04671987
0,0,0.050189707
0,0,0.050629284
0,0,0.046039183
0,0,0.042770743
0,0,0.045693688
0,0,0.044504363
0,0,0.044649474
0,0,0.055813238
0,0,0.06669306
0,0,0.07507964
0,0,0.08233515
0,0,0.08171069
0,0,0.07968871
0,0,0.07353442
0,0,0.06969725
0,0,0.07638302
0,0,0.07956993
0,0,0.085629344
0,0,0.10280334
0,0,0.11834544
0,0,0.12406679
0,0,0.1264383
0,0,0.14482884
0,0,0.20272018
