Actual,Predicted,Probability
0,0,0.17969565248351785
0,0,0.14994961933165063
0,0,0.16011437352067148
0,0,0.15957847994084434
0,0,0.174233298121084
0,0,0.1720047366990278
0,0,0.15045319531042836
0,0,0.1797552820152415
0,0,0.1586848908784274
0,0,0.17528229216171287
0,0,0.14548911058607625
0,0,0.2882507466139441
0,0,0.2626342668607491
0,0,0.18855278774902737
0,0,0.19975296544260154
0,0,0.18898606522980038
0,0,0.16360135650475324
0,0,0.2367480604137068
0,0,0.15047131466379704
0,0,0.18678136369465675
0,0,0.20447143244806398
0,0,0.19502051355115135
0,0,0.19426855449480854
0,0,0.22896494854863275
0,0,0.22275845939139793
0,0,0.19907478832454079
0,0,0.2225861498103315
0,0,0.22685906093181848
0,0,0.19687832486695325
0,0,0.2446984073391973
0,0,0.22615926276640214
0,0,0.2392900676962216
0,0,0.23308535813949333
0,0,0.2122816542070397
0,0,0.2010568047564784
0,0,0.15343867523224983
0,0,0.15635387710850582
0,0,0.17477988700824518
0,0,0.15717230571519267
0,0,0.1430537359364664
0,0,0.14381416640873007
0,0,0.10709201737344705
0,0,0.10831624682432285
0,0,0.13637405365345884
0,0,0.13696713066161506
0,0,0.11360196201301065
1,1,0.6401192850645003
1,1,0.6556153300998756
1,1,0.6007331797813309
1,1,0.6317039616191868
1,1,0.6366738206425204
1,1,0.627595004069915
1,1,0.6235079134120749
1,1,0.6729768121786968
1,1,0.6797832675631404
1,1,0.6154015581732367
1,1,0.6033291306148271
0,1,0.6352745316690048
0,1,0.691346329379193
0,1,0.6923934498646909
0,1,0.6075019234575536
0,1,0.5879777720017338
0,1,0.5986832411203453
0,1,0.5529265756114216
0,1,0.6201190174614792
0,1,0.623916175312218
0,1,0.5270720157541363
0,1,0.534879639548492
1,1,0.8296637280389467
1,1,0.8635275305940294
1,1,0.8273263673847175
1,1,0.7921269328873594
1,1,0.8167198726213778
1,1,0.8767094864418066
1,1,0.8079629009056967
1,1,0.8320963340306743
1,1,0.8406623894045431
1,1,0.8231630391667245
1,1,0.8287533067346089
0,1,0.6883153826978421
0,1,0.6944282484871565
0,1,0.6261166938761762
0,1,0.6288627236850182
0,1,0.6355425718066726
0,1,0.578874071434748
0,1,0.5768719369768203
0,1,0.5885394935402949
0,1,0.5781992480040501
0,1,0.5468799881215961
0,1,0.5571984148278774
1,1,0.8191414253641888
1,1,0.8091216075315079
1,1,0.8140015750049937
1,1,0.7986646384994578
1,1,0.7408157221387492
1,1,0.6883702528125051
1,1,0.6988552428392165
1,1,0.7378215390503988
1,1,0.7030602978541335
1,1,0.7170911084512521
1,1,0.7427119805013334
0,0,0.2389419733846857
0,0,0.22965898692813116
0,0,0.25396492366092416
0,0,0.23402313713807404
0,0,0.22830462700655565
0,0,0.21256642260839503
0,0,0.2208693404890909
0,0,0.2052740835465771
0,0,0.21453323427433188
0,0,0.2433544921058988
0,0,0.25579242185553147
0,0,0.2673560065599226
0,0,0.27159431258418093
0,0,0.2854501632395819
0,0,0.25904828046435
0,0,0.2685074128654534
0,0,0.26821632009681307
0,0,0.20007373444919943
0,0,0.10656181848671788
0,0,0.17091843579604782
0,0,0.13894213559384208
0,0,0.150593144812305
0,0,0.1909558565025052
0,0,0.15993177301926045
0,0,0.19598243561317744
0,0,0.1695231125222773
0,0,0.1674547178412833
0,0,0.19647791177480106
0,0,0.2063002393703445
1,1,0.7845875467917438
1,1,0.8230262255683152
1,1,0.8515305454970857
1,1,0.7908707466638528
1,1,0.8042754706330477
1,1,0.8183193909193414
1,1,0.8318093370970233
1,1,0.7719492370784095
1,1,0.7489367045902848
1,1,0.7100547586748585
1,1,0.6787307963374307
0,1,0.6061918237803318
0,1,0.6998873391462054
0,1,0.6989362166537929
0,1,0.71348329830433
0,1,0.7712689792698556
0,1,0.7769364668603564
0,1,0.7914505800008943
0,1,0.800098685196244
0,1,0.75876732614877
0,1,0.7261658214073361
0,1,0.766385289414385
0,0,0.14213105594360764
0,0,0.16663995216000935
0,0,0.1586290860331753
0,0,0.14669742284070572
0,0,0.14664731974599124
0,0,0.15169928169087554
0,0,0.13597588441348343
0,0,0.12228705332273188
0,0,0.13012167113143497
0,0,0.13666989756977602
0,0,0.14180995654161177
0,0,0.13517863542656883
0,0,0.1234613822546497
0,0,0.1473312293795285
0,0,0.1418338335479917
0,0,0.11837005548609592
0,0,0.13393987448265796
0,0,0.10148766055292704
0,0,0.10292555626602773
0,0,0.12730877820078798
0,0,0.1635781333065562
0,0,0.16741224334629
0,0,0.16027553110300116
0,0,0.15529097955047322
0,0,0.14036632565282725
0,0,0.1545216302515316
0,0,0.19208201582753934
0,0,0.17205948189740497
0,0,0.16540428200901064
0,0,0.1720163145434462
0,0,0.17425623212827307
0,0,0.16907092654583378
0,0,0.1576573698633114
0,0,0.18480551285596583
0,0,0.1508245836602352
0,0,0.16120155636012312
0,0,0.18784675410612114
0,0,0.1996275713757465
0,0,0.1876836460090124
0,0,0.16740523869185714
0,0,0.16066346147096097
0,0,0.1719141847597323
0,0,0.1912133615564953
0,0,0.18941129259154357
0,0,0.19801824453203173
0,0,0.18188862353284418
0,0,0.18657221351025735
0,0,0.18174573085865442
0,0,0.17293440319062853
0,0,0.15617513615656767
0,0,0.13943909485074749
0,0,0.1496067768344535
0,0,0.15583412130963267
0,0,0.15044691043684094
0,0,0.15495133999796967
0,0,0.2990676971896219
0,0,0.28399556769540235
0,0,0.2727569573073136
0,0,0.26086771076492876
0,0,0.2626882983464353
0,0,0.28292614974632846
0,0,0.24979247604484622
0,0,0.3092236820613458
0,0,0.27136909102337875
0,0,0.2933864540153321
0,0,0.3230834023946919
0,0,0.2103147162028184
0,0,0.26333610724473283
0,0,0.2594182978187655
0,0,0.2790026793998752
0,0,0.2636411404324407
0,0,0.25158311896372104
0,0,0.25118588110036344
0,0,0.2571216759799103
0,0,0.2126117748848373
0,0,0.25420820469564204
0,0,0.29015644152027
0,0,0.27740504298004004
0,0,0.19940897406296582
0,0,0.2412466455465555
0,0,0.2739527325218348
0,0,0.2611697609545928
0,0,0.2731595052080502
0,0,0.2512990518622455
0,0,0.19253889653359135
0,0,0.21403973395333303
0,0,0.19948039419435518
0,0,0.14718403801430002
0,0,0.15605132173851677
0,0,0.18753673697188122
0,0,0.19944097274726516
0,0,0.19296471022093992
0,0,0.1934768918188806
0,0,0.15501417634539263
0,0,0.16079209504672057
0,0,0.17948433272461803
0,0,0.19169475646101816
0,0,0.17615346778338176
0,0,0.1665274386273702
0,0,0.2045037557090695
0,0,0.2221363907527559
1,1,0.6005899540132174
1,1,0.6339706148662709
1,1,0.5715729616784091
1,1,0.5294822715012973
1,1,0.6162256011997669
1,1,0.6348156254036961
1,1,0.6877329727498449
1,1,0.6085669193438502
1,1,0.6319205002545334
1,1,0.599081724702609
1,0,0.408335965288148
1,1,0.6524939517689684
1,1,0.7568888212098137
1,1,0.6308930323114069
1,1,0.584970658006819
1,1,0.6536234737843887
1,1,0.6303931015628776
1,1,0.6408588639966675
1,1,0.5825362054865887
1,1,0.5145065809507535
1,1,0.5991900546503374
1,1,0.6148814160237719
1,1,0.8403273510580246
1,1,0.7052471543332492
1,1,0.6214387677204426
1,1,0.7028723631370326
1,1,0.6660608065087336
1,1,0.6930843557232579
1,1,0.6063091936974723
1,1,0.5455562092477847
1,1,0.6239793291089986
1,1,0.6664565497270563
1,1,0.6608598968969984
1,1,0.6195005684678182
1,1,0.6866275805824401
1,1,0.7268088333848272
1,1,0.6861918182574549
1,1,0.7471609855479879
1,1,0.7005451775613218
1,1,0.7294946844457175
1,1,0.7674837595769759
1,1,0.8062484125857065
1,1,0.7814666632009252
1,1,0.7440881333899055
1,1,0.7830622810918946
1,1,0.7832396637274676
1,1,0.7855935517682572
1,1,0.8146658973018909
1,1,0.7306670321736461
1,1,0.6604226252220345
1,1,0.7762671739105204
1,1,0.8205282182977683
1,1,0.8207834654504653
1,1,0.5784917133859555
1,0,0.39805514752896726
0,0,0.2714359763576993
0,0,0.26876781648153364
0,0,0.2451214630732732
0,0,0.27274296464241854
0,0,0.23858811014254314
0,0,0.20392303228198969
0,0,0.1800722397818864
0,0,0.20359654290434062
0,0,0.19310963028062672
0,0,0.16799966496287413
0,0,0.19522832381918329
0,0,0.1867836013297284
0,0,0.14257464428679154
0,0,0.13928329878028353
0,0,0.17245650725287962
0,0,0.1880910337124077
0,0,0.20909983725989728
0,0,0.19261204411337737
0,0,0.14981696930780417
0,0,0.15553761086523146
0,0,0.16672434972106528
0,0,0.16382624701630377
0,0,0.15895159262568062
0,0,0.153267020839059
0,0,0.1531528161645129
0,0,0.1712642303483505
0,0,0.17023969051008883
0,0,0.1617262067868659
0,0,0.13602639762165075
1,1,0.7020996795045233
1,1,0.6453807737866503
1,1,0.762131508640287
1,1,0.7548257085286052
1,1,0.7312732816452976
1,1,0.7977214071940648
1,1,0.7063897371641467
1,1,0.6274737828437424
1,1,0.7113169320905481
1,1,0.6917146183376083
1,0,0.49985488311369947
1,1,0.7173178897764952
1,1,0.7533780834984499
1,1,0.7703050378619148
1,1,0.7877665444439087
1,1,0.8095615597677992
1,1,0.7932884621779291
1,1,0.8237433101764744
1,1,0.8340784333675221
1,1,0.8225349825927707
1,1,0.7941152351988603
1,1,0.793535590149781
1,0,0.24322376336991428
1,0,0.26001866608588153
1,0,0.2633649783277152
1,0,0.2531743389138607
1,0,0.27597515289647556
1,0,0.22527641874310667
1,0,0.24618787465752873
1,0,0.2160882665523961
1,0,0.2068666905914063
1,0,0.2157005038251839
1,0,0.25348396869563894
1,0,0.2822345104140529
1,0,0.28599336093995775
1,0,0.2907027392750668
1,0,0.2946557305872403
1,0,0.29486384162338186
1,0,0.3141336783504946
1,0,0.3056423854396476
1,0,0.24602975322895862
1,0,0.22271018234869902
1,0,0.2628964584776809
1,0,0.24171901474892227
1,0,0.2544832737818246
1,0,0.2857524173938386
1,0,0.30097371288922775
1,0,0.33259247259347935
1,0,0.279938955377123
1,0,0.3058328401123068
1,0,0.30437487562107796
1,0,0.2938943704783679
1,0,0.26232386046110756
1,0,0.2917391117968095
1,0,0.30076367262497716
1,0,0.28978963990641615
1,0,0.2567864986779341
1,0,0.24923934217526766
1,0,0.2568364331674019
1,0,0.24802745077366098
1,0,0.2851125820245327
1,0,0.30600592857696224
1,0,0.36466080224391545
1,0,0.29180420271338514
1,0,0.32637561504033386
1,0,0.3147807213219377
1,0,0.31055927842643793
1,0,0.30469240478395165
1,0,0.3160498289050525
1,0,0.27385559263471404
1,0,0.2800398359597908
1,0,0.3109949780550717
1,0,0.35382126814638376
1,0,0.3908828854238716
1,0,0.33950661925036996
1,0,0.337882253760098
1,0,0.3548349257124117
0,0,0.38694497261952904
0,0,0.3489097520458666
0,0,0.3361201020689874
0,0,0.32299990661985645
0,0,0.29816849940835666
0,0,0.3077879300138383
0,0,0.3275110950221739
0,0,0.25063784167615055
0,0,0.24226668101995327
0,0,0.33985029529835287
0,0,0.3962129755577596
0,0,0.2981947071247601
0,0,0.28854089126060545
0,0,0.27660453702749277
0,0,0.24170613754669248
0,0,0.2839669608409392
0,0,0.24606848928880395
0,0,0.26705663412155567
0,0,0.2589358782626228
0,0,0.24824453128445062
0,0,0.28036385768302124
0,0,0.24968331001034424
0,0,0.30622329500379125
0,0,0.31684774831548834
0,0,0.30107761979665193
0,0,0.2952778758348099
0,0,0.28859597191711495
0,0,0.3024517893305754
0,0,0.25040865945557944
0,0,0.303234399646071
0,0,0.2926599399910992
0,0,0.2884973820356852
0,0,0.23296734487382792
0,0,0.37171859858812456
0,0,0.3743095263416191
0,0,0.23325027193464723
0,0,0.2386731627404404
0,0,0.25224015333376554
0,0,0.23816309698129287
0,0,0.2455442504481242
0,0,0.25574950346183906
0,0,0.1926593097184149
0,0,0.22676045168894834
0,0,0.30135017297923294
0,0,0.34527209588639707
0,0,0.28450131239897164
0,1,0.7537464794875514
0,1,0.7640265358743263
0,1,0.7614398718583747
0,1,0.7733961361587728
0,1,0.7338420674714077
0,1,0.792264241997727
0,1,0.8325564047686824
0,1,0.8433846954020362
0,1,0.8506128543029682
0,1,0.8595547904612415
0,1,0.8240870229504607
1,1,0.6216037802993687
1,1,0.821002648937969
1,1,0.809587547441104
1,1,0.7876278575022357
1,1,0.7450221866062325
1,1,0.8315905735488377
1,1,0.8139294213562631
1,1,0.791590330028256
1,1,0.7959050301261464
1,1,0.7505244362588271
1,1,0.7350960794853321
1,1,0.7728503045879225
1,1,0.7457875872022671
1,1,0.7848117752836924
1,1,0.78999585740647
1,1,0.7890686830523951
1,1,0.7879897195530517
1,1,0.7817070013743573
1,1,0.7738296611416396
1,1,0.8143771938168526
1,1,0.7521230872539861
1,1,0.594383518954346
0,1,0.8311761759172057
0,1,0.8170484537167283
0,1,0.8389057558747717
0,1,0.8333748431665755
0,1,0.8099210882126563
0,1,0.790173939505751
0,1,0.7986227747462645
0,1,0.8080159084610068
0,1,0.8060121269166121
0,1,0.8274307484920564
0,1,0.7226577868386742
1,1,0.7787979893593753
1,1,0.7991996348414819
1,1,0.8113304891507153
1,1,0.7255880799767612
1,1,0.7047473842480896
1,1,0.7158530213387477
1,1,0.7373297969713947
1,1,0.705244410132115
1,0,0.4699802458348412
1,0,0.3699481750768941
1,0,0.3948505979911804
0,0,0.23063067597555623
0,0,0.3022308569120919
0,0,0.27677069297420487
0,0,0.2633716969090832
0,0,0.26733543825150247
0,0,0.320580965811521
0,0,0.30691082878150555
0,0,0.29802465235983566
0,0,0.2853278183914133
0,0,0.2903490281450829
0,0,0.23894630283374185
0,0,0.28895054322896
0,0,0.3500630353059892
0,0,0.3672912127601344
0,0,0.3453895388436837
0,0,0.2485581332255561
0,0,0.21529147134998713
0,0,0.3117327650950695
0,0,0.2121544935678272
0,0,0.24987038901834563
0,0,0.30703330689734026
0,0,0.2763686215543655
0,0,0.3174025818678838
0,0,0.26932416776890533
0,0,0.2746275537455367
0,0,0.25115225981622324
0,0,0.2283638922558754
0,0,0.20562318998502035
0,0,0.2503690205382313
1,1,0.7558263533212033
1,1,0.7330354397582142
1,1,0.7423292470419415
1,1,0.7447926319678331
1,1,0.7824227827916289
1,1,0.7459993094273623
1,1,0.8003270706710849
1,1,0.7679327428423207
1,1,0.7150144886317323
1,1,0.7844918301345881
1,1,0.7773085538405973
1,1,0.8318766236190072
1,1,0.8016591394774396
1,1,0.8286728772251493
1,1,0.8234111762433614
1,1,0.8513777415810979
1,1,0.8658917352707473
1,1,0.8487710259319781
1,1,0.8329030385781949
1,1,0.8396611295514443
1,1,0.821093675219512
1,1,0.8229971659943552
0,0,0.3414547930821124
0,0,0.35177464486477317
0,0,0.3332628573063568
0,0,0.30972256043950713
0,0,0.30221795095698345
0,0,0.31278201970412023
0,0,0.2970733639152465
0,0,0.3152706246162777
0,0,0.3046802911184695
0,0,0.29101006254253653
0,0,0.36093673915806
0,0,0.4182037856497295
0,0,0.3566373957505911
0,0,0.36860535844636283
0,0,0.33572219133808423
0,0,0.3877890532606733
0,0,0.3343668556487138
0,0,0.38743869164201183
0,0,0.44158351345849206
0,0,0.3680814274196259
0,0,0.37682111853062766
0,0,0.3409043641062403
0,0,0.3553285451838466
0,0,0.3216597167176185
0,0,0.3191133801249931
0,0,0.24381381788078335
0,0,0.2536794084034263
0,0,0.2889457477430083
0,0,0.3474867369060143
0,0,0.3131457317884747
0,0,0.3029174986927503
0,0,0.2835425446441792
0,0,0.295401470495458
0,0,0.2097869635070434
0,0,0.23020162540633607
0,0,0.2027313001539422
0,0,0.21501832346305894
0,0,0.2291282765381539
0,0,0.22684608953194763
0,0,0.20915616641380289
0,0,0.2263587411248765
0,0,0.22381877621324325
0,0,0.22423618579550822
0,0,0.22868598323775416
0,0,0.2928099548073685
0,0,0.30852318644773946
0,0,0.3245796743074088
0,0,0.3080534807238529
0,0,0.24673312236618952
0,0,0.22621681490276874
0,0,0.25249015141160436
0,0,0.25205757861322675
0,0,0.24984476699456976
0,0,0.2622483966765364
0,0,0.2514503344198401
0,0,0.23022950599697417
0,0,0.23548565281637515
0,0,0.23533714142282677
0,0,0.2854706432361932
0,0,0.2764469750357621
0,0,0.27538273625097076
0,0,0.2823853274466327
0,0,0.28926475410264463
0,0,0.24528880570513883
0,0,0.23697926696405594
0,0,0.24113418245418175
0,0,0.2306739540378967
0,0,0.23073214990470145
0,0,0.23252058692005087
0,0,0.24130024786353244
0,0,0.25425689142151275
0,0,0.22999506976922984
0,0,0.24346588813643547
0,0,0.22656883541111886
0,0,0.2369978783298037
0,0,0.2486011610618036
0,0,0.22936260548757248
0,0,0.2327504890103068
0,0,0.23414393796609403
0,1,0.731982122410852
0,1,0.5853148017987921
0,1,0.5957013228561716
0,1,0.6713295420827922
0,1,0.7006002197112354
0,1,0.6999608375058064
0,1,0.7975174684233434
0,1,0.7709693011207399
0,1,0.7492655396088388
0,1,0.7455158976830273
0,1,0.6187254005380546
1,1,0.6600465722326173
1,1,0.7738953985047283
1,1,0.7441585130441268
1,1,0.713352862422223
1,1,0.764050414679269
1,1,0.7913319348972533
1,1,0.7033063257025363
1,1,0.7356799658223246
1,1,0.7573762461918129
1,1,0.7492778982970569
1,1,0.6640959610600554
0,1,0.6261675540694198
0,1,0.7142994039342138
0,1,0.7102673450939109
0,1,0.7275306355692724
0,1,0.6933335485589116
0,1,0.6581305879422049
0,1,0.6889401635616557
0,1,0.700989928477146
0,1,0.7062070135934424
0,1,0.6681867915842762
0,1,0.6325033659591979
1,1,0.7331980987343779
1,1,0.6933099274080969
1,1,0.719368161161493
1,1,0.7135387580258846
1,1,0.7014851701013436
1,1,0.740891839096377
1,1,0.7241189081989191
1,1,0.7028000560946276
1,1,0.6677626878807195
1,1,0.6873574814540981
1,1,0.6418345162637464
1,1,0.7644461033104935
1,1,0.7289045230931174
1,1,0.6946665854609823
1,1,0.6355392890767063
1,1,0.6694497852572456
1,1,0.7708106026169671
1,1,0.7543153177299682
1,1,0.7556559389801252
1,1,0.7775362861812364
1,1,0.6188041104694284
1,1,0.5818061424578508
0,0,0.3293015140499287
0,0,0.31528188374555566
0,0,0.28761221844675455
0,0,0.3150250344034416
0,0,0.28583693793145437
0,0,0.274411595889027
0,0,0.26625010657905795
0,0,0.3566111274588192
0,0,0.3318927932918316
0,0,0.334983275446331
0,0,0.3093254141727428
0,0,0.32255925951284925
0,0,0.30904119255818324
0,0,0.29314214417652557
0,0,0.2876818466892291
0,0,0.3056774972329784
0,0,0.30859942727959205
0,0,0.32989364670310034
0,0,0.3268786393928835
0,0,0.3099323798467144
0,0,0.29883855271280724
0,0,0.29186329162746594
0,0,0.2818436184487298
0,0,0.2892195797886607
0,0,0.29458683240126055
0,0,0.31944412897795293
0,0,0.32488598688337084
0,0,0.31234594169682245
0,0,0.3298534252570757
1,1,0.695666857704987
1,1,0.7682494825741237
1,1,0.7737882243956388
1,1,0.7453594073379324
1,1,0.6560667050777182
1,1,0.7447292309894747
1,1,0.7319321092396391
1,1,0.6797843362410098
1,1,0.6627309529376031
1,1,0.7568595370080208
1,1,0.7102500076379679
1,1,0.7416827451079848
1,1,0.691211686612838
1,1,0.7797466519333475
1,1,0.7765609029253221
1,1,0.7893163747567463
1,1,0.72370117128591
1,1,0.7364049030193869
1,1,0.7608125152422265
1,1,0.7627503057680799
1,1,0.7553744020153738
1,1,0.7511820793570833
0,0,0.22217156234870664
0,0,0.22012532229256496
0,0,0.21771043021133474
0,0,0.21487660164420067
0,0,0.2442669028421102
0,0,0.24737710972271937
0,0,0.21009049724632917
0,0,0.1860081622589137
0,0,0.16589159228768127
0,0,0.20551100637598163
0,0,0.20438430310251232
0,0,0.2220032977034777
0,0,0.18759889315888645
0,0,0.22936570883239252
0,0,0.2640123550357336
0,0,0.2719772024632836
0,0,0.2523578793295161
0,0,0.27135087746557424
0,0,0.27213325125175736
0,0,0.2747309647533174
0,0,0.26858640600302897
0,0,0.2685562316848113
0,0,0.25766760415628276
0,0,0.2265302075809856
0,0,0.2098056002144017
0,0,0.19638326772101908
0,0,0.2232004332524303
0,0,0.21849796940396154
0,0,0.2387977383491868
0,0,0.24224957081214896
0,0,0.2321537377111207
0,0,0.23264903703100134
0,0,0.2346324506166446
0,0,0.28811882508461345
0,0,0.27513070004546547
0,0,0.2827358042520854
0,0,0.265574611350253
0,0,0.26936127355421885
0,0,0.27138403934941563
0,0,0.26953519784002067
0,0,0.28453085828730645
0,0,0.2504466137882274
0,0,0.2828015319134199
0,0,0.262916595887221
0,0,0.2712306077447458
0,0,0.28493422070811375
0,0,0.2782651387953943
0,0,0.28206903337441563
0,0,0.27024993156094107
0,0,0.27791412486533285
0,0,0.26996635960463644
0,0,0.2977259201504289
0,0,0.28535425546860493
0,0,0.2556048648404274
0,0,0.24793551181483092
0,0,0.22975080683737825
0,0,0.2622140935284996
0,0,0.28221886673978225
0,0,0.2941945516028285
0,0,0.30906281572040845
0,0,0.3249554180008631
0,0,0.2893697408439667
0,0,0.29675208201850944
0,0,0.3013960823867992
0,0,0.32940138693620435
0,0,0.34066326701167604
0,0,0.2647427548591421
0,0,0.23263652917035305
0,0,0.21716219248183197
0,0,0.26540496609065256
0,0,0.23476418127577495
0,0,0.24288145886090323
0,0,0.26955364522351577
0,0,0.2831612881891379
0,0,0.2992382324496237
0,0,0.23131244480743707
0,0,0.2694596241328055
0,0,0.2809152760525179
0,0,0.31482295695169915
0,0,0.26593204049445285
0,0,0.26059274814082056
0,0,0.2758476711215769
0,0,0.2774948359864035
0,0,0.2929771971904821
0,0,0.3271579996124389
0,0,0.34205851144556504
0,0,0.28194461009277794
0,0,0.3144398073914785
0,0,0.32185539852495665
0,0,0.3291337038649134
0,0,0.3114659094454888
0,0,0.2884475652136277
0,0,0.29674930264273386
0,0,0.2993507157039962
0,0,0.2987690637761113
0,0,0.25952603188207896
0,0,0.24744302807799878
0,0,0.24415969341969504
0,0,0.28126201022836606
0,0,0.3134740572867732
0,0,0.26371877731067184
1,1,0.7101960908360071
1,1,0.691600163949028
1,1,0.6943639564710042
1,1,0.6708177866450888
1,1,0.6631424653415695
1,1,0.6952690214054901
1,1,0.7143014611759617
1,1,0.7421367644730499
1,1,0.7755277538648623
1,1,0.7176469631293301
1,1,0.7291801389866605
1,1,0.7693175138461441
1,1,0.8079076163652549
1,1,0.8039380876426924
1,1,0.7883549748599323
1,1,0.7311929583344303
1,1,0.7309099281848198
1,1,0.812017953662728
1,1,0.7939385301795409
1,1,0.7015369279495026
1,1,0.6555647162588751
1,1,0.7649493855443942
1,1,0.7624880052185583
1,1,0.7706763354359242
1,1,0.7404483250938908
1,1,0.7329429470146316
1,1,0.7084513120808245
1,1,0.7101794890095305
1,1,0.7379395533974993
1,1,0.7371548464077304
1,1,0.7331782214920903
1,1,0.7376380952747779
1,1,0.725717968479944
1,1,0.7259874057450172
1,1,0.7625992921967165
1,1,0.7521745767311061
1,1,0.7499628514796179
1,1,0.71185895431617
1,1,0.6947781671256107
1,1,0.6936812789421299
1,1,0.7485646903059093
1,1,0.7302248616604519
1,1,0.6736692211114046
1,1,0.6638009060465728
1,1,0.6946314668777664
1,1,0.715614186466135
1,1,0.7241348990851484
1,1,0.6966374679505433
1,1,0.668611793223986
1,1,0.6477830248505272
1,1,0.7144210226316975
1,1,0.707053010139463
1,1,0.6691613933039684
1,1,0.6722338330109268
1,1,0.71791283419101
1,0,0.3404726306038377
1,0,0.39229154272251177
1,0,0.33636724994050005
1,0,0.35781205248251097
1,0,0.3696557925059216
1,0,0.3706448372805891
1,0,0.35923573963637223
1,0,0.3725890599699425
1,0,0.4222453408339753
1,0,0.39914164408248626
1,0,0.43405653770163133
1,0,0.4255874772023676
1,0,0.3825723249407268
1,0,0.3752490081740739
1,0,0.41115027257192
1,0,0.4044339812807893
1,0,0.3666413790892314
1,0,0.35325768295056575
1,0,0.3388508508201864
1,0,0.33589151579706716
1,0,0.34999790417989884
1,0,0.37762472020825855
1,0,0.3777491086877907
1,0,0.32766228654053847
1,0,0.37741420267802106
1,0,0.40229222689152055
1,0,0.3767922836105153
1,0,0.3876869103479719
1,0,0.3919809839395744
1,1,0.7213750310802645
1,1,0.7095214784726841
1,1,0.7746361444119734
1,1,0.7926009436331021
1,1,0.7744780709303992
1,1,0.748318407127363
1,1,0.7313672404621966
1,1,0.7225345699738797
1,1,0.7388191294412156
1,1,0.6945188374292681
1,1,0.731397996827196
1,1,0.7734725452006294
1,1,0.7113279410952387
1,1,0.7222628218593888
1,1,0.7769825425773748
1,1,0.7412640744044506
1,1,0.7588740764512967
1,1,0.7779390600443472
1,1,0.7634546119178031
1,1,0.7652188800658607
1,1,0.80323252686746
1,1,0.7934444093574734
0,0,0.3452438614113117
0,0,0.3082842180421528
0,0,0.31294005707208983
0,0,0.33357327115443225
0,0,0.31804027103063925
0,0,0.2916462682892674
0,0,0.29162514063605516
0,0,0.31306458142960286
0,0,0.29692021162107446
0,0,0.27854411795955963
0,0,0.3079149594681162
0,0,0.29822577926061855
0,0,0.31705366677887536
0,0,0.33135262019366474
0,0,0.3113326589974046
0,0,0.3021391687611772
0,0,0.27632350351837537
0,0,0.28174085728370607
0,0,0.24885467358172964
0,0,0.23984032803959965
0,0,0.2438670866705912
0,0,0.2850404149944549
0,0,0.32533642577401894
0,0,0.3300779618301194
0,0,0.31515991402054455
0,0,0.3109888852963633
0,0,0.2913527005897821
0,0,0.3140033709926756
0,0,0.3205639986796489
0,0,0.3121255063726614
0,0,0.32159550408295595
0,0,0.32476723732390994
0,0,0.30123584310019336
1,0,0.31952011812260966
1,0,0.29758656406602946
1,0,0.3009884809201955
1,0,0.3245050237025582
1,0,0.3397236774682923
1,0,0.31096399720207735
1,0,0.302769837773042
1,0,0.35167625333982955
1,0,0.38793887757564494
1,0,0.3903357970210722
1,0,0.35562156072483186
1,0,0.37743039770599596
1,0,0.38895690437532565
1,0,0.3831808904107337
1,0,0.38171497050059683
1,0,0.3684643305045659
1,0,0.37689535959260645
1,0,0.3629757265125686
1,0,0.35988931144603364
1,0,0.3724658763301589
1,0,0.3459541981442547
1,0,0.35039499881090796
0,0,0.23136486126653374
0,0,0.2780086403241528
0,0,0.3201960417176823
0,0,0.2872244487619908
0,0,0.283819096808953
0,0,0.23907495191858988
0,0,0.23133030380115963
0,0,0.29558675339109436
0,0,0.2749244157117616
0,0,0.2635664348539517
0,0,0.30635576179974894
0,0,0.25311689352365646
0,0,0.2129681604638483
0,0,0.13921499370723744
0,0,0.16223487440980405
0,0,0.19709227917978756
0,0,0.2838622644063778
0,0,0.17721864919908142
0,0,0.16914374062525198
0,0,0.14271364989354085
0,0,0.16709552120154167
0,0,0.1848835781297388
0,0,0.18656662345384617
0,0,0.18703868597867793
0,0,0.15440289021984016
0,0,0.13478716053762954
0,0,0.13964649716604585
0,0,0.16044412747264222
0,0,0.1610509564832035
0,0,0.1365865483311127
0,0,0.14837292036246186
0,0,0.16278171242631617
0,0,0.11581314037164471
0,0,0.09754038364710016
0,0,0.13824934580311368
0,0,0.16144200555513843
0,0,0.12075703603232826
0,0,0.1457006933391159
0,0,0.12557280648260133
0,0,0.14451748414412327
0,0,0.13925587863278982
0,0,0.10314921859115779
0,0,0.11108400724560184
0,0,0.08238106559068122
0,0,0.11213830166384506
0,0,0.18490736635922597
1,1,0.6831347314754388
1,1,0.6253140686056757
1,1,0.6659146151648402
1,1,0.6682158900477062
1,1,0.6367881915117646
1,1,0.61720727505488
1,1,0.6049913179991414
1,1,0.6056376637194352
1,1,0.6200022573866901
1,1,0.5860052341227648
1,1,0.5323034597488069
1,1,0.6696660424713078
1,1,0.6224466541542842
1,1,0.650025458113995
1,1,0.667454078507409
1,1,0.6583211175021436
1,1,0.6567138552226577
1,1,0.6975150737317781
1,1,0.7201665419916837
1,1,0.6777288394023064
1,1,0.7018196466204583
1,1,0.7037727770421291
1,1,0.6153693312111956
1,1,0.633679347506359
1,1,0.6513998234686327
1,1,0.600654421912223
1,1,0.6302080798043254
1,1,0.6461785999383441
1,1,0.6355058488701725
1,1,0.7032521355176591
1,1,0.672922843948716
1,1,0.660228261392186
1,1,0.647131897213194
1,1,0.8276182789283094
1,1,0.7784524579570364
1,1,0.7387538066433605
1,1,0.7639892475626688
1,1,0.7678346720953662
1,1,0.7331018716796673
1,1,0.7316101959727125
1,1,0.7824405013049623
1,1,0.7994046724111555
1,1,0.7754289511253712
1,1,0.7719833469564656
1,1,0.5757979081000691
1,1,0.6247196623035238
1,1,0.6193576515115058
1,1,0.6263023026145103
1,1,0.5842479777661044
1,1,0.6539204643622224
1,1,0.6199600747051206
1,1,0.6077528255552491
1,1,0.6044896460030343
1,1,0.6609829715763912
1,1,0.6915200673592102
0,0,0.3454872778947935
0,0,0.2936252695944373
0,0,0.28222007842444186
0,0,0.2566934078144916
0,0,0.2756511553078477
0,0,0.34952962357455014
0,0,0.25718787975506346
0,0,0.2090497309942462
0,0,0.21307395137004131
0,0,0.32781514374802706
0,0,0.28064311411466647
0,0,0.24612654964665606
0,0,0.25820913377943494
0,0,0.21960723131972068
0,0,0.20885783440898448
0,0,0.27175002449219404
0,0,0.27785651792934724
0,0,0.3157351736770778
0,0,0.2871694824464054
0,0,0.32849358015308977
0,0,0.2603643721124863
0,0,0.19057575969893523
0,0,0.18852195662771723
0,0,0.2194836632869293
0,0,0.2517406497009205
0,0,0.24297420352904842
0,0,0.23545504418216254
0,0,0.22221582443867333
0,0,0.23303915253917776
1,1,0.7284148935116552
1,1,0.734375546838046
1,1,0.7457876011349143
1,1,0.7371087546766383
1,1,0.7425971295110698
1,1,0.7827451998947184
1,1,0.7463893521375049
1,1,0.7098726447788579
1,1,0.714259113294858
1,1,0.7585431227449082
1,1,0.6995690725207347
1,1,0.6968980320874573
1,1,0.7383004347636855
1,1,0.7164904601849281
1,1,0.7273646459299585
1,1,0.7566243459127788
1,1,0.6931270885477235
1,1,0.7226620911390907
1,1,0.7120466580064315
1,1,0.7232305803637182
1,1,0.7344332366401898
1,1,0.7244263203360057
1,0,0.30973771188705645
1,0,0.33854732154063893
1,0,0.3564672785800264
1,0,0.2929283610157914
1,0,0.28315909273573814
1,0,0.26336417109549964
1,0,0.2847199281202496
1,0,0.28494761703354443
1,0,0.30660856190927227
1,0,0.2690936060987515
1,0,0.23540216284357998
1,0,0.28564980994023403
1,0,0.3311257016246958
1,0,0.34672313149651607
1,0,0.37722171322809905
1,0,0.35415326124190033
1,0,0.34700441789225045
1,0,0.3082728441021471
1,0,0.32448313898859943
1,0,0.31983215137993126
1,0,0.3415215991413547
1,0,0.3592468643526348
1,0,0.3198069878891132
1,0,0.3428582126344728
1,0,0.3066348254564631
1,0,0.33616635360474556
1,0,0.30825004787746296
1,0,0.3011142840167569
1,0,0.3020627582394671
1,0,0.2651346919539991
1,0,0.2745734868084471
1,0,0.2501359782684264
1,0,0.2879643803268117
1,0,0.21864516207567178
1,0,0.25439715113662964
1,0,0.2886740735710452
1,0,0.28337801960182446
1,0,0.26922185624737105
1,0,0.28302817383317025
1,0,0.25692851524751675
1,0,0.24538898016262578
1,0,0.26586056972013344
1,0,0.258382468101458
1,0,0.3461418881566926
1,0,0.28073909719738316
1,0,0.28806938619414085
1,0,0.2662333830177941
1,0,0.2631023641965181
1,0,0.3141212505865279
1,0,0.29907864518425364
1,0,0.2948640199250864
1,0,0.29689784349334347
1,0,0.2723280424382092
1,0,0.25934288609009426
1,0,0.3108387897769698
0,0,0.27946407677221663
0,0,0.26261724839552136
0,0,0.27666834261737544
0,0,0.2849683956997989
0,0,0.26496839569979896
0,0,0.27997896162955693
0,0,0.2779270882326187
0,0,0.23466614444752526
0,0,0.2657531938714542
0,0,0.27409170778123393
0,0,0.26937050791133216
0,0,0.30997619342519334
0,0,0.35030877566700674
0,0,0.3795289272349416
0,0,0.38312964136913885
0,0,0.38200933440866264
0,0,0.38054582560941386
0,0,0.3774310188616944
0,0,0.3466251146762967
0,0,0.3347978732131732
0,0,0.3213719818090899
0,0,0.3257525327279573
0,0,0.3594430871956051
0,0,0.3755277478332608
0,0,0.36347777352104005
0,0,0.34321819100869766
0,0,0.3576772793410221
0,0,0.3346234322431148
0,0,0.2861752468702207
0,0,0.2955114430986702
0,0,0.2661695737452141
0,0,0.2647700823550292
0,0,0.24690888168813327
0,0,0.2483287859673663
0,0,0.2288188020811113
0,0,0.23115130586710858
0,0,0.2439757578000191
0,0,0.23579771187500984
0,0,0.24242644187009713
0,0,0.2432670725352764
0,0,0.21919024705886486
0,0,0.24965118790914173
0,0,0.22768459210542535
0,0,0.23046710110091934
0,0,0.19854037249118422
0,0,0.21286227355697185
0,0,0.31467244343540185
0,0,0.35332178659723895
0,0,0.34721123372405244
0,0,0.297855801922591
0,0,0.3125136447152833
0,0,0.3595760451554187
0,0,0.3702733935725596
0,0,0.38645059569023843
0,0,0.368764145706768
0,0,0.38375326319036224
0,0,0.38138080306499317
0,0,0.4122141852316535
0,0,0.42758996238134117
0,0,0.4390512246721846
0,0,0.4234964653805901
0,0,0.38902642310789226
0,0,0.3603224253026089
0,0,0.38903337021831946
0,0,0.3821673440313467
0,0,0.39311863318873713
0,0,0.3903911413410446
0,0,0.3631557892045772
0,0,0.2556181545040468
0,0,0.25728538958793495
0,0,0.25976564139948716
0,0,0.3010748954435425
0,0,0.2817886158167828
0,0,0.2853964485649041
0,0,0.2918713534897949
0,0,0.3383381625553177
0,0,0.33401285593530283
0,0,0.3206686032295946
0,0,0.3179359560785649
0,0,0.4432572166957034
0,0,0.43620109400714413
0,0,0.44173737022999987
0,0,0.40448885347104946
0,0,0.38762927965326105
0,0,0.40184492226913376
0,0,0.44399886194669785
0,0,0.43743755604451146
0,0,0.40379384699526044
0,0,0.37312260189672997
0,0,0.3808205021301461
0,0,0.36099076383676776
0,0,0.3666034855952423
0,0,0.3111494672526186
0,0,0.284197105240304
0,0,0.27775462746770424
0,0,0.28134416879677693
0,0,0.2847700846961715
0,0,0.3108216861512127
0,0,0.34155087121255995
0,0,0.35392081943623505
0,0,0.34392689315748176
0,0,0.42691029879957343
0,0,0.4184966772605725
0,0,0.39447927949165806
0,0,0.3876999723543175
0,0,0.4724406019320094
0,0,0.45888604943874567
0,0,0.41777253004310105
0,0,0.4177582038670407
0,0,0.42174447046252594
0,0,0.4803596600029121
0,0,0.46064163785717427
0,0,0.44399149792114473
0,0,0.41121943457902616
0,0,0.40002435595038216
0,0,0.3583626504526387
0,0,0.38759187492357716
0,0,0.39887837413768923
0,0,0.37571379747569017
0,0,0.35716336273746657
0,0,0.35095094879792316
0,0,0.3601599724500391
0,0,0.39124651539398203
0,0,0.40047863009295953
0,0,0.39533819736453923
0,0,0.35808858857614045
0,0,0.37287264145020166
0,0,0.3961781052308189
0,0,0.4181237818861318
0,0,0.41165019598659813
0,0,0.3334831307527051
0,0,0.2832540575126925
0,0,0.28181157799755796
0,0,0.31121726408337574
0,0,0.35969271157050314
0,0,0.3394406065247484
0,0,0.33092094553072454
0,0,0.32285104298047285
0,0,0.3577952862215259
0,0,0.3651068852626305
0,0,0.33416260731580627
0,0,0.42424263903729864
0,0,0.41009817827685824
0,0,0.4298788232960284
0,0,0.43475245431069964
0,0,0.3749853301661881
0,0,0.3781435053095484
0,0,0.3589393243219839
0,0,0.35255892979916353
0,0,0.3912674361476083
0,0,0.4387452754930166
0,0,0.4184882413294625
0,0,0.24448971106166048
0,0,0.24032067180972638
0,0,0.2533446041841133
0,0,0.27648715401372564
0,0,0.2695270161310437
0,0,0.2498758860573178
0,0,0.2249471489061307
0,0,0.23162409467195
0,0,0.22042024876036093
0,0,0.26756956891899814
0,0,0.28498492596347796
0,0,0.26666095651433674
0,0,0.26666095651433674
0,0,0.2569154423855163
0,0,0.275108490547712
0,0,0.2733720460253944
0,0,0.266635226518602
0,0,0.32055452124438816
0,0,0.31190232513543725
0,0,0.2865792104619443
0,0,0.31563676659343576
0,0,0.3190743032314968
0,0,0.2958601622286819
0,0,0.2927335980190232
0,0,0.2944914909486054
0,0,0.3005445799796565
0,0,0.2981501765154569
0,0,0.2927057691398589
0,0,0.2840352192546418
0,0,0.2791384090733378
0,0,0.2689731466191457
0,0,0.26683964313573744
0,0,0.322350722645782
0,0,0.2812336579383172
0,0,0.26936346673511774
0,0,0.2794648467495795
0,0,0.29124111936545527
0,0,0.2563778919198565
0,0,0.2695872977827386
0,0,0.27499500911472513
0,0,0.27232542620984035
0,0,0.2893529842347151
0,0,0.26484526896310057
0,0,0.25545591132103707
0,0,0.25713213580629096
0,0,0.23607618531201666
0,0,0.25344738193744293
0,0,0.2620690654510565
0,0,0.31908356035497043
0,0,0.3182823287789931
0,0,0.2764834064438564
0,0,0.2593818985413579
0,0,0.23986988415242394
0,0,0.25174263391242413
0,0,0.2656103290212744
0,0,0.3620436101159097
0,0,0.3620436101159097
0,0,0.3620436101159097
0,0,0.3620436101159097
0,0,0.3620436101159097
0,0,0.3620436101159097
0,0,0.3520436101159096
0,0,0.3520436101159096
0,0,0.3620436101159097
0,0,0.3520436101159096
0,0,0.3620436101159097
0,0,0.3520436101159096
0,0,0.3525894515443489
0,0,0.3525894515443489
0,0,0.3520436101159096
0,0,0.3620436101159097
0,0,0.34258945154434883
0,0,0.3525894515443489
0,0,0.3525894515443489
0,0,0.34258945154434883
0,0,0.3520436101159096
0,0,0.3525894515443489
0,0,0.3525894515443489
0,0,0.3525894515443489
0,0,0.3525894515443489
0,0,0.3525894515443489
0,0,0.34258945154434883
0,0,0.3525894515443489
0,0,0.3525894515443489
0,0,0.34258945154434883
0,0,0.3620436101159097
0,0,0.3525894515443489
0,0,0.3620436101159097
0,0,0.3620436101159097
0,0,0.3520436101159096
0,0,0.3520436101159096
0,0,0.34258945154434883
0,0,0.3525894515443489
0,0,0.3520436101159096
0,0,0.3520436101159096
0,0,0.3620436101159097
0,0,0.3620436101159097
0,0,0.3620436101159097
0,0,0.3520436101159096
0,0,0.3620436101159097
0,0,0.3620436101159097
1,1,0.7020819036197969
1,1,0.6618963071397732
1,1,0.7159461624840203
1,1,0.7500126054376222
1,1,0.6998133620985272
1,1,0.7415534420622241
1,1,0.7009667883234667
1,1,0.6215045957260346
1,1,0.653317935106308
1,1,0.6688920571435979
1,1,0.6319730291401284
1,1,0.6699113947884524
1,1,0.6852093256399726
1,1,0.56818321403242
1,1,0.6666873706188202
1,1,0.7099623589011691
1,1,0.6412015232975173
1,1,0.5818310435254758
1,1,0.6610225530923702
1,1,0.7053146338785077
1,1,0.6820126594885315
1,1,0.739311152019686
1,1,0.6449387519788585
1,1,0.6242829345048588
1,1,0.67397947101306
1,1,0.625975098491466
1,1,0.5260321373503846
1,1,0.5871101870147903
1,1,0.771960395099088
1,1,0.7973195790238762
1,1,0.7339669928314407
1,1,0.7172646724574466
1,1,0.6744867383288481
1,1,0.7785076691942198
1,1,0.7339123325030691
1,1,0.6792499274920017
1,1,0.6932559290055164
1,1,0.7086845723369306
1,1,0.6238283590478804
1,1,0.55290359351913
1,1,0.5980736190414482
1,1,0.6447392107280764
1,1,0.657199181176513
1,1,0.7130693804908189
0,1,0.6299704137224414
0,1,0.6840820201587369
0,1,0.7385456557451497
0,1,0.730355837947852
0,1,0.7830645531240079
0,1,0.7507856061709545
0,1,0.6650497534287361
0,1,0.6207178130394351
0,1,0.7153777940327483
0,1,0.5944395612907765
0,1,0.6077762057161028
0,0,0.3880816314268185
0,0,0.38338192459577447
0,0,0.3698824074105287
0,0,0.36021649467459893
0,0,0.36151830084491704
0,0,0.3764236795571289
0,0,0.3977692070108045
0,0,0.3877692070108045
0,0,0.39583228883417454
0,0,0.36473882338255675
0,0,0.35664404821722245
0,0,0.3308002672652808
0,0,0.33848579127449563
0,0,0.33851824554975407
0,0,0.32250323786522
0,0,0.32242822598306453
0,0,0.3451103231777818
0,0,0.3484541330752012
0,0,0.30085318555355
0,0,0.30606419944062
0,0,0.3209028773226953
0,0,0.3675135117680208
0,0,0.3811168499896512
0,0,0.36920374328995365
0,0,0.34926122938371235
0,0,0.3494674643612796
0,0,0.3304954758302199
0,0,0.3407559946669651
0,0,0.3374695203648465
1,1,0.677742926383945
1,1,0.6962065659289257
1,1,0.7269751144242561
1,1,0.7978824641355211
1,1,0.7604839321286943
1,1,0.6929056647716264
1,1,0.8158398734279184
1,1,0.773342731382466
1,1,0.7202250904722091
1,1,0.778538866180789
1,1,0.7718756681959866
1,1,0.701215090646778
1,1,0.7464245157905515
1,1,0.7429321085153263
1,1,0.7061858635656426
1,1,0.792277225871267
1,1,0.7947938821228939
1,1,0.6969513468664753
1,1,0.518295103001522
1,1,0.5486567969945602
1,1,0.6363519808672854
1,1,0.6614555809193251
0,0,0.45558766510609433
0,0,0.4425367917056089
0,0,0.4643470073178434
0,0,0.47607519619279776
0,0,0.4481856312101103
0,0,0.4424830268109944
0,0,0.4618025584579856
0,0,0.45072434439058584
0,0,0.4378998104802195
0,0,0.4322556603060102
0,0,0.4077723763755208
0,0,0.3967816524568828
0,0,0.40226356860873
0,0,0.40437609431043114
0,0,0.3964378226463652
0,0,0.39138598412899256
0,0,0.37584226842401286
0,0,0.3859020875898734
0,0,0.3902950321796659
0,0,0.39328069049430275
0,0,0.40693802053740974
0,0,0.404312150687171
0,0,0.42405493603994976
0,0,0.44225372905271665
0,0,0.43564361971306975
0,0,0.43778085688009094
0,0,0.3770845545147658
0,0,0.3883924184295707
0,0,0.40137858359610007
0,0,0.39865943351995314
0,0,0.41232759322248874
0,0,0.3893365986267678
0,0,0.3760346370061001
0,0,0.38517549050111255
0,0,0.35978511583977285
0,0,0.3617908477189801
0,0,0.35831341762521746
0,0,0.4462993337921628
0,0,0.40604342695081563
0,0,0.41461872534171484
0,0,0.44653926824819623
0,0,0.4214856117652291
0,0,0.41717653250388687
0,0,0.4066128801077341
0,0,0.4248855011612423
0,0,0.41596143579286626
0,0,0.404873646023797
0,0,0.38836355555327556
0,0,0.40464123629825927
0,0,0.3713461636834573
0,0,0.38048483158654806
0,0,0.39378126592212076
0,0,0.41522474708549867
0,0,0.4316029875983582
0,0,0.39530379942065985
0,0,0.2364243492742386
0,0,0.20787392472341876
0,0,0.2485411782142811
0,0,0.2056087946845257
0,0,0.1904199907452792
0,0,0.16755622941614767
0,0,0.1816076630097052
0,0,0.2162910423327412
0,0,0.24032424886009834
0,0,0.22174036936308508
0,0,0.2046143382330577
0,0,0.30968193213886097
0,0,0.3322328015925135
0,0,0.36234196663002954
0,0,0.2588574391013251
0,0,0.20677858888845438
0,0,0.21504175552203197
0,0,0.21636831724461505
0,0,0.17805089247048805
0,0,0.20922163972380886
0,0,0.19246835912093363
0,0,0.20977077787485743
0,0,0.1786479086938032
0,0,0.23465375436654778
0,0,0.27907325594073795
0,0,0.26519811771938434
0,0,0.2607689840656272
0,0,0.22741595554202515
0,0,0.21281262667102385
0,0,0.2440405906363042
0,0,0.1519020449561005
0,0,0.17525378191849605
0,0,0.21429294897359485
0,0,0.1758960474748233
0,0,0.1989655011984466
0,0,0.1963367951656087
0,0,0.20692958243153373
0,0,0.17256389951463855
0,0,0.17280280117088853
0,0,0.18861590236210957
0,0,0.18483524235633222
0,0,0.19898214787334237
0,0,0.26923067059668115
0,0,0.15628012766272892
0,0,0.19184316285007819
0,0,0.22934969457214419
1,1,0.85119171783693
1,1,0.8234429973901978
1,1,0.7755642550953457
1,1,0.8325799122841352
1,1,0.8308567875956233
1,1,0.7566551966911399
1,1,0.7894818607270707
1,1,0.8191243065247085
1,1,0.8015392284953212
1,1,0.8379944319209552
1,1,0.8226321431614569
1,1,0.8583113693542324
1,1,0.8581718015584004
1,1,0.8237876875006216
1,1,0.7808093126911771
1,1,0.8576342480598576
1,1,0.8123243505964752
1,1,0.6151441517833519
1,1,0.5217807423207721
1,0,0.49682480343852076
1,1,0.6757820558130611
1,1,0.7336784076211658
0,1,0.7583346474843501
0,1,0.7461449890859876
0,1,0.7539445255075158
0,1,0.7925311596277311
0,1,0.7800382890862362
0,1,0.7545737385612908
0,1,0.7739208931786823
0,1,0.7606208228428809
0,1,0.8215524988197318
0,1,0.8151721107122163
0,1,0.7181204620702444
1,1,0.7552330011777366
1,1,0.7718677576396128
1,1,0.7240136581111103
1,1,0.7592911332585821
1,1,0.7620818265965791
1,1,0.7465470344682192
1,1,0.7531305354448796
1,1,0.7891624673479677
1,1,0.7242176339316222
1,1,0.7256458822342065
1,1,0.7336560243712756
0,1,0.7640787723989013
0,1,0.7359398997920356
0,1,0.7617927661901269
0,1,0.7819025675282834
0,1,0.7575087798578464
0,1,0.7468307101249948
0,1,0.7537802062071312
0,1,0.7242417481154868
0,1,0.6974123948815821
0,1,0.6861860228643063
0,1,0.7147481689931209
0,0,0.13850366790367175
0,0,0.15309203013311057
0,0,0.12882744865526827
0,0,0.15317581407498237
0,0,0.12489855619897629
0,0,0.12323787536339753
0,0,0.1396011749849502
0,0,0.1509101841300105
0,0,0.16793189696588218
0,0,0.14637662546908073
0,0,0.16098303496571045
0,0,0.16365691569737428
0,0,0.13937546830051267
0,0,0.17167706162343588
0,0,0.15145740828347576
0,0,0.17953471249831585
0,0,0.1384686862751014
0,0,0.15333908915717528
0,0,0.12721150732724007
0,0,0.13721500450429958
0,0,0.11533261201910543
0,0,0.13225683472608207
0,0,0.13205271505912616
0,0,0.11350227440743704
0,0,0.11796600526183841
0,0,0.15085128484287888
0,0,0.14146996534985484
0,0,0.11718443398988834
0,0,0.1047096428843934
1,1,0.7169366139510157
1,1,0.7081928964708123
1,1,0.7010071758836376
1,1,0.7545499064192441
1,1,0.7753476007408251
1,1,0.7537353140368513
1,1,0.7294123584049153
1,1,0.7642045301519677
1,1,0.733678606391972
1,1,0.7130220758274415
1,1,0.7341752866778853
1,1,0.7502171362425395
1,1,0.8224677225370313
1,1,0.8137975499933318
1,1,0.8185253772898305
1,1,0.806250807059817
1,1,0.8316385039425207
1,1,0.8311248367471654
1,1,0.8022503862924192
1,1,0.7831887481454607
1,1,0.7885769398710436
1,1,0.8080331916943649
0,0,0.22000970969276243
0,0,0.19035122306479318
0,0,0.21037322360277932
0,0,0.18183317934083854
0,0,0.2317200263930374
0,0,0.18129751247467157
0,0,0.19298803878100348
0,0,0.19000890577828217
0,0,0.17560410384109013
0,0,0.18419909558410658
0,0,0.20972545963798364
0,0,0.20741708068752843
0,0,0.19636861675042913
0,0,0.20775385038697977
0,0,0.20768910119197614
0,0,0.21212484274350937
0,0,0.16659389244567815
0,0,0.15778876065154038
0,0,0.19261690795247755
0,0,0.18154005611853957
0,0,0.1930260200211192
0,0,0.20390059954288706
0,0,0.20639598425720707
0,0,0.2025030626036044
0,0,0.18644085467706617
0,0,0.19416329781515876
0,0,0.2072942481736913
0,0,0.18081044613278963
0,0,0.1601810658141218
0,0,0.16871394237922885
0,0,0.1676115742618252
0,0,0.15798568070654878
0,0,0.1639316057628318
1,0,0.16335049451580277
1,0,0.14130847810931196
1,0,0.16385601537781294
1,0,0.19485615585523994
1,0,0.21451980055657527
1,0,0.21735189911651054
1,0,0.21001100452325935
1,0,0.21311416140765607
1,0,0.22890557798624733
1,0,0.19919258536314755
1,0,0.18443090073435922
1,0,0.1748839476693903
1,0,0.17373546827872338
1,0,0.17819329074346746
1,0,0.17919712613990718
1,0,0.18892756614485648
1,0,0.17813513637698564
1,0,0.1746855786437631
1,0,0.17504953763456021
1,0,0.17662550613583947
1,0,0.16809496325046716
1,0,0.154432807739121
0,0,0.18418940716087182
0,0,0.18468660560032252
0,0,0.17283374224325193
0,0,0.16038354784570924
0,0,0.18903422054478095
0,0,0.2024457727351234
0,0,0.2056583753663595
0,0,0.2091083567349151
0,0,0.22242786242062096
0,0,0.2103550066850665
0,0,0.2128904199516356
0,0,0.3139071356244007
0,0,0.27209793991781395
0,0,0.27154192529047316
0,0,0.2747112195225829
0,0,0.2708731438529848
0,0,0.29312552999805724
0,0,0.30073422341770517
0,0,0.32469334989946685
0,0,0.32480537373995655
0,0,0.33754321091583867
0,0,0.3252320860299866
0,0,0.29202132787197205
0,0,0.31850157368644244
0,0,0.3409154841481966
0,0,0.352439431677724
0,0,0.36297012582807475
0,0,0.3265458524906622
0,0,0.3223141170775742
0,0,0.32623301003386485
0,0,0.3318302661751112
0,0,0.3020111256676804
0,0,0.26089140876887174
0,0,0.2939825325562452
0,0,0.30741883910170836
0,0,0.29836890736199984
0,0,0.28200271053972675
0,0,0.2913815022050197
0,0,0.2824385801243284
0,0,0.27462841278459893
0,0,0.23864898579064048
0,0,0.2406164300464301
0,0,0.24120934205113986
0,0,0.22459963308842013
0,0,0.2440676517090286
0,0,0.2755964610645704
1,0,0.4881375729653598
1,1,0.6254453883220207
1,1,0.7389681964698647
1,1,0.5342720951491458
1,1,0.5051701871152565
1,1,0.6011364260322418
1,0,0.47194322164639785
1,0,0.3661742771995524
1,0,0.32849005461168734
1,0,0.4601647976555776
1,0,0.49864731077326174
1,1,0.7929453561992463
1,1,0.5588925452014106
1,1,0.5204307073103542
1,1,0.5052443341293335
1,1,0.6000363271502387
1,1,0.5252269584926575
1,0,0.44235005184889536
1,0,0.47925393618654416
1,1,0.5547742624798019
1,1,0.5807333223837117
1,1,0.5357666263324423
1,0,0.45222156095064464
1,0,0.2918860833949459
1,0,0.3311769932026787
1,0,0.49271127607065685
1,1,0.5297007049573549
1,1,0.5428274751941137
1,1,0.5079446517905288
1,1,0.5545973427184395
1,1,0.5366505450473705
1,0,0.4657884434862756
1,0,0.4951730228312106
1,1,0.6893580859840359
1,0,0.4351352912804557
1,0,0.43507262407401404
1,0,0.47946619954224196
1,1,0.5206421966058113
1,0,0.49129606715973845
1,1,0.5447423342333692
1,1,0.5736345337668148
1,1,0.5546650140568999
1,1,0.5124803575211612
1,1,0.514996530940105
1,1,0.571335970609874
1,0,0.4698082631536451
1,0,0.4328782171174631
1,0,0.41336617550838506
1,0,0.4366842408734052
1,0,0.37965967900974845
1,0,0.48014811217387
1,1,0.5752897777689033
1,1,0.7321777726710532
1,1,0.6353375253209309
1,0,0.479440013066035
0,0,0.14566274923019773
0,0,0.16049129433421108
0,0,0.14410004031268334
0,0,0.17257785995953362
0,0,0.1607635920239299
0,0,0.18216638341356314
0,0,0.19726129193864309
0,0,0.18692299552285135
0,0,0.17794632787621786
0,0,0.17549357621523964
0,0,0.15068092153851909
0,0,0.16130561608450417
0,0,0.14025339044053584
0,0,0.14933671334750395
0,0,0.1958931770238488
0,0,0.2007737852373917
0,0,0.20827912023031847
0,0,0.22005259921921155
0,0,0.18876438610251825
0,0,0.1564312331860173
0,0,0.14772663558585672
0,0,0.1787120403222853
0,0,0.18297548651037995
0,0,0.1644996337763706
0,0,0.17189799719275808
0,0,0.18523940840311007
0,0,0.16896681043601391
0,0,0.1417916248698457
0,0,0.13196599881159285
1,1,0.6282763504128267
1,1,0.5413735136587084
1,1,0.5381398815615936
1,1,0.5049037383872202
1,1,0.6234716502676155
1,1,0.6174086629734595
1,1,0.5452119724781822
1,1,0.6963478857708835
1,1,0.6912636126063455
1,1,0.5544026945479078
1,1,0.5002540651990431
1,0,0.48957840006670983
1,1,0.6430161724756716
1,1,0.6429188058490767
1,1,0.5124972704166778
1,1,0.5363499364015378
1,1,0.5972153247785864
1,1,0.6130979225416691
1,1,0.7334485893068128
1,1,0.7116343032282109
1,1,0.7349222299121808
1,1,0.7673145998001429
1,0,0.17202071263034902
1,0,0.195374201331331
1,0,0.17151020922907265
1,0,0.19163736058706196
1,0,0.21073813086085177
1,0,0.18930304256487232
1,0,0.20596437096693423
1,0,0.216057568615743
1,0,0.21731828252904595
1,0,0.22978930353081067
1,0,0.24851700186324927
1,0,0.2080434386078775
1,0,0.21811053192360205
1,0,0.23001202783172967
1,0,0.2824022048299824
1,0,0.2753119369081837
1,0,0.2705376296237988
1,0,0.30776503369762503
1,0,0.2711584199885628
1,0,0.24811100679212614
1,0,0.19245778972815902
1,0,0.21046417223321476
1,0,0.19250804552157316
1,0,0.20711789661747745
1,0,0.1534912513213976
1,0,0.17781808097366916
1,0,0.2055416228491076
1,0,0.2016088136898437
1,0,0.20433253019432876
1,0,0.2108310010475513
1,0,0.22032621318033438
1,0,0.1718286844905748
1,0,0.1735447365463389
1,0,0.24777385974987912
1,0,0.2525854578967603
1,0,0.18805502569529856
1,0,0.1694725389092366
1,0,0.21831208445463265
1,0,0.23998683260135933
1,0,0.2194752560565339
1,0,0.19709667692254648
1,0,0.2465906241208956
1,0,0.25063909539540724
1,0,0.21735155286345959
1,0,0.2225779911239194
1,0,0.2292188628771084
1,0,0.2159307259186487
1,0,0.21569144805160373
1,0,0.24922762585100602
1,0,0.23629968355422093
1,0,0.19678000634843884
1,0,0.2247306202328142
1,0,0.20245328743719587
1,0,0.19899394148442429
1,0,0.20234828939207572
0,0,0.3051569327893806
0,0,0.23644168314612155
0,0,0.20532243917433596
0,0,0.16942583301666736
0,0,0.2015066293014286
0,0,0.1709164041974833
0,0,0.22135821115105656
0,0,0.21590364545236043
0,0,0.2371876024718932
0,0,0.23777184255204414
0,0,0.2708283706732875
0,0,0.20409081839504395
0,0,0.21326251669562615
0,0,0.2297127237593954
0,0,0.22770723966157236
0,0,0.21472902295929383
0,0,0.21172066651111515
0,0,0.22195849859858816
0,0,0.19966227774304574
0,0,0.19767883689600857
0,0,0.21830962312833052
0,0,0.23475802953506553
0,0,0.22486175495985866
0,0,0.21964891735803999
0,0,0.2013589717265994
0,0,0.20327422103688966
0,0,0.19583998389674842
0,0,0.2023030812822129
0,0,0.2006219887318527
0,0,0.19109624186349483
0,0,0.20871970555348252
0,0,0.1903994369898219
0,0,0.2243481418261691
0,0,0.219767904698937
0,0,0.21282071983212333
0,0,0.16217665789392047
0,0,0.15166895436385291
0,0,0.20410003829930512
0,0,0.197772878985245
0,0,0.17175371389000624
0,0,0.18213545428311054
0,0,0.18238229321015506
0,0,0.17811948238855613
0,0,0.1749535769835512
0,0,0.21320321039209614
0,0,0.20553710496302288
0,1,0.7280868099326518
0,1,0.7432532848403697
0,1,0.735836382329653
0,1,0.7550712339335761
0,1,0.7527715539440023
0,1,0.7598589506252703
0,1,0.7779496341063945
0,1,0.7568076290330363
0,1,0.7541688157232912
0,1,0.7230559586790024
0,1,0.7218605620845486
0,1,0.7753608023530559
0,1,0.7629405615235602
0,1,0.7996467225808708
0,1,0.7742081010490132
0,1,0.7841646497019805
0,1,0.7488369388849797
0,1,0.7497818395817183
0,1,0.7770540993627887
0,1,0.783429303885621
0,1,0.7945136686909804
0,1,0.8011213519495968
1,1,0.7842654353936822
1,1,0.7875058495127072
1,1,0.8043740982048871
1,1,0.7782869872047371
1,1,0.794951193581823
1,1,0.8186962823325403
1,1,0.8097214187201519
1,1,0.7826835864401143
1,1,0.7643363277918652
1,1,0.7360362571231046
1,1,0.7174042613869419
1,1,0.6487025479052072
1,1,0.6661615920226192
1,1,0.6879484645683354
1,1,0.6760558983349085
1,1,0.7535933130008848
1,1,0.7592848170324621
1,1,0.8000009179159129
1,1,0.8017493645312911
1,1,0.7989745652262434
1,1,0.7973463939794874
1,1,0.7945045822901252
0,1,0.7825959481140571
0,1,0.7729026333715646
0,1,0.7690695213177005
0,1,0.7662918413258991
0,1,0.7743118531024862
0,1,0.761965540170474
0,1,0.7211419400092726
0,1,0.732211429227204
0,1,0.7091020756281051
0,1,0.6724710948090177
0,1,0.7706377492745918
0,0,0.17447261307200115
0,0,0.20414199275359857
0,0,0.19494075845388545
0,0,0.2104636645216922
0,0,0.185084755080279
0,0,0.18996379413269188
0,0,0.18270621466051884
0,0,0.20561478180465723
0,0,0.1806564947213358
0,0,0.1768883595422985
0,0,0.1784213869915887
0,0,0.17654909302395985
0,0,0.17534121771976607
0,0,0.18669231890089721
0,0,0.1807054708364919
0,0,0.19271708985419578
0,0,0.1756658101705386
0,0,0.16943089195687364
0,0,0.20854135810315802
0,0,0.14386273339245867
0,0,0.14765329936682806
0,0,0.1247754241597401
0,0,0.12491842071938404
0,0,0.11996653888380315
0,0,0.11560636127433518
0,0,0.11707621224893777
0,0,0.11870794006084974
0,0,0.12043444468697992
0,0,0.11255263203321597
1,1,0.8015730332977893
1,1,0.805519908602054
1,1,0.7984541422009932
1,1,0.7778225593329273
1,1,0.790576256478502
1,1,0.7678924149916894
1,1,0.7799493629302441
1,1,0.785580049852571
1,1,0.7780487014941707
1,1,0.74832473647449
1,1,0.7387977025327739
0,1,0.8121458053282521
0,1,0.8039258033377626
0,1,0.8060444580551
0,1,0.8107180156806048
0,1,0.8118649661747628
0,1,0.8008574675452351
0,1,0.8278753521107376
0,1,0.8343893100874739
0,1,0.8340400206583126
0,1,0.861519971385283
0,1,0.8368489373457995
0,0,0.17266162368209026
0,0,0.21435352050406128
0,0,0.20791713080715105
0,0,0.17289045329786965
0,0,0.19271133114543285
0,0,0.18251742362771142
0,0,0.2529925559159324
0,0,0.2728131007287582
0,0,0.2422410283570672
0,0,0.25809314320399185
0,0,0.25977713911918626
0,0,0.2865978517804988
0,0,0.2687399083475677
0,0,0.21857062464288504
0,0,0.20889946032717152
0,0,0.24280306479356306
0,0,0.2491259292664562
0,0,0.25351131947994326
0,0,0.25685322171821817
0,0,0.28001182552067405
0,0,0.27793275689822067
0,0,0.30675741276250296
0,0,0.245754232941954
0,0,0.17555305235704563
0,0,0.17526942963697714
0,0,0.1908310382117295
0,0,0.20360657319816824
0,0,0.2996075978644259
0,0,0.28397645219874607
0,0,0.2612223236720531
0,0,0.21329132846209073
0,0,0.21118918043304816
0,0,0.19079848804718927
0,0,0.21841510812459305
0,0,0.24214219352342214
0,0,0.20993644325013058
0,0,0.15879475982509203
0,0,0.1738387618208156
0,0,0.1556421138072973
0,0,0.21067409935811518
0,0,0.2020980477526839
0,0,0.16056446289548051
0,0,0.1877218788217276
0,0,0.20642715151384594
0,0,0.16667163216881886
0,0,0.19893703025603218
0,0,0.174716765838153
0,0,0.16559334449644567
0,0,0.16797592986277213
0,0,0.23916836561511137
0,0,0.23078367870025573
0,0,0.20634166950591
0,0,0.2067264136375914
0,0,0.2290243965769173
0,0,0.21911219677642754
0,0,0.42401521321175173
0,0,0.42401521321175173
0,0,0.42240894738230134
0,0,0.4207175819275182
0,0,0.42401521321175173
0,0,0.4207175819275182
0,0,0.42240894738230134
0,0,0.4207175819275182
0,0,0.4232520556349815
0,0,0.4207175819275182
0,0,0.4207175819275182
0,0,0.42401521321175173
0,0,0.42401521321175173
0,0,0.42401521321175173
0,0,0.42240894738230134
0,0,0.42240894738230134
0,0,0.42401521321175173
0,0,0.4207175819275182
0,0,0.4207175819275182
0,0,0.4207175819275182
0,0,0.4207175819275182
0,0,0.4207175819275182
0,0,0.4207175819275182
0,0,0.42401521321175173
0,0,0.4207175819275182
0,0,0.4207175819275182
0,0,0.4207175819275182
0,0,0.4207175819275182
0,0,0.42401521321175173
0,0,0.4207175819275182
0,0,0.42240894738230134
0,0,0.4207175819275182
0,0,0.42240894738230134
0,0,0.42401521321175173
0,0,0.42401521321175173
0,0,0.4207175819275182
0,0,0.42401521321175173
0,0,0.4207175819275182
0,0,0.42240894738230134
0,0,0.4207175819275182
0,0,0.42401521321175173
0,0,0.42401521321175173
0,0,0.42401521321175173
0,0,0.4207175819275182
0,0,0.42401521321175173
0,0,0.4207175819275182
0,0,0.48279602164629976
0,0,0.4802957897337
0,0,0.4802957897337
0,0,0.4769981584494664
0,0,0.4274783545303248
0,0,0.42240894738230134
0,0,0.42401521321175173
0,0,0.42401521321175173
0,0,0.42401521321175173
0,0,0.4207175819275182
0,0,0.42240894738230134
1,0,0.4839234459871696
1,0,0.4818857011242907
1,0,0.4769981584494664
1,0,0.4802957897337
1,0,0.42401521321175173
1,0,0.42401521321175173
1,0,0.42401521321175173
1,0,0.4762154039335985
1,0,0.4769981584494664
1,0,0.4433409770189676
1,0,0.4207175819275182
1,0,0.47855164073667067
1,0,0.47855164073667067
1,0,0.4801415521272614
1,0,0.47855164073667067
1,0,0.47855164073667067
1,0,0.47855164073667067
1,0,0.47855164073667067
1,0,0.4768439208430278
1,0,0.4770079159525554
1,0,0.42418072324609113
1,0,0.4207175819275182
1,0,0.4802957897337
1,0,0.48279602164629976
1,0,0.4818857011242907
1,0,0.4802957897337
1,0,0.43994533866701535
1,0,0.4249434210897647
1,0,0.4207175819275182
1,0,0.42401521321175173
1,0,0.42840656240833774
1,0,0.4499592810131975
1,0,0.48283026344116337
0,0,0.48108611444413407
0,0,0.48279602164629976
0,0,0.4843859330368905
0,0,0.4843859330368905
0,0,0.48279602164629976
0,0,0.48203286406952955
0,0,0.48782287312256156
0,0,0.4864236778997694
0,0,0.4864073234609097
0,0,0.4843859330368905
0,0,0.48533049535376316
0,0,0.48471377069760374
0,0,0.4843859330368905
0,0,0.48279602164629976
0,0,0.4787156358461983
0,0,0.42401521321175173
0,0,0.4207175819275182
0,0,0.4276428694652214
0,0,0.42434523818098774
0,0,0.4207175819275182
0,0,0.4207175819275182
0,0,0.4207175819275182
0,0,0.4207175819275182
0,0,0.4207175819275182
0,0,0.4207175819275182
0,0,0.4232520556349815
0,0,0.4207175819275182
0,0,0.4207175819275182
0,0,0.4207175819275182
0,0,0.4276428694652214
0,0,0.4276428694652214
0,0,0.42654968691921513
0,0,0.42401521321175173
0,0,0.42401521321175173
0,0,0.42654968691921513
0,0,0.42401521321175173
0,0,0.42240894738230134
0,0,0.4207175819275182
0,0,0.42240894738230134
0,0,0.42240894738230134
1,0,0.48283026344116337
1,0,0.4818857011242907
1,0,0.4843859330368905
1,0,0.4802957897337
1,0,0.4864073234609097
1,0,0.44687062620471857
1,0,0.4268797118884511
1,0,0.43017734317268475
1,0,0.4311060107837944
1,0,0.4469686332724372
1,0,0.48565266617919783
1,0,0.48533049535376316
1,0,0.4843859330368905
1,0,0.4843859330368905
1,0,0.4843859330368905
1,0,0.48279602164629976
1,0,0.48118975581684936
1,0,0.4769981584494664
1,0,0.4802957897337
1,0,0.4818857011242907
1,0,0.4843859330368905
1,0,0.48279602164629976
0,0,0.42240894738230134
0,0,0.42240894738230134
0,0,0.4207175819275182
0,0,0.42240894738230134
0,0,0.42240894738230134
0,0,0.4207175819275182
0,0,0.42240894738230134
0,0,0.42401521321175173
0,0,0.42401521321175173
0,0,0.42401521321175173
0,0,0.42401521321175173
0,0,0.42401521321175173
0,0,0.42401521321175173
0,0,0.42401521321175173
0,0,0.42240894738230134
0,0,0.42401521321175173
0,0,0.42240894738230134
0,0,0.42401521321175173
0,0,0.4207175819275182
0,0,0.42401521321175173
0,0,0.42401521321175173
0,0,0.42401521321175173
0,0,0.42401521321175173
0,0,0.42401521321175173
0,0,0.42401521321175173
0,0,0.42401521321175173
0,0,0.42401521321175173
0,0,0.42401521321175173
0,0,0.42401521321175173
0,0,0.42401521321175173
0,0,0.42401521321175173
0,0,0.42401521321175173
0,0,0.42401521321175173
0,0,0.42654968691921513
0,0,0.42240894738230134
0,0,0.42240894738230134
0,0,0.4207175819275182
0,0,0.4207175819275182
0,0,0.4207175819275182
0,0,0.4207175819275182
0,0,0.4207175819275182
0,0,0.42240894738230134
0,0,0.42401521321175173
0,0,0.42401521321175173
0,0,0.42401521321175173
0,0,0.42401521321175173
0,0,0.4258720887008744
0,0,0.42401521321175173
0,0,0.42401521321175173
0,0,0.42401521321175173
0,0,0.42401521321175173
0,0,0.42401521321175173
0,0,0.42240894738230134
0,0,0.4207175819275182
0,0,0.4207175819275182
0,0,0.32733740525414773
0,0,0.27181253896509083
0,0,0.2655679249765211
0,0,0.2778293611929578
0,0,0.17061089483149963
0,0,0.21489041292174035
0,0,0.21890541401299402
0,0,0.23437074951837078
0,0,0.2276715098505993
0,0,0.2093307512473052
0,0,0.2856315587488482
0,0,0.25162212512504395
0,0,0.2486637681560178
0,0,0.26412860676870803
0,0,0.24410730487863685
0,0,0.21897774904519568
0,0,0.2592820593387546
0,0,0.25793530664021913
0,0,0.19575240752808593
0,0,0.23569029163850114
0,0,0.2485250002009333
0,0,0.24317055884778568
0,0,0.1996847490379209
0,0,0.19257857762203462
0,0,0.18814981255187874
0,0,0.21432613139192874
0,0,0.21951517818517985
0,0,0.20946998413593462
0,0,0.21528154818708994
0,0,0.20962711777712958
0,0,0.24817350100824143
0,0,0.22214449698414568
0,0,0.23983917520561326
0,0,0.21891094744307235
0,0,0.22656467706462752
0,0,0.1919013411131952
0,0,0.20595919382848307
0,0,0.21322895421925392
0,0,0.21307659142197788
0,0,0.26231695852531234
0,0,0.26677929146007157
0,0,0.24517290808716571
0,0,0.22847766510992695
0,0,0.23207064150800055
0,0,0.26503299684216286
0,0,0.2274777824814767
1,1,0.5637912325864044
1,1,0.5474565306027346
1,1,0.5580473827014971
1,1,0.624473065161053
1,1,0.5947022333299489
1,1,0.6127926944165859
1,1,0.6900752025237137
1,1,0.656797108008009
1,1,0.7347452255000354
1,1,0.7485502740759081
1,1,0.6873046636405777
1,1,0.592164578488827
1,1,0.648325532717457
1,1,0.5809671172953155
1,1,0.7548998244244731
1,1,0.6223272103088137
1,1,0.670989915363696
1,1,0.6636340806127639
1,1,0.5038446174798504
1,1,0.5725586962655956
1,1,0.6459466109795994
1,1,0.6478911803385523
0,1,0.8128128344501958
0,1,0.8249100887980163
0,1,0.7382199438121986
0,1,0.8069187466016714
0,1,0.7934422802891645
0,1,0.7399646599944978
0,1,0.7073862663398687
0,1,0.7049584590248107
0,1,0.7176113427395454
0,1,0.7074705817743014
0,1,0.7957397550591274
1,1,0.7006636512997808
1,1,0.5835069194755039
1,0,0.4670253120558581
1,1,0.5112826010890658
1,1,0.5676428771690943
1,1,0.5108867802670801
1,0,0.44794282401490215
1,1,0.5073657342688989
1,0,0.39631135080874985
1,0,0.4669156104489597
1,0,0.4845218403296615
0,1,0.6958479150378739
0,1,0.6857278860322806
0,1,0.7048123359929916
0,1,0.6681718105991672
0,1,0.6907160897406933
0,1,0.7168937087969098
0,1,0.7417971277763401
0,1,0.7262836384424438
0,1,0.6637614371002871
0,1,0.5269256209369899
0,0,0.41565918590990786
0,0,0.25061494279658697
0,0,0.2761117284058328
0,0,0.22099637707040248
0,0,0.21135909199620076
0,0,0.21764562997484657
0,0,0.2286275962634923
0,0,0.2615752223086331
0,0,0.2262453435814768
0,0,0.23974385906561793
0,0,0.20626929016936685
0,0,0.2236879550205142
0,0,0.2584516209002128
0,0,0.27735817801217116
0,0,0.23266731069771585
0,0,0.2668926188174497
0,0,0.2151704820305474
0,0,0.18005515891663135
0,0,0.16314750462149866
0,0,0.2067337901881193
0,0,0.17650180727200174
0,0,0.2272391873909793
0,0,0.22138419710472804
0,0,0.198678533909751
0,0,0.21237885538387477
0,0,0.20451317988646667
0,0,0.1964662791535928
0,0,0.20682246320739714
0,0,0.18765761535917466
0,0,0.21027500007626096
1,1,0.8159269611099343
1,1,0.7954589392250473
1,1,0.7210530481708911
1,1,0.7715505695042987
1,1,0.7257441699272811
1,1,0.618365959943693
1,1,0.6007254498773532
1,1,0.7172718165120479
1,1,0.778227886974522
1,1,0.517480717409443
1,0,0.4648330604201658
1,1,0.8310313999688801
1,1,0.8726106224113811
1,1,0.8546412144661677
1,1,0.7612053204335615
1,1,0.6327247692960769
1,1,0.7187409865158255
1,1,0.8844306541205111
1,1,0.8834622762052318
1,1,0.8435861379646431
1,1,0.7722163689451726
1,1,0.7469147643066323
1,0,0.2816410147025686
1,0,0.23843728724891133
1,0,0.20116507504017186
1,0,0.20088466822583587
1,0,0.19701825550848134
1,0,0.2487270288048543
1,0,0.2342089549892167
1,0,0.29218290312320994
1,0,0.2340738809751387
1,0,0.22146270791269132
1,0,0.19858329795813073
1,0,0.18902908559494358
1,0,0.18170039274120459
1,0,0.16938480312317178
1,0,0.1993662996411434
1,0,0.21896592293050474
1,0,0.22536758983566682
1,0,0.22861415309515926
1,0,0.1985450839658937
1,0,0.18025381198652557
1,0,0.20372515739851027
1,0,0.1324546632530651
1,0,0.15373919467763414
1,0,0.22544372002009294
1,0,0.22941083333971168
1,0,0.2463593514054987
1,0,0.19048867969371513
1,0,0.2139611574807367
1,0,0.17884628820746357
1,0,0.2105528405970883
1,0,0.21541593161718736
1,0,0.2242992259393976
1,0,0.17938568498968388
0,0,0.17467169686596085
0,0,0.17683971668105894
0,0,0.20744744812252072
0,0,0.2560038694394804
0,0,0.173242292861122
0,0,0.1937380979469358
0,0,0.17862263699170133
0,0,0.16406078552714398
0,0,0.17596119621489892
0,0,0.1676773541535748
0,0,0.19939559445979416
0,0,0.24494080048707517
0,0,0.24279097428310886
0,0,0.2437638785549848
0,0,0.21409774391125824
0,0,0.2940982732682987
0,0,0.3556336698743479
0,0,0.3337386263444541
0,0,0.38083674548112356
0,0,0.2738342524380991
0,0,0.19300310118521838
0,0,0.21591183893826224
0,0,0.31243918157493
0,0,0.3079977600118751
0,0,0.3217674594625655
0,0,0.3539377103334685
0,0,0.3590185896482208
0,0,0.34597664923053606
0,0,0.3121317691050718
0,0,0.29661698111209667
0,0,0.31163091942542914
0,0,0.30273575042083994
0,0,0.3008231770986989
0,0,0.23030546668628993
0,0,0.21829260314340954
0,0,0.20184654848919822
0,0,0.211544625908823
0,0,0.2278035065013279
0,0,0.2582807185098942
0,0,0.22776048720756475
0,0,0.20365168445365114
0,0,0.2081313231424681
0,0,0.23257828580347245
0,0,0.23774098924103032
0,0,0.19381062905265803
0,0,0.18488086346501797
0,0,0.14736509711633472
0,0,0.19244014399450435
0,0,0.2067645099159687
0,0,0.17969362889883572
0,0,0.15151165934421507
0,0,0.19354881573282015
0,0,0.19822924090352725
0,0,0.16704359088034845
0,0,0.17522438115969885
0,0,0.22912817108226918
0,0,0.20640505007146712
0,0,0.17978222616638473
0,0,0.17453067862314064
0,0,0.1915626312024126
0,0,0.2425053100492942
0,0,0.22506787726803307
0,0,0.23526537287488206
0,0,0.23625931588251267
0,0,0.19152583229282982
0,0,0.21831159763846755
0,0,0.21959947259553933
0,0,0.1766353948492168
0,1,0.7351441551959819
0,1,0.7435262686143392
0,1,0.761918126701361
0,1,0.7236502544454538
0,1,0.693319430638202
0,1,0.701197485219197
0,1,0.7528720466153989
0,1,0.7375024275273268
0,1,0.696280531679499
0,1,0.7022102460279074
0,1,0.7249185649026433
0,1,0.7847305724719604
0,1,0.7699831841219913
0,1,0.7377980221986143
0,1,0.6984036484980194
0,1,0.7166613215785744
0,1,0.7329023713012891
0,1,0.7281862302763186
0,1,0.7127061932140522
0,1,0.7451613646729551
0,1,0.7335456324649315
0,1,0.7600926138931493
0,1,0.7932594841359341
0,1,0.7399742526364073
0,1,0.7551221846009636
0,1,0.7383981591377089
0,1,0.7420681695461482
0,1,0.776059856420931
0,1,0.7951909482938369
0,1,0.7758614279291948
0,1,0.7263654247570783
0,1,0.7034086630670134
0,1,0.7867281674769845
0,1,0.8239287563230147
0,1,0.8074631251175808
0,1,0.8354944660784267
0,1,0.8379229382913533
0,1,0.8706620481058743
0,1,0.8330679440739733
0,1,0.8284863546627741
0,1,0.8511948043039846
0,1,0.8274594076451214
0,1,0.8184565870413175
0,1,0.8161656343358574
0,1,0.8137486634962707
0,1,0.7994887444441869
0,1,0.7972087052123193
0,1,0.8235442313023804
0,1,0.8438005596967243
0,1,0.8149909862642281
0,1,0.8519015402537687
0,1,0.8412520660106384
0,1,0.858775726004736
0,1,0.8330529621673739
0,1,0.8599448564560771
0,0,0.18893463933592358
0,0,0.20943551470260335
0,0,0.22955986912697646
0,0,0.25735171362452514
0,0,0.2285490904165049
0,0,0.2036787636616504
0,0,0.2205655217646311
0,0,0.1682104566380207
0,0,0.19334495140777694
0,0,0.20940739481731793
0,0,0.21166536547908532
0,0,0.17654470579540607
0,0,0.20622242434093696
0,0,0.20549123934053362
0,0,0.14743378688991737
0,0,0.20178072359005936
0,0,0.20553560002655602
0,0,0.1582634245571452
0,0,0.17795232369346212
0,0,0.17226063743178838
0,0,0.1943570072622864
0,0,0.19103660450153612
0,0,0.2578981393555374
0,0,0.29441648880253973
0,0,0.2256852399545047
0,0,0.27810631677509073
0,0,0.27819495776215125
0,0,0.24421645884824922
0,0,0.22528267229097496
0,1,0.7458668691894137
0,1,0.73973231411218
0,1,0.7344339966899224
0,1,0.7748667161249598
0,1,0.7629502302500039
0,1,0.7728939533099611
0,1,0.7656211565247085
0,1,0.7529762577272956
0,1,0.7824227292775965
0,1,0.7681597913197762
0,1,0.7480894303739254
0,1,0.7490661913384943
0,1,0.7718369982395811
0,1,0.8266663903544859
0,1,0.7803247578362974
0,1,0.787574077692953
0,1,0.7505081941814362
0,1,0.7517511371645115
0,1,0.7265751271034405
0,1,0.7375212389487052
0,1,0.7475025238954615
0,1,0.7419504276115388
0,0,0.28874185494715787
0,0,0.32979188271412624
0,0,0.329708297697432
0,0,0.30413409811940617
0,0,0.32561038586305285
0,0,0.2897336043962121
0,0,0.27175265258438963
0,0,0.2818825897827477
0,0,0.28555189234828104
0,0,0.3128756981329745
0,0,0.34040038070823686
0,0,0.32740825771184745
0,0,0.25166809746491997
0,0,0.22887307439860657
0,0,0.34736379029276193
0,0,0.3175156095212209
0,0,0.2591633642687037
0,0,0.22750801195340853
0,0,0.2621503977904924
0,0,0.2738310675775501
0,0,0.29884625604493537
0,0,0.29535505048508676
0,0,0.3027157015792293
0,0,0.3146756355020789
0,0,0.34550044056770496
0,0,0.3187276875247256
0,0,0.31229248365654283
0,0,0.3483340547138169
0,0,0.3182633503522583
0,0,0.2446392783068487
0,0,0.23822539419552288
0,0,0.2546530854750173
0,0,0.279532550674597
0,0,0.21366511749173017
0,0,0.27560059632464773
0,0,0.263853992425158
0,0,0.2609027567215811
0,0,0.3181811559303825
0,0,0.3053388015118896
0,0,0.26609009892724633
0,0,0.21472229209035096
0,0,0.18269407291483425
0,0,0.2169967776480862
0,0,0.22002519579567106
0,0,0.2307551438592561
0,0,0.23027297224186502
0,0,0.23571206234097727
0,0,0.2289016501158904
0,0,0.1914239856607843
0,0,0.21038856565269728
0,0,0.22653496726800657
0,0,0.16366603945931626
0,0,0.1662902638799482
0,0,0.22065919054236743
0,0,0.20988686820957367
0,0,0.29818376543330927
0,0,0.3035797837682649
0,0,0.2963289150700861
0,0,0.27526101271822206
0,0,0.2465208793245368
0,0,0.2766522900695554
0,0,0.23487807886894796
0,0,0.28062913936683037
0,0,0.24314850672329874
0,0,0.22691382879001223
0,0,0.2816333446838258
0,0,0.22242177863335566
0,0,0.24485632943045843
0,0,0.2804714113086187
0,0,0.2542954076986267
0,0,0.2504956736439882
0,0,0.23750314979149134
0,0,0.2120940879212306
0,0,0.2135283611991733
0,0,0.21691020687257756
0,0,0.19488966660706397
0,0,0.19921776835924432
0,0,0.20386487779864662
0,0,0.2300032664224674
0,0,0.21923186556807545
0,0,0.2419073073054005
0,0,0.24719630132040898
0,0,0.2246847409905623
0,0,0.1898170280593123
0,0,0.20123358949639397
0,0,0.19090943220180004
0,0,0.20655294530986093
0,0,0.20670712688470338
0,0,0.14901439689577384
0,0,0.14711508768267195
0,0,0.16090114049676782
0,0,0.11664339547105942
0,0,0.15384829558114488
0,0,0.1803039959818279
0,0,0.17334249349930836
0,0,0.10157293411676713
0,0,0.15704046739349004
0,0,0.16912050105625906
0,0,0.18755296918026365
0,0,0.22066176913326316
0,0,0.18904736523699436
0,1,0.7843430855440495
0,1,0.758956305737101
0,1,0.7040318960869868
0,1,0.7460596741065086
0,1,0.7669928621514405
0,1,0.784953262489668
0,1,0.8108404961774377
0,1,0.7871905674537367
0,1,0.7491232262252846
0,1,0.7693723585659339
0,1,0.8157293243332308
1,1,0.8939947876369668
1,1,0.8431797443479855
1,1,0.8684077175063923
1,1,0.8410206246051473
1,1,0.8749578332016038
1,1,0.8469138164720752
1,1,0.8277523647126892
1,1,0.8679814801610809
1,1,0.8634832741011603
1,1,0.8551793262967725
1,1,0.8579490139512636
0,1,0.7524193353093748
0,1,0.7340958486844207
0,1,0.6953939830400386
0,1,0.7119525005347245
0,1,0.7133129017190882
0,1,0.7322584723559857
0,1,0.7632315316829739
0,1,0.7383359656655828
0,1,0.7396545321661852
0,1,0.7496359524702852
0,1,0.7348487468882289
1,1,0.8183661633800203
1,1,0.7590940022313629
1,1,0.8102482709241917
1,1,0.7984201754308576
1,1,0.8058158034189316
1,1,0.8111020205018455
1,1,0.8291110333241707
1,1,0.8049746350917546
1,1,0.8090492158967177
1,1,0.8391145055691619
1,1,0.8320055307898011
0,1,0.8242056641769109
0,1,0.7964022243692783
0,1,0.8083002554354674
0,1,0.7664130690975282
0,1,0.7362001947646448
0,1,0.7407860686506771
0,1,0.7740487763399283
0,1,0.8077518977615677
0,1,0.7506116909451823
0,1,0.7701136648773946
0,1,0.7904885437030886
0,0,0.18332527425249964
0,0,0.2039442457881075
0,0,0.1950139596509558
0,0,0.21026659051033783
0,0,0.20967965654752418
0,0,0.23867623100403243
0,0,0.18273427273652706
0,0,0.22758237658272595
0,0,0.18971728433935503
0,0,0.1531692208239722
0,0,0.20782766018857804
0,0,0.17065385585265547
0,0,0.17373130818739987
0,0,0.1772727427262623
0,0,0.18589189237189438
0,0,0.18689634344570624
0,0,0.1343907181828148
0,0,0.16299542408906934
0,0,0.1558697278004456
0,0,0.15136963101485534
0,0,0.21206005167155662
0,0,0.2513116915176393
0,0,0.1982214628445673
0,0,0.21516770943471708
0,0,0.25922263561617376
0,0,0.23143684630809683
0,0,0.209409335772432
0,0,0.19858856693714677
0,0,0.21687072719789582
0,1,0.7966750853707721
0,1,0.8613953331190207
0,1,0.8315862662173936
0,1,0.7870240877139374
0,1,0.7334607521202554
0,1,0.7310990327204707
0,1,0.7361785447151381
0,1,0.7366313679204646
0,1,0.7492803769746119
0,1,0.7265078305834335
0,1,0.6996215333088318
1,1,0.8693870247722709
1,1,0.8568100296062232
1,1,0.8639460285064163
1,1,0.8699047047119298
1,1,0.8744966082503624
1,1,0.875524518528298
1,1,0.858851270745244
1,1,0.8754233209898524
1,1,0.8519655943833527
1,1,0.8512193231944337
1,1,0.8635750318452434
0,0,0.24322208786129695
0,0,0.26609954771704564
0,0,0.26791895156073353
0,0,0.2649175970302102
0,0,0.27142837651025103
0,0,0.2964518190427831
0,0,0.319783659877981
0,0,0.30090434813257505
0,0,0.26932460938224123
0,0,0.26746051301754903
0,0,0.23818952015457928
0,0,0.23718725371450627
0,0,0.25479485597475005
0,0,0.2357946801035944
0,0,0.2214530626468385
0,0,0.22975300619026978
0,0,0.21835602590712327
0,0,0.24491357191488436
0,0,0.2683766982870046
0,0,0.18689405629328365
0,0,0.21164483486931712
0,0,0.24629780676420324
0,0,0.2454690338057443
0,0,0.24882385494878254
0,0,0.22961153682478486
0,0,0.2620746161850797
0,0,0.2558584473549101
0,0,0.3073442683243606
0,0,0.32034489069536654
0,0,0.3248665242834436
0,0,0.3486776614250809
0,0,0.31938112935068164
0,0,0.3305661483933189
0,0,0.26353499186577767
0,0,0.2774409768704673
0,0,0.2813183832990567
0,0,0.26640058568587466
0,0,0.28456060921994236
0,0,0.25765818906852145
0,0,0.26857499273553603
0,0,0.292651736155745
0,0,0.3116785528427286
0,0,0.2766228597877846
0,0,0.27189459926012255
0,0,0.25033175439866345
0,0,0.30805358584436204
0,0,0.32421485927111077
0,0,0.23954951630166135
0,0,0.2598998814613087
0,0,0.2772678288069216
0,0,0.29590903648458833
0,0,0.20391343227507303
0,0,0.2122641401253443
0,0,0.23571069559011817
0,0,0.2194646163801031
0,0,0.381887420252673
0,0,0.381887420252673
0,0,0.381887420252673
0,0,0.381887420252673
0,0,0.381887420252673
0,0,0.381887420252673
0,0,0.381887420252673
0,0,0.381887420252673
0,0,0.3802756050202328
0,0,0.381887420252673
0,0,0.3802756050202328
0,0,0.3802756050202328
0,0,0.3802756050202328
0,0,0.3802756050202328
0,0,0.3802756050202328
0,0,0.3802756050202328
0,0,0.381887420252673
0,0,0.3802756050202328
0,0,0.3802756050202328
0,0,0.3802756050202328
0,0,0.3802756050202328
0,0,0.3802756050202328
0,0,0.3802756050202328
0,0,0.3802756050202328
0,0,0.3802756050202328
0,0,0.3802756050202328
0,0,0.3802756050202328
0,0,0.3802756050202328
0,0,0.381887420252673
0,0,0.381887420252673
0,0,0.381887420252673
0,0,0.3802756050202328
0,0,0.3802756050202328
0,0,0.3802756050202328
0,0,0.3802756050202328
0,0,0.3802756050202328
0,0,0.3802756050202328
0,0,0.3802756050202328
0,0,0.3802756050202328
0,0,0.3802756050202328
0,0,0.3802756050202328
0,0,0.3802756050202328
0,0,0.3802756050202328
0,0,0.3802756050202328
0,0,0.3802756050202328
0,0,0.3802756050202328
1,1,0.6532560096361855
1,1,0.6538433827167125
1,1,0.6641056831615783
1,1,0.6680588102562706
1,1,0.6522905646665111
1,1,0.6546246769310738
1,1,0.6682767130848063
1,1,0.657925565056314
1,1,0.6342996543221189
1,1,0.663058050922999
1,1,0.6582011449978767
1,1,0.6837256480972836
1,1,0.650109504732659
1,1,0.643929386627395
1,1,0.6537313462002105
1,1,0.6458836518636838
1,1,0.6724608123883413
1,1,0.6854183860494126
1,1,0.6707009276950052
1,1,0.6736005018585809
1,1,0.6685666200459748
1,1,0.6586743184549786
1,1,0.634106018150079
1,1,0.6459876759438445
1,1,0.6749349217313145
1,1,0.6668699359276783
1,1,0.6841015158117199
1,1,0.6575774584612489
1,1,0.6494433854489279
1,1,0.6898654482136957
1,1,0.6686743184549786
1,1,0.6368608596878512
1,1,0.6630646517959212
0,1,0.6701749216102105
0,1,0.6737363446266181
0,1,0.6818396472313496
0,1,0.6613699663094738
0,1,0.6603259582356946
0,1,0.6553534870444407
0,1,0.6553534870444407
0,1,0.6444522432733046
0,1,0.6743906209525172
0,1,0.6845738866811214
0,1,0.6635939470097325
0,1,0.6539323132055673
0,1,0.661219360160265
0,1,0.6862494965622785
0,1,0.6585096405867544
0,1,0.6841487922025695
0,1,0.6808589090470201
0,1,0.6319380714109004
0,1,0.647948667612777
0,1,0.660644911189982
0,1,0.6693107086264548
0,1,0.6731304256017309
0,0,0.40988555689101175
0,0,0.4058142441138927
0,0,0.4000892719852952
0,0,0.3880626271693094
0,0,0.38378135880087455
0,0,0.38886369315913816
0,0,0.38886369315913816
0,0,0.3821695435684343
0,0,0.38378135880087455
0,0,0.38297302872987143
0,0,0.38297302872987143
0,0,0.38297302872987143
0,0,0.3802756050202328
0,0,0.38696975461093663
0,0,0.38886369315913816
0,0,0.38886369315913816
0,0,0.38886369315913816
0,0,0.381887420252673
0,0,0.381887420252673
0,0,0.38297302872987143
0,0,0.38696975461093663
0,0,0.38297302872987143
0,0,0.3802756050202328
0,0,0.3802756050202328
0,0,0.381887420252673
0,0,0.38647878251051326
0,0,0.38647878251051326
0,0,0.38378135880087455
0,0,0.38378135880087455
1,1,0.7016372616454858
1,1,0.6491045782970041
1,1,0.6773855923743618
1,1,0.6928620493546502
1,1,0.6608527734687009
1,1,0.6653182862355994
1,1,0.6525422811268747
1,1,0.6567375813526443
1,1,0.6738513563031789
1,1,0.6550203225870348
1,1,0.6551690222090437
0,1,0.6698951908253954
0,1,0.6587832780203705
0,1,0.6596010530989858
0,1,0.6709063152213903
0,1,0.6682062615180427
0,1,0.6478090608302196
0,1,0.6523324714101516
0,1,0.6637567825568338
0,1,0.6670265653140198
0,1,0.6721465616270252
0,1,0.6631259102657051
1,0,0.381887420252673
1,0,0.381887420252673
1,0,0.3802756050202328
1,0,0.3802756050202328
1,0,0.3802756050202328
1,0,0.381887420252673
1,0,0.381887420252673
1,0,0.381887420252673
1,0,0.381887420252673
1,0,0.38297302872987143
1,0,0.38297302872987143
1,0,0.3802756050202328
1,0,0.3802756050202328
1,0,0.3802756050202328
1,0,0.381887420252673
1,0,0.3802756050202328
1,0,0.381887420252673
1,0,0.381887420252673
1,0,0.3802756050202328
1,0,0.3802756050202328
1,0,0.3802756050202328
1,0,0.3802756050202328
1,0,0.381887420252673
1,0,0.381887420252673
1,0,0.3802756050202328
1,0,0.381887420252673
1,0,0.381887420252673
1,0,0.381887420252673
1,0,0.381887420252673
1,0,0.3802756050202328
1,0,0.381887420252673
1,0,0.3802756050202328
1,0,0.3802756050202328
1,0,0.381887420252673
1,0,0.381887420252673
1,0,0.3802756050202328
1,0,0.3802756050202328
1,0,0.3802756050202328
1,0,0.3802756050202328
1,0,0.3802756050202328
1,0,0.3802756050202328
1,0,0.3802756050202328
1,0,0.381887420252673
1,0,0.381887420252673
1,0,0.381887420252673
1,0,0.3802756050202328
1,0,0.3802756050202328
1,0,0.3802756050202328
1,0,0.3802756050202328
1,0,0.3802756050202328
1,0,0.3802756050202328
1,0,0.3802756050202328
1,0,0.3802756050202328
1,0,0.381887420252673
1,0,0.381887420252673
0,0,0.3135989716436198
0,0,0.30838989702678005
0,0,0.2890634119473918
0,0,0.31736794842075405
0,0,0.26894400383814376
0,0,0.2676816282203447
0,0,0.26125887099173684
0,0,0.2165957075629907
0,0,0.24163310121717924
0,0,0.24211769251747023
0,0,0.19944843101013857
1,0,0.33603014799522163
1,0,0.2805944911374457
1,0,0.3388460588256396
1,0,0.3434122280547524
1,0,0.3830113542589122
1,0,0.3364663492029541
1,0,0.33241596774255344
1,0,0.36523697142607536
1,0,0.3428374332464982
1,0,0.2677301254618094
1,0,0.30755183796783764
1,0,0.32406134730518543
1,0,0.3276851888604819
1,0,0.3207510351527473
1,0,0.3040460128017974
1,0,0.3598883221851693
1,0,0.3686465346047179
1,0,0.3961160536053031
1,0,0.4177614759065976
1,0,0.2861452565268738
1,0,0.2711836667203223
1,0,0.2925579718203878
1,0,0.3377640101932794
1,0,0.31953390578908303
1,0,0.32773902797014537
1,0,0.28854941862363825
1,0,0.26512745977633223
1,0,0.2964703491272827
1,0,0.33498611558787644
1,0,0.2993476427526738
1,0,0.23583777435789233
1,0,0.23338008618384115
1,0,0.3127905715191962
1,0,0.31229025478068595
1,0,0.20192935537057186
1,1,0.879201283562017
1,1,0.9243845026407633
1,1,0.9162200881950036
1,1,0.8648222515543129
1,1,0.9550330033631503
1,1,0.9552918010261958
1,1,0.9468144754334529
1,1,0.9438063822230229
1,1,0.8982401442840035
1,1,0.9470950412831527
1,1,0.9289306327522487
1,1,0.8933995319689307
1,1,0.8664315270485302
1,1,0.8059408009039156
1,1,0.7817265464118529
1,1,0.8294455458382071
1,1,0.8322907437408567
1,1,0.8278180138662558
1,1,0.8417718535272659
1,1,0.8649314785322058
1,1,0.7967440046487507
1,1,0.7888825966825063
1,1,0.8764836514688994
1,1,0.8565539890089675
1,1,0.8449478655714705
1,1,0.8710535797202117
1,1,0.8363329465975943
1,1,0.8454725000790947
1,1,0.8453458433539932
1,1,0.8357455554014643
1,1,0.8225661915164117
1,1,0.8309974376200364
1,1,0.8335082215908979
1,1,0.873219828982975
1,1,0.8880279660445579
1,1,0.9027467043483414
1,1,0.9097799269814456
1,1,0.9028854258470155
1,1,0.8946648696452556
1,1,0.8955421412906724
1,1,0.8774420934283585
1,1,0.8320251495192064
1,1,0.8798931407759041
1,1,0.835620384649105
1,1,0.8525658980762166
1,1,0.830438302419675
1,1,0.7842456752549413
1,1,0.8495332401591255
1,1,0.869796229804716
1,1,0.8754898709043772
1,1,0.8811233502101031
1,1,0.8485913621981719
1,1,0.8339242969713903
1,1,0.8353216316262692
1,1,0.851611104347406
0,0,0.22687025826681656
0,0,0.24782920902459873
0,0,0.21057552135819638
0,0,0.22031528807141038
0,0,0.21776287226065244
0,0,0.25782254955034356
0,0,0.3206765004831378
0,0,0.30302792114606575
0,0,0.2385373370377793
0,0,0.3170462909040525
0,0,0.30219738899367427
0,0,0.2393987703334931
0,0,0.24023077360536635
0,0,0.241603284403575
0,0,0.2419317411869302
0,0,0.23234646738277878
0,0,0.22986322253456953
0,0,0.21115783713836286
0,0,0.2538507371757463
0,0,0.21014204404519443
0,0,0.25438258824856097
0,0,0.27107613466518266
0,0,0.28818688746886406
0,0,0.23011506529792466
0,0,0.23221077121549738
0,0,0.2533133460431025
0,0,0.22915677199351955
0,0,0.20920685236260206
0,0,0.2120171195592522
1,1,0.8477885223567401
1,1,0.8657129467885083
1,1,0.8572013138702463
1,1,0.8439765788936441
1,1,0.8507708847039517
1,1,0.8711322516901177
1,1,0.7855042471970991
1,1,0.7488168458180577
1,1,0.7645576677662043
1,1,0.7642095352345619
1,1,0.7759631910625747
1,1,0.8766388799170848
1,1,0.8861424564777408
1,1,0.8802609644486178
1,1,0.8774304353138512
1,1,0.859089013964024
1,1,0.8464050410936159
1,1,0.8390155263153024
1,1,0.8479254863692038
1,1,0.8803150053107016
1,1,0.8364333862660552
1,1,0.8233514802370666
1,0,0.23107486590741919
1,0,0.2630520885622701
1,0,0.2560143338377561
1,0,0.2365548277865383
1,0,0.26785537740444887
1,0,0.25372044032318297
1,0,0.23740355198403418
1,0,0.2604590811266673
1,0,0.2388620962833317
1,0,0.19835004990817445
1,0,0.21206394935582723
1,0,0.21376058393645286
1,0,0.2969056004084082
1,0,0.3029547987312884
1,0,0.3138461694919305
1,0,0.2885888740236567
1,0,0.25545917238186716
1,0,0.2767430676768477
1,0,0.27259133349684256
1,0,0.3360960082495547
1,0,0.28707219905181663
1,0,0.26474091167939057
1,0,0.27460243018725594
1,0,0.25846334829093587
1,0,0.2797124875757331
1,0,0.25966709591581055
1,0,0.28184215222488473
1,0,0.3512419747256406
1,0,0.27382701604960874
1,0,0.2146360864330357
1,0,0.2603520622873534
1,0,0.2457691516592198
1,0,0.2745330353136503
0,0,0.2565000055031435
0,0,0.22465396820857866
0,0,0.2557000849212695
0,0,0.26909498796510556
0,0,0.2621095458363112
0,0,0.25730633845712025
0,0,0.24373486956426707
0,0,0.25792509018608967
0,0,0.24366162182468393
0,0,0.21900245061429482
0,0,0.2530731054079609
0,0,0.28414958757399134
0,0,0.2778973978484633
0,0,0.2854821784686059
0,0,0.3156061627512809
0,0,0.26334194617265044
0,0,0.35371151276837437
0,0,0.29322460151121915
0,0,0.27626326916778177
0,0,0.29341422917618043
0,0,0.3064107230256925
0,0,0.2692110956246509
0,0,0.13510324909617089
0,0,0.2077069759038407
0,0,0.19662183394274937
0,0,0.2160713282276085
0,0,0.237420318654093
0,0,0.25476261212328355
0,0,0.23960610852190745
0,0,0.2301165488701243
0,0,0.24820183773820712
0,0,0.27183309433760794
0,0,0.27193292181358936
0,0,0.23846773248475478
0,0,0.19295319907866296
0,0,0.1864220510449564
0,0,0.18039992673267244
0,0,0.17993434505640704
0,0,0.22636306492419853
0,0,0.22669705224461237
0,0,0.20265423831539592
0,0,0.16785848170460782
0,0,0.18528802899436422
0,0,0.1571305312995884
0,0,0.17745738849809883
0,0,0.17778155360614945
0,0,0.1675823882293476
0,0,0.16794827639317056
0,0,0.19132019006925108
0,0,0.15295288600883178
0,0,0.16040665522382316
0,0,0.16776473296351616
0,0,0.20155196866479436
0,0,0.18755191950296812
0,0,0.17633727812097902
0,0,0.1420333504146777
0,0,0.1495993936576866
0,0,0.14613231207270766
0,0,0.1595921651579582
0,0,0.15667186777861844
0,0,0.156989582622402
0,0,0.18355972689026567
0,0,0.19302467097989684
0,0,0.1644614273295227
0,0,0.14515491917400328
0,0,0.1662910925416206
0,0,0.18885441243031817
0,0,0.1464606790879558
0,1,0.7485722945181057
0,1,0.6996608563926762
0,1,0.7220662168354585
0,1,0.7151545350946995
0,1,0.7310389092996894
0,1,0.7023975631448013
0,1,0.6917922832772709
0,1,0.7008329950099216
0,1,0.6614557628288742
0,1,0.6379791989964894
0,1,0.718378064830445
1,1,0.7457994814367703
1,1,0.7386588158127425
1,1,0.7425556927311752
1,1,0.7211057037417321
1,1,0.7383327133288582
1,1,0.7567783197561689
1,1,0.713060919590192
1,1,0.7634403370468008
1,1,0.7699717783566374
1,1,0.7953532080141941
1,1,0.8117891683438657
1,1,0.735659990167307
1,1,0.772721045389233
1,1,0.7848123248718085
1,1,0.7684139113173235
1,1,0.7659685318517873
1,1,0.783541939371409
1,1,0.770140172960372
1,1,0.8106834222467633
1,1,0.7300571047546484
1,1,0.7594451974171066
1,1,0.7861630957319925
1,1,0.81460054110145
1,1,0.8025594442986811
1,1,0.8111686030284081
1,1,0.8076554955310838
1,1,0.8087334120119242
1,1,0.810330961528606
1,1,0.8044691156697265
1,1,0.7683211339770735
1,1,0.7725942590793764
1,1,0.7760890202447074
1,1,0.81040431777185
0,1,0.8630026502272209
0,1,0.8482210903031272
0,1,0.8179056192963778
0,1,0.8701066010991986
0,1,0.8458363922652531
0,1,0.8615111894826986
0,1,0.8215306662631257
0,1,0.8432142154230228
0,1,0.8180549103645336
0,1,0.7916043206554453
0,1,0.8577178909662477
0,0,0.16984681109492686
0,0,0.1919920545210737
0,0,0.1816941864555078
0,0,0.18429158028555526
0,0,0.22850986197564085
0,0,0.21058134607394285
0,0,0.17011742372897298
0,0,0.15706408149024206
0,0,0.16317440516124018
0,0,0.18202495769001512
0,0,0.18644299092285987
0,0,0.1942340537800169
0,0,0.19439883795007049
0,0,0.20453627214804485
0,0,0.14779701604735465
0,0,0.1885803717530581
0,0,0.1802944939148867
0,0,0.16214307809302317
0,0,0.18163702516064678
0,0,0.1905981464485826
0,0,0.17090830853617184
0,0,0.1857625666348853
0,0,0.14997821750137655
0,0,0.1361888878342431
0,0,0.13575987940059134
0,0,0.15814970579181784
0,0,0.1910368612341691
0,0,0.22252292436401894
0,0,0.22755816757542383
1,1,0.7024583078694911
1,1,0.7998286753207314
1,1,0.7922492331268934
1,1,0.7686866686829065
1,1,0.7645844983277411
1,1,0.8740282689292705
1,1,0.861400144104222
1,1,0.843047428118455
1,1,0.8191865833695223
1,1,0.8509669252899319
1,1,0.8572014433979159
1,1,0.7301478304218461
1,1,0.74473895241298
1,1,0.7176068468685266
1,1,0.6920540081298924
1,1,0.6614711239476747
1,1,0.6851192031685084
1,1,0.638241638677759
1,1,0.6645326982806798
1,1,0.6781150428212004
1,1,0.6670484013610605
1,1,0.6647019944185902
0,0,0.17897578712425108
0,0,0.16350975744176946
0,0,0.1668651553210458
0,0,0.17508222770696272
0,0,0.16468456017376978
0,0,0.15563727964357285
0,0,0.17058294361334844
0,0,0.16157463560993215
0,0,0.16224705715255092
0,0,0.12856121705467222
0,0,0.1493666838909585
0,0,0.19383810346677868
0,0,0.2235126858865495
0,0,0.19208646566749657
0,0,0.18038050518782398
0,0,0.14496351831647494
0,0,0.16939180667491713
0,0,0.18302721854148807
0,0,0.16646121350672885
0,0,0.17358264491596578
0,0,0.1696220915271125
0,0,0.1598126947337246
0,0,0.15534930348763298
0,0,0.1507710656451148
0,0,0.15130142703598742
0,0,0.13028197068359515
0,0,0.12681926685862863
0,0,0.14644897023372866
0,0,0.13866453938674048
0,0,0.15880425739083123
0,0,0.18928158682929208
0,0,0.1557087343438703
0,0,0.15531856295996818
0,0,0.15889185836799244
0,0,0.16943385696213514
0,0,0.16475507180127136
0,0,0.197947702714472
0,0,0.1991625848695576
0,0,0.27126854368515674
0,0,0.22970348393775575
0,0,0.23273807412695333
0,0,0.22148374480685742
0,0,0.22287554864358186
0,0,0.22798230014688678
0,0,0.2287981074682492
0,0,0.2374897129270021
0,0,0.22468219223327057
0,0,0.25235854281340026
0,0,0.26095675800308643
0,0,0.26066922763699907
0,0,0.26680533080393487
0,0,0.33250375140329813
0,0,0.30033537910545766
0,0,0.31666781094229174
0,0,0.33663065884452403
0,0,0.24954089138809502
0,0,0.27764321772437495
0,0,0.28644115196888875
0,0,0.2566040810431958
0,0,0.25858790396333425
0,0,0.25626248891129616
0,0,0.2619924433917204
0,0,0.25923407456025055
0,0,0.22821973782640165
0,0,0.21754913215806848
0,0,0.1893322347977919
0,0,0.1607185526432726
0,0,0.16284533743173799
0,0,0.1768718577947675
0,0,0.15607604748826395
0,0,0.14995242254774283
0,0,0.1499864184906229
0,0,0.1724261454327711
0,0,0.16885215046109553
0,0,0.1583377424448466
0,0,0.15977015776452938
0,0,0.18101534637660419
0,0,0.1456144215201361
0,0,0.15509616467833603
0,0,0.12702064031683594
0,0,0.13528944063574033
0,0,0.16826238939665905
0,0,0.1449656085655643
0,0,0.1508440009121644
0,0,0.15593694629529753
0,0,0.16834823666640278
0,0,0.15347752470572917
0,0,0.14965977879828984
0,0,0.14664877287203237
0,0,0.12137980090976898
0,0,0.11917185678309954
0,0,0.09267301970403935
0,0,0.13669080607061618
0,0,0.11844622198660926
0,0,0.13427925692756007
0,0,0.1214557285986057
0,0,0.14015317849839545
0,0,0.14774058471206053
0,0,0.17249032989995822
0,0,0.14540120937671733
0,0,0.14149318819613826
1,1,0.7282545792587092
1,1,0.7733396387957238
1,1,0.7554970964503503
1,1,0.7678353846385229
1,1,0.7414530206138964
1,1,0.7483579859608445
1,1,0.7411871821416743
1,1,0.7623159976803506
1,1,0.7700221847808169
1,1,0.7746273359498187
1,1,0.8228165677902939
1,1,0.761821761396923
1,1,0.7909477990773063
1,1,0.7925864369787269
1,1,0.7772414490512972
1,1,0.7493770888977386
1,1,0.7957623964383355
1,1,0.7696638601881327
1,1,0.7861966944391291
1,1,0.8176863660766631
1,1,0.8204500619392593
1,1,0.7981193817073432
0,1,0.7893809527431099
0,1,0.7611148123375884
0,1,0.8130722026318243
0,1,0.8129592993046244
0,1,0.8168792560699063
0,1,0.8098993412753671
0,1,0.818321702863111
0,1,0.8201388986684078
0,1,0.8074154011439785
0,1,0.8361933617390709
0,1,0.8111365108782238
0,1,0.917000051369082
0,1,0.9253023674319439
0,1,0.8948891480458968
0,1,0.9007499019335006
0,1,0.8980987381279212
0,1,0.8858952110760402
0,1,0.8740233507777456
0,1,0.897198878656092
0,1,0.8943616345239505
0,1,0.8950514642454718
0,1,0.8680978058083991
0,1,0.8351930257837032
0,1,0.8540606680600615
0,1,0.8542819419222855
0,1,0.8411519996368507
0,1,0.8318536295611432
0,1,0.8338333382201184
0,1,0.8751773649398271
0,1,0.854366681711283
0,1,0.9078159315164994
0,1,0.8996701726745795
0,1,0.8707575861099925
0,0,0.24872939273529973
0,0,0.2196530332352833
0,0,0.22401885785643672
0,0,0.24647599814894808
0,0,0.24056846773001406
0,0,0.23070874385574391
0,0,0.2308053742240699
0,0,0.1984808844554567
0,0,0.15961565175481163
0,0,0.16769231279857041
0,0,0.19728596537205756
0,0,0.18481892475868217
0,0,0.19406878409266695
0,0,0.2189517025860123
0,0,0.2142024524347132
0,0,0.23642434458667952
0,0,0.25977326344022894
0,0,0.27202597263735895
0,0,0.22718883968798118
0,0,0.23517486960199513
0,0,0.23364338638920526
0,0,0.23854701688490343
0,0,0.2521968642275166
0,0,0.21176339358863147
0,0,0.1913371239774131
0,0,0.20112012173030194
0,0,0.2346909576699043
0,0,0.24912877746810763
0,0,0.24935794163015093
0,1,0.720911066165057
0,1,0.75873920597869
0,1,0.7434144090674866
0,1,0.7298353436266898
0,1,0.7394003104641204
0,1,0.7231005327817596
0,1,0.6839669435911344
0,1,0.7155845130393221
0,1,0.7539090818649216
0,1,0.758503160097022
0,1,0.8167133559640166
1,1,0.7877204424098805
1,1,0.7622867391863721
1,1,0.7357172998308242
1,1,0.7267974247972064
1,1,0.7677930166932299
1,1,0.7686349188396303
1,1,0.757880657152134
1,1,0.7405641842422639
1,1,0.7704224060616555
1,1,0.780711450491846
1,1,0.7764219357457935
0,0,0.27424617453704186
0,0,0.2752275021501477
0,0,0.2620159898300704
0,0,0.22713202819191397
0,0,0.25880315680433696
0,0,0.24248900911233762
0,0,0.25398097459423885
0,0,0.2559609930947391
0,0,0.2634178840481299
0,0,0.24919123504015356
0,0,0.27049093245519373
0,0,0.23821438740848339
0,0,0.23567006293312392
0,0,0.2739471130027512
0,0,0.2572849170581667
0,0,0.24693168641187974
0,0,0.22029924306630966
0,0,0.19998782611739563
0,0,0.20704067209241256
0,0,0.22436291945518086
0,0,0.27376939935733824
0,0,0.2595303780521803
0,0,0.2837593270264524
0,0,0.31042717646897816
0,0,0.27917957710456387
0,0,0.27436385060086577
0,0,0.2969183808458149
0,0,0.3032115185462753
0,0,0.2974431223474039
0,0,0.3135879628162851
0,0,0.2975145560677295
0,0,0.2847101842435774
0,0,0.2843614048751756
0,0,0.26867208172604756
0,0,0.2837278867142249
0,0,0.29719378737504504
0,0,0.28769366850675465
0,0,0.2881684379575612
0,0,0.24035306384000768
0,0,0.2544187286870156
0,0,0.26150597358738326
0,0,0.22724808134426663
0,0,0.2424237167639619
0,0,0.27124342822059605
0,0,0.3070010684041911
0,0,0.32202661576533953
0,0,0.28725254236076997
0,0,0.24887570005910567
0,0,0.25689868653659675
0,0,0.27513079147433034
0,0,0.2676961100876614
0,0,0.26617904909864304
0,0,0.2659132998606266
0,0,0.28290884731984794
0,0,0.2866600223037504
0,0,0.2599417888600527
0,0,0.31261826765588147
0,0,0.2986562365055191
0,0,0.32661554111796115
0,0,0.27323307459259066
0,0,0.29954192574919725
0,0,0.356557050600372
0,0,0.2392423839435875
0,0,0.2947296885354204
0,0,0.2918463489052134
0,0,0.29035502109038713
0,0,0.17549978364398272
0,0,0.23521258389047678
0,0,0.19061806054527497
0,0,0.18883804056761128
0,0,0.2530500884634615
0,0,0.24906110681254534
0,0,0.24767403063222385
0,0,0.18032983319172743
0,0,0.19010057813666634
0,0,0.23000918973886944
0,0,0.21423455356097118
0,0,0.1688994559504027
0,0,0.1475642174688534
0,0,0.22477217121248233
0,0,0.24174399575235037
0,0,0.2809325896422553
0,0,0.29102057001450155
0,0,0.2759078158211529
0,0,0.27837860198141345
0,0,0.21911284132768694
0,0,0.19476100868711016
0,0,0.17393702804886277
0,0,0.17148240932244085
0,0,0.21368078106967137
0,0,0.22771447406619583
0,0,0.18360359215329022
0,0,0.24135018362334487
0,0,0.2351817022088549
0,0,0.16149430543011312
0,0,0.1975910328777808
0,0,0.23127537225192848
0,0,0.24096152433716755
0,0,0.18051059441469597
0,0,0.21052004462709464
0,0,0.17999977096080458
0,1,0.7332252564999693
0,1,0.7148403415149517
0,1,0.7237891082616704
0,1,0.7549211373028167
0,1,0.7115098055680776
0,1,0.7183756995485915
0,1,0.7088101131930522
0,1,0.685942722819092
0,1,0.6735549760672103
0,1,0.671839646592833
0,1,0.6918653586526939
0,1,0.6980417622670972
0,1,0.7900215742109288
0,1,0.7288758610483748
0,1,0.7415856984128356
0,1,0.6590595129837442
0,1,0.6897362743304133
0,1,0.6325588461004242
0,1,0.5885655597665315
0,1,0.6343566779134372
0,1,0.6008658762851522
0,1,0.6355835058416881
0,1,0.6677847320898274
0,1,0.6681986122926569
0,1,0.6605694049284766
0,1,0.6901109619940655
0,1,0.6934010148619757
0,1,0.709377435416279
0,1,0.7095201706866899
0,1,0.7824433844918154
0,1,0.8087049446379209
0,1,0.8061941643329112
0,1,0.8293408070514053
0,1,0.6353125416876506
0,1,0.6230857558009162
0,1,0.6025029876206415
0,1,0.5744947385682493
0,1,0.6182164334524735
0,1,0.646677695020183
0,1,0.7521328971867347
0,1,0.6729425672893143
0,1,0.677638001820939
0,1,0.746277928389889
0,1,0.7842814990147763
0,1,0.7587972803747403
0,1,0.6846748594411676
0,1,0.7383895334864965
0,1,0.7349722310239112
0,1,0.7106758547749864
0,1,0.6964543706427964
0,1,0.6266074821780946
0,1,0.6830273069702383
0,1,0.7225406472537921
0,1,0.7178406502572523
0,1,0.8230830420260615
0,1,0.5902566394776039
0,1,0.6816476561821596
0,1,0.8069090414475559
0,1,0.8304623105167098
0,1,0.7897765671709195
0,1,0.7628839395346035
0,1,0.7475129255079996
0,1,0.6534043391189445
0,1,0.5964073205858963
0,1,0.7197109704180504
0,1,0.6264424612087095
0,1,0.7537463869439481
0,1,0.6377738995222827
0,1,0.5765698654698714
0,1,0.5896494329041733
0,1,0.5793259824356337
0,1,0.6414719347495977
0,1,0.5953700481635286
0,1,0.59162931400422
0,1,0.6154557609056311
0,1,0.607918615507748
0,1,0.625257781496498
0,0,0.2725022916811438
0,0,0.3737151039469794
0,0,0.32524041050446095
0,0,0.3484984933369869
0,0,0.3217388660385431
0,0,0.3619098085175683
0,0,0.2801656105102959
0,0,0.3211636965276524
0,0,0.3293806998340111
0,0,0.3987894025331162
0,0,0.31458258956786733
0,0,0.3370899580678183
0,0,0.3149136745295543
0,0,0.2880274837593993
0,0,0.3017231061280852
0,0,0.332334245099094
0,0,0.3436901506376697
0,0,0.32941495792375486
0,0,0.3195748382318246
0,0,0.27532418151667365
0,0,0.29440687521909187
0,0,0.27925731490991357
0,0,0.2836058957807095
0,0,0.24181269098244532
0,0,0.2809307237856154
0,0,0.2663217203912329
0,0,0.214718863280747
0,0,0.2471274001270374
0,0,0.2351410995637863
0,0,0.29326147269466757
0,0,0.27564670045492934
0,0,0.26396174753665
0,0,0.2787785418387626
0,0,0.30806937742368007
0,0,0.3298802942327168
0,0,0.3633893043774523
0,0,0.3448299218492018
0,0,0.35013537263550387
0,0,0.35129155960614145
0,0,0.3916502844790712
0,0,0.4240430151373925
0,0,0.35691888639966407
0,0,0.34066269426679097
0,0,0.3270591004015078
0,0,0.36937145643399333
0,0,0.43495858037978247
0,0,0.3382790070012918
0,0,0.28497973983514446
0,0,0.3009776531122177
0,0,0.29924172619176653
0,0,0.31669381446721373
0,0,0.3390895878774372
0,0,0.28450117409039083
0,0,0.3887918341929374
0,0,0.3743764244146771
0,0,0.22995432883782915
0,0,0.2345808191434421
0,0,0.22165647388441734
0,0,0.20578756177826668
0,0,0.17974412690095662
0,0,0.21626184924400482
0,0,0.22840711878885972
0,0,0.2846776450952694
0,0,0.32056322646646845
0,0,0.27691007035786275
0,0,0.26436241094346036
1,0,0.17389032686888672
1,0,0.21934601654525387
1,0,0.19716447425528574
1,0,0.21000811239199554
1,0,0.21742903945457215
1,0,0.1485087225812837
1,0,0.15787843755129496
1,0,0.1639753772405148
1,0,0.16038984618507202
1,0,0.18625122886127993
1,0,0.1944805691982346
1,0,0.12339071413108957
1,0,0.11624438682272437
1,0,0.14119507379097096
1,0,0.1258025650744161
1,0,0.1390281310398297
1,0,0.09676957136837672
1,0,0.17595337633574853
1,0,0.22026779786333145
1,0,0.22418543824210257
1,0,0.15668404027688648
1,0,0.1096870302212994
1,0,0.12964296437613082
1,0,0.2153030165287555
1,0,0.2446406984341538
1,0,0.14048178419367344
1,0,0.11285828961055669
1,0,0.1434452498027162
1,0,0.1609231167200598
1,0,0.14185592183174808
1,0,0.23257598823205075
1,0,0.1480697824309891
1,0,0.16477171544404112
1,0,0.2311050390080209
1,0,0.2259730618235696
1,1,0.7031553899575401
1,1,0.6771562070442044
1,1,0.6814250055633109
1,1,0.6910396036202944
1,1,0.6973285673631168
1,1,0.6984517473515264
1,1,0.734015315298017
1,1,0.7089013474082768
1,1,0.6558788465733412
1,1,0.6765662222437899
1,1,0.6759304863977351
1,1,0.6509008793370887
1,1,0.6505481618978167
1,1,0.7027778904690559
1,1,0.6749743476377074
1,1,0.6782570922890336
1,1,0.7032983034558475
1,1,0.6515510209184617
1,1,0.6570715923196692
1,1,0.6709596126460302
1,1,0.650771741382422
1,1,0.684552044510955
1,1,0.7948810474475496
1,1,0.7812144301000705
1,1,0.8095369102059169
1,1,0.7760574206616566
1,1,0.8300016306496454
1,1,0.8115563264026912
1,1,0.8018087826928368
1,1,0.8014992467187512
1,1,0.8265297778070818
1,1,0.8028810376001586
1,1,0.8634197963605437
1,1,0.839036067030687
1,1,0.8255960351487392
1,1,0.7995359396889158
1,1,0.8395163398182597
1,1,0.8446844933483676
1,1,0.8335926355422985
1,1,0.818545130260877
1,1,0.8337211393607177
1,1,0.8236320572703164
1,1,0.8384385413173235
1,1,0.8243079514412242
1,1,0.7621994626190903
1,1,0.7401107839817698
1,1,0.7609873155869468
1,1,0.8107610203196661
1,1,0.8373246950407638
1,1,0.791109350889548
1,1,0.8162206965242863
1,1,0.8269005932361035
1,1,0.8084884645223012
1,1,0.7804869966248552
1,1,0.7222711874620511
1,0,0.17937399852850183
1,0,0.16329088475454115
1,0,0.17984317462496796
1,0,0.17736489767770874
1,0,0.15304776871466896
1,0,0.16699256845283592
1,0,0.1537328606132568
1,0,0.19814945782485463
1,0,0.19283771763268548
1,0,0.1985700289381969
1,0,0.1670940052827105
1,0,0.15127684811058117
1,0,0.17801852994111947
1,0,0.19144112501596106
1,0,0.1758377751259601
1,0,0.1622442795883142
1,0,0.16105475682771087
1,0,0.17186445393570435
1,0,0.17629956456425294
1,0,0.17007741895100853
1,0,0.18542229576099467
1,0,0.17982519708333394
1,0,0.17667794348533886
1,0,0.17019454375174295
1,0,0.15364369585423662
1,0,0.1557017771936112
1,0,0.14928821063691775
1,0,0.15116422624215164
1,0,0.17028032926940267
1,1,0.7907891500815927
1,1,0.8285736048559379
1,1,0.8197143156901018
1,1,0.7890833263431017
1,1,0.8248349378363717
1,1,0.8015046812311275
1,1,0.8084348339374753
1,1,0.8176748356629356
1,1,0.8352073437999438
1,1,0.8235455204437944
1,1,0.8045789426386233
1,1,0.6808753084784717
1,1,0.6812756620174912
1,1,0.6778399211288079
1,1,0.6493120794958718
1,1,0.6711609807418791
1,1,0.6540395601175207
1,1,0.663079467924554
1,1,0.66173677092482
1,1,0.7006091691536155
1,1,0.7073989897070859
1,1,0.6793437366031218
1,0,0.27123711123470984
1,0,0.2615525627789393
1,0,0.2703484588511721
1,0,0.27996201865292736
1,0,0.2753283550266662
1,0,0.29880009088604254
1,0,0.30275223824276937
1,0,0.2989704972848186
1,0,0.29690435274277227
1,0,0.29580942290430007
1,0,0.29143554072682515
1,0,0.3237674692902065
1,0,0.3340780721183377
1,0,0.3218365567389681
1,0,0.2946934370014392
1,0,0.2763180213605253
1,0,0.28954065879834373
1,0,0.3257758311571054
1,0,0.3352570260357231
1,0,0.3328621753253344
1,0,0.2994487558864319
1,0,0.3248492181041208
1,0,0.3143364852618312
1,0,0.3226368686813382
1,0,0.3299339864420574
1,0,0.3179488052413739
1,0,0.3274381935800173
1,0,0.3267651492832192
1,0,0.3305272674381494
1,0,0.3135600598412162
1,0,0.32149582734041715
1,0,0.3114995306268447
1,0,0.3194603044955993
1,0,0.27838098603025285
1,0,0.26722413034633863
1,0,0.2994292406936508
1,0,0.34462426401547175
1,0,0.3094485657508016
1,0,0.30848725614341804
1,0,0.33697520215373317
1,0,0.3628423745971721
1,0,0.3906115366324244
1,0,0.3780865033981547
1,0,0.3530245637161502
1,0,0.3445252870181429
1,0,0.36867047412028375
1,0,0.3367652507977921
1,0,0.3372586492949313
1,0,0.3178645833648551
1,0,0.3427992260882739
1,0,0.33229884327119197
1,0,0.3638801517507562
1,0,0.37356533596088665
1,0,0.3640969656587799
1,0,0.36648368171404827
0,0,0.19743334909051743
0,0,0.1913038462935948
0,0,0.2047627474256613
0,0,0.22525600300947468
0,0,0.2215855662216399
0,0,0.1947547064863049
0,0,0.21476426091391163
0,0,0.22410384288866983
0,0,0.2788946106443858
0,0,0.23485677654868478
0,0,0.2325609801936335
0,0,0.21086472445042495
0,0,0.19326170668110026
0,0,0.16321966046224365
0,0,0.16790755007503066
0,0,0.14757951034010133
0,0,0.17442691229702356
0,0,0.14828071627133066
0,0,0.1729544094723087
0,0,0.17320823716644032
0,0,0.1662580955762471
0,0,0.15859773098348431
0,0,0.14308477999910443
0,0,0.16460438516020673
0,0,0.1546901737558512
0,0,0.153910622457347
0,0,0.14742901864116423
0,0,0.14657755815121679
0,0,0.17198369541073055
0,0,0.16740396236015379
0,0,0.1962585242687096
0,0,0.19297293895422102
0,0,0.24447174119413667
0,0,0.23405110960804035
0,0,0.23644803346949275
0,0,0.21269480023085824
0,0,0.24144801324255824
0,0,0.2945682107127519
0,0,0.2650818685980536
0,0,0.23358166409213882
0,0,0.23468900243190877
0,0,0.22831749590153655
0,0,0.23726183659110484
0,0,0.21842600890596248
0,0,0.24962944878439508
0,0,0.26338995169631135
1,1,0.5696381342902016
1,1,0.6374366507831948
1,1,0.6604235667834577
1,1,0.6369120078429323
1,1,0.5990192874766768
1,1,0.6109866445720901
1,1,0.5967028685201441
1,1,0.5833036683286587
1,1,0.5319210730624625
1,1,0.5040149484370526
1,1,0.5268165881221482
1,1,0.6266387674551025
1,1,0.6380196599958705
1,1,0.6347918941256067
1,1,0.6296165128940856
1,1,0.6481688220215004
1,1,0.62012982381254
1,1,0.6463196770078997
1,1,0.6506598213905674
1,1,0.6192019847722171
1,1,0.6090109665510547
1,1,0.6300881051984721
0,1,0.6565103398127026
0,1,0.6585749292016384
0,1,0.7457040261599428
0,1,0.7463510822659893
0,1,0.7200041268717008
0,1,0.7429287536884566
0,1,0.7518901171261548
0,1,0.6886806056602548
0,1,0.70664431168946
0,1,0.6972388347801319
0,1,0.7169068887268557
1,1,0.6215973455410838
1,1,0.619022780182767
1,1,0.6520508864625607
1,1,0.6382581037641689
1,1,0.602648730534009
1,1,0.6212105701144577
1,1,0.6343665397568917
1,1,0.6420407147351251
1,1,0.6166252384242594
1,1,0.6229291292773435
1,1,0.6412345562972628
1,1,0.6838277091143271
1,1,0.7348319780020747
1,1,0.7294266601674727
1,1,0.7240009241458616
1,1,0.7361074610309777
1,1,0.7140045293929049
1,1,0.6928962910497889
1,1,0.7092942159923544
1,1,0.7195489487360068
1,1,0.7122946572744346
1,1,0.6717873255851594
0,0,0.10706583609507528
0,0,0.08847174156066956
0,0,0.11085211387020089
0,0,0.08980663495224166
0,0,0.08125527504285483
0,0,0.09146376331864702
0,0,0.08658728543554481
0,0,0.08733844159940266
0,0,0.07868132750947265
0,0,0.07113433333135168
0,0,0.06295261209810074
0,0,0.06711790831335933
0,0,0.0724597214583172
0,0,0.07930992625596921
0,0,0.0751226287243933
0,0,0.09453876010734368
0,0,0.09303758119780253
0,0,0.10974897008240067
0,0,0.10000978369192026
0,0,0.08863729269212285
0,0,0.10540540682026839
0,0,0.10439955497724225
0,0,0.09680947060624322
0,0,0.09356269295620864
0,0,0.09652488215002472
0,0,0.10205637061028484
0,0,0.08814690038736613
0,0,0.07814710268967918
0,0,0.08841362183975181
1,1,0.6374663536278963
1,1,0.59293358582021
1,1,0.5833060809626722
1,1,0.6139083647992238
1,1,0.623029455505525
1,1,0.6233445891399088
1,1,0.6301448897677409
1,1,0.6564469688130786
1,1,0.6111538364221077
1,1,0.605484788087659
1,1,0.5959578649400389
1,1,0.6277712561945943
1,1,0.6331803514717979
1,1,0.6686696198085816
1,1,0.701782190889948
1,1,0.6840333712754333
1,1,0.6590347572287301
1,1,0.6742197375742265
1,1,0.685701451641795
1,1,0.7057012007832489
1,1,0.713497780709426
1,1,0.7368125152512732
1,0,0.2825200723078749
1,0,0.2697969509060902
1,0,0.24774020188723306
1,0,0.2654074336313971
1,0,0.22121366234507733
1,0,0.2482736941643715
1,0,0.2573134821139884
1,0,0.24227708240006013
1,0,0.26225837266290225
1,0,0.26433674569879384
1,0,0.231676742449168
1,0,0.23671459084931712
1,0,0.2467815686389561
1,0,0.23582441440235538
1,0,0.24298790877633028
1,0,0.2503902328477693
1,0,0.2441380197391705
1,0,0.2335098033537758
1,0,0.26922840893784594
1,0,0.2608707086232867
1,0,0.2737164752585051
1,0,0.29597746762199867
1,0,0.28973970788804726
1,0,0.290036235315226
1,0,0.28757688422480676
1,0,0.2410752320684983
1,0,0.2169694981141427
1,0,0.2523502495821021
1,0,0.24786913016444193
1,0,0.2716222142451355
1,0,0.2539408186743222
1,0,0.2452636127865998
1,0,0.2329318310840176
1,0,0.2341890560594169
1,0,0.18391089746577627
1,0,0.18255507202223753
1,0,0.17156185766102733
1,0,0.17511982853186417
1,0,0.17321927540043064
1,0,0.19203624721705342
1,0,0.18716125440719567
1,0,0.17774398197361152
1,0,0.17506143927588128
1,0,0.19311296542781645
1,0,0.20619784955252418
1,0,0.20507512120311502
1,0,0.19886770696939673
1,0,0.20285777912737774
1,0,0.20523342708906536
1,0,0.21637803526941896
1,0,0.22954070867707063
1,0,0.22198660461090278
1,0,0.20251329247264074
1,0,0.22322537519908384
1,0,0.23835825740586597
0,0,0.38696975461093663
0,0,0.38696975461093663
0,0,0.38696975461093663
0,0,0.38696975461093663
0,0,0.38696975461093663
0,0,0.3845848439623117
0,0,0.3915282763185197
0,0,0.3915282763185197
0,0,0.3853579393784964
0,0,0.3915282763185197
0,0,0.38696975461093663
0,0,0.38696975461093663
0,0,0.38696975461093663
0,0,0.3845848439623117
0,0,0.38297302872987143
0,0,0.38297302872987143
0,0,0.38696975461093663
0,0,0.3853579393784964
0,0,0.3845848439623117
0,0,0.3802756050202328
0,0,0.3802756050202328
0,0,0.3802756050202328
0,0,0.38297302872987143
0,0,0.38297302872987143
0,0,0.3802756050202328
0,0,0.3802756050202328
0,0,0.3802756050202328
0,0,0.3802756050202328
0,0,0.3802756050202328
0,0,0.3802756050202328
0,0,0.3802756050202328
0,0,0.38297302872987143
0,0,0.38297302872987143
0,0,0.38297302872987143
0,0,0.3802756050202328
0,0,0.3845848439623117
0,0,0.3845848439623117
0,0,0.3802756050202328
0,0,0.38297302872987143
0,0,0.38297302872987143
0,0,0.3802756050202328
0,0,0.3802756050202328
0,0,0.38297302872987143
0,0,0.3845848439623117
0,0,0.381887420252673
0,0,0.3802756050202328
0,0,0.3845848439623117
0,0,0.3802756050202328
0,0,0.38297302872987143
0,0,0.3845848439623117
0,0,0.3845848439623117
0,0,0.3845848439623117
0,0,0.381887420252673
0,0,0.3802756050202328
0,0,0.38696975461093663
0,0,0.38886369315913816
0,0,0.38886369315913816
1,0,0.38886369315913816
1,0,0.38886369315913816
1,0,0.38886369315913816
1,0,0.38378135880087455
1,0,0.381887420252673
1,0,0.38297302872987143
1,0,0.38886369315913816
1,0,0.3993152984675964
1,0,0.39475677676001325
1,0,0.4103727658214759
1,0,0.41918740812936506
1,0,0.40954655206351825
1,0,0.41063216054071666
1,0,0.407934736831078
1,0,0.40954655206351825
1,0,0.4075006462423868
1,0,0.4122439757731569
1,0,0.4048032225327481
1,0,0.39912009452318875
1,0,0.39912009452318875
1,0,0.4075006462423868
1,0,0.4122439757731569
1,0,0.42476684026662037
1,0,0.4122439757731569
1,0,0.4048032225327481
1,0,0.39912009452318875
1,0,0.400731909755629
1,0,0.4075006462423868
1,0,0.40988555689101175
1,0,0.40988555689101175
1,0,0.4075006462423868
1,0,0.41918740812936506
1,0,0.41918740812936506
1,0,0.42715175091524527
1,0,0.42715175091524527
1,0,0.41918740812936506
1,0,0.41444407859859494
1,0,0.41444407859859494
1,0,0.41462888642178186
1,0,0.41462888642178186
1,0,0.41462888642178186
1,0,0.41462888642178186
1,0,0.41462888642178186
1,0,0.41462888642178186
0,0,0.4048032225327481
0,0,0.40954655206351825
0,0,0.4048032225327481
0,0,0.3880626271693094
0,0,0.3821695435684343
0,0,0.3821695435684343
0,0,0.38378135880087455
0,0,0.3821695435684343
0,0,0.384866967278073
0,0,0.3821695435684343
0,0,0.3853579393784964
0,0,0.38886369315913816
0,0,0.38886369315913816
0,0,0.38886369315913816
0,0,0.38886369315913816
0,0,0.38647878251051326
0,0,0.3802756050202328
0,0,0.38886369315913816
0,0,0.38886369315913816
0,0,0.3802756050202328
0,0,0.3802756050202328
0,0,0.38297302872987143
0,0,0.38297302872987143
0,0,0.381887420252673
0,0,0.381887420252673
0,0,0.38297302872987143
0,0,0.3802756050202328
0,0,0.38297302872987143
0,0,0.3845848439623117
1,0,0.4058142441138927
1,0,0.4058142441138927
1,0,0.4058142441138927
1,0,0.41918740812936506
1,0,0.43439494169896825
1,0,0.4298364199913851
1,0,0.41462888642178186
1,0,0.4082737416585715
1,0,0.4024741826339202
1,0,0.39342221486672124
1,0,0.3993152984675964
1,0,0.38886369315913816
1,0,0.38886369315913816
1,0,0.3915282763185197
1,0,0.3915282763185197
1,0,0.38297302872987143
1,0,0.38297302872987143
1,0,0.38297302872987143
1,0,0.3845848439623117
1,0,0.3845848439623117
1,0,0.3845848439623117
1,0,0.3845848439623117
0,0,0.3915282763185197
0,0,0.3845848439623117
0,0,0.38297302872987143
0,0,0.38696975461093663
0,0,0.38696975461093663
0,0,0.3845848439623117
0,0,0.38696975461093663
0,0,0.38696975461093663
0,0,0.38886369315913816
0,0,0.38886369315913816
0,0,0.38696975461093663
0,0,0.38696975461093663
0,0,0.3845848439623117
0,0,0.3802756050202328
0,0,0.381887420252673
0,0,0.3802756050202328
0,0,0.3845848439623117
0,0,0.3845848439623117
0,0,0.38696975461093663
0,0,0.38696975461093663
0,0,0.38297302872987143
0,0,0.3845848439623117
0,0,0.38696975461093663
0,0,0.3915282763185197
0,0,0.39342221486672124
0,0,0.3993152984675964
0,0,0.4103727658214759
0,0,0.4058142441138927
0,0,0.4058142441138927
0,0,0.39475677676001325
0,0,0.39475677676001325
0,0,0.41918740812936506
0,0,0.41462888642178186
1,0,0.38647878251051326
1,0,0.38886369315913816
1,0,0.38647878251051326
1,0,0.38378135880087455
1,0,0.38378135880087455
1,0,0.3845848439623117
1,0,0.3802756050202328
1,0,0.381887420252673
1,0,0.3802756050202328
1,0,0.3802756050202328
1,0,0.381887420252673
1,0,0.3845848439623117
1,0,0.38696975461093663
1,0,0.381887420252673
1,0,0.3802756050202328
1,0,0.381887420252673
1,0,0.381887420252673
1,0,0.381887420252673
1,0,0.3802756050202328
1,0,0.381887420252673
1,0,0.38696975461093663
1,0,0.38696975461093663
0,0,0.24994250786007263
0,0,0.24685035901913868
0,0,0.26689172749283746
0,0,0.27687272295541354
0,0,0.2898972399082964
0,0,0.3198939215078486
0,0,0.301004165598916
0,0,0.302593529693594
0,0,0.2831740343653021
0,0,0.3103516591712805
0,0,0.29205293885488787
1,0,0.22831756598155262
1,0,0.2525831012394838
1,0,0.23807139149408102
1,0,0.24288513138233964
1,0,0.21619341327803332
1,0,0.2209960535316755
1,0,0.23278835971342624
1,0,0.23969564419177838
1,0,0.22303408579525827
1,0,0.21665532342905036
1,0,0.26725681037994337
1,0,0.28305217846760944
1,0,0.2030145506613314
1,0,0.1986465751594092
1,0,0.21996012102664353
1,0,0.22248209200625652
1,0,0.21367253021858532
1,0,0.21987716705641383
1,0,0.24702900484459334
1,0,0.23715417876955847
1,0,0.23593150171089383
1,0,0.24328869710705697
1,0,0.20941737551377496
1,0,0.18820451816800612
1,0,0.18258627447043518
1,0,0.2380051852298126
1,0,0.29124482908556154
1,0,0.2538052342459993
1,0,0.2804911283220184
1,0,0.23896753368842616
1,0,0.24586519473281843
1,0,0.23631677981098956
1,0,0.21581720715070035
1,0,0.23340237142361692
1,0,0.2726165482903399
1,1,0.7374537900045497
1,1,0.7163740074706579
1,1,0.7107439090144058
1,1,0.7184501540157539
1,1,0.7016867809113417
1,1,0.734596126698548
1,1,0.7272257645733043
1,1,0.7402458592935665
1,1,0.7528832172962774
1,1,0.7262445375416658
1,1,0.769195266762247
0,1,0.7990127560475331
0,1,0.7772071805219395
0,1,0.7840692894489742
0,1,0.7931864470360511
0,1,0.802610407776973
0,1,0.7922018723202054
0,1,0.8015671230988191
0,1,0.817771610833537
0,1,0.8127538273010417
0,1,0.7979750790030614
0,1,0.8201576217624514
0,1,0.7582474417588771
0,1,0.7389339072355966
0,1,0.6769077454836665
0,1,0.6944047000477868
0,1,0.7039185361604706
0,1,0.74759618622069
0,1,0.7465785843673494
0,1,0.7946703864634391
0,1,0.7753476805371361
0,1,0.730027558512126
0,1,0.6913255968685551
1,1,0.6704437530542944
1,1,0.7926402352414128
1,1,0.7562809875464584
1,1,0.7624393118570525
1,1,0.7674910320304287
1,1,0.7186076530869367
1,1,0.7209102984202391
1,1,0.7753224126558584
1,1,0.7975968060588648
1,1,0.7918085981733215
1,1,0.7992260100363257
1,1,0.7696156760528399
1,1,0.8051995564101421
1,1,0.7894473306293837
1,1,0.79308389676407
1,1,0.7810695272120892
1,1,0.7653461351772503
1,1,0.7605245935634788
1,1,0.7711752481087497
1,1,0.758390918230202
1,1,0.7390083252566109
1,1,0.8008748745118646
0,0,0.2682198000540664
0,0,0.20422631785622108
0,0,0.23490085724327522
0,0,0.3114991372094239
0,0,0.25991149090511334
0,0,0.2341331069258671
0,0,0.280840130227489
0,0,0.3062766597406918
0,0,0.2754466605055599
0,0,0.27979538994550224
0,0,0.30357528478132145
0,0,0.17981567438474869
0,0,0.23296713782593603
0,0,0.22944798522926793
0,0,0.25785987450283787
0,0,0.2545727998922384
0,0,0.18604803787209487
0,0,0.29144857112150285
0,0,0.22342071132370336
0,0,0.22001982685742705
0,0,0.2590349719467528
0,0,0.26883058598466564
0,0,0.2314063074910765
0,0,0.23967845714179373
0,0,0.29451805830779304
0,0,0.28199418268292725
0,0,0.26755482439662887
0,0,0.2906220885991777
0,0,0.21144650060096154
1,1,0.7867187551113929
1,1,0.7499715385914177
1,1,0.7297086916188691
1,1,0.7441150788032524
1,1,0.7637594563723158
1,1,0.7812891210649155
1,1,0.7366382673078057
1,1,0.7413473911158975
1,1,0.7064000308238734
1,1,0.7502766274755805
1,1,0.8167465005952963
1,1,0.7528184672806125
1,1,0.7038538927335436
1,1,0.7286396427830621
1,1,0.7436553661461529
1,1,0.7435340557346031
1,1,0.7425973618759169
1,1,0.7036749023965884
1,1,0.7206560149947521
1,1,0.7126356350905215
1,1,0.7316833036044972
1,1,0.7388763318932117
0,0,0.2393337950092069
0,0,0.2295312563790957
0,0,0.2487008302648582
0,0,0.2364994073111986
0,0,0.259456806748263
0,0,0.2234637540959977
0,0,0.2576413147611432
0,0,0.23750468431279098
0,0,0.22814700186524867
0,0,0.2507589831817555
0,0,0.2554188540882147
0,0,0.2576274792010156
0,0,0.24996408128643466
0,0,0.2084393546441895
0,0,0.24318417001456602
0,0,0.22908533755327684
0,0,0.24697388001096537
0,0,0.27758946201543316
0,0,0.2474161714723256
0,0,0.2053186117164905
0,0,0.20658643148349276
0,0,0.23758739504279333
0,0,0.2537566251263378
0,0,0.29201440337432655
0,0,0.27359855718621834
0,0,0.2976736302643701
0,0,0.28686769425745134
0,0,0.30728465858121773
0,0,0.2879529155760975
0,0,0.3060269779214045
0,0,0.32262990760245985
0,0,0.2981241358977087
0,0,0.30270923390790466
0,0,0.2533270577369713
0,0,0.24225660746567837
0,0,0.22300140807789112
0,0,0.23161360681445614
0,0,0.2911613386697908
0,0,0.21439212861242518
0,0,0.2707627677792618
0,0,0.2629539514914739
0,0,0.2072840109013379
0,0,0.185863236356866
0,0,0.1948958566491995
0,0,0.20544251245820294
0,0,0.2164874580354346
0,0,0.19303679611176996
0,0,0.23549065123016116
0,0,0.2884758159721232
0,0,0.31439070686338394
0,0,0.3168227433291313
0,0,0.3427481860981441
0,0,0.35973346861876904
0,0,0.34713186409728486
0,0,0.20933866483259145
0,0,0.12368284016069757
0,0,0.1542281180918879
0,0,0.1375603582075507
0,0,0.15494150548898122
0,0,0.14793148329583133
0,0,0.13219551440190613
0,0,0.1317183015402545
0,0,0.13708428076289977
0,0,0.13343977584716854
0,0,0.121938339454925
0,0,0.14015677305287386
0,0,0.313643186885843
0,0,0.306732287660641
0,0,0.24974744899682544
0,0,0.20172425799226443
0,0,0.1428611251673443
0,0,0.10635783590793148
0,0,0.12161454031095392
0,0,0.1392304408091105
0,0,0.12919423051416362
0,0,0.08957843348696387
0,0,0.09534861489032359
0,0,0.07578480445223403
0,0,0.09036259609986773
0,0,0.08641197364753012
0,0,0.08631495401612606
0,0,0.08902080176474177
0,0,0.11317179551947794
0,0,0.07825057866381528
0,0,0.08107535363211776
0,0,0.07336411384720892
0,0,0.0836654813619609
0,0,0.10582429231315572
0,0,0.07767242663106741
0,0,0.07716268760592211
0,0,0.09787213031562915
0,0,0.09558948945971184
0,0,0.10821012679483283
0,0,0.11471802124196005
0,0,0.1002094878372977
0,0,0.12270604757645953
0,0,0.11802742575211742
0,0,0.13658615318782083
0,0,0.12074259577445223
0,0,0.10193149000301965
0,0,0.1121557919609395
1,1,0.7327735142442358
1,1,0.7271208224082654
1,1,0.7156017976901281
1,1,0.7701909250209398
1,1,0.7799733759709209
1,1,0.7727755898374639
1,1,0.7974286906867182
1,1,0.8231680278108259
1,1,0.7662165968590433
1,1,0.7670578034947516
1,1,0.7964500637646779
1,1,0.6856216559967091
1,1,0.7406299549344952
1,1,0.7120656219941489
1,1,0.6483109351615187
1,1,0.6444145839204088
1,1,0.6669683621109964
1,1,0.709949854860262
1,1,0.7108812175592247
1,1,0.7235087862544326
1,1,0.6681001522893949
1,1,0.6423156677285262
1,1,0.677509361976275
1,1,0.6638642315915777
1,1,0.665103332488005
1,1,0.6423095218407417
1,1,0.6606905002314188
1,1,0.6458275272472753
1,1,0.7241263837358127
1,1,0.7088272029314343
1,1,0.7233785403438298
1,1,0.7092363963395328
1,1,0.7377956489968414
1,1,0.8512643644410709
1,1,0.8746904119210396
1,1,0.8707764839861701
1,1,0.8584195989162795
1,1,0.8369935515226985
1,1,0.851613381640102
1,1,0.8236216345700613
1,1,0.814925732926268
1,1,0.8451035667288379
1,1,0.8158689865282601
1,1,0.7942537969189521
1,1,0.74655686444544
1,1,0.7221793996938665
1,1,0.6393936361266307
1,1,0.7104659387906758
1,1,0.6619447768406327
1,1,0.6516695275092497
1,1,0.6383634518706445
1,1,0.6079252251703836
1,1,0.6507148546342605
1,1,0.6919288932143636
1,1,0.6903385754730994
0,0,0.16413059571905872
0,0,0.15531596952707755
0,0,0.15148455491159687
0,0,0.13121382552981553
0,0,0.1448151830024477
0,0,0.13124876589143833
0,0,0.1267143551872219
0,0,0.11516537680369211
0,0,0.1275577532103291
0,0,0.12076311251144364
0,0,0.12177752341424447
0,0,0.12693065898898861
0,0,0.14120247746425282
0,0,0.11867465454346754
0,0,0.11789341852916768
0,0,0.13387145144665147
0,0,0.137198220802649
0,0,0.13982782435647512
0,0,0.12315786784803202
0,0,0.17719045283514231
0,0,0.19304590440264818
0,0,0.15626905037220054
0,0,0.16116592988486947
0,0,0.15732363217324039
0,0,0.13679570071934344
0,0,0.16265360810139548
0,0,0.14320412480566147
0,0,0.15143285569084725
0,0,0.14505043473438317
0,1,0.701043109182973
0,1,0.7971730834659779
0,1,0.7946614980083637
0,1,0.860599134180079
0,1,0.8241805946023778
0,1,0.8115990036641618
0,1,0.8303480219519003
0,1,0.8131087290837893
0,1,0.7905561003948078
0,1,0.8170252912205953
0,1,0.879162713241314
1,1,0.6636394255724134
1,1,0.5975629971959673
1,1,0.5513909918133848
1,1,0.5471539723474471
1,1,0.6304002193425515
1,1,0.6664286929665176
1,1,0.6269956715440321
1,1,0.5644556696662144
1,1,0.5997408248087968
1,1,0.6003147322760287
1,1,0.5870272182344607
0,0,0.13459179125352352
0,0,0.14572863366259592
0,0,0.16841250435255398
0,0,0.16368387403351264
0,0,0.15975360501807284
0,0,0.1833670637942234
0,0,0.18983183250796393
0,0,0.15771304726960456
0,0,0.18920746717808062
0,0,0.19098833523957437
0,0,0.17211291881895122
0,0,0.18092003740034293
0,0,0.177370517684987
0,0,0.18165460795548746
0,0,0.16820391164687856
0,0,0.19656918233689247
0,0,0.2072945010519806
0,0,0.21309259646710912
0,0,0.1931239501136027
0,0,0.2049362090925175
0,0,0.19616362904281576
0,0,0.19303755347478138
0,0,0.20962608615485842
0,0,0.22965489969000352
0,0,0.17745632195183408
0,0,0.19858098096836052
0,0,0.2163460874132842
0,0,0.19030208342310082
0,0,0.1910692390230486
0,0,0.19734597003579105
0,0,0.20819537552441922
0,0,0.22786293671956948
0,0,0.1988539033689089
0,0,0.19910257977504017
0,0,0.1639065958392789
0,0,0.17662138474168337
0,0,0.20826336490975983
0,0,0.1805149938410869
0,0,0.17639977340124482
0,0,0.17627465785965776
0,0,0.19590341155797866
0,0,0.17835977940652686
0,0,0.172893167868717
0,0,0.1449322037645951
0,0,0.14794639950748265
0,0,0.1856561047654359
0,0,0.1656802023929605
0,0,0.18234280588438925
0,0,0.2096030157817258
0,0,0.14649785265873386
0,0,0.14144209928033674
0,0,0.13656453554535186
0,0,0.11231927114213609
0,0,0.14225884850457335
0,0,0.14342199185797025
0,0,0.2594464627842058
0,0,0.2593872715669285
0,0,0.19833653847126356
0,0,0.2109245421584097
0,0,0.1799275839209961
0,0,0.1621447732965751
0,0,0.2166131337752872
0,0,0.2503225681013836
0,0,0.2800155570134862
0,0,0.31097770303979083
0,0,0.3017048618016017
0,0,0.16901367404145293
0,0,0.15452661956153702
0,0,0.13662809992124272
0,0,0.12931263875588347
0,0,0.13514594651264655
0,0,0.15797649783439838
0,0,0.13968960222166937
0,0,0.1318777549348172
0,0,0.10334115456337475
0,0,0.10385250508102663
0,0,0.11578536312704958
0,0,0.10765374383153985
0,0,0.11844700091410486
0,0,0.1357367161450381
0,0,0.09376352583322749
0,0,0.08617488530947581
0,0,0.10364389211345153
0,0,0.10337471856252238
0,0,0.10915456050452498
0,0,0.09638103415069589
0,0,0.14494577089684502
0,0,0.1165526330679679
0,0,0.08579968794500951
0,0,0.08848291718039344
0,0,0.10038214367260098
0,0,0.11063056601549538
0,0,0.10727096629929146
0,0,0.11097471809970756
0,0,0.15342131648313878
0,0,0.183716571213626
0,0,0.1540084041921096
0,0,0.15134360844106287
0,0,0.13129917202238522
0,0,0.14803892340187175
0,0,0.14916824475975007
0,1,0.6503265352722387
0,1,0.7235648359437001
0,1,0.7261344188702119
0,1,0.708152508977569
0,1,0.7047457632237046
0,1,0.7224337709531643
0,1,0.7089923325852243
0,1,0.7434520126983637
0,1,0.7409382477290081
0,1,0.7348567213209618
0,1,0.7348109739669115
0,1,0.6821755555678398
0,1,0.7164895286220715
0,1,0.6775778745918679
0,1,0.6905482306368242
0,1,0.6535984306948704
0,1,0.6336998734288026
0,1,0.7285394015018893
0,1,0.6831631029942231
0,1,0.6499782817444252
0,1,0.654829506478674
0,1,0.6449983225819644
0,1,0.9176915518853069
0,1,0.9201888675843972
0,1,0.9394447802049949
0,1,0.9231064853262257
0,1,0.8712162964983264
0,1,0.8619577960969254
0,1,0.9025584724497466
0,1,0.9167246969446482
0,1,0.9248055217243821
0,1,0.9042884108701763
0,1,0.8505900241200581
0,1,0.810105134147289
0,1,0.7997235288542437
0,1,0.8288960027382766
0,1,0.8270546043195419
0,1,0.8017334668645231
0,1,0.7678128514755163
0,1,0.8337687944248638
0,1,0.8412727663248561
0,1,0.7904693840210506
0,1,0.8160047903230321
0,1,0.8132605825904888
0,1,0.913502499430265
0,1,0.8735373308832851
0,1,0.8483942840847054
0,1,0.8829040767807441
0,1,0.8941014890346746
0,1,0.9034918114021805
0,1,0.8944181594072547
0,1,0.944282165632469
0,1,0.911270142271919
0,1,0.8914970124396682
0,1,0.9267041870134811
0,0,0.22366032251947968
0,0,0.20451922296555455
0,0,0.19720917112481282
0,0,0.23320528404296265
0,0,0.27306537476965653
0,0,0.22301550423830668
0,0,0.2147714516498679
0,0,0.22025180598555064
0,0,0.20517073621355678
0,0,0.20673266105384439
0,0,0.19384611735412544
0,0,0.1952632784394
0,0,0.19941006860271748
0,0,0.1996161982542613
0,0,0.1942820674405678
0,0,0.21577661363704118
0,0,0.22311926680029892
0,0,0.21711089393799082
0,0,0.16285375830258564
0,0,0.16119157085848454
0,0,0.18291369239650782
0,0,0.18444371478350985
0,0,0.18663892873049495
0,0,0.1859915546233316
0,0,0.2082592628341038
0,0,0.18438121170497448
0,0,0.21356183152388442
0,0,0.19156476763838193
0,0,0.23316559391572736
0,1,0.7680560009759541
0,1,0.7405038614454118
0,1,0.8041406586357529
0,1,0.8159076026551328
0,1,0.7502186224801939
0,1,0.7741003128802164
0,1,0.785079427770749
0,1,0.7782811156209694
0,1,0.7819154442040032
0,1,0.8107969283647343
0,1,0.8248150742828109
0,1,0.7058191131914684
0,1,0.7059463042632421
0,1,0.728846004860182
0,1,0.7425513768785608
0,1,0.7652866960315905
0,1,0.7512387405756553
0,1,0.7083761293548272
0,1,0.73733094936162
0,1,0.7210897061486112
0,1,0.7349428890574814
0,1,0.7371769452292503
0,0,0.22833508301490835
0,0,0.21194385296196697
0,0,0.20946508059169477
0,0,0.22179714004864526
0,0,0.20163080080028997
0,0,0.21149738750122782
0,0,0.18309839768721234
0,0,0.20817842802921338
0,0,0.21918978344794265
0,0,0.19375477672391628
0,0,0.21376419782127434
0,0,0.21168290173897916
0,0,0.26217625892421664
0,0,0.27762677057733887
0,0,0.2484008412584628
0,0,0.24897984696074552
0,0,0.2483523443726152
0,0,0.27683191879201857
0,0,0.26708314734609817
0,0,0.2560614158560842
0,0,0.27056723309162045
0,0,0.28246284534876137
0,0,0.27748456869293103
0,0,0.31325773615990704
0,0,0.2752818881118754
0,0,0.2623100498621238
0,0,0.2984142040197437
0,0,0.28885265571708696
0,0,0.27921984494675467
0,0,0.22745124602130942
0,0,0.27279040278268063
0,0,0.25246391740926444
0,0,0.2599881345960706
0,0,0.2846068964677271
0,0,0.2609795942998251
0,0,0.27353460068937396
0,0,0.21829992120560887
0,0,0.2935747829392232
0,0,0.2972532928196548
0,0,0.2542778232808092
0,0,0.2715826478828454
0,0,0.25011182791192965
0,0,0.21712274706536003
0,0,0.248679146891433
0,0,0.2560553210679341
0,0,0.28668821178800863
0,0,0.25678776257021063
0,0,0.31633824388768284
0,0,0.2960169252845841
0,0,0.29414753500112506
0,0,0.26972967399815984
0,0,0.29751397518437434
0,0,0.2669944953305628
0,0,0.24527285042240876
0,0,0.24983142865754565
0,0,0.1289550623354111
0,0,0.1109360894070531
0,0,0.10237270870544886
0,0,0.12268165823615364
0,0,0.11702385823191222
0,0,0.1896674187861082
0,0,0.20122406751632935
0,0,0.22037787152219704
0,0,0.22076107271985673
0,0,0.2180059893599593
0,0,0.2496211432901615
0,0,0.2224202631285907
0,0,0.21010525179935802
0,0,0.2033759787383068
0,0,0.17554477606740837
0,0,0.22028882119112342
0,0,0.21093878431703916
0,0,0.21886012938025634
0,0,0.19795723225889553
0,0,0.2299949516461168
0,0,0.2116605257519154
0,0,0.2155890220075759
0,0,0.1499738420895259
0,0,0.1732853984959849
0,0,0.19049247241820058
0,0,0.21583808690397985
0,0,0.18660180091827006
0,0,0.1941845959863635
0,0,0.17849345911075623
0,0,0.18100286278552993
0,0,0.1497332660468582
0,0,0.1427221151854283
0,0,0.11818634575274821
0,0,0.17508789125509483
0,0,0.19454752663256233
0,0,0.13574017744638747
0,0,0.12770577773447028
0,0,0.18339392097220347
0,0,0.169571352282901
0,0,0.16240276940649723
0,0,0.1818495299118156
0,0,0.18167864043536064
0,0,0.1559678772419299
0,0,0.15953328392727717
0,0,0.14090475967655428
0,0,0.16928761344240692
1,1,0.8532933563530886
1,1,0.8572887978719136
1,1,0.8612094085647732
1,1,0.8761691091156831
1,1,0.883024677016255
1,1,0.8254692293468612
1,1,0.8370567408339663
1,1,0.8705100763685459
1,1,0.8812922096027513
1,1,0.8587026911681996
1,1,0.8523443602412455
1,1,0.821896287792339
1,1,0.8078032926884569
1,1,0.818306182349569
1,1,0.872082943068859
1,1,0.8427619340473791
1,1,0.8084644578062254
1,1,0.8240512906221852
1,1,0.8178180695458361
1,1,0.8438661365252694
1,1,0.8295549854179527
1,1,0.8575421524976322
1,1,0.5910650384864138
1,1,0.5609533425200042
1,1,0.5474184194546543
1,1,0.6014890385662546
1,1,0.6378435462883187
1,1,0.5882320553102758
1,1,0.5747148727786555
1,1,0.582083028902009
1,1,0.6403129550011067
1,1,0.6120333895327255
1,1,0.6090448397719168
0,1,0.657427068029872
0,1,0.6460118645354928
0,1,0.6523658945483707
0,1,0.6629382607260064
0,1,0.6375410843796203
0,1,0.6414330915347211
0,1,0.6793561910313387
0,1,0.694047238275175
0,1,0.6643085546017279
0,1,0.5931987618754385
0,1,0.6076736232493133
0,1,0.5956301433403172
0,1,0.6174938861358921
0,1,0.6543560618546098
0,1,0.644171657071825
0,1,0.641196475304757
0,1,0.6293294958871336
0,1,0.6180885648257268
0,1,0.6251201952446351
0,1,0.6298869220545688
0,1,0.6135386963779819
0,1,0.6370188850943894
0,0,0.14753887199825896
0,0,0.09024185188370705
0,0,0.10979254842375892
0,0,0.13259974743819558
0,0,0.14262281822997744
0,0,0.13481293770138106
0,0,0.17238322749367055
0,0,0.15287021725158148
0,0,0.1815054386006858
0,0,0.17311480130247742
0,0,0.19961159859474534
0,0,0.17770329264672843
0,0,0.1984252253365189
0,0,0.1948458234099032
0,0,0.14509708385433043
0,0,0.1635001541796162
0,0,0.14175121482518926
0,0,0.1714566415935668
0,0,0.12869303785739122
0,0,0.14064365785674066
0,0,0.1203091170806824
0,0,0.13902251937763999
0,0,0.07574941737396952
0,0,0.11586101828440394
0,0,0.1546321500925021
0,0,0.1614693088644058
0,0,0.13250183620250555
0,0,0.1934294793114372
0,0,0.16834731247032658
1,1,0.8399324847759844
1,1,0.8148702265134468
1,1,0.7571372496431248
1,1,0.7907203899823477
1,1,0.7771299171602353
1,1,0.740490774234886
1,1,0.669779473541428
1,1,0.7198702451096208
1,1,0.7225125626175961
1,1,0.717399374859844
1,1,0.7028138664927807
1,1,0.7951438808210572
1,1,0.7394995931378908
1,1,0.7435899013230661
1,1,0.7306227124212183
1,1,0.7375166661381749
1,1,0.7525812470577119
1,1,0.7376178099398277
1,1,0.7537322172374883
1,1,0.7288596519611482
1,1,0.7162379641619249
1,1,0.690146810417879
0,0,0.3040984054504263
0,0,0.3521416667591242
0,0,0.29477775718485183
0,0,0.2769148625757857
0,0,0.2963975085573297
0,0,0.2594393571088496
0,0,0.22417372932462293
0,0,0.25207908256289213
0,0,0.2539604350088344
0,0,0.23508737506240807
0,0,0.2559329785322001
0,0,0.2582217454087601
0,0,0.2753718737405944
0,0,0.2898813903968039
0,0,0.25685492884637706
0,0,0.2351647856462535
0,0,0.2910425446724506
0,0,0.28308056065950254
0,0,0.24910966825113687
0,0,0.23118553859944121
0,0,0.28279776230471915
0,0,0.2613470715193678
0,0,0.25264715614132394
0,0,0.2866114347130403
0,0,0.2712997965183839
0,0,0.22922841338835162
0,0,0.20347508422800561
0,0,0.3023831242867063
0,0,0.2796888460699445
0,0,0.2760626932184021
0,0,0.28847498810225053
0,0,0.30095290202094643
0,0,0.28471404114788645
0,0,0.30872103128348205
0,0,0.36236063619111725
0,0,0.36550510506578604
0,0,0.3744970725399233
0,0,0.359742395586575
0,0,0.3510558092164645
0,0,0.3647573761771974
0,0,0.3853156914678832
0,0,0.3859977018189138
0,0,0.3909872961351354
0,0,0.3948169409649501
0,0,0.4061424411928794
0,0,0.3876847533146893
0,0,0.4010932473749833
0,0,0.40566919763815484
0,0,0.42393602789419554
0,0,0.40868247178775313
0,0,0.3673528537688208
0,0,0.34982024111085736
0,0,0.3861361466297029
0,0,0.40211433223452736
0,0,0.4130408741651204
0,0,0.1087112151683937
0,0,0.11789270492658974
0,0,0.11536423250494961
0,0,0.10355712725866026
0,0,0.09839202593363124
0,0,0.11160897863916026
0,0,0.14931026814819193
0,0,0.13528214222025065
0,0,0.1172363199809665
0,0,0.13823835152848188
0,0,0.12966216303979425
0,0,0.20000983153955598
0,0,0.1766059055983211
0,0,0.17726283810961743
0,0,0.18107109153659295
0,0,0.1597549442252146
0,0,0.1628663982918781
0,0,0.15799443484401046
0,0,0.12972477998207219
0,0,0.13094099387780955
0,0,0.13889545434231004
0,0,0.17904723773392336
0,0,0.13703784696870044
0,0,0.11823699389839248
0,0,0.13525549704961115
0,0,0.12034171576393934
0,0,0.10871371129663933
0,0,0.10634388491163126
0,0,0.11560055455422175
0,0,0.12526021654421088
0,0,0.10084956544690826
0,0,0.1037525471401835
0,0,0.09387564973703917
0,0,0.09170949616711706
0,0,0.10238245532453029
0,0,0.1149585482520784
0,0,0.10874417741007827
0,0,0.081935923363646
0,0,0.0890760089594429
0,0,0.1006087429588089
0,0,0.1279131907249103
0,0,0.12346437075424321
0,0,0.09709547644919875
0,0,0.0773486966490395
0,0,0.08179263142884706
0,0,0.1104745600277195
1,1,0.708317855453496
1,1,0.7246589735054724
1,1,0.7504921290789341
1,1,0.7362914222824533
1,1,0.6910770202718811
1,1,0.6760161239541462
1,1,0.7086891600525508
1,1,0.6807747444382168
1,1,0.6567030353350749
1,1,0.6668447532895821
1,1,0.6746886786793681
1,1,0.756852444842865
1,1,0.7645564901807
1,1,0.7023731782350242
1,1,0.6785682682365679
1,1,0.6798876494714725
1,1,0.6794435006403691
1,1,0.6607570577856124
1,1,0.677660703560716
1,1,0.6851251107591996
1,1,0.7177307484540405
1,1,0.6912927046995739
1,1,0.7687070940599761
1,1,0.7935359234233406
1,1,0.7825776296530192
1,1,0.811081997880482
1,1,0.7949903103742063
1,1,0.780116291682335
1,1,0.7958187248538237
1,1,0.7961315651134995
1,1,0.7763243870245153
1,1,0.7703383325366481
1,1,0.7328233123796847
0,1,0.5648266054974966
0,1,0.5889256850091499
0,1,0.6177455076429765
0,1,0.5597132387755839
0,1,0.6059711424595483
0,1,0.5686917372801412
0,1,0.5837855149469948
0,1,0.60507213522123
0,1,0.6213060510531799
0,1,0.6133525051667972
0,1,0.6256226778823782
0,1,0.5950578101216043
0,1,0.6002849312000723
0,1,0.5924889382495785
0,1,0.5872389602767412
0,1,0.6229941371082482
0,1,0.6092134739484271
0,1,0.5976260567622633
0,1,0.6061597721107185
0,1,0.6538547846836756
0,1,0.6167758902761463
0,1,0.6174379301637186
0,0,0.3135647170711337
0,0,0.30766190322736264
0,0,0.329113865075126
0,0,0.2888527949277893
0,0,0.30159489987963695
0,0,0.3421116614674265
0,0,0.31552656363779513
0,0,0.29846966865005115
0,0,0.3440227439416429
0,0,0.31874467268630174
0,0,0.2679191586553773
0,0,0.31543551877077247
0,0,0.34245846221093473
0,0,0.2222900545269654
0,0,0.26651980615585086
0,0,0.28550425811091107
0,0,0.23634226582920223
0,0,0.26076655731162934
0,0,0.21154298263233712
0,0,0.2326137804437278
0,0,0.2553209167632794
0,0,0.25269851561987877
0,0,0.23718913455773538
0,0,0.3056707558372686
0,0,0.22679694816121393
0,0,0.2382149744085866
0,0,0.23483541261909632
0,0,0.23465159625171622
0,0,0.21553876910154493
1,1,0.5829208597579499
1,1,0.5972938365189061
1,1,0.5906718701027223
1,1,0.6633397438939752
1,1,0.6024399092038553
1,1,0.5965670708317835
1,1,0.6133856075485238
1,1,0.6258968324654492
1,1,0.6144367844033206
1,1,0.6263629719358166
1,1,0.6331827122291406
1,1,0.7236650028624606
1,1,0.6981023758934763
1,1,0.739001541764174
1,1,0.7703339056956189
1,1,0.7732160618936268
1,1,0.7890835109187984
1,1,0.7393642852026316
1,1,0.7920083598167483
1,1,0.7248185820717425
1,1,0.6966478814554324
1,1,0.6972459159342855
0,0,0.11205101136742911
0,0,0.1332004901750464
0,0,0.1790575544637009
0,0,0.19606458965611856
0,0,0.272493913815385
0,0,0.277390478327842
0,0,0.2624037490314433
0,0,0.2760019579119359
0,0,0.23554971291426305
0,0,0.2495617583867
0,0,0.25865430547501905
0,0,0.1865263360171674
0,0,0.19972013117382217
0,0,0.18904917762438406
0,0,0.18972907006616993
0,0,0.18447905336382633
0,0,0.18021215253058173
0,0,0.17816000515707672
0,0,0.15891350310966718
0,0,0.14638419197249836
0,0,0.15204485142582722
0,0,0.16142950282320906
0,0,0.16348375406867105
0,0,0.15734080834138137
0,0,0.18513737035972092
0,0,0.20510606653012725
0,0,0.19125400047432042
0,0,0.18055444920284536
0,0,0.18319118105245724
0,0,0.17871442368221527
0,0,0.2107650712199709
0,0,0.20782712965469805
0,0,0.2123719207265593
0,0,0.2094793357949376
0,0,0.19335489241823542
0,0,0.1634026582592184
0,0,0.15506460223956925
0,0,0.16060907659674403
0,0,0.23498443518448373
0,0,0.24321583798190274
0,0,0.24951888179147247
0,0,0.21263876015389344
0,0,0.206358679488401
0,0,0.17796736284493542
0,0,0.2025636928259787
0,0,0.25850651737911606
0,0,0.2553002862189829
0,0,0.1927298863889731
0,0,0.21335429813763868
0,0,0.20629437272312187
0,0,0.2674373813164058
0,0,0.23131523931974793
0,0,0.19957248234959413
0,0,0.19914532208835947
0,0,0.2089762231574278
0,0,0.15996108730786254
0,0,0.13134995079011613
0,0,0.1415670939964011
0,0,0.13889322506659568
0,0,0.16483699059762622
0,0,0.1798142386157114
0,0,0.1857627513331877
0,0,0.19033243218583304
0,0,0.1609210410406512
0,0,0.17600281666198242
0,0,0.13888534709221823
0,0,0.22512275823553027
0,0,0.15489482934177737
0,0,0.1529039178910817
0,0,0.16669924300942643
0,0,0.16145317837872256
0,0,0.1711982575949832
0,0,0.24038265021017452
0,0,0.269478709489805
0,0,0.2344292172216994
0,0,0.22475951491640683
0,0,0.1932287370192325
0,0,0.19369073888753083
0,0,0.16199840975820737
0,0,0.19347697620971435
0,0,0.21693263487983125
0,0,0.19703303728572977
0,0,0.18948984346598252
0,0,0.20408192794886337
0,0,0.1541399171068302
0,0,0.19505400244292365
0,0,0.1978187719965567
0,0,0.24384306564313873
0,0,0.2367925251322901
0,0,0.2358026342862084
0,0,0.24192233911101868
0,0,0.24990795099870572
0,0,0.24726205519436573
0,0,0.18620630441254943
0,0,0.18289968322973343
0,0,0.22332872149416633
0,0,0.2735341840808258
0,0,0.23353712229847798
0,0,0.2594448935280334
0,0,0.23225240537041716
0,0,0.24143561354118745
1,1,0.7993569370967696
1,1,0.8162323591510383
1,1,0.844241891905741
1,1,0.8297664391898231
1,1,0.824770531062184
1,1,0.8215987009622409
1,1,0.8547485445783627
1,1,0.838566240161165
1,1,0.8665641509578725
1,1,0.8491590255357764
1,1,0.8673649715146303
1,1,0.7861622107212106
1,1,0.7869904551762406
1,1,0.8043719572805565
1,1,0.7601067560726287
1,1,0.8101426895752375
1,1,0.7479517500099009
1,1,0.7848722604788138
1,1,0.8067882021135822
1,1,0.7974493724509081
1,1,0.8457358727380437
1,1,0.8111310273242257
1,1,0.7726379546977032
1,1,0.7662065596251126
1,1,0.7587640097951507
1,1,0.7657360395840942
1,1,0.7245533281781522
1,1,0.6741266739206923
1,1,0.6725681431326356
1,1,0.6742563288927953
1,1,0.6633269053629128
1,1,0.6782659209215224
1,1,0.71140414349481
1,1,0.7367759459911554
1,1,0.7414870546342933
1,1,0.7054564679351826
1,1,0.7528289722377288
1,1,0.7362650386252322
1,1,0.7354479788939249
1,1,0.7218076856115284
1,1,0.7157676013010652
1,1,0.7272727508517963
1,1,0.7390104068316857
1,1,0.7488178262240293
0,1,0.8169740329281652
0,1,0.8013673842577217
0,1,0.7310726318627716
0,1,0.7309297984534956
0,1,0.7820188018119245
0,1,0.7549680080757413
0,1,0.7004306499638858
0,1,0.7071610815846435
0,1,0.76750676056883
0,1,0.7790246995347581
0,1,0.7907509226205944
0,0,0.09164500634081431
0,0,0.0643745103549359
0,0,0.07556545075403408
0,0,0.07813177647363699
0,0,0.05501861324530918
0,0,0.050694746361272254
0,0,0.06455013269947261
0,0,0.052750479673588
0,0,0.06378321327949328
0,0,0.07403205016055173
0,0,0.07676254491572798
0,0,0.08688302837839855
0,0,0.07961773998756053
0,0,0.07155552606248096
0,0,0.0727062922464529
0,0,0.06534647625572194
0,0,0.06927014707344524
0,0,0.06318177662820408
0,0,0.07057235251829079
0,0,0.0813789205849552
0,0,0.08542028867182287
0,0,0.069963556393325
0,0,0.0693342110709494
0,0,0.0958531215562735
0,0,0.10880120060470214
0,0,0.06679072736896724
0,0,0.06630272219923086
0,0,0.06359481713170748
0,0,0.07546787090083797
1,1,0.8235772297543491
1,1,0.7384406696100031
1,1,0.7359988083392862
1,1,0.7817183189289887
1,1,0.7659118851364268
1,1,0.7777733753262353
1,1,0.7940846771477742
1,1,0.7598526663891129
1,1,0.7505597604008358
1,1,0.743477850327761
1,1,0.7668900731896449
1,1,0.7503547586175041
1,1,0.721778034036451
1,1,0.7579047508211532
1,1,0.792793613586398
1,1,0.8108962921136047
1,1,0.8160283811078909
1,1,0.8116427417752939
1,1,0.8302137705021602
1,1,0.8409398207295534
1,1,0.8025089071225571
1,1,0.7967922307897831
1,0,0.19644522627301375
1,0,0.18997094551041488
1,0,0.16463359469949726
1,0,0.16321789034505266
1,0,0.16420928058445017
1,0,0.17291633118716568
1,0,0.19002501011373915
1,0,0.2117207327432328
1,0,0.20782578410440108
1,0,0.17986200837333166
1,0,0.18452114175577206
1,0,0.18317201790491322
1,0,0.18644480030184113
1,0,0.19122035514563687
1,0,0.22509088453042853
1,0,0.19069178371534434
1,0,0.1589264058474748
1,0,0.1438761947723112
1,0,0.13328500422558354
1,0,0.16012089033169874
1,0,0.16951892313094727
1,0,0.17419481714956317
1,0,0.1844340557594587
1,0,0.17485781725833116
1,0,0.17283182269049835
1,0,0.19121797937753016
1,0,0.16324585591315344
1,0,0.20013066753501704
1,0,0.21287259234462308
1,0,0.2513927830882231
1,0,0.2476147298310623
1,0,0.22454772224694353
1,0,0.1883386965645194
1,0,0.1325830438902091
1,0,0.1366613429958777
1,0,0.12728432095355866
1,0,0.1228208201109927
1,0,0.1456394210036478
1,0,0.13159674099672708
1,0,0.14802907070450655
1,0,0.16123211872843415
1,0,0.14097642938914873
1,0,0.13083621960408387
1,0,0.13671262408621312
1,0,0.15247872774935958
1,0,0.1473376310230984
1,0,0.13741387239830882
1,0,0.13646907141077763
1,0,0.15246482714436002
1,0,0.13698799580489548
1,0,0.13643339051914452
1,0,0.13666185974501677
1,0,0.12696524474525883
1,0,0.17109622596552346
1,0,0.16224260225623913
0,0,0.08822644023384145
0,0,0.08575580301491054
0,0,0.12905474242677323
0,0,0.12881045096903887
0,0,0.11021221455541387
0,0,0.14120886747584394
0,0,0.1113835370232811
0,0,0.08214376936741537
0,0,0.1267400773010706
0,0,0.1685398361100097
0,0,0.18084501154303387
1,0,0.15864005468823023
1,0,0.17177589358085021
1,0,0.14902544982687518
1,0,0.15285133140603174
1,0,0.14338986309940893
1,0,0.15735001092759998
1,0,0.12634793733669747
1,0,0.126646054058015
1,0,0.14647794391652919
1,0,0.18902506754968745
1,0,0.1385208518187795
1,0,0.08485032013573521
1,0,0.09389882382410523
1,0,0.12411575303038593
1,0,0.12318767945042833
1,0,0.11494183070179555
1,0,0.14855006210527846
1,0,0.12282113256055499
1,0,0.1330523940833538
1,0,0.132659382684813
1,0,0.14684347535296557
1,0,0.13290599492286434
1,0,0.13397445869485303
1,0,0.14643219536173818
1,0,0.14522922865662313
1,0,0.1379033761244911
1,0,0.1290348190638935
1,0,0.12242576077563927
1,0,0.14981433173390746
1,0,0.15349991190182113
1,0,0.14993959694730477
1,0,0.16810385656503016
1,0,0.1953841372216596
1,0,0.1282361046855748
1,0,0.1429373975613798
1,1,0.7992671824274588
1,1,0.8360841622173295
1,1,0.8068477230454809
1,1,0.8173327756740469
1,1,0.8199957788458917
1,1,0.8326095491681965
1,1,0.7820263364980466
1,1,0.7410268359581978
1,1,0.7547555156410722
1,1,0.699127770918536
1,1,0.7108487969186496
1,1,0.8459388864405902
1,1,0.8860215649716702
1,1,0.8701072225051327
1,1,0.8004570052762715
1,1,0.8272290195067556
1,1,0.8056770181169299
1,1,0.819691694077019
1,1,0.834386330346556
1,1,0.8433471827752419
1,1,0.8535883188028098
1,1,0.8148171503282591
1,1,0.8520554262206462
1,1,0.8518296353125419
1,1,0.892273786317912
1,1,0.855920414364264
1,1,0.8508991411755861
1,1,0.8189690265696292
1,1,0.7272739754423446
1,1,0.708348880196617
1,1,0.7426162524776339
1,1,0.687218909596596
1,1,0.6875498580078233
1,1,0.6135899907749806
1,1,0.6671541041910909
1,1,0.6664918989854339
1,1,0.6380087776744612
1,1,0.6847477485810772
1,1,0.7204204929095368
1,1,0.7434667046217673
1,1,0.7380389485206638
1,1,0.789870097033325
1,1,0.7544564387036834
1,1,0.8130615769547905
1,1,0.8152278572697463
1,1,0.8126588956402248
1,1,0.7930618882301879
1,1,0.7949895071246817
1,1,0.7341168443792432
1,1,0.7139189551314837
1,1,0.7368891641604062
1,1,0.7483768834983318
1,1,0.7221810483869148
1,1,0.8247341059219141
1,1,0.7966203509136747
1,0,0.15290089219154043
1,0,0.12720874336577573
1,0,0.1586618284954493
1,0,0.17956500680302548
1,0,0.1658725607053847
1,0,0.1845720470119525
1,0,0.19037827890589923
1,0,0.1900583937363226
1,0,0.2056820945473382
1,0,0.1518123241601517
1,0,0.1423432019530722
1,0,0.1707457836228386
1,0,0.20715539009584577
1,0,0.19593597806228083
1,0,0.16843869257397975
1,0,0.13485704373916627
1,0,0.11721576048777069
1,0,0.1520868718404218
1,0,0.17009584440468628
1,0,0.14336022649218194
1,0,0.18116914907039555
1,0,0.15975099530531559
1,0,0.20806905048272217
1,0,0.19715932315847018
1,0,0.20518890930155348
1,0,0.18367586749467624
1,0,0.17993960726316544
1,0,0.1659225721374379
1,0,0.1928680747131439
1,1,0.7484666703548405
1,1,0.751877398131899
1,1,0.7210409974082246
1,1,0.7226923182535249
1,1,0.7233278586466574
1,1,0.7545519047443345
1,1,0.6965637256788585
1,1,0.6877152438782683
1,1,0.7132539710133137
1,1,0.7192851620206604
1,1,0.8379877603428922
1,1,0.7916495866286708
1,1,0.7692136288127608
1,1,0.7490607190121729
1,1,0.7327221558058103
1,1,0.7445074423060352
1,1,0.7476205957310477
1,1,0.7932036274874605
1,1,0.7948221303112105
1,1,0.7819905465538401
1,1,0.8040483830913158
1,1,0.7888246966080853
1,0,0.1476210725453528
1,0,0.18704054766620715
1,0,0.17696341401643895
1,0,0.1677360189513146
1,0,0.15310129823369814
1,0,0.14971983218728466
1,0,0.16699251860052086
1,0,0.18378966616258924
1,0,0.19568194504057027
1,0,0.16936730115683243
1,0,0.11150546202528844
1,0,0.16584286630849693
1,0,0.17134673296375447
1,0,0.14406815785760282
1,0,0.14132283965996068
1,0,0.14525954236804406
1,0,0.11645771312961414
1,0,0.134914907233287
1,0,0.1351454216060679
1,0,0.12238198751668335
1,0,0.13854031432974181
1,0,0.14274622311562715
1,0,0.1721710574964167
1,0,0.19823000624485623
1,0,0.20717971150169195
1,0,0.23521868240938204
1,0,0.15930345384714817
1,0,0.15430217682329142
1,0,0.16906508783296992
1,0,0.14843814795751067
1,0,0.13432329070731344
1,0,0.18051526731967368
1,0,0.15811874691421038
0,0,0.18128927204098536
0,0,0.14897601007165737
0,0,0.1985751216665629
0,0,0.24189549608294147
0,0,0.20050036118391606
0,0,0.21713117477940133
0,0,0.20553811077269873
0,0,0.23601092394757683
0,0,0.23840838298018605
0,0,0.25105440705084886
0,0,0.22851356368398545
0,0,0.1400347644928561
0,0,0.21720766884706816
0,0,0.18645785987130348
0,0,0.17622140454515325
0,0,0.16828440760235983
0,0,0.15821008473156184
0,0,0.17071051113951635
0,0,0.15435672383703847
0,0,0.1739840394325064
0,0,0.16873246254828342
0,0,0.18286578101683212
0,0,0.4477341029106072
0,0,0.4477341029106072
0,0,0.44540460186006314
0,0,0.44540460186006314
0,0,0.4542760605320023
0,0,0.4542760605320023
0,0,0.4521951055803115
0,0,0.4542760605320023
0,0,0.4521951055803115
0,0,0.4477341029106072
0,0,0.4542760605320023
0,0,0.4542760605320023
0,0,0.4502873074865111
0,0,0.44540460186006314
0,0,0.44540460186006314
0,0,0.44540460186006314
0,0,0.44540460186006314
0,0,0.44540460186006314
0,0,0.4502873074865111
0,0,0.45194655948145823
0,0,0.45194655948145823
0,0,0.44540460186006314
0,0,0.44540460186006314
0,0,0.4477341029106072
0,0,0.4477341029106072
0,0,0.44540460186006314
0,0,0.44540460186006314
0,0,0.44540460186006314
0,0,0.4477341029106072
0,0,0.447957806435967
0,0,0.4477341029106072
0,0,0.44540460186006314
0,0,0.44540460186006314
0,0,0.45194655948145823
0,0,0.4542760605320023
0,0,0.45194655948145823
0,0,0.4542760605320023
0,0,0.45194655948145823
0,0,0.4502873074865111
0,0,0.4498656045297675
0,0,0.447957806435967
0,0,0.4477341029106072
0,0,0.447957806435967
0,0,0.4498656045297675
0,0,0.44540460186006314
0,0,0.447957806435967
1,0,0.4542760605320023
1,0,0.4542760605320023
1,0,0.4625869500680138
1,0,0.4742982756421687
1,0,0.4742982756421687
1,0,0.4766277766927128
1,0,0.4625869500680138
1,0,0.4542760605320023
1,0,0.4542760605320023
1,0,0.4542760605320023
1,0,0.4542760605320023
1,0,0.4542760605320023
1,0,0.4542760605320023
1,0,0.4542760605320023
1,0,0.4542760605320023
1,0,0.4542760605320023
1,0,0.45194655948145823
1,0,0.4542760605320023
1,0,0.4542760605320023
1,0,0.4542760605320023
1,0,0.4542760605320023
1,0,0.4542760605320023
0,0,0.4542760605320023
0,0,0.4625869500680138
0,0,0.46668320411729025
0,0,0.471925047566477
0,0,0.46970039115925777
0,0,0.46668320411729025
0,0,0.46025744901746973
0,0,0.4542760605320023
0,0,0.4542760605320023
0,0,0.4542760605320023
0,0,0.4542760605320023
1,0,0.4625869500680138
1,0,0.4625869500680138
1,0,0.4625869500680138
1,0,0.4690714752581786
1,0,0.4742982756421687
1,0,0.471925047566477
1,0,0.4625869500680138
1,0,0.4542760605320023
1,0,0.4542760605320023
1,0,0.4542760605320023
1,0,0.4542760605320023
0,0,0.4542760605320023
0,0,0.45194655948145823
0,0,0.4542760605320023
0,0,0.4542760605320023
0,0,0.4502873074865111
0,0,0.45194655948145823
0,0,0.45194655948145823
0,0,0.4542760605320023
0,0,0.4542760605320023
0,0,0.4542760605320023
0,0,0.4542760605320023
0,0,0.4542760605320023
0,0,0.4542760605320023
0,0,0.45194655948145823
0,0,0.45194655948145823
0,0,0.45194655948145823
0,0,0.45194655948145823
0,0,0.4542760605320023
0,0,0.4542760605320023
0,0,0.4542760605320023
0,0,0.447957806435967
0,0,0.45194655948145823
0,0,0.45194655948145823
0,0,0.4542760605320023
0,0,0.4542760605320023
0,0,0.45194655948145823
0,0,0.45194655948145823
0,0,0.4521951055803115
0,0,0.4477341029106072
0,0,0.447957806435967
0,0,0.4542760605320023
0,0,0.4542760605320023
0,0,0.45194655948145823
0,0,0.4542760605320023
0,0,0.4542760605320023
0,0,0.4542760605320023
0,0,0.4542760605320023
0,0,0.4542760605320023
0,0,0.4542760605320023
0,0,0.45194655948145823
0,0,0.4542760605320023
0,0,0.4542760605320023
0,0,0.4542760605320023
0,0,0.4542760605320023
0,0,0.4542760605320023
0,0,0.4542760605320023
0,0,0.4542760605320023
0,0,0.4542760605320023
0,0,0.4542760605320023
0,0,0.45194655948145823
0,0,0.4542760605320023
1,0,0.4542760605320023
1,0,0.4542760605320023
1,0,0.4542760605320023
1,0,0.4542760605320023
1,0,0.4542760605320023
1,0,0.4542760605320023
1,0,0.4542760605320023
1,0,0.4542760605320023
1,0,0.4542760605320023
1,0,0.45194655948145823
1,0,0.4542760605320023
0,0,0.4477341029106072
0,0,0.4477341029106072
0,0,0.4477341029106072
0,0,0.44540460186006314
0,0,0.44540460186006314
0,0,0.4477341029106072
0,0,0.4477341029106072
0,0,0.4477341029106072
0,0,0.4477341029106072
0,0,0.4477341029106072
0,0,0.4477341029106072
0,0,0.4477341029106072
0,0,0.4477341029106072
0,0,0.4477341029106072
0,0,0.4477341029106072
0,0,0.4477341029106072
0,0,0.4477341029106072
0,0,0.4477341029106072
0,0,0.4477341029106072
0,0,0.4477341029106072
0,0,0.4477341029106072
0,0,0.4477341029106072
0,0,0.4542760605320023
0,0,0.4542760605320023
0,0,0.447957806435967
0,0,0.4542760605320023
0,0,0.4542760605320023
0,0,0.45194655948145823
0,0,0.45194655948145823
0,0,0.4542760605320023
0,0,0.4542760605320023
0,0,0.4542760605320023
0,0,0.4542760605320023
1,0,0.4542760605320023
1,0,0.4542760605320023
1,0,0.4542760605320023
1,0,0.4542760605320023
1,0,0.4502873074865111
1,0,0.4477341029106072
1,0,0.4521951055803115
1,0,0.4521951055803115
1,0,0.447957806435967
1,0,0.4542760605320023
1,0,0.4542760605320023
1,0,0.4542760605320023
1,0,0.4521951055803115
1,0,0.4502873074865111
1,0,0.4477341029106072
1,0,0.4521951055803115
1,0,0.4542760605320023
1,0,0.4542760605320023
1,0,0.4521951055803115
1,0,0.4502873074865111
1,0,0.4477341029106072
1,0,0.4477341029106072
0,0,0.25481722372021787
0,0,0.2637204454040375
0,0,0.1699047264055843
0,0,0.18953659003771128
0,0,0.20895867803571533
0,0,0.16987320717769264
0,0,0.20413565339106887
0,0,0.24108539588481023
0,0,0.2052214699012535
0,0,0.19954607391419255
0,0,0.19129373927386342
1,0,0.24173685781112422
1,0,0.20044384534769158
1,0,0.26857234110703354
1,0,0.24665253058373898
1,0,0.2738781126384169
1,0,0.19996708950212919
1,0,0.1622217450606151
1,0,0.14056674354802726
1,0,0.16984387804837042
1,0,0.13631294542817074
1,0,0.18064573454976365
1,0,0.14268486060848323
1,0,0.13858004913502817
1,0,0.1228750269848636
1,0,0.1316572429474602
1,0,0.1404477534792365
1,0,0.13533951805642822
1,0,0.11133933286553187
1,0,0.11416166819320654
1,0,0.1188237878749419
1,0,0.14725478228777233
1,0,0.13718586846376787
1,0,0.14067357170377146
1,0,0.14814196895184417
1,0,0.14549155208013992
1,0,0.16770548646353753
1,0,0.16842765931232165
1,0,0.12646131781315614
1,0,0.17626824886054218
1,0,0.13549248910607115
1,0,0.1277991814393836
1,0,0.16017036709129523
1,0,0.15679799123474633
1,0,0.12466588747688498
1,0,0.12979950698732545
1,1,0.878985046521664
1,1,0.8185287567602423
1,1,0.7908048942650759
1,1,0.8233874457366979
1,1,0.8319312953278234
1,1,0.8109767896569667
1,1,0.8102893884828108
1,1,0.7997309563109154
1,1,0.7909133374636316
1,1,0.7949337954771285
1,1,0.7911033088844504
1,1,0.7922185421434123
1,1,0.6722914160732557
1,1,0.7055633672433863
1,1,0.6626421153104535
1,1,0.6590169886246282
1,1,0.6961318499214196
1,1,0.722159266871782
1,1,0.6713915322827962
1,1,0.6927675278993707
1,1,0.7075862344365259
1,1,0.6951104088050163
0,1,0.7083912794893878
0,1,0.6728399375057573
0,1,0.719420115534584
0,1,0.6835590792343861
0,1,0.6867040195025512
0,1,0.7324099688841418
0,1,0.7756611177360101
0,1,0.7720003534122535
0,1,0.7105009252495722
0,1,0.6968401877078643
0,1,0.6781499819831752
1,1,0.7945283025468534
1,1,0.7707382502395703
1,1,0.7501660448784427
1,1,0.7427632227308724
1,1,0.7791694632427313
1,1,0.7330764399199231
1,1,0.7129826620774848
1,1,0.7548206924182547
1,1,0.7463351254470888
1,1,0.7890619206879127
1,1,0.7366133707322501
1,1,0.6728388700980955
1,1,0.687361576891668
1,1,0.7450900225952114
1,1,0.752952814490544
1,1,0.7031075197170221
1,1,0.7253258237055265
1,1,0.7260699217228656
1,1,0.7211675803591963
1,1,0.7251954269624291
1,1,0.6939270209036864
1,1,0.7246535226699475
0,0,0.19502813604609084
0,0,0.23349545594143298
0,0,0.19920191781817928
0,0,0.18947583854901193
0,0,0.15577201075150604
0,0,0.17119101890991079
0,0,0.15993586325523945
0,0,0.15205021402058053
0,0,0.14232000020046226
0,0,0.17045888567841413
0,0,0.13343634056860007
0,0,0.1277063987071725
0,0,0.1389507627742129
0,0,0.15903009023286957
0,0,0.13368127878984273
0,0,0.1773765960123158
0,0,0.2025533643841185
0,0,0.25143522430124
0,0,0.24232367343236091
0,0,0.2372650351496307
0,0,0.21280037124104345
0,0,0.2332290173208271
0,0,0.22401560048991537
0,0,0.2438162561640693
0,0,0.2741420846296071
0,0,0.1945843603248156
0,0,0.20647841257382157
0,0,0.24675479395705402
0,0,0.254850415347289
1,1,0.7454927317193824
1,1,0.7061624934397736
1,1,0.721636078117784
1,1,0.7469456916089596
1,1,0.6478796390034386
1,1,0.7073069959088996
1,1,0.7573197969079906
1,1,0.7550301759569432
1,1,0.7555913281987898
1,1,0.7503694763672192
1,1,0.8069899922986352
1,1,0.759193884901024
1,1,0.6535422934080907
1,1,0.6670466818190266
1,1,0.6677089830404584
1,1,0.6510468093319701
1,1,0.6252192673507415
1,1,0.615417701084632
1,1,0.602470396440638
1,1,0.5916812650933069
1,1,0.6382856967393441
1,1,0.6387431458941917
1,0,0.2709155635963998
1,0,0.17487923038314976
1,0,0.17484019091259076
1,0,0.15074320022013812
1,0,0.17415898281453845
1,0,0.2223811455498569
1,0,0.20472785670435323
1,0,0.22065541941266162
1,0,0.2272196611733596
1,0,0.2240714172108866
1,0,0.20194781347366253
1,0,0.20985209514836686
1,0,0.21918606774201582
1,0,0.2379975794858656
1,0,0.21332815786787132
1,0,0.17506154039582847
1,0,0.2222087490719915
1,0,0.2049474957779378
1,0,0.2896277608707024
1,0,0.29160184883778223
1,0,0.2724667474497659
1,0,0.23580219339696828
1,0,0.21523797362991462
1,0,0.23371203675163554
1,0,0.2474492925132415
1,0,0.24342808202838545
1,0,0.25405683467331125
1,0,0.22189849657522212
1,0,0.22605455604603025
1,0,0.23207004651386667
1,0,0.2522751712699133
1,0,0.2476295125860711
1,0,0.2575313631706679
1,0,0.22538061173091026
1,0,0.2552256493755198
1,0,0.27750374676900214
1,0,0.2583303471091521
1,0,0.268289465781304
1,0,0.3048012001558253
1,0,0.30006697237277385
1,0,0.31201492148364596
1,0,0.3329937711716896
1,0,0.31355078728960695
1,0,0.28450865510542367
1,0,0.29254599461701025
1,0,0.248385843714704
1,0,0.254066295201837
1,0,0.1840108266379367
1,0,0.17944930820113528
1,0,0.22549606667247515
1,0,0.19010651873713413
1,0,0.18215639802960445
1,0,0.16951091433395626
1,0,0.1750527124774564
1,0,0.1713242072259121
0,0,0.45194655948145823
0,0,0.45194655948145823
0,0,0.45194655948145823
0,0,0.447957806435967
0,0,0.44540460186006314
0,0,0.44540460186006314
0,0,0.44540460186006314
0,0,0.45194655948145823
0,0,0.45194655948145823
0,0,0.45194655948145823
0,0,0.45194655948145823
0,0,0.45194655948145823
0,0,0.45194655948145823
0,0,0.45194655948145823
0,0,0.45194655948145823
0,0,0.45194655948145823
0,0,0.45194655948145823
0,0,0.447957806435967
0,0,0.44540460186006314
0,0,0.45194655948145823
0,0,0.45194655948145823
0,0,0.44540460186006314
0,0,0.44540460186006314
0,0,0.44540460186006314
0,0,0.44540460186006314
0,0,0.447957806435967
0,0,0.45194655948145823
0,0,0.4498656045297675
0,0,0.45194655948145823
0,0,0.45194655948145823
0,0,0.44540460186006314
0,0,0.44540460186006314
0,0,0.447957806435967
0,0,0.44540460186006314
0,0,0.44540460186006314
0,0,0.44540460186006314
0,0,0.44540460186006314
0,0,0.4498656045297675
0,0,0.447957806435967
0,0,0.447957806435967
0,0,0.45194655948145823
0,0,0.45194655948145823
0,0,0.45194655948145823
0,0,0.45194655948145823
0,0,0.447957806435967
0,0,0.44540460186006314
0,0,0.4542760605320023
0,0,0.4542760605320023
0,0,0.45194655948145823
0,0,0.4542760605320023
0,0,0.4542760605320023
0,0,0.45194655948145823
0,0,0.45194655948145823
0,0,0.45194655948145823
0,0,0.45194655948145823
0,0,0.447957806435967
0,0,0.4502873074865111
0,0,0.4542760605320023
0,0,0.45194655948145823
0,0,0.4542760605320023
0,0,0.4542760605320023
0,0,0.4502873074865111
0,0,0.4542760605320023
0,0,0.4542760605320023
0,0,0.45194655948145823
0,0,0.45194655948145823
0,0,0.45194655948145823
0,0,0.4542760605320023
0,0,0.4873644320460542
0,0,0.4873644320460542
0,0,0.4873644320460542
0,0,0.4873644320460542
0,0,0.4830471308318783
0,0,0.4919623165289652
0,0,0.4873644320460542
0,0,0.4808224744246589
0,0,0.4873644320460542
0,0,0.4873644320460542
0,0,0.4833756790005628
0,0,0.4542760605320023
0,0,0.4477341029106072
0,0,0.4542760605320023
0,0,0.4542760605320023
0,0,0.4521951055803115
0,0,0.45194655948145823
0,0,0.45194655948145823
0,0,0.4542760605320023
0,0,0.45194655948145823
0,0,0.4521951055803115
0,0,0.447957806435967
1,0,0.4502873074865111
1,0,0.4477341029106072
1,0,0.4502873074865111
1,0,0.4502873074865111
1,0,0.4542760605320023
1,0,0.47647050635907817
1,0,0.4833756790005628
1,0,0.47202989220980185
1,0,0.47202989220980185
1,0,0.47202989220980185
1,0,0.4718726218761671
0,0,0.4542760605320023
0,0,0.4502873074865111
0,0,0.447957806435967
0,0,0.4542760605320023
0,0,0.4542760605320023
0,0,0.4542760605320023
0,0,0.4542760605320023
0,0,0.4542760605320023
0,0,0.4502873074865111
0,0,0.4477341029106072
0,0,0.4502873074865111
0,0,0.447957806435967
0,0,0.4477341029106072
0,0,0.4542760605320023
0,0,0.4542760605320023
0,0,0.4542760605320023
0,0,0.4521951055803115
0,0,0.4502873074865111
0,0,0.4542760605320023
0,0,0.4542760605320023
0,0,0.4542760605320023
0,0,0.4521951055803115
0,0,0.4542760605320023
0,0,0.4542760605320023
0,0,0.4542760605320023
0,0,0.4521951055803115
0,0,0.4477341029106072
0,0,0.45194655948145823
0,0,0.4542760605320023
0,0,0.4477341029106072
0,0,0.4542760605320023
0,0,0.4542760605320023
0,0,0.4542760605320023
0,0,0.4542760605320023
0,0,0.4542760605320023
0,0,0.4502873074865111
0,0,0.4521951055803115
0,0,0.4542760605320023
0,0,0.4477341029106072
0,0,0.4477341029106072
0,0,0.4542760605320023
0,0,0.44540460186006314
0,0,0.447957806435967
0,0,0.447957806435967
0,0,0.44540460186006314
0,0,0.447957806435967
0,0,0.45194655948145823
0,0,0.4542760605320023
0,0,0.4477341029106072
0,0,0.4502873074865111
0,0,0.4542760605320023
0,0,0.45194655948145823
0,0,0.44540460186006314
0,0,0.447957806435967
0,0,0.4498656045297675
0,0,0.447957806435967
0,0,0.4498656045297675
0,0,0.447957806435967
0,0,0.44540460186006314
0,0,0.44540460186006314
0,0,0.447957806435967
0,0,0.45194655948145823
0,0,0.447957806435967
0,0,0.447957806435967
0,0,0.44540460186006314
0,0,0.44540460186006314
0,0,0.45194655948145823
0,0,0.45194655948145823
0,0,0.45194655948145823
0,0,0.44540460186006314
0,0,0.44540460186006314
0,0,0.44540460186006314
0,0,0.4498656045297675
0,0,0.4498656045297675
0,0,0.44540460186006314
0,0,0.44540460186006314
0,0,0.44540460186006314
0,0,0.44540460186006314
0,0,0.44540460186006314
0,0,0.44540460186006314
0,0,0.447957806435967
0,0,0.447957806435967
0,0,0.44540460186006314
0,0,0.44540460186006314
0,0,0.44540460186006314
0,0,0.447957806435967
0,0,0.4498656045297675
0,0,0.44540460186006314
0,0,0.44540460186006314
0,0,0.44540460186006314
0,0,0.44540460186006314
0,0,0.45194655948145823
0,0,0.45194655948145823
0,0,0.44540460186006314
0,0,0.45194655948145823
0,0,0.4542760605320023
0,0,0.44540460186006314
0,0,0.4498656045297675
0,0,0.4498656045297675
0,0,0.4498656045297675
0,0,0.45194655948145823
0,0,0.45194655948145823
0,0,0.45194655948145823
0,0,0.45194655948145823
0,0,0.45194655948145823
0,0,0.44540460186006314
0,0,0.21270462986795022
0,0,0.20047358707130855
0,0,0.212011933324309
0,0,0.22074464938111216
0,0,0.1848642875754715
0,0,0.18787231042378477
0,0,0.2137484937951544
0,0,0.2035133671259017
0,0,0.19490973946869736
0,0,0.19104652937429767
0,0,0.16621224191659678
0,0,0.18855025494108446
0,0,0.2009975239446589
0,0,0.20105561637616173
0,0,0.20364012266926534
0,0,0.16503247098617288
0,0,0.1717794315327901
0,0,0.17680961258859093
0,0,0.15473964500753937
0,0,0.15278516046821727
0,0,0.14880754516436367
0,0,0.14663141483790337
0,0,0.14636146226934388
0,0,0.1353099066255174
0,0,0.15346643090278422
0,0,0.16878839923228842
0,0,0.1912438799975711
0,0,0.17831766496184034
0,0,0.19551245007329715
0,0,0.2028757370946683
0,0,0.25430988592436315
0,0,0.2401121761786855
0,0,0.24215257843738638
0,0,0.2084913405608724
0,0,0.25170044220236937
0,0,0.26457573452946453
0,0,0.21753441109682672
0,0,0.22174691794916776
0,0,0.22109151014385467
0,0,0.1441409413896639
0,0,0.1847299381922561
0,0,0.19337099631597954
0,0,0.18404233433041303
0,0,0.17437133784440909
0,0,0.21912307807137285
0,0,0.21430697118306535
1,1,0.7694338025087026
1,1,0.7536514644288456
1,1,0.7763798391321604
1,1,0.7947397218484322
1,1,0.7333676425470362
1,1,0.7400950090689353
1,1,0.754361250866621
1,1,0.8061965109320139
1,1,0.7849019843356934
1,1,0.8230930375385443
1,1,0.8132780640725689
1,1,0.7918253668621881
1,1,0.7961019979433828
1,1,0.7984065562770595
1,1,0.7923448825201282
1,1,0.8038343265784087
1,1,0.7796734768478195
1,1,0.7945182497395159
1,1,0.7915522109008676
1,1,0.7940328239755106
1,1,0.7691472485243639
1,1,0.7796062948877346
1,1,0.8040171303719429
1,1,0.825225655141091
1,1,0.8354586346055308
1,1,0.8453314964907583
1,1,0.8162133530479442
1,1,0.8065188275442019
1,1,0.8518892417834156
1,1,0.8267106147364122
1,1,0.8272117975951925
1,1,0.826388267446766
1,1,0.856537187106856
1,1,0.8313766798273143
1,1,0.8331011049487885
1,1,0.8246403482780909
1,1,0.8286251842879676
1,1,0.8276796086632673
1,1,0.792113219418438
1,1,0.8042059040275205
1,1,0.8323213658366782
1,1,0.8487624262209418
1,1,0.8211183840825582
1,1,0.8147466347282518
1,1,0.8283807796088994
1,1,0.812005340543565
1,1,0.8329246726725945
1,1,0.8257340581752384
1,1,0.8112785501858969
1,1,0.8373296162896089
1,1,0.8267511723909752
1,1,0.7850974017962887
1,1,0.8262944096298362
1,1,0.8186889701099399
1,1,0.8369106468845731
0,0,0.16740234919404748
0,0,0.1738484949341523
0,0,0.13772828588088415
0,0,0.1535954590286979
0,0,0.17821103446458747
0,0,0.18734201444803078
0,0,0.1692507060497769
0,0,0.18710649232501375
0,0,0.19494555239842737
0,0,0.211270011743005
0,0,0.20176865844920358
0,0,0.19891977908945663
0,0,0.18223246026663428
0,0,0.19758197588604484
0,0,0.18448005417052482
0,0,0.17811632408016526
0,0,0.1772890497674122
0,0,0.1778970294431624
0,0,0.16649176636074128
0,0,0.13702871450480741
0,0,0.1698571110607256
0,0,0.15279419839579372
0,0,0.16722172208747854
0,0,0.16022704834030954
0,0,0.16746280014420992
0,0,0.16428447442970867
0,0,0.12865585939145682
0,0,0.17785093177698616
0,0,0.17953182695414735
1,1,0.8088755290913723
1,1,0.8355199014156487
1,1,0.8103784834744134
1,1,0.8059013547309722
1,1,0.7807964457690553
1,1,0.826118163592282
1,1,0.8227108839810555
1,1,0.855531202536538
1,1,0.8433553619389383
1,1,0.8150819010003336
1,1,0.8122510481576454
1,1,0.7959260673052033
1,1,0.8164311667791156
1,1,0.8200660858640211
1,1,0.7656896332305491
1,1,0.7908712072018641
1,1,0.7734109703790771
1,1,0.7696949967617835
1,1,0.7726700924578044
1,1,0.7954891787589142
1,1,0.7606538797581741
1,1,0.7532681612996105
1,0,0.2413735016321715
1,0,0.22532845794447695
1,0,0.22003647858596231
1,0,0.19353060387358947
1,0,0.1700549223230947
1,0,0.16304649916856648
1,0,0.20348837279444498
1,0,0.18750751947771568
1,0,0.16945699155289037
1,0,0.16140266914004567
1,0,0.18216822274963967
1,0,0.21062732627820302
1,0,0.2169424063742721
1,0,0.2516959428174729
1,0,0.26251299053998506
1,0,0.2529486642914492
1,0,0.2955549737470887
1,0,0.3031023974300746
1,0,0.2847185768690091
1,0,0.3210084777109449
1,0,0.3099717928702272
1,0,0.29813061574355104
1,0,0.284185582704495
1,0,0.2860286053273455
1,0,0.28410242367982996
1,0,0.2517132335919802
1,0,0.21971892223277426
1,0,0.2486828560766172
1,0,0.20255248393475636
1,0,0.24710208281118354
1,0,0.26200539333493733
1,0,0.2617563560016951
1,0,0.2416650639172689
0,0,0.30243256135258967
0,0,0.2530933212989217
0,0,0.25822254567324787
0,0,0.21525043019854181
0,0,0.2375515336581283
0,0,0.2685558119752932
0,0,0.26377952642286256
0,0,0.2750133284796307
0,0,0.20861634643002774
0,0,0.18257390111757904
0,0,0.20073016643027927
0,0,0.21431337933567954
0,0,0.23368553724969496
0,0,0.2308272454436675
0,0,0.2433170435680951
0,0,0.24655872674145698
0,0,0.23810346450882036
0,0,0.2238555971306088
0,0,0.22955121597467418
0,0,0.23526209628689979
0,0,0.25611103740113245
0,0,0.2522693946072358
0,0,0.07863403925981119
0,0,0.07863403925981119
0,0,0.07863403925981119
0,0,0.07863403925981119
0,0,0.07863403925981119
0,0,0.07863403925981119
0,0,0.07863403925981119
0,0,0.07863403925981119
0,0,0.07863403925981119
0,0,0.07863403925981119
0,0,0.07863403925981119
0,0,0.07863403925981119
0,0,0.07863403925981119
0,0,0.07863403925981119
0,0,0.08842564207930247
0,0,0.07863403925981119
0,0,0.07863403925981119
0,0,0.07863403925981119
0,0,0.08842564207930247
0,0,0.07863403925981119
0,0,0.07863403925981119
0,0,0.07863403925981119
0,0,0.07863403925981119
0,0,0.07863403925981119
0,0,0.07863403925981119
0,0,0.07863403925981119
0,0,0.07863403925981119
0,0,0.07863403925981119
0,0,0.07863403925981119
0,0,0.07863403925981119
0,0,0.07863403925981119
0,0,0.07863403925981119
0,0,0.07863403925981119
0,0,0.07863403925981119
0,0,0.07863403925981119
0,0,0.07863403925981119
0,0,0.07863403925981119
0,0,0.07863403925981119
0,0,0.07863403925981119
0,0,0.07863403925981119
0,0,0.07863403925981119
0,0,0.07863403925981119
0,0,0.08842564207930247
0,0,0.07863403925981119
0,0,0.07863403925981119
0,0,0.07863403925981119
0,1,0.8426609192678722
0,1,0.8462079256264134
0,1,0.8362212337431242
0,1,0.8415837177352217
0,1,0.844357187316085
0,1,0.8266595717240034
0,1,0.8428466075825795
0,1,0.8368236516352441
0,1,0.8231845820003488
0,1,0.8423545131669142
0,1,0.8466862460957562
1,1,0.8276577413252802
1,1,0.8437913168419722
1,1,0.8707482684363445
1,1,0.860308469490024
1,1,0.8534924110812764
1,1,0.8519939854257781
1,1,0.8545623075536933
1,1,0.8514364485283922
1,1,0.8501962718570958
1,1,0.8558902031884352
1,1,0.8474618652572302
1,1,0.7700512700802145
1,1,0.76783543456193
1,1,0.8611426483416723
1,1,0.8636752413145997
1,1,0.8604825272715985
1,1,0.8275131100093012
1,1,0.8095493735505286
1,1,0.8142118925111238
1,1,0.8262625610740605
1,1,0.8478822472960456
1,1,0.8515768133609894
1,1,0.8065350360761542
1,1,0.843066857169905
1,1,0.8353683858280244
1,1,0.8276767215984289
1,1,0.7101309547924967
1,1,0.7287696504378218
1,1,0.7408198889616081
1,1,0.7562482822609095
1,1,0.7609790043940469
1,1,0.7609790043940469
1,1,0.7756808924232286
0,1,0.7666074376268375
0,1,0.835465356592401
0,1,0.8454677394764386
0,1,0.9033206067790707
0,1,0.904584454140876
0,1,0.8896880198569572
0,1,0.8942060328817896
0,1,0.7686421225108617
0,1,0.7802428230773104
0,1,0.7700620867496876
0,1,0.7545206464250741
0,0,0.08495042673396629
0,0,0.08617211643073426
0,0,0.07180968258662021
0,0,0.07349248926752727
0,0,0.08361007987297638
0,0,0.06938344879697904
0,0,0.0716645616973665
0,0,0.07001007625894608
0,0,0.07088579373441713
0,0,0.07226969987273138
0,0,0.06361938804862309
0,0,0.0705842702162628
0,0,0.057171399477397786
0,0,0.06340148650162397
0,0,0.06503831180321754
0,0,0.07133598581779496
0,0,0.0759541611427584
0,0,0.0748232711239645
0,0,0.07024088679400456
0,0,0.07315644062419127
0,0,0.07595689264320214
0,0,0.06681868562564182
0,0,0.07208063774494294
0,0,0.06748997538988445
0,0,0.07474558177724315
0,0,0.059846576041759206
0,0,0.058746964226414324
0,0,0.06561620522658956
0,0,0.07031431659129353
1,1,0.8422751231728456
1,1,0.8428159826671491
1,1,0.8476786100321043
1,1,0.8474948588809856
1,1,0.8341850088295227
1,1,0.8198559344056678
1,1,0.8698979962683211
1,1,0.8462696327354284
1,1,0.8493532296876878
1,1,0.8332452461667059
1,1,0.8614886972551983
1,1,0.875482751571193
1,1,0.901007594779047
1,1,0.894087517059744
1,1,0.8812366226315234
1,1,0.8693416104219256
1,1,0.8774471685036117
1,1,0.8868050429077761
1,1,0.902573706497825
1,1,0.8958610860286568
1,1,0.8871240931835247
1,1,0.8623397839522552
0,0,0.07863403925981119
0,0,0.07863403925981119
0,0,0.07863403925981119
0,0,0.07863403925981119
0,0,0.07863403925981119
0,0,0.07863403925981119
0,0,0.07863403925981119
0,0,0.07863403925981119
0,0,0.07863403925981119
0,0,0.07863403925981119
0,0,0.07863403925981119
0,0,0.07863403925981119
0,0,0.07863403925981119
0,0,0.07863403925981119
0,0,0.07863403925981119
0,0,0.07863403925981119
0,0,0.07863403925981119
0,0,0.07863403925981119
0,0,0.07863403925981119
0,0,0.07863403925981119
0,0,0.07863403925981119
0,0,0.07863403925981119
0,0,0.07863403925981119
0,0,0.07863403925981119
0,0,0.07863403925981119
0,0,0.07863403925981119
0,0,0.07863403925981119
0,0,0.07863403925981119
0,0,0.07863403925981119
0,0,0.07863403925981119
0,0,0.07863403925981119
0,0,0.07863403925981119
0,0,0.07863403925981119
1,0,0.09941709089267002
1,0,0.1072506067937174
1,0,0.08904962268363376
1,0,0.08703749970740488
1,0,0.10472135950001231
1,0,0.1121449779354341
1,0,0.10343370621605144
1,0,0.10294029493830129
1,0,0.11713163070782281
1,0,0.12707430380919515
1,0,0.0970683011560815
1,0,0.12215280746288458
1,0,0.09357205448274362
1,0,0.10035828482492243
1,0,0.12316636283469284
1,0,0.10263629231243618
1,0,0.10929282273415199
1,0,0.10129279900563468
1,0,0.10928447495715349
1,0,0.11225392308117836
1,0,0.1173101081305184
1,0,0.11208974916147366
0,0,0.3053518514950113
0,0,0.23231552002345066
0,0,0.248801490289431
0,0,0.23011283989402195
0,0,0.19142571876431005
0,0,0.18675063967904446
0,0,0.26031797788685024
0,0,0.2829687417641099
0,0,0.18596453518829925
0,0,0.1851860429977562
0,0,0.2087572484777092
0,0,0.17452513758243185
0,0,0.13753781105398194
0,0,0.19954507651769127
0,0,0.26251325668086206
0,0,0.24120282117599257
0,0,0.24949353023555
0,0,0.23902776872307757
0,0,0.21062404992160272
0,0,0.12351988535655006
0,0,0.12536620951640864
0,0,0.17576497444636974
0,0,0.1242721185251573
0,0,0.1349920771059134
0,0,0.15645239284893747
0,0,0.2009420919055431
0,0,0.17786833921151715
0,0,0.21013716675289346
0,0,0.19370522071082213
0,0,0.17088530957395023
0,0,0.13463317081684212
0,0,0.13602789987063382
0,0,0.1369116173630635
0,0,0.13365881399848148
0,0,0.1601411518404506
0,0,0.14076258211581089
0,0,0.11841970823636733
0,0,0.1402636780838807
0,0,0.183223535668557
0,0,0.15064558647749623
0,0,0.10787664684669104
0,0,0.1787900798236159
0,0,0.09333940282737957
0,0,0.2015856114721267
0,0,0.27362870172571996
0,0,0.25136631747788735
0,1,0.8048522696391531
0,1,0.81816386281814
0,1,0.8163696897038585
0,1,0.8978395994351946
0,1,0.868488288181426
0,1,0.8945990227745115
0,1,0.9188416696648338
0,1,0.9157734042461538
0,1,0.894896417018757
0,1,0.8922183300610632
0,1,0.8918823581276935
1,1,0.8161408439978358
1,1,0.842711617171056
1,1,0.8349280270984396
1,1,0.8355577036887115
1,1,0.8169417362729502
1,1,0.8051933296912377
1,1,0.8414291328624731
1,1,0.848454461208635
1,1,0.8281893696738516
1,1,0.8161928227374247
1,1,0.84477550158251
1,1,0.8760351011090225
1,1,0.8587952633038395
1,1,0.8769512453977524
1,1,0.8057400809845774
1,1,0.7414294982945117
1,1,0.740465699241096
1,1,0.6872870184795887
1,1,0.7275505675827998
1,1,0.7823226623640882
1,1,0.8487886827154639
1,1,0.8014206579102132
0,1,0.789484156279647
0,1,0.819925341720301
0,1,0.8164629681735106
0,1,0.8282757996569389
0,1,0.8308126511453052
0,1,0.8508720865200731
0,1,0.8332746179780949
0,1,0.861909847940762
0,1,0.8534955223346876
0,1,0.8496477206868457
0,1,0.8611517464662937
1,1,0.8608761711961536
1,1,0.9117515751052616
1,1,0.8612417489242428
1,1,0.8545067201069457
1,1,0.8604296104772993
1,1,0.869456105835122
1,1,0.8374481238437775
1,1,0.8700453155703418
1,1,0.9145421965995199
1,1,0.888040080057336
1,1,0.8870018158106214
1,0,0.19649706365332473
1,0,0.19091206606237418
1,0,0.17089006702832538
1,0,0.1989181389244309
1,0,0.20995617581738293
1,0,0.20748327208823195
1,0,0.18107543154952907
1,0,0.20411693391555205
1,0,0.20795305015977872
1,0,0.15041355108298743
1,0,0.16355904215278025
1,0,0.17159919608494092
1,0,0.19434847129684993
1,0,0.1748575071681826
1,0,0.18095484191263975
1,0,0.20204552250816082
1,0,0.22450929780387147
1,0,0.22436391748650705
1,0,0.18741034742621804
1,0,0.1439769896559152
1,0,0.17743626451328193
1,0,0.15848558100253599
1,0,0.1917868593589615
1,0,0.17696443165970469
1,0,0.1350621300924443
1,0,0.14853713033937857
1,0,0.12733499789291813
1,0,0.18049650032485015
1,0,0.17599340750536852
0,1,0.7994822483850206
0,1,0.8445277020372708
0,1,0.8701756590856364
0,1,0.8276577533105892
0,1,0.8386168348029266
0,1,0.8602802712633326
0,1,0.854348072907385
0,1,0.8388108408938563
0,1,0.8562181194441822
0,1,0.8274600210140325
0,1,0.8329293745068425
1,1,0.8793389326776085
1,1,0.8944646995419525
1,1,0.9186884771679764
1,1,0.8878765013536029
1,1,0.8956189929234949
1,1,0.917254077709829
1,1,0.9194692085558204
1,1,0.8804344493842109
1,1,0.871944685185136
1,1,0.8850204398206344
1,1,0.8514923439188593
0,0,0.16198864534300278
0,0,0.20139763876313496
0,0,0.26612908341803804
0,0,0.13038164700595312
0,0,0.14242739093240983
0,0,0.13117628086077812
0,0,0.13809907761295737
0,0,0.09984648245746416
0,0,0.20217925359029312
0,0,0.2641273244192332
0,0,0.2886773884508184
0,0,0.24027522371743582
0,0,0.19161806853968322
0,0,0.18793633209456936
0,0,0.22405612124582913
0,0,0.17718696568346623
0,0,0.26387819166607285
0,0,0.2160223290955541
0,0,0.22411616158126
0,0,0.18484521429842693
0,0,0.1637284999794684
0,0,0.1621593956399893
0,0,0.20084270246692854
0,0,0.2261457708170256
0,0,0.22328931761239826
0,0,0.24239152075818854
0,0,0.24602762774558548
0,0,0.19838352546881746
0,0,0.21052123565806155
0,0,0.18335228489459893
0,0,0.18116701298561647
0,0,0.13288862831931425
0,0,0.16526721198221433
0,0,0.19833390933014916
0,0,0.19343308811834078
0,0,0.14588171719696233
0,0,0.13031069896785025
0,0,0.18774608182161828
0,0,0.1673758630677088
0,0,0.15588621028549282
0,0,0.20167762992013027
0,0,0.17535331894307396
0,0,0.15048190742534345
0,0,0.13257263083073464
0,0,0.14849639692781116
0,0,0.2070316231385597
0,0,0.18264904923799669
0,0,0.19352600050645197
0,0,0.1930911398980154
0,0,0.1597681639684783
0,0,0.14587480607641162
0,0,0.18627601852183454
0,0,0.11156232048087247
0,0,0.08123976453086984
0,0,0.11753476778185559
0,0,0.27324028273415707
0,0,0.2849471752601116
0,0,0.2864325060801529
0,0,0.3111926502389499
0,0,0.28976321344134903
0,0,0.3188287153391448
0,0,0.28784851897429464
0,0,0.29333440231732216
0,0,0.2913686227615258
0,0,0.26898398388489936
0,0,0.28185329410979715
0,0,0.18860159304354632
0,0,0.23553709600756065
0,0,0.2574000682046273
0,0,0.22213988351806652
0,0,0.17968478430772666
0,0,0.20962693810822375
0,0,0.22171665171205732
0,0,0.25407293964605177
0,0,0.22741010625611544
0,0,0.23431663585336074
0,0,0.2110552155797444
0,0,0.2851397268112234
0,0,0.27077278578043584
0,0,0.22905219105948596
0,0,0.1877583703461912
0,0,0.19852740389629647
0,0,0.21759031628887196
0,0,0.22624894188903183
0,0,0.18148516176750223
0,0,0.1926028098788268
0,0,0.18490885593198836
0,0,0.2155112371584256
0,0,0.18961871317764806
0,0,0.17376451894717307
0,0,0.16458544173256687
0,0,0.21065162136286308
0,0,0.16950145365386005
0,0,0.17147013674927156
0,0,0.16992094397086963
0,0,0.18180669480046802
0,0,0.14284725300906176
0,0,0.14354849325558758
0,0,0.195577805356218
0,0,0.19702093678937296
0,0,0.18001519805546679
0,0,0.4986965704203536
0,1,0.5781498499781262
0,1,0.5875093944280326
0,1,0.5818488907450847
0,1,0.5435098313809417
0,1,0.5496121206262021
0,1,0.5798412991715828
0,1,0.5492365643914344
0,1,0.5922382128525384
0,1,0.5628556298117178
0,1,0.6111979179920283
0,1,0.7936588239966289
0,1,0.7957373285285202
0,1,0.8367318134707412
0,1,0.8238947839861378
0,1,0.8758120415015936
0,1,0.7983102914486725
0,1,0.8540355049213428
0,1,0.8029537701366624
0,1,0.8213109035561464
0,1,0.8517346150051971
0,1,0.8436634040743219
1,1,0.6561901745274877
1,1,0.7225427422025157
1,1,0.6398984608745568
1,1,0.6138242164532591
1,1,0.7397827112234545
1,1,0.7679765423134219
1,1,0.8286622019839044
1,1,0.8181278087913991
1,1,0.8523453646038541
1,1,0.8398624989228874
1,1,0.8306592463842286
0,1,0.7843493538687486
0,1,0.7776969261409249
0,1,0.809231438164438
0,1,0.7850539686902859
0,1,0.7888549144017927
0,1,0.7911211626538518
0,1,0.7909326493546794
0,1,0.7407070933641486
0,1,0.747986800905527
0,1,0.7979049715655058
0,1,0.7753522364601935
1,1,0.7912222994036305
1,1,0.7865731583217671
1,1,0.7492395053756256
1,1,0.7381170296241625
1,1,0.7744236577615976
1,1,0.7693684112848211
1,1,0.7862114471822516
1,1,0.6330836430788068
1,1,0.587488735604706
1,1,0.5925387854442452
1,1,0.5779553765334143
0,0,0.1451077732332421
0,0,0.126233967234065
0,0,0.12525123170779914
0,0,0.12023546454683749
0,0,0.13385247334521086
0,0,0.136506060546777
0,0,0.13729156721890615
0,0,0.1433921502015621
0,0,0.12310929157227997
0,0,0.22801747269736666
0,0,0.167528962131613
0,0,0.1500728385482363
0,0,0.1808219446253536
0,0,0.12767144837988378
0,0,0.131692949893863
0,0,0.1981833116939931
0,0,0.1859399870190853
0,0,0.17622245173224937
0,0,0.1325976680560171
0,0,0.13344599018951844
0,0,0.15277373623749646
0,0,0.1525825167573614
0,0,0.15877039823521855
0,0,0.15769282894298547
0,0,0.1363802263783102
0,0,0.15153355907774704
0,0,0.17353313792997502
0,0,0.20288408423816065
0,0,0.18013616283370898
0,1,0.639749548781067
0,1,0.5927179230169365
0,1,0.5827892382807424
0,1,0.5689401796110373
0,1,0.5198842664827776
0,1,0.5184826690709562
0,1,0.536304035523541
0,1,0.5551399326629222
0,1,0.6021306982640102
0,1,0.5898897426898064
0,1,0.5555079329488808
1,1,0.6523304224535713
1,1,0.6557781085501441
1,1,0.6722506487551256
1,1,0.7009115254343515
1,1,0.6825456847526903
1,1,0.5755409692503143
1,1,0.5560421770175015
1,1,0.56675208913469
1,1,0.6066974210493385
1,1,0.5935785001350616
1,1,0.7929915010977011
0,0,0.2586770283533356
0,0,0.1915069451538407
0,0,0.16847118309175727
0,0,0.19931807527871606
0,0,0.17243190115934023
0,0,0.1481876762816803
0,0,0.14499177760994506
0,0,0.1646732124140085
0,0,0.15722262086286212
0,0,0.1552471747113976
0,0,0.159417459974263
0,0,0.20146266012529296
0,0,0.17160985460786468
0,0,0.1424772558305192
0,0,0.20424827887464006
0,0,0.21984480005612864
0,0,0.22771262809653095
0,0,0.23798195322897733
0,0,0.19053760090060512
0,0,0.204843552039018
0,0,0.2400284196963137
0,0,0.18619115780869105
0,0,0.20318151144388355
0,0,0.19202917430740826
0,0,0.17692878910461485
0,0,0.20067686836709286
0,0,0.18638214815428508
0,0,0.15841480050156273
0,0,0.17215996824726457
0,0,0.1586673998940021
0,0,0.1603100083097532
0,0,0.18515938375848273
0,0,0.2001417653799292
0,0,0.2537412783302432
0,0,0.2685957072187105
0,0,0.3086363639408286
0,0,0.2716320501800862
0,0,0.31648111790678696
0,0,0.34533233306415667
0,0,0.33005017656464486
0,0,0.35222551966371585
0,0,0.35528244288995536
0,0,0.3435669032708348
0,0,0.32356690327083476
0,0,0.34584951196648694
0,0,0.3449895562273071
0,0,0.35414014860927473
0,0,0.33310921209258154
0,0,0.3743355429576514
0,0,0.3406777010054322
0,0,0.368860786401236
0,0,0.3564655068274153
0,0,0.3654145048447575
0,0,0.3598685081988161
0,0,0.35622796806756035
0,0,0.4477341029106072
0,0,0.4477341029106072
0,0,0.4502873074865111
0,0,0.447957806435967
0,0,0.447957806435967
0,0,0.447957806435967
0,0,0.447957806435967
0,0,0.4498656045297675
0,0,0.4498656045297675
0,0,0.447957806435967
0,0,0.447957806435967
0,0,0.4766277766927128
0,0,0.4919623165289652
0,0,0.48542035890757
0,0,0.4502873074865111
0,0,0.45194655948145823
0,0,0.45194655948145823
0,0,0.4542760605320023
0,0,0.4542760605320023
0,0,0.4521951055803115
0,0,0.45194655948145823
0,0,0.4542760605320023
0,0,0.45194655948145823
0,0,0.447957806435967
0,0,0.44540460186006314
0,0,0.44540460186006314
0,0,0.447957806435967
0,0,0.45194655948145823
0,0,0.45194655948145823
0,0,0.44540460186006314
0,0,0.44540460186006314
0,0,0.45194655948145823
0,0,0.4542760605320023
0,0,0.4521951055803115
0,0,0.44540460186006314
0,0,0.4498656045297675
0,0,0.4498656045297675
0,0,0.447957806435967
0,0,0.447957806435967
0,0,0.44540460186006314
0,0,0.447957806435967
0,0,0.45194655948145823
0,0,0.447957806435967
0,0,0.447957806435967
0,0,0.4498656045297675
0,0,0.4498656045297675
1,0,0.4542760605320023
1,0,0.4477341029106072
1,0,0.4502873074865111
1,0,0.4542760605320023
1,0,0.45194655948145823
1,0,0.4542760605320023
1,0,0.4542760605320023
1,0,0.4873644320460542
1,0,0.4693194173002632
1,0,0.48528347709436326
1,0,0.48528347709436326
1,0,0.4919623165289652
1,0,0.4873644320460542
1,0,0.4833756790005628
1,0,0.4808224744246589
1,0,0.4873644320460542
1,0,0.4873644320460542
1,0,0.48528347709436326
1,0,0.48528347709436326
1,0,0.48528347709436326
1,0,0.4521951055803115
1,0,0.4498656045297675
1,0,0.45194655948145823
1,0,0.447957806435967
1,0,0.44540460186006314
1,0,0.44540460186006314
1,0,0.45194655948145823
1,0,0.45194655948145823
1,0,0.45194655948145823
1,0,0.45194655948145823
1,0,0.447957806435967
1,0,0.45194655948145823
1,0,0.45194655948145823
1,0,0.4502873074865111
1,0,0.45194655948145823
1,0,0.45194655948145823
1,0,0.4477341029106072
1,0,0.447957806435967
1,0,0.4498656045297675
1,0,0.45194655948145823
1,0,0.45194655948145823
1,0,0.45194655948145823
1,0,0.45194655948145823
1,0,0.44540460186006314
1,0,0.44540460186006314
1,0,0.45194655948145823
1,0,0.45194655948145823
1,0,0.447957806435967
1,0,0.447957806435967
1,0,0.45194655948145823
1,0,0.45194655948145823
1,0,0.45194655948145823
1,0,0.45194655948145823
1,0,0.45194655948145823
1,0,0.4542760605320023
0,0,0.4542760605320023
0,0,0.4502873074865111
0,0,0.4498656045297675
0,0,0.4502873074865111
0,0,0.44540460186006314
0,0,0.447957806435967
0,0,0.447957806435967
0,0,0.447957806435967
0,0,0.45194655948145823
0,0,0.45194655948145823
0,0,0.45194655948145823
1,0,0.4542760605320023
1,0,0.47202989220980185
1,0,0.4585981970225226
1,0,0.4477341029106072
1,0,0.45194655948145823
1,0,0.45194655948145823
1,0,0.447957806435967
1,0,0.447957806435967
1,0,0.4477341029106072
1,0,0.4477341029106072
1,0,0.4605059951163229
0,0,0.4502873074865111
0,0,0.4477341029106072
0,0,0.44540460186006314
0,0,0.44540460186006314
0,0,0.447957806435967
0,0,0.447957806435967
0,0,0.447957806435967
0,0,0.44540460186006314
0,0,0.447957806435967
0,0,0.447957806435967
0,0,0.447957806435967
0,0,0.447957806435967
0,0,0.44540460186006314
0,0,0.44540460186006314
0,0,0.44540460186006314
0,0,0.44540460186006314
0,0,0.44540460186006314
0,0,0.4498656045297675
0,0,0.4498656045297675
0,0,0.44540460186006314
0,0,0.45194655948145823
0,0,0.45194655948145823
0,0,0.45194655948145823
0,0,0.45194655948145823
0,0,0.45194655948145823
0,0,0.45194655948145823
0,0,0.447957806435967
0,0,0.4498656045297675
0,0,0.4498656045297675
0,0,0.447957806435967
0,0,0.44540460186006314
0,0,0.447957806435967
0,0,0.447957806435967
1,0,0.44540460186006314
1,0,0.44540460186006314
1,0,0.44540460186006314
1,0,0.44540460186006314
1,0,0.447957806435967
1,0,0.447957806435967
1,0,0.44540460186006314
1,0,0.447957806435967
1,0,0.44540460186006314
1,0,0.447957806435967
1,0,0.447957806435967
1,0,0.44540460186006314
1,0,0.44540460186006314
1,0,0.447957806435967
1,0,0.447957806435967
1,0,0.44540460186006314
1,0,0.447957806435967
1,0,0.4498656045297675
1,0,0.447957806435967
1,0,0.447957806435967
1,0,0.44540460186006314
1,0,0.44540460186006314
0,0,0.17262712436651476
0,0,0.1574026920139835
0,0,0.1438972699562474
0,0,0.13747719321270588
0,0,0.16699991063208494
0,0,0.14952533543175245
0,0,0.14181360858502395
0,0,0.15114886768173633
0,0,0.14734817613362483
0,0,0.18402467551064233
0,0,0.16006048968486372
0,0,0.1786007514129231
0,0,0.1950826600336979
0,0,0.17724342759989228
0,0,0.18679078250620837
0,0,0.23003575768433446
0,0,0.21956259013529258
0,0,0.20747263425215504
0,0,0.19073253836995316
0,0,0.21620533911754053
0,0,0.16608531693270887
0,0,0.14204368184065388
0,0,0.14822554906453772
0,0,0.15947255786024042
0,0,0.18327383582793982
0,0,0.2008445935519973
0,0,0.19740231208082487
0,0,0.1858828542032221
0,0,0.17348304222372551
0,0,0.16704963629344594
0,0,0.17263803368913044
0,0,0.18708218745099334
0,0,0.1917700207756432
0,0,0.17267131779564404
0,0,0.19127936726227804
0,0,0.1713428678005368
0,0,0.18624994165565859
0,0,0.2327085744870795
0,0,0.2290394451813956
0,0,0.2274800951776254
0,0,0.2266971053618154
0,0,0.24428786837880337
0,0,0.24989834514406561
0,0,0.22992664364359655
0,0,0.2525000931770746
0,0,0.2545124954569838
1,1,0.8524167925638915
1,1,0.8369850968388768
1,1,0.83777126869045
1,1,0.807727177473941
1,1,0.8364575137357252
1,1,0.8773167755076335
1,1,0.8672352079891072
1,1,0.8743589914704427
1,1,0.8685117137986816
1,1,0.8732602425777704
1,1,0.8556923250788043
1,1,0.8890309591012777
1,1,0.9109135718745373
1,1,0.9020752864033795
1,1,0.8994783743724128
1,1,0.8725103835453141
1,1,0.8632367472432227
1,1,0.8816051501380923
1,1,0.8493434991287514
1,1,0.8812268836996172
1,1,0.9186601821335479
1,1,0.9103925247264384
1,1,0.820123510287587
1,1,0.8246939994593754
1,1,0.8526449477960284
1,1,0.8236839788333318
1,1,0.806306851269564
1,1,0.8445426704719976
1,1,0.8827558777810417
1,1,0.8728364965317351
1,1,0.8550713972867173
1,1,0.897603799502308
1,1,0.8727928519874701
1,1,0.8378713843470109
1,1,0.8584299843493399
1,1,0.8650156081605056
1,1,0.8744221077275818
1,1,0.8987314429539185
1,1,0.87613909947668
1,1,0.9092132206594415
1,1,0.8927750665256058
1,1,0.8770086514560819
1,1,0.8819585849542341
1,1,0.8695185538031097
1,1,0.8449698164959477
1,1,0.904182182115164
1,1,0.8918346027404925
1,1,0.8626496606685485
1,1,0.8881943350774669
1,1,0.8865121896476001
1,1,0.8343377680843307
1,1,0.8620501883012571
1,1,0.8780258149566912
1,1,0.8617275652823183
1,1,0.8386264352439906
0,0,0.16738250105769434
0,0,0.13124933091821112
0,0,0.10535278603044289
0,0,0.10645785017146472
0,0,0.13697477655347515
0,0,0.11549157019791373
0,0,0.15533772082249123
0,0,0.11935417275918318
0,0,0.13624875149248655
0,0,0.17699171110937925
0,0,0.1716887344865922
0,0,0.17853679783432155
0,0,0.13628710980018183
0,0,0.16146782335123483
0,0,0.20191764879491966
0,0,0.16127598651802086
0,0,0.1289670910958136
0,0,0.18541323026998385
0,0,0.13933570871805298
0,0,0.15494195072534175
0,0,0.1458656405310416
0,0,0.17132344145812986
0,0,0.1251248844158363
0,0,0.15854927452422968
0,0,0.13011339632584237
0,0,0.12381733542998168
0,0,0.12334773458596078
0,0,0.10882882894549606
0,0,0.10694176078199252
1,1,0.8224641358984005
1,1,0.8707088353371174
1,1,0.8719087333248976
1,1,0.8557345606774662
1,1,0.8352453411564581
1,1,0.8492050368822234
1,1,0.8614706558636879
1,1,0.8407716831786678
1,1,0.8720512999920871
1,1,0.8696382941504436
1,1,0.7698065063877361
1,1,0.857444681618827
1,1,0.8480097796321608
1,1,0.8729131090733836
1,1,0.8546347759485812
1,1,0.8409367123173602
1,1,0.8852905116397123
1,1,0.8972174494259347
1,1,0.8436494901943782
1,1,0.8380664371831482
1,1,0.8779575818091829
1,1,0.8369842343079837
1,0,0.16727121881434603
1,0,0.11429129157628572
1,0,0.12707282971059988
1,0,0.14727810142717795
1,0,0.1271233980365155
1,0,0.14182917296862874
1,0,0.18542225895539613
1,0,0.13468664663954452
1,0,0.08721665162719178
1,0,0.1335095037087349
1,0,0.11970061749902472
1,0,0.10668366186618519
1,0,0.11675771665481145
1,0,0.12713965651231962
1,0,0.20441005791046318
1,0,0.18297706560569874
1,0,0.1475102243662969
1,0,0.147046341361695
1,0,0.16303020479018498
1,0,0.1946292197458507
1,0,0.21569478800394015
1,0,0.17297680087621248
1,0,0.19469539595716245
1,0,0.2039670404655496
1,0,0.19125047767432438
1,0,0.16404536463505082
1,0,0.15853791306466275
1,0,0.17334323561636247
1,0,0.15979882437512768
1,0,0.14220972652591246
1,0,0.14782178526343245
1,0,0.17648373688201466
1,0,0.1741390772011062
1,0,0.18346479596489393
1,0,0.1858067649962848
1,0,0.17732698125358912
1,0,0.19708708946282727
1,0,0.20033640642471295
1,0,0.2099349444056508
1,0,0.20997652386248922
1,0,0.21611922993295862
1,0,0.20928626983786205
1,0,0.22055348344319417
1,0,0.242668971962817
1,0,0.22248572752896917
1,0,0.22343208358626357
1,0,0.20042417298146792
1,0,0.19915540651290223
1,0,0.1767058417978456
1,0,0.17585324199670704
1,0,0.167041915935003
1,0,0.15383588826680783
1,0,0.16180870645371065
1,0,0.24074925704988645
1,0,0.238655521120197
0,0,0.18393114349708534
0,0,0.16516691191263283
0,0,0.16442586879620869
0,0,0.19048633009629434
0,0,0.19761739067834325
0,0,0.16080379435010705
0,0,0.1735375465924552
0,0,0.18905279182959525
0,0,0.15685096233400747
0,0,0.17194964542875155
0,0,0.17865673251748532
1,0,0.114495237048925
1,0,0.1250679987288127
1,0,0.10752374378824647
1,0,0.11203266283748742
1,0,0.12309983403628041
1,0,0.12749395492538024
1,0,0.1299773709854899
1,0,0.1150312846110164
1,0,0.11786045713869359
1,0,0.12745919438015563
1,0,0.1282170568736946
1,0,0.11683355187768957
1,0,0.13992139082703714
1,0,0.13548415496592972
1,0,0.12835489891649854
1,0,0.14235008115436762
1,0,0.1597729973288416
1,0,0.14912241794434208
1,0,0.1485552056260648
1,0,0.14808649287167966
1,0,0.13436532488544833
1,0,0.14720246753892077
1,0,0.14794454791198966
1,0,0.176820356735894
1,0,0.18693685411900943
1,0,0.16559440256460728
1,0,0.18553645785949183
1,0,0.16476934946985708
1,0,0.14854863246078343
1,0,0.184964673521597
1,0,0.19808478364957113
1,0,0.20252479996125294
1,0,0.18923012763102265
1,0,0.17542059391917258
1,0,0.17065187275342303
1,1,0.5483754290956535
1,1,0.7894082731480414
1,1,0.872000353566896
1,1,0.8677618502054055
1,1,0.851151085212003
1,1,0.8312726843373481
1,1,0.8702701846493994
1,1,0.8712770339265242
1,1,0.8618098311439181
1,1,0.8891670759669046
1,1,0.8539044304378252
1,1,0.8419896109531594
1,1,0.8614240908954295
1,1,0.8930220524301652
1,1,0.8772765612572302
1,1,0.8620148976206977
1,1,0.8527027636568465
1,1,0.8779514538471281
1,1,0.8409137703123902
1,1,0.8474430936955645
1,1,0.871632049112849
1,1,0.8259216285596748
1,1,0.6244512444169016
1,1,0.7055489533626713
1,1,0.7962511231107808
1,1,0.80391855146335
1,1,0.7932086047523783
1,1,0.7609556218497151
1,1,0.7459627658443538
1,1,0.7643954981758543
1,1,0.7745883730134495
1,1,0.7658584736323186
1,1,0.7638468990940404
1,1,0.8114249435915835
1,1,0.8300569727845657
1,1,0.830900525420397
1,1,0.825742303200268
1,1,0.8197771456276891
1,1,0.825190321887377
1,1,0.8376369144484732
1,1,0.8325226588998802
1,1,0.8664711264854594
1,1,0.8275606238928757
1,1,0.7783044853196978
1,1,0.8094007244932371
1,1,0.8231348623218318
1,1,0.7987932014568462
1,1,0.776580775468676
1,1,0.7721377606933472
1,1,0.7521286266006605
1,1,0.7616776614910269
1,1,0.8443726841181858
1,1,0.846303941016727
1,1,0.7292038434468096
1,1,0.836535951179069
0,0,0.16713929902760172
0,0,0.1427474679581125
0,0,0.1863727819757578
0,0,0.2076788315985859
0,0,0.19377765098389108
0,0,0.17091214148612455
0,0,0.145280092651053
0,0,0.17081452721621657
0,0,0.1602491453040487
0,0,0.15716686453805548
0,0,0.15769429722030798
0,0,0.1593875019469312
0,0,0.17435210539762605
0,0,0.15311445117109368
0,0,0.15161914523332698
0,0,0.15561409956797836
0,0,0.1383721784690292
0,0,0.15838920112162216
0,0,0.13492011194695422
0,0,0.1387179391647253
0,0,0.16876252111420115
0,0,0.11725767008576403
0,0,0.16032338133685844
0,0,0.13101685803379975
0,0,0.14610207289814356
0,0,0.15450621628095698
0,0,0.16376899935564532
0,0,0.16618544555918163
0,0,0.15293956521104188
1,1,0.628409490395962
1,1,0.8539292074413618
1,1,0.8125007995971163
1,1,0.8274323101366806
1,1,0.8049846382621955
1,1,0.8204285870331205
1,1,0.8414365177491533
1,1,0.8193513241707433
1,1,0.849573156386848
1,1,0.849573156386848
1,1,0.835365806123566
1,1,0.7012208473352889
1,1,0.8205950795957229
1,1,0.8300905819653025
1,1,0.8271421975332943
1,1,0.8211822763450499
1,1,0.8008937207710306
1,1,0.8259738581643008
1,1,0.7861722286647176
1,1,0.8341537173966952
1,1,0.8081223219411966
1,1,0.8052085968150514
0,0,0.1730261539636727
0,0,0.17054329912372018
0,0,0.1854737423487948
0,0,0.19219520244959384
0,0,0.21767428162784377
0,0,0.18180523799807857
0,0,0.19997327329467837
0,0,0.1789740214142719
0,0,0.18354697853519472
0,0,0.18483468709400455
0,0,0.18766742623357235
0,0,0.19492817689439643
0,0,0.19149374644264816
0,0,0.18099911083124884
0,0,0.1952858890538444
0,0,0.21554600152340328
0,0,0.18653148777941714
0,0,0.17824563309075084
0,0,0.1461032709332157
0,0,0.1326463111691835
0,0,0.164749331210993
0,0,0.18421163570596705
0,0,0.1588018987192318
0,0,0.14591218974416464
0,0,0.18999998675735902
0,0,0.1987522863249881
0,0,0.18780980864865512
0,0,0.18352189060188956
0,0,0.1550438453268833
0,0,0.13799848720703314
0,0,0.16091979567783504
0,0,0.13609281581216837
0,0,0.14721206059276004
1,0,0.14329323700264415
1,0,0.1462614575589834
1,0,0.14858764278494394
1,0,0.1513670389277031
1,0,0.1334081130254987
1,0,0.13582913711132696
1,0,0.16330935755395562
1,0,0.19809575949711342
1,0,0.16016063188237928
1,0,0.16802920070803437
1,0,0.13911518229343842
1,0,0.1293884531384993
1,0,0.10578073370570007
1,0,0.09763318039620521
1,0,0.12388682952780433
1,0,0.16475421053027833
1,0,0.13744797350528887
1,0,0.17527356056792612
1,0,0.17459289017024093
1,0,0.17324660436503247
1,0,0.17080529589796023
1,0,0.17342825188959554
0,0,0.1278582476674835
0,0,0.11122920975961367
0,0,0.13334190591010542
0,0,0.12152968272105617
0,0,0.15622708199212465
0,0,0.1369007446873998
0,0,0.1360441281414775
0,0,0.1311106641115229
0,0,0.16296320692107666
0,0,0.1723474689651054
0,0,0.1656587635004343
1,0,0.16036466532821564
1,0,0.11202377961416773
1,0,0.10556949906387286
1,0,0.10512185287582033
1,0,0.1031629932949736
1,0,0.1208892757505557
1,0,0.10962728959395784
1,0,0.10832993350564282
1,0,0.1134837849489276
1,0,0.13004314607008133
1,0,0.13049380829097004
1,0,0.1437393160723354
1,0,0.11880635267255356
1,0,0.1458148417859925
1,0,0.13643063344973458
1,0,0.11933205386707822
1,0,0.11439578332660502
1,0,0.13849023541761366
1,0,0.1852844490405712
1,0,0.18273634458527113
1,0,0.15462712894586073
1,0,0.12592022039011497
1,0,0.16047762639315677
1,0,0.13230466096342547
1,0,0.13600539308121373
1,0,0.1514626712247218
1,0,0.1656157140878544
1,0,0.17039269278132058
1,0,0.1585075169343674
1,0,0.1645706021834057
1,0,0.16531679093027435
1,0,0.15684746218542134
1,0,0.16312281169685014
1,0,0.19296959312311074
1,0,0.14661725079633392
1,1,0.850696396331526
1,1,0.8682971436929313
1,1,0.8226478314760809
1,1,0.8632317572659075
1,1,0.8743560803801143
1,1,0.8388040648662273
1,1,0.8255253385256305
1,1,0.8813063924513187
1,1,0.8455933011041222
1,1,0.8177463562911256
1,1,0.8145637106734146
1,1,0.8544808272953166
1,1,0.8093944173018879
1,1,0.8371944085781508
1,1,0.8515436201369307
1,1,0.8485482905143489
1,1,0.8436670479499366
1,1,0.867604611382299
1,1,0.79744365136246
1,1,0.8557278665934844
1,1,0.8528495392019605
1,1,0.8706675509519398
1,1,0.8671042114756675
1,1,0.8313624741380563
1,1,0.8691379817997791
1,1,0.8489858689264724
1,1,0.8678199708673462
1,1,0.8742192324412487
1,1,0.868927789449497
1,1,0.8752769535393446
1,1,0.850173112113956
1,1,0.8707317224781593
1,1,0.8788675229355798
1,1,0.8255353049362898
1,1,0.8216475449552472
1,1,0.8632799939696038
1,1,0.8491939931576211
1,1,0.8507273648940586
1,1,0.842164986580096
1,1,0.8901588019702537
1,1,0.8715899739118121
1,1,0.8250781745676076
1,1,0.7955801240877375
1,1,0.7943121674794008
0,1,0.8044038230247059
0,1,0.6695782484052561
0,1,0.578818609258818
0,1,0.5908482411879394
0,1,0.6421991691102761
0,1,0.6771981007274954
0,1,0.6410477589138562
0,1,0.6556095902006325
0,1,0.6751607767005109
0,1,0.6747305873792032
0,1,0.6513041616711013
0,0,0.1570932021559824
0,0,0.14151646410396246
0,0,0.15519002555199315
0,0,0.12672304168680826
0,0,0.13023847614175563
0,0,0.13252679887045055
0,0,0.11237182973033594
0,0,0.103444433058983
0,0,0.14380706685310088
0,0,0.15033503853186375
0,0,0.15464343793780008
0,0,0.1743290940910549
0,0,0.14437438254930773
0,0,0.16773779141637893
0,0,0.21658397296857182
0,0,0.2611449575304972
0,0,0.21217509202928703
0,0,0.12206045145403271
0,0,0.13858589165753601
0,0,0.11699690101625083
0,0,0.09565579654238877
0,0,0.12450024336482336
0,0,0.11581169602904534
0,0,0.10995017441139882
0,0,0.11764335010902062
0,0,0.15848646812911663
0,0,0.13066403593902728
0,0,0.1357309827491622
0,0,0.13840630552803967
0,1,0.8599434673028163
0,1,0.8412089477243153
0,1,0.843823389070951
0,1,0.8675973249210004
0,1,0.8616230137876281
0,1,0.8727089591620221
0,1,0.860088406154873
0,1,0.8624524817377935
0,1,0.8551797841728469
0,1,0.8387347532238166
0,1,0.8613241842542027
1,1,0.8632829797749625
1,1,0.8626987536833515
1,1,0.8706421739887685
1,1,0.8410128182990914
1,1,0.8585365709204668
1,1,0.8589081815261843
1,1,0.8590825075212588
1,1,0.8569399351412008
1,1,0.8390328548861931
1,1,0.8482236863413442
1,1,0.8599413730105884
1,0,0.16864847322475268
1,0,0.18021646257282978
1,0,0.14132411105058743
1,0,0.13980034404944508
1,0,0.16761151681447434
1,0,0.1769666561185216
1,0,0.17091612623813202
1,0,0.19398746700252556
1,0,0.14620530774563584
1,0,0.1278862584042371
1,0,0.12676969090201357
1,0,0.13446402364803425
1,0,0.1451249696896769
1,0,0.11919073716378843
1,0,0.143141123125163
1,0,0.14598805721223881
1,0,0.12904271487134583
1,0,0.1769731104993845
1,0,0.15909437381403863
1,0,0.1601405631251393
1,0,0.17901548316210986
1,0,0.14583466123682334
1,0,0.16197827545927163
1,0,0.18073969183383226
1,0,0.15081167878432114
1,0,0.20101912617098922
1,0,0.24008842917900772
1,0,0.19729802285632336
1,0,0.14192434634151738
1,0,0.13100810394040008
1,0,0.0947336672589823
1,0,0.12216010601611998
1,0,0.10840265270251487
1,0,0.19024093052437002
1,0,0.16786827501321755
1,0,0.1269235233390316
1,0,0.10711364836047702
1,0,0.1228815152422241
1,0,0.12568604842448397
1,0,0.14278103777409776
1,0,0.12447217605645236
1,0,0.1409237597575259
1,0,0.1581659042993322
1,0,0.1617445672956393
1,0,0.14052012725698515
1,0,0.14454785506507553
1,0,0.17952346682986722
1,0,0.17473957951894067
1,0,0.16187170002140852
1,0,0.15592969266560236
1,0,0.18038946821906812
1,0,0.18665972980556403
1,0,0.21157730155083523
1,0,0.19308786237793676
1,0,0.17456335300964038
0,0,0.1862128268913374
0,0,0.1599813523165902
0,0,0.14080758572188462
0,0,0.16469609823020076
0,0,0.1346484557545251
0,0,0.12309338097525188
0,0,0.20738306042521606
0,0,0.17079365809081526
0,0,0.14505548476650573
0,0,0.1720934015605771
0,0,0.16471218258828366
0,0,0.27460992467321715
0,0,0.19927820761961662
0,0,0.2343943864849431
0,0,0.2206677978339185
0,0,0.19873659905436067
0,0,0.21145548233164285
0,0,0.24098967569212648
0,0,0.21282500844767366
0,0,0.21514110049642898
0,0,0.1730112967654659
0,0,0.15201118463391178
0,0,0.1991367709983412
0,0,0.2280634685124647
0,0,0.26604793140391914
0,0,0.1955366688097636
0,0,0.176269687625087
0,0,0.19181018263598631
0,0,0.1773865380056525
0,0,0.2075869984251567
0,0,0.21695117022130223
0,0,0.18889151660889122
0,0,0.1836279305857018
0,0,0.16934398829423686
0,0,0.1885787007438119
0,0,0.20356168634980562
0,0,0.19261201100349556
0,0,0.206734426786287
0,0,0.17438116372893345
0,0,0.1625584001080653
0,0,0.1411707738418492
0,0,0.17224350599961227
0,0,0.16600459331735667
0,0,0.18169233098343668
0,0,0.17912789225501446
0,0,0.22173549573127446
1,1,0.6061141283726496
1,1,0.5561392405649846
1,1,0.5663231548679913
1,1,0.557197086090077
1,1,0.582122620386811
1,1,0.5915764841711412
1,1,0.5988733258784666
1,1,0.5666429439477593
1,1,0.5639369228891978
1,1,0.5519581729220033
1,1,0.5619925725882161
1,1,0.532209534422323
1,1,0.5348095617876671
1,1,0.5513478430173193
1,1,0.5537886854892059
1,1,0.5437713765907478
1,1,0.5747537932858507
1,1,0.5727569203505385
1,1,0.5155769573323283
1,1,0.5510979755898575
1,1,0.6095938156775332
1,1,0.5657406445193014
1,1,0.8573868270958387
1,1,0.8844525241889165
1,1,0.8847401643360324
1,1,0.8595946632923951
1,1,0.7026346884472054
1,1,0.7908434054936432
1,1,0.8659398859643076
1,1,0.8401985959297683
1,1,0.8763338477774716
1,1,0.7760195453549618
1,1,0.7045354367488137
1,1,0.7667130526886408
1,1,0.5817407747955265
1,1,0.6984337666887137
1,1,0.7712203462414001
1,1,0.7871627100212113
1,1,0.7155953929773464
1,1,0.6159888595073909
1,1,0.6427034159023819
1,1,0.6246396487745823
1,1,0.6729998181682082
1,1,0.7053280571305629
1,1,0.68761598631658
1,1,0.6838132950807134
1,1,0.761051731663223
1,1,0.7775377719039711
1,1,0.8108588203661915
1,1,0.7871994455679185
1,1,0.7999553404637733
1,1,0.8005725245599455
1,1,0.7613953905147866
1,1,0.7671479585635379
1,1,0.80564168475056
0,0,0.17692404063152015
0,0,0.14906957280455466
0,0,0.16907028814152664
0,0,0.19200842214608255
0,0,0.18900383944160967
0,0,0.21742928157766633
0,0,0.17550564714676364
0,0,0.19396062708662537
0,0,0.22319318057443993
0,0,0.2336738010091482
0,0,0.20435312439579312
0,0,0.21845389359198492
0,0,0.20261493621212176
0,0,0.20813753868084509
0,0,0.18476147133212567
0,0,0.2343973015577705
0,0,0.2168972459172274
0,0,0.2170744070616222
0,0,0.20369986933070666
0,0,0.20374965128746125
0,0,0.1986258255672247
0,0,0.13552490471670164
0,0,0.14081809312938906
0,0,0.13010900127289893
0,0,0.12054189684357136
0,0,0.15865646502691838
0,0,0.19875064319557262
0,0,0.21261393411354237
0,0,0.20963797122891437
1,1,0.8448361485926721
1,1,0.8876426081283236
1,1,0.7253911992249371
1,1,0.6841320491855529
1,1,0.7732625285042765
1,1,0.8479122177794584
1,1,0.8744277757020602
1,1,0.8715220246791531
1,1,0.8557414964996128
1,1,0.8480505503451148
1,1,0.8595416457101327
1,1,0.6085328526508854
1,1,0.5893751471920333
1,1,0.5607112060724998
1,1,0.5634259442657874
1,1,0.5398134425304344
1,0,0.4965895422233948
1,1,0.5298170483389241
1,1,0.5585441842539167
1,1,0.5224343388483146
1,1,0.5372488895243517
1,1,0.523508732047461
0,0,0.20893904194246296
0,0,0.14754868787234393
0,0,0.20531814454177053
0,0,0.18532597341593057
0,0,0.23012601243191477
0,0,0.20380766309458598
0,0,0.20968022920964835
0,0,0.2221598815258269
0,0,0.22062998979070966
0,0,0.2026944712284494
0,0,0.2210751493946547
0,0,0.18549344725396386
0,0,0.14870218511980368
0,0,0.18622421602129913
0,0,0.1780148076026185
0,0,0.18662290214539712
0,0,0.2128153778377059
0,0,0.1949074366837535
0,0,0.18308383418611304
0,0,0.18280454999406254
0,0,0.21875645135905228
0,0,0.20569363451443504
0,0,0.2049975330068306
0,0,0.2229602745658702
0,0,0.1820074980377045
0,0,0.15033621153029297
0,0,0.17370570744047167
0,0,0.18365449769078995
0,0,0.14878551148063934
0,0,0.2070637314456814
0,0,0.2593854192980498
0,0,0.21498169294643804
0,0,0.224010411594782
0,0,0.3359664968003417
0,0,0.26051530945995205
0,0,0.2621063549002177
0,0,0.21275174437419936
0,0,0.2019829769035333
0,0,0.19395597615962626
0,0,0.19179036684674827
0,0,0.17929154825100052
0,0,0.20623002583770084
0,0,0.24855791841055797
0,0,0.28745272868736366
0,0,0.2519801294435893
0,0,0.2827192335696486
0,0,0.2585196606282847
0,0,0.2452475338792316
0,0,0.2586862920275655
0,0,0.2733854617274407
0,0,0.2001277828230764
0,0,0.2036214299499935
0,0,0.13914904431302136
0,0,0.14735734906884373
0,0,0.1651505096302238
0,0,0.1408368468134116
0,0,0.1941815418129295
0,0,0.1885003891494939
0,0,0.17882062138456273
0,0,0.19710285242402847
0,0,0.16644539652662582
0,0,0.18765814497454691
0,0,0.1892973792812393
0,0,0.2195795236055961
0,0,0.18425790340155182
0,0,0.17218682652365416
0,0,0.25984110961441365
0,0,0.23745828840613922
0,0,0.179157809882636
0,0,0.16945427640238248
0,0,0.17512891304685715
0,0,0.1733577039028318
0,0,0.14734631393067685
0,0,0.12018404830668018
0,0,0.14307947494101161
0,0,0.14245301109561626
0,0,0.16450327302452805
0,0,0.17158595919911002
0,0,0.18037376716415257
0,0,0.17949652395290297
0,0,0.1787533657975816
0,0,0.17889382182100463
0,0,0.1663382668062168
0,0,0.2744263740422471
0,0,0.2345811031799508
0,0,0.20003920308587836
0,0,0.21434390308235035
0,0,0.2060177869653901
0,0,0.1692861646718724
0,0,0.20082486891966542
0,0,0.2098779663884268
0,0,0.18290916517581926
0,0,0.2140813201566675
0,0,0.26859398667464807
0,0,0.2260241719167842
0,0,0.2332244182734012
0,0,0.18199129405061718
0,0,0.24743519077349546
0,0,0.2212556565831948
0,0,0.1835988334762807
0,0,0.1576329842704408
1,1,0.5823785310711653
1,1,0.5705633355079861
1,1,0.5785527736353603
1,1,0.5542755403529395
1,1,0.5585970743852183
1,1,0.5653529948057272
1,1,0.5938651547926215
1,1,0.6208076814623197
1,1,0.582940281892071
1,1,0.5973429950932734
1,1,0.5804123551997868
1,0,0.38724679350623
1,1,0.5773801459488308
1,1,0.5698342673985166
1,1,0.5547671908409272
1,1,0.5428956394774082
1,1,0.5855901648278102
1,1,0.532443047223694
1,1,0.504562861301243
1,1,0.5022169283424933
1,1,0.521752971000686
1,1,0.5709451333413051
1,1,0.7476765622581193
1,1,0.8277765371128312
1,1,0.8120494079808673
1,1,0.7743142718453682
1,1,0.7827233366606774
1,1,0.7221498016719877
1,1,0.7840840703534586
1,1,0.7354754698523545
1,1,0.7078120659155661
1,1,0.7094220040226932
1,1,0.7357977394573858
1,1,0.529281440161486
1,1,0.5889652644823817
1,1,0.5836875223972343
1,1,0.5633370144046643
1,1,0.5572087361132164
1,1,0.5092365102892711
1,1,0.5401067948778109
1,1,0.5860572544798605
1,1,0.5791689031735914
1,1,0.5516595827879903
1,1,0.5209513827636436
1,1,0.5171579925474054
1,1,0.6507139242831599
1,1,0.6232623611150514
1,0,0.4879633544988643
1,1,0.5265323249815447
1,1,0.6595379031225215
1,1,0.808551076206999
1,1,0.7984808599033315
1,1,0.7620930580640247
1,1,0.7247836620904003
1,1,0.7437511774542096
0,0,0.1765052861966191
0,0,0.1600887411699091
0,0,0.20725487835289566
0,0,0.21819667355483297
0,0,0.19295923774016077
0,0,0.1725629464909638
0,0,0.1869316560119983
0,0,0.17663179165610207
0,0,0.22837850505193877
0,0,0.21711869476448098
0,0,0.19948761669220627
0,0,0.19539227319944832
0,0,0.17806315427727412
0,0,0.18196701297843884
0,0,0.1655753454913617
0,0,0.16079254828932313
0,0,0.1640228762903788
0,0,0.19766130544977958
0,0,0.17965203247355446
0,0,0.14897709292319955
0,0,0.16232437500460242
0,0,0.151604349536089
0,0,0.1516855988997464
0,0,0.1399892045435537
0,0,0.15306566818173858
0,0,0.1609695915802789
0,0,0.1641485608842397
0,0,0.14162062203667125
0,0,0.14600354782973363
1,1,0.6236963505353764
1,1,0.6879266531252161
1,1,0.6600343469701937
1,1,0.6375374855078502
1,1,0.5980679357781804
1,1,0.5512672933179439
1,1,0.500660472610868
1,0,0.4697097403383046
1,0,0.4786603603811932
1,0,0.47833436864970397
1,1,0.5301881844827275
1,1,0.5237523655314074
1,1,0.5799038314249141
1,1,0.6119953725005296
1,1,0.6319497553550205
1,1,0.66005830200757
1,1,0.6093277038388072
1,1,0.6205305293711276
1,1,0.639219855210496
1,1,0.6258642083686398
1,1,0.6437747156570218
1,1,0.6216035411180445
1,0,0.17514701631543098
1,0,0.1990543475088157
1,0,0.22592496205279333
1,0,0.21574715830716382
1,0,0.22388548718658263
1,0,0.2636328457254131
1,0,0.24739975838723324
1,0,0.17334206343181474
1,0,0.1409139349352901
1,0,0.17743779572278873
1,0,0.1729435450022666
1,0,0.15742810946374847
1,0,0.1726368460685187
1,0,0.20262979253454172
1,0,0.2339528071357374
1,0,0.17218871942064226
1,0,0.2291002570628162
1,0,0.18921010915823624
1,0,0.11854171320818178
1,0,0.14356211760868587
1,0,0.16696119356789796
1,0,0.19663584214592356
1,0,0.230529204656131
1,0,0.17859637847134432
1,0,0.18504794829732685
1,0,0.12806694498469276
1,0,0.122407003221184
1,0,0.13001281886548116
1,0,0.16835481350411016
1,0,0.16834105189589288
1,0,0.2542817217406961
1,0,0.22805481423140084
1,0,0.21052658259455628
1,0,0.135508245573719
1,0,0.16425509558104207
1,0,0.18763892339274965
1,0,0.2060607431421688
1,0,0.23655198199447178
1,0,0.222367712076346
1,0,0.2607986453609785
1,0,0.23130210371286977
1,0,0.2340506068403099
1,0,0.1892633708065644
1,0,0.18040229410303688
1,0,0.17082231444379223
1,0,0.19591616537352985
1,0,0.16882960512087714
1,0,0.18632452989922352
1,0,0.1899270473783731
1,0,0.25861466279883544
1,0,0.1967311886002878
1,0,0.16626804199693582
1,0,0.15314425135404514
1,0,0.18251918856518035
1,0,0.21334312391116458
0,0,0.1933089781652491
0,0,0.19406139762982064
0,0,0.28227045132701917
0,0,0.261955747955827
0,0,0.27880739114924785
0,0,0.22924589348691118
0,0,0.22646036443656808
0,0,0.24852550524991743
0,0,0.29926334087777795
0,0,0.2918736958154238
0,0,0.22696931319236732
0,0,0.12984108030063873
0,0,0.13661532139009103
0,0,0.14275779084932705
0,0,0.16924237465149378
0,0,0.14703889495180353
0,0,0.15649409499930778
0,0,0.15117306613362877
0,0,0.13207321932151306
0,0,0.11228804161385289
0,0,0.11814934427053
0,0,0.12503448948035087
0,0,0.13382468742784315
0,0,0.12707072458686308
0,0,0.1280038237989387
0,0,0.10995700578203835
0,0,0.16364136110902203
0,0,0.16262448640338298
0,0,0.16721210772554582
0,0,0.18215039810773945
0,0,0.1292030542474858
0,0,0.11850099227438755
0,0,0.1329697137734299
0,0,0.1540610945700192
0,0,0.16503107432072586
0,0,0.1499541576511454
0,0,0.16347435641150568
0,0,0.13468846435002477
0,0,0.13001858757685805
0,0,0.13136821776406166
0,0,0.17122668820829748
0,0,0.1314408032894547
0,0,0.17953405092759364
0,0,0.22272630236981694
0,0,0.2150822377425109
0,0,0.19646792886472764
0,1,0.5993135149231589
0,1,0.5919151675907992
0,1,0.6323653692117511
0,1,0.6237116036797199
0,1,0.5952085168864487
0,1,0.6550375330690396
0,1,0.6513044406836002
0,1,0.7098648732201218
0,1,0.7206543294349207
0,1,0.635522539748982
0,1,0.6254927711982033
0,1,0.8071105283759294
0,1,0.7757935734688601
0,1,0.8225691318148214
0,1,0.8089409406219745
0,1,0.8379892797735813
0,1,0.8091087975771779
0,1,0.7810253834333731
0,1,0.8196565403537375
0,1,0.810505944288851
0,1,0.7911688626635359
0,1,0.8159034376899864
1,1,0.7991656371536796
1,1,0.7761774840688831
1,1,0.7721587493754466
1,1,0.7710868081833909
1,1,0.7081618704794623
1,1,0.7655216672463178
1,1,0.7929751097126467
1,1,0.795108970003174
1,1,0.7556406160191019
1,1,0.7552512850574434
1,1,0.757820563509174
0,1,0.8033953625501296
0,1,0.7913166296421484
0,1,0.8463523544828634
0,1,0.8527306385982683
0,1,0.887374593616983
0,1,0.8808981625372313
0,1,0.8263609806443593
0,1,0.7951785195964222
0,1,0.8506351921622266
0,1,0.8338020968159338
0,1,0.8033626629696292
1,1,0.8297674733319116
1,1,0.8300264148648573
1,1,0.8149392621634961
1,1,0.8086956518360263
1,1,0.8066381612887866
1,1,0.8123550131288744
1,1,0.7748247321075165
1,1,0.8544988734607779
1,1,0.873883095022571
1,1,0.8420382236237864
1,1,0.7954413092985232
0,0,0.16172541581073335
0,0,0.1830934977236218
0,0,0.17341350207827003
0,0,0.20429960486332077
0,0,0.21546661853946594
0,0,0.22722440847603054
0,0,0.23148523230479065
0,0,0.21343168427748793
0,0,0.1879989403206
0,0,0.17968431054401957
0,0,0.14876021751424073
0,0,0.1338157962987178
0,0,0.1692552779676127
0,0,0.17331079169039365
0,0,0.19783801493860625
0,0,0.17947418543862972
0,0,0.19880894578979993
0,0,0.2024152360451373
0,0,0.1641256600922027
0,0,0.1812840230148856
0,0,0.14436372999922825
0,0,0.14118975937263228
0,0,0.15769976824370294
0,0,0.13411660118684934
0,0,0.14414600825683674
0,0,0.11530113825632508
0,0,0.15353228363019178
0,0,0.1605265929051573
0,0,0.17086749135773652
0,1,0.8528314784963302
0,1,0.8748437873656735
0,1,0.8660535260548098
0,1,0.8838138012794565
0,1,0.8688152037874289
0,1,0.8692477713011817
0,1,0.8836470037502473
0,1,0.8930072192774332
0,1,0.8792623970391183
0,1,0.8371986510646114
0,1,0.777378807510898
1,1,0.8203130870894203
1,1,0.7940738409188124
1,1,0.8177021902338538
1,1,0.837216374853374
1,1,0.8506210814751666
1,1,0.8357992992768808
1,1,0.8456860594865147
1,1,0.8409090728528169
1,1,0.8259522280922214
1,1,0.8064498082494309
1,1,0.7819545474624416
0,0,0.2325431403010645
0,0,0.20923704507692828
0,0,0.22820208899628572
0,0,0.22698388001239522
0,0,0.23449935419937998
0,0,0.21064450837811866
0,0,0.22456671710604006
0,0,0.15823805165119423
0,0,0.20495006632337776
0,0,0.2026956599203114
0,0,0.22209036477412492
0,0,0.2206050513928038
0,0,0.27594585274952815
0,0,0.2806175357544954
0,0,0.2423023116687474
0,0,0.2211406910507909
0,0,0.2298362161496095
0,0,0.23061444969464542
0,0,0.22329176410765517
0,0,0.26917134218165
0,0,0.28954956055026115
0,0,0.2575585470654401
0,0,0.24757340616888865
0,0,0.2607614883726099
0,0,0.23501439368641663
0,0,0.20025477003634418
0,0,0.18348930279532066
0,0,0.184641284574239
0,0,0.18669348444117873
0,0,0.2224881397023426
0,0,0.22115496807431576
0,0,0.21919348949967932
0,0,0.21129833382554392
0,0,0.18610463930075022
0,0,0.2056172759846839
0,0,0.23447719175876303
0,0,0.21275308680208416
0,0,0.21919629608312047
0,0,0.24679069386364
0,0,0.1758794918550458
0,0,0.18876681319706998
0,0,0.17996704906670477
0,0,0.20127367413510275
0,0,0.19726617933483645
0,0,0.2310068398275734
0,0,0.2189033923376483
0,0,0.21226113858997164
0,0,0.21243934125194613
0,0,0.23001885167559466
0,0,0.19784774973772523
0,0,0.23148232092555182
0,0,0.17867091194761758
0,0,0.1733126870477022
0,0,0.17036375511279073
0,0,0.14349337166371753
0,0,0.25403153602690437
0,0,0.2666269982545108
0,0,0.25399472302300125
0,0,0.23524057701418294
0,0,0.25118424836611697
0,0,0.2772183115948001
0,0,0.33720456298329915
0,0,0.30067854422705337
0,0,0.24772161330236703
0,0,0.23014619397676572
0,0,0.24020930705881788
0,0,0.1858906865022944
0,0,0.2258471870632105
0,0,0.15076972906383915
0,0,0.14927880033911603
0,0,0.1391949534587367
0,0,0.16343267385489868
0,0,0.18245035194490325
0,0,0.13260750778301467
0,0,0.12011724456142739
0,0,0.0891365368460874
0,0,0.09243386079918116
0,0,0.0867403308712461
0,0,0.12326543798045328
0,0,0.13061115520577388
0,0,0.21376715054236345
0,0,0.279776050598651
0,0,0.26355589235490845
0,0,0.1348435264113717
0,0,0.11941884058292067
0,0,0.20943903545214418
0,0,0.18016362563728447
0,0,0.18922918522316617
0,0,0.1897491891661119
0,0,0.248109270438791
0,0,0.3089351255709046
0,0,0.3120451035398348
0,0,0.3123679346082479
0,0,0.3149917600486818
0,0,0.28299418346996247
0,0,0.2649735954459171
0,0,0.25818671371393814
0,0,0.21319464560706258
0,0,0.18019767329837152
0,0,0.21905358151702725
0,0,0.24505854132037402
1,1,0.8388372468315208
1,1,0.8847829111477006
1,1,0.8602789254476159
1,1,0.811610626932846
1,1,0.8308604503562899
1,1,0.8426627471994204
1,1,0.8173006852427679
1,1,0.8211031880336586
1,1,0.8595436916433152
1,1,0.8347230750577004
1,1,0.820726002940682
1,1,0.8784154770933855
1,1,0.8926389220549098
1,1,0.9028848491924151
1,1,0.8921933743693714
1,1,0.8743164859748888
1,1,0.8259275732024639
1,1,0.8338634036798773
1,1,0.8216126207100438
1,1,0.8039093820793737
1,1,0.793741084052197
1,1,0.8436128888532757
1,1,0.8379732345594115
1,1,0.8403732663776857
1,1,0.8360105686295027
1,1,0.8505449355459085
1,1,0.8648427064539347
1,1,0.8590751945601002
1,1,0.8852006638740814
1,1,0.9074063863457489
1,1,0.8606138893614836
1,1,0.8862882031194702
1,1,0.8618723959942065
1,1,0.825726025838648
1,1,0.8588117558870758
1,1,0.8543128651055535
1,1,0.8162712121977956
1,1,0.7457265635930784
1,1,0.8163514861062589
1,1,0.8202381899169155
1,1,0.8132737530248727
1,1,0.8601209591108022
1,1,0.8302958645440203
1,1,0.8283924719129613
1,1,0.8123607846303394
1,1,0.8054597917851489
1,1,0.7945822143336712
1,1,0.7769375447528316
1,1,0.7969553391269578
1,1,0.7968307865860151
1,1,0.802254171182782
1,1,0.8201744478849711
1,1,0.8181584952623727
1,1,0.7981708949114327
1,1,0.8080045369755595
0,0,0.2623180521836463
0,0,0.3020712910255776
0,0,0.30289529671173576
0,0,0.31646936846848783
0,0,0.32872910203359934
0,0,0.328401425869321
0,0,0.2945879656451208
0,0,0.3464870835346857
0,0,0.3127339663600015
0,0,0.29694108938729014
0,0,0.3043086929573222
0,0,0.3227451502468955
0,0,0.2831865117153013
0,0,0.31041411797658097
0,0,0.3155497964497329
0,0,0.336146206144733
0,0,0.31633181025430596
0,0,0.31704300926249623
0,0,0.2636487056252037
0,0,0.2448565962015904
0,0,0.2752993616152617
0,0,0.30908973095387604
0,0,0.299085012885587
0,0,0.29238079785025983
0,0,0.3169336968944222
0,0,0.342671828559318
0,0,0.32386772455766805
0,0,0.31737895941898214
0,0,0.3470364207134843
1,1,0.8129094826927603
1,1,0.8280354929506754
1,1,0.7955505511281075
1,1,0.8228446358656254
1,1,0.8985397031311159
1,1,0.8830894326915998
1,1,0.8517164282414388
1,1,0.8709778013256126
1,1,0.8580044177565873
1,1,0.8565018954452391
1,1,0.8437481368196985
1,1,0.8439665166648821
1,1,0.8082947184319274
1,1,0.8340951811235755
1,1,0.8013318016352087
1,1,0.7931839346527245
1,1,0.7939328353456987
1,1,0.7945886044989119
1,1,0.8031908143812678
1,1,0.8144640560378328
1,1,0.7889714189850495
1,1,0.7774877728948484
0,0,0.22611668982061045
0,0,0.21176972729634103
0,0,0.20816892605371706
0,0,0.24438154647684862
0,0,0.19246391191039108
0,0,0.21084058014751508
0,0,0.24533976977757085
0,0,0.2604512440134183
0,0,0.2258934996131623
0,0,0.21680131980052286
0,0,0.19752610933965062
0,0,0.17508458060093113
0,0,0.19586277260937293
0,0,0.23360857080140157
0,0,0.2592197244807864
0,0,0.23751879063301432
0,0,0.24989736624665324
0,0,0.2528889835187511
0,0,0.25025674631369765
0,0,0.27098146615651025
0,0,0.289707115522748
0,0,0.2624512217591732
0,0,0.23585223207891992
0,0,0.2274418492767335
0,0,0.20902337855627134
0,0,0.2588926064518564
0,0,0.2548139078761831
0,0,0.22773799785448012
0,0,0.23365978143650756
0,0,0.24682366106895207
0,0,0.23200271185221644
0,0,0.22911442540158108
0,0,0.2170921473674346
1,0,0.21747331523992994
1,0,0.22109596954010868
1,0,0.23376241089496155
1,0,0.22067208359541496
1,0,0.23596300345609872
1,0,0.24188164206815993
1,0,0.2832369139391869
1,0,0.2591800295199064
1,0,0.26765715761371517
1,0,0.27029508397507623
1,0,0.3053461191792178
1,0,0.24984495248207594
1,0,0.26957221033630996
1,0,0.2505107673019118
1,0,0.27929101581897725
1,0,0.29727300857814315
1,0,0.3093913494320762
1,0,0.2942009223435937
1,0,0.28605158662289865
1,0,0.28652177035413146
1,0,0.3006359193992701
1,0,0.309634197585719
0,0,0.2100434307121205
0,0,0.2053394223512079
0,0,0.22317476401087458
0,0,0.23972531610075756
0,0,0.1952335515760641
0,0,0.1753998171513299
0,0,0.18972798110038258
0,0,0.2211557315533144
0,0,0.22403454132804781
0,0,0.23860859405924503
0,0,0.19310257802011152
0,0,0.22781176786458932
0,0,0.21136433708719557
0,0,0.21612753460125936
0,0,0.23591524610777043
0,0,0.22788624340314706
0,0,0.22129770743963173
0,0,0.20251494336737655
0,0,0.23631449814347744
0,0,0.22108130791495167
0,0,0.21523009741175034
0,0,0.2036300978787653
0,0,0.23224641678550373
0,0,0.29383357494391915
0,0,0.2550040139142911
0,0,0.25076553481641206
0,0,0.27938700246614967
0,0,0.25766174809602466
0,0,0.23091057569275175
0,0,0.20497382194733882
0,0,0.17391244322728627
0,0,0.16983599317273146
0,0,0.16125496834922043
0,0,0.16733853245620697
0,0,0.18619016750884446
0,0,0.16761234121612273
0,0,0.1847550757663565
0,0,0.15077573013995768
0,0,0.16104149702410653
0,0,0.208458626326086
0,0,0.18188193130524077
0,0,0.18783046656343846
0,0,0.15511135378791352
0,0,0.1594897732645092
0,0,0.1910109473260527
0,0,0.179582836519369
1,1,0.6109474128053012
1,1,0.6152203166968974
1,1,0.6263285645225641
1,1,0.6684590542201451
1,1,0.5564540626341439
1,1,0.5969971120556855
1,1,0.5994052603078718
1,1,0.513371827573996
1,1,0.5449775164277091
1,1,0.556990655279442
1,1,0.5666102817308364
1,1,0.8142562459212929
1,1,0.8223062798440496
1,1,0.6965074664901268
1,1,0.7945071021425807
1,1,0.792306438484399
1,1,0.7107494264701844
1,1,0.7763002602339338
1,1,0.7988501122016465
1,1,0.7376971473037428
1,1,0.7527166987341003
1,1,0.7567412338495548
1,1,0.8102129527956922
1,1,0.8121602286613451
1,1,0.8155392962772265
1,1,0.855096331297272
1,1,0.7969974405754118
1,1,0.8296178731031596
1,1,0.8163479458764976
1,1,0.8057586820344929
1,1,0.8253673373371112
1,1,0.7932965230560929
1,1,0.6755732111832344
1,1,0.7238757222869073
1,1,0.7702633020391088
1,1,0.7800980927195498
1,1,0.69940674361291
1,1,0.5991391212786453
1,1,0.6183757304920854
1,1,0.6704526375241794
1,1,0.6967113756634822
1,1,0.7831307813355946
1,1,0.7935966106332047
1,1,0.6510867574665606
1,1,0.7706173091111449
1,1,0.7986184872570107
1,1,0.800347217430432
1,1,0.7952826480387448
1,1,0.7897587777859733
1,1,0.8239035744334783
1,1,0.7914169748101585
1,1,0.7587132392508856
1,1,0.6855178711857421
1,1,0.7488510303363278
1,1,0.7241680278551373
0,0,0.2085044346342701
0,0,0.22234516738785662
0,0,0.21310295676283605
0,0,0.16279493837166437
0,0,0.16425386867966366
0,0,0.15424281295018383
0,0,0.15055562110991155
0,0,0.13011794877642538
0,0,0.13321675814678902
0,0,0.18476819051628077
0,0,0.16266793176847774
0,0,0.14348902209026784
0,0,0.14128962266753295
0,0,0.1243306011819847
0,0,0.09218046159506812
0,0,0.0846583990271437
0,0,0.10654282083738355
0,0,0.11460202069287688
0,0,0.11792418236226157
0,0,0.1338843271557708
0,0,0.14361481415032962
0,0,0.15054248615793941
0,0,0.15379217894638494
0,0,0.12794763934627637
0,0,0.1267838992557678
0,0,0.11392815394097448
0,0,0.10401673725399013
0,0,0.09479929111855306
0,0,0.1303580061961028
1,1,0.7048691761342476
1,1,0.7789058965515491
1,1,0.8430564357918945
1,1,0.8316992502288898
1,1,0.7506606472075287
1,1,0.759426997378876
1,1,0.7664563301571842
1,1,0.7504698902795767
1,1,0.7750109187013738
1,1,0.7701104352612625
1,1,0.7564278338169289
1,1,0.7001813877829437
1,1,0.701494227025079
1,1,0.6487981198038151
1,1,0.7202108909894546
1,1,0.7107484934277702
1,1,0.6598562047003166
1,1,0.6835411676851831
1,1,0.7137904588229266
1,1,0.7278447882582093
1,1,0.7174156739093398
1,1,0.7321042374447438
0,0,0.20412474729325056
0,0,0.21390239796565322
0,0,0.2588325474605133
0,0,0.30716982887624605
0,0,0.2298056462482594
0,0,0.23449633478734633
0,0,0.31037045608045766
0,0,0.2639571555995218
0,0,0.304510349052752
0,0,0.30329158052774696
0,0,0.2798471779490761
0,0,0.22745892377901378
0,0,0.2160825969818875
0,0,0.16798594392815056
0,0,0.17117738477797623
0,0,0.1462123995325996
0,0,0.28080252256041827
0,0,0.22398549264133105
0,0,0.19673280678884936
0,0,0.24915002199179453
0,0,0.23397477795912774
0,0,0.21328902873860248
0,0,0.2500768024680037
0,0,0.18240284517624564
0,0,0.14214736495151445
0,0,0.20136529371429884
0,0,0.2121104809220786
0,0,0.1971760506198195
0,0,0.16897308547136183
0,0,0.18299273254204224
0,0,0.18292058935247155
0,0,0.19802193540786114
0,0,0.19559787675989856
0,0,0.21338674265988736
0,0,0.21542509761296136
0,0,0.24052066151694362
0,0,0.2626190593385381
0,0,0.2122624194999191
0,0,0.2489202003767626
0,0,0.19711430150926035
0,0,0.28286236997292713
0,0,0.24102273587921666
0,0,0.25282653364540925
0,0,0.2519592013801051
0,0,0.24740430795383245
0,0,0.27092955915539657
0,0,0.2385154706382168
0,0,0.2555567591506993
0,0,0.269826270342685
0,0,0.2958498182892416
0,0,0.30174870504515466
0,0,0.30141406800320636
0,0,0.28462219395577704
0,0,0.32716302343582926
0,0,0.30838352288526477
0,0,0.4152807261762759
0,0,0.41131635671164196
0,0,0.41124283945406676
0,0,0.4083381500198807
0,0,0.4052094084540169
0,0,0.4071180910601019
0,0,0.4052094084540169
0,0,0.4022312017622557
0,0,0.42429236386808705
0,0,0.414221046145828
0,0,0.4063721722813295
0,0,0.42162771618160194
0,0,0.4311842321535964
0,0,0.42356993501746776
0,0,0.42364345227504296
0,0,0.42654814170922895
0,0,0.4083381500198807
0,0,0.4022312017622557
0,0,0.4171894087823609
0,0,0.417536504017418
0,0,0.42364345227504296
0,0,0.4184094677421398
0,0,0.41230251948451474
0,0,0.41230251948451474
0,0,0.41575942649804587
0,0,0.4206652455832818
0,0,0.41455829732565674
0,0,0.4022312017622557
0,0,0.4022312017622557
0,0,0.40568810877578676
0,0,0.4206652455832818
0,0,0.4206652455832818
0,0,0.42412215259681296
0,0,0.42131415717632575
0,0,0.4152807261762759
0,0,0.4152807261762759
0,0,0.42364345227504296
0,0,0.42364345227504296
0,0,0.41230251948451474
0,0,0.4152807261762759
0,0,0.4152807261762759
0,0,0.41230251948451474
0,0,0.41230251948451474
0,0,0.41230251948451474
0,0,0.41230251948451474
0,0,0.4152807261762759
0,0,0.414221046145828
0,0,0.4052094084540169
0,0,0.4052094084540169
0,0,0.4052094084540169
0,0,0.4052094084540169
0,0,0.4063721722813295
0,0,0.4022312017622557
0,0,0.4083381500198807
0,0,0.4083381500198807
0,0,0.414221046145828
0,0,0.421197226274977
0,0,0.4052094084540169
0,0,0.4093503789730907
0,0,0.4052094084540169
0,0,0.4052094084540169
0,0,0.4052094084540169
0,0,0.4052094084540169
0,0,0.4052094084540169
0,0,0.4052094084540169
0,0,0.4052094084540169
0,0,0.4052094084540169
0,0,0.421387674433901
0,0,0.41131635671164196
0,0,0.43030608730988334
0,0,0.42364345227504296
0,0,0.46715488808439803
0,0,0.4255458774818595
0,0,0.4152807261762759
0,0,0.421387674433901
0,0,0.4171894087823609
0,0,0.4152807261762759
0,0,0.4052094084540169
0,0,0.42429236386808705
0,0,0.4052094084540169
0,0,0.4052094084540169
0,0,0.46005193299867203
0,0,0.464250198650212
0,0,0.4052094084540169
0,0,0.4093503789730907
0,0,0.4052094084540169
0,0,0.4083381500198807
0,0,0.41124283945406676
0,0,0.41124283945406676
0,0,0.4093503789730907
0,0,0.42429236386808705
0,0,0.42131415717632575
0,0,0.4184094677421398
0,0,0.41334835241047846
0,0,0.4041398843683407
0,0,0.4022312017622557
0,0,0.4093503789730907
0,0,0.4052094084540169
0,0,0.4052094084540169
0,0,0.41131635671164196
0,0,0.4052094084540169
0,0,0.4312577494111716
0,0,0.42364345227504296
0,0,0.4152807261762759
0,0,0.4142112020905997
0,0,0.4022312017622557
0,0,0.4041398843683407
0,0,0.4052094084540169
0,0,0.4093503789730907
0,0,0.4121855885831659
0,0,0.4152807261762759
0,0,0.4194389292242344
0,0,0.4494959757239373
0,0,0.42429236386808705
0,0,0.41131635671164196
0,0,0.41131635671164196
0,0,0.41644349000358843
0,0,0.4152807261762759
0,0,0.4194216966953497
0,0,0.421387674433901
0,0,0.4743215163724709
0,0,0.4723555386339197
0,0,0.4152807261762759
0,0,0.46821456811484596
0,0,0.46821456811484596
0,0,0.4052094084540169
0,0,0.4052094084540169
0,0,0.4052094084540169
0,0,0.4052094084540169
0,0,0.4581432503925869
0,0,0.4152807261762759
0,0,0.4052094084540169
0,0,0.4393850584143336
0,0,0.4393850584143336
0,0,0.4152807261762759
0,0,0.41230251948451474
0,0,0.4152807261762759
0,0,0.42429236386808705
0,0,0.464250198650212
0,0,0.421387674433901
0,0,0.42429236386808705
0,0,0.41131635671164196
0,0,0.417536504017418
0,0,0.42364345227504296
0,0,0.414221046145828
0,0,0.414221046145828
0,0,0.46821456811484596
0,0,0.464250198650212
0,0,0.4730319416147198
0,0,0.46228422091166066
0,0,0.4052094084540169
0,0,0.42429236386808705
0,0,0.4052094084540169
0,0,0.4093503789730907
0,0,0.414221046145828
0,0,0.41131635671164196
0,0,0.4052094084540169
0,0,0.421387674433901
0,0,0.42429236386808705
0,0,0.4581432503925869
0,0,0.4052094084540169
0,0,0.4052094084540169
0,0,0.4052094084540169
0,0,0.4581432503925869
0,0,0.4581432503925869
0,0,0.4052094084540169
0,0,0.4052094084540169
0,0,0.4052094084540169
0,0,0.418747639454312
0,0,0.4052094084540169
0,0,0.4052094084540169
0,0,0.464250198650212
0,0,0.464250198650212
0,0,0.46005193299867203
0,0,0.354148316257342
0,0,0.32923750922189354
0,0,0.3026742534015076
0,0,0.2967944824370773
0,0,0.29890614389990394
0,0,0.22882811817396834
0,0,0.22683749308007542
0,0,0.20992597832979543
0,0,0.19912884328915975
0,0,0.24390018964864826
0,0,0.2687407413284182
1,0,0.1599814475535556
1,0,0.2216487297046815
1,0,0.14289105736964647
1,0,0.17537876754933454
1,0,0.15131923015137294
1,0,0.17262070530921092
1,0,0.1859340556245045
1,0,0.2047703103100796
1,0,0.22479341928561933
1,0,0.23455497197836966
1,0,0.19465256009650403
1,0,0.2667741906464419
1,0,0.23805625428862962
1,0,0.18871957180029583
1,0,0.17327538781185914
1,0,0.1896844495471101
1,0,0.17225938602038052
1,0,0.18561287279103966
1,0,0.2102714686788339
1,0,0.224965888626237
1,0,0.22045622571980972
1,0,0.2114586157371808
1,0,0.23211291058527692
1,0,0.1666037151973453
1,0,0.2053028760153548
1,0,0.16505032993942353
1,0,0.19687471294016912
1,0,0.22847472221438733
1,0,0.21441122577041902
1,0,0.21913360651119673
1,0,0.20735360794587734
1,0,0.21382112983694632
1,0,0.1826606593282772
1,0,0.1700042794764545
1,0,0.21584740076796746
1,1,0.725679622560183
1,1,0.7432762323440317
1,1,0.663352812143968
1,1,0.5447858545240303
1,0,0.4836579304642552
1,1,0.6149476627843654
1,1,0.590405628642838
1,1,0.5641269434864032
1,0,0.4798441643900959
1,1,0.5546980725029179
1,1,0.6723373656271187
1,1,0.6686424517885158
1,1,0.6181216913602365
1,1,0.6544768583452948
1,1,0.5553775633199552
1,1,0.5123355888680425
1,0,0.4706126938046646
1,0,0.48024587489286785
1,0,0.48988187307523035
1,1,0.5046938390246911
1,1,0.5359101608169968
1,1,0.7295241574291544
1,1,0.7184011351319397
1,1,0.6998862062151691
1,1,0.6054351605251189
1,1,0.6231429130592122
1,1,0.609990739063113
1,1,0.6569580897059403
1,1,0.6583229993323316
1,1,0.6394536364014748
1,1,0.7282674185455698
1,1,0.7036668880161508
1,1,0.6428070229739891
1,1,0.5007999692410351
1,1,0.557376180422837
1,1,0.5995497002627125
1,1,0.5533790817619493
1,1,0.5793402668031825
1,1,0.606620793124688
1,1,0.6476417409913858
1,1,0.5548931308583499
1,1,0.558411323513057
1,1,0.5800055216157464
1,1,0.534716709055891
1,1,0.6895399979541669
1,1,0.5561230600858295
1,1,0.5385241841073856
1,1,0.5491637170803058
1,1,0.6047166653393803
1,1,0.6548490926709537
1,1,0.5770992024567209
1,1,0.6157073651246426
1,1,0.5498841574791792
1,1,0.5590010277270637
1,1,0.5530999540578042
0,0,0.25364194758769587
0,0,0.2968327033420759
0,0,0.24245581556921855
0,0,0.2590402217042633
0,0,0.2825537523458518
0,0,0.3190534336670974
0,0,0.31460454969784235
0,0,0.3385809136747935
0,0,0.23289330589181442
0,0,0.17650550794607128
0,0,0.16997135935957977
0,0,0.2242759817529412
0,0,0.21395579564335873
0,0,0.1827236466611762
0,0,0.18826451424530627
0,0,0.23484501196616125
0,0,0.19965024143541762
0,0,0.2098820041884567
0,0,0.17527803671352063
0,0,0.1410584467427894
0,0,0.1551419290550219
0,0,0.22502392956849204
0,0,0.197355758071749
0,0,0.21504048224197558
0,0,0.2729018004724437
0,0,0.2480298435772757
0,0,0.2277628788421953
0,0,0.20921195972357595
0,0,0.16300642715504268
1,1,0.7373056914275123
1,1,0.6801923791443975
1,1,0.6509870271547501
1,1,0.7014350729003337
1,1,0.6730739821286111
1,1,0.7140672971944657
1,1,0.7165582701854971
1,1,0.6460042787864877
1,1,0.6654715785085127
1,1,0.5613314020637837
1,1,0.5733058622758037
1,1,0.6262140200118256
1,0,0.4913875293061523
1,1,0.5306897457192281
1,1,0.5871895839071781
1,1,0.6940442104864154
1,1,0.648143569397796
1,1,0.6400931829416934
1,1,0.614483104869386
1,1,0.5774352153764704
1,1,0.6818850577413262
1,1,0.6621448322954457
0,0,0.34174149652954866
0,0,0.35823729257044784
0,0,0.2507026627208997
0,0,0.2134104044582297
0,0,0.24455090763305173
0,0,0.2632087243233251
0,0,0.2229588303660745
0,0,0.1809990526023621
0,0,0.25871157989150634
0,0,0.25028519600110033
0,0,0.27387635039658287
0,0,0.22509534021672642
0,0,0.21449612691972553
0,0,0.24474516360555865
0,0,0.24652039525988795
0,0,0.23284450231619766
0,0,0.30094891721081374
0,0,0.2725694993377001
0,0,0.27327918595504846
0,0,0.26605125028008575
0,0,0.2840692717267511
0,0,0.2464769781200493
0,0,0.2572706250198225
0,0,0.2924279762448757
0,0,0.2982017441698141
0,0,0.2533368408947207
0,0,0.23917924733858237
0,0,0.25678089903283624
0,0,0.25093716925586335
0,0,0.23846699310698807
0,0,0.25818274600150265
0,0,0.29174361669747734
0,0,0.23757345898469864
1,0,0.2905220604410424
1,0,0.3159243364397726
1,0,0.3134013187172016
1,0,0.2238579563564231
1,0,0.2239549879834233
1,0,0.2300037378199454
1,0,0.23115123839885268
1,0,0.20259610358304705
1,0,0.2834584433839507
1,0,0.29384538950416017
1,0,0.22474194487402133
1,0,0.23615544469456903
1,0,0.2753137675706855
1,0,0.27909193342384303
1,0,0.2803572197558067
1,0,0.26046305609285525
1,0,0.27059484517626475
1,0,0.2882016404345828
1,0,0.30130346567641836
1,0,0.26131217876591767
1,0,0.25047561282917963
1,0,0.22641475676697095
0,0,0.27225773630945094
0,0,0.24928834144865802
0,0,0.22883511199789794
0,0,0.2297402756198188
0,0,0.27052184126056233
0,0,0.26568770019176535
0,0,0.24509414891740303
0,0,0.2988389664254248
0,0,0.2979044722615735
0,0,0.2737851728598725
0,0,0.16580658206356333
0,0,0.12605049040165017
0,0,0.1732009416606907
0,0,0.17866112393072747
0,0,0.15385984203225248
0,0,0.12267752622094377
0,0,0.12661312521713988
0,0,0.14239698094513098
0,0,0.125576922712499
0,0,0.15672172150226407
0,0,0.17329288779054525
0,0,0.13178781013153695
0,0,0.14528589712179396
0,0,0.14948809499749105
0,0,0.1514106258567565
0,0,0.19485231633585287
0,0,0.1865140883385914
0,0,0.1940214245979719
0,0,0.21758128051034603
0,0,0.19429361234845255
0,0,0.18260462701707045
0,0,0.198438022777162
0,0,0.2062220536692984
0,0,0.21061017307679536
0,0,0.1651094757319213
0,0,0.1896986234189018
0,0,0.23056190505088744
0,0,0.20405204632100615
0,0,0.20257355772989308
0,0,0.22531216636239745
0,0,0.18252271056024064
0,0,0.19099029583104446
0,0,0.20606561925562406
0,0,0.17947630086222519
0,0,0.20927438133392762
0,0,0.18541874520681148
1,1,0.7704520227157439
1,1,0.7854231365102723
1,1,0.7970770143310087
1,1,0.7776277327877631
1,1,0.7872572967072119
1,1,0.7880569682766305
1,1,0.7522777828174132
1,1,0.7838268494246584
1,1,0.759713982894971
1,1,0.76159160738048
1,1,0.7912630248185691
0,1,0.7578984791321544
0,1,0.8085546728778441
0,1,0.7854552347781814
0,1,0.819168740885112
0,1,0.8052749824449292
0,1,0.8158606972869087
0,1,0.7993018552957765
0,1,0.7900634551818874
0,1,0.799877124952501
0,1,0.7999389744916803
0,1,0.792679170162549
1,1,0.8123679842668757
1,1,0.8081101804736225
1,1,0.81130015999253
1,1,0.7787695480654552
1,1,0.7580880042838283
1,1,0.7921716501880566
1,1,0.8112713983922558
1,1,0.8024399593856195
1,1,0.8126601987452996
1,1,0.8088727594144711
1,1,0.7645727422910755
1,1,0.7500780292914393
1,1,0.7549292811270989
1,1,0.7555895608019985
1,1,0.7663943060976796
1,1,0.7348934148644436
1,1,0.7510809040834591
1,1,0.7768527504303963
1,1,0.7763840881893863
1,1,0.7780073258337639
1,1,0.7302834576757832
1,1,0.7550625860281213
0,1,0.858391262776252
0,1,0.8295159686960684
0,1,0.8117161383105257
0,1,0.7733604796729021
0,1,0.8099710748172599
0,1,0.7971076947060733
0,1,0.8496372484257819
0,1,0.8437517675533526
0,1,0.7599101094878629
0,1,0.7486024390569894
0,1,0.7662343527797765
0,0,0.2604467608717411
0,0,0.2853861450623532
0,0,0.27343358792302236
0,0,0.3177534699366794
0,0,0.2886249828702602
0,0,0.2755500131859405
0,0,0.2736458117926116
0,0,0.29875151453699644
0,0,0.3052429428412253
0,0,0.2835653313349245
0,0,0.2609559920260302
0,0,0.31093740975147727
0,0,0.3288121046152156
0,0,0.3048947184112861
0,0,0.29801811738442574
0,0,0.30977704937007
0,0,0.3248047177730616
0,0,0.28519916167055326
0,0,0.2861322890927489
0,0,0.2794028472898616
0,0,0.28537084940911744
0,0,0.2819977162351587
0,0,0.3345371613816762
0,0,0.2990867529417811
0,0,0.3233496833560005
0,0,0.3580625605797744
0,0,0.27336485293325785
0,0,0.2822616862591135
0,0,0.29961442080029715
1,1,0.7439418029260413
1,1,0.7386846226443402
1,1,0.7615306008455331
1,1,0.8334101690335097
1,1,0.8106244460653546
1,1,0.7665767770368858
1,1,0.7754213619022413
1,1,0.816555082617554
1,1,0.7930123572792906
1,1,0.7686840612082563
1,1,0.7919620903732074
1,1,0.788136784637144
1,1,0.7973451060679185
1,1,0.8201193183291224
1,1,0.8295262677757812
1,1,0.8120016472629178
1,1,0.8039983507664368
1,1,0.795590327920959
1,1,0.8049893704039266
1,1,0.8216187693941417
1,1,0.7815495845689979
1,1,0.7776354216741279
0,0,0.26943077050874953
0,0,0.2854631158117023
0,0,0.2635521307999991
0,0,0.30250761851676294
0,0,0.32714590049369746
0,0,0.28696813584444975
0,0,0.292775138557463
0,0,0.26713978133909605
0,0,0.2362100349900285
0,0,0.20415011574518246
0,0,0.20445154878326485
0,0,0.2292293837923458
0,0,0.2261625931545981
0,0,0.23980136103423177
0,0,0.22940212690382128
0,0,0.29472880863737694
0,0,0.3180775790011389
0,0,0.2735191781098457
0,0,0.2374332193000888
0,0,0.27669027871019797
0,0,0.29036906231988885
0,0,0.32430452915103886
0,0,0.35819830423536125
0,0,0.33484687709391314
0,0,0.35584207254549755
0,0,0.31327641033144
0,0,0.3558136046808626
0,0,0.32842991995479254
0,0,0.3044784388197866
0,0,0.32332270611008546
0,0,0.33304809737759095
0,0,0.37565199689534673
0,0,0.37182387144262974
1,0,0.3147944263611378
1,0,0.34540065572798107
1,0,0.3411578458420088
1,0,0.28913294190649724
1,0,0.281556325369828
1,0,0.30099127990694113
1,0,0.2908468635960168
1,0,0.28563989390855526
1,0,0.289235545673478
1,0,0.28597637470383824
1,0,0.28527799287654626
1,0,0.3272516478906764
1,0,0.35821435368457777
1,0,0.3459465437626841
1,0,0.31220810096911816
1,0,0.28534784686538944
1,0,0.32101572523436056
1,0,0.283806897384699
1,0,0.27932947158468435
1,0,0.26599694035131327
1,0,0.2645389307849695
1,0,0.30627873371935654
0,0,0.42089512993667333
0,0,0.41253240383790635
0,0,0.42379981937085937
0,0,0.4250533329846318
0,0,0.42089512993667333
0,0,0.42089512993667333
0,0,0.4147881816790484
0,0,0.4218576005349936
0,0,0.4147881816790484
0,0,0.4147881816790484
0,0,0.4147881816790484
0,0,0.42654814170922895
0,0,0.4216774745364918
0,0,0.42364345227504296
0,0,0.417536504017418
0,0,0.4152807261762759
0,0,0.4152807261762759
0,0,0.4152807261762759
0,0,0.4152807261762759
0,0,0.4152807261762759
0,0,0.417536504017418
0,0,0.4152807261762759
0,0,0.41230251948451474
0,0,0.41455829732565674
0,0,0.41230251948451474
0,0,0.41455829732565674
0,0,0.41455829732565674
0,0,0.41230251948451474
0,0,0.41230251948451474
0,0,0.41124283945406676
0,0,0.4022312017622557
0,0,0.4022312017622557
0,0,0.41230251948451474
0,0,0.41455829732565674
0,0,0.41230251948451474
0,0,0.41230251948451474
0,0,0.41180997498728716
0,0,0.41455829732565674
0,0,0.41575942649804587
0,0,0.41301110415967623
0,0,0.4185658348379562
0,0,0.4206652455832818
0,0,0.41230251948451474
0,0,0.40955419714614505
0,0,0.4022312017622557
0,0,0.41230251948451474
1,0,0.4215440415297174
1,0,0.41892915219812216
1,0,0.41892915219812216
1,0,0.4144410864439913
1,0,0.4144410864439913
1,0,0.42089512993667333
1,0,0.4147881816790484
1,0,0.4024610861156473
1,0,0.4024610861156473
1,0,0.4024610861156473
1,0,0.4024610861156473
1,0,0.42379981937085937
1,0,0.4147881816790484
1,0,0.4147881816790484
1,0,0.4114628797522301
1,0,0.4137186575933722
1,0,0.42510869349817676
1,0,0.42510869349817676
1,0,0.42842263046106766
1,0,0.43409711489401653
1,0,0.42842263046106766
1,0,0.41180997498728716
1,0,0.47382897187524337
1,0,0.47047034595598786
1,0,0.4743215163724709
1,0,0.4743215163724709
1,0,0.4718629941366922
1,0,0.4747914424735636
1,0,0.47382897187524337
1,0,0.4208315774049386
1,0,0.4024610861156473
1,0,0.4024610861156473
1,0,0.41253240383790635
1,0,0.4730319416147198
1,0,0.47382897187524337
1,0,0.47382897187524337
1,0,0.47157319403410125
1,0,0.47157319403410125
1,0,0.47157319403410125
1,0,0.4767336613094294
1,0,0.47382897187524337
1,0,0.4702836192763502
1,0,0.47157319403410125
1,0,0.4744778834682873
0,0,0.48434795844555806
0,0,0.479112059522423
0,0,0.4814432690113721
0,0,0.48434795844555806
0,0,0.47382897187524337
0,0,0.47382897187524337
0,0,0.47382897187524337
0,0,0.46772202361761844
0,0,0.46546624577647633
0,0,0.47047034595598786
0,0,0.46772202361761844
1,0,0.464250198650212
1,0,0.47047034595598786
1,0,0.4723555386339197
1,0,0.4093676115019754
1,0,0.4052094084540169
1,0,0.4052094084540169
1,0,0.4052094084540169
1,0,0.4052094084540169
1,0,0.417536504017418
1,0,0.42654814170922895
1,0,0.4743215163724709
1,0,0.4255458774818595
1,0,0.42364345227504296
1,0,0.42364345227504296
1,0,0.42364345227504296
1,0,0.41131635671164196
1,0,0.41632655910223965
1,0,0.4152807261762759
1,0,0.4152807261762759
1,0,0.4152807261762759
1,0,0.4152807261762759
1,0,0.417536504017418
1,0,0.41230251948451474
1,0,0.4022312017622557
1,0,0.4022312017622557
1,0,0.41230251948451474
1,0,0.41230251948451474
1,0,0.41455829732565674
1,0,0.41455829732565674
1,0,0.4718629941366922
1,0,0.4673749283825613
1,0,0.47157319403410125
1,0,0.46150187631184236
1,0,0.4696307062237034
1,0,0.42308735524608065
1,0,0.42089512993667333
1,0,0.4186393520955314
1,0,0.4144410864439913
1,0,0.41892915219812216
1,0,0.42089512993667333
0,0,0.42379981937085937
0,0,0.42089512993667333
0,0,0.4166733743569801
0,0,0.4147881816790484
0,0,0.4147881816790484
0,0,0.4218576005349936
0,0,0.4147881816790484
0,0,0.41253240383790635
0,0,0.43508227253001236
0,0,0.4718629941366922
0,0,0.4718629941366922
0,0,0.4215440415297174
0,0,0.4085680343732724
0,0,0.41253240383790635
0,0,0.4152807261762759
0,0,0.4052094084540169
0,0,0.4152807261762759
0,0,0.419445186623503
0,0,0.419445186623503
0,0,0.4024610861156473
0,0,0.41253240383790635
0,0,0.41253240383790635
0,0,0.4024610861156473
0,0,0.4147881816790484
0,0,0.42654814170922895
0,0,0.421387674433901
0,0,0.4171894087823609
0,0,0.4114727238074584
0,0,0.42379981937085937
0,0,0.42089512993667333
0,0,0.40660205663472104
0,0,0.40660205663472104
0,0,0.39948287942388605
0,0,0.39948287942388605
0,0,0.41230251948451474
0,0,0.42131415717632575
0,0,0.41131635671164196
0,0,0.4114727238074584
0,0,0.4215440415297174
0,0,0.4194216966953497
0,0,0.4085680343732724
0,0,0.4114727238074584
0,0,0.4085680343732724
0,0,0.42795802241881786
0,0,0.4772262058066569
0,0,0.4644065657460284
0,0,0.46150187631184236
0,0,0.4186393520955314
0,0,0.42364345227504296
0,0,0.4312577494111716
0,0,0.42418881002394265
0,0,0.42089512993667333
0,0,0.4164669799317418
0,0,0.41455829732565674
0,0,0.41455829732565674
0,0,0.4022312017622557
0,0,0.40955419714614505
0,0,0.41455829732565674
0,0,0.41455829732565674
0,0,0.41455829732565674
0,0,0.39948287942388605
0,0,0.39948287942388605
0,0,0.40955419714614505
0,0,0.40955419714614505
0,0,0.4180152043391879
0,0,0.4180152043391879
0,0,0.42654814170922895
0,0,0.43416243884535766
0,0,0.4345143912415963
0,0,0.4345143912415963
0,0,0.4450595428472824
0,0,0.4364803689801476
0,0,0.42364345227504296
0,0,0.42364345227504296
0,0,0.42654814170922895
0,0,0.4216774745364918
0,0,0.42364345227504296
1,0,0.42654814170922895
1,0,0.417536504017418
1,0,0.4216774745364918
1,0,0.4216774745364918
1,0,0.42654814170922895
1,0,0.4186992678447305
1,0,0.4186992678447305
1,0,0.4184094677421398
1,0,0.4083381500198807
1,0,0.41124283945406676
1,0,0.41230251948451474
1,0,0.41230251948451474
1,0,0.41124283945406676
1,0,0.4022312017622557
1,0,0.4022312017622557
1,0,0.4063721722813295
1,0,0.4022312017622557
1,0,0.4022312017622557
1,0,0.4142112020905997
1,0,0.4142112020905997
1,0,0.41230251948451474
1,0,0.41230251948451474
1,0,0.41230251948451474
1,0,0.4022312017622557
1,0,0.4022312017622557
1,0,0.4022312017622557
1,0,0.4092073818914047
1,0,0.41230251948451474
1,0,0.4142112020905997
1,0,0.41230251948451474
1,0,0.41230251948451474
1,0,0.41230251948451474
1,0,0.41230251948451474
1,0,0.4022312017622557
1,0,0.41230251948451474
0,1,0.8598087987338081
0,1,0.8641949195157224
0,1,0.8612597538887343
0,1,0.8741181882308152
0,1,0.8669174099893611
0,1,0.8676396432305613
0,1,0.861149075002721
0,1,0.8752515582730213
0,1,0.8633210889045918
0,1,0.8589764507572966
0,1,0.8630492616771538
0,1,0.8690009253024619
0,1,0.876599388580586
0,1,0.8656269496795567
0,1,0.8722547504332907
0,1,0.8637137699828057
0,1,0.8639917788495147
0,1,0.8493830345061428
0,1,0.8720402222009495
0,1,0.8782908551715088
0,1,0.8654020679636254
0,1,0.86833641699681
0,1,0.8673781942842272
0,1,0.8689381589131338
0,1,0.8752854488820119
0,1,0.8797182889355042
0,1,0.8813093657830992
0,1,0.8698448864150689
0,1,0.861126320726811
0,1,0.8761533001167819
0,1,0.8742166053835068
0,1,0.8714751494461975
0,1,0.8575151427992806
1,1,0.8683154761732307
1,1,0.8602670328217958
1,1,0.86516828738483
1,1,0.8640445678593437
1,1,0.8337111183874819
1,1,0.845378488126414
1,1,0.8647003721308719
1,1,0.8565743134742276
1,1,0.8509781938602026
1,1,0.7133471091345049
1,1,0.6881591930974641
0,1,0.8757865037346876
0,1,0.8671386762723813
0,1,0.8794039332744751
0,1,0.8735719613992258
0,1,0.8711297261854574
0,1,0.8665306015539543
0,1,0.8808957827061272
0,1,0.8622936943642112
0,1,0.844155325879378
0,1,0.8541437896929693
0,1,0.7930746795386415
0,0,0.4870962807839277
0,0,0.4870962807839277
0,0,0.48419159134974166
0,0,0.42845056691604555
0,0,0.4152807261762759
0,0,0.4152807261762759
0,0,0.417536504017418
0,0,0.417536504017418
0,0,0.421387674433901
0,0,0.42429236386808705
0,0,0.4152807261762759
0,0,0.4152807261762759
0,0,0.4152807261762759
0,0,0.4152807261762759
0,0,0.4152807261762759
0,0,0.4152807261762759
0,0,0.4052094084540169
0,0,0.4152807261762759
0,0,0.4152807261762759
0,0,0.4152807261762759
0,0,0.4052094084540169
0,0,0.4052094084540169
0,0,0.4152807261762759
0,0,0.4152807261762759
0,0,0.4152807261762759
0,0,0.4152807261762759
0,0,0.4052094084540169
0,0,0.4152807261762759
0,0,0.4152807261762759
1,1,0.8550640427303322
1,1,0.8672316394442405
1,1,0.8553313690577083
1,1,0.8722331153229332
1,1,0.8675364661241619
1,1,0.8674871351545729
1,1,0.8653656879143169
1,1,0.8729658055075847
1,1,0.8451202481750225
1,1,0.8420333706093526
1,1,0.8524393260083731
1,1,0.8822638096053242
1,1,0.8782908551715088
1,1,0.8589993963334988
1,1,0.8757882191004885
1,1,0.8805252618283417
1,1,0.8724728593360409
1,1,0.8773935292127004
1,1,0.8764510120403395
1,1,0.8805252618283417
1,1,0.8730946012238213
1,1,0.8549588989067716
1,0,0.421387674433901
1,0,0.4152807261762759
1,0,0.4152807261762759
1,0,0.4052094084540169
1,0,0.4152807261762759
1,0,0.4152807261762759
1,0,0.421387674433901
1,0,0.421387674433901
1,0,0.4171894087823609
1,0,0.4142112020905997
1,0,0.41230251948451474
1,0,0.4184094677421398
1,0,0.421387674433901
1,0,0.421387674433901
1,0,0.41230251948451474
1,0,0.4022312017622557
1,0,0.41230251948451474
1,0,0.4164669799317418
1,0,0.4186992678447305
1,0,0.4184094677421398
1,0,0.4022312017622557
1,0,0.4063721722813295
1,0,0.4184094677421398
1,0,0.4184094677421398
1,0,0.41230251948451474
1,0,0.4022312017622557
1,0,0.42131415717632575
1,0,0.42131415717632575
1,0,0.4184094677421398
1,0,0.41230251948451474
1,0,0.4142112020905997
1,0,0.4063721722813295
1,0,0.4022312017622557
1,0,0.421387674433901
1,0,0.421387674433901
1,0,0.41230251948451474
1,0,0.41230251948451474
1,0,0.4022312017622557
1,0,0.4022312017622557
1,0,0.41230251948451474
1,0,0.41230251948451474
1,0,0.4022312017622557
1,0,0.4083381500198807
1,0,0.4022312017622557
1,0,0.41230251948451474
1,0,0.41230251948451474
1,0,0.41124283945406676
1,0,0.41124283945406676
1,0,0.4022312017622557
1,0,0.41230251948451474
1,0,0.41230251948451474
1,0,0.4053110695022763
1,0,0.41124283945406676
1,0,0.4184094677421398
1,0,0.41230251948451474
0,0,0.19026772152797733
0,0,0.15894805431705575
0,0,0.18240444628064703
0,0,0.17083606362187015
0,0,0.17976457433394205
0,0,0.1966142104222846
0,0,0.17765003093869047
0,0,0.1918497553739629
0,0,0.18712550335238143
0,0,0.13467754682200186
0,0,0.17451527584684862
0,0,0.2137201802986155
0,0,0.22522103620824485
0,0,0.22090157386626522
0,0,0.20602546692142132
0,0,0.20945346969964887
0,0,0.1797224094679717
0,0,0.1493362528477096
0,0,0.16323114988094725
0,0,0.14429384791331093
0,0,0.13629233133546756
0,0,0.17276122588765563
0,0,0.1663446009457226
0,0,0.19109532926476835
0,0,0.1883663882101651
0,0,0.2001504167527339
0,0,0.17716593236436914
0,0,0.1856825352169678
0,0,0.19968375847802605
0,0,0.18363271732664088
0,0,0.16275944845827653
0,0,0.17071480885922294
0,0,0.1505864322026357
0,0,0.16611355191211627
0,0,0.16079284960761375
0,0,0.19406908011066357
0,0,0.16773739575844407
0,0,0.16289931146633446
0,0,0.15206375631449393
0,0,0.16307906949203257
0,0,0.1593376964766171
0,0,0.15307518684251972
0,0,0.16163829270586702
0,0,0.14368937007114005
0,0,0.13791312570280442
0,0,0.16639417639383175
1,1,0.7080783339549389
1,1,0.6950430227719245
1,1,0.7257366508990586
1,1,0.6801370830565387
1,1,0.6975519383726382
1,1,0.6893412185507026
1,1,0.7223129320483143
1,1,0.7036487039818521
1,1,0.7250110257646236
1,1,0.7392717643887423
1,1,0.7345238502872798
1,1,0.7362919239628825
1,1,0.7264609873984729
1,1,0.7042826602647172
1,1,0.6904716805989188
1,1,0.6996750821362102
1,1,0.7315337871431885
1,1,0.7133801238067871
1,1,0.6538928052118645
1,1,0.7368645879740481
1,1,0.7138012891102473
1,1,0.6551672229248533
0,1,0.6995191466984026
0,1,0.6950134843540916
0,1,0.6843500054100555
0,1,0.7014199657731202
0,1,0.6985460366790899
0,1,0.6686603359999012
0,1,0.6806245846616881
0,1,0.641691063558794
0,1,0.6730959126256525
0,1,0.7092082812871894
0,1,0.7078825413681247
0,1,0.6553276928630329
0,1,0.6875242722455642
0,1,0.5977033571031705
0,1,0.5226958091257431
0,1,0.5237176877662918
0,1,0.5691976077595641
0,1,0.5494379673318855
0,1,0.5617988139103105
0,1,0.6566483659476502
0,1,0.6214219627939647
0,1,0.5313963474832535
0,1,0.5788180993623354
0,1,0.5728982188120574
0,1,0.5838843949569632
0,1,0.64282700696367
0,1,0.724311718223173
0,1,0.726801747079522
0,1,0.72758490105408
0,1,0.7297473373140249
0,1,0.7479328053499943
0,1,0.7210522921442657
0,1,0.6779758678154704
0,0,0.10305616932931856
0,0,0.09035061862243776
0,0,0.10028832629752628
0,0,0.07289454601946409
0,0,0.07339482661314589
0,0,0.07881934018810646
0,0,0.09377407148119396
0,0,0.08502337973991271
0,0,0.08238188624149528
0,0,0.0828267760397025
0,0,0.08511266467744144
0,0,0.1071597013104712
0,0,0.09814393127794237
0,0,0.08220964833217997
0,0,0.09545983067567727
0,0,0.07624381710503907
0,0,0.10266688512151428
0,0,0.12995156702997027
0,0,0.09451293823048955
0,0,0.09801474072049025
0,0,0.1700374554894756
0,0,0.21262421649408997
0,0,0.08355128086903452
0,0,0.08707211920517118
0,0,0.08775152328480239
0,0,0.08263449031346604
0,0,0.10006272260149672
0,0,0.10844609231741588
0,0,0.11296866376878181
1,1,0.6433192570585754
1,1,0.7538210876389941
1,1,0.6846020780646613
1,1,0.6802707825516627
1,1,0.6645295136795971
1,1,0.6589535449056764
1,1,0.623278087690108
1,1,0.685067946925338
1,1,0.7563001598043866
1,1,0.7228539959465669
1,1,0.7269627634837
0,1,0.7197589462135854
0,1,0.7276523251196226
0,1,0.7136201126262128
0,1,0.6952789869232383
0,1,0.75131240678224
0,1,0.7427155144625891
0,1,0.6814828542956026
0,1,0.7277176139658779
0,1,0.7108055297075515
0,1,0.7150147198296714
0,1,0.6969297534192499
0,0,0.18445692590780582
0,0,0.21268212358515848
0,0,0.18186535129533904
0,0,0.1621409679974849
0,0,0.14216826966910792
0,0,0.1654416442467663
0,0,0.20854116116401314
0,0,0.18603120963048145
0,0,0.17304302108172998
0,0,0.17987656435687424
0,0,0.18620802294212122
0,0,0.19221001563236462
0,0,0.1958262928125188
0,0,0.1886299733219593
0,0,0.18758745172023175
0,0,0.20337481290004386
0,0,0.18482370992406885
0,0,0.20169567264354282
0,0,0.1812216912485739
0,0,0.19138180409888667
0,0,0.1978236592163104
0,0,0.1864431321213601
0,0,0.19605366288641052
0,0,0.19130620340859322
0,0,0.196759854757627
0,0,0.19901908781602348
0,0,0.21467733153310103
0,0,0.2644813259487829
0,0,0.2875367027442215
0,0,0.248424887988197
0,0,0.20742603153070927
0,0,0.2095444707033378
0,0,0.2150653857464691
0,0,0.1764244411106347
0,0,0.2119477832792631
0,0,0.20204521886034932
0,0,0.22467533672713863
0,0,0.17019295794028916
0,0,0.18219425504334968
0,0,0.1649987068354108
0,0,0.1611782902038093
0,0,0.1925831688501153
0,0,0.1872359570020461
0,0,0.15126837513421934
0,0,0.17237302947178448
0,0,0.14270410491369753
0,0,0.15093385028647485
0,0,0.13612798555441463
0,0,0.14050490859191625
0,0,0.1194171637923911
0,0,0.128914888664315
0,0,0.13994221594656378
0,0,0.14713242808957783
0,0,0.1275178791646954
0,0,0.09969074118542927
0,0,0.1609252861638967
0,0,0.17219826050478118
0,0,0.17018251782967056
0,0,0.17110733907041883
0,0,0.15531498342396724
0,0,0.11756158946581854
0,0,0.11826571200903556
0,0,0.1311806227482787
0,0,0.13380639409874304
0,0,0.13884107567268184
0,0,0.12560639440423974
0,0,0.10454349424506736
0,0,0.10115165174458988
0,0,0.12961678587249686
0,0,0.11661278832657691
0,0,0.09286437719938721
0,0,0.1295207871588084
0,0,0.1543480071415471
0,0,0.12194478023216399
0,0,0.1047887379932437
0,0,0.11725933731173246
0,0,0.11264433962116707
0,0,0.1195642836804153
0,0,0.10191774873855072
0,0,0.1062553066523603
0,0,0.09475460729187876
0,0,0.1049693010551684
0,0,0.11708061868939955
0,0,0.10753833143980236
0,0,0.11200822111084938
0,0,0.11670236191890489
0,0,0.10667206070958656
0,0,0.1439174368980103
0,0,0.1585414930500858
0,0,0.13137541618698956
0,0,0.07963027998549822
0,0,0.13102120330791048
0,0,0.09214564133640342
0,0,0.09977408659969347
0,0,0.09186184985650041
0,0,0.09214782601587622
0,0,0.09922699827562267
0,0,0.09764073806648231
0,0,0.08185225671153333
0,0,0.10007395397145447
0,0,0.11134605063995613
1,1,0.7432733622875414
1,1,0.6893983156071793
1,1,0.730322449992667
1,1,0.7453777863649043
1,1,0.7362973830151429
1,1,0.7715352085996838
1,1,0.7254193391346756
1,1,0.7438352915220016
1,1,0.7199887086935309
1,1,0.7020964416748942
1,1,0.6862671327063733
1,1,0.7224960545045456
1,1,0.7500209877314787
1,1,0.7275681875144574
1,1,0.7170039217735781
1,1,0.748851213304836
1,1,0.7316356957336556
1,1,0.6855616803629104
1,1,0.6979101814478864
1,1,0.7143685726112166
1,1,0.7321683267903332
1,1,0.7413898762685933
1,1,0.7993486998155377
1,1,0.796719446049819
1,1,0.8146284104007552
1,1,0.7977453503435237
1,1,0.7830416174922802
1,1,0.824057242741159
1,1,0.8030896944584234
1,1,0.8141042318440017
1,1,0.7986599776922922
1,1,0.8275960118048354
1,1,0.831154890305232
1,1,0.7555311222094653
1,1,0.7941523051371182
1,1,0.8225096006185723
1,1,0.8097845259414236
1,1,0.7831550705272683
1,1,0.7857440520812969
1,1,0.8287980572363775
1,1,0.7703105667537682
1,1,0.8058603227348342
1,1,0.8007874419627217
1,1,0.795762092832657
0,1,0.7902940850823369
0,1,0.7520782280334068
0,1,0.743195880240025
0,1,0.7348980810542662
0,1,0.7620570833404665
0,1,0.7921778375915689
0,1,0.7909534629386493
0,1,0.7493841497994553
0,1,0.7796939409251632
0,1,0.7944732686580274
0,1,0.724799449323978
0,0,0.14635899236443306
0,0,0.14113312505066855
0,0,0.1203594223440068
0,0,0.11549713594874443
0,0,0.12118182526432766
0,0,0.14528014005025938
0,0,0.14395966521520015
0,0,0.12294643815278355
0,0,0.1419512966526469
0,0,0.14714165404828
0,0,0.13711794914093386
0,0,0.1321120054638856
0,0,0.1275183695614944
0,0,0.11203624869840892
0,0,0.137184634452396
0,0,0.10135762254062901
0,0,0.10564595590697307
0,0,0.11594069660777301
0,0,0.13093833899899265
0,0,0.12071938309540436
0,0,0.09851733719243802
0,0,0.09715270297402225
0,0,0.11103159870201962
0,0,0.10416386396145089
0,0,0.12965186475305582
0,0,0.10767656494088099
0,0,0.08465254325636279
0,0,0.11751084080933566
0,0,0.13535399348492533
1,1,0.75191382019745
1,1,0.7276853505049313
1,1,0.7435080245222255
1,1,0.7698938603717462
1,1,0.79768902649443
1,1,0.7685747625504982
1,1,0.7730749321973666
1,1,0.7376009633789734
1,1,0.7777102743418951
1,1,0.7837852221197467
1,1,0.805221816284571
0,1,0.8129095722522226
0,1,0.7982157103396819
0,1,0.7861598832299863
0,1,0.7594183620413933
0,1,0.7504374768561022
0,1,0.7738486922310457
0,1,0.7822563176165118
0,1,0.7932820053570779
0,1,0.76855183933644
0,1,0.7357571349669237
0,1,0.7597875358804991
0,0,0.1696961110634152
0,0,0.19056066352863724
0,0,0.18090870008784862
0,0,0.1613296972100161
0,0,0.15800290618029267
0,0,0.15425413476771455
0,0,0.1771720569938299
0,0,0.16904119162300077
0,0,0.17135181150088616
0,0,0.15851959557459439
0,0,0.1740286517551597
0,0,0.14847846071249798
0,0,0.14508663583419812
0,0,0.16344396782720153
0,0,0.14737161816003685
0,0,0.17260815345736172
0,0,0.19274893749252048
0,0,0.17908109722189938
0,0,0.16636757760495563
0,0,0.14611646731746408
0,0,0.1518791219485034
0,0,0.15952653406132764
0,0,0.15081684230435502
0,0,0.16080001532652224
0,0,0.1816320050989371
0,0,0.1962660576181828
0,0,0.21147795642759276
0,0,0.19504279781062092
0,0,0.19069951064577315
0,0,0.18881877208213488
0,0,0.21354578562069362
0,0,0.2230194287456246
0,0,0.20740193796500977
0,0,0.16655370678990278
0,0,0.18814826517488015
0,0,0.20551747883992377
0,0,0.20842246576223286
0,0,0.17753836063489753
0,0,0.17720643997745347
0,0,0.1408373244236298
0,0,0.15755019189573824
0,0,0.17984726807240667
0,0,0.15394128663673814
0,0,0.18124285918189417
0,0,0.15529181226741384
0,0,0.1798810863764486
0,0,0.1877037232627736
0,0,0.1598466200682456
0,0,0.15601084705965573
0,0,0.18072398868594008
0,0,0.17338210121915587
0,0,0.14554045904042973
0,0,0.1399740041282214
0,0,0.15129679116691727
0,0,0.17158693643478126
0,0,0.41230052620219715
0,0,0.41326570298994086
0,0,0.41326570298994086
0,0,0.41230052620219715
0,0,0.41230052620219715
0,0,0.41326570298994086
0,0,0.41230052620219715
0,0,0.41230052620219715
0,0,0.41230052620219715
0,0,0.41230052620219715
0,0,0.41230052620219715
0,0,0.41230052620219715
0,0,0.41230052620219715
0,0,0.41230052620219715
0,0,0.41230052620219715
0,0,0.41230052620219715
0,0,0.41326570298994086
0,0,0.41230052620219715
0,0,0.41230052620219715
0,0,0.41230052620219715
0,0,0.41230052620219715
0,0,0.41230052620219715
0,0,0.41326570298994086
0,0,0.41326570298994086
0,0,0.41326570298994086
0,0,0.41230052620219715
0,0,0.41230052620219715
0,0,0.41230052620219715
0,0,0.41230052620219715
0,0,0.41326570298994086
0,0,0.41326570298994086
0,0,0.41326570298994086
0,0,0.41326570298994086
0,0,0.41230052620219715
0,0,0.41230052620219715
0,0,0.41230052620219715
0,0,0.41230052620219715
0,0,0.41230052620219715
0,0,0.41230052620219715
0,0,0.41326570298994086
0,0,0.41326570298994086
0,0,0.41326570298994086
0,0,0.41326570298994086
0,0,0.41326570298994086
0,0,0.41326570298994086
0,0,0.41230052620219715
0,0,0.41230052620219715
0,0,0.41230052620219715
0,0,0.41230052620219715
0,0,0.41230052620219715
0,0,0.41230052620219715
0,0,0.41230052620219715
0,0,0.41230052620219715
0,0,0.41230052620219715
0,0,0.41230052620219715
0,0,0.41230052620219715
0,0,0.41230052620219715
1,0,0.41230052620219715
1,0,0.41230052620219715
1,0,0.41230052620219715
1,0,0.41230052620219715
1,0,0.41230052620219715
1,0,0.41230052620219715
1,0,0.41230052620219715
1,0,0.41230052620219715
1,0,0.41326570298994086
1,0,0.41230052620219715
1,0,0.41230052620219715
1,0,0.41230052620219715
1,0,0.41230052620219715
1,0,0.41230052620219715
1,0,0.41230052620219715
1,0,0.41230052620219715
1,0,0.41230052620219715
1,0,0.41230052620219715
1,0,0.41230052620219715
1,0,0.41230052620219715
1,0,0.41326570298994086
1,0,0.41326570298994086
0,0,0.41230052620219715
0,0,0.41230052620219715
0,0,0.41230052620219715
0,0,0.41230052620219715
0,0,0.41230052620219715
0,0,0.41230052620219715
0,0,0.41230052620219715
0,0,0.41230052620219715
0,0,0.41230052620219715
0,0,0.41230052620219715
0,0,0.41230052620219715
1,0,0.41230052620219715
1,0,0.41230052620219715
1,0,0.41230052620219715
1,0,0.41230052620219715
1,0,0.41230052620219715
1,0,0.41230052620219715
1,0,0.41230052620219715
1,0,0.41230052620219715
1,0,0.41230052620219715
1,0,0.41230052620219715
1,0,0.41230052620219715
0,0,0.41230052620219715
0,0,0.41230052620219715
0,0,0.41326570298994086
0,0,0.41326570298994086
0,0,0.41326570298994086
0,0,0.41326570298994086
0,0,0.41326570298994086
0,0,0.41326570298994086
0,0,0.41326570298994086
0,0,0.41326570298994086
0,0,0.41230052620219715
0,0,0.41230052620219715
0,0,0.41230052620219715
0,0,0.41230052620219715
0,0,0.41326570298994086
0,0,0.41326570298994086
0,0,0.41326570298994086
0,0,0.41326570298994086
0,0,0.41326570298994086
0,0,0.41326570298994086
0,0,0.41326570298994086
0,0,0.4340181995988454
0,0,0.44209179563364026
0,0,0.44209179563364026
0,0,0.41326570298994086
0,0,0.41326570298994086
0,0,0.41326570298994086
0,0,0.41326570298994086
0,0,0.41326570298994086
1,0,0.41230052620219715
1,0,0.41230052620219715
1,0,0.41230052620219715
1,0,0.41230052620219715
1,0,0.41230052620219715
1,0,0.41230052620219715
1,0,0.41230052620219715
1,0,0.41230052620219715
1,0,0.41230052620219715
1,0,0.41230052620219715
1,0,0.4146719059925952
1,0,0.41230052620219715
1,0,0.41326570298994086
1,0,0.41230052620219715
1,0,0.41230052620219715
1,0,0.41230052620219715
1,0,0.41230052620219715
1,0,0.41230052620219715
1,0,0.41230052620219715
1,0,0.41230052620219715
1,0,0.41230052620219715
1,0,0.41230052620219715
0,0,0.41230052620219715
0,0,0.41326570298994086
0,0,0.41326570298994086
0,0,0.41326570298994086
0,0,0.41326570298994086
0,0,0.41326570298994086
0,0,0.41326570298994086
0,0,0.41230052620219715
0,0,0.41230052620219715
0,0,0.41230052620219715
0,0,0.41326570298994086
0,0,0.41326570298994086
0,0,0.41230052620219715
0,0,0.41230052620219715
0,0,0.41326570298994086
0,0,0.41326570298994086
0,0,0.41326570298994086
0,0,0.41326570298994086
0,0,0.41326570298994086
0,0,0.41326570298994086
0,0,0.41326570298994086
0,0,0.41326570298994086
0,0,0.41326570298994086
0,0,0.41326570298994086
0,0,0.41326570298994086
0,0,0.41326570298994086
0,0,0.41326570298994086
0,0,0.41230052620219715
0,0,0.41230052620219715
0,0,0.41230052620219715
0,0,0.41230052620219715
0,0,0.41230052620219715
0,0,0.41326570298994086
0,0,0.41230052620219715
0,0,0.41230052620219715
0,0,0.41230052620219715
0,0,0.41230052620219715
0,0,0.41230052620219715
0,0,0.41230052620219715
0,0,0.41326570298994086
0,0,0.41326570298994086
0,0,0.41230052620219715
0,0,0.41230052620219715
0,0,0.41230052620219715
0,0,0.41230052620219715
0,0,0.41230052620219715
0,0,0.41230052620219715
0,0,0.41230052620219715
0,0,0.41230052620219715
0,0,0.41230052620219715
0,0,0.41230052620219715
0,0,0.41230052620219715
0,0,0.41230052620219715
0,0,0.41230052620219715
0,0,0.41230052620219715
0,0,0.2921325839517052
0,0,0.25263851513186725
0,0,0.1732050337139316
0,0,0.22277275064461055
0,0,0.23557144989557416
0,0,0.21734183021345058
0,0,0.19789310069361707
0,0,0.24495339761910767
0,0,0.28590846751078447
0,0,0.2508205961098235
0,0,0.260068783249215
0,0,0.16582943347189075
0,0,0.16457810599679754
0,0,0.11857592887800092
0,0,0.12546278664975638
0,0,0.14220808867793278
0,0,0.19462249993892922
0,0,0.20679424561028206
0,0,0.1684099095063678
0,0,0.149960434766614
0,0,0.12132551075105882
0,0,0.10252372479831073
0,0,0.12512142251683317
0,0,0.1396140133701264
0,0,0.11074402054643913
0,0,0.11192247033709961
0,0,0.11353380220806114
0,0,0.09022438250840188
0,0,0.10135488257706497
0,0,0.10594878695327566
0,0,0.12545838459756986
0,0,0.14623663331863915
0,0,0.13680736441546687
0,0,0.12057505846738023
0,0,0.12384380284506678
0,0,0.11845800669889327
0,0,0.14599334343349285
0,0,0.16214392912550227
0,0,0.1427166777854591
0,0,0.13241048003498698
0,0,0.1381980373570106
0,0,0.12280879747696534
0,0,0.1380347633126263
0,0,0.14096966325164245
0,0,0.18100709554846847
0,0,0.20101536308157195
1,1,0.8380343569021597
1,1,0.8813576095458278
1,1,0.8095951039482822
1,1,0.8091809191613137
1,1,0.8133837935675474
1,1,0.8354528312146428
1,1,0.8895831544288214
1,1,0.8447618463069821
1,1,0.8498504510068828
1,1,0.8160601162112269
1,1,0.8468346904662893
1,1,0.8996232844944427
1,1,0.8943387810513586
1,1,0.8808564665390175
1,1,0.8692244515159624
1,1,0.8727440235326653
1,1,0.8705222905828947
1,1,0.8678930539367813
1,1,0.8766052948949097
1,1,0.9015798638837194
1,1,0.9109281076548831
1,1,0.9039050310717941
1,1,0.8772916860236151
1,1,0.8716264921699551
1,1,0.8780282650162102
1,1,0.8884584029173069
1,1,0.8880737440144618
1,1,0.9059491233495842
1,1,0.8625887373315428
1,1,0.8717371211362436
1,1,0.8569651352690283
1,1,0.8515926346034788
1,1,0.8314502032820527
0,1,0.8381174102542035
0,1,0.7967874307566403
0,1,0.8243044750062838
0,1,0.71812864855821
0,1,0.7151873762279677
0,1,0.7575052501254024
0,1,0.8031139725216822
0,1,0.8354979946231775
0,1,0.817754331295178
0,1,0.7960340642864351
0,1,0.7812641070737172
0,1,0.8849887926549664
0,1,0.8238365959807225
0,1,0.8109546668147458
0,1,0.8168924413429752
0,1,0.816297869932781
0,1,0.868795688032335
0,1,0.9030299557678876
0,1,0.8932953727503452
0,1,0.8872704320183596
0,1,0.8786293543548774
0,1,0.8335880951384235
1,0,0.22686563949450134
1,0,0.19728111900149123
1,0,0.18356911893956457
1,0,0.2197459521067585
1,0,0.1978193543099892
1,0,0.20743426095325027
1,0,0.20579266763678405
1,0,0.16636158312891344
1,0,0.1797392219533146
1,0,0.15396717317924397
1,0,0.1786530661348133
1,0,0.18345401265268202
1,0,0.10450532171649937
1,0,0.09488351159196066
1,0,0.11132324080085193
1,0,0.12075047249529657
1,0,0.10784672214329667
1,0,0.12697386241405398
1,0,0.12376503449379764
1,0,0.13837621805820882
1,0,0.13726032345641842
1,0,0.11987072771796788
1,0,0.12818522518131556
1,0,0.11890077925151488
1,0,0.13311596929968794
1,0,0.13283374956935498
1,0,0.14606910704191892
1,0,0.1804280081862312
1,0,0.18929655080573213
1,1,0.8661513856760624
1,1,0.844082690688318
1,1,0.8594372445127643
1,1,0.807655531970045
1,1,0.6871526654689277
1,1,0.8371978649490628
1,1,0.875963081546719
1,1,0.876003823147401
1,1,0.8977664756123819
1,1,0.8954583598209487
1,1,0.8725862963888444
1,1,0.8720237413490287
1,1,0.8886925863953252
1,1,0.9021672614907602
1,1,0.9034068772762502
1,1,0.9025516736781368
1,1,0.8778347224474083
1,1,0.8911734541106816
1,1,0.8767331948210962
1,1,0.8896631763688287
1,1,0.9023705224574399
1,1,0.8625603474290005
0,0,0.19706038587829147
0,0,0.24725943214269425
0,0,0.248709190625098
0,0,0.19933151231390522
0,0,0.2918222674673849
0,0,0.2925219647697664
0,0,0.25326316694070433
0,0,0.2928217690652206
0,0,0.29480690588237435
0,0,0.2945674651226157
0,0,0.28926727127551094
0,0,0.2639508763454936
0,0,0.2958001551441736
0,0,0.24845680657307476
0,0,0.33438558433023347
0,0,0.33853642125757655
0,0,0.2967456914961536
0,0,0.3222899965169337
0,0,0.33902560538284204
0,0,0.323641730755295
0,0,0.2816758366432529
0,0,0.29147969971238474
0,0,0.2698005655035154
0,0,0.21474309806080616
0,0,0.2104867756474431
0,0,0.20332545641698285
0,0,0.25339723552137644
0,0,0.24854313345716256
0,0,0.2662989152472852
0,0,0.2761529484607335
0,0,0.31959134449474513
0,0,0.26600237307012725
0,0,0.2706760463816973
0,0,0.26241721093346393
0,0,0.23418864877744044
0,0,0.26461239201184705
0,0,0.2944420911040711
0,0,0.27484417170870945
0,0,0.27251354185104154
0,0,0.2442030222774657
0,0,0.2857943524545198
0,0,0.3514365104643584
0,0,0.3133833068431985
0,0,0.3557635319581148
0,0,0.2654016052694255
0,0,0.336257459169643
0,0,0.314568068592524
0,0,0.3035589998066957
0,0,0.224794949114943
0,0,0.27787252891556546
0,0,0.25676045909463335
0,0,0.26198433138646054
0,0,0.2514156361148818
0,0,0.24411608883436334
0,0,0.2593886651548174
0,0,0.1972239247307762
0,0,0.2237428168799961
0,0,0.2025715744364152
0,0,0.16226173641662464
0,0,0.17799711286043912
0,0,0.19956861580631202
0,0,0.20280050255780274
0,0,0.207228391840693
0,0,0.2531555021897202
0,0,0.2437074240334282
0,0,0.2247248792113533
0,0,0.303430185877896
0,0,0.30551423661687616
0,0,0.309152879928123
0,0,0.2280006760584272
0,0,0.21784042555423366
0,0,0.24223899255304104
0,0,0.24713263015787543
0,0,0.26721341242865726
0,0,0.26306213842778764
0,0,0.23608497027464118
0,0,0.19918338212544345
0,0,0.2260225966417656
0,0,0.20756335368703904
0,0,0.19542964673997656
0,0,0.21174749476168656
0,0,0.24786820308954652
0,0,0.25837058186815465
0,0,0.22586943630618334
0,0,0.22637129968627004
0,0,0.25227555801668966
0,0,0.24151481996083096
0,0,0.20951701410936502
0,0,0.2256406263960486
0,0,0.22128334808150701
0,0,0.24043438823719693
0,0,0.24062704091797954
0,0,0.21889642235911402
0,0,0.23259493067505732
0,0,0.23561546902398234
0,0,0.2434146461749791
0,0,0.23939228057419054
0,0,0.25576368721087755
0,0,0.23443976994363694
0,0,0.22441753396665473
0,0,0.24564152818557283
0,1,0.6719098979934123
0,1,0.7062855810239883
0,1,0.6844563164677429
0,1,0.6459366018204018
0,1,0.630146050899605
0,1,0.6261023246358441
0,1,0.6313254755335619
0,1,0.6286435127814178
0,1,0.6154577113165466
0,1,0.6184563513474236
0,1,0.61379182259436
0,1,0.5786584897298964
0,1,0.5829246390181015
0,1,0.6079866375601213
0,1,0.7059626320137586
0,1,0.6846678413304887
0,1,0.6907741967174631
0,1,0.6789999590540695
0,1,0.572037604322142
0,1,0.5613915517931867
0,1,0.5963923574105747
0,1,0.577260167897556
0,1,0.5215950399734033
0,1,0.5084346834226284
0,0,0.4632143376006262
0,0,0.39990225044891575
0,1,0.5034671171886186
0,1,0.5510213809354443
0,1,0.5485738358869884
0,1,0.5278257491809312
0,1,0.5167443016542976
0,1,0.6468357236375829
0,0,0.4753809550849379
0,0,0.4353658032827976
0,0,0.4569279166844731
0,0,0.47195034125072044
0,1,0.5340686755516014
0,1,0.5155078374042708
0,0,0.4886508491497893
0,1,0.5177450125343007
0,1,0.5206721507704355
0,0,0.3580157377987186
0,0,0.4178884600738322
0,0,0.4692035578272465
0,1,0.530754693829047
0,1,0.5155555893160473
0,1,0.537548307269127
0,1,0.5167099978272586
0,1,0.619427780271107
0,1,0.6386786797494503
0,1,0.6090297576108934
0,1,0.6171031573305911
0,1,0.5375161150363951
0,1,0.5210124594236215
0,1,0.5029166552938701
0,0,0.16731195152488781
0,0,0.1380165014180087
0,0,0.18739574444641235
0,0,0.2047046511086992
0,0,0.24666145606472853
0,0,0.2011755835874045
0,0,0.3014507715850209
0,0,0.45997122440613525
0,0,0.42280727379285826
0,0,0.44087240062700034
0,0,0.3885828596624659
0,0,0.2017203499878262
0,0,0.1917613746152246
0,0,0.17095234125432104
0,0,0.14744087769148229
0,0,0.13654623182902578
0,0,0.15829042035008384
0,0,0.1784987505095762
0,0,0.19790499687871002
0,0,0.17751728814914206
0,0,0.1493156218266419
0,0,0.14538505865388554
0,0,0.17416273895253442
0,0,0.15309125827988268
0,0,0.15125392200055518
0,0,0.16676042487199833
0,0,0.1833370467620184
0,0,0.1811827242394007
0,0,0.1762958315949045
0,1,0.6314196051116759
0,1,0.6382611670846794
0,1,0.6043613446797215
0,1,0.5400230634864681
0,1,0.5514852152344378
0,1,0.5877358886641644
0,1,0.5772356570572927
0,1,0.5866512475603386
0,1,0.5447917032489988
0,0,0.4885041430495567
0,0,0.4443049774170886
0,0,0.49830544197015203
0,1,0.5067127330469158
0,0,0.4079080510412754
0,0,0.4612765448530798
0,0,0.47357912767661037
0,1,0.5267815518801401
0,1,0.5549679028573188
0,1,0.5657881858320988
0,1,0.5489196109984242
0,1,0.5075498974826267
0,1,0.5605741741628268
0,0,0.22327789045278348
0,0,0.26412801360607313
0,0,0.2602982389089329
0,0,0.23525262683980416
0,0,0.2333279303539775
0,0,0.2337346882423308
0,0,0.27021173830144496
0,0,0.26053391963700856
0,0,0.30261135227213376
0,0,0.2873575138686201
0,0,0.31995962935811556
0,0,0.32279611738017183
0,0,0.3387056562123005
0,0,0.2925260572408161
0,0,0.2604545141689187
0,0,0.24358057082164664
0,0,0.26786928777934466
0,0,0.28652106360017443
0,0,0.30062664141953893
0,0,0.3201077386574492
0,0,0.27407428930269623
0,0,0.2849766325075372
0,0,0.28405111151943907
0,0,0.3315724692313065
0,0,0.3418260620864841
0,0,0.2716862055676373
0,0,0.31037463708319296
0,0,0.2767559641395638
0,0,0.28278921970249443
0,0,0.2629474936200061
0,0,0.2966150671165847
0,0,0.27491219107844167
0,0,0.3048612624352571
0,0,0.25346924463520604
0,0,0.25082352644783407
0,0,0.23639176036111656
0,0,0.20029597214981595
0,0,0.2920231792753456
0,0,0.27291551604912284
0,0,0.2961306196487051
0,0,0.29872549112589114
0,0,0.2877336790456008
0,0,0.30440297412796424
0,0,0.2989899931459615
0,0,0.28339057189928474
0,0,0.2758112800479632
0,0,0.2915745121439527
0,0,0.28065149819787505
0,0,0.27904799939619446
0,0,0.3097749401335353
0,0,0.2937205966172727
0,0,0.29319986666874986
0,0,0.2754297800005766
0,0,0.2626291472691096
0,0,0.3048985204978302
0,0,0.17871860026734251
0,0,0.16866220206560076
0,0,0.19163736945467402
0,0,0.17561546189183408
0,0,0.18532285676196608
0,0,0.19572595504404652
0,0,0.19060570606450272
0,0,0.212970423502658
0,0,0.19880705129081325
0,0,0.20390349032206576
0,0,0.21760175634100665
0,0,0.21151325127449025
0,0,0.16369167983661675
0,0,0.2026419491712604
0,0,0.19658896270149673
0,0,0.22060077144434062
0,0,0.16613605141653232
0,0,0.17291334589125648
0,0,0.17437777986758513
0,0,0.19709604060388908
0,0,0.18436530930955036
0,0,0.1907596978908888
0,0,0.16295010972008533
0,0,0.21910885188534673
0,0,0.1540154605968594
0,0,0.14658446016398632
0,0,0.09012091931130638
0,0,0.16412274075655958
0,0,0.14722807440829014
0,0,0.15766267566013628
0,0,0.14248882999975165
0,0,0.1690055241127263
0,0,0.17518337355527291
0,0,0.1654514055065846
0,0,0.13938181545987186
0,0,0.1614386065179342
0,0,0.17115605542325776
0,0,0.16050641183358266
0,0,0.19101815087846294
0,0,0.201512101589246
0,0,0.18555067983831955
0,0,0.17214717436044474
0,0,0.21183458015442994
0,0,0.19519201820082327
0,0,0.18949409618508622
0,0,0.17634613548346767
0,1,0.6020771504503317
0,1,0.5593669078918309
0,1,0.545891895258073
0,1,0.570102884074052
0,0,0.4333994296348709
0,1,0.5649472985770804
0,1,0.5635798650338902
0,0,0.4675522281615737
0,1,0.5849755938225736
0,0,0.4822647406476581
0,0,0.48537929272294056
1,0,0.46499427729829235
1,1,0.5334499331227037
1,0,0.4139498461457735
1,0,0.47974897844657344
1,1,0.5027356722129275
1,1,0.5977098272179618
1,1,0.654692520925807
1,1,0.6458832366585393
1,1,0.5619624615125032
1,1,0.5680563211402638
1,0,0.4661714603981303
1,1,0.5315178396655076
1,1,0.5825942108811023
1,1,0.544422402430881
1,1,0.5275561608211204
1,1,0.6159606961440904
1,1,0.5993524372408334
1,1,0.5505347031604061
1,1,0.6751731925239024
1,1,0.684508542217175
1,1,0.6899171357006576
1,1,0.6913682873643587
1,0,0.4251503333340112
1,0,0.46025491644557337
1,0,0.4489624088626825
1,0,0.4955611982884837
1,0,0.46531579028411807
1,0,0.38397805448282574
1,0,0.47261523225980084
1,1,0.6056912244302074
1,1,0.5006877669810633
1,1,0.5081113448499832
1,1,0.5280340381113328
1,1,0.6328540571246728
1,1,0.675139523943274
1,1,0.6048305883046237
1,1,0.6333810698040607
1,1,0.5887495331086677
1,1,0.6818723822212875
1,1,0.6490025358234653
1,0,0.4630493002488389
1,0,0.3902031983812622
1,0,0.46460214534392413
1,1,0.5334065322110753
1,0,0.2096195878858128
1,0,0.209196899906977
1,0,0.21851466701163466
1,0,0.17809847232411333
1,0,0.18649819033204984
1,0,0.2022292301277831
1,0,0.24588584020367354
1,0,0.2269340934898986
1,0,0.21428353957801272
1,0,0.19084042907558957
1,0,0.18300418885797273
1,0,0.16944529862182237
1,0,0.17593505006349708
1,0,0.2187989037020072
1,0,0.24034454053440854
1,0,0.2003764130015277
1,0,0.18822888366754825
1,0,0.18342268331922149
1,0,0.1757307077454788
1,0,0.1888478940665545
1,0,0.14726307155573523
1,0,0.14144447749995773
1,0,0.1510842818888927
1,0,0.1541428110293688
1,0,0.16811312018369684
1,0,0.21497068132331237
1,0,0.2965704022323074
1,0,0.24044909708484463
1,0,0.2747163237476583
1,1,0.540408426769263
1,1,0.5422433757897993
1,1,0.5492823254452309
1,1,0.5461399163732765
1,1,0.5532702106982356
1,1,0.5353542529037822
1,1,0.5476389206877669
1,1,0.5579668076215764
1,0,0.48874968625572257
1,0,0.38211371951214224
1,0,0.42205900010957575
1,1,0.5439252644806785
1,0,0.4968456643396842
1,0,0.43633549718392217
1,0,0.4371364242090884
1,0,0.402712683218026
1,1,0.5898345391093345
1,1,0.557825690983329
1,1,0.6962450022245228
1,1,0.6592464826369229
1,1,0.6563199332295373
1,1,0.6594157814810303
0,0,0.23424936832476742
0,0,0.2531246419063041
0,0,0.22721444312292077
0,0,0.2309386585347353
0,0,0.22360414946104523
0,0,0.2654161807513956
0,0,0.26010397431808735
0,0,0.28362703202000494
0,0,0.2539302567490782
0,0,0.23282559576511455
0,0,0.28770066038019704
0,0,0.24614715092641085
0,0,0.27408486666900883
0,0,0.2622463850523216
0,0,0.27896856550234206
0,0,0.2616802507377687
0,0,0.2999849968104242
0,0,0.2753957950199995
0,0,0.28014253059386446
0,0,0.2924164577228932
0,0,0.314038364675446
0,0,0.3164390431024229
0,0,0.2702115422726343
0,0,0.2622333948296771
0,0,0.2601130970962273
0,0,0.26232854795165883
0,0,0.2180285952575472
0,0,0.24481578025333703
0,0,0.22360432019823034
0,0,0.25192145623664153
0,0,0.25663568895163646
0,0,0.24381050999590162
0,0,0.2373061925586031
0,0,0.15297704579812457
0,0,0.20332772782761133
0,0,0.2170736220282035
0,0,0.2652703910143437
0,0,0.2841753438581246
0,0,0.28609227076761623
0,0,0.21085401698469902
0,0,0.22040871640029905
0,0,0.1955537127420138
0,0,0.18772363420084545
0,0,0.18176595561529965
0,0,0.19127859152530827
0,0,0.17104338163131255
0,0,0.21817774553786926
0,0,0.20547492724550612
0,0,0.22112667254749468
0,0,0.2210124815643362
0,0,0.19275768523365597
0,0,0.1835910746475921
0,0,0.21041720509973008
0,0,0.2073979273798673
0,0,0.19206694742516195
0,0,0.37349702591631206
0,0,0.4035988499157445
0,0,0.3366923855184385
0,0,0.25052780370122646
0,0,0.18823803815275947
0,0,0.24392771258999066
0,0,0.24893979030674718
0,0,0.1973849877512161
0,0,0.20746633899615882
0,0,0.20583540849525891
0,0,0.21382754365331405
1,0,0.27078142925180426
1,0,0.14254049008982478
1,0,0.2022287416612888
1,0,0.25604455960952827
1,0,0.23814363485121604
1,0,0.2084380936168481
1,0,0.204642396034425
1,0,0.18612768331176718
1,0,0.16230733855938034
1,0,0.14988377302398478
1,0,0.17893495053973482
1,0,0.14567561614325225
1,0,0.22089519334769625
1,0,0.20112549301377008
1,0,0.1812982319979553
1,0,0.17597154229752687
1,0,0.18656792936713565
1,0,0.1904505511896526
1,0,0.1840967278673453
1,0,0.13474509813535446
1,0,0.12355632416952171
1,0,0.1355403380715854
1,0,0.09500731106195977
1,0,0.1492537106345454
1,0,0.15280988154405883
1,0,0.16192204170823155
1,0,0.13371267919642427
1,0,0.14529411323821592
1,0,0.15041001529234357
1,0,0.15958743650857254
1,0,0.14896282223376942
1,0,0.13352290649137338
1,0,0.11733022420871811
1,0,0.1844351944863652
1,0,0.1780698859798916
1,1,0.828615258988854
1,1,0.8523446695513445
1,1,0.8715625073945354
1,1,0.8949122881373905
1,1,0.8417050597245752
1,1,0.8405322145767898
1,1,0.830557931637843
1,1,0.8304592035763476
1,1,0.8550238227749674
1,1,0.8701200905643021
1,1,0.9119858300958866
1,1,0.8981652445365708
1,1,0.8451900701658331
1,1,0.8691760698861786
1,1,0.7594995992386157
1,1,0.7535739106853502
1,1,0.792859113130595
1,1,0.8172149337197027
1,1,0.797598433842156
1,1,0.7848501566996066
1,1,0.7859334125582991
1,1,0.8171342903868897
1,1,0.6210465325477368
1,1,0.5839828234332543
1,1,0.5654217934749313
1,1,0.5746513489691771
1,1,0.6160846391084239
1,1,0.633990720308358
1,1,0.6280889987706371
1,1,0.5856881559163275
1,1,0.6530411548369276
1,1,0.6432390516552315
1,1,0.6837263959592828
1,1,0.8294818843954708
1,1,0.802082198923816
1,1,0.8281851085561759
1,1,0.7857543639937836
1,1,0.8302730982032837
1,1,0.8372532786398803
1,1,0.8146141595051047
1,1,0.8199711109329982
1,1,0.8105865270475376
1,1,0.7517098440660992
1,1,0.5974115934480926
0,1,0.6389798047770909
0,1,0.6746396563143483
0,1,0.6479564716503693
0,1,0.6492678309022876
0,1,0.6747573282104444
0,1,0.6703446748004661
0,1,0.6444170094748141
0,1,0.6377591398364044
0,1,0.6286166545133197
0,1,0.6152802624215219
0,1,0.5959450941052125
0,0,0.12291879933745775
0,0,0.14397937382735265
0,0,0.1581813612475966
0,0,0.19547703503325917
0,0,0.14315591500830455
0,0,0.1319495287272682
0,0,0.14410552901968418
0,0,0.11889854885766242
0,0,0.12042757687539142
0,0,0.11834872366593002
0,0,0.10694683678063295
0,0,0.09952427021110041
0,0,0.09854772580635596
0,0,0.11374913494580413
0,0,0.12089021243199272
0,0,0.1088594867736771
0,0,0.10400013647254286
0,0,0.11022021183391528
0,0,0.09576988191231353
0,0,0.08218968648176324
0,0,0.0783739735660045
0,0,0.07963507051556307
0,0,0.08861823326545926
0,0,0.1031416003148514
0,0,0.10945689899052079
0,0,0.16118939752915012
0,0,0.16683715096477322
0,0,0.12559892178531665
0,0,0.22829279512554645
0,1,0.6625781802615215
0,1,0.6814193729000967
0,1,0.719537782369093
0,1,0.7753996373450301
0,1,0.7860064844893918
0,1,0.7754498621905884
0,1,0.6703028114485583
0,1,0.7191263713378233
0,1,0.7224928676695944
0,1,0.6935096516587923
0,1,0.7405057997879999
1,1,0.8213653374072887
1,1,0.7807504624988693
1,1,0.8038799468329019
1,1,0.7960828821894413
1,1,0.7672746066297143
1,1,0.7845146274896294
1,1,0.7728878580354226
1,1,0.7827290288201926
1,1,0.7729439978042235
1,1,0.7840770250618632
1,1,0.8002514056019472
0,0,0.228841299007663
0,0,0.15946479601185495
0,0,0.18194771509416127
0,0,0.2221234095862945
0,0,0.22524502117894143
0,0,0.18289660562508775
0,0,0.21810025368659275
0,0,0.2425536063005318
0,0,0.22795588993827906
0,0,0.19369160939655825
0,0,0.2157824543965776
0,0,0.19658326073972313
0,0,0.19580146726409783
0,0,0.23272881782020743
0,0,0.21227276096202477
0,0,0.2389338520951528
0,0,0.22561006585494361
0,0,0.21359096983114947
0,0,0.2342459514284767
0,0,0.24233837313401227
0,0,0.23700522211762054
0,0,0.20991802738124782
0,0,0.23767042267314328
0,0,0.25207285365907944
0,0,0.2635926832590574
0,0,0.26340656046048566
0,0,0.21630564622976572
0,0,0.2299138915227418
0,0,0.26202412829709176
0,0,0.22969052669931575
0,0,0.1901474413100849
0,0,0.19129681995024395
0,0,0.22137480667995693
0,0,0.28823373710336314
0,0,0.2766548612749355
0,0,0.2966232060424897
0,0,0.27810138533282136
0,0,0.2990334981230108
0,0,0.32547112742800133
0,0,0.30606011789693166
0,0,0.2879019316453412
0,0,0.27351534547518175
0,0,0.2747538366905558
0,0,0.27867696842453216
0,0,0.28541175344275493
0,0,0.30413873489299176
0,0,0.3135619482858363
0,0,0.2750911893799243
0,0,0.32403925398302846
0,0,0.3119767697398923
0,0,0.34191087671219234
0,0,0.38083220866997114
0,0,0.3125288648233801
0,0,0.31853599435610475
0,0,0.27581765523710705
0,0,0.33338327301823945
0,0,0.3577414410751279
0,0,0.315863782221591
0,0,0.32736594373025313
0,0,0.3149872865211976
0,0,0.32356452283500126
0,0,0.3224577780855074
0,0,0.3086290413173531
0,0,0.318951243161739
0,0,0.3169081766076596
0,0,0.30904498234692446
0,0,0.2923054057371442
0,0,0.2992759494811397
0,0,0.2642192156878421
0,0,0.23416369134218112
0,0,0.2701501512868403
0,0,0.255134701518449
0,0,0.31617580528124134
0,0,0.31664789673042826
0,0,0.29885337096535797
0,0,0.28601890797389296
0,0,0.29654904083612854
0,0,0.2625241528007437
0,0,0.23928098648893198
0,0,0.2759740693725189
0,0,0.2743726574452548
0,0,0.24178745577773736
0,0,0.282654697375466
0,0,0.30107796954602256
0,0,0.26155697964817287
0,0,0.2588959308925993
0,0,0.2566990279486119
0,0,0.26199497920042236
0,0,0.2698235279621147
0,0,0.2611905364713151
0,0,0.2902091340480396
0,0,0.2718337214012694
0,0,0.2652287188934562
0,0,0.2479251047485895
0,0,0.25147570153582427
0,0,0.25389674497757
0,0,0.2551072851730661
0,0,0.22333504954347194
0,0,0.2922553640723481
0,0,0.29397740800917194
0,0,0.3084703215749947
0,1,0.809481552515612
0,1,0.7655709933643
0,1,0.7729404683904536
0,1,0.7875572222946046
0,1,0.8141552052570883
0,1,0.81726711431934
0,1,0.8111620309000146
0,1,0.8051390597791717
0,1,0.8615425331728691
0,1,0.8688190272502437
0,1,0.8421895465245919
0,1,0.8963298534926397
0,1,0.90660151473309
0,1,0.857081327228925
0,1,0.8587543047010938
0,1,0.8366058242112362
0,1,0.8385680106736251
0,1,0.8512672441298784
0,1,0.8318404662374587
0,1,0.8819960303407457
0,1,0.8939759823885437
0,1,0.8578375113528003
0,1,0.7136881035775164
0,1,0.7822822556354937
0,1,0.7781083458225859
0,1,0.7621811522109452
0,1,0.7678505361550131
0,1,0.7552748195652574
0,1,0.7575469913654298
0,1,0.7700445801290394
0,1,0.7449504287829478
0,1,0.7674065822268373
0,1,0.7652276818122807
0,1,0.8672497029643564
0,1,0.8790604587190171
0,1,0.8902714902863059
0,1,0.8502966724478263
0,1,0.8575102509594162
0,1,0.865398867528667
0,1,0.8444852243863081
0,1,0.8469573598218426
0,1,0.8300942542107543
0,1,0.8222131504810695
0,1,0.8238008067704155
0,1,0.8692814609870936
0,1,0.8618063330781002
0,1,0.880122641159813
0,1,0.894251882275865
0,1,0.8505533776170476
0,1,0.8888481886521133
0,1,0.8781791609473215
0,1,0.8528163017767184
0,1,0.8732419622389925
0,1,0.8451604379745674
0,1,0.8960746244893862
0,0,0.2435532638263825
0,0,0.196160990592259
0,0,0.2488339776668331
0,0,0.22081753060882456
0,0,0.22825135159214058
0,0,0.2561907755739481
0,0,0.27862590209467625
0,0,0.2542639422292721
0,0,0.26403907984192315
0,0,0.27505586488664535
0,0,0.2552342107223126
0,0,0.24159737173506748
0,0,0.2035844981484861
0,0,0.21412693780185524
0,0,0.18693916255170948
0,0,0.15167566775522376
0,0,0.13664860585909153
0,0,0.15110873075902034
0,0,0.16143274670173743
0,0,0.19120531650524153
0,0,0.1626757677758306
0,0,0.22525512127908034
0,0,0.24618049872294379
0,0,0.22439336599503887
0,0,0.21627153790682516
0,0,0.21997839798575558
0,0,0.2198013431097557
0,0,0.21520370625203944
0,0,0.2177749201900191
0,1,0.8911950120227985
0,1,0.8739240163937719
0,1,0.9037482483248488
0,1,0.8700098003464523
0,1,0.8819737444247693
0,1,0.8592876143331363
0,1,0.8675239237459986
0,1,0.8222188397206819
0,1,0.8144166181015376
0,1,0.8655542708897583
0,1,0.8495044385958077
0,1,0.7769158490387217
0,1,0.7936584110216474
0,1,0.859731621982847
0,1,0.8590218550858352
0,1,0.8104587397697105
0,1,0.7719412455623508
0,1,0.7843417116822473
0,1,0.8420201392417335
0,1,0.8416749460363833
0,1,0.843375572735091
0,1,0.8372123387197321
0,0,0.2787718328858212
0,0,0.31066860724858947
0,0,0.3370865321175534
0,0,0.3325253695480462
0,0,0.280743579951355
0,0,0.30874284109896677
0,0,0.29670314401616976
0,0,0.2770368838862456
0,0,0.30565741066763863
0,0,0.262093024934611
0,0,0.2789386187215387
0,0,0.2711569362049252
0,0,0.3567177004582866
0,0,0.3146418799494058
0,0,0.2510467424672789
0,0,0.23079598717443645
0,0,0.2650702575999284
0,0,0.28093849888706296
0,0,0.3004171829671602
0,0,0.303015329971261
0,0,0.2621742131106812
0,0,0.25164368268633
0,0,0.2478860070672107
0,0,0.28795857560938937
0,0,0.3153689077652285
0,0,0.3687033055978028
0,0,0.3409585617493315
0,0,0.33750438098922053
0,0,0.3179123756863313
0,0,0.3118451441010271
0,0,0.3074312942075987
0,0,0.32683010919491723
0,0,0.3051652010025235
0,0,0.25854596227830473
0,0,0.24911439020650913
0,0,0.2632887174351987
0,0,0.26110392898399737
0,0,0.25929596210054556
0,0,0.2542451792960476
0,0,0.23048047053312057
0,0,0.2694517362704147
0,0,0.2797479193400957
0,0,0.3183566356943384
0,0,0.3025663086668082
0,0,0.31667664617945485
0,0,0.2694360978869462
0,0,0.29533536529051685
0,0,0.28073913725007094
0,0,0.25749943461318464
0,0,0.29820614732325984
0,0,0.30009716388480695
0,0,0.27035973402617985
0,0,0.2782874827793056
0,0,0.3242164919592981
0,0,0.3258933565607436
0,0,0.4369843394160512
0,0,0.41230052620219715
0,0,0.41326570298994086
0,0,0.41230052620219715
0,0,0.41230052620219715
0,0,0.41230052620219715
0,0,0.41230052620219715
0,0,0.41230052620219715
0,0,0.41326570298994086
0,0,0.41230052620219715
0,0,0.41230052620219715
0,0,0.41326570298994086
0,0,0.41230052620219715
0,0,0.41230052620219715
0,0,0.41230052620219715
0,0,0.41230052620219715
0,0,0.41230052620219715
0,0,0.41230052620219715
0,0,0.41326570298994086
0,0,0.41326570298994086
0,0,0.41230052620219715
0,0,0.41326570298994086
0,0,0.41326570298994086
0,0,0.41230052620219715
0,0,0.41326570298994086
0,0,0.41326570298994086
0,0,0.41326570298994086
0,0,0.41326570298994086
0,0,0.41326570298994086
0,0,0.41326570298994086
0,0,0.41326570298994086
0,0,0.41326570298994086
0,0,0.41326570298994086
0,0,0.41326570298994086
0,0,0.4155476186410096
0,0,0.4155476186410096
0,0,0.4155476186410096
0,0,0.41326570298994086
0,0,0.41326570298994086
0,0,0.412656916798472
0,0,0.412656916798472
0,0,0.41326570298994086
0,0,0.41326570298994086
0,0,0.41326570298994086
0,0,0.41326570298994086
0,0,0.44209179563364026
0,0,0.4414830094421714
0,0,0.444373711284709
0,0,0.444373711284709
0,0,0.444373711284709
0,0,0.4414830094421714
0,0,0.4155476186410096
0,0,0.4225094012557593
0,0,0.43794951620379485
0,0,0.41326570298994086
0,0,0.41326570298994086
0,0,0.41326570298994086
0,0,0.41326570298994086
0,0,0.4155476186410096
0,0,0.41326570298994086
0,0,0.41326570298994086
0,0,0.41326570298994086
0,0,0.41326570298994086
0,0,0.41326570298994086
0,0,0.4155476186410096
0,0,0.41326570298994086
0,0,0.41326570298994086
0,0,0.41326570298994086
0,0,0.41326570298994086
0,0,0.41326570298994086
0,0,0.41230052620219715
0,0,0.41230052620219715
0,0,0.41326570298994086
0,0,0.41230052620219715
0,0,0.41230052620219715
0,0,0.41230052620219715
0,0,0.41326570298994086
0,0,0.41326570298994086
0,0,0.41230052620219715
0,0,0.41326570298994086
0,0,0.41326570298994086
0,0,0.41326570298994086
0,0,0.41326570298994086
0,0,0.41326570298994086
0,0,0.41326570298994086
0,0,0.41230052620219715
0,0,0.41230052620219715
0,0,0.41326570298994086
0,0,0.4155476186410096
0,0,0.41326570298994086
0,0,0.41326570298994086
0,0,0.4155476186410096
0,0,0.4155476186410096
0,0,0.4155476186410096
0,0,0.412656916798472
0,0,0.412656916798472
0,0,0.41230052620219715
0,0,0.41230052620219715
0,0,0.41326570298994086
0,0,0.41326570298994086
0,0,0.41326570298994086
0,0,0.41326570298994086
0,0,0.41326570298994086
0,0,0.4155476186410096
0,0,0.41326570298994086
0,0,0.41326570298994086
0,0,0.4155476186410096
0,0,0.4155476186410096
0,0,0.41326570298994086
0,0,0.41230052620219715
0,0,0.41230052620219715
0,0,0.41326570298994086
0,0,0.4155476186410096
0,0,0.4155476186410096
0,0,0.4155476186410096
0,0,0.4155476186410096
0,0,0.412656916798472
0,0,0.412656916798472
0,0,0.41326570298994086
0,0,0.41326570298994086
0,0,0.4155476186410096
0,0,0.4155476186410096
0,0,0.4155476186410096
0,0,0.412656916798472
0,0,0.4155476186410096
0,0,0.4155476186410096
0,0,0.4155476186410096
0,0,0.4155476186410096
0,0,0.4155476186410096
0,0,0.4155476186410096
0,0,0.4155476186410096
0,0,0.4155476186410096
0,0,0.4155476186410096
0,0,0.412656916798472
0,0,0.412656916798472
0,0,0.412656916798472
0,0,0.412656916798472
0,0,0.412656916798472
0,0,0.4155476186410096
0,0,0.4155476186410096
0,0,0.4155476186410096
0,0,0.412656916798472
0,0,0.412656916798472
0,0,0.4155476186410096
0,0,0.4155476186410096
0,0,0.4155476186410096
0,0,0.4155476186410096
0,0,0.412656916798472
0,0,0.412656916798472
0,0,0.412656916798472
0,0,0.4155476186410096
0,0,0.4155476186410096
0,0,0.4155476186410096
0,0,0.412656916798472
0,0,0.4155476186410096
0,0,0.412656916798472
0,0,0.412656916798472
0,0,0.4155476186410096
0,0,0.4155476186410096
0,0,0.4155476186410096
0,0,0.412656916798472
0,0,0.4155476186410096
0,0,0.4155476186410096
0,0,0.4155476186410096
0,0,0.412656916798472
0,0,0.41326570298994086
0,0,0.41230052620219715
0,0,0.29314531768710916
0,0,0.3157526950960088
0,0,0.3058980022090656
0,0,0.2395261421888528
0,0,0.2637516390081211
0,0,0.27693382689934753
0,0,0.2749996659463485
0,0,0.3155452065936798
0,0,0.29504167420998584
0,0,0.2607988829436743
0,0,0.254050146135832
1,0,0.26015878470490245
1,0,0.2765317306596331
1,0,0.271735590472957
1,0,0.29904233325587143
1,0,0.2939040346391659
1,0,0.3114246109536234
1,0,0.28000311524192595
1,0,0.26971652036750754
1,0,0.23045607461952142
1,0,0.2730121972888936
1,0,0.27101817812623613
1,0,0.25040355340581993
1,0,0.2622348504218764
1,0,0.24213084471929502
1,0,0.26133131104765966
1,0,0.23200763534063765
1,0,0.23036826628047252
1,0,0.26101717204155833
1,0,0.24715744091430625
1,0,0.20340228249942385
1,0,0.15491206207074584
1,0,0.14882051766061621
1,0,0.2001354546101349
1,0,0.1924241714256505
1,0,0.1907560299419699
1,0,0.20092700096037738
1,0,0.21868861986719726
1,0,0.3250272118793706
1,0,0.32974683024126356
1,0,0.27404080319175483
1,0,0.2584145276706829
1,0,0.2613034732361321
1,0,0.26352077550121894
1,0,0.26937574414988047
1,0,0.2897461791025928
1,1,0.6662339264759474
1,1,0.7476719581671906
1,1,0.6910256723953885
1,1,0.6113095366781093
1,1,0.8077900700124501
1,1,0.8222774379596123
1,1,0.8134870518980936
1,1,0.8450328427049317
1,1,0.8251332878501805
1,1,0.7206732352090988
1,1,0.7597269626772852
1,1,0.7616046880462736
1,1,0.8020095563528966
1,1,0.5895662518859992
1,1,0.5887132075748613
1,1,0.8335503107015694
1,1,0.8219830387581801
1,1,0.828362129631222
1,1,0.7974016487672951
1,1,0.8092464740169456
1,1,0.8341879589648293
1,1,0.8284523403016593
1,1,0.7488070142366539
1,0,0.4908645759724483
1,0,0.4633539839023261
1,1,0.7473963531572398
1,1,0.762170720772287
1,1,0.7205290106427694
1,1,0.7689134494227795
1,1,0.7598720070317061
1,1,0.7446666880271157
1,1,0.7352241032764297
1,1,0.7190577080459682
1,1,0.6517778916423539
1,1,0.5761503774173029
1,1,0.6128785289930738
1,1,0.7197582655272835
1,1,0.8435582544842096
1,1,0.8040395927094237
1,1,0.804276816057158
1,1,0.8016563597438652
1,1,0.8073432405213705
1,1,0.787070851443017
1,1,0.7910305446596904
1,1,0.8092696911215472
1,1,0.7551152187658375
1,1,0.6432306015109555
1,1,0.6585417045111231
1,1,0.776556443822645
1,1,0.7642178276440308
1,1,0.7597999063934582
1,1,0.7461953887793513
1,1,0.7060789156351851
1,1,0.7009454515602077
1,1,0.6816720906871645
0,0,0.23327177051665005
0,0,0.3314244720391035
0,0,0.32653546922209725
0,0,0.2353280132031977
0,0,0.20189659418169956
0,0,0.15590449786594676
0,0,0.13376642000195718
0,0,0.23649346550846695
0,0,0.27252968291691027
0,0,0.21079545697432953
0,0,0.21832496649476266
0,0,0.15637746358579235
0,0,0.18063287738785655
0,0,0.17374351917132963
0,0,0.17366489451714087
0,0,0.20015087589991787
0,0,0.164466207960323
0,0,0.1990676269859647
0,0,0.17758809414707533
0,0,0.17880894602757708
0,0,0.17047229741389344
0,0,0.24893083107623654
0,0,0.22416572602238208
0,0,0.21866199324198388
0,0,0.26117591265103857
0,0,0.25634988398562286
0,0,0.21569906515451576
0,0,0.2224586431772978
0,0,0.2049866018141928
1,1,0.6339258813768557
1,1,0.6614985454570698
1,0,0.4954789990830394
1,1,0.7026679064407289
1,1,0.7273846494203776
1,1,0.6704838490733523
1,1,0.675625376121047
1,1,0.6835900440892304
1,1,0.686652835956743
1,1,0.6869851059066606
1,1,0.6364933105903008
1,1,0.8272358304821255
1,1,0.7696677082620051
1,1,0.7052639026401593
1,1,0.8049771802866122
1,1,0.8352481618433562
1,1,0.8792142168156617
1,1,0.8550861225553129
1,1,0.7342539348295553
1,1,0.7514883693210603
1,1,0.8378282638532788
1,1,0.8595730939633178
0,0,0.25583131873339565
0,0,0.2950966552073594
0,0,0.3090063701351076
0,0,0.3111204404221743
0,0,0.3063245405811889
0,0,0.2937139150366123
0,0,0.2898748286196628
0,0,0.28722044362422866
0,0,0.3021007562530949
0,0,0.3014170259960381
0,0,0.27491270652174654
0,0,0.2646925422061001
0,0,0.27198487088856377
0,0,0.3023665296293031
0,0,0.36701263016073676
0,0,0.32822521421193285
0,0,0.30559394460658645
0,0,0.30945780903581227
0,0,0.3033933801271365
0,0,0.25371286185294645
0,0,0.2544341377069505
0,0,0.2408040405007139
0,0,0.23986792987260908
0,0,0.24920698687673407
0,0,0.266894140317988
0,0,0.2309953808481452
0,0,0.26258297863048286
0,0,0.2649270952716471
0,0,0.2343591485343143
0,0,0.27038375894986505
0,0,0.23876389282335303
0,0,0.23096025591224018
0,0,0.22346581929341197
1,0,0.19148375002645948
1,0,0.22428561316627715
1,0,0.18737608201685416
1,0,0.2123113724448659
1,0,0.2058477743999643
1,0,0.20177049565295324
1,0,0.23039422265488751
1,0,0.21729751546401463
1,0,0.20037174979401787
1,0,0.20207226277173146
1,0,0.2038036323997401
1,0,0.19944223408354617
1,0,0.24431761860805776
1,0,0.30473654564583524
1,0,0.2937139575859797
1,0,0.2648114714394502
1,0,0.2564322662477098
1,0,0.2422657711276155
1,0,0.24060926447861525
1,0,0.24090714469111318
1,0,0.24416284134803096
1,0,0.2641174102589356
0,0,0.21052963934584323
0,0,0.22465442697314864
0,0,0.25489861000241876
0,0,0.2661607097088064
0,0,0.230436286269323
0,0,0.25761379796263517
0,0,0.2719790601001264
0,0,0.23479366880519545
0,0,0.2110496036409501
0,0,0.21874594981493853
0,0,0.23580751765884245
0,0,0.20912614189911183
0,0,0.2133151210261517
0,0,0.19331923839821308
0,0,0.18979411756678008
0,0,0.23217548386205625
0,0,0.21798020886377978
0,0,0.2497764850719723
0,0,0.24568984658391296
0,0,0.2319855887166059
0,0,0.2529653891433536
0,0,0.25080996066760763
0,0,0.19344414155477893
0,0,0.2197021922359048
0,0,0.2098057968981322
0,0,0.2611671486418954
0,0,0.21668054581522853
0,0,0.22009715260439186
0,0,0.16374025917209117
0,0,0.20932357396284737
0,0,0.23772478659040364
0,0,0.25877921436603696
0,0,0.23228078662310492
0,0,0.1350524527027552
0,0,0.15019994363872252
0,0,0.13795699901287395
0,0,0.1618828851097317
0,0,0.19405469064048775
0,0,0.1570020075802501
0,0,0.1459488446922093
0,0,0.18938257015946036
0,0,0.27054292701825905
0,0,0.26929684532619313
0,0,0.21715100654437655
0,0,0.1829768021864237
0,0,0.14883621196357383
1,1,0.741614960053065
1,1,0.7366486311317831
1,1,0.7427038177451653
1,1,0.7725274899107015
1,1,0.7640170158154007
1,1,0.6612657467220545
1,1,0.7665069690658208
1,1,0.7300594790549788
1,1,0.6383294737234607
1,1,0.6467369217429458
1,1,0.6195688067671112
1,1,0.7802334770244188
1,1,0.6548351949083924
1,1,0.6669358624932623
1,1,0.723221092422374
1,1,0.7269050957409064
1,1,0.7103832414590631
1,1,0.6686870380207776
1,1,0.624065355044466
1,1,0.5736810239091424
1,1,0.6749247306228762
1,1,0.6321893823434805
1,1,0.7869274619405858
1,1,0.6710302231414161
1,1,0.7427725346839186
1,1,0.7323233538778782
1,1,0.7359656705898457
1,1,0.7898551222882725
1,1,0.7001011260637676
1,1,0.7769193188171825
1,1,0.6779298835968767
1,1,0.6747410109482955
1,1,0.6104794458448876
0,1,0.70004955333529
0,1,0.6769924115854742
0,1,0.6567274537424603
0,1,0.5887594110671426
0,1,0.5345603937255714
0,1,0.6112596640911554
0,1,0.5680633829142337
0,1,0.5620531871687325
0,1,0.5382432345395766
0,1,0.5978950156747362
0,1,0.5917706956992589
1,1,0.6499372155372748
1,1,0.6284468513961169
1,1,0.6085512825619994
1,1,0.6204967158289889
1,1,0.5931975064167281
1,1,0.6169894084350293
1,1,0.6197616304564602
1,1,0.5883086441453003
1,1,0.5251283566905142
1,1,0.5590865188722046
1,1,0.5781241590995381
0,0,0.204420194914519
0,0,0.195670160419846
0,0,0.2128404883013372
0,0,0.19935328237132965
0,0,0.2215899012453776
0,0,0.22044879356422922
0,0,0.1451686800704916
0,0,0.1585822006859402
0,0,0.20051280772705643
0,0,0.2566566250248835
0,0,0.20296653180095067
0,0,0.25589072224806675
0,0,0.2544416387517088
0,0,0.24979978337365047
0,0,0.256935637494457
0,0,0.23484950206796298
0,0,0.17616798246787113
0,0,0.1474709138215424
0,0,0.1985824007843005
0,0,0.16294644355738838
0,0,0.1177285335962027
0,0,0.24111788742428394
0,0,0.23078456649446785
0,0,0.18905077882847973
0,0,0.19521397059996867
0,0,0.16825654992099806
0,0,0.1971842713247939
0,0,0.1837075487587221
0,0,0.20418950708392278
0,1,0.7268058775957329
0,1,0.7436135087306345
0,1,0.7544082731754906
0,1,0.7458869875664719
0,1,0.7608132425464857
0,1,0.7739003984649631
0,1,0.703032169082312
0,1,0.6631433139292401
0,1,0.6124838595846895
0,1,0.6473881481811061
0,1,0.6348702306180379
1,1,0.6982618350055475
1,1,0.6462236580338682
1,1,0.6679065215559956
1,1,0.6391017456697423
1,1,0.6651921456465678
1,1,0.7411991535215658
1,1,0.7222374418243653
1,1,0.6525885586692265
1,1,0.68510454457226
1,1,0.7333792357216454
1,1,0.7241359031198623
0,0,0.24362704138266267
0,0,0.2627222902393618
0,0,0.29177517697695743
0,0,0.2998268448497337
0,0,0.31357516359867804
0,0,0.3223527728465732
0,0,0.2855537742048168
0,0,0.26699481196954716
0,0,0.2560918484346283
0,0,0.2856780834488339
0,0,0.2646620622848259
0,0,0.28477148165736027
0,0,0.2513642847087912
0,0,0.2763342271362665
0,0,0.3236581335771314
0,0,0.29938902695379516
0,0,0.26575187845576703
0,0,0.3236783692822114
0,0,0.33514943939517394
0,0,0.2851926176100007
0,0,0.2738661168653989
0,0,0.3189540245016096
0,0,0.3278855797310372
0,0,0.3430092363128121
0,0,0.36174820145285663
0,0,0.33872245235444837
0,0,0.2852308311222525
0,0,0.3070628571822914
0,0,0.32533722944688065
0,0,0.3342282137957062
0,0,0.3357882202015729
0,0,0.36817600762573244
0,0,0.3539193350609745
0,0,0.24447473424117888
0,0,0.25056563887630223
0,0,0.3378998942649578
0,0,0.299149607672976
0,0,0.3008077959749647
0,0,0.26095241107678696
0,0,0.28738242734171054
0,0,0.30779061626465143
0,0,0.3118366938733408
0,0,0.2996225190746842
0,0,0.3330964224883814
0,0,0.33925366144798674
0,0,0.33295326342411685
0,0,0.33119228055423217
0,0,0.4247888685251923
0,0,0.4306345809537639
0,0,0.3710408223257114
0,0,0.3620665561177057
0,0,0.3816963385932663
0,0,0.392589854645017
0,0,0.3700959640070872
0,0,0.38534368279018577
0,0,0.41230052620219715
0,0,0.41326570298994086
0,0,0.41326570298994086
0,0,0.41326570298994086
0,0,0.41326570298994086
0,0,0.41326570298994086
0,0,0.41326570298994086
0,0,0.41326570298994086
0,0,0.41326570298994086
0,0,0.41326570298994086
0,0,0.41326570298994086
0,0,0.44112661884589655
0,0,0.4240676090614361
0,0,0.41326570298994086
0,0,0.41326570298994086
0,0,0.41326570298994086
0,0,0.41230052620219715
0,0,0.41230052620219715
0,0,0.41326570298994086
0,0,0.41326570298994086
0,0,0.41230052620219715
0,0,0.41230052620219715
0,0,0.41230052620219715
0,0,0.41326570298994086
0,0,0.41230052620219715
0,0,0.41230052620219715
0,0,0.41326570298994086
0,0,0.41326570298994086
0,0,0.41326570298994086
0,0,0.41326570298994086
0,0,0.41326570298994086
0,0,0.41326570298994086
0,0,0.41326570298994086
0,0,0.41326570298994086
0,0,0.41326570298994086
0,0,0.41326570298994086
0,0,0.41326570298994086
0,0,0.41326570298994086
0,0,0.41326570298994086
0,0,0.41326570298994086
0,0,0.41326570298994086
0,0,0.41326570298994086
0,0,0.41230052620219715
0,0,0.41230052620219715
0,0,0.41230052620219715
0,0,0.41230052620219715
1,0,0.41326570298994086
1,0,0.41230052620219715
1,0,0.41230052620219715
1,0,0.41326570298994086
1,0,0.41326570298994086
1,0,0.41326570298994086
1,0,0.41326570298994086
1,0,0.41326570298994086
1,0,0.41326570298994086
1,0,0.41326570298994086
1,0,0.41326570298994086
1,0,0.4146719059925952
1,0,0.41230052620219715
1,0,0.41326570298994086
1,0,0.41326570298994086
1,0,0.41326570298994086
1,0,0.41326570298994086
1,0,0.41326570298994086
1,0,0.41326570298994086
1,0,0.41326570298994086
1,0,0.41326570298994086
1,0,0.41326570298994086
1,0,0.44391437458167593
1,0,0.44487955136941965
1,0,0.44112661884589655
1,0,0.44112661884589655
1,0,0.44112661884589655
1,0,0.44112661884589655
1,0,0.44112661884589655
1,0,0.44112661884589655
1,0,0.44112661884589655
1,0,0.44209179563364026
1,0,0.44112661884589655
1,0,0.44112661884589655
1,0,0.44112661884589655
1,0,0.44112661884589655
1,0,0.44209179563364026
1,0,0.44209179563364026
1,0,0.44209179563364026
1,0,0.44209179563364026
1,0,0.44209179563364026
1,0,0.44209179563364026
1,0,0.44209179563364026
1,0,0.44209179563364026
1,0,0.44112661884589655
1,0,0.44112661884589655
1,0,0.44112661884589655
1,0,0.44112661884589655
1,0,0.44112661884589655
1,0,0.44112661884589655
1,0,0.44112661884589655
1,0,0.44391437458167593
1,0,0.44391437458167593
1,0,0.44112661884589655
1,0,0.44209179563364026
0,0,0.44112661884589655
0,0,0.44209179563364026
0,0,0.44209179563364026
0,0,0.42022748560469053
0,0,0.41230052620219715
0,0,0.41230052620219715
0,0,0.41326570298994086
0,0,0.41326570298994086
0,0,0.41230052620219715
0,0,0.41230052620219715
0,0,0.41230052620219715
0,0,0.41326570298994086
0,0,0.41326570298994086
0,0,0.41230052620219715
0,0,0.41230052620219715
0,0,0.41230052620219715
0,0,0.41230052620219715
0,0,0.41326570298994086
0,0,0.41326570298994086
0,0,0.41326570298994086
0,0,0.41230052620219715
0,0,0.41230052620219715
0,0,0.41326570298994086
0,0,0.41326570298994086
0,0,0.41230052620219715
0,0,0.41230052620219715
0,0,0.41230052620219715
0,0,0.41230052620219715
0,0,0.41326570298994086
0,0,0.41326570298994086
0,0,0.41835817273457726
0,0,0.42531995534932704
0,0,0.42531995534932704
0,0,0.41230052620219715
0,0,0.41835817273457726
0,0,0.419323349522321
0,0,0.41835817273457726
0,0,0.41230052620219715
0,0,0.41230052620219715
0,0,0.41230052620219715
1,0,0.4146719059925952
1,0,0.41326570298994086
1,0,0.41326570298994086
1,0,0.41326570298994086
1,0,0.41326570298994086
1,0,0.41326570298994086
1,0,0.41326570298994086
1,0,0.41326570298994086
1,0,0.41326570298994086
1,0,0.41326570298994086
1,0,0.41326570298994086
1,0,0.41326570298994086
1,0,0.41230052620219715
1,0,0.41230052620219715
1,0,0.41230052620219715
1,0,0.41230052620219715
1,0,0.41230052620219715
1,0,0.41230052620219715
1,0,0.41230052620219715
1,0,0.41230052620219715
1,0,0.41230052620219715
1,0,0.41326570298994086
1,0,0.41326570298994086
1,0,0.41326570298994086
1,0,0.41326570298994086
1,0,0.41230052620219715
1,0,0.41230052620219715
1,0,0.41230052620219715
1,0,0.41230052620219715
1,0,0.41230052620219715
1,0,0.41326570298994086
1,0,0.41326570298994086
1,0,0.41326570298994086
1,0,0.41230052620219715
1,0,0.41230052620219715
1,0,0.41230052620219715
1,0,0.41230052620219715
1,0,0.41230052620219715
1,0,0.4146719059925952
1,0,0.41835817273457726
1,0,0.43584077854688114
1,0,0.44391437458167593
1,0,0.44487955136941965
1,0,0.44391437458167593
1,0,0.44112661884589655
1,0,0.44112661884589655
1,0,0.44112661884589655
1,0,0.44112661884589655
1,0,0.44209179563364026
1,0,0.44112661884589655
1,0,0.44112661884589655
1,0,0.44209179563364026
1,0,0.44209179563364026
1,0,0.44209179563364026
1,0,0.44112661884589655
1,0,0.44112661884589655
1,0,0.4192623088169469
1,0,0.41230052620219715
1,0,0.41230052620219715
1,0,0.41326570298994086
1,0,0.41230052620219715
1,0,0.41230052620219715
1,0,0.41230052620219715
1,0,0.41326570298994086
1,0,0.41326570298994086
1,0,0.41230052620219715
0,0,0.1637720269636917
0,0,0.18440215820635436
0,0,0.17808868840310976
0,0,0.1349196282099809
0,0,0.13913265219009396
0,0,0.14914669700083588
0,0,0.12502399361798644
0,0,0.09945468729879021
0,0,0.1245386985676708
0,0,0.1219789350297056
0,0,0.12885186991935624
0,0,0.10976695193491266
0,0,0.1387559137135738
0,0,0.10342027714204274
0,0,0.08381813463596491
0,0,0.09810591851641982
0,0,0.09440237650744338
0,0,0.12308737232778613
0,0,0.16488463531782677
0,0,0.13051745218910096
0,0,0.1162416706747827
0,0,0.10834753862193498
0,0,0.11120018815674088
0,0,0.0807676993578295
0,0,0.09026879954680979
0,0,0.09234750492343972
0,0,0.12133474843542494
0,0,0.12921229324643752
0,0,0.1399993473002539
0,0,0.1422154358931991
0,0,0.09436092964057112
0,0,0.11402978620090211
0,0,0.12919855253086576
0,0,0.11639813005597674
0,0,0.07365048258436724
0,0,0.06774489253253801
0,0,0.0676932355497309
0,0,0.07965532406981062
0,0,0.09059295082702759
0,0,0.06540841175108503
0,0,0.08058824260477855
0,0,0.10950670122111911
0,0,0.07784655099298034
0,0,0.06294624297036078
0,0,0.06704137474487425
0,0,0.05492131654247943
1,1,0.6653204879313024
1,1,0.6136395284102268
1,1,0.6729697403719349
1,1,0.872114962873501
1,1,0.8662447789745513
1,1,0.7586580122965262
1,1,0.7613531647763659
1,1,0.7532754687034436
1,1,0.7423952505342082
1,1,0.7409071093937868
1,1,0.7591705957182308
1,1,0.8373905287418534
1,1,0.6789629566858499
1,1,0.6886450368004651
1,1,0.6840894693830415
1,1,0.7482314261605952
1,1,0.7407990296670781
1,1,0.768955637579132
1,1,0.773109241990339
1,1,0.7633605615302613
1,1,0.7589176229171681
1,1,0.7752344071883407
1,1,0.6970965265597241
1,1,0.754967040505695
1,1,0.7600051747129131
1,1,0.77335361191862
1,1,0.7563227526405811
1,1,0.7599601055881335
1,1,0.7769875565446998
1,1,0.7437742388470708
1,1,0.7637734898404499
1,1,0.7475870392064731
1,1,0.7414287787876368
1,1,0.716475211918111
1,1,0.7464135106511784
1,1,0.7287022597071763
1,1,0.7187787813028848
1,1,0.6534512632465486
1,1,0.608350761378676
1,1,0.6136025170871211
1,1,0.6287041633611856
1,1,0.6274362862535459
1,1,0.6582530278952278
1,1,0.6488239657864412
1,1,0.835955290542578
1,1,0.7971772529818321
1,1,0.7459938959259863
1,1,0.740798366401054
1,1,0.7137491275639877
1,1,0.7154870150744042
1,1,0.730627741941778
1,1,0.7378293565034394
1,1,0.7529973258115389
1,1,0.7160957319117314
1,1,0.7410029619657394
0,0,0.17543927354357597
0,0,0.1438298006784895
0,0,0.11015817590355816
0,0,0.10567848249545479
0,0,0.14699092713995832
0,0,0.13166316675706435
0,0,0.13287389959338225
0,0,0.1235436895136032
0,0,0.11083952236384963
0,0,0.10954048378113806
0,0,0.16339740822581114
0,0,0.19690628391824405
0,0,0.17783426351641743
0,0,0.17409428651117836
0,0,0.15944845467456073
0,0,0.1878231122754952
0,0,0.1818338473924422
0,0,0.21107778531353333
0,0,0.17597386850441385
0,0,0.2045451697434401
0,0,0.18507882798676295
0,0,0.17424142845033316
0,0,0.1732973513155715
0,0,0.1792608967865965
0,0,0.1407842279255182
0,0,0.14819059717492097
0,0,0.15993618426833509
0,0,0.21261557420081229
0,0,0.18836447422858882
0,1,0.777181360924832
0,1,0.772614033311547
0,1,0.7307349204683758
0,1,0.6679860262011649
0,1,0.6600114306466274
0,1,0.7067059099218643
0,1,0.6515280765583098
0,1,0.6426658575904259
0,1,0.725395720749447
0,1,0.7493385229912275
0,1,0.6404243460793521
1,1,0.8084029948202317
1,1,0.8248177329429054
1,1,0.8067249527521408
1,1,0.7797939793652162
1,1,0.7780828829325772
1,1,0.7785273777409988
1,1,0.8170809888506543
1,1,0.9001535485213039
1,1,0.9067603354375283
1,1,0.824170778755919
1,1,0.77125097958531
1,0,0.2568875712986583
1,0,0.12912159138872922
1,0,0.1375460159200032
1,0,0.13179601158064444
1,0,0.10759014018258965
1,0,0.12082286061990381
1,0,0.10100158573208894
1,0,0.11838232606123142
1,0,0.10442229160994883
1,0,0.1444889698566141
1,0,0.14082062211722163
1,0,0.12889094156291778
1,0,0.15677113409337654
1,0,0.15438874528976307
1,0,0.16247971628752464
1,0,0.1747010264927269
1,0,0.22026907715361901
1,0,0.2256981902681293
1,0,0.20903522098067603
1,0,0.22643382112479768
1,0,0.21616942032257072
1,0,0.21429741838895666
1,0,0.23144662760783677
1,0,0.24093009524563924
1,0,0.1606452842914946
1,0,0.1924985031781607
1,0,0.20560808263303468
1,0,0.217044129255628
1,0,0.2079958115600636
1,0,0.20846130196782398
1,0,0.2491136678159956
1,0,0.25484037318900554
1,0,0.2183054190890169
1,0,0.1158245526562454
1,0,0.13309935461239072
1,0,0.15513904917559138
1,0,0.1885715906425479
1,0,0.19655827607834683
1,0,0.20337441564358763
1,0,0.1971098529672509
1,0,0.19186903729066682
1,0,0.1651839891917676
1,0,0.1992437611003149
1,0,0.23724738180534483
1,0,0.263323233483822
1,0,0.27332352336519905
1,0,0.27057425956230946
1,0,0.2387472375352526
1,0,0.20665966664342428
1,0,0.16449254669984825
1,0,0.1680355640230619
1,0,0.1934192483899695
1,0,0.17908424919706437
1,0,0.1635693315030631
1,0,0.15509653284691574
0,0,0.11728419949075156
0,0,0.10869405247102833
0,0,0.15151638128761172
0,0,0.16378636616417017
0,0,0.12191118349488103
0,0,0.1411246556585602
0,0,0.16403024700431473
0,0,0.18272385947193237
0,0,0.2018872948846396
0,0,0.22638649260002938
0,0,0.29760084970818157
0,0,0.2042747171541623
0,0,0.18647556365908124
0,0,0.19789155521661148
0,0,0.1758069277083553
0,0,0.15240372995679746
0,0,0.1708245622435438
0,0,0.14623339628522064
0,0,0.15671496302132323
0,0,0.21157416118814673
0,0,0.1840309976959519
0,0,0.16796433478330067
0,0,0.14436213368932604
0,0,0.14878642085226565
0,0,0.14542374142438422
0,0,0.13974475764683458
0,0,0.15564380182100987
0,0,0.13195861320003985
0,0,0.18682516686330583
0,0,0.19205217480102896
0,0,0.16469231468428405
0,0,0.15587119452511058
0,0,0.18705078046532173
0,0,0.1854315148589981
0,0,0.2156968100032864
0,0,0.2725016830585465
0,0,0.19423384482302034
0,0,0.17065345552242708
0,0,0.18460573029655233
0,0,0.18808363679771983
0,0,0.16958277713874348
0,0,0.20341509228072183
0,0,0.1759530512667146
0,0,0.20252549818666726
0,0,0.22200861173379566
0,0,0.21224881725019457
1,1,0.7482281284553559
1,1,0.7495531905860092
1,1,0.7493777798436638
1,1,0.7495938535796823
1,1,0.7437377993949725
1,1,0.7407379968177645
1,1,0.7621309835760322
1,1,0.8348375350944666
1,1,0.8650696378171695
1,1,0.8785739965492063
1,1,0.8935908868494054
1,1,0.8392873105691036
1,1,0.819670629520109
1,1,0.8537437590130437
1,1,0.8518405884181439
1,1,0.8209900494864404
1,1,0.8199494025968636
1,1,0.811669763416791
1,1,0.8397216947364669
1,1,0.8295139096989093
1,1,0.839336668204589
1,1,0.7790979491632397
1,1,0.7378298088454911
1,1,0.767274396415084
1,1,0.7263251812242316
1,1,0.7720099372897318
1,1,0.7222397875343733
1,1,0.6924167925431013
1,1,0.737853717995541
1,1,0.7209356922555756
1,1,0.7344217715901512
1,1,0.7340361952323441
1,1,0.7065725597207355
1,1,0.8802502300414882
1,1,0.8915005415452179
1,1,0.8503520538445628
1,1,0.8749800589386099
1,1,0.8745123606659397
1,1,0.8493447518308004
1,1,0.817833164181924
1,1,0.8898904167294291
1,1,0.9057135279386586
1,1,0.8879350637824673
1,1,0.8414412346580668
1,1,0.9119326529173004
1,1,0.8437307248541787
1,1,0.8054028293924533
1,1,0.9083055212485044
1,1,0.8927573033266464
1,1,0.8116471302322857
1,1,0.8165989836019284
1,1,0.8594280225551063
1,1,0.8302690961038293
1,1,0.7871022948518962
1,1,0.8025120044647203
1,0,0.13955095788153987
1,0,0.12032519945795463
1,0,0.13218271282366395
1,0,0.16173490887956418
1,0,0.14764176328532141
1,0,0.24990719163095668
1,0,0.30311221101266916
1,0,0.15937141442539426
1,0,0.18496840424989983
1,0,0.177024166376413
1,0,0.17766439320132932
1,0,0.16947283450145356
1,0,0.20579592010936276
1,0,0.20179493315816022
1,0,0.20734942244644716
1,0,0.2318056892485586
1,0,0.2552344479904225
1,0,0.25956951027728664
1,0,0.2574988075206408
1,0,0.25849005926849405
1,0,0.27574967164427927
1,0,0.22397035143663083
1,0,0.1994853209803189
1,0,0.20727495055339834
1,0,0.21517093752091435
1,0,0.189268030994887
1,0,0.19272920998451648
1,0,0.22033077269928675
1,0,0.23189816681236658
1,1,0.7485001561024939
1,1,0.8365827025710544
1,1,0.8618063302692985
1,1,0.8702880073611473
1,1,0.8802819532750761
1,1,0.8611941988803663
1,1,0.8189868668947389
1,1,0.7987792471053636
1,1,0.7854335363710198
1,1,0.818387762420282
1,1,0.8234478664382704
0,1,0.726579173847139
0,1,0.7324632878608149
0,1,0.7115565228949384
0,1,0.6750743090085475
0,1,0.696763211847087
0,1,0.6950702022250498
0,1,0.6834618467382573
0,1,0.6722720595145298
0,1,0.6774277333701094
0,1,0.6830457239986565
0,1,0.6754245479413845
0,0,0.2573440706415322
0,0,0.33643869799485754
0,0,0.3374505833448718
0,0,0.334841789949661
0,0,0.36377100520618555
0,0,0.35801667712596213
0,0,0.35274545670712987
0,0,0.34172069781806774
0,0,0.312947057045593
0,0,0.31186560469709174
0,0,0.33577591355639763
0,0,0.29368196222970844
0,0,0.2791271322543589
0,0,0.272424388033829
0,0,0.3097648872659324
0,0,0.2920306869804949
0,0,0.31075858496481074
0,0,0.3151307867565313
0,0,0.3118473917880107
0,0,0.32997885733326876
0,0,0.3096399230942252
0,0,0.34073382771988464
0,0,0.26929170951196435
0,0,0.3123726170102424
0,0,0.2573949093636734
0,0,0.2821001152667357
0,0,0.27419353540385843
0,0,0.2781391181998247
0,0,0.25116556166196097
0,0,0.27896147956765033
0,0,0.27622689505581727
0,0,0.25543578128098515
0,0,0.2564626773821931
0,0,0.27416342085886164
0,0,0.29934832490312074
0,0,0.34832964551545237
0,0,0.33588084868455736
0,0,0.3172116220304063
0,0,0.33456098171363735
0,0,0.27128470665708887
0,0,0.2910288956588281
0,0,0.2794332347042612
0,0,0.3044246335582989
0,0,0.29220723566241447
0,0,0.297599267128179
0,0,0.3051761866860808
0,0,0.32558693415977097
0,0,0.3071621599851094
0,0,0.3082379578657183
0,0,0.30484918772553804
0,0,0.3387432514887378
0,0,0.30606471407715735
0,0,0.32000390614437374
0,0,0.3152772914713439
0,0,0.3327623407718548
