Actual,Predicted,Probability
0,0,0.2360916558125293
0,0,0.19557003775389525
0,0,0.14849904050442517
0,0,0.18809524304876654
0,0,0.17575032399621918
0,0,0.1617661878538059
0,0,0.1772082424708901
0,0,0.16828010590111883
0,0,0.17563500044611577
0,0,0.18548209035075786
0,0,0.160006866137166
0,0,0.2722071232899643
0,0,0.3074885856145863
0,0,0.19953047123412293
0,0,0.18457247156777565
0,0,0.19573539296248146
0,0,0.19247835683139122
0,0,0.2231993526484208
0,0,0.1736930551476316
0,0,0.21241213881249635
0,0,0.19314536267398594
0,0,0.22392005105743554
0,0,0.21800169171349776
0,0,0.22568856601498866
0,0,0.22774770669958572
0,0,0.22603995715247627
0,0,0.2194806091644926
0,0,0.2110395911311083
0,0,0.2048739056784746
0,0,0.2147104518879501
0,0,0.2127365118393513
0,0,0.20937436899654993
0,0,0.24264434443851596
0,0,0.20900500463814306
0,0,0.21840715861862217
0,0,0.16451445442366766
0,0,0.16587126803185512
0,0,0.1960507517793385
0,0,0.15147907906165167
0,0,0.13186311924675004
0,0,0.15546605805872585
0,0,0.14654139244981423
0,0,0.13819784187574402
0,0,0.15398991411887092
0,0,0.192831193522868
0,0,0.12510206245116737
1,1,0.5784268541953186
1,1,0.5350426117946289
1,1,0.5254657060038379
1,1,0.5367311458998267
1,1,0.5594711339666832
1,1,0.5094276304538168
1,1,0.5723445839422521
1,1,0.575225525731359
1,1,0.5907402163610691
1,1,0.5893120830317495
1,1,0.5893168151473615
0,1,0.5688492502024254
0,1,0.6239239193341745
0,1,0.6135386467541182
0,1,0.6018358417678336
0,1,0.6247315622122648
0,1,0.6168261849060346
0,1,0.6532987610096945
0,1,0.6361005532857509
0,1,0.6452094816579514
0,1,0.5858908248482408
0,1,0.6216644917612834
1,1,0.8058657577949401
1,1,0.8383213524807832
1,1,0.8414423727434136
1,1,0.7746478282973471
1,1,0.7806869053113782
1,1,0.8404069999076229
1,1,0.8109779191058667
1,1,0.829108517914798
1,1,0.8492547899897633
1,1,0.8207152799667347
1,1,0.800332013482464
0,1,0.7308600960000321
0,1,0.7463017793201908
0,1,0.7037575702670158
0,1,0.6693276693591257
0,1,0.6612509932191815
0,1,0.5432893816859127
0,1,0.5526071719641018
0,1,0.5678711229665211
0,1,0.5595548530980377
0,1,0.5510703249792247
0,0,0.4846254404531873
1,1,0.7891346032415437
1,1,0.7949305871073684
1,1,0.830552222917707
1,1,0.7820635685879893
1,1,0.6425840700623929
1,1,0.6374395445168756
1,1,0.6259476134066317
1,1,0.6215578842076807
1,1,0.6105711829086613
1,1,0.6497114814481832
1,1,0.6555604867425694
0,0,0.2684896200231877
0,0,0.23741214846388242
0,0,0.2362464399364935
0,0,0.221737467673916
0,0,0.2137012914129354
0,0,0.21975345183738862
0,0,0.22981709241257792
0,0,0.22544790377864657
0,0,0.23141559253684674
0,0,0.24381298861091732
0,0,0.2822127243805469
0,0,0.2724807549595801
0,0,0.27734316526573954
0,0,0.29555998107412823
0,0,0.2862872532106912
0,0,0.2141576285216859
0,0,0.18395935813404243
0,0,0.11365222575441872
0,0,0.16779481165264168
0,0,0.22719927170842572
0,0,0.1949791782841845
0,0,0.18029773524991913
0,0,0.23693942920206829
0,0,0.23383111704866866
0,0,0.2160023424018167
0,0,0.2141522320523079
0,0,0.22287715406016276
0,0,0.2033072712255646
0,0,0.2036975578559725
1,1,0.7545507634708452
1,1,0.7809864429859761
1,1,0.8087956464969523
1,1,0.7811378606991477
1,1,0.7841410720592683
1,1,0.7649505716914252
1,1,0.7652366192249
1,1,0.7294587184832823
1,1,0.7623538435992713
1,1,0.7338535185677802
1,1,0.7690830000928601
0,1,0.5885712768867803
0,1,0.7128283241752412
0,1,0.7335411051405581
0,1,0.7316763114300118
0,1,0.7338491912886308
0,1,0.7443464432472442
0,1,0.757729099981483
0,1,0.7709174640727514
0,1,0.7666556742317429
0,1,0.7621491638919086
0,1,0.7434789381604321
0,0,0.1810703777683064
0,0,0.19071926138355258
0,0,0.1973463119362777
0,0,0.15458959576047243
0,0,0.1820952454924629
0,0,0.17029745256119264
0,0,0.14085708798211438
0,0,0.1551376873420652
0,0,0.16029028993421998
0,0,0.1482996602923761
0,0,0.14696385108154358
0,0,0.14394105655193393
0,0,0.15163297566665432
0,0,0.17616801785334515
0,0,0.1719445675782331
0,0,0.18685796948912134
0,0,0.15474565640748364
0,0,0.16724330258804504
0,0,0.13861394236715557
0,0,0.1800639832257747
0,0,0.2012110308650594
0,0,0.2244031342774757
0,0,0.20541636056509296
0,0,0.1923470000695139
0,0,0.22849558548615798
0,0,0.20803762989391014
0,0,0.23825308121498598
0,0,0.22288277252905067
0,0,0.23534642617698753
0,0,0.2179210793991739
0,0,0.2335944856495585
0,0,0.20778415093500566
0,0,0.1875112921076066
0,0,0.16116792067335747
0,0,0.17087134157172973
0,0,0.180812394420593
0,0,0.18107736019558757
0,0,0.18432994545516238
0,0,0.18358278538320327
0,0,0.1771502191602625
0,0,0.16297450703001132
0,0,0.16663373150017147
0,0,0.18666657400085196
0,0,0.16866159083462165
0,0,0.1744167180643821
0,0,0.17718572945756964
0,0,0.18644493529132977
0,0,0.16661658094216267
0,0,0.19225558288831068
0,0,0.18888415698907082
0,0,0.1844307825912866
0,0,0.17757018270501834
0,0,0.17775929435867555
0,0,0.16374616674293496
0,0,0.16508334848296216
0,0,0.28212270048490856
0,0,0.21076080319218538
0,0,0.21873463213688307
0,0,0.18227990797090007
0,0,0.26220157232895513
0,0,0.2844788527311141
0,0,0.2459040719453635
0,0,0.2431398661860835
0,0,0.24645561953732453
0,0,0.21518164715642413
0,0,0.24337483885541553
0,0,0.20532930640063843
0,0,0.18636009930185848
0,0,0.22605866190983348
0,0,0.18096433045519142
0,0,0.16710433481955683
0,0,0.2051589527336185
0,0,0.2224133143914388
0,0,0.272501404553394
0,0,0.23802553717887018
0,0,0.2698368014247132
0,0,0.26287332513918465
0,0,0.19594542042485574
0,0,0.2026342776450729
0,0,0.29420858469737854
0,0,0.31836412205095926
0,0,0.23670877784278638
0,0,0.25760702792759277
0,0,0.20812759460389818
0,0,0.21736924090273121
0,0,0.22539689682864938
0,0,0.20486093133334815
0,0,0.17816588023827973
0,0,0.19211929207669917
0,0,0.20943417099403003
0,0,0.2527051933352251
0,0,0.19330622083811452
0,0,0.2206242549625105
0,0,0.22678644341707596
0,0,0.23124218173331434
0,0,0.19814480339289883
0,0,0.25030669052659016
0,0,0.19604896767932176
0,0,0.17795261519843636
0,0,0.20767117618874636
0,0,0.22027619223864622
1,1,0.6003600086491957
1,1,0.5724852988495612
1,1,0.5457482688057792
1,1,0.584724589327428
1,1,0.6206493335686704
1,1,0.6613736736542954
1,1,0.7282813852438843
1,1,0.6389183404827361
1,1,0.6835207508095668
1,1,0.6056273019197438
1,1,0.5126796844445429
1,1,0.6153874476702776
1,1,0.6252615565565942
1,1,0.5754281523492962
1,1,0.6241438148716132
1,1,0.6713502257849214
1,1,0.6801314637333274
1,1,0.7043999401839348
1,1,0.6894564173644823
1,1,0.6376063334527915
1,1,0.6746612974106762
1,1,0.645522012606059
1,1,0.8235940459179133
1,1,0.7018494418882958
1,1,0.7357279918393271
1,1,0.7273620224766492
1,1,0.7590699471191446
1,1,0.7358312469920822
1,1,0.6863189606470215
1,1,0.6638742788836376
1,1,0.6974377394574492
1,1,0.6624035794168093
1,1,0.720527193626048
1,1,0.5996932896742468
1,1,0.7121720453704627
1,1,0.702857281174266
1,1,0.6465762558847986
1,1,0.7107806037618846
1,1,0.7329997114674398
1,1,0.7343615845915322
1,1,0.7415696009153084
1,1,0.7229492913622082
1,1,0.7249529788114927
1,1,0.7040374576811618
1,1,0.7870965848888409
1,1,0.812473513361428
1,1,0.797726992203559
1,1,0.8114832590483705
1,1,0.6306101844011626
1,1,0.6711350313382073
1,1,0.73874665786625
1,1,0.8190049676811414
1,1,0.8279855562729191
1,1,0.5666202641675572
1,0,0.35037652829541854
0,0,0.3124273748762716
0,0,0.29032714101234786
0,0,0.3032091101015802
0,0,0.28929309198695463
0,0,0.2976674900319775
0,0,0.31583238401700187
0,0,0.2377690407483219
0,0,0.2261173613915269
0,0,0.18651000907323007
0,0,0.1580637556777549
0,0,0.18691878002300533
0,0,0.1629055993226734
0,0,0.15694411921779555
0,0,0.15437452014661557
0,0,0.19202033486849757
0,0,0.20514387608528964
0,0,0.24043813516551119
0,0,0.2429674877972463
0,0,0.17137687528934575
0,0,0.1742867344696657
0,0,0.19715123201156634
0,0,0.1583954113514446
0,0,0.14678250005147986
0,0,0.18905011094559462
0,0,0.13518872975900909
0,0,0.11521859023832728
0,0,0.2027291826892217
0,0,0.18356690629468195
0,0,0.217695872070632
1,1,0.729878677757798
1,1,0.6852778641039013
1,1,0.7252941734305584
1,1,0.7729907626010614
1,1,0.7388429578346369
1,1,0.7380293983087403
1,1,0.6561617206870932
1,1,0.6556297421597043
1,1,0.7132294074711819
1,1,0.7028697088743057
1,1,0.5320376085832262
1,1,0.7932290334038841
1,1,0.7899726393463304
1,1,0.8309952652910481
1,1,0.7868673401992586
1,1,0.7857040224725428
1,1,0.8241496533465955
1,1,0.7924347642765881
1,1,0.8064320962777275
1,1,0.8033301731286058
1,1,0.7900007239816058
1,1,0.790693366880637
1,0,0.2080649199888162
1,0,0.21622631686936425
1,0,0.26137771658223896
1,0,0.22631094514354647
1,0,0.2253448498027183
1,0,0.2309514455754346
1,0,0.2098308795227719
1,0,0.2490675556048524
1,0,0.1964573959631032
1,0,0.2494273945193622
1,0,0.26988604494393925
1,0,0.27681956035111194
1,0,0.28338754417864576
1,0,0.24003698418378608
1,0,0.24738970029385932
1,0,0.2696634348278239
1,0,0.29507038689811793
1,0,0.27561747693745225
1,0,0.2673952171532246
1,0,0.26791183642457905
1,0,0.2843126040998764
1,0,0.2354806039884432
1,0,0.268390558357833
1,0,0.2842654357417094
1,0,0.3014641220063721
1,0,0.312965191235685
1,0,0.2892532625523093
1,0,0.29392648227089824
1,0,0.30850633701366137
1,0,0.32027727073343226
1,0,0.31574939167674343
1,0,0.2474651008857856
1,0,0.25382193101615685
1,0,0.3291146183059449
1,0,0.2622707437135534
1,0,0.270354103129646
1,0,0.3183288416219167
1,0,0.3028100804388988
1,0,0.20891675152107964
1,0,0.264799826170016
1,0,0.2800537707603913
1,0,0.30427634570178524
1,0,0.3004899275272264
1,0,0.2988157127400518
1,0,0.2830721545628352
1,0,0.2675520735826502
1,0,0.2741252405624513
1,0,0.2792456852768336
1,0,0.24864592350406484
1,0,0.270647318362357
1,0,0.23450000325219253
1,0,0.25496630558731126
1,0,0.24768184377418476
1,0,0.23943323564611382
1,0,0.24018579538852214
0,0,0.3648435632581694
0,0,0.3392837514712908
0,0,0.3746991791077909
0,0,0.32602873748873473
0,0,0.3127544648694281
0,0,0.3378792527733274
0,0,0.29054857786048777
0,0,0.27121943480581623
0,0,0.272497525017051
0,0,0.30990288173838143
0,0,0.3400350894822526
0,0,0.2869915229017234
0,0,0.3401075436267121
0,0,0.3031859137502636
0,0,0.28367666738822206
0,0,0.2929556034083036
0,0,0.3115489120480487
0,0,0.3408332179665793
0,0,0.31871969385787385
0,0,0.2928746273934558
0,0,0.2569230678165449
0,0,0.27886661783453814
0,0,0.3064654493378332
0,0,0.2840345706533352
0,0,0.29057329345011595
0,0,0.34548338904875886
0,0,0.3071259935565269
0,0,0.321206191555079
0,0,0.2734971980159623
0,0,0.31750417587147045
0,0,0.2946067269056729
0,0,0.2946951023739587
0,0,0.27061889146560664
0,0,0.35208257478619354
0,0,0.30182858855967043
0,0,0.31322816878061244
0,0,0.35193883679230764
0,0,0.24357924885661997
0,0,0.25877160371783536
0,0,0.2404655932399478
0,0,0.26388480750162335
0,0,0.3234315678429431
0,0,0.4026227075421768
0,0,0.36149737426335316
0,0,0.3551482004186956
0,0,0.26344261119472867
0,1,0.7814755272497688
0,1,0.7690690204511758
0,1,0.7835361682556293
0,1,0.7925444543689626
0,1,0.7621270698545046
0,1,0.8459754902795147
0,1,0.8761432405475016
0,1,0.8382521589121386
0,1,0.8448578507017259
0,1,0.8555331646795244
0,1,0.8484651201464563
1,1,0.6579864626888334
1,1,0.8634999367818732
1,1,0.8392942701457615
1,1,0.8398169273056384
1,1,0.8660959970139696
1,1,0.8239934683462983
1,1,0.8486437266068704
1,1,0.8244183132050678
1,1,0.8542944165428653
1,1,0.8339598833258088
1,1,0.7743079557257103
1,1,0.8525621169447571
1,1,0.86339940105777
1,1,0.8403526551578845
1,1,0.8541310811186206
1,1,0.8588885043585026
1,1,0.7922237104983979
1,1,0.8568782449575223
1,1,0.8672364050594669
1,1,0.8709170989637078
1,1,0.8092829419161511
1,1,0.6160037914885362
0,1,0.8756923570890812
0,1,0.8441227866321478
0,1,0.8144220706999339
0,1,0.8649133468024637
0,1,0.8083624960286077
0,1,0.794766082913739
0,1,0.8101483525782656
0,1,0.8318381549495371
0,1,0.8285861168637001
0,1,0.856962713247003
0,1,0.7138776548824728
1,1,0.843449983820082
1,1,0.865653791298017
1,1,0.8395546276774113
1,1,0.8172137387690652
1,1,0.7842601061654335
1,1,0.7789971954921903
1,1,0.7914675841520054
1,1,0.7298867443467267
1,1,0.6221971124389757
1,0,0.3733926765293137
1,0,0.35366618638359415
0,0,0.21065678288190154
0,0,0.25914474122588854
0,0,0.2753843087221676
0,0,0.26104065062674453
0,0,0.27468897808690157
0,0,0.35256406926435363
0,0,0.32808350213028803
0,0,0.3067335604377676
0,0,0.2835873627962355
0,0,0.2457625604326103
0,0,0.25843248951571474
0,0,0.3314058518789327
0,0,0.36849726501051144
0,0,0.3297545132709321
0,0,0.30626857686529546
0,0,0.24641918525123896
0,0,0.23350281644439871
0,0,0.24218867462595953
0,0,0.2765461153244566
0,0,0.22705286978686595
0,0,0.22733395640439585
0,0,0.259675679263609
0,0,0.2341911605906654
0,0,0.20059657243531911
0,0,0.22213091031667972
0,0,0.22776373913212555
0,0,0.23000180795356798
0,0,0.21430861946202812
0,0,0.20118958058402966
1,1,0.8436833648198612
1,1,0.8499928578323345
1,1,0.832418957859379
1,1,0.8696884979495648
1,1,0.8209114410335318
1,1,0.8360713018496015
1,1,0.8024383788640357
1,1,0.7644824776319904
1,1,0.7700393318846058
1,1,0.8271470219452397
1,1,0.7865897965047941
1,1,0.8234921380166313
1,1,0.8267578022394944
1,1,0.8275755680266984
1,1,0.8232916965389436
1,1,0.8715850161426002
1,1,0.8721987008201268
1,1,0.8703096082887184
1,1,0.8607774268691712
1,1,0.8415304074234408
1,1,0.8625122224450226
1,1,0.8740761824052693
0,0,0.3229996368278519
0,0,0.3608116728889243
0,0,0.3395020688136155
0,0,0.22805718110188242
0,0,0.21186870799029398
0,0,0.2715261955839626
0,0,0.2738233793321958
0,0,0.23713809115035364
0,0,0.28160257135142586
0,0,0.2324880858038526
0,0,0.29301142034287514
0,0,0.42662148008409484
0,0,0.333446118799481
0,0,0.247194823517093
0,0,0.2691654567359388
0,0,0.3199211040293296
0,0,0.3382060306817513
0,0,0.34787629588613245
0,0,0.3263487921009757
0,0,0.28837478021853735
0,0,0.36912064459332433
0,0,0.328348134622858
0,0,0.3474678761935799
0,0,0.36376632093349237
0,0,0.32333779976858523
0,0,0.2171855985134656
0,0,0.2057329760197973
0,0,0.15978040043085812
0,0,0.2436578762366542
0,0,0.27749715705934586
0,0,0.24453179704502553
0,0,0.32220505594427074
0,0,0.35907975408553905
0,0,0.18037046949475893
0,0,0.21249846346073384
0,0,0.1922108586812934
0,0,0.16535537873688724
0,0,0.17867683372939136
0,0,0.21842499210854502
0,0,0.2545037435331945
0,0,0.2239105224899032
0,0,0.21681595047211114
0,0,0.21319529182219643
0,0,0.22243427722854134
0,0,0.34492857884787265
0,0,0.31382195434396176
0,0,0.28153495531306366
0,0,0.275661493651014
0,0,0.27304971861389715
0,0,0.2728582806203612
0,0,0.26509920857305597
0,0,0.28461944288589036
0,0,0.28193976515298136
0,0,0.28215858789781995
0,0,0.28840394533539215
0,0,0.24837417459155042
0,0,0.24266956461659853
0,0,0.24943754756513453
0,0,0.30941080427491935
0,0,0.307985604264576
0,0,0.26015084886867956
0,0,0.26625239747441926
0,0,0.26389907999783185
0,0,0.25127204504296274
0,0,0.24345844048022144
0,0,0.2408757516947203
0,0,0.25773593460517963
0,0,0.29234206506229854
0,0,0.2641311306909547
0,0,0.2708993331495358
0,0,0.27515526754288955
0,0,0.276433700359811
0,0,0.2775115666610157
0,0,0.2482374281376613
0,0,0.25087047796554596
0,0,0.25769113642335495
0,0,0.2516616543877364
0,0,0.2432721189939511
0,0,0.2420978994565988
0,1,0.7302321715506938
0,1,0.6044657052166728
0,1,0.6235082616726246
0,1,0.6451995634099099
0,1,0.6583843807418708
0,1,0.6667159713706684
0,1,0.7521600877289784
0,1,0.7507304113294867
0,1,0.721492155719903
0,1,0.7075783180944412
0,1,0.5271493740390397
1,1,0.7959928363240688
1,1,0.7967485288071763
1,1,0.7125075819164068
1,1,0.6728138227138202
1,1,0.7409773436685859
1,1,0.7338989183192133
1,1,0.6879929767018572
1,1,0.7725673609896915
1,1,0.7293656640929568
1,1,0.7158317908518148
1,1,0.6873719835961145
0,1,0.6325040645864317
0,1,0.6740915695535565
0,1,0.6687195651955604
0,1,0.7301946198154478
0,1,0.6991294829935435
0,1,0.6120310339809256
0,1,0.6768469069009394
0,1,0.6635196018593166
0,1,0.7298158838738729
0,1,0.6912841155820625
0,1,0.7010037235857385
1,1,0.6432124780524652
1,1,0.6598880747464593
1,1,0.6488391043897204
1,1,0.712748229986757
1,1,0.6822588661673992
1,1,0.6959547339644035
1,1,0.7330289596170668
1,1,0.6619541328178911
1,1,0.6355137707585717
1,1,0.6310868865026721
1,1,0.610358165222152
1,1,0.7034707676009987
1,1,0.6982313497216189
1,1,0.6436331342034893
1,1,0.6495816250738765
1,1,0.6455892468573894
1,1,0.6872023423432213
1,1,0.7036799872465826
1,1,0.7324436851335676
1,1,0.6713167078096776
1,1,0.565329181542577
1,0,0.46448122659571667
0,0,0.29622409432596386
0,0,0.30962040596599033
0,0,0.2676851262300094
0,0,0.2743598628665419
0,0,0.29611105289949163
0,0,0.313341972435855
0,0,0.3484664925986257
0,0,0.30812103313921274
0,0,0.2905502735326035
0,0,0.29532615285764763
0,0,0.30670215445609766
0,0,0.28886621497759024
0,0,0.29518366197390794
0,0,0.29495693544286206
0,0,0.28378801041926605
0,0,0.28831023065406364
0,0,0.29368097423553596
0,0,0.3056374449241043
0,0,0.30631021205792397
0,0,0.2862188458651988
0,0,0.2957424142079343
0,0,0.28921670916278025
0,0,0.28751636891470206
0,0,0.29318889991557784
0,0,0.2874965000855093
0,0,0.29182335040511737
0,0,0.29669256499529356
0,0,0.3073781333141069
0,0,0.308372132087196
1,1,0.6989323982203076
1,1,0.7348290916240816
1,1,0.8221945079423404
1,1,0.7666695024365566
1,1,0.7028051298840468
1,1,0.758456847842007
1,1,0.7349934413337903
1,1,0.6415538889365375
1,1,0.5974392450499427
1,1,0.6716846006565826
1,1,0.7389724343108248
1,1,0.6720557666199912
1,1,0.6593363215257191
1,1,0.711476083983146
1,1,0.7551727366796888
1,1,0.7633004973016004
1,1,0.7182354299031236
1,1,0.7150290602623808
1,1,0.7512788076056962
1,1,0.7551034203886018
1,1,0.77825710033646
1,1,0.7862527905644324
0,0,0.25009410816662103
0,0,0.20899349268226164
0,0,0.20785193147602474
0,0,0.22591183584849905
0,0,0.23004914058266923
0,0,0.22786054857529625
0,0,0.21024702902996928
0,0,0.18921672067333964
0,0,0.17342694727205876
0,0,0.1884515631459853
0,0,0.2073473441733768
0,0,0.2109686632329587
0,0,0.189544462718629
0,0,0.19910384732496852
0,0,0.23617232207232278
0,0,0.22342427021232808
0,0,0.23079730694050546
0,0,0.23079730694050546
0,0,0.22321449452704228
0,0,0.21834308661597457
0,0,0.2030472790482259
0,0,0.2147424120333975
0,0,0.21146696516405247
0,0,0.21020905725810515
0,0,0.18128608929812176
0,0,0.18364990753541735
0,0,0.19432972699913292
0,0,0.20479896330357453
0,0,0.2158949823731814
0,0,0.1638165811876232
0,0,0.1828655316206479
0,0,0.1679617825042003
0,0,0.17141237014337773
0,0,0.2750303144042108
0,0,0.26506633412834846
0,0,0.28068397973302256
0,0,0.2646223897691081
0,0,0.2922809667696223
0,0,0.3121725480069894
0,0,0.30527407246002586
0,0,0.28025108718129926
0,0,0.2943785786985769
0,0,0.2986873221984132
0,0,0.30034556237311105
0,0,0.31274937208282994
0,0,0.33370606298763456
0,0,0.3203864599052239
0,0,0.3365258772186266
0,0,0.3369551837609258
0,0,0.3279869598990912
0,0,0.3258485910992729
0,0,0.31402008741996007
0,0,0.31679569597603485
0,0,0.2873076742511124
0,0,0.3173145197747601
0,0,0.32559442175467085
0,0,0.3231074276391231
0,0,0.2852099873421383
0,0,0.3169256685881098
0,0,0.3277286555745051
0,0,0.3422852646678273
0,0,0.34804770321542605
0,0,0.33091533714037213
0,0,0.329453210145579
0,0,0.305551806388561
0,0,0.30643890876445823
0,0,0.29547919760678
0,0,0.266237168125786
0,0,0.2436090502463053
0,0,0.2502889870364631
0,0,0.2727788351961183
0,0,0.2543319744840858
0,0,0.2777053845036424
0,0,0.23916603704391107
0,0,0.2616412645019989
0,0,0.23254668541659773
0,0,0.24301745112401693
0,0,0.27816175756890266
0,0,0.2722393515786096
0,0,0.2773339564243212
0,0,0.27421461113698664
0,0,0.23391992138811127
0,0,0.2451449144220485
0,0,0.2501622536848333
0,0,0.25953567523092863
0,0,0.26452770877611964
0,0,0.20668063206498885
0,0,0.24425230663421815
0,0,0.29959662159420253
0,0,0.24100862697099387
0,0,0.21110219979493247
0,0,0.22714341899700646
0,0,0.26911055394558203
0,0,0.2429412793094592
0,0,0.2280577427319346
0,0,0.23452033998168167
0,0,0.2299014169290249
0,0,0.24997407920572876
0,0,0.2980344351630903
0,0,0.26617271550228794
0,0,0.2605053228914827
1,1,0.6635534195582464
1,1,0.6133822149953971
1,1,0.6012277609174203
1,1,0.646034891261334
1,1,0.6209394117454893
1,1,0.6488855594645841
1,1,0.6310988538948927
1,1,0.6438525739507175
1,1,0.6604497458986595
1,1,0.6669755521186179
1,1,0.7151266167766214
1,1,0.7946110381516313
1,1,0.7971222485046192
1,1,0.7888720971905296
1,1,0.7863433931459197
1,1,0.7549976008442557
1,1,0.7401794926270817
1,1,0.8042056899915342
1,1,0.7793249354356081
1,1,0.685333616415242
1,1,0.6389209995527246
1,1,0.6854033270125144
1,1,0.7366107835077128
1,1,0.7398273606337513
1,1,0.6292231243032791
1,1,0.605411067194914
1,1,0.6108766443491599
1,1,0.6467714114085059
1,1,0.6264881611730267
1,1,0.6428319098094869
1,1,0.6481677655364397
1,1,0.6336843233897196
1,1,0.630683098244121
1,1,0.755826555784856
1,1,0.7013993378733525
1,1,0.7264699963287952
1,1,0.7297353409139465
1,1,0.7654323277513274
1,1,0.7293823766392545
1,1,0.747087684512812
1,1,0.7141972798282413
1,1,0.6620149599912968
1,1,0.7159562818948834
1,1,0.7442387671134785
1,1,0.5853196783458223
1,1,0.5491990291688923
1,1,0.5635615705642614
1,1,0.6054085352608916
1,1,0.5680388836339467
1,1,0.5652150119214328
1,1,0.5920602154850293
1,1,0.5927555710568866
1,1,0.5601379104733597
1,1,0.6366687839665842
1,1,0.6309554389382245
1,0,0.3288105033369173
1,0,0.3424951630867808
1,0,0.3366203429601247
1,0,0.36295397323730955
1,0,0.37125960894145665
1,0,0.3844462055884271
1,0,0.3880216494710775
1,0,0.3570983129469257
1,0,0.37951923957427836
1,0,0.3630197123153699
1,0,0.348867035986463
1,0,0.3611636564445122
1,0,0.3173943500481005
1,0,0.313257752214431
1,0,0.315553060046427
1,0,0.3471715172613081
1,0,0.3494609659758997
1,0,0.3141866612474391
1,0,0.3250725035069821
1,0,0.30881034060470003
1,0,0.3355445653869189
1,0,0.3277704906279496
1,0,0.3341084309643126
1,0,0.35187474662096363
1,0,0.34907618523919104
1,0,0.35219365400398284
1,0,0.32217928813923136
1,0,0.32783023575819975
1,0,0.3469674487966669
1,1,0.6527000358829995
1,1,0.70060927231534
1,1,0.6867082399979089
1,1,0.7038143213984156
1,1,0.685226292693087
1,1,0.6824712563073604
1,1,0.6954690806568483
1,1,0.6647374126377785
1,1,0.744422811741736
1,1,0.67466007220326
1,1,0.6382602535363917
1,1,0.6764626549634422
1,1,0.6208261260942307
1,1,0.6804830802546264
1,1,0.7020021793772118
1,1,0.6834112728370032
1,1,0.6743535679229542
1,1,0.6617781919772895
1,1,0.6648014726005598
1,1,0.6589644732343458
1,1,0.7010634017214605
1,1,0.6893389447674493
0,0,0.33212052777132134
0,0,0.35735612593607663
0,0,0.3310090956887281
0,0,0.3139305507640487
0,0,0.3362970074199769
0,0,0.32421235801162523
0,0,0.3372905720506102
0,0,0.3249807051729786
0,0,0.32818955203214195
0,0,0.3115264073827726
0,0,0.31001313222923743
0,0,0.30930671280023586
0,0,0.3249901836191683
0,0,0.28858570714343307
0,0,0.3312671307241439
0,0,0.35477452903542683
0,0,0.3290989097265909
0,0,0.3654250721802339
0,0,0.3757851626585898
0,0,0.35356997537711954
0,0,0.3298462638250919
0,0,0.3750936656515072
0,0,0.35801602456124676
0,0,0.3616594283914803
0,0,0.37213963791503063
0,0,0.3632259377422163
0,0,0.3598193080589847
0,0,0.3509267040420168
0,0,0.35431558549583086
0,0,0.33044757747586345
0,0,0.336544573307013
0,0,0.3977762844764843
0,0,0.4119163123341758
1,0,0.3863939196014251
1,0,0.3953028403287899
1,0,0.3718329778716252
1,0,0.3788368525770429
1,0,0.37770087967454313
1,0,0.3698333571817788
1,0,0.3517314635663301
1,0,0.34013730826419464
1,0,0.33213093051593057
1,0,0.3432387950122082
1,0,0.361966390916866
1,0,0.34941537955298435
1,0,0.36036228771966
1,0,0.36143531932384687
1,0,0.3379522250935976
1,0,0.34613886091601065
1,0,0.33329341776801436
1,0,0.34607897778739455
1,0,0.35847810348398346
1,0,0.3614694711478475
1,0,0.349834862518642
1,0,0.3469451013353671
0,0,0.19395739327392889
0,0,0.24820944829293992
0,0,0.23309956993481076
0,0,0.20380164540807666
0,0,0.2116722206703151
0,0,0.2504331637706851
0,0,0.2843642279178692
0,0,0.22299691299120192
0,0,0.1925510183173916
0,0,0.20933906003302102
0,0,0.22099591469000118
0,0,0.3175441202999088
0,0,0.17385393134214386
0,0,0.19742095598793744
0,0,0.2020197648841553
0,0,0.3011645161767772
0,0,0.2931854254334009
0,0,0.30526124466845406
0,0,0.2541655141101147
0,0,0.2219112404500603
0,0,0.23802361131223343
0,0,0.18674506764663806
0,0,0.2976545523527896
0,0,0.24428992747133638
0,0,0.16934559575249886
0,0,0.193823165629698
0,0,0.16967505816946152
0,0,0.17564251783861962
0,0,0.18701194307918953
0,0,0.1469170664703259
0,0,0.21652855028510906
0,0,0.19198698226636035
0,0,0.20028450351760735
0,0,0.2048297803403799
0,0,0.19647856522560037
0,0,0.1362465467328724
0,0,0.16760779002174064
0,0,0.13496365249777248
0,0,0.1811889344700765
0,0,0.23503274070613414
0,0,0.18799780540507696
0,0,0.1087499048222283
0,0,0.1468386229096763
0,0,0.17363039133562233
0,0,0.14577109513084005
0,0,0.1505227170363991
1,1,0.6733009697832282
1,1,0.6615379327567726
1,1,0.6273091766292008
1,1,0.6563971009165421
1,1,0.622804794784069
1,1,0.5560388495066051
1,1,0.5935531824739202
1,1,0.5838282874591946
1,1,0.6157675477214178
1,1,0.6108157426797138
1,1,0.5764636109279394
1,1,0.564669168132914
1,1,0.614455237028639
1,1,0.603815771644825
1,1,0.6056092274127578
1,1,0.6714183631445186
1,1,0.6453060124639068
1,1,0.6625217470061118
1,1,0.6394726726285362
1,1,0.6492855009602152
1,1,0.6356093733109954
1,1,0.6074951591551154
1,1,0.5890694780416932
1,1,0.6411850805661178
1,1,0.6396799578990127
1,1,0.6599971324012154
1,1,0.6603364387095119
1,1,0.6701446273688717
1,1,0.6792632455327129
1,1,0.6631272343239015
1,1,0.6651345251649994
1,1,0.6740631891953706
1,1,0.6422502125130685
1,1,0.7474325202976876
1,1,0.7542671679572046
1,1,0.7485059235559504
1,1,0.7583045258558826
1,1,0.7089942379317263
1,1,0.7144611940042719
1,1,0.7198601555231113
1,1,0.7698366373441158
1,1,0.7303613352254199
1,1,0.7486000381753043
1,1,0.7519737201551051
1,1,0.6213856417427384
1,1,0.6662073416409394
1,1,0.6707350080799158
1,1,0.6194742839633193
1,1,0.615341162222666
1,1,0.5749508297010926
1,1,0.6683884763609689
1,1,0.6786141104870654
1,1,0.6234265326882976
1,1,0.6391374212871953
1,1,0.6648479514278549
0,0,0.27424862676391565
0,0,0.2376439473598976
0,0,0.24612213173792963
0,0,0.2844317987096595
0,0,0.24740355383054646
0,0,0.32080877532715163
0,0,0.2422925175161666
0,0,0.2130803617630652
0,0,0.22923504792009586
0,0,0.2953538580791213
0,0,0.2789160733923194
0,0,0.21694089535666047
0,0,0.2539979572098448
0,0,0.23653028646462626
0,0,0.23230980139260476
0,0,0.3340921863502191
0,0,0.3925045756121554
0,0,0.3441128096439423
0,0,0.20091723564009153
0,0,0.24781037990333282
0,0,0.19386512572604533
0,0,0.18444091580668942
0,0,0.14938521417100173
0,0,0.16538861573042332
0,0,0.18655111820437018
0,0,0.24172375714436609
0,0,0.2116805857280212
0,0,0.20724796106652613
0,0,0.20263070554094292
1,1,0.7061160103960389
1,1,0.6301504753901158
1,1,0.6468918413773161
1,1,0.5885725017334983
1,1,0.6324739998330294
1,1,0.637873390769398
1,1,0.5808942832625132
1,1,0.5397003694563629
1,1,0.5619785408763722
1,1,0.575827654237468
1,1,0.5481749950727989
1,1,0.6224309751737732
1,1,0.6689497464054125
1,1,0.7076497106448834
1,1,0.6896687091686191
1,1,0.711557582650514
1,1,0.6696497460865816
1,1,0.6716670155627412
1,1,0.6178848657735699
1,1,0.6371391104109855
1,1,0.6536503069322096
1,1,0.7285060535128085
1,0,0.18841500573648648
1,0,0.2084152339661093
1,0,0.20754773749052696
1,0,0.23963052413624353
1,0,0.22026561740086842
1,0,0.20021540362748438
1,0,0.21589554446627843
1,0,0.20580382570773048
1,0,0.20306544988175562
1,0,0.20944095739415883
1,0,0.22644631654341424
1,0,0.25565993709664686
1,0,0.29059024857953913
1,0,0.27283712369403107
1,0,0.32167307109714033
1,0,0.30863490214304756
1,0,0.299591738937047
1,0,0.3214410423730032
1,0,0.3184075399864601
1,0,0.33505707998990814
1,0,0.33814123296918963
1,0,0.33246659204083623
1,0,0.3266662400878409
1,0,0.31201075840208686
1,0,0.33200881807511273
1,0,0.30119469810196015
1,0,0.32537679781916296
1,0,0.2970436572076177
1,0,0.24314171629697043
1,0,0.2957789817956547
1,0,0.30776239292958046
1,0,0.24423381114371934
1,0,0.27622626954941437
1,0,0.24884488115995204
1,0,0.267287940400832
1,0,0.25069907443032136
1,0,0.31365249818723684
1,0,0.3463944961143058
1,0,0.3331319186262811
1,0,0.3187338762400837
1,0,0.25364801788918173
1,0,0.3004594210523223
1,0,0.2851227593579345
1,0,0.31268745320620156
1,0,0.33018593192048973
1,0,0.3212130081277869
1,0,0.27199526605814967
1,0,0.3173713831418895
1,0,0.3333684142406221
1,0,0.30121829245499593
1,0,0.2980429509191636
1,0,0.3301153003635618
1,0,0.33146095711994017
1,0,0.3448624776512545
1,0,0.3670557149559851
0,0,0.30223021704049996
0,0,0.29455001037624723
0,0,0.3133059401936157
0,0,0.3364779604980281
0,0,0.346809444413963
0,0,0.31443386555698905
0,0,0.2987884333059835
0,0,0.2954200383216547
0,0,0.261069502208049
0,0,0.26423968247997387
0,0,0.263343293129911
0,0,0.27992532048757307
0,0,0.3070282116284763
0,0,0.33387275358648394
0,0,0.31025926586775887
0,0,0.3341376587902659
0,0,0.2704911942616309
0,0,0.2550575034738177
0,0,0.2928524220018629
0,0,0.2875832010896892
0,0,0.2846116529159589
0,0,0.2908240099848541
0,0,0.24870286075339187
0,0,0.2665764038188443
0,0,0.27623322643562576
0,0,0.2840998250539373
0,0,0.2560536589892357
0,0,0.20152297776858938
0,0,0.18831575709321363
0,0,0.22431162601878676
0,0,0.2602721458148125
0,0,0.22376755690644096
0,0,0.21402586088189932
0,0,0.17987496698632044
0,0,0.19905312655626728
0,0,0.19389463037877913
0,0,0.17540874260678152
0,0,0.20741871870141304
0,0,0.20953259715710842
0,0,0.2166351086503719
0,0,0.20572810291626822
0,0,0.20294343442765028
0,0,0.21564849800783528
0,0,0.21309507596794675
0,0,0.16096021217076398
0,0,0.1745950339784625
0,0,0.36403195382837944
0,0,0.32425163331060547
0,0,0.2987018835216867
0,0,0.3504155123930294
0,0,0.35065744475893107
0,0,0.39994337358273263
0,0,0.39893238217996846
0,0,0.4160927096368691
0,0,0.3783944987148559
0,0,0.38833542108520896
0,0,0.41292313369816097
0,0,0.3774240178109122
0,0,0.33806941887110037
0,0,0.3504681632251673
0,0,0.37179683282432685
0,0,0.3630893422203411
0,0,0.35949774479084595
0,0,0.3386698090756648
0,0,0.3418555552104042
0,0,0.34693934918894503
0,0,0.3452000382902785
0,0,0.3314063613440641
0,0,0.3389283244399854
0,0,0.25222195732924746
0,0,0.2756442096400802
0,0,0.31459392448974893
0,0,0.317908718198085
0,0,0.3241050200583536
0,0,0.36793500750999786
0,0,0.382198986535421
0,0,0.32497202412841375
0,0,0.3020228974026846
0,0,0.31218274562033654
0,0,0.3842802356346066
0,0,0.41508731991965603
0,0,0.42271198951753386
0,0,0.3936116078965681
0,0,0.38653546969169916
0,0,0.37922913383399653
0,0,0.3651388690229899
0,0,0.3871373119689383
0,0,0.3946874150711946
0,0,0.3853615028233955
0,0,0.3837034884827386
0,0,0.42717225208800896
0,0,0.34883795914149146
0,0,0.34011767980449664
0,0,0.3384560665135863
0,0,0.35055389180819063
0,0,0.37694786570866706
0,0,0.39057315220258687
0,0,0.3935968791322672
0,0,0.3799411897270357
0,0,0.39962391079302995
0,0,0.40424636710098893
0,0,0.3451478255854832
0,0,0.3668524369788593
0,0,0.3727611091710157
0,0,0.36694999778575316
0,0,0.38688888710703845
0,0,0.3663076687845615
0,0,0.4122528347394392
0,0,0.45505675187682854
0,0,0.43301230203357766
0,0,0.4272613404806809
0,0,0.40355422191304013
0,0,0.41042091572179196
0,0,0.4086660400173577
0,0,0.3912000487013365
0,0,0.35429706302506503
0,0,0.3524214075348064
0,0,0.3334741555455701
0,0,0.3223067597415969
0,0,0.3281896817278435
0,0,0.31926885273187416
0,0,0.3470156632952394
0,0,0.33110797574253176
0,0,0.3719532589267473
0,0,0.3855890792960945
0,0,0.3959525147209424
0,0,0.353407620362495
0,0,0.39212400906516487
0,0,0.39753893372431465
0,0,0.3630973373967865
0,0,0.4630590773253554
0,0,0.432075548705652
0,0,0.3539990859904193
0,0,0.32393722853665174
0,0,0.4056247697591695
0,0,0.38963632102273826
0,0,0.3809354375414272
0,0,0.35671918573142264
0,0,0.3650707178748911
0,0,0.39067306735776164
0,0,0.3900243654261281
0,0,0.39094467691290263
0,0,0.3836666641996818
0,0,0.35830435288113643
0,0,0.3688866379399943
0,0,0.3705757720990482
0,0,0.365103636946273
0,0,0.35674236616988897
0,0,0.37318191206286433
0,0,0.3707522203538355
0,0,0.3531890958712662
0,0,0.3446301531992056
0,0,0.26442770033118257
0,0,0.28963797357044213
0,0,0.2750820560801976
0,0,0.27587542489770206
0,0,0.3126361396768084
0,0,0.3143900669864446
0,0,0.3150499511176835
0,0,0.3109326378187278
0,0,0.29022441375315133
0,0,0.3030482637458319
0,0,0.33218923672486744
0,0,0.33164718660042913
0,0,0.347243771787062
0,0,0.30781664855140944
0,0,0.3090875938184389
0,0,0.30600215198264025
0,0,0.31154900040612604
0,0,0.3097751512338605
0,0,0.31608557711940594
0,0,0.3197062516575952
0,0,0.31746965351957146
0,0,0.3173120852900569
0,0,0.31235681846125823
0,0,0.29593863948381555
0,0,0.2843434586351967
0,0,0.30321994028471744
0,0,0.31211907815707646
0,0,0.31575259077838674
0,0,0.3095519990587302
0,0,0.2965863096862625
0,0,0.30911163690529303
0,0,0.24560849770876403
0,0,0.17117152545161524
0,0,0.19651949080613199
0,0,0.20867124232503176
0,0,0.2338181135896804
0,0,0.2869109580740767
0,0,0.23863918502993278
0,0,0.2716228530856955
0,0,0.24423228721924317
0,0,0.2411228689077101
0,0,0.21977247736752
0,0,0.24179385489835353
0,0,0.2539550272209684
0,0,0.27799974803241406
0,0,0.27246716442352653
0,0,0.27126461523230566
0,0,0.26535734709389736
0,0,0.24611532156708904
0,0,0.23900080472794932
0,0,0.21650725412965258
0,0,0.23398493872505155
0,0,0.23239458758815096
0,0,0.2533348573926208
0,0,0.27137343000456765
0,0,0.3213703298273727
0,0,0.32378568688769166
0,0,0.32378568688769166
0,0,0.3213703298273727
0,0,0.32378568688769166
0,0,0.32378568688769166
0,0,0.32378568688769166
0,0,0.3146451210124128
0,0,0.3146451210124128
0,0,0.3146451210124128
0,0,0.3146451210124128
0,0,0.31222976395209384
0,0,0.3146451210124128
0,0,0.32378568688769166
0,0,0.32378568688769166
0,0,0.32378568688769166
0,0,0.32378568688769166
0,0,0.32378568688769166
0,0,0.32378568688769166
0,0,0.32378568688769166
0,0,0.32378568688769166
0,0,0.32378568688769166
0,0,0.32378568688769166
0,0,0.32378568688769166
0,0,0.32378568688769166
0,0,0.32378568688769166
0,0,0.32378568688769166
0,0,0.3213703298273727
0,0,0.32378568688769166
0,0,0.32378568688769166
0,0,0.32378568688769166
0,0,0.3213703298273727
0,0,0.3213703298273727
0,0,0.32378568688769166
0,0,0.32378568688769166
0,0,0.32378568688769166
0,0,0.32378568688769166
0,0,0.32378568688769166
0,0,0.3213703298273727
0,0,0.3213703298273727
0,0,0.32378568688769166
0,0,0.32378568688769166
0,0,0.32378568688769166
0,0,0.32378568688769166
0,0,0.32378568688769166
0,0,0.32378568688769166
1,1,0.642009614744572
1,1,0.6010974870091286
1,1,0.6375387412328971
1,1,0.6669375335418023
1,1,0.6935642288788313
1,1,0.6791445537024642
1,1,0.6638787825778243
1,1,0.6551143543314691
1,1,0.5684622171638788
1,1,0.5951554781895666
1,1,0.5829916856766015
1,1,0.6155268853596936
1,1,0.6265257777481376
1,1,0.5534177269204091
1,1,0.6352993607021036
1,1,0.6475666280079938
1,1,0.6248217963118138
1,1,0.5764321673804317
1,1,0.6703924277992137
1,1,0.6838557108867156
1,1,0.6510891031395032
1,1,0.6676888232566033
1,1,0.6147295436823597
1,1,0.5582963822797392
1,1,0.611679601468363
1,1,0.5570517494604165
1,0,0.49425462653155244
1,1,0.5376428825990874
1,1,0.6892999890060675
1,1,0.7699921826547341
1,1,0.7206046067888251
1,1,0.7023788475321245
1,1,0.6160265338539181
1,1,0.7269080471908815
1,1,0.6546725029080329
1,1,0.5637902557063021
1,1,0.5768415887980795
1,1,0.6106254298290118
1,1,0.5610253731680249
1,1,0.5168322492419817
1,0,0.49376336217083017
1,1,0.5605196807938068
1,1,0.559887582269013
1,1,0.5373491364455654
0,1,0.5541547398091533
0,1,0.6207048499266667
0,1,0.6636297324910305
0,1,0.6603289522106236
0,1,0.7069360629864373
0,1,0.6916121065829711
0,1,0.6089394418608415
0,1,0.6070031019582763
0,1,0.6544522355961849
0,1,0.5606544575958186
0,1,0.5973730860568055
0,0,0.337361530200248
0,0,0.3302012180950509
0,0,0.3248348433648745
0,0,0.31173600996809736
0,0,0.3388358564519809
0,0,0.36010206148002744
0,0,0.35860609267718613
0,0,0.3754677568913973
0,0,0.35321724119365044
0,0,0.31982560246779523
0,0,0.3100086630790276
0,0,0.28387337129615015
0,0,0.3090170785498113
0,0,0.2917054358883794
0,0,0.31864223845742484
0,0,0.30907646922512594
0,0,0.32349278065321657
0,0,0.32211084689869346
0,0,0.31182349370705004
0,0,0.3626895786716975
0,0,0.3461563446606551
0,0,0.35801574736309044
0,0,0.35783630288540136
0,0,0.3504075915583214
0,0,0.3411295356978843
0,0,0.3388482337589716
0,0,0.38654192093894785
0,0,0.3935266261375188
0,0,0.37895002446442966
1,1,0.6116009690482634
1,1,0.6316940055759479
1,1,0.6545699298841204
1,1,0.738989714990575
1,1,0.6876667975083651
1,1,0.6292402838106205
1,1,0.6750533949135235
1,1,0.6844211237324562
1,1,0.6484869995706155
1,1,0.6694910228094652
1,1,0.6381403074504128
1,1,0.6146351489628095
1,1,0.5947910610663216
1,1,0.6335227734885676
1,1,0.6264076095839072
1,1,0.699204108473266
1,1,0.7355515422257488
1,1,0.6222688413133886
1,0,0.4950105301724873
1,0,0.4719260805877666
1,1,0.6649667134002668
1,1,0.6136646806188019
0,0,0.41185749155664725
0,0,0.39457347497925455
0,0,0.394093133870554
0,0,0.41436997360969813
0,0,0.3784794263721428
0,0,0.4433894010540548
0,0,0.42806243632681273
0,0,0.41637734190788805
0,0,0.42329066101911783
0,0,0.39409115348599655
0,0,0.39229680942677037
0,0,0.3784645427134033
0,0,0.3696244877752087
0,0,0.3980369174477004
0,0,0.37954816373699835
0,0,0.39494288493988366
0,0,0.35405309962811443
0,0,0.3440714534464633
0,0,0.36311475114996433
0,0,0.3702171643126117
0,0,0.3760174568238597
0,0,0.3717637733154964
0,0,0.3805317277429207
0,0,0.3949208367652907
0,0,0.3967372432242028
0,0,0.3648261351376247
0,0,0.34204423184780275
0,0,0.36739970904632124
0,0,0.41082158832560234
0,0,0.3899015057477206
0,0,0.3743680060025546
0,0,0.38878623340934937
0,0,0.3528544748939133
0,0,0.38635335158803485
0,0,0.3699528268776365
0,0,0.3789817954600667
0,0,0.38708213188823015
0,0,0.44815473203611034
0,0,0.4356612930898811
0,0,0.43259603066765
0,0,0.39770987900758625
0,0,0.40473337559955813
0,0,0.4189647356786319
0,0,0.4310682604670336
0,0,0.4001077765048037
0,0,0.41484320404048325
0,0,0.39922018853708247
0,0,0.4063326784658729
0,0,0.40986369866840716
0,0,0.3526391551552476
0,0,0.38202729960963516
0,0,0.38036344556518714
0,0,0.40538992573837246
0,0,0.39503655954137046
0,0,0.39770985243963025
0,0,0.1995116085979895
0,0,0.21389604978850124
0,0,0.18771452866975927
0,0,0.18549997291216616
0,0,0.1914864996714338
0,0,0.19819566108012066
0,0,0.1955261118716582
0,0,0.18942163933798617
0,0,0.20903796477108239
0,0,0.19038492008651522
0,0,0.20915777740865302
0,0,0.2693490315456098
0,0,0.2873103422976656
0,0,0.23124025615449567
0,0,0.21579478273718078
0,0,0.258365787730211
0,0,0.25518532175460534
0,0,0.17944791760842102
0,0,0.17236865977170474
0,0,0.1853722615395629
0,0,0.16519905543984734
0,0,0.17197503552983964
0,0,0.1856964218051769
0,0,0.25715753177651574
0,0,0.2793895531400865
0,0,0.24543828391789022
0,0,0.26279989378020746
0,0,0.21815353332375093
0,0,0.23776587040680677
0,0,0.23566898700981928
0,0,0.21646989058204422
0,0,0.19152590859807375
0,0,0.21265969749477448
0,0,0.1771824020438577
0,0,0.2279908477706157
0,0,0.22300063440187443
0,0,0.18127034311220833
0,0,0.17971152909930693
0,0,0.20981033731049392
0,0,0.20729491359364244
0,0,0.25174661250193997
0,0,0.22741991052431865
0,0,0.2198124451660254
0,0,0.182042172509979
0,0,0.17595402448998446
0,0,0.21207588119749546
1,1,0.8920559494560665
1,1,0.8534374787217135
1,1,0.8405303607707689
1,1,0.8652573410495968
1,1,0.8494549918355743
1,1,0.8631030344666436
1,1,0.8521243652551393
1,1,0.8534076326602237
1,1,0.8561489203366298
1,1,0.8595259684219451
1,1,0.8375552557582198
1,1,0.8700655133655308
1,1,0.8334100671231053
1,1,0.8373412583145537
1,1,0.8616543808843925
1,1,0.8621446175978663
1,1,0.7814173770275967
1,1,0.6129873734335775
1,1,0.5954875797850481
1,1,0.6098425807548731
1,1,0.6670182123423308
1,1,0.7333420254644026
0,1,0.8157659163764899
0,1,0.813127042881679
0,1,0.817796525041408
0,1,0.8556984435728435
0,1,0.8569357471405336
0,1,0.8362265842428812
0,1,0.7989136305386009
0,1,0.8124052028028695
0,1,0.852504855313332
0,1,0.8480430153921423
0,1,0.7954198591365602
1,1,0.7712377209560184
1,1,0.7479921048927461
1,1,0.7457137921047547
1,1,0.7547781686849622
1,1,0.75480627295229
1,1,0.7545833615131589
1,1,0.7644635139023197
1,1,0.7619665944026939
1,1,0.7319765513014959
1,1,0.7073442169032386
1,1,0.7376569745709541
0,1,0.7838047169332448
0,1,0.7809299165901917
0,1,0.7320149829919896
0,1,0.7701178179155389
0,1,0.7862845165651244
0,1,0.7741499093590246
0,1,0.770443621863741
0,1,0.7493167537686489
0,1,0.761621629132902
0,1,0.7593912822583122
0,1,0.7208101352338576
0,0,0.16837851675888568
0,0,0.1565380885361514
0,0,0.1387502240629088
0,0,0.14162140673897297
0,0,0.16846516271521864
0,0,0.1852952116252579
0,0,0.18801582768766795
0,0,0.13679020623159452
0,0,0.1547889046762825
0,0,0.15893524954398935
0,0,0.16745648563726903
0,0,0.14830444162839476
0,0,0.15976950001760498
0,0,0.1793636106417754
0,0,0.19054854305085558
0,0,0.21600178153679664
0,0,0.1533549205760477
0,0,0.16121027015743028
0,0,0.1355729197064378
0,0,0.13024397245664388
0,0,0.13012561468893633
0,0,0.15044659166179986
0,0,0.1402196652533872
0,0,0.14742939160931545
0,0,0.16026079082802905
0,0,0.1682853427942894
0,0,0.1556767734745972
0,0,0.14051922169005202
0,0,0.15340084186461111
1,1,0.7387426784883118
1,1,0.7061665032397696
1,1,0.7386598543616637
1,1,0.7393885851128033
1,1,0.7537203617176832
1,1,0.7502587655419748
1,1,0.7532642836744691
1,1,0.7600779091260316
1,1,0.7035499507726973
1,1,0.7190336420183902
1,1,0.7538452417594935
1,1,0.783346254551316
1,1,0.8701084127639936
1,1,0.8655700243280104
1,1,0.8488709285913767
1,1,0.8209561628756226
1,1,0.8215988804209668
1,1,0.8530985844848548
1,1,0.7972843836765948
1,1,0.8083022715257477
1,1,0.7935658734332608
1,1,0.8605502639529178
0,0,0.2046266452513747
0,0,0.23247033307809872
0,0,0.23429358204260695
0,0,0.24646043942052095
0,0,0.23227832788151556
0,0,0.23616480053161595
0,0,0.24024106295640732
0,0,0.21805943513115728
0,0,0.2085438828101901
0,0,0.1988103566827224
0,0,0.19327788353097525
0,0,0.2051705328447664
0,0,0.23129613397596036
0,0,0.2339449728758945
0,0,0.23706702717242797
0,0,0.23178799540557724
0,0,0.19448813809813884
0,0,0.17105570746325888
0,0,0.22363755191864024
0,0,0.24226142458476738
0,0,0.25785120993507193
0,0,0.25620569102268276
0,0,0.22754662104740547
0,0,0.23477938107091212
0,0,0.25064315147472027
0,0,0.23966536735312743
0,0,0.20325878858374677
0,0,0.18927395930060661
0,0,0.21251723981094783
0,0,0.22487145688345606
0,0,0.19371084162708183
0,0,0.20432437172856907
0,0,0.21895164884353188
1,0,0.21366483355916033
1,0,0.20857564426682862
1,0,0.22074511538719135
1,0,0.20349737075685734
1,0,0.21698842876239127
1,0,0.20099074900448735
1,0,0.19315690996654866
1,0,0.19668707604084368
1,0,0.1967277272768545
1,0,0.20718814928782822
1,0,0.220712669347736
1,0,0.2430830126258827
1,0,0.2250936412521044
1,0,0.21601463178568514
1,0,0.22065251657697338
1,0,0.23327018308304787
1,0,0.24001577329859256
1,0,0.2409674879283331
1,0,0.24619579913357614
1,0,0.233243583435479
1,0,0.24868278439934446
1,0,0.24372318111293823
0,0,0.225772824633467
0,0,0.24810314741793055
0,0,0.23771276479998654
0,0,0.23988853435202234
0,0,0.26483641523395984
0,0,0.3148792316100332
0,0,0.3229381061384491
0,0,0.2831117382474593
0,0,0.2828204695192829
0,0,0.2796372402396025
0,0,0.2803709823149059
0,0,0.26694224777155556
0,0,0.23684736844735152
0,0,0.23336406332452317
0,0,0.23253736000152916
0,0,0.23438550388010804
0,0,0.20160034737074475
0,0,0.22162468386057543
0,0,0.25658463015368693
0,0,0.24099766362487324
0,0,0.2575105714511131
0,0,0.25774355467775173
0,0,0.22994772431101548
0,0,0.23892030512461745
0,0,0.21858920196604362
0,0,0.24822898719154815
0,0,0.23916664660320439
0,0,0.2654138789696582
0,0,0.27214441645337767
0,0,0.2698365592439297
0,0,0.28311792003560265
0,0,0.24287706325444375
0,0,0.23159169173154004
0,0,0.23481273530736757
0,0,0.21693187341140366
0,0,0.2187404214170936
0,0,0.22200518219006626
0,0,0.23041779197819998
0,0,0.21928224877663138
0,0,0.26730634957081684
0,0,0.24596622465016696
0,0,0.23617379412443237
0,0,0.2659310711095296
0,0,0.25920714323294275
0,0,0.29029708079637084
0,0,0.25944031104197884
1,1,0.5057215059071015
1,1,0.6387054454670397
1,1,0.7798748850960493
1,1,0.5873777052105995
1,1,0.562567475734213
1,1,0.6386525054943596
1,1,0.5890592130047859
1,0,0.3801699484565893
1,0,0.3998290845595104
1,0,0.47782598928728315
1,1,0.5860413278076879
1,1,0.7045389180923248
1,1,0.5749736941417714
1,1,0.5076638865883626
1,1,0.5475295115187692
1,1,0.5630190417860346
1,0,0.4712043308198087
1,0,0.41780782324123417
1,1,0.5007911278665836
1,1,0.5409891691533633
1,1,0.5209894367144973
1,1,0.5349138218639561
1,1,0.5730344398107305
1,0,0.4645758940572339
1,0,0.4386299307241589
1,1,0.5610633671922602
1,0,0.49690841126626817
1,0,0.47657309423177474
1,1,0.531684573885967
1,1,0.5883065446692282
1,1,0.5271553034058146
1,0,0.36214341642125086
1,0,0.41037958356991694
1,1,0.6647034753262407
1,0,0.4414211442883031
1,0,0.4661230617202348
1,1,0.5124188812924182
1,1,0.5033504384993899
1,1,0.5053292550139311
1,1,0.574107755628884
1,1,0.6210757150766271
1,1,0.5637916014053095
1,1,0.5099796937298057
1,1,0.5049665180103039
1,1,0.5491040525602859
1,1,0.5582607719704893
1,0,0.44046059135429205
1,0,0.4354407473440884
1,0,0.39033432401203755
1,0,0.340961376190266
1,0,0.4100173922461615
1,0,0.477411374046844
1,1,0.6508652566655183
1,1,0.6443245648937957
1,1,0.5197419724421204
0,0,0.18284990206548152
0,0,0.17272220135274588
0,0,0.17381090944197716
0,0,0.14406629821734782
0,0,0.1464948255070869
0,0,0.14574717772260556
0,0,0.15612201893578787
0,0,0.14061704530678074
0,0,0.13641042571199302
0,0,0.12404779886352815
0,0,0.12440846056882014
0,0,0.13564189897875267
0,0,0.13954887224809787
0,0,0.16396012150125583
0,0,0.13335578837122083
0,0,0.1327320290510663
0,0,0.1578490524137016
0,0,0.16044236811398147
0,0,0.16681067863898172
0,0,0.11985045416722567
0,0,0.13079372373357945
0,0,0.12999674805787692
0,0,0.13528996098427154
0,0,0.14076168265617925
0,0,0.14634343680522097
0,0,0.15541196863688791
0,0,0.14316388644663913
0,0,0.1203857771423182
0,0,0.17518762908841906
1,1,0.5616308220830252
1,0,0.4991324818516077
1,0,0.472581173277912
1,1,0.5057814798351995
1,0,0.49508654491544585
1,1,0.535530570189776
1,1,0.543608979504703
1,1,0.6379901183193946
1,1,0.6344210288795762
1,1,0.5841658494454985
1,0,0.46284863051010156
1,1,0.6012419898336179
1,1,0.627050072840745
1,1,0.6492244441104902
1,1,0.5526805484691275
1,1,0.5716034792585344
1,1,0.5977423440088623
1,1,0.5955867578541849
1,1,0.6385545517114906
1,1,0.6918253536273967
1,1,0.6503168324260487
1,1,0.6775967265753081
1,0,0.23255714399122168
1,0,0.22874038385472875
1,0,0.2181357016927517
1,0,0.2621007362337792
1,0,0.26635370188772134
1,0,0.2760231844975754
1,0,0.2633351861721392
1,0,0.28945457885799175
1,0,0.2816237743097655
1,0,0.2538772795446218
1,0,0.2885709760065756
1,0,0.22272567875202123
1,0,0.20479451675484522
1,0,0.24948511923671718
1,0,0.22074469735927557
1,0,0.2083071710874477
1,0,0.2040805178261057
1,0,0.20251289010911072
1,0,0.21294390329246793
1,0,0.22805286733059796
1,0,0.23141897371172412
1,0,0.22380801914165346
1,0,0.19969018942273153
1,0,0.17284808464918608
1,0,0.1725358765091771
1,0,0.16155885064616274
1,0,0.2513402587127502
1,0,0.2598295871182239
1,0,0.2508362513347994
1,0,0.2264111316091555
1,0,0.2029940554114521
1,0,0.19264418522373472
1,0,0.22507472351053803
1,0,0.2722783803626578
1,0,0.27675368016168633
1,0,0.26448301812000236
1,0,0.23412106932957197
1,0,0.34256752802866486
1,0,0.31665215150385245
1,0,0.26737561361300677
1,0,0.32394247632895656
1,0,0.32095776536827214
1,0,0.34442003281094474
1,0,0.33218866710093087
1,0,0.3245389646241235
1,0,0.3515333958206439
1,0,0.29623184721353557
1,0,0.29623184721353557
1,0,0.2952059584963795
1,0,0.28628641114260833
1,0,0.2800538025559648
1,0,0.27777475012389874
1,0,0.24557291338963114
1,0,0.24557291338963114
1,0,0.25255245825589856
0,0,0.31704104091350904
0,0,0.2551721104533497
0,0,0.20990618185337995
0,0,0.23153172086362667
0,0,0.23236268617748712
0,0,0.28558962376534436
0,0,0.31292275364270256
0,0,0.3184916566430888
0,0,0.2979718464289795
0,0,0.3094427626344304
0,0,0.31410194930889473
0,0,0.22516936438380847
0,0,0.23900396035840188
0,0,0.1868857547051369
0,0,0.1730684049760015
0,0,0.20267472626289984
0,0,0.23158651754142798
0,0,0.2204831895436846
0,0,0.17359211515547457
0,0,0.18186497138151364
0,0,0.19822625096694274
0,0,0.21209885139509813
0,0,0.20462091419551615
0,0,0.20449113845809308
0,0,0.19771270588929024
0,0,0.2272251775235244
0,0,0.20429498562818138
0,0,0.20905342332291663
0,0,0.23820676539239982
0,0,0.22719165270442981
0,0,0.20022878616324616
0,0,0.190609623320618
0,0,0.2233086121891702
0,0,0.2569927006541228
0,0,0.28023808415578594
0,0,0.24910168497299812
0,0,0.23046097636875768
0,0,0.2477871218106841
0,0,0.24508054147974115
0,0,0.24364596520265935
0,0,0.2860428184542968
0,0,0.23300192486612795
0,0,0.18023120842788878
0,0,0.2125200558855402
0,0,0.187182649584868
0,0,0.19343581433046297
0,1,0.6961248386967027
0,1,0.7210812017978353
0,1,0.7322371085870297
0,1,0.7277868420536032
0,1,0.7339234157186919
0,1,0.7401234819820816
0,1,0.7479109504771219
0,1,0.7668759641110903
0,1,0.745533132341023
0,1,0.727589157970331
0,1,0.7271158305674906
0,1,0.7508301767973087
0,1,0.7489359481407136
0,1,0.7376927682799775
0,1,0.7448030965024064
0,1,0.7390237648543865
0,1,0.7629708651334021
0,1,0.7098263029908861
0,1,0.7114148506771477
0,1,0.7253939977385779
0,1,0.7299929059397451
0,1,0.7368343826289063
1,1,0.7965143122770668
1,1,0.7358928066420302
1,1,0.7345144863946218
1,1,0.7481711206947438
1,1,0.7387373589768826
1,1,0.7255292827378398
1,1,0.7374687706517458
1,1,0.7530395557354435
1,1,0.7704038125488205
1,1,0.7430674355915563
1,1,0.7130297804900916
1,1,0.5632143566377174
1,1,0.5901876120676978
1,1,0.5646622906359375
1,1,0.5651985948887649
1,1,0.7441506875140109
1,1,0.7689511531107155
1,1,0.79071292154051
1,1,0.8336539795659229
1,1,0.8463770114703908
1,1,0.8247757859433458
1,1,0.8106176678934562
0,1,0.7415868896338954
0,1,0.7212297167733493
0,1,0.7262898919367777
0,1,0.7536265752932514
0,1,0.7347217990533657
0,1,0.7511548488481994
0,1,0.7230911646717838
0,1,0.7260918022160965
0,1,0.7294937601413538
0,1,0.6542526346699274
0,1,0.7710408392702621
0,0,0.16286616417198702
0,0,0.17931118684455843
0,0,0.19659154630194256
0,0,0.17729612464155015
0,0,0.1599790075031417
0,0,0.14297038360516695
0,0,0.16348587314139412
0,0,0.1617501311310426
0,0,0.16844553948772734
0,0,0.1426695756376291
0,0,0.15175679183017038
0,0,0.1485344672926975
0,0,0.16849205547302223
0,0,0.16233147312578655
0,0,0.14923778328736056
0,0,0.166126292187862
0,0,0.14607903980457168
0,0,0.14880785784823558
0,0,0.15891704041196944
0,0,0.131858716109456
0,0,0.12200983194938583
0,0,0.106392652182441
0,0,0.11369331723754929
0,0,0.1275853931742472
0,0,0.10999048426166443
0,0,0.11961842747633972
0,0,0.12085109182805925
0,0,0.13164706918795116
0,0,0.1225055469790782
1,1,0.7428684255716655
1,1,0.729804501996533
1,1,0.7480515317615349
1,1,0.7507938870873225
1,1,0.7354891698609854
1,1,0.7496014529286495
1,1,0.7358595217674757
1,1,0.7438664323952027
1,1,0.6923786415399781
1,1,0.6757842666592806
1,1,0.6558598447444183
0,1,0.7655216177108105
0,1,0.7615219591959164
0,1,0.7675567419502387
0,1,0.7824003164380687
0,1,0.788400444266819
0,1,0.7543154438458068
0,1,0.7747051161024661
0,1,0.7923529778473725
0,1,0.7929648241899888
0,1,0.8094576078114558
0,1,0.7761856800387786
0,0,0.20221654162071406
0,0,0.20911947210063037
0,0,0.21072950320450015
0,0,0.2127443702990268
0,0,0.19134781712981622
0,0,0.20449933074526172
0,0,0.2800026462084963
0,0,0.28900265657513385
0,0,0.2967061531886349
0,0,0.27253373513041157
0,0,0.27852098681156373
0,0,0.2863739073661947
0,0,0.2884984292814916
0,0,0.2806340543035053
0,0,0.27992851875800706
0,0,0.26209940212740507
0,0,0.25922969012315084
0,0,0.2753900758371223
0,0,0.2628940082228068
0,0,0.27271967409060033
0,0,0.28481212479041373
0,0,0.2774946229683317
0,0,0.24117560287862286
0,0,0.20127856973871022
0,0,0.20848818222940604
0,0,0.19181640044736195
0,0,0.21105453588925216
0,0,0.19923044414387653
0,0,0.27230414486787885
0,0,0.28506581014255206
0,0,0.28869539008770223
0,0,0.25078311803116327
0,0,0.22962255717059626
0,0,0.16834435785968957
0,0,0.19127143654831183
0,0,0.15835300430169
0,0,0.138448472967291
0,0,0.1310432751594784
0,0,0.14079278301078355
0,0,0.12479201306185261
0,0,0.11626164913321548
0,0,0.13333769083890215
0,0,0.14775261146951515
0,0,0.12910457648873921
0,0,0.11841125656208995
0,0,0.15671844652216285
0,0,0.11380927164412201
0,0,0.1028555957427095
0,0,0.12194715955492082
0,0,0.1214336557217141
0,0,0.15491048321211603
0,0,0.2081088591061559
0,0,0.1755742391474231
0,0,0.20334249536620702
0,0,0.2039698839892244
0,0,0.425910228975672
0,0,0.425910228975672
0,0,0.42012069133132934
0,0,0.41658796378706
0,0,0.42231030950118487
0,0,0.41843086700735016
0,0,0.41853642153542786
0,0,0.41658796378706
0,0,0.4201878832615471
0,0,0.4201878832615471
0,0,0.422136341009915
0,0,0.425910228975672
0,0,0.425910228975672
0,0,0.424153212721475
0,0,0.42012069133132934
0,0,0.42012069133132934
0,0,0.42231030950118487
0,0,0.4201878832615471
0,0,0.4201878832615471
0,0,0.41843086700735016
0,0,0.41658796378706
0,0,0.41658796378706
0,0,0.41658796378706
0,0,0.42012069133132934
0,0,0.41843086700735016
0,0,0.4201878832615471
0,0,0.41658796378706
0,0,0.41658796378706
0,0,0.42231030950118487
0,0,0.41658796378706
0,0,0.42372061080581647
0,0,0.422136341009915
0,0,0.42012069133132934
0,0,0.42231030950118487
0,0,0.42231030950118487
0,0,0.4201878832615471
0,0,0.425910228975672
0,0,0.41853642153542786
0,0,0.42012069133132934
0,0,0.41658796378706
0,0,0.424153212721475
0,0,0.424153212721475
0,0,0.42231030950118487
0,0,0.41658796378706
0,0,0.424153212721475
0,0,0.41843086700735016
0,0,0.46813311716357975
0,0,0.47386669767804557
0,0,0.46813311716357975
0,0,0.4548770157091733
0,0,0.42627227607550594
0,0,0.42012069133132934
0,0,0.42231030950118487
0,0,0.42231030950118487
0,0,0.425910228975672
0,0,0.422136341009915
0,0,0.42372061080581647
1,0,0.4774666171525327
1,0,0.4774666171525327
1,0,0.4717442714384078
1,0,0.47304687825837877
1,0,0.425910228975672
1,0,0.425910228975672
1,0,0.425910228975672
1,0,0.4663607273007226
1,0,0.46421051569812627
1,0,0.44447499061595247
1,0,0.41843086700735016
1,0,0.4774666171525327
1,0,0.4774666171525327
1,0,0.4774666171525327
1,0,0.4774666171525327
1,0,0.4774666171525327
1,0,0.4774666171525327
1,0,0.4774666171525327
1,0,0.4736927291867757
1,0,0.462559053972007
1,0,0.4241498498358682
1,0,0.41658796378706
1,0,0.4774666171525327
1,0,0.4774666171525327
1,0,0.4774666171525327
1,0,0.4774666171525327
1,0,0.4312882114647482
1,0,0.42372061080581647
1,0,0.422136341009915
1,0,0.425910228975672
1,0,0.42768257738013754
1,0,0.4540985223168816
1,0,0.4699328614122511
0,0,0.4774666171525327
0,0,0.4774666171525327
0,0,0.4774666171525327
0,0,0.4774666171525327
0,0,0.4774666171525327
0,0,0.4717442714384078
0,0,0.4774666171525327
0,0,0.4774666171525327
0,0,0.4752769989826771
0,0,0.4774666171525327
0,0,0.47304687825837877
0,0,0.4774666171525327
0,0,0.4774666171525327
0,0,0.4774666171525327
0,0,0.4699328614122511
0,0,0.424153212721475
0,0,0.4201878832615471
0,0,0.425910228975672
0,0,0.4201878832615471
0,0,0.4201878832615471
0,0,0.41658796378706
0,0,0.4201878832615471
0,0,0.4201878832615471
0,0,0.4201878832615471
0,0,0.4201878832615471
0,0,0.4201878832615471
0,0,0.4201878832615471
0,0,0.4201878832615471
0,0,0.4201878832615471
0,0,0.425910228975672
0,0,0.425910228975672
0,0,0.425910228975672
0,0,0.425910228975672
0,0,0.425910228975672
0,0,0.425910228975672
0,0,0.425910228975672
0,0,0.42372061080581647
0,0,0.4201878832615471
0,0,0.42372061080581647
0,0,0.42372061080581647
1,0,0.4774666171525327
1,0,0.4774666171525327
1,0,0.4774666171525327
1,0,0.4774666171525327
1,0,0.4752769989826771
1,0,0.43701055717887305
1,0,0.4201878832615471
1,0,0.425910228975672
1,0,0.42987219554999306
1,0,0.4425265328675846
1,0,0.46421051569812627
1,0,0.4774666171525327
1,0,0.4774666171525327
1,0,0.4774666171525327
1,0,0.46813311716357975
1,0,0.47386669767804557
1,0,0.4752769989826771
1,0,0.4717442714384078
1,0,0.4774666171525327
1,0,0.4774666171525327
1,0,0.4774666171525327
1,0,0.4774666171525327
0,0,0.42372061080581647
0,0,0.42372061080581647
0,0,0.41853642153542786
0,0,0.42012069133132934
0,0,0.42012069133132934
0,0,0.41843086700735016
0,0,0.42372061080581647
0,0,0.425910228975672
0,0,0.425910228975672
0,0,0.42231030950118487
0,0,0.42231030950118487
0,0,0.42231030950118487
0,0,0.42231030950118487
0,0,0.424153212721475
0,0,0.420379324755718
0,0,0.42231030950118487
0,0,0.42012069133132934
0,0,0.42231030950118487
0,0,0.41853642153542786
0,0,0.42231030950118487
0,0,0.42231030950118487
0,0,0.42231030950118487
0,0,0.425910228975672
0,0,0.425910228975672
0,0,0.425910228975672
0,0,0.424153212721475
0,0,0.424153212721475
0,0,0.424153212721475
0,0,0.42231030950118487
0,0,0.425910228975672
0,0,0.425910228975672
0,0,0.424153212721475
0,0,0.425910228975672
0,0,0.425910228975672
0,0,0.42372061080581647
0,0,0.42372061080581647
0,0,0.41843086700735016
0,0,0.41658796378706
0,0,0.4201878832615471
0,0,0.4201878832615471
0,0,0.4201878832615471
0,0,0.42372061080581647
0,0,0.425910228975672
0,0,0.425910228975672
0,0,0.425910228975672
0,0,0.425910228975672
0,0,0.42592556112594054
0,0,0.42231030950118487
0,0,0.42231030950118487
0,0,0.42231030950118487
0,0,0.425910228975672
0,0,0.425910228975672
0,0,0.42372061080581647
0,0,0.41658796378706
0,0,0.41853642153542786
0,0,0.29632952373009797
0,0,0.1862187475267021
0,0,0.20175657227913302
0,0,0.24062228029533275
0,0,0.24979398664508803
0,0,0.2594264094429082
0,0,0.26048343162772286
0,0,0.24230548560761794
0,0,0.22744679957324881
0,0,0.21203463287392985
0,0,0.21434348033976872
0,0,0.22143210702844457
0,0,0.22088680420576395
0,0,0.20253407471962312
0,0,0.1888005987018597
0,0,0.16417577717995477
0,0,0.1885353067197328
0,0,0.2262721695240817
0,0,0.19342379247453276
0,0,0.19200805110975352
0,0,0.20454922374830634
0,0,0.15447199024001873
0,0,0.17827182476205145
0,0,0.20941816992983375
0,0,0.23196468542935963
0,0,0.21079829512355464
0,0,0.2036272700684359
0,0,0.1716726347975243
0,0,0.16736147465834228
0,0,0.19130510180139124
0,0,0.17990014006579852
0,0,0.20416288953856543
0,0,0.17243280117944135
0,0,0.1826770487653776
0,0,0.21856596995121444
0,0,0.21970593177745404
0,0,0.23526731952342916
0,0,0.24871927080110723
0,0,0.22256316056230074
0,0,0.23531095257074228
0,0,0.26851243519724854
0,0,0.28865673803079095
0,0,0.2540008216812341
0,0,0.22845754975876517
0,0,0.23691094909850197
0,0,0.22740817858489962
1,1,0.6331243531330117
1,1,0.6542160474928903
1,1,0.6053860807105556
1,1,0.6562122157981473
1,1,0.5952242808476842
1,1,0.6771149543382589
1,1,0.7184901784642457
1,1,0.7200154967202935
1,1,0.7607156512270282
1,1,0.777632777937355
1,1,0.7381333918078212
1,1,0.5430588037116698
1,1,0.5778390378153146
1,1,0.6337304904761725
1,1,0.6817555750192577
1,1,0.6034809887671803
1,1,0.6650218503276423
1,1,0.6043724296957478
1,0,0.44208548761693456
1,1,0.5264503391612577
1,1,0.6712247801441891
1,1,0.707224961548336
0,1,0.7091779626949903
0,1,0.7841855190191734
0,1,0.6910615545849148
0,1,0.7710565941171292
0,1,0.762506707163825
0,1,0.6882760622467484
0,1,0.6843746487600115
0,1,0.7364126150729975
0,1,0.7557147726502645
0,1,0.7476264097356995
0,1,0.798406955581271
1,1,0.6416109137657265
1,1,0.5527856883293641
1,0,0.4760045286494236
1,1,0.5045787852475648
1,1,0.5788010493740227
1,1,0.6103320053875176
1,1,0.5221146274816744
1,0,0.42072877521574603
1,0,0.40973625089387034
1,0,0.4035136468936637
1,0,0.3776563650659661
0,1,0.7099945854623523
0,1,0.7239659037909202
0,1,0.7367723497583275
0,1,0.6695285265491557
0,1,0.6932121426700378
0,1,0.6769793926563153
0,1,0.7238113431414388
0,1,0.707227203352072
0,1,0.6777097547897891
0,1,0.549910251816395
0,0,0.48949394892796017
0,0,0.19912290590103318
0,0,0.23899594100641144
0,0,0.2491634700714743
0,0,0.19035199078134865
0,0,0.18559103778514888
0,0,0.19109594962814447
0,0,0.21333059111238456
0,0,0.2737580542559623
0,0,0.25350068235480616
0,0,0.18191452298575217
0,0,0.203306660819835
0,0,0.21886885314587784
0,0,0.19071116607059838
0,0,0.21958081267315652
0,0,0.2466490066530648
0,0,0.18145022773539662
0,0,0.17636644005007693
0,0,0.1964032676267808
0,0,0.16919149185339388
0,0,0.21710638086616718
0,0,0.18997795400761514
0,0,0.2258172755899751
0,0,0.14700057012149081
0,0,0.18460746963272626
0,0,0.15625912626737884
0,0,0.15820789555844553
0,0,0.17254521244222615
0,0,0.16313429706868326
0,0,0.16940728299852217
1,1,0.7664631394080769
1,1,0.7521945417004581
1,1,0.7352724015489654
1,1,0.7325502058624742
1,1,0.7389858241827928
1,1,0.6430798542192666
1,1,0.6370391279307155
1,1,0.7694076391067328
1,1,0.7487042621859189
1,1,0.5326431827744628
1,0,0.4204850756852845
1,1,0.8465866108067871
1,1,0.8783753985906892
1,1,0.8651988987222217
1,1,0.7649649960194168
1,1,0.6326710536482175
1,1,0.7506951096103747
1,1,0.8425424772072984
1,1,0.883922416610215
1,1,0.8728165502814084
1,1,0.8200712591124187
1,1,0.7769439713246006
1,0,0.22542338773383552
1,0,0.20976126526540903
1,0,0.24160872058985564
1,0,0.2241398251061317
1,0,0.22606318823206148
1,0,0.25009800368927654
1,0,0.2579042682501055
1,0,0.2135360951182946
1,0,0.23185426101002718
1,0,0.23394531229087331
1,0,0.2414877835420704
1,0,0.2354472256880599
1,0,0.21084612003373812
1,0,0.22376347033390606
1,0,0.22419387544036717
1,0,0.21956694103049437
1,0,0.21775028102637525
1,0,0.21083734326525763
1,0,0.1789278733087958
1,0,0.1681545913944759
1,0,0.22909465154984532
1,0,0.22809106508579308
1,0,0.16980289044492877
1,0,0.14064211827712503
1,0,0.19536992746649548
1,0,0.18792141726259956
1,0,0.189224459047911
1,0,0.19149286192172735
1,0,0.20122733099063983
1,0,0.19743264561113677
1,0,0.16918107314349368
1,0,0.17197146893203652
1,0,0.1870920971941088
0,0,0.25495419722752927
0,0,0.2027110091609748
0,0,0.18099718826032046
0,0,0.19691019823183648
0,0,0.20317589375637443
0,0,0.22002855206395744
0,0,0.22258814953542447
0,0,0.19844734885754886
0,0,0.20243741274654883
0,0,0.20823976913203004
0,0,0.19586468827603393
0,0,0.20733465321365116
0,0,0.21721767757686014
0,0,0.20423474608973877
0,0,0.22510229465793233
0,0,0.30690137012673946
0,0,0.4000409228305243
0,0,0.39095355004136473
0,0,0.34471294900803284
0,0,0.3319822886478663
0,0,0.2802144392064198
0,0,0.21156862009433283
0,0,0.4111516410738992
0,0,0.30537181465650703
0,0,0.3040478675787155
0,0,0.3483110601725531
0,0,0.3544696500846613
0,0,0.33378605091380564
0,0,0.34890433573069585
0,0,0.381259741880724
0,0,0.32582144239461774
0,0,0.30411365842969595
0,0,0.30841022015757014
0,0,0.2852310843894161
0,0,0.27380573822538623
0,0,0.2367647476844855
0,0,0.2616692242706922
0,0,0.29124145377297206
0,0,0.28962685542977695
0,0,0.25975520085745907
0,0,0.1919693531136949
0,0,0.22281359613453833
0,0,0.24449716972402555
0,0,0.26573793292939935
0,0,0.24616723047266514
0,0,0.23472422696856338
0,0,0.22914072028760718
0,0,0.2370029052721389
0,0,0.2833386134577428
0,0,0.20718259289672603
0,0,0.19101848230066698
0,0,0.21060414620623596
0,0,0.25002862242620677
0,0,0.2175224961891211
0,0,0.22591803261689786
0,0,0.2441503312971536
0,0,0.24366172239939168
0,0,0.21571868878800773
0,0,0.2498754306075891
0,0,0.2611181056928836
0,0,0.25296052925699647
0,0,0.24920219427779408
0,0,0.2555597818068853
0,0,0.27019835405257164
0,0,0.2880974511796825
0,0,0.27833343737062854
0,0,0.29345573584286355
0,0,0.27886610838541853
0,1,0.6848117619060399
0,1,0.7261968751440537
0,1,0.7580399977674253
0,1,0.7196996834533611
0,1,0.679480689263846
0,1,0.7005014799603522
0,1,0.7519691265273003
0,1,0.7407430319356213
0,1,0.6344523683743543
0,1,0.6586878282127566
0,1,0.6995701147636937
0,1,0.719180980877212
0,1,0.7079284104917304
0,1,0.7028617030322641
0,1,0.6666870407949139
0,1,0.6838793144287654
0,1,0.7140430593888305
0,1,0.6812135931572033
0,1,0.7138701854571456
0,1,0.7046562191593492
0,1,0.6811570753271603
0,1,0.6881366487155341
0,1,0.8156565822423313
0,1,0.7731076790564042
0,1,0.7532810756236258
0,1,0.7249669590074646
0,1,0.7266108417786701
0,1,0.7407509369779013
0,1,0.7644219229442858
0,1,0.792187253393715
0,1,0.7222402750095074
0,1,0.716026463783993
0,1,0.756056484279665
0,1,0.7531053015407019
0,1,0.7653162571355181
0,1,0.7083314424401173
0,1,0.7621468662166018
0,1,0.7887639895276015
0,1,0.7566361474643861
0,1,0.7645212410358992
0,1,0.8038238364041009
0,1,0.7418254210332669
0,1,0.7457845748345981
0,1,0.7413390316608607
0,1,0.8528830806305929
0,1,0.8317873836610012
0,1,0.8152338462198004
0,1,0.8254303623727952
0,1,0.8385616984356702
0,1,0.7989191347301436
0,1,0.8062778329447094
0,1,0.8273597722676809
0,1,0.8491736934443339
0,1,0.8371307857375732
0,1,0.8178608592393837
0,0,0.2599372678312931
0,0,0.2291498351893955
0,0,0.21251894197013815
0,0,0.23954581078264542
0,0,0.24115286759892196
0,0,0.2153384562645118
0,0,0.2071535895864503
0,0,0.22022499227724798
0,0,0.23007136530615668
0,0,0.25768766413421335
0,0,0.2747068988037629
0,0,0.2185257030276218
0,0,0.1856080021437059
0,0,0.1605693380566294
0,0,0.1797160118324003
0,0,0.1679793617139382
0,0,0.198261092351086
0,0,0.21257328616469834
0,0,0.1965884224654969
0,0,0.21322366292399184
0,0,0.23568862928013387
0,0,0.2456280990311831
0,0,0.23480481411097245
0,0,0.2877586782089343
0,0,0.27105968264221286
0,0,0.24139409527089525
0,0,0.2622513244262433
0,0,0.2717265106396709
0,0,0.2912583242132035
0,1,0.7613922822781954
0,1,0.7310608191162065
0,1,0.6954308943111159
0,1,0.700630432264265
0,1,0.688901287744773
0,1,0.6744056436098012
0,1,0.7011808373664042
0,1,0.6498301651897885
0,1,0.6800943759231959
0,1,0.7154446931724107
0,1,0.703596433829607
0,1,0.7323857805694045
0,1,0.7219199296313016
0,1,0.7664848639920541
0,1,0.7123249925597819
0,1,0.6958654593058202
0,1,0.7081617666651785
0,1,0.6617307602808282
0,1,0.6569686927087298
0,1,0.6807414857153244
0,1,0.6361273933095469
0,1,0.6490416870791276
0,0,0.32904560195066673
0,0,0.34041916056711957
0,0,0.3362368148055603
0,0,0.35261452219479145
0,0,0.3178895103156213
0,0,0.30370100467292904
0,0,0.33181977183687617
0,0,0.31705232206054035
0,0,0.3106822698217458
0,0,0.35309097145123336
0,0,0.3853841459079087
0,0,0.3054426628112063
0,0,0.2676919391172213
0,0,0.1933069086967603
0,0,0.2859408014890445
0,0,0.2700573997449903
0,0,0.3043425738937443
0,0,0.34549339988360733
0,0,0.36552876485846775
0,0,0.30522695013076245
0,0,0.33979476961559485
0,0,0.30242003859484545
0,0,0.3492435584095594
0,0,0.2976032131004241
0,0,0.30093415819004443
0,0,0.28486494815437835
0,0,0.24450226999202354
0,0,0.2383370495803194
0,0,0.238566816886254
0,0,0.26627629668152436
0,0,0.2737527522139549
0,0,0.28772988114809367
0,0,0.226557762122214
0,0,0.21889329051114698
0,0,0.21573773270431176
0,0,0.19713977146779313
0,0,0.19687561360019007
0,0,0.21170644279922826
0,0,0.17942260188796222
0,0,0.1867922990043714
0,0,0.1813643905902793
0,0,0.23917541535041395
0,0,0.24033996798216317
0,0,0.23025768571686367
0,0,0.20257559970188155
0,0,0.20149945965540184
0,0,0.21535069044361393
0,0,0.2673273420285963
0,0,0.28213036880906084
0,0,0.2821978222068534
0,0,0.2539774395611656
0,0,0.23054857178976093
0,0,0.20095975896911
0,0,0.2047819946728077
0,0,0.17395523633798543
0,0,0.2864524155408767
0,0,0.2364770181799357
0,0,0.23185642276129526
0,0,0.30197364541547206
0,0,0.27487039009897063
0,0,0.2783004537353918
0,0,0.28303757358493664
0,0,0.27449977754255583
0,0,0.2766245925220122
0,0,0.23379384562480884
0,0,0.26877882111744367
0,0,0.2581284245344466
0,0,0.3103275526338381
0,0,0.26494338125387495
0,0,0.25011708245379843
0,0,0.2614891366833769
0,0,0.23044524000235786
0,0,0.2666405777127973
0,0,0.2504292576011328
0,0,0.21696990989045944
0,0,0.20436266207558096
0,0,0.2072404466172053
0,0,0.2295021520394291
0,0,0.20595301073851174
0,0,0.22832564895159682
0,0,0.23481675972092264
0,0,0.2063497159357458
0,0,0.2260841866090776
0,0,0.250152994156493
0,0,0.2025284511747726
0,0,0.18297534253282013
0,0,0.19296079290842041
0,0,0.18329202445945575
0,0,0.14663464058018325
0,0,0.11742487673810058
0,0,0.1731519854821963
0,0,0.20790319674109217
0,0,0.2197265041221101
0,0,0.20767667318115715
0,0,0.19099575718978165
0,0,0.12264156111161043
0,0,0.17359447432197672
0,0,0.1878610534136837
0,0,0.20322449784089655
0,0,0.21542897161596955
0,0,0.19647791192764025
0,1,0.7552211765168029
0,1,0.7347539724221781
0,1,0.7762265304838368
0,1,0.7599777379573203
0,1,0.7640805227043528
0,1,0.7689814546578478
0,1,0.7687977147316397
0,1,0.7794067415620076
0,1,0.7774281088808
0,1,0.7857791951593006
0,1,0.779645812029657
1,1,0.8164553152649163
1,1,0.8295209516149268
1,1,0.839409325305628
1,1,0.8299009213132581
1,1,0.8403181065673441
1,1,0.8206143006534552
1,1,0.8211343262418853
1,1,0.8129358132396889
1,1,0.8358998132082833
1,1,0.8152951953502787
1,1,0.8654943592359122
0,1,0.7198015011455202
0,1,0.6710177590780058
0,1,0.6705619869037798
0,1,0.6766768365040494
0,1,0.6617894124797208
0,1,0.6848457167997833
0,1,0.7542006528185452
0,1,0.7372355922426063
0,1,0.7084651748791068
0,1,0.7154825588721857
0,1,0.6923241501210865
1,1,0.7946712556501143
1,1,0.804918215712435
1,1,0.7968655625105199
1,1,0.7517560161973847
1,1,0.8079215644583425
1,1,0.8474869750499788
1,1,0.799316291395657
1,1,0.7731653538420555
1,1,0.8054263749447053
1,1,0.7965616696385465
1,1,0.7659716333138564
0,1,0.8189483050084143
0,1,0.7646992896000571
0,1,0.759862184269814
0,1,0.7204535188987887
0,1,0.7080349082764943
0,1,0.7121120124283202
0,1,0.7607129606093834
0,1,0.7569083851360527
0,1,0.7056731448877924
0,1,0.6942060755150077
0,1,0.7100096778595905
0,0,0.2703151005779679
0,0,0.2689103257698325
0,0,0.2630942368929841
0,0,0.2820733237963334
0,0,0.2645735545202365
0,0,0.23243515257930308
0,0,0.22933311622836194
0,0,0.24670884531452159
0,0,0.21225707439022629
0,0,0.2154433328295272
0,0,0.20929745572905564
0,0,0.19073002104310377
0,0,0.2464699944850846
0,0,0.25577907805276046
0,0,0.23543254002504227
0,0,0.19827767906709032
0,0,0.1843295864132723
0,0,0.21483993907879298
0,0,0.22939688956862614
0,0,0.20987824516681988
0,0,0.21665148983629431
0,0,0.22457896291979706
0,0,0.19511770317582264
0,0,0.1880966093148144
0,0,0.18145198528235085
0,0,0.22705120993924233
0,0,0.1945128820223294
0,0,0.18062893603666808
0,0,0.19675030555213002
0,1,0.7687333846044979
0,1,0.7545903468380741
0,1,0.7527754718162106
0,1,0.7376200517403178
0,1,0.6936319777499788
0,1,0.7079703292168279
0,1,0.7220267252261923
0,1,0.6799724991621386
0,1,0.7406633615071082
0,1,0.6891688207774257
0,1,0.6824824382762081
1,1,0.8246062630640645
1,1,0.8372213451173445
1,1,0.83710913712167
1,1,0.8490523913035181
1,1,0.836629104833397
1,1,0.8075063973650326
1,1,0.8008578203951328
1,1,0.8380707141498216
1,1,0.8568452994787121
1,1,0.8135321386195145
1,1,0.8410065995161472
0,0,0.23754514047675523
0,0,0.2947168529915036
0,0,0.2795003273612491
0,0,0.2875136854241584
0,0,0.32781974789790136
0,0,0.3129213041590212
0,0,0.3337978428344297
0,0,0.3222014209128961
0,0,0.318398357542057
0,0,0.24676379173485372
0,0,0.2458715482038883
0,0,0.3077699087137905
0,0,0.29167850148995655
0,0,0.29025020951930275
0,0,0.302328526922205
0,0,0.2896315188826517
0,0,0.27244984564099806
0,0,0.324386035785417
0,0,0.32517013821390006
0,0,0.30442961795673534
0,0,0.26927324843053174
0,0,0.27529989233528346
0,0,0.2414717579069976
0,0,0.2718031268905307
0,0,0.3282344052869924
0,0,0.3446838620759384
0,0,0.3445085001747744
0,0,0.3069896062186306
0,0,0.25393168339385286
0,0,0.2983051978390824
0,0,0.3216211101843514
0,0,0.3115439864454654
0,0,0.2894862906368349
0,0,0.3520920401160717
0,0,0.3774854112284342
0,0,0.37030820109263
0,0,0.3420375652264099
0,0,0.3373602219058363
0,0,0.34688007955558403
0,0,0.31105137341016337
0,0,0.3010318863833272
0,0,0.31741285007664066
0,0,0.33139933378230957
0,0,0.33451980729587094
0,0,0.3722601746666651
0,0,0.3477361220380481
0,0,0.3163147352103482
0,0,0.30481142049105053
0,0,0.2995783539139031
0,0,0.34677203362394093
0,0,0.34152440138422463
0,0,0.30206892278151276
0,0,0.23219724737091507
0,0,0.26090194111434317
0,0,0.275984679238682
0,0,0.3863958719225661
0,0,0.3863958719225661
0,0,0.3863958719225661
0,0,0.3863958719225661
0,0,0.3863958719225661
0,0,0.38480087419868
0,0,0.3863958719225661
0,0,0.3863958719225661
0,0,0.38480087419868
0,0,0.3863958719225661
0,0,0.3826287552174496
0,0,0.3826287552174496
0,0,0.3826287552174496
0,0,0.3826287552174496
0,0,0.3826287552174496
0,0,0.3826287552174496
0,0,0.3863958719225661
0,0,0.3826287552174496
0,0,0.3826287552174496
0,0,0.3826287552174496
0,0,0.3826287552174496
0,0,0.3826287552174496
0,0,0.3826287552174496
0,0,0.38480087419868
0,0,0.3826287552174496
0,0,0.3826287552174496
0,0,0.3826287552174496
0,0,0.3826287552174496
0,0,0.38480087419868
0,0,0.3863958719225661
0,0,0.3863958719225661
0,0,0.38480087419868
0,0,0.38480087419868
0,0,0.3826287552174496
0,0,0.3826287552174496
0,0,0.3826287552174496
0,0,0.3826287552174496
0,0,0.3826287552174496
0,0,0.3826287552174496
0,0,0.3826287552174496
0,0,0.38480087419868
0,0,0.38480087419868
0,0,0.38480087419868
0,0,0.3826287552174496
0,0,0.3826287552174496
0,0,0.3826287552174496
1,1,0.7103556828761817
1,1,0.6639110392462935
1,1,0.6663088586036068
1,1,0.6790230684785834
1,1,0.6830541219049182
1,1,0.6759306012260796
1,1,0.6815174723013578
1,1,0.6624644418032798
1,1,0.670849230288248
1,1,0.6893254986799023
1,1,0.6693657080232264
1,1,0.6912716960618692
1,1,0.6684100625012057
1,1,0.6811808077552495
1,1,0.6632417770099511
1,1,0.6705165161100802
1,1,0.6662555434177873
1,1,0.6510949239886742
1,1,0.658098877330215
1,1,0.6775100398076837
1,1,0.7015498794489567
1,1,0.6663621580515511
1,1,0.6588592982986369
1,1,0.6615386131166493
1,1,0.6963721330137638
1,1,0.6954406885990392
1,1,0.6615497119289243
1,1,0.6489617719939964
1,1,0.6562442492390784
1,1,0.6962771647771282
1,1,0.6916248490682158
1,1,0.6705967236991988
1,1,0.6753812672617433
0,1,0.6953641609812696
0,1,0.6706350887005854
0,1,0.7064492302167734
0,1,0.6998086227295994
0,1,0.6870213996755159
0,1,0.6610536575753616
0,1,0.6612318046374344
0,1,0.6643342188358594
0,1,0.6729884835518145
0,1,0.6569138274534975
0,1,0.6834422260912477
0,1,0.6621617994445458
0,1,0.6909193894229096
0,1,0.6438143404203476
0,1,0.6764959058762174
0,1,0.6733486424234149
0,1,0.6495947965924371
0,1,0.6585059097391899
0,1,0.6488305678098278
0,1,0.6691795236037329
0,1,0.6831815289185726
0,1,0.7044772343588164
0,0,0.41258627467715686
0,0,0.41258627467715686
0,0,0.3919171762741833
0,0,0.38974505729295295
0,0,0.3863958719225661
0,0,0.3904332114794883
0,0,0.3904332114794883
0,0,0.3826287552174496
0,0,0.38480087419868
0,0,0.38480087419868
0,0,0.3826287552174496
0,0,0.3826287552174496
0,0,0.3826287552174496
0,0,0.3904332114794883
0,0,0.3904332114794883
0,0,0.3904332114794883
0,0,0.3904332114794883
0,0,0.38480087419868
0,0,0.3863958719225661
0,0,0.3826287552174496
0,0,0.3904332114794883
0,0,0.38685487530484364
0,0,0.3826287552174496
0,0,0.3826287552174496
0,0,0.3863958719225661
0,0,0.3863958719225661
0,0,0.3863958719225661
0,0,0.3863958719225661
0,0,0.3863958719225661
1,1,0.7238283398889135
1,1,0.7051455254349825
1,1,0.6442246757425785
1,1,0.6938905853759836
1,1,0.6882164443067067
1,1,0.6955159981767105
1,1,0.6731982321013517
1,1,0.6753540028561802
1,1,0.675012264856285
1,1,0.6928232298995858
1,1,0.7136506927897215
0,1,0.6824001059239548
0,1,0.6480275471815817
0,1,0.6763289837805014
0,1,0.6417086598326758
0,1,0.6516302734963862
0,1,0.6454873121252512
0,1,0.6748537010274458
0,1,0.6820387626896479
0,1,0.6891171557361239
0,1,0.6799390427980176
0,1,0.682427634936998
1,0,0.3863958719225661
1,0,0.3863958719225661
1,0,0.3826287552174496
1,0,0.3826287552174496
1,0,0.3826287552174496
1,0,0.3863958719225661
1,0,0.3863958719225661
1,0,0.38480087419868
1,0,0.3863958719225661
1,0,0.38480087419868
1,0,0.3826287552174496
1,0,0.3826287552174496
1,0,0.3826287552174496
1,0,0.3826287552174496
1,0,0.3863958719225661
1,0,0.38480087419868
1,0,0.3863958719225661
1,0,0.3863958719225661
1,0,0.3826287552174496
1,0,0.3826287552174496
1,0,0.3826287552174496
1,0,0.3826287552174496
1,0,0.3863958719225661
1,0,0.3863958719225661
1,0,0.3826287552174496
1,0,0.3863958719225661
1,0,0.3863958719225661
1,0,0.3863958719225661
1,0,0.3863958719225661
1,0,0.3826287552174496
1,0,0.3863958719225661
1,0,0.38480087419868
1,0,0.3826287552174496
1,0,0.3863958719225661
1,0,0.3863958719225661
1,0,0.3826287552174496
1,0,0.3826287552174496
1,0,0.3826287552174496
1,0,0.3826287552174496
1,0,0.3826287552174496
1,0,0.3826287552174496
1,0,0.3826287552174496
1,0,0.3863958719225661
1,0,0.3863958719225661
1,0,0.3863958719225661
1,0,0.3826287552174496
1,0,0.3826287552174496
1,0,0.3826287552174496
1,0,0.3826287552174496
1,0,0.3826287552174496
1,0,0.3826287552174496
1,0,0.3826287552174496
1,0,0.3826287552174496
1,0,0.3863958719225661
1,0,0.3863958719225661
0,0,0.25948449976632776
0,0,0.2733255056656512
0,0,0.2754851030112901
0,0,0.27075775252146417
0,0,0.2414298444150651
0,0,0.2494689817310143
0,0,0.308538354362637
0,0,0.24524431008288744
0,0,0.20895414350508787
0,0,0.20017820697517347
0,0,0.22344514816866512
1,0,0.4002097699242484
1,0,0.3890002551716968
1,0,0.3617568717938897
1,0,0.2798169138034586
1,0,0.3030077070855889
1,0,0.3366074509759158
1,0,0.3575689366256882
1,0,0.3207977735784885
1,0,0.2870794875269883
1,0,0.23228730452844
1,0,0.2996721428657239
1,0,0.36784424016755446
1,0,0.3308560078250793
1,0,0.27885546033127584
1,0,0.2541778240931049
1,0,0.3722461283880186
1,0,0.41663713086926785
1,0,0.3395521089317775
1,0,0.33368080865473265
1,0,0.2601905736850341
1,0,0.27194656539002726
1,0,0.28672717140749526
1,0,0.3274260139861166
1,0,0.3328766840409522
1,0,0.2837949040920604
1,0,0.30323982006565214
1,0,0.254769072145152
1,0,0.33012309803341183
1,0,0.32721763504912005
1,0,0.24549529872814893
1,0,0.25339611609738205
1,0,0.23614803430065073
1,0,0.2564931265933874
1,0,0.28687397516467145
1,0,0.24387011530469085
1,1,0.9407436419708312
1,1,0.9407432888243834
1,1,0.9340867403947637
1,1,0.9386458534620945
1,1,0.9462354685706099
1,1,0.9351178117623584
1,1,0.9296030871717977
1,1,0.9447752664794122
1,1,0.9468031863697735
1,1,0.9402057626328755
1,1,0.9495133564074862
1,1,0.8805727427517125
1,1,0.8512794663015739
1,1,0.856147033446924
1,1,0.8734300626863558
1,1,0.8628375904981059
1,1,0.8257545789359338
1,1,0.8240238828644191
1,1,0.8570641581549898
1,1,0.8450727872125872
1,1,0.8164264425455405
1,1,0.8123860303785915
1,1,0.8365636442098644
1,1,0.8144788294866525
1,1,0.8234550727926472
1,1,0.815771190641817
1,1,0.848144530164399
1,1,0.8413632814772221
1,1,0.8685470621249963
1,1,0.8601754798582109
1,1,0.841272595760574
1,1,0.8404833497222753
1,1,0.8303984854613085
1,1,0.8898454490273626
1,1,0.8894527607808494
1,1,0.9315017750966029
1,1,0.912201749693394
1,1,0.9130388379776339
1,1,0.9109289230480928
1,1,0.8873118411002685
1,1,0.8434216537348767
1,1,0.8678904581116071
1,1,0.8679971986564681
1,1,0.7850533805084982
1,1,0.8007628178629957
1,1,0.824032334490618
1,1,0.8093597475726688
1,1,0.8257064439677008
1,1,0.8327524553919774
1,1,0.8362965687988888
1,1,0.821808392616336
1,1,0.8151640048270093
1,1,0.8275372281274632
1,1,0.8529012711159468
1,1,0.8412324305904368
0,0,0.25500813665964434
0,0,0.28431919249513
0,0,0.26773158805681563
0,0,0.21355838236345645
0,0,0.25116788084704145
0,0,0.30309091253394077
0,0,0.29803600388442625
0,0,0.2770581983546407
0,0,0.2709603386532039
0,0,0.27791267142268067
0,0,0.31102855260207185
0,0,0.3343420974004197
0,0,0.29130286344800793
0,0,0.25811759712908783
0,0,0.2138838953973866
0,0,0.23086638260116074
0,0,0.22445398389547436
0,0,0.2529874508457406
0,0,0.2485702057584398
0,0,0.1931085268289063
0,0,0.16055812921913065
0,0,0.20667325804415732
0,0,0.20644058347911723
0,0,0.21962528992935812
0,0,0.23265487900365545
0,0,0.2139846637125412
0,0,0.2150233939618737
0,0,0.18914146670824955
0,0,0.24389665372233385
1,1,0.8413757989290482
1,1,0.8125973927979625
1,1,0.8131136355519066
1,1,0.820698952626898
1,1,0.8275204401743383
1,1,0.82496880135203
1,1,0.7998824310059233
1,1,0.8183632639954164
1,1,0.7805117530421881
1,1,0.758500949846417
1,1,0.8470130931213948
1,1,0.8982554373356357
1,1,0.9067279328782115
1,1,0.9227731616220687
1,1,0.9289790960135437
1,1,0.8826837584020144
1,1,0.8892288963764391
1,1,0.8711277104632335
1,1,0.8750088028777734
1,1,0.8722794888429298
1,1,0.8380625159107211
1,1,0.8958256388763879
1,0,0.2406940289557763
1,0,0.24730664143827522
1,0,0.2528959877653662
1,0,0.2760688546148434
1,0,0.26800157533768976
1,0,0.26385632290253225
1,0,0.24807245468003677
1,0,0.2643645971789025
1,0,0.2736567238328434
1,0,0.2790948800259496
1,0,0.27374463602847043
1,0,0.23830701218820147
1,0,0.30588879963882204
1,0,0.3394977964582596
1,0,0.3700256747239527
1,0,0.34925506183033617
1,0,0.34585171976868034
1,0,0.3351933939722175
1,0,0.32769675781784163
1,0,0.3646898058621184
1,0,0.35072806255735584
1,0,0.322852212770593
1,0,0.28677601842411354
1,0,0.30224930597889554
1,0,0.31076725764352037
1,0,0.3018676780461148
1,0,0.31739979415169817
1,0,0.3312718355539131
1,0,0.3136342458780219
1,0,0.2920725344127176
1,0,0.3177789703504134
1,0,0.3239532281799901
1,0,0.3272801540191997
0,0,0.273955343982876
0,0,0.21229139915033585
0,0,0.3390312291349163
0,0,0.3452334452644692
0,0,0.3429211875648543
0,0,0.36135931302629126
0,0,0.3281602299973985
0,0,0.29954696854843577
0,0,0.33282131956431393
0,0,0.2967366361941899
0,0,0.30919243377141487
0,0,0.37892281650552806
0,0,0.2711450453865037
0,0,0.2740871726024055
0,0,0.27399599803103286
0,0,0.3086579161560412
0,0,0.2874425114263017
0,0,0.26320994728084757
0,0,0.2580209072923536
0,0,0.301406285139596
0,0,0.34541946349213404
0,0,0.32911081018429
0,0,0.10597606697757424
0,0,0.14339090778535232
0,0,0.15547738463061783
0,0,0.1894231243036561
0,0,0.19278974377604535
0,0,0.1661478242044936
0,0,0.14263780187693445
0,0,0.22599421773980632
0,0,0.2363131544133628
0,0,0.22911388189388124
0,0,0.23767675547922387
0,0,0.15214348971542338
0,0,0.12036081687078536
0,0,0.11990629026742514
0,0,0.12990629026742515
0,0,0.13715093802587502
0,0,0.16886911421857248
0,0,0.1547483441149854
0,0,0.15922205203291992
0,0,0.15186290343261288
0,0,0.16860610824809943
0,0,0.16009628392463096
0,0,0.15289294545336646
0,0,0.16373285867288828
0,0,0.15848604366278063
0,0,0.15352675587821302
0,0,0.1435891591227243
0,0,0.11676750886417549
0,0,0.1464607692190898
0,0,0.19195536260736035
0,0,0.18253554264424462
0,0,0.20266113618724496
0,0,0.15922278462778416
0,0,0.12156499943026201
0,0,0.13050799634642687
0,0,0.12658949177573253
0,0,0.12467344942472204
0,0,0.12435953723331375
0,0,0.1188296889859396
0,0,0.12462712469859363
0,0,0.1410153049907745
0,0,0.13626157413749873
0,0,0.13125927699560003
0,0,0.13815046090193633
0,0,0.13345855768049128
0,0,0.12511966238288952
0,1,0.8450855711723209
0,1,0.8411437988920935
0,1,0.8081349950066716
0,1,0.8103190610722276
0,1,0.8212998377220143
0,1,0.7752069267124719
0,1,0.8046270690150515
0,1,0.7673080077784431
0,1,0.7574172097887888
0,1,0.7493807280090542
0,1,0.828158838793009
1,1,0.7839159174634459
1,1,0.7805787532162064
1,1,0.7721134338137798
1,1,0.7567007152404566
1,1,0.7654402710546725
1,1,0.7895907839563228
1,1,0.7703350417012911
1,1,0.7219575587429864
1,1,0.8095675550156546
1,1,0.7423918954980846
1,1,0.8174935497797943
1,1,0.720278320097827
1,1,0.768064244033882
1,1,0.7680956818825514
1,1,0.7406304359870148
1,1,0.7575129406756866
1,1,0.7448191677556857
1,1,0.7752855881274706
1,1,0.80534197004168
1,1,0.7205319883249837
1,1,0.7508930135729556
1,1,0.8125421488491001
1,1,0.7696806896810635
1,1,0.7591283108182424
1,1,0.7609808984347107
1,1,0.719572767720424
1,1,0.7467820633279598
1,1,0.7447693350228736
1,1,0.7362747789335579
1,1,0.7445934005951392
1,1,0.705011419781746
1,1,0.7379656739655347
1,1,0.7279609121665177
0,1,0.8603462036806714
0,1,0.8560749544833522
0,1,0.8300440412950413
0,1,0.8305452954575212
0,1,0.8296925033167188
0,1,0.8261354195812008
0,1,0.8758524558611829
0,1,0.8524036951920965
0,1,0.8305807287377285
0,1,0.8080765739807254
0,1,0.884683538738009
0,0,0.21455943026127094
0,0,0.20059282787043844
0,0,0.22826795903902145
0,0,0.2704843163387547
0,0,0.25490044321751076
0,0,0.18246847121944829
0,0,0.21770208866115012
0,0,0.16579465218005493
0,0,0.18688330077522444
0,0,0.19158767103684204
0,0,0.18692024209021052
0,0,0.20156376326071748
0,0,0.22955911543810545
0,0,0.20176178048496848
0,0,0.21702260968390802
0,0,0.19169837557288893
0,0,0.19433200424075234
0,0,0.23435747135342186
0,0,0.21947799025436912
0,0,0.18063974955125467
0,0,0.20529052522559993
0,0,0.19518910584174365
0,0,0.18544900868167835
0,0,0.19544876941960712
0,0,0.1779925064150972
0,0,0.19010438099737798
0,0,0.2181916252696643
0,0,0.20680485084970543
0,0,0.20380714510406084
1,1,0.7378637298311251
1,1,0.8195826573333425
1,1,0.8150991447783664
1,1,0.7600099994529007
1,1,0.7940498853320029
1,1,0.8559402052976569
1,1,0.842739001961214
1,1,0.8550195158819427
1,1,0.8757530674105154
1,1,0.8665141398127706
1,1,0.8689360898499012
1,1,0.6838982420848383
1,1,0.6421704984756771
1,1,0.6248281607181707
1,1,0.5961893895787604
1,1,0.576477548455277
1,1,0.6336503820927274
1,1,0.6495052253123871
1,1,0.6539404754641943
1,1,0.6599855226800015
1,1,0.6409052192540705
1,1,0.6571198615445611
0,0,0.20066893332028282
0,0,0.1983682255565298
0,0,0.1628480796527179
0,0,0.1258089703094826
0,0,0.14140850857170084
0,0,0.13919124845926525
0,0,0.1415151373150574
0,0,0.2039798217381838
0,0,0.22576629023035394
0,0,0.22893264587012105
0,0,0.16304379227039237
0,0,0.1466107279924251
0,0,0.16328353768083173
0,0,0.13819705307367963
0,0,0.15773333814141044
0,0,0.1618553745978251
0,0,0.19836696144573146
0,0,0.146523065627755
0,0,0.14490282330679677
0,0,0.16366300283823115
0,0,0.16005882474744162
0,0,0.17163811621741815
0,0,0.16743776519689238
0,0,0.1674950944443997
0,0,0.148197195351523
0,0,0.15713217463157084
0,0,0.14766315465075727
0,0,0.15627650724690453
0,0,0.17831940443637742
0,0,0.18235985770524699
0,0,0.16338771824308612
0,0,0.17412198227395465
0,0,0.17440274951289667
0,0,0.14461020756274828
0,0,0.17691163184940886
0,0,0.17695446768338152
0,0,0.16316300693809271
0,0,0.16416338543020767
0,0,0.18961554843666562
0,0,0.19008611077548385
0,0,0.220825054731172
0,0,0.240024140722993
0,0,0.22695168977323277
0,0,0.22694023112110934
0,0,0.18808126398299177
0,0,0.22003568780383584
0,0,0.19376433176496685
0,0,0.20136216769568388
0,0,0.22688321292757446
0,0,0.2521567990618444
0,0,0.267964556280994
0,0,0.2310540502961706
0,0,0.2143537782085767
0,0,0.25552701398080535
0,0,0.2884832803958156
0,0,0.24364957421697642
0,0,0.20932066491749926
0,0,0.2066486238496414
0,0,0.23017179556217948
0,0,0.21856345632689234
0,0,0.21540278050548523
0,0,0.2340366557169996
0,0,0.17858871260147066
0,0,0.18426144445144912
0,0,0.17628259825310985
0,0,0.1664227346048749
0,0,0.14900982013747646
0,0,0.16579292275675284
0,0,0.19371751765403758
0,0,0.20807957507690386
0,0,0.19824826993009725
0,0,0.15146926705130132
0,0,0.14712145305446642
0,0,0.14965466778701667
0,0,0.1504632637586252
0,0,0.14754130753108405
0,0,0.1484325180680249
0,0,0.15081972456123371
0,0,0.14522452126529523
0,0,0.13833355740514042
0,0,0.14765171978641026
0,0,0.126760280143215
0,0,0.12705140075977234
0,0,0.1325118007570567
0,0,0.14203195450881448
0,0,0.1368433152338805
0,0,0.13921594141782795
0,0,0.1519879027114911
0,0,0.15839261518073047
0,0,0.1480663249466188
0,0,0.14592912336816127
0,0,0.13449958189293137
0,0,0.1569334197251332
0,0,0.15844828252493512
0,0,0.17713498630971306
0,0,0.1651829152316794
0,0,0.1765510859811104
0,0,0.15314496886349355
0,0,0.15724479270330888
0,0,0.12902694698513106
0,0,0.14553838156027488
1,1,0.7342519480189657
1,1,0.754567076705974
1,1,0.7446833867422271
1,1,0.7339151938380359
1,1,0.7570135700043622
1,1,0.7706895145615098
1,1,0.754261763511023
1,1,0.7086146514500452
1,1,0.7477462031452465
1,1,0.7457392320930313
1,1,0.7375373735163929
1,1,0.7513588469586563
1,1,0.7369819301959143
1,1,0.7349465366626184
1,1,0.7373862848379277
1,1,0.7100635545287737
1,1,0.7258449750344083
1,1,0.7182831763419416
1,1,0.7442860179195637
1,1,0.7603929643280329
1,1,0.7369100081786363
1,1,0.7356599525172414
0,1,0.740245353423672
0,1,0.7682987331232983
0,1,0.7857870962230515
0,1,0.7749328536497283
0,1,0.7695460438097004
0,1,0.7566664872950818
0,1,0.7441745813555901
0,1,0.7425941887600169
0,1,0.7410014842740766
0,1,0.7613535375480086
0,1,0.8060470804003133
0,1,0.9280848624258526
0,1,0.9269121602385101
0,1,0.907203832025225
0,1,0.9060638752284791
0,1,0.9035877586440744
0,1,0.8861628341833431
0,1,0.888121149259327
0,1,0.8974410055569274
0,1,0.8843147514524348
0,1,0.8819529021048931
0,1,0.8728503140922216
0,1,0.8096606134746268
0,1,0.8105362892390771
0,1,0.7995765163995274
0,1,0.7863516866376776
0,1,0.7566581293670278
0,1,0.75967739569168
0,1,0.7808631955327502
0,1,0.7651592769044889
0,1,0.7945533393333775
0,1,0.8260799045123002
0,1,0.8580513898342568
0,0,0.17073204235026368
0,0,0.14105812751689314
0,0,0.1911744515596587
0,0,0.2055451630867213
0,0,0.1893106063186292
0,0,0.2193867945843396
0,0,0.2187411342023639
0,0,0.19128296330150887
0,0,0.17206770931287885
0,0,0.18939108870023502
0,0,0.1696451135075143
0,0,0.15966290077226356
0,0,0.17533801028795504
0,0,0.22186355337772679
0,0,0.21230775142993255
0,0,0.2064518954452602
0,0,0.2146335300648828
0,0,0.2132283021065876
0,0,0.17271766722891385
0,0,0.19869905069624458
0,0,0.20884009852091168
0,0,0.19949589566109094
0,0,0.22022649356779378
0,0,0.22557823400351432
0,0,0.18093360062794095
0,0,0.2022564419816166
0,0,0.227963282536357
0,0,0.22554019513951867
0,0,0.2107373286662742
0,1,0.7044765526959526
0,1,0.7030625200007156
0,1,0.6830766583550343
0,1,0.707180231710137
0,1,0.7437880387237373
0,1,0.7120728390535596
0,1,0.6876450742688246
0,1,0.7043090998194976
0,1,0.7357701294874175
0,1,0.7544110020869944
0,1,0.7594386010407126
1,1,0.7383733170875882
1,1,0.7625888885778183
1,1,0.7818629468752044
1,1,0.7532165580278373
1,1,0.769137156227095
1,1,0.7702228421645033
1,1,0.7526616906198051
1,1,0.7671544822393825
1,1,0.7498907213312285
1,1,0.7678306479632997
1,1,0.7496378274086455
0,0,0.1684392453672767
0,0,0.18875840493280588
0,0,0.17622937628750113
0,0,0.17168621470947656
0,0,0.17721524173527467
0,0,0.17596508601172484
0,0,0.16635150674069468
0,0,0.16965580948221284
0,0,0.17753078038622203
0,0,0.1809946129823351
0,0,0.19595131587512482
0,0,0.18961441894142322
0,0,0.1811478192123982
0,0,0.19190547439323896
0,0,0.19296700243010673
0,0,0.1819729627884531
0,0,0.1565150604422762
0,0,0.16288832860000638
0,0,0.13572021297412554
0,0,0.12853002222190094
0,0,0.15511113045639977
0,0,0.15042031916169774
0,0,0.16756012662960246
0,0,0.17423246004561949
0,0,0.1699067487501247
0,0,0.15813093418621826
0,0,0.19675168154346878
0,0,0.18340977660347474
0,0,0.19098512742982632
0,0,0.20738016361024664
0,0,0.21952579206430647
0,0,0.23086625589352622
0,0,0.227737470695505
0,0,0.21675303915015462
0,0,0.24736077292668857
0,0,0.24998148652409027
0,0,0.24016575106786398
0,0,0.26260115529310873
0,0,0.24051656445133093
0,0,0.2123832947577768
0,0,0.2348154254678396
0,0,0.22670064631764628
0,0,0.23633910876501785
0,0,0.2534034183031713
0,0,0.2890746471025011
0,0,0.2731631840987379
0,0,0.2632139398247398
0,0,0.22842384591394818
0,0,0.2522737568371049
0,0,0.2581200138118792
0,0,0.2638611233105561
0,0,0.276668592744101
0,0,0.2578994075092338
0,0,0.2537011721145226
0,0,0.2475764005483537
0,0,0.2117787392436073
0,0,0.2819589405950319
0,0,0.2671201907202677
0,0,0.31130229984303964
0,0,0.2899086561646084
0,0,0.3408268140717173
0,0,0.3900445455355887
0,0,0.3320399392644312
0,0,0.3137196948403816
0,0,0.2712067535486643
0,0,0.27770426988309493
0,0,0.24725667034166868
0,0,0.2667500895039905
0,0,0.2850242390965918
0,0,0.24542502793636967
0,0,0.22465193988410687
0,0,0.22607129603694326
0,0,0.23229766317991
0,0,0.23287526886839482
0,0,0.2230058465317545
0,0,0.20081875108981728
0,0,0.14920888314006572
0,0,0.18852314532781647
0,0,0.16574730233764604
0,0,0.14790635121960405
0,0,0.24555987444059657
0,0,0.20037603059035855
0,0,0.26086152180987326
0,0,0.23769325942137903
0,0,0.22756362087143983
0,0,0.2429170268241985
0,0,0.16598310900459382
0,0,0.1609986664317991
0,0,0.16120630895785745
0,0,0.1764496239066366
0,0,0.2503155133181755
0,0,0.25234608098522915
0,0,0.1943862863114029
0,0,0.22469326601485054
0,0,0.16195067886985018
0,0,0.15131677888230258
0,0,0.17956224662127598
0,0,0.20000034532524646
0,0,0.2050672517787337
0,0,0.17962240524060621
0,0,0.17238709306180375
0,1,0.6346912937191477
0,1,0.6693286082344311
0,1,0.6793789414979838
0,1,0.628147848569363
0,1,0.6709296594340054
0,1,0.6396135465148152
0,1,0.6725914211376188
0,1,0.7100562929236744
0,1,0.7035937392243945
0,1,0.6744642273325409
0,1,0.674883550713248
0,1,0.6673641651660239
0,1,0.7463274098089404
0,1,0.7940802571978643
0,1,0.7412076551245295
0,1,0.6871370644594594
0,1,0.6416350793178341
0,1,0.579382367080815
0,1,0.6502936367950489
0,1,0.6361062275634958
0,1,0.6220606850219697
0,1,0.6804409839860058
0,1,0.5494591016151543
0,1,0.6443292296710668
0,1,0.6729810488028748
0,1,0.6644180364291853
0,1,0.6936918747383867
0,1,0.7946729114210833
0,1,0.7571282219298248
0,1,0.7626237777231424
0,1,0.7265700182347252
0,1,0.7651590114169302
0,1,0.7630914787309571
0,1,0.5421797755901655
0,1,0.5437550122178118
0,1,0.5639820584885328
0,1,0.5531106445863834
0,1,0.6211907886929731
0,1,0.6288394021571366
0,1,0.6878185778846376
0,1,0.6799846164357841
0,1,0.6846954606262335
0,1,0.7801726205731722
0,1,0.7246508507724089
0,1,0.7494428952967158
0,1,0.7349440556875594
0,1,0.7285095474817809
0,1,0.7557844927713689
0,1,0.772588654963755
0,1,0.7397705117503313
0,1,0.7187498112609845
0,1,0.7195221882243569
0,1,0.7030479393982584
0,1,0.8705985016949889
0,1,0.8792642400640206
0,1,0.6328642256864279
0,1,0.6717911704871594
0,1,0.8240754622472312
0,1,0.8341394052841021
0,1,0.7961184695776999
0,1,0.7884362225398719
0,1,0.7561408898076384
0,1,0.6928362832690194
0,1,0.6445650607042716
0,1,0.6362182372513043
0,1,0.5942532223100282
0,1,0.6650401708128271
0,1,0.6962803603600688
0,1,0.6522220604358947
0,1,0.5960863401222659
0,1,0.6208013005559576
0,1,0.6279453731119334
0,1,0.6629880596062863
0,1,0.6418938287598978
0,1,0.6568180476051242
0,1,0.6362726189299702
0,1,0.6281652033063434
0,0,0.2965961446416195
0,0,0.3599956534734811
0,0,0.42612786286254495
0,0,0.39717852969506423
0,0,0.42973944978155054
0,0,0.3769919536011907
0,0,0.4014055295931985
0,0,0.38350371040380943
0,0,0.3933530665522555
0,0,0.41031594549701433
0,0,0.4070249255166486
0,0,0.3293388151336347
0,0,0.3246923182514114
0,0,0.4065378047815817
0,0,0.2879726340174732
0,0,0.3575699729314937
0,0,0.34959100631081136
0,0,0.31594800337618184
0,0,0.37742954501402726
0,0,0.39005061575665745
0,0,0.34895350596429636
0,0,0.38312156278054743
0,0,0.30471046190828877
0,0,0.21383556374284252
0,0,0.2732435598348213
0,0,0.27610701043219726
0,0,0.22043230683136897
0,0,0.23490322824926366
0,0,0.2531094482650461
0,0,0.2626279746038471
0,0,0.22156704885857004
0,0,0.25230315906867007
0,0,0.23073790166503902
0,0,0.3564367043882186
0,0,0.32179248590183207
0,0,0.3485224452159548
0,0,0.39470237751940224
0,0,0.36418440444874534
0,0,0.3579631966725958
0,0,0.3453521170443101
0,0,0.35435549523832677
0,0,0.3294713731817112
0,0,0.350416593449385
0,0,0.31804191524303815
0,0,0.3629785155352614
0,0,0.4015248568394979
0,0,0.29907980310918686
0,0,0.3449300775517068
0,0,0.32050083649466354
0,0,0.3179494893334103
0,0,0.2874246107873027
0,0,0.3411502703167143
0,0,0.37037200826955496
0,0,0.41497978730726987
0,0,0.4062718642006519
0,0,0.21993115704891403
0,0,0.19518776797620227
0,0,0.20508793988431312
0,0,0.17794912971638557
0,0,0.18522243021072382
0,0,0.20943471113136222
0,0,0.23858201445475963
0,0,0.27564706935369404
0,0,0.27629790506717566
0,0,0.27587569526866434
0,0,0.27574554517576066
1,0,0.17032012902178267
1,0,0.20676454876415723
1,0,0.14231406793836396
1,0,0.12722844438740175
1,0,0.16949789261534215
1,0,0.10492916777477009
1,0,0.09551834716776816
1,0,0.13265148478270006
1,0,0.11370415604467102
1,0,0.16564315132810642
1,0,0.13679392662046794
1,0,0.08942969022939609
1,0,0.1041244235906504
1,0,0.1207461968465354
1,0,0.12118563621202602
1,0,0.11669496759028189
1,0,0.11042732334638584
1,0,0.1704522576482031
1,0,0.18274488099232675
1,0,0.1624635786928673
1,0,0.13973509087264924
1,0,0.09729376109383711
1,0,0.10380580220435227
1,0,0.16443835168566195
1,0,0.1922375532859044
1,0,0.10236638708072761
1,0,0.103788234762298
1,0,0.12907438320392192
1,0,0.1307271547792447
1,0,0.1565661858689
1,0,0.1718000238172374
1,0,0.13118183447644793
1,0,0.15571492873637108
1,0,0.18703570387448498
1,0,0.18989510369093338
1,1,0.6836612998640658
1,1,0.6593501382237319
1,1,0.6557525568291535
1,1,0.6831625766344805
1,1,0.6648087772711553
1,1,0.6709404151145567
1,1,0.7338369286285318
1,1,0.6870334409536822
1,1,0.6741543678949229
1,1,0.7135094928835806
1,1,0.711736620013363
1,1,0.6936955170605863
1,1,0.7167559129033872
1,1,0.7222845727481897
1,1,0.7077688388161932
1,1,0.7086086246398389
1,1,0.7406615278954967
1,1,0.6886515474345427
1,1,0.6648265191666105
1,1,0.6601242851457912
1,1,0.6877125868876657
1,1,0.6993544576455938
1,1,0.8200074963094941
1,1,0.8060555051403129
1,1,0.8122282633460387
1,1,0.8190073552836631
1,1,0.8327224272677302
1,1,0.8635810140649633
1,1,0.8451673388966247
1,1,0.8660125362900603
1,1,0.8698575714620782
1,1,0.8940039627079835
1,1,0.8821465991132967
1,1,0.7968055508171318
1,1,0.8222836364849972
1,1,0.8310907031158307
1,1,0.835606027411546
1,1,0.798530493059738
1,1,0.8175689044980982
1,1,0.8257691135808567
1,1,0.8643038478625641
1,1,0.8358747597553128
1,1,0.8368249212774488
1,1,0.8764929333976784
1,1,0.7828667548247725
1,1,0.7247098410536194
1,1,0.7647195367086703
1,1,0.7837928713374401
1,1,0.791794683181701
1,1,0.7551381083223453
1,1,0.7720818568641568
1,1,0.7784432676283902
1,1,0.7740512188519435
1,1,0.6998147014190174
1,1,0.7008315285884605
1,0,0.16766639815726694
1,0,0.18414051356642008
1,0,0.1814606944623703
1,0,0.18254463185919062
1,0,0.18408059398317322
1,0,0.2088486178484081
1,0,0.23390381300060276
1,0,0.18409923643035367
1,0,0.1852507138231193
1,0,0.21260200570887164
1,0,0.18401201082830954
1,0,0.16654169071069375
1,0,0.15820407667503894
1,0,0.2123666744606142
1,0,0.1733627874295026
1,0,0.15410415067069486
1,0,0.14493860822319193
1,0,0.1433921737973409
1,0,0.10754776041569296
1,0,0.13194460188825222
1,0,0.14816919444247834
1,0,0.14834097432108825
1,0,0.13699959094006714
1,0,0.16401256457100838
1,0,0.14190352524530436
1,0,0.14391104254178796
1,0,0.1636338005458861
1,0,0.16792363505065502
1,0,0.19868648578916054
1,1,0.7979814065908303
1,1,0.8035735440324318
1,1,0.8241198748380231
1,1,0.8068489225636939
1,1,0.808665648369908
1,1,0.7918545603854309
1,1,0.7929658380901933
1,1,0.7918360793384075
1,1,0.7834857520150612
1,1,0.7855055396176034
1,1,0.7899261808123964
1,1,0.7091966228747119
1,1,0.7433400525902588
1,1,0.6943411155922838
1,1,0.74197544176222
1,1,0.716948729867455
1,1,0.7398567882228992
1,1,0.7155916636907356
1,1,0.7008534210096583
1,1,0.7094094650457854
1,1,0.7310800882222809
1,1,0.7220172165269697
1,0,0.25835300072896705
1,0,0.2580427803460514
1,0,0.25112985105099644
1,0,0.23833049014584462
1,0,0.24924447380774314
1,0,0.24965789174948955
1,0,0.2298395733400136
1,0,0.2444933109806304
1,0,0.22237967579369594
1,0,0.22808777819144968
1,0,0.22367879468158122
1,0,0.2301122358171334
1,0,0.26608666093640015
1,0,0.2573885535379565
1,0,0.2634961497303335
1,0,0.27120703950430547
1,0,0.2512187196551863
1,0,0.25241576632914287
1,0,0.24800207557871196
1,0,0.25382763827453575
1,0,0.21328940454630818
1,0,0.26024574372737413
1,0,0.2420852144637206
1,0,0.265558949800507
1,0,0.2715849283711338
1,0,0.27818087259767565
1,0,0.25794169550585466
1,0,0.2443729771558224
1,0,0.23364446246873033
1,0,0.25958044725438345
1,0,0.282360901073686
1,0,0.2965664181653686
1,0,0.3079044172309508
1,0,0.27779103566942054
1,0,0.2814320732911729
1,0,0.28484779737613136
1,0,0.2761188654867774
1,0,0.2643897694413317
1,0,0.2764501593316857
1,0,0.26777718103775716
1,0,0.2866893477348321
1,0,0.28644089209023554
1,0,0.3059811517306577
1,0,0.2748835822167281
1,0,0.28728970204686477
1,0,0.28128316372796697
1,0,0.2758650475923309
1,0,0.2769393915255476
1,0,0.3028901845053173
1,0,0.30292719910731297
1,0,0.2968865917220331
1,0,0.2778294504236898
1,0,0.293533917140782
1,0,0.30368578140588426
1,0,0.29331578250357404
0,0,0.2545983788633875
0,0,0.2713488841097892
0,0,0.26824808676295325
0,0,0.23504342913817894
0,0,0.25375722057529587
0,0,0.24565412702437384
0,0,0.24722064541743152
0,0,0.1853280731875183
0,0,0.20585644676002082
0,0,0.2018808958559494
0,0,0.20669303247191442
0,0,0.2543024157390133
0,0,0.17208478775575048
0,0,0.19609665757414527
0,0,0.19247722565715514
0,0,0.2189766360823964
0,0,0.1842847917420962
0,0,0.1741509575018597
0,0,0.15445492425126228
0,0,0.16966597462962482
0,0,0.18016275824145428
0,0,0.18891618960619563
0,0,0.1424554324885031
0,0,0.14363373743210214
0,0,0.1351082465539284
0,0,0.14784029192329595
0,0,0.19342999286919274
0,0,0.14380957907387618
0,0,0.14933405264704652
0,0,0.16725846104254874
0,0,0.17444818235124665
0,0,0.19189902750361554
0,0,0.19388803629928333
0,0,0.23823473194369105
0,0,0.26458014684774817
0,0,0.2537035288292829
0,0,0.23447354325108158
0,0,0.21281811455456598
0,0,0.23326104308377876
0,0,0.22913937550866315
0,0,0.2444138177985441
0,0,0.25169975651269555
0,0,0.26999068775022705
0,0,0.27741337266409366
0,0,0.2866477867569204
0,0,0.27730831762322455
1,1,0.5201243246163546
1,1,0.5776474830390755
1,1,0.5869502005864843
1,1,0.625656810183642
1,1,0.6286455286625894
1,1,0.6342231679987528
1,1,0.6470015087937736
1,1,0.6024085794449836
1,1,0.5441414480385666
1,1,0.5176486113520578
1,1,0.5389654611627501
1,1,0.5249787934253717
1,1,0.6648683866198192
1,1,0.632849169832525
1,1,0.5674956011281708
1,1,0.5401343720476367
1,1,0.5964421021404401
1,1,0.6090413378842359
1,1,0.6556908264017077
1,1,0.6119172743795789
1,1,0.590206755754432
1,1,0.67405173912273
0,1,0.6632590748588397
0,1,0.6943969995485919
0,1,0.6913035536475165
0,1,0.7182915636027127
0,1,0.7090441121420235
0,1,0.6866368419726442
0,1,0.7179589718986206
0,1,0.7468108303989811
0,1,0.7189856200234636
0,1,0.6631232386538086
0,1,0.7026211082638707
1,1,0.5559550331928333
1,1,0.5597948494867137
1,1,0.5290113691812265
1,1,0.5298511674522345
1,1,0.5431669344588551
1,1,0.5652098261280456
1,1,0.5553026424324281
1,1,0.5536544187830654
1,1,0.5616289538425826
1,1,0.5968207855206984
1,1,0.5952015881510487
1,1,0.6934109788279287
1,1,0.6703723220070432
1,1,0.6842350659914669
1,1,0.7095954786941878
1,1,0.7232697148366889
1,1,0.7211276973122469
1,1,0.6875064561942824
1,1,0.6699224271243601
1,1,0.6514351343432132
1,1,0.680163590825789
1,1,0.6223232625331443
0,0,0.15096942442872952
0,0,0.10967096777743979
0,0,0.11020833524537034
0,0,0.11597403237480941
0,0,0.12823307269245124
0,0,0.12382077209270353
0,0,0.10518414820649845
0,0,0.09947201415213171
0,0,0.0923267734281937
0,0,0.10583677450670262
0,0,0.10123837798230031
0,0,0.11638281927778732
0,0,0.11477815308028493
0,0,0.11246963118138754
0,0,0.09958640593197926
0,0,0.09805245222748366
0,0,0.10069204367931002
0,0,0.11155097758094991
0,0,0.11591850764817128
0,0,0.13420891766423482
0,0,0.13819014172626573
0,0,0.14949016881070384
0,0,0.10202013712043292
0,0,0.10159254601150575
0,0,0.1013229677787108
0,0,0.10587444092003605
0,0,0.09346517946253986
0,0,0.07989309146852731
0,0,0.06907765025248944
1,1,0.6364896404622151
1,1,0.5912113135197488
1,1,0.5900258755516895
1,1,0.6403619062634914
1,1,0.6309337179260869
1,1,0.6547039678820338
1,1,0.6344675758967916
1,1,0.5854735393941329
1,1,0.6158256258548795
1,1,0.6105477612372728
1,1,0.5383053812800556
1,1,0.6061058905902564
1,1,0.6342916387130281
1,1,0.6928664126613685
1,1,0.7293377228808272
1,1,0.6793483640129878
1,1,0.6745505786693289
1,1,0.7022836537543139
1,1,0.6803872633138627
1,1,0.6942559618668033
1,1,0.7496693213830246
1,1,0.706054376787699
1,0,0.21747668553608066
1,0,0.20753687181890576
1,0,0.15640053344128277
1,0,0.17293394926198172
1,0,0.19437203783760032
1,0,0.17688671592653446
1,0,0.2025325093360312
1,0,0.19845906936732086
1,0,0.24684829521153057
1,0,0.22365488640004913
1,0,0.22670018841908962
1,0,0.2575159777396546
1,0,0.25057784028245567
1,0,0.23568765312770132
1,0,0.25756309122820764
1,0,0.25350866753790624
1,0,0.26555876385264165
1,0,0.2706052037311125
1,0,0.29312836760561295
1,0,0.29675351144761597
1,0,0.23899734815484258
1,0,0.24107745775610462
1,0,0.22577178945676224
1,0,0.2495668047183789
1,0,0.2358600732631993
1,0,0.2202984905246324
1,0,0.21378580354856716
1,0,0.21313203490219698
1,0,0.24737781391798733
1,0,0.2575225989786852
1,0,0.19176324878511347
1,0,0.1836923684437852
1,0,0.2084916157096847
1,0,0.15560694156927124
1,0,0.16386573560687817
1,0,0.14229267408689938
1,0,0.14133029246858875
1,0,0.17116045935025184
1,0,0.16368069112601252
1,0,0.1735300498653945
1,0,0.17372522075737915
1,0,0.17746352468350113
1,0,0.17726835379151648
1,0,0.18405269452994294
1,0,0.17002775739658588
1,0,0.17626177851871208
1,0,0.1856007351402468
1,0,0.17584095728412333
1,0,0.17544587632488734
1,0,0.191774673038117
1,0,0.17161775293110731
1,0,0.1654689870699734
1,0,0.16569621200831922
1,0,0.16643116525794427
1,0,0.1762690277318824
0,0,0.3904332114794883
0,0,0.3904332114794883
0,0,0.3904332114794883
0,0,0.3904332114794883
0,0,0.3904332114794883
0,0,0.38844987302872974
0,0,0.39470666031865365
0,0,0.39470666031865365
0,0,0.38666609477437186
0,0,0.39470666031865365
0,0,0.3904332114794883
0,0,0.3904332114794883
0,0,0.3904332114794883
0,0,0.3863958719225661
0,0,0.3826287552174496
0,0,0.3826287552174496
0,0,0.38883821375560224
0,0,0.38883821375560224
0,0,0.3863958719225661
0,0,0.3826287552174496
0,0,0.3826287552174496
0,0,0.3826287552174496
0,0,0.3826287552174496
0,0,0.3826287552174496
0,0,0.3826287552174496
0,0,0.3826287552174496
0,0,0.3826287552174496
0,0,0.3826287552174496
0,0,0.3826287552174496
0,0,0.38480087419868
0,0,0.3826287552174496
0,0,0.3826287552174496
0,0,0.3826287552174496
0,0,0.3826287552174496
0,0,0.3826287552174496
0,0,0.3863958719225661
0,0,0.3863958719225661
0,0,0.38480087419868
0,0,0.3826287552174496
0,0,0.3826287552174496
0,0,0.3826287552174496
0,0,0.3826287552174496
0,0,0.3826287552174496
0,0,0.3863958719225661
0,0,0.3863958719225661
0,0,0.38480087419868
0,0,0.3863958719225661
0,0,0.3826287552174496
0,0,0.38480087419868
0,0,0.3863958719225661
0,0,0.38844987302872974
0,0,0.3863958719225661
0,0,0.3863958719225661
0,0,0.38480087419868
0,0,0.3904332114794883
0,0,0.3904332114794883
0,0,0.3904332114794883
1,0,0.3904332114794883
1,0,0.3904332114794883
1,0,0.3904332114794883
1,0,0.3863958719225661
1,0,0.3863958719225661
1,0,0.38685487530484364
1,0,0.3904332114794883
1,0,0.401822962394157
1,0,0.39754951355499174
1,0,0.41247463724805583
1,0,0.4211378071774407
1,0,0.41282701878135314
1,0,0.4047818184151181
1,0,0.4106872162345644
1,0,0.4085812515546762
1,0,0.4085489351202346
1,0,0.4085489351202346
1,0,0.41017624927856233
1,0,0.4047818184151181
1,0,0.40695393739634844
1,0,0.4085489351202346
1,0,0.4085489351202346
1,0,0.41445433293968087
1,0,0.41445433293968087
1,0,0.4085489351202346
1,0,0.4025688511280821
1,0,0.40416384885196827
1,0,0.41017624927856233
1,0,0.41258627467715686
1,0,0.41258627467715686
1,0,0.41017624927856233
1,0,0.41685972351632217
1,0,0.4211378071774407
1,0,0.4168643583382754
1,0,0.4168643583382754
1,0,0.42276512133576843
1,0,0.4184870376746499
1,0,0.4184870376746499
1,0,0.4211378071774407
1,0,0.4168643583382754
1,0,0.41258627467715686
1,0,0.4142135888354846
1,0,0.41849167249660313
1,0,0.4168643583382754
0,0,0.4085489351202346
0,0,0.4085489351202346
0,0,0.41017624927856233
0,0,0.3919171762741833
0,0,0.3826287552174496
0,0,0.3826287552174496
0,0,0.3863958719225661
0,0,0.38480087419868
0,0,0.3826287552174496
0,0,0.3826287552174496
0,0,0.38666609477437186
0,0,0.3904332114794883
0,0,0.3904332114794883
0,0,0.3904332114794883
0,0,0.3904332114794883
0,0,0.3863958719225661
0,0,0.3826287552174496
0,0,0.3904332114794883
0,0,0.3904332114794883
0,0,0.3826287552174496
0,0,0.38480087419868
0,0,0.38480087419868
0,0,0.3826287552174496
0,0,0.3863958719225661
0,0,0.3863958719225661
0,0,0.3826287552174496
0,0,0.3826287552174496
0,0,0.3826287552174496
0,0,0.3863958719225661
1,0,0.4142135888354846
1,0,0.41258627467715686
1,0,0.41258627467715686
1,0,0.4211378071774407
1,0,0.42276512133576843
1,0,0.41849167249660313
1,0,0.41849167249660313
1,0,0.4088191579720404
1,0,0.39754951355499174
1,0,0.39470666031865365
1,0,0.401822962394157
1,0,0.3904332114794883
1,0,0.3904332114794883
1,0,0.39470666031865365
1,0,0.39470666031865365
1,0,0.38480087419868
1,0,0.3826287552174496
1,0,0.38468275632361326
1,0,0.3863958719225661
1,0,0.3863958719225661
1,0,0.38844987302872974
1,0,0.3863958719225661
0,0,0.39470666031865365
0,0,0.3863958719225661
0,0,0.38480087419868
0,0,0.3904332114794883
0,0,0.3904332114794883
0,0,0.3863958719225661
0,0,0.3904332114794883
0,0,0.39470666031865365
0,0,0.38883821375560224
0,0,0.3904332114794883
0,0,0.3904332114794883
0,0,0.3904332114794883
0,0,0.38844987302872974
0,0,0.3826287552174496
0,0,0.38480087419868
0,0,0.3826287552174496
0,0,0.3863958719225661
0,0,0.3863958719225661
0,0,0.3904332114794883
0,0,0.38883821375560224
0,0,0.38685487530484364
0,0,0.3863958719225661
0,0,0.3904332114794883
0,0,0.39470666031865365
0,0,0.39470666031865365
0,0,0.401822962394157
0,0,0.41247463724805583
0,0,0.41258627467715686
0,0,0.41258627467715686
0,0,0.39754951355499174
0,0,0.39754951355499174
0,0,0.4211378071774407
0,0,0.41849167249660313
1,0,0.3863958719225661
1,0,0.3904332114794883
1,0,0.3863958719225661
1,0,0.3863958719225661
1,0,0.3863958719225661
1,0,0.3863958719225661
1,0,0.3826287552174496
1,0,0.3863958719225661
1,0,0.3826287552174496
1,0,0.38480087419868
1,0,0.3863958719225661
1,0,0.3904332114794883
1,0,0.3904332114794883
1,0,0.3863958719225661
1,0,0.38480087419868
1,0,0.3863958719225661
1,0,0.3863958719225661
1,0,0.3863958719225661
1,0,0.3826287552174496
1,0,0.38480087419868
1,0,0.3904332114794883
1,0,0.3904332114794883
0,0,0.19662775302651514
0,0,0.22014417931742272
0,0,0.21940947674414066
0,0,0.1803668564248559
0,0,0.2123336273924864
0,0,0.18727636397583608
0,0,0.21251239483923712
0,0,0.20644914106530202
0,0,0.18614778186795436
0,0,0.23971395407969046
0,0,0.23797684384324472
1,0,0.13752628882565204
1,0,0.1531778023043647
1,0,0.14061889878524764
1,0,0.18770541649361527
1,0,0.18742185668638256
1,0,0.1654126689949585
1,0,0.21709044876250821
1,0,0.16835647342644156
1,0,0.15060921065815572
1,0,0.158637493165493
1,0,0.18948057078754868
1,0,0.19277273145571278
1,0,0.18878534274512354
1,0,0.2055151215055958
1,0,0.2089920676906883
1,0,0.20274425538182048
1,0,0.19319232780683357
1,0,0.20147576112320872
1,0,0.2029287011005444
1,0,0.19358991672368112
1,0,0.1592631010619485
1,0,0.18006352766202252
1,0,0.20388058184436997
1,0,0.1917629266831687
1,0,0.21317894458439796
1,0,0.22222927781381305
1,0,0.2277546839560546
1,0,0.21636016357391583
1,0,0.16462818951450114
1,0,0.16696814228219117
1,0,0.20717614049047167
1,0,0.18251393777131533
1,0,0.16435571740188779
1,0,0.21217021895977628
1,0,0.20879347820432312
1,1,0.7820903880819126
1,1,0.7647338451990171
1,1,0.7894279136191484
1,1,0.8138783065025091
1,1,0.7296211039446391
1,1,0.7258683059738301
1,1,0.8315976599220758
1,1,0.7995394908643954
1,1,0.8251872209401501
1,1,0.8226029983217075
1,1,0.835075951751481
0,1,0.8191897000535588
0,1,0.8412067655866053
0,1,0.8130215019195315
0,1,0.7945157718980193
0,1,0.8631345644149324
0,1,0.848392344760459
0,1,0.8558782011692639
0,1,0.8635386688510668
0,1,0.8134490472216523
0,1,0.8176019045854496
0,1,0.8365203265883463
0,1,0.7938118939413558
0,1,0.7384844671403547
0,1,0.7403587698535509
0,1,0.7339816196972123
0,1,0.7173652485863217
0,1,0.83279694910939
0,1,0.8323076145608885
0,1,0.8541459810541737
0,1,0.830243032620484
0,1,0.8706751676833565
0,1,0.8634713426955326
1,1,0.7774210335374195
1,1,0.8436251368106589
1,1,0.8357558480587697
1,1,0.8327240769408475
1,1,0.7988283806553285
1,1,0.7970706439312911
1,1,0.8194332848793886
1,1,0.8212160726492043
1,1,0.8195837892996027
1,1,0.7801150304484988
1,1,0.8532787210621972
1,1,0.728340883984552
1,1,0.763657351166669
1,1,0.8085602600970045
1,1,0.8029485950195192
1,1,0.7517143721528984
1,1,0.7635901829018651
1,1,0.7644891664327028
1,1,0.781066776763003
1,1,0.7356546007285106
1,1,0.7470633279609115
1,1,0.8250362396495666
0,0,0.21243021956139688
0,0,0.2808034753033628
0,0,0.2261314687795546
0,0,0.2792374912480968
0,0,0.2816487641807785
0,0,0.28844439592552346
0,0,0.2687724147212605
0,0,0.26259937920300297
0,0,0.22448210440326083
0,0,0.20275010935463933
0,0,0.21214573147344648
0,0,0.22642696184069785
0,0,0.27418058918177
0,0,0.25357910635949993
0,0,0.256228778025192
0,0,0.27152277436333977
0,0,0.18009246461999473
0,0,0.2259125314662668
0,0,0.20712763717772756
0,0,0.21608265533711632
0,0,0.2043926764075841
0,0,0.22125840438755
0,0,0.21551632021728476
0,0,0.24330176045442678
0,0,0.21943339915485308
0,0,0.23338159217343374
0,0,0.2074293486928548
0,0,0.20972061177011278
0,0,0.19793409016630206
1,1,0.8416021136398066
1,1,0.8026651017456511
1,1,0.8177501598650843
1,1,0.8381554719353561
1,1,0.819110758648646
1,1,0.8246801526454012
1,1,0.8039742780422365
1,1,0.764478968419315
1,1,0.7815054553087966
1,1,0.8543423814047632
1,1,0.8514938815225627
1,1,0.7913929098697962
1,1,0.7685542629919255
1,1,0.7459072431581387
1,1,0.7896754024976044
1,1,0.8065863295917918
1,1,0.7988471559346796
1,1,0.7474057718398531
1,1,0.7342361792379083
1,1,0.7180857199594988
1,1,0.7946805309099413
1,1,0.8052062897448101
0,0,0.17820394738549197
0,0,0.18117193908140453
0,0,0.21739000192824245
0,0,0.25360247650357864
0,0,0.2538956439623429
0,0,0.24445948025732966
0,0,0.23093925429788406
0,0,0.22875113504099606
0,0,0.21962108032273778
0,0,0.22929074468038402
0,0,0.2552760785556166
0,0,0.22197916580524002
0,0,0.2006420389813673
0,0,0.19367641683570813
0,0,0.2030152857270747
0,0,0.19803322424581637
0,0,0.14254566937385607
0,0,0.21295003904357895
0,0,0.19093834032525372
0,0,0.17698885266296316
0,0,0.19313931983747237
0,0,0.2604910100331485
0,0,0.26728474901357335
0,0,0.29603364862450615
0,0,0.2983556499258162
0,0,0.2981081347405279
0,0,0.27581908908573644
0,0,0.30449565158706476
0,0,0.317334439368935
0,0,0.3163867056994541
0,0,0.30727103513414983
0,0,0.3075747422946949
0,0,0.2876392223736912
0,0,0.23649736728402637
0,0,0.22126921684445222
0,0,0.1997531580919967
0,0,0.24126753249999275
0,0,0.2926121118647566
0,0,0.21622726693562508
0,0,0.20138789661040687
0,0,0.248641103824121
0,0,0.19833485458571823
0,0,0.14300784931682864
0,0,0.1381979975156988
0,0,0.1469394878658787
0,0,0.17297101353042876
0,0,0.1770659344996268
0,0,0.22694691589001004
0,0,0.29673298855093544
0,0,0.2927318082681884
0,0,0.3947852994415563
0,0,0.39605336855051054
0,0,0.3445329974128579
0,0,0.3278124434078359
0,0,0.24874654226116977
0,0,0.1232778869651373
0,0,0.0890754798087029
0,0,0.0853650306895352
0,0,0.10830048198384629
0,0,0.11706495455857255
0,0,0.10617843123603515
0,0,0.12158136442833686
0,0,0.11453395012969553
0,0,0.12163279945863936
0,0,0.11332764759778659
0,0,0.10329089655909879
0,0,0.28112959616006716
0,0,0.25128483335512625
0,0,0.2163983588785308
0,0,0.2001104243651725
0,0,0.1354588312047157
0,0,0.12095387313582878
0,0,0.12173338890558812
0,0,0.09790600006527422
0,0,0.1238524172226721
0,0,0.06553091314854069
0,0,0.08555355854910035
0,0,0.09260725528102697
0,0,0.08886869083544598
0,0,0.08024750906222321
0,0,0.10224482944459076
0,0,0.1067359709063735
0,0,0.10488144538442361
0,0,0.09704590482977048
0,0,0.1055955282808496
0,0,0.09306665804646631
0,0,0.05478886268769103
0,0,0.08110757450155871
0,0,0.07512149016664217
0,0,0.0741520430918799
0,0,0.08547648567838868
0,0,0.0774882969441058
0,0,0.10332301790415366
0,0,0.09803196702274039
0,0,0.08153268629835007
0,0,0.08666468831429036
0,0,0.0760210475958776
0,0,0.08968812923224208
0,0,0.08972416613977038
0,0,0.0711368819591371
0,0,0.12656660709617415
1,1,0.6721322864008257
1,1,0.6943056866515919
1,1,0.6774507145000804
1,1,0.7275996420573239
1,1,0.7549480043225643
1,1,0.7424128362593998
1,1,0.7607500037158865
1,1,0.7983153676531881
1,1,0.8075218129592888
1,1,0.7840205414203167
1,1,0.7972669756088357
1,1,0.6394766811016614
1,1,0.6791252299215756
1,1,0.709957313540465
1,1,0.6657513979218481
1,1,0.6290901007968552
1,1,0.6281870485760046
1,1,0.7250458341921017
1,1,0.7138420528043409
1,1,0.7163492383831063
1,1,0.6938100942592592
1,1,0.6477056308234385
1,1,0.6699851826225316
1,1,0.6917163237282415
1,1,0.7176369891383308
1,1,0.7053231175289981
1,1,0.7279004422378393
1,1,0.6700468681354035
1,1,0.6758842999147582
1,1,0.7072292031854495
1,1,0.7241024765617804
1,1,0.7242900213542859
1,1,0.6991385532240241
1,1,0.805527177397615
1,1,0.7842348673548561
1,1,0.8305958077374086
1,1,0.8545244893393169
1,1,0.7963888287525889
1,1,0.80147753330021
1,1,0.8053121846447353
1,1,0.8149843887878773
1,1,0.8118985564085227
1,1,0.8133672923461798
1,1,0.8553711912602024
1,1,0.7134985686351883
1,1,0.7324840065555895
1,1,0.725762524270447
1,1,0.7229996535136478
1,1,0.6819703129982057
1,1,0.6352240840352459
1,1,0.622832897846274
1,1,0.5956851340494478
1,1,0.5296710941148245
1,1,0.6084405759827352
1,1,0.6927698483134018
0,0,0.15793206746955776
0,0,0.14926437308332358
0,0,0.11218259079953186
0,0,0.10343938576984049
0,0,0.13039899956337686
0,0,0.12000081750891828
0,0,0.11959581437726965
0,0,0.12433869833902227
0,0,0.11471043250995396
0,0,0.1268715458039851
0,0,0.1692469647587637
0,0,0.16389808971530329
0,0,0.11258517705076149
0,0,0.1209853615561728
0,0,0.13883734193232297
0,0,0.13175901291624276
0,0,0.11048894752185631
0,0,0.10536686371763951
0,0,0.13988403106266692
0,0,0.15800886505786282
0,0,0.17211000847671845
0,0,0.13985234363239746
0,0,0.11884338311684281
0,0,0.13245168379267913
0,0,0.1389752201468054
0,0,0.13572916074421357
0,0,0.12254517437139766
0,0,0.15948588588959972
0,0,0.14571739509823425
0,1,0.7154027250214139
0,1,0.8008653327264089
0,1,0.8190374688462464
0,1,0.8743185372560082
0,1,0.8700923237112996
0,1,0.797266092597755
0,1,0.8776844862992402
0,1,0.8468185102509359
0,1,0.7963284779586229
0,1,0.803908371728518
0,1,0.8219492048387054
1,1,0.6501543951039317
1,1,0.6594648771506572
1,1,0.6773074141742087
1,1,0.585055181441912
1,1,0.6307618012177991
1,1,0.6600054290035289
1,1,0.6554110046644342
1,1,0.6209105234085173
1,1,0.6069121817465494
1,1,0.609015042595696
1,1,0.5690367507606977
0,0,0.1659253410200248
0,0,0.12288351891682112
0,0,0.10231033248243492
0,0,0.11350157084603887
0,0,0.13480333240992384
0,0,0.15040152104265408
0,0,0.16001759020947987
0,0,0.16236826655780578
0,0,0.14513631184761733
0,0,0.1258008207598085
0,0,0.13442105830522005
0,0,0.13830858640964938
0,0,0.14464067677124173
0,0,0.13389883699526922
0,0,0.14214815115324783
0,0,0.1360322277691018
0,0,0.13662120783299211
0,0,0.13899235854489514
0,0,0.11128219251303417
0,0,0.11563872704880783
0,0,0.13759127179371874
0,0,0.1652099365038484
0,0,0.1629121770255055
0,0,0.17281152944134662
0,0,0.1573014521758851
0,0,0.16046407724679526
0,0,0.12800533340138406
0,0,0.12971915022819794
0,0,0.144903315522003
0,0,0.13686104234477026
0,0,0.13857957303698018
0,0,0.11757511258422719
0,0,0.10712981416372173
0,0,0.16854845633788731
0,0,0.1662082069206386
0,0,0.15476220887339914
0,0,0.15093103808018635
0,0,0.16801810321214286
0,0,0.14581271624677317
0,0,0.11510000075103333
0,0,0.11302151045704542
0,0,0.10431835900586307
0,0,0.13257093912212403
0,0,0.15265422647143956
0,0,0.13345142174375443
0,0,0.14063094279811175
0,0,0.13641128517874063
0,0,0.1024485173682291
0,0,0.11851230901861584
0,0,0.10945399465755401
0,0,0.09244451786013311
0,0,0.08493315651118451
0,0,0.08023644290603754
0,0,0.13203389630356255
0,0,0.1320135603017289
0,0,0.23648358253220372
0,0,0.2133721602325868
0,0,0.2602353808195686
0,0,0.25630153028961095
0,0,0.22177372290552907
0,0,0.23410021971092249
0,0,0.2661731820722013
0,0,0.2925611101047263
0,0,0.29843508867389695
0,0,0.3017287471187289
0,0,0.24671379913965205
0,0,0.16553240621043971
0,0,0.16028347009422197
0,0,0.15591914532746842
0,0,0.14055393266891378
0,0,0.15910867159599046
0,0,0.18321048479491076
0,0,0.1551772967862639
0,0,0.13766178378545077
0,0,0.12967453955305996
0,0,0.151658629767808
0,0,0.1607246941803859
0,0,0.1618171098351878
0,0,0.13520473950242048
0,0,0.12809077900643057
0,0,0.15733087425936326
0,0,0.1465845584949616
0,0,0.1492496409183052
0,0,0.16378295135425103
0,0,0.15581113263447974
0,0,0.14634062970001244
0,0,0.15525755868952085
0,0,0.1307898681274875
0,0,0.1223118958083347
0,0,0.1370914945817869
0,0,0.16947683187943313
0,0,0.15504781310048688
0,0,0.1382659894790719
0,0,0.14506122134793437
0,0,0.1474014800280022
0,0,0.14733765452967623
0,0,0.13314307217098414
0,0,0.1601719840372582
0,0,0.1525796155198856
0,0,0.149333877190094
0,0,0.15335083068922795
0,1,0.7166995363996895
0,1,0.6763228644409651
0,1,0.709165434461351
0,1,0.6635337530203419
0,1,0.6729577044276226
0,1,0.7033694199666808
0,1,0.7060906740169841
0,1,0.6584683651813957
0,1,0.7106593092482715
0,1,0.7147340430255551
0,1,0.6982396601549107
0,1,0.6986368941167462
0,1,0.722135151990094
0,1,0.7109698760494757
0,1,0.6831306234795373
0,1,0.7196351612003411
0,1,0.7089321693656313
0,1,0.7104118084016717
0,1,0.7197962110108496
0,1,0.6987988071384771
0,1,0.7039394627676182
0,1,0.6992162298183929
0,1,0.8926571171025671
0,1,0.9097493074178807
0,1,0.9034990445876439
0,1,0.8890178948565526
0,1,0.8703580722063968
0,1,0.8936236699409902
0,1,0.8832398453859013
0,1,0.8941245692509711
0,1,0.8908760382285492
0,1,0.899517160737481
0,1,0.8574174551253697
0,1,0.7301359223545214
0,1,0.7105627007368669
0,1,0.7129670122420282
0,1,0.736018668338079
0,1,0.7000140147655504
0,1,0.7358460510658805
0,1,0.7657723383925388
0,1,0.7965308869936466
0,1,0.7648821120519983
0,1,0.7658398843647365
0,1,0.7830867348776264
0,1,0.8690523771751463
0,1,0.8367819100864944
0,1,0.8144492406036627
0,1,0.8477353758315175
0,1,0.8405722521017057
0,1,0.8210890926457809
0,1,0.8314003230014897
0,1,0.8804962916984411
0,1,0.8872681033100808
0,1,0.8586644630550319
0,1,0.9005221433446349
0,0,0.17766519086461519
0,0,0.18198563359592956
0,0,0.18213010463630794
0,0,0.1536485608646478
0,0,0.17383614007830406
0,0,0.16671092315018676
0,0,0.19047948012464722
0,0,0.21568684923122475
0,0,0.17549112146165718
0,0,0.183167431861519
0,0,0.19105045863796521
0,0,0.17057688459035542
0,0,0.19993193853935398
0,0,0.15838214483597698
0,0,0.15929551602420688
0,0,0.1761689933025781
0,0,0.16882727312479293
0,0,0.1608135944957412
0,0,0.17810151728373616
0,0,0.15175054920799702
0,0,0.14354172023819292
0,0,0.14392361517466082
0,0,0.14678911041695522
0,0,0.18065840753063764
0,0,0.18220541199638476
0,0,0.16834112687692604
0,0,0.16671297914739328
0,0,0.18640412592353744
0,0,0.17058269950003324
0,1,0.792141425593997
0,1,0.7509902895577402
0,1,0.7609065625825397
0,1,0.7729558612548452
0,1,0.7436996288634949
0,1,0.7323907859499441
0,1,0.7649426148538696
0,1,0.739082803871593
0,1,0.7704677621385758
0,1,0.812690976717428
0,1,0.7445279026621558
0,1,0.7172844773863869
0,1,0.726611570672224
0,1,0.7222525206538885
0,1,0.7031654053840404
0,1,0.7282202639519864
0,1,0.7034318584232061
0,1,0.7126007795429868
0,1,0.6799714612822144
0,1,0.7131690555200891
0,1,0.6525239277801519
0,1,0.7144246775360229
0,0,0.2514270796400182
0,0,0.2389863531089262
0,0,0.2909876314464317
0,0,0.26757381174209877
0,0,0.21466869157622728
0,0,0.2470968262620806
0,0,0.20220502693686712
0,0,0.19066386239797667
0,0,0.23394013740776073
0,0,0.23720122974340646
0,0,0.2126497635684381
0,0,0.2394153107179073
0,0,0.2286901180584079
0,0,0.21077713663990036
0,0,0.21529706179672728
0,0,0.19964197844476103
0,0,0.220150336650957
0,0,0.2115332436668135
0,0,0.2241656100704285
0,0,0.22746515746045903
0,0,0.26405794764791546
0,0,0.2595560861510645
0,0,0.2434135394294956
0,0,0.20648888137592536
0,0,0.2698972082570357
0,0,0.2784922002830733
0,0,0.284380573176221
0,0,0.30296860776437606
0,0,0.25513290613830786
0,0,0.24423789857376352
0,0,0.26537218483837305
0,0,0.30922334496752873
0,0,0.2573016216516639
0,0,0.26199832864128575
0,0,0.2062059440299566
0,0,0.2252808443764255
0,0,0.21609318180582765
0,0,0.2208538376489085
0,0,0.21445684820530933
0,0,0.22357478837381492
0,0,0.2370826730808917
0,0,0.25871183625881317
0,0,0.23117217706796592
0,0,0.20547213970716555
0,0,0.2460610383407943
0,0,0.2689559713952081
0,0,0.31496621105030614
0,0,0.3086832078989035
0,0,0.22980967775211622
0,0,0.23099985445214372
0,0,0.2520223142455667
0,0,0.28765081675370163
0,0,0.3077935483843999
0,0,0.29641156041628464
0,0,0.2802048382851462
0,0,0.10865382008310726
0,0,0.13162588497868505
0,0,0.12469547612092892
0,0,0.12503799141997352
0,0,0.10490307405332625
0,0,0.1616333764620433
0,0,0.1553133979793821
0,0,0.1360582319287169
0,0,0.1703226098837468
0,0,0.17903757751415855
0,0,0.2740445705861767
0,0,0.18225914931807882
0,0,0.18174573963787083
0,0,0.21699397781303972
0,0,0.1840122336703248
0,0,0.19015515045798556
0,0,0.14731126486806165
0,0,0.17902076848602974
0,0,0.1564902513602526
0,0,0.1758932423594064
0,0,0.1521193000781319
0,0,0.15395051812209334
0,0,0.12860307150749212
0,0,0.12457704898366466
0,0,0.15481492461388735
0,0,0.19704812778099723
0,0,0.186512314552791
0,0,0.17746407386248164
0,0,0.1360522902405975
0,0,0.14926309126936194
0,0,0.13395350474722936
0,0,0.14637473661369596
0,0,0.18146718243186455
0,0,0.17031642147612724
0,0,0.1718964555838694
0,0,0.16750150324869037
0,0,0.198502950865531
0,0,0.15231517708617653
0,0,0.16035320056638466
0,0,0.17846044236364964
0,0,0.18569997408127553
0,0,0.14653835127549503
0,0,0.15410898527378816
0,0,0.19008016736042546
0,0,0.20218787691640683
0,0,0.17676573096491288
1,1,0.8583294802601773
1,1,0.8448242830771419
1,1,0.8712648444851996
1,1,0.8199463104448158
1,1,0.8341892194827071
1,1,0.7362717354128772
1,1,0.7098190087262912
1,1,0.7442769472938882
1,1,0.7963362914901598
1,1,0.8280537787197124
1,1,0.8264204965751074
1,1,0.7658370904869417
1,1,0.7725906945761739
1,1,0.79586384121211
1,1,0.8605815758305053
1,1,0.8508549756495861
1,1,0.8163083965858233
1,1,0.7761710748469425
1,1,0.7658657038241516
1,1,0.7220274653073565
1,1,0.7419022394579099
1,1,0.7844485935412187
1,1,0.5903472611574805
1,1,0.6045444746022295
1,1,0.5689643026268342
1,1,0.5599143307869174
1,1,0.5815532815577114
1,1,0.5524772529230672
1,1,0.5929117463723004
1,1,0.5752892389248933
1,1,0.5790475776861572
1,1,0.5809835670529193
1,1,0.5880201276260268
0,1,0.6126449582312044
0,1,0.6029188101017527
0,1,0.6031728306953263
0,1,0.6277307842176603
0,1,0.6074478305304976
0,1,0.6434265161668491
0,1,0.5965595667794154
0,1,0.645520597630123
0,1,0.6065937623873259
0,1,0.6153492715769904
0,1,0.6250934115353881
0,1,0.5655863072053401
0,1,0.50606121197791
0,1,0.5058344529153317
0,1,0.5517599531222716
0,1,0.5428305111255992
0,1,0.5309444907973127
0,1,0.5280989211394986
0,1,0.5658435421666248
0,1,0.5398719477950383
0,1,0.5155801369915983
0,1,0.543987068777707
0,0,0.1287681782577922
0,0,0.14700939595059564
0,0,0.1384289961866658
0,0,0.13334548562507703
0,0,0.14398748158786934
0,0,0.1211976275155876
0,0,0.14453952435527231
0,0,0.15334392755834986
0,0,0.18654295202395244
0,0,0.16989469471539784
0,0,0.1928088989261121
0,0,0.15919144765086543
0,0,0.19042512529607175
0,0,0.17426073555484003
0,0,0.15762890622915726
0,0,0.18688134042521845
0,0,0.18009086605819197
0,0,0.20195741687445895
0,0,0.18805485399470367
0,0,0.19732714693553444
0,0,0.16233424024713192
0,0,0.17545085373680983
0,0,0.17615416008488777
0,0,0.15755308154643966
0,0,0.16621347128978273
0,0,0.18441327800854904
0,0,0.17509263043195236
0,0,0.16297590689549704
0,0,0.20329587808014624
1,1,0.7964373046828369
1,1,0.7751935430301405
1,1,0.7677891400765533
1,1,0.6974412836167971
1,1,0.689862889994711
1,1,0.7052524651853826
1,1,0.6370334280383797
1,1,0.7156345214556122
1,1,0.7863047659751898
1,1,0.7367013918638996
1,1,0.7190433547988817
1,1,0.745151368277313
1,1,0.7050387890564077
1,1,0.724671113998674
1,1,0.7615125690451917
1,1,0.7631066568512448
1,1,0.7406575890195398
1,1,0.7426299534881652
1,1,0.7651660097301377
1,1,0.728734930656741
1,1,0.7050609920590903
1,1,0.6715695937503748
0,0,0.1598805300019742
0,0,0.19581760344469856
0,0,0.17152929640249934
0,0,0.20416093958566364
0,0,0.18209339426189214
0,0,0.1913389409385582
0,0,0.19657682384525124
0,0,0.2106680413206048
0,0,0.15841488338838494
0,0,0.21427649782252137
0,0,0.21118606967416512
0,0,0.21616327172659125
0,0,0.2244157946675007
0,0,0.18895010626720762
0,0,0.20583855270473386
0,0,0.1693486356749675
0,0,0.19273020292867393
0,0,0.1962637200100746
0,0,0.18587416377795551
0,0,0.21944695264769684
0,0,0.18740419463280283
0,0,0.18501082055607804
0,0,0.20550256030119587
0,0,0.26129668647009746
0,0,0.2357436888356292
0,0,0.1988144084823078
0,0,0.22466297848280228
0,0,0.2126060249393718
0,0,0.21809323359939353
0,0,0.22009600196805412
0,0,0.20424696158919928
0,0,0.17527203638585273
0,0,0.17839031821947848
0,0,0.21837874696329584
0,0,0.24125118941545495
0,0,0.2776927774862854
0,0,0.2879429795670718
0,0,0.2580950046009046
0,0,0.22702809160417645
0,0,0.24313403079783646
0,0,0.2450416934241613
0,0,0.2720785494088943
0,0,0.26590599299572465
0,0,0.337486264660291
0,0,0.26122150557265383
0,0,0.23407513996661516
0,0,0.24918162903491736
0,0,0.2650474874175771
0,0,0.2685405213325631
0,0,0.24767174178678508
0,0,0.29355288278523334
0,0,0.30899819466365497
0,0,0.29372385154283065
0,0,0.2783122058979841
0,0,0.2719439947825709
0,0,0.09837905139864674
0,0,0.12333329602301228
0,0,0.12197121183862944
0,0,0.13977843037086785
0,0,0.14424360403708728
0,0,0.14934093844623625
0,0,0.1402023605777657
0,0,0.13460729996172985
0,0,0.11866197177248033
0,0,0.12545904059730403
0,0,0.14897433394225856
0,0,0.2034689226762926
0,0,0.14661589481512535
0,0,0.14484038325516108
0,0,0.13483727145020633
0,0,0.14173401644474073
0,0,0.15746276706482018
0,0,0.11726486387106576
0,0,0.13554111683255168
0,0,0.12715165870306622
0,0,0.13994586874484377
0,0,0.12106576040856226
0,0,0.1376057644981919
0,0,0.12407690252579098
0,0,0.13145097044814608
0,0,0.13037841469913464
0,0,0.14506745369728358
0,0,0.12729179964553386
0,0,0.11492442265696504
0,0,0.12416315213949242
0,0,0.1195854346669228
0,0,0.12809881909918203
0,0,0.10625504879342136
0,0,0.10873379191226931
0,0,0.11586162238857367
0,0,0.12501763941000058
0,0,0.1213462989777514
0,0,0.08084588962743033
0,0,0.10411918522843132
0,0,0.10573061532704245
0,0,0.12100725105498414
0,0,0.14115769428566785
0,0,0.08541406817499782
0,0,0.09327938332172492
0,0,0.09979396596249972
0,0,0.10767077339316365
1,1,0.7411342891503588
1,1,0.7272603583172444
1,1,0.7482006563498445
1,1,0.7320011680931516
1,1,0.7707565799657913
1,1,0.7797709966312182
1,1,0.7143852468089179
1,1,0.736316526808389
1,1,0.7429757512398839
1,1,0.7422929056616765
1,1,0.7415471629722863
1,1,0.7502324132807275
1,1,0.7451799349668423
1,1,0.7621787195305596
1,1,0.7422685187832898
1,1,0.7423933278351542
1,1,0.7137821266143607
1,1,0.7083317978509837
1,1,0.7490892168584549
1,1,0.7057417330605793
1,1,0.6999389896662798
1,1,0.6878562494825655
1,1,0.8361047458066205
1,1,0.8176846628974007
1,1,0.768619200961755
1,1,0.7701623220921904
1,1,0.7821657502860478
1,1,0.7792789035326081
1,1,0.7653180180930107
1,1,0.759362226857627
1,1,0.7329502352997204
1,1,0.6945146058135055
1,1,0.7104394519499373
0,1,0.6340099880279089
0,1,0.6407668272493463
0,1,0.6639686066000565
0,1,0.6332076420473778
0,1,0.6183225199198247
0,1,0.6103144398731226
0,1,0.6077275024261196
0,1,0.6560192936524492
0,1,0.6524858355083489
0,1,0.6654541929684717
0,1,0.6686113951103916
0,1,0.711837901657235
0,1,0.7039824368611236
0,1,0.6567363933095771
0,1,0.6776608115940818
0,1,0.6824522200285571
0,1,0.6661545573879899
0,1,0.6556657540040283
0,1,0.6661898641529557
0,1,0.7197056505058211
0,1,0.6728087605294724
0,1,0.6695390698830725
0,0,0.26159344197163326
0,0,0.30419723411809163
0,0,0.2791581848662532
0,0,0.2536337099596636
0,0,0.2851525729861663
0,0,0.3023310307925115
0,0,0.2719050023479183
0,0,0.26834913200368776
0,0,0.2947196131210636
0,0,0.2553698481401211
0,0,0.261176878895918
0,0,0.25999577529537954
0,0,0.30939943835878636
0,0,0.2300314095995704
0,0,0.19996864856799973
0,0,0.2138265001610202
0,0,0.24477336474121905
0,0,0.18159780345630266
0,0,0.1907550831523057
0,0,0.2122721588342185
0,0,0.20467226625569032
0,0,0.2153344008518436
0,0,0.22504179229068064
0,0,0.24573800223165118
0,0,0.22536123974970088
0,0,0.20600330717486068
0,0,0.21135810662260357
0,0,0.2052442783417846
0,0,0.18408869964139893
1,1,0.668199352783421
1,1,0.6374175233128345
1,1,0.5941393867984455
1,1,0.6734571572240933
1,1,0.6233769673061882
1,1,0.6116690292500682
1,1,0.5801777798273946
1,1,0.6422908337818427
1,1,0.6526327240973682
1,1,0.6200109392120049
1,1,0.6487335342520688
1,1,0.7601988526819586
1,1,0.7722713695266736
1,1,0.7667111608204891
1,1,0.7385050151132531
1,1,0.77821626016074
1,1,0.7455662149431226
1,1,0.742899575007069
1,1,0.7825453391992134
1,1,0.7466413448566425
1,1,0.7558061779877044
1,1,0.7543291664239569
0,0,0.17304095837507735
0,0,0.1857211692065656
0,0,0.17344544728057446
0,0,0.1949893136405794
0,0,0.26861893676375354
0,0,0.23415973257619072
0,0,0.23827784831008866
0,0,0.25138767345922697
0,0,0.2771921185938472
0,0,0.24837228937854555
0,0,0.2169250099471096
0,0,0.1965664692649473
0,0,0.185091305985295
0,0,0.23202587627702528
0,0,0.24969853931722227
0,0,0.22311856080046957
0,0,0.19206606361180842
0,0,0.19613569751262072
0,0,0.22076459150648756
0,0,0.16156851650218385
0,0,0.19429040223934457
0,0,0.19885304966518214
0,0,0.2262627570526747
0,0,0.2442593733436661
0,0,0.20353660729244052
0,0,0.2129275993703403
0,0,0.19152717241662784
0,0,0.18900986321232816
0,0,0.17194396287252453
0,0,0.18434575542899442
0,0,0.1972021749321035
0,0,0.1754565406637033
0,0,0.15893603471840023
0,0,0.19693158031775962
0,0,0.2590505098742162
0,0,0.2828328461879658
0,0,0.24806884512516494
0,0,0.2336331074269503
0,0,0.2610574908956722
0,0,0.2821346315333759
0,0,0.28541984774721446
0,0,0.28267518466511665
0,0,0.27669247073279274
0,0,0.27071234180120135
0,0,0.2591364625946154
0,0,0.31301304704734334
0,0,0.26948348004212147
0,0,0.2743960522398773
0,0,0.2793100866268052
0,0,0.2776845326024153
0,0,0.2800829634850972
0,0,0.2850399194443367
0,0,0.28006099117745925
0,0,0.2704819208216028
0,0,0.23589050238924986
0,0,0.19790531632202468
0,0,0.21443788455306784
0,0,0.24242348554927262
0,0,0.2092704151687151
0,0,0.1843780646947538
0,0,0.19296406402436048
0,0,0.20106707610793706
0,0,0.2283668737797585
0,0,0.2160647019667374
0,0,0.19468632698996965
0,0,0.19200125050443792
0,0,0.2237818191867949
0,0,0.1297657874288932
0,0,0.11493171108070677
0,0,0.12058077783288178
0,0,0.12980123222063888
0,0,0.17251095330564076
0,0,0.1788508844781758
0,0,0.2212128863730513
0,0,0.1840367350303445
0,0,0.17326127453326648
0,0,0.16827259900023364
0,0,0.14941227906754087
0,0,0.16859442713014172
0,0,0.1829740583544643
0,0,0.19756427088245077
0,0,0.19799784679419324
0,0,0.15641567860131966
0,0,0.20749364794713912
0,0,0.12625580050569127
0,0,0.18873085584627794
0,0,0.1670185771202187
0,0,0.14362528410910239
0,0,0.17868928378091606
0,0,0.20077535259753643
0,0,0.1753143353507941
0,0,0.21149281104951279
0,0,0.18057575196937628
0,0,0.14866601258955833
0,0,0.1375615338406111
0,0,0.24177120662782164
0,0,0.23153168896650758
0,0,0.18697508742789837
0,0,0.20092872589897112
0,0,0.194001830476342
0,0,0.2109216858556654
1,1,0.6972500586238213
1,1,0.8081541392138931
1,1,0.8493320365554845
1,1,0.8006628474619295
1,1,0.8236678401946413
1,1,0.8235745236354579
1,1,0.8142929968200027
1,1,0.8201654317839561
1,1,0.8516210615016948
1,1,0.8520334455004287
1,1,0.8543447352053846
1,1,0.7079045230593176
1,1,0.6621312542457491
1,1,0.6602828486005005
1,1,0.6589616868855868
1,1,0.67377358336392
1,1,0.6678078526214718
1,1,0.6636535719191453
1,1,0.6811032020771346
1,1,0.640483948510839
1,1,0.6828938055445605
1,1,0.7103250160227631
1,1,0.7083862497803959
1,1,0.713884383703956
1,1,0.6569717783049731
1,1,0.6933565372492109
1,1,0.660493311024043
1,1,0.6762777938035857
1,1,0.6296938143014927
1,1,0.6653048283525352
1,1,0.6569040610817052
1,1,0.6785767269906933
1,1,0.6716419867563955
1,1,0.6905830445389656
1,1,0.6312135633948744
1,1,0.6194291377349201
1,1,0.6507665715580602
1,1,0.6701530091151838
1,1,0.6712748717597146
1,1,0.6353063512440952
1,1,0.6615627300736051
1,1,0.658836856898356
1,1,0.6734284524407144
1,1,0.6729717919351529
0,1,0.6907832806739396
0,1,0.7149801315249036
0,1,0.702266255363346
0,1,0.6979744050197126
0,1,0.7140428600243751
0,1,0.6859521409281112
0,1,0.6545852660676555
0,1,0.6224042116883352
0,1,0.6404634700560172
0,1,0.6477474154999243
0,1,0.6536540657411384
0,0,0.11900745030108702
0,0,0.11094374099996457
0,0,0.14331230095684444
0,0,0.10650762586156269
0,0,0.0730279338958566
0,0,0.09178562141673284
0,0,0.08264169187934867
0,0,0.07859205591274358
0,0,0.07744350640429659
0,0,0.088364493375097
0,0,0.08935708785798317
0,0,0.06789818139549408
0,0,0.07471111095825134
0,0,0.07450648147728153
0,0,0.06912736753550477
0,0,0.062370240045656944
0,0,0.06815046012403822
0,0,0.06710013742323356
0,0,0.07952384878413031
0,0,0.08771553543165034
0,0,0.0755040143723884
0,0,0.09857624749916949
0,0,0.07952166366994623
0,0,0.12422161903356502
0,0,0.11694885239066626
0,0,0.07487020376662043
0,0,0.06042195366122421
0,0,0.05632967215581806
0,0,0.07583409478993747
1,1,0.6860956191608806
1,1,0.6826274695606195
1,1,0.6680329267434064
1,1,0.6824110917094822
1,1,0.7187688364517326
1,1,0.7196441578423628
1,1,0.6579408837004338
1,1,0.7239063257536172
1,1,0.6927313994663996
1,1,0.6586518574024949
1,1,0.6874593306035139
1,1,0.619977039607074
1,1,0.6850627950583896
1,1,0.6925400868745415
1,1,0.6880880858209327
1,1,0.6938831746396883
1,1,0.6889475199114838
1,1,0.7276307465053893
1,1,0.7290341746758195
1,1,0.6907603496930161
1,1,0.6879559791558961
1,1,0.6870208230457807
1,0,0.19759937089384066
1,0,0.1617159404467211
1,0,0.12472972699911111
1,0,0.1381732888487089
1,0,0.14101279189304525
1,0,0.1311684651891437
1,0,0.15618717802776444
1,0,0.16772132379534654
1,0,0.17495872384376338
1,0,0.16110206128876595
1,0,0.17099744322807214
1,0,0.1860128728290128
1,0,0.19162379759401674
1,0,0.21807291061124837
1,0,0.21502864901918867
1,0,0.20071364943589207
1,0,0.1950755817957517
1,0,0.17377567428215154
1,0,0.19570671134421605
1,0,0.19451439315001412
1,0,0.1830376579219463
1,0,0.19363941852224242
1,0,0.21448148728338212
1,0,0.22706887364264441
1,0,0.23566650473086145
1,0,0.15242633217308055
1,0,0.1639296567470511
1,0,0.21528621899274758
1,0,0.18666933064098262
1,0,0.16609265457237643
1,0,0.17204912533256464
1,0,0.17468611076357146
1,0,0.16105088658784605
1,0,0.1988693094193376
1,0,0.22509954966762816
1,0,0.21465709698815427
1,0,0.22556192613172182
1,0,0.20200256010795356
1,0,0.19906114747523596
1,0,0.1940723550225124
1,0,0.18110285487463237
1,0,0.20008418897679106
1,0,0.19038978372010565
1,0,0.19370383853072518
1,0,0.17615518698922028
1,0,0.181346904877292
1,0,0.20164621159833584
1,0,0.20376891112434456
1,0,0.1944818914538186
1,0,0.18466902903948018
1,0,0.2032334609431176
1,0,0.20256420355119023
1,0,0.19246365144490318
1,0,0.1852107727495029
1,0,0.1873505912835469
0,0,0.1428659487908731
0,0,0.15867379030565984
0,0,0.14047353271486426
0,0,0.15268855275394105
0,0,0.16436645232413089
0,0,0.17927525989038517
0,0,0.12824190185004455
0,0,0.17174191552297455
0,0,0.18452137249736253
0,0,0.18274312109579657
0,0,0.1694522309910232
1,0,0.18801039599687971
1,0,0.22750643419356387
1,0,0.24343397381148427
1,0,0.21072947237702674
1,0,0.15073251110749802
1,0,0.14625950561274437
1,0,0.14706926033770767
1,0,0.14709303785824301
1,0,0.16693611547326143
1,0,0.21940565663768083
1,0,0.11775512698544294
1,0,0.15856878297226923
1,0,0.1487600465996166
1,0,0.1513240950812123
1,0,0.15610941975317905
1,0,0.15780139611608307
1,0,0.13302264234425595
1,0,0.13532668228552672
1,0,0.1476910936497816
1,0,0.16119702943190778
1,0,0.20291800989511366
1,0,0.16773063825611065
1,0,0.1559847569220837
1,0,0.14229256051576833
1,0,0.15171538161157852
1,0,0.13942388038853434
1,0,0.14630822002923705
1,0,0.17041823400089254
1,0,0.13625620251851672
1,0,0.15694127990343826
1,0,0.15039706631459304
1,0,0.18041676860316877
1,0,0.1348358327808371
1,0,0.12442885758826097
1,0,0.17755078159207094
1,1,0.815820872243703
1,1,0.8457990159773258
1,1,0.799550004732622
1,1,0.8367934593586941
1,1,0.8301493936201613
1,1,0.819139256933003
1,1,0.7834393600892062
1,1,0.7307260163374996
1,1,0.6888726837271726
1,1,0.6851055187395215
1,1,0.702394426997495
1,1,0.8183412019027574
1,1,0.8382144485181078
1,1,0.8013481535887027
1,1,0.8369345485705759
1,1,0.842446144376092
1,1,0.8529921521527816
1,1,0.7992842106095495
1,1,0.8360990944191106
1,1,0.8683117654720163
1,1,0.8833936622208249
1,1,0.8168026284276739
1,1,0.9156148688262834
1,1,0.8949724543752673
1,1,0.8909886521862007
1,1,0.8956291550794776
1,1,0.8620969102981835
1,1,0.8485079251271784
1,1,0.717999244424916
1,1,0.6870807590784842
1,1,0.6475541856517679
1,1,0.6367795259031738
1,1,0.6407162098023589
1,1,0.6304858360638159
1,1,0.6926032135075437
1,1,0.626885233324414
1,1,0.631765562355713
1,1,0.669382959975944
1,1,0.6791805141641628
1,1,0.6990781854895041
1,1,0.6904075070525539
1,1,0.7341952339333276
1,1,0.8050683469534945
1,1,0.8026313466436885
1,1,0.7185874629780676
1,1,0.7965243825495734
1,1,0.7521438269813459
1,1,0.7200077717220816
1,1,0.6464579804911347
1,1,0.7194565169139078
1,1,0.7547331704883483
1,1,0.7789196013732449
1,1,0.7511311297803082
1,1,0.8216735691540926
1,1,0.8011592078311165
1,0,0.1799754233646131
1,0,0.19135193451753643
1,0,0.2019084332933863
1,0,0.20215705003657156
1,0,0.22336107504218347
1,0,0.17121608672070995
1,0,0.12521256562445562
1,0,0.11905318341006171
1,0,0.1541475206053807
1,0,0.13519791607954898
1,0,0.1531858982233309
1,0,0.16137283734868912
1,0,0.19040564351711667
1,0,0.15644193924847546
1,0,0.18405114938170986
1,0,0.2015676238561277
1,0,0.2147910792666478
1,0,0.18118376512831452
1,0,0.18169166712855142
1,0,0.19165654173567842
1,0,0.22222808083789922
1,0,0.1814229120490084
1,0,0.15155970656417592
1,0,0.1953228862434806
1,0,0.19663801218364133
1,0,0.1935326951550948
1,0,0.22823391687185718
1,0,0.2504113159580707
1,0,0.21244696182372866
1,1,0.6309988884579352
1,1,0.6785979707828258
1,1,0.6666625525480441
1,1,0.6855568964071874
1,1,0.6706582227047528
1,1,0.6093984165087448
1,1,0.6479861711911019
1,1,0.7052863863577609
1,1,0.6555831690709364
1,1,0.6472999976062398
1,1,0.8320169866822316
1,1,0.7439294046785437
1,1,0.7399296869464951
1,1,0.7501987803295029
1,1,0.7174805211224201
1,1,0.7046311042683022
1,1,0.749397829074447
1,1,0.7969266220009059
1,1,0.7913197696485109
1,1,0.8427803368141384
1,1,0.8217699912916483
1,1,0.7867842989821913
1,0,0.16924873259892986
1,0,0.1751740462751794
1,0,0.2097211875519791
1,0,0.20583778333645877
1,0,0.18427362947177414
1,0,0.17360530963869203
1,0,0.20062305585849655
1,0,0.22071564984658454
1,0,0.24008957500569483
1,0,0.1879731405126558
1,0,0.20631499786133
1,0,0.17226862741965346
1,0,0.1782357786553226
1,0,0.18695122279029547
1,0,0.1472385403676578
1,0,0.196536800294674
1,0,0.23684157516495222
1,0,0.21304916182045544
1,0,0.22337140353809726
1,0,0.23338610391491804
1,0,0.23449618363773028
1,0,0.21014644474831315
1,0,0.19640861222753542
1,0,0.20302878534482927
1,0,0.17301552856612962
1,0,0.19744692887153423
1,0,0.1435238696665765
1,0,0.145627523513607
1,0,0.1812591171340042
1,0,0.1674422926721262
1,0,0.1885550468721522
1,0,0.18313869480630163
1,0,0.20120962608757537
0,0,0.1191339003270544
0,0,0.13245278203721786
0,0,0.22536345763017812
0,0,0.2550724056384857
0,0,0.27126454948619416
0,0,0.25946538962087873
0,0,0.2850599302025765
0,0,0.2132191425232702
0,0,0.22728090889966895
0,0,0.21358584616116502
0,0,0.23686095747852196
0,0,0.20136768526618126
0,0,0.1626168643361231
0,0,0.1945875250544634
0,0,0.2124912419581802
0,0,0.20586500812902775
0,0,0.21467594694634445
0,0,0.22121313469409962
0,0,0.23487458995767457
0,0,0.20404673947461313
0,0,0.2062391545525605
0,0,0.20322797795028338
0,0,0.4445866146758582
0,0,0.4445866146758582
0,0,0.4445866146758582
0,0,0.4445866146758582
0,0,0.45161078978227026
0,0,0.45161078978227026
0,0,0.4469777205217529
0,0,0.45161078978227026
0,0,0.4469777205217529
0,0,0.4445866146758582
0,0,0.4490028824461765
0,0,0.4490028824461765
0,0,0.4469777205217529
0,0,0.4445866146758582
0,0,0.4445866146758582
0,0,0.4445866146758582
0,0,0.4445866146758582
0,0,0.4445866146758582
0,0,0.4469777205217529
0,0,0.45161078978227026
0,0,0.4490028824461765
0,0,0.4445866146758582
0,0,0.4445866146758582
0,0,0.4445866146758582
0,0,0.4445866146758582
0,0,0.4445866146758582
0,0,0.4445866146758582
0,0,0.4445866146758582
0,0,0.4445866146758582
0,0,0.4469777205217529
0,0,0.4445866146758582
0,0,0.4445866146758582
0,0,0.4445866146758582
0,0,0.4490028824461765
0,0,0.4490028824461765
0,0,0.4490028824461765
0,0,0.45161078978227026
0,0,0.4490028824461765
0,0,0.4469777205217529
0,0,0.4469777205217529
0,0,0.4469777205217529
0,0,0.4445866146758582
0,0,0.4469777205217529
0,0,0.4490028824461765
0,0,0.4445866146758582
0,0,0.4445866146758582
1,0,0.45161078978227026
1,0,0.4551375183714924
1,0,0.47355082112482905
1,0,0.47355082112482905
1,0,0.47355082112482905
1,0,0.47355082112482905
1,0,0.46975171039759656
1,0,0.4551375183714924
1,0,0.45161078978227026
1,0,0.45161078978227026
1,0,0.45161078978227026
1,0,0.45161078978227026
1,0,0.45161078978227026
1,0,0.45161078978227026
1,0,0.45161078978227026
1,0,0.45161078978227026
1,0,0.45161078978227026
1,0,0.45161078978227026
1,0,0.45161078978227026
1,0,0.45161078978227026
1,0,0.45161078978227026
1,0,0.45161078978227026
0,0,0.45919391496285755
0,0,0.46975171039759656
0,0,0.47355082112482905
0,0,0.47355082112482905
0,0,0.47355082112482905
0,0,0.47355082112482905
0,0,0.46975171039759656
0,0,0.45919391496285755
0,0,0.4551375183714924
0,0,0.45161078978227026
0,0,0.45161078978227026
1,0,0.46975171039759656
1,0,0.46975171039759656
1,0,0.46975171039759656
1,0,0.47355082112482905
1,0,0.47355082112482905
1,0,0.47355082112482905
1,0,0.46975171039759656
1,0,0.4551375183714924
1,0,0.4551375183714924
1,0,0.45161078978227026
1,0,0.45161078978227026
0,0,0.4551375183714924
0,0,0.4551375183714924
0,0,0.45919391496285755
0,0,0.45919391496285755
0,0,0.4545608457023402
0,0,0.45919391496285755
0,0,0.45919391496285755
0,0,0.4551375183714924
0,0,0.4551375183714924
0,0,0.45161078978227026
0,0,0.45161078978227026
0,0,0.45161078978227026
0,0,0.4490028824461765
0,0,0.45161078978227026
0,0,0.4490028824461765
0,0,0.45161078978227026
0,0,0.45161078978227026
0,0,0.45161078978227026
0,0,0.45161078978227026
0,0,0.4490028824461765
0,0,0.4469777205217529
0,0,0.4490028824461765
0,0,0.4490028824461765
0,0,0.4490028824461765
0,0,0.45161078978227026
0,0,0.45161078978227026
0,0,0.45161078978227026
0,0,0.4469777205217529
0,0,0.4445866146758582
0,0,0.4469777205217529
0,0,0.4490028824461765
0,0,0.45161078978227026
0,0,0.45161078978227026
0,0,0.4490028824461765
0,0,0.45161078978227026
0,0,0.45161078978227026
0,0,0.45161078978227026
0,0,0.45161078978227026
0,0,0.45161078978227026
0,0,0.45161078978227026
0,0,0.45161078978227026
0,0,0.45161078978227026
0,0,0.45161078978227026
0,0,0.45161078978227026
0,0,0.45161078978227026
0,0,0.45161078978227026
0,0,0.45161078978227026
0,0,0.45161078978227026
0,0,0.4490028824461765
0,0,0.4490028824461765
0,0,0.45161078978227026
1,0,0.45161078978227026
1,0,0.45161078978227026
1,0,0.45161078978227026
1,0,0.45161078978227026
1,0,0.45161078978227026
1,0,0.45161078978227026
1,0,0.45161078978227026
1,0,0.45161078978227026
1,0,0.45161078978227026
1,0,0.4490028824461765
1,0,0.4490028824461765
0,0,0.4445866146758582
0,0,0.4445866146758582
0,0,0.4445866146758582
0,0,0.4445866146758582
0,0,0.4445866146758582
0,0,0.4445866146758582
0,0,0.4445866146758582
0,0,0.4445866146758582
0,0,0.4445866146758582
0,0,0.4445866146758582
0,0,0.4445866146758582
0,0,0.4445866146758582
0,0,0.4445866146758582
0,0,0.4445866146758582
0,0,0.4445866146758582
0,0,0.4445866146758582
0,0,0.4445866146758582
0,0,0.4445866146758582
0,0,0.4445866146758582
0,0,0.4445866146758582
0,0,0.4445866146758582
0,0,0.4445866146758582
0,0,0.4490028824461765
0,0,0.45161078978227026
0,0,0.4469777205217529
0,0,0.45161078978227026
0,0,0.45161078978227026
0,0,0.45161078978227026
0,0,0.45161078978227026
0,0,0.45161078978227026
0,0,0.45161078978227026
0,0,0.45161078978227026
0,0,0.45161078978227026
1,0,0.45161078978227026
1,0,0.45161078978227026
1,0,0.45161078978227026
1,0,0.45161078978227026
1,0,0.4469777205217529
1,0,0.4445866146758582
1,0,0.4469777205217529
1,0,0.4490028824461765
1,0,0.4469777205217529
1,0,0.4490028824461765
1,0,0.45161078978227026
1,0,0.4490028824461765
1,0,0.4469777205217529
1,0,0.4469777205217529
1,0,0.4445866146758582
1,0,0.4469777205217529
1,0,0.4490028824461765
1,0,0.4490028824461765
1,0,0.4490028824461765
1,0,0.4469777205217529
1,0,0.4445866146758582
1,0,0.4445866146758582
0,0,0.2947323855789712
0,0,0.2472984185698428
0,0,0.14439971370333005
0,0,0.1368444252891029
0,0,0.1591608295806161
0,0,0.08944413308620972
0,0,0.1429293247339205
0,0,0.1503277323397859
0,0,0.17403970861873058
0,0,0.15670555322193047
0,0,0.16678728375529836
1,0,0.2408367481486186
1,0,0.20970344459764736
1,0,0.25708405483571867
1,0,0.2488548007020717
1,0,0.21870643388845565
1,0,0.1969872083980582
1,0,0.14185147461763448
1,0,0.1828819233942041
1,0,0.1520021016409657
1,0,0.10110831498675481
1,0,0.20012530284117255
1,0,0.17175710361932328
1,0,0.15070927397845377
1,0,0.1181527239051968
1,0,0.12575179299050762
1,0,0.13140483188607524
1,0,0.18714406580244197
1,0,0.15273305482123584
1,0,0.15320745968513666
1,0,0.13289111767589742
1,0,0.12804952282916052
1,0,0.12345797317626216
1,0,0.1287038774310739
1,0,0.1284926586293883
1,0,0.15457547472643507
1,0,0.1541889955762571
1,0,0.12602440194002767
1,0,0.13945473007735518
1,0,0.12706715120691217
1,0,0.1449663363688705
1,0,0.116593548125285
1,0,0.11340129115023569
1,0,0.14296899819988337
1,0,0.1560138824706088
1,0,0.16110328732913698
1,1,0.8264774156350874
1,1,0.8347608022071037
1,1,0.8004917692102295
1,1,0.8195948728793341
1,1,0.807862902956885
1,1,0.7331749713551767
1,1,0.7987461930195049
1,1,0.778529791508143
1,1,0.7821917936108305
1,1,0.8371821174503523
1,1,0.8312205059648118
1,1,0.6041121099637543
1,1,0.5994600113757977
1,1,0.5836018075206012
1,1,0.6042452813988435
1,1,0.596057762384463
1,1,0.6061819410808146
1,1,0.6322407501016811
1,1,0.5730114981196714
1,1,0.5592061357148598
1,1,0.5145015547945297
1,1,0.5468133018200207
0,1,0.6848060559574999
0,1,0.7246128959105756
0,1,0.7001365512660326
0,1,0.695329737966025
0,1,0.6441249084717824
0,1,0.6803069267492385
0,1,0.7097069416269625
0,1,0.6659509981451736
0,1,0.6731732112861409
0,1,0.6489248532968344
0,1,0.7459014747156292
1,1,0.72615787706248
1,1,0.7196758633261565
1,1,0.6647260002227828
1,1,0.6438680616027297
1,1,0.6628469399483063
1,1,0.709220914567178
1,1,0.6913109453529862
1,1,0.7403491967438224
1,1,0.7008053169499624
1,1,0.7402589838604676
1,1,0.6549571511443344
1,1,0.6686340668196675
1,1,0.6353436236911378
1,1,0.651274466498785
1,1,0.6770413301052569
1,1,0.6521460202976658
1,1,0.6661779201213086
1,1,0.6454215364789252
1,1,0.7205568449083981
1,1,0.7258234682968936
1,1,0.7330407105479708
1,1,0.7132166227107565
0,0,0.17736634325441067
0,0,0.16835392492395504
0,0,0.1428195602211141
0,0,0.17505953598496102
0,0,0.16399445772453114
0,0,0.19285942225466746
0,0,0.164010654394866
0,0,0.15921444622761727
0,0,0.13840285361987234
0,0,0.12725010528761216
0,0,0.10611546636379235
0,0,0.12891498956736333
0,0,0.16794444765945354
0,0,0.13308050054800988
0,0,0.13111118113166748
0,0,0.2019461442032541
0,0,0.2459295714500367
0,0,0.2567194436678625
0,0,0.20726622813896547
0,0,0.23067207785533697
0,0,0.25659311449809447
0,0,0.27643026214866695
0,0,0.25093032883615585
0,0,0.23408669778424923
0,0,0.2197177042351836
0,0,0.174586193361339
0,0,0.19046911854852525
0,0,0.22456456792491492
0,0,0.25305083563782316
1,1,0.7421062909177435
1,1,0.7372378114853935
1,1,0.705882795488277
1,1,0.6544913247809049
1,1,0.6409809361793373
1,1,0.6599086746439611
1,1,0.6668005783653057
1,1,0.7344642433966192
1,1,0.7111236588544826
1,1,0.7066616435154348
1,1,0.8228930749883783
1,1,0.7080922371361176
1,1,0.5906427311185121
1,1,0.6139038589086167
1,1,0.6279988089582225
1,1,0.6431822140320312
1,1,0.645148279254216
1,1,0.6557787094450529
1,1,0.6383911966398221
1,1,0.5961513223199602
1,1,0.5846977649877221
1,1,0.5911569918856442
1,0,0.25817961658001326
1,0,0.20460427022933345
1,0,0.17170598741082313
1,0,0.18278947400490586
1,0,0.22035626027807415
1,0,0.18623519096246807
1,0,0.2021902940729715
1,0,0.2088348563304546
1,0,0.1966671453029677
1,0,0.21616208312361304
1,0,0.19886204692290413
1,0,0.23357739727999705
1,0,0.18477814547904928
1,0,0.19899221164396202
1,0,0.2106394856747848
1,0,0.17772040114407672
1,0,0.1986203287835016
1,0,0.19132393063888237
1,0,0.20780348440259883
1,0,0.23543140301244603
1,0,0.25309492739804557
1,0,0.264965818352592
1,0,0.2452572326855957
1,0,0.2293661010850952
1,0,0.22623174635322235
1,0,0.2200018921440503
1,0,0.21602888016016855
1,0,0.2171638819655135
1,0,0.2373242484332649
1,0,0.22103742979143035
1,0,0.2093925438584148
1,0,0.2241954871547815
1,0,0.27611328731775886
1,0,0.2257041222455617
1,0,0.18753581717038068
1,0,0.1803313089618877
1,0,0.2644246770243814
1,0,0.29699212389682417
1,0,0.36339739779776054
1,0,0.31488694529465155
1,0,0.2874426347288986
1,0,0.2729190471262006
1,0,0.20205354451297283
1,0,0.23064326672329172
1,0,0.24709784860424622
1,0,0.23393182812367697
1,0,0.2679006209269825
1,0,0.21004427645992155
1,0,0.18807010052635206
1,0,0.1671699066038145
1,0,0.13498493422412036
1,0,0.1405618431390777
1,0,0.14729089155264022
1,0,0.16719318560173074
1,0,0.19398133506665624
0,0,0.4490028824461765
0,0,0.4490028824461765
0,0,0.4490028824461765
0,0,0.4469777205217529
0,0,0.4445866146758582
0,0,0.4445866146758582
0,0,0.4445866146758582
0,0,0.45161078978227026
0,0,0.45161078978227026
0,0,0.45161078978227026
0,0,0.45161078978227026
0,0,0.45161078978227026
0,0,0.45161078978227026
0,0,0.45161078978227026
0,0,0.4490028824461765
0,0,0.4490028824461765
0,0,0.4490028824461765
0,0,0.4469777205217529
0,0,0.4445866146758582
0,0,0.45161078978227026
0,0,0.45161078978227026
0,0,0.4445866146758582
0,0,0.4445866146758582
0,0,0.4445866146758582
0,0,0.4445866146758582
0,0,0.4469777205217529
0,0,0.4490028824461765
0,0,0.4490028824461765
0,0,0.45161078978227026
0,0,0.45161078978227026
0,0,0.4445866146758582
0,0,0.4445866146758582
0,0,0.4469777205217529
0,0,0.4445866146758582
0,0,0.4445866146758582
0,0,0.4445866146758582
0,0,0.4445866146758582
0,0,0.4490028824461765
0,0,0.4469777205217529
0,0,0.4469777205217529
0,0,0.45161078978227026
0,0,0.45161078978227026
0,0,0.4490028824461765
0,0,0.4490028824461765
0,0,0.4469777205217529
0,0,0.4445866146758582
0,0,0.4490028824461765
0,0,0.4490028824461765
0,0,0.45161078978227026
0,0,0.45161078978227026
0,0,0.45161078978227026
0,0,0.45161078978227026
0,0,0.45161078978227026
0,0,0.45161078978227026
0,0,0.4490028824461765
0,0,0.4469777205217529
0,0,0.4469777205217529
0,0,0.4490028824461765
0,0,0.4490028824461765
0,0,0.45161078978227026
0,0,0.4490028824461765
0,0,0.4469777205217529
0,0,0.4490028824461765
0,0,0.4490028824461765
0,0,0.4490028824461765
0,0,0.45161078978227026
0,0,0.4490028824461765
0,0,0.45161078978227026
0,0,0.49810946250607835
0,0,0.4955988845654006
0,0,0.49299097722930685
0,0,0.49299097722930685
0,0,0.49108528739966617
0,0,0.49810946250607835
0,0,0.49810946250607835
0,0,0.4885747094589884
0,0,0.4955988845654006
0,0,0.4955988845654006
0,0,0.4909658153048831
0,0,0.45161078978227026
0,0,0.4445866146758582
0,0,0.45161078978227026
0,0,0.45161078978227026
0,0,0.4490028824461765
0,0,0.45161078978227026
0,0,0.45161078978227026
0,0,0.45161078978227026
0,0,0.45161078978227026
0,0,0.4469777205217529
0,0,0.4469777205217529
1,0,0.4445866146758582
1,0,0.4445866146758582
1,0,0.4505044491109751
1,0,0.4505044491109751
1,0,0.45658600762676377
1,0,0.46891775186431156
1,0,0.47686051267269824
1,0,0.47094291378873526
1,0,0.47094291378873526
1,0,0.47094291378873526
1,0,0.47302662198282114
0,0,0.4490028824461765
0,0,0.4469777205217529
0,0,0.4469777205217529
0,0,0.45161078978227026
0,0,0.4490028824461765
0,0,0.4490028824461765
0,0,0.45161078978227026
0,0,0.45161078978227026
0,0,0.4469777205217529
0,0,0.4445866146758582
0,0,0.4469777205217529
0,0,0.4469777205217529
0,0,0.4445866146758582
0,0,0.4490028824461765
0,0,0.45161078978227026
0,0,0.4490028824461765
0,0,0.4490028824461765
0,0,0.4469777205217529
0,0,0.4490028824461765
0,0,0.4490028824461765
0,0,0.4490028824461765
0,0,0.4490028824461765
0,0,0.4490028824461765
0,0,0.4490028824461765
0,0,0.4490028824461765
0,0,0.4490028824461765
0,0,0.4445866146758582
0,0,0.4490028824461765
0,0,0.4490028824461765
0,0,0.4445866146758582
0,0,0.4490028824461765
0,0,0.4490028824461765
0,0,0.45161078978227026
0,0,0.45161078978227026
0,0,0.45161078978227026
0,0,0.4469777205217529
0,0,0.4490028824461765
0,0,0.45161078978227026
0,0,0.4445866146758582
0,0,0.4445866146758582
0,0,0.4490028824461765
0,0,0.4445866146758582
0,0,0.4469777205217529
0,0,0.4469777205217529
0,0,0.4445866146758582
0,0,0.4469777205217529
0,0,0.45161078978227026
0,0,0.45161078978227026
0,0,0.4445866146758582
0,0,0.4469777205217529
0,0,0.45161078978227026
0,0,0.45161078978227026
0,0,0.4445866146758582
0,0,0.4469777205217529
0,0,0.4490028824461765
0,0,0.4469777205217529
0,0,0.4490028824461765
0,0,0.4469777205217529
0,0,0.4445866146758582
0,0,0.4445866146758582
0,0,0.4469777205217529
0,0,0.4490028824461765
0,0,0.4469777205217529
0,0,0.4469777205217529
0,0,0.4445866146758582
0,0,0.4445866146758582
0,0,0.4490028824461765
0,0,0.45161078978227026
0,0,0.45161078978227026
0,0,0.4445866146758582
0,0,0.4445866146758582
0,0,0.4445866146758582
0,0,0.4469777205217529
0,0,0.4490028824461765
0,0,0.4445866146758582
0,0,0.4445866146758582
0,0,0.4445866146758582
0,0,0.4445866146758582
0,0,0.4445866146758582
0,0,0.4445866146758582
0,0,0.4469777205217529
0,0,0.4469777205217529
0,0,0.4445866146758582
0,0,0.4445866146758582
0,0,0.4445866146758582
0,0,0.4469777205217529
0,0,0.4490028824461765
0,0,0.4445866146758582
0,0,0.4445866146758582
0,0,0.4445866146758582
0,0,0.4445866146758582
0,0,0.4490028824461765
0,0,0.4490028824461765
0,0,0.4445866146758582
0,0,0.4490028824461765
0,0,0.4490028824461765
0,0,0.4445866146758582
0,0,0.4469777205217529
0,0,0.4469777205217529
0,0,0.4490028824461765
0,0,0.4490028824461765
0,0,0.45161078978227026
0,0,0.45161078978227026
0,0,0.45161078978227026
0,0,0.4490028824461765
0,0,0.4445866146758582
0,0,0.16621829506199692
0,0,0.1574006842788218
0,0,0.19126886149550643
0,0,0.1782121555229119
0,0,0.1516125649596353
0,0,0.13201086778656151
0,0,0.17842207444849856
0,0,0.15850812098728306
0,0,0.16559361080696863
0,0,0.15511261908221632
0,0,0.14265588050052602
0,0,0.2352302207197739
0,0,0.19544600703045092
0,0,0.18399968540983888
0,0,0.14465227031483097
0,0,0.1366389360601008
0,0,0.1390034785771264
0,0,0.1245848909449024
0,0,0.11972121266218722
0,0,0.15043705152464912
0,0,0.1621162375956403
0,0,0.1384546990694849
0,0,0.14919825845242254
0,0,0.16286978432129554
0,0,0.13934037728231236
0,0,0.13683806797924228
0,0,0.1371303662565877
0,0,0.14664277324657504
0,0,0.16878729157280048
0,0,0.17561612570086524
0,0,0.17282365751068857
0,0,0.16521651858380815
0,0,0.19133547848342075
0,0,0.2024189423203899
0,0,0.1766439925089084
0,0,0.1963644739624718
0,0,0.19274406400341357
0,0,0.21463734032794682
0,0,0.20502982626514943
0,0,0.19841980934950978
0,0,0.17613758849724376
0,0,0.2244960441902805
0,0,0.212450228443608
0,0,0.21893181432739944
0,0,0.21023590783573165
0,0,0.18771550606174714
1,1,0.7509424037637957
1,1,0.7793138199259039
1,1,0.7658460986122034
1,1,0.7665760053501753
1,1,0.7921672506796155
1,1,0.8092935952862501
1,1,0.779044663891169
1,1,0.7964515436611727
1,1,0.7840538552458437
1,1,0.7634721125822688
1,1,0.7984663965856753
1,1,0.7568361748662947
1,1,0.7844356339095917
1,1,0.785083364706732
1,1,0.7943769282867595
1,1,0.7794964531278541
1,1,0.7478969250168014
1,1,0.7404675195189673
1,1,0.7664358911062682
1,1,0.8022327714556426
1,1,0.743810755574316
1,1,0.7112169516225173
1,1,0.8000128115392533
1,1,0.8329219674738626
1,1,0.8324100979734701
1,1,0.8163924544305597
1,1,0.7887985613136782
1,1,0.7822680261794228
1,1,0.765934344512464
1,1,0.7950254335804258
1,1,0.8013437904573304
1,1,0.784767153373583
1,1,0.7818477651507816
1,1,0.8314651004217153
1,1,0.8347343373599158
1,1,0.8285330843494895
1,1,0.8057558355973184
1,1,0.804673836220347
1,1,0.8329022614961302
1,1,0.8335100955219599
1,1,0.8256277025391406
1,1,0.8456155245097766
1,1,0.8242216247379219
1,1,0.8060559560782999
1,1,0.8353613023914458
1,1,0.8249299464829579
1,1,0.8524800061029945
1,1,0.8288717189024105
1,1,0.8447064106870134
1,1,0.8546110174877178
1,1,0.8626274452927728
1,1,0.8654663408570196
1,1,0.8364676534910365
1,1,0.8280202020795001
1,1,0.808239738114771
0,0,0.14644910103141212
0,0,0.1771484070244313
0,0,0.20267067851025714
0,0,0.15910226738464667
0,0,0.18299150986918622
0,0,0.18026481307236086
0,0,0.15348091286969143
0,0,0.1653012887596617
0,0,0.17892767159735887
0,0,0.15936303299580737
0,0,0.16888849758421054
0,0,0.14780705382637016
0,0,0.15782073338091718
0,0,0.15303605061236839
0,0,0.15015676269981898
0,0,0.13023367906279687
0,0,0.1248399625874134
0,0,0.1151245313197176
0,0,0.11022572074631042
0,0,0.10992836431254943
0,0,0.1324987609359639
0,0,0.11373794627988927
0,0,0.11388709561230889
0,0,0.11336583390815068
0,0,0.1024273428537304
0,0,0.1127264461341944
0,0,0.1397062853146784
0,0,0.11595597110871733
0,0,0.13548209128224806
1,1,0.7525030109899761
1,1,0.7337843908783254
1,1,0.7912745831795307
1,1,0.7416050237023373
1,1,0.7863653915475328
1,1,0.7818992265898987
1,1,0.832988108866904
1,1,0.8255466994501275
1,1,0.8525667386394686
1,1,0.8453102598712825
1,1,0.8339082754001877
1,1,0.7340173316830277
1,1,0.7797100541714792
1,1,0.752850422840353
1,1,0.7523609543710836
1,1,0.7668201788001192
1,1,0.7613474399153759
1,1,0.742167551723267
1,1,0.717438692042844
1,1,0.7467171765886249
1,1,0.7647242167715543
1,1,0.767804248490219
1,0,0.17767508200962162
1,0,0.20692938597513788
1,0,0.19616062500034775
1,0,0.19479687725029624
1,0,0.1666680697030434
1,0,0.15741137467288865
1,0,0.1604426437939
1,0,0.17862348610820086
1,0,0.163397327050529
1,0,0.2063348338556877
1,0,0.2163601907727912
1,0,0.20552795639236457
1,0,0.22771926279485352
1,0,0.24326254140163475
1,0,0.19784528938934037
1,0,0.2177364974332052
1,0,0.22579703153410852
1,0,0.24357093605701016
1,0,0.23204673099909684
1,0,0.28929654824184203
1,0,0.292061972750947
1,0,0.2776700805280579
1,0,0.2825794978184588
1,0,0.3111344066117489
1,0,0.3001065678439587
1,0,0.296675550470766
1,0,0.289478813368291
1,0,0.2414196947773015
1,0,0.28401649326208817
1,0,0.2891231148782144
1,0,0.27157462455631687
1,0,0.29595204530785796
1,0,0.26891274053814235
0,0,0.21180206523758868
0,0,0.22180838284307633
0,0,0.24817549169204894
0,0,0.2433823642368339
0,0,0.22573800867156846
0,0,0.2224617298935631
0,0,0.28792692099740347
0,0,0.22504850397687243
0,0,0.2081695972024044
0,0,0.2083596915861511
0,0,0.20934691927212296
0,0,0.2808673924826221
0,0,0.24043622383549
0,0,0.22928448538878093
0,0,0.22060857461912978
0,0,0.2217986801262574
0,0,0.19449160974536717
0,0,0.2456774384493159
0,0,0.24772224477562793
0,0,0.2410268943248406
0,0,0.21809731997871049
0,0,0.21446981180414856
0,0,0.0719283345370576
0,0,0.0719283345370576
0,0,0.0719283345370576
0,0,0.0719283345370576
0,0,0.0719283345370576
0,0,0.0719283345370576
0,0,0.0719283345370576
0,0,0.0719283345370576
0,0,0.0719283345370576
0,0,0.0719283345370576
0,0,0.0719283345370576
0,0,0.0719283345370576
0,0,0.0719283345370576
0,0,0.0719283345370576
0,0,0.0719283345370576
0,0,0.0719283345370576
0,0,0.0719283345370576
0,0,0.0719283345370576
0,0,0.0719283345370576
0,0,0.0719283345370576
0,0,0.0719283345370576
0,0,0.0719283345370576
0,0,0.0719283345370576
0,0,0.0719283345370576
0,0,0.0719283345370576
0,0,0.0719283345370576
0,0,0.0719283345370576
0,0,0.0719283345370576
0,0,0.0719283345370576
0,0,0.0719283345370576
0,0,0.0719283345370576
0,0,0.0719283345370576
0,0,0.0719283345370576
0,0,0.0719283345370576
0,0,0.0719283345370576
0,0,0.0719283345370576
0,0,0.0719283345370576
0,0,0.0719283345370576
0,0,0.0719283345370576
0,0,0.0719283345370576
0,0,0.0719283345370576
0,0,0.0719283345370576
0,0,0.0719283345370576
0,0,0.0719283345370576
0,0,0.0719283345370576
0,0,0.0719283345370576
0,1,0.8490369899456488
0,1,0.852295721029821
0,1,0.8572653768925023
0,1,0.8395916405020872
0,1,0.8383414052518532
0,1,0.8510446870037727
0,1,0.8419970965511682
0,1,0.8306362387275914
0,1,0.8266735380751581
0,1,0.8356797672389508
0,1,0.835668501331807
1,1,0.8436653969063699
1,1,0.868237804412232
1,1,0.858164124019989
1,1,0.8419197457719387
1,1,0.8532082533434785
1,1,0.8436262009213398
1,1,0.847167998318577
1,1,0.8477233417468197
1,1,0.8432740371795926
1,1,0.8396354609494682
1,1,0.8652453274701777
1,1,0.8362235079119925
1,1,0.8331173023750164
1,1,0.8413277765939781
1,1,0.8515964923665611
1,1,0.8515964923665611
1,1,0.8544616787482942
1,1,0.8659199013402242
1,1,0.8425746043862524
1,1,0.8524176983089045
1,1,0.8370198439023531
1,1,0.8480650878873881
1,1,0.8322357755092814
1,1,0.8515730342158133
1,1,0.8234913976856982
1,1,0.8535099021833181
1,1,0.8136568970888269
1,1,0.799556572043403
1,1,0.788067145074222
1,1,0.8060085994916331
1,1,0.8134660816893582
1,1,0.8145532943759838
1,1,0.8197464751713999
0,1,0.8368818541464859
0,1,0.8367307573838951
0,1,0.8355793984142171
0,1,0.8808325184159226
0,1,0.8838335421845798
0,1,0.8930433991667673
0,1,0.883553527309786
0,1,0.8365624308548925
0,1,0.8419691060529821
0,1,0.8449863132402206
0,1,0.8290898165502699
0,0,0.09884550262731728
0,0,0.08492712942293712
0,0,0.10272418958952151
0,0,0.09669085731341638
0,0,0.09669085731341638
0,0,0.09208198675811197
0,0,0.1019146239244886
0,0,0.09295243240546666
0,0,0.09172334242581232
0,0,0.09111357262903542
0,0,0.1057905729419077
0,0,0.1003091444729354
0,0,0.10153823445258975
0,0,0.1003091444729354
0,0,0.08939312672914904
0,0,0.08406759527572102
0,0,0.08382855588482854
0,0,0.09103849848774283
0,0,0.09524892736315918
0,0,0.07288034195274416
0,0,0.08049709005677057
0,0,0.1000975816244142
0,0,0.11050965772411829
0,0,0.10993022984828141
0,0,0.10631309501002562
0,0,0.10631309501002562
0,0,0.09090219400703126
0,0,0.09638362247600356
0,0,0.08669176513161489
1,1,0.8293517468535199
1,1,0.8440823575338748
1,1,0.8412054164446462
1,1,0.8420306399452281
1,1,0.843936392953538
1,1,0.8480770046293451
1,1,0.854631999037269
1,1,0.8624628502397274
1,1,0.8679091970200074
1,1,0.8558818466523025
1,1,0.801227891651619
1,1,0.8446815585896779
1,1,0.8169073442557448
1,1,0.8296315344961122
1,1,0.8415951164686573
1,1,0.8425597889019959
1,1,0.848681089797654
1,1,0.8504488352745185
1,1,0.8616781973033764
1,1,0.867271833302386
1,1,0.8386271672856597
1,1,0.8515241142595067
0,0,0.0719283345370576
0,0,0.0719283345370576
0,0,0.0719283345370576
0,0,0.0719283345370576
0,0,0.0719283345370576
0,0,0.0719283345370576
0,0,0.0719283345370576
0,0,0.0719283345370576
0,0,0.0719283345370576
0,0,0.0719283345370576
0,0,0.0719283345370576
0,0,0.0719283345370576
0,0,0.0719283345370576
0,0,0.0719283345370576
0,0,0.0719283345370576
0,0,0.0719283345370576
0,0,0.0719283345370576
0,0,0.0719283345370576
0,0,0.0719283345370576
0,0,0.0719283345370576
0,0,0.0719283345370576
0,0,0.0719283345370576
0,0,0.0719283345370576
0,0,0.0719283345370576
0,0,0.0719283345370576
0,0,0.0719283345370576
0,0,0.0719283345370576
0,0,0.0719283345370576
0,0,0.0719283345370576
0,0,0.0719283345370576
0,0,0.0719283345370576
0,0,0.0719283345370576
0,0,0.0719283345370576
1,0,0.0842198931564119
1,0,0.08447959178031135
1,0,0.08229693237296018
1,0,0.10292016211591877
1,0,0.08878553433109833
1,0,0.08878553433109833
1,0,0.07906834651990534
1,0,0.07906834651990534
1,0,0.08762108567843815
1,0,0.08155124076679619
1,0,0.0863826748276272
1,0,0.09516839949284255
1,0,0.08559298980727519
1,0,0.08559298980727519
1,0,0.0877345811481568
1,0,0.09806288084121223
1,0,0.08720462088215265
1,0,0.08378595971796444
1,0,0.10424967710958245
1,0,0.1091415453699049
1,0,0.09187704374430754
1,0,0.08936243644309115
0,0,0.25461427131657843
0,0,0.26212589606261255
0,0,0.29721714226924223
0,0,0.24730806700557692
0,0,0.20654346819531366
0,0,0.17197158352982866
0,0,0.19823071571440223
0,0,0.21260751338556147
0,0,0.1920714044080472
0,0,0.13683942470812777
0,0,0.1626839154462676
0,0,0.22678531992571385
0,0,0.24905617613958828
0,0,0.2215021325439411
0,0,0.24094293243039985
0,0,0.19812139823653435
0,0,0.21195118596153675
0,0,0.24979647033347135
0,0,0.23328559463178447
0,0,0.13623765785486006
0,0,0.17408313415329293
0,0,0.13169273707385343
0,0,0.12754367668517996
0,0,0.12770896167623838
0,0,0.14178116075155292
0,0,0.1798415290407426
0,0,0.22036037419562945
0,0,0.21506446449576214
0,0,0.2080219578211188
0,0,0.12896437590218748
0,0,0.07089902107585001
0,0,0.08411601536682495
0,0,0.08536923351275258
0,0,0.08355437033452885
0,0,0.0874013874407405
0,0,0.11061648355888423
0,0,0.09893170405677035
0,0,0.07469885122337759
0,0,0.10782470825441579
0,0,0.11086741746226172
0,0,0.10706513580118926
0,0,0.13848219503439826
0,0,0.1498355514826507
0,0,0.23964699832018377
0,0,0.3032624075473946
0,0,0.2982886792188243
0,1,0.8729176617210282
0,1,0.8871597212410929
0,1,0.8851055586956549
0,1,0.8903302897920065
0,1,0.8771903063377431
0,1,0.906766546993221
0,1,0.9360151261862437
0,1,0.9005358857671094
0,1,0.9076926627042172
0,1,0.9049487273670717
0,1,0.869159990913518
1,1,0.8796159213190028
1,1,0.866071579482778
1,1,0.8765872268906721
1,1,0.8580998670108488
1,1,0.869053052041781
1,1,0.8787149420378316
1,1,0.8573357947323479
1,1,0.8769020537369387
1,1,0.8766032858651563
1,1,0.8885479133142998
1,1,0.8534259483360819
1,1,0.8307004940603082
1,1,0.82393990049026
1,1,0.7808290900636109
1,1,0.7068519819337858
1,1,0.7701462488533839
1,1,0.7466144758350588
1,1,0.7482345921838605
1,1,0.750879047298222
1,1,0.7839089625089051
1,1,0.7895786016643948
1,1,0.7994941462562951
0,1,0.8528809391531742
0,1,0.857299185556052
0,1,0.8506952348050095
0,1,0.8717295497690256
0,1,0.8510419494588605
0,1,0.832228470591787
0,1,0.8774804900486584
0,1,0.8498052045231713
0,1,0.8510442985989866
0,1,0.829940740360987
0,1,0.8299244807835153
1,1,0.8510996398200024
1,1,0.8407603515239246
1,1,0.8317404035053593
1,1,0.8399879378801329
1,1,0.822802713768731
1,1,0.8190530735179438
1,1,0.8645752036504067
1,1,0.8797609000383436
1,1,0.8645881927652137
1,1,0.853589198466207
1,1,0.8376090437761451
1,0,0.180012878591644
1,0,0.19760343216678258
1,0,0.19726238787654013
1,0,0.21194986334486987
1,0,0.15180889481317694
1,0,0.1994712476532934
1,0,0.2006158304209559
1,0,0.23619481019758054
1,0,0.20345403859343503
1,0,0.09007541894298761
1,0,0.08462574662484518
1,0,0.13754904034102977
1,0,0.19074244662144055
1,0,0.1643385902042212
1,0,0.1815203061600543
1,0,0.16495279317352046
1,0,0.223600640608913
1,0,0.1991532593772796
1,0,0.18108456877214293
1,0,0.1463790524562805
1,0,0.13192001310924012
1,0,0.15170077340691746
1,0,0.16016052166503314
1,0,0.14471298599587043
1,0,0.12245830917831775
1,0,0.10160172365942884
1,0,0.11679813908400169
1,0,0.11584231964761564
1,0,0.1780908597048717
0,1,0.8064653126269168
0,1,0.8175444986811382
0,1,0.8339195340633662
0,1,0.8571775903216732
0,1,0.8423671358443475
0,1,0.8183863225068627
0,1,0.8398744732830383
0,1,0.8739322756141168
0,1,0.8686638627026365
0,1,0.8142479705424468
0,1,0.8514022445276211
1,1,0.7975086925683652
1,1,0.8804253441170142
1,1,0.9010586260268435
1,1,0.8676362859197524
1,1,0.8917751613555853
1,1,0.8947596282881194
1,1,0.8777632636858214
1,1,0.8737918099694746
1,1,0.8951027649305763
1,1,0.8918947330876391
1,1,0.902853408746773
0,0,0.121039614468009
0,0,0.11691743872917329
0,0,0.174013419964271
0,0,0.1575243005330896
0,0,0.1577743026952134
0,0,0.09822202655809871
0,0,0.055385611815546555
0,0,0.06946422976804933
0,0,0.1466094534083511
0,0,0.26618741914213484
0,0,0.2767640845471648
0,0,0.2375894619854776
0,0,0.14902711735653834
0,0,0.14272563608813255
0,0,0.1293278910049197
0,0,0.12288422199943248
0,0,0.12119090501417032
0,0,0.10882030510532612
0,0,0.10840094380986798
0,0,0.10483426287096015
0,0,0.1286249260678716
0,0,0.17706275711114447
0,0,0.166272114496687
0,0,0.197021339454445
0,0,0.25017580740035006
0,0,0.25332170027274303
0,0,0.25247595698566616
0,0,0.12470825112419115
0,0,0.15655474099280878
0,0,0.11995058309006236
0,0,0.10906402355307533
0,0,0.0929167497426532
0,0,0.13351336132105593
0,0,0.10027722828137113
0,0,0.10365470155761981
0,0,0.11124295711695652
0,0,0.0809953810242464
0,0,0.10171622551987959
0,0,0.1056235298281957
0,0,0.13426463575000866
0,0,0.1265908081091971
0,0,0.16242631233120408
0,0,0.10973818175385935
0,0,0.12397605517395467
0,0,0.1294484506334752
0,0,0.14405794589169113
0,0,0.11868324959465712
0,0,0.1071051130131859
0,0,0.12566458156289775
0,0,0.0970626338918286
0,0,0.1109443208010508
0,0,0.13753115669825344
0,0,0.08904656775671073
0,0,0.0819514731018362
0,0,0.09267348868642948
0,0,0.2305351745600819
0,0,0.25006302392504437
0,0,0.2759922377921278
0,0,0.23188338516947296
0,0,0.25006748123037165
0,0,0.2652213936222018
0,0,0.23748600702497144
0,0,0.2207190414029775
0,0,0.25950859743534865
0,0,0.2905106016193427
0,0,0.3149345013553835
0,0,0.19514723457003716
0,0,0.20363347717664249
0,0,0.196474749951114
0,0,0.18437719163702684
0,0,0.11156570657160694
0,0,0.15254787322488944
0,0,0.18307472784582177
0,0,0.1647280283773002
0,0,0.14595599128578335
0,0,0.19549842885303836
0,0,0.17659135296700312
0,0,0.16538739508804612
0,0,0.17128976671464455
0,0,0.1844326675013056
0,0,0.18420459331694863
0,0,0.2024803346348593
0,0,0.24085007960485114
0,0,0.19328228611032486
0,0,0.16759753334521701
0,0,0.18765326187392545
0,0,0.1288365839431705
0,0,0.16984447456820093
0,0,0.14266267824986778
0,0,0.15210038073557836
0,0,0.14350956980962418
0,0,0.16801913563064833
0,0,0.1011687490618139
0,0,0.14705008147958462
0,0,0.16593754317221357
0,0,0.15821656411186993
0,0,0.1398875086705453
0,0,0.14343993486173576
0,0,0.14995156388550032
0,0,0.15687174384825064
0,0,0.16832138491624643
0,0,0.4967629306808518
0,1,0.545789705076172
0,1,0.537686212743863
0,1,0.5186863487134937
0,1,0.5659574189854342
0,0,0.4994783796948681
0,1,0.5003257403055548
0,1,0.5178465229528851
0,1,0.516377593600837
0,1,0.5166039977287568
0,1,0.5348824381955101
0,1,0.7137206200873895
0,1,0.6799554710746731
0,1,0.7312116355939434
0,1,0.734668680192911
0,1,0.7526831807035288
0,1,0.7415236128403835
0,1,0.7264834771106906
0,1,0.6905940664675455
0,1,0.7073228422181888
0,1,0.7193071956519419
0,1,0.7407485030378916
1,1,0.6807205059577943
1,1,0.688592099525374
1,1,0.6018669843562305
1,1,0.5650925636629435
1,1,0.5750647444587972
1,1,0.6140079997740572
1,1,0.6632229765641052
1,1,0.6638380351493187
1,1,0.6858697809843172
1,1,0.7015497203637964
1,1,0.6943558719517129
0,1,0.7236432121633257
0,1,0.7633439779667884
0,1,0.7303312239817629
0,1,0.7013372812174508
0,1,0.7404474142161037
0,1,0.7362425718812509
0,1,0.7725946821774551
0,1,0.7514238165287084
0,1,0.7190452134344922
0,1,0.6780588474367749
0,1,0.7398680946709068
1,1,0.6912765574831384
1,1,0.6562881350368295
1,1,0.6647806519660087
1,1,0.65220941067375
1,1,0.6496024934372445
1,1,0.6390553396754955
1,1,0.6719567356602076
1,1,0.5931720140316199
1,1,0.5319158568835578
1,1,0.54991588707829
1,0,0.4783825931669017
0,0,0.12671715422479207
0,0,0.098746355117376
0,0,0.09481818046602292
0,0,0.07609800984784337
0,0,0.11310284562341416
0,0,0.09762817125563433
0,0,0.08471459600844146
0,0,0.08767904487125755
0,0,0.07697321650284164
0,0,0.11326081618580316
0,0,0.11212853486182324
0,0,0.11559743077770762
0,0,0.14655871599178144
0,0,0.14529048201324032
0,0,0.10994047619274182
0,0,0.12588872233803283
0,0,0.1377587200270685
0,0,0.0962033086535992
0,0,0.12314114841078766
0,0,0.13688523408284983
0,0,0.18931231951961255
0,0,0.18518175019508265
0,0,0.1788959931874752
0,0,0.1540008368342428
0,0,0.14940335505379265
0,0,0.14653591090335835
0,0,0.17025803985237128
0,0,0.14508039033425973
0,0,0.15199721310240735
0,1,0.5507004302805831
0,0,0.49755129772623435
0,0,0.48776235263486994
0,0,0.48434607112857025
0,0,0.4618628135793199
0,1,0.5170778881366869
0,1,0.5183527632502338
0,1,0.5077368812220026
0,1,0.5056279298989345
0,0,0.4741221080520885
0,0,0.4916320029486417
1,1,0.5324091427303612
1,1,0.5565957785209695
1,1,0.5336775803224948
1,1,0.5233014993508105
1,1,0.5273009268781023
1,1,0.5636420139711249
1,0,0.49359113767049956
1,1,0.5248094248654024
1,1,0.5292210926382365
1,1,0.5119020537622201
1,1,0.7565336218645379
0,0,0.2495303324095001
0,0,0.21722394419026986
0,0,0.2524392214465694
0,0,0.17368696865167033
0,0,0.21288254220783062
0,0,0.14815558999277256
0,0,0.15468000022539855
0,0,0.1751895739021613
0,0,0.16291186412607192
0,0,0.16994561807450154
0,0,0.16297658927912947
0,0,0.16348983539492248
0,0,0.15889495575409263
0,0,0.16435518273448604
0,0,0.16314742772831503
0,0,0.15476313813933895
0,0,0.16719243471216277
0,0,0.1523291080632642
0,0,0.16602791078544452
0,0,0.15327045655255167
0,0,0.17221053979998974
0,0,0.17955860645302196
0,0,0.21747235432585654
0,0,0.20762909978691738
0,0,0.17192950873478438
0,0,0.18800382795366358
0,0,0.15150092947370652
0,0,0.15328129785305666
0,0,0.15678192565008608
0,0,0.15754100811293617
0,0,0.1583724329528171
0,0,0.16361709498010654
0,0,0.14840962399982358
0,0,0.1436945778037452
0,0,0.18799460484965738
0,0,0.2142473797367745
0,0,0.17209820626578565
0,0,0.23256272313946438
0,0,0.25138819520677397
0,0,0.2078706646672148
0,0,0.18708436894728714
0,0,0.22068852643425851
0,0,0.21145661195531432
0,0,0.1960461775643504
0,0,0.22983313424219337
0,0,0.2251223601541444
0,0,0.25417675195020967
0,0,0.18759967431354993
0,0,0.2727095380148496
0,0,0.29424017560120697
0,0,0.24099964793543024
0,0,0.27339358937114566
0,0,0.27145943023607966
0,0,0.2442013910370161
0,0,0.24810169346004748
0,0,0.4445866146758582
0,0,0.4445866146758582
0,0,0.4469777205217529
0,0,0.4469777205217529
0,0,0.4469777205217529
0,0,0.4469777205217529
0,0,0.4469777205217529
0,0,0.4490028824461765
0,0,0.4490028824461765
0,0,0.4469777205217529
0,0,0.4469777205217529
0,0,0.47355082112482905
0,0,0.49550155516998456
0,0,0.47446940682680355
0,0,0.4469777205217529
0,0,0.4490028824461765
0,0,0.4490028824461765
0,0,0.45161078978227026
0,0,0.45161078978227026
0,0,0.4490028824461765
0,0,0.4490028824461765
0,0,0.4490028824461765
0,0,0.4490028824461765
0,0,0.4469777205217529
0,0,0.4445866146758582
0,0,0.4445866146758582
0,0,0.4469777205217529
0,0,0.4490028824461765
0,0,0.4490028824461765
0,0,0.4445866146758582
0,0,0.4445866146758582
0,0,0.45161078978227026
0,0,0.45161078978227026
0,0,0.4490028824461765
0,0,0.4445866146758582
0,0,0.4469777205217529
0,0,0.4490028824461765
0,0,0.4469777205217529
0,0,0.4469777205217529
0,0,0.4445866146758582
0,0,0.4469777205217529
0,0,0.4490028824461765
0,0,0.4469777205217529
0,0,0.4469777205217529
0,0,0.4469777205217529
0,0,0.4469777205217529
1,0,0.4490028824461765
1,0,0.4445866146758582
1,0,0.4469777205217529
1,0,0.4490028824461765
1,0,0.4490028824461765
1,0,0.4490028824461765
1,0,0.45919391496285755
1,0,0.4863001277082426
1,0,0.46652664601841687
1,0,0.4863001277082426
1,0,0.49550155516998456
1,0,0.49810946250607835
1,0,0.49550155516998456
1,0,0.49347639324556086
1,0,0.49108528739966617
1,0,0.49550155516998456
1,0,0.49550155516998456
1,0,0.48427496578381884
1,0,0.4863001277082426
1,0,0.4909658153048831
1,0,0.45658600762676377
1,0,0.4490028824461765
1,0,0.4490028824461765
1,0,0.4469777205217529
1,0,0.4445866146758582
1,0,0.4445866146758582
1,0,0.45161078978227026
1,0,0.45161078978227026
1,0,0.4490028824461765
1,0,0.4490028824461765
1,0,0.4469777205217529
1,0,0.4490028824461765
1,0,0.45161078978227026
1,0,0.4469777205217529
1,0,0.4490028824461765
1,0,0.4490028824461765
1,0,0.4445866146758582
1,0,0.4469777205217529
1,0,0.4469777205217529
1,0,0.45161078978227026
1,0,0.45161078978227026
1,0,0.4490028824461765
1,0,0.4490028824461765
1,0,0.4445866146758582
1,0,0.4445866146758582
1,0,0.4490028824461765
1,0,0.4490028824461765
1,0,0.4469777205217529
1,0,0.4469777205217529
1,0,0.4490028824461765
1,0,0.4490028824461765
1,0,0.4490028824461765
1,0,0.45161078978227026
1,0,0.4490028824461765
1,0,0.45161078978227026
0,0,0.4490028824461765
0,0,0.4469777205217529
0,0,0.4490028824461765
0,0,0.4469777205217529
0,0,0.4445866146758582
0,0,0.4469777205217529
0,0,0.4469777205217529
0,0,0.4469777205217529
0,0,0.4490028824461765
0,0,0.45161078978227026
0,0,0.45161078978227026
1,0,0.4490028824461765
1,0,0.47094291378873526
1,0,0.46511864113707924
1,0,0.4445866146758582
1,0,0.4490028824461765
1,0,0.4490028824461765
1,0,0.4469777205217529
1,0,0.4469777205217529
1,0,0.4445866146758582
1,0,0.4445866146758582
1,0,0.4671438030615028
0,0,0.4469777205217529
0,0,0.4445866146758582
0,0,0.4445866146758582
0,0,0.4445866146758582
0,0,0.4469777205217529
0,0,0.4469777205217529
0,0,0.4469777205217529
0,0,0.4445866146758582
0,0,0.4469777205217529
0,0,0.4469777205217529
0,0,0.4469777205217529
0,0,0.4469777205217529
0,0,0.4445866146758582
0,0,0.4445866146758582
0,0,0.4445866146758582
0,0,0.4445866146758582
0,0,0.4445866146758582
0,0,0.4490028824461765
0,0,0.4490028824461765
0,0,0.4445866146758582
0,0,0.4490028824461765
0,0,0.45161078978227026
0,0,0.4490028824461765
0,0,0.4490028824461765
0,0,0.4490028824461765
0,0,0.4490028824461765
0,0,0.4469777205217529
0,0,0.4469777205217529
0,0,0.4490028824461765
0,0,0.4469777205217529
0,0,0.4445866146758582
0,0,0.4469777205217529
0,0,0.4469777205217529
1,0,0.4445866146758582
1,0,0.4445866146758582
1,0,0.4445866146758582
1,0,0.4445866146758582
1,0,0.4469777205217529
1,0,0.4469777205217529
1,0,0.4445866146758582
1,0,0.4469777205217529
1,0,0.4445866146758582
1,0,0.4469777205217529
1,0,0.4469777205217529
1,0,0.4445866146758582
1,0,0.4445866146758582
1,0,0.4469777205217529
1,0,0.4469777205217529
1,0,0.4445866146758582
1,0,0.4469777205217529
1,0,0.4469777205217529
1,0,0.4469777205217529
1,0,0.4469777205217529
1,0,0.4445866146758582
1,0,0.4445866146758582
0,0,0.16362602310295135
0,0,0.20138248513700627
0,0,0.1532244071933379
0,0,0.1849796770794203
0,0,0.17727996342363653
0,0,0.16682165874715768
0,0,0.21997294623839067
0,0,0.20478341440733983
0,0,0.1840273282092716
0,0,0.18229652840900598
0,0,0.17747981015688538
0,0,0.17572559518951675
0,0,0.1974684667638272
0,0,0.1880543553598135
0,0,0.20353589036855146
0,0,0.17258460974441545
0,0,0.1762785335434056
0,0,0.21616491825444556
0,0,0.18080411811551841
0,0,0.20462383861199884
0,0,0.2057965060244105
0,0,0.17556916410287696
0,0,0.17835145946820463
0,0,0.16312390661819087
0,0,0.14994240707992076
0,0,0.1662823753461263
0,0,0.16888139502056979
0,0,0.13492981615600422
0,0,0.1513164582894418
0,0,0.14275621658048213
0,0,0.1369012341915882
0,0,0.17172014031948873
0,0,0.1740441994229984
0,0,0.19273096355037717
0,0,0.19314563552467467
0,0,0.19561401548628005
0,0,0.21692268573339646
0,0,0.24259665072805686
0,0,0.21285282292681096
0,0,0.22623269853507355
0,0,0.22744978777182404
0,0,0.2376695874739507
0,0,0.2442730791569756
0,0,0.210978531289121
0,0,0.21576165193342053
0,0,0.23530924702168762
1,1,0.8367597250496229
1,1,0.8384861545338472
1,1,0.8575691689247623
1,1,0.8308279319762792
1,1,0.8473214386434562
1,1,0.8803951013118154
1,1,0.8684216970235797
1,1,0.8686767768195917
1,1,0.8685123372861078
1,1,0.8701777998798071
1,1,0.8868430722218764
1,1,0.8899109385824947
1,1,0.8980126976996153
1,1,0.9078466077449246
1,1,0.8845674120889038
1,1,0.8581893044092296
1,1,0.8451864878607473
1,1,0.8743910191307251
1,1,0.8591139188691586
1,1,0.8854126503734124
1,1,0.8913846501531992
1,1,0.8958976529142646
1,1,0.873329582553038
1,1,0.880191931163206
1,1,0.8760038733384421
1,1,0.8673736612380581
1,1,0.8489526383760577
1,1,0.8840044636079557
1,1,0.8899610909897164
1,1,0.8766087470010693
1,1,0.8931460247154179
1,1,0.8959346568771477
1,1,0.9005289414026179
1,1,0.8904410667970823
1,1,0.8906901632902122
1,1,0.9159423373005271
1,1,0.8917938783866061
1,1,0.8893707555561322
1,1,0.8988057966106566
1,1,0.8929137958926542
1,1,0.9053233233636123
1,1,0.9029183613525591
1,1,0.8926851653072765
1,1,0.8741680033235797
1,1,0.8501007108376719
1,1,0.8542258712741916
1,1,0.8885837582146334
1,1,0.8499517626230823
1,1,0.8631355519701833
1,1,0.8577206299553498
1,1,0.8279175358406485
1,1,0.8450155431388617
1,1,0.8655939821858856
1,1,0.8875944033602552
1,1,0.8254862057002056
0,0,0.15555463200232378
0,0,0.11025013508389775
0,0,0.13575526867400126
0,0,0.13646402431341603
0,0,0.1522257570935065
0,0,0.1867188802551997
0,0,0.13633016184830057
0,0,0.12427250314944727
0,0,0.16232195962428064
0,0,0.2196472517984672
0,0,0.21489536508165552
0,0,0.21468840086182783
0,0,0.15419405627052402
0,0,0.12408039015895525
0,0,0.13463756497509807
0,0,0.11660357880295617
0,0,0.18835970443054476
0,0,0.14022809625963653
0,0,0.13251524142243906
0,0,0.12954785948479838
0,0,0.11373506589349558
0,0,0.11561582032403099
0,0,0.13157215591038926
0,0,0.13785528122372617
0,0,0.09723716926841051
0,0,0.11612099879399752
0,0,0.10264445062235578
0,0,0.11941785006174196
0,0,0.11272605554136064
1,1,0.8656808902758389
1,1,0.9129700065844136
1,1,0.9034874720029927
1,1,0.8656312068576626
1,1,0.8695349305885776
1,1,0.8672226360163393
1,1,0.8426644308469358
1,1,0.8616164302091488
1,1,0.8842094600660889
1,1,0.8696510651876125
1,1,0.8043795102619691
1,1,0.8720798641663349
1,1,0.8303607073926901
1,1,0.8332117357738416
1,1,0.8212978330927246
1,1,0.8484181120039648
1,1,0.888323080804392
1,1,0.8775062693300524
1,1,0.8135029413766816
1,1,0.7996374629915379
1,1,0.8722131612613793
1,1,0.8579560686382586
1,0,0.11756217762793182
1,0,0.13178937160671322
1,0,0.1426799495161719
1,0,0.19134535100340813
1,0,0.15570538545137982
1,0,0.16550955106274232
1,0,0.17755808376618762
1,0,0.13360034533749693
1,0,0.12625910560052162
1,0,0.15585560212095712
1,0,0.18894407360005347
1,0,0.14702779940670438
1,0,0.13627972947311798
1,0,0.13776891298864508
1,0,0.16350447901325826
1,0,0.16991707242771759
1,0,0.1998604096791756
1,0,0.21090421972181933
1,0,0.1601293414580521
1,0,0.1800610213965453
1,0,0.17593742932103726
1,0,0.18822774250679636
1,0,0.1991691278143746
1,0,0.21747734702455992
1,0,0.24847005350651266
1,0,0.21046850642142892
1,0,0.16930080945279077
1,0,0.18814197766679386
1,0,0.17396160069567318
1,0,0.18047079864540788
1,0,0.17087007249566738
1,0,0.1885673934056123
1,0,0.2290917268372348
1,0,0.20178531707000005
1,0,0.20485036967283995
1,0,0.21264561886608654
1,0,0.21717413376538502
1,0,0.19793423804202614
1,0,0.2217888421123119
1,0,0.22992281302933332
1,0,0.22486835595050012
1,0,0.22266230059622763
1,0,0.2144686166823072
1,0,0.22505533382657691
1,0,0.24930817642836833
1,0,0.24505197919142344
1,0,0.22574265815066602
1,0,0.21623732053712463
1,0,0.2110273965665329
1,0,0.1957359009456853
1,0,0.213996307435625
1,0,0.20206926254172242
1,0,0.19417511769961876
1,0,0.20342844981374245
1,0,0.2309954306378527
0,0,0.16623450722760758
0,0,0.1311240736070142
0,0,0.1587677845622205
0,0,0.15004892119581553
0,0,0.15789991396991873
0,0,0.13493962157812578
0,0,0.15083903189770126
0,0,0.11447574462044528
0,0,0.09525871508165956
0,0,0.11000665121124181
0,0,0.14222773301816655
1,0,0.10409675568829234
1,0,0.10321660006239304
1,0,0.10860299250043806
1,0,0.11209577725510173
1,0,0.12566236388459331
1,0,0.1083337084032029
1,0,0.11286449815097273
1,0,0.1196685497574305
1,0,0.12727975542234268
1,0,0.1067469825094366
1,0,0.11036807996165068
1,0,0.12073090784045372
1,0,0.12912117899808295
1,0,0.15540019614679815
1,0,0.1975508458857147
1,0,0.14602555194529077
1,0,0.15992749481880242
1,0,0.13274607854042755
1,0,0.16575441167865812
1,0,0.1635130580877038
1,0,0.10809033884237076
1,0,0.13546501318388762
1,0,0.12673035652592174
1,0,0.13978177930913016
1,0,0.17445519773981638
1,0,0.13051127525772432
1,0,0.1753259387586917
1,0,0.1526252518826916
1,0,0.14378222894123008
1,0,0.14900622464080787
1,0,0.128778208182267
1,0,0.14384050609529153
1,0,0.12581750559096572
1,0,0.14989007854974049
1,0,0.17797610852228476
1,1,0.6238301438054118
1,1,0.7951873800703878
1,1,0.8885137401766307
1,1,0.8824331409635252
1,1,0.874826798185224
1,1,0.9020061976475453
1,1,0.8809167856547202
1,1,0.8802528112471153
1,1,0.874403951605867
1,1,0.8726241040433008
1,1,0.8392297889701829
1,1,0.8329433306499611
1,1,0.8414344018559556
1,1,0.8974300062429498
1,1,0.9076448900649241
1,1,0.8756532727227931
1,1,0.8779117766959196
1,1,0.8817675002182037
1,1,0.8961761426143887
1,1,0.9015735635796339
1,1,0.9072625194854328
1,1,0.8064375822484555
1,1,0.617277818905017
1,1,0.7029708366298908
1,1,0.7825578651164007
1,1,0.8189848812888479
1,1,0.8359677402411303
1,1,0.8048989958260229
1,1,0.8084822536170266
1,1,0.8351093381512231
1,1,0.8043427054206245
1,1,0.7970408857984941
1,1,0.7960451607701091
1,1,0.8437523243041071
1,1,0.8538879447047327
1,1,0.8814620598732117
1,1,0.8760232693243267
1,1,0.8570372311386378
1,1,0.8385337723358917
1,1,0.821535673828602
1,1,0.8109971395690937
1,1,0.8742142618695552
1,1,0.8680184955090634
1,1,0.8189905385314198
1,1,0.8143311503909719
1,1,0.8103378767803048
1,1,0.8001700775406552
1,1,0.777248039342239
1,1,0.7619893784072618
1,1,0.7871132387763312
1,1,0.7391838492934268
1,1,0.8327014106997014
1,1,0.8330293441822768
1,1,0.7269819719434532
1,1,0.896913524968949
0,0,0.1799439009385678
0,0,0.18914263961806133
0,0,0.2764150082826207
0,0,0.2770673420831344
0,0,0.2487001170224046
0,0,0.2564256321136996
0,0,0.23704943043224083
0,0,0.2560577227572913
0,0,0.24350753286544438
0,0,0.20708645269094902
0,0,0.18477306813223823
0,0,0.1806042133895372
0,0,0.20441350897667887
0,0,0.16785171664717408
0,0,0.22132285682040528
0,0,0.2450486871898618
0,0,0.17926759711540222
0,0,0.21570334428021437
0,0,0.20291925304450215
0,0,0.17577840249016666
0,0,0.17752369877998206
0,0,0.16786901865009093
0,0,0.1656759737677665
0,0,0.19996608381624437
0,0,0.21414848534893
0,0,0.23337986299279947
0,0,0.18674064889813238
0,0,0.18134329076595965
0,0,0.165420888613979
1,1,0.6804923360287556
1,1,0.8811166671502132
1,1,0.883347184598311
1,1,0.8401476875250593
1,1,0.7957109760508844
1,1,0.8433240225213084
1,1,0.8233240225213084
1,1,0.8350421024121101
1,1,0.8635479022998384
1,1,0.8771554346868221
1,1,0.8856663064320486
1,1,0.7362829943462343
1,1,0.8348173671595289
1,1,0.8615211824749059
1,1,0.8348807758217625
1,1,0.8165668799201989
1,1,0.8229402624577083
1,1,0.846517706296801
1,1,0.8438271895456683
1,1,0.8081049960822614
1,1,0.8164255824450427
1,1,0.80804138530182
0,0,0.14579658183688926
0,0,0.16037817385256503
0,0,0.18227348975479216
0,0,0.200498050928125
0,0,0.2511015033884448
0,0,0.20791749010205968
0,0,0.17790298204778984
0,0,0.1883154476867355
0,0,0.23567428422054895
0,0,0.21578054580664013
0,0,0.19973720676117726
0,0,0.18714084101140332
0,0,0.18589004004929766
0,0,0.17344665397000644
0,0,0.17228470388760048
0,0,0.2247584014235157
0,0,0.17566764433109314
0,0,0.16443108151834931
0,0,0.13152854570416722
0,0,0.14202568815303196
0,0,0.15306370764402405
0,0,0.1903182452492607
0,0,0.15317832035631893
0,0,0.13144780195457814
0,0,0.13699848540284085
0,0,0.1261119514239738
0,0,0.12633756108578356
0,0,0.15070003957426387
0,0,0.15003983802029938
0,0,0.11708087747411244
0,0,0.16251887968650394
0,0,0.16251887968650394
0,0,0.1287460082493395
1,0,0.14192008629126657
1,0,0.143461505391782
1,0,0.15895909128779442
1,0,0.1476588379015159
1,0,0.12763858716727905
1,0,0.11750347774428965
1,0,0.1352630638713018
1,0,0.13118033669772028
1,0,0.1057137956069281
1,0,0.08558805988199798
1,0,0.09947104068351358
1,0,0.1166401063505306
1,0,0.1264151974368523
1,0,0.11744441001083765
1,0,0.16719606089598707
1,0,0.22489609999838478
1,0,0.18585126798604612
1,0,0.19568621653685336
1,0,0.18574231424541285
1,0,0.19338270700208596
1,0,0.20428746698875744
1,0,0.2246501266410223
0,0,0.14283605231042806
0,0,0.13129068781987818
0,0,0.1577110471524642
0,0,0.14492310877922934
0,0,0.1938174406150359
0,0,0.16848060939897797
0,0,0.14909374668201708
0,0,0.15428114080950467
0,0,0.16767828264871248
0,0,0.20348888204348684
0,0,0.20044048732527192
1,0,0.11660967180347565
1,0,0.12117395645536527
1,0,0.16580074363667138
1,0,0.14176180484666262
1,0,0.13137563089863039
1,0,0.1485670207497055
1,0,0.1601015644027983
1,0,0.1555809318051992
1,0,0.14363842729638418
1,0,0.1423326162829534
1,0,0.19119004884321675
1,0,0.16683481709240966
1,0,0.1426413634196838
1,0,0.09264343115782323
1,0,0.16425964323117967
1,0,0.1479079473299811
1,0,0.10084613782442178
1,0,0.1396494159548798
1,0,0.13272328508393344
1,0,0.10613496802371841
1,0,0.15415556408915537
1,0,0.14832231478483127
1,0,0.17338222398606645
1,0,0.14332472631768975
1,0,0.15435560981851032
1,0,0.1375355880357803
1,0,0.1445913747772046
1,0,0.13672778018763845
1,0,0.1166209170766721
1,0,0.13553893770450512
1,0,0.2024436620550457
1,0,0.22547828230018208
1,0,0.2133203979507584
1,0,0.16247482107076844
1,0,0.20030743223319475
1,1,0.8443228401755174
1,1,0.8525179223811069
1,1,0.8351778654672214
1,1,0.8185092309427471
1,1,0.808269841665554
1,1,0.8166934513402095
1,1,0.7519129873489377
1,1,0.7822235109460773
1,1,0.7802874733534543
1,1,0.7814182816191281
1,1,0.7764720649016371
1,1,0.8673237169603777
1,1,0.825064722568625
1,1,0.835628349651246
1,1,0.8553351799385815
1,1,0.8565335351381566
1,1,0.8327589591222434
1,1,0.8661618817280307
1,1,0.7936333096162776
1,1,0.8462640882101625
1,1,0.8448555985957317
1,1,0.8353484069877348
1,1,0.8425650539566952
1,1,0.8227038500591256
1,1,0.8381166698355552
1,1,0.8530001269950677
1,1,0.8438350518639232
1,1,0.8374586698272763
1,1,0.8603305972215491
1,1,0.8442533339807302
1,1,0.846905054875477
1,1,0.8074001855278989
1,1,0.8266866545448355
1,1,0.8672530983532063
1,1,0.810318637461831
1,1,0.8134715324411879
1,1,0.8813684335028701
1,1,0.8767275611310028
1,1,0.8438910742332376
1,1,0.8560468999620859
1,1,0.8637445894850347
1,1,0.8317646290787125
1,1,0.8175281310108747
1,1,0.8343547238803634
0,1,0.7913365042406828
0,1,0.7212517316920694
0,1,0.603830356957482
0,1,0.6754729842805693
0,1,0.6572940752666312
0,1,0.6836942894343696
0,1,0.7235964734525716
0,1,0.6729011888430034
0,1,0.6517934977559069
0,1,0.6295685470380393
0,1,0.6305592544429386
0,0,0.1396546559657372
0,0,0.1435687059213729
0,0,0.12751226375485947
0,0,0.12871740244779828
0,0,0.11238110238241145
0,0,0.11774267684137685
0,0,0.1802894034336267
0,0,0.14244475695165054
0,0,0.12990821595950552
0,0,0.14372467358846946
0,0,0.144628539230433
0,0,0.14224092937917496
0,0,0.1522797748008314
0,0,0.15409124747294262
0,0,0.15884374572859747
0,0,0.17756714792662837
0,0,0.18126950180580412
0,0,0.16134413911078194
0,0,0.1967986674286042
0,0,0.20427364157190753
0,0,0.17829230470802507
0,0,0.1445222837334628
0,0,0.14759711589346122
0,0,0.09996472475768592
0,0,0.10900651243505825
0,0,0.1196466927523217
0,0,0.1120250025566112
0,0,0.09663180495246536
0,0,0.10472366126099147
0,1,0.8554857367772413
0,1,0.859187578861787
0,1,0.8633988213105388
0,1,0.8772043605952784
0,1,0.8784037961049189
0,1,0.8601839344994491
0,1,0.8402058507752534
0,1,0.8510526536851905
0,1,0.8778836999412973
0,1,0.8753475486722272
0,1,0.8673831670845067
1,1,0.8254912048432979
1,1,0.8286712442841074
1,1,0.8267723203194695
1,1,0.8185421750650366
1,1,0.8295747234135152
1,1,0.8313034042646649
1,1,0.8295867575167396
1,1,0.8335539862029796
1,1,0.8417455836331521
1,1,0.8491366895922231
1,1,0.8335153191837592
1,0,0.21363190977000948
1,0,0.235070561602986
1,0,0.20604002608186633
1,0,0.1839460125619232
1,0,0.1770486341839468
1,0,0.19925913376657817
1,0,0.20713676559053973
1,0,0.20279559774623268
1,0,0.15653525576920654
1,0,0.18850476318119117
1,0,0.17995991363937985
1,0,0.17776094889725574
1,0,0.16077887388366746
1,0,0.16606633287285416
1,0,0.18386798751249794
1,0,0.16562404206774886
1,0,0.1463229583346756
1,0,0.1515319977417301
1,0,0.13892076087530117
1,0,0.16101356087719101
1,0,0.17208790471984753
1,0,0.1667636253205732
1,0,0.17684425601988468
1,0,0.14071302227543692
1,0,0.16596591415326642
1,0,0.19614920884110476
1,0,0.17119464066924237
1,0,0.10242958963257609
1,0,0.11432271588411023
1,0,0.13530865852343543
1,0,0.12849882293598913
1,0,0.14335103152194006
1,0,0.1204314949740132
1,0,0.22486957053076165
1,0,0.13431819245798363
1,0,0.14152449125172206
1,0,0.12084633206666857
1,0,0.11430009933496944
1,0,0.11545370620900065
1,0,0.1076195851202804
1,0,0.12227417868415859
1,0,0.14588822292485376
1,0,0.14969730795864394
1,0,0.1413742582770597
1,0,0.1209597903783711
1,0,0.12511280722286952
1,0,0.1702051087330409
1,0,0.1726138169462435
1,0,0.13748795618503432
1,0,0.14795310285940544
1,0,0.1447364552718135
1,0,0.13034446591866147
1,0,0.15413514619168914
1,0,0.1558185567241111
1,0,0.14544980281855366
0,0,0.20793292353045703
0,0,0.24680398728355002
0,0,0.1832206980730463
0,0,0.22526676852010152
0,0,0.22551121883491432
0,0,0.16775879465746832
0,0,0.2139240198728218
0,0,0.19057756811978763
0,0,0.1781208499418822
0,0,0.1736649099288778
0,0,0.1571644922282375
0,0,0.3189906196923999
0,0,0.2293415662871102
0,0,0.20861153188040163
0,0,0.18991611866147182
0,0,0.18981985830265977
0,0,0.1910039117684697
0,0,0.22453354338356848
0,0,0.2112065742868454
0,0,0.23160429586462286
0,0,0.21673495662251796
0,0,0.24206758793973573
0,0,0.24068344534727648
0,0,0.21864189289009095
0,0,0.2403513899199058
0,0,0.27863826182092244
0,0,0.24906274558099661
0,0,0.2673739906027695
0,0,0.27693043684370994
0,0,0.24464812652088874
0,0,0.25192083279011845
0,0,0.2497479338710806
0,0,0.2329139439906449
0,0,0.2076482091887797
0,0,0.2436502664001297
0,0,0.2711030032421885
0,0,0.2607294140480693
0,0,0.2218061577025426
0,0,0.23112560292556775
0,0,0.25626686812701444
0,0,0.24857212759767708
0,0,0.19877331243833218
0,0,0.21408235253164268
0,0,0.20074176159235516
0,0,0.2305377012689586
0,0,0.30674375025089257
1,1,0.6524464391333694
1,1,0.6640051709123708
1,1,0.7038535940994829
1,1,0.6753216465064013
1,1,0.6607922666370287
1,1,0.6717379024966342
1,1,0.6211795832505228
1,1,0.6070111193603824
1,1,0.5841632621033586
1,1,0.608886145627581
1,1,0.6413993032357201
1,1,0.6272115601004051
1,1,0.654776720865107
1,1,0.6443271909047027
1,1,0.6289063140668857
1,1,0.6417607650124064
1,1,0.6651498244092128
1,1,0.635573151416339
1,1,0.638773513503442
1,1,0.6343466358995262
1,1,0.6520710462585569
1,1,0.6099343915383976
1,1,0.9188719368622023
1,1,0.8940211871675133
1,1,0.9021905942526685
1,1,0.8816569403077458
1,1,0.8098322990503786
1,1,0.8625462901507038
1,1,0.8586762598104387
1,1,0.8462942603763114
1,1,0.8799930437663614
1,1,0.8448505326195493
1,1,0.7060818252696369
1,1,0.7121394253250166
1,1,0.6815084034005473
1,1,0.6813981057162528
1,1,0.8347298545454734
1,1,0.8267160367332339
1,1,0.7380999402169169
1,1,0.6626300746144106
1,1,0.706253840054178
1,1,0.7031081212628717
1,1,0.6872345193129883
1,1,0.679269252619969
1,1,0.7216042923009244
1,1,0.7153636680923994
1,1,0.7968037973945006
1,1,0.774273557683469
1,1,0.803412306192365
1,1,0.7504724652351764
1,1,0.7640970274275056
1,1,0.8035370907561863
1,1,0.8066829554355176
1,1,0.8108700307218223
1,1,0.8331606327157473
0,0,0.16006230057979537
0,0,0.15021852361848242
0,0,0.16859877383430144
0,0,0.18105392810353763
0,0,0.18294811120229823
0,0,0.1946190591864547
0,0,0.2060248293985103
0,0,0.17749084589302902
0,0,0.20079216373126418
0,0,0.23765605480789673
0,0,0.1827393375091632
0,0,0.22329372008758452
0,0,0.23239660698520692
0,0,0.2341172352141568
0,0,0.23147025004877203
0,0,0.2830582250100433
0,0,0.24730096291863732
0,0,0.21522246107841667
0,0,0.18264134814603097
0,0,0.1563112731969497
0,0,0.16771557187172603
0,0,0.23962284967227976
0,0,0.19337923797364842
0,0,0.16441527147815235
0,0,0.2075700826585762
0,0,0.19792682077149323
0,0,0.21749469259907972
0,0,0.2059895401544936
0,0,0.20815772043990374
1,1,0.8436252708652843
1,1,0.8786094647489829
1,1,0.8049825255586057
1,1,0.7741490264257694
1,1,0.8487478489684317
1,1,0.8936391772203818
1,1,0.9224795598060244
1,1,0.9240609795108611
1,1,0.9027773668853426
1,1,0.9067492716111714
1,1,0.8910241790569353
1,1,0.6271399513908849
1,1,0.6682061206450931
1,1,0.622787740921667
1,1,0.7082985902035246
1,1,0.6939510794489654
1,1,0.6720791918108483
1,1,0.6774956386754846
1,1,0.6757655494550276
1,1,0.6335381591875127
1,1,0.6362347561301356
1,1,0.5994707551250484
0,0,0.1437598003658547
0,0,0.2029064625416292
0,0,0.22558563647599394
0,0,0.21885499638093237
0,0,0.24856499368316712
0,0,0.23723611361020672
0,0,0.21926475987019672
0,0,0.21010382312005307
0,0,0.17557873069236876
0,0,0.16591892756439694
0,0,0.17705294308923086
0,0,0.19464285597550263
0,0,0.18730449380896894
0,0,0.19815079095763516
0,0,0.19097421287911476
0,0,0.21535329189743202
0,0,0.20279290954930043
0,0,0.18000674793038438
0,0,0.17249357588414213
0,0,0.20818725085454332
0,0,0.23313640722355244
0,0,0.24598108682641212
0,0,0.23418104697099776
0,0,0.23104992279667017
0,0,0.2600486105835868
0,0,0.2338479304604325
0,0,0.22027088075675233
0,0,0.2240399562052631
0,0,0.24411032073649397
0,0,0.20975353280878495
0,0,0.23860639391699226
0,0,0.2307284966062443
0,0,0.23021062708641174
0,0,0.3651380869539297
0,0,0.2878764814683867
0,0,0.2470725815791127
0,0,0.2909090066686839
0,0,0.3068455391062411
0,0,0.27648826422973727
0,0,0.2924030217523335
0,0,0.3166423358485289
0,0,0.30119079925032294
0,0,0.2596661396713175
0,0,0.3112738825493463
0,0,0.3149630647614189
0,0,0.3399025103993584
0,0,0.3225976266504064
0,0,0.3287929724603643
0,0,0.3106153353487145
0,0,0.315734205825005
0,0,0.20562213222134493
0,0,0.23460625574781094
0,0,0.20951227301968392
0,0,0.216738883703195
0,0,0.21036832166940095
0,0,0.18096405294818443
0,0,0.24821562146965598
0,0,0.25930648294761527
0,0,0.2267982277446791
0,0,0.22479111203208985
0,0,0.2338871115611298
0,0,0.23110781578374173
0,0,0.2476168655643596
0,0,0.24708719066441212
0,0,0.2217047033260624
0,0,0.2325429785273859
0,0,0.22339437476752302
0,0,0.20001958086134716
0,0,0.20346675251690294
0,0,0.24329184359910475
0,0,0.237592272716786
0,0,0.20628054279391705
0,0,0.16568571352826925
0,0,0.18581918160217462
0,0,0.1812732867611369
0,0,0.1401121298059453
0,0,0.165022344409596
0,0,0.20505036937074356
0,0,0.14368578624392164
0,0,0.18080673595263463
0,0,0.18760434525179798
0,0,0.20435832799253276
0,0,0.234696861737545
0,0,0.24517564503944708
0,0,0.30260408899829827
0,0,0.2436595748121254
0,0,0.25464891621733954
0,0,0.26285679806491613
0,0,0.19558469782809532
0,0,0.23944384521517556
0,0,0.17176184558301127
0,0,0.17129258597582842
0,0,0.19763371316151193
0,0,0.18777568546161202
0,0,0.23211442348244474
0,0,0.20431013574170948
0,0,0.17858312229246776
0,0,0.21552293539928707
0,0,0.24485554016746303
0,0,0.20217170078605434
0,0,0.19802276886669265
1,1,0.570574910158223
1,1,0.586445169703427
1,1,0.5940972624007907
1,1,0.5621803171018294
1,1,0.5997852457119501
1,1,0.6079313936221518
1,1,0.6376113874056272
1,1,0.6321663426604942
1,1,0.6376105443139426
1,1,0.6376250293107141
1,1,0.6614666028881989
1,0,0.4754095796989851
1,1,0.6062282103007454
1,1,0.5785356018334773
1,1,0.5602765932188577
1,1,0.6138768924772422
1,1,0.6190095932176355
1,1,0.5825482466245631
1,1,0.6060580528211106
1,1,0.6092080411694346
1,1,0.6125035395918565
1,1,0.5915839477359441
1,1,0.7209249561248159
1,1,0.8111348760139516
1,1,0.8080132979059278
1,1,0.8576319267516799
1,1,0.8637422735540552
1,1,0.819984564995039
1,1,0.8026532545107343
1,1,0.7962987398669352
1,1,0.7711518594334749
1,1,0.7977990803226586
1,1,0.7619910694071794
1,1,0.5320844349607655
1,1,0.620848076765839
1,1,0.6152621459568125
1,1,0.6286372132425582
1,1,0.6126673278885224
1,1,0.5971814752441624
1,1,0.6431821212869315
1,1,0.5940262625091334
1,1,0.6492037061901571
1,1,0.6269544683591818
1,1,0.6169121013686093
1,1,0.6303741961870845
1,1,0.6179946156642265
1,1,0.6346561260075996
1,1,0.5288488781759022
1,1,0.5931684746297956
1,1,0.6861425508064407
1,1,0.7682868964448228
1,1,0.8000763824736645
1,1,0.7401020822814265
1,1,0.7123308235398161
1,1,0.7460167105901477
0,0,0.16806288120376842
0,0,0.18444684819958138
0,0,0.2368085753584527
0,0,0.25835262156962563
0,0,0.20002515960200204
0,0,0.18793729595987327
0,0,0.18707052345134353
0,0,0.22696700497415798
0,0,0.24192698244383826
0,0,0.18746890304093525
0,0,0.18514573343454496
0,0,0.19003703632854074
0,0,0.18526651813225345
0,0,0.19210729435208174
0,0,0.18715275248241725
0,0,0.21374394864168397
0,0,0.1904994421620621
0,0,0.18611150624732978
0,0,0.18904671644458343
0,0,0.16349334079705696
0,0,0.1399348114998442
0,0,0.13717337563885565
0,0,0.15176051400046936
0,0,0.11660424930277219
0,0,0.10904834163290772
0,0,0.12720731258755474
0,0,0.16589735307037973
0,0,0.13365846975212414
0,0,0.12935260698247517
1,1,0.6429813361208927
1,1,0.5817443681830721
1,1,0.6135130407693545
1,1,0.6164204207389655
1,1,0.5923661513501159
1,1,0.6142521475838828
1,1,0.6032310612694467
1,1,0.594856765605486
1,1,0.5980820836170035
1,1,0.6300624391813203
1,1,0.6211436418026339
1,1,0.6413398886722784
1,1,0.6806594424497127
1,1,0.6771305660403536
1,1,0.6426240026358307
1,1,0.6139584990824716
1,1,0.6241875161891118
1,1,0.6326025624344278
1,1,0.6856812025863988
1,1,0.676221089180267
1,1,0.5863234878916772
1,1,0.608554738377999
1,0,0.18208078482384032
1,0,0.1916037900977854
1,0,0.20050279988336273
1,0,0.16604659069321318
1,0,0.15577572474397547
1,0,0.22562887911555407
1,0,0.2070118836619019
1,0,0.2023089265397002
1,0,0.18270624668390414
1,0,0.19066669278158926
1,0,0.20697180856034847
1,0,0.17549974049165215
1,0,0.12556094982429344
1,0,0.19167443695618405
1,0,0.1986600849116371
1,0,0.16884517693376805
1,0,0.1633874737923274
1,0,0.18245133134587374
1,0,0.17804581335187009
1,0,0.19361417150606366
1,0,0.1317529010272508
1,0,0.13479306077958994
1,0,0.1443478036676119
1,0,0.181584144089093
1,0,0.20295541370757583
1,0,0.17780961612278
1,0,0.17301077706102608
1,0,0.19392203220565796
1,0,0.2318457980056313
1,0,0.20970520433228299
1,0,0.20584452991271554
1,0,0.17773043303716043
1,0,0.1928064397941304
1,0,0.13881965661946566
1,0,0.1709490241187887
1,0,0.1559538807793887
1,0,0.18434384970375745
1,0,0.19623848426707619
1,0,0.21012887560943339
1,0,0.20823863971572373
1,0,0.18959325332806792
1,0,0.21144640750351928
1,0,0.20901897195113037
1,0,0.19761476092622188
1,0,0.15998550593513922
1,0,0.17902223715312116
1,0,0.20126089875524555
1,0,0.16892296659649172
1,0,0.1871658246927665
1,0,0.17947378591655633
1,0,0.1985964717106554
1,0,0.14870732958509147
1,0,0.15360821262137256
1,0,0.1941728562927743
1,0,0.2001832338174954
0,0,0.1920482850935244
0,0,0.22220289283603506
0,0,0.23294027192430672
0,0,0.23965495676511867
0,0,0.26995723368728836
0,0,0.26664395524025
0,0,0.2570685395586051
0,0,0.24303379931818153
0,0,0.2526975510178556
0,0,0.27145327561768956
0,0,0.2570728584311654
0,0,0.1386107219532166
0,0,0.15910891379045414
0,0,0.1601630498304512
0,0,0.19685723215621775
0,0,0.17783993946280627
0,0,0.15390164625462108
0,0,0.184453737966691
0,0,0.15107396338043533
0,0,0.15568554718812208
0,0,0.1432732258253938
0,0,0.1546003687236646
0,0,0.15929495501274674
0,0,0.1397776393316037
0,0,0.15241157204985253
0,0,0.19574248708626685
0,0,0.21564023116564499
0,0,0.24129029472097266
0,0,0.27657297751498217
0,0,0.2403137840404892
0,0,0.19959916357800156
0,0,0.21334651546045735
0,0,0.21435927668096688
0,0,0.24288489153939086
0,0,0.2833677345176535
0,0,0.24710583887864077
0,0,0.24315897656186158
0,0,0.1714893990674537
0,0,0.17725413707087473
0,0,0.22102308900740628
0,0,0.20928409792687167
0,0,0.17471083255437128
0,0,0.2488072708216609
0,0,0.25268162733957744
0,0,0.26505921547134914
0,0,0.24677812437373262
0,1,0.631384946695889
0,1,0.5066798528691505
0,1,0.53615557085311
0,1,0.5715068129366511
0,1,0.5494353052202836
0,1,0.6161648352486554
0,1,0.6730849249726496
0,1,0.6933009583732072
0,1,0.6667127699875958
0,1,0.6189220399722437
0,1,0.6525344200194602
0,1,0.8040710317412608
0,1,0.7461707817266208
0,1,0.7684289593094056
0,1,0.7474342071992577
0,1,0.8068775503616306
0,1,0.8050270127230958
0,1,0.7906484338877645
0,1,0.820343982885101
0,1,0.8436352396765288
0,1,0.795588264478649
0,1,0.8179737013774881
1,1,0.7950568717065027
1,1,0.7958237445721662
1,1,0.8263189853358286
1,1,0.8055644811538003
1,1,0.7665523113695275
1,1,0.7348263304264089
1,1,0.7361373640122659
1,1,0.7447623492196419
1,1,0.7319214396113196
1,1,0.7411801265064146
1,1,0.7240695883299124
0,1,0.7853027490997239
0,1,0.7765242709086373
0,1,0.8997230876007543
0,1,0.8972182944392431
0,1,0.8721795065829613
0,1,0.8857255741500443
0,1,0.7636594112189321
0,1,0.7561138516306609
0,1,0.7611282832498688
0,1,0.7800805896317143
0,1,0.8499155402378282
1,1,0.7681547403446752
1,1,0.7715340022501782
1,1,0.760786545196726
1,1,0.7615384756263361
1,1,0.7838885708079505
1,1,0.7779981806125335
1,1,0.8059528917502147
1,1,0.8768967283929119
1,1,0.8429760381639126
1,1,0.8460426071228792
1,1,0.8364829742679929
0,0,0.21584586482278073
0,0,0.17379298349094277
0,0,0.183669156875983
0,0,0.17834078539047482
0,0,0.20022353905554258
0,0,0.19244640654881348
0,0,0.1824884162057172
0,0,0.21565983839741848
0,0,0.15914345321416273
0,0,0.1913445315265484
0,0,0.1862505480119507
0,0,0.1728655654001784
0,0,0.14399274810043078
0,0,0.14949856009379045
0,0,0.18091935519559538
0,0,0.12741290617568835
0,0,0.1482543843213163
0,0,0.1424322447166434
0,0,0.1523783351915323
0,0,0.18132353708103677
0,0,0.16442200068684848
0,0,0.1897068765406184
0,0,0.16123282258516172
0,0,0.16348094821236206
0,0,0.18613508087080685
0,0,0.18126275932795025
0,0,0.2092415488631263
0,0,0.20118424866767565
0,0,0.16516544086222176
0,1,0.8175199624254539
0,1,0.8108276989169996
0,1,0.8243444587754477
0,1,0.8773650655570145
0,1,0.8844523061844791
0,1,0.8737810291398626
0,1,0.8869896052924865
0,1,0.8980123086513153
0,1,0.8990211157683946
0,1,0.7866739722165882
0,1,0.7438539826129056
1,1,0.8326102754525933
1,1,0.8293667545647303
1,1,0.7591330533461861
1,1,0.8631716603702471
1,1,0.8564373194608165
1,1,0.8585721891540511
1,1,0.838183360608714
1,1,0.8694191179557762
1,1,0.853026675129254
1,1,0.8368452379970396
1,1,0.8372456681200056
0,0,0.2755814511584597
0,0,0.3086613393536045
0,0,0.3166498868914479
0,0,0.26576522364951355
0,0,0.3080969618157553
0,0,0.27866404645880677
0,0,0.27450470907085667
0,0,0.269169583894463
0,0,0.26332581253112947
0,0,0.24074952290640816
0,0,0.22574897820277118
0,0,0.24737941885621137
0,0,0.28217748588113206
0,0,0.28270129795359594
0,0,0.2506896746838534
0,0,0.2598170978241587
0,0,0.25472106321573074
0,0,0.2558265452707731
0,0,0.24335615677411734
0,0,0.27401778901512025
0,0,0.277296777158664
0,0,0.27833706428743926
0,0,0.23968479641103727
0,0,0.28791216788944085
0,0,0.2612796752444167
0,0,0.23749890260460282
0,0,0.22993246097304795
0,0,0.24434878207290783
0,0,0.2547368984401739
0,0,0.2820903265201979
0,0,0.26401022984954614
0,0,0.332044546305728
0,0,0.28946253265775296
0,0,0.19815466042692062
0,0,0.23485067021304734
0,0,0.2320831879489312
0,0,0.24800324836417992
0,0,0.22740203448574936
0,0,0.24830629951947852
0,0,0.23741202792540647
0,0,0.21906945057833313
0,0,0.2207775956650364
0,0,0.2369363861240908
0,0,0.21106000508944853
0,0,0.18269245044219926
0,0,0.2103037913212792
0,0,0.1976804747694567
0,0,0.18265032050724803
0,0,0.18212613123986454
0,0,0.17804965915713367
0,0,0.21300661715806884
0,0,0.18908834754405393
0,0,0.2203581464855278
0,0,0.23052042623180813
0,0,0.21070637496714661
0,0,0.2821899121738789
0,0,0.30752717102902927
0,0,0.2201046296016141
0,0,0.2693780274045098
0,0,0.27294651758746147
0,0,0.2635490679482268
0,0,0.26120799967749553
0,0,0.2261269130251755
0,0,0.22286528892854465
0,0,0.2810183620153453
0,0,0.30590947928255763
0,0,0.2676724159821369
0,0,0.26665909549382594
0,0,0.2187271586219052
0,0,0.2051537435020524
0,0,0.21315784007736827
0,0,0.20438117177458465
0,0,0.2075426083478183
0,0,0.16930133770588604
0,0,0.1332376914219843
0,0,0.12543993569245523
0,0,0.11444668145325165
0,0,0.13500274475914092
0,0,0.17001132803538674
0,0,0.14431737243378734
0,0,0.19853340641320869
0,0,0.24449246565432056
0,0,0.24741814367948758
0,0,0.15138803122479977
0,0,0.13999547059309012
0,0,0.18632841619230012
0,0,0.17646330716837968
0,0,0.19977348285551794
0,0,0.2260500292327437
0,0,0.24845611212010588
0,0,0.2682522871948456
0,0,0.2588802324522214
0,0,0.28230751941443055
0,0,0.3097067799472808
0,0,0.3142845971590253
0,0,0.27652265534542336
0,0,0.27683764812347195
0,0,0.2636076741187539
0,0,0.34374745082402514
0,0,0.27995740992365215
0,0,0.26968653751773186
1,1,0.924421793041219
1,1,0.9206022473054108
1,1,0.9110842095448198
1,1,0.8706484033019416
1,1,0.8681537819174331
1,1,0.8751286664457706
1,1,0.859888169721279
1,1,0.8380350627947533
1,1,0.8567136145036287
1,1,0.8201985250510999
1,1,0.8027207375164209
1,1,0.874939207170442
1,1,0.8859977429603699
1,1,0.876125203985753
1,1,0.8795100361755718
1,1,0.8808452694601827
1,1,0.7856891233474893
1,1,0.8018925913715337
1,1,0.7804845192652933
1,1,0.7545203756018748
1,1,0.7298735034736766
1,1,0.7438653828916795
1,1,0.8368307941179952
1,1,0.8017409393877353
1,1,0.838166380075486
1,1,0.8485608017985793
1,1,0.8871404810543575
1,1,0.9050415947415538
1,1,0.896729021822965
1,1,0.9215496786911023
1,1,0.8943826253536816
1,1,0.9172983184482995
1,1,0.9131058092399996
1,1,0.8245176355700546
1,1,0.8164675223190484
1,1,0.7822039661648804
1,1,0.7815210382154093
1,1,0.7549843015668877
1,1,0.805568616676037
1,1,0.8508575021727894
1,1,0.8238415563285951
1,1,0.844742333363006
1,1,0.8630648629876306
1,1,0.8883696357793828
1,1,0.8894782820979976
1,1,0.8811495150564634
1,1,0.8591850769686954
1,1,0.8709402400248882
1,1,0.8763651520900022
1,1,0.8947631412461423
1,1,0.8944571828006995
1,1,0.9011118796517356
1,1,0.8553451130525639
1,1,0.8360437094285109
1,1,0.8679942734803662
0,0,0.34524093674569545
0,0,0.35979545129102236
0,0,0.3597037633225525
0,0,0.3262813104670447
0,0,0.3154593126837987
0,0,0.33255804593287414
0,0,0.3173622201800375
0,0,0.3358435574507386
0,0,0.3410669349010007
0,0,0.3470362666156154
0,0,0.32479933065905475
0,0,0.30971707786227964
0,0,0.3528043700082466
0,0,0.3754003954518494
0,0,0.3618248562474981
0,0,0.37348097646710704
0,0,0.3138149811889158
0,0,0.30802066297006514
0,0,0.2738498551459737
0,0,0.3044221404906166
0,0,0.3675243211302907
0,0,0.3714951400452647
0,0,0.34855336465324427
0,0,0.39016200478212576
0,0,0.36727107102619394
0,0,0.3759909340310215
0,0,0.3498379553748972
0,0,0.37770691366812104
0,0,0.3609332287700291
1,1,0.8600293607900923
1,1,0.868035415914031
1,1,0.8009721399107416
1,1,0.7853893026003347
1,1,0.9103997045318445
1,1,0.8967757501213779
1,1,0.8911680616197054
1,1,0.924265609020317
1,1,0.9036478048897808
1,1,0.9007605143983156
1,1,0.8696755752913128
1,1,0.8468470566352738
1,1,0.8456126044534031
1,1,0.851452957494526
1,1,0.8262270893753909
1,1,0.7884373759061666
1,1,0.7637078736467047
1,1,0.7657123910245918
1,1,0.7727050947732494
1,1,0.7578059608967319
1,1,0.793295970969707
1,1,0.7718559727637482
0,0,0.28364959152295566
0,0,0.2387139182641576
0,0,0.25307436475906103
0,0,0.2447902942241371
0,0,0.23658584168141086
0,0,0.24822401612244824
0,0,0.251897476738292
0,0,0.264437978339402
0,0,0.270036779943172
0,0,0.2750826136663671
0,0,0.2416224994631293
0,0,0.2362762564542034
0,0,0.2088320090831487
0,0,0.2530952100791838
0,0,0.23168515855237565
0,0,0.26071211496081903
0,0,0.2507901778592001
0,0,0.2605658969607583
0,0,0.25497222790429963
0,0,0.24530709330802977
0,0,0.2837539246667845
0,0,0.24839372906998983
0,0,0.24222937453791515
0,0,0.28802869331865116
0,0,0.23213420682018587
0,0,0.21857305689053175
0,0,0.2455919211404959
0,0,0.2133311652018333
0,0,0.23287485036394048
0,0,0.1957888500110933
0,0,0.2122042499185695
0,0,0.25320502834990405
0,0,0.25737062414861567
1,0,0.27256396255193516
1,0,0.29190957447177285
1,0,0.2718394348467072
1,0,0.2825560506078168
1,0,0.2312630387286614
1,0,0.2564146833510055
1,0,0.3066197425231515
1,0,0.34918905780165665
1,0,0.31803242432933626
1,0,0.3151838763189496
1,0,0.3046805970140486
1,0,0.24319668808149936
1,0,0.26095568802427155
1,0,0.29185726922791594
1,0,0.3251577069723242
1,0,0.3960705666761013
1,0,0.34477491490400247
1,0,0.30437760600040725
1,0,0.30088997706947346
1,0,0.3148478798428009
1,0,0.3062522658828501
1,0,0.3454856548827436
0,0,0.22558471501884766
0,0,0.18453773452851827
0,0,0.18352844438805996
0,0,0.25274119656229294
0,0,0.20607834620157248
0,0,0.21830480171975386
0,0,0.22509592178719146
0,0,0.22278583656458864
0,0,0.20622029548743984
0,0,0.2341384524349497
0,0,0.21276532325539566
0,0,0.26301673317600766
0,0,0.16864882120823224
0,0,0.174034894504205
0,0,0.1939860721185363
0,0,0.19420062974023203
0,0,0.20938478989590578
0,0,0.2609403687677492
0,0,0.247319442612508
0,0,0.22055399461935885
0,0,0.21049600096156168
0,0,0.23340873836063789
0,0,0.24809700491570083
0,0,0.22915465135307747
0,0,0.2352863520816891
0,0,0.22534112742842802
0,0,0.17175645283093413
0,0,0.18107644725888167
0,0,0.17146906416559446
0,0,0.17304468529233447
0,0,0.17603625044480567
0,0,0.18528785494688266
0,0,0.17176683274572244
0,0,0.2056572608773057
0,0,0.1904941143037492
0,0,0.19459182840091274
0,0,0.2438296084448556
0,0,0.22153740488854445
0,0,0.17899936668068675
0,0,0.20255179005356885
0,0,0.17792437536162226
0,0,0.18509007432792768
0,0,0.18852176591527928
0,0,0.17853294040712334
0,0,0.1897162805358617
0,0,0.21571718002911083
1,1,0.5548472187891441
1,1,0.5436247249665402
1,1,0.5709121638875988
1,1,0.5541576115093227
1,1,0.5211555106706228
1,1,0.5336223138883044
1,1,0.5004795851462602
1,1,0.5059067904718187
1,0,0.43073962481319505
1,0,0.4909279039507865
1,1,0.5279048957588661
1,1,0.7714485267176403
1,1,0.7593261768535409
1,1,0.6336544802708857
1,1,0.7863682083094692
1,1,0.7761415516442491
1,1,0.6965928352084555
1,1,0.698254356274029
1,1,0.7675005299989749
1,1,0.7021082648003759
1,1,0.6991031131582571
1,1,0.7580196626862373
1,1,0.7650898909700556
1,1,0.7720594825372769
1,1,0.7888840360510622
1,1,0.7953765610631257
1,1,0.7974978819268618
1,1,0.7882554367438682
1,1,0.7307753068645394
1,1,0.7764699957077744
1,1,0.8097668448449629
1,1,0.7638347463859013
1,1,0.6020395753297625
1,1,0.7558329615024398
1,1,0.7339193221663113
1,1,0.7517490302249084
1,1,0.6634324910248107
1,1,0.5245071948936405
1,1,0.5376016108048671
1,1,0.6884387054649559
1,1,0.709755056967148
1,1,0.7062125627976162
1,1,0.7188104444064911
1,1,0.6604897773007669
1,1,0.7143511246398616
1,1,0.7212408611185716
1,1,0.7484197829012986
1,1,0.8210865292792
1,1,0.8324030573528982
1,1,0.7934198991306514
1,1,0.7651824242453816
1,1,0.7590955372136609
1,1,0.7250013133494569
1,1,0.7637023122884645
1,1,0.7272071782224283
0,0,0.27601411208155413
0,0,0.2403889626309402
0,0,0.23341561342901113
0,0,0.21776820638040356
0,0,0.16084458432247634
0,0,0.17047401050862973
0,0,0.20014841121709662
0,0,0.15335947957692225
0,0,0.16781478798239757
0,0,0.18623268583620245
0,0,0.16382937294563477
0,0,0.1704811189665352
0,0,0.15905981684297696
0,0,0.14205397376538945
0,0,0.14018862419837919
0,0,0.14484775623201585
0,0,0.12209562038612852
0,0,0.11876557514552046
0,0,0.11674156945855081
0,0,0.14717804938040782
0,0,0.15426252161411955
0,0,0.2003364845426104
0,0,0.1535270728905194
0,0,0.16645512423437267
0,0,0.1628777899831662
0,0,0.1585887528793334
0,0,0.13313164573884945
0,0,0.12685655260448905
0,0,0.15762690901698076
1,1,0.7569166903554515
1,1,0.7886566207968522
1,1,0.7667187465833769
1,1,0.7700046230301726
1,1,0.7680137810270373
1,1,0.7842160328659566
1,1,0.7932873018994117
1,1,0.7720965335944829
1,1,0.785060999089518
1,1,0.7803869741981616
1,1,0.7371305372471205
1,1,0.7138145062035214
1,1,0.714290336834233
1,1,0.6384149272266336
1,1,0.6828359458748819
1,1,0.7041718762724928
1,1,0.6736639276470899
1,1,0.6401700032781811
1,1,0.7636395212034927
1,1,0.6818811603783071
1,1,0.7206491634708541
1,1,0.7386461000875891
0,0,0.20548428028988883
0,0,0.22693576336796162
0,0,0.2922646926994464
0,0,0.2544097693655779
0,0,0.2264808419470155
0,0,0.24725849259003366
0,0,0.2799301228314605
0,0,0.28571666338723367
0,0,0.24567908371863972
0,0,0.23343812380778356
0,0,0.24178662033408144
0,0,0.24407674749857325
0,0,0.24655841022360447
0,0,0.20423642406274423
0,0,0.21308365471727483
0,0,0.2288385326013059
0,0,0.24151708879140063
0,0,0.2548593110142669
0,0,0.2814134914686266
0,0,0.23916914861111438
0,0,0.25649443204582434
0,0,0.23507857290852943
0,0,0.2601905878440967
0,0,0.2469497737953652
0,0,0.18100729027018572
0,0,0.19228036417482516
0,0,0.19426489952024142
0,0,0.18174310662236265
0,0,0.1901144503627018
0,0,0.21951450871884892
0,0,0.1711190764356746
0,0,0.18990254148483626
0,0,0.19851696897852023
0,0,0.18005885201336372
0,0,0.18809602036722167
0,0,0.21943453606923377
0,0,0.22717040179552153
0,0,0.21556459657945953
0,0,0.2375291060869686
0,0,0.22122788111936656
0,0,0.23509080228543972
0,0,0.2326479225278633
0,0,0.23746979111987204
0,0,0.24428221931161162
0,0,0.23124053786754725
0,0,0.216800367921079
0,0,0.16964645702346265
0,0,0.2002228804932845
0,0,0.22926514472160836
0,0,0.2548541629062171
0,0,0.27612111008343176
0,0,0.27685222117902347
0,0,0.250081623186388
0,0,0.25316852342078444
0,0,0.25836549465210923
0,0,0.40953007717979256
0,0,0.4028182841912358
0,0,0.4028182841912358
0,0,0.4028182841912358
0,0,0.3984718522706081
0,0,0.4028182841912358
0,0,0.3984718522706081
0,0,0.39787228195000374
0,0,0.41091654334959465
0,0,0.40480205806113995
0,0,0.4003096963283786
0,0,0.4201628978259121
0,0,0.4240325890161335
0,0,0.4226714856887693
0,0,0.4226714856887693
0,0,0.4226714856887693
0,0,0.4003096963283786
0,0,0.3959632644077509
0,0,0.41407885973243047
0,0,0.4167622958433689
0,0,0.4226714856887693
0,0,0.4115702718695733
0,0,0.4072238399489456
0,0,0.4072238399489456
0,0,0.4072238399489456
0,0,0.4201628978259121
0,0,0.4158164659052844
0,0,0.3959632644077509
0,0,0.3959632644077509
0,0,0.4010146597387203
0,0,0.4115702718695733
0,0,0.4201628978259121
0,0,0.4115702718695733
0,0,0.4115702718695733
0,0,0.40762105963753986
0,0,0.4097324278118028
0,0,0.41721593635183957
0,0,0.4196075444609432
0,0,0.4072238399489456
0,0,0.4097324278118028
0,0,0.40762105963753986
0,0,0.4051124717746827
0,0,0.4072238399489456
0,0,0.4072238399489456
0,0,0.4072238399489456
0,0,0.4097324278118028
0,0,0.40480205806113995
0,0,0.4004556261405123
0,0,0.4004556261405123
0,0,0.40349129605804684
0,0,0.4004556261405123
0,0,0.4028182841912358
0,0,0.3959632644077509
0,0,0.4003096963283786
0,0,0.4003096963283786
0,0,0.4066007437964915
0,0,0.4066007437964915
0,0,0.4004556261405123
0,0,0.40480205806113995
0,0,0.4004556261405123
0,0,0.4004556261405123
0,0,0.3984718522706081
0,0,0.404238085745768
0,0,0.40349129605804684
0,0,0.4004556261405123
0,0,0.3984718522706081
0,0,0.4004556261405123
0,0,0.4089327694796905
0,0,0.4078377279786745
0,0,0.4457552050908594
0,0,0.41909830351986904
0,0,0.4697582945834521
0,0,0.4266355782849919
0,0,0.4115138510496967
0,0,0.4139512654280717
0,0,0.41091654334959465
0,0,0.406570111428967
0,0,0.4004556261405123
0,0,0.4169869353456061
0,0,0.40349129605804684
0,0,0.40349129605804684
0,0,0.4697582945834521
0,0,0.4697582945834521
0,0,0.4023646436827651
0,0,0.40480205806113995
0,0,0.4004556261405123
0,0,0.4003096963283786
0,0,0.4003096963283786
0,0,0.4003096963283786
0,0,0.40480205806113995
0,0,0.4139512654280717
0,0,0.40945890369531035
0,0,0.40945890369531035
0,0,0.40409215593363434
0,0,0.4003096963283786
0,0,0.3959632644077509
0,0,0.4028182841912358
0,0,0.3984718522706081
0,0,0.4004556261405123
0,0,0.4028182841912358
0,0,0.3984718522706081
0,0,0.4342904271336149
0,0,0.4226714856887693
0,0,0.40762105963753986
0,0,0.40945890369531035
0,0,0.3959632644077509
0,0,0.4003096963283786
0,0,0.3955659997573692
0,0,0.40480205806113995
0,0,0.40727375566330243
0,0,0.40727375566330243
0,0,0.42998162482317903
0,0,0.4501544775225903
0,0,0.4139512654280717
0,0,0.40480205806113995
0,0,0.4028182841912358
0,0,0.4064241816168333
0,0,0.40762105963753986
0,0,0.41606263360233464
0,0,0.41909830351986904
0,0,0.47890750195038384
0,0,0.47890750195038384
0,0,0.4147518715992414
0,0,0.4808938689790107
0,0,0.47878250080474793
0,0,0.40349129605804684
0,0,0.4004556261405123
0,0,0.4004556261405123
0,0,0.4004556261405123
0,0,0.4696332934378162
0,0,0.40960483350744403
0,0,0.404238085745768
0,0,0.43627420100351905
0,0,0.43930987092105345
0,0,0.411716201681707
0,0,0.40762105963753986
0,0,0.40762105963753986
0,0,0.4169869353456061
0,0,0.4697582945834521
0,0,0.4169869353456061
0,0,0.41909830351986904
0,0,0.40480205806113995
0,0,0.411716201681707
0,0,0.41407885973243047
0,0,0.40480205806113995
0,0,0.4078377279786745
0,0,0.47341575304307193
0,0,0.4697582945834521
0,0,0.4697582945834521
0,0,0.4620276472367174
0,0,0.4004556261405123
0,0,0.4139512654280717
0,0,0.40349129605804684
0,0,0.4078377279786745
0,0,0.4078377279786745
0,0,0.40480205806113995
0,0,0.4004556261405123
0,0,0.4139512654280717
0,0,0.4169869353456061
0,0,0.4696332934378162
0,0,0.40349129605804684
0,0,0.4004556261405123
0,0,0.4004556261405123
0,0,0.4696332934378162
0,0,0.45768121531608974
0,0,0.40727375566330243
0,0,0.40349129605804684
0,0,0.40349129605804684
0,0,0.4301481976290372
0,0,0.4004556261405123
0,0,0.4004556261405123
0,0,0.4697582945834521
0,0,0.4697582945834521
0,0,0.4697582945834521
0,0,0.3750602128864957
0,0,0.22647934142272322
0,0,0.25343164474559005
0,0,0.2654397483936991
0,0,0.2861582577855691
0,0,0.2196095482067273
0,0,0.1865388972261778
0,0,0.18259858723578476
0,0,0.2227081658286458
0,0,0.22371033479420746
0,0,0.20098374665826566
1,0,0.19785984668062256
1,0,0.19547201727192462
1,0,0.21274154000373988
1,0,0.16321238877310812
1,0,0.18317889871285195
1,0,0.2041208327640303
1,0,0.20479783682229408
1,0,0.2406293848313613
1,0,0.24424913787574357
1,0,0.24372066212638147
1,0,0.30207061488042614
1,0,0.28400868973293764
1,0,0.2564011093377348
1,0,0.2254159563716345
1,0,0.20510672670383578
1,0,0.21581309899058518
1,0,0.25754858292186167
1,0,0.27612017217093565
1,0,0.2344126090550322
1,0,0.27399440215850257
1,0,0.32773477094672954
1,0,0.31140081770905625
1,0,0.2518017840489488
1,0,0.1919190538686502
1,0,0.19958913645131374
1,0,0.18770802517022173
1,0,0.22004823093188
1,0,0.21066172298805966
1,0,0.22181039803708263
1,0,0.1872770519901631
1,0,0.19904802957531306
1,0,0.27192969292904945
1,0,0.28068817183074335
1,0,0.18782120988604423
1,0,0.20804924505047379
1,1,0.6535524564550282
1,1,0.6995689099144223
1,1,0.6593049480790686
1,1,0.6433970232262465
1,1,0.6132153544789619
1,1,0.6606540031511391
1,1,0.5949288984226179
1,1,0.6067846478253651
1,1,0.5852581762149341
1,1,0.6019967786541663
1,1,0.5609015503459666
1,1,0.7013912772896608
1,1,0.5689210827241429
1,1,0.6593411373071523
1,1,0.6439368555298245
1,1,0.5629490795097652
1,0,0.4795837290095172
1,1,0.5469273897846201
1,0,0.43351911977351015
1,1,0.5946179692642499
1,1,0.6155564520165128
1,1,0.5987253147291295
1,1,0.6661163018072125
1,1,0.6961656964474504
1,1,0.6336939268369111
1,1,0.5960345811709273
1,1,0.5960354365778303
1,1,0.5603003915743725
1,1,0.6478681395845328
1,1,0.6389426245373317
1,1,0.6318813960723252
1,1,0.5616923786401863
1,1,0.5582318051155865
1,1,0.5923495843721786
1,1,0.5585185926545384
1,1,0.5258985429675588
1,0,0.47279669555758985
1,1,0.5635165383163834
1,1,0.5866141156610628
1,1,0.6175385522738026
1,0,0.477866467633599
1,1,0.5349510899044538
1,0,0.4556731853341311
1,0,0.3978760213248077
1,1,0.6811768493432566
1,1,0.5530496513703358
1,1,0.5639449722012126
1,1,0.547548199243166
1,1,0.5071157839774355
1,1,0.5547127294005579
1,1,0.5852870094508179
1,1,0.5692914420873382
1,1,0.5678659526246617
1,1,0.6247269626500258
1,1,0.5605454549636597
0,0,0.19830037971739917
0,0,0.18724102086664385
0,0,0.20520496998294008
0,0,0.15780352415365942
0,0,0.14903945359883106
0,0,0.20021659182258966
0,0,0.18708207695946732
0,0,0.18616368577959697
0,0,0.2180599607334167
0,0,0.18365100036701168
0,0,0.15394076522456218
0,0,0.1819173087480518
0,0,0.2205988156539825
0,0,0.20707742511666238
0,0,0.1763648616951711
0,0,0.18771937249072032
0,0,0.15330135550220456
0,0,0.1762387128236177
0,0,0.2190656145528802
0,0,0.20956181869126028
0,0,0.21936713555522577
0,0,0.18934961346233015
0,0,0.18558648649314566
0,0,0.21901393972538905
0,0,0.20133406402717266
0,0,0.18609616695510037
0,0,0.273707005564158
0,0,0.22860365142850758
0,0,0.13725792125805056
1,1,0.7090181413903583
1,1,0.6465189386632406
1,1,0.7477254113896463
1,1,0.7364556356955104
1,1,0.6947317513770358
1,1,0.6307971483370423
1,1,0.6111407851556752
1,1,0.5470166135488561
1,1,0.5988447257069675
1,1,0.5501007440921497
1,0,0.48153096870787826
1,1,0.6364618616264313
1,1,0.6524855749889368
1,1,0.6572908579618
1,1,0.7098187342216423
1,1,0.6002998575431515
1,1,0.528617000419029
1,1,0.6154799167424533
1,1,0.5926529078044471
1,1,0.5831001000485958
1,1,0.6951832398328436
1,1,0.652806285791443
0,0,0.30247273740277153
0,0,0.32525405476407804
0,0,0.2919611480067237
0,0,0.2765510345063794
0,0,0.24764320445939866
0,0,0.24033005113815747
0,0,0.2651450622690764
0,0,0.25197412697645677
0,0,0.27692742393012376
0,0,0.26448832042105785
0,0,0.27683569128876045
0,0,0.2663474878080898
0,0,0.24696231417471984
0,0,0.31074414201581585
0,0,0.26120212117307295
0,0,0.2723394218541014
0,0,0.26904276276364547
0,0,0.2179466737148431
0,0,0.2529472765784697
0,0,0.28044164534454097
0,0,0.22592774837610785
0,0,0.23114740676539366
0,0,0.23627406821336067
0,0,0.24782155815419585
0,0,0.26951247730279615
0,0,0.29551564948149683
0,0,0.28331933807662457
0,0,0.2728733299970591
0,0,0.24301055720100964
0,0,0.2937448895429555
0,0,0.27662322435021985
0,0,0.2775865295779965
0,0,0.3089597061381365
1,0,0.21790903405544945
1,0,0.22977295274011314
1,0,0.25286256010262975
1,0,0.19837556001387555
1,0,0.24318098119409418
1,0,0.2390679587777288
1,0,0.27845044871359115
1,0,0.2765842624135582
1,0,0.2848024243502816
1,0,0.2734778960692772
1,0,0.3003554531392664
1,0,0.277962492864012
1,0,0.23779933297391803
1,0,0.29177616583017785
1,0,0.30820910192293943
1,0,0.2697196540667542
1,0,0.26419750603591
1,0,0.25354755390088984
1,0,0.29386394568071283
1,0,0.2971264272737752
1,0,0.2958077047118523
1,0,0.27417834454000045
0,0,0.258977534405177
0,0,0.2194470838139357
0,0,0.21564205656789595
0,0,0.2420683383384828
0,0,0.23792667702363562
0,0,0.24696265429921818
0,0,0.21945503042371128
0,0,0.23782204378863295
0,0,0.25755331126248754
0,0,0.22789731178258607
0,0,0.21545910500587767
0,0,0.16331954331061865
0,0,0.1825147113362202
0,0,0.19946576790601772
0,0,0.15838946762889272
0,0,0.15428736261475381
0,0,0.15825095183425678
0,0,0.12731460323804678
0,0,0.14150062393782495
0,0,0.1685049832416715
0,0,0.1751819208575714
0,0,0.13717926890321422
0,0,0.1843287815496752
0,0,0.12589964548452284
0,0,0.13549131021762123
0,0,0.13215178013312964
0,0,0.20159378453532767
0,0,0.20503761523752662
0,0,0.22024760603674842
0,0,0.2633652578705391
0,0,0.2027351144706717
0,0,0.2460364110230827
0,0,0.17413020296452297
0,0,0.24118756745786463
0,0,0.2510440035710665
0,0,0.2496636578944144
0,0,0.23364219030054617
0,0,0.2300891680475402
0,0,0.2168799526513464
0,0,0.22612649534269902
0,0,0.16885476725249848
0,0,0.15467823273695377
0,0,0.21633921912460188
0,0,0.22623345930475341
0,0,0.2343016314994949
0,0,0.21358893736113455
1,1,0.7897812634062454
1,1,0.780792725807222
1,1,0.7733280123886977
1,1,0.7633292710846191
1,1,0.7494231351852733
1,1,0.7681161758587696
1,1,0.7278016911591491
1,1,0.7676538602501896
1,1,0.7778590474223323
1,1,0.8130995594371494
1,1,0.7674718424467823
0,1,0.736311762445375
0,1,0.7400882900336174
0,1,0.766554558885533
0,1,0.8313554923293901
0,1,0.8173626685039249
0,1,0.830401309909614
0,1,0.8424863527541703
0,1,0.8223328146236359
0,1,0.7873687652868862
0,1,0.7724665787323395
0,1,0.7607450760250637
1,1,0.8826977490535219
1,1,0.8905990513891815
1,1,0.8656537632370932
1,1,0.8627533791987709
1,1,0.8604092751036254
1,1,0.8698661551073807
1,1,0.8527755004029008
1,1,0.8648923204536919
1,1,0.8468546802315423
1,1,0.8393361499857194
1,1,0.7280036491168267
1,1,0.6660187144509936
1,1,0.6624988941570646
1,1,0.6533668156081137
1,1,0.7143638779139981
1,1,0.6969985202709273
1,1,0.732357179776725
1,1,0.7426645846158418
1,1,0.7187201898333437
1,1,0.7564332848292975
1,1,0.7626232593148385
1,1,0.7730568051830459
0,1,0.8164469632552844
0,1,0.8657296743599966
0,1,0.8611161734773289
0,1,0.8079008796402347
0,1,0.8259631718297848
0,1,0.7860386683014099
0,1,0.793870791469939
0,1,0.7782126189114379
0,1,0.731538783207518
0,1,0.7103550370338136
0,1,0.731421757071904
0,0,0.32541755266503175
0,0,0.32579667526082867
0,0,0.2545926920049903
0,0,0.23257023984510977
0,0,0.2736991608540106
0,0,0.24151687230336433
0,0,0.23952884035367245
0,0,0.2552680761038522
0,0,0.2849587170674828
0,0,0.2916166860898452
0,0,0.2367633225532202
0,0,0.2390293347078405
0,0,0.2704254585922238
0,0,0.2759229954267708
0,0,0.254568553095383
0,0,0.24971893560172162
0,0,0.22168293472612585
0,0,0.24140539599928412
0,0,0.26446205601518336
0,0,0.26068511497725105
0,0,0.2650426833610646
0,0,0.30537683786795045
0,0,0.34412096155179095
0,0,0.27255962315187854
0,0,0.3343016180698598
0,0,0.31339582480829453
0,0,0.19556287080436
0,0,0.19785616585240554
0,0,0.2535122978125613
1,1,0.8033296928319613
1,1,0.7932147234586373
1,1,0.7591798705812708
1,1,0.821452382688872
1,1,0.7947933042692042
1,1,0.838116223427076
1,1,0.8114449329464034
1,1,0.8005677295511993
1,1,0.723020005557878
1,1,0.7300237651291122
1,1,0.8007928391278
1,1,0.6958437937256927
1,1,0.7431880386269429
1,1,0.7409860272593363
1,1,0.7273460719500956
1,1,0.7310027596588893
1,1,0.7303706597297299
1,1,0.7291224358627066
1,1,0.7129398427178251
1,1,0.7303054690449777
1,1,0.7174139432828813
1,1,0.7264753537371917
0,0,0.2790466484771814
0,0,0.26168009411361226
0,0,0.2816202317783815
0,0,0.28729452578875564
0,0,0.21080743160202908
0,0,0.18898739831645842
0,0,0.18854719571967327
0,0,0.19508846288168336
0,0,0.18855301277631908
0,0,0.178820005766546
0,0,0.18012996965833275
0,0,0.2179580469453481
0,0,0.22671854645304568
0,0,0.21946444468249315
0,0,0.2369412646753316
0,0,0.24237329632853089
0,0,0.2466339476053773
0,0,0.23516643611391225
0,0,0.23742376421912845
0,0,0.2044948956742102
0,0,0.22288038954715034
0,0,0.24649984267414154
0,0,0.26405525613667896
0,0,0.21631706519813793
0,0,0.22006452398780318
0,0,0.21290801590650382
0,0,0.18386090151116133
0,0,0.21018298415056424
0,0,0.21873530595310262
0,0,0.2122677842066447
0,0,0.19069902672350036
0,0,0.19728107673474973
0,0,0.17445668467647732
1,0,0.26310880817274007
1,0,0.32969763162175675
1,0,0.2701299262792436
1,0,0.2498628461301086
1,0,0.2710689564089216
1,0,0.2865335363677579
1,0,0.3185216108550518
1,0,0.339542465222438
1,0,0.33360877213068724
1,0,0.3208341553960616
1,0,0.2746380781826632
1,0,0.29331325672704667
1,0,0.3034584143319741
1,0,0.293091535153834
1,0,0.3246088245365836
1,0,0.285115067141556
1,0,0.32405291906826295
1,0,0.3304624777153755
1,0,0.3247153197459224
1,0,0.33650589811556114
1,0,0.33455560590261335
1,0,0.37309708593394086
0,0,0.42478507696296897
0,0,0.41375503662825514
0,0,0.42478507696296897
0,0,0.4374684419808316
0,0,0.42478507696296897
0,0,0.42478507696296897
0,0,0.4204386450423413
0,0,0.42621735377481534
0,0,0.4174029751248069
0,0,0.4174029751248069
0,0,0.4174029751248069
0,0,0.42465525955867345
0,0,0.42769092947620785
0,0,0.42465525955867345
0,0,0.41724488641021973
0,0,0.40960483350744403
0,0,0.40960483350744403
0,0,0.40960483350744403
0,0,0.4097324278118028
0,0,0.4097324278118028
0,0,0.4097324278118028
0,0,0.4097324278118028
0,0,0.4097324278118028
0,0,0.4158164659052844
0,0,0.4072238399489456
0,0,0.4072238399489456
0,0,0.4158164659052844
0,0,0.4072238399489456
0,0,0.4051124717746827
0,0,0.4003096963283786
0,0,0.3959632644077509
0,0,0.3959632644077509
0,0,0.4072238399489456
0,0,0.4072238399489456
0,0,0.4072238399489456
0,0,0.4072238399489456
0,0,0.40431798743570674
0,0,0.4072238399489456
0,0,0.4072238399489456
0,0,0.40431798743570674
0,0,0.4086644193563344
0,0,0.4147073484889824
0,0,0.4072238399489456
0,0,0.4022066192614438
0,0,0.3959632644077509
0,0,0.4072238399489456
1,0,0.41619245100663016
1,0,0.42478507696296897
1,0,0.42478507696296897
1,0,0.4110454129148328
1,0,0.4110454129148328
1,0,0.4217494070454345
1,0,0.409963651917973
1,0,0.3955659997573692
1,0,0.39747501729962204
1,0,0.3955659997573692
1,0,0.3955659997573692
1,0,0.4197656331755304
1,0,0.41426427756932943
1,0,0.4118726694602258
1,0,0.4111730072191916
1,0,0.41725704531267316
1,0,0.42112673650289456
1,0,0.4288759867575188
1,0,0.42452955483689114
1,0,0.4296462995243484
1,0,0.42452955483689114
1,0,0.41291061339204554
1,0,0.4867056435677467
1,0,0.49139551247760244
1,0,0.48101887012464667
1,0,0.47811301761140773
1,0,0.4867056435677467
1,0,0.49045033361233203
1,0,0.4867056435677467
1,0,0.43142220423056776
1,0,0.40058544354480796
1,0,0.40058544354480796
1,0,0.40669898099420515
1,0,0.4697582945834521
1,0,0.4867056435677467
1,0,0.4867056435677467
1,0,0.47811301761140773
1,0,0.47811301761140773
1,0,0.47600164943714496
1,0,0.48364170233992065
1,0,0.47811301761140773
1,0,0.4668524420702132
1,0,0.47600164943714496
1,0,0.47811301761140773
0,0,0.49832458501259214
0,0,0.4981995838669562
0,0,0.49832458501259214
0,0,0.49057533475796794
0,0,0.4867056435677467
0,0,0.481250094230817
0,0,0.4867056435677467
0,0,0.4779880164657718
0,0,0.47811301761140773
0,0,0.4811250930851811
0,0,0.4779880164657718
1,0,0.4697582945834521
1,0,0.4883315712497762
1,0,0.48101887012464667
1,0,0.4161746610759095
1,0,0.40349129605804684
1,0,0.40349129605804684
1,0,0.4004556261405123
1,0,0.4004556261405123
1,0,0.4203088276380458
1,0,0.42769092947620785
1,0,0.48101887012464667
1,0,0.4317816685377317
1,0,0.41909830351986904
1,0,0.42465525955867345
1,0,0.41919971022174374
1,0,0.40480205806113995
1,0,0.4085845176663957
1,0,0.4136252192239596
1,0,0.4097324278118028
1,0,0.40762105963753986
1,0,0.4097324278118028
1,0,0.41526111254031556
1,0,0.4072238399489456
1,0,0.3959632644077509
1,0,0.3959632644077509
1,0,0.4072238399489456
1,0,0.4072238399489456
1,0,0.4158164659052844
1,0,0.4158164659052844
1,0,0.4867056435677467
1,0,0.47811301761140773
1,0,0.47811301761140773
1,0,0.4668524420702132
1,0,0.4867056435677467
1,0,0.4374684419808316
1,0,0.42478507696296897
1,0,0.41619245100663016
1,0,0.41619245100663016
1,0,0.42478507696296897
1,0,0.42478507696296897
0,0,0.4217494070454345
0,0,0.41619245100663016
0,0,0.4140810828323672
0,0,0.4204386450423413
0,0,0.4204386450423413
0,0,0.4243083362325627
0,0,0.4204386450423413
0,0,0.4118460190860025
0,0,0.4428493525776205
0,0,0.4867056435677467
0,0,0.4867056435677467
0,0,0.41619245100663016
0,0,0.4049318754654356
0,0,0.40973465091173955
0,0,0.40973465091173955
0,0,0.3975497736272734
0,0,0.40960483350744403
0,0,0.42465525955867345
0,0,0.42465525955867345
0,0,0.401896205547901
0,0,0.4068265752985639
0,0,0.404715207124301
0,0,0.3999124316779969
0,0,0.4123552600270767
0,0,0.4226714856887693
0,0,0.41606263360233464
0,0,0.4111730072191916
0,0,0.401896205547901
0,0,0.4131567810890957
0,0,0.4131567810890957
0,0,0.3999124316779969
0,0,0.3999124316779969
0,0,0.39496642943676485
0,0,0.39305741189451204
0,0,0.4022066192614438
0,0,0.40945890369531035
0,0,0.3999124316779969
0,0,0.401896205547901
0,0,0.4131567810890957
0,0,0.4131567810890957
0,0,0.401896205547901
0,0,0.4049318754654356
0,0,0.4049318754654356
0,0,0.4374684419808316
0,0,0.48101887012464667
0,0,0.4668524420702132
0,0,0.46404524657064367
0,0,0.41619245100663016
0,0,0.41606263360233464
0,0,0.42852495074889485
0,0,0.4236353243657518
0,0,0.4111730072191916
0,0,0.41407885973243047
0,0,0.4158164659052844
0,0,0.41772548344753724
0,0,0.39305741189451204
0,0,0.40431798743570674
0,0,0.40745506405511583
0,0,0.4158164659052844
0,0,0.4103609165683547
0,0,0.39305741189451204
0,0,0.39305741189451204
0,0,0.4022066192614438
0,0,0.4022066192614438
0,0,0.4072238399489456
0,0,0.4158164659052844
0,0,0.42465525955867345
0,0,0.42852495074889485
0,0,0.43627420100351905
0,0,0.43627420100351905
0,0,0.4413909456909763
0,0,0.43627420100351905
0,0,0.41606263360233464
0,0,0.42465525955867345
0,0,0.41919971022174374
0,0,0.4226714856887693
0,0,0.4226714856887693
1,0,0.4226714856887693
1,0,0.4202340713103944
1,0,0.4226714856887693
1,0,0.4226714856887693
1,0,0.4226714856887693
1,0,0.4226714856887693
1,0,0.4201628978259121
1,0,0.40945890369531035
1,0,0.4003096963283786
1,0,0.4003096963283786
1,0,0.40762105963753986
1,0,0.4097324278118028
1,0,0.4003096963283786
1,0,0.3959632644077509
1,0,0.4003096963283786
1,0,0.4003096963283786
1,0,0.3959632644077509
1,0,0.3959632644077509
1,0,0.4115702718695733
1,0,0.4115702718695733
1,0,0.4070214893169354
1,0,0.4072238399489456
1,0,0.4072238399489456
1,0,0.3959632644077509
1,0,0.3959632644077509
1,0,0.3959632644077509
1,0,0.3997457240130067
1,0,0.4051124717746827
1,0,0.4115702718695733
1,0,0.4051124717746827
1,0,0.4051124717746827
1,0,0.4072238399489456
1,0,0.4051124717746827
1,0,0.3959632644077509
1,0,0.4072238399489456
0,1,0.8571022527754671
0,1,0.8564318176143854
0,1,0.8454261863128548
0,1,0.8355050646958062
0,1,0.8386360553564954
0,1,0.8477957233777899
0,1,0.8459178767558777
0,1,0.8433869428893462
0,1,0.8512676797822426
0,1,0.847726146693461
0,1,0.8713954979602101
0,1,0.8723199076505146
0,1,0.8745810058958443
0,1,0.8641638715980661
0,1,0.8609619624905743
0,1,0.8605515782067917
0,1,0.8709619624905742
0,1,0.8389424246051225
0,1,0.8651868057029947
0,1,0.8567100823335098
0,1,0.8604505695784428
0,1,0.8841448182653247
0,1,0.8638344718877201
0,1,0.8789279013697225
0,1,0.8752299169649526
0,1,0.8714957490561521
0,1,0.8548138729300188
0,1,0.8491743294127481
0,1,0.8488395813848458
0,1,0.8430891548633235
0,1,0.8485728383387449
0,1,0.8479411356401692
0,1,0.8565437906738645
1,1,0.8566822886864052
1,1,0.8628909809436206
1,1,0.8713954979602101
1,1,0.8755971899867773
1,1,0.8540747024389296
1,1,0.8458440395883011
1,1,0.8491532771157998
1,1,0.8471237959086878
1,1,0.8606081652886628
1,1,0.7391002684008311
1,1,0.6981352013671928
0,1,0.8708147153041742
0,1,0.8337585815853897
0,1,0.8669972703327075
0,1,0.8554073503645668
0,1,0.855529129423081
0,1,0.8680653949990597
0,1,0.8614413462589496
0,1,0.8521214498325129
0,1,0.8535869048282895
0,1,0.8463285189697706
0,1,0.8246688226265882
0,1,0.501230437525831
0,0,0.4934811872712068
0,0,0.4934811872712068
0,0,0.4317816685377317
0,0,0.4147518715992414
0,0,0.4147518715992414
0,0,0.42028055632775413
0,0,0.425253515097833
0,0,0.41909830351986904
0,0,0.41909830351986904
0,0,0.4147518715992414
0,0,0.4147518715992414
0,0,0.411716201681707
0,0,0.40960483350744403
0,0,0.4136252192239596
0,0,0.40960483350744403
0,0,0.404238085745768
0,0,0.40960483350744403
0,0,0.411716201681707
0,0,0.40960483350744403
0,0,0.4004556261405123
0,0,0.4004556261405123
0,0,0.40960483350744403
0,0,0.40960483350744403
0,0,0.40960483350744403
0,0,0.40960483350744403
0,0,0.3984718522706081
0,0,0.4097324278118028
0,0,0.4097324278118028
1,1,0.8623096600138775
1,1,0.8638334789890451
1,1,0.8623165860528248
1,1,0.868560019926103
1,1,0.8643583278995359
1,1,0.8465353869795768
1,1,0.8718567027418441
1,1,0.8651868057029947
1,1,0.882999624239218
1,1,0.8743301272848693
1,1,0.8584669738903635
1,1,0.8694039367333487
1,1,0.8508059342438699
1,1,0.8588890023960832
1,1,0.869214677257047
1,1,0.8644591213401301
1,1,0.8655971899867773
1,1,0.8655971899867773
1,1,0.8715922474478073
1,1,0.8611290183789797
1,1,0.8505670172105789
1,1,0.8562488559409671
1,0,0.41196749155816753
1,0,0.40762105963753986
1,0,0.40762105963753986
1,0,0.3984718522706081
1,0,0.40762105963753986
1,0,0.4097324278118028
1,0,0.41407885973243047
1,0,0.41196749155816753
1,0,0.41407885973243047
1,0,0.41407885973243047
1,0,0.4097324278118028
1,0,0.41407885973243047
1,0,0.41407885973243047
1,0,0.41407885973243047
1,0,0.4116414453540555
1,0,0.3984718522706081
1,0,0.4072238399489456
1,0,0.4201628978259121
1,0,0.41721593635183957
1,0,0.4115702718695733
1,0,0.3997457240130067
1,0,0.4003096963283786
1,0,0.40945890369531035
1,0,0.4115702718695733
1,0,0.4051124717746827
1,0,0.3959632644077509
1,0,0.4115702718695733
1,0,0.41407885973243047
1,0,0.41407885973243047
1,0,0.4097324278118028
1,0,0.41407885973243047
1,0,0.4003096963283786
1,0,0.3959632644077509
1,0,0.41407885973243047
1,0,0.41196749155816753
1,0,0.4072238399489456
1,0,0.4051124717746827
1,0,0.3959632644077509
1,0,0.3959632644077509
1,0,0.4051124717746827
1,0,0.4051124717746827
1,0,0.3959632644077509
1,0,0.4003096963283786
1,0,0.3959632644077509
1,0,0.4051124717746827
1,0,0.4051124717746827
1,0,0.4003096963283786
1,0,0.4003096963283786
1,0,0.3959632644077509
1,0,0.4051124717746827
1,0,0.4051124717746827
1,0,0.3997457240130067
1,0,0.4003096963283786
1,0,0.40945890369531035
1,0,0.4072238399489456
0,0,0.15042337610002565
0,0,0.15829893912825643
0,0,0.14770255887396078
0,0,0.1563660742137385
0,0,0.12825768672996912
0,0,0.12570762199863972
0,0,0.13894885750107122
0,0,0.10761535498407791
0,0,0.1505852430258181
0,0,0.13839666742423437
0,0,0.16659243545482824
0,0,0.14122746187097854
0,0,0.13036886029482422
0,0,0.1473142351988068
0,0,0.13468067679169737
0,0,0.13284420985903758
0,0,0.12411640152982364
0,0,0.08938876230846014
0,0,0.0991665119065174
0,0,0.09870858512667516
0,0,0.08137198712556405
0,0,0.08050623570342802
0,0,0.10190268047284759
0,0,0.09678639688813157
0,0,0.11152885052218572
0,0,0.1289011460368267
0,0,0.13208206336205133
0,0,0.11176683623049471
0,0,0.12397598696464933
0,0,0.09622329345367536
0,0,0.0923330585067673
0,0,0.11179804408528718
0,0,0.1073249601185873
0,0,0.08835397726365535
0,0,0.12727462251809174
0,0,0.11066351793240443
0,0,0.08764100873577892
0,0,0.07216337942063217
0,0,0.11364868228841223
0,0,0.12760237953011414
0,0,0.12020268823420154
0,0,0.08306027402765988
0,0,0.11679222318553915
0,0,0.1016499483104077
0,0,0.10720547434915588
0,0,0.10479024873910792
1,1,0.687299584968749
1,1,0.6469115581034017
1,1,0.6513258308476868
1,1,0.6541604711590581
1,1,0.6423725004311597
1,1,0.6179101009597674
1,1,0.6443592526805442
1,1,0.6594836820463208
1,1,0.692634027219007
1,1,0.7137951628723017
1,1,0.6841690425882554
1,1,0.6894513996354209
1,1,0.649498480829157
1,1,0.6305536333471047
1,1,0.6684550136842522
1,1,0.6805458354076395
1,1,0.6810360144446835
1,1,0.7305456807159723
1,1,0.6861419495909883
1,1,0.723525264013441
1,1,0.6545319665148517
1,1,0.6273154495226343
0,1,0.6355189166871655
0,1,0.6594866197090612
0,1,0.6391071994317135
0,1,0.605062642289826
0,1,0.61340032890139
0,1,0.6603954448394136
0,1,0.6561589667728471
0,1,0.6124601412512451
0,1,0.671998565198417
0,1,0.6686127236692214
0,1,0.6778282964796999
0,1,0.6427689176953453
0,1,0.7124305778263422
0,1,0.6821325298374222
0,1,0.5672862972285064
0,1,0.5556962520757082
0,1,0.5362896239910859
0,1,0.5626967837315681
0,1,0.5812879097004316
0,1,0.6816310402200741
0,1,0.6817871900588802
0,1,0.573979147131426
0,1,0.5862959304221901
0,1,0.6069173256560096
0,1,0.5911246864361808
0,1,0.5867924196982504
0,1,0.6746977089652682
0,1,0.6962415068660032
0,1,0.7026804504776232
0,1,0.7173756666766244
0,1,0.7138406201009226
0,1,0.6589784303896138
0,1,0.718589113218747
0,0,0.09149108806269983
0,0,0.0964192680870602
0,0,0.0952350521444197
0,0,0.11362141347162977
0,0,0.11857238204977769
0,0,0.10530492012828191
0,0,0.07898071895648917
0,0,0.10035154825736252
0,0,0.08875395298621593
0,0,0.1074500255485518
0,0,0.12630277958480757
0,0,0.12379919103054852
0,0,0.11280551502149941
0,0,0.07049598911692861
0,0,0.07551222156263207
0,0,0.09151405873331511
0,0,0.10155062509329632
0,0,0.06925371919769796
0,0,0.07128641849364722
0,0,0.09856836347533586
0,0,0.19801811269684017
0,0,0.26232556784003797
0,0,0.16331109587316778
0,0,0.12192201546210893
0,0,0.12231749554456664
0,0,0.10369659124170873
0,0,0.09696936771377333
0,0,0.08449456729397525
0,0,0.10123991235238469
1,1,0.6484566203671187
1,1,0.6910835067981246
1,1,0.6327359673155104
1,1,0.6186227740634355
1,1,0.6257264222633148
1,1,0.6311371976467944
1,1,0.5632932691503267
1,1,0.6616670900116527
1,1,0.7067377558632367
1,1,0.6967010900384117
1,1,0.7273853473527361
0,1,0.708123449036107
0,1,0.7210433421669351
0,1,0.7038705277093557
0,1,0.701306120639603
0,1,0.7274927890261759
0,1,0.7377095776045013
0,1,0.6982989976684124
0,1,0.7002680514060293
0,1,0.6904679530443285
0,1,0.655426957174189
0,1,0.6718157179776726
0,0,0.11308548551142888
0,0,0.16346952722480126
0,0,0.17613301995535213
0,0,0.18407403957275
0,0,0.1979321780982551
0,0,0.19674683440833637
0,0,0.217014754865939
0,0,0.20902833891441264
0,0,0.1990749385440575
0,0,0.19171416285495918
0,0,0.19113998283312006
0,0,0.19684029101310174
0,0,0.21305513352597896
0,0,0.20689434258086303
0,0,0.20577948270536475
0,0,0.19614603434114844
0,0,0.1732477170428185
0,0,0.18433355539618648
0,0,0.16628933133759777
0,0,0.18399155056936356
0,0,0.20203577462795227
0,0,0.18442686843127248
0,0,0.19234012682065454
0,0,0.19378035943373184
0,0,0.21341990806371655
0,0,0.2098752245881129
0,0,0.20235825114613315
0,0,0.18364927068240347
0,0,0.17245508436094453
0,0,0.20796348719288343
0,0,0.19679147071813646
0,0,0.18487678037881314
0,0,0.21040740728441854
0,0,0.2481877252564059
0,0,0.26626885982030307
0,0,0.2862793667542773
0,0,0.24090333669120712
0,0,0.18348744216982915
0,0,0.20819104462212656
0,0,0.19668724363383724
0,0,0.20310018425694207
0,0,0.20566282085132975
0,0,0.21471094842007418
0,0,0.25224550443830723
0,0,0.24315489991157574
0,0,0.22017328115879362
0,0,0.22135434925282776
0,0,0.16976390802866814
0,0,0.18646535586581486
0,0,0.19332835810735896
0,0,0.19950162504980035
0,0,0.19788369716271678
0,0,0.19894140803158034
0,0,0.1715552014608265
0,0,0.15403869786055224
0,0,0.20620138188339315
0,0,0.219244916478655
0,0,0.18872605870747994
0,0,0.21496847920920087
0,0,0.1994264742461097
0,0,0.20980383401509545
0,0,0.219199848028161
0,0,0.17236372157990903
0,0,0.19206478176199862
0,0,0.17133543400265885
0,0,0.213342565720164
0,0,0.10076475198814791
0,0,0.08408890748378055
0,0,0.10973798193668494
0,0,0.08853113423457615
0,0,0.09669174266051411
0,0,0.10764815182380227
0,0,0.11026108901164354
0,0,0.10231464877340717
0,0,0.0896677396241908
0,0,0.08018715125569799
0,0,0.08613708279040601
0,0,0.10823488934363708
0,0,0.10815226310410724
0,0,0.10444934961471837
0,0,0.09810621068006188
0,0,0.10451433370101848
0,0,0.10538051588641743
0,0,0.1175894483951566
0,0,0.09727852583668196
0,0,0.10236379932147147
0,0,0.09992034614447025
0,0,0.10452404175774827
0,0,0.10525142345321481
0,0,0.07269129487922847
0,0,0.10857397853292518
0,0,0.11686802317530753
0,0,0.11472016167446988
0,0,0.1010404815222024
0,0,0.09328851765005225
0,0,0.09608853652133506
0,0,0.08709923583788343
0,0,0.09087369663912716
0,0,0.08633915779207284
0,0,0.07633128505144865
0,0,0.09660763123479686
1,1,0.7332220309225076
1,1,0.7431688536681241
1,1,0.7489831018901838
1,1,0.7812033418121764
1,1,0.7625740668358819
1,1,0.7680375485109022
1,1,0.7985063556337232
1,1,0.7581300346172816
1,1,0.7909588738236724
1,1,0.7795607693976713
1,1,0.7818704831041301
1,1,0.776240439599658
1,1,0.7460459939085611
1,1,0.7606869824599789
1,1,0.7835076086553591
1,1,0.770837750446271
1,1,0.7851196326146349
1,1,0.7670523508247199
1,1,0.7845233495601549
1,1,0.7746915780509839
1,1,0.7803322307139097
1,1,0.7901362290207298
1,1,0.8084781061196945
1,1,0.7701501446555453
1,1,0.7605647809264932
1,1,0.7711184013416674
1,1,0.7848865834358517
1,1,0.8009515205853828
1,1,0.7909779390590016
1,1,0.8103764438415147
1,1,0.7940935756112247
1,1,0.8051633838586906
1,1,0.7880926854586204
1,1,0.8047424343226566
1,1,0.7948235873955043
1,1,0.8150633030328496
1,1,0.8087251546495691
1,1,0.7942951143863398
1,1,0.8051502364633448
1,1,0.8134953580001985
1,1,0.8057528068997667
1,1,0.8087912608468254
1,1,0.8126248090232971
1,1,0.7996175242714375
0,1,0.7814878017796816
0,1,0.8088224167873643
0,1,0.7980678869288469
0,1,0.7917059567919005
0,1,0.7945208089455297
0,1,0.7753322813859133
0,1,0.7896630942845458
0,1,0.7774202057967472
0,1,0.7818442730246656
0,1,0.7723127212080602
0,1,0.7901066843365315
0,0,0.13551689278155232
0,0,0.1258744532364334
0,0,0.10651742486873247
0,0,0.10134082701581945
0,0,0.15191862089808578
0,0,0.18183266603260975
0,0,0.167161725198576
0,0,0.1463260786733935
0,0,0.16413487430069842
0,0,0.15894258663115068
0,0,0.17498914537148358
0,0,0.1518788186820266
0,0,0.1285180227252936
0,0,0.15953747628842355
0,0,0.16606559029701579
0,0,0.17248652518872715
0,0,0.18169986138446137
0,0,0.14284476204763488
0,0,0.12854608244407956
0,0,0.15700845711772438
0,0,0.14331183487832802
0,0,0.15629489310629424
0,0,0.1660246411941043
0,0,0.1201928208183501
0,0,0.10478363333811998
0,0,0.1268501405169612
0,0,0.14946251586416553
0,0,0.15992620517514172
0,0,0.19688978997005283
1,1,0.7876160649746343
1,1,0.7451964225964063
1,1,0.7403630950932818
1,1,0.7475721945914359
1,1,0.7694856132899089
1,1,0.806786886678431
1,1,0.7783654390735479
1,1,0.8020082142812341
1,1,0.8037408117859193
1,1,0.8028548083834077
1,1,0.8051869612749365
0,1,0.7640796327741533
0,1,0.7844577882023429
0,1,0.8026375870889104
0,1,0.7752309901795533
0,1,0.74885580501623
0,1,0.7892574208856642
0,1,0.7839159692729882
0,1,0.7956341919289628
0,1,0.8017995998094919
0,1,0.7859247499160411
0,1,0.8106939423614405
0,0,0.2173229820490965
0,0,0.2539848326929275
0,0,0.18507632245855404
0,0,0.2155750402075344
0,0,0.19797164993411426
0,0,0.20986040523737617
0,0,0.20563428256864863
0,0,0.18540550112087448
0,0,0.20788214808084593
0,0,0.1895276863167609
0,0,0.18163938532453905
0,0,0.19723702388265757
0,0,0.17884321825924743
0,0,0.17677746365625363
0,0,0.18724004584350215
0,0,0.2219160749685539
0,0,0.20662857283530986
0,0,0.2409492756509007
0,0,0.21414751781000768
0,0,0.20683134603697034
0,0,0.24146232559982894
0,0,0.24230496841715507
0,0,0.25376336269356325
0,0,0.2311397725833028
0,0,0.22057778353182317
0,0,0.23253906847189285
0,0,0.2186614700536157
0,0,0.1905516025688765
0,0,0.19383796311505758
0,0,0.18989460410036416
0,0,0.1962980737627715
0,0,0.1990040652834141
0,0,0.18841107273698893
0,0,0.20055485376557441
0,0,0.19372900773281143
0,0,0.1995702893969656
0,0,0.1921806813242886
0,0,0.20689921976446313
0,0,0.22532914976362758
0,0,0.22425986791173524
0,0,0.24383152262167157
0,0,0.2752969956519843
0,0,0.25779454896011844
0,0,0.25081684614229266
0,0,0.21234298132729118
0,0,0.2099509065045614
0,0,0.22006907640878487
0,0,0.21740578450631912
0,0,0.22667861327557076
0,0,0.2435409168292201
0,0,0.21958019591765962
0,0,0.21643286301673925
0,0,0.21112781690523147
0,0,0.22177457390039204
0,0,0.2274281711244081
0,0,0.41514171332001515
0,0,0.41514171332001515
0,0,0.41514171332001515
0,0,0.41514171332001515
0,0,0.41514171332001515
0,0,0.41514171332001515
0,0,0.41514171332001515
0,0,0.41514171332001515
0,0,0.41514171332001515
0,0,0.41514171332001515
0,0,0.41514171332001515
0,0,0.41514171332001515
0,0,0.41514171332001515
0,0,0.41514171332001515
0,0,0.41514171332001515
0,0,0.41514171332001515
0,0,0.41514171332001515
0,0,0.41514171332001515
0,0,0.41514171332001515
0,0,0.41514171332001515
0,0,0.41514171332001515
0,0,0.41514171332001515
0,0,0.41514171332001515
0,0,0.41514171332001515
0,0,0.41514171332001515
0,0,0.41514171332001515
0,0,0.41514171332001515
0,0,0.41514171332001515
0,0,0.41514171332001515
0,0,0.41514171332001515
0,0,0.41514171332001515
0,0,0.41514171332001515
0,0,0.41514171332001515
0,0,0.41514171332001515
0,0,0.41514171332001515
0,0,0.41514171332001515
0,0,0.41514171332001515
0,0,0.41514171332001515
0,0,0.41514171332001515
0,0,0.41514171332001515
0,0,0.41514171332001515
0,0,0.41514171332001515
0,0,0.41514171332001515
0,0,0.41514171332001515
0,0,0.41514171332001515
0,0,0.41514171332001515
0,0,0.41514171332001515
0,0,0.41514171332001515
0,0,0.41514171332001515
0,0,0.41514171332001515
0,0,0.41514171332001515
0,0,0.41514171332001515
0,0,0.41514171332001515
0,0,0.41514171332001515
0,0,0.41514171332001515
0,0,0.41514171332001515
0,0,0.41514171332001515
1,0,0.41514171332001515
1,0,0.41514171332001515
1,0,0.41514171332001515
1,0,0.41514171332001515
1,0,0.41514171332001515
1,0,0.41514171332001515
1,0,0.41514171332001515
1,0,0.41514171332001515
1,0,0.41514171332001515
1,0,0.41514171332001515
1,0,0.41514171332001515
1,0,0.41514171332001515
1,0,0.41514171332001515
1,0,0.41514171332001515
1,0,0.41514171332001515
1,0,0.41514171332001515
1,0,0.41514171332001515
1,0,0.41514171332001515
1,0,0.41514171332001515
1,0,0.41514171332001515
1,0,0.41514171332001515
1,0,0.41514171332001515
0,0,0.41514171332001515
0,0,0.41514171332001515
0,0,0.41514171332001515
0,0,0.41514171332001515
0,0,0.41514171332001515
0,0,0.41514171332001515
0,0,0.41514171332001515
0,0,0.41514171332001515
0,0,0.41514171332001515
0,0,0.41514171332001515
0,0,0.41514171332001515
1,0,0.41514171332001515
1,0,0.41514171332001515
1,0,0.41514171332001515
1,0,0.41514171332001515
1,0,0.41514171332001515
1,0,0.41514171332001515
1,0,0.41514171332001515
1,0,0.41514171332001515
1,0,0.41514171332001515
1,0,0.41514171332001515
1,0,0.41514171332001515
0,0,0.41514171332001515
0,0,0.41514171332001515
0,0,0.41514171332001515
0,0,0.41514171332001515
0,0,0.41514171332001515
0,0,0.41514171332001515
0,0,0.41514171332001515
0,0,0.41514171332001515
0,0,0.41514171332001515
0,0,0.41514171332001515
0,0,0.41514171332001515
0,0,0.41514171332001515
0,0,0.41514171332001515
0,0,0.41514171332001515
0,0,0.41514171332001515
0,0,0.41514171332001515
0,0,0.41514171332001515
0,0,0.41514171332001515
0,0,0.41514171332001515
0,0,0.41514171332001515
0,0,0.41514171332001515
0,0,0.4396612957834265
0,0,0.44282370589493064
0,0,0.44282370589493064
0,0,0.41514171332001515
0,0,0.41514171332001515
0,0,0.41514171332001515
0,0,0.41514171332001515
0,0,0.41514171332001515
1,0,0.41514171332001515
1,0,0.41514171332001515
1,0,0.41514171332001515
1,0,0.41514171332001515
1,0,0.41514171332001515
1,0,0.41514171332001515
1,0,0.41514171332001515
1,0,0.41514171332001515
1,0,0.41514171332001515
1,0,0.41514171332001515
1,0,0.4183041234315193
1,0,0.41514171332001515
1,0,0.41514171332001515
1,0,0.41514171332001515
1,0,0.41514171332001515
1,0,0.41514171332001515
1,0,0.41514171332001515
1,0,0.41514171332001515
1,0,0.41514171332001515
1,0,0.41514171332001515
1,0,0.41514171332001515
1,0,0.41514171332001515
0,0,0.41514171332001515
0,0,0.41514171332001515
0,0,0.41514171332001515
0,0,0.41514171332001515
0,0,0.41514171332001515
0,0,0.41514171332001515
0,0,0.41514171332001515
0,0,0.41514171332001515
0,0,0.41514171332001515
0,0,0.41514171332001515
0,0,0.41514171332001515
0,0,0.41514171332001515
0,0,0.41514171332001515
0,0,0.41514171332001515
0,0,0.41514171332001515
0,0,0.41514171332001515
0,0,0.41514171332001515
0,0,0.41514171332001515
0,0,0.41514171332001515
0,0,0.41514171332001515
0,0,0.41514171332001515
0,0,0.41514171332001515
0,0,0.41514171332001515
0,0,0.41514171332001515
0,0,0.41514171332001515
0,0,0.41514171332001515
0,0,0.41514171332001515
0,0,0.41514171332001515
0,0,0.41514171332001515
0,0,0.41514171332001515
0,0,0.41514171332001515
0,0,0.41514171332001515
0,0,0.41514171332001515
0,0,0.41514171332001515
0,0,0.41514171332001515
0,0,0.41514171332001515
0,0,0.41514171332001515
0,0,0.41514171332001515
0,0,0.41514171332001515
0,0,0.41514171332001515
0,0,0.41514171332001515
0,0,0.41514171332001515
0,0,0.41514171332001515
0,0,0.41514171332001515
0,0,0.41514171332001515
0,0,0.41514171332001515
0,0,0.41514171332001515
0,0,0.41514171332001515
0,0,0.41514171332001515
0,0,0.41514171332001515
0,0,0.41514171332001515
0,0,0.41514171332001515
0,0,0.41514171332001515
0,0,0.41514171332001515
0,0,0.41514171332001515
0,0,0.21988882897116682
0,0,0.18755769338073203
0,0,0.15434235226219192
0,0,0.16292907772008872
0,0,0.15815647508910433
0,0,0.2231177698254281
0,0,0.24900315938539172
0,0,0.23427172897881285
0,0,0.23786473330176863
0,0,0.183920591932628
0,0,0.18795863142090394
0,0,0.20982430341270125
0,0,0.17836594253288113
0,0,0.1225649331145733
0,0,0.1242017435673323
0,0,0.1686801935719019
0,0,0.15838074696090146
0,0,0.16456775991318182
0,0,0.15458441240700785
0,0,0.15348681280631699
0,0,0.17518707699012187
0,0,0.15875967482695824
0,0,0.12137684918359654
0,0,0.11455955185305632
0,0,0.12593670715665303
0,0,0.1340056158712797
0,0,0.13486840131922187
0,0,0.1324817069784948
0,0,0.1287360641942739
0,0,0.12047426343977115
0,0,0.14340323256387746
0,0,0.17123796899864815
0,0,0.1814938171491004
0,0,0.16180703221378567
0,0,0.1536324441475237
0,0,0.15964941219815074
0,0,0.17148577773223997
0,0,0.18188673777213502
0,0,0.16121671294825599
0,0,0.1767431808286149
0,0,0.169165845351395
0,0,0.1643646619930875
0,0,0.14439997307935684
0,0,0.1352633185050664
0,0,0.1644016214808807
0,0,0.17888391564939854
1,1,0.824819350768512
1,1,0.8392525721532627
1,1,0.7649762262055697
1,1,0.7958589438907849
1,1,0.7946708820129618
1,1,0.8677329031892655
1,1,0.8840582464462553
1,1,0.840165334659159
1,1,0.8543687847112499
1,1,0.8441494217504143
1,1,0.8456656548464387
1,1,0.8727053644543606
1,1,0.8624946363658562
1,1,0.869180593911412
1,1,0.8507484059514273
1,1,0.8655256646539832
1,1,0.8716970674622835
1,1,0.8692822497383341
1,1,0.8563360504950686
1,1,0.8603871491903636
1,1,0.8578617848268226
1,1,0.8531308823801836
1,1,0.8634849606848456
1,1,0.8502339045989273
1,1,0.8498746265246818
1,1,0.8531111727682733
1,1,0.882391762425462
1,1,0.8717014522624548
1,1,0.8355270978478706
1,1,0.8528562577621404
1,1,0.8538104661046693
1,1,0.8319773960031281
1,1,0.8261287054867941
0,1,0.85578874604234
0,1,0.8550827909999131
0,1,0.8153139777122478
0,1,0.7382758582993774
0,1,0.7185381828253913
0,1,0.7702844968933513
0,1,0.8121644233490408
0,1,0.8676324318231103
0,1,0.8376349501154362
0,1,0.7920904119742935
0,1,0.7730959798684895
0,1,0.8860495722969632
0,1,0.8236064868024521
0,1,0.7730253624541987
0,1,0.8039379064578749
0,1,0.8282286159892541
0,1,0.9059097104567178
0,1,0.9134429857855928
0,1,0.9023888463117526
0,1,0.8804031305248364
0,1,0.8864699913519436
0,1,0.8465471938453342
1,0,0.16955575218978314
1,0,0.16728383815879524
1,0,0.1687376703653989
1,0,0.19590436539599118
1,0,0.21068719730619825
1,0,0.18290751899220062
1,0,0.20724159949805368
1,0,0.23011064205165918
1,0,0.22227302261262216
1,0,0.18030425254942678
1,0,0.1639318360713401
1,0,0.167687494359032
1,0,0.15322488138926174
1,0,0.17426102580801228
1,0,0.19464732186794112
1,0,0.2055716869895695
1,0,0.18038346282481585
1,0,0.16857784295426356
1,0,0.14767214431026188
1,0,0.1452037113083549
1,0,0.1443877488157584
1,0,0.13598711294071986
1,0,0.13330794467790766
1,0,0.14849335224083904
1,0,0.15303340873618118
1,0,0.12921894332725878
1,0,0.11962676019554841
1,0,0.18410122376076127
1,0,0.17273717438157676
1,1,0.8403622095216299
1,1,0.8412951417039245
1,1,0.8755949788806388
1,1,0.8690791322513385
1,1,0.7037684917756731
1,1,0.8695424249683767
1,1,0.8923350822080159
1,1,0.8662130359781182
1,1,0.8703982243704936
1,1,0.8658362747922104
1,1,0.8655831956800591
1,1,0.8521024722361809
1,1,0.8570030923037399
1,1,0.8759492489924018
1,1,0.8830815538867207
1,1,0.8800537992206262
1,1,0.8862233952965393
1,1,0.8847865904047774
1,1,0.8733624542581078
1,1,0.8324834524795637
1,1,0.8324604195552939
1,1,0.8594201643484186
0,0,0.16012799040367298
0,0,0.15755124357505568
0,0,0.16256606164280754
0,0,0.1483494162272239
0,0,0.17639033855649397
0,0,0.20201200790756224
0,0,0.20505877681714646
0,0,0.22844699991886006
0,0,0.18474020582308065
0,0,0.19858894481551462
0,0,0.1997675632655092
0,0,0.2273993578876494
0,0,0.1918066938667344
0,0,0.22529195139193503
0,0,0.2248991209498911
0,0,0.2211550060071544
0,0,0.2217721496030812
0,0,0.2062823446612277
0,0,0.22725815064609592
0,0,0.2594060697010925
0,0,0.2156270325283862
0,0,0.24699689866778957
0,0,0.20831111189942894
0,0,0.14608816952321835
0,0,0.11814084395172401
0,0,0.15684861966818045
0,0,0.18217556394842163
0,0,0.20330802820823546
0,0,0.23033124113602288
0,0,0.2571624209407402
0,0,0.2568617530904369
0,0,0.2656957781956781
0,0,0.1948325826060944
0,0,0.21015938934587441
0,0,0.19627948981369456
0,0,0.21626906365257892
0,0,0.2758708921880407
0,0,0.28706275348876853
0,0,0.23452832720917843
0,0,0.2588225988910002
0,0,0.27276031609051815
0,0,0.3311263344608068
0,0,0.3486065331075482
0,0,0.32441458943184776
0,0,0.26742463954130313
0,0,0.24373785126560019
0,0,0.2261031035118372
0,0,0.22337216430296805
0,0,0.228014932767928
0,0,0.2345751910573242
0,0,0.20286098042570244
0,0,0.20189754045093347
0,0,0.20821104887589542
0,0,0.21005368636911254
0,0,0.29048286645178917
0,0,0.25358256234558735
0,0,0.30074796531006404
0,0,0.26734356210667504
0,0,0.2667935168744179
0,0,0.29440964521278556
0,0,0.2772142450680363
0,0,0.28904822708407546
0,0,0.31851045764754804
0,0,0.33881775441704354
0,0,0.30007210861710976
0,0,0.3009857000043098
0,0,0.31846336449912616
0,0,0.2990236916527119
0,0,0.33167126940466113
0,0,0.3058683347584983
0,0,0.31797103527839055
0,0,0.30813328005019686
0,0,0.34497218791006984
0,0,0.342569966925179
0,0,0.3360144281132334
0,0,0.3279926820466017
0,0,0.27455152058851967
0,0,0.2859609627533112
0,0,0.3081298348344341
0,0,0.3099487434701097
0,0,0.3265557973011573
0,0,0.32795561129752193
0,0,0.2916972855046312
0,0,0.318878479359306
0,0,0.32063737847648693
0,0,0.3102749286969442
0,0,0.31513616609391776
0,0,0.3123926531494498
0,0,0.30406036918410234
0,0,0.3313129873183221
0,0,0.3250527982505811
0,0,0.3005535477001428
0,0,0.30505026867333696
0,0,0.31861662570093324
0,0,0.277975537678129
0,0,0.2604898008439834
0,0,0.27761236533721806
0,0,0.2946690153948965
0,0,0.2965292752647817
0,0,0.26655508946184175
0,0,0.3006069015560834
0,1,0.7029932319665758
0,1,0.7021941084327229
0,1,0.6833335174152765
0,1,0.6730601887384704
0,1,0.6463122179393608
0,1,0.6477896139193592
0,1,0.6724407619767954
0,1,0.679260845352896
0,1,0.6648017513371497
0,1,0.6649053343496021
0,1,0.6662471595478355
0,1,0.5699661813763747
0,1,0.5914780313176431
0,1,0.5971997148020373
0,1,0.7133359068338256
0,1,0.7209054967440859
0,1,0.6981825714312392
0,1,0.7235674586187331
0,1,0.609762861703483
0,1,0.5993499035403818
0,1,0.5899437415186085
0,1,0.5641827920122829
0,1,0.5169056897455894
0,1,0.5016559852462129
0,0,0.496711301952418
0,0,0.456746719074318
0,0,0.49979998851283264
0,1,0.5599119706620187
0,1,0.5578446143594451
0,1,0.5365509691043665
0,1,0.5593749022034648
0,1,0.690685759766477
0,1,0.5049407886199798
0,1,0.5238868530406094
0,1,0.5360070574952915
0,1,0.5179198697048718
0,1,0.5584423131561048
0,1,0.5757666783768294
0,1,0.5764803335270238
0,1,0.5667226680834782
0,1,0.5126611460168704
0,0,0.3668597858339816
0,0,0.4561332802680906
0,1,0.5033835453909804
0,1,0.5786810860142001
0,1,0.5633986712010868
0,1,0.566499619713615
0,1,0.5640989878717086
0,1,0.6961227462618962
0,1,0.674929806663956
0,1,0.6560184173051046
0,1,0.64208532502366
0,1,0.5481789044777288
0,1,0.5138022961916227
0,1,0.5866244001315443
0,0,0.23013729432566862
0,0,0.22634349598032644
0,0,0.24020385459595484
0,0,0.19872135699042948
0,0,0.27141110603189317
0,0,0.20492719044657995
0,0,0.29300680602107243
0,0,0.30627568401324173
0,0,0.3988285286244434
0,0,0.4555404631157433
0,0,0.29041603640440483
0,0,0.1739448060873368
0,0,0.21959340361563393
0,0,0.20012422371873548
0,0,0.2231069529954734
0,0,0.22714357026668355
0,0,0.23887333818282555
0,0,0.22275060400757318
0,0,0.22012607027214462
0,0,0.23645300771647088
0,0,0.24572434011313044
0,0,0.27351439696709606
0,0,0.28226185622018657
0,0,0.2513961254093198
0,0,0.21911458231468495
0,0,0.23003091808234244
0,0,0.25420822917230834
0,0,0.26845927393778535
0,0,0.26444148059955225
0,1,0.6302948435281004
0,1,0.6672094878880374
0,1,0.6069409955814635
0,1,0.5004320668118472
0,1,0.5533664239100635
0,1,0.5460855676966121
0,1,0.5665022671930936
0,1,0.5784710506042134
0,1,0.5663402048788022
0,0,0.49596346876102193
0,0,0.4603498074352679
0,1,0.5207451168993562
0,1,0.5640164828623394
0,1,0.5028654162544807
0,1,0.5393242668258234
0,1,0.533615484902092
0,1,0.5493117108361176
0,1,0.5769870400356818
0,1,0.5595284012648303
0,1,0.5589101983236626
0,1,0.5425333940631443
0,1,0.5388968770823731
0,0,0.329485179754057
0,0,0.2859204527271447
0,0,0.2954469103710347
0,0,0.3028978007391189
0,0,0.27194366374435613
0,0,0.2438887855910772
0,0,0.3112693340617349
0,0,0.2844481803258118
0,0,0.2812467557225724
0,0,0.3257735916445095
0,0,0.32754303113440547
0,0,0.32653178261317223
0,0,0.32544964996402653
0,0,0.3572854149107219
0,0,0.3027728562169575
0,0,0.29398789148122245
0,0,0.2930398094790545
0,0,0.3364930687329182
0,0,0.3354728102510984
0,0,0.3047911087173189
0,0,0.3086521734676102
0,0,0.3477047562355907
0,0,0.33623202038236855
0,0,0.3008535950260451
0,0,0.3228569133137288
0,0,0.32124070701398444
0,0,0.326719418349173
0,0,0.31655928507125397
0,0,0.28504791630887444
0,0,0.28295159522992785
0,0,0.29816194778018007
0,0,0.37273586445794643
0,0,0.3313391571665767
0,0,0.33773016609862366
0,0,0.3496143478229497
0,0,0.31456968840028454
0,0,0.36023136750535867
0,0,0.3608913507167324
0,0,0.36065165107885194
0,0,0.36122176159052555
0,0,0.3229907762570501
0,0,0.3289608899442376
0,0,0.34044757522991714
0,0,0.35918042934488215
0,0,0.31032340103746947
0,0,0.28214067830998224
0,0,0.3123468975104217
0,0,0.34197199815497525
0,0,0.33069747722316195
0,0,0.28674244533269894
0,0,0.2687267068053309
0,0,0.2800725340361759
0,0,0.28940954692256193
0,0,0.24480369417071898
0,0,0.24917611534474246
0,0,0.17758958489903282
0,0,0.1567992140624461
0,0,0.1955411144204006
0,0,0.1930175053731147
0,0,0.19575395566242038
0,0,0.19887717761262141
0,0,0.19319240867538418
0,0,0.2058453165110872
0,0,0.1889022104235425
0,0,0.17768743361257675
0,0,0.20027929078752776
0,0,0.2025563023511504
0,0,0.14950261678212254
0,0,0.16611533549459406
0,0,0.1643179132569945
0,0,0.1603684303807366
0,0,0.18995751806675337
0,0,0.20453427997493762
0,0,0.21545614037112387
0,0,0.20343644235732034
0,0,0.20938836797574464
0,0,0.23902142216131075
0,0,0.23163459775602102
0,0,0.19027807099574656
0,0,0.14866463936683927
0,0,0.12753605229923656
0,0,0.16085268681871692
0,0,0.1880767984073392
0,0,0.16354996823476672
0,0,0.133548475264804
0,0,0.150216002156475
0,0,0.1231150160554078
0,0,0.12799728261986157
0,0,0.12721277525403513
0,0,0.15959003248163803
0,0,0.18118986499152512
0,0,0.2145938924283997
0,0,0.14589816312189421
0,0,0.14798319553737235
0,0,0.19505368430858844
0,0,0.18845558624144063
0,0,0.15244832650332044
0,0,0.12810977287879763
0,0,0.12968383950984017
0,0,0.12162524450688919
0,0,0.12525287074066085
0,1,0.5143334928956151
0,0,0.47943696897201926
0,1,0.5219979228988805
0,1,0.5968254505368552
0,1,0.5317031585699472
0,1,0.5637354332144959
0,1,0.5469468281119084
0,0,0.4950973621344996
0,1,0.5430783923339633
0,0,0.49952203603835876
0,0,0.49702644791563827
1,0,0.49922413559143874
1,1,0.5910483847923174
1,1,0.5315265482787438
1,1,0.5800631971242198
1,1,0.5204194975367105
1,1,0.5558443173457855
1,1,0.6658381299415269
1,1,0.6798323244142372
1,1,0.5539104027477841
1,1,0.5881600983835187
1,1,0.5599424576418703
1,1,0.5092905579261329
1,1,0.5998803850076879
1,1,0.6114496309561734
1,1,0.5323506834369223
1,1,0.544867930650548
1,0,0.4908729861287546
1,1,0.5881103312218469
1,1,0.6383332495277354
1,1,0.6444173809375384
1,1,0.613804903788347
1,1,0.616302777427423
1,1,0.5080489967081764
1,0,0.4476602767692417
1,0,0.46852097404467846
1,1,0.5195692010062505
1,1,0.5185271599338327
1,0,0.42000618563366193
1,1,0.5432304070828416
1,1,0.5876256794800543
1,0,0.4837610961484623
1,0,0.47907136437052605
1,0,0.44372062535607243
1,1,0.5607650633545979
1,1,0.6288157747194993
1,1,0.5030418668670373
1,1,0.5566665491056868
1,1,0.5037658825199398
1,1,0.5561909185208186
1,1,0.5484442126488515
1,0,0.4355163827717017
1,0,0.34965439559530787
1,0,0.38852212533566394
1,1,0.5226407462029138
1,0,0.1861706953769188
1,0,0.1916108416421201
1,0,0.21244812368885868
1,0,0.21346189075841884
1,0,0.22795464902605425
1,0,0.23936611978786282
1,0,0.23073073841713396
1,0,0.22462384412619826
1,0,0.24115900225019637
1,0,0.20982256010735917
1,0,0.21924499247348705
1,0,0.22397043177508735
1,0,0.25531339592381813
1,0,0.25395241693768983
1,0,0.24250881295393562
1,0,0.25809279392783796
1,0,0.2358406501894535
1,0,0.2386870417190632
1,0,0.2537077343599017
1,0,0.2431027584125576
1,0,0.22760650559754847
1,0,0.2050440271631705
1,0,0.21270451078212196
1,0,0.21521805261245092
1,0,0.22304184615983505
1,0,0.2339237510332709
1,0,0.19099449229999937
1,0,0.25719934089961854
1,0,0.2818430679848198
1,0,0.49424969572543004
1,1,0.5466617942847684
1,0,0.4879548972901435
1,1,0.5262980804537338
1,1,0.5047508378980933
1,1,0.5081177978032451
1,1,0.5127825412125125
1,0,0.48391438827144
1,0,0.3914271526497766
1,0,0.33376840113084755
1,0,0.4197871239691328
1,1,0.6434201492730314
1,1,0.6318979049255509
1,1,0.532075725867744
1,1,0.5315451553290188
1,1,0.5210563300765209
1,1,0.6038959363695402
1,1,0.5045830810458668
1,1,0.6268502135447293
1,1,0.638290195180109
1,1,0.6211867616728273
1,1,0.6819424867877107
0,0,0.22270461919644916
0,0,0.22613291931375878
0,0,0.2396714130707935
0,0,0.2454541635915216
0,0,0.22167512423612387
0,0,0.2470820189900852
0,0,0.2447860350807462
0,0,0.21449911759116688
0,0,0.24079098086177894
0,0,0.25861192667609456
0,0,0.26953446799508635
0,0,0.2252426234547854
0,0,0.24430696750081818
0,0,0.2651803702953647
0,0,0.25237863603981375
0,0,0.25009936495877666
0,0,0.2337100061310152
0,0,0.2016372920179024
0,0,0.2266612500861326
0,0,0.22960556963116655
0,0,0.2402984387199701
0,0,0.20686346814468112
0,0,0.20498887319480022
0,0,0.23695433854432305
0,0,0.24157477013990128
0,0,0.26344607951729654
0,0,0.23155002309632466
0,0,0.27318057324331146
0,0,0.26034836012123713
0,0,0.2729110001809654
0,0,0.27640591228940786
0,0,0.28901036653491485
0,0,0.25297775954799506
0,0,0.2226298333688272
0,0,0.22037633227342154
0,0,0.15795229325238658
0,0,0.20029312049411405
0,0,0.23810079350015176
0,0,0.2355509147214877
0,0,0.22783242326236153
0,0,0.246422729336408
0,0,0.2125186088487075
0,0,0.21556844435571654
0,0,0.19481879534895977
0,0,0.20123142802495064
0,0,0.2156374473539637
0,0,0.2506951343258861
0,0,0.27343001419503954
0,0,0.27597636420795757
0,0,0.24532300850505018
0,0,0.23990440395360874
0,0,0.25654194809376957
0,0,0.26599277421176276
0,0,0.24847307597433765
0,0,0.22859419969193945
0,0,0.3427158526090247
0,0,0.35990700223504624
0,0,0.25590581933908235
0,0,0.22581524185105414
0,0,0.21428729424301501
0,0,0.1924750360531906
0,0,0.19334898029315467
0,0,0.17652943421661327
0,0,0.1888534229852575
0,0,0.15117634340687056
0,0,0.19746054830583123
1,0,0.19906031948280542
1,0,0.16983044115484636
1,0,0.21133907186740114
1,0,0.2130672210404126
1,0,0.18850823582775628
1,0,0.18233515098702685
1,0,0.18686127701601696
1,0,0.17781385033866745
1,0,0.1944633649245873
1,0,0.14876146214728908
1,0,0.16874810693582595
1,0,0.16022354433816627
1,0,0.19159768638611763
1,0,0.218977301677643
1,0,0.16829556280462996
1,0,0.17794264799413242
1,0,0.18165532802786835
1,0,0.18159326741199058
1,0,0.15522906319949029
1,0,0.18213149755855312
1,0,0.13593993859426728
1,0,0.1367168354543054
1,0,0.14421513458710195
1,0,0.18313427746857805
1,0,0.12703520442188376
1,0,0.14469947298992036
1,0,0.14788905286490261
1,0,0.14208295516814634
1,0,0.145348904839297
1,0,0.16106461112243228
1,0,0.11952052830462588
1,0,0.12882351668367215
1,0,0.14511892807415974
1,0,0.17272912193715714
1,0,0.1767334903070839
1,1,0.8801198912698055
1,1,0.8849742248005853
1,1,0.917741670422526
1,1,0.9173409981410424
1,1,0.9301744858739188
1,1,0.9217369482804115
1,1,0.8516579477626598
1,1,0.8540254664158199
1,1,0.8785179530773572
1,1,0.9181593765772215
1,1,0.9071078534401816
1,1,0.8764560402805637
1,1,0.9061735726933412
1,1,0.843066019085736
1,1,0.7433024902548485
1,1,0.7744826323587428
1,1,0.8281654519291056
1,1,0.8555163690854442
1,1,0.7924871747518365
1,1,0.7195686378066278
1,1,0.747523064913659
1,1,0.8002696955307286
1,1,0.5991910985443786
1,1,0.5712885413382522
1,1,0.6264152281916576
1,1,0.6228881749882142
1,1,0.5826664987086503
1,1,0.5153395272120996
1,1,0.6129527311793715
1,1,0.5466147542091878
1,1,0.5984733879837961
1,1,0.6459925761379789
1,1,0.6122837755084383
1,1,0.7991166265361842
1,1,0.7801274475535722
1,1,0.8175751710085339
1,1,0.7929076048161923
1,1,0.8067768843048987
1,1,0.8038442072634068
1,1,0.791775014834686
1,1,0.7205171809761517
1,1,0.7922740017624551
1,1,0.700599280261493
1,1,0.5737637472984578
0,1,0.659019701621841
0,1,0.6226803022399932
0,1,0.5627782194709596
0,1,0.5729609562534084
0,1,0.6084663595551989
0,1,0.6134675505226569
0,1,0.6158409128522493
0,1,0.6002905651374761
0,1,0.6519432291643383
0,1,0.6170026603519055
0,1,0.5811002335543174
0,0,0.14671643609356624
0,0,0.170232859596139
0,0,0.16034924869618816
0,0,0.16196403967525924
0,0,0.136693281351629
0,0,0.13629797933891494
0,0,0.15889255036862457
0,0,0.110028213581739
0,0,0.10408006771767785
0,0,0.09330631421519474
0,0,0.09862627395410715
0,0,0.10252834372214963
0,0,0.1153803637400344
0,0,0.1404723862847008
0,0,0.1140596419820498
0,0,0.10707703196945652
0,0,0.07746374259780574
0,0,0.09999633966957207
0,0,0.1091622108057382
0,0,0.08506574039993035
0,0,0.1129572720420189
0,0,0.11786652606523637
0,0,0.09455999252697474
0,0,0.0796105676692738
0,0,0.07600983439873499
0,0,0.1662502839896237
0,0,0.13658494501392254
0,0,0.11586354045024509
0,0,0.2295792634554428
0,1,0.6160792680882474
0,1,0.6401662084326201
0,1,0.6467972004695325
0,1,0.633819616108383
0,1,0.7335818708940641
0,1,0.7507392155001633
0,1,0.6381596340851239
0,1,0.7227417297898069
0,1,0.706470557559197
0,1,0.630746177686498
0,1,0.6691703482085165
1,1,0.8067007131448034
1,1,0.8237366872368977
1,1,0.8182020252769316
1,1,0.8477101824795636
1,1,0.7834862996566436
1,1,0.7852431647439956
1,1,0.7810529910498321
1,1,0.8269930760391282
1,1,0.753006424019351
1,1,0.7230399804050711
1,1,0.7328677989292582
0,0,0.21543396398278553
0,0,0.14956488240542531
0,0,0.14978387210805888
0,0,0.15680459276640557
0,0,0.1622506267241472
0,0,0.19427795047768107
0,0,0.18739734397726404
0,0,0.22279941804584447
0,0,0.1682293335341637
0,0,0.1775587052738833
0,0,0.21150499402875428
0,0,0.21056574409976606
0,0,0.18857725290060007
0,0,0.19097829663038138
0,0,0.21370025303559237
0,0,0.222874701096516
0,0,0.21093608693011162
0,0,0.1942305709891862
0,0,0.19888735941186883
0,0,0.20613370617029184
0,0,0.19508899742130603
0,0,0.19015507614483337
0,0,0.1956037520155592
0,0,0.17970194837149844
0,0,0.19577274787827167
0,0,0.27264122533183494
0,0,0.22895493646108445
0,0,0.19807448200628042
0,0,0.2097097222372274
0,0,0.18118262120397965
0,0,0.16627454753252152
0,0,0.16045895049979056
0,0,0.1753290446384405
0,0,0.31200829015838477
0,0,0.31086696565821476
0,0,0.3005117351565974
0,0,0.29700503332000844
0,0,0.2958028737495691
0,0,0.31726129825468313
0,0,0.33569598530765726
0,0,0.3688123003211436
0,0,0.3328210868302148
0,0,0.3150636984033333
0,0,0.28351386816559
0,0,0.26429023412239216
0,0,0.2745072330919365
0,0,0.2508552294865785
0,0,0.24455653200508742
0,0,0.27889400115610974
0,0,0.25671176684034314
0,0,0.2804891323260533
0,0,0.2907745037760763
0,0,0.3107081850994391
0,0,0.2961544733177693
0,0,0.29723850749724606
0,0,0.3602710087207682
0,0,0.38541556453281506
0,0,0.37325044446147204
0,0,0.34981383242766284
0,0,0.3474780333438354
0,0,0.31672639340970454
0,0,0.33836458810833214
0,0,0.3264207270992827
0,0,0.3431512121403316
0,0,0.3557465278361937
0,0,0.35923226626583593
0,0,0.2579522895306662
0,0,0.25535425522056393
0,0,0.2538167427164332
0,0,0.24614729685385586
0,0,0.25243803264038733
0,0,0.2356744423157322
0,0,0.30433097371145196
0,0,0.30159585717368426
0,0,0.25431681925241284
0,0,0.21798235358925822
0,0,0.20667896047669754
0,0,0.20972843363155053
0,0,0.21481300185639715
0,0,0.22924413292784135
0,0,0.22671257692045305
0,0,0.24514625131624182
0,0,0.2528873268731476
0,0,0.2617743608157638
0,0,0.23861373813280146
0,0,0.23243947507724663
0,0,0.25964626352283027
0,0,0.25707972758183756
0,0,0.2619773948420063
0,0,0.2508782215416784
0,0,0.2257233228109114
0,0,0.2595264654642643
0,0,0.24419523528995082
0,0,0.2376773082037629
0,0,0.24989450059070759
0,0,0.2415910930603558
0,0,0.21982575353231032
0,0,0.18593912608769186
0,0,0.20168495025643401
0,0,0.21257980503515936
0,0,0.349183652273641
0,1,0.8523091589557785
0,1,0.7457535810492746
0,1,0.7690255147309227
0,1,0.7716751810718803
0,1,0.8126793439188325
0,1,0.8303459970098461
0,1,0.8123964020531362
0,1,0.7960151309313694
0,1,0.8023313382184253
0,1,0.8520559741371209
0,1,0.8077182046019155
0,1,0.8583965928028553
0,1,0.8667809204587559
0,1,0.8129186153964377
0,1,0.8106442237324952
0,1,0.8196935310255387
0,1,0.7989780920709103
0,1,0.8178549653165291
0,1,0.7872431606825211
0,1,0.8174682093646989
0,1,0.8496968131965992
0,1,0.8573824505987113
0,1,0.6464450464054168
0,1,0.690020646320939
0,1,0.6882335803673427
0,1,0.6731550059865722
0,1,0.7040302042609367
0,1,0.6734069499554276
0,1,0.6947398388756105
0,1,0.7494296690646656
0,1,0.6797843382841784
0,1,0.6404055558834963
0,1,0.6501902089060855
0,1,0.8558098295339788
0,1,0.8208596030317152
0,1,0.8561594934096105
0,1,0.8431447009960041
0,1,0.8319769110400331
0,1,0.8290220966924852
0,1,0.8404346562839703
0,1,0.8461872701482943
0,1,0.8019096772032873
0,1,0.8206974375470115
0,1,0.8029071662918063
0,1,0.816186156356737
0,1,0.8386978758447775
0,1,0.8609558990676731
0,1,0.8508963940299246
0,1,0.8235218389177321
0,1,0.8419355309376674
0,1,0.8388870311044712
0,1,0.841877087705564
0,1,0.8264220361920559
0,1,0.8095800102336815
0,1,0.858111498055068
0,0,0.24571936123416566
0,0,0.2731597066121806
0,0,0.2834254301735369
0,0,0.255243196787999
0,0,0.21344837313781645
0,0,0.25361781954504925
0,0,0.25031607186776794
0,0,0.24820937378251753
0,0,0.24709463808960436
0,0,0.3046644851555439
0,0,0.3156829351189701
0,0,0.24000483917036775
0,0,0.24297872798547948
0,0,0.2982618160729378
0,0,0.2564682214587831
0,0,0.20345520140239443
0,0,0.17359394884840815
0,0,0.1969622412964448
0,0,0.2551096951461122
0,0,0.23442786972784999
0,0,0.20589647959349866
0,0,0.19871077578739652
0,0,0.24400486298127394
0,0,0.22677942518069327
0,0,0.18933296628144455
0,0,0.256361408692993
0,0,0.21223229610077066
0,0,0.21336274003966085
0,0,0.22121366810896756
0,1,0.8941224642320132
0,1,0.8640467623139115
0,1,0.8616428841281367
0,1,0.8484587109513871
0,1,0.8448385343687501
0,1,0.8826061480267327
0,1,0.8143910376020516
0,1,0.7753551941293158
0,1,0.757848536902074
0,1,0.8330796575418499
0,1,0.8313150327942616
0,1,0.8058750742309284
0,1,0.7817563182187806
0,1,0.8574857036918356
0,1,0.8716882926829029
0,1,0.800043192056372
0,1,0.7779824892573625
0,1,0.7923737275577278
0,1,0.7729949016181457
0,1,0.7985899443020127
0,1,0.8158159760071706
0,1,0.8024529209977088
0,0,0.30100731809544545
0,0,0.3045389999180635
0,0,0.28222098124333356
0,0,0.26208374014803704
0,0,0.2849586377191613
0,0,0.27403534274203367
0,0,0.23080236944558383
0,0,0.2615785334468415
0,0,0.23887856564864848
0,0,0.26192104555588386
0,0,0.24726451028282206
0,0,0.27447556737492507
0,0,0.3022596345357171
0,0,0.29431720332897826
0,0,0.24053374376740888
0,0,0.23593792409533584
0,0,0.2356591363178068
0,0,0.27498739217301044
0,0,0.27473394876468804
0,0,0.2671301475430899
0,0,0.2566767203299372
0,0,0.25766018568011584
0,0,0.26676012468392274
0,0,0.20952721600789243
0,0,0.253039445678221
0,0,0.2965413528528145
0,0,0.2814771067998629
0,0,0.30572315088154023
0,0,0.3087238117268363
0,0,0.24630734285120914
0,0,0.236645456738453
0,0,0.26521503004289326
0,0,0.24774564597222976
0,0,0.18720334079182244
0,0,0.18648462191385587
0,0,0.16818831165442788
0,0,0.19017568942434912
0,0,0.21052061415639994
0,0,0.20450060309369364
0,0,0.23613570620706573
0,0,0.2787248708596222
0,0,0.26907794415074804
0,0,0.28209421216510533
0,0,0.2888294236376579
0,0,0.2713898626657927
0,0,0.2986971059486045
0,0,0.29833949085310535
0,0,0.26669361305478234
0,0,0.314791823304868
0,0,0.29707947587470573
0,0,0.3278437339732568
0,0,0.3317588232748852
0,0,0.2991949111990141
0,0,0.2992738792499596
0,0,0.2976294482408667
0,0,0.4396612957834265
0,0,0.41514171332001515
0,0,0.41514171332001515
0,0,0.41514171332001515
0,0,0.41514171332001515
0,0,0.41514171332001515
0,0,0.41514171332001515
0,0,0.41514171332001515
0,0,0.41514171332001515
0,0,0.41514171332001515
0,0,0.41514171332001515
0,0,0.41514171332001515
0,0,0.41224611981246234
0,0,0.41514171332001515
0,0,0.41514171332001515
0,0,0.41514171332001515
0,0,0.41514171332001515
0,0,0.41514171332001515
0,0,0.41514171332001515
0,0,0.41224611981246234
0,0,0.41514171332001515
0,0,0.41514171332001515
0,0,0.41514171332001515
0,0,0.41514171332001515
0,0,0.41514171332001515
0,0,0.41514171332001515
0,0,0.41514171332001515
0,0,0.41514171332001515
0,0,0.41514171332001515
0,0,0.41514171332001515
0,0,0.41514171332001515
0,0,0.41514171332001515
0,0,0.41224611981246234
0,0,0.41514171332001515
0,0,0.41514171332001515
0,0,0.41514171332001515
0,0,0.41514171332001515
0,0,0.41514171332001515
0,0,0.41514171332001515
0,0,0.41514171332001515
0,0,0.41514171332001515
0,0,0.41514171332001515
0,0,0.41224611981246234
0,0,0.41514171332001515
0,0,0.41514171332001515
0,0,0.4396612957834265
0,0,0.4396612957834265
0,0,0.4396612957834265
0,0,0.4396612957834265
0,0,0.4396612957834265
0,0,0.4396612957834265
0,0,0.41514171332001515
0,0,0.41795581535257686
0,0,0.4396612957834265
0,0,0.41514171332001515
0,0,0.41514171332001515
0,0,0.41514171332001515
0,0,0.41514171332001515
0,0,0.41514171332001515
0,0,0.41514171332001515
0,0,0.41514171332001515
0,0,0.41224611981246234
0,0,0.41224611981246234
0,0,0.41224611981246234
0,0,0.41224611981246234
0,0,0.41224611981246234
0,0,0.41514171332001515
0,0,0.41514171332001515
0,0,0.41514171332001515
0,0,0.41514171332001515
0,0,0.41514171332001515
0,0,0.41514171332001515
0,0,0.41514171332001515
0,0,0.41224611981246234
0,0,0.41224611981246234
0,0,0.41514171332001515
0,0,0.41514171332001515
0,0,0.41224611981246234
0,0,0.41514171332001515
0,0,0.41514171332001515
0,0,0.41514171332001515
0,0,0.41514171332001515
0,0,0.41514171332001515
0,0,0.41514171332001515
0,0,0.41514171332001515
0,0,0.41514171332001515
0,0,0.41514171332001515
0,0,0.41514171332001515
0,0,0.41514171332001515
0,0,0.41514171332001515
0,0,0.41514171332001515
0,0,0.41514171332001515
0,0,0.41514171332001515
0,0,0.41224611981246234
0,0,0.41514171332001515
0,0,0.41514171332001515
0,0,0.41514171332001515
0,0,0.41224611981246234
0,0,0.41514171332001515
0,0,0.41224611981246234
0,0,0.41514171332001515
0,0,0.41514171332001515
0,0,0.41514171332001515
0,0,0.41514171332001515
0,0,0.41514171332001515
0,0,0.41514171332001515
0,0,0.41514171332001515
0,0,0.41514171332001515
0,0,0.41514171332001515
0,0,0.41514171332001515
0,0,0.41514171332001515
0,0,0.41514171332001515
0,0,0.41514171332001515
0,0,0.41514171332001515
0,0,0.41514171332001515
0,0,0.41514171332001515
0,0,0.41514171332001515
0,0,0.41514171332001515
0,0,0.41514171332001515
0,0,0.41514171332001515
0,0,0.41514171332001515
0,0,0.41514171332001515
0,0,0.41514171332001515
0,0,0.41514171332001515
0,0,0.41514171332001515
0,0,0.41514171332001515
0,0,0.41514171332001515
0,0,0.41514171332001515
0,0,0.41514171332001515
0,0,0.41514171332001515
0,0,0.41514171332001515
0,0,0.41514171332001515
0,0,0.41514171332001515
0,0,0.41514171332001515
0,0,0.41514171332001515
0,0,0.41514171332001515
0,0,0.41514171332001515
0,0,0.41514171332001515
0,0,0.41514171332001515
0,0,0.41514171332001515
0,0,0.41514171332001515
0,0,0.41224611981246234
0,0,0.41514171332001515
0,0,0.41514171332001515
0,0,0.41514171332001515
0,0,0.41224611981246234
0,0,0.41514171332001515
0,0,0.41514171332001515
0,0,0.41514171332001515
0,0,0.41514171332001515
0,0,0.41514171332001515
0,0,0.41514171332001515
0,0,0.41514171332001515
0,0,0.41514171332001515
0,0,0.41514171332001515
0,0,0.41514171332001515
0,0,0.41514171332001515
0,0,0.41514171332001515
0,0,0.41514171332001515
0,0,0.41514171332001515
0,0,0.41514171332001515
0,0,0.41224611981246234
0,0,0.41224611981246234
0,0,0.41224611981246234
0,0,0.41224611981246234
0,0,0.41224611981246234
0,0,0.41224611981246234
0,0,0.3186285188654268
0,0,0.276021316708472
0,0,0.2783545523522425
0,0,0.27233933095358553
0,0,0.2681985291684914
0,0,0.2776052172385357
0,0,0.2775494534147381
0,0,0.29172185632301206
0,0,0.2789348132486252
0,0,0.2851473400459848
0,0,0.27970986476900533
1,0,0.2865286912682667
1,0,0.27610929613241764
1,0,0.3043192385112629
1,0,0.28622766035903346
1,0,0.3014904362449299
1,0,0.34510618064939436
1,0,0.297905034043577
1,0,0.2875894794954037
1,0,0.2675725537611741
1,0,0.30045233234679636
1,0,0.2779334543241172
1,0,0.27987298733101496
1,0,0.3113031260013906
1,0,0.27026018217713954
1,0,0.2543007113577045
1,0,0.246580376053941
1,0,0.20648531508970738
1,0,0.2218665213022045
1,0,0.21740217590775898
1,0,0.2062185933778934
1,0,0.1807546752901786
1,0,0.16644244563603958
1,0,0.19897585649894414
1,0,0.21999466338522897
1,0,0.20897967884301433
1,0,0.20440398478626573
1,0,0.19825969333054444
1,0,0.28167135023084855
1,0,0.2863918037489626
1,0,0.24935198229025118
1,0,0.21944222820068213
1,0,0.23002594911040003
1,0,0.21332628033791853
1,0,0.21511035499849496
1,0,0.2464298971879526
1,1,0.7851184904297154
1,1,0.7716048414894232
1,1,0.6247366777957146
1,1,0.5583975904714477
1,1,0.8028778803659884
1,1,0.8016903884618908
1,1,0.8162288906096217
1,1,0.8106696945367105
1,1,0.8087804086778285
1,1,0.7096799642671244
1,1,0.700761522702781
1,1,0.7375369874260963
1,1,0.7208759557916801
1,0,0.47837571557634306
1,1,0.5960270226350434
1,1,0.8399780191223611
1,1,0.8408581099059533
1,1,0.8610385606927923
1,1,0.8449530445847239
1,1,0.8447406289919687
1,1,0.8473987234272065
1,1,0.8363692539643429
1,1,0.6806423623302709
1,0,0.49948106989911323
1,1,0.5413322114260892
1,1,0.7214820898276532
1,1,0.7514502787067324
1,1,0.7114006593928254
1,1,0.7159930005259061
1,1,0.7062592235753002
1,1,0.7009198469824444
1,1,0.7045085793823374
1,1,0.6991097386799419
1,1,0.6754646877723886
1,1,0.5769302169020732
1,1,0.5216955038350037
1,1,0.6838026816818159
1,1,0.8145316347880328
1,1,0.7974077495257312
1,1,0.8134730140738122
1,1,0.8065435324583646
1,1,0.7954173351524372
1,1,0.8050330046367925
1,1,0.7768147769928794
1,1,0.8171945750438969
1,1,0.6943558683214393
1,1,0.5701102888106953
1,1,0.5857634565815428
1,1,0.7799943178888035
1,1,0.7843108869042212
1,1,0.7823040184605372
1,1,0.7842727644840758
1,1,0.7197802375644983
1,1,0.7230974803598009
1,1,0.7067183400881275
0,0,0.2336253156277187
0,0,0.2995311073473154
0,0,0.3056451719898112
0,0,0.2796836443509283
0,0,0.2285497694842499
0,0,0.2006775656709526
0,0,0.22134163706744098
0,0,0.2991838380442475
0,0,0.3309039204414419
0,0,0.28140677477755177
0,0,0.2612515170222958
0,0,0.26571002975969127
0,0,0.23171249235196792
0,0,0.22080101136433433
0,0,0.25117206951778814
0,0,0.24089431829903207
0,0,0.23015755063467164
0,0,0.21406719064320792
0,0,0.21475077878815585
0,0,0.18864823154166924
0,0,0.22157771139399493
0,0,0.26101353555851703
0,0,0.3522220190692066
0,0,0.35294595766075426
0,0,0.3476552705129391
0,0,0.32661482614830123
0,0,0.28066196090344275
0,0,0.2711652563023142
0,0,0.28220597216690746
1,1,0.6546915275450015
1,1,0.6673953088292796
1,1,0.5080607747533417
1,1,0.6829665947293283
1,1,0.7053720989474408
1,1,0.6939019875420028
1,1,0.7049581474302222
1,1,0.6958090322880044
1,1,0.6997893369000395
1,1,0.7119557912944239
1,1,0.7052432931123432
1,1,0.8067653939771815
1,1,0.7725112482046091
1,1,0.6960407778561953
1,1,0.8446679648341577
1,1,0.8955127837729158
1,1,0.89214630328367
1,1,0.8498713960808721
1,1,0.7557777470169295
1,1,0.7709036873803562
1,1,0.8427345428723053
1,1,0.8176549790522194
0,0,0.2811742825798332
0,0,0.17135779312566263
0,0,0.2108586632469283
0,0,0.24632045696179497
0,0,0.23705481596039774
0,0,0.2047034189447103
0,0,0.21641568171540077
0,0,0.22550712465417624
0,0,0.23359627452284845
0,0,0.2648270014743229
0,0,0.2370195595692097
0,0,0.22105270304176153
0,0,0.21153679477155818
0,0,0.24952171536649292
0,0,0.2839682199211531
0,0,0.26043413762380035
0,0,0.24218901606265786
0,0,0.247961231374418
0,0,0.2640597108478206
0,0,0.250130064923
0,0,0.26676918607749106
0,0,0.29400106774264395
0,0,0.24803924155260065
0,0,0.22372866426874105
0,0,0.21469710851942014
0,0,0.23157567058057013
0,0,0.214190206391438
0,0,0.19325748215807792
0,0,0.208622543453008
0,0,0.20674765043914467
0,0,0.21754681179415133
0,0,0.26157183365926323
0,0,0.2483288369393341
1,0,0.22606755495269898
1,0,0.2041722909037904
1,0,0.14990539382498966
1,0,0.13902466569555294
1,0,0.17620901600288694
1,0,0.2352815258676718
1,0,0.21675489561857378
1,0,0.1552812058365391
1,0,0.16847391109749693
1,0,0.18682564191664514
1,0,0.19857048810608838
1,0,0.20218546213421362
1,0,0.20871353968907327
1,0,0.2599947899639392
1,0,0.30297424736623385
1,0,0.25989688077965045
1,0,0.23617324437463807
1,0,0.24003108641054685
1,0,0.23885301191354283
1,0,0.2036178319764368
1,0,0.21792594561432574
1,0,0.20666799742447697
0,0,0.2456012386276235
0,0,0.2846620098464318
0,0,0.24666701532421131
0,0,0.3403508874884654
0,0,0.32940142730502314
0,0,0.35872380123915026
0,0,0.3231577933442782
0,0,0.25654655041039676
0,0,0.2088160971805248
0,0,0.23888673525791687
0,0,0.23649830553933765
0,0,0.2176196903495497
0,0,0.22229704503822345
0,0,0.1941077608495463
0,0,0.18342492491924156
0,0,0.21827793884245966
0,0,0.23057371328860438
0,0,0.2629095922781012
0,0,0.2877359155250287
0,0,0.24686248736078212
0,0,0.24698603059300261
0,0,0.20786443326016524
0,0,0.21846844696694048
0,0,0.23127951836238136
0,0,0.2369951928211368
0,0,0.15036639956907957
0,0,0.12769762381252114
0,0,0.1479307546201035
0,0,0.2332240096080387
0,0,0.22874236533822767
0,0,0.1912598495994294
0,0,0.25196815118464655
0,0,0.2710276658403161
0,0,0.20282038556864587
0,0,0.1850057534486634
0,0,0.14803815646140583
0,0,0.13933092465716432
0,0,0.14155945891514032
0,0,0.1890212337906352
0,0,0.18062612128027034
0,0,0.17087483360973516
0,0,0.1921385507213529
0,0,0.24381750003570532
0,0,0.18787899291042962
0,0,0.21723949385988278
0,0,0.1320761633023482
1,1,0.7216108370092306
1,1,0.7224586485594101
1,1,0.7083915782612468
1,1,0.7077894266642965
1,1,0.7140536885565127
1,1,0.6142649038901827
1,1,0.6941993222782453
1,1,0.7317989546840216
1,1,0.6075807017534263
1,1,0.6054733492749742
1,1,0.5736992465722467
1,1,0.7341607406990606
1,1,0.6084712329311839
1,1,0.5955820650683937
1,1,0.6898181843327537
1,1,0.6840272204320688
1,1,0.6426243824455995
1,1,0.6286080966487875
1,1,0.5505549917879174
1,1,0.5110336619087215
1,1,0.5953830149310799
1,1,0.622242841533092
1,1,0.8014689890716201
1,1,0.6505452336947058
1,1,0.7645194062505244
1,1,0.7699695024877087
1,1,0.6966058321952953
1,1,0.746728332418256
1,1,0.7213700218133478
1,1,0.7778801199493117
1,1,0.6987349131120938
1,1,0.681458631391622
1,1,0.5536073983602122
0,1,0.7701965256361971
0,1,0.770765329590851
0,1,0.7232137088841231
0,1,0.68357638015652
0,1,0.6467756201396503
0,1,0.7065793091407752
0,1,0.6423277534584004
0,1,0.5781807225693804
0,1,0.5630942470472662
0,1,0.606987198589233
0,1,0.598798035662231
1,1,0.6940739591928161
1,1,0.6844948981571956
1,1,0.6664215852923989
1,1,0.620316775491014
1,1,0.6298958829762561
1,1,0.7304497624442942
1,1,0.6724775445272249
1,1,0.5740791149803847
1,1,0.50085444878387
1,0,0.4973469204709977
1,1,0.6218434717888982
0,0,0.19150211395417854
0,0,0.24270193993871053
0,0,0.2108429688614941
0,0,0.2696941735352539
0,0,0.2689700326275322
0,0,0.24552345698794467
0,0,0.20726863142434582
0,0,0.20094964578382302
0,0,0.21527586164036147
0,0,0.24964588851259698
0,0,0.228360722144925
0,0,0.22589510333364832
0,0,0.2809462523456143
0,0,0.2612178014690229
0,0,0.25293692318988115
0,0,0.23490954865178157
0,0,0.1996498984878081
0,0,0.16124069431955906
0,0,0.22194498717003086
0,0,0.2019083073559936
0,0,0.17664786666071763
0,0,0.19105855614238437
0,0,0.2541523237882166
0,0,0.19291016784339973
0,0,0.21499284603286298
0,0,0.2542093767948202
0,0,0.23992111667180183
0,0,0.2532874712127968
0,0,0.2292490028057469
0,1,0.7802638227171582
0,1,0.7474274723319929
0,1,0.7156146690471905
0,1,0.7067598650899459
0,1,0.6753551852645948
0,1,0.7547298517710262
0,1,0.6204030201426322
0,1,0.662705449953677
0,1,0.6313611789976882
0,1,0.633236087019034
0,1,0.6723749878648891
1,1,0.7084500215600549
1,1,0.6631296989510537
1,1,0.6698602988639891
1,1,0.665673979612056
1,1,0.7035727889291664
1,1,0.7492286887106979
1,1,0.7055691993715832
1,1,0.5949902918031352
1,1,0.7068528010860814
1,1,0.7377584390334568
1,1,0.734462066548982
0,0,0.3461037278416547
0,0,0.30242962512369465
0,0,0.28308558113899185
0,0,0.23128588436295236
0,0,0.2437820118093571
0,0,0.23538998069817318
0,0,0.2761887954337156
0,0,0.3426283429738066
0,0,0.3068332425624074
0,0,0.3835456308325494
0,0,0.37786461624031276
0,0,0.3628177269505317
0,0,0.4039243456274865
0,0,0.43829439784446544
0,0,0.4874402319102335
0,0,0.47681706075957175
0,0,0.42674531415594125
0,0,0.39027746538874925
0,0,0.3697868571364768
0,0,0.3801417013741706
0,0,0.3467038700567847
0,0,0.3819240044659074
0,0,0.35783430533097177
0,0,0.3915845961290875
0,0,0.36566466895742644
0,0,0.402574303399375
0,0,0.4029389960564509
0,0,0.42088397424144247
0,0,0.4575289651525359
0,0,0.43307635938712397
0,0,0.35590595599571656
0,0,0.39420794437281204
0,0,0.4460292754059051
0,0,0.38408775350223867
0,0,0.3516682949400659
0,0,0.3795280251307404
0,0,0.4683366593668745
0,0,0.4159642840945081
0,0,0.35727376656726095
0,0,0.42352014495951523
0,0,0.4728914751598849
0,0,0.4875066322013467
0,1,0.5088785506780602
0,0,0.4793126905734752
0,0,0.46662742457964085
0,0,0.4754758980309088
0,0,0.45781138901796486
0,1,0.5031960714755507
0,0,0.4928952432957464
0,0,0.46761790806753284
0,0,0.4621283019953506
0,0,0.4728421906689026
0,0,0.45950897390589773
0,0,0.46648203276447847
0,0,0.47188413135469964
0,0,0.41224611981246234
0,0,0.41514171332001515
0,0,0.41224611981246234
0,0,0.41224611981246234
0,0,0.41224611981246234
0,0,0.41224611981246234
0,0,0.41224611981246234
0,0,0.41224611981246234
0,0,0.41224611981246234
0,0,0.41224611981246234
0,0,0.41224611981246234
0,0,0.4396612957834265
0,0,0.4248202973406399
0,0,0.41514171332001515
0,0,0.41514171332001515
0,0,0.41514171332001515
0,0,0.41514171332001515
0,0,0.41514171332001515
0,0,0.41514171332001515
0,0,0.41514171332001515
0,0,0.41514171332001515
0,0,0.41514171332001515
0,0,0.41514171332001515
0,0,0.41514171332001515
0,0,0.41514171332001515
0,0,0.41514171332001515
0,0,0.41514171332001515
0,0,0.41514171332001515
0,0,0.41514171332001515
0,0,0.41514171332001515
0,0,0.41514171332001515
0,0,0.41514171332001515
0,0,0.41514171332001515
0,0,0.41514171332001515
0,0,0.41514171332001515
0,0,0.41514171332001515
0,0,0.41514171332001515
0,0,0.41514171332001515
0,0,0.41224611981246234
0,0,0.41224611981246234
0,0,0.41224611981246234
0,0,0.41224611981246234
0,0,0.41224611981246234
0,0,0.41224611981246234
0,0,0.41224611981246234
0,0,0.41224611981246234
1,0,0.41224611981246234
1,0,0.41224611981246234
1,0,0.41514171332001515
1,0,0.41514171332001515
1,0,0.41224611981246234
1,0,0.41224611981246234
1,0,0.41224611981246234
1,0,0.41224611981246234
1,0,0.41224611981246234
1,0,0.41224611981246234
1,0,0.41224611981246234
1,0,0.42307026682232063
1,0,0.41514171332001515
1,0,0.41224611981246234
1,0,0.41224611981246234
1,0,0.41514171332001515
1,0,0.41224611981246234
1,0,0.41224611981246234
1,0,0.41224611981246234
1,0,0.41224611981246234
1,0,0.41224611981246234
1,0,0.41514171332001515
1,0,0.447589849285732
1,0,0.447589849285732
1,0,0.44282370589493064
1,0,0.4396612957834265
1,0,0.4396612957834265
1,0,0.4396612957834265
1,0,0.4396612957834265
1,0,0.4396612957834265
1,0,0.4396612957834265
1,0,0.44282370589493064
1,0,0.44282370589493064
1,0,0.4396612957834265
1,0,0.4396612957834265
1,0,0.4396612957834265
1,0,0.4396612957834265
1,0,0.4396612957834265
1,0,0.4396612957834265
1,0,0.43676570227587364
1,0,0.43676570227587364
1,0,0.43676570227587364
1,0,0.4396612957834265
1,0,0.4396612957834265
1,0,0.44282370589493064
1,0,0.44282370589493064
1,0,0.4396612957834265
1,0,0.4396612957834265
1,0,0.44282370589493064
1,0,0.4399281123873778
1,0,0.4399281123873778
1,0,0.447589849285732
1,0,0.447589849285732
1,0,0.4399281123873778
1,0,0.4399281123873778
0,0,0.4396612957834265
0,0,0.4396612957834265
0,0,0.4396612957834265
0,0,0.4211898374114926
0,0,0.41514171332001515
0,0,0.41514171332001515
0,0,0.41514171332001515
0,0,0.41514171332001515
0,0,0.41514171332001515
0,0,0.41514171332001515
0,0,0.41514171332001515
0,0,0.41514171332001515
0,0,0.41514171332001515
0,0,0.41514171332001515
0,0,0.41514171332001515
0,0,0.41514171332001515
0,0,0.41514171332001515
0,0,0.41514171332001515
0,0,0.41514171332001515
0,0,0.41514171332001515
0,0,0.41514171332001515
0,0,0.41224611981246234
0,0,0.41224611981246234
0,0,0.41224611981246234
0,0,0.41224611981246234
0,0,0.41224611981246234
0,0,0.41224611981246234
0,0,0.41224611981246234
0,0,0.41224611981246234
0,0,0.41514171332001515
0,0,0.42307026682232063
0,0,0.4258843688548824
0,0,0.4258843688548824
0,0,0.41540852992396643
0,0,0.42307026682232063
0,0,0.42307026682232063
0,0,0.42307026682232063
0,0,0.41224611981246234
0,0,0.41224611981246234
0,0,0.41540852992396643
1,0,0.42307026682232063
1,0,0.41514171332001515
1,0,0.41514171332001515
1,0,0.41224611981246234
1,0,0.41224611981246234
1,0,0.41540852992396643
1,0,0.41540852992396643
1,0,0.41224611981246234
1,0,0.41224611981246234
1,0,0.41514171332001515
1,0,0.41514171332001515
1,0,0.41224611981246234
1,0,0.41224611981246234
1,0,0.41224611981246234
1,0,0.41224611981246234
1,0,0.41224611981246234
1,0,0.41224611981246234
1,0,0.41224611981246234
1,0,0.41224611981246234
1,0,0.41224611981246234
1,0,0.41224611981246234
1,0,0.41224611981246234
1,0,0.41224611981246234
1,0,0.41224611981246234
1,0,0.41224611981246234
1,0,0.41224611981246234
1,0,0.41224611981246234
1,0,0.41224611981246234
1,0,0.41224611981246234
1,0,0.41224611981246234
1,0,0.41224611981246234
1,0,0.41224611981246234
1,0,0.41224611981246234
1,0,0.41224611981246234
1,0,0.41514171332001515
1,0,0.4183041234315193
1,0,0.4183041234315193
1,0,0.4183041234315193
1,0,0.42307026682232063
1,0,0.42307026682232063
1,0,0.447589849285732
1,0,0.447589849285732
1,0,0.447589849285732
1,0,0.447589849285732
1,0,0.44282370589493064
1,0,0.4396612957834265
1,0,0.4396612957834265
1,0,0.4396612957834265
1,0,0.4396612957834265
1,0,0.4396612957834265
1,0,0.4396612957834265
1,0,0.4396612957834265
1,0,0.4396612957834265
1,0,0.4396612957834265
1,0,0.4396612957834265
1,0,0.4396612957834265
1,0,0.41795581535257686
1,0,0.41514171332001515
1,0,0.41514171332001515
1,0,0.41514171332001515
1,0,0.41514171332001515
1,0,0.41514171332001515
1,0,0.41514171332001515
1,0,0.41514171332001515
1,0,0.41514171332001515
1,0,0.41514171332001515
0,0,0.1920312243086123
0,0,0.1934795759032595
0,0,0.16864572580919773
0,0,0.1286564485641433
0,0,0.08072424099134427
0,0,0.09572345193537901
0,0,0.1470326936008209
0,0,0.1464513364040346
0,0,0.15072976386595516
0,0,0.18322445958533348
0,0,0.15194073533816177
0,0,0.07636476264170822
0,0,0.12277008595612074
0,0,0.13593895620792457
0,0,0.10385664842149925
0,0,0.11873424595513328
0,0,0.07400467173450322
0,0,0.1186018662166219
0,0,0.129240736787354
0,0,0.09145606669947445
0,0,0.13772429864464736
0,0,0.15561602081762158
0,0,0.12623203213270567
0,0,0.10928026293118048
0,0,0.12293134382573796
0,0,0.12104837557307398
0,0,0.11294507288142387
0,0,0.08296792016348159
0,0,0.10297197478485795
0,0,0.14273851433819432
0,0,0.139032089356303
0,0,0.138048365059972
0,0,0.17874156926660612
0,0,0.14105839804462544
0,0,0.08941258192628633
0,0,0.08966353791727512
0,0,0.08548999222817555
0,0,0.0813702050037223
0,0,0.09873610957413403
0,0,0.0989882589387121
0,0,0.11691725766804276
0,0,0.1186048578191264
0,0,0.1022978799326755
0,0,0.09588797699766079
0,0,0.11719336142201986
0,0,0.09141457149559315
1,1,0.6857986702935915
1,1,0.5986074317464147
1,1,0.6832749255045267
1,1,0.8406445317648373
1,1,0.8631885489099373
1,1,0.7406230883496115
1,1,0.7360035638887419
1,1,0.727142069916982
1,1,0.7240372902620811
1,1,0.7646304209266798
1,1,0.7587771322037746
1,1,0.8405956444977919
1,1,0.7200131542283288
1,1,0.7049926710926823
1,1,0.7462307424481655
1,1,0.7378849826038671
1,1,0.7513484634454123
1,1,0.7770933944692561
1,1,0.7960783343266542
1,1,0.7811551056008126
1,1,0.7353243192422612
1,1,0.7547410293602966
1,1,0.7112128737417497
1,1,0.7494723037515744
1,1,0.7385239144739996
1,1,0.7114377633260102
1,1,0.7419606253440173
1,1,0.7033611828671803
1,1,0.6983081022656275
1,1,0.6569209116411058
1,1,0.6738083878345636
1,1,0.6660445791529394
1,1,0.6573189881538739
1,1,0.7401106741328651
1,1,0.6697258172024344
1,1,0.6842690078506223
1,1,0.6753571514378703
1,1,0.6292168529344244
1,1,0.610003769060885
1,1,0.6368759687385827
1,1,0.6411568310174515
1,1,0.6613518438149351
1,1,0.6783239378973563
1,1,0.6282435069696303
1,1,0.8886371329511185
1,1,0.8303697369690554
1,1,0.7355055203673504
1,1,0.7223348621292079
1,1,0.7066361462508894
1,1,0.7255112516087678
1,1,0.7284153003408924
1,1,0.7442433698043017
1,1,0.7330180633161872
1,1,0.7327674743876531
1,1,0.7257719471630761
0,0,0.12623565449350463
0,0,0.11908331688282009
0,0,0.11424931000151138
0,0,0.10219234870062405
0,0,0.09315389049422862
0,0,0.10101736639066443
0,0,0.10397880808817278
0,0,0.11701456317017468
0,0,0.10615431555320784
0,0,0.1239614063289199
0,0,0.1369898990198912
0,0,0.18409945400561317
0,0,0.19728462475126382
0,0,0.16322144290122234
0,0,0.18100041081253893
0,0,0.19598490048992695
0,0,0.19969149029157546
0,0,0.1824661205785392
0,0,0.1705223022600711
0,0,0.1893573913201158
0,0,0.1772748886873232
0,0,0.17043127479454312
0,0,0.22285952430428527
0,0,0.23335236723843497
0,0,0.2285236698956458
0,0,0.1959009205229913
0,0,0.2112890778451967
0,0,0.19874285148311419
0,0,0.20727525519201598
0,1,0.7993496020617815
0,1,0.780105117222575
0,1,0.756756108828428
0,1,0.621555376480941
0,1,0.611816109270151
0,1,0.6357734500676534
0,1,0.643330519207262
0,1,0.6098407930711983
0,1,0.7179309555518604
0,1,0.7456543511100121
0,1,0.681957499712493
1,1,0.7844210078038497
1,1,0.8005990343640661
1,1,0.7972087659014458
1,1,0.7987642596709041
1,1,0.7892030788973271
1,1,0.780544611041195
1,1,0.7876439897480401
1,1,0.8846238191206904
1,1,0.8799166072344492
1,1,0.7978539424630594
1,1,0.8000414972362383
1,0,0.16471078315679044
1,0,0.15850095229191052
1,0,0.14982514115093315
1,0,0.16552470090628998
1,0,0.12070931169637149
1,0,0.1368790898949921
1,0,0.11286439149125639
1,0,0.1237450977467569
1,0,0.13641638564821018
1,0,0.13711082552373077
1,0,0.1419571109319607
1,0,0.1437062218283253
1,0,0.14686747461290142
1,0,0.13953722764784518
1,0,0.14335752827202525
1,0,0.16198703830311525
1,0,0.19342914848197043
1,0,0.203988589268073
1,0,0.18299988854163476
1,0,0.14517930415166763
1,0,0.18515967233123998
1,0,0.1857179288307527
1,0,0.19487160861072542
1,0,0.18614676458983564
1,0,0.17183361062893976
1,0,0.18185924592553654
1,0,0.19307853263057187
1,0,0.1722122115955126
1,0,0.23119132336913828
1,0,0.20911081752268085
1,0,0.2156369999006836
1,0,0.24342093948312396
1,0,0.22574196034175695
1,0,0.1890012857896122
1,0,0.16942147313830908
1,0,0.1866675738688751
1,0,0.205646785849563
1,0,0.1754472972916087
1,0,0.18800380980625378
1,0,0.1801681226709972
1,0,0.19442164064222867
1,0,0.19263497108878233
1,0,0.24582518009142496
1,0,0.2215782114786305
1,0,0.20596247712087262
1,0,0.22941141210416532
1,0,0.24375816831473832
1,0,0.2640598609245258
1,0,0.19882661608820396
1,0,0.1616536481988074
1,0,0.1838750610899182
1,0,0.18815126259310516
1,0,0.18859829039983786
1,0,0.24123296440525507
1,0,0.2522658806187858
0,0,0.21898505378693967
0,0,0.20296215787278143
0,0,0.14324855170153508
0,0,0.17285319776971828
0,0,0.16994859793257142
0,0,0.17561398287494775
0,0,0.20341233987949955
0,0,0.20365607741301528
0,0,0.156483628315004
0,0,0.19446648136443997
0,0,0.2312515369249495
0,0,0.21022052082743872
0,0,0.21861404188595665
0,0,0.16136638015327137
0,0,0.11794541948528173
0,0,0.12827877598958964
0,0,0.149262932431066
0,0,0.14971060909602887
0,0,0.1191437745375825
0,0,0.17439640267969214
0,0,0.1602417495338535
0,0,0.14211753593768742
0,0,0.1272198220057612
0,0,0.15805363308416998
0,0,0.15594581629208226
0,0,0.10963750759272957
0,0,0.12575014100717025
0,0,0.144142277500975
0,0,0.1274968031906867
0,0,0.12856999813999956
0,0,0.11817031244054883
0,0,0.14839873426438677
0,0,0.18744109497784012
0,0,0.19573617682877426
0,0,0.1790653989661575
0,0,0.20846739870900888
0,0,0.18457915368572494
0,0,0.1592217653446911
0,0,0.17734300230631472
0,0,0.21949602590972703
0,0,0.20045242017258494
0,0,0.1924176340183314
0,0,0.1915145019586382
0,0,0.16927582624870557
0,0,0.1675692231190911
0,0,0.19698511255506296
1,1,0.7047574502774442
1,1,0.691865418301567
1,1,0.7035190848179994
1,1,0.7200011039418475
1,1,0.6869958495550672
1,1,0.6956683162114864
1,1,0.7133282840791544
1,1,0.850810709274676
1,1,0.8767728817936462
1,1,0.8733729063546808
1,1,0.859812494300744
1,1,0.8614861729094828
1,1,0.883489182607903
1,1,0.8600364570299978
1,1,0.8671195729641802
1,1,0.8858874625097318
1,1,0.8636865269423109
1,1,0.8631556430648871
1,1,0.8820758008183883
1,1,0.8995058881343043
1,1,0.8642759834565352
1,1,0.8313928376623729
1,1,0.7421623806789529
1,1,0.7335121207936807
1,1,0.7357122274333581
1,1,0.734962353012277
1,1,0.7019529620661268
1,1,0.6354683288130188
1,1,0.7035870617939716
1,1,0.7334758379864087
1,1,0.7034099991913049
1,1,0.691426781629076
1,1,0.7460319603655369
1,1,0.8588236473325955
1,1,0.8996745328688397
1,1,0.8728489401774644
1,1,0.869548441172729
1,1,0.8893553655178889
1,1,0.841554300012546
1,1,0.8114936511959858
1,1,0.8819540324586944
1,1,0.889157776850162
1,1,0.8549237940856913
1,1,0.8715217526423529
1,1,0.8963048653516238
1,1,0.8766002862484419
1,1,0.8244605118789845
1,1,0.8827137017048048
1,1,0.881649791237838
1,1,0.8836352097847314
1,1,0.9116715420873692
1,1,0.8893617936858398
1,1,0.8575377771192041
1,1,0.8517019845797814
1,1,0.8187986393040085
1,0,0.1792691513541677
1,0,0.12751403720130527
1,0,0.144168248133479
1,0,0.193520457387114
1,0,0.15962403063373284
1,0,0.22979489037271086
1,0,0.25333989800081974
1,0,0.17510277889696796
1,0,0.20830076691694974
1,0,0.1453544003738661
1,0,0.1174050247444906
1,0,0.16288405139713028
1,0,0.1768498396265457
1,0,0.21264212553219836
1,0,0.20461337640550858
1,0,0.23932947238179827
1,0,0.2346622451153456
1,0,0.17485918282897578
1,0,0.21305266388974567
1,0,0.30454333596010574
1,0,0.29384596016646
1,0,0.2203441169095023
1,0,0.2526980651246033
1,0,0.25527603157421236
1,0,0.17815546789358014
1,0,0.20773988179066943
1,0,0.20805539318008892
1,0,0.2227993929340022
1,0,0.18666459330382967
1,1,0.6942306772933966
1,1,0.7974289763092947
1,1,0.8363704306281465
1,1,0.8407401854378973
1,1,0.842411728751324
1,1,0.7865662976221909
1,1,0.8157809873317649
1,1,0.7943931170657927
1,1,0.7799095582970894
1,1,0.7768552424453317
1,1,0.833288519681692
0,1,0.7088348840136943
0,1,0.720572742276962
0,1,0.694337963420406
0,1,0.6698634505707539
0,1,0.6826889903341358
0,1,0.7095689686547115
0,1,0.6927601576937006
0,1,0.7273602390629353
0,1,0.7330690486192795
0,1,0.729878488691317
0,1,0.7313164149687715
0,0,0.24045670033201982
0,0,0.3445813546397502
0,0,0.3264435022843063
0,0,0.3025307564873731
0,0,0.29354469263775534
0,0,0.30702289236658076
0,0,0.3157600242077515
0,0,0.28065987541938214
0,0,0.26933156180421947
0,0,0.25454928903238855
0,0,0.22194014491559635
0,0,0.22750012593540134
0,0,0.1914038004249724
0,0,0.21622669416616547
0,0,0.2562560660334714
0,0,0.2611333047080286
0,0,0.2724030096475458
0,0,0.28722628140640366
0,0,0.286711334130352
0,0,0.29040296546508254
0,0,0.25042128984725326
0,0,0.27738291190159825
0,0,0.26680073224984996
0,0,0.25048818542373974
0,0,0.27503969908423065
0,0,0.24902818103989258
0,0,0.27926976913042595
0,0,0.26541209759479184
0,0,0.2809046310295154
0,0,0.27119032691754064
0,0,0.2600966092135154
0,0,0.24488450055445793
0,0,0.24471412613728902
0,0,0.2978950046666342
0,0,0.3024329780107337
0,0,0.3243704725139056
0,0,0.3105691139045049
0,0,0.3245107342501554
0,0,0.33625574462442065
0,0,0.2948986881233607
0,0,0.2899984024719182
0,0,0.2709594061212642
0,0,0.3439814510632169
0,0,0.2875350695230889
0,0,0.2919107020423467
0,0,0.31598536505838676
0,0,0.31086877690577286
0,0,0.3452790956769761
0,0,0.3463871389569014
0,0,0.33269669102672816
0,0,0.3167177399702172
0,0,0.29601401948443995
0,0,0.31967070751637755
0,0,0.361406656519859
0,0,0.36140041880488055
