Actual,Predicted,Probability
0,0,0.206746514564634
0,0,0.2031014709927341
0,0,0.20445737545461312
0,0,0.20544285668135534
0,0,0.20132841032701382
0,0,0.19940491729919513
0,0,0.20150262728298193
0,0,0.20211155405545475
0,0,0.20316980518827082
0,0,0.20175031135343996
0,0,0.20187095008129385
0,0,0.20262916958231708
0,0,0.20577440225386642
0,0,0.20641265840360623
0,0,0.2060849290985642
0,0,0.20627137675320992
0,0,0.20675257175956654
0,0,0.20720115230924827
0,0,0.20348561966806702
0,0,0.20394407686544141
0,0,0.20308540834235284
0,0,0.2027254349418268
0,0,0.20118177992372094
0,0,0.19757542123281335
0,0,0.21251579952114133
0,0,0.21229185746266557
0,0,0.22693574552211604
0,0,0.22445811871629207
0,0,0.2207713683502841
0,0,0.21461331943282366
0,0,0.21739112186789003
0,0,0.21858478690165037
0,0,0.21490767501623978
0,0,0.2121867644893726
0,0,0.2127266832967831
0,0,0.21634627359653194
0,0,0.21559260970792116
0,0,0.21792057870936918
0,0,0.2191466095790267
0,0,0.21964783716884775
0,0,0.2189401214178639
0,0,0.21741764742911435
0,0,0.22677979600306655
0,0,0.22298427990265265
0,0,0.2197578689666665
0,0,0.2225303572080504
0,0,0.22532094510594236
0,0,0.21667760809186684
0,0,0.21420355408069564
0,0,0.22012355049770033
0,0,0.22047698010653544
0,0,0.21981696326887087
0,0,0.22341850290913526
0,0,0.22509473647489106
0,0,0.22612342809936342
0,0,0.22147691621307852
0,0,0.22113753523187626
0,0,0.22009724867465785
0,0,0.22113688989154717
0,0,0.22157192659048772
0,0,0.22069583300056914
0,0,0.23047305578613983
0,1,0.2423832117841836
0,0,0.2274734849798611
0,0,0.22583337321522404
0,0,0.22483431820621685
0,0,0.22738961564286778
0,0,0.2228886691117842
0,0,0.21851932845210656
0,0,0.22116906798249053
0,0,0.21917139932692073
0,0,0.21775694083538563
0,0,0.21564273885539156
0,0,0.2167313392820807
0,0,0.2180348652448383
0,0,0.216463654169159
0,0,0.2102649453875438
0,0,0.21527287097186876
0,0,0.2171854854122515
0,0,0.2250617895752762
0,0,0.22584436821082218
0,0,0.22120736121934648
0,0,0.2124433137625022
0,0,0.2074037762568704
0,0,0.21009849261166927
0,0,0.2096426613919458
0,0,0.21261212572532218
0,0,0.2157263879871852
0,0,0.21454593543895625
0,0,0.20991474717951386
0,0,0.20624750323174834
0,0,0.21482315661457774
0,0,0.2227533031591948
0,0,0.21566452892921295
1,0,0.15128389427406774
1,0,0.14603625234871911
1,0,0.14830293896012828
1,0,0.14535050728951235
1,0,0.1433219691352183
1,0,0.14307510440570606
1,0,0.14532198081851624
1,0,0.14598729342896535
1,0,0.14726190590979288
1,0,0.14677643445112085
1,0,0.14734580430452832
1,0,0.14097884677500774
1,0,0.14108985975139435
1,0,0.1473883842188091
1,0,0.14741991618023606
1,0,0.14535999188027604
1,0,0.14388857909219285
1,0,0.14100152674975855
1,0,0.1410294610048333
1,0,0.14787021859651975
1,0,0.14904444773255152
1,0,0.1470323064762202
1,0,0.14903634012125527
0,0,0.15194266454269625
0,0,0.15130426330631142
0,0,0.14758840103480314
0,0,0.14768780553222496
0,0,0.146632807556621
0,0,0.14626041660519806
0,0,0.14459729470340638
0,0,0.1447846052112568
0,0,0.14625785765882643
0,0,0.14576632919068935
0,0,0.14702766178244814
0,0,0.14661699186707
0,0,0.14676938342143525
0,0,0.14581840734198698
0,0,0.14591633846699534
0,0,0.14572138236154525
0,0,0.1445916641801305
0,0,0.14436108082490492
0,0,0.14574950811653978
0,0,0.14191872892028912
0,0,0.14168880781907453
0,0,0.14316971197436013
0,0,0.14391837421777084
1,0,0.1457833652706484
1,0,0.1466605507485007
1,0,0.14517647970610903
1,0,0.14478883235664441
1,0,0.14353283989619967
1,0,0.14362260806468388
1,0,0.14582885357002567
1,0,0.14536358948811978
1,0,0.14142923848952735
1,0,0.1407716931255505
1,0,0.14130756960800842
1,0,0.14298839902077481
1,0,0.14474600870518778
1,0,0.1447117556668365
1,0,0.14425889351190058
1,0,0.1442621444308149
1,0,0.1428484813880352
1,0,0.14147701483201522
1,0,0.14304654867984304
1,0,0.14477835673900522
1,0,0.14353447976606348
1,0,0.14432062476378874
1,0,0.15060575849047375
0,0,0.14717188705806378
0,0,0.14405613451540009
0,0,0.14388685990597003
0,0,0.14614183193525648
0,0,0.1502306376922494
0,0,0.14680777559671615
0,0,0.14953074869139016
0,0,0.15334309668724339
0,0,0.14377928236748116
0,0,0.14341435903370886
0,0,0.15063531634468702
0,0,0.1500603014618933
0,0,0.14789395783017284
0,0,0.14866719902828016
0,0,0.14846970163621673
0,0,0.15271739385443486
0,0,0.15523681853169494
0,0,0.15183405673792824
0,0,0.14506137287829732
0,0,0.145675375968542
0,0,0.15724976943442448
0,0,0.15434650763199181
0,0,0.15065227198457562
1,0,0.14620348636963962
1,0,0.14669992744472152
1,0,0.14362247223224237
1,0,0.14385912896345143
1,0,0.14499444148423965
1,0,0.14368496314333895
1,0,0.14152503903489647
1,0,0.14090504385871364
1,0,0.1407926085535721
1,0,0.14101508430283685
1,0,0.14587297412880026
1,0,0.14383033576343532
1,0,0.14217051359578786
1,0,0.14446980804945883
1,0,0.1455743142185736
1,0,0.14561587829812045
1,0,0.14799511804666923
1,0,0.14835787138925324
1,0,0.14663867019297838
1,0,0.14540286397979288
1,0,0.1465654143135248
1,0,0.1526731361896652
1,0,0.15259523249384827
0,0,0.22034042594955766
0,0,0.22086885660859906
0,0,0.2217018120068643
0,0,0.22531196766479147
0,0,0.22131091486769797
0,0,0.2176157604230033
0,0,0.22225616589698527
0,0,0.22284281323048893
0,0,0.2241212036782849
0,0,0.2245780824591278
0,0,0.224174472702346
0,0,0.22411653377635748
0,0,0.2277353687555941
0,0,0.2321755065232173
0,0,0.23267928849899375
0,0,0.22884005436911653
0,0,0.22925904655563734
0,0,0.23047995571908086
0,0,0.22872583736799346
0,0,0.22769372348815747
0,0,0.22963470823424345
0,0,0.2333024964199528
0,0,0.23333569165832807
0,0,0.23048527746294198
0,1,0.2364648562984256
0,1,0.23895961409392605
0,1,0.23911215976976086
0,1,0.2362367967684459
0,0,0.23409601277188932
0,0,0.23263191888468399
0,0,0.22727926659828085
0,0,0.22573166481711598
0,0,0.23036625362735313
0,0,0.22092646716210365
0,0,0.2104375782008603
0,0,0.22326367125425567
0,0,0.17929493210038772
0,0,0.16999469292953456
0,0,0.20457991843458978
0,0,0.20320605120331214
0,0,0.19832953245981075
0,0,0.19800225208065714
0,0,0.19646685560928662
0,0,0.19367089624211506
0,0,0.19339353639674095
0,0,0.19366710190827258
0,0,0.19644260170294298
0,0,0.19901089782025308
0,0,0.1999318058159599
0,0,0.20031927439479694
0,0,0.19681976643377222
0,0,0.19480589407251106
0,0,0.1960591485303253
0,0,0.19465374444765574
0,0,0.19371662755954625
0,0,0.19404430672878403
0,0,0.19604506522856452
0,0,0.19572067420581626
0,0,0.19511311811687237
1,0,0.14709209193531725
1,0,0.14771527840506699
1,0,0.14672381076164778
1,0,0.14605352483825573
1,0,0.14816961993564753
1,0,0.14623695629217676
1,0,0.1471289923742477
1,0,0.15033580301589505
1,0,0.14781985911586581
1,0,0.14645813544042977
1,0,0.14719722561382498
1,0,0.14652701487393616
1,0,0.14518057971671133
1,0,0.14466156532242436
1,0,0.1463204565937383
1,0,0.14683345890318547
1,0,0.1437074824877597
1,0,0.14378123635254425
1,0,0.14639942316625965
1,0,0.14671958278768557
1,0,0.14120273160316021
1,0,0.14131148934557314
1,0,0.15937746908684045
0,0,0.1429448519531059
0,0,0.14536965907942212
0,0,0.14483618916058055
0,0,0.14390483592817982
0,0,0.14329414108702368
0,0,0.1422875679708779
0,0,0.1431109451523351
0,0,0.1437063385551502
0,0,0.14364593790136637
0,0,0.14465707362350524
0,0,0.14592126420270127
0,0,0.14674385961077788
0,0,0.1451519087921219
0,0,0.14342276397112644
0,0,0.14457667987955816
0,0,0.14458531827028084
0,0,0.1449196611368476
0,0,0.14580999586596038
0,0,0.14571980865123166
0,0,0.14348946084384331
0,0,0.14211728976046087
0,0,0.14355363797308665
0,0,0.14502406799511253
0,0,0.1988012559080705
0,0,0.19956113523860927
0,0,0.20168902986922094
0,0,0.19361992741439873
0,0,0.18437510499491483
0,0,0.1865487644767732
0,0,0.18880643918210854
0,0,0.19110515670243977
0,0,0.18940465069318774
0,0,0.18284482442666924
0,0,0.1954452737193347
0,0,0.19768568975122727
0,0,0.19334575291188744
0,0,0.190716145865781
0,0,0.18891207904398905
0,0,0.19095823512546772
0,0,0.19365367419150234
0,0,0.19182826678062473
0,0,0.19152588213459365
0,0,0.19118484963908502
0,0,0.19279751421531532
0,0,0.1955108019270665
0,0,0.19379182709064172
0,0,0.1947958788491715
0,0,0.1991475945759078
0,0,0.1948218269224586
0,0,0.19490575768023227
0,0,0.19961381168978662
0,0,0.20178996125904516
0,0,0.2031587728770385
0,0,0.19818160690979236
0,0,0.19853695490484616
0,0,0.20615848615967408
0,0,0.20493219542249141
0,0,0.20289285332495582
0,0,0.20558815377467024
0,0,0.20740518735026342
0,0,0.2071634546895322
0,0,0.20433422547737093
0,0,0.2056954106655865
0,0,0.20467677154691924
0,0,0.20662046129656977
0,0,0.20777238185267177
0,0,0.20520710290670394
0,0,0.20442936629713493
0,0,0.2058467671214227
0,0,0.20798366240875976
0,0,0.20816848161924606
0,0,0.21026012385472398
0,0,0.21251208768569518
0,0,0.21264780026978358
0,0,0.21024959866252677
0,0,0.20833805045620601
0,0,0.20937251097441453
0,0,0.20817685905868946
0,0,0.20549585666301465
0,0,0.2066684487167289
0,0,0.2087756308601069
0,0,0.210310038440307
0,0,0.20981504296398218
0,0,0.21001621082913569
0,0,0.21145471547591124
0,0,0.2107601269493447
0,0,0.20909185439690087
0,0,0.20741694636770652
0,0,0.2073154956071935
0,0,0.20660218309161393
0,0,0.20683507303003065
0,0,0.20489289663945492
0,0,0.20563232979264598
0,0,0.20288767230635016
0,0,0.19478712178736518
0,0,0.19528823240464468
0,0,0.19704090480403086
0,0,0.1894507305295818
0,0,0.19324712064974459
0,0,0.19762334321833522
0,0,0.1970328328256932
0,0,0.19617746135390746
0,0,0.19417159106329718
0,0,0.19432222824411632
0,0,0.19393130067834252
0,0,0.19202116817813614
0,0,0.19219936457021206
0,0,0.19303951307881229
0,0,0.19280213835282667
0,0,0.19363438319046697
0,0,0.19399945009328562
0,0,0.1921989969992957
0,0,0.19236816098428733
0,0,0.19043042473331295
0,0,0.19013603885742325
0,0,0.19012679043241745
0,0,0.18861431149690275
0,0,0.18484636106393085
0,0,0.18512182417808182
0,0,0.18633185869462615
0,0,0.18528139679660602
0,0,0.18572526307504109
0,0,0.18491986638541408
0,0,0.1765087036999525
0,0,0.17639668545446952
0,0,0.18417145227340995
0,0,0.18260494251795667
0,0,0.18295005919197263
0,0,0.1842355804364535
0,0,0.18332591402197232
0,0,0.18210791270636165
0,0,0.1817408941181739
0,0,0.1821671835677482
0,0,0.18124487744886314
0,0,0.18107301077857024
0,0,0.18213031783500128
0,0,0.18235639080398167
0,0,0.22822878477045275
0,0,0.22442531124521875
0,0,0.2174009869169025
0,0,0.21490435607950403
0,0,0.22225725437767643
0,0,0.22131657790311438
0,0,0.2201588807653913
0,0,0.22355347948490317
0,1,0.23510069593787836
0,1,0.24068083723791175
0,1,0.2379870482585906
0,0,0.23280970295152004
0,0,0.21885508601695988
0,0,0.15218374535642867
0,0,0.15258947587623342
0,0,0.17940023727519974
0,0,0.19374581118716935
0,0,0.20565277009426633
0,0,0.2155048929701565
0,0,0.2168420251427668
0,0,0.2145240882421133
0,0,0.21067462730789707
0,0,0.1988085736783137
0,0,0.21169051782310658
0,0,0.21081061297818893
0,0,0.21100923989585252
0,0,0.2161426175040711
0,0,0.21746202749231167
0,0,0.2186530467447557
0,0,0.2158499249792552
0,0,0.21116967557510863
0,0,0.21312628223921695
0,0,0.2129159294056631
0,0,0.21696259336455648
0,0,0.21242147465032338
0,0,0.20521502334900513
0,0,0.20885648219502123
0,0,0.21540115476041086
0,0,0.21686788245721528
0,0,0.21400634661894113
0,0,0.21575885166882713
0,0,0.22022916670662154
0,0,0.2225119140591642
0,0,0.2220144937777344
0,0,0.21550851060925807
0,0,0.21302827270071892
0,0,0.21226306260739702
0,0,0.2159050539062253
0,0,0.2160312482363618
0,0,0.2196520022349209
0,0,0.21960418497748105
0,0,0.22161189952411997
0,0,0.22810777377552463
0,0,0.2175325452747402
0,0,0.21667631119048417
0,0,0.22454406387807765
0,0,0.2246454341978383
0,0,0.22343950588488554
0,0,0.22209499831218946
0,0,0.2234143775825184
0,0,0.22415829435256576
0,0,0.22124575659437049
0,0,0.21286455105369706
0,0,0.21574139460511388
0,0,0.21393482943564435
0,0,0.21134023502726304
0,0,0.21530987097887364
0,0,0.21754772829877517
0,0,0.21089398032213544
0,0,0.20967515419181845
0,0,0.21684398639070726
0,0,0.21892056578582259
0,0,0.21737200357400768
0,0,0.21701086340615172
0,0,0.2172087840644453
0,0,0.22454757770363962
0,0,0.2224685775135501
0,0,0.1405759994379271
0,0,0.14057604999146112
0,0,0.14728330515076082
0,0,0.14715112959500407
0,0,0.21034384214515092
0,0,0.20095810140197745
0,0,0.20334449246159536
0,0,0.21685876887488273
0,0,0.21296974543896985
0,0,0.20851452106723273
0,0,0.21007357147950206
0,0,0.2058895600359548
0,0,0.19630230319449302
0,0,0.19995765049919415
0,0,0.21004518644369036
0,0,0.2096153022607436
0,0,0.18863050185642163
1,0,0.14310768904388624
1,0,0.14278255289478084
1,0,0.17377997672937393
1,0,0.172619021031705
1,0,0.14967151735496848
1,0,0.15073452912350976
1,0,0.16721830985193986
1,0,0.16890811773093814
1,0,0.1723795488349969
1,0,0.16332887194218162
1,0,0.15388630076742218
1,0,0.160929956355141
1,0,0.1775026607051875
1,0,0.1673495811927555
1,0,0.16403140209200368
1,0,0.1703402672505446
1,0,0.174310985244823
1,0,0.1684484466937824
1,0,0.16645082954462104
1,0,0.18147001196035156
1,0,0.18673030842130608
1,0,0.18387633150404645
1,0,0.18789547909272966
1,0,0.17579906749355703
1,0,0.17108537666004056
1,0,0.17439498153270053
1,0,0.16415100403120983
1,0,0.142821978782824
1,0,0.14379451600802334
1,0,0.15404572433578742
1,0,0.14400748864587923
1,0,0.14057874770582404
1,0,0.14057113252507583
1,0,0.14057056363657364
1,0,0.14057056665015072
1,0,0.14061426114810904
1,0,0.14116301018329516
1,0,0.14385827019542521
1,0,0.14057571002622987
1,0,0.14057446901776607
1,0,0.14771456436157485
1,0,0.151324964265897
1,0,0.15485288729790342
1,0,0.15903438898731356
1,0,0.14219700945654426
1,0,0.1405710089914766
1,0,0.1581061808153203
1,0,0.1619819941792205
1,0,0.1634466547587939
1,0,0.1629004517685333
1,0,0.16449859220505494
1,0,0.16729525638804568
1,0,0.1624055402102875
1,0,0.1608581313611074
1,0,0.16143709416381624
1,0,0.16091388431652787
1,0,0.16425937159985596
1,0,0.16011104850038785
1,0,0.15726247007578673
1,0,0.16078445704918348
1,0,0.15514402901435173
1,0,0.15825872390481302
1,0,0.16019840114802317
1,0,0.15856101880686985
1,0,0.15691107181755584
1,0,0.15686715212687047
1,0,0.15566622541303832
1,0,0.15627905163491815
1,0,0.15910262500513817
1,0,0.1751562633492099
1,0,0.1750653146102744
1,0,0.1701627019331132
1,0,0.16578085037937298
1,0,0.16533690876439022
1,0,0.1611467172226453
1,0,0.16190659385162948
1,0,0.1631646862796819
1,0,0.16580763172366988
1,0,0.1659756003895642
1,0,0.16257172586721985
1,0,0.16420124030507594
1,0,0.16344003633816473
1,0,0.16330667255049547
1,0,0.16352329874286609
1,0,0.16203350515134285
1,0,0.1668670094591899
1,0,0.16722245448295617
1,0,0.16611561398051786
1,0,0.1646077407577938
1,0,0.1596639443757182
1,0,0.15506369046035523
1,0,0.16130921779511134
1,0,0.16397613327933083
1,0,0.16201060644316062
1,0,0.1643881667019385
1,0,0.1566493897208066
1,0,0.1521797991080179
1,0,0.152183661000126
1,0,0.15299333673038357
1,0,0.1567054711748244
1,0,0.16384485265028137
1,0,0.158122896971576
1,0,0.14827780664324836
1,0,0.1518779250372453
1,0,0.16262872752165258
1,0,0.15600731317589628
1,0,0.14943952768782615
1,0,0.14984024328377477
1,0,0.15260742440314354
1,0,0.15819865755625204
1,0,0.1609703741895013
1,0,0.16853686709173718
1,0,0.1727691573070851
1,0,0.15602026471779384
1,0,0.16177201097893024
0,1,0.23566152433954946
0,1,0.23471235245070846
0,0,0.22672729302444905
0,0,0.22681218199460246
0,0,0.22965740920147373
0,0,0.23086321186834222
0,0,0.22729312305866067
0,0,0.23039233335615306
0,0,0.22100341714685684
0,0,0.22020241173495464
0,0,0.223307686662073
0,0,0.2264919363139919
0,0,0.23396566410776193
0,1,0.2354483091211579
0,0,0.2241657967628504
0,0,0.22091379543751585
0,0,0.21952875041070355
0,0,0.21325222280401918
0,0,0.2095401613021274
0,0,0.2021029712753011
0,0,0.2011109243629917
0,0,0.21322437700319366
0,0,0.2224246363135761
0,0,0.22672088229772977
0,0,0.21225029855376137
0,0,0.21817226151781124
0,0,0.22713818688385745
0,0,0.2273607516812056
0,0,0.22207968291836325
0,0,0.2236033666068599
0,0,0.2273661076958965
0,0,0.22063441571625692
0,0,0.22076502161740305
0,0,0.22319915932132625
0,0,0.2227084403873237
0,0,0.21885588254888863
0,0,0.21203280876516278
0,0,0.21342851748237648
0,0,0.21860066781563692
0,0,0.2178872641398418
0,0,0.21761383643708535
0,0,0.21455229387427863
0,0,0.21861016917900822
0,0,0.21843845919422503
0,0,0.2202984641677495
0,0,0.22087324278400403
0,0,0.2188722079950575
0,0,0.2174463366945074
0,0,0.21586459357924737
0,0,0.2247577479128097
0,0,0.22477234573636914
0,0,0.22095627600749138
0,0,0.21814252774599008
0,0,0.2150804061228398
0,0,0.20881413329135154
0,0,0.21249275103534793
0,0,0.2133951227821407
0,0,0.2124065751404966
0,0,0.2104428049714348
1,0,0.16403595416427585
1,0,0.1645011888066754
1,0,0.16600880434991772
1,0,0.16661003488770734
1,0,0.15815470644340435
1,0,0.14497604334144898
1,0,0.1467607804901074
1,0,0.16402020109535398
1,0,0.16087636030425398
1,0,0.16135396696745824
1,0,0.16321666509085458
1,0,0.16528175841875223
1,0,0.1688645187194713
1,0,0.16247993360036483
1,0,0.1502361568883315
1,0,0.14801026252376673
1,0,0.15466809459964173
1,0,0.15883978713591765
1,0,0.1591540194876506
1,0,0.15756978201314598
1,0,0.15700876895957114
1,0,0.16111318426035554
1,0,0.17340903451190492
1,0,0.16793710704124223
1,0,0.17032495473379627
1,0,0.16816059169567232
1,0,0.16427641032658277
1,0,0.16431259165263284
1,0,0.16852034266770963
1,0,0.17121453336763434
1,0,0.1665915875926456
1,0,0.16227541496287415
1,0,0.1609825644243081
1,0,0.15052145686056612
1,0,0.14820513225847357
1,0,0.15538135463975397
1,0,0.15987378387580137
1,0,0.16155898174226882
1,0,0.16115668484566434
1,0,0.16459327091415518
1,0,0.16336165386215787
1,0,0.15992158734673798
1,0,0.15484471515278767
1,0,0.14522097600643727
1,0,0.14773288972404192
1,0,0.15980597352939335
1,0,0.17877883304292547
1,0,0.178481411396846
1,0,0.19993037622173968
1,0,0.19873419187709418
1,0,0.1827236715458035
1,0,0.1982814015828693
1,0,0.21220177647296246
1,0,0.21435598946266657
1,0,0.2117449053087219
1,0,0.16341546495800502
1,0,0.14057052648664264
1,0,0.14056912350175005
1,0,0.18439948752258778
1,0,0.18123458302380158
1,0,0.1405705635817158
1,0,0.14057056358170286
1,0,0.14057056358170286
1,0,0.14057056363624232
1,0,0.1405705651312446
1,0,0.14057056358175252
1,0,0.14057286741496813
1,0,0.14071647923510724
1,0,0.1422139059357441
1,0,0.14095470958056422
1,0,0.14060234867483215
1,0,0.14286097683289398
1,0,0.1406837327579981
1,0,0.14057103554749836
1,0,0.14057056358170286
1,0,0.14057056358170286
1,0,0.14057056358170286
1,0,0.14057056358170286
1,0,0.14057056358170286
1,0,0.14057056358170286
1,0,0.14057056358170286
1,0,0.14057056358170286
1,0,0.14057056358170286
1,0,0.14057056358170286
1,0,0.14128483809580644
1,0,0.1406095688349745
1,0,0.14057057486245933
1,0,0.1414536349980307
1,0,0.1492513776627426
1,0,0.2179954638766486
1,0,0.18635729715467067
1,0,0.19257568194094898
1,0,0.17471943357622557
1,0,0.14868265630520108
1,0,0.15638280803751037
1,0,0.16216792095784424
1,0,0.18800396468031005
1,0,0.1953622983843403
1,0,0.18475931383341435
1,0,0.19528472828029086
1,0,0.17683415377820824
1,0,0.18846334972255208
1,0,0.1414827572230058
1,0,0.14058696501261508
1,0,0.1489975796089619
1,0,0.1447503993280093
1,0,0.14602763942347438
1,0,0.19709231010599484
1,0,0.1917898486249876
1,0,0.1588861783083345
1,0,0.14108933763077153
1,0,0.14288490056047815
1,0,0.16192992912862392
1,0,0.16994349907930056
1,1,0.23464683694893873
1,0,0.2287676965702515
1,0,0.166397115137493
1,0,0.17158708555243235
1,0,0.15539069937573888
1,0,0.1472247383236132
1,0,0.17799649851872643
1,0,0.22792340261280838
1,0,0.20655052954985106
1,0,0.14057056472985707
1,0,0.14057056431807088
1,0,0.17702298784824871
1,0,0.21693239471722336
1,0,0.2231549375319895
1,0,0.21610753193017093
1,0,0.21765307797107777
1,0,0.22814976270670392
1,0,0.2140233328825378
1,0,0.1933879462956816
1,0,0.20687386788652581
1,0,0.22741602204492978
1,0,0.20686634472078957
1,0,0.19549418207770167
1,0,0.21818763562967242
1,1,0.2343707266660581
1,1,0.23544740989221963
1,0,0.2257433729224386
1,0,0.22624378356331132
1,0,0.22810724875726227
1,0,0.22675170042517898
1,0,0.19796557229528453
1,0,0.18957503590163008
1,0,0.20029229065564336
1,0,0.20331748871522934
1,0,0.18311471759841122
1,0,0.1755036484507905
1,0,0.20111931445135545
1,0,0.21666494009959927
1,0,0.21280171953611043
1,0,0.18141158917464414
1,0,0.17636745065269732
1,0,0.16731886908218319
1,0,0.19149230556659957
1,0,0.21798710395622084
1,0,0.20323145438692575
1,0,0.17973213821553244
0,0,0.14057056358170286
0,0,0.14057056358170286
0,0,0.14057056358170286
0,0,0.14057056358170286
0,0,0.14057056358170286
0,0,0.14057056358170286
0,0,0.14057056358170286
0,0,0.14057056358170286
0,0,0.14057056358170286
0,0,0.14057056358170286
0,0,0.14057056358170286
0,0,0.14057056358170286
0,0,0.14057056358170286
0,0,0.14057056358170286
0,0,0.14057056358170286
0,0,0.14057056358170286
0,0,0.14057056358170286
0,0,0.14057056358170286
0,0,0.14057056358170286
0,0,0.14057056358170286
0,0,0.14057056358170286
0,0,0.14057056358170286
0,0,0.14057056358170286
0,0,0.14057056358170286
0,0,0.14057056358170286
0,0,0.14057056358170286
0,0,0.14057056358170286
0,0,0.14057056358170286
0,0,0.14057056358170286
0,0,0.14057056358170286
0,0,0.14057056358170286
0,0,0.14057056358170286
0,0,0.14057056358170286
0,0,0.14057056358170286
0,0,0.14057056358170286
0,0,0.14057056358170286
0,0,0.14057056358170286
0,0,0.14057056358170286
0,0,0.14057056358170286
0,0,0.14057056358170286
0,0,0.14057056358170286
0,0,0.14057056358170286
0,0,0.14057056358170286
0,0,0.14057056358170286
0,0,0.14057056358170286
0,0,0.14057056358170286
0,0,0.14057056358170286
0,0,0.14057056358170286
0,0,0.14057056358170286
0,0,0.14057056358170286
0,0,0.14057056358170286
0,0,0.14057056358170286
0,0,0.14057056358170286
0,0,0.14057056358170286
0,0,0.14057056358170286
0,0,0.14057056358170286
0,0,0.14057056358170286
0,0,0.14057056358170286
0,0,0.14057056358170286
0,0,0.14057056358170286
0,0,0.14057056358170286
0,0,0.14057056358170286
0,0,0.14057056358170286
0,0,0.14057056358170286
0,0,0.14057056358170286
0,0,0.14057056358170286
0,0,0.14057056358170286
0,0,0.14057056358170286
0,0,0.14057056358170286
0,0,0.14057056358170286
0,0,0.14057056358170286
0,0,0.14057056358170286
0,0,0.14057056358170286
0,0,0.14057056358170286
0,0,0.14057056358170286
0,0,0.14057056358170286
0,0,0.14057056358170286
0,0,0.14057056358170286
0,0,0.14057056358170286
0,0,0.14057056358170286
0,0,0.14057056358170286
0,0,0.14057056358170286
0,0,0.14057056358170286
0,0,0.14057056358170286
0,0,0.14057056358170286
0,0,0.14057056358170286
0,0,0.14057056358170286
0,0,0.14057056358170286
0,0,0.14057056358170286
0,0,0.14057056358170286
0,0,0.14057056358170286
0,0,0.14057056358170286
0,0,0.14057056358170286
0,0,0.14057056358170286
0,0,0.14057056358170286
0,0,0.14057056358170286
0,0,0.14057056358170286
0,0,0.14057056358170286
0,0,0.14057056358170286
0,0,0.14057056358170286
0,0,0.14057056358170286
0,0,0.14057056358170286
0,0,0.14057056358170286
0,0,0.14057056358170286
0,0,0.14057056358170286
0,0,0.14057056358170286
0,0,0.14057056358170286
0,0,0.14057056358170286
0,0,0.14057056358170286
0,0,0.14057056358170286
0,0,0.14057056358170286
0,0,0.14057056358170286
0,0,0.14057056358170286
0,0,0.14057056358170286
0,0,0.14057056358170286
0,0,0.14057056358170286
0,0,0.14057056358170286
1,0,0.14057056358170286
1,0,0.14057056358170286
1,0,0.14057056358170286
1,0,0.14057056358170286
1,0,0.14057056358170286
1,0,0.14057056358170286
1,0,0.14057056358170286
1,0,0.14057056358170286
1,0,0.14057056358170286
1,0,0.14057056358170286
1,0,0.14057056358170286
1,0,0.14057056358170286
1,0,0.14057056358170286
1,0,0.14057056358170286
1,0,0.14057056358170286
1,0,0.14057056358170286
1,0,0.14057056358170286
1,0,0.14057056358170286
1,0,0.14057056358170286
1,0,0.14057056358170286
1,0,0.14057056358170286
1,0,0.14057056358170286
1,0,0.14057056358170286
1,0,0.14057056358170286
1,0,0.14057056358170286
1,0,0.14057056358170286
1,0,0.14057056358170286
1,0,0.14057056358170286
1,0,0.14057056358170286
1,0,0.14057056358170286
1,0,0.14057056358170286
1,0,0.14057056358170286
1,0,0.14057056358170286
1,0,0.14057056358170286
1,0,0.14057056358170286
1,0,0.14057056358170286
1,0,0.14057056358170286
1,0,0.14057056358170286
1,0,0.14057056358170286
1,0,0.14057056358170286
1,0,0.14057056358170286
1,0,0.14057056358170286
1,0,0.14057056358170286
1,0,0.14057056358170286
1,0,0.14057056358170286
1,0,0.14057056358170286
0,0,0.14057056358170286
0,0,0.14057056358170286
0,0,0.14057056358170286
0,0,0.14057056358170286
0,0,0.14057056358170286
0,0,0.14057056358170286
0,0,0.14057056358170286
0,0,0.14057056358170286
0,0,0.14057056358170286
0,0,0.14057056358170286
0,0,0.14057056358170286
0,0,0.14057056358170286
0,0,0.14057056358170286
0,0,0.14057056358170286
0,0,0.14057056358170286
0,0,0.14057056358170286
0,0,0.14057056358170286
0,0,0.14057056358170286
0,0,0.14057056358170286
0,0,0.14057056358170286
0,0,0.14057056358170286
0,0,0.14057056358170286
0,0,0.14057056358170286
1,0,0.14057056358170286
1,0,0.14057056358170286
1,0,0.14057056358170286
1,0,0.14057056358170286
1,0,0.14057056358170286
1,0,0.14057056358170286
1,0,0.14057056358170286
1,0,0.14057056358170286
1,0,0.14057056358170286
1,0,0.14057056358170286
1,0,0.14057056358170286
1,0,0.14057056358170286
1,0,0.14057056358170286
1,0,0.14057056358170286
1,0,0.14057056358170286
1,0,0.14057056358170286
1,0,0.14057056358170286
1,0,0.14057056358170286
1,0,0.14057056358170286
1,0,0.14057056358170286
1,0,0.14057056358170286
1,0,0.14057056358170286
1,0,0.14057056358170286
0,0,0.14057056358170286
0,0,0.14057056358170286
0,0,0.14057056358170286
0,0,0.14057056358170286
0,0,0.14057056358170286
0,0,0.14057056358170286
0,0,0.14057056358170286
0,0,0.14057056358170286
0,0,0.14057056358170286
0,0,0.14057056358170286
0,0,0.14057056358170286
0,0,0.14057056358170286
0,0,0.14057056358170286
0,0,0.14057056358170286
0,0,0.14057056358170286
0,0,0.14057056358170286
0,0,0.14057056358170286
0,0,0.14057056358170286
0,0,0.14057056358170286
0,0,0.14057056358170286
0,0,0.14057056358170286
0,0,0.14057056358170286
0,0,0.14057056358170286
0,0,0.14057056358170286
0,0,0.14057056358170286
0,0,0.14057056358170286
0,0,0.14057056358170286
0,0,0.14057056358170286
0,0,0.14057056358170286
0,0,0.14057056358170286
0,0,0.14057056358170286
0,0,0.14057056358170286
0,0,0.14057056358170286
0,0,0.14057056358170286
0,0,0.14057056358170286
0,0,0.14057056358170286
0,0,0.14057056358170286
0,0,0.14057056358170286
0,0,0.14057056358170286
0,0,0.14057056358170286
0,0,0.14057056358170286
0,0,0.14057056358170286
0,0,0.14057056358170286
0,0,0.14057056358170286
0,0,0.14057056358170286
0,0,0.14057056358170286
0,0,0.14057056358170286
0,0,0.14057056358170286
0,0,0.14057056358170286
0,0,0.14057056358170286
0,0,0.14057056358170286
0,0,0.14057056358170286
0,0,0.14057056358170286
0,0,0.14057056358170286
0,0,0.14057056358170286
0,0,0.14057056358170286
0,0,0.14057056358170286
0,0,0.14057056358170286
0,0,0.14057056358170286
1,0,0.14057056358170286
1,0,0.14057056358170286
1,0,0.14057056358170286
1,0,0.14057056358170286
1,0,0.14057056358170286
1,0,0.14057056358170286
1,0,0.14057056358170286
1,0,0.14057056358170286
1,0,0.14057056358170286
1,0,0.14057056358170286
1,0,0.14057056358170286
1,0,0.14057056358170286
1,0,0.14057056358170286
1,0,0.14057056358170286
1,0,0.14057056358170286
1,0,0.14057056358170286
1,0,0.14057056358170286
1,0,0.14057056358170286
1,0,0.14057056358170286
1,0,0.14057056358170286
1,0,0.14057056358170286
1,0,0.14057056358170286
1,0,0.14057056358170286
1,0,0.14057056358170286
1,0,0.14057056358170286
1,0,0.14057056358170286
1,0,0.14057056358170286
1,0,0.14057056358170286
1,0,0.14057056358170286
1,0,0.14057056358170286
1,0,0.14057056358170286
1,0,0.14057056358170286
1,0,0.14057056358170286
1,0,0.14057056358170286
1,0,0.14057056358170286
1,0,0.14057056358170286
1,0,0.14057056358170286
1,0,0.14057056358170286
1,0,0.14057056358170286
1,0,0.14057056358170286
1,0,0.14057056358170286
1,0,0.14057056358170286
1,0,0.14057056358170286
1,0,0.14057056358170286
1,0,0.14057056358170286
1,0,0.14057056358170286
0,0,0.14057056358170286
0,0,0.14057056358170286
0,0,0.14057056358170286
0,0,0.14057056358170286
0,0,0.14057056358170286
0,0,0.14057056358170286
0,0,0.14057056358170286
0,0,0.14057056358170286
0,0,0.14057056358170286
0,0,0.14057056358170286
0,0,0.14057056358170286
0,0,0.14057056358170286
0,0,0.14057056358170286
0,0,0.14057056358170286
0,0,0.14057056358170286
0,0,0.14057056358170286
0,0,0.14057056358170286
0,0,0.14057056358170286
0,0,0.14057056358170286
0,0,0.14057056358170286
0,0,0.14057056358170286
0,0,0.14057056358170286
0,0,0.14057056358170286
0,0,0.14057056358170286
0,0,0.14057056358170286
0,0,0.14057056358170286
0,0,0.14057056358170286
0,0,0.14057056358170286
0,0,0.14057056358170286
0,0,0.14057056358170286
0,0,0.14057056358170286
0,0,0.14057056358170286
0,0,0.14057056358170286
0,0,0.14057056358170286
0,0,0.14057056358170286
0,0,0.14057056358170286
0,0,0.14057056358170286
0,0,0.14057056358170286
0,0,0.14057056358170286
0,0,0.14057056358170286
0,0,0.14057056358170286
0,0,0.14057056358170286
0,0,0.14057056358170286
0,0,0.14057056358170286
0,0,0.14057056358170286
0,0,0.14057056358170286
0,0,0.14057056358170286
0,0,0.14057056358170286
0,0,0.14057056358170286
0,0,0.14057056358170286
0,0,0.14057056358170286
0,0,0.14057056358170286
0,0,0.14057056358170286
0,0,0.14057056358170286
0,0,0.14057056358170286
0,0,0.14057056358170286
0,0,0.14057056358170286
0,0,0.14057056358170286
0,0,0.14057056358170286
0,0,0.14057056358170286
0,0,0.14057056358170286
0,0,0.14057056358170286
0,0,0.14057056358170286
0,0,0.14057056358170286
0,0,0.14057056358170286
0,0,0.14057056358170286
0,0,0.14057056358170286
0,0,0.14057056358170286
0,0,0.2019661628506525
0,0,0.20558800943968167
0,0,0.19934976761494638
0,0,0.19423246498476848
0,0,0.19089859033606524
0,0,0.19266982404140723
0,0,0.19334359459153677
0,0,0.19036532859949745
0,0,0.19428502665107977
0,0,0.19585750202752353
0,0,0.19553237853080696
0,0,0.19439945994738272
0,0,0.19332368055126892
0,0,0.1891848463153765
0,0,0.18897488682731386
0,0,0.19014101887767962
0,0,0.188908883408963
0,0,0.18340893971369
0,0,0.1850828538117266
0,0,0.18595587604843158
0,0,0.18551019715370548
0,0,0.18728778316790023
0,0,0.1889819061700318
0,0,0.21407654273942273
0,0,0.2111567447165859
0,0,0.2212868061667528
0,0,0.22630711377081755
0,0,0.22717050711409573
0,0,0.22944684932104864
0,0,0.22835846411366417
0,0,0.2270387709590975
0,0,0.22634377864177732
0,0,0.22168639618462568
0,0,0.2240594863036027
0,0,0.2297112605999899
0,0,0.2254833175396479
0,0,0.21967234206268713
0,0,0.22007980396552895
0,0,0.224372013858743
0,0,0.2224172677178637
0,0,0.22247857099745363
0,0,0.22380492244278788
0,0,0.22717252542349403
0,0,0.2245829579791083
0,0,0.21795782812910708
0,0,0.21666854375093944
0,0,0.21965506168795898
0,0,0.22162456184093965
0,0,0.21861345348173777
0,0,0.21891011074757152
0,0,0.22229549259430334
0,0,0.2135935446485497
0,0,0.20701940977557237
0,0,0.21668714805334732
0,0,0.22930733758809302
0,0,0.2198944412006724
0,0,0.2149362754335359
0,0,0.21784652718948896
0,0,0.21596204236689484
0,0,0.2163478475608771
0,0,0.21811596686124454
0,0,0.21744202497508877
0,0,0.21851943960808884
0,0,0.21672556641872756
0,0,0.21377290889649808
0,0,0.21429893094195812
0,0,0.21527764155628368
0,0,0.21677422156129297
0,0,0.21688340646456877
0,0,0.21538890146476383
0,0,0.21372391919080455
0,0,0.216998508780906
0,0,0.21933311354015414
0,0,0.22244556361633613
0,0,0.2218012776912769
0,0,0.22442493892433335
0,0,0.22314098593519138
0,0,0.22107330945482853
0,0,0.22097336109420587
0,0,0.22138087511935647
0,0,0.22043792964326678
0,0,0.21845914294275925
0,0,0.2194224002938027
0,0,0.22033432658303864
0,0,0.22152089548702142
0,0,0.2219181822894455
0,0,0.21981851273115394
0,0,0.21980302892132436
0,0,0.218904531375743
0,0,0.2177808920028775
0,0,0.21958455329245377
0,0,0.220196936261783
0,0,0.21652820864153832
0,0,0.21414075850212913
0,0,0.1541660864022965
0,0,0.15200281848169175
0,0,0.14957934879949455
0,0,0.15474043265013332
0,0,0.1627982307927694
0,0,0.16274010337523423
0,0,0.16794149858458007
0,0,0.16533261093462073
0,0,0.16145177063440733
0,0,0.16428201213193175
0,0,0.16782170497420745
0,0,0.1656271211211989
0,0,0.16511079532051948
0,0,0.16665390952959888
0,0,0.16124152200592845
0,0,0.16081493646592537
0,0,0.16319463980527574
0,0,0.16370393550292608
0,0,0.16525901502091728
0,0,0.16465767734024775
0,0,0.1700707280740856
0,0,0.17176068492255256
0,0,0.17199939917574747
1,0,0.16580277218017617
1,0,0.15872084389562321
1,0,0.15888864589624546
1,0,0.16216090644873335
1,0,0.1648125214648383
1,0,0.1659687295826452
1,0,0.16378469974133802
1,0,0.16191805259985528
1,0,0.1641022049614474
1,0,0.16248119986763723
1,0,0.1591653376370536
1,0,0.15958459426152607
1,0,0.16188932919430293
1,0,0.16185810905132214
1,0,0.15907659513504974
1,0,0.16115643448777742
1,0,0.16012413041688622
1,0,0.1578348828516634
1,0,0.16048222860097408
1,0,0.16011777366454272
1,0,0.15963150225673975
1,0,0.15911086599856603
1,0,0.16019895928270453
0,0,0.1639828503504313
0,0,0.1671433708292963
0,0,0.16904068056267071
0,0,0.17255195851300267
0,0,0.17428256135945472
0,0,0.17210864398378564
0,0,0.16947871593790662
0,0,0.1658917149115642
0,0,0.16797876266260497
0,0,0.1742308602732993
0,0,0.17998951193090282
0,0,0.18170764267751746
0,0,0.1763418924539138
0,0,0.173833065674909
0,0,0.17090510111943125
0,0,0.1696371932680077
0,0,0.1688939093071393
0,0,0.17096780158481115
0,0,0.16933600905046747
0,0,0.1711519803323374
0,0,0.17578937713035336
0,0,0.1728663170175709
0,0,0.1711732401076599
1,0,0.14672447492433338
1,0,0.15103893509104907
1,0,0.15041431801180496
1,0,0.15056105486603108
1,0,0.15667170923857912
1,0,0.15935516230275948
1,0,0.157723461074243
1,0,0.1597607648151384
1,0,0.15945087093781207
1,0,0.15955140215128738
1,0,0.16259030938577074
1,0,0.15783001210444056
1,0,0.16019034066134258
1,0,0.16514153589175715
1,0,0.1640459835097373
1,0,0.16107872020126465
1,0,0.1669375007069467
1,0,0.16730112516606488
1,0,0.15519377935311757
1,0,0.15514559320345297
1,0,0.1699649720653251
1,0,0.17256434822276429
1,0,0.14072150986392773
1,0,0.16437998860572575
1,0,0.16278630771209432
1,0,0.16266452621885566
1,0,0.15180125170528178
1,0,0.15246755275570145
1,0,0.16926613879831237
1,0,0.14057086174879152
1,0,0.1405708837939667
1,0,0.15523233411493198
1,0,0.15302167606954625
1,0,0.14057056358170136
1,0,0.14057056358170136
1,0,0.1670263423263262
1,0,0.14226543511626938
1,0,0.14203473829526142
1,0,0.16042851736031633
1,0,0.14057056358169848
1,0,0.14057056358170286
1,0,0.1405705635817515
1,0,0.14128767778670218
1,0,0.17016571041950912
1,0,0.17621880633546205
1,0,0.17577904413014922
0,0,0.21903706366036327
0,0,0.21780024234783
0,0,0.20282058499390665
0,0,0.20439998716466776
0,0,0.2217897252584951
0,0,0.22223413728328562
0,0,0.22130151570241105
0,0,0.2219233802379425
0,0,0.2209665092577719
0,0,0.21644584195016953
0,0,0.21333391021126843
0,0,0.21655301419945241
0,0,0.19943332425310603
0,0,0.20937524339092645
0,0,0.2252814510050218
0,0,0.2220260756454729
0,0,0.21628555656111612
0,0,0.2137256890605908
0,0,0.2100425390061548
0,0,0.2108302464506611
0,0,0.21560487837153022
0,0,0.21571363306290384
0,0,0.2156451098989862
0,0,0.21680231121306368
0,0,0.21650801778178716
0,0,0.21740723122428715
0,0,0.2178370315473266
0,0,0.21735948699294305
0,0,0.22034711685407057
0,0,0.22080222497544966
0,0,0.22124924269736368
0,0,0.22256881615686783
0,0,0.2227206781266535
0,0,0.22255081438669042
0,0,0.22344832414380003
0,0,0.22332676696596146
0,0,0.2261418811763575
0,0,0.22614821680549863
0,0,0.21491356641403153
0,0,0.21549398916731458
0,0,0.22745228217027086
0,0,0.22672486018624213
0,0,0.22497087264241586
0,0,0.2249697415557147
0,0,0.21616395502475463
0,0,0.21653656418390269
0,0,0.22631605959357134
0,0,0.22479811505518152
0,0,0.21995956348904708
0,0,0.2223081046406157
0,0,0.22308869826230487
0,0,0.22116173351893695
0,0,0.2236192346294878
0,0,0.2261397005276832
0,0,0.22612757186491278
0,0,0.22571414367610537
0,0,0.22631091536017475
0,0,0.22830360111553272
0,0,0.22304710233452066
1,0,0.1571822609102951
1,0,0.1587580117139987
1,0,0.1611646176697772
1,0,0.160394412315933
1,0,0.1595632152654377
1,0,0.1578560218522342
1,0,0.15213549572827315
1,0,0.14999959004372065
1,0,0.1521960210820722
1,0,0.15766186945309899
1,0,0.1601996811191374
1,0,0.15518153341105986
1,0,0.15174882177426877
1,0,0.15472336483619406
1,0,0.1554798706253026
1,0,0.1517589726215368
1,0,0.15116857189990482
1,0,0.15522316440917036
1,0,0.15209839962896252
1,0,0.1467076361328512
1,0,0.14275202716392413
1,0,0.14261696264513718
1,0,0.1405705649195847
1,0,0.16286487381527767
1,0,0.15802793078279664
1,0,0.15018623442334583
1,0,0.15551040451003065
1,0,0.15059397196525812
1,0,0.1539200778961155
1,0,0.16266743448724472
1,0,0.16131654005532742
1,0,0.15917197324539423
1,0,0.15799501935893814
1,0,0.16122556082284256
1,0,0.16808870347010754
1,0,0.16563637627141062
1,0,0.16173373866482355
1,0,0.16350599223433546
1,0,0.16370093535132987
1,0,0.16160108563319084
1,0,0.1635078328469197
1,0,0.16340132890724446
1,0,0.15876488929499238
1,0,0.15907241784448592
1,0,0.15883396149379364
1,0,0.15955444050564555
0,0,0.18204626057252274
0,0,0.17969620063057065
0,0,0.18173532202434503
0,0,0.1813824216789637
0,0,0.1779474896461962
0,0,0.17676484841342377
0,0,0.18083235585398838
0,0,0.18808720391108968
0,0,0.1943703505400981
0,0,0.18854686933752351
0,0,0.18041390650426622
0,0,0.1863339692814955
0,0,0.18789565005188089
0,0,0.18699655954127165
0,0,0.18702643881015407
0,0,0.18987394568317736
0,0,0.19187824971331843
0,0,0.190486984344341
0,0,0.18735525951884635
0,0,0.18577258338187996
0,0,0.18441364791491097
0,0,0.1833051440432893
0,0,0.18020662329789566
0,0,0.17923083908908546
0,0,0.1771547996572821
0,0,0.17885959842419025
0,0,0.17850163492396018
0,0,0.1762263452744418
0,0,0.17318181638300467
0,0,0.1718944771961926
0,0,0.1712970488766972
0,0,0.17211497201153825
0,0,0.16467702006873605
0,0,0.1636046128160899
0,0,0.17049275416625023
0,0,0.17196927719384517
0,0,0.17092690120134943
0,0,0.16595233488001626
0,0,0.16940913237555008
0,0,0.17712946902381058
0,0,0.17803119400056108
0,0,0.17728354663549642
0,0,0.17233572317054835
0,0,0.173522034008018
0,0,0.17137532604127265
0,0,0.17108619654597845
0,0,0.17866748909085164
0,0,0.17995436072916582
0,0,0.18069352922854282
0,0,0.17978076722066974
0,0,0.17918322764299768
0,0,0.1772659001283258
0,0,0.1749730660771926
0,0,0.17590997100593006
0,0,0.1766485869459259
0,0,0.17717544939840715
0,0,0.17303425016358187
0,0,0.1714450921989279
0,0,0.1711139105291618
0,0,0.1722113276926442
0,0,0.16983230299187171
0,0,0.1681311668113906
0,0,0.1716609595538067
0,0,0.17478924788430966
0,0,0.16975012017225685
0,0,0.16882050094895204
0,0,0.1693688532138821
0,0,0.17011712782241362
0,0,0.18353050390720094
0,0,0.16740032046930456
0,0,0.15522544142215564
0,0,0.16276672213323265
0,0,0.1776268895713344
0,0,0.19337312108564575
0,0,0.195453995248679
0,0,0.19094276618562372
0,0,0.20245515879265819
0,0,0.19222729382822987
0,0,0.1920382591585775
0,0,0.20530200397537474
0,0,0.2005434529191078
0,0,0.2000489579101535
0,0,0.1892451696580092
0,0,0.1712800905671206
0,0,0.16155359660507435
0,0,0.16413039657515396
0,0,0.19571528136159042
0,0,0.20432324003478478
0,0,0.20202157709705057
0,0,0.20091267707732646
0,0,0.1996986176882566
0,0,0.20058076046697568
0,0,0.19621659910812939
0,0,0.193846009078158
0,0,0.19189056938028137
0,0,0.19201951324376712
0,0,0.1925527877373569
0,0,0.19248725165424085
0,0,0.19352836110821003
0,0,0.19476406460821286
0,0,0.19297221187671673
0,0,0.19593999312200114
0,0,0.19885063459237015
0,0,0.1996071555894081
0,0,0.2016777318950309
0,0,0.19283193870764376
0,0,0.18655919421196132
0,0,0.19702818770369385
0,0,0.2025158832586404
0,0,0.19134274092767714
0,0,0.1873271906564851
0,0,0.19985882620871784
0,0,0.20049046494393444
0,0,0.19793020585781917
0,0,0.1502514183009619
0,0,0.1459818591173525
0,0,0.14420164033508373
0,0,0.14179962061286305
0,0,0.14133852820831022
0,0,0.1417778034644578
0,0,0.14138793935566174
0,0,0.14235072889578118
0,0,0.14481783723488054
0,0,0.1453768701537255
0,0,0.14486028366686832
0,0,0.14530242279927078
0,0,0.14588689102432081
0,0,0.14378327411795871
0,0,0.14219809069121692
0,0,0.1425851615154319
0,0,0.14403531400597758
0,0,0.14515027308269055
0,0,0.1476181783274863
0,0,0.14623229773226473
0,0,0.14491441355017554
0,0,0.14409306297008626
0,0,0.14349924601303293
0,0,0.14646755573028605
0,0,0.1476684980403261
0,0,0.14526055836162022
0,0,0.14255392234736372
0,0,0.1410004730891622
0,0,0.14685165951398146
0,0,0.182498527880042
0,0,0.18896573962965055
0,0,0.20793606766090567
0,0,0.2089483422009655
0,0,0.21136952214871502
0,0,0.20162698111841
0,0,0.21207912202368218
0,0,0.2226254826541452
0,0,0.22380785786965235
0,0,0.21107907386487584
0,0,0.213630597213812
0,0,0.20907783358059853
0,0,0.2134422430477376
0,0,0.2095839243242102
0,0,0.21734854529953834
0,0,0.214534955995115
0,0,0.21340060326732044
0,0,0.20802970379433125
0,0,0.21034520404374485
0,0,0.20945366616161912
0,0,0.20791630540208042
0,0,0.20525521601379831
0,0,0.21124315090347306
0,0,0.21163702774533977
0,0,0.21447647030915723
0,0,0.2081354004292869
0,0,0.20410223434389035
0,0,0.1990949216467191
0,0,0.1998277081300459
0,0,0.19503046468577104
0,0,0.18942480596931455
0,0,0.19166590929422814
0,0,0.2009298472077244
0,0,0.19857242785491924
0,0,0.1933688246990774
0,0,0.18718598716313117
0,0,0.19379063138447203
0,0,0.1950662064052806
0,0,0.19088629074638622
0,0,0.1915241611766065
0,0,0.19942217402963772
0,0,0.19520177640078726
0,0,0.19608484338226898
0,0,0.19664998349509244
0,0,0.19968820795199493
0,0,0.1922592120138131
0,0,0.18756561908239577
0,0,0.19099186448417688
0,0,0.19709446395615043
0,0,0.1862572556078144
0,0,0.17193222011388323
0,0,0.18112414669753518
0,0,0.19541156898941553
0,0,0.19251011781078425
0,0,0.18748197591774127
0,0,0.19101587447132087
0,0,0.19521528744602296
0,0,0.18652031589429613
0,0,0.17494533882515637
0,0,0.17699817657262484
0,0,0.1515803026582814
0,0,0.1494713813282811
0,0,0.16994784491446044
0,0,0.16731967374638299
0,0,0.15819488217564384
1,0,0.14072864280362335
1,0,0.1405825801648656
1,0,0.14057060808306363
1,0,0.1405711341024359
1,0,0.14081280952451963
1,0,0.1406705143231522
1,0,0.14124783211704195
1,0,0.1437352941566272
1,0,0.14111735634090283
1,0,0.14071780602761685
1,0,0.1405797340417732
1,0,0.140575379480721
1,0,0.14058838136625415
1,0,0.14057659695630725
1,0,0.14057059958342713
1,0,0.14057071381000902
1,0,0.14057866257572207
1,0,0.14089173049687873
1,0,0.14184504013777818
1,0,0.14057056358170286
1,0,0.14057056358170286
1,0,0.14057061431927334
1,0,0.14059859099772948
1,0,0.14060092022663684
1,0,0.14057418797896257
1,0,0.14057068539871787
1,0,0.14061695584838083
1,0,0.14071634874508152
1,0,0.140570581692387
1,0,0.14057056403913515
1,0,0.14057056473992882
1,0,0.1405705637493447
1,0,0.14057621761067896
1,0,0.14367991650409395
1,0,0.1430724182533161
1,0,0.1421055345746101
1,0,0.1438632541630984
1,0,0.1467255980920179
1,0,0.14110822606089385
1,0,0.14057072792091577
1,0,0.1405705798780848
1,0,0.14057058777038453
1,0,0.1405705636831685
1,0,0.14057056358170286
1,0,0.1405705635817076
1,0,0.1414410267801105
1,0,0.14088491446578705
1,0,0.14141096283200016
1,0,0.14060576187440144
1,0,0.14057289427808775
1,0,0.14057376504367036
1,0,0.14057056358170292
1,0,0.14057056358170286
1,0,0.14057056358170286
1,0,0.14057056358170286
1,0,0.14057056358170286
1,0,0.14057056358170286
1,0,0.14057056358170286
1,0,0.14057056358170286
1,0,0.14057056358170286
1,0,0.14057056358170286
1,0,0.14057056358170286
1,0,0.14057056358170286
1,0,0.14057056358170286
1,0,0.14057056358170286
1,0,0.14057056358170286
1,0,0.14057056358170286
1,0,0.14057056358170286
1,0,0.14488054151613716
1,0,0.14057109695295292
1,0,0.14057235135003768
1,0,0.14057135701251988
1,0,0.14057056358170328
1,0,0.14057056358170286
1,0,0.14057056358170286
1,0,0.14057056358170286
1,0,0.14057056358170286
1,0,0.14057056358170286
1,0,0.14057056358170286
1,0,0.14057056358170286
1,0,0.14057067249659344
1,0,0.14057056358170286
1,0,0.14057056358170286
1,0,0.14057056358170286
1,0,0.14057056358170328
1,0,0.14057056358170286
1,0,0.14057056358170286
1,0,0.14057056358170286
1,0,0.14057056358170286
1,0,0.14057056358170286
1,0,0.14057690815975563
1,0,0.14057056359294143
1,0,0.14213477573151434
1,0,0.14057564372856948
1,0,0.14057059254866497
1,0,0.14057056358184275
1,0,0.14057056358170286
1,0,0.14057056358170286
1,0,0.14057056358785813
1,0,0.14057105267268735
1,0,0.14057056358170286
1,0,0.14057056358170286
1,0,0.14057056358170286
1,0,0.14057056358170286
1,0,0.14057056358184536
1,0,0.14057056358170286
1,0,0.14057056358170286
1,0,0.14057056358170286
1,0,0.14057056358170286
1,0,0.14057056358170286
1,0,0.14057056358170286
1,0,0.14057056358170286
1,0,0.14057056358170286
1,0,0.14057056358170286
1,0,0.14057056358170328
1,0,0.16293517433102472
1,0,0.19949431379890892
1,0,0.20712018084694264
1,0,0.20269067836341004
1,0,0.19959749052038153
1,0,0.21733192654092803
1,0,0.21368292298759264
1,0,0.20558280959411707
1,0,0.18625775916416712
1,0,0.1706528028416571
1,0,0.18392932747448176
1,0,0.1861409065630751
1,0,0.17881667363104636
1,0,0.18829122331645326
1,0,0.18279123382980866
1,0,0.18000597389070003
1,0,0.17879908933741034
1,0,0.17788868666801025
1,0,0.1872051890763575
1,0,0.19153786856367802
1,0,0.18717684663230874
1,0,0.2002586950012847
1,0,0.20542134056394237
1,0,0.20987755846188016
1,0,0.21443790283116027
1,0,0.20589561645924812
1,0,0.21673030533528034
1,0,0.2190507791602207
1,0,0.21128501908547667
1,0,0.21645948572776733
1,0,0.22197623148712203
1,0,0.2200151214910842
1,0,0.22146704645133364
1,0,0.2177054464427046
1,0,0.21531168881409052
1,0,0.21127765870086404
1,0,0.20311598144142023
1,0,0.22258924365245358
1,0,0.22326095331789278
1,0,0.21804603591744418
1,0,0.21621668922795342
1,0,0.2155834171240665
1,0,0.22327155108214347
1,0,0.22624104844398876
1,0,0.22261939478940762
1,0,0.21736360918275915
1,0,0.21709892124462238
1,0,0.2208048187336452
1,0,0.22447763747386162
1,0,0.22241431283592872
1,0,0.21576102292616764
1,0,0.22703077599463753
1,0,0.22195247128703963
1,0,0.21917128567633282
1,0,0.21216899760487304
1,0,0.209630903441027
1,0,0.21312512119602633
1,0,0.21546520188118393
1,0,0.20902103523553392
1,0,0.14186919472297105
1,0,0.1408315646987205
1,0,0.14114933832242607
1,0,0.1412164691636857
1,0,0.14065215519164165
1,0,0.1407245098738775
1,0,0.14129539248910078
1,0,0.14358281542279308
1,0,0.143352538870902
1,0,0.14170674879298856
1,0,0.1411340196393175
1,0,0.1405705635931841
1,0,0.14057056360637823
1,0,0.14181690798104277
1,0,0.1410857628486849
1,0,0.14123999825301525
1,0,0.14134576698697648
1,0,0.14057382620284856
1,0,0.14057056358170286
1,0,0.14057056358170286
1,0,0.14057056358170286
1,0,0.14057056358170347
1,0,0.14057056358170286
1,0,0.14397095274184138
1,0,0.14304820696414028
1,0,0.14212381335827287
1,0,0.14184240931156897
1,0,0.14221526013255079
1,0,0.14305379900809798
1,0,0.14490803894189244
1,0,0.1429536932766965
1,0,0.14213859804155232
1,0,0.14226044610486172
1,0,0.14226436422682603
1,0,0.1425771080251796
1,0,0.14273865079951648
1,0,0.14338828927030134
1,0,0.14336724826376762
1,0,0.14293957239590466
1,0,0.14226280947569572
1,0,0.14163426328653453
1,0,0.1419725497752627
1,0,0.14240186338658958
1,0,0.14240386699180163
1,0,0.1424735265435664
1,0,0.14307461051360754
0,0,0.17703330398836087
0,0,0.17567262137044967
0,0,0.1843696010239964
0,0,0.1911608173557999
0,0,0.1832725235585989
0,0,0.1786650534509973
0,0,0.17838303942230035
0,0,0.17770895570518683
0,0,0.175318219213353
0,0,0.17188962911924455
0,0,0.16750992932402894
0,0,0.16615248806297755
0,0,0.1704171016533722
0,0,0.1741903343191337
0,0,0.17336128855752753
0,0,0.17397575339902221
0,0,0.17584219272107895
0,0,0.176483369961399
0,0,0.174075676398139
0,0,0.1730087786611988
0,0,0.1770595869512428
0,0,0.1769055941717411
0,0,0.1755774993400172
0,0,0.17257374204407339
0,0,0.1751644296132995
0,0,0.17901052231231712
0,0,0.18003683699680068
0,0,0.1785982741917
0,0,0.1841978769857013
0,0,0.18052627797387383
0,0,0.1807766626495957
0,0,0.18177133553878347
0,0,0.18141301207651328
0,0,0.18022006465092769
0,0,0.17572996541534355
0,0,0.1701780521910094
0,0,0.16694930166029603
0,0,0.1657475039101695
0,0,0.16819857026931953
0,0,0.16705572238217015
0,0,0.16313061841964532
0,0,0.1647862830752498
0,0,0.17155085146494486
0,0,0.172762201440296
0,0,0.1790286077641356
0,0,0.18277843272502717
0,0,0.18412014010366953
0,0,0.18435015996951296
0,0,0.18612309891672324
0,0,0.18642320296484913
0,0,0.18170433064682756
0,0,0.18262146053409473
0,0,0.18835025229806648
0,0,0.18725249472459907
0,0,0.1809577446293064
0,0,0.18182674207692726
0,0,0.18003754762329155
0,0,0.1809318211306749
0,0,0.18556402524270255
0,0,0.17995899595491852
0,0,0.18140395608574023
0,0,0.18554947502163027
0,0,0.1814448470922991
0,0,0.1792708827571069
0,0,0.17817786022293167
0,0,0.1765583808870241
0,0,0.1750966838588574
0,0,0.1749277091198059
1,0,0.16523980903920105
1,0,0.17776712277563841
1,0,0.17500915222956429
1,0,0.17294904668150576
1,0,0.18871003946719006
1,0,0.197359050279442
1,0,0.1899464976538601
1,0,0.1701778583883897
1,0,0.1730292705723436
1,0,0.18841792854888387
1,0,0.18130574713591724
1,0,0.1688964543812583
1,0,0.1798358371484535
1,0,0.19927715973113216
1,0,0.18664949187352287
1,0,0.17051439989424944
1,0,0.15030398387595856
1,0,0.15318607341584767
1,0,0.15970380495206596
1,0,0.15918041530575328
1,0,0.16377214358153103
1,0,0.15565050964586527
1,0,0.14748775472749404
1,0,0.14801149477388845
1,0,0.15862344162153802
1,0,0.16293003809852452
1,0,0.16317230238708724
1,0,0.1589324217046467
1,0,0.14630105833651502
1,0,0.14927197804061035
1,0,0.1593863381957815
1,0,0.150095398711217
1,0,0.15046211876065171
1,0,0.15429437562889334
1,0,0.15215926779053984
1,0,0.146951880366536
1,0,0.146310739731719
1,0,0.14986613442424732
1,0,0.1526055585798806
1,0,0.15979181278413898
1,0,0.15971232775254432
1,0,0.1530994060815778
1,0,0.14653242940859482
1,0,0.1446253729274656
1,0,0.14691041313985204
1,0,0.14774588124867222
0,0,0.1591539556617388
0,0,0.14684039883091082
0,0,0.14047756141242912
0,0,0.1402641156217053
0,0,0.1418601793005265
0,0,0.14247172230938937
0,0,0.14141297334811356
0,0,0.14083702056469508
0,0,0.14048160043491928
0,0,0.14423562362641668
0,0,0.14224150656555526
0,0,0.13981370915754013
0,0,0.1405837610266503
0,0,0.13977071681884978
0,0,0.13935313051066012
0,0,0.14403688961828576
0,0,0.1453285347340774
0,0,0.14467302020082243
0,0,0.14573487097613672
0,0,0.1461734409726873
0,0,0.14203515639746464
0,0,0.14233705441034794
0,0,0.14364523122683048
0,0,0.2240082617309461
0,0,0.2278242603176886
0,0,0.2289010241348409
0,0,0.22573011875942792
0,0,0.21649620706431355
0,0,0.21418476112560808
0,0,0.21761984237964638
0,0,0.21892968798588333
0,0,0.2200881551984898
0,0,0.22348419881671663
0,0,0.2229876081532085
0,0,0.2306721885969904
0,0,0.22108230262791356
0,0,0.2131431317639266
0,0,0.22181348807622492
0,0,0.22324212849193292
0,0,0.21745070572833033
0,0,0.2148362015201704
0,0,0.21557910322006404
0,0,0.2248536522702821
0,0,0.23090499650910185
0,0,0.21560994918961798
0,0,0.20685379538465987
0,0,0.2139957410789145
0,0,0.21151636517226316
0,0,0.20475165891006947
0,0,0.18662747972900018
0,0,0.1882485647671845
0,0,0.21093553931816011
0,0,0.20952162847926165
0,0,0.20188203104174166
0,0,0.20506627832388272
0,0,0.2108657995415394
0,0,0.21536502201333851
0,0,0.21386924266032165
0,0,0.2164418848675411
0,0,0.2210603345430976
0,0,0.22149903588498396
0,0,0.20817332191711171
0,0,0.21220080594651405
0,0,0.21616767209838195
0,0,0.2044663473824811
0,0,0.19018100608438443
0,0,0.2014614466469289
0,0,0.21878735338586405
0,0,0.22195871771826814
0,0,0.2178488314647596
0,0,0.21159301292000368
0,0,0.21602438328015733
0,0,0.21058470518484831
0,0,0.20759461620845635
0,0,0.20947556129975128
0,0,0.21483612527010523
0,0,0.2278479194573761
0,0,0.2180774195269343
0,0,0.2168306697268542
0,0,0.21697058172380518
0,0,0.2057180302577137
0,0,0.20407313465783364
0,0,0.21743840660691224
0,0,0.22250852951173827
0,0,0.2205453326266225
0,0,0.20644396043572205
0,0,0.21146613858698593
0,0,0.22131393564896532
0,0,0.21984158755729208
0,0,0.19759390316926867
0,0,0.2020880919660768
0,0,0.20911360344505558
0,0,0.2111878103811517
0,0,0.2025543534564036
1,0,0.1406236621553724
1,0,0.13985679283810812
1,0,0.139714361946691
1,0,0.1395111394505446
1,0,0.14010260066439958
1,0,0.14012809100824336
1,0,0.1405364900066453
1,0,0.1405495945287209
1,0,0.14019477721110074
1,0,0.1403837712048733
1,0,0.14012241014495552
1,0,0.1398804007899437
1,0,0.1402711893696495
1,0,0.14036793780573806
1,0,0.14025551385552784
1,0,0.14019119816147188
1,0,0.14061170032076306
1,0,0.1408125399948485
1,0,0.14064821327569937
1,0,0.14066289788937653
1,0,0.14106670845946057
1,0,0.141018187434303
1,0,0.14097367167699365
1,0,0.14498136933061662
1,0,0.1419695884456424
1,0,0.14138672080078743
1,0,0.1411094048017021
1,0,0.14087296753915154
1,0,0.14083284501844798
1,0,0.1407891278234834
1,0,0.1408944099231238
1,0,0.1407848764900284
1,0,0.14064522647274272
1,0,0.1402710208902141
1,0,0.14031358549741205
1,0,0.1405173116057626
1,0,0.1405419481148364
1,0,0.14052684862510817
1,0,0.14049919235399025
1,0,0.1405921814590901
1,0,0.14070379414288556
1,0,0.14079426415101506
1,0,0.14066497361222352
1,0,0.14062948022039973
1,0,0.14073808034545543
1,0,0.14072614673784528
1,0,0.14217967897907785
1,0,0.14287899587924238
1,0,0.14331752973931286
1,0,0.14251124799926074
1,0,0.142409809030427
1,0,0.14233952927701765
1,0,0.1426471394311408
1,0,0.14227078991226824
1,0,0.14250120584836237
1,0,0.14247497604787374
1,0,0.14193558397481518
1,0,0.1419422024374173
1,0,0.1420225586378316
1,0,0.14194178372602198
1,0,0.14211917575852387
1,0,0.1419995319943776
1,0,0.1413513690373814
1,0,0.14142975255249884
1,0,0.14109333476575117
1,0,0.14116478451051895
1,0,0.1418959468659103
1,0,0.14126679188202057
1,0,0.141909197948537
1,0,0.14510404959316336
1,0,0.1457429737879527
1,0,0.1439745043475247
1,0,0.14332652729155715
1,0,0.14577651399353803
1,0,0.1478426279444674
1,0,0.1476068385006527
1,0,0.14656118622762349
1,0,0.14524658919999905
1,0,0.1464116306351718
1,0,0.14553596432688926
1,0,0.14570908470137803
1,0,0.14335933770405135
1,0,0.1409660521211189
1,0,0.14064591988269307
1,0,0.1406071245528629
1,0,0.1405793852174103
1,0,0.14059084299202268
1,0,0.14059098598966105
1,0,0.14058246197721158
1,0,0.1407696931216321
1,0,0.141130431188302
1,0,0.14086723322523165
1,0,0.1413252767160635
1,0,0.14149049872990763
1,0,0.14168743724272267
1,0,0.14180889559552173
1,0,0.14170809135420986
1,0,0.14151294668532077
1,0,0.14117603637646278
1,0,0.14109195994531898
1,0,0.14115440778381888
1,0,0.140965015109155
1,0,0.14108216473469937
1,0,0.14185036596082057
1,0,0.14167097062801673
1,0,0.14152455657033947
1,0,0.14142397127770073
1,0,0.14190191646206635
1,0,0.14151469053844276
1,0,0.14150675882772418
1,0,0.14184472702483306
1,0,0.14189393123590033
1,0,0.14332251583239822
1,0,0.1442538647553234
1,0,0.14226641283353278
0,0,0.22321812574040062
0,0,0.23006712269333374
0,0,0.2295339434550627
0,0,0.22529483489913743
0,0,0.2211159014999066
0,0,0.2252770747643652
0,0,0.22905626024850945
0,0,0.22463687212266187
0,0,0.21830241617476592
0,0,0.22266282250523095
0,0,0.2276863137342121
0,0,0.22393296040783667
0,0,0.21549070204045828
0,0,0.21421113380999363
0,0,0.21608520086289792
0,0,0.22070799728053447
0,0,0.21949496111841918
0,0,0.21562768408790084
0,0,0.22288633620774664
0,0,0.2202983294309358
0,0,0.21631803369794073
0,0,0.21446020814718797
0,0,0.20482509927553483
0,0,0.21057033257501034
0,0,0.21696826765193591
0,0,0.21155531895691293
0,0,0.20968101652827362
0,0,0.2033900251478305
0,0,0.20673068178798715
0,0,0.21338914831229555
0,0,0.21399645616669022
0,0,0.21413871260207037
0,0,0.2187547205089315
0,0,0.221601119873159
0,0,0.2149266695665309
0,0,0.21152025918065082
0,0,0.2203948778068449
0,0,0.21899939732764157
0,0,0.22151910435760055
0,0,0.22757729902262075
0,0,0.2305090548535595
0,0,0.23391554524354913
0,0,0.2125193867738434
0,0,0.21020929592649928
0,0,0.21779958452376127
0,0,0.21569956723557648
0,0,0.20454536728641518
0,0,0.20509845197507082
0,0,0.21669921258369448
0,0,0.21965489637368837
0,0,0.22980719251213452
0,0,0.22084840227736052
0,0,0.213511095277555
0,0,0.2230057771020676
0,0,0.22748499573743958
0,0,0.2208897377459954
0,0,0.21131913101065353
0,0,0.2227952947023127
0,0,0.22548966873233553
1,0,0.14096416773272585
1,0,0.14092531466377264
1,0,0.1412427756868255
1,0,0.14117916786102985
1,0,0.14099497660029436
1,0,0.14094975674750615
1,0,0.14079073816431664
1,0,0.14090733370577282
1,0,0.14098665820677136
1,0,0.1409427137711246
1,0,0.1408597824803082
1,0,0.1406582714557558
1,0,0.14063028986496037
1,0,0.14074253246374396
1,0,0.14075868835083036
1,0,0.1407171237462247
1,0,0.14069426124179799
1,0,0.14066346179463401
1,0,0.14060307874100145
1,0,0.14059241270862521
1,0,0.141034025738423
1,0,0.14138951217593523
1,0,0.1405743712391768
1,0,0.1405699993908345
1,0,0.14108832930827309
1,0,0.14109820075940177
1,0,0.14153924675461083
1,0,0.1414026160340947
1,0,0.1410756448056774
1,0,0.14095178633771321
1,0,0.14113624051041498
1,0,0.14099701577956475
1,0,0.14071565518464627
1,0,0.14065308542778135
1,0,0.140675453298391
1,0,0.14069907271688303
1,0,0.140628338146278
1,0,0.14059143265274524
1,0,0.1406273290519433
1,0,0.1406243948895036
1,0,0.14063677458718107
1,0,0.1410059557740406
1,0,0.14105132929549047
1,0,0.1407148409461906
1,0,0.140656871684436
1,0,0.14058934085517827
1,0,0.14442643146086082
1,0,0.14102252715469923
1,0,0.14081016907143573
1,0,0.14115317137004546
1,0,0.14168310358272798
1,0,0.14149330116006179
1,0,0.14119468898802073
1,0,0.1410225008946317
1,0,0.14145861295375553
1,0,0.14148342930500696
1,0,0.14157910438625926
1,0,0.14203523809997068
1,0,0.14111059296438686
1,0,0.1408940380496091
1,0,0.14132059144416867
1,0,0.14123175484453462
1,0,0.14149579160215328
1,0,0.1420430129491135
1,0,0.14331044403374849
1,0,0.14312529118336517
1,0,0.14259839468981944
1,0,0.14512973913201566
1,0,0.1496311163758896
1,0,0.14983802136585392
1,0,0.14949945713977605
1,0,0.14953044815649785
1,0,0.1477274833916102
1,0,0.14653223139261037
1,0,0.14589311293276344
1,0,0.14551082021818884
1,0,0.145396713676125
1,0,0.14557444658315424
1,0,0.1449163009803998
1,0,0.14449114950793762
1,0,0.14415219537130564
1,0,0.1440922274073323
1,0,0.14366429535636993
1,0,0.14282611284468683
1,0,0.14235382542638236
1,0,0.1432656805674037
1,0,0.14356208484665295
1,0,0.14296979391072911
1,0,0.1432298534460562
1,0,0.14420572516369612
1,0,0.1447366245964772
1,0,0.1439315359346472
1,0,0.1431223546526935
1,0,0.1429370688418113
1,0,0.14322152962388104
1,0,0.1435480385942654
1,0,0.1426962687861055
1,0,0.14307186266113978
1,0,0.14488954274030239
1,0,0.14573570577668032
1,0,0.14579352765623674
1,0,0.14481247318085658
1,0,0.14344778143656922
1,0,0.14357099682167807
1,0,0.1449370153727798
1,0,0.1454869382068953
1,0,0.14498485057950003
1,0,0.143727635279958
1,0,0.1439644475221829
1,0,0.14555071997671637
1,0,0.1448588579651141
1,0,0.1450088153770657
1,0,0.1473013725971223
1,0,0.14626845192210516
1,0,0.14065644537931124
1,0,0.1406488783586442
1,0,0.1406324178626635
1,0,0.14053606359817003
1,0,0.1405430311971588
1,0,0.1399044795486225
1,0,0.14009853386609178
1,0,0.14146657452753753
1,0,0.14253123922721875
1,0,0.1424419359309601
1,0,0.14156629500115656
1,0,0.14159124751884777
1,0,0.14228712860206164
1,0,0.14214445181571828
1,0,0.14184861875523205
1,0,0.14574690590897457
1,0,0.15805167665058883
1,0,0.1582884864540904
1,0,0.15782335332948388
1,0,0.15759321270847307
1,0,0.15496686941808518
1,0,0.15390912769466497
1,0,0.15330227073006317
1,0,0.15035151459562138
1,0,0.150289343433086
1,0,0.15126971017736326
1,0,0.15290120441012559
1,0,0.15478892773784825
1,0,0.15216740911027454
1,0,0.15105591751611203
1,0,0.1526411358722851
1,0,0.15263637526926152
1,0,0.15068770271735224
1,0,0.1485252058807232
1,0,0.14739602679716549
1,0,0.14740466695125348
1,0,0.14804689080213412
1,0,0.1492973087442692
1,0,0.14916244717126753
1,0,0.14733681057604137
1,0,0.14840039131619184
1,0,0.14727339984618082
1,0,0.14831894957041605
1,0,0.1472678643956168
1,0,0.1457905144603945
1,0,0.1454929577416823
0,0,0.1821293574024603
0,0,0.18191355232773235
0,0,0.1849291090399115
0,0,0.18396669590824863
0,0,0.17676476060814764
0,0,0.17429634322726367
0,0,0.17298387356104056
0,0,0.17307220930208292
0,0,0.1732234621328076
0,0,0.17201470990684237
0,0,0.17252016828766503
0,0,0.17110396888076262
0,0,0.16997341966846705
0,0,0.17094552488904927
0,0,0.1699369556791803
0,0,0.17054679299622047
0,0,0.17162912120079968
0,0,0.17273794839602344
0,0,0.1730259376941217
0,0,0.17301562486977842
0,0,0.1719638210925758
0,0,0.17133055796585486
0,0,0.1721439539114433
0,0,0.22619577399305185
0,0,0.2317125869339429
0,0,0.23399126049272423
0,0,0.22419024630915727
0,0,0.21855079433257707
0,0,0.22109559947293048
0,0,0.22204916916592857
0,0,0.2188051317477671
0,0,0.21756429885389117
0,0,0.22121443286374987
0,0,0.21929049473282927
0,0,0.2176944756791003
0,0,0.22357307651297165
0,0,0.22733079391252242
0,0,0.22838466631083168
0,0,0.2258456928872687
0,0,0.225104756086392
0,0,0.2254260379145683
0,0,0.22475010201561144
0,0,0.22041289427123273
0,0,0.21908001050805004
0,0,0.2265280142342935
0,0,0.22027322399403448
0,0,0.22096310861725316
0,0,0.22043835118207425
0,0,0.2247230742563859
0,0,0.225591213984033
0,0,0.2241232296672127
0,0,0.22368564527369159
0,0,0.22522309172414215
0,0,0.2258091118006871
0,0,0.22340790642969827
0,0,0.2177759157405343
0,0,0.21581844376627254
0,0,0.2160930685058311
0,0,0.2222768621601245
0,0,0.22994670933468
0,0,0.22762854072904776
0,0,0.23152247094619158
0,1,0.23924072420807885
0,0,0.2318730573411575
0,0,0.22783317093711186
0,0,0.2285792720123373
0,0,0.23262058651940862
0,0,0.23370918299425417
0,0,0.2287824940823462
0,0,0.2266336965674175
0,0,0.22835408278248157
0,0,0.2261187835154269
0,0,0.2281446904051626
0,0,0.22342731766671065
0,0,0.22209490055909983
0,0,0.22152676592116943
0,0,0.21974823858680814
0,0,0.21895170205376907
0,0,0.2173351438062327
0,0,0.21674034157351862
0,0,0.21853500462812128
0,0,0.2181731241221267
0,0,0.21759693541218186
0,0,0.22144058661706645
0,0,0.2217814319767925
0,0,0.22164240411524147
0,0,0.22105051611442084
0,0,0.2200504719448974
0,0,0.22284878465283375
0,0,0.22379634184423206
0,0,0.22515797815442457
0,0,0.21798606057017164
0,0,0.21434956070978317
0,0,0.21821253512483946
0,0,0.15043101961810085
0,0,0.15084381890496032
0,0,0.14057056358170286
0,0,0.14057056358170286
0,0,0.14057056358170286
0,0,0.14057056358170286
0,0,0.1405703562169916
0,0,0.14057056358168094
0,0,0.14057056358133677
0,0,0.14057056356209607
0,0,0.14057056357133443
0,0,0.14057056358170417
0,0,0.14057056358170286
0,0,0.14057056358170286
0,0,0.14057056358170286
0,0,0.14057056358170286
0,0,0.14057056358170286
0,0,0.14057056358170286
0,0,0.14057056358170328
0,0,0.14057056358170286
0,0,0.14057056358164888
0,0,0.1405705635279371
0,0,0.1405704701368288
0,0,0.14057056358170292
0,0,0.14057056358174136
0,0,0.14057056358170292
0,0,0.14057056358170347
0,0,0.14057056358171613
0,0,0.14057056358170286
0,0,0.14057056358170286
0,0,0.14057071603062898
0,0,0.16861514059642954
0,0,0.16412726347716217
0,0,0.15869269026598623
0,0,0.1517510257752797
0,0,0.15472988099851143
0,0,0.16652957249925485
0,0,0.16953759368580493
0,0,0.1661047843178039
0,0,0.16185787921893627
0,0,0.15529197037785428
0,0,0.14772809234627046
0,0,0.1454001288929756
0,0,0.14858228862891132
0,0,0.1542479265290298
0,0,0.15507317097357806
0,0,0.19768785896620983
0,0,0.19389674172423327
0,0,0.1762635858764248
0,0,0.17197348170810892
0,0,0.169754730003732
0,0,0.18419370590087944
0,0,0.17418541237061994
0,0,0.172229471244668
0,0,0.1751205755921285
0,0,0.17554643749560905
0,0,0.1427601265252551
0,0,0.14057044962499665
0,0,0.14057056358170286
0,0,0.1405729111321389
0,0,0.17063134370434474
0,0,0.16477227020636415
0,0,0.16374297109494082
0,0,0.1674606247414004
0,0,0.17277590141138685
0,0,0.17664703913912802
0,0,0.17987390430935762
0,0,0.1770307447549825
0,0,0.1722065304463745
0,0,0.19564128438745879
0,0,0.19748977766205508
0,0,0.1777837573804496
0,0,0.18034545415704442
0,0,0.21120078396686687
0,0,0.20810391718379923
0,0,0.2102024577565802
0,0,0.21440811720555938
0,0,0.21082349337636128
0,0,0.2051060919239815
0,0,0.20637394725636773
0,0,0.2067997870597545
0,0,0.20329381420497766
0,0,0.19987297614377803
0,0,0.19638349730051807
0,0,0.19538439189104878
0,0,0.14057056341777507
0,0,0.14057056358170286
0,0,0.14057056358170286
0,0,0.1405705628667919
0,0,0.1436332919398619
0,0,0.14057056358166603
0,0,0.14057056358170286
0,0,0.20275743903526414
0,0,0.20514508067470857
0,0,0.20403667828177754
0,0,0.19908321569323748
0,0,0.18922154223962193
0,0,0.18757215476110745
0,0,0.18708826028345032
0,0,0.18766438855568368
0,0,0.18990371038572632
0,0,0.14060437477956333
0,0,0.14057056358170286
0,0,0.14057056358170286
0,0,0.14057056358170286
0,0,0.14057056358170286
0,0,0.14057056301668364
0,0,0.14057056358170258
0,0,0.14057056358170286
0,0,0.14057056358170286
0,0,0.14057056358170286
0,0,0.14057056358170286
0,0,0.14057056358170286
0,0,0.14057057996980835
0,0,0.1405705635775068
0,0,0.20872203048867707
0,0,0.20558235695324312
0,0,0.2035112610207284
0,0,0.20424877142224523
0,0,0.20970780224225302
0,0,0.20693945846139472
0,0,0.2078832590399627
0,0,0.21159970369944844
0,0,0.21331606253624028
0,0,0.21289059689307138
0,0,0.21085786732472114
0,0,0.20942087082562585
0,0,0.21065087147109343
0,0,0.21182541579923006
0,0,0.21419916272725734
0,0,0.21805868080733481
0,0,0.22007259086159073
0,0,0.21959545831984242
0,0,0.218720669465174
0,0,0.21926289448140002
0,0,0.21675189129364417
0,0,0.2181115511566187
0,0,0.21271465075254736
0,0,0.2083550106500665
0,0,0.2094132773771613
0,0,0.20995198944724025
0,0,0.21095938369452183
0,0,0.2108356708999912
0,0,0.2116239057924411
0,0,0.2119800669227393
0,0,0.2126624801973131
0,0,0.21032147206696833
0,0,0.209814551458355
0,0,0.208076385427556
0,0,0.20755636547077852
0,0,0.2106848285714427
0,0,0.21066584251127066
0,0,0.21143807191861633
0,0,0.20892199422259916
0,0,0.20443058359644553
0,0,0.21308768957848878
0,0,0.20931176683916458
0,0,0.20818133724064505
0,0,0.20777048808576234
0,0,0.20395941096001552
0,0,0.20797456237078293
0,0,0.20970439895765647
0,0,0.20883348504365423
0,0,0.21475156989124333
0,0,0.2236954456451643
0,0,0.22708085293508162
0,0,0.2295160357580207
0,0,0.2216387353265285
0,0,0.22043182315710425
0,0,0.21978722952420834
0,0,0.22268877766624298
0,0,0.22476156434703828
0,0,0.22373480424782483
0,0,0.22260227114534378
0,0,0.1463289611702062
0,0,0.14104676777663508
0,0,0.14176777273298788
0,0,0.14730534608758952
0,0,0.14334602908171398
0,0,0.15717796360719852
0,0,0.1792826309979418
0,0,0.17280266733583993
0,0,0.19099579000200984
0,0,0.18806206475429052
0,0,0.1854890975412379
0,0,0.19110923982214414
0,0,0.19309061755807402
0,0,0.18914512488104387
0,0,0.1861015530126135
0,0,0.18462829235528153
0,0,0.18245520020970607
0,0,0.18385544226502956
0,0,0.18361799819677319
0,0,0.1821948007635745
0,0,0.1946160972075864
0,0,0.19548818244689475
0,0,0.18950824814462186
0,0,0.18184636524924488
0,0,0.18311293896292102
0,0,0.21670567627016854
0,0,0.21723797228441796
0,0,0.21547427369609062
0,0,0.201571365573087
0,0,0.17829413746259198
0,0,0.1905861765470719
0,0,0.2158314802276405
0,0,0.21030481052069622
0,0,0.20736186026340353
0,0,0.20382843341720316
0,0,0.20353984849406326
0,0,0.21161270669007334
0,0,0.23301183874873482
0,0,0.22582306196286403
0,0,0.20272120348710806
0,0,0.20196324727346
0,0,0.20463370763384922
0,0,0.20570258114254744
0,0,0.21120703974815247
0,0,0.20886466572454845
0,0,0.20625913141528276
0,0,0.17877048243604865
0,0,0.1851227750176203
0,0,0.1818689898960072
0,0,0.17517101880276068
0,0,0.16573234368511694
0,0,0.16466820913524427
0,0,0.1641109405769267
0,0,0.16336015083929328
0,0,0.16211944652193638
0,0,0.16238075652368866
0,0,0.16151391146119373
0,0,0.1603167183013816
0,0,0.1591415451203259
0,0,0.15911703450633533
0,0,0.1611926623455406
0,0,0.16143534225224052
0,0,0.15979322293474396
0,0,0.16085389179198464
0,0,0.16199453009924333
0,0,0.16167794907588878
0,0,0.1614167884711077
0,0,0.16046528065407595
0,0,0.16038221126428776
0,0,0.16013052799624836
0,0,0.15993458825862816
0,0,0.15982715928146804
0,0,0.15968095071202904
0,0,0.16012028331351372
0,0,0.15866043030712526
0,0,0.1573889908383232
0,0,0.1578351313963191
0,0,0.15853524471083294
0,0,0.16206343576744975
0,0,0.16293219103890025
0,0,0.16129950168573787
0,0,0.16259927531825782
0,0,0.1739584152151986
0,0,0.18620747978760285
0,0,0.19470078624427414
0,0,0.1957220597416818
0,0,0.18510220782023887
0,0,0.18372573716090193
0,0,0.18458455058783893
0,0,0.18751626842832697
0,0,0.18513118068920534
0,0,0.1810075998526406
0,0,0.18340951462548644
0,0,0.18271420928308643
0,0,0.18469208916796992
0,0,0.18717275236966785
0,0,0.18660422349859024
0,0,0.18558731754719252
0,0,0.18288690702479252
0,0,0.17948502324291746
0,0,0.1731935670694999
0,0,0.1766814263344791
0,0,0.18278183324611594
0,0,0.18460388479850615
0,0,0.18291022872409626
0,0,0.17703189580527065
0,0,0.17409458139134146
0,0,0.17431894559597652
0,0,0.1680855338213211
0,0,0.1680777373695946
0,0,0.1636456256602022
0,0,0.1665177306412815
0,0,0.17385068824597938
0,0,0.1781009937867628
0,0,0.18523362863609463
0,0,0.19207551772797388
0,0,0.19779572250324567
0,0,0.19906620559525554
0,0,0.19919994976242583
0,0,0.19938992015283716
0,0,0.19502793034231808
0,0,0.19366333243777262
0,0,0.19458185297351852
0,0,0.19609694401935227
0,0,0.1980165461712942
0,0,0.1989318315440442
0,0,0.20482614905766044
0,0,0.2052603008620453
0,0,0.2062502334330877
0,0,0.20291905249937486
0,0,0.1871763559433344
0,0,0.19314459206135107
0,0,0.19159456279691636
0,0,0.18540978447668388
0,0,0.17984364959731627
0,0,0.1719262582071817
0,0,0.16691590460432496
0,0,0.17162417722630952
0,0,0.17872412415783046
0,0,0.1774953847013554
0,0,0.17884565542237643
0,0,0.1791339571870358
0,0,0.1769162651900943
0,0,0.17827494210549882
0,0,0.1782634972730957
0,0,0.18486387529386752
0,0,0.1970209044345598
0,0,0.19611709936297247
0,0,0.178954441795298
0,0,0.18011480717919104
0,0,0.1780854058561535
0,0,0.1690724437360117
0,0,0.16328876309991028
0,0,0.1627630601149386
0,0,0.16457023694435394
0,0,0.16184594323588974
0,0,0.17493329336359853
0,0,0.1743630735783234
0,0,0.17618725266454469
0,0,0.1792449886831973
0,0,0.2200591818470889
0,0,0.21621482056686583
0,0,0.21985242571840094
0,0,0.21839848149400473
0,0,0.2127356675063264
0,0,0.20957326521450328
0,0,0.21495702740576125
0,0,0.223666455200223
0,0,0.21538476097948633
0,0,0.2119057801972745
0,0,0.21714801436938805
0,0,0.21582733262719345
0,0,0.21525806901970534
0,0,0.22797808559406527
0,0,0.2334939185488202
0,0,0.22327197143468788
0,0,0.21648943740977591
0,0,0.21214020967743955
0,0,0.21461556758995884
0,0,0.21674649738669569
0,0,0.21930441498144934
0,0,0.2132514995827244
0,0,0.21725102090241258
0,0,0.21839978441962213
0,0,0.21670243035622308
0,0,0.21265947160970083
0,0,0.21257945319686838
0,0,0.2148187581603243
0,0,0.21267534616069989
0,0,0.2130628835003286
0,0,0.21160655844762097
0,0,0.21616217127727155
0,0,0.21281116241716272
0,0,0.21401679613311295
0,0,0.21584252065586856
0,0,0.21264244451881226
0,0,0.21396853478212163
0,0,0.21514369577231918
0,0,0.21530818204781937
0,0,0.21730456049442815
0,0,0.21514965626952934
0,0,0.21345205978463558
0,0,0.21499603048684332
0,0,0.21264507839253594
0,0,0.21294273919990792
0,0,0.21407374148952468
0,0,0.21323706275191548
0,0,0.21497035845091209
0,0,0.21640306457852015
0,0,0.21057428384028454
0,0,0.21322532572966577
0,0,0.21405883937074185
0,0,0.21360576181005989
0,0,0.214191900625856
0,0,0.21338802612217708
0,0,0.2109290174552183
0,0,0.21054743177775714
0,0,0.21334496774421705
0,0,0.21366091033391957
0,0,0.21383287971368745
0,0,0.21270857382961111
0,0,0.21153602563867493
0,0,0.21384160813867514
0,0,0.21274526184722795
0,0,0.21356103328213696
0,0,0.21294007043528024
0,0,0.21422329627289557
0,0,0.21008540643611925
0,0,0.21469579689372587
0,0,0.21867428918198284
0,0,0.21516194321689636
0,0,0.21362539499369781
0,0,0.2147522270776877
0,0,0.21237742066036897
0,0,0.2117649848903736
0,0,0.21703116438971712
0,0,0.21537508540492836
0,0,0.21160421310640437
0,0,0.21442975316563498
0,0,0.21123916413073274
0,0,0.2132544551756141
0,0,0.21599110636295935
0,0,0.21394001640390442
0,0,0.21345275521410492
0,0,0.21293730164974647
0,0,0.21491033959019404
0,0,0.21507277646455225
0,0,0.21109108347562452
0,0,0.2146327674836243
0,0,0.21589620116023533
0,0,0.2139737078077098
0,0,0.215409470387105
0,0,0.21132875415231053
0,0,0.21149304291405516
1,0,0.1480904405588843
1,0,0.15178752146686889
1,0,0.14527778320309742
1,0,0.1409541611042168
1,0,0.1567948469360007
1,0,0.14928756074098004
1,0,0.14400155999884492
1,0,0.14532594208298721
1,0,0.14074533420840638
1,0,0.14194204023559504
1,0,0.14126975807114894
1,0,0.14108840189041622
1,0,0.14371943460360237
1,0,0.1421616117714056
1,0,0.1408697553367133
1,0,0.1406504029325752
1,0,0.14416386916285306
1,0,0.1656305733769344
1,0,0.16255124686936367
1,0,0.16435576725581846
1,0,0.14193828010178275
1,0,0.1419089850633147
1,0,0.182276120111805
1,0,0.1553062376172645
1,0,0.14456170804167182
1,0,0.1430949689395715
1,0,0.15327723592457257
1,0,0.15106981746330145
1,0,0.14121223027672097
1,0,0.1432113214499376
1,0,0.14579264747987786
1,0,0.14057757964510792
1,0,0.14057827591048724
1,0,0.1495530282449898
1,0,0.14057056358170286
1,0,0.14057056358170286
1,0,0.1551991831629499
1,0,0.14101176608137467
1,0,0.1406360540030802
1,0,0.1510638140941133
1,0,0.1673673287155993
1,0,0.16116437789872654
1,0,0.1559886550567685
1,0,0.16365698439416138
1,0,0.17040770791338258
1,0,0.14074005287017022
1,0,0.1517976938462876
1,0,0.15138876089770573
1,0,0.1462586082437888
1,0,0.14188830533701835
1,0,0.14417727842006628
1,0,0.1415109164406309
1,0,0.1408269049628155
1,0,0.14158554641898632
1,0,0.14367942536489273
1,0,0.15042635639642812
1,0,0.1606594892258712
1,0,0.14364310672941838
1,0,0.1407108219550796
1,0,0.14057075654214313
1,0,0.14057078912276674
1,0,0.1406315478228112
1,0,0.14186162324278037
1,0,0.14168232006898918
1,0,0.14226332103653325
1,0,0.1409080843042224
1,0,0.14068716365135406
1,0,0.14119782968601122
1,0,0.17218017176298084
1,0,0.1637089174370818
1,0,0.16091430830683284
1,0,0.14558978582887197
1,0,0.14336827478707362
1,0,0.17921627274013127
1,0,0.1815653330076049
1,0,0.1851289533703833
1,0,0.18258974726442076
1,0,0.18356733203122658
1,0,0.18642664982290794
1,0,0.18615340445642872
1,0,0.18190102130044802
1,0,0.1417421668990128
1,0,0.14145845464713358
1,0,0.16874060016557005
1,0,0.18623852892947862
1,0,0.1858334274579425
1,0,0.17498562110762517
1,0,0.17388053178780608
1,0,0.18142657417705874
1,0,0.1837545503671051
1,0,0.17979343664011105
1,0,0.1833027568992788
0,0,0.16162600957672252
0,0,0.14525102732131637
0,0,0.14150805431296426
0,0,0.1526328536108058
0,0,0.1412928188796687
0,0,0.14067988742210336
0,0,0.14117568225789487
0,0,0.1417264612057704
0,0,0.14221315872399984
0,0,0.14718381272357256
0,0,0.14723035226462447
0,0,0.15027642090549018
0,0,0.14103608209371518
0,0,0.14146976782771187
0,0,0.1479321303428178
0,0,0.14226324915981492
0,0,0.14121808873935898
0,0,0.1408309006498307
0,0,0.1410394671944541
0,0,0.14249055053857695
0,0,0.151251333107046
0,0,0.1461338887256501
0,0,0.14863694597898536
0,0,0.22963071333342266
0,0,0.22326601490066458
0,0,0.22379486548827382
0,0,0.2217605566661404
0,0,0.22030036643871423
0,0,0.22052639117169928
0,0,0.22538811030316555
0,0,0.22770986351655986
0,0,0.22765451026132127
0,0,0.2310576069925706
0,0,0.22614527234965331
0,0,0.2231702093063623
0,0,0.22439536054097983
0,0,0.22603386597748265
0,0,0.21791094419849869
0,0,0.20324914631599075
0,0,0.19998750253472616
0,0,0.1972297838473413
0,0,0.20148052782808523
0,0,0.19798232086512593
0,0,0.18779611656677295
0,0,0.19024645707830512
0,0,0.19485838383046813
0,0,0.19993783003053764
0,0,0.20845503306723656
0,0,0.20248365942958588
0,0,0.1950327723162379
0,0,0.19432379725025867
0,0,0.20551908456026285
0,0,0.21602238743435845
0,0,0.2223833030821728
0,0,0.22449018907579804
0,0,0.2193434747685999
0,0,0.20470766325614811
0,0,0.18283873521392152
0,0,0.17764308048726918
0,0,0.17701652599936782
0,0,0.17203721044953457
0,0,0.15188179223207704
0,0,0.1493310974178277
0,0,0.1878886889520541
0,0,0.2210139505691238
0,0,0.2276172843887856
0,0,0.22931408705225023
0,0,0.229074317940868
0,0,0.226055964167744
0,0,0.22836571853755008
0,0,0.2266850674755092
0,0,0.22531136829070272
0,0,0.2339665099050931
0,0,0.22141231087890728
0,0,0.21611482930764425
0,0,0.22782109602656092
0,0,0.22801824705518292
0,0,0.22424506611001524
0,0,0.22746143051263254
0,0,0.2121386898935689
0,0,0.21162461355206877
0,0,0.22250012382424242
1,0,0.15642559476214116
1,0,0.156250233006294
1,0,0.14057056358170286
1,0,0.14057056358170286
1,0,0.16426367351683924
1,0,0.15217596126300592
1,0,0.14157313916153885
1,0,0.14172846579921947
1,0,0.1495530342165664
1,0,0.15952106461100551
1,0,0.15751092591260246
1,0,0.1478259657439382
1,0,0.14255392654403867
1,0,0.14236561233225425
1,0,0.14625535234767087
1,0,0.14522960356288359
1,0,0.14057056358170286
1,0,0.14057056358170286
1,0,0.14229466098057686
1,0,0.14529185083392868
1,0,0.14174520718403535
1,0,0.1425576417337941
1,0,0.15620885392052697
1,0,0.1405722411202616
1,0,0.14058846472817804
1,0,0.14792471121325415
1,0,0.14082486042121195
1,0,0.1405724372634748
1,0,0.14058465878929272
1,0,0.1483831479284322
1,0,0.17678475742485764
1,0,0.17531209149948432
1,0,0.14451563292387784
1,0,0.14318491495705174
1,0,0.16200497023307217
1,0,0.15854223939519926
1,0,0.15959683449336592
1,0,0.1948027028657768
1,0,0.19436555027072672
1,0,0.14779867748123424
1,0,0.14223231258337787
1,0,0.1646115254555973
1,0,0.18106801199500258
1,0,0.18119490427223597
1,0,0.1830253936420991
1,0,0.1952839149442584
0,0,0.17136711108799885
0,0,0.17171851461424747
0,0,0.15768722120036852
0,0,0.15153956585565276
0,0,0.1478766685646021
0,0,0.15366763530969077
0,0,0.1653857841366803
0,0,0.16399403982721295
0,0,0.1684094442902023
0,0,0.1544295373142256
0,0,0.16668690461342653
0,0,0.15381261077708203
0,0,0.1412261314394104
0,0,0.14490416270636725
0,0,0.140579638356503
0,0,0.14057828552116555
0,0,0.15780858293778913
0,0,0.15447148061708912
0,0,0.1636642549295144
0,0,0.16229932263088587
0,0,0.1493053067648668
0,0,0.1441549840271326
0,0,0.14148594430633518
0,0,0.1410258158520221
0,0,0.14107346072093468
0,0,0.14110040074293237
0,0,0.14406124718714847
0,0,0.14127862528253124
0,0,0.14057198653828487
0,0,0.1405869687617901
0,0,0.14059690969649494
0,0,0.14057107741293526
0,0,0.14057107537611124
0,0,0.1405710636034813
0,0,0.14057134733330723
0,0,0.14061178415119757
0,0,0.15257842904838767
0,0,0.15916538179400264
0,0,0.15747431792872907
0,0,0.15953236728635745
0,0,0.151535302749485
0,0,0.1493321268360858
0,0,0.15048690427769923
0,0,0.1494501327686941
0,0,0.15439175377868003
0,0,0.14057271069850572
0,0,0.14057056358170286
0,0,0.14057056358170286
0,0,0.14057056358170286
0,0,0.14057056358170286
0,0,0.14057056358170286
0,0,0.14057056358170286
0,0,0.14992115078883492
0,0,0.16046996317819448
0,0,0.17560774908607382
0,0,0.1720531847405747
0,0,0.1646989537399776
0,0,0.14259445118981975
0,0,0.14099060912420958
0,0,0.14164134820698784
0,0,0.140677702532823
0,0,0.14062415008707702
0,0,0.140868266002611
0,0,0.14124157553876793
0,0,0.1451574180800896
0,0,0.14885919638718062
0,0,0.14063453677696378
0,0,0.14073313288995815
0,0,0.22532109986649884
0,0,0.1771829990754639
0,0,0.18297380731138835
0,0,0.22301841916812426
0,0,0.2147665874747162
0,0,0.20338683731416476
0,0,0.20088812771229878
0,0,0.19131563057274076
0,0,0.14317589592370059
0,0,0.14082598041407754
0,0,0.14348336853806645
0,0,0.1481797969653291
0,0,0.14125489253465723
0,0,0.14097184464497603
0,0,0.14065924351975354
0,0,0.1406287470496508
0,0,0.1408503439786539
0,0,0.14116837983816974
0,0,0.14076786590757806
0,0,0.14109959082070084
0,0,0.14546428948981877
0,0,0.14453886502983937
0,0,0.14690340733307286
0,0,0.1761711197542297
0,0,0.16691761046142745
0,0,0.16261838212469046
0,0,0.15442401322020247
0,0,0.15127108218165738
0,0,0.17699763833255958
0,0,0.1815938768395951
0,0,0.15262587245671827
0,0,0.14355893709700968
0,0,0.15211111883293577
0,0,0.14967352174246396
0,0,0.14307560607582298
0,0,0.1495363052923699
0,0,0.14771086155204194
0,0,0.14543797924730578
0,0,0.1491475977679404
0,0,0.16362329183618413
0,0,0.14063577349252301
0,0,0.14066260151935836
0,0,0.16240638130463964
0,0,0.1441601269617752
0,0,0.1406545757883755
0,0,0.14058381280755036
0,0,0.20267976684938413
0,0,0.1928249923084076
0,0,0.18846898108803337
0,0,0.1886836973618597
0,0,0.18767415936728932
0,0,0.19098190209259697
0,0,0.18657677172917955
0,0,0.18795865157206426
0,0,0.18217989359527606
0,0,0.17933633598963963
0,0,0.18990908326745268
0,0,0.1886028412995058
0,0,0.1833498446051418
0,0,0.18056738589051097
0,0,0.18259248429139663
0,0,0.17912075236956557
0,0,0.18238148050195804
0,0,0.18056639240239938
0,0,0.17062593312377425
0,0,0.17009715002099488
0,0,0.1800327126801061
0,0,0.18764667920811712
0,0,0.19225044669285243
0,0,0.22905392716414644
0,0,0.22205138732273347
0,0,0.22320394365165044
0,0,0.2271346064612942
0,0,0.2305296653861302
0,1,0.24099883378774647
0,1,0.23495022175763772
0,0,0.2295190367648005
0,0,0.2265985077900103
0,0,0.22722824632223768
0,0,0.23237576451593783
0,0,0.23016846506194172
0,1,0.23586249242610155
0,1,0.2377901817128591
0,1,0.2356473271837689
0,0,0.23273953728469823
0,1,0.23679481687137002
0,1,0.2387063910728632
0,1,0.2371342688370141
0,1,0.23684702684432396
0,1,0.23744636362850297
0,1,0.24023032363345587
0,1,0.24049365439144668
0,1,0.23507875021798408
0,1,0.23721044695932045
0,1,0.23968528677476703
0,0,0.23381942758960764
0,0,0.22394874653484764
0,0,0.21632319736077663
0,0,0.21981867061999014
0,0,0.216769651283664
0,0,0.21648990353493464
0,0,0.22329969663063579
0,0,0.22471879980980694
0,0,0.2291215490614606
0,0,0.23163001620038554
0,0,0.23178460221587205
0,0,0.23015889863755737
0,0,0.2321814414105198
0,0,0.23037493447697976
0,0,0.22750574448156843
0,0,0.22663622654189705
0,0,0.22283386759970536
0,0,0.21604482172419218
0,0,0.22215960964671214
0,0,0.23078942878452277
0,0,0.22904419221785405
0,0,0.219984249978783
0,0,0.22305454370928626
0,0,0.22840926798074473
0,0,0.22957317258376042
0,0,0.23046979879069132
0,0,0.2289293506875331
0,0,0.226965555457798
0,0,0.22591233610937209
0,0,0.22561494034770113
0,0,0.2283327797552038
0,0,0.22792417269607637
0,0,0.22846610072214946
0,0,0.22632857440451742
0,0,0.22721340224618444
0,0,0.22920723793403155
0,0,0.2246048925029653
0,0,0.2200914858541794
0,0,0.2182154505528933
0,0,0.21895712195881
0,0,0.21687079471476461
0,0,0.21720074213631818
0,0,0.21974408665078354
0,0,0.21843596545664626
0,0,0.21672454388012052
1,0,0.1425324189200251
1,0,0.1413234245931157
1,0,0.1416054777108691
1,0,0.1420119190816742
1,0,0.14238474000891596
1,0,0.1425717147113443
1,0,0.14503559331836455
1,0,0.14267589308006992
1,0,0.14057056432596027
1,0,0.1405705640629224
1,0,0.14170589232621242
1,0,0.14304962756269993
1,0,0.14261847815000733
1,0,0.14293374762102593
1,0,0.1430935680273446
1,0,0.14273333193132656
1,0,0.14294291375681809
1,0,0.14213023376077247
1,0,0.14158191677496848
1,0,0.14195524104203905
1,0,0.1433076453846338
1,0,0.14146591323065388
1,0,0.14186898210012208
1,0,0.14626116973848163
1,0,0.14385075049334162
1,0,0.14315722892076782
1,0,0.14247413731748163
1,0,0.14057478398883508
1,0,0.14057385364015038
1,0,0.14131845790497818
1,0,0.14116996013171462
1,0,0.14067824106235535
1,0,0.14042288546458034
1,0,0.14011136410479139
1,0,0.14030300407770913
1,0,0.1403746461162478
1,0,0.14057056316853853
1,0,0.14057056358170286
1,0,0.14057056358170286
1,0,0.14057056358170286
1,0,0.14057056358170286
1,0,0.14057056358170286
1,0,0.14057056358170286
1,0,0.14057056358170286
1,0,0.14057056358170286
1,0,0.1406182881096772
0,0,0.14490268413635343
0,0,0.1448015366611494
0,0,0.14182607605444952
0,0,0.14090035612870377
0,0,0.1411664378400126
0,0,0.14190365509682404
0,0,0.142043345599537
0,0,0.1425409842332857
0,0,0.14267930402698992
0,0,0.14281338497904894
0,0,0.14358208707562756
0,0,0.1434102244916782
0,0,0.14258393938119748
0,0,0.1411491570994904
0,0,0.1410824941317006
0,0,0.1417495919422695
0,0,0.14068099224194447
0,0,0.14092782049978203
0,0,0.14217152556132795
0,0,0.14264044972467443
0,0,0.14223042582584086
0,0,0.1420156428028626
0,0,0.14543452041023858
1,0,0.1405871107076717
1,0,0.14053306612554203
1,0,0.14058812358824327
1,0,0.14057453308531792
1,0,0.14057361366207533
1,0,0.14058254805163714
1,0,0.1405658538576234
1,0,0.14056991991497356
1,0,0.14055376725987517
1,0,0.14056551910432089
1,0,0.1405723374676777
1,0,0.14057169675188097
1,0,0.14057225270889512
1,0,0.14057252190339334
1,0,0.14057648917238638
1,0,0.14058836480536172
1,0,0.14058045055612384
1,0,0.14057749983569737
1,0,0.14058303750405773
1,0,0.1405818956234737
1,0,0.14057030539642415
1,0,0.14057096024006302
1,0,0.1405828892024204
0,0,0.1402114117438073
0,0,0.14032112661144502
0,0,0.14021794538258128
0,0,0.14010256462405923
0,0,0.14013270255301719
0,0,0.14020265615710512
0,0,0.14019143003871173
0,0,0.14015592326828802
0,0,0.14012700215715743
0,0,0.14019524589061702
0,0,0.14020061519313845
0,0,0.14014214716066742
0,0,0.140074402150342
0,0,0.14004961734879331
0,0,0.14009847850463356
0,0,0.14017781044836233
0,0,0.14020166968358777
0,0,0.1402324286094612
0,0,0.14025404458404303
0,0,0.14017365367220747
0,0,0.13997971486184083
0,0,0.1396230820442564
0,0,0.13900717704718746
0,0,0.19098803217318933
0,0,0.19589722296394055
0,0,0.1963076046795407
0,0,0.2008770913538385
0,0,0.212577384125875
0,0,0.21269680002983749
0,0,0.20288343540936116
0,0,0.20194089259090708
0,0,0.20632999001307298
0,0,0.20607032077678508
0,0,0.20906924293359053
0,0,0.21008982206844634
0,0,0.20985461560435373
0,0,0.21010011754552496
0,0,0.20964499041679166
0,0,0.20458412824316058
0,0,0.20581120284776
0,0,0.20669655702648204
0,0,0.20622346519790294
0,0,0.20877617998053377
0,0,0.21047315326368735
0,0,0.20968112665662125
0,0,0.20711977734398607
0,0,0.2045043499612365
0,0,0.20414005268104804
0,0,0.20713816540389443
0,0,0.2073141063645383
0,0,0.20495391746305652
0,0,0.20346583361797743
0,0,0.20473734231507124
0,0,0.1965972931936052
0,0,0.1991902476396549
0,0,0.2126326547625369
0,0,0.21287611760733743
0,0,0.21032509062652804
0,0,0.20781693764001824
0,0,0.20308178213714595
0,0,0.2033743132188327
0,0,0.2043991384179014
0,0,0.204569208328801
0,0,0.20179792235268262
0,0,0.20138738032302791
0,0,0.2055028247528692
0,0,0.20483727133232796
0,0,0.20298397849073102
0,0,0.20095157888773083
0,0,0.19431298155794463
0,0,0.19563306951206552
0,0,0.19919651944707592
0,0,0.1975315904839157
0,0,0.19951836263699596
0,0,0.19918425740553494
0,0,0.19916626597087064
0,0,0.2018369608130815
0,0,0.2005511456431229
0,0,0.20208198815018086
0,0,0.20779837689719027
0,0,0.20607156731680848
0,0,0.20606026831943344
1,0,0.14050814446224277
1,0,0.14056395262843013
1,0,0.14055768695015466
1,0,0.140518742022564
1,0,0.1404831139920624
1,0,0.1404641233738944
1,0,0.14050540435951483
1,0,0.1405285743292637
1,0,0.1405472166635714
1,0,0.14055041712755653
1,0,0.14053456601642625
1,0,0.1405004217732413
1,0,0.1405139778990884
1,0,0.14053119711480777
1,0,0.14050379359653972
1,0,0.14049988548231898
1,0,0.1405252875686439
1,0,0.14053450039918333
1,0,0.14047957538341282
1,0,0.14039909633835884
1,0,0.1403766851210744
1,0,0.14045744011588862
1,0,0.14053163480901099
1,0,0.14057084131063785
1,0,0.14057466988147754
1,0,0.14057258971769426
1,0,0.140572029336255
1,0,0.14057602724203813
1,0,0.14057855528534635
1,0,0.14057255747686362
1,0,0.14057235685797495
1,0,0.14057288892976758
1,0,0.14057312973297187
1,0,0.14057300814163645
1,0,0.1405725484589287
1,0,0.14057253099717928
1,0,0.1405712817976532
1,0,0.1405711534326966
1,0,0.14057126373435136
1,0,0.1405714748812374
1,0,0.14057175478781928
1,0,0.1405712392476336
1,0,0.14057087645882008
1,0,0.14057071462569504
1,0,0.140570927374509
1,0,0.14057110859517444
0,0,0.2036074902428731
0,0,0.18830572411883756
0,0,0.18471277060818614
0,0,0.18196075077386384
0,0,0.1883211085720524
0,0,0.19086524563016097
0,0,0.18023667345794217
0,0,0.1765067140283323
0,0,0.17422717164337223
0,0,0.17674231131123103
0,0,0.18384913160967065
0,0,0.18476080636223116
0,0,0.18400883887602743
0,0,0.1836724009704969
0,0,0.17954190883998547
0,0,0.17849814436028558
0,0,0.1790551537435976
0,0,0.18101060784906578
0,0,0.1768774171270947
0,0,0.1713253661815293
0,0,0.16522065538352215
0,0,0.16775545082573484
0,0,0.166379539314025
0,0,0.1639589945788441
0,0,0.16438506408866996
0,0,0.1665762656115652
0,0,0.1626772941853603
0,0,0.16518493557227876
0,0,0.1687107956140631
0,0,0.15959794866921825
0,0,0.15293510510084507
0,0,0.1646591411985192
0,0,0.17460175029310535
0,0,0.17196246620352243
0,0,0.17192604864129507
0,0,0.17132098128314283
0,0,0.1743854463140941
0,0,0.1761159017086852
0,0,0.1855037244942833
0,0,0.1850994005543735
0,0,0.18004038503379335
0,0,0.18034535806120203
0,0,0.17864018974793575
0,0,0.1784666480172401
0,0,0.18245630731009838
0,0,0.17593362896819453
0,0,0.18682861506526785
0,0,0.17868553195033252
0,0,0.17212595100310135
0,0,0.17410163690572436
0,0,0.16664579305277485
0,0,0.16853588329637784
0,0,0.1772326189065716
0,0,0.1763959136875039
0,0,0.1791852282875409
0,0,0.17449357888316708
0,0,0.1734947308243457
0,0,0.1740003728766531
0,0,0.17507871343773002
0,0,0.17705643988157496
0,0,0.17824603850092968
0,0,0.17679069192140773
0,0,0.1769285882409583
0,0,0.18030310953820947
0,0,0.18174462000379443
0,0,0.1539786983256274
0,0,0.15081066247609407
0,0,0.17292829820684413
1,0,0.20695276291262144
1,0,0.18046933440084612
1,0,0.1703348835363787
1,0,0.1717732534038357
1,0,0.1813551488935234
1,0,0.17705244853562607
1,0,0.17337902136117625
1,0,0.17486768005365577
1,0,0.17476888328624102
1,0,0.17538039971805836
1,0,0.17401283351628835
1,0,0.1743529005896688
1,0,0.17529654060936284
1,0,0.17690588557005404
1,0,0.17697738434523586
1,0,0.17416975294871082
1,0,0.17645317841830097
1,0,0.17040347896170885
1,0,0.17183031765551487
1,0,0.16611342038458923
1,0,0.15935996312918832
1,0,0.15965075929216274
1,0,0.16000537717487853
1,0,0.1617523247924364
1,0,0.1619323170465064
1,0,0.15766619654265926
1,0,0.15730349063235954
1,0,0.16302901482231924
1,0,0.16329600496246327
1,0,0.15343895707700522
1,0,0.14845810124075814
1,0,0.1600398851461791
1,0,0.17302853692720552
1,0,0.1739461326908639
1,0,0.16566365458385138
1,0,0.1665370002608305
1,0,0.16105349778922334
1,0,0.15934777990764912
1,0,0.15883726559113506
1,0,0.15625574301224116
1,0,0.15933163115160784
1,0,0.15776221802122325
1,0,0.15337661341149852
1,0,0.15186788234432033
1,0,0.15837628991499575
1,0,0.16228808390595473
0,0,0.21793692909741466
0,0,0.22751315376480438
0,0,0.22218608110642762
0,0,0.22601705105176595
0,0,0.2227797004792032
0,0,0.22095545036270048
0,0,0.22273836579209985
0,0,0.22442219179872777
0,0,0.22677634528982338
0,0,0.22934984097156544
0,0,0.21847394579385176
0,0,0.21351404106683805
0,0,0.22309973317096715
0,0,0.22257742311210177
0,0,0.22471763223987004
0,0,0.22665814323147035
0,0,0.21984712114591698
0,0,0.21551274627605196
0,0,0.21667674833069775
0,0,0.21289249415854042
0,0,0.2132293950576535
0,0,0.21771279645028155
0,0,0.21807550308779686
0,0,0.21818479444001992
0,0,0.21453473584227284
0,0,0.20688538281092525
0,0,0.2027792764590229
0,0,0.22035337950411266
0,0,0.2225964517816797
0,0,0.21938031996864837
0,0,0.21697715848265164
0,0,0.2218077809476534
0,0,0.22551273236535233
0,0,0.22942461945841758
0,0,0.22578872669632566
0,0,0.22109911187728934
0,0,0.22258943879497645
0,1,0.2348666603197173
0,0,0.22874552541602816
0,0,0.2296885098480124
0,0,0.23180094917336697
0,1,0.23548837084105986
0,0,0.22894313918306766
0,0,0.2267774555615376
0,0,0.2175636352732583
0,0,0.21025115314089926
0,0,0.21631447979716573
0,0,0.22372888248364917
0,0,0.22415444843181975
0,0,0.22630307260225152
0,0,0.2249865124319962
0,0,0.22987847823589774
0,0,0.23096229953805453
0,0,0.23353320172933686
0,0,0.22909874195458083
0,0,0.2300974306995239
0,0,0.22781894394942262
0,0,0.23342081280869018
0,0,0.2257829590951861
0,0,0.23200719348523144
0,0,0.23229106909949332
0,1,0.23535775798180106
0,0,0.23087309644361637
0,0,0.2284836365327121
0,0,0.2284036977287126
0,1,0.2352173930348361
0,0,0.23280033689361798
0,1,0.23440796555729576
0,0,0.23304156815765387
0,0,0.23286583249360984
0,0,0.22725615989579015
0,0,0.22937933935697233
0,0,0.2290356018647169
0,0,0.2271109778545658
0,0,0.2224307963803646
0,0,0.22473976347458322
0,0,0.226081284673336
0,0,0.2255100638137555
0,0,0.2217790826981597
0,0,0.22390387411056703
0,0,0.22454377841613338
0,0,0.22311872438701383
0,0,0.21986590226000505
0,0,0.22232136194280452
0,0,0.22357342983799608
0,0,0.22564037081630975
0,0,0.22229815552851614
0,0,0.22237025548948264
0,0,0.22104870393494847
0,0,0.21984936160141574
0,0,0.2174114603045632
0,0,0.22785986868931932
0,0,0.23250670271422713
0,1,0.23674857617263
1,0,0.17242347283063794
1,0,0.1792255155384389
1,0,0.17725541610890963
1,0,0.17348354630926324
1,0,0.16093518737971824
1,0,0.1578460834468746
1,0,0.16362116657550396
1,0,0.16688495915932655
1,0,0.1765536675462285
1,0,0.1843353489988464
1,0,0.1406597337338226
1,0,0.1406325305922637
1,0,0.1715812484009818
1,0,0.17838955341270835
1,0,0.18080897710189495
1,0,0.18259940815993403
1,0,0.1766659209514529
1,0,0.1786071986885801
1,0,0.18711560853103715
1,0,0.18378186783825612
1,0,0.17961189445173192
1,0,0.1765106126893945
1,0,0.17557218218207504
1,0,0.15607451332056355
1,0,0.15000220322569294
1,0,0.140572722715858
1,0,0.1405752756145892
1,0,0.15870491130095382
1,0,0.1514921702960747
1,0,0.15891982944132277
1,0,0.1721925228454702
1,0,0.17003910658675137
1,0,0.1673660925479018
1,0,0.1708240846312166
1,0,0.1711960771376409
1,0,0.17710758441635666
1,0,0.1674018075111228
1,0,0.15724963970672728
1,0,0.15180671949553126
1,0,0.1418782247742938
1,0,0.14169645654224583
1,0,0.15984726858288115
1,0,0.16574327265488076
1,0,0.15093208980911768
1,0,0.1467535029685562
1,0,0.14666090942210036
1,0,0.1405791459317999
1,0,0.14057155413142047
1,0,0.14057305698892647
1,0,0.14057819783749564
1,0,0.140571585089017
1,0,0.1405732498640746
1,0,0.1405807047757459
1,0,0.14057818896497165
1,0,0.14060969471456453
1,0,0.14059799572677792
1,0,0.14057058012920626
1,0,0.14057056709986912
1,0,0.1405719575633886
1,0,0.14058889721378873
1,0,0.14057325985355748
1,0,0.14057103657167128
1,0,0.14057170419699638
1,0,0.14057190136679448
1,0,0.14057180029325161
1,0,0.14057303285093176
1,0,0.14063576306316328
1,0,0.14082162003970036
1,0,0.14097186893353544
1,0,0.14056960916443736
1,0,0.14056890023140065
1,0,0.14176318928337187
1,0,0.14134910910434087
1,0,0.14073722250297283
1,0,0.14194398761307023
1,0,0.14204823164366748
1,0,0.1418300767408788
1,0,0.14587247755190902
1,0,0.15160067626418888
1,0,0.14870812932379474
1,0,0.14693552273203606
1,0,0.1499803025713671
1,0,0.1508033059554936
1,0,0.14925133810025787
1,0,0.14593358822454008
1,0,0.14371393371238758
1,0,0.14350336558136115
1,0,0.1427266869366619
1,0,0.14082227699945513
1,0,0.140590028208025
1,0,0.14062659279668402
1,0,0.14092850496861525
1,0,0.1518681580956858
1,0,0.15272457490416766
1,0,0.15185292711298543
1,0,0.15257407321927188
1,0,0.1561376511363515
1,0,0.15877417893595383
1,0,0.16197601320045832
1,0,0.16335636054158123
1,0,0.16332553293205776
1,0,0.16020855103961806
1,0,0.15859514477702136
1,0,0.15564566500634888
1,0,0.15315502637471215
1,0,0.1526112371057403
1,0,0.1431542180627037
1,0,0.14103057997098709
1,0,0.14116224589225804
1,0,0.14089536942758046
1,0,0.1406355194997874
1,0,0.1405894686659125
1,0,0.14058679807889546
1,0,0.1405801487839776
1,0,0.14057726860087327
0,0,0.19132402591488581
0,0,0.1931513100751416
0,0,0.19481218859666444
0,0,0.1933780560069383
0,0,0.18928485444534193
0,0,0.19385314002448856
0,0,0.20510907991710509
0,0,0.19799814242983999
0,0,0.19636388693291024
0,0,0.195204363365196
0,0,0.19773327876560995
0,0,0.20274077638468005
0,0,0.2041682680953488
0,0,0.2054885777958767
0,0,0.20854461760643217
0,0,0.20776821386994485
0,0,0.20562788933343193
0,0,0.20317304294237296
0,0,0.20237073438758393
0,0,0.20299505169093773
0,0,0.21655653461246818
0,0,0.21439683565463322
0,0,0.20794185594872555
0,0,0.20420377625816982
0,0,0.20255852469249833
0,0,0.20692101589209722
0,0,0.20628718605305743
0,0,0.2042255479648134
0,0,0.20759244063610352
0,0,0.212730313099422
0,0,0.21405039216674787
0,0,0.21479811813465546
0,0,0.21469718336393678
0,0,0.21294946287859676
0,0,0.2137474868570666
0,0,0.21490105882910676
0,0,0.214421692815049
0,0,0.21429887097876069
0,0,0.2169080797991842
0,0,0.214322272737719
0,0,0.2171641218737077
0,1,0.23470180572496843
0,0,0.22811403949739137
0,0,0.2197312107717871
0,0,0.20488476212886048
0,0,0.20275791062328155
0,0,0.20487586391074536
0,0,0.2155481468127883
0,0,0.214036364617571
0,0,0.21636629361222687
0,0,0.2167029609669816
0,0,0.19915647315401386
0,0,0.19166903486230052
0,0,0.2202231165681923
0,0,0.2209122047202385
0,0,0.21670634670793332
0,0,0.21738015664555316
0,0,0.2180786136450888
0,0,0.21695208494427767
1,0,0.14050176562335318
1,0,0.14040365722151943
1,0,0.13975839486360198
1,0,0.14018247536569195
1,0,0.1416320984953777
1,0,0.14311859453358455
1,0,0.14136371027470285
1,0,0.14267320291176952
1,0,0.14664066268249165
1,0,0.1467442854913563
1,0,0.15071878739165276
1,0,0.15001256073744135
1,0,0.15233916648452178
1,0,0.15562310266255622
1,0,0.16270728452149275
1,0,0.15355808130022952
1,0,0.14055613375541637
1,0,0.14069539911112702
1,0,0.1451373580051775
1,0,0.14763147003985136
1,0,0.1442884988032082
1,0,0.14230378166511606
1,0,0.14018074565810512
1,0,0.14631139811840574
1,0,0.1463918811850176
1,0,0.14459512970560348
1,0,0.14498800148645316
1,0,0.14839275585947814
1,0,0.14865464179345833
1,0,0.14625728877973587
1,0,0.14378008830136338
1,0,0.14117618970396817
1,0,0.14160825379052067
1,0,0.14085504802068033
1,0,0.14065558002193618
1,0,0.14084167427217265
1,0,0.14075660350960206
1,0,0.14072553746083905
1,0,0.14067735886993707
1,0,0.1410824180406288
1,0,0.14204295804456415
1,0,0.14099286114199236
1,0,0.14079840421070583
1,0,0.14243194503254955
1,0,0.1465492793653371
1,0,0.14532982949396908
1,0,0.2179715412247025
1,0,0.21522066914458443
1,0,0.20753000044440822
1,0,0.20540720695321912
1,0,0.20611971207281218
1,0,0.20582760782863646
1,0,0.20378599040949733
1,0,0.20932669817845279
1,0,0.21407086490588456
1,0,0.2086262470001343
1,0,0.20509146977329668
1,0,0.205942517572573
1,0,0.2149803771214971
1,0,0.22006856289725005
1,0,0.21924024415995533
1,0,0.2176845482994567
1,0,0.21511288800340445
1,0,0.21458407732009657
1,0,0.21518547196740845
1,0,0.21783730624331957
1,0,0.2145272593690752
1,0,0.21387185035961231
1,0,0.21662612782517654
1,0,0.21399579356880627
1,0,0.21478912029085467
1,0,0.21760613413470242
1,0,0.21549343145280422
1,0,0.2131150731860701
1,0,0.21406541269706128
1,0,0.21371859308840352
1,0,0.2143807752049818
1,0,0.21500576451684655
1,0,0.21573327608157195
1,0,0.2130455619921025
1,0,0.20801946692721654
1,0,0.20837533800974367
1,0,0.20918295480440097
1,0,0.2079624936677757
1,0,0.20325179612569885
1,0,0.20088321830798356
1,0,0.1975037978439838
1,0,0.19919933427786138
1,0,0.20679233100967648
1,0,0.21002809193610153
1,0,0.221916632101196
1,0,0.22632109357597308
1,0,0.22475120104841131
1,0,0.22423533929059616
1,0,0.22482735447918686
1,0,0.22165891348558822
1,0,0.21597122746881411
1,0,0.21776189321405864
1,0,0.22429077932605482
1,0,0.2223943603791142
1,0,0.21498188496186077
1,0,0.21484675304486117
1,0,0.20559927615191262
1,0,0.2037223429319653
1,0,0.2147600837532562
1,0,0.21646634988905616
1,0,0.21185644770746065
1,0,0.21163111569331178
1,0,0.2153105011587227
1,0,0.22131216650277014
1,0,0.21798920473933567
1,0,0.20690728590883212
1,0,0.20921528135389741
1,0,0.200109348414328
1,0,0.19004726681964304
1,0,0.20137191231153578
1,0,0.20500222329543835
1,0,0.18741970085408677
1,0,0.20655177828510543
1,0,0.187986616364205
1,0,0.19201623025869757
1,0,0.2098194768835662
1,0,0.2089778854572478
1,0,0.2189010643116284
1,0,0.21168658236906265
1,0,0.2156989581135148
1,0,0.1854577606131716
1,0,0.1668803174817255
1,0,0.16078425791975318
1,0,0.1773211275654349
1,0,0.19825783141755057
1,0,0.1851686450794351
1,0,0.18145319923375158
1,0,0.19127070690664413
1,0,0.20964988848520358
1,0,0.21325726709594692
1,0,0.20486361678285875
1,0,0.2025992444557523
1,0,0.19754403432266457
1,0,0.18902941746643587
1,0,0.1915580152000564
1,0,0.19308494911388036
1,0,0.20163046826255235
1,0,0.20743774682370655
1,0,0.20788728693472328
1,0,0.20817376032675616
1,0,0.20827352826915924
1,0,0.20915779811151483
1,0,0.2106193497129005
1,0,0.2103360474583359
1,0,0.21023882924786355
1,0,0.20991774952590037
1,0,0.20928331044140125
1,0,0.20898971948703074
1,0,0.20870455669999147
1,0,0.20909235818682506
1,0,0.20868368609725818
1,0,0.20734872364332635
1,0,0.20531249774638807
1,0,0.20816301758471692
0,0,0.162421579653625
0,0,0.1720430044837544
0,0,0.14973729290746646
0,0,0.14586728489309214
0,0,0.15252058216881142
0,0,0.16260243319316167
0,0,0.1722293228414811
0,0,0.17212342079631687
0,0,0.1883008895069303
0,0,0.19935768305408752
0,0,0.20162504255598193
0,0,0.20622166368114453
0,0,0.20620057393836924
0,0,0.2041877507574059
0,0,0.20002624867090754
0,0,0.20048162783135395
0,0,0.20880422793759632
0,0,0.20816682712811754
0,0,0.20927706622713702
0,0,0.211834879337333
0,0,0.21015236870483894
0,0,0.20546421482837063
0,0,0.200713395339418
0,0,0.21590575479444266
0,0,0.2158278804489991
0,0,0.187954437086805
0,0,0.1979692244345882
0,0,0.21001245970504231
0,0,0.21774111094587487
0,0,0.22179054557135852
0,0,0.21098651849982566
0,0,0.202343442838703
0,0,0.21457678381605164
0,0,0.21408462987499619
0,0,0.2021822771677589
0,0,0.20590987426424295
0,0,0.21906268894837713
0,0,0.2225447424823101
0,0,0.2211611706599044
0,0,0.2141344563615162
0,0,0.21882764724327552
0,0,0.21712113523753365
0,0,0.20000145860516375
0,0,0.20602378631076415
0,0,0.21408506915904918
0,0,0.2168742519716845
0,0,0.20791545900183722
0,0,0.19898672478512913
0,0,0.20724307142408818
0,0,0.22570793072044307
0,0,0.22171831156107302
0,0,0.21716806194603303
0,0,0.22267222304095918
0,0,0.22496390114905734
0,0,0.21532782006286452
0,0,0.20682060730586896
0,0,0.21866447520380963
0,0,0.2295545534135823
0,0,0.22106799071805663
0,0,0.22244866008720862
0,0,0.22993504667126521
0,0,0.23328624736505535
0,0,0.22116531979355739
0,0,0.21770362538499613
0,0,0.2278143409201529
0,0,0.2327341269212178
0,0,0.22632654821576906
0,0,0.2170251191625069
0,0,0.22247019219919933
0,0,0.2261625681487551
0,0,0.2151361421596037
0,0,0.21013871101364717
0,0,0.2144860771618482
0,0,0.2235249433216063
0,0,0.21797545982571342
0,0,0.2137965837431375
0,0,0.22036584822751085
0,0,0.22882726266356188
0,0,0.2192826271886151
0,0,0.2125793070425292
0,0,0.22293939874791627
0,0,0.22498436684750692
0,0,0.21462241373039417
0,0,0.21977127277150343
0,0,0.23053730219317353
0,1,0.23824795688808967
0,0,0.23197974326060622
0,0,0.2279657216701108
0,0,0.22895303117335006
0,0,0.2275399494098179
0,0,0.22241628449609221
0,0,0.22030630870761236
0,0,0.22305142190802113
0,0,0.213898631505294
0,0,0.1405699459464043
0,0,0.14056909687763766
0,0,0.1405694016242203
0,0,0.1405693880812866
0,0,0.1405687179414378
0,0,0.1405691254966524
0,0,0.1405693936785666
0,0,0.1405686986242325
0,0,0.14056772316010274
0,0,0.14056772316008675
0,0,0.14056837319117152
0,0,0.14056864750768105
0,0,0.14056894906046954
0,0,0.14056814988754882
0,0,0.14056721296635252
0,0,0.14056576345369823
0,0,0.14056562506198111
0,0,0.1405645111864447
0,0,0.14056803578257845
0,0,0.14056829901294507
0,0,0.1405605890582291
0,0,0.1405574017031723
0,0,0.1405702057331225
0,0,0.14057056357859274
0,0,0.1405705635811681
0,0,0.1405692123828997
0,0,0.14056911207046674
0,0,0.1405694633294711
0,0,0.1405696741328591
0,0,0.14056987962967676
0,0,0.1405700722673071
0,0,0.14057010877858675
0,0,0.14056984387880825
0,0,0.14056999189035235
0,0,0.140570221193331
0,0,0.14057016543118417
0,0,0.14057024435278306
0,0,0.14057029794946563
0,0,0.14057034903717644
0,0,0.14057041585033944
0,0,0.14057035597715398
0,0,0.14057025067680265
0,0,0.14057026475717257
0,0,0.14057031930406666
0,0,0.14057042080291993
0,0,0.1405704824232897
1,0,0.14057056358111025
1,0,0.14060294304547885
1,0,0.14104161632700327
1,0,0.14064303570797496
1,0,0.14141980830910666
1,0,0.1442038253653773
1,0,0.14319845012765264
1,0,0.14319957889418464
1,0,0.14129215075398516
1,0,0.14149519093817192
1,0,0.14542788882242672
1,0,0.14467818404639232
1,0,0.1450131717918067
1,0,0.1464639325646749
1,0,0.14361289200950517
1,0,0.14222962223048422
1,0,0.1432537734297411
1,0,0.14452831041227354
1,0,0.14153467439577985
1,0,0.14153223602147852
1,0,0.14463187846990647
1,0,0.14436631157273222
1,0,0.14829772158243357
1,0,0.14057056358058526
1,0,0.14057056358052916
1,0,0.1405705635806674
1,0,0.14057056358129755
1,0,0.14057056358129824
1,0,0.14057056358077355
1,0,0.14057056358143746
1,0,0.14057056358123027
1,0,0.14057056357893646
1,0,0.14057056357944606
1,0,0.1405705488902233
1,0,0.1405701364091137
1,0,0.1405698835329658
1,0,0.14056751424457561
1,0,0.14047942298328261
1,0,0.14044265593486538
1,0,0.14047595685412423
1,0,0.14049048173064124
1,0,0.14096455054945545
1,0,0.1407680912319242
1,0,0.14055374750083177
1,0,0.1405301321041865
1,0,0.14054199533359826
0,0,0.14056741718276738
0,0,0.14056666590188255
0,0,0.14056518541706325
0,0,0.14055899684468864
0,0,0.14054932038712414
0,0,0.1405485676013134
0,0,0.1405298049709957
0,0,0.14054182943850577
0,0,0.14054623985666556
0,0,0.14054526610423088
0,0,0.14056061113038865
0,0,0.14057062299887144
0,0,0.1405460214884199
0,0,0.1405373708439018
0,0,0.1405365224986589
0,0,0.1405388591284286
0,0,0.14053581062861437
0,0,0.14052719958906076
0,0,0.14052236318997174
0,0,0.14053245555293226
0,0,0.14054353013152096
0,0,0.14048398230291076
0,0,0.14113846609940378
0,0,0.22142159572102801
0,0,0.2178810923177041
0,0,0.23387382013740818
0,0,0.23381271659644923
0,0,0.2094309778821942
0,0,0.2090745504606129
0,0,0.21335417458202194
0,0,0.21373413885215692
0,0,0.21523695230648837
0,0,0.21674381568960627
0,0,0.2130435399532863
0,0,0.21353965552271162
0,0,0.21418895061198895
0,0,0.21663103430671923
0,0,0.2200318802661883
0,0,0.21946181922778393
0,0,0.21916725034674575
0,0,0.21555186143038013
0,0,0.21241653959113918
0,0,0.21335029562775143
0,0,0.21176018096300334
0,0,0.21234238603145728
0,0,0.2137529118666693
0,0,0.21713028912430032
0,0,0.21832141394489477
0,0,0.21234580645446194
0,0,0.21743284085431944
0,0,0.2195694573121224
0,0,0.21210202549723367
0,0,0.21106639307716138
0,0,0.2096246594158584
0,0,0.21300664765411162
0,0,0.212644427563453
0,0,0.2124899923156105
0,0,0.21190002652118448
0,0,0.214866247285485
0,0,0.2237585961034187
0,0,0.2242117826685369
0,0,0.22222059312860176
0,0,0.21380363223303592
0,0,0.21848809536730598
0,0,0.21419422658623397
0,0,0.21050126841192346
0,0,0.21535854957998565
0,0,0.21694034679892982
0,0,0.21318907462281747
0,0,0.21243653362443746
0,0,0.21480848366789457
0,0,0.21489330507203933
0,0,0.20590922737829195
0,0,0.2031733222939315
0,0,0.21096401887571542
0,0,0.21088403574917242
0,0,0.21396980178283792
0,0,0.20958752518071283
0,0,0.2076562225309877
0,0,0.20967771485615017
0,0,0.21042689346852722
0,0,0.2118638098322187
1,0,0.14057056219984385
1,0,0.1405705589229321
1,0,0.14057051516964503
1,0,0.14057055635487245
1,0,0.1405705563511088
1,0,0.14057049629661578
1,0,0.14057046411514518
1,0,0.1405704705189204
1,0,0.14057047616807009
1,0,0.14057046224190214
1,0,0.14057049235763153
1,0,0.14057049844529726
1,0,0.14057044513695693
1,0,0.1405704460901319
1,0,0.14057049973091512
1,0,0.14057050641934854
1,0,0.14057047767426614
1,0,0.14057046682321933
1,0,0.14057044886848544
1,0,0.14057040332001228
1,0,0.14057043903267202
1,0,0.1405704241870905
1,0,0.14057033034325458
0,0,0.14057047995297894
0,0,0.1405684551495472
0,0,0.14056709545055796
0,0,0.14056558997288388
0,0,0.14056553605671576
0,0,0.14056611423293072
0,0,0.1405644260405997
0,0,0.14056556031536352
0,0,0.1405657410988043
0,0,0.1405661891416139
0,0,0.14056521698810734
0,0,0.14056344667904339
0,0,0.14056255883306631
0,0,0.14056569609084066
0,0,0.14056597352522882
0,0,0.14056602412435787
0,0,0.1405665181170081
0,0,0.1405669446592028
0,0,0.14056835070278173
0,0,0.14056836323920116
0,0,0.14056856319841626
0,0,0.14056860143487035
0,0,0.14056925570237877
0,0,0.14068125594497188
0,0,0.14058127588272232
0,0,0.1406042968054373
0,0,0.14059425383411375
0,0,0.14058986888960726
0,0,0.14060239368438374
0,0,0.14060568699442488
0,0,0.14061032144720342
0,0,0.14060357098455536
0,0,0.14060618346836887
0,0,0.1406077318875441
0,0,0.14068344460981538
0,0,0.1408836851174863
0,0,0.1407504215838406
0,0,0.14073271091675207
0,0,0.14075635337312523
0,0,0.14082065459374352
0,0,0.14079812829477245
0,0,0.14080333523458172
0,0,0.14086069805097
0,0,0.14084875605034575
0,0,0.1409250315155326
0,0,0.1409066421111902
0,0,0.14103097729543496
0,0,0.14148057822604257
0,0,0.14138857788815784
0,0,0.14105175494800423
0,0,0.14107028927019824
0,0,0.14116282056193988
0,0,0.14115603931580817
0,0,0.14110737121371658
0,0,0.1411603189907589
0,0,0.14158680412430968
0,0,0.1417199831246198
0,0,0.14150626342017225
0,0,0.14152070386300708
0,0,0.14174132051748625
0,0,0.1418957286859237
0,0,0.14170538229610877
0,0,0.14141819426738114
0,0,0.14169108309828135
0,0,0.14189845032035417
0,0,0.14136343653201966
0,0,0.14144126638848914
0,0,0.1462995450441588
0,0,0.17034206633425797
0,0,0.16925780262127518
0,0,0.15725227557800683
0,0,0.170876270654677
0,0,0.19432141631377706
0,0,0.20507860096629754
0,0,0.2085040870557119
0,0,0.20703756005054055
0,0,0.2060288726451759
0,0,0.2029804256820964
0,0,0.17836701877194175
0,0,0.1496516717597409
0,0,0.14935190991598743
0,0,0.15373414117124243
0,0,0.14966398069694095
0,0,0.1527731938417061
0,0,0.1585182983706426
0,0,0.15298438009094595
0,0,0.1513949128119048
0,0,0.1511075866279023
0,0,0.15150188273460824
0,0,0.1496829504888705
0,0,0.14845762840642607
0,0,0.17705763145630923
0,0,0.1702734883920896
0,0,0.1846697170257177
0,0,0.18786713811845182
0,0,0.16661398123039253
0,0,0.15637480297240489
0,0,0.15279981891808864
0,0,0.15410406036214025
0,0,0.1547637032698441
0,0,0.1540729492139732
0,0,0.15192905699536557
0,0,0.15079773493410373
0,0,0.14870440581554115
0,0,0.1436216253667487
0,0,0.14876709916825884
0,0,0.16680896183981436
0,0,0.14572279676007496
0,0,0.13994952150402512
0,0,0.1456547549876607
0,0,0.1576355251878155
0,0,0.1467577633249576
0,0,0.1589195967955964
0,0,0.166156119712454
0,0,0.14673830392094925
0,0,0.143256059659211
0,0,0.14414588398051095
0,0,0.1404277321069194
0,0,0.1460594500925065
0,0,0.16911715337943706
0,0,0.16206926988202122
0,0,0.1516662963869599
0,0,0.15944604008720148
0,0,0.16149832021289595
0,0,0.1593738196218859
0,0,0.15735434456109293
0,0,0.16138013532790652
0,0,0.1602558192238154
0,0,0.14677924974111037
0,0,0.14297432281942088
0,0,0.14289414329063263
0,0,0.1424174365842439
0,0,0.14232765979658135
0,0,0.14197197741380024
0,0,0.1416397098913993
0,0,0.14135381442669753
0,0,0.14144494465102322
0,0,0.23226153593502952
0,0,0.23350352619941347
0,0,0.2308602620498672
0,0,0.23215502272819166
0,0,0.23396354692572116
0,0,0.2306262225457652
0,0,0.22659215087410906
0,0,0.2296321599570694
0,0,0.23140743935481808
0,0,0.23293065563254653
0,0,0.23208526237809435
0,0,0.230256693157046
0,0,0.22830281328685378
0,0,0.23006640540141682
0,0,0.2302015768023638
0,0,0.2285357615996766
0,0,0.22899478731894887
0,0,0.22764137966964654
0,0,0.22896402007576927
0,0,0.2319475165696015
0,0,0.23171431503791798
0,0,0.22854251589843005
0,0,0.2296531404802003
0,1,0.23759516059950528
0,1,0.2367833412002099
0,0,0.23071900877640225
0,0,0.22915274876934644
0,0,0.23253468552799753
0,0,0.23293403080496827
0,0,0.22856757836455718
0,0,0.22830926594363093
0,0,0.2320979346288305
0,0,0.23096468331675593
0,0,0.23056494297677949
0,0,0.23070485302451338
0,0,0.22760596817503173
0,0,0.22893535001406773
0,0,0.23060627874582432
0,0,0.23188564485300717
0,0,0.22807696230156382
0,0,0.22761276883736228
0,0,0.22927384186148286
0,0,0.2296472323542885
0,0,0.22780650475742045
0,0,0.22863970903959907
0,0,0.22802974918449845
0,0,0.22889886831144426
0,0,0.22919708272074157
0,0,0.22565983232812206
0,0,0.22956638646938918
0,0,0.23094896504123985
0,0,0.2317223204408554
0,0,0.23043879946706164
0,0,0.2278107926098097
0,0,0.22778427463802625
0,0,0.22659336057913118
0,0,0.22845461495909186
0,0,0.22916131334166842
0,1,0.23421908924996543
0,0,0.22726759583249487
0,0,0.22558268262101244
0,0,0.2267492130963846
0,0,0.23114810670607067
0,0,0.23270449558636172
0,0,0.2318010533383255
0,0,0.23013859558192679
0,0,0.2301848587652355
0,0,0.22886645061802652
0,0,0.2322262770138364
0,0,0.23144924151696064
0,0,0.23251492286779293
0,0,0.22768084139845962
0,0,0.22686777911317282
0,0,0.2310602410866226
0,0,0.23394153836269418
0,0,0.23088909276326242
0,0,0.22983746400179117
0,0,0.2278241319755381
0,0,0.22674010806404865
0,0,0.22601405626331106
0,0,0.22854908724848955
0,0,0.2300836834811675
0,0,0.23084406928015663
0,0,0.22967027814890614
0,0,0.22829736230020714
0,0,0.23168380008059264
0,0,0.22750659766842599
0,0,0.229588039473988
0,0,0.23060450066503954
0,0,0.22850992668538997
0,0,0.22986039281700252
0,0,0.22699809392726578
0,0,0.22716223554482978
0,0,0.2321950619991891
0,1,0.2353932653550857
0,0,0.2324203278728688
0,0,0.2285394327686289
0,0,0.23190057619729185
0,0,0.23374044901329497
0,1,0.23463272647696398
0,0,0.2329809512936567
0,0,0.23057386682634676
0,0,0.2321544283739161
0,0,0.2319456424422666
0,0,0.23086109744269004
0,0,0.23200195112543848
0,0,0.23094858397904283
0,0,0.23181569256284518
0,1,0.236044857260502
0,1,0.23500109530318503
0,1,0.23491400200187865
0,0,0.23362779305616135
0,0,0.22867983691088362
0,0,0.22954852725306735
0,0,0.23368930562733722
0,0,0.22969233742939774
0,0,0.23110970214630397
1,1,0.24227337002507898
1,1,0.23907366890416262
1,0,0.23325369216229308
1,1,0.23630468192052664
1,0,0.23063740653553957
1,0,0.23263624669977
1,0,0.23421469991645677
1,1,0.23504837762567052
1,0,0.2334684236636622
1,0,0.2319301347777626
1,1,0.23448225649183063
1,1,0.23460574401319645
1,1,0.2348512413599523
1,0,0.23227677412122608
1,1,0.23476600160480418
1,0,0.23180174906420212
1,0,0.23337881102367927
1,0,0.23178926980018671
1,0,0.23152373889732358
1,0,0.23064582877729173
1,0,0.23170114327577532
1,0,0.23187713039234423
1,0,0.2298281105180179
1,1,0.23503846290687286
1,1,0.23779957245825079
1,0,0.23318748226269606
1,1,0.23545255776756516
1,1,0.23627256541966782
1,0,0.23379143720568116
1,0,0.23265071402031184
1,0,0.23308304534607363
1,0,0.22853633284150357
1,0,0.23049903216272158
1,1,0.23905505905247507
1,1,0.2357348055908991
1,0,0.23286644581466176
1,0,0.23390126855442786
1,0,0.23282893375217756
1,0,0.22808848683066943
1,0,0.2284120198259584
1,0,0.2297514305040451
1,0,0.228953290426099
1,0,0.2290646668977694
1,0,0.2279276122269123
1,0,0.22793605880989695
1,0,0.2274377483746902
1,1,0.23764949094491666
1,0,0.22972336520141864
1,0,0.23366373349595182
1,0,0.23383087745774478
1,0,0.23412680745226808
1,1,0.23749759490119365
1,1,0.23803255533184967
1,1,0.24003992536329016
1,0,0.22677455505314464
1,0,0.2299786903525572
1,0,0.23267681970808796
1,0,0.23265366699243012
1,0,0.2336752105345487
1,0,0.23349276168605246
1,0,0.23223606514840636
1,0,0.23231748152247994
1,0,0.2341091053326116
1,1,0.23621443687597993
1,1,0.23470658811996034
1,0,0.23338198015001868
1,0,0.23388859285542296
1,1,0.23505193034402636
1,1,0.23572435555877264
0,0,0.23211361745530631
0,0,0.23108604360415724
0,1,0.23487479539624215
0,1,0.23727121626317002
0,1,0.23920218809062502
0,0,0.23084539347766683
0,1,0.23480129769184396
0,1,0.23500762760732627
0,1,0.23636715608739606
0,0,0.2335663845337379
0,0,0.2316686896229106
0,0,0.2335288762964011
0,0,0.23239843822798772
0,0,0.23259564239027436
0,0,0.23279212231626786
0,0,0.23019158657433517
0,1,0.23849579882688102
0,1,0.23600581409920907
0,0,0.23417891047976291
0,0,0.23233741963783971
0,0,0.23074328814783215
0,1,0.2342460675519699
0,1,0.2363832017869156
0,0,0.23405904758767757
0,1,0.23879878327480222
0,1,0.23634098693617264
0,0,0.2287338370205175
0,0,0.23316026805561435
0,1,0.23548306473618802
0,0,0.23402869962779368
0,0,0.22881857533852268
0,0,0.22955986962354444
0,0,0.22912285506017593
0,0,0.22864204259902604
0,0,0.2299546397341805
0,1,0.23493585536181436
0,1,0.23543696027920602
0,0,0.23257396621506066
0,0,0.2330040408265274
0,0,0.22983560038605633
0,0,0.22845196336399656
0,0,0.22673068855054085
0,0,0.22772333862545743
0,0,0.22745206742523966
0,0,0.22739027619005947
0,0,0.22993208980315372
0,0,0.231878794184837
0,0,0.23178715579458806
0,0,0.22796061962412975
0,0,0.22892930876417641
0,0,0.23011548072223334
0,0,0.2306829213706099
0,0,0.22806864539836078
0,0,0.2269046488790089
0,0,0.22823761868001366
0,0,0.22988779077691113
0,0,0.22908361995725063
0,0,0.22673906020159673
0,0,0.22740340530908698
0,0,0.2301453803960474
0,0,0.2320562695378609
0,1,0.23567903769532564
0,1,0.23719247628627324
0,1,0.23513154738120406
0,0,0.23005239154776835
0,1,0.23442513525404873
0,1,0.23819404578349562
0,1,0.23650838581064412
0,0,0.22953902815204164
0,0,0.2287993915540126
0,0,0.22818954759050664
0,1,0.2389337006795513
0,1,0.235157646416672
0,0,0.23269315052906056
0,0,0.22866597910636263
0,0,0.2302484139897852
0,0,0.233009101100264
0,0,0.23280761089751703
0,0,0.23007016055103943
0,0,0.22680987669552774
0,0,0.23185881380097417
0,0,0.22813584982410318
1,1,0.23737542722021565
1,1,0.23597297474989026
1,1,0.2383451332078514
1,1,0.23576555087248852
1,1,0.23469572550859663
1,0,0.2337484281049413
1,0,0.23393079282183368
1,1,0.23861367365397015
1,0,0.2341679161582762
1,0,0.23337658774390263
1,1,0.23836967713238427
1,1,0.23689106812446437
1,1,0.23430686975656576
1,1,0.23964094131148214
1,1,0.2383385320608249
1,1,0.2361617268121929
1,1,0.23622648280582773
1,1,0.24444029852176224
1,1,0.24141891035138224
1,1,0.2468042787810886
1,1,0.24320647067890183
1,1,0.23467492743944227
1,1,0.23519571754810514
1,0,0.23418019082717892
1,1,0.23649323873248942
1,1,0.23530491002758686
1,1,0.2362398775717819
1,1,0.23477239365680685
1,0,0.23218535489773767
1,0,0.23304370990873885
1,1,0.23647142666033744
1,0,0.2310360834976254
1,0,0.23310186581954462
1,0,0.23239483684551163
1,0,0.2298501764508122
1,0,0.23025305853637112
1,0,0.23235353646099596
1,0,0.23243394026525677
1,0,0.230982059339967
1,1,0.23798461413293392
1,1,0.23762979278761773
1,0,0.23227448773963683
1,0,0.23207534983691308
1,1,0.23510946365955948
1,0,0.232425100951771
1,0,0.23271193757241357
0,0,0.23291103896316012
0,1,0.2350050102673147
0,0,0.23332353693772323
0,0,0.22907543525687565
0,0,0.22943254115117845
0,0,0.23272886477905053
0,0,0.23196116806771538
0,0,0.22801269370482907
0,0,0.23305768306565344
0,0,0.23239555051527
0,0,0.22786773708556174
0,0,0.23073685380871556
0,0,0.23276664209501857
0,0,0.2340069003040402
0,0,0.23242840836176162
0,0,0.23343442329007588
0,1,0.23740343367170938
0,1,0.23583290047531322
0,0,0.23080454039245818
0,1,0.2347149722223151
0,1,0.23730992620657895
0,0,0.22948652791691657
0,0,0.2314474955993168
0,0,0.23374853837862977
0,1,0.2344875342093507
0,1,0.23422030892908813
0,0,0.229438045867404
0,0,0.2337906621708123
0,0,0.23393528432887498
0,0,0.23110512250621645
0,0,0.23092361426215793
0,0,0.22847087106806543
0,0,0.23315990174360726
0,0,0.22960067088299094
0,0,0.2312993372999689
0,0,0.23343866524222923
0,0,0.2313462568567004
0,0,0.23177802105388778
0,0,0.23246012060449578
0,1,0.23573891166711633
0,0,0.23272824812908188
0,0,0.23164557254260587
0,0,0.2336883146125077
0,0,0.23239165741390272
0,0,0.23240130400533116
0,0,0.23292712330253496
0,1,0.23689458813867367
0,0,0.2329354672476122
0,1,0.23686814668386724
0,0,0.23186396675607404
0,0,0.23205861646660933
0,1,0.23513232592068015
0,1,0.237562067758997
0,1,0.2389592567752019
0,1,0.23632600417451272
0,1,0.2370826722085935
0,1,0.2379911444236195
0,0,0.2309797221898314
0,0,0.23202696347863414
0,0,0.23170042429049542
0,1,0.2373447010518031
0,0,0.23218384425015162
0,0,0.23386144680762483
0,1,0.23466646767819316
0,1,0.2374215540793306
0,1,0.23781122944307517
0,0,0.23115503726335732
0,1,0.23588931944376343
0,1,0.235482797552178
0,1,0.2371857780615554
0,0,0.2334394821047963
0,0,0.23033795923987932
0,1,0.23472781300307763
0,0,0.23395515805298753
0,0,0.23070684989061768
0,1,0.23422086325446953
0,0,0.23152408805679997
0,0,0.22697575490221691
0,0,0.23036356494806082
0,0,0.2284050092101834
0,0,0.23200157719970727
0,0,0.23311996154268072
0,0,0.23065072502185774
0,0,0.23160855129207011
0,0,0.23221741480395688
0,0,0.2337474579783257
0,0,0.23003173657039386
0,1,0.23738640115463008
0,1,0.24331536134646575
0,1,0.2347990784120015
0,1,0.23830266257482233
0,1,0.2380697213035077
0,1,0.23817095814956968
0,0,0.2337123450375666
0,1,0.23491239618989226
0,0,0.23312676609827215
0,1,0.23601808729049586
0,1,0.23777968343958927
0,0,0.23009944305104252
0,0,0.23162206363609011
0,1,0.23607942394044984
0,1,0.23424799239326785
0,0,0.22942974206638875
0,0,0.23398796930085108
0,1,0.23871754557135536
0,1,0.2365114227132265
0,0,0.23041514322037646
0,0,0.2299817165087232
0,0,0.2292603025194665
0,0,0.22861786130978615
0,0,0.23032801493342972
0,0,0.23263786934362507
0,1,0.23495759041373113
0,0,0.23138092053956988
0,0,0.1806850744722608
0,0,0.17042662777541256
0,0,0.181829581281768
0,0,0.194404734755424
0,0,0.20965265825711527
0,0,0.14061850437617562
0,0,0.14060988781446165
0,0,0.19819954404699777
0,0,0.1859375316064849
0,0,0.19252097878347413
0,0,0.19940956979116292
0,0,0.17452999161453708
0,0,0.17579293520015044
0,0,0.20707162808893623
0,0,0.1470946590110043
0,0,0.1408544576347105
0,0,0.17425327795580148
0,0,0.20670218424879885
0,0,0.20079787669011262
0,0,0.20525226421200435
0,0,0.20317276765862308
0,0,0.19733453201754445
0,0,0.1993426048710749
0,0,0.22281837622331285
0,0,0.22290654559657197
0,0,0.22919174490502126
0,0,0.22533235909651997
0,0,0.21868769835728682
0,0,0.2142708815418385
0,0,0.21192446747330498
0,0,0.2128966450316155
0,0,0.20782810185906486
0,0,0.20504687380475514
0,0,0.20515369732621194
0,0,0.21131724372898278
0,0,0.21233902985112343
0,0,0.21375739750190967
0,0,0.2129259547723856
0,0,0.2130976976650847
0,0,0.21188801974912605
0,0,0.2135944066420577
0,0,0.22697938394783634
0,0,0.22227762084706496
0,1,0.23585350368806154
0,1,0.23741294247615677
0,0,0.23068818775839658
0,0,0.226335531529489
0,0,0.22446049459991646
0,0,0.2317264464382615
0,0,0.23416212657382282
0,1,0.2342224551846712
0,0,0.2340754369853784
0,0,0.23145245021088098
0,0,0.23304917181831308
0,0,0.23377212604417646
0,0,0.23401393885282543
0,1,0.23454403220104394
0,1,0.2402595400574791
0,1,0.2403606714731666
0,1,0.23473045059724112
0,0,0.23413006871053474
0,0,0.2300060051250562
0,0,0.23173328402419027
0,1,0.23730948667558957
0,1,0.23641130211529673
0,1,0.23486907643848765
0,1,0.2373212478621805
0,1,0.2372704854887818
0,1,0.23738935265866476
0,1,0.2392001455434505
0,1,0.2345696690946547
0,0,0.2315888002233053
0,1,0.24023066243545602
0,1,0.23516416099067647
0,0,0.23041244362733596
0,0,0.22324226024438357
0,0,0.22226111904169898
0,0,0.21696895580223322
0,0,0.21746667797909175
0,0,0.2157839672876573
0,0,0.21248161619196893
0,0,0.2145380846951467
0,0,0.21700088857593755
0,0,0.21964497098786076
0,0,0.22298623607469875
0,0,0.21942866040680103
0,0,0.22115654715322186
0,0,0.22750627587255587
0,0,0.2260937480201876
0,0,0.22014309473368662
0,0,0.21696388266470673
0,0,0.22563329171861493
0,0,0.22600254730486402
0,0,0.2286426225778502
1,0,0.1464993622131305
1,0,0.15507452587258047
1,0,0.16606764193132945
1,0,0.16553748675555782
1,0,0.167445231892533
1,0,0.16248962185339078
1,0,0.15512062671511131
1,0,0.15225034663333922
1,0,0.15954956165288853
1,0,0.1664101375535526
1,0,0.16132227118902182
1,0,0.16129305288905885
1,0,0.1550559195000109
1,0,0.14895128053568052
1,0,0.15413158204593436
1,0,0.15591310415972154
1,0,0.14479382331542986
1,0,0.1458323532356609
1,0,0.15463598073937987
1,0,0.14387731043619023
1,0,0.1407031225722634
1,0,0.14345798421331976
1,0,0.14742260312427036
1,0,0.1712165994121489
1,0,0.1552827632772287
1,0,0.1501116618001168
1,0,0.15283221578195333
1,0,0.15531017461206467
1,0,0.15394484596957925
1,0,0.15235800843073316
1,0,0.14801421616388888
1,0,0.14522482153866897
1,0,0.1505549619781765
1,0,0.15046572680723794
1,0,0.1454914114862652
1,0,0.14057056358170286
1,0,0.14057056358170286
1,0,0.1525953683993812
1,0,0.14057062445767243
1,0,0.14057056358170286
1,0,0.1405718554011805
1,0,0.14240943226297886
1,0,0.14524787643502296
1,0,0.14201066446002167
1,0,0.14252892573934067
1,0,0.15513106696473838
0,0,0.14057056032241802
0,0,0.14057056358170286
0,0,0.14057056358170286
0,0,0.14303364420937661
0,0,0.14323466332581972
0,0,0.1425200703898893
0,0,0.14057058773171088
0,0,0.14057058683344398
0,0,0.14057069657593804
0,0,0.14057081964253484
0,0,0.14057459960618654
0,0,0.14057086492647913
0,0,0.14065936397467815
0,0,0.14073738394423346
0,0,0.1414242417044044
0,0,0.14075470882967966
0,0,0.14069855749023372
0,0,0.14117418566501969
0,0,0.14465658514480131
0,0,0.14318483285907863
0,0,0.14152278894719128
0,0,0.14057056358170286
0,0,0.14057056358170286
1,0,0.1661381872240852
1,0,0.1600650900799154
1,0,0.15071258023764553
1,0,0.15706606064107279
1,0,0.15132412337998835
1,0,0.15456789725725487
1,0,0.1607789907504779
1,0,0.1644335628677684
1,0,0.16815433789856984
1,0,0.15864516968191386
1,0,0.15087507832289954
1,0,0.1571826196028489
1,0,0.14913702331728002
1,0,0.1523991103857533
1,0,0.14065040412154667
1,0,0.14070096479447222
1,0,0.1689080031942038
1,0,0.1547656924241443
1,0,0.1561022367079321
1,0,0.14057056358170286
1,0,0.14057056358170286
1,0,0.14057056358170286
1,0,0.16196315173983633
0,0,0.14057056358170286
0,0,0.14057056358170286
0,0,0.1405755909461189
0,0,0.14057472260145515
0,0,0.14199861588199392
0,0,0.15278019073558521
0,0,0.14058622698940512
0,0,0.14057056427887848
0,0,0.1410661654283385
0,0,0.14999109997685242
0,0,0.15275158550396878
0,0,0.1406411596523669
0,0,0.14057300140285517
0,0,0.14526266732434157
0,0,0.14191712419798086
0,0,0.14200901123762585
0,0,0.14343725227787493
0,0,0.14328788281969637
0,0,0.14223601203607023
0,0,0.14245372074833704
0,0,0.1509839313509231
0,0,0.15051449680862317
0,0,0.1565122484573127
0,0,0.20984391506937417
0,0,0.20720346517547283
0,0,0.21308970502004707
0,0,0.2180250503043354
0,0,0.2191457318132983
0,0,0.21818418891521085
0,0,0.2141521356348391
0,0,0.20528014800186745
0,0,0.18857239235267173
0,0,0.20208070422944427
0,0,0.19678729875418338
0,0,0.19391713213468184
0,0,0.19742213154804986
0,0,0.19694555144923448
0,0,0.20586916726011636
0,0,0.21455023171281726
0,0,0.21135763394925464
0,0,0.21221141480171335
0,0,0.21143726347520211
0,0,0.21351313288212678
0,0,0.21273256073565083
0,0,0.2112412757807277
0,0,0.2132786727912044
0,0,0.21352806246171988
0,0,0.21892076732227125
0,0,0.22315009917582468
0,0,0.22273406592078326
0,0,0.2233473362664473
0,0,0.21185537365864857
0,0,0.20257289688392885
0,0,0.2010635357919284
0,0,0.20241015872518828
0,0,0.20530824054264407
0,0,0.20972632509296024
0,0,0.2086658045622436
0,0,0.2079848026905173
0,0,0.2104089724743657
0,0,0.2105541970819826
0,0,0.20682462831654572
0,0,0.2032849640232941
0,0,0.1973136646215175
0,0,0.19822242641308813
0,0,0.2165234603612981
0,0,0.21599717559223175
0,0,0.21117984126759742
0,0,0.21227032228088777
0,0,0.20787624223492246
0,0,0.20903058504049732
0,0,0.20471316809490483
0,0,0.19463837324781427
0,0,0.20671492466913544
0,0,0.2126561681832483
0,0,0.2138596167035563
0,0,0.21369237468059088
0,0,0.21352486263732529
0,0,0.211564924918219
0,0,0.214637110144024
0,0,0.21841086080298566
0,0,0.2186669743661707
1,0,0.15639409231974777
1,0,0.15066550980451768
1,0,0.14410665657835878
1,0,0.14526855438029446
1,0,0.14101648903912695
1,0,0.14098549828569512
1,0,0.14507341660343015
1,0,0.15048716429668865
1,0,0.1485292201444253
1,0,0.14569900657636836
1,0,0.14704166004764935
1,0,0.14702527738079468
1,0,0.1405774543413461
1,0,0.14057746928632325
1,0,0.14219659351241307
1,0,0.1413182314234215
1,0,0.14460802484798307
1,0,0.14380600809922622
1,0,0.1448025393256334
1,0,0.15684750610953999
1,0,0.15541887315113262
1,0,0.14618290044468799
1,0,0.14880747643652004
1,0,0.14546644323909377
1,0,0.14511218318209454
1,0,0.14250327917152644
1,0,0.14349778190009374
1,0,0.148954940507759
1,0,0.1478619586854583
1,0,0.14796352008010952
1,0,0.1588070533407402
1,0,0.14061715272518768
1,0,0.14073182230254566
1,0,0.1686951081611418
1,0,0.16258095994599334
1,0,0.14057513005615793
1,0,0.14057510560349704
1,0,0.1586874842018394
1,0,0.1578623178829003
1,0,0.15477634028511966
1,0,0.1504255378193904
1,0,0.14999462588983326
1,0,0.15340731960420262
1,0,0.15177555563586675
1,0,0.14836280133358157
1,0,0.14250916871073332
1,0,0.21124823581561136
1,0,0.20758993771224457
1,0,0.21707041215773198
1,0,0.2234334116114835
1,0,0.2228543221248085
1,0,0.21897153879891815
1,0,0.21470894257658438
1,0,0.2156594431883236
1,0,0.21803459441192588
1,0,0.21743088747730885
1,0,0.21067529088361706
1,0,0.20579977779480255
1,0,0.19761384111974878
1,0,0.1977963837848066
1,0,0.20780110808684152
1,0,0.21095761507971858
1,0,0.2130484789727812
1,0,0.20776164097808336
1,0,0.20432916688240357
1,0,0.2061766574715227
1,0,0.20345703573628543
1,0,0.20314840482702629
1,0,0.20584433400907218
1,0,0.20521252954223917
1,0,0.20470523075648894
1,0,0.15120969446477897
1,0,0.1405719196488669
1,0,0.14057058137994713
1,0,0.14057056358170328
1,0,0.140570563582491
1,0,0.1406088692140671
1,0,0.14320500704899897
1,0,0.2067101919689723
1,0,0.20619685092227735
1,0,0.20332669384718802
1,0,0.20135889103766574
1,0,0.2041144563243963
1,0,0.20546587621537957
1,0,0.20484759350489423
1,0,0.20500301606109722
1,0,0.19766693389540518
1,0,0.1883523674269226
1,0,0.1828079709319253
1,0,0.18795833892941866
1,0,0.18971135678498666
1,0,0.17280899642641656
1,0,0.17986756882908544
1,0,0.16864532259558834
1,0,0.17292631533623815
1,0,0.19642351889208
1,0,0.19703771539795456
1,0,0.20223442858907786
1,0,0.19980410109819724
1,0,0.19258053161047595
1,0,0.19194578113202201
1,0,0.1921718988659706
1,0,0.19426631079001094
1,0,0.1959408851771016
1,0,0.19171142366897884
1,0,0.1911664475997764
1,0,0.195306387630113
1,0,0.19736293572329147
1,0,0.1940728175336855
1,0,0.19355130402289142
1,0,0.1978178143439646
1,0,0.1962082729559166
1,0,0.19603524513556184
1,0,0.201414296680478
0,0,0.19767762928472543
0,0,0.18587299854865894
0,0,0.1862678047024678
0,0,0.18687433400486966
0,0,0.18477910575210263
0,0,0.18279044928131033
0,0,0.1792471658710379
0,0,0.18138344759553005
0,0,0.18695774458939585
0,0,0.1861200119696723
0,0,0.17833562062262734
0,0,0.17782914254802554
0,0,0.1751182858223088
0,0,0.17001454661617937
0,0,0.1726728836607403
0,0,0.17784229354487396
0,0,0.17485885567735376
0,0,0.17132162979622975
0,0,0.17138481121116494
0,0,0.1727448991841754
0,0,0.1719056453638226
0,0,0.17428639793900094
0,0,0.1779923954979337
0,0,0.17631609998704628
0,0,0.17405101154604102
0,0,0.1748891091971006
0,0,0.17580860568883105
0,0,0.17724359394727904
0,0,0.1770765095757037
0,0,0.17423989762015996
0,0,0.19436901432001802
0,0,0.19046444365672105
0,0,0.20518517924176943
0,0,0.20280871968131203
0,0,0.1999776862556914
0,0,0.19802157685288174
0,0,0.19447019239278504
0,0,0.19532245085265268
0,0,0.19751362010122758
0,0,0.19766357835577733
0,0,0.19805204462371906
0,0,0.20004084335931327
0,0,0.21294943970368163
0,0,0.2059875304199655
0,0,0.19386390723481944
0,0,0.1930621124723262
0,0,0.09548592041869931
0,0,0.09688253776234476
0,0,0.09306664322198847
0,0,0.09461726327461041
0,0,0.09490085743891802
0,0,0.0941066434060969
0,0,0.09758632246757949
0,0,0.09593338430764387
0,0,0.09672776571798994
0,0,0.09640389750061548
0,0,0.10322285665771934
0,0,0.10382996021147033
0,0,0.10190625987262486
0,0,0.11018338851408248
0,0,0.09589872267184024
0,0,0.09450729880303592
0,0,0.09871495357969037
0,0,0.10877876026683997
0,0,0.1340595769789261
0,0,0.14636762560094854
0,0,0.18566809829801145
0,0,0.1887767366297661
0,0,0.1560386721897647
0,0,0.17788238414803625
0,0,0.15933800296926268
0,0,0.1336450194508571
0,0,0.13707640335391186
0,0,0.137749606467293
0,0,0.14240175761774668
0,0,0.13983482204950393
0,0,0.14524678512088757
0,0,0.1486703216838147
0,0,0.1687346846495129
0,0,0.19854272330924608
0,0,0.19535616300535558
0,0,0.19086518061914545
0,0,0.1750029235514031
0,0,0.15681835512975942
0,0,0.1543156063216177
0,0,0.167127048212843
0,0,0.15878273177332017
0,0,0.16132870447960387
0,0,0.15549465666975493
0,0,0.13916449093592956
0,0,0.15496884684349974
0,0,0.1751623768578267
0,0,0.1645119791050982
0,0,0.15415473593945778
0,0,0.14284438308189962
0,0,0.14686988847076954
0,0,0.16156582609823347
0,0,0.1687282843549707
0,0,0.1604205292051201
0,0,0.15604314294410462
0,0,0.16145434417719254
0,0,0.15996539015977093
0,0,0.16168993858204678
0,0,0.13678140812935674
0,0,0.12224859341288109
0,0,0.1298241935252152
0,0,0.13407757532280642
0,0,0.13137445743343423
0,0,0.1087225710361965
0,0,0.12407994073046232
0,0,0.15021468211315278
0,0,0.11203527393751231
0,0,0.10236779469025553
0,0,0.10581914491292667
0,0,0.11808255310093621
0,0,0.13386369435412263
0,0,0.13455435260303042
0,0,0.14115678038043727
0,0,0.12478266672939188
0,0,0.11196770817317149
0,0,0.10933677327057315
0,0,0.11104613697290747
0,0,0.13092578289972578
0,0,0.15173948994211497
0,0,0.14315702934096003
0,0,0.14725325304427853
0,0,0.1734221043270713
0,0,0.15522692348002218
0,0,0.13529730558387135
0,0,0.14924348420827585
0,0,0.15551060376835765
0,0,0.13962350745477572
0,0,0.1390503324399165
0,0,0.14803339785994157
0,0,0.13464093759037224
0,0,0.14080104154363188
0,0,0.14454777332584937
0,0,0.13112806687920203
0,0,0.12442665314207643
0,0,0.12707568276519574
0,0,0.11542115284655292
0,0,0.12609868073080166
0,0,0.12485940834726972
0,0,0.1230176925876677
0,0,0.12280213056373931
0,0,0.12620803582948578
0,0,0.12722250666489934
0,0,0.1171513857291536
0,0,0.11875875650975169
0,0,0.1320778231869971
0,0,0.12807778020086374
0,0,0.12352463733512128
0,0,0.1236728367806082
0,0,0.12699475831158194
0,0,0.12508685527176486
0,0,0.12223909379389913
0,0,0.13988628733112227
0,0,0.1390694221589576
0,0,0.12970635609750605
0,0,0.1320702407738406
0,0,0.12620984355235204
0,0,0.1342974895917967
0,0,0.13740195591840287
0,0,0.1357170304492624
0,0,0.09901991753923928
0,0,0.09376521179701601
0,0,0.10359431280319976
0,0,0.13426945573142354
0,0,0.1329334691818691
0,0,0.14086130106917988
0,0,0.13674201954811696
0,0,0.1284858934194866
0,0,0.10204966743202312
0,0,0.09583681660213665
0,0,0.10195883801722294
0,0,0.11069306029715804
0,0,0.10083746723130647
0,0,0.10330421770167666
0,0,0.10332941925204342
0,0,0.10479561720339625
0,0,0.12224158885698906
0,0,0.120983762851596
0,0,0.11328845875010028
0,0,0.11096246461847462
0,0,0.10844769926986703
0,0,0.10877225164751397
0,0,0.12941760842293512
0,0,0.10190368026599496
0,0,0.09430845596248964
0,0,0.1146450291019195
0,0,0.1267968931748547
0,0,0.12499139213981358
0,0,0.11937742584486946
0,0,0.11763458027877209
0,0,0.1157776857237413
0,0,0.12156633713041001
0,0,0.12108402952014427
0,0,0.13042216353880526
0,0,0.12923427321123254
0,0,0.12207193332676013
0,0,0.11666839663684175
0,0,0.11024975449639576
0,0,0.12106095511617104
0,0,0.12747848296520434
0,0,0.12488796418297941
0,0,0.12961930557031048
0,0,0.11975961741867466
0,0,0.12394656041675012
0,0,0.0937044389221612
0,0,0.1387872226123585
0,0,0.1262094094470138
0,0,0.09370443861430547
0,0,0.09370443861430547
0,0,0.12465111784353385
0,0,0.13015243671024804
0,0,0.13694139070669842
0,0,0.13617995621830528
0,0,0.13183583680009192
0,0,0.12660754769667665
0,0,0.11925473378990521
0,0,0.09455993023936392
0,0,0.09508298998884401
0,0,0.13310141043551085
0,0,0.1288018820483542
0,0,0.1292140087766363
0,0,0.10942740510713482
0,0,0.10666856867298923
0,0,0.12031880471302406
0,0,0.12913072361737193
0,0,0.12080615839314025
0,0,0.11974721875690254
0,0,0.11687504361844273
0,0,0.09370444140937959
0,0,0.0937044412438837
0,0,0.10187139670272337
0,0,0.09697303258199043
0,0,0.09557238846210378
0,0,0.09492288040146775
0,0,0.09419709403333752
0,0,0.09379505901584814
0,0,0.1167940763074949
0,0,0.10715091814115028
0,0,0.1026771682105493
0,0,0.11165405488512932
0,0,0.10019648710023461
0,0,0.09656647791858776
0,0,0.09870316921281955
0,0,0.11101296788480129
0,0,0.12900155186965526
0,0,0.13095925461007554
0,0,0.1233960384709164
0,0,0.11478856643738411
0,0,0.11854868019469553
0,0,0.15122161389345262
0,0,0.14417190810161143
0,0,0.14117411608691519
0,0,0.15021444939064119
0,0,0.1566718138804672
0,0,0.15347515628583058
0,0,0.17315624118498418
0,0,0.17852474638476085
0,0,0.18605419624561667
0,0,0.19272774179407898
0,0,0.18962712325247547
0,0,0.19848331443205958
0,0,0.2089161750918764
0,0,0.19956074933913429
0,0,0.19253287121943286
0,0,0.19961403005879833
0,0,0.19877957941373042
0,0,0.19691904582164751
0,0,0.18761405564536993
0,0,0.18416636242159012
0,0,0.19041575782819403
0,0,0.1989935293698476
0,0,0.19818776699145618
0,0,0.19383133373745123
0,0,0.18907821263792837
0,0,0.18376869751700659
0,0,0.15176600366467086
0,0,0.15359613534597383
0,0,0.12813898882640448
0,0,0.11383444335428317
0,0,0.1247154509444044
0,0,0.11266089509800686
0,0,0.1245912166504576
0,0,0.10336086114344022
0,0,0.12192227184735699
0,0,0.11279971084606928
0,0,0.09463480745804796
0,0,0.1078820877106339
0,0,0.10968491696797854
0,0,0.12624592327845982
0,0,0.16299936091927755
0,0,0.1193727639968371
0,0,0.11161541184905409
0,0,0.1599793105813157
0,0,0.20483958434904012
0,0,0.22358298855680636
0,0,0.24202269592794237
0,0,0.22877700795761305
0,0,0.19339716548430616
0,0,0.1817713989599934
0,0,0.18385325644571213
0,0,0.19036671181043124
0,0,0.19836821421157658
0,0,0.20176546962068834
0,0,0.18877988007164564
0,0,0.18238604715033432
0,0,0.18729859875609323
0,0,0.19612187205746992
0,0,0.19885373700488684
0,0,0.20075792427926323
0,0,0.19428776009922452
0,0,0.10082210001506546
0,0,0.09562568130794874
0,0,0.0937064329084282
0,0,0.09371094113710385
0,0,0.101795490097881
0,0,0.10174849289732225
0,0,0.09526151881002001
0,0,0.09657819596254964
0,0,0.14041326412043745
0,0,0.1245111620118218
0,0,0.09430125504420526
0,0,0.09536473256502742
0,0,0.11402040626529272
0,0,0.12499205562387683
0,0,0.13267552868831747
0,0,0.11755522038551747
0,0,0.11534126438071071
0,0,0.11903315051708023
0,0,0.1307721025006485
0,0,0.13117665118326202
0,0,0.12272124230913758
0,0,0.12236393546379834
0,0,0.13201276357296038
0,0,0.09370545017324719
0,0,0.12469256788191097
0,0,0.12672425670393642
0,0,0.12214954844124586
0,0,0.1272481895085271
0,0,0.12986493842591587
0,0,0.11717685083530084
0,0,0.11826071070746925
0,0,0.13011902436232176
0,0,0.12166722621794715
0,0,0.11390430155745232
0,0,0.11605541679420639
0,0,0.12338988626827438
0,0,0.12493560574309942
0,0,0.11163040949895639
0,0,0.11169129092589793
0,0,0.11817102120389356
0,0,0.12235088697541638
0,0,0.12375791724549401
0,0,0.12548818306455733
0,0,0.12210114846483898
0,0,0.11795201250514463
0,0,0.11967428129979893
0,0,0.10710738626032956
0,0,0.11503496479290455
0,0,0.11076119005545064
0,0,0.11343672721257737
0,0,0.088589971634906
0,0,0.0910548860572622
0,0,0.10700288248112805
0,0,0.10748355048428346
0,0,0.1197014090215678
0,0,0.117191310362189
0,0,0.1139993500019196
0,0,0.12495502880369998
0,0,0.14585917356809425
0,0,0.15664429336816493
0,0,0.19480400341598864
0,0,0.20273339018118056
0,0,0.21105472436130687
0,0,0.21341413665271652
0,0,0.1834766805766726
0,0,0.16991550959274224
0,0,0.16367700344007982
0,0,0.17701742801685694
0,0,0.2118264536603254
0,0,0.21081628093009477
0,0,0.22696762439950616
0,0,0.147208590205621
0,0,0.1093326473853844
0,0,0.12836786844951903
0,0,0.11756852200745381
0,0,0.11332851767250426
0,0,0.1188637349832864
0,0,0.1317107928754191
0,0,0.15366127812609987
0,0,0.14376228231485835
0,0,0.1452856459411938
0,0,0.15818667426985636
0,0,0.1733086819681353
0,0,0.17082220456626385
0,0,0.18396359112401114
0,0,0.18350302219142298
0,0,0.17180412791959265
0,0,0.1647360037235425
0,0,0.1528832131330362
0,0,0.14349922151205055
0,0,0.14309648543985362
0,0,0.15427974913598294
0,0,0.16729098400686646
0,0,0.15792539542886222
0,0,0.1412060055679805
0,0,0.14471035345839442
0,0,0.14975226275856043
0,0,0.15383912527576024
0,0,0.12644608630375023
0,0,0.1308315929077913
0,0,0.15913949232772207
0,0,0.14807919004907155
0,0,0.14401956872068192
0,0,0.1455576555322679
0,0,0.16098326882068667
0,0,0.1737297826403739
0,0,0.16659907194558515
0,0,0.16370262787828144
0,0,0.17161782084197952
0,0,0.17580512545479413
0,0,0.177647040007586
0,0,0.18061984501385842
0,0,0.18961316883071877
0,0,0.19009897654094682
0,0,0.18663193403228787
0,0,0.17789337957032947
0,0,0.1778326207120505
0,0,0.18919183461389202
0,0,0.1848046701157558
0,0,0.18580076274661375
0,0,0.09372165482343349
0,0,0.09370444476854614
0,0,0.09651567393265661
0,0,0.15439369395205854
0,0,0.19370439769473927
0,0,0.17871244280182577
0,0,0.1780813322963401
0,0,0.19066018730147147
0,0,0.199249740766763
0,0,0.19761806576570923
0,0,0.1803676403464416
0,0,0.17866476894944208
0,0,0.2075952896531939
0,0,0.21578565191530164
0,0,0.21457574260852347
0,0,0.2111600608686989
0,0,0.2248060510925776
0,0,0.2301995188775632
0,0,0.22408348436416267
0,0,0.2319780893392784
0,0,0.23071688516644284
0,0,0.22749273625389127
0,0,0.20048437219627868
0,0,0.18272191708858004
0,0,0.18774609788258545
0,0,0.16644830061920227
0,0,0.104366536493087
0,0,0.0965002295028715
0,0,0.10043955877305374
0,0,0.14685691237294435
0,0,0.15003693041912872
0,0,0.1452363948212161
0,0,0.1722301282260279
0,0,0.1649088399917804
0,0,0.16462787559678627
0,0,0.1579266995267927
0,0,0.1524920420418937
0,0,0.15210651710043002
0,0,0.15635517649589467
0,0,0.15880829292217258
0,0,0.16558230514674893
0,0,0.11920985161660519
0,0,0.13939310467886043
0,0,0.14749271164537459
0,0,0.13555955455727967
0,0,0.13644143981933585
0,0,0.14894878143085802
0,0,0.15785716230895527
0,0,0.16590061428423225
0,0,0.15215657979704478
0,0,0.1330922381752719
0,0,0.13268435457571323
0,0,0.14621213616637616
0,0,0.14577091178627713
0,0,0.13763853498121642
0,0,0.15092490485577453
0,0,0.16612329940774065
0,0,0.1704973983838456
0,0,0.1892001678691898
0,0,0.18033220045767884
0,0,0.1532876184994899
0,0,0.16035136819251927
0,0,0.16188317769953137
0,0,0.13596516463825487
0,0,0.10817372851345353
0,0,0.12201057093628433
0,0,0.16416479724405328
0,0,0.14326215356001087
0,0,0.13699779543801377
0,0,0.13090569329095206
0,0,0.12105079864406477
0,0,0.12265425022719206
0,0,0.13471550832129897
0,0,0.13930738395839842
0,0,0.1339881194908715
0,0,0.13371982546343192
0,0,0.12587228642824166
0,0,0.14778087463481845
0,0,0.16059457638504546
0,0,0.15668920758800545
0,0,0.14714823869021615
0,0,0.15225504932262243
0,0,0.15370094247870103
0,0,0.1547385218423166
0,0,0.16193242747699702
0,0,0.1581302727607749
0,0,0.15229090876519574
0,0,0.14964985513602633
0,0,0.1451075242149361
0,0,0.14877761301161466
0,0,0.16019639378049702
0,0,0.15955235129735362
0,0,0.14972691222164422
0,0,0.1367299605559234
0,0,0.1508274372763287
0,0,0.09374531121645735
0,0,0.09366328047570747
0,0,0.1484687912058139
0,0,0.15509688240975097
0,0,0.1564420527926506
0,0,0.14334301177929276
0,0,0.1316429910701235
0,0,0.1462499556565181
0,0,0.1690413051738258
0,0,0.16936981248372365
0,0,0.1638519918176852
0,0,0.16476244890948
0,0,0.14949911033698599
0,0,0.12705819813005634
0,0,0.1177128912654761
0,0,0.12549397077091784
0,0,0.14751608964218058
0,0,0.15237262762398956
0,0,0.13689951378014498
0,0,0.13855178179734737
0,0,0.15485669323802048
0,0,0.14961657751001453
0,0,0.15406181947276207
0,0,0.16081366811487974
0,0,0.15758112505465036
0,0,0.15272764730839686
0,0,0.16496325435418252
0,0,0.16834413746856652
0,0,0.16142279737715365
0,0,0.16393590936817068
0,0,0.16666602450252843
0,0,0.16943531985388605
0,0,0.1634817009211795
0,0,0.16508739233632858
0,0,0.16430216688638274
0,0,0.16102627606912828
0,0,0.15657462917379256
0,0,0.16287376936606093
0,0,0.15900161127388612
0,0,0.09370446213532191
0,0,0.09370443861430547
0,0,0.09370443861430547
0,0,0.1001169824544089
0,0,0.09627306917742996
0,0,0.09741432055077741
0,0,0.101971852042984
0,0,0.10247910693336978
0,0,0.1008589106368184
0,0,0.0963544911220845
0,0,0.09663566078986714
0,0,0.10416913036313337
0,0,0.1054303670944152
0,0,0.10080643860999748
0,0,0.10290143236583738
0,0,0.10794684673069903
0,0,0.10700932748503637
0,0,0.10875636705473193
0,0,0.10786269080401877
0,0,0.10887379883911534
0,0,0.10783111770086151
0,0,0.10253902057633604
0,0,0.10292635673889615
1,0,0.133638524019941
1,0,0.13061106175224588
1,0,0.11736286550092188
1,0,0.11459903147200898
1,0,0.1133452131451264
1,0,0.11413444367675547
1,0,0.10725156182367933
1,0,0.11163833134556121
1,0,0.11366301985425686
1,0,0.1179607713019105
1,0,0.11028726199217466
1,0,0.1077939342455153
1,0,0.1182070146192461
1,0,0.1179028881877574
1,0,0.1265137614516696
1,0,0.12806009921190173
1,0,0.11512929499377822
1,0,0.11110702540511372
1,0,0.11988467339849043
1,0,0.11933057275628615
1,0,0.11399078153266304
1,0,0.12025099317138502
1,0,0.12729765229671855
0,0,0.11221370803367405
0,0,0.10884338947831745
0,0,0.10204721949387884
0,0,0.10057855539504224
0,0,0.104876861652842
0,0,0.10619724382559612
0,0,0.10525768395608488
0,0,0.10555502600520622
0,0,0.107248831684101
0,0,0.10822261151176236
0,0,0.10641244015313538
0,0,0.10614492133819332
0,0,0.10780813757964955
0,0,0.11041853945949247
0,0,0.11241227518025099
0,0,0.11054299741467896
0,0,0.10826255917531101
0,0,0.10663388537326564
0,0,0.10659467578462307
0,0,0.10856514287038056
0,0,0.1115245727527508
0,0,0.1100169222672923
0,0,0.11772660956179141
1,0,0.10111223317602544
1,0,0.10747376565513395
1,0,0.10821900711556093
1,0,0.1072127203779028
1,0,0.10465095680073785
1,0,0.10369742441333211
1,0,0.09909755127166896
1,0,0.09976820498623074
1,0,0.11535955472877374
1,0,0.11999768681382243
1,0,0.11837830901044398
1,0,0.11362153765218408
1,0,0.11355600744068582
1,0,0.11247952183467401
1,0,0.10823463187315141
1,0,0.1001334671672307
1,0,0.10162560000909622
1,0,0.10913598541470092
1,0,0.09373748716052974
1,0,0.09373325899161794
1,0,0.09760060166754826
1,0,0.09574636578440246
1,0,0.09655150827219532
0,0,0.10441507120593937
0,0,0.10683376391326328
0,0,0.11023389836907754
0,0,0.10799585722763375
0,0,0.1066627720988831
0,0,0.10726736553947536
0,0,0.10637706472937623
0,0,0.10643847179939565
0,0,0.10657783781860185
0,0,0.10425447980985104
0,0,0.10573271695253275
0,0,0.10442726432327376
0,0,0.10373144771892327
0,0,0.10487354437990873
0,0,0.10456748765451002
0,0,0.10643006054039002
0,0,0.10724447548148508
0,0,0.10796944320976867
0,0,0.10795217810385682
0,0,0.10802534548282404
0,0,0.10651671248258736
0,0,0.10730409230741612
0,0,0.11713415450968714
0,0,0.21134767122347436
0,0,0.21809156280524625
0,0,0.24216625801421376
0,0,0.2578562841552962
0,0,0.23968689710626567
0,0,0.20178049201684795
0,0,0.18928952503679383
0,0,0.18906695155635822
0,0,0.18794299639191137
0,0,0.19792512684104563
0,0,0.1819694518688962
0,0,0.16799206722466595
0,0,0.18854546012244575
0,0,0.18854118138451748
0,0,0.18457158042653646
0,0,0.1838019817524142
0,0,0.20280611676461688
0,0,0.22308325947937013
0,0,0.22074647927047347
0,0,0.20597772102701406
0,0,0.20827442926269926
0,0,0.2194923949977789
0,0,0.22250609464914137
0,0,0.21912990565467755
0,0,0.20830879993744286
0,0,0.21096437033297427
0,0,0.22234774753158298
0,0,0.22352006395189036
0,0,0.20786924701735982
0,0,0.20775797352915665
0,0,0.22291142559861177
0,0,0.20915958922949618
0,0,0.18936664032676356
0,0,0.18914372191113524
0,0,0.1851892352648182
0,0,0.18867909678977657
0,0,0.18369837284717971
0,0,0.18479616610442517
0,0,0.19263681199317462
0,0,0.20481167357469784
0,0,0.22955912465144154
0,0,0.23371005992054814
0,0,0.24177218268795062
0,0,0.2510639402430723
0,0,0.26010363660111124
0,0,0.2539224459955866
0,0,0.2266981256186039
0,0,0.2186774354075293
0,0,0.22759396979725258
0,0,0.24372256483550975
0,0,0.2434897237894621
0,0,0.2376988998777615
0,0,0.2377467752206441
0,0,0.24206975256389932
0,0,0.2480094175055597
0,0,0.2435078098622735
0,0,0.22233628553644486
0,0,0.21904122075660026
0,0,0.2391537566986528
0,0,0.09686486310286854
0,0,0.0955618293020276
0,0,0.10806294087315828
0,0,0.11798633188614988
0,0,0.10967348844965584
0,0,0.11093964393368558
0,0,0.10784164045702482
0,0,0.1070297459066523
0,0,0.10547450144258111
0,0,0.10447337190352818
0,0,0.10516086036064169
0,0,0.1072452476532376
0,0,0.1073281571014044
0,0,0.10504908019334307
0,0,0.10407963665331024
0,0,0.10349890474282027
0,0,0.10062686515266243
0,0,0.09931389357814087
0,0,0.09892901662750683
0,0,0.10278457674568156
0,0,0.10554408523395571
0,0,0.10419910186803917
0,0,0.10315870701620546
1,0,0.13159746108741652
1,0,0.11689449085059976
1,0,0.11573378866693929
1,0,0.12112056440896793
1,0,0.12642833194637923
1,0,0.1236303376322367
1,0,0.1277473136353481
1,0,0.13296547796876346
1,0,0.12338310766230956
1,0,0.11986371458903806
1,0,0.1195527034029439
1,0,0.11882943374565609
1,0,0.11707606163284118
1,0,0.11454033915198499
1,0,0.11527092315840973
1,0,0.11957782301296921
1,0,0.11695109218623424
1,0,0.12302232227205538
1,0,0.11828414275625347
1,0,0.11855635943473374
1,0,0.11869482032045782
1,0,0.11684309222906583
1,0,0.1106234121763879
0,0,0.15389976699839653
0,0,0.14581494331002837
0,0,0.13146203818825308
0,0,0.13124716533111452
0,0,0.13337800969994673
0,0,0.13422197953228238
0,0,0.13286943228001807
0,0,0.1291362508002825
0,0,0.1207823510085979
0,0,0.12741836993132769
0,0,0.1339328509543621
0,0,0.13355411093088193
0,0,0.13648019252031904
0,0,0.13572772412926926
0,0,0.1373330051373666
0,0,0.14188506634466982
0,0,0.1408080190048079
0,0,0.13446415857810654
0,0,0.12536057313662682
0,0,0.12645000152100955
0,0,0.13405092727771473
0,0,0.1350856737849501
0,0,0.1319833398848542
0,0,0.12863006849649491
0,0,0.13554660741956504
0,0,0.13909526097351335
0,0,0.1419407466711693
0,0,0.14848355965394663
0,0,0.15527053550664655
0,0,0.15468737073909
0,0,0.1458613544536705
0,0,0.1331103822542291
0,0,0.13696549102131786
0,0,0.16951306315502626
0,0,0.19592104719649986
0,0,0.1828124387799004
0,0,0.15813255076802016
0,0,0.15633654267931943
0,0,0.16442928809712415
0,0,0.17414173293051616
0,0,0.19496320077977985
0,0,0.1929979467149871
0,0,0.2014712200017931
0,0,0.21141792575181173
0,0,0.21751268495419926
0,0,0.2192515182551604
0,0,0.20057333504480263
0,0,0.15600329498419108
0,0,0.1331547035993407
0,0,0.1424600101108504
0,0,0.17029820473180096
0,0,0.16581869237417093
0,0,0.1429534195828004
0,0,0.14262189731723718
0,0,0.16448106078866714
0,0,0.19179854068484314
0,0,0.21844340901374829
0,0,0.22795073254639908
0,0,0.2225701162788835
0,0,0.20445020233406383
0,0,0.14606349044537859
0,0,0.13301942352146667
0,0,0.1417320486848812
0,0,0.16817740957528945
0,0,0.1936293533284132
0,0,0.1906941082800607
0,0,0.15757679662944454
0,0,0.14137453853738297
0,0,0.19815198439669893
0,0,0.1530430031696349
0,0,0.13590606575028866
0,0,0.13976308421746736
0,0,0.13885805016429661
0,0,0.13705410620464326
0,0,0.13924536729689949
0,0,0.13849911946185486
0,0,0.13483423281786094
0,0,0.1343612263676645
0,0,0.13867164674701846
0,0,0.14181823381702635
0,0,0.13848168358731014
0,0,0.13627250621793702
0,0,0.135318606650185
0,0,0.13085007558494977
0,0,0.12407569099358734
0,0,0.12652895552289342
0,0,0.12948443803366413
0,0,0.12963841980170235
0,0,0.13080569510247828
0,0,0.1293019342801588
0,0,0.1247653587877218
0,0,0.12829332662261267
0,0,0.13597943832911424
0,0,0.13761743024683185
0,0,0.1424700277518971
0,0,0.14256669300546215
0,0,0.13958360398359398
0,0,0.14601144431526827
0,0,0.16752377118493905
0,0,0.15685600854471515
0,0,0.12948913043219373
0,0,0.13194066262103454
0,0,0.1296779143862617
0,0,0.1254724207162116
0,0,0.11847801353087606
0,0,0.12880768502451737
0,0,0.1582701769862815
0,0,0.16308024215519104
0,0,0.14388414081739298
0,0,0.09370443860671249
0,0,0.09370443860752485
0,0,0.14073290601302174
0,0,0.09370442145228486
0,0,0.09370443861430547
0,0,0.19458150467531118
0,0,0.1948888140907224
0,0,0.19503351733913799
0,0,0.19459079536361196
0,0,0.19449244851827352
0,0,0.19526837652864804
0,0,0.19541722364133068
0,0,0.1952400989682188
0,0,0.1949492077084941
0,0,0.19485916783352122
0,0,0.19499932562856157
0,0,0.19546941785249006
0,0,0.1951838299876809
0,0,0.19476129148533747
0,0,0.19505711431706294
0,0,0.1955649714107056
0,0,0.19533203377368744
0,0,0.1954634519773791
0,0,0.19485371083345568
0,0,0.19477362972854578
0,0,0.19558534611837639
0,0,0.1954425897046968
0,0,0.19558170587157164
0,0,0.19408688803295196
0,0,0.19335674400632172
0,0,0.19402899846395913
0,0,0.1952232365429105
0,0,0.19424481859796475
0,0,0.1939489024978003
0,0,0.19534539885299332
0,0,0.19614245594651208
0,0,0.1927658847406363
0,0,0.1922559878216701
0,0,0.19582376013202313
0,0,0.19535405246584653
0,0,0.19490987100543458
0,0,0.19575966276298112
0,0,0.19571167141947485
0,0,0.19471492342639082
0,0,0.1947806327734677
0,0,0.1958805705717319
0,0,0.19497882950873294
0,0,0.19517619093929342
0,0,0.19591632935365702
0,0,0.195889219686023
0,0,0.1953772830061908
0,0,0.1946222524366524
0,0,0.1954112822063657
0,0,0.1946290685518363
0,0,0.1950737762899856
0,0,0.1959990102654064
0,0,0.19492853311511862
0,0,0.19547301263624298
0,0,0.19547232927831246
0,0,0.195471860482013
0,0,0.19490289333357055
0,0,0.19283243711330803
0,0,0.19346857156193076
0,0,0.19539887621424176
0,0,0.1945622951806349
0,0,0.1932033046303556
0,0,0.19351789642041817
0,0,0.19466729902810537
0,0,0.19453508002530207
0,0,0.19433130810126495
0,0,0.19510533370152217
0,0,0.19603966720701618
0,0,0.1942720020686292
0,0,0.19443515818543983
0,0,0.19619714526579776
0,0,0.19557910114969632
0,0,0.1949749063878057
0,0,0.19412934090116907
0,0,0.19493488243029716
0,0,0.1958634872458831
0,0,0.1957840581321474
0,0,0.19445955034992052
0,0,0.1939141447027994
0,0,0.19570856787639326
0,0,0.19603659767130857
0,0,0.1953012004013309
0,0,0.1946369095695974
0,0,0.19515970800413823
0,0,0.19555543790699964
0,0,0.19281109673432054
0,0,0.19279866117855066
0,0,0.195836326360767
0,0,0.19480088109139884
0,0,0.1934315231138309
0,0,0.19485482865868056
0,0,0.19610410567643843
0,0,0.1952633232797601
0,0,0.19507117534782875
0,0,0.19535988676727348
1,0,0.10666795737249173
1,0,0.10979702376936125
1,0,0.10758214568870035
1,0,0.10169127766818471
1,0,0.09807200530529173
1,0,0.09864337610565632
1,0,0.10080757770274026
1,0,0.10234924192333794
1,0,0.10192483220257537
1,0,0.10289286872467025
1,0,0.10450211424114307
1,0,0.1023113601176002
1,0,0.10179350052185399
1,0,0.10083777505000056
1,0,0.10194356568769017
1,0,0.10159521199110881
1,0,0.10112424988512482
1,0,0.10204724630791129
1,0,0.10155767939284406
1,0,0.10050199431256751
1,0,0.10012957886748926
1,0,0.10120940055833993
1,0,0.09409875767868989
1,0,0.11057080077170098
1,0,0.10319974753429412
1,0,0.0940531810342599
1,0,0.09408683806556503
1,0,0.10260744787388511
1,0,0.10247991906243208
1,0,0.10079883360675235
1,0,0.10039672448788078
1,0,0.09866789217135222
1,0,0.09928815831995044
1,0,0.10014231590330257
1,0,0.09758390301570767
1,0,0.09454573207612005
1,0,0.09505399962011503
1,0,0.10301780115109076
1,0,0.10364874021537916
1,0,0.10421202693618833
1,0,0.10199524314627238
1,0,0.10059989203425321
1,0,0.10196246419704115
1,0,0.10302898419993986
1,0,0.10383678663694565
1,0,0.10225043732916676
1,0,0.10215412039261197
1,0,0.102040473195752
1,0,0.10122717315305003
1,0,0.10102808320077106
1,0,0.10079540624203498
1,0,0.10032126772119143
1,0,0.10340682593917884
1,0,0.09677461438531627
1,0,0.09630908731029643
1,0,0.1018859813425463
1,0,0.09743586815443284
1,0,0.09703383120532774
1,0,0.10074567681693547
1,0,0.10250138069655709
1,0,0.10125192916040851
1,0,0.10151058145715629
1,0,0.10056938153484554
1,0,0.09996450494649362
1,0,0.09997558466917297
1,0,0.10170815291853157
1,0,0.10567862293727004
1,0,0.10591270535617059
1,0,0.10199261671052803
0,0,0.10254630381418009
0,0,0.1028782138349771
0,0,0.09371149902159481
0,0,0.09370455440762254
0,0,0.09645065596239352
0,0,0.10250753407636015
0,0,0.09795465651048815
0,0,0.09714647726902162
0,0,0.10018846271791504
0,0,0.1006344284605565
0,0,0.10196969656211709
0,0,0.10699030761118708
0,0,0.10752013786873088
0,0,0.10142538017865144
0,0,0.1012657961563869
0,0,0.10224895446071522
0,0,0.10371182910497971
0,0,0.10381834251562319
0,0,0.10219280154267327
0,0,0.10260333041156001
0,0,0.10725904712489256
0,0,0.10694419484698792
0,0,0.10630913843761604
0,0,0.10326346652857084
0,0,0.1010540163305619
0,0,0.10222134682271695
0,0,0.10398631712005287
0,0,0.10150697991714308
0,0,0.10171800018645975
0,0,0.1012215987707528
0,0,0.10132574244014572
0,0,0.10097960607316656
0,0,0.10104174015886763
0,0,0.10351531831416083
0,0,0.10339528295653436
0,0,0.10404583856200446
0,0,0.10382900459704836
0,0,0.1021002317458412
0,0,0.10178901976051166
0,0,0.09960637342706086
0,0,0.0995783545339031
0,0,0.10218435223152153
0,0,0.10278671857236711
0,0,0.09768378261048788
0,0,0.0985792681563859
0,0,0.10455463773884413
0,0,0.19215699217002194
0,0,0.19067525867970536
0,0,0.1950491721789779
0,0,0.19516320645898866
0,0,0.1942284120419799
0,0,0.19437813958459002
0,0,0.19601344508033655
0,0,0.19436814592197163
0,0,0.19378696289271766
0,0,0.19553392386707824
0,0,0.1952005318039944
0,0,0.19681332117381625
0,0,0.1930775430664472
0,0,0.18845479973600696
0,0,0.19290401846218916
0,0,0.19607491665095367
0,0,0.19503776144025767
0,0,0.19435967364079432
0,0,0.1957650490816336
0,0,0.1947490822713246
0,0,0.19498387348125368
0,0,0.19628037152280486
0,0,0.19460516095526506
0,0,0.19391614669845156
0,0,0.1953025131773424
0,0,0.19600083987293546
0,0,0.19422508063529376
0,0,0.19477161039821664
0,0,0.19558675697710085
0,0,0.1938845509810851
0,0,0.1932248248304927
0,0,0.19470920246959916
0,0,0.19581164603735043
0,0,0.19356718631746814
0,0,0.19445881216163763
0,0,0.19546410567356096
0,0,0.19441288145824667
0,0,0.19368737911367628
0,0,0.1950676738098321
0,0,0.1960253136369997
0,0,0.19587743130881427
0,0,0.19379638023167028
0,0,0.1948584774764083
0,0,0.19516396952207382
0,0,0.1941394656420573
0,0,0.19555199764926995
0,0,0.19558476590990664
0,0,0.19439153663932082
0,0,0.19426162319068532
0,0,0.19545755992331834
0,0,0.1947847488930592
0,0,0.1939891497407774
0,0,0.19407116783679831
0,0,0.195294528949973
0,0,0.19553301441898077
0,0,0.1944130508005699
0,0,0.19285024178433166
0,0,0.1946251929214927
0,0,0.19570250394938252
1,0,0.10279372763742278
1,0,0.09954977374450943
1,0,0.09982604772807682
1,0,0.10322105571835329
1,0,0.10450196722274017
1,0,0.10428498941851454
1,0,0.10377403366609923
1,0,0.1047214585242546
1,0,0.10264395858793306
1,0,0.11165332991189618
1,0,0.1253516560181708
1,0,0.1098478583802188
1,0,0.1092909878093557
1,0,0.11001499913592015
1,0,0.10565450363411735
1,0,0.10456586068788336
1,0,0.10156785044904203
1,0,0.10444750917531172
1,0,0.11160973051878453
1,0,0.10524116841264354
1,0,0.11016024221316893
1,0,0.11294982879579765
1,0,0.12235701783236155
0,0,0.10332302211774798
0,0,0.11014981949571975
0,0,0.11277566320197469
0,0,0.10441844381989243
0,0,0.10466023660535506
0,0,0.1068059478455818
0,0,0.11086509472899987
0,0,0.11054043201662497
0,0,0.10421356633490916
0,0,0.10529084120700535
0,0,0.10589712249576683
0,0,0.10763472087108754
0,0,0.1035637402171451
0,0,0.1017812982124078
0,0,0.10753513392690672
0,0,0.10643511289942259
0,0,0.102925081310781
0,0,0.10374563367200343
0,0,0.1023402618940921
0,0,0.10071857920476708
0,0,0.0969899664068658
0,0,0.09863651996216466
0,0,0.10292996112704988
1,0,0.19487204006101494
1,0,0.1933035270030384
1,0,0.1935576424864551
1,0,0.1926769997117912
1,0,0.19363170933518706
1,0,0.19612387146863783
1,0,0.19481398678859396
1,0,0.19486499791386042
1,0,0.1958392954773094
1,0,0.19518797183584996
1,0,0.19524976931733526
1,0,0.19574891116482093
1,0,0.19408195601258107
1,0,0.19474593462942716
1,0,0.19501377895042885
1,0,0.19473315486270878
1,0,0.1951643789515585
1,0,0.19572296531305658
1,0,0.19494073097746237
1,0,0.19529004053580667
1,0,0.19564079382388558
1,0,0.1953000130176225
1,0,0.19548747934645364
1,0,0.1954973397706892
1,0,0.1955444063696073
1,0,0.19543144178244368
1,0,0.19555924080066234
1,0,0.195405459210449
1,0,0.1949373071494589
1,0,0.1946735451153139
1,0,0.19511172514833527
1,0,0.19484378606550992
1,0,0.19534026154664977
1,0,0.19424706941115963
1,0,0.19414603327158128
1,0,0.19518550606240492
1,0,0.19550758909250093
1,0,0.195331437649545
1,0,0.19547758705946666
1,0,0.1952078097836062
1,0,0.1953372137428814
1,0,0.1949530544360144
1,0,0.19535531963601066
1,0,0.19588681386098375
1,0,0.1951322554638521
1,0,0.19540608609427013
1,0,0.19483143509683076
1,0,0.19424922795356087
1,0,0.19510043980959502
1,0,0.1955673313510524
1,0,0.19577729470825891
1,0,0.19439844605250478
1,0,0.19498960310389732
1,0,0.19561398311152117
1,0,0.19440039613916663
1,0,0.19409621655784143
1,0,0.19517272499743682
1,0,0.19494182789246214
1,0,0.19536505230008092
1,0,0.1956021561973785
1,0,0.1950996980898589
1,0,0.1951333221116814
1,0,0.1948625019592999
1,0,0.1945623635449426
1,0,0.1952776962782669
1,0,0.19533732660610442
1,0,0.1950381277642358
1,0,0.19537075936849146
1,0,0.19493691590918483
1,0,0.19471745781278932
1,0,0.195224839273707
1,0,0.19459601960385292
1,0,0.1952648784411821
1,0,0.19571687338744198
1,0,0.19517079747669613
1,0,0.19552880091121072
1,0,0.19545835611386006
1,0,0.1954326194376642
1,0,0.19539578302164787
1,0,0.19532737333266664
1,0,0.1951721534336509
1,0,0.19558124233525506
1,0,0.19584426596434376
1,0,0.19514054342855297
1,0,0.19454940336312657
1,0,0.19496158253909907
1,0,0.19517223358945077
1,0,0.19457879883748722
1,0,0.19508073516367747
1,0,0.19497743907001952
1,0,0.19465731548825754
1,0,0.19471424000049603
1,0,0.19494899475643515
1,0,0.19541668447289987
1,0,0.19311394666937132
1,0,0.19314592117451462
1,0,0.19613479034613926
1,0,0.19596800485734073
1,0,0.19503267278437364
1,0,0.1952756109675036
1,0,0.1953105347832604
1,0,0.1953889073282432
1,0,0.19558496822492205
1,0,0.19535972104498006
1,0,0.1955001309379294
1,0,0.1950612776221409
1,0,0.1952028295847921
1,0,0.1960056334274798
1,0,0.19529049327965542
1,0,0.19449403017442443
1,0,0.19512982324536177
1,0,0.19520297951577298
1,0,0.1954429671666397
1,0,0.19563762986959282
0,0,0.19841565744418743
0,0,0.23596087502810034
0,0,0.23321702168247901
0,0,0.2493133146393472
0,0,0.25831777996779737
0,0,0.2540375804210537
0,0,0.250725127181724
0,0,0.24618884334914903
0,0,0.21573642040385482
0,0,0.20618581061717386
0,0,0.24874322387507894
0,0,0.22698325566701014
0,0,0.22721850924763834
0,0,0.2384644194236063
0,0,0.23395972668944254
0,0,0.22836238689448116
0,0,0.20980869884722095
0,0,0.2168836118985108
0,0,0.17700456899812717
0,0,0.17913007754602334
0,0,0.24648414102703686
0,0,0.24280701038977087
0,0,0.18497316844040718
1,0,0.26368036014662755
1,0,0.26531280515156236
1,0,0.25128777855836143
1,0,0.24663319039213147
1,0,0.15820639007350829
1,0,0.15747082750268945
1,0,0.18941826173267057
1,0,0.19563959295931108
1,0,0.22215111815152735
1,0,0.2507497741596875
1,0,0.23711273240457612
1,0,0.20890405665385905
1,0,0.20963842845618336
1,0,0.21640146927931111
1,0,0.22050184258935063
1,0,0.23959080093786034
1,0,0.23319819279209855
1,0,0.21485081729461858
1,0,0.20907460051196788
1,0,0.2207720576679028
1,0,0.23758249139580695
1,0,0.23375744599791484
1,0,0.21362758882417301
1,0,0.23031038519029376
1,0,0.24440621028571125
1,0,0.23217402647375882
1,0,0.22108449288090276
1,0,0.2424514302983988
1,0,0.26536634611936477
1,0,0.23893397064944788
1,0,0.2210090688917118
1,0,0.23022812836007311
1,0,0.19780270164357597
1,0,0.19426202279411997
1,0,0.16851680135197367
1,0,0.1701103722944043
1,0,0.21924954021661608
1,0,0.2179148944370682
1,0,0.2073476286657043
1,0,0.19447491920991405
1,0,0.1760544118993859
1,0,0.1696130130860681
1,0,0.22423515626050314
1,0,0.2648983397656152
1,0,0.23695938142487274
1,0,0.22875896534332296
1,0,0.22221594798954036
1,0,0.20851976588476653
1,0,0.21399746543890122
1,0,0.24122461058893552
1,0,0.23322285514418384
1,0,0.21708014701217465
1,0,0.2159008470676373
1,0,0.2162593095185498
1,0,0.22374467913344717
1,0,0.2146867371151967
1,0,0.20634052858246593
1,0,0.2096441740104495
1,0,0.20673147021662772
1,0,0.2047066011750873
1,0,0.19861440422990856
1,0,0.2059577017702642
1,0,0.1715338421769219
1,0,0.16511389130871987
1,0,0.18373684656053332
1,0,0.18263472498502747
1,0,0.20401027243446443
1,0,0.20775679379668852
1,0,0.17877266017440316
1,0,0.1827611605062751
1,0,0.21898915803671276
1,0,0.10027193426015069
1,0,0.0987194372471409
1,0,0.09427862490544511
1,0,0.09470292905487847
1,0,0.09783179127638034
1,0,0.09425933261650382
1,0,0.09415849697808895
1,0,0.09558322827331137
1,0,0.09815954885489478
1,0,0.09978112741802578
1,0,0.0937863115479526
1,0,0.09376417978163636
1,0,0.10742304169345328
1,0,0.14452704576712766
1,0,0.14828976868465604
1,0,0.11916473878041207
1,0,0.09802789860495079
1,0,0.10360879181838595
1,0,0.15336009082657726
1,0,0.14045840434763962
1,0,0.1590989083112571
1,0,0.17004948233555245
1,0,0.16422365344302683
1,0,0.10062254202898369
1,0,0.10139365760160389
1,0,0.09555728832939883
1,0,0.09462090532934897
1,0,0.09467254348844596
1,0,0.0943620786244354
1,0,0.0939950338178938
1,0,0.0937350118524357
1,0,0.09375473258030681
1,0,0.09428853823538529
1,0,0.09411438595506315
1,0,0.09377328732103182
1,0,0.09359350008516015
1,0,0.09390984959287524
1,0,0.09403568009052919
1,0,0.09469340940119989
1,0,0.09621136428404348
1,0,0.0953411106001036
1,0,0.09437661239408401
1,0,0.0936878759486925
1,0,0.09350860842267962
1,0,0.09271616336856178
1,0,0.08896797243618917
1,0,0.09597641727551515
1,0,0.09609436022495395
1,0,0.09546897545139399
1,0,0.09488428227965535
1,0,0.09540918505463307
1,0,0.09557588424867604
1,0,0.09574617461443415
1,0,0.09528675191836314
1,0,0.09540210054486757
1,0,0.09682891194752162
1,0,0.1031369830752526
1,0,0.10305317560253227
1,0,0.0956571072482325
1,0,0.09495756711092704
1,0,0.09386892397235323
1,0,0.09387159138384865
1,0,0.09458232348398879
1,0,0.09388469413947372
1,0,0.09371056295350845
1,0,0.0937069997250318
1,0,0.0944641728508235
1,0,0.10019760817110901
1,0,0.09542056823275272
1,0,0.09403084328526269
1,0,0.09509009181111161
1,0,0.09426125502803304
1,0,0.09463182055097993
1,0,0.09370461114298811
1,0,0.0937045933514907
1,0,0.09462925184705694
1,0,0.09470192012786353
1,0,0.09498822384656704
1,0,0.09580543242205253
1,0,0.09417423219931333
1,0,0.0939945089629376
1,0,0.0947278803645453
1,0,0.09488137769548956
1,0,0.09539441946725412
1,0,0.09388370320048955
1,0,0.09409054494923967
1,0,0.09484287385148249
1,0,0.09370444902388046
1,0,0.09370444927670493
1,0,0.09337360257930641
1,0,0.09398063140445725
1,0,0.09393154968842539
1,0,0.09370930772555632
1,0,0.09375590802979311
1,0,0.09371438417338634
1,0,0.0937046125262575
1,0,0.09374811951436486
1,0,0.09392704324299413
1,0,0.09398810554641256
1,0,0.09387607644130494
1,0,0.09404927210982461
1,0,0.09428808903174563
1,0,0.09431726460421017
1,0,0.09428575468235315
1,0,0.0941005961729788
1,0,0.09429721129277306
1,0,0.0942597166086509
1,0,0.09391667054865382
1,0,0.09400924966039279
1,0,0.09443382823891369
1,0,0.09483421640722403
1,0,0.09462599353586636
1,0,0.09441780943441919
1,0,0.09475462857476351
1,0,0.09370529871291555
0,0,0.1328929802360982
0,0,0.13557722718683715
0,0,0.14683797599574508
0,0,0.14618797375274709
0,0,0.14382336090289227
0,0,0.13670534229884723
0,0,0.13577392532246016
0,0,0.14107991852531476
0,0,0.13059777296484204
0,0,0.1321524803368914
0,0,0.14391563857585526
0,0,0.15414358505886896
0,0,0.1655671582629973
0,0,0.15649916186501103
0,0,0.14777245124674504
0,0,0.14206012923551595
0,0,0.1519340648305152
0,0,0.16579138077418704
0,0,0.15812265598820413
0,0,0.15785855767051465
0,0,0.15795112028167238
0,0,0.14815002841199792
0,0,0.1559334470884921
0,0,0.16553772655487106
0,0,0.17013756311899816
0,0,0.17553760869607796
0,0,0.17779506430358963
0,0,0.12896772613910873
0,0,0.09826722824412121
0,0,0.1266391257038621
0,0,0.11778843000722129
0,0,0.09612494820915407
0,0,0.09690391532705227
0,0,0.1113196228386342
0,0,0.14473663717412008
0,0,0.1613595476508022
0,0,0.1276439807719476
0,0,0.12506752989962233
0,0,0.13491007216418321
0,0,0.1399491151298816
0,0,0.1194564691564006
0,0,0.08740246607906535
0,0,0.08398350839104611
0,0,0.12039108922816975
0,0,0.06786270970587803
0,0,0.07851081009021402
0,0,0.10441018142514767
0,0,0.09533310596596999
0,0,0.09377560300889942
0,0,0.09133748534717674
0,0,0.11582760479555441
0,0,0.1181304714402601
0,0,0.08201778249896297
0,0,0.09280120416337106
0,0,0.07999451762607189
0,0,0.08668504727451963
0,0,0.11656386223158342
0,0,0.08945843233568825
0,0,0.08441170897305665
1,0,0.09373177023411507
1,0,0.09591419369469444
1,0,0.09921695955936702
1,0,0.09630487126325213
1,0,0.09371024516901934
1,0,0.09370228529618102
1,0,0.09496478924623876
1,0,0.09568247297912458
1,0,0.09511857028525404
1,0,0.09515791635589506
1,0,0.09427367753352053
1,0,0.09386498472319293
1,0,0.09326644927160997
1,0,0.09315175306371325
1,0,0.09329136107820576
1,0,0.09317184633961116
1,0,0.09041801674557441
1,0,0.09268994141831803
1,0,0.09264288411153275
1,0,0.09155381473247523
1,0,0.08980639889466643
1,0,0.09438656435787096
1,0,0.09384668957065204
1,0,0.09436435920181493
1,0,0.09407817464474516
1,0,0.09413373911759156
1,0,0.09615059504785307
1,0,0.0976448712321246
1,0,0.09535438127025482
1,0,0.09402260483679604
1,0,0.0945878125538585
1,0,0.09975943836365642
1,0,0.09819187396918741
1,0,0.09563703530010159
1,0,0.09436874251346068
1,0,0.09373591753138853
1,0,0.09371835590303071
1,0,0.09374337499454227
1,0,0.09452289343546537
1,0,0.09522757402098787
1,0,0.09587002013943587
1,0,0.09679835008442357
1,0,0.09727956510721746
1,0,0.09915026072480189
1,0,0.0993219699790499
1,0,0.10012105672999298
1,0,0.199492204686528
1,0,0.22139290964860028
1,0,0.24397691448521902
1,0,0.24595593851371073
1,0,0.24952005867752963
1,0,0.257919100086812
1,0,0.24269419153808974
1,0,0.22626120717786133
1,0,0.23852920009786524
1,0,0.25476094003415395
1,0,0.27098520057691244
1,0,0.2647482494920052
1,0,0.25070847879544955
1,0,0.24553636758269462
1,0,0.25419725214058386
1,0,0.24841204200319783
1,0,0.24667522599978342
1,0,0.23028576643386275
1,0,0.2307946913695799
1,0,0.23023671764852813
1,0,0.24067417427584414
1,0,0.23616511473952972
1,0,0.2281139505866405
1,0,0.2249781554760704
1,0,0.25045117256085053
1,0,0.24459302861287752
1,0,0.23600141694813123
1,0,0.23655608281511784
1,0,0.23394254810860365
1,0,0.23225850712843008
1,0,0.23258508585365623
1,0,0.2340691295303699
1,0,0.21444273642696768
1,0,0.21490204055474252
1,0,0.2300343817874415
1,0,0.22478593926303117
1,0,0.24273234410388214
1,0,0.24257142989919186
1,0,0.23169285797178737
1,0,0.23816013087859678
1,0,0.25371781362074824
1,0,0.24388969961285967
1,0,0.20826598175947214
1,0,0.20832381031196168
1,0,0.23757013882864494
1,0,0.2489127133629682
1,0,0.23109594287069493
1,0,0.22063137397687288
1,0,0.21539361347134428
1,0,0.2092333007421228
1,0,0.2387571688240111
1,0,0.2721648877093052
1,0,0.2900395318475914
1,0,0.28432046571849456
1,0,0.2622061068814723
1,0,0.23290556540688268
1,0,0.22474182734523523
1,0,0.26056591084564706
1,0,0.2767471352158273
1,0,0.2691903474929635
1,0,0.25688030183250693
1,0,0.24835253538053714
1,0,0.2475155936500134
1,0,0.25924603282248265
1,0,0.26295405819725415
1,0,0.26232793945277855
1,0,0.2764879007356328
1,0,0.27616958726823987
0,0,0.1748845528526375
0,0,0.16879513600938786
0,0,0.1746250127811035
0,0,0.20589375983254546
0,0,0.23596760531121264
0,0,0.23147426459689752
0,0,0.23190555577292116
0,0,0.22316622803259217
0,0,0.22887153825169737
0,0,0.24752107203454715
0,0,0.243525289572128
0,0,0.2578142592113336
0,0,0.2720207188986459
0,0,0.25924662305497104
0,0,0.23354344954398001
0,0,0.2219183856528535
0,0,0.23239001577407162
0,0,0.23892375054571086
0,0,0.23917621608253425
0,0,0.2437779624876886
0,0,0.23307808232971824
0,0,0.2390553875013054
0,0,0.24581402748570216
0,0,0.2543111846207788
0,0,0.2443532176928651
0,0,0.15003883035190788
0,0,0.09455592070833058
0,0,0.09491220912190455
0,0,0.0952646984252373
0,0,0.09379837663116088
0,0,0.0938047244593141
0,0,0.09373666163587109
0,0,0.09370674996195913
0,0,0.09374380077681226
0,0,0.12656119283354209
0,0,0.19972022357261568
0,0,0.14488165611881476
0,0,0.0963768021547846
0,0,0.09571232824272628
0,0,0.09719490091384597
0,0,0.10228549541146513
0,0,0.19442315173740726
0,0,0.2551638973115623
0,0,0.2537487494072083
0,0,0.26098923250527245
0,0,0.2338705706703678
0,0,0.09832097520888024
0,0,0.09841540284871483
0,0,0.1496725354425326
0,0,0.14353094324397744
0,0,0.1557490356404802
0,0,0.11758937784727196
0,0,0.1289173376432163
0,0,0.15845128915852982
0,0,0.15630971185913775
0,0,0.15840972805274287
0,0,0.17305497298593997
0,0,0.1742749987366137
0,0,0.17038376945211597
0,0,0.183842994728877
0,0,0.18177524982968565
0,0,0.17294243531159353
0,0,0.17699490505576776
0,0,0.18014807689711995
0,0,0.18851003667276975
0,0,0.19238781336649857
0,0,0.17653953686162266
0,0,0.16452636202180063
0,0,0.16224993589084252
0,0,0.2430120713554202
0,0,0.2492185206762214
0,0,0.2392876691052306
0,0,0.24068686121664104
0,0,0.24133697873078275
0,0,0.235652295544363
0,0,0.23859149067774532
0,0,0.23641913873427114
0,0,0.23148877880319962
0,0,0.23326339635573526
0,0,0.24015790325540945
0,0,0.24280366531241354
0,0,0.23907824962375074
0,0,0.23940207885173215
0,0,0.2399384958154219
0,0,0.23688784904632132
0,0,0.2355538790026747
0,0,0.2320324646503946
0,0,0.23427201277374446
0,0,0.23735417005625434
0,0,0.23423527733471475
0,0,0.2302589356427673
0,0,0.22296913668513546
0,0,0.22480387640643715
0,0,0.2323512094904387
0,0,0.2270868863395842
0,0,0.2251112993650938
0,0,0.22496127920443582
0,0,0.21662083943211943
0,0,0.21456252352853916
0,0,0.21445804455727097
0,0,0.21518993114489668
0,0,0.21472496389998316
0,0,0.21357629869945882
0,0,0.18903709234955496
0,0,0.18510911269345706
0,0,0.20305609618318013
0,0,0.18357512271938828
0,0,0.19187921168730337
0,0,0.2086258483584984
0,0,0.20471758594044157
0,0,0.208062404286034
0,0,0.21626624400910974
0,0,0.21778348881970727
0,0,0.20326664230249086
0,0,0.19217272967730964
0,0,0.09361598225833384
0,0,0.09361651957145939
0,0,0.1566582105662034
0,0,0.15455377743546628
0,0,0.15474807521491088
0,0,0.15698356508342692
0,0,0.16154860310640495
0,0,0.16308756591145004
0,0,0.1641249353003013
0,0,0.1610743629857445
0,0,0.1600855332885975
0,0,0.1629574543532544
0,0,0.16173840549329704
0,0,0.1654797542517638
0,0,0.16788369425385152
0,0,0.16482055724958056
0,0,0.16904819811581623
0,0,0.17045259173506183
0,0,0.17089040484254883
0,0,0.17158045272351685
0,0,0.1705533356942231
0,0,0.16557752209096172
0,0,0.1652052672087489
0,0,0.17079595091971236
0,0,0.17231875024271778
0,0,0.09370443861430547
0,0,0.09370443861430547
0,0,0.09370443861430547
0,0,0.09370443861430547
0,0,0.09370443861430547
0,0,0.09370443861430547
0,0,0.09370443861430547
0,0,0.09370443861430547
0,0,0.09370443861430547
0,0,0.09370443861430547
0,0,0.09370443861430547
0,0,0.09370443861430547
0,0,0.0937044428639585
0,0,0.09371103686372713
0,0,0.09370443861430547
0,0,0.09370443861430547
0,0,0.09370443861430547
0,0,0.09370443861430547
0,0,0.09370443861430547
0,0,0.09370443861430547
0,0,0.09370443861430547
0,0,0.09370443861430547
0,0,0.09370443861430547
1,0,0.09370443861430547
1,0,0.09370443861430547
1,0,0.09370443861430547
1,0,0.09370443861430547
1,0,0.09370443861430547
1,0,0.09370443861430547
1,0,0.09370443861430547
1,0,0.09370443861430547
1,0,0.09370443861430547
1,0,0.09370443861430547
1,0,0.09370443861430547
1,0,0.09370443861430547
1,0,0.09370443861430547
1,0,0.09370443861430547
1,0,0.09370443861430547
1,0,0.09370443861430547
1,0,0.09370443861430547
1,0,0.09370443861430547
1,0,0.09370454790315838
1,0,0.09386712171601239
1,0,0.0940278918426378
1,0,0.09388430921331845
1,0,0.0937149248519435
1,0,0.09459140369641368
1,0,0.09858594376694514
1,0,0.09895574413472064
1,0,0.09962332613322332
1,0,0.09769667380443883
1,0,0.09617377604279687
1,0,0.0947789039287008
1,0,0.09423999423131856
1,0,0.09808469990940996
1,0,0.09912022422023875
1,0,0.09535746180995144
1,0,0.09550397541266992
1,0,0.10348935423232915
1,0,0.10419500870192448
1,0,0.09714872346999373
1,0,0.0943398068858119
1,0,0.09584188515278066
1,0,0.09888729144277189
1,0,0.09590912209653053
1,0,0.09478154411237963
1,0,0.09604836643811981
1,0,0.09759284357710758
1,0,0.10540026099233832
1,0,0.10504964314044503
1,0,0.09678971926090639
1,0,0.09631440695493027
1,0,0.09519826889504236
1,0,0.0955121730114706
1,0,0.1002530804767199
1,0,0.10963013094822834
1,0,0.10450326842559308
1,0,0.09932586679646188
1,0,0.10305181957284924
1,0,0.09872851481844468
1,0,0.09620065507737453
1,0,0.09637730197602142
1,0,0.10234679037603182
1,0,0.10073749580856674
1,0,0.10139744233931362
1,0,0.10305277719268863
1,0,0.10398569085613772
1,0,0.11591758347185058
1,0,0.10324813982871231
1,0,0.10545752506831188
1,0,0.10771094810416601
1,0,0.09687057342886074
0,0,0.09779245765911854
0,0,0.0983156580439793
0,0,0.09777771950214015
0,0,0.09652184552433596
0,0,0.0967047350299673
0,0,0.09857162399712202
0,0,0.09516883490486708
0,0,0.09481362719599687
0,0,0.09999810254859144
0,0,0.09862296137385472
0,0,0.09873730581319971
0,0,0.09783645924750962
0,0,0.0964864461331465
0,0,0.09748493576215886
0,0,0.10113523672544855
0,0,0.10226644664737142
0,0,0.1054738577883865
0,0,0.10077643763347982
0,0,0.09787669107115379
0,0,0.10000837810847966
0,0,0.10223068394302925
0,0,0.10901891136352256
0,0,0.12235093018860811
0,0,0.17103050843994844
0,0,0.16400408548626047
0,0,0.13408184149713798
0,0,0.11020381806629677
0,0,0.10764159638160198
0,0,0.11977618405899206
0,0,0.12723405649152783
0,0,0.16698941610900497
0,0,0.23313707587787477
0,0,0.25532797165041365
0,0,0.23887781188181711
0,0,0.2145212452217236
0,0,0.2038499740430628
0,0,0.20855739100139015
0,0,0.1511974413804201
0,0,0.12576856047947452
0,0,0.1283654200559241
0,0,0.12811632078034627
0,0,0.13748034077208499
0,0,0.14989843730877925
0,0,0.14938297205232415
0,0,0.14146894046234607
0,0,0.12383017013690512
0,0,0.12314932014708517
0,0,0.13523733403938165
0,0,0.13862552925554555
0,0,0.13231894125343235
0,0,0.13179449364227158
0,0,0.13964274140908403
0,0,0.13401157642729386
0,0,0.12725072478172694
0,0,0.12299675583699285
0,0,0.11771173880458635
0,0,0.11711201073089775
0,0,0.11626694660170177
0,0,0.12126873211506034
0,0,0.12474288759073793
0,0,0.11919557491967411
0,0,0.11952131823056036
0,0,0.12328563413428467
0,0,0.11329180458668765
0,0,0.11019884158188045
0,0,0.10812438670225023
0,0,0.09792289369223181
0,0,0.09381624020739458
0,0,0.11478646743159145
0,0,0.12466652355772564
0,0,0.12459110197963025
0,0,0.12484058567059389
0,0,0.09706671444556474
0,0,0.09600843155286003
0,0,0.09991935930670127
0,0,0.08911216912701994
0,0,0.08494717588250872
0,0,0.08574384253734048
0,0,0.08908251773373067
0,0,0.08961547794275057
0,0,0.08919378490251319
0,0,0.0968494800060499
1,0,0.09682389156101949
1,0,0.09824401392843321
1,0,0.09828361742197576
1,0,0.09457147791075989
1,0,0.09428296222516264
1,0,0.09507663508161833
1,0,0.09406075613632599
1,0,0.09442027473330383
1,0,0.09545029737014468
1,0,0.09404904618444694
1,0,0.09409413617663318
1,0,0.09587987139336664
1,0,0.09538980418918351
1,0,0.09382825145899322
1,0,0.09370443861430547
1,0,0.09370443861430547
1,0,0.09508063664230593
1,0,0.0971480958351872
1,0,0.09667505303677432
1,0,0.09370459586434102
1,0,0.09370443861430547
1,0,0.09370443861419363
1,0,0.10315581049005593
1,0,0.09718363328325474
1,0,0.0960737001758349
1,0,0.09647683015644196
1,0,0.09552714475645546
1,0,0.09608143390707752
1,0,0.0969257751273513
1,0,0.09564681253562383
1,0,0.09586969582255774
1,0,0.09541639298916449
1,0,0.09526738464037762
1,0,0.094782215481264
1,0,0.09490340206244527
1,0,0.09572312937198026
1,0,0.09465885098285429
1,0,0.09449241813405773
1,0,0.09409024657565768
1,0,0.0937581886760328
1,0,0.09357305752561601
1,0,0.09352078122655968
1,0,0.09372101634850492
1,0,0.09370699274756804
1,0,0.09367380016124761
1,0,0.09430767139564039
0,0,0.16969405819240943
0,0,0.17410954036812623
0,0,0.16504192066774145
0,0,0.15563780605644473
0,0,0.15756494711639094
0,0,0.14742607501316363
0,0,0.13642781484097602
0,0,0.14739215095614208
0,0,0.16070540685166484
0,0,0.15667199361446607
0,0,0.15500003930589804
0,0,0.16139851173283323
0,0,0.1363328553638436
0,0,0.13083127076806209
0,0,0.1330791433104013
0,0,0.1313612821397536
0,0,0.11769316990513137
0,0,0.12207966814799219
0,0,0.14665184369705922
0,0,0.1616982123599023
0,0,0.1552146731774144
0,0,0.14241611440620056
0,0,0.15006819461450965
0,0,0.15586011058816499
0,0,0.15308281365363707
0,0,0.15165180063097602
0,0,0.1437466675834139
0,0,0.13829215175799145
0,0,0.1355628985942368
0,0,0.1332882856032462
0,0,0.09370443861430547
0,0,0.09370443861430547
0,0,0.09370443861430547
0,0,0.15596852636125694
0,0,0.14988890924023562
0,0,0.1458618852725248
0,0,0.14664156166574208
0,0,0.14497070800872594
0,0,0.13310323442525412
0,0,0.13202769614160037
0,0,0.1321514112496732
0,0,0.13358039606687308
0,0,0.13642106828734224
0,0,0.1402297640769403
0,0,0.14340372425301295
0,0,0.14142720931386996
0,0,0.13790443620573598
0,0,0.14275320329081367
0,0,0.1428090575062243
0,0,0.13854827174809672
0,0,0.13848486715181352
0,0,0.1346813627660743
0,0,0.13497666780513656
0,0,0.13762788604673443
0,0,0.13766581453770974
0,0,0.13905592410428344
0,0,0.14023289807259307
0,0,0.13998139896850573
0,0,0.1368966453005414
0,0,0.13541485066281087
0,0,0.13623408875477935
0,0,0.13586305358405673
0,0,0.13582772233062568
0,0,0.13726017116076192
0,0,0.13578785216282976
0,0,0.13386755974083453
0,0,0.13454984954083
0,0,0.136876524615818
0,0,0.1144789071656615
0,0,0.1253736173772463
0,0,0.15674732309084533
0,0,0.16249468875863132
0,0,0.12873139429259278
0,0,0.13004812372486946
0,0,0.15343381542718243
0,0,0.1582056640225808
0,0,0.1562500366227634
0,0,0.14817238980710282
0,0,0.15979648752107872
0,0,0.17228416407623087
0,0,0.17461512485430314
0,0,0.17799523458173003
0,0,0.18346080025969771
0,0,0.17632590450434502
0,0,0.17246767897390014
0,0,0.17258972266224532
0,0,0.1753162315006186
0,0,0.17681179928564764
0,0,0.16398404637020705
0,0,0.15720886778206328
0,0,0.15889768627409537
0,0,0.16317358396341106
0,0,0.16221321314245843
0,0,0.15892022163245473
0,0,0.16522698703322772
0,0,0.16511517001019868
0,0,0.1599878457006656
0,0,0.15856058152876365
0,0,0.14963207196979514
0,0,0.14187034467440046
0,0,0.13092467059824872
0,0,0.12295960035403732
0,0,0.11012588489800569
0,0,0.10110354305719063
0,0,0.09786907454924028
0,0,0.09746253862016888
0,0,0.09447464912138384
0,0,0.09376239376078828
0,0,0.0936757206715077
0,0,0.0937020813787401
0,0,0.09370383897987376
0,0,0.09370379827120466
0,0,0.09370439238121261
0,0,0.0937044173438954
0,0,0.17772684051030296
0,0,0.1669402896521242
0,0,0.15728746008664599
0,0,0.16018135074013862
0,0,0.16158437893409294
0,0,0.15716457530994307
0,0,0.15866045568977943
0,0,0.16625642492988194
0,0,0.16561548496979475
0,0,0.16221274255224546
0,0,0.15847094001671444
0,0,0.1592917426229162
0,0,0.15916673092451125
0,0,0.15594038083751488
0,0,0.16161205435704792
0,0,0.17318332437744494
0,0,0.17405959199748167
0,0,0.16936668481925
0,0,0.16964295334757679
0,0,0.17085840515249098
0,0,0.16757549782310913
0,0,0.1563519769935128
0,0,0.15506940198883598
0,0,0.18319868620459265
0,0,0.1961943760097746
0,0,0.2281597349497879
0,0,0.22846592553285444
0,0,0.21049268841610075
0,0,0.21522801399977998
0,0,0.2213483006482996
0,0,0.21430660904828278
0,0,0.1945219399174922
0,0,0.20620726012351095
0,0,0.20834776476743574
0,0,0.19524362130219378
0,0,0.18451768923502482
0,0,0.18870502677540066
0,0,0.18558437295234922
0,0,0.1894936729739025
0,0,0.18084296790581975
0,0,0.17017211037058944
0,0,0.16957878888495798
0,0,0.18196576282904459
0,0,0.18280867575334864
0,0,0.17526736668716542
0,0,0.16767894605305092
0,0,0.17577594197389834
0,0,0.18709541864945953
0,0,0.18212103574831806
0,0,0.16515061722836094
0,0,0.18035659461036618
0,0,0.19500407579440213
0,0,0.18085411625324585
0,0,0.16525397550782897
0,0,0.18697078749054868
0,0,0.19815006320341025
0,0,0.18314431633445039
0,0,0.1572136873366901
0,0,0.17019497977275166
0,0,0.18953577724622125
0,0,0.17788694225328497
0,0,0.16360807712317482
0,0,0.17888517779428606
0,0,0.18523435447168127
0,0,0.1818993228327852
0,0,0.16483173133035087
0,0,0.17143711961490682
0,0,0.19190162860802906
0,0,0.1884815142398009
0,0,0.17024139195413013
0,0,0.1915748126483691
0,0,0.20839897251579909
0,0,0.1844971951129378
0,0,0.15072822791715493
0,0,0.16998231268727362
0,0,0.20521161227208226
0,0,0.19450957471895952
0,0,0.17395145083538566
0,0,0.19183662874330829
0,0,0.19850609354011964
0,0,0.19232090096092758
0,0,0.17156514761897684
0,0,0.17832646755143405
0,0,0.20015082767260292
0,0,0.1914651337760532
0,0,0.15943071646732718
0,0,0.1779536282393714
0,0,0.19679973556053398
0,0,0.19905766183715154
0,0,0.19821322735706964
0,0,0.1994936776324654
0,0,0.1992367623859969
0,0,0.19240267989082174
0,0,0.17021341948023977
1,0,0.09760366464226503
1,0,0.09539596736465807
1,0,0.09469126158852044
1,0,0.09480665815723148
1,0,0.09467301473479911
1,0,0.09509485290076848
1,0,0.0955659614260756
1,0,0.09505993970247506
1,0,0.09652759910137514
1,0,0.09702313872878689
1,0,0.09618233376081096
1,0,0.09669185957855925
1,0,0.09641709785352234
1,0,0.09572311954538279
1,0,0.09625270327459846
1,0,0.09683419991438758
1,0,0.09660462787546151
1,0,0.0972452856344957
1,0,0.09702253881386375
1,0,0.09570725070218311
1,0,0.09635793629661951
1,0,0.09627262147353143
1,0,0.09547816712051589
1,0,0.09700658110063579
1,0,0.09797901501128943
1,0,0.09916081447692857
1,0,0.09875951318526097
1,0,0.09725451834973768
1,0,0.09809383559498719
1,0,0.0994118069287033
1,0,0.09810135588495053
1,0,0.09649917843836853
1,0,0.09724678813121165
1,0,0.09844000004746244
1,0,0.09814313082829146
1,0,0.09713729076885566
1,0,0.09721510492663922
1,0,0.09741499247940306
1,0,0.09696501253648601
1,0,0.09675115970120857
1,0,0.0965688808176439
1,0,0.09793843926661709
1,0,0.09909133540415467
1,0,0.09826830105258129
1,0,0.09756331897929534
1,0,0.099040426209379
0,0,0.09699902042318494
0,0,0.09600535637111392
0,0,0.09451317250660093
0,0,0.09434575217852725
0,0,0.09442623315805032
0,0,0.09427105547193579
0,0,0.09504728733702539
0,0,0.09498085871442394
0,0,0.09496558898089415
0,0,0.09583760098240497
0,0,0.09469347479429956
0,0,0.09388422494734464
0,0,0.09476226870069769
0,0,0.09649030476824945
0,0,0.10009139009293881
0,0,0.10016421000845604
0,0,0.0964228690284127
0,0,0.0964707889438317
0,0,0.09834637025187047
0,0,0.09758175982897564
0,0,0.1034225010776912
0,0,0.10869804767770412
0,0,0.10391461565055556
0,0,0.10908677370128936
0,0,0.12431874109171046
0,0,0.10909128905636428
0,0,0.09372417649014717
0,0,0.09373084944627716
0,0,0.10589475974145399
0,0,0.10910272439704657
0,0,0.1113023856251462
0,0,0.11442935243387342
0,0,0.1033422901861998
0,0,0.09370443870362133
0,0,0.09370443884898093
0,0,0.10567747305495201
0,0,0.10647345597848872
0,0,0.11151450318807703
0,0,0.11067335540559631
0,0,0.11064819007949918
0,0,0.10874043729389087
0,0,0.10713574827727164
0,0,0.10538238079995035
0,0,0.10292777278957502
0,0,0.1018075565164383
0,0,0.10648626779228797
0,0,0.09804893328281584
0,0,0.09677725747915827
0,0,0.09831236986727612
0,0,0.09946955661283506
0,0,0.09737520607217727
0,0,0.09754414319650102
0,0,0.0989914765709372
0,0,0.0987201388371154
0,0,0.09747572587007321
0,0,0.09686342890702086
0,0,0.09637227216998039
0,0,0.09914965672832131
0,0,0.10124607772041781
0,0,0.09922262857008281
0,0,0.09955510195484267
0,0,0.09874210917422707
0,0,0.09839758136914539
0,0,0.0973842914664461
0,0,0.09930687533140573
0,0,0.1051613671070168
0,0,0.10713072534800842
0,0,0.10639500793379368
0,0,0.1021511648305707
0,0,0.14071665197164995
0,0,0.1358069854196134
0,0,0.13724407647020073
0,0,0.13379064201287613
0,0,0.1280037650399927
0,0,0.13565487355589836
0,0,0.12841797107386063
0,0,0.11565307785072253
0,0,0.11526309189254973
0,0,0.1409648279042746
0,0,0.1707318350845859
0,0,0.16350227945064194
0,0,0.1608068220690835
0,0,0.15452655183698397
0,0,0.15511654187030904
0,0,0.1532086386732858
0,0,0.13113754113439435
0,0,0.13001057175369846
0,0,0.1379857308175324
0,0,0.13341260665591476
0,0,0.13675126811446786
0,0,0.14064297088503794
0,0,0.14579794405167404
0,0,0.15990944075833363
0,0,0.1738533504978739
0,0,0.1639953449225596
0,0,0.1565169850253275
0,0,0.1627151918726907
0,0,0.16481286076457763
0,0,0.17084666697738948
0,0,0.17602009215748557
0,0,0.17420961915583288
0,0,0.19188076304475105
0,0,0.18932382953036794
0,0,0.16826799947813867
0,0,0.16829211670029479
0,0,0.17366733654732003
0,0,0.18161601339029831
0,0,0.18013831759330845
0,0,0.18478183943272225
0,0,0.19618840025304518
0,0,0.18912601825255823
0,0,0.17483755521063954
0,0,0.17394420557829993
0,0,0.17730623675738927
0,0,0.17823466450067066
0,0,0.18666533888917455
0,0,0.19664840201237324
0,0,0.20286120310675299
0,0,0.1992029234728801
0,0,0.19766339559085125
0,0,0.20474445439079325
0,0,0.21556994183962044
0,0,0.21448406652503135
0,0,0.207605476799254
0,0,0.19935258618197363
0,0,0.20236409895674615
0,0,0.19536416294586792
0,0,0.1859619678190185
0,0,0.09371322589283526
0,0,0.0939166790793636
0,0,0.09485360227105996
0,0,0.0949304584814006
0,0,0.09523757517156302
0,0,0.09501751654309339
0,0,0.09414666264754677
0,0,0.0940667022269204
0,0,0.09457746053775326
0,0,0.09478896538015824
0,0,0.09519568061512128
0,0,0.0939801498033169
0,0,0.0939287325342931
0,0,0.09548726117784283
0,0,0.0946190525500001
0,0,0.0940035192371475
0,0,0.09500597242323304
0,0,0.09494019326060428
0,0,0.09370443861430547
0,0,0.09370443861430547
0,0,0.0940355616463549
0,0,0.10063794318189054
0,0,0.09687505222874503
1,0,0.09551770195390305
1,0,0.09522594249385194
1,0,0.09569012752435045
1,0,0.09550646578619887
1,0,0.09691033660348407
1,0,0.09572993964609841
1,0,0.09402580630137737
1,0,0.09428648801618818
1,0,0.09493362694832984
1,0,0.09480589384884067
1,0,0.09505285758515902
1,0,0.09672932991945134
1,0,0.09647793473366137
1,0,0.0949164696965418
1,0,0.09439671988118557
1,0,0.09435292138584014
1,0,0.09439010130189054
1,0,0.09558613244954453
1,0,0.09595879605825733
1,0,0.09548492893442813
1,0,0.09647550841277923
1,0,0.09624291339431588
1,0,0.09431458634620671
0,0,0.18017412554910545
0,0,0.17789625225061326
0,0,0.1666511986360587
0,0,0.17173940276463456
0,0,0.17407572353512107
0,0,0.17756886276173453
0,0,0.2111518536630408
0,0,0.21543315847936362
0,0,0.21644972674145987
0,0,0.2149951944664333
0,0,0.21276647075237307
0,0,0.20703880554392418
0,0,0.20139438773075194
0,0,0.2019962308549868
0,0,0.20625800204004066
0,0,0.19700369070891685
0,0,0.20644503327343522
0,0,0.20686299323350746
0,0,0.21174477142418965
0,0,0.21107113725773677
0,0,0.20609489851834914
0,0,0.20767818436417626
0,0,0.210389615050476
0,0,0.21341518955569433
0,0,0.21046465897730532
0,0,0.20479777125294613
0,0,0.19954769489362637
0,0,0.16262305072940914
0,0,0.12373060371181288
0,0,0.12430235173442253
0,0,0.14095585743160174
0,0,0.18298786474228107
0,0,0.1483180832269076
0,0,0.14091096226704022
0,0,0.12963803994226528
0,0,0.11085510809397305
0,0,0.11704754126835061
0,0,0.11812236194390112
0,0,0.12412625248140949
0,0,0.1124781493890413
0,0,0.13712591104941876
0,0,0.1413203268961829
0,0,0.11438724400626062
0,0,0.11757311725902554
0,0,0.14748326576333207
0,0,0.16255502653978132
0,0,0.1661391514798119
0,0,0.16068419412399804
0,0,0.1486202988870085
0,0,0.14962137104207074
0,0,0.15888921961051014
0,0,0.16130257213424143
0,0,0.1687189733752811
0,0,0.18038649311424987
0,0,0.18023864163684805
0,0,0.18172034549008748
0,0,0.19380723999597727
0,0,0.19426873066409567
0,0,0.19104767095487316
0,0,0.19583963585853859
0,0,0.19589671220973232
0,0,0.19617019095416732
0,0,0.20326416145894155
0,0,0.20132752419872363
0,0,0.1983454857346071
0,0,0.19953590646812294
0,0,0.2044136306947959
0,0,0.20049534429390656
0,0,0.14789327654540815
0,0,0.15666683402154902
0,0,0.16806945282462268
0,0,0.17082297166317742
0,0,0.1739792232618258
0,0,0.1597540748514359
0,0,0.15104297603896305
0,0,0.15973507532746714
0,0,0.18308622959357426
0,0,0.1814695482092739
0,0,0.16094582445545172
0,0,0.18136445524961262
0,0,0.17625883114989632
0,0,0.17172927431843615
0,0,0.18139456471244803
0,0,0.18746911794379562
0,0,0.18394829753041428
0,0,0.17725036933762128
0,0,0.1909238134692992
0,0,0.18996366301496756
0,0,0.18383589409970047
0,0,0.18327037747722147
0,0,0.18552997032843066
0,0,0.18897970878822282
0,0,0.19813038492555596
0,0,0.20234380087892384
0,0,0.19866753867845435
0,0,0.19866757934891766
0,0,0.1970090843903224
0,0,0.20189398251605917
0,0,0.20514692605085033
0,0,0.19211124162948148
0,0,0.19203175600583927
0,0,0.19831075755684716
0,0,0.19669704453373724
0,0,0.1909335052853051
0,0,0.17855083240065628
0,0,0.18775930156886966
0,0,0.19081216731484066
0,0,0.18057372170803287
0,0,0.1741489745752281
0,0,0.17083893759857352
0,0,0.16942068953916234
0,0,0.17816134403325645
0,0,0.19038274625862278
0,0,0.1902482891173857
0,0,0.18667474011015175
0,0,0.1790156218568413
0,0,0.13708205849154181
0,0,0.13272583684088313
0,0,0.12918562776509046
0,0,0.09370443861431402
0,0,0.09370443861430547
0,0,0.09370443861430547
0,0,0.10872153613867397
0,0,0.094108524507814
0,0,0.08435686562734095
0,0,0.08454387031300485
0,0,0.09370443861430547
0,0,0.09370443861430547
0,0,0.09370443861430547
0,0,0.09370443861430547
0,0,0.09370443861430547
0,0,0.09370443861430547
0,0,0.09370443861430547
0,0,0.09370443861430547
0,0,0.09370443861430547
0,0,0.09370443861430547
0,0,0.09370443861430547
0,0,0.11688820589536389
0,0,0.1513102440325642
0,0,0.18980047096341102
0,0,0.17159756256673173
0,0,0.14247894475406558
0,0,0.13373083655097603
0,0,0.14166872822409873
0,0,0.14082362979347682
0,0,0.1328005488230344
0,0,0.1381697991246786
0,0,0.1652853292402124
0,0,0.18710536986560283
0,0,0.15179207411718415
0,0,0.1521884081510019
0,0,0.19270356475734354
0,0,0.17833542026847576
0,0,0.13938766564295252
0,0,0.1370833253035402
0,0,0.16393192733355513
0,0,0.14400974918144654
0,0,0.11985570579328826
0,0,0.12900727407946389
0,0,0.14513814803402095
0,0,0.1685456746393239
0,0,0.1721562613019467
0,0,0.16494461951057163
0,0,0.2034346525064014
0,0,0.21031780005966685
0,0,0.1783723847493493
0,0,0.18544195760299256
0,0,0.21048503653795947
0,0,0.21277796702970156
0,0,0.17044420024445062
0,0,0.14285137797008898
0,0,0.17799292475879022
0,0,0.19941439839524583
0,0,0.16268907838067276
0,0,0.16302238880057676
0,0,0.19375168682240276
0,0,0.20308021444192914
0,0,0.18439625266093623
0,0,0.18851282646992357
0,0,0.20248118660556866
0,0,0.20400553698676158
0,0,0.19185452851373488
0,0,0.20890266967621549
0,0,0.23684323075225897
0,0,0.2216433831976236
0,0,0.1933746211496172
0,0,0.18740277548642983
0,0,0.1883660231964346
0,0,0.19120274282182054
0,0,0.1876862269986712
0,0,0.19903611955817826
0,0,0.22961665593156785
0,0,0.22905010923364527
0,0,0.19280070537731153
0,0,0.2010677850124829
0,0,0.22616890481219493
0,0,0.21006223112984304
0,0,0.19773794350001855
0,0,0.19978532668220733
0,0,0.20374369896142233
0,0,0.20701286473603653
0,0,0.18870886295914374
0,0,0.19620697452610913
0,0,0.21664713817026085
0,0,0.22294923348133863
0,0,0.24160966742271817
0,0,0.24107845356863192
0,0,0.2520299006370689
0,0,0.09370443861430547
0,0,0.09370443861430547
0,0,0.09370443861430547
0,0,0.09370443861430547
0,0,0.09370443861430547
0,0,0.09370443861430547
0,0,0.09370443861430547
0,0,0.09370443861430547
0,0,0.09370443861430547
0,0,0.09370443861430547
0,0,0.09370443861430547
0,0,0.09370443861430547
0,0,0.09370443861430547
0,0,0.09370443861430547
0,0,0.09370443861430547
0,0,0.09370443861430547
0,0,0.09370443861430547
0,0,0.09370443861430547
0,0,0.09370443861430547
0,0,0.09370443861430547
0,0,0.09370443861430547
0,0,0.09370443861430547
0,0,0.09370443861430547
0,0,0.09370443861430547
0,0,0.09370443861430547
0,0,0.09370443902887547
0,0,0.10923862633361364
0,0,0.100904801398547
0,0,0.09751799856399855
0,0,0.09662686259701073
0,0,0.10000084963951839
0,0,0.09370443861430547
0,0,0.09370443861430547
0,0,0.09370443861430547
0,0,0.09370443861430547
0,0,0.09370443861430547
0,0,0.09370443861430547
0,0,0.09370443861430547
0,0,0.09370443861430547
0,0,0.09370443861430547
0,0,0.09370443861430547
0,0,0.09370443861430547
0,0,0.09370443861430547
0,0,0.09370443861430547
0,0,0.09370443861430547
0,0,0.09370443861430547
0,0,0.09370443861430547
0,0,0.09370443861430547
0,0,0.09370443861430547
0,0,0.09370443861430547
0,0,0.09370443909459181
0,0,0.09370448316413743
0,0,0.09370443861430547
0,0,0.09370443861430547
0,0,0.09370443861430547
0,0,0.09370482721231156
0,0,0.09375222519766853
0,0,0.09370443861430547
0,0,0.09370443861430547
0,0,0.09370443861430547
0,0,0.09370449720576005
0,0,0.09378707752965987
0,0,0.09542723399980399
0,0,0.09686967863364696
0,0,0.09755794704662361
0,0,0.10019853564186572
0,0,0.10757398664830756
0,0,0.10807003511236402
0,0,0.1074734590130783
0,0,0.09370443861430547
0,0,0.09370443861430547
0,0,0.09370443861430547
0,0,0.09370443861430547
0,0,0.09370443861430547
0,0,0.09370443861430547
0,0,0.09370443861430547
0,0,0.09370443861430547
0,0,0.09370443861430547
0,0,0.09370443861430547
0,0,0.09370443861430547
0,0,0.09370443861430547
0,0,0.09370443861430547
0,0,0.09370443861430547
0,0,0.09370443861430547
0,0,0.09370443861430547
0,0,0.09370443861430547
0,0,0.09370443861430547
0,0,0.09370443861430547
0,0,0.09374964366834597
0,0,0.09112280821978161
0,0,0.09508500797671265
0,0,0.09375778117339208
0,0,0.09370443861430547
0,0,0.09370443861430547
0,0,0.09370443861430547
0,0,0.09370443861430547
0,0,0.09370443861430547
0,0,0.09370443861430547
0,0,0.09370443861430547
0,0,0.09370443861430547
0,0,0.09370443861430547
0,0,0.09370443861430547
0,0,0.09370443861430547
0,0,0.09370443861430547
0,0,0.09370443861430547
0,0,0.09370443861430547
0,0,0.09376395374165053
0,0,0.09640327016692972
0,0,0.09625487096372272
0,0,0.0951900554553253
0,0,0.09700807827091569
0,0,0.09854222910286989
0,0,0.09839014144169202
0,0,0.0993812862812322
0,0,0.10090567595772627
0,0,0.09370443861430547
0,0,0.09370443861430547
0,0,0.09370443861430547
0,0,0.09370443861430547
0,0,0.09370443960104011
0,0,0.09810259586530883
0,0,0.10146617656342385
0,0,0.10006205898406607
0,0,0.09736144632493994
0,0,0.09864021401076185
0,0,0.10035120563690618
0,0,0.09690807055741835
0,0,0.0956176801965015
0,0,0.09370443861430547
0,0,0.09370443861430547
0,0,0.09370443861430547
0,0,0.09370443861430547
0,0,0.09370443861430547
0,0,0.09370443861430547
0,0,0.09370443861430547
0,0,0.09370443861430547
0,0,0.09370443861430547
0,0,0.09370443861430547
0,0,0.09376071040485076
0,0,0.09370443861430547
0,0,0.09370443861430547
0,0,0.09370443861430547
0,0,0.09370443861430547
0,0,0.09370443861430547
0,0,0.09370443861430547
0,0,0.09370443861430547
0,0,0.09370443861430547
0,0,0.09370443861430547
0,0,0.09370443861430547
0,0,0.09370443861430547
0,0,0.09370443861430547
0,0,0.09370443861430547
0,0,0.09370443861430547
0,0,0.09370443861430547
0,0,0.09370443861430547
0,0,0.09370443861430547
0,0,0.09370443861430547
0,0,0.09370443861430547
0,0,0.09370443861430547
0,0,0.09370443861430547
0,0,0.09370443861430547
0,0,0.09370443861430547
0,0,0.09370443861430547
0,0,0.09370443861430547
0,0,0.09370443861430547
0,0,0.09370443861430547
0,0,0.09370443861430547
0,0,0.09370443861430547
0,0,0.09370443861430547
0,0,0.09370443861430547
0,0,0.09370443861430547
0,0,0.09615061878901959
0,0,0.10163750369197065
0,0,0.09412587493566145
0,0,0.09370443861430547
0,0,0.09370443861430547
0,0,0.09370443861430547
0,0,0.09370443861430547
0,0,0.10514966565561926
0,0,0.0949047275422084
0,0,0.09401585251933509
0,0,0.09370443861430547
0,0,0.09370443861430547
0,0,0.09370443861430547
0,0,0.09370443861430547
0,0,0.09370443861430547
0,0,0.09370443861430547
0,0,0.09370443861430547
0,0,0.09370443861430547
0,0,0.09370443861430547
0,0,0.09370443861430547
0,0,0.09370444333325362
0,0,0.09378486892440342
0,0,0.093907267248543
0,0,0.09389234076783583
0,0,0.09370443861430547
0,0,0.09370443861430547
0,0,0.09370443861430547
0,0,0.09370443861430547
0,0,0.09370443861430547
0,0,0.09370443861430547
0,0,0.09370443861430547
0,0,0.09370443861430547
0,0,0.09370443861430547
0,0,0.09370443861431078
0,0,0.11868205819196972
0,0,0.10783476166856391
0,0,0.12074240402520858
0,0,0.13311617096602743
0,0,0.12314126983315972
0,0,0.11375437356366291
0,0,0.11683395540312336
0,0,0.10934490960828784
0,0,0.0937044386143131
0,0,0.09370443861430547
0,0,0.09370443861430547
0,0,0.09370443861430547
0,0,0.09370443861430547
0,0,0.09370443861430547
0,0,0.09370443861430547
0,0,0.09370443861430547
0,0,0.09370443861430547
0,0,0.09417279285489212
0,0,0.09374297834950421
0,0,0.0937126559977485
0,0,0.0942352432725984
0,0,0.09370495604909071
0,0,0.09370443861430547
0,0,0.09370443861430547
0,0,0.13764788327063138
0,0,0.11840722529741653
0,0,0.0937375354607057
0,0,0.09370480349973487
0,0,0.10309816176860283
0,0,0.1047613746122596
0,0,0.10315692383815075
0,0,0.10730320735350313
0,0,0.11198627162939224
0,0,0.10379768262343471
0,0,0.10078989631113237
0,0,0.10065744404745863
0,0,0.10285724777617569
0,0,0.10307038431877964
0,0,0.10522943353915207
0,0,0.10395589521165399
0,0,0.09916232076677936
0,0,0.09736489914870353
0,0,0.09556763024830937
0,0,0.09639336182244479
0,0,0.0980034131805507
0,0,0.09477370567599028
0,0,0.09251303381701664
0,0,0.09533453190800185
0,0,0.09734014044403598
0,0,0.09280923638778996
0,0,0.09370443861430547
0,0,0.09370443861430547
0,0,0.09370443861430547
0,0,0.09370443861430547
0,0,0.09370443861430547
0,0,0.09370443861430547
0,0,0.09370443861430547
0,0,0.09370443861430547
0,0,0.09370443861430547
0,0,0.09370443861430547
0,0,0.09370443861430547
0,0,0.09370443861430547
0,0,0.09370443861430547
0,0,0.09370443861430547
0,0,0.09370443861430547
0,0,0.09370443861430547
0,0,0.09370443861430547
0,0,0.09370443861430547
0,0,0.09370443861430547
0,0,0.09370443861430547
0,0,0.1443490592404009
0,0,0.14351173900690425
0,0,0.16158225788002076
0,0,0.1669053812331046
0,0,0.16007441092618768
0,0,0.1611889895177921
0,0,0.15667644529977165
0,0,0.1557188741204867
0,0,0.16065775209665992
0,0,0.15332750736178
0,0,0.15392214945900282
0,0,0.16162968527645885
0,0,0.16073043476279433
0,0,0.1497212177039843
0,0,0.14176079047161882
0,0,0.14444496281533958
0,0,0.14493313730877005
0,0,0.14382739934046254
0,0,0.13410245562380385
0,0,0.13217474544581914
0,0,0.14147247440402597
0,0,0.148144636250406
0,0,0.1421492822117594
1,0,0.13774666050560117
1,0,0.16108106412696538
1,0,0.17820933269230366
1,0,0.1920128249137272
1,0,0.19975180239378712
1,0,0.19913156725275374
1,0,0.19386466794970697
1,0,0.20312028107216612
1,0,0.20418994960267928
1,0,0.2052764477762032
1,0,0.2021693602007238
1,0,0.19835077775722548
1,0,0.18956942310358288
1,0,0.1877446356703227
1,0,0.19822637329516812
1,0,0.19655468412893726
1,0,0.188249295410438
1,0,0.1841781453307334
1,0,0.19435030404001571
1,0,0.20071335230098108
1,0,0.18880400045012483
1,0,0.18158824737511212
1,0,0.21236955518002942
1,0,0.2158634786365621
1,0,0.1805320294046592
1,0,0.18795279560161862
1,0,0.22104615580985265
1,0,0.19074458017090182
1,0,0.18440984207207806
1,0,0.2097820413561665
1,0,0.19642097779156212
1,0,0.18905995565224828
1,0,0.1887004412584949
1,0,0.19042828893876862
1,0,0.18397784168207035
1,0,0.19286219628502602
1,0,0.20492088251425591
1,0,0.19368514770986023
1,0,0.19692915445280776
1,0,0.21423507012665044
1,0,0.21874309182386334
1,0,0.21000717077191033
1,0,0.20769592942302192
1,0,0.20977432880109334
1,0,0.18045920006055186
1,0,0.1854179417425664
1,0,0.19506410101721472
1,0,0.1826327937091778
1,0,0.18906683412151803
1,0,0.20112705016334498
1,0,0.19191922315217005
1,0,0.19479630900678935
1,0,0.20421753019900948
1,0,0.21279365593941152
1,0,0.2136699294718872
1,0,0.21713999558831598
1,0,0.2189218516730383
1,0,0.21548528236570927
1,0,0.20211587822619523
1,0,0.19160992257204557
1,0,0.20435452136970259
1,0,0.19737982112428998
1,0,0.16428049899907649
1,0,0.18214264190672155
1,0,0.20158914883334259
1,0,0.1936537710537502
1,0,0.17684146421548266
1,0,0.17260204010616328
1,0,0.1851828853503313
1,0,0.1791534504064268
1,0,0.1540720307189855
1,0,0.09609833028098959
1,0,0.09606694082458468
1,0,0.0948476939975322
1,0,0.09420162118793324
1,0,0.09430276914391564
1,0,0.09453772106632656
1,0,0.0941086349324864
1,0,0.0937628680612849
1,0,0.09376657132550904
1,0,0.09415286614343114
1,0,0.09370469092127155
1,0,0.09375279038603516
1,0,0.0937054822683528
1,0,0.09370452520507644
1,0,0.09399679518451527
1,0,0.09455250527113966
1,0,0.09491272035817036
1,0,0.0947681611815214
1,0,0.09409266733127668
1,0,0.09431661854969392
1,0,0.09426396215280884
1,0,0.09379433497195794
1,0,0.09394189866430055
1,0,0.10055469452909925
1,0,0.09805718221211182
1,0,0.09707211671990969
1,0,0.09538284537344041
1,0,0.09638465988344527
1,0,0.09653228875771108
1,0,0.09520477796552608
1,0,0.09522999429373608
1,0,0.09622085289595061
1,0,0.09590753512062544
1,0,0.0946774878414246
1,0,0.09545660419472708
1,0,0.09466253988980988
1,0,0.09402258650967639
1,0,0.09473315577739704
1,0,0.0947662227037536
1,0,0.0953153433995372
1,0,0.0944969064058505
1,0,0.09457639347802005
1,0,0.09672029332383945
1,0,0.09715549577482424
1,0,0.09533267012656024
1,0,0.09565315853386751
1,0,0.09371696954074019
1,0,0.09373553905979755
1,0,0.09376324714596909
1,0,0.09386139784422752
1,0,0.09390829078372379
1,0,0.09401982572206893
1,0,0.0948122172101445
1,0,0.0948104244827214
1,0,0.09503832213156489
1,0,0.09447638898475168
1,0,0.09448889959207073
1,0,0.09470562491847863
1,0,0.094566782445159
1,0,0.09517577554345126
1,0,0.09521805671631957
1,0,0.09502173742884214
1,0,0.09582069518581288
1,0,0.09591035324019215
1,0,0.09498335823973947
1,0,0.09531619098501075
1,0,0.09595614616679138
1,0,0.10239547012011939
1,0,0.1318365142782904
1,0,0.09995497789811778
1,0,0.1007791261038562
1,0,0.09731479775840626
1,0,0.09676084812563861
1,0,0.10327235474401454
1,0,0.10206174440866127
1,0,0.10249166382580537
1,0,0.10638311873954845
1,0,0.10305055349710242
1,0,0.09960449398486015
1,0,0.10039322127645178
1,0,0.09972413447484715
1,0,0.10207679205515872
1,0,0.10397834009437175
1,0,0.10494028146382128
1,0,0.10126883563561827
1,0,0.09774430019888262
1,0,0.10296535318215702
1,0,0.10147350570682247
1,0,0.09670177875517329
1,0,0.11719076365944872
1,0,0.12172354366302322
1,0,0.10910003569393874
1,0,0.09986735108133293
1,0,0.09963759331748176
1,0,0.09419394191794932
1,0,0.09370443740436761
1,0,0.09370437165403926
1,0,0.10460280904193668
1,0,0.10812056904096323
1,0,0.09967159907531296
1,0,0.09570487910720198
1,0,0.10128396513614397
1,0,0.104663307194228
1,0,0.09791265067275282
1,0,0.09926055536065108
1,0,0.10503405692461328
1,0,0.10587333248851215
1,0,0.10658515716877774
1,0,0.10390751935682294
1,0,0.10584367669664374
1,0,0.11020632260004629
1,0,0.10578912824332622
1,0,0.11288730184221558
1,0,0.09428476924672012
1,0,0.09411937915235753
1,0,0.17029176835634663
1,0,0.16085723179522088
1,0,0.1491264859750448
1,0,0.15541757696479663
1,0,0.16678717288863368
1,0,0.15765152038985175
1,0,0.15941568006340345
1,0,0.15767877817767764
1,0,0.14561978962526906
1,0,0.14743112815293388
1,0,0.16611048775903278
1,0,0.16778549653215818
1,0,0.14956701872503056
1,0,0.14808092148934276
1,0,0.15080644418015035
1,0,0.1540952193903911
1,0,0.15470557476688795
1,0,0.14471536121876188
1,0,0.15298347487623226
1,0,0.16049850902822285
1,0,0.1571017141304065
1,0,0.15304396574109613
1,0,0.14975470562052517
1,0,0.15286833081658852
1,0,0.15481357047710775
1,0,0.15127867411809692
1,0,0.158352453603501
1,0,0.16823521015372472
1,0,0.16559878065315295
1,0,0.16143971102516524
1,0,0.15441580070684133
1,0,0.16426303319860347
1,0,0.17298374118450194
1,0,0.16633995521737852
1,0,0.15894128923894454
1,0,0.1607834152712994
1,0,0.16422287051718612
1,0,0.16290564426435375
1,0,0.1635459129719871
1,0,0.16674126179126064
1,0,0.17080213354399384
1,0,0.1666288437941508
1,0,0.15547447175362689
1,0,0.147518947223322
1,0,0.1552602218220125
1,0,0.16095160747435944
1,0,0.1510440350525911
1,0,0.1598511258986528
1,0,0.17293940558366605
1,0,0.17094828600426168
1,0,0.17006227755930814
1,0,0.16430315567984416
1,0,0.15653750555427087
1,0,0.15401586065934508
1,0,0.1570873408656126
1,0,0.1525778873769938
1,0,0.15010609660931573
1,0,0.15098301677214246
1,0,0.15440107260475994
1,0,0.09996490299036724
1,0,0.10227068433645461
1,0,0.10609477399514346
1,0,0.10339397850034591
1,0,0.10143063793968068
1,0,0.10114006169701692
1,0,0.10028846124477814
1,0,0.10046162712625852
1,0,0.10135553172179622
1,0,0.10266255120945804
1,0,0.09927328071137999
1,0,0.09715113530354705
1,0,0.10028107462506423
1,0,0.10217330913739332
1,0,0.10400593043163167
1,0,0.10518823345538184
1,0,0.10202781584291983
1,0,0.10700499109297369
1,0,0.10640354085811236
1,0,0.10388947213592348
1,0,0.12078258000760721
1,0,0.13068893641265136
1,0,0.11120027006817972
1,0,0.09381616867302459
1,0,0.09424701861377757
1,0,0.09568485771196228
1,0,0.0945547195581021
1,0,0.09381654275240797
1,0,0.09497509183866455
1,0,0.0971422686310859
1,0,0.09866703890649861
1,0,0.0975750437890041
1,0,0.09792270741701005
1,0,0.09881430378819892
1,0,0.09723560146161012
1,0,0.09734899360219777
1,0,0.09858399362488092
1,0,0.09802769107583496
1,0,0.09821257378690501
1,0,0.10160772954982955
1,0,0.09643953377651825
1,0,0.09481608063440657
1,0,0.09580411196204595
1,0,0.0949709154748475
1,0,0.09552413853452954
1,0,0.09676890962701203
1,0,0.1293634680464665
1,0,0.1221208937782125
1,0,0.12875392545758865
1,0,0.13810942534231951
1,0,0.1281118900861704
1,0,0.12204103707712886
1,0,0.12151370465771548
1,0,0.12170998241118625
1,0,0.12606237579944157
1,0,0.12375475787580983
1,0,0.12520441208507452
1,0,0.12741562160790285
1,0,0.12929751354533295
1,0,0.13092596445116658
1,0,0.13043149005035012
1,0,0.1302769153142925
1,0,0.13172539474108874
1,0,0.1286911759375962
1,0,0.12698820176195952
1,0,0.13307163003583397
1,0,0.13491162927063452
1,0,0.133372259784428
1,0,0.13072736820704176
1,0,0.12548936192489007
1,0,0.12373053948005801
1,0,0.12686181595787008
1,0,0.12493116825632883
1,0,0.12403559514766413
1,0,0.12649390719002532
1,0,0.1241924819426181
1,0,0.12287192027202631
1,0,0.1288531870852296
1,0,0.13348840172134813
1,0,0.13001059516409066
1,0,0.12526298036824432
1,0,0.12367249146037995
1,0,0.12451069943437874
1,0,0.12678791438104797
1,0,0.12662365266481004
1,0,0.12742492589193258
1,0,0.12890873501406713
1,0,0.12822859094411293
1,0,0.12683332973920639
1,0,0.12704179465903695
1,0,0.12877116521073514
1,0,0.12990332581359204
1,0,0.13305240330550386
1,0,0.1346173321718144
1,0,0.1330997280252786
1,0,0.13180336399247936
1,0,0.12820598757386203
1,0,0.12861942109176308
1,0,0.13415474751442066
1,0,0.13437823595869713
1,0,0.13181197994837965
1,0,0.12959929974876913
1,0,0.1274200032288113
1,0,0.1291191135362115
1,0,0.1297520832428494
1,0,0.12814667802269025
1,0,0.12679901584417522
1,0,0.12388454045669259
1,0,0.1161941393723785
1,0,0.10157119514720875
1,0,0.09037752350642296
1,0,0.08896778517209296
1,0,0.089110499389487
1,0,0.08919108320423809
1,0,0.09370443861422227
1,0,0.09370443861430056
1,0,0.09370443861430269
1,0,0.09370443861430523
1,0,0.09370443861430523
1,0,0.09370443861430547
1,0,0.09370443861430547
1,0,0.09370443861430547
1,0,0.09370443861430547
1,0,0.09370443861430547
1,0,0.09370443861430547
1,0,0.09370443861430547
1,0,0.09370443861430547
1,0,0.09370443861430547
1,0,0.09370443861430547
1,0,0.09370443861430547
1,0,0.09370443861430547
1,0,0.09370443861430547
1,0,0.09370443861430547
1,0,0.09370443861430547
1,0,0.09370443861430547
1,0,0.09370443861430547
1,0,0.09370443861430547
1,0,0.09370443861430547
1,0,0.09370443861430547
1,0,0.09370443861430547
1,0,0.093704438614285
1,0,0.0937044386137721
1,0,0.09370443861421177
1,0,0.09370443861261027
1,0,0.093704438443629
1,0,0.09370437945217688
1,0,0.09367098385193631
1,0,0.09335047849341245
1,0,0.0933050767677733
1,0,0.0929726736441703
1,0,0.09169112329942535
1,0,0.09106864098836165
1,0,0.08891504664114408
1,0,0.08898057749521923
1,0,0.08937176101262721
1,0,0.08991383718643206
1,0,0.0974132684513155
1,0,0.10645840393506367
1,0,0.11395012805154328
1,0,0.12393114353200622
0,0,0.11751576236952027
0,0,0.13604201945389935
0,0,0.13611582780418177
0,0,0.14125416383134676
0,0,0.1402780510094946
0,0,0.12648505667348403
0,0,0.10086272838661546
0,0,0.09889478112321554
0,0,0.10048677010591138
0,0,0.09911683282524168
0,0,0.10122515830148841
0,0,0.10378581953909834
0,0,0.1294733564877129
0,0,0.1446757167496751
0,0,0.13336851193000793
0,0,0.1469222996771321
0,0,0.17837356035673452
0,0,0.1848286690218457
0,0,0.18914114383595307
0,0,0.16430526570418122
0,0,0.16041949886018023
0,0,0.19841046173781102
0,0,0.20081452591156088
0,0,0.16365240329043793
0,0,0.17749698991578025
0,0,0.17773122628289106
0,0,0.1743241810241641
0,0,0.17503129553037414
0,0,0.17277110472165133
0,0,0.08830803318331513
0,0,0.08841422389605949
0,0,0.16323581017414585
0,0,0.15644184978539133
0,0,0.1617848866690259
0,0,0.16791654169657697
0,0,0.17904500586920302
0,0,0.18348639077893306
0,0,0.1849639160530725
0,0,0.18677752226958508
0,0,0.1910533892715348
0,0,0.20453419050568514
0,0,0.20480102546625675
0,0,0.1968696336003687
0,0,0.19572778637406602
0,0,0.20590744540033235
0,0,0.21524163001695254
0,0,0.2160255249252629
0,0,0.22027803057555526
0,0,0.20863263029377288
0,0,0.1998477614789707
0,0,0.19826004833330033
0,0,0.20665115279001994
0,0,0.20981219018438088
0,0,0.21007211830990616
0,0,0.22110802903034693
0,0,0.2183592584519955
0,0,0.15145820863903856
0,0,0.14961076729283718
0,0,0.19823609351954236
0,0,0.2075676414118587
0,0,0.20313829277581102
0,0,0.20491612550858773
0,0,0.22067507653316049
0,0,0.21932800298940225
0,0,0.21989551510388095
0,0,0.21833341589679506
0,0,0.21386880941867217
0,0,0.18616202581798097
0,0,0.1700212341268502
0,0,0.16795602993390277
0,0,0.165334340300524
0,0,0.16534341981903838
0,0,0.16646561497501294
0,0,0.16937596617662395
0,0,0.1616273117539137
0,0,0.15076989791865683
0,0,0.14823439561887625
0,0,0.15259905557848116
0,0,0.1548755009253519
0,0,0.1478091585274748
0,0,0.14977869874301267
0,0,0.15734395631320244
0,0,0.15785493390769412
0,0,0.15592482734967975
0,0,0.1593434628716248
0,0,0.16335167777880047
0,0,0.16170371592573143
0,0,0.16515028945536706
0,0,0.17163146201554688
0,0,0.17514449667036053
0,0,0.1801435801807224
0,0,0.17334726468269476
0,0,0.16291292148664646
0,0,0.16596394817538063
1,0,0.10148816047845496
1,0,0.0981442921426857
1,0,0.09835069476905038
1,0,0.09883252874239794
1,0,0.09879535845879717
1,0,0.09712186908973149
1,0,0.0961517198473615
1,0,0.09516486720567874
1,0,0.0952144730962808
1,0,0.09698755300425889
1,0,0.09682275140824367
1,0,0.09655380312395218
1,0,0.09561685499828065
1,0,0.09522284653422124
1,0,0.09925830812806982
1,0,0.10274670537043946
1,0,0.09735109489023305
1,0,0.09922291729571257
1,0,0.10467123971285865
1,0,0.10018038772529402
1,0,0.10301713323450633
1,0,0.11059590516648213
1,0,0.10526858333303384
1,0,0.09680688751703787
1,0,0.09746609850875859
1,0,0.09651964436220906
1,0,0.09665498231300335
1,0,0.09693641624876634
1,0,0.0967281538512504
1,0,0.09546111728675778
1,0,0.09713390527258683
1,0,0.09956928413705156
1,0,0.09696352291008535
1,0,0.09530382476044814
1,0,0.09527911666819897
1,0,0.09767538950282277
1,0,0.09715005825216869
1,0,0.09477306555212192
1,0,0.09575083618102577
1,0,0.09877198806257566
1,0,0.09505993465156089
1,0,0.09443973973301086
1,0,0.0938964532780918
1,0,0.0938396202795207
1,0,0.09515362177402434
1,0,0.09595731408418398
0,0,0.09933245215963966
0,0,0.09990711521007561
0,0,0.09875865419926043
0,0,0.09907414318198945
0,0,0.10038224092414529
0,0,0.1012871812336425
0,0,0.10025923230386381
0,0,0.10080674046407298
0,0,0.10364018146211071
0,0,0.10103147606924986
0,0,0.09943254429045426
0,0,0.10017980676341529
0,0,0.09917968202357726
0,0,0.0999406467688201
0,0,0.10282926206233722
0,0,0.10210457449466959
0,0,0.10095328889781667
0,0,0.1008929431257139
0,0,0.10238514932044186
0,0,0.10452769541168866
0,0,0.10327462462404875
0,0,0.10011501411942032
0,0,0.10924868455897105
1,0,0.09838908609216164
1,0,0.09597340379967045
1,0,0.09425446332188003
1,0,0.09449978806542227
1,0,0.09703402346217467
1,0,0.09946998295765319
1,0,0.10106215094852093
1,0,0.10023645804865525
1,0,0.09988788312760903
1,0,0.0997114075002498
1,0,0.09986956368588203
1,0,0.09991417567682272
1,0,0.1000704578201125
1,0,0.09990875844389656
1,0,0.09885013884703407
1,0,0.09967977017305374
1,0,0.09945150181873134
1,0,0.10076532941277949
1,0,0.10071861931282519
1,0,0.09870983263280587
1,0,0.10086305349576226
1,0,0.10219657928507953
1,0,0.09813022970195719
1,0,0.10394079045384626
1,0,0.10277091803484961
1,0,0.10081670735169812
1,0,0.10125450291829605
1,0,0.10265221619020651
1,0,0.10230452157377234
1,0,0.10171235773744185
1,0,0.10116732762370091
1,0,0.10285813841711942
1,0,0.09682753836012158
1,0,0.09753410191537903
1,0,0.10336368903609937
1,0,0.10001847879894225
1,0,0.10096567278341677
1,0,0.10195300930122914
1,0,0.10511555650446407
1,0,0.10733420890371122
1,0,0.10674443522747766
1,0,0.10428167854407372
1,0,0.10113646414745826
1,0,0.10363374958757242
1,0,0.10830655191578141
1,0,0.12031609493133752
0,0,0.17501094151782381
0,0,0.18249041312043787
0,0,0.17947301720838094
0,0,0.17307559885730406
0,0,0.1590006030777597
0,0,0.164316477552626
0,0,0.18034608859917764
0,0,0.18251416401266887
0,0,0.17384518527896609
0,0,0.17290971439415057
0,0,0.15022106531064527
0,0,0.14697622590508994
0,0,0.16345428044439203
0,0,0.16446533281670342
0,0,0.16675987731569122
0,0,0.17141886788769942
0,0,0.16627532499628844
0,0,0.15923505995330284
0,0,0.16524714212654337
0,0,0.1713710847518466
0,0,0.18167044326519394
0,0,0.17529504499706297
0,0,0.17931887666597768
0,0,0.18287528707776673
0,0,0.18405592543415575
0,0,0.18798477693670088
0,0,0.18388432293743592
0,0,0.17982419706951733
0,0,0.13644240549928136
0,0,0.13830991143557667
0,0,0.17468996660146172
0,0,0.1751809459415801
0,0,0.1793896256257479
0,0,0.17645999628437126
0,0,0.1702798877419016
0,0,0.171511426748158
0,0,0.17404608043765504
0,0,0.17848525609539018
0,0,0.1821977963129141
0,0,0.18009241677513094
0,0,0.18121993360117888
0,0,0.16629550535628315
0,0,0.16201540034772624
0,0,0.1731680633558443
0,0,0.1765171651773065
0,0,0.17728744495978652
0,0,0.1883237231405798
0,0,0.18369463014124
0,0,0.17228544702790932
0,0,0.16663315123050726
0,0,0.16584851835379813
0,0,0.1731461062145838
0,0,0.16964635602023523
0,0,0.1648918040392815
0,0,0.16438521632810837
0,0,0.15682596291047637
0,0,0.16300028107125494
0,0,0.18503454022077137
0,0,0.1911849556251168
1,0,0.09705202107214428
1,0,0.09927896703184255
1,0,0.09759084410629786
1,0,0.09819882460464997
1,0,0.10126733820680402
1,0,0.09939228512830357
1,0,0.0969622951636888
1,0,0.09737842154832568
1,0,0.09942743521745055
1,0,0.09971202645374813
1,0,0.10122577905269996
1,0,0.10127159005240662
1,0,0.10278696797475662
1,0,0.10641966052606876
1,0,0.10773088091463731
1,0,0.10588721349831315
1,0,0.10307527226906525
1,0,0.10666502179735503
1,0,0.10565360088846179
1,0,0.11048594644103385
1,0,0.09371020896846338
1,0,0.0937113672410357
1,0,0.12263321756646041
1,0,0.09922859225508841
1,0,0.09862346346152641
1,0,0.0974627823970849
1,0,0.10018335632449177
1,0,0.09853207135743515
1,0,0.09706147923856515
1,0,0.0972586220734749
1,0,0.09803265274283975
1,0,0.09676618814959902
1,0,0.09784141764580721
1,0,0.09782499989900532
1,0,0.09426242093998784
1,0,0.09377948932895873
1,0,0.09457131467337924
1,0,0.09494207905687925
1,0,0.09531896085514861
1,0,0.10108346049586177
1,0,0.09860359527817018
1,0,0.09577187869869573
1,0,0.09585352925344483
1,0,0.09614273034810569
1,0,0.09785966376697865
1,0,0.09432963636304163
1,0,0.09634486027108624
1,0,0.11439280862389548
1,0,0.12087136842383105
1,0,0.12772287919047326
1,0,0.18161928768441948
1,0,0.17712063239098058
1,0,0.1262065294766052
1,0,0.1196148186246201
1,0,0.1728267000474698
1,0,0.1852203167771546
1,0,0.13953789282839163
1,0,0.12924525420526436
1,0,0.13343679936766065
1,0,0.16918049646592428
1,0,0.1690250718910648
1,0,0.18981795512709324
1,0,0.18793116912710459
1,0,0.15387555199604147
1,0,0.15862385929212022
1,0,0.16387533675656843
1,0,0.1613273947230826
1,0,0.14346088050703096
1,0,0.163564000489467
1,0,0.18015381283707563
1,0,0.1742622843500011
1,0,0.1721627683271259
1,0,0.1723430636198536
1,0,0.16690892770555113
1,0,0.15914930412479456
1,0,0.15991190476862832
1,0,0.17364174956451386
1,0,0.17706711522974464
1,0,0.1901396373737108
1,0,0.1869620273031103
1,0,0.17026489543712953
1,0,0.13596402544774364
1,0,0.140634092672345
1,0,0.1860198702031302
1,0,0.1829078432031298
1,0,0.18648970761442565
1,0,0.1771753852056973
1,0,0.1637306522237258
1,0,0.1715696222676771
1,0,0.17862064483514684
1,0,0.1851445225837914
1,0,0.1881114084598574
1,0,0.18036623487464992
1,0,0.18456388988538092
1,0,0.1692305920041709
1,0,0.14241332382851993
1,0,0.1509990254866745
1,0,0.14359706015462256
1,0,0.1360742458361634
1,0,0.1456103555153492
1,0,0.1450130544843883
1,0,0.15465946662662675
1,0,0.1401028619602576
1,0,0.11583258739683244
1,0,0.135852719119308
1,0,0.1372823566045897
1,0,0.12068214050549515
1,0,0.13494371372258285
1,0,0.1176927137369167
1,0,0.10234652101730778
1,0,0.10402649793074087
1,0,0.13970495693166032
1,0,0.13888197523539494
1,0,0.12804822496845703
1,0,0.12866386234127591
1,0,0.11844422783429304
1,0,0.13293135248791915
1,0,0.133847579147413
1,0,0.11204078516320026
1,0,0.11870931847574462
1,0,0.12167112284686815
1,0,0.136183721549
1,0,0.14449744416612476
1,0,0.128177189635097
1,0,0.1375473378111346
1,0,0.14671291722854946
1,0,0.1523807747484595
1,0,0.14731056394813566
1,0,0.16115639347243466
1,0,0.16337157368734004
1,0,0.15673474455689299
1,0,0.14448576728622853
1,0,0.16589921680929332
1,0,0.1644532469544651
1,0,0.15232176266541037
1,0,0.15370306276646195
1,0,0.13724210221311528
1,0,0.14617991500122018
1,0,0.1298271519358141
1,0,0.12112178521939124
1,0,0.1310349057611016
1,0,0.13305104540489915
1,0,0.14416190201890228
1,0,0.13183474217914953
1,0,0.12655271659032025
1,0,0.12963493395303705
1,0,0.1437391874108393
1,0,0.10068695839307394
1,0,0.09926404320377419
1,0,0.14698107467430072
1,0,0.1315881519834937
1,0,0.1392197515797774
1,0,0.15183496139295216
1,0,0.13104545239539908
1,0,0.12882106107013358
1,0,0.1409328583267261
1,0,0.14346496804898504
1,0,0.14827179146734337
1,0,0.15928812727787714
1,0,0.16349930521035433
0,0,0.19471655556504186
0,0,0.19533677322761495
0,0,0.19657963470546605
0,0,0.19533724993494417
0,0,0.1950980465349
0,0,0.19435488825863606
0,0,0.19371605048475232
0,0,0.1941135174362064
0,0,0.19593423466690033
0,0,0.1948571734410141
0,0,0.19376276329426
0,0,0.19514902580009155
0,0,0.1962003520295719
0,0,0.19670347066050403
0,0,0.19472820430537494
0,0,0.19496778621292418
0,0,0.19615550006334168
0,0,0.19604568816116055
0,0,0.19697388157072562
0,0,0.19549984552416894
0,0,0.1939475384050985
0,0,0.1948573849403625
0,0,0.19592806556217154
0,0,0.19172641762798787
0,0,0.1941409923763606
0,0,0.19171164755209966
0,0,0.1888586698650265
0,0,0.192823824465732
0,0,0.19374447316083646
0,0,0.1924123515562254
0,0,0.19187518421580016
0,0,0.1951785864729684
0,0,0.1946510123431017
0,0,0.19419147623594693
0,0,0.19468869373687386
0,0,0.19522571086039056
0,0,0.19458147195385628
0,0,0.19310272309437487
0,0,0.19341221888000953
0,0,0.19582518027849316
0,0,0.1961764472498534
0,0,0.19588582253920594
0,0,0.1954189286989776
0,0,0.19490885768479466
0,0,0.19487871251717415
0,0,0.19578073061896425
0,0,0.1968995980629476
0,0,0.19579951002057766
0,0,0.1950046939381176
0,0,0.19568485041865344
0,0,0.1951947954281459
0,0,0.1949767804755419
0,0,0.19571340233887152
0,0,0.19607939118860387
0,0,0.1957207490896536
0,0,0.19551508518508448
0,0,0.19505230805401136
0,0,0.19556523394922468
0,0,0.19535394768999767
0,0,0.19552754049452492
0,0,0.19565695178845896
0,0,0.19514729755443463
0,0,0.19578953465234522
0,0,0.195792115428719
0,0,0.19515230735798633
0,0,0.1957950756245426
0,0,0.19661978950226464
0,0,0.19546226449755963
0,0,0.19470292586639915
0,0,0.195475953575136
0,0,0.19578631145288503
0,0,0.19567677517331183
0,0,0.19487944056969966
0,0,0.1899094277275845
0,0,0.19260812720811119
0,0,0.19575235990110515
0,0,0.19585524945591068
0,0,0.19570669053547923
0,0,0.19575667814244296
0,0,0.19584901204371366
0,0,0.19548708820717095
0,0,0.19589949011953714
0,0,0.1961592428416477
0,0,0.1956029428231793
0,0,0.19535135469058837
0,0,0.19569889121975395
0,0,0.19545578548706977
0,0,0.19501795934126429
0,0,0.19468716490872254
0,0,0.1937398765120922
0,0,0.19512685050568643
0,0,0.19401434631689496
0,0,0.19455538164301003
0,0,0.1955292336808145
0,0,0.1932606722125748
0,0,0.19404559884992656
0,0,0.19412961850958993
0,0,0.1945619663456747
0,0,0.1956035661204496
0,0,0.19547667590975185
0,0,0.19521989724293656
0,0,0.19450575295282385
0,0,0.1897030857860291
0,0,0.18707614332047476
0,0,0.19296597592484063
0,0,0.19562855740680357
0,0,0.1953038289252684
0,0,0.19445308291236263
0,0,0.19512258270936134
0,0,0.19458954833520195
0,0,0.19458574291549524
0,0,0.19416762826719838
0,0,0.19520601200949247
0,0,0.19520022403129092
0,0,0.19459924559332384
0,0,0.19577740486960302
0,0,0.19477984710276752
1,0,0.18944260341809982
1,0,0.1883373716252608
1,0,0.19379269757478607
1,0,0.1937619409638141
1,0,0.1928313009041307
1,0,0.1932296335412649
1,0,0.19497715760801998
1,0,0.1951706946351639
1,0,0.19486442923927697
1,0,0.1959479806484431
1,0,0.1888263661008956
1,0,0.18026479744255275
1,0,0.1895395762810768
1,0,0.19331220145517297
1,0,0.1931178649521997
1,0,0.1956760574008172
1,0,0.1948862851429401
1,0,0.19316336396958375
1,0,0.19513479744355938
1,0,0.19520395662383427
1,0,0.1942707513558537
1,0,0.19048337074564334
1,0,0.18842399152706105
1,0,0.19515715269823822
1,0,0.1952142826552652
1,0,0.19545559893960202
1,0,0.19319427347108423
1,0,0.19360319251737654
1,0,0.1951629307375693
1,0,0.19524201518418025
1,0,0.19495340312671613
1,0,0.1935746174608947
1,0,0.1941384001804938
1,0,0.19471011948065203
1,0,0.193829849164029
1,0,0.19475769574991555
1,0,0.1943678913350265
1,0,0.19489876027936423
1,0,0.19445921959135193
1,0,0.1942415297273218
1,0,0.19429297138648577
1,0,0.19412885161705834
1,0,0.19386181276475445
1,0,0.19525190094086464
1,0,0.19420781671684306
1,0,0.19062953532990232
1,0,0.19434021164848153
1,0,0.19575965201219442
1,0,0.19383289459006925
1,0,0.19375044484498513
1,0,0.19392388489949364
1,0,0.1944446107566128
1,0,0.1937553526980054
1,0,0.18907129265598918
1,0,0.18080450034852846
1,0,0.18614477427899864
1,0,0.1919348053403471
1,0,0.19167597550517407
1,0,0.193571531506623
1,0,0.19557957199070683
1,0,0.19310082317784527
1,0,0.19259832995582918
1,0,0.19347264289208885
1,0,0.19518304960144903
1,0,0.1933367046258547
1,0,0.19635764345326814
1,0,0.19032879853411264
1,0,0.18669138895135434
1,0,0.19341678326802464
1,0,0.1942518445131587
1,0,0.1945902769721969
1,0,0.19450906152706054
1,0,0.19428175682462198
1,0,0.1903870590872533
1,0,0.19387545756094138
1,0,0.19518137818349737
1,0,0.19489714644141934
1,0,0.19533713967943286
1,0,0.19607289312161594
1,0,0.19257723030887622
1,0,0.19321497453540626
1,0,0.1957320105729746
1,0,0.19385301673774233
1,0,0.19561898289277735
1,0,0.19522316312616414
1,0,0.19378230452564474
1,0,0.1944221156921307
1,0,0.194089524819657
1,0,0.19505145584409095
1,0,0.19520953415518108
1,0,0.19353135061727267
1,0,0.19455496845540413
0,0,0.19401024749190252
0,0,0.19222928699160677
0,0,0.19293956058978837
0,0,0.19436920742538416
0,0,0.19491716958630106
0,0,0.19362288505018446
0,0,0.1923152759354447
0,0,0.19375582731851831
0,0,0.1946531875177002
0,0,0.194325553121982
0,0,0.19391000798001112
0,0,0.19496537555257232
0,0,0.19514465794631566
0,0,0.1945228635984573
0,0,0.19374941466959342
0,0,0.19229522999741422
0,0,0.19430348295168498
0,0,0.19520569011926112
0,0,0.19550852127788496
0,0,0.19556681159920086
0,0,0.19500238403027423
0,0,0.1948656285223257
0,0,0.19575069278909332
0,0,0.1945155438335524
0,0,0.19330552064914464
0,0,0.19445449650520175
0,0,0.193738340640762
0,0,0.19558159463606178
0,0,0.1939930880984235
0,0,0.19389093865864815
0,0,0.19225958391316414
0,0,0.19326023292366623
0,0,0.19592445547071888
0,0,0.19544411921782423
0,0,0.19448266211303164
0,0,0.1936698599809176
0,0,0.19541272808668414
0,0,0.19470541981942516
0,0,0.1944403758027892
0,0,0.19533298370688718
0,0,0.19534318461604505
0,0,0.1950864548719295
0,0,0.1953912083836448
0,0,0.19518014970844008
0,0,0.19533645333415992
0,0,0.19577173412528354
0,0,0.19540120386764787
0,0,0.19496572336709905
0,0,0.19479119719306293
0,0,0.19452189344243948
0,0,0.19448966242705976
0,0,0.19602637064892292
0,0,0.19621441535082207
0,0,0.19516721510562438
0,0,0.19511722260376732
0,0,0.19515906008593414
0,0,0.19516806928854097
0,0,0.19415159199986706
0,0,0.19375199179904065
1,0,0.19441979909485152
1,0,0.1952495837573125
1,0,0.19512067086935161
1,0,0.19577853106544574
1,0,0.19559993546520316
1,0,0.19525877021476035
1,0,0.1955438914700568
1,0,0.1929517113842032
1,0,0.19453162042900468
1,0,0.1956752647118207
1,0,0.1857893319167086
1,0,0.18503071967739637
1,0,0.19068409414115498
1,0,0.19001245353113652
1,0,0.19363945817174943
1,0,0.19539815453203851
1,0,0.19563706871565326
1,0,0.1953735178520332
1,0,0.19566667096307913
1,0,0.19656197652832458
1,0,0.18742041229704945
1,0,0.1835670498630509
1,0,0.1949067316484005
1,0,0.19518730870553894
1,0,0.19373798790525304
1,0,0.19274309259448055
1,0,0.19322288104845775
1,0,0.19289012514884527
1,0,0.19661527733928924
1,0,0.1950758223754759
1,0,0.19260363881279138
1,0,0.19556325253231033
1,0,0.19490901654566473
1,0,0.1948976908233128
1,0,0.19467808170495945
1,0,0.19499456979514473
1,0,0.19499532669727795
1,0,0.19494632131912787
1,0,0.19549236209645673
1,0,0.19539867922090623
1,0,0.1955575695088595
1,0,0.19401982529092834
1,0,0.19224037824667498
1,0,0.19325343314629853
1,0,0.19579037410652672
1,0,0.19613784173435253
0,0,0.1946213998928708
0,0,0.19478271326605573
0,0,0.19558851548607048
0,0,0.19513174510458006
0,0,0.1956988043762745
0,0,0.19625453013400862
0,0,0.19535438199546643
0,0,0.1957154790069076
0,0,0.19424705669452813
0,0,0.193673421379984
0,0,0.19516351207764637
0,0,0.19506572915510828
0,0,0.19517053853660235
0,0,0.1945535235543044
0,0,0.19229874930315846
0,0,0.18424309270012107
0,0,0.19028187796196944
0,0,0.19460118083621747
0,0,0.1911604544934899
0,0,0.19216544219465234
0,0,0.19465374070584815
0,0,0.19449694861652667
0,0,0.1888886174660993
0,0,0.19037713314971286
0,0,0.19172901736148132
0,0,0.19459548635537277
0,0,0.1961401774390629
0,0,0.19595887169135576
0,0,0.19535088309097318
0,0,0.1949404955579929
0,0,0.1931653912092964
0,0,0.1933336879362556
0,0,0.1952852810940747
0,0,0.19515952147374147
0,0,0.19570199626417514
0,0,0.1948112265900603
0,0,0.19523129583348317
0,0,0.19534037852188546
0,0,0.1952057764099249
0,0,0.1965360483682762
0,0,0.19364008846146655
0,0,0.19318479157044618
0,0,0.1952152130943579
0,0,0.19611523642893902
0,0,0.19572216498961834
0,0,0.19318300362430313
0,0,0.19395977473641135
0,0,0.18641519507201545
0,0,0.18901473108960942
0,0,0.1881935600340264
0,0,0.18844469948504985
0,0,0.19548361672284326
0,0,0.19270947839536873
0,0,0.1909904676829865
0,0,0.1948639242354771
0,0,0.19488314409189036
0,0,0.19563214333521728
0,0,0.1956958620944602
0,0,0.19483740428454216
0,0,0.19386261016293446
0,0,0.1953445564798152
0,0,0.19526806171438368
0,0,0.19229422339693317
0,0,0.19036946117033235
0,0,0.18899994165525247
0,0,0.1922697860528169
0,0,0.19498602143216565
0,0,0.19561258398378023
1,0,0.19459801559937204
1,0,0.19397052754889207
1,0,0.19487775526429943
1,0,0.1946376792758241
1,0,0.19388829658454526
1,0,0.19451693958251626
1,0,0.19441011285056808
1,0,0.19493093833853722
1,0,0.1949449248985182
1,0,0.1946165712949736
1,0,0.1942557350742348
1,0,0.19508323282337167
1,0,0.19513977716837563
1,0,0.19346730785852034
1,0,0.1942236721342689
1,0,0.19548927545032285
1,0,0.1949034396971152
1,0,0.19308958297328233
1,0,0.19381709036124822
1,0,0.19515451560485828
1,0,0.19485267316694527
1,0,0.1954545329947752
1,0,0.19474967858613978
1,0,0.19473424787469581
1,0,0.1948733215570739
1,0,0.1957131784653025
1,0,0.19433005641471493
1,0,0.19270662499612337
1,0,0.19424872003279028
1,0,0.19502336383540878
1,0,0.19514385058405806
1,0,0.19489926235745564
1,0,0.19500226883585078
1,0,0.1952076839582808
1,0,0.19493885935476846
1,0,0.19540153762559304
1,0,0.1955220784424352
1,0,0.19575324141335212
1,0,0.19557465086030792
1,0,0.19512281862067168
1,0,0.1957952746754619
1,0,0.1967721799049474
1,0,0.19410168657137836
1,0,0.19219118187804266
1,0,0.19405240122853354
1,0,0.19512605252440066
0,0,0.09370443861430547
0,0,0.09370443861430547
0,0,0.09370443861430547
0,0,0.09370443861430547
0,0,0.09370443861430547
0,0,0.09370443861430547
0,0,0.09370443861430547
0,0,0.09370443861430547
0,0,0.09370443861430547
0,0,0.09370443861430547
0,0,0.09370443861430547
0,0,0.09370443861430547
0,0,0.09370443861430547
0,0,0.09370443861430547
0,0,0.09370443861430547
0,0,0.09370443861430547
0,0,0.09370443861430547
0,0,0.09370443861430547
0,0,0.09370443861430547
0,0,0.09370443861430547
0,0,0.09370443861430547
0,0,0.09370443861430547
0,0,0.09370443861430547
1,0,0.09370443861430547
1,0,0.09370443861430547
1,0,0.09370443861430547
1,0,0.09370443861430547
1,0,0.09370443861430547
1,0,0.09370443861430547
1,0,0.09370443861430547
1,0,0.09370443861430547
1,0,0.09370443861430547
1,0,0.09370443861430547
1,0,0.09370443861430547
1,0,0.09370443861430547
1,0,0.09370443861430547
1,0,0.09370443861430547
1,0,0.09370443861430547
1,0,0.09370443861430547
1,0,0.09370443861430547
1,0,0.09370443861430547
1,0,0.09370443861430547
1,0,0.09370443861430547
1,0,0.09370443861430547
1,0,0.09370443861430547
1,0,0.09370443861430547
1,0,0.09370443861430547
1,0,0.09370443861430547
1,0,0.09370443861430547
1,0,0.09370443861430547
1,0,0.09370443861430547
1,0,0.09370443861430547
1,0,0.09370443861430547
1,0,0.09370443861430547
1,0,0.09370443861430547
1,0,0.09370443861430547
1,0,0.09370443861430547
1,0,0.09370443861430547
1,0,0.09370443861430547
1,0,0.09370443861430547
1,0,0.09370443861430547
1,0,0.09370443861430547
1,0,0.09370443861430547
1,0,0.09370443861430547
1,0,0.09370443861430547
1,0,0.09370443861430547
1,0,0.09370443861430547
1,0,0.09370443861430547
1,0,0.09370443861430547
1,0,0.09370443861430547
1,0,0.09370443861430547
1,0,0.09370443861430547
1,0,0.09370443861430547
1,0,0.09370443861430547
1,0,0.09370443861430547
1,0,0.09370443861430547
1,0,0.09370443861430547
1,0,0.09370443861430547
1,0,0.09370443861430547
1,0,0.09370443861430547
1,0,0.09370443861430547
1,0,0.09370443861430547
1,0,0.09370443861430547
1,0,0.09370443861430547
1,0,0.09370443861430547
1,0,0.09370443861430547
1,0,0.09370443861430547
1,0,0.09370443861430547
1,0,0.09370443861430547
1,0,0.09370443861430547
1,0,0.09370443861430547
1,0,0.09370443861430547
1,0,0.09370443861430547
1,0,0.09370443861430547
1,0,0.09370443861430547
1,0,0.09370443861430547
1,0,0.09370443861430547
1,0,0.09370443861430547
1,0,0.09370443861430547
1,0,0.09370443861430547
1,0,0.09370443861430547
1,0,0.09370443861430547
1,0,0.09370443861430547
1,0,0.09370443861430547
1,0,0.09370443861430547
1,0,0.09370443861430547
1,0,0.09370443861430547
1,0,0.09370443861430547
1,0,0.09370443861430547
1,0,0.09370443861430547
1,0,0.09370443861430547
1,0,0.09370443861430547
1,0,0.09370443861430547
1,0,0.09370443861430547
1,0,0.09370443861430547
1,0,0.09370443861430547
1,0,0.09370443861430547
0,0,0.09370443861430547
0,0,0.09370443861430547
0,0,0.09370443861430547
0,0,0.09370443861430547
0,0,0.09370443861430547
0,0,0.09370443861430547
0,0,0.09370443861430547
0,0,0.09370443861430547
0,0,0.09370443861430547
0,0,0.09370443861430547
0,0,0.09370443861430547
0,0,0.09370443861430547
0,0,0.09370443861430547
0,0,0.09370443861430547
0,0,0.09370443861430547
0,0,0.09370443861430547
0,0,0.09370443861430547
0,0,0.09370443861430547
0,0,0.09370443861430547
0,0,0.09370443861430547
0,0,0.09370443861430547
0,0,0.09370443861430547
0,0,0.09370443861430547
0,0,0.09370443861430547
0,0,0.09370443861430547
0,0,0.09370443861430547
0,0,0.09370443861430547
0,0,0.09370443861430547
0,0,0.09370443861430547
0,0,0.09370443861430547
0,0,0.09370443861430547
0,0,0.09370443861430547
0,0,0.09370443861430547
0,0,0.09370443861430547
0,0,0.09370443861430547
0,0,0.09370443861430547
0,0,0.09370443861430547
0,0,0.09370443861430547
0,0,0.09370443861430547
0,0,0.09370443861430547
0,0,0.09370443861430547
0,0,0.09370443861430547
0,0,0.09370443861430547
0,0,0.09370443861430547
0,0,0.09370443861430547
0,0,0.09370443861430547
1,0,0.09370443861430547
1,0,0.09370443861430547
1,0,0.09370443861430547
1,0,0.09370443861430547
1,0,0.09370443861430547
1,0,0.09370443861430547
1,0,0.09370443861430547
1,0,0.09370443861430547
1,0,0.09370443861430547
1,0,0.09370443861430547
1,0,0.09370443861430547
1,0,0.09370443861430547
1,0,0.09370443861430547
1,0,0.09370443861430547
1,0,0.09370443861430547
1,0,0.09370443861430547
1,0,0.09370443861430547
1,0,0.09370443861430547
1,0,0.09370443861430547
1,0,0.09370443861430547
1,0,0.09370443861430547
1,0,0.09370443861430547
1,0,0.09370443861430547
1,0,0.09370443861430547
1,0,0.09370443861430547
1,0,0.09370443861430547
1,0,0.09370443861430547
1,0,0.09370443861430547
1,0,0.09370443861430547
1,0,0.09370443861430547
1,0,0.09370443861430547
1,0,0.09370443861430547
1,0,0.09370443861430547
1,0,0.09370443861430547
1,0,0.09370443861430547
1,0,0.09370443861430547
1,0,0.09370443861430547
1,0,0.09370443861430547
1,0,0.09370443861430547
1,0,0.09370443861430547
1,0,0.09370443861430547
1,0,0.09370443861430547
1,0,0.09370443861430547
1,0,0.09370443861430547
1,0,0.09370443861430547
1,0,0.09370443861430547
0,0,0.09370443861430547
0,0,0.09370443861430547
0,0,0.09370443861430547
0,0,0.09370443861430547
0,0,0.09370443861430547
0,0,0.09370443861430547
0,0,0.09370443861430547
0,0,0.09370443861430547
0,0,0.09370443861430547
0,0,0.09370443861430547
0,0,0.09370443861430547
0,0,0.09370443861430547
0,0,0.09370443861430547
0,0,0.09370443861430547
0,0,0.09370443861430547
0,0,0.09370443861430547
0,0,0.09370443861430547
0,0,0.09370443861430547
0,0,0.09370443861430547
0,0,0.09370443861430547
0,0,0.09370443861430547
0,0,0.09370443861430547
0,0,0.09370443861430547
0,0,0.09370443861430547
0,0,0.09370443861430547
0,0,0.09370443861430547
0,0,0.09370443861430547
0,0,0.09370443861430547
0,0,0.09370443861430547
0,0,0.09370443861430547
0,0,0.09370443861430547
0,0,0.09370443861430547
0,0,0.09370443861430547
0,0,0.09370443861430547
0,0,0.09370443861430547
0,0,0.09370443861430547
0,0,0.09370443861430547
0,0,0.09370443861430547
0,0,0.09370443861430547
0,0,0.09370443861430547
0,0,0.09370443861430547
0,0,0.09370443861430547
0,0,0.09370443861430547
0,0,0.09370443861430547
0,0,0.09370443861430547
0,0,0.09370443861430547
0,0,0.09370443861430547
0,0,0.09370443861430547
0,0,0.09370443861430547
0,0,0.09370443861430547
0,0,0.09370443861430547
0,0,0.09370443861430547
0,0,0.09370443861430547
0,0,0.09370443861430547
0,0,0.09370443861430547
0,0,0.09370443861430547
0,0,0.09370443861430547
0,0,0.09370443861430547
0,0,0.09370443861430547
1,0,0.09370443861430547
1,0,0.09370443861430547
1,0,0.09370443861430547
1,0,0.09370443861430547
1,0,0.09370443861430547
1,0,0.09370443861430547
1,0,0.09370443861430547
1,0,0.09370443861430547
1,0,0.09370443861430547
1,0,0.09370443861430547
1,0,0.09370443861430547
1,0,0.09370443861430547
1,0,0.09370443861430547
1,0,0.09370443861430547
1,0,0.09370443861430547
1,0,0.09370443861430547
1,0,0.09370443861430547
1,0,0.09370443861430547
1,0,0.09370443861430547
1,0,0.09370443861430547
1,0,0.09370443861430547
1,0,0.09370443861430547
1,0,0.09370443861430547
1,0,0.09370443861430547
1,0,0.09370443861430547
1,0,0.09370443861430547
1,0,0.09370443861430547
1,0,0.09370443861430547
1,0,0.09370443861430547
1,0,0.09370443861430547
1,0,0.09370443861430547
1,0,0.09370443861430547
1,0,0.09370443861430547
1,0,0.09370443861430547
1,0,0.09370443861430547
1,0,0.09370443861430547
1,0,0.09370443861430547
1,0,0.09370443861430547
1,0,0.09370443861430547
1,0,0.09370443861430547
1,0,0.09370443861430547
1,0,0.09370443861430547
1,0,0.09370443861430547
1,0,0.09370443861430547
1,0,0.09370443861430547
1,0,0.09370443861430547
0,0,0.09370443861430547
0,0,0.09370443861430547
0,0,0.09370443861430547
0,0,0.09370443861430547
0,0,0.09370443861430547
0,0,0.09370443861430547
0,0,0.09370443861430547
0,0,0.09370443861430547
0,0,0.09370443861430547
0,0,0.09370443861430547
0,0,0.09370443861430547
0,0,0.09370443861430547
0,0,0.09370443861430547
0,0,0.09370443861430547
0,0,0.09370443861430547
0,0,0.09370443861430547
0,0,0.09370443861430547
0,0,0.09370443861430547
0,0,0.09370443861430547
0,0,0.09370443861430547
0,0,0.09370443861430547
0,0,0.09370443861430547
0,0,0.09370443861430547
0,0,0.09370443861430547
0,0,0.09370443861430547
0,0,0.09370443861430547
0,0,0.09370443861430547
0,0,0.09370443861430547
0,0,0.09370443861430547
0,0,0.09370443861430547
0,0,0.09370443861430547
0,0,0.09370443861430547
0,0,0.09370443861430547
0,0,0.09370443861430547
0,0,0.09370443861430547
0,0,0.09370443861430547
0,0,0.09370443861430547
0,0,0.09370443861430547
0,0,0.09370443861430547
0,0,0.09370443861430547
0,0,0.09370443861430547
0,0,0.09370443861430547
0,0,0.09370443861430547
0,0,0.09370443861430547
0,0,0.09370443861430547
0,0,0.09370443861430547
0,0,0.09370443861430547
0,0,0.09370443861430547
0,0,0.09370443861430547
0,0,0.09370443861430547
0,0,0.09370443861430547
0,0,0.09370443861430547
0,0,0.09370443861430547
0,0,0.09370443861430547
0,0,0.09370443861430547
0,0,0.09370443861430547
0,0,0.09370443861430547
0,0,0.09370443861430547
0,0,0.09370443861430547
0,0,0.09370443861430547
0,0,0.09370443861430547
0,0,0.09370443861430547
0,0,0.09370443861430547
0,0,0.09370443861430547
0,0,0.09370443861430547
0,0,0.09370443861430547
0,0,0.09370443861430547
0,0,0.09370443861430547
0,0,0.09370443861430547
0,0,0.09370443861430547
0,0,0.09370443861430547
0,0,0.09370443861430547
0,0,0.09370443861430547
0,0,0.09370443861430547
0,0,0.09370443861430547
0,0,0.09370443861430547
0,0,0.09370443861430547
0,0,0.09370443861430547
0,0,0.09370443861430547
0,0,0.09370443861430547
0,0,0.09370443861430547
0,0,0.09370443861430547
0,0,0.09370443861430547
0,0,0.09370443861430547
0,0,0.09370443861430547
0,0,0.09370443861430547
0,0,0.09370443861430547
0,0,0.09370443861430547
0,0,0.09370443861430547
0,0,0.09370443861430547
0,0,0.09370443861430547
0,0,0.09370443861430547
0,0,0.09370443861430547
0,0,0.09370443861430547
0,0,0.09370443861430547
0,0,0.09370443861430547
0,0,0.09370443861430547
0,0,0.09370443861430547
0,0,0.09370443861430547
0,0,0.09370443861430547
0,0,0.09370443861430547
0,0,0.09370443861430547
0,0,0.09370443861430547
0,0,0.09370443861430547
0,0,0.09370443861430547
0,0,0.09370443861430547
0,0,0.09370443861430547
0,0,0.09370443861430547
0,0,0.09370443861430547
0,0,0.09370443861430547
0,0,0.09370443861430547
0,0,0.09370443861430547
0,0,0.09370443861430547
0,0,0.09370443861430547
0,0,0.16208701115582153
0,0,0.16383999140289346
0,0,0.15968598894083985
0,0,0.15231057720618663
0,0,0.14182627752753096
0,0,0.1398143285902151
0,0,0.14169096408737655
0,0,0.14559981875455313
0,0,0.1432981386671425
0,0,0.14280541275564831
0,0,0.14301754969739056
0,0,0.1481403480244567
0,0,0.15640785970843038
0,0,0.15335444734265125
0,0,0.15061474510498543
0,0,0.1474508749985571
0,0,0.1456504331226578
0,0,0.1394114905197882
0,0,0.13825816648713482
0,0,0.1370411381421332
0,0,0.1315583553127006
0,0,0.1328394095579314
0,0,0.12860852461944383
0,0,0.09353187474487155
0,0,0.10789235737867851
0,0,0.11993261414576195
0,0,0.10453005082336579
0,0,0.1012420506795485
0,0,0.1121268407554809
0,0,0.1175784453260888
0,0,0.11625774449758737
0,0,0.13222811417419197
0,0,0.15495630005448097
0,0,0.15086499449087692
0,0,0.14078861223551248
0,0,0.1314579171407805
0,0,0.13273286846101817
0,0,0.13467957408193157
0,0,0.13048400573776145
0,0,0.14035487484550166
0,0,0.14701329895823986
0,0,0.1404295602893608
0,0,0.13272499786133524
0,0,0.12361839204725329
0,0,0.12346270907283469
0,0,0.12769202316858833
0,0,0.1335914191833189
0,0,0.13887583038464618
0,0,0.14196296705494665
0,0,0.15027721118353524
0,0,0.14780287232753989
0,0,0.1508038297886231
0,0,0.14970003720238836
0,0,0.14419344398301603
0,0,0.1464543995558775
0,0,0.15311535685003316
0,0,0.15637543922978003
0,0,0.15494310121487181
0,0,0.14943819764751087
0,0,0.15157247226485102
0,0,0.15990368476245467
0,0,0.16735201066661967
0,0,0.1614143804481253
0,0,0.1460634534270172
0,0,0.14422310173984867
0,0,0.15589614396419663
0,0,0.1636047319941031
0,0,0.1514241118790614
0,0,0.12662404808512223
0,0,0.12373269445721424
0,0,0.13963523186835977
0,0,0.15385257138854133
0,0,0.16523293158627836
0,0,0.17814996720732795
0,0,0.17827562071943118
0,0,0.1790024146416018
0,0,0.17531541616598345
0,0,0.16265672241177406
0,0,0.16354130848210105
0,0,0.1693590263876563
0,0,0.16773085985334246
0,0,0.15540498275429812
0,0,0.16092347198401177
0,0,0.1700605431687891
0,0,0.1762340001551643
0,0,0.18253115520622507
0,0,0.17762939471270509
0,0,0.17345122741993707
0,0,0.167266542949893
0,0,0.1707393847723433
0,0,0.1733893898247086
0,0,0.17466681145295077
0,0,0.1761332549612187
0,0,0.17801253190057226
1,0,0.10724179971178104
1,0,0.09573489705109911
1,0,0.09419228364263073
1,0,0.09467696975613346
1,0,0.09593414241002653
1,0,0.09598338000034191
1,0,0.09627505674548281
1,0,0.09837401427705547
1,0,0.0974893061877649
1,0,0.09718032792799393
1,0,0.0970379510921565
1,0,0.09626000229493674
1,0,0.09750410191199568
1,0,0.09909120840824168
1,0,0.09756379710665297
1,0,0.09875095770522226
1,0,0.09879792738391589
1,0,0.1014662789167322
1,0,0.10562588026973517
1,0,0.10423409153197484
1,0,0.09910054949958726
1,0,0.09755132089809385
1,0,0.09616368106680442
1,0,0.10005796172345229
1,0,0.0995253395901072
1,0,0.0988162132416044
1,0,0.09897802692632526
1,0,0.09842482079823173
1,0,0.09868051875009562
1,0,0.09855723008264716
1,0,0.0973635272173751
1,0,0.09785483781037088
1,0,0.0988395154977024
1,0,0.09652019532292624
1,0,0.0973858854894248
1,0,0.09831026902100379
1,0,0.09927407630817536
1,0,0.09807241913892815
1,0,0.09682585072952868
1,0,0.09636681430504063
1,0,0.09650045866917256
1,0,0.09660654037675635
1,0,0.09591412893155257
1,0,0.09650303864055097
1,0,0.09605685902640794
1,0,0.09527125391849318
1,0,0.09514858204360437
1,0,0.09524547606565775
1,0,0.0948376658198518
1,0,0.09453136971767835
1,0,0.0948589234123292
1,0,0.09456735213651686
1,0,0.09431649681471267
1,0,0.09416334666827315
1,0,0.0940439471509792
1,0,0.09379770448952782
1,0,0.09493973362521055
1,0,0.09607515091784828
1,0,0.0949384666385738
1,0,0.09499324119706178
1,0,0.0949825613645086
1,0,0.09545589260257216
1,0,0.09495860115755632
1,0,0.09539998263017728
1,0,0.09595814597926204
1,0,0.09621598306238105
1,0,0.09601907703034204
1,0,0.09627360731270697
1,0,0.0985144675020636
1,0,0.09370443861430547
1,0,0.09370443861430547
1,0,0.09370443861430547
1,0,0.09370443861430547
1,0,0.09370443861431002
1,0,0.0937044386143061
1,0,0.09370443861430547
1,0,0.09370443861430547
1,0,0.09370443865199644
1,0,0.09370444350551936
1,0,0.09370455284386485
1,0,0.09370446201566486
1,0,0.0937044412289718
1,0,0.0937044390894397
1,0,0.09370474022379272
1,0,0.0937044435339304
1,0,0.09370443862240724
1,0,0.0937046393418715
1,0,0.0938102684194451
1,0,0.09371365861026223
1,0,0.09387809418848382
1,0,0.09455695674793518
1,0,0.09370518129826262
1,0,0.1014205209677964
1,0,0.09816872541086272
1,0,0.09832147139748432
1,0,0.10032728005944903
1,0,0.1002771803624635
1,0,0.09920687314450777
1,0,0.09763612608597498
1,0,0.09734371517376023
1,0,0.09726318841557685
1,0,0.09606648897680584
1,0,0.09635649947830137
1,0,0.09768740811561555
1,0,0.09815868214399404
1,0,0.09715079484170351
1,0,0.09557234229323339
1,0,0.09543199944414998
1,0,0.09663741055216167
1,0,0.09799478059633229
1,0,0.09982731237021049
1,0,0.09831811656831269
1,0,0.09684574855165166
1,0,0.09760547928688687
1,0,0.09860186362888096
0,0,0.16911556214895118
0,0,0.16790389934207783
0,0,0.1711736160616955
0,0,0.17104340307481908
0,0,0.16910968882321759
0,0,0.16940511663824498
0,0,0.17509308862170148
0,0,0.17518712592807403
0,0,0.17603759865654653
0,0,0.16967714657451702
0,0,0.16016940224758597
0,0,0.1730842427147732
0,0,0.18459874496825754
0,0,0.1520295776535724
0,0,0.10019582848758204
0,0,0.09558520894501746
0,0,0.11081987890432377
0,0,0.1189898782638392
0,0,0.1726857194747543
0,0,0.18459801497438358
0,0,0.14565843073663906
0,0,0.16241401558416224
0,0,0.17896155835675762
0,0,0.17052784910366697
0,0,0.10013398764390903
0,0,0.0968503515861703
0,0,0.14829247581362362
0,0,0.1592615566188269
0,0,0.14807947270227506
0,0,0.11736060784677034
0,0,0.12725033708822728
0,0,0.1306195117358707
0,0,0.1751626464892574
0,0,0.09372256485197068
0,0,0.09380911826473735
0,0,0.1881215598192966
0,0,0.18216462461813296
0,0,0.17028179899158433
0,0,0.17328492424868355
0,0,0.18123523445089407
0,0,0.18286949587429457
0,0,0.1818279229532279
0,0,0.18145105062626313
0,0,0.17749961897301234
0,0,0.1809739015683081
0,0,0.13455148984989262
0,0,0.13480754646412724
0,0,0.1847197613217579
0,0,0.18227336017322687
0,0,0.1869867778167041
0,0,0.17439407564298384
0,0,0.1783114550764054
0,0,0.17407591984435286
0,0,0.16883997045257723
0,0,0.18410738788092634
0,0,0.1746017238788676
0,0,0.18459554503538012
0,0,0.1879113371585048
0,0,0.19023341705354507
0,0,0.09952543734931849
0,0,0.09698011730114325
0,0,0.0967848103736747
0,0,0.09788006422418977
0,0,0.09691142142695364
0,0,0.09750644213169499
0,0,0.09923595826201063
0,0,0.09675922354798441
0,0,0.09485298657913956
0,0,0.09445718950116391
0,0,0.09550993155840327
0,0,0.09836355916659835
0,0,0.09940693649494617
0,0,0.09843806026961703
0,0,0.09448183173323167
0,0,0.09567251623601626
0,0,0.09697307306006167
0,0,0.09422192715573005
0,0,0.09373559333638179
0,0,0.09370448700482527
0,0,0.09370443884177465
0,0,0.09370443944938107
0,0,0.09370443861919679
1,0,0.09506569612699031
1,0,0.09534159059986241
1,0,0.09678038577759343
1,0,0.10014946508830827
1,0,0.10023046049044267
1,0,0.09908642212118828
1,0,0.09969026223864456
1,0,0.09980122142757114
1,0,0.09694715438191635
1,0,0.0960179383459154
1,0,0.09615605621716725
1,0,0.09688313972962148
1,0,0.09715216127928546
1,0,0.09559587822047523
1,0,0.09634391313545353
1,0,0.09665253671792295
1,0,0.09611280422501477
1,0,0.09594499739630982
1,0,0.09616673290869608
1,0,0.09664075823616364
1,0,0.09648118215703855
1,0,0.09541117207639269
1,0,0.09553202707887593
0,0,0.14035126800447187
0,0,0.13750656527364052
0,0,0.14032675023114272
0,0,0.14986383033267675
0,0,0.15009664902044187
0,0,0.14350902711283964
0,0,0.14189628607140622
0,0,0.1509546030737646
0,0,0.16202054762263915
0,0,0.15668337709548782
0,0,0.14146568126600412
0,0,0.14426810423648886
0,0,0.15386053384476647
0,0,0.15080958759644866
0,0,0.13836894674651143
0,0,0.1400616814846246
0,0,0.14174205849700813
0,0,0.14728098668555167
0,0,0.15350141358971398
0,0,0.14480533781616794
0,0,0.14822631843206496
0,0,0.15482983121405988
0,0,0.16233363583022778
0,0,0.16395280564185302
0,0,0.15322506950578052
0,0,0.1461595958547141
0,0,0.1491022483769704
0,0,0.15577050300165754
0,0,0.15613176967069173
0,0,0.15617536181833488
0,0,0.1550915971409519
0,0,0.14830461106492293
0,0,0.1395168509630088
0,0,0.14267101807503496
0,0,0.13717323551363508
0,0,0.13384209089007573
0,0,0.1370258037707074
0,0,0.13738582576264702
0,0,0.13694939129601671
0,0,0.13395484032516364
0,0,0.1369041404541182
0,0,0.13459490993985782
0,0,0.12415972764565628
0,0,0.12288935762061959
0,0,0.12823088606472818
0,0,0.1310707913604626
0,0,0.12879270627973063
0,0,0.12547740091232373
0,0,0.1288106624122397
0,0,0.13772797324755606
0,0,0.1346102628072937
0,0,0.12611733370514366
0,0,0.12477937502053596
0,0,0.1239859097309964
0,0,0.1273469162261624
0,0,0.13437465527102588
0,0,0.13541315909853216
0,0,0.1320769727244468
0,0,0.1286463193859695
0,0,0.13282043766507826
0,0,0.13442978968411334
0,0,0.13882314443494054
0,0,0.14387840249435574
0,0,0.13322852621395675
0,0,0.11693081689541736
0,0,0.13071067668549452
0,0,0.1339914933593411
0,0,0.1331145477926854
0,0,0.14853254568561217
0,0,0.14871627392914502
0,0,0.1397484443121929
0,0,0.13456098205274203
0,0,0.1300655275344688
0,0,0.13200182750161468
0,0,0.13178084846982557
0,0,0.13327863403298987
0,0,0.14169868389731063
0,0,0.13462777379064825
0,0,0.13110105640120112
0,0,0.1303255139838433
0,0,0.1227702167789898
0,0,0.12281316055532644
0,0,0.12341805304965922
0,0,0.12595293065051308
0,0,0.12811249863719185
0,0,0.12604413297597095
0,0,0.12652229875897952
0,0,0.12433863793694222
0,0,0.1272805936484101
0,0,0.1324241577914998
0,0,0.13359348344644187
0,0,0.13431562456655877
0,0,0.1345580504951544
0,0,0.13316110240840118
0,0,0.1309868715243568
0,0,0.13410682670536372
0,0,0.14021534454626605
0,0,0.14634246360109476
0,0,0.15226763827315332
0,0,0.14770288324549907
0,0,0.1424879332906099
0,0,0.14846309229605612
0,0,0.15557466458915353
0,0,0.15061035030838524
0,0,0.14225904085039345
0,0,0.14879941182174314
0,0,0.15057679000943514
0,0,0.1466185980875863
0,0,0.1451402802910644
0,0,0.1449893894075869
0,0,0.14922059313240074
0,0,0.15373431723722442
0,0,0.15253527031392514
0,0,0.15074759967923843
0,0,0.13484157254582915
0,0,0.13140719637864776
0,0,0.1294530076088933
0,0,0.13475968047392212
0,0,0.12857185655750827
0,0,0.13656903490401856
0,0,0.15732210978993216
0,0,0.16668975152610183
0,0,0.15322897676952074
0,0,0.14723904990931105
0,0,0.14743996351538496
0,0,0.14397760961541878
0,0,0.16605584714591606
0,0,0.168773362415824
0,0,0.16438308354268913
0,0,0.15582125956738482
0,0,0.12961984651090194
0,0,0.1197936737142929
0,0,0.134719844462507
0,0,0.13404695035590652
0,0,0.12938116098960678
0,0,0.1181301832811321
0,0,0.12143253607676292
0,0,0.21350281042729574
0,0,0.20989651068534027
0,0,0.1926872624863212
0,0,0.19803961899865455
0,0,0.20710612426718947
0,0,0.19256575135088774
0,0,0.1754888503767618
0,0,0.19395881939943863
0,0,0.20688187699523253
0,0,0.1989570927501549
0,0,0.17911361834172876
0,0,0.18878608488145965
0,0,0.1968091361392026
0,0,0.18833808769896884
0,0,0.19017558806474072
0,0,0.1979882996427541
0,0,0.19019759118916382
0,0,0.19506897339192514
0,0,0.20221987113023182
0,0,0.20590391135794991
0,0,0.19832537236756345
0,0,0.19815968924081617
0,0,0.19337238603333953
0,0,0.19844046924383563
0,0,0.1935357142284888
0,0,0.1887877177662558
0,0,0.1857821540814324
0,0,0.19878694550516138
0,0,0.2003096050331924
0,0,0.18834204839374752
0,0,0.18125829019134396
0,0,0.1923623547671907
0,0,0.18853746383561107
0,0,0.18719334986252473
0,0,0.19593452511616932
0,0,0.20066851336601296
0,0,0.19041806516918663
0,0,0.19307757914371707
0,0,0.20311537862429743
0,0,0.20561296976635546
0,0,0.18008349848595342
0,0,0.17655427942008117
0,0,0.17898181972929772
0,0,0.18530126803818192
0,0,0.19165368094266963
0,0,0.19425650176170528
0,0,0.19181005549206967
0,0,0.20041100650321697
0,0,0.20780908182078128
0,0,0.20844098659383034
0,0,0.2075290752948088
0,0,0.2117715193818535
0,0,0.19469964591588756
0,0,0.1939414113759849
0,0,0.19055198809273835
0,0,0.19552521877933446
0,0,0.19132050555187533
0,0,0.1883925245610122
0,0,0.1942538568967137
0,0,0.2048081426301716
0,0,0.207509303273858
0,0,0.19851146312566723
0,0,0.1879219798557407
0,0,0.18696866836007206
0,0,0.19672848922520128
0,0,0.18684089819637636
0,0,0.16688598151111877
0,0,0.16859022390238382
0,0,0.17474157594837428
0,0,0.17903277659459318
0,0,0.1719884425725346
0,0,0.1121851340259508
0,0,0.10727073896250154
0,0,0.10512636608908303
0,0,0.1042133214109539
0,0,0.1028776176937835
0,0,0.10514322906731485
0,0,0.1065312890484254
0,0,0.10387444163853979
0,0,0.10322058777007116
0,0,0.10480076234063417
0,0,0.10775550321950794
0,0,0.10686138591170742
0,0,0.10599826208211266
0,0,0.10609757123359999
0,0,0.10434358954760864
0,0,0.10418694361658355
0,0,0.10266454241631458
0,0,0.10539403368674295
0,0,0.11445444087249305
0,0,0.12269946604875788
0,0,0.13654721809388384
0,0,0.13557335435874918
0,0,0.1362418742416739
0,0,0.09949051534327476
0,0,0.10123635463558907
0,0,0.10062697308808902
0,0,0.09370443608870163
0,0,0.09370443861430547
0,0,0.09370443861430547
0,0,0.09370443861430547
0,0,0.09370443861430547
0,0,0.09370443861419332
0,0,0.10390001232770502
0,0,0.10461483811884112
0,0,0.10122279883344264
0,0,0.09369095520528614
0,0,0.09370152541730734
0,0,0.09370443861430547
0,0,0.09370443861430547
0,0,0.10283262784074658
0,0,0.10361160750686563
0,0,0.1086407646876266
0,0,0.09809055243332084
0,0,0.09669328659968762
0,0,0.10595339244827363
0,0,0.10587083821685804
0,0,0.0937044386025881
0,0,0.09370443861430547
0,0,0.09370443861430547
0,0,0.09370443861430547
0,0,0.09370443861039056
0,0,0.10339308934777085
0,0,0.1090842212794884
0,0,0.10978270814398021
0,0,0.10704320720388875
0,0,0.10740201793560238
0,0,0.10947699892444811
0,0,0.11359792146241966
0,0,0.11228042270278513
0,0,0.11016596806850487
0,0,0.11247840530754061
0,0,0.11216839234549518
0,0,0.11323154682037018
0,0,0.11372007514495117
0,0,0.11223471966766564
0,0,0.09451907818891049
0,0,0.0951304989708095
0,0,0.09360761844725797
0,0,0.09352377528636213
0,0,0.10939574627976689
0,0,0.09699637437081828
0,0,0.11130180899080709
0,0,0.10826668051470856
0,0,0.11129775063213315
0,0,0.11900948119898012
0,0,0.11671466874156759
0,0,0.12087168056625228
0,0,0.09362690488901829
0,0,0.09364231029581228
0,0,0.10904437906490953
0,0,0.10820880871241978
0,0,0.1097391179988857
0,0,0.11144555815246747
0,0,0.11363377656177284
0,0,0.11813574265796074
0,0,0.12444971106552005
0,0,0.1063189734036456
0,0,0.09653500890442619
0,0,0.12140956390617659
0,0,0.14903299673234993
0,0,0.13719051184056152
0,0,0.14886145154972838
0,0,0.09370053001704477
0,0,0.09370443861430547
0,0,0.09370443861430547
0,0,0.09370443861430547
0,0,0.09370443861430547
0,0,0.09370443861419686
0,0,0.11433105803652745
0,0,0.09370440864093568
0,0,0.09370443861430547
0,0,0.09370443861430547
0,0,0.09370443861430547
0,0,0.09705709806755068
0,0,0.11093258207140082
0,0,0.11124774404005057
0,0,0.11429613608076465
0,0,0.12449112058636831
0,0,0.09369991490907373
0,0,0.09370443861430512
0,0,0.0937018802096159
0,0,0.144549597412912
0,0,0.1456617850701553
0,0,0.14097376022655345
0,0,0.0936987220483849
0,0,0.16331571615269108
0,0,0.1624866368402913
0,0,0.17055795673594815
0,0,0.17317667407025714
0,0,0.17372553362948168
0,0,0.17601237356897606
0,0,0.1738609419436811
0,0,0.17608711107334962
0,0,0.17273596076592132
0,0,0.16886191673236584
0,0,0.16883952282766274
0,0,0.16190471641319631
0,0,0.15644863743185403
0,0,0.1515684592773293
0,0,0.1424087318644487
0,0,0.1501863306133618
0,0,0.15553195175580795
0,0,0.12952911598296055
0,0,0.1262397665332215
0,0,0.1524417870439043
0,0,0.15594800568848016
0,0,0.15027490963923462
0,0,0.15621239862572942
0,0,0.15815970978790697
0,0,0.1479199315885826
0,0,0.14844969575419953
0,0,0.15842210972972662
0,0,0.15710188014425136
0,0,0.14378619358017597
0,0,0.1507632248689987
0,0,0.16196580446886852
0,0,0.1598827224082277
0,0,0.161720218121799
0,0,0.16039949943614518
0,0,0.15434278597583562
0,0,0.15220184509165025
0,0,0.15425410169032114
0,0,0.15316941365865677
0,0,0.15596007179850613
0,0,0.1578753911670371
0,0,0.16096797309271335
0,0,0.1584015176296127
0,0,0.15355342801247032
0,0,0.14724605565320534
0,0,0.14311503437626558
0,0,0.15538826391903934
0,0,0.16354107514592256
0,0,0.1715081222341443
0,0,0.1681522826149865
0,0,0.16761167435773217
0,0,0.17284986310820277
0,0,0.17053664430762117
0,0,0.17593064347965542
0,0,0.1800120865841701
0,0,0.17068247930465244
0,0,0.1703080902596699
0,0,0.17130388159175033
0,0,0.17286091873091125
0,0,0.15856483392706877
0,0,0.09369591217917811
0,0,0.11916829285526769
0,0,0.11467698260098722
0,0,0.09386162060260832
0,0,0.09372721827353978
0,0,0.09384609316387625
0,0,0.09387828415105799
0,0,0.11392089229831573
0,0,0.11279380683794622
0,0,0.11275202113198424
0,0,0.11182963824056925
0,0,0.11116673637290748
0,0,0.09853892281910373
0,0,0.09791792188097287
0,0,0.10492088604961827
0,0,0.10317907662665882
0,0,0.10774765727677918
0,0,0.11235528307892796
0,0,0.11178155879060751
0,0,0.116051531864825
0,0,0.12182013724523812
0,0,0.12000928807838558
0,0,0.11228904449370669
0,0,0.09370443861397205
0,0,0.0937044386141639
0,0,0.10407064981968069
0,0,0.1033754173318888
0,0,0.09368663087432146
0,0,0.09369232833042786
0,0,0.09370013626837426
0,0,0.09369930474663905
0,0,0.09370273142787332
0,0,0.09370443861430547
0,0,0.09370443861430547
0,0,0.0937044357719888
0,0,0.09369605228688159
0,0,0.09370438480604008
0,0,0.09385216624509955
0,0,0.09935684834731387
0,0,0.09545223497907131
0,0,0.09570001172793072
0,0,0.10523392275044346
0,0,0.10290315360983358
0,0,0.10391196773696769
0,0,0.09374388756693876
0,0,0.09370443861430547
0,0,0.1298832142421519
0,0,0.12597667256386183
0,0,0.13153000380934451
0,0,0.1330553310140622
0,0,0.14043947023608955
0,0,0.14491675403926835
0,0,0.14052449060847816
0,0,0.12980178492773772
0,0,0.11739228514501941
0,0,0.10556041961035911
0,0,0.10769070076216257
0,0,0.14079142186668736
0,0,0.16332026216603965
0,0,0.16264275693065497
0,0,0.16998099409960069
0,0,0.15987473772608216
0,0,0.13520959488731019
0,0,0.14696164148227356
0,0,0.15097590645016806
0,0,0.1497558376422336
0,0,0.14853295782910725
0,0,0.15810507526893994
0,0,0.16108174977268158
0,0,0.15054927873506
0,0,0.13596994679076074
0,0,0.14344047915372699
0,0,0.14060748160122977
0,0,0.1497379765003346
0,0,0.14705535668165717
0,0,0.14518397817350243
0,0,0.1399961089809604
0,0,0.13890308756626776
0,0,0.1445624379719325
0,0,0.14584932339394854
0,0,0.14331802465516436
0,0,0.14494371305508424
0,0,0.14996396876266047
0,0,0.1514284905048913
0,0,0.15441063668436136
0,0,0.15232677926547977
0,0,0.14626055785672193
0,0,0.14512620388109218
0,0,0.1423357297973459
0,0,0.14491186147552276
0,0,0.14574171605347425
0,0,0.14300168098065863
0,0,0.1447619240786724
0,0,0.14397415301558883
0,0,0.1436512937909315
0,0,0.14614251170366338
0,0,0.15037816724867126
0,0,0.14081168645263936
0,0,0.13918796096338032
0,0,0.15395418715792736
0,0,0.16609292811031243
0,0,0.16875948694138904
0,0,0.15884756171951173
0,0,0.15408521368060388
0,0,0.1559768391712295
0,0,0.16321486597781248
0,0,0.1937354639123286
0,0,0.19415880137795788
0,0,0.17580198609531494
0,0,0.17422742967497198
0,0,0.172452811253081
0,0,0.17639496091786766
0,0,0.17874698166661795
0,0,0.17706347091426172
0,0,0.16400107833147004
0,0,0.16007518384603112
0,0,0.16195022786805024
0,0,0.1627985911807885
0,0,0.15973385018341427
0,0,0.1551487074407498
0,0,0.14927102510683155
0,0,0.1498679087424437
0,0,0.14473228016160397
0,0,0.14245824835969653
0,0,0.14790984898422305
0,0,0.15266527657604925
0,0,0.15331598327630372
0,0,0.1508757476621551
0,0,0.15323518865888752
0,0,0.15969613413668177
0,0,0.15659736666346488
0,0,0.14895228199648736
0,0,0.14615523101314484
0,0,0.14043990084493763
0,0,0.14030734036122783
0,0,0.1463800727528527
0,0,0.14498806990808707
0,0,0.14381095998808552
0,0,0.14303345829841546
0,0,0.14480717781342478
0,0,0.14848771488472565
0,0,0.15071267131790558
0,0,0.15162380396023373
0,0,0.15381717454340033
0,0,0.15147970782027778
0,0,0.14840138413747841
0,0,0.1531289872761674
0,0,0.1507545736274963
0,0,0.15031624192053689
0,0,0.1541624036754315
0,0,0.15364584035496864
0,0,0.15539316315134438
0,0,0.1573782470240374
0,0,0.16308532009003923
0,0,0.17530896818042963
0,0,0.17354784077228405
0,0,0.16569564331826983
0,0,0.16375954059206269
0,0,0.167500086099252
0,0,0.16677425337317953
0,0,0.12446741050162942
0,0,0.1304554505535018
0,0,0.13746138492147236
0,0,0.130010161745542
0,0,0.11055930578905965
0,0,0.09513385620211608
0,0,0.08323999093983549
0,0,0.07029506071236677
0,0,0.07086668242479717
0,0,0.07974150556787017
0,0,0.10484813749596669
0,0,0.12504297359554262
0,0,0.12095185514346672
0,0,0.09497679213521494
0,0,0.08276505376810155
0,0,0.10726810113366764
0,0,0.09377251088235126
0,0,0.0774247711259781
0,0,0.12021043179361234
0,0,0.14543897641759093
0,0,0.15234465985198917
0,0,0.1597140780131502
0,0,0.16708690916001134
0,0,0.14976605712473887
0,0,0.1459362576682567
0,0,0.14306792385884287
0,0,0.14350507472627858
0,0,0.1563177931526288
0,0,0.1505833318201538
0,0,0.13640424445542362
0,0,0.1430955008853308
0,0,0.14225333843383764
0,0,0.1477441715590697
0,0,0.1505006329481552
0,0,0.14029940776788516
0,0,0.13055813457326168
0,0,0.14279265220653695
0,0,0.16680397624582594
0,0,0.16617181847062024
0,0,0.16031478592170761
0,0,0.16425311635997822
0,0,0.16397999566353208
0,0,0.15604733803808296
0,0,0.16368256262082784
0,0,0.1717204605627419
0,0,0.17045095053717857
0,0,0.16619043037064568
0,0,0.1740668721076524
0,0,0.16948785356978305
0,0,0.16627874921892918
0,0,0.1707075547115443
0,0,0.17029170428702972
0,0,0.16612774483304799
0,0,0.16417852848048756
0,0,0.17386365000348117
0,0,0.179985492634207
0,0,0.16512330484207013
0,0,0.16098969342011815
0,0,0.1737801053003073
0,0,0.1698515380756353
0,0,0.17488259886900498
0,0,0.1751095146231613
0,0,0.16999720495094683
0,0,0.1613867462758367
0,0,0.15549350523267147
0,0,0.1600171112512037
0,0,0.174667245699246
0,0,0.1773822951084702
0,0,0.17268019408960464
0,0,0.1587466322183929
0,0,0.1534992129809714
0,0,0.1620993741970794
0,0,0.16447923275033913
0,0,0.1710295617626027
0,0,0.17522731974760736
0,0,0.1756333136015572
0,0,0.18070133648080258
0,0,0.1708252157138726
0,0,0.15975567599930018
0,0,0.16074877598177215
0,0,0.16147950633523045
0,0,0.16100282940658855
0,0,0.16864268918975447
0,0,0.17189228918450675
0,0,0.1623998446403169
0,0,0.15637550539990153
0,0,0.16089801558621136
0,0,0.16055023912117433
0,0,0.15789448711811518
0,0,0.16059177841153371
0,0,0.16497529431658345
0,0,0.15642731411265537
0,0,0.1514179592554174
0,0,0.16191092434507237
1,0,0.06575533594678368
1,0,0.06575533594678501
1,0,0.06576162214763613
1,0,0.0693881091703631
1,0,0.07349133678001406
1,0,0.07432389180269311
1,0,0.07445161291844869
1,0,0.0745870126832175
1,0,0.07195254204396388
1,0,0.07202956061419151
1,0,0.0752757265849779
1,0,0.0742041484870092
1,0,0.07270120706460192
1,0,0.07220931402307135
1,0,0.07231817422946721
1,0,0.07088897665300686
1,0,0.07223668798044945
1,0,0.072818745095771
1,0,0.0724151386333201
1,0,0.07051740297281102
1,0,0.06768672384392513
1,0,0.0680374368530026
1,0,0.06734708490581512
1,0,0.065755335946783
1,0,0.065755335946783
1,0,0.06743661967149926
1,0,0.0676756140488113
1,0,0.07234785582505632
1,0,0.07034764557254675
1,0,0.07138497287491478
1,0,0.0750440615065482
1,0,0.07222863506642509
1,0,0.06874061639222563
1,0,0.06915242470561304
1,0,0.0720160632810991
1,0,0.06992135029745994
1,0,0.06580983177699234
1,0,0.06575533599604855
1,0,0.06575533596012723
1,0,0.06575533595058097
1,0,0.06575533596981606
1,0,0.06575906371819877
1,0,0.06578345326013767
1,0,0.06575635493112042
1,0,0.06577723537534749
1,0,0.06598684706529795
1,0,0.0657553357180545
1,0,0.06575535124880451
1,0,0.06577679712047603
1,0,0.06959110365589524
1,0,0.06838969251788836
1,0,0.06793907699369253
1,0,0.07121892164288375
1,0,0.07039618036055674
1,0,0.06857319939199678
1,0,0.06924907835393301
1,0,0.07111848990190295
1,0,0.07202566894248805
1,0,0.07409926649434805
1,0,0.07144115912105636
1,0,0.07010081394968257
1,0,0.06913877119532078
1,0,0.07004767283935945
1,0,0.07207673925126558
1,0,0.07180165481944221
1,0,0.07208553841247999
1,0,0.07282285769279649
1,0,0.07172685854753107
1,0,0.07002848864328391
0,0,0.06960894067515634
0,0,0.06883985381188219
0,0,0.06926746931789757
0,0,0.06813235079698106
0,0,0.06853408807760265
0,0,0.06947354681165459
0,0,0.06894698909456932
0,0,0.06830470715559937
0,0,0.06793891563526532
0,0,0.06818222935731137
0,0,0.0686862673474734
0,0,0.06868582673995643
0,0,0.06805131353565998
0,0,0.06873862708725352
0,0,0.06854405107958074
0,0,0.06784475620068958
0,0,0.06754156242109721
0,0,0.06732840111492178
0,0,0.06762164827358745
0,0,0.06829591585588067
0,0,0.06741697852137922
0,0,0.06654553657850301
0,0,0.06741080510968776
0,0,0.06736618447560132
0,0,0.06676826794249832
0,0,0.06689478554770494
0,0,0.06798890061576152
0,0,0.06724743204525709
0,0,0.06647074903032707
0,0,0.06665369319267968
0,0,0.06694456148938041
0,0,0.0666287584357775
0,0,0.06611874946196629
0,0,0.06567399006097932
0,0,0.06558860601387351
0,0,0.0662434997355291
0,0,0.06625976887043006
0,0,0.06690021175636097
0,0,0.06703011853679484
0,0,0.06708166380615119
0,0,0.06685078649902307
0,0,0.06648026041917784
0,0,0.06661740264845095
0,0,0.06651313715976917
0,0,0.06628238453759983
0,0,0.06710674185961718
0,0,0.11324066408629498
0,0,0.15817225879160685
0,0,0.13941573885319788
0,0,0.14798736907550464
0,0,0.15400611647833365
0,0,0.15902772590426126
0,0,0.16487079746419298
0,0,0.16922346485399337
0,0,0.175180325825005
0,0,0.17027606741295112
0,0,0.1735991151756681
0,0,0.17275649864830173
0,0,0.16742834068269047
0,0,0.16473867970522316
0,0,0.1632255674859967
0,0,0.17270875159364604
0,0,0.18264365435313867
0,0,0.18471067101154706
0,0,0.17771523171688394
0,0,0.1687201784517019
0,0,0.17734118531729204
0,0,0.18101273967703063
0,0,0.18160840539795742
0,0,0.1828056977945939
0,0,0.17910412950982116
0,0,0.18351959210583035
0,0,0.18335267234981895
0,0,0.1918600396383269
0,0,0.18802958016580068
0,0,0.17616749754164604
0,0,0.18108438192342738
0,0,0.1769216722576683
0,0,0.17632546462249013
0,0,0.1772053019631562
0,0,0.17433059288905076
0,0,0.1764388340894623
0,0,0.17338922116134847
0,0,0.1760649537213172
0,0,0.18803526927491157
0,0,0.18793262648729628
0,0,0.18037513472723496
0,0,0.17542470079589229
0,0,0.17326495626164234
0,0,0.17187079923994458
0,0,0.17590061849470126
0,0,0.18278699863435616
0,0,0.1836129783789946
0,0,0.1828864799210984
0,0,0.18715547333739435
0,0,0.17260771656880144
0,0,0.14214506851649358
0,0,0.134866793798762
0,0,0.13922400409198352
0,0,0.15032769347735347
0,0,0.1567950590267194
0,0,0.15840798761778674
0,0,0.14881640657473968
0,0,0.15088660567874734
0,0,0.177530013802822
1,0,0.07354187045840962
1,0,0.0683004130269735
1,0,0.06575728544246726
1,0,0.06575540833109554
1,0,0.0658418766442745
1,0,0.0660376517513771
1,0,0.06630482681841732
1,0,0.06625020612881945
1,0,0.06581405486774976
1,0,0.06708410933716968
1,0,0.06816347305185091
1,0,0.07069572779874013
1,0,0.0685478161103982
1,0,0.0687827277604933
1,0,0.0697513462225049
1,0,0.06694574295895939
1,0,0.06638071714405926
1,0,0.06637961592769838
1,0,0.06577616851555797
1,0,0.06589000589172717
1,0,0.06626231840292571
1,0,0.06615792114101826
1,0,0.06575903905786512
1,0,0.06885924799267296
1,0,0.0742955329715274
1,0,0.07139040903238666
1,0,0.06822752259752271
1,0,0.06910169950661131
1,0,0.07117307575038755
1,0,0.07079725269643905
1,0,0.07032085996464645
1,0,0.06902420996717054
1,0,0.06930636508186304
1,0,0.06906416994932293
1,0,0.06960128824783009
1,0,0.07018177669672494
1,0,0.07012453451739098
1,0,0.06892806190779835
1,0,0.06814420601708306
1,0,0.06785481736760204
1,0,0.06780574677086698
1,0,0.06657678405045286
1,0,0.06625016483294704
1,0,0.06597505531663002
1,0,0.0663560355062941
1,0,0.06710801629704184
0,0,0.06991180202134704
0,0,0.0703401501487248
0,0,0.1860629281254779
0,0,0.16288056731180284
0,0,0.15465853295609422
0,0,0.16546714095428242
0,0,0.1603530393732042
0,0,0.15984480443297483
0,0,0.1531793490306058
0,0,0.15311681521736215
0,0,0.15270683957330974
0,0,0.144008098021009
0,0,0.13664398785189713
0,0,0.14060237110307464
0,0,0.15050421368091865
0,0,0.15194732061277988
0,0,0.14494159512398364
0,0,0.14178758871235922
0,0,0.14157587187737408
0,0,0.14693448686540705
0,0,0.15329397429384733
0,0,0.15152702152188466
0,0,0.14050914807563106
0,0,0.13575888658266466
0,0,0.12261107312179013
0,0,0.10935385608793309
0,0,0.10072508857330219
0,0,0.09596723550823427
0,0,0.09619811126482976
0,0,0.09743319523269765
0,0,0.09090945171368037
0,0,0.08506200022245154
0,0,0.07889758519323443
0,0,0.07889574160745107
0,0,0.08080557856425223
0,0,0.08022192098973882
0,0,0.08317827895485302
0,0,0.09377724428148006
0,0,0.12222732609375023
0,0,0.1368665330418018
0,0,0.14717601367988606
0,0,0.15499797501637502
0,0,0.16079549313095995
0,0,0.15147558763470217
0,0,0.142298526775195
0,0,0.14816200848672412
0,0,0.14618655660936203
0,0,0.1376430206087461
0,0,0.14941227352093364
0,0,0.16641285271167472
0,0,0.1634644259886514
0,0,0.14464326562676894
0,0,0.12451204532117993
0,0,0.10663616604103665
0,0,0.08348118965045391
0,0,0.07861505161909088
0,0,0.07686686941295522
0,0,0.0757507058691671
0,0,0.07626957743809284
0,0,0.07693408399580474
0,0,0.07718496612860141
0,0,0.07653725395822755
0,0,0.07397900878000789
0,0,0.07341035788599372
0,0,0.072502687126221
0,0,0.07428617529482455
0,0,0.08664062915103002
0,0,0.09482922381581346
0,0,0.06865577180723562
0,0,0.0703836346713014
0,0,0.06658939740875511
0,0,0.06590929725598571
0,0,0.070187265022359
0,0,0.09431960473505542
0,0,0.10520435155720635
0,0,0.09583528348429703
0,0,0.10317756626639901
0,0,0.09937117035933188
0,0,0.0782803581891411
0,0,0.06981754721474638
0,0,0.07244303010098817
0,0,0.06865746457934649
0,0,0.06581451629736931
0,0,0.06663156351274427
0,0,0.07355133311334482
0,0,0.07682803589196655
0,0,0.06601026096231445
0,0,0.06575536789440754
0,0,0.06575548683465289
0,0,0.06575540579166299
0,0,0.06575536889490656
0,0,0.06577554373022827
0,0,0.06665738136920074
0,0,0.06597773704101192
0,0,0.0657737307528504
0,0,0.06592000346999455
0,0,0.06691705025203232
0,0,0.06708285458804132
0,0,0.09066420140573779
0,0,0.08217291074358601
0,0,0.07466719624318685
0,0,0.07966304715242668
0,0,0.0694509603792902
0,0,0.06670165389983364
0,0,0.06583702108962078
0,0,0.06576022057348134
0,0,0.06581669199834499
0,0,0.06637258256874573
0,0,0.06628206254168266
0,0,0.06588439933482565
0,0,0.06581226389443363
0,0,0.06728659450881348
0,0,0.07031512739600093
0,0,0.06884035211160046
0,0,0.1162895511097766
0,0,0.10856616352346958
0,0,0.1020974866563424
0,0,0.10442862037220933
0,0,0.1165128365903207
0,0,0.11145911254382125
0,0,0.10853930006025826
0,0,0.10640901102824543
0,0,0.10526095010148255
0,0,0.10734790414320192
0,0,0.11195263503986244
0,0,0.11356227649547065
0,0,0.11893777013216343
0,0,0.1247370478972469
0,0,0.12880854531672686
0,0,0.1266945476335531
0,0,0.1256004953658678
0,0,0.12995584189426962
0,0,0.13263850710218136
0,0,0.12350753875090252
0,0,0.11501980253363644
0,0,0.12181037516604165
0,0,0.11939207911089969
0,0,0.09411177107610301
0,0,0.15177564324522513
0,0,0.134545181062741
0,0,0.14142414849870508
0,0,0.13905544376445444
0,0,0.13799640566897806
0,0,0.15405225296274025
0,0,0.14679769894173825
0,0,0.13960536760041642
0,0,0.1522279048455401
0,0,0.15366165596557277
0,0,0.15031732631004793
0,0,0.15008543775786373
0,0,0.1512740742550465
0,0,0.15918737001291
0,0,0.15962119059369279
0,0,0.14889188018721117
0,0,0.1428875804156009
0,0,0.13580513457340562
0,0,0.14154037171482794
0,0,0.15064259626630347
0,0,0.15534021750490987
0,0,0.15242195855573196
0,0,0.14938912357738773
0,0,0.14876248413073256
0,0,0.16023278421236697
0,0,0.15812752309798384
0,0,0.147922931529912
0,0,0.14899373668957824
0,0,0.15107376006764486
0,0,0.1443537372055194
0,0,0.14327492287678195
0,0,0.15088890403096233
0,0,0.14981798231874743
0,0,0.1407306422774222
0,0,0.12161915243770256
0,0,0.11757596894132435
0,0,0.13647758987444328
0,0,0.1302468594867282
0,0,0.13015251574065995
0,0,0.136211256220728
0,0,0.1287242461945813
0,0,0.13004035396419655
0,0,0.1479353804377322
0,0,0.1514601213034599
0,0,0.13386593100563626
0,0,0.13838819636673386
0,0,0.14170531933077293
0,0,0.13633540517098014
0,0,0.1427253844954381
0,0,0.13262317345210423
0,0,0.13320858210767675
0,0,0.13250365284814652
0,0,0.13676585647879816
0,0,0.13624008102086396
0,0,0.12472381837502816
0,0,0.1134562569053773
0,0,0.12383578801620418
0,0,0.13626968426562244
0,0,0.1223447131752023
0,0,0.11582293996982154
0,0,0.13005308154101478
0,0,0.13354450039079183
0,0,0.13701493756198785
0,0,0.1371435469450089
0,0,0.13952142044416976
0,0,0.14434063351043597
0,0,0.14138985630344666
0,0,0.14113170002198883
0,0,0.13565408800191225
0,0,0.12930459063645344
1,0,0.06578663894053126
1,0,0.06736096923202493
1,0,0.06788389304341753
1,0,0.06737266532653058
1,0,0.0674331490561937
1,0,0.06738949886837227
1,0,0.06702704340346119
1,0,0.06731832833134642
1,0,0.06577042522168262
1,0,0.06575555222957784
1,0,0.06689422553577792
1,0,0.06669220716530816
1,0,0.0663248754888958
1,0,0.06615579238609817
1,0,0.06667593576773931
1,0,0.06792537782362752
1,0,0.06784276156956788
1,0,0.0674124796538395
1,0,0.06560663679342349
1,0,0.06552210827416813
1,0,0.06758602775740838
1,0,0.0692071542514491
1,0,0.06951365792595435
1,0,0.06572786063202678
1,0,0.06989309054316102
1,0,0.07025672986264563
1,0,0.07189961837494879
1,0,0.07317888148834008
1,0,0.06965640236806002
1,0,0.06850844016204523
1,0,0.06827774834043986
1,0,0.06595344804755784
1,0,0.06600732961332541
1,0,0.06594762865701546
1,0,0.06576265271700092
1,0,0.06648867962092478
1,0,0.06794962010540868
1,0,0.06569357257524264
1,0,0.06561356051388685
1,0,0.06794277791698293
1,0,0.06714471872970494
1,0,0.06613587302474025
1,0,0.06707141302904818
1,0,0.06730688987476367
1,0,0.06812521492468968
1,0,0.06585174134615955
1,0,0.07465630880736297
1,0,0.07377643233308141
1,0,0.07908030221247338
1,0,0.07598369558503103
1,0,0.06784902366527214
1,0,0.06807131714330626
1,0,0.07273761757662944
1,0,0.07015279032097027
1,0,0.07164024600775568
1,0,0.07409621887619822
1,0,0.0735000704513636
1,0,0.07117672648600451
1,0,0.07105472798381923
1,0,0.07242872643790063
1,0,0.0714297984349363
1,0,0.07221776234186825
1,0,0.07107313872379997
1,0,0.06874939260112108
1,0,0.06755306302176102
1,0,0.06733124580741613
1,0,0.06740680391532923
1,0,0.06838017984582404
1,0,0.07030447477562486
0,0,0.06657907654216885
0,0,0.06536673409786489
0,0,0.06639142155629328
0,0,0.06549870315685084
0,0,0.06491047290713718
0,0,0.06544762570004954
0,0,0.06585240681404674
0,0,0.06569154541568419
0,0,0.06575533583313574
0,0,0.06575533577551543
0,0,0.06575041817374877
0,0,0.06562124175561342
0,0,0.06575515461749308
0,0,0.06575290554586379
0,0,0.0664810290750205
0,0,0.06575533524126073
0,0,0.065755335946783
0,0,0.065755335946783
0,0,0.065755335946783
0,0,0.065755335946783
0,0,0.06477409389122338
0,0,0.07112966526520248
0,0,0.06767230056788286
0,0,0.0653355390956213
0,0,0.06573658081352114
0,0,0.06575533594364018
0,0,0.06575533588313882
0,0,0.06575533594678212
0,0,0.06575533594678289
0,0,0.06575530762517559
0,0,0.06575309460805276
0,0,0.06575533355182443
0,0,0.06575533594624232
0,0,0.06575532776218715
0,0,0.06575533594581424
0,0,0.06575533594676546
0,0,0.0657552057225469
0,0,0.0657552604978541
0,0,0.06575395394226873
0,0,0.06566961572979775
0,0,0.06574716184461944
0,0,0.0656914274087385
0,0,0.06545429654616632
0,0,0.06574327966434526
0,0,0.06575337878120535
0,0,0.06575488123683396
0,0,0.20590170541931913
0,0,0.19818859129114838
0,0,0.20355328186694963
0,0,0.22673004766465385
0,0,0.2197872775421835
0,0,0.20249272211894803
0,0,0.18980745158169365
0,0,0.19660465923219775
0,0,0.1855087923575527
0,0,0.19415335350947366
0,0,0.22222338878102119
0,0,0.15831147528291584
0,0,0.16391000812289236
0,0,0.23000333809026388
0,0,0.21652755957179237
0,0,0.21298233489508248
0,0,0.21583747414316043
0,0,0.2170024600875593
0,0,0.20774491657636637
0,0,0.2005759170470205
0,0,0.19376996606209426
0,0,0.19323214043683679
0,0,0.19510728411821304
0,0,0.19751953378054407
0,0,0.20817899683572194
0,0,0.20883509656999438
0,0,0.18596697123628797
0,0,0.18372866879425476
0,0,0.19909628539369426
0,0,0.19084046521402645
0,0,0.18466589497974253
0,0,0.19124071039900906
0,0,0.18767591140874265
0,0,0.18325826800113096
0,0,0.18672510081261817
0,0,0.18985277921473753
0,0,0.19100802673129874
0,0,0.19347589318826625
0,0,0.1976726917188961
0,0,0.1968865411844044
0,0,0.20318813131354954
0,0,0.21678948428549363
0,0,0.22435314121036515
0,0,0.21916565997257456
0,0,0.2062700653732735
0,0,0.20501740897260398
0,0,0.19592491878769414
0,0,0.1550162636062476
0,0,0.1605089500709122
0,0,0.18837593329523658
0,0,0.17929179874486006
0,0,0.19419603992741263
0,0,0.21464750521647907
0,0,0.20863010785943226
0,0,0.18802587207125906
0,0,0.18673519721611942
0,0,0.18880204355825222
0,0,0.1848984818533013
0,0,0.1645055244278029
1,0,0.06568049952375765
1,0,0.06566322563057443
1,0,0.06574135394471121
1,0,0.06545264465155623
1,0,0.06618276395917252
1,0,0.06628736932773134
1,0,0.06631345388710018
1,0,0.06657762594994975
1,0,0.06670780551377622
1,0,0.06610044602961665
1,0,0.06578630350357455
1,0,0.06575751815537534
1,0,0.06576604683815172
1,0,0.06586165042454606
1,0,0.0669121748207934
1,0,0.06763008073689979
1,0,0.06566384588616933
1,0,0.06539096712891455
1,0,0.06569314601930892
1,0,0.06545253296672894
1,0,0.06550422007233818
1,0,0.06488257315871414
1,0,0.06558041190090745
1,0,0.06571044647109513
1,0,0.06884558362492962
1,0,0.06963276780941328
1,0,0.06872069172953608
1,0,0.06734261170557662
1,0,0.06702734924097954
1,0,0.06725759347219112
1,0,0.06685322841815201
1,0,0.06923129302751714
1,0,0.06879116971485826
1,0,0.06724150954625968
1,0,0.06881535172575691
1,0,0.0696313686099582
1,0,0.069416133575463
1,0,0.07041725463653227
1,0,0.07340915391249073
1,0,0.07190394680427026
1,0,0.06977962934132327
1,0,0.07140626941000863
1,0,0.07130154113430293
1,0,0.06893149570499876
1,0,0.06799573895686184
1,0,0.07233141909181073
0,0,0.12212925612778673
0,0,0.10064795607022163
0,0,0.08190628904588368
0,0,0.07589958192089948
0,0,0.08642348597751008
0,0,0.09313121988666191
0,0,0.09792702779239273
0,0,0.10609575687289446
0,0,0.09852934931709599
0,0,0.09327859393834059
0,0,0.08991931014221065
0,0,0.08959200911584699
0,0,0.09531616037888781
0,0,0.1106714814985545
0,0,0.13242741955503962
0,0,0.14288097864245303
0,0,0.13629351105972232
0,0,0.1260895400614621
0,0,0.1318380259643162
0,0,0.1299903664708892
0,0,0.1286626719308311
0,0,0.1368639593988709
0,0,0.13210927438229936
0,0,0.12098372693400818
0,0,0.1232270711098465
0,0,0.11912454434269767
0,0,0.1301565380359689
0,0,0.13360259014633677
0,0,0.13024948430308014
0,0,0.14421898423230314
0,0,0.13697708779666784
0,0,0.11949660780443588
0,0,0.09807422958211497
0,0,0.09552229303772691
0,0,0.11093723365345476
0,0,0.1245343036566035
0,0,0.1270979322514241
0,0,0.12424117248922244
0,0,0.13153913109144705
0,0,0.11889969433684651
0,0,0.07853804881267865
0,0,0.09886149142566791
0,0,0.13242347500135196
0,0,0.13438498982700356
0,0,0.13775602834383766
0,0,0.12116552631792014
0,0,0.12094823772426574
0,0,0.13183255107611344
0,0,0.13269289421961544
0,0,0.1315146629894714
0,0,0.0965720191739731
0,0,0.09457024815647862
0,0,0.10885741305197524
0,0,0.10029897263817114
0,0,0.10063998732320306
0,0,0.09769713707816227
0,0,0.09034125775815505
0,0,0.08124382063408908
0,0,0.09193310587499072
0,0,0.10005155341298429
0,0,0.10546580506800653
0,0,0.1008666302116279
0,0,0.10086936022492864
0,0,0.10903099654215333
0,0,0.10384244776200523
0,0,0.09898796018739965
0,0,0.09844797602571032
0,0,0.10053434823289006
0,0,0.0777542836977935
0,0,0.0783275369546452
0,0,0.08090730300844216
0,0,0.08881187156914058
0,0,0.08478157106172181
0,0,0.08098896803534594
0,0,0.11088636192246179
0,0,0.12352432381239806
0,0,0.11891756211473223
0,0,0.11713785765757997
0,0,0.1211476536211225
0,0,0.11817667502506013
0,0,0.12019613258519592
0,0,0.12430772394489381
0,0,0.1259410466831709
0,0,0.1260924746006469
0,0,0.12033480442131565
0,0,0.12114199833105238
0,0,0.11977249389585484
0,0,0.1194886226332297
0,0,0.10993550823294025
0,0,0.11307646935494946
0,0,0.13261446561684115
0,0,0.08135654431714318
0,0,0.07780203070266416
0,0,0.12244375886945809
0,0,0.09767685824401734
0,0,0.09584071942827722
0,0,0.11948433958030877
0,0,0.11707246230252168
0,0,0.10341840787843279
0,0,0.10066982686745293
0,0,0.06441288933770913
0,0,0.06453693292047989
0,0,0.07757128568387583
0,0,0.06031362987563819
0,0,0.06355939741610643
0,0,0.10767901155617216
0,0,0.06458829426951535
0,0,0.061779323661470126
0,0,0.06893985485172024
0,0,0.09198754415904709
0,0,0.07580913152723971
0,0,0.07719615316297365
0,0,0.10389471391986915
0,0,0.09871100381084597
0,0,0.065755335946783
0,0,0.065755335946783
0,0,0.065755335946783
0,0,0.065755335946783
0,0,0.065755335946783
0,0,0.065755335946783
0,0,0.065755335946783
0,0,0.065755335946783
0,0,0.065755335946783
0,0,0.065755335946783
0,0,0.065755335946783
0,0,0.065755335946783
0,0,0.065755335946783
0,0,0.065755335946783
0,0,0.065755335946783
0,0,0.065755335946783
0,0,0.065755335946783
0,0,0.065755335946783
0,0,0.065755335946783
0,0,0.065755335946783
0,0,0.065755335946783
0,0,0.065755335946783
0,0,0.065755335946783
0,0,0.065755335946783
0,0,0.065755335946783
0,0,0.065755335946783
0,0,0.065755335946783
0,0,0.065755335946783
0,0,0.065755335946783
0,0,0.065755335946783
0,0,0.065755335946783
0,0,0.065755335946783
0,0,0.065755335946783
0,0,0.065755335946783
0,0,0.065755335946783
0,0,0.065755335946783
0,0,0.065755335946783
0,0,0.065755335946783
0,0,0.065755335946783
0,0,0.065755335946783
0,0,0.065755335946783
0,0,0.065755335946783
0,0,0.065755335946783
0,0,0.065755335946783
0,0,0.065755335946783
0,0,0.065755335946783
0,0,0.065755335946783
0,0,0.065755335946783
0,0,0.065755335946783
0,0,0.065755335946783
0,0,0.065755335946783
0,0,0.065755335946783
0,0,0.065755335946783
0,0,0.065755335946783
0,0,0.065755335946783
0,0,0.065755335946783
0,0,0.065755335946783
0,0,0.065755335946783
0,0,0.065755335946783
0,0,0.065755335946783
0,0,0.065755335946783
0,0,0.065755335946783
0,0,0.065755335946783
0,0,0.065755335946783
0,0,0.065755335946783
0,0,0.065755335946783
0,0,0.065755335946783
0,0,0.065755335946783
0,0,0.065755335946783
0,0,0.065755335946783
0,0,0.065755335946783
0,0,0.065755335946783
0,0,0.065755335946783
0,0,0.065755335946783
0,0,0.065755335946783
0,0,0.065755335946783
0,0,0.065755335946783
0,0,0.065755335946783
0,0,0.065755335946783
0,0,0.065755335946783
0,0,0.065755335946783
0,0,0.065755335946783
0,0,0.065755335946783
0,0,0.065755335946783
0,0,0.065755335946783
0,0,0.065755335946783
0,0,0.065755335946783
0,0,0.065755335946783
0,0,0.065755335946783
0,0,0.065755335946783
0,0,0.065755335946783
0,0,0.065755335946783
0,0,0.065755335946783
0,0,0.065755335946783
1,0,0.065755335946783
1,0,0.065755335946783
1,0,0.065755335946783
1,0,0.065755335946783
1,0,0.065755335946783
1,0,0.065755335946783
1,0,0.065755335946783
1,0,0.065755335946783
1,0,0.065755335946783
1,0,0.065755335946783
1,0,0.065755335946783
1,0,0.065755335946783
1,0,0.065755335946783
1,0,0.065755335946783
1,0,0.065755335946783
1,0,0.065755335946783
1,0,0.065755335946783
1,0,0.065755335946783
1,0,0.065755335946783
1,0,0.065755335946783
1,0,0.065755335946783
1,0,0.065755335946783
1,0,0.065755335946783
1,0,0.065755335946783
1,0,0.065755335946783
1,0,0.065755335946783
1,0,0.065755335946783
1,0,0.065755335946783
1,0,0.065755335946783
1,0,0.065755335946783
1,0,0.065755335946783
1,0,0.065755335946783
1,0,0.065755335946783
1,0,0.065755335946783
1,0,0.065755335946783
1,0,0.065755335946783
1,0,0.065755335946783
1,0,0.065755335946783
1,0,0.065755335946783
1,0,0.065755335946783
1,0,0.065755335946783
1,0,0.065755335946783
1,0,0.065755335946783
1,0,0.065755335946783
1,0,0.065755335946783
1,0,0.065755335946783
1,0,0.065755335946783
1,0,0.065755335946783
1,0,0.065755335946783
1,0,0.065755335946783
1,0,0.065755335946783
1,0,0.065755335946783
1,0,0.065755335946783
1,0,0.065755335946783
1,0,0.065755335946783
1,0,0.065755335946783
1,0,0.065755335946783
1,0,0.065755335946783
1,0,0.065755335946783
1,0,0.065755335946783
1,0,0.065755335946783
1,0,0.065755335946783
1,0,0.065755335946783
1,0,0.065755335946783
1,0,0.065755335946783
1,0,0.065755335946783
1,0,0.065755335946783
1,0,0.065755335946783
1,0,0.065755335946783
1,0,0.065755335946783
1,0,0.065755335946783
1,0,0.065755335946783
1,0,0.065755335946783
1,0,0.065755335946783
1,0,0.065755335946783
1,0,0.065755335946783
1,0,0.065755335946783
1,0,0.065755335946783
1,0,0.065755335946783
1,0,0.065755335946783
1,0,0.065755335946783
1,0,0.065755335946783
1,0,0.065755335946783
1,0,0.065755335946783
1,0,0.065755335946783
1,0,0.065755335946783
1,0,0.065755335946783
1,0,0.065755335946783
1,0,0.065755335946783
1,0,0.065755335946783
1,0,0.065755335946783
1,0,0.065755335946783
0,0,0.065755335946783
0,0,0.065755335946783
0,0,0.065755335946783
0,0,0.065755335946783
0,0,0.065755335946783
0,0,0.065755335946783
0,0,0.065755335946783
0,0,0.065755335946783
0,0,0.065755335946783
0,0,0.065755335946783
0,0,0.065755335946783
0,0,0.065755335946783
0,0,0.065755335946783
0,0,0.065755335946783
0,0,0.065755335946783
0,0,0.065755335946783
0,0,0.065755335946783
0,0,0.065755335946783
0,0,0.065755335946783
0,0,0.065755335946783
0,0,0.065755335946783
0,0,0.065755335946783
0,0,0.065755335946783
0,0,0.065755335946783
0,0,0.065755335946783
0,0,0.065755335946783
0,0,0.065755335946783
0,0,0.065755335946783
0,0,0.065755335946783
0,0,0.065755335946783
0,0,0.065755335946783
0,0,0.065755335946783
0,0,0.065755335946783
0,0,0.065755335946783
0,0,0.065755335946783
0,0,0.065755335946783
0,0,0.065755335946783
0,0,0.065755335946783
0,0,0.065755335946783
0,0,0.065755335946783
0,0,0.065755335946783
0,0,0.065755335946783
0,0,0.065755335946783
0,0,0.065755335946783
0,0,0.065755335946783
0,0,0.065755335946783
0,0,0.065755335946783
0,0,0.065755335946783
0,0,0.065755335946783
0,0,0.065755335946783
0,0,0.065755335946783
0,0,0.065755335946783
0,0,0.065755335946783
0,0,0.065755335946783
0,0,0.065755335946783
0,0,0.065755335946783
0,0,0.065755335946783
0,0,0.065755335946783
0,0,0.065755335946783
0,0,0.065755335946783
0,0,0.065755335946783
0,0,0.065755335946783
0,0,0.065755335946783
0,0,0.065755335946783
0,0,0.065755335946783
0,0,0.065755335946783
0,0,0.065755335946783
0,0,0.065755335946783
0,0,0.065755335946783
0,0,0.065755335946783
0,0,0.065755335946783
0,0,0.065755335946783
0,0,0.065755335946783
0,0,0.065755335946783
0,0,0.065755335946783
0,0,0.065755335946783
0,0,0.065755335946783
0,0,0.065755335946783
0,0,0.065755335946783
0,0,0.065755335946783
0,0,0.065755335946783
0,0,0.065755335946783
1,0,0.065755335946783
1,0,0.065755335946783
1,0,0.065755335946783
1,0,0.065755335946783
1,0,0.065755335946783
1,0,0.065755335946783
1,0,0.065755335946783
1,0,0.065755335946783
1,0,0.065755335946783
1,0,0.065755335946783
1,0,0.065755335946783
1,0,0.065755335946783
1,0,0.065755335946783
1,0,0.065755335946783
1,0,0.065755335946783
1,0,0.065755335946783
1,0,0.065755335946783
1,0,0.065755335946783
1,0,0.065755335946783
1,0,0.065755335946783
1,0,0.065755335946783
1,0,0.065755335946783
1,0,0.065755335946783
1,0,0.065755335946783
1,0,0.065755335946783
1,0,0.065755335946783
1,0,0.065755335946783
1,0,0.065755335946783
1,0,0.065755335946783
1,0,0.065755335946783
1,0,0.065755335946783
1,0,0.065755335946783
1,0,0.065755335946783
1,0,0.065755335946783
1,0,0.065755335946783
1,0,0.065755335946783
1,0,0.065755335946783
1,0,0.065755335946783
1,0,0.065755335946783
1,0,0.065755335946783
1,0,0.065755335946783
1,0,0.065755335946783
1,0,0.065755335946783
1,0,0.065755335946783
1,0,0.065755335946783
1,0,0.065755335946783
1,0,0.065755335946783
1,0,0.065755335946783
1,0,0.065755335946783
1,0,0.065755335946783
1,0,0.065755335946783
1,0,0.065755335946783
1,0,0.065755335946783
1,0,0.065755335946783
1,0,0.065755335946783
1,0,0.065755335946783
1,0,0.065755335946783
1,0,0.065755335946783
1,0,0.065755335946783
1,0,0.065755335946783
1,0,0.065755335946783
1,0,0.065755335946783
1,0,0.065755335946783
1,0,0.065755335946783
1,0,0.065755335946783
1,0,0.065755335946783
1,0,0.065755335946783
1,0,0.065755335946783
1,0,0.065755335946783
1,0,0.065755335946783
1,0,0.065755335946783
1,0,0.065755335946783
1,0,0.065755335946783
1,0,0.065755335946783
1,0,0.065755335946783
1,0,0.065755335946783
1,0,0.065755335946783
1,0,0.065755335946783
1,0,0.065755335946783
1,0,0.065755335946783
1,0,0.065755335946783
1,0,0.065755335946783
1,0,0.065755335946783
1,0,0.065755335946783
1,0,0.065755335946783
1,0,0.065755335946783
1,0,0.065755335946783
1,0,0.065755335946783
1,0,0.065755335946783
1,0,0.065755335946783
1,0,0.065755335946783
1,0,0.065755335946783
1,0,0.065755335946783
1,0,0.065755335946783
1,0,0.065755335946783
1,0,0.065755335946783
1,0,0.065755335946783
1,0,0.065755335946783
1,0,0.065755335946783
1,0,0.065755335946783
1,0,0.065755335946783
1,0,0.065755335946783
1,0,0.065755335946783
1,0,0.065755335946783
1,0,0.065755335946783
1,0,0.065755335946783
1,0,0.065755335946783
1,0,0.065755335946783
1,0,0.065755335946783
1,0,0.065755335946783
1,0,0.065755335946783
1,0,0.065755335946783
1,0,0.065755335946783
1,0,0.065755335946783
1,0,0.065755335946783
1,0,0.065755335946783
1,0,0.065755335946783
1,0,0.065755335946783
1,0,0.065755335946783
1,0,0.065755335946783
1,0,0.065755335946783
1,0,0.065755335946783
1,0,0.065755335946783
1,0,0.065755335946783
1,0,0.065755335946783
1,0,0.065755335946783
1,0,0.065755335946783
1,0,0.065755335946783
1,0,0.065755335946783
1,0,0.065755335946783
1,0,0.065755335946783
1,0,0.065755335946783
1,0,0.065755335946783
1,0,0.065755335946783
1,0,0.065755335946783
1,0,0.065755335946783
1,0,0.065755335946783
1,0,0.065755335946783
1,0,0.065755335946783
1,0,0.065755335946783
1,0,0.065755335946783
1,0,0.065755335946783
1,0,0.065755335946783
1,0,0.065755335946783
1,0,0.065755335946783
1,0,0.065755335946783
1,0,0.065755335946783
1,0,0.065755335946783
1,0,0.065755335946783
1,0,0.065755335946783
1,0,0.065755335946783
1,0,0.065755335946783
1,0,0.065755335946783
1,0,0.065755335946783
1,0,0.065755335946783
1,0,0.065755335946783
1,0,0.065755335946783
1,0,0.065755335946783
1,0,0.065755335946783
1,0,0.065755335946783
0,0,0.147904428520846
0,0,0.14868532785640803
0,0,0.14596784311665678
0,0,0.11245304781701204
0,0,0.0915360869011979
0,0,0.09901696728121538
0,0,0.10619516752193851
0,0,0.1055145688217798
0,0,0.10662171669717833
0,0,0.11152661838989934
0,0,0.113754051167595
0,0,0.11080423896896997
0,0,0.10255147136423222
0,0,0.11133132766090481
0,0,0.12605588693802194
0,0,0.1419101044188384
0,0,0.13816840610058886
0,0,0.11508457421234439
0,0,0.0981213835546867
0,0,0.10226992796486091
0,0,0.11518944348326088
0,0,0.11209100599137863
0,0,0.11869568298071911
1,0,0.14998590712277649
1,0,0.15392290210073178
1,0,0.15543649406562682
1,0,0.1490928652122779
1,0,0.1572929276034157
1,0,0.1738933912978331
1,0,0.1758605781388105
1,0,0.1728673168741866
1,0,0.19727583340981217
1,0,0.2160011091639726
1,0,0.2229178726116299
1,0,0.22116661886123046
1,0,0.21684036970063528
1,0,0.18852748983619103
1,0,0.15637483177190006
1,0,0.17583438938316096
1,0,0.21171034029899644
1,0,0.2083164248288621
1,0,0.2101374452562831
1,0,0.20750355197062176
1,0,0.20727607682506935
1,0,0.1834792710384254
1,0,0.17358754883508565
1,0,0.17627820137065517
1,0,0.15972587813924793
1,0,0.15823721085190134
1,0,0.16125666643251127
1,0,0.1638053712458608
1,0,0.15850380924056726
1,0,0.1582166509469592
1,0,0.16013342236216838
1,0,0.16604157087492888
1,0,0.16284573622397133
1,0,0.15623984345090985
1,0,0.15832487019783012
1,0,0.15854112933047101
1,0,0.15834194641521876
1,0,0.1654170182436454
1,0,0.15690774088395837
1,0,0.15087400021411054
1,0,0.16242009103804744
1,0,0.16824105320728885
1,0,0.1709584062982428
1,0,0.1711273450728356
1,0,0.1746712390901595
1,0,0.1798137842351377
1,0,0.18305709152018532
1,0,0.18154015600607099
1,0,0.1852475253727804
1,0,0.17863661386229135
1,0,0.1758702689613909
1,0,0.18013741292801658
1,0,0.1800808232390432
1,0,0.18320207578946543
1,0,0.18270416986655846
1,0,0.17680690393793053
1,0,0.16996563084700206
1,0,0.16801496159910828
1,0,0.15472221938222439
1,0,0.16166034552522143
1,0,0.18437054226597
1,0,0.18650539164570573
1,0,0.1668754750739981
1,0,0.1641965513976142
1,0,0.17552793347816179
1,0,0.17094468847935895
1,0,0.15109042859657495
1,0,0.14388609698819393
1,0,0.1414928901461507
1,0,0.129204581891589
1,0,0.11884510069695829
1,0,0.06744004288139593
1,0,0.06787999707216698
1,0,0.06658221681739379
1,0,0.06649471364283205
1,0,0.07298794291893573
1,0,0.07434653364602141
1,0,0.07139327566503058
1,0,0.065755335946783
1,0,0.065755335946783
1,0,0.06812932640825449
1,0,0.06648313291019467
1,0,0.06995884665857478
1,0,0.07037774057527592
1,0,0.07021076902568876
1,0,0.06931888956386521
1,0,0.0682436678284042
1,0,0.06802856154171878
1,0,0.06730326308569294
1,0,0.06673633512993268
1,0,0.06767853451162596
1,0,0.06858102734161249
1,0,0.0675714670344243
1,0,0.06575533613256211
1,0,0.07556974873862583
1,0,0.06999766637128318
1,0,0.06898718370568471
1,0,0.07102284150434045
1,0,0.08035865420096508
1,0,0.06753760971819489
1,0,0.0658638979839453
1,0,0.06742134695808595
1,0,0.06610254668997537
1,0,0.06598760907744747
1,0,0.06848801800060465
1,0,0.06627842523540928
1,0,0.06573986364254802
1,0,0.06582801777558438
1,0,0.06578040272058197
1,0,0.06603321724145031
1,0,0.06578312657244806
1,0,0.06575399214122839
1,0,0.0657551316477135
1,0,0.06575516415322409
1,0,0.07174684605549857
1,0,0.06991485994400147
1,0,0.06898798009189788
1,0,0.07053402040394147
1,0,0.0721735996163797
1,0,0.07027454688250995
1,0,0.07241789577529706
1,0,0.0809886573865117
1,0,0.07596888716901459
1,0,0.06825674728110957
1,0,0.06897077935556714
1,0,0.06657693543791367
1,0,0.06712214920383659
1,0,0.07249415252104295
1,0,0.06726006755397466
1,0,0.06642679362567405
1,0,0.0669189624909745
1,0,0.06769974247981886
1,0,0.06715315596458213
1,0,0.06688041398876433
1,0,0.06677662795252784
1,0,0.06694524517322596
1,0,0.06684324904102586
1,0,0.0674865128291913
1,0,0.06737041694164447
1,0,0.06722756099653864
1,0,0.06626094959490622
1,0,0.0664158794538753
1,0,0.07586346571776915
1,0,0.07174290457590593
1,0,0.07068638594730985
1,0,0.07403684781853268
1,0,0.07600121512229463
1,0,0.0727391708157767
1,0,0.07316239378601254
1,0,0.07403844947147678
1,0,0.067740622488579
1,0,0.06816675675215764
1,0,0.07163990411853441
1,0,0.0695655539945051
1,0,0.07144088606484834
1,0,0.06936044521117549
1,0,0.06583385943864838
1,0,0.06568046464026589
1,0,0.0691131772670267
1,0,0.07402413793729885
1,0,0.06757598540072823
1,0,0.06693153764861139
1,0,0.07707491524172361
1,0,0.06759583135311427
1,0,0.06680626862205793
1,0,0.06808239933299105
1,0,0.06872500501973626
1,0,0.06861496077056962
1,0,0.0706590091735148
1,0,0.07215142311433213
1,0,0.07121434725655504
1,0,0.06849442815322156
1,0,0.06970731795668504
1,0,0.06864291527201864
1,0,0.06690474494523606
1,0,0.07044547679197699
1,0,0.07339757298025788
1,0,0.06592121713848487
1,0,0.06585909772780055
1,0,0.06946206166467955
1,0,0.07143383105747586
1,0,0.07462956984308554
1,0,0.07652860831209478
1,0,0.08429524693280026
1,0,0.07646918401873727
1,0,0.08385855985548123
1,0,0.1671274427688218
1,0,0.169678585918732
1,0,0.17222705193447985
1,0,0.16690439758608194
1,0,0.16162764573972394
1,0,0.16381705356353227
1,0,0.1647730017221277
1,0,0.16550578307060626
1,0,0.15474528888648764
1,0,0.14889065467029222
1,0,0.14797283667019015
1,0,0.1523351837445983
1,0,0.17084412634079205
1,0,0.16990932917716256
1,0,0.16280664292449587
1,0,0.1620543838309608
1,0,0.16616341397425807
1,0,0.16854131927037022
1,0,0.16811473614378095
1,0,0.17113886575168402
1,0,0.16896048721854745
1,0,0.16102792298026009
1,0,0.1610889607084611
1,0,0.16549353329063424
1,0,0.16134063711754618
1,0,0.15774781497444945
1,0,0.15870886098639805
1,0,0.15631793885967885
1,0,0.15870509038378175
1,0,0.16353130983464081
1,0,0.15320101726272214
1,0,0.15385076963578723
1,0,0.1660567830169514
1,0,0.16262210811816885
1,0,0.15973599562644542
1,0,0.1615890432568203
1,0,0.16181342350484326
1,0,0.16106631161339677
1,0,0.15608821929511593
1,0,0.15909958497134316
1,0,0.16201984202019773
1,0,0.16224216049985124
1,0,0.1625026372326482
1,0,0.15393513060545436
1,0,0.15564350293321585
1,0,0.1620917195534241
1,0,0.15883683202057788
1,0,0.15175992222694856
1,0,0.14888704217475038
1,0,0.15287998779224407
1,0,0.15593993053950966
1,0,0.1527395183293949
1,0,0.1576932759641469
1,0,0.1552345001653838
1,0,0.14928558166906322
1,0,0.15337984819048797
1,0,0.1573269804805412
1,0,0.15402811642066766
1,0,0.15147916384585175
1,0,0.06742230308804553
1,0,0.0689493591831577
1,0,0.06670627128339268
1,0,0.06618131784842396
1,0,0.06600399299818814
1,0,0.06602216014306192
1,0,0.06631750050712318
1,0,0.06604546556704466
1,0,0.06821699477312389
1,0,0.06978725637680452
1,0,0.06869969611175962
1,0,0.0661275788870217
1,0,0.06621562996841986
1,0,0.06611341451632587
1,0,0.06581541617714419
1,0,0.0664264799885882
1,0,0.06725795188206027
1,0,0.06688963155656477
1,0,0.06780811800891912
1,0,0.06744321644428843
1,0,0.06599708348805354
1,0,0.06628269940322978
1,0,0.07552309049083819
1,0,0.0694254295216786
1,0,0.06963491832541256
1,0,0.07453009501729752
1,0,0.07230506986865838
1,0,0.06996840545470452
1,0,0.06671647364442324
1,0,0.06637264497724782
1,0,0.06766330407271477
1,0,0.06750676688097702
1,0,0.06810317404795002
1,0,0.07016887380603838
1,0,0.07077787488150043
1,0,0.06929880564523437
1,0,0.06837049438998659
1,0,0.07040848100667704
1,0,0.06929507667781977
1,0,0.06914820052573385
1,0,0.0672091991030008
1,0,0.0661907503052631
1,0,0.06721124777138265
1,0,0.06713401393144107
1,0,0.06801369429985928
1,0,0.06989219429389572
1,0,0.12121565165244899
1,0,0.12330693170519044
1,0,0.1491708865238636
1,0,0.15096580889064098
1,0,0.1506787643209506
1,0,0.13364581138913878
1,0,0.12253188150194136
1,0,0.13426526438407707
1,0,0.12843149093358863
1,0,0.13528998845922413
1,0,0.12884517564427356
1,0,0.12738434040420685
1,0,0.14348814289651446
1,0,0.13741946494663868
1,0,0.14258998430444778
1,0,0.14643050465793742
1,0,0.1469329379673856
1,0,0.15175722119636836
1,0,0.15238088101921168
1,0,0.15035773767775765
1,0,0.1471745020570044
1,0,0.14542022637993954
1,0,0.13792828584027492
1,0,0.1326416927658116
1,0,0.13430373631431428
1,0,0.1368556184280485
1,0,0.1379145844761448
1,0,0.14639798100612564
1,0,0.1462149426048888
1,0,0.1450011603141706
1,0,0.14530745510228005
1,0,0.1465180749933548
1,0,0.13536220678035793
1,0,0.12360319028049162
1,0,0.1239712398110909
1,0,0.12543001140487378
1,0,0.12858894500021192
1,0,0.12707664719819564
1,0,0.11929735317155493
1,0,0.11749125121215599
1,0,0.11957782700593886
1,0,0.12081797919514325
1,0,0.11998476748738113
1,0,0.1330900053247705
1,0,0.14895264991752036
1,0,0.1517781877625034
1,0,0.15027809526742059
1,0,0.1508007639003984
1,0,0.15804973848966894
1,0,0.15384265119867033
1,0,0.1495473822185535
1,0,0.1425318547974665
1,0,0.1397539141395282
1,0,0.13237556408162815
1,0,0.11398033507220408
1,0,0.12078212819303642
1,0,0.13037899168378683
1,0,0.12314535931591554
1,0,0.1120197881049499
1,0,0.11379247051941374
1,0,0.11386389274304838
1,0,0.1250955818299439
1,0,0.13942111032486743
1,0,0.13367784453532033
1,0,0.11914824252238451
1,0,0.12110816812346847
1,0,0.12572043568687977
1,0,0.13435824520792308
0,0,0.11391633442166062
0,0,0.11299353352718068
0,0,0.11316182017893399
0,0,0.12294321696261387
0,0,0.12793147054334697
0,0,0.1216764108244333
0,0,0.14035858857978473
0,0,0.15609682380110304
0,0,0.16012393402092598
0,0,0.16090814454970517
0,0,0.15180974351863927
0,0,0.15187204190763973
0,0,0.16062894197011138
0,0,0.1540455865307669
0,0,0.14719214545279707
0,0,0.15086305384631282
0,0,0.14899896706705243
0,0,0.152028800538404
0,0,0.1488981612292202
0,0,0.13864981007063348
0,0,0.14837482452891412
0,0,0.1603089046988973
0,0,0.1498350921326127
0,0,0.14580010816316075
0,0,0.1337717920381925
0,0,0.12492969909539757
0,0,0.12290345896555288
0,0,0.12651646936497046
0,0,0.1270772322181932
0,0,0.1261010608833326
0,0,0.12520204686185768
0,0,0.12204613413042902
0,0,0.11680632268425435
0,0,0.12208540768451209
0,0,0.12907400345356046
0,0,0.1244440707944425
0,0,0.12232645214343178
0,0,0.12244426538311207
0,0,0.12327805130582505
0,0,0.12955000004164172
0,0,0.11588057895623714
0,0,0.11069029612029516
0,0,0.12592250070647332
0,0,0.12732572829895783
0,0,0.12938063924419307
0,0,0.13063798750970965
0,0,0.18554918439388088
0,0,0.18387056089499526
0,0,0.18560525960343738
0,0,0.18364983585202357
0,0,0.18279540203065467
0,0,0.18301422677377036
0,0,0.18215553958349076
0,0,0.1844943858020155
0,0,0.1838900328270224
0,0,0.18831896063566922
0,0,0.19033225107790766
0,0,0.18385982519706207
0,0,0.1843378020688283
0,0,0.184679714828555
0,0,0.18772296513226142
0,0,0.18656422977109957
0,0,0.18292878661082412
0,0,0.18545086509981862
0,0,0.18190178895118106
0,0,0.18263026623087544
0,0,0.18500948150518992
0,0,0.183444648980293
0,0,0.18580980763409885
0,0,0.18562584364338922
0,0,0.1887089445869463
0,0,0.18250044700143384
0,0,0.18028385158596463
0,0,0.18497043357799917
0,0,0.1858474139889849
0,0,0.18266206800982468
0,0,0.18124070558218172
0,0,0.1842799950249964
0,0,0.18397295058388777
0,0,0.18477742033697478
0,0,0.18588174935439022
0,0,0.18237264469226255
0,0,0.18220733443528778
0,0,0.18299565178838278
0,0,0.18348580169822334
0,0,0.18720715593795403
0,0,0.18576466426870158
0,0,0.18740138525070943
0,0,0.18486714087180667
0,0,0.18003670045363973
0,0,0.18514569930879443
0,0,0.18503979503485726
0,0,0.18305137037026856
0,0,0.1853795022717466
0,0,0.18566081397835366
0,0,0.18549695251109283
0,0,0.18434494325511747
0,0,0.18291390072256528
0,0,0.1844591721112186
0,0,0.18425143988150192
0,0,0.1842956766478031
0,0,0.18458572766333445
0,0,0.18428474237612286
0,0,0.18316451149064178
0,0,0.18545375067133635
0,0,0.18518663255942286
0,0,0.18669187416114474
0,0,0.18234970021200728
0,0,0.18075691792581192
0,0,0.18452102004314688
0,0,0.1858446250973607
0,0,0.1824469291151102
0,0,0.18001176996570967
0,0,0.18464381852268436
0,0,0.18762131218586597
0,0,0.18514476309767172
0,0,0.18109073774250195
0,0,0.18403398714188218
0,0,0.1891127091010458
0,0,0.18268653216634292
0,0,0.17978077354732716
0,0,0.18569000952363893
0,0,0.18771049193873374
0,0,0.18424491658393427
0,0,0.18093769804418158
0,0,0.18374877393451372
0,0,0.18747782055358014
0,0,0.18417722261827163
0,0,0.1810271361967445
0,0,0.18487919394182276
0,0,0.18583463314870163
0,0,0.1828516567268188
0,0,0.18559902822726618
0,0,0.18647768127486744
0,0,0.18160335662765573
0,0,0.1828509812496201
0,0,0.18405433050901207
0,0,0.18640158396757894
0,0,0.18454407183714208
0,0,0.18417298312144315
1,0,0.19074045900419384
1,0,0.1943235464117535
1,0,0.1894257556849872
1,0,0.19474481789608383
1,0,0.19413304276656565
1,0,0.1850072392012434
1,0,0.17205041819004566
1,0,0.19939343880586047
1,0,0.19721520716070706
1,0,0.16679268596609007
1,0,0.17469431183054213
1,0,0.2010542471349305
1,0,0.1944624292900189
1,0,0.12759081881529727
1,0,0.20348285881547878
1,0,0.16641683941408206
1,0,0.17561618235835422
1,0,0.18819476614559857
1,0,0.1776985727753547
1,0,0.20174010931279956
1,0,0.19777317125551114
1,0,0.1101676578446958
1,0,0.19127572439016213
1,0,0.18734633261375688
1,0,0.18800295863710345
1,0,0.18881763705530216
1,0,0.18518251982395076
1,0,0.19094716696582018
1,0,0.19172665531225153
1,0,0.1879720109161212
1,0,0.19427457860609698
1,0,0.19471498402425866
1,0,0.18711045853563754
1,0,0.18467217913014147
1,0,0.17696881505864656
1,0,0.19492075231313755
1,0,0.19562525816435364
1,0,0.1900646696671358
1,0,0.1914647450097308
1,0,0.18861343996179644
1,0,0.18939690307514248
1,0,0.18887647648529962
1,0,0.1861357362062519
1,0,0.18958252712122678
1,0,0.19097488213490366
1,0,0.1768372985228246
0,0,0.179362565893586
0,0,0.18495284438583448
0,0,0.18537279589314715
0,0,0.1813564612272207
0,0,0.18655366937581708
0,0,0.18563581264838958
0,0,0.18546149394176153
0,0,0.18925938151240396
0,0,0.1876124155320479
0,0,0.18350594008168902
0,0,0.17719914594381905
0,0,0.1801187042399415
0,0,0.18773170336065848
0,0,0.18934176882106857
0,0,0.18635517575922342
0,0,0.18338662075422943
0,0,0.1785040456104792
0,0,0.18145763388376795
0,0,0.19297749080260107
0,0,0.1988753494658948
0,0,0.19381722962973366
0,0,0.1854366990639025
0,0,0.19251620149003085
1,0,0.18649088266599367
1,0,0.18557339656703617
1,0,0.1841287586579665
1,0,0.18487802503533005
1,0,0.18563246941640246
1,0,0.18508754597002378
1,0,0.1865099667463289
1,0,0.18874151100309614
1,0,0.19019653981969414
1,0,0.19131662429123356
1,0,0.18913034610773605
1,0,0.1766036615245767
1,0,0.19993927105068907
1,0,0.2016941177932118
1,0,0.1730984458211044
1,0,0.1829885548467692
1,0,0.16440558760279275
1,0,0.20152998676732017
1,0,0.20325109440864242
1,0,0.18145038268762087
1,0,0.18811424825312392
1,0,0.20645948679577356
1,0,0.20184928299430943
0,0,0.18296215680849462
0,0,0.18364430802823198
0,0,0.1847518877000704
0,0,0.18329706591170672
0,0,0.1836405370731413
0,0,0.18868728080513048
0,0,0.18744836081980545
0,0,0.18219416870331429
0,0,0.18245625538043944
0,0,0.18352320315681406
0,0,0.184191831415652
0,0,0.18309023146265557
0,0,0.18336161301451437
0,0,0.18379072155441759
0,0,0.18687905544696054
0,0,0.18653355483722053
0,0,0.1815535366552445
0,0,0.18078559164671876
0,0,0.1917219047294216
0,0,0.1963376055011604
0,0,0.1907242721648106
0,0,0.18747349331603252
0,0,0.1861625878172477
0,0,0.18722640590848516
0,0,0.1853056626889587
0,0,0.18251555321673277
0,0,0.18367068512291168
0,0,0.1847777843216197
0,0,0.18494826442634663
0,0,0.18431136911839158
0,0,0.18356476550245895
0,0,0.18234243038857365
0,0,0.18212702347912577
0,0,0.18575522939089031
0,0,0.18593507537609316
0,0,0.1827205393018437
0,0,0.185969741580344
0,0,0.1849970606643186
0,0,0.1835636486755053
0,0,0.18576386937807998
0,0,0.18378832728937275
0,0,0.1818899488430958
0,0,0.1820927552330771
0,0,0.18453342624225913
0,0,0.18434662538381252
0,0,0.1843578989538404
0,0,0.18438355367026216
0,0,0.18194215600927896
0,0,0.18604517624315053
0,0,0.18404215367992613
0,0,0.18343043570399256
0,0,0.1842160380794156
0,0,0.18628192098946186
0,0,0.18538185091445164
0,0,0.18372076287187036
0,0,0.18436527336809913
0,0,0.1815627438191174
0,0,0.18308853376569142
0,0,0.18336818356983134
0,0,0.18417914191874285
0,0,0.18414281957400033
0,0,0.18355623678497934
0,0,0.18352439764034886
0,0,0.18243218902680747
0,0,0.18558003580918858
0,0,0.18690763431588128
0,0,0.18435187566805603
0,0,0.18504788746092837
0,0,0.1842510224145086
0,0,0.18202440471840398
0,0,0.1861713118424179
0,0,0.18675554138365733
0,0,0.18342019373665305
0,0,0.1854404068538189
0,0,0.18553790318848948
0,0,0.18417591651041976
0,0,0.18549322747027883
0,0,0.1846187914370986
0,0,0.1856289303484504
0,0,0.18591113516471325
0,0,0.1866277205593845
0,0,0.18616759096247562
0,0,0.18316034140961202
0,0,0.18700875500999015
0,0,0.18670598326869958
0,0,0.1833219716422657
0,0,0.18505250358232989
0,0,0.18635032827591733
0,0,0.18333502406754945
0,0,0.18331200691580465
0,0,0.19237292816787294
0,0,0.18702088899347713
0,0,0.18330871257801412
0,0,0.18665294811886263
0,0,0.18164103455368638
0,0,0.18313029850171567
0,0,0.1861445501465222
0,0,0.18509107385476467
0,0,0.18126702253167237
0,0,0.18171948718379444
0,0,0.1865671484994674
0,0,0.18666901203747988
0,0,0.18162185277389795
0,0,0.179765122937416
0,0,0.18597989433264844
1,0,0.20028554487960004
1,0,0.18827995580776516
1,0,0.18143368921080322
1,0,0.18598788917068407
1,0,0.18475205878330234
1,0,0.1869265570743207
1,0,0.18541252363558475
1,0,0.18207117202228001
1,0,0.18616701384238718
1,0,0.19023144610369938
1,0,0.1890229048374119
1,0,0.18507344123384661
1,0,0.18539555204831287
1,0,0.1853503259925992
1,0,0.1860925416273171
1,0,0.1839325076074322
1,0,0.18466522887613832
1,0,0.1855554822171153
1,0,0.1843826343458514
1,0,0.18520256739328186
1,0,0.18307010775761953
1,0,0.18686310174306314
1,0,0.18676222585878913
0,0,0.1851514528623486
0,0,0.18476808669036268
0,0,0.18334101134998815
0,0,0.18368272324117205
0,0,0.18360973001707892
0,0,0.18654192237723377
0,0,0.1846573772322387
0,0,0.18113402641675586
0,0,0.18476117542670073
0,0,0.18388956990897973
0,0,0.18267563573638285
0,0,0.18370590581507115
0,0,0.18643025887379774
0,0,0.1851602745258934
0,0,0.18256841702939602
0,0,0.18454981245808194
0,0,0.184433575558385
0,0,0.18468573451571993
0,0,0.18404262246227507
0,0,0.18253613198838992
0,0,0.18302197489010594
0,0,0.1851819036306952
0,0,0.18415231852275551
0,0,0.1841826121984218
0,0,0.18409274353015087
0,0,0.1840064739913429
0,0,0.18485225645483233
0,0,0.18380548213445283
0,0,0.18490603000603612
0,0,0.18374270183220204
0,0,0.18463446967548525
0,0,0.1849897944354986
0,0,0.1826192017135683
0,0,0.1856209109949747
0,0,0.18476459717932298
0,0,0.18300210802334677
0,0,0.1843641904546371
0,0,0.1851882811682926
0,0,0.18537130745117344
0,0,0.18325856977149535
0,0,0.18351100515289087
0,0,0.18571209543748543
0,0,0.1855952531431567
0,0,0.1838066758029003
0,0,0.1850679089873519
0,0,0.18450448866885422
0,0,0.18743757458615035
0,0,0.18722296817321746
0,0,0.18544601185173087
0,0,0.18585612685145086
0,0,0.18644788208992513
0,0,0.18972857397684448
0,0,0.195636859300362
0,0,0.19368446084705426
0,0,0.18034789705563942
0,0,0.17742849922409587
0,0,0.18225303180062352
0,0,0.18387708621068263
0,0,0.18525100278725418
0,0,0.18492836919895167
0,0,0.1860235911303941
0,0,0.18327030704597816
0,0,0.1924131099925008
0,0,0.19357150273135326
0,0,0.193500695371993
0,0,0.1924192440631736
0,0,0.18311452211545154
0,0,0.19738841879595073
1,0,0.18346794985142467
1,0,0.183077499207781
1,0,0.1914467929936706
1,0,0.1889157302686475
1,0,0.18032398844728484
1,0,0.18509799046151262
1,0,0.18727495008559727
1,0,0.1855855301201173
1,0,0.18469794563745842
1,0,0.18548592669825836
1,0,0.18303980029536815
1,0,0.18361497012624828
1,0,0.1856092750606974
1,0,0.18620076615796644
1,0,0.17855254007166055
1,0,0.17170685151913417
1,0,0.18388115091489665
1,0,0.18531257567978177
1,0,0.1831833917831299
1,0,0.18525793454694162
1,0,0.18676794094376492
1,0,0.18574400730294366
1,0,0.1847304585862524
1,0,0.18492966984732587
1,0,0.18477111082626635
1,0,0.18524933178248765
1,0,0.18468215446287847
1,0,0.1834232297393029
1,0,0.18364609916789526
1,0,0.18403781800568175
1,0,0.1841529556384026
1,0,0.18566351708910547
1,0,0.18543846720744184
1,0,0.18494523197475998
1,0,0.18564546483071928
1,0,0.18605951562455092
1,0,0.1848876935564936
1,0,0.18403696283674942
1,0,0.1846260279736213
1,0,0.18719955381273068
1,0,0.1866820676371236
1,0,0.18392125790044114
1,0,0.17908669187487286
1,0,0.18101842730765486
1,0,0.1853926778158313
1,0,0.18423552050251063
0,0,0.15474535323876043
0,0,0.10907993633243195
0,0,0.06797640955210614
0,0,0.08947763007502119
0,0,0.15237366804516822
0,0,0.1375636189851736
0,0,0.17498480506601086
0,0,0.1674759097024431
0,0,0.13900699463562385
0,0,0.15799528449863762
0,0,0.18611229851992456
0,0,0.15998278508333183
0,0,0.09321021209728325
0,0,0.09631871747131106
0,0,0.08073038014145664
0,0,0.07957116113949687
0,0,0.12238510708960959
0,0,0.14001347564143846
0,0,0.15264707516862064
0,0,0.13061075339285522
0,0,0.15100348222875667
0,0,0.1492345735827557
0,0,0.16378241005817554
1,0,0.11489582074984206
1,0,0.1316714667168234
1,0,0.16749633855361695
1,0,0.15990680406459767
1,0,0.1628760473242363
1,0,0.156489425009525
1,0,0.15710537269688998
1,0,0.15995567192925594
1,0,0.15006920407993246
1,0,0.1477376879520179
1,0,0.1479955520205558
1,0,0.148531296358653
1,0,0.14975433488030784
1,0,0.1531374735001968
1,0,0.16209842655341888
1,0,0.1658665677200315
1,0,0.17268487679977512
1,0,0.17679981282117616
1,0,0.17257685818337035
1,0,0.17039196119657057
1,0,0.17824550695672964
1,0,0.17890731280142677
1,0,0.1731352778265473
1,0,0.16728041865633725
1,0,0.14484963063231188
1,0,0.14690775782523557
1,0,0.17725376071601323
1,0,0.1841672646849503
1,0,0.18839220357759118
1,0,0.1927731538888977
1,0,0.19085364254149764
1,0,0.18751316474458046
1,0,0.18994927425252048
1,0,0.1922074936498826
1,0,0.1858409019727582
1,0,0.1850597219021111
1,0,0.1899354798762917
1,0,0.18957401070421598
1,0,0.18266301930276949
1,0,0.17991691044698768
1,0,0.1885050989316796
1,0,0.19397526201682988
1,0,0.187010256004793
1,0,0.179832787819658
1,0,0.1783104313005416
1,0,0.1789684899623631
1,0,0.18012229143831246
1,0,0.18508015788153015
1,0,0.1812385131131394
1,0,0.17858703619819774
1,0,0.1858641503230688
1,0,0.18724674865868635
1,0,0.1834085621785446
1,0,0.1884169802012926
1,0,0.19281442347069422
1,0,0.19006192719695675
1,0,0.19093063273377056
1,0,0.1966875331217852
1,0,0.19953461413572568
1,0,0.20277195418796395
1,0,0.19791219283346656
1,0,0.1846401818875895
1,0,0.18308537629399282
1,0,0.1841081231146833
1,0,0.18505581604487817
1,0,0.19014039661170795
1,0,0.18837373101352584
1,0,0.18812818161324274
1,0,0.1913597473493486
1,0,0.1899172554752207
1,0,0.19267861750312285
1,0,0.06575410008458615
1,0,0.06573719208086753
1,0,0.06580076532823648
1,0,0.06916238240971091
1,0,0.06858292110530306
1,0,0.06571886964193654
1,0,0.06571717913345196
1,0,0.06862743216412827
1,0,0.072209223043987
1,0,0.07322333728978883
1,0,0.06663660247603237
1,0,0.06650999492914443
1,0,0.07003015522965302
1,0,0.07122216133840906
1,0,0.07147141350482507
1,0,0.07069402201311184
1,0,0.06924516510767197
1,0,0.06802495924270517
1,0,0.06794348496686034
1,0,0.0682726798704707
1,0,0.07214095444111737
1,0,0.07148686201808148
1,0,0.07010280731555468
1,0,0.06587586950772939
1,0,0.0657869795250089
1,0,0.06578361067359477
1,0,0.06591226483678025
1,0,0.06601176062260825
1,0,0.06587817961870082
1,0,0.06588323733784589
1,0,0.06621995861223508
1,0,0.06635676816800415
1,0,0.06603914088714331
1,0,0.06513778811923125
1,0,0.06549781717314408
1,0,0.06639750076032497
1,0,0.06579887988367114
1,0,0.0658417785309213
1,0,0.06667904729512092
1,0,0.0681536982859652
1,0,0.06739822879874789
1,0,0.06625167514091951
1,0,0.06607950980783393
1,0,0.0657566584247624
1,0,0.06575533608986055
1,0,0.06577369080533947
0,0,0.065755335946783
0,0,0.065755335946783
0,0,0.065755335936501
0,0,0.065755335946783
0,0,0.06574859570757359
0,0,0.06691156407525496
0,0,0.06717988459257417
0,0,0.06689759800286771
0,0,0.06751322535034676
0,0,0.06746333236650542
0,0,0.06679151556556595
0,0,0.0669058907080655
0,0,0.06854294274061881
0,0,0.06766705965315045
0,0,0.0666671673063869
0,0,0.06675187733235113
0,0,0.06679841024837115
0,0,0.06650870134271072
0,0,0.0658450692709975
0,0,0.0658179590307044
0,0,0.06575533437741596
0,0,0.065755335946783
0,0,0.0656841164218569
1,0,0.06798895136634989
1,0,0.06724946378956649
1,0,0.06676730757925309
1,0,0.06786404419814758
1,0,0.06893685760468665
1,0,0.06592785927809225
1,0,0.06718670065235455
1,0,0.0712884166817091
1,0,0.06833574147808527
1,0,0.06746404936675936
1,0,0.06779133977489167
1,0,0.06681009262444644
1,0,0.06696811167932427
1,0,0.06729409871401375
1,0,0.06832226851694036
1,0,0.06860380089701398
1,0,0.06585620330680911
1,0,0.06575532705466114
1,0,0.06567922796372942
1,0,0.06619950176714365
1,0,0.06542088556209842
1,0,0.06576227344165976
1,0,0.06657675477153144
1,0,0.0659054090675422
1,0,0.06568371892747842
1,0,0.06654996493947041
1,0,0.06687450678030551
1,0,0.06726211757353105
1,0,0.06696516894544534
1,0,0.06653760116111745
1,0,0.06658605715639397
1,0,0.06619600231415561
1,0,0.06604998680976146
1,0,0.06654924259341019
1,0,0.06575577728521005
1,0,0.0657551690167137
1,0,0.06538641476967615
1,0,0.06552267674229023
1,0,0.06718927085274021
1,0,0.0665737994874799
1,0,0.06636762069404645
1,0,0.06640836781540098
1,0,0.06571733978112673
1,0,0.06571087925510373
1,0,0.06571114162163964
1,0,0.06597118142084582
0,0,0.13145120439814542
0,0,0.14290412478986148
0,0,0.13844976436123763
0,0,0.13971141162882258
0,0,0.15574411042389497
0,0,0.16690345498840797
0,0,0.15902261512610466
0,0,0.15461370204562347
0,0,0.16018592982369123
0,0,0.165616812726416
0,0,0.16648619134416975
0,0,0.16904197202893298
0,0,0.17104124425795628
0,0,0.16837431742299705
0,0,0.1656649118965955
0,0,0.16521960947425915
0,0,0.1670189905965123
0,0,0.17279985635942544
0,0,0.17168153780275308
0,0,0.16670120033713173
0,0,0.16396300108170103
0,0,0.164383542757324
0,0,0.1646742087226581
0,0,0.16149861294264115
0,0,0.15176258730482886
0,0,0.14956672922632225
0,0,0.15805097311806396
0,0,0.16016701307974046
0,0,0.16692788361890837
0,0,0.17281342649478273
0,0,0.15361241661303995
0,0,0.140844587000938
0,0,0.1529290421086999
0,0,0.15740482928235
0,0,0.14695471630326856
0,0,0.13497687213212728
0,0,0.1329810979035632
0,0,0.14344109567131988
0,0,0.14585283497378823
0,0,0.1393683731692062
0,0,0.13811512850875343
0,0,0.13832333043416672
0,0,0.1437996469302294
0,0,0.148233403759199
0,0,0.14784442929638497
0,0,0.13635967725246775
0,0,0.12758085754744633
0,0,0.1313915529842435
0,0,0.13635479461464692
0,0,0.13744338381465715
0,0,0.13801298215084598
0,0,0.09833601087201209
0,0,0.09524608514223805
0,0,0.13482056654716834
0,0,0.13059824847371096
0,0,0.1165518800140877
0,0,0.11197046489425004
0,0,0.11090084437435667
0,0,0.10863053062856477
1,0,0.06799809773478048
1,0,0.06726464201000568
1,0,0.06774003465749602
1,0,0.0673294622657046
1,0,0.06534689988270949
1,0,0.06575159385041988
1,0,0.06570297166942052
1,0,0.06552042393042827
1,0,0.06571744450259197
1,0,0.06791157657380353
1,0,0.06622742345964307
1,0,0.06575335373441028
1,0,0.06575531030570596
1,0,0.06579795090084017
1,0,0.0658035821869159
1,0,0.06601407847280308
1,0,0.0698982450303035
1,0,0.06807620238675166
1,0,0.06705102158225212
1,0,0.06669910399370965
1,0,0.06575533878822087
1,0,0.06575545630531976
1,0,0.06666498969907114
1,0,0.06568078148004756
1,0,0.06582580554871276
1,0,0.06562822474190255
1,0,0.0657557252223316
1,0,0.06731124223759306
1,0,0.06689040691407006
1,0,0.06634369823348728
1,0,0.0662055606910863
1,0,0.06596413127213818
1,0,0.06619490402370026
1,0,0.06603795098417321
1,0,0.06590203190807618
1,0,0.06626634891078301
1,0,0.0663201628796317
1,0,0.06617745834955256
1,0,0.06606396707604488
1,0,0.06595474975496783
1,0,0.06596186784083687
1,0,0.06602911759156624
1,0,0.06602178716432533
1,0,0.06600015886786495
1,0,0.06599020176334412
1,0,0.06590031106811838
1,0,0.14430946386334123
1,0,0.15010864003670132
1,0,0.15590182989086843
1,0,0.16501252997380061
1,0,0.14999895219178055
1,0,0.14299284684458965
1,0,0.1223802567324078
1,0,0.11903484526808117
1,0,0.1294622630975334
1,0,0.12239179315587118
1,0,0.12878607586968444
1,0,0.1380353494826578
1,0,0.14306966915004837
1,0,0.15197906967592292
1,0,0.15544865727643423
1,0,0.14874043041270432
1,0,0.14863329882941423
1,0,0.1544887097100939
1,0,0.16051689168393518
1,0,0.16611467967048474
1,0,0.16909871275925054
1,0,0.16980070768522623
1,0,0.16882940798858587
1,0,0.16426573769652655
1,0,0.15874838944091893
1,0,0.15689346989210037
1,0,0.15750827592676575
1,0,0.1541858366572729
1,0,0.11130910491715924
1,0,0.11101208052180261
1,0,0.1438807074757566
1,0,0.13787087650577884
1,0,0.12094891936720843
1,0,0.10128424823205459
1,0,0.0958451733969845
1,0,0.10589306257064923
1,0,0.11407686723740251
1,0,0.10901030282947631
1,0,0.12191439576066308
1,0,0.11692304529121904
1,0,0.1206135848173341
1,0,0.12833988038525415
1,0,0.12378492048011301
1,0,0.12852600124166302
1,0,0.1228845425755055
1,0,0.11271238002859958
1,0,0.12932059194728085
1,0,0.1409409311534697
1,0,0.14176825607923357
1,0,0.1384966842334634
1,0,0.13246980755285573
1,0,0.1311275705719163
1,0,0.13256802163012343
1,0,0.12467373100336043
1,0,0.13186494413133668
1,0,0.136311571809459
1,0,0.1323502981320141
1,0,0.12889558098914602
1,0,0.12047413876985566
1,0,0.12379626411399024
1,0,0.13385809373824567
1,0,0.1364886061407475
1,0,0.12649712776329583
1,0,0.12757877520476257
1,0,0.13083789919076685
1,0,0.13266208546182104
1,0,0.1380446308364257
1,0,0.1345458512046725
1,0,0.06499064673880907
1,0,0.0644291389344622
1,0,0.1437103249543292
1,0,0.12278194880600875
1,0,0.11797937919938634
1,0,0.06930068131413186
1,0,0.065620861400375
1,0,0.06575532929570438
1,0,0.065755335946783
1,0,0.06575533591953463
1,0,0.06575533594078115
1,0,0.065755335946783
1,0,0.065755335946783
1,0,0.065755335946783
1,0,0.06575533594675491
1,0,0.06575533594278386
1,0,0.06575533305568988
1,0,0.0657553309688399
1,0,0.06574831410087384
1,0,0.06477600608346804
1,0,0.0629016233365984
1,0,0.10544092342618037
1,0,0.12532907919881864
1,0,0.12712431580010056
1,0,0.13310819754693418
1,0,0.13235908411829567
1,0,0.07715170947090619
1,0,0.06576785956904185
1,0,0.06692444950914837
1,0,0.08031505197510282
1,0,0.07964085539148946
1,0,0.07875616774604997
1,0,0.07640274308942407
1,0,0.07616295834081954
1,0,0.07861065746864825
1,0,0.08173269695119184
1,0,0.08327855718799208
1,0,0.08138407994334158
1,0,0.08352695214562657
1,0,0.08362270681727932
1,0,0.08419867072097467
1,0,0.08340403213245584
1,0,0.08298407693623087
1,0,0.08524705147435915
1,0,0.08496681664373097
1,0,0.08395733155388285
0,0,0.1863392808640579
0,0,0.18374567975262954
0,0,0.1853936743215293
0,0,0.1854360935766292
0,0,0.18493669819648428
0,0,0.18724162044375636
0,0,0.1868379341764312
0,0,0.1841450599948626
0,0,0.18510971098392043
0,0,0.18544404637471593
0,0,0.18389979721355879
0,0,0.18644855814889594
0,0,0.18541551919571267
0,0,0.1825249725190742
0,0,0.18478258024361088
0,0,0.18411781191142418
0,0,0.18536795809568363
0,0,0.1873821618004683
0,0,0.18546954856920023
0,0,0.1849518608328241
0,0,0.18563316345558326
0,0,0.18770254945603668
0,0,0.18584709855692264
0,0,0.18436304002109763
0,0,0.1839345171196302
0,0,0.18582878243170023
0,0,0.1886987763894768
0,0,0.1870204260737753
0,0,0.1858458801817657
0,0,0.18558832763884764
0,0,0.18314307753413944
0,0,0.18450486405429806
0,0,0.18531182870473295
0,0,0.18466523768859203
0,0,0.1851708692959768
0,0,0.18662804627111623
0,0,0.18504572782216486
0,0,0.18243212118476884
0,0,0.18398635664481322
0,0,0.18648604575014474
0,0,0.18489089434063002
0,0,0.1842684302240326
0,0,0.1849512409948294
0,0,0.18604265546447768
0,0,0.183734965032619
0,0,0.18457028114312904
0,0,0.1855336813241606
0,0,0.18250875850928674
0,0,0.18268738327530548
0,0,0.18601985363703935
0,0,0.18540980601424414
0,0,0.18398133449716825
0,0,0.18337168290240916
0,0,0.18619756372950982
0,0,0.18626035343431127
0,0,0.18076847692746012
0,0,0.18284415319393862
0,0,0.18622644528796603
0,0,0.18699347141782507
0,0,0.18455021719129866
0,0,0.18526048174507143
0,0,0.18597064713242079
0,0,0.18404098757090823
0,0,0.18431942176704708
0,0,0.184550482250142
0,0,0.1856169579898794
0,0,0.18548414717905398
0,0,0.18348850443008338
0,0,0.18441510290582433
0,0,0.18404573397396026
0,0,0.18382192942201217
0,0,0.18384754140213233
0,0,0.18574259949070074
0,0,0.1848208509565287
0,0,0.18409845742644976
0,0,0.18403903787611
0,0,0.18471224599140554
0,0,0.18455469054140267
0,0,0.18474403154548494
0,0,0.1851856420809714
0,0,0.1812358894142299
0,0,0.18468991107128044
0,0,0.18603293767848572
0,0,0.18259728489402202
0,0,0.1854300928282215
0,0,0.188141066001812
0,0,0.18580154403958074
0,0,0.18594680026993898
0,0,0.18326103316550496
0,0,0.18469333996345894
0,0,0.18557990604055838
0,0,0.18438700681539139
0,0,0.18375390771598613
0,0,0.1851445630588212
0,0,0.18483310988377002
0,0,0.18568481267279613
0,0,0.18595981104107184
0,0,0.18571400587204487
0,0,0.1845656755113038
0,0,0.18502405857757956
0,0,0.1857877626191138
0,0,0.1841483237147806
0,0,0.18500739793458287
0,0,0.187516557529757
0,0,0.18538118395081804
0,0,0.18639925697716214
0,0,0.18657515947172484
0,0,0.18327950700725432
0,0,0.18600111156348098
0,0,0.18667318999787175
0,0,0.18409091087066104
0,0,0.18596919810319418
0,0,0.1856329639587734
0,0,0.18542370503991887
0,0,0.18505972683563565
0,0,0.18407470238538226
0,0,0.18391228328343504
0,0,0.1858456369331224
0,0,0.18294835479267446
0,0,0.18482874066305377
0,0,0.18490123490615631
0,0,0.1835563690448471
0,0,0.1856603419741399
0,0,0.1858028050632811
0,0,0.185576632640484
0,0,0.18389311459865382
0,0,0.18400761441021563
0,0,0.18352379383628165
0,0,0.18576530371977001
0,0,0.18587083027863138
0,0,0.18401536772619362
0,0,0.18361829553218548
0,0,0.185053557819876
0,0,0.18487273538212978
0,0,0.18454900571522118
0,0,0.18467546040400556
0,0,0.18299759446261307
0,0,0.18479807519826688
0,0,0.18465261013498768
0,0,0.18448941180249032
0,0,0.1821847462445246
0,0,0.18162866134141234
0,0,0.18477291809278004
0,0,0.1853378354830254
0,0,0.18431458631128558
0,0,0.1824287943139876
0,0,0.18356038676092998
0,0,0.18338696347950006
0,0,0.18316689837651418
0,0,0.18321033358297936
0,0,0.1818900756353742
0,0,0.18018086116666834
0,0,0.18274010096526558
0,0,0.18411776562252222
0,0,0.18345754129904496
0,0,0.18323789442567434
0,0,0.18393417784743932
0,0,0.1852435904775028
0,0,0.18272619777192106
0,0,0.18252327401225404
0,0,0.18341479270924996
0,0,0.1828158546386577
0,0,0.18172848107556072
0,0,0.18624565344422536
0,0,0.18436997783680817
0,0,0.1803941435521861
0,0,0.18259907504096498
0,0,0.18391488382520754
0,0,0.18501153415028826
0,0,0.18608152298203134
0,0,0.18357692308658222
0,0,0.18466333704203683
0,0,0.18460357343908942
0,0,0.18188418975352877
0,0,0.1832562495341269
0,0,0.18783633988105752
0,0,0.18594772947254853
0,0,0.18214946554389916
0,0,0.18667269311566442
0,0,0.18521226748192554
0,0,0.1837716316877069
0,0,0.18425059141725342
0,0,0.18298117643514686
0,0,0.1819303823515409
0,0,0.18534321671332465
0,0,0.18619038971080892
1,0,0.18514212376240607
1,0,0.18340478016893638
1,0,0.18320809872354568
1,0,0.18217222077925005
1,0,0.18390230533433116
1,0,0.18491307738815482
1,0,0.1823287967507685
1,0,0.1830598048848746
1,0,0.18408385326538748
1,0,0.18416563830583352
1,0,0.1822988632312649
1,0,0.18110931136882705
1,0,0.18299752785513193
1,0,0.182572186125489
1,0,0.18302319852167967
1,0,0.18451142093008865
1,0,0.18344736870335204
1,0,0.18265900638664784
1,0,0.1824282157301059
1,0,0.18202858064906347
1,0,0.18252170155512115
1,0,0.18345712508113074
1,0,0.1831643135332731
0,0,0.18288774469508676
0,0,0.18356574458913738
0,0,0.18235593619843019
0,0,0.18177066111445955
0,0,0.18324062533064694
0,0,0.18384949418133453
0,0,0.18466586781397754
0,0,0.1844166937937912
0,0,0.18522625124886186
0,0,0.18314255001900734
0,0,0.18231061079641253
0,0,0.18322999917578126
0,0,0.18614683897780154
0,0,0.18456407989177429
0,0,0.182580039201473
0,0,0.18542338553616716
0,0,0.18340694149240355
0,0,0.18408523615456504
0,0,0.18370888910164532
0,0,0.18086043586988318
0,0,0.18409974531984255
0,0,0.1854602273224724
0,0,0.18345573724990077
0,0,0.18105230358968083
0,0,0.1823980932558879
0,0,0.18376127550072674
0,0,0.1839418284366104
0,0,0.1828026424527555
0,0,0.1827160879525023
0,0,0.18630718084447026
0,0,0.18600818427985347
0,0,0.18460389111518885
0,0,0.1830651527324055
0,0,0.1839920557314621
0,0,0.1850511104674893
0,0,0.1828829515149906
0,0,0.18311532108327624
0,0,0.18346110152723405
0,0,0.18439444416451914
0,0,0.1861577225107454
0,0,0.18336312329623544
0,0,0.18410875291250392
0,0,0.18342564039019174
0,0,0.18410497256080816
0,0,0.18544039733906292
0,0,0.18387646475880104
0,0,0.18374720198454614
0,0,0.18480890900102873
0,0,0.18419770904856697
0,0,0.18086363629164998
0,0,0.18277618073554291
0,0,0.18603651740836896
0,0,0.18404354249448
0,0,0.18378508881175804
0,0,0.18042827167443332
0,0,0.18270835270048413
0,0,0.1853523064492418
0,0,0.1846046646506623
0,0,0.18321362437642022
0,0,0.1832353521254458
0,0,0.18179907467236225
0,0,0.18351248313090252
0,0,0.1858124905041687
0,0,0.18533607731595872
0,0,0.1820984185948412
0,0,0.18498707593669614
0,0,0.18224175147532626
0,0,0.18522538427246135
0,0,0.18763526015474283
0,0,0.18787204541756328
0,0,0.18779954248594966
0,0,0.181914890845845
0,0,0.18253245312248864
0,0,0.1831557373702296
0,0,0.18480259155727882
0,0,0.18482537054784445
0,0,0.1851644611663167
0,0,0.1848639051198698
0,0,0.18252446475194015
0,0,0.18308393549901425
0,0,0.18382939984941926
0,0,0.18315283057981832
0,0,0.1835945533856109
0,0,0.18471839710382554
0,0,0.1846265451081468
0,0,0.1843085390830393
0,0,0.18171615608740233
0,0,0.1844113962853151
0,0,0.18405425726394808
0,0,0.18360923057578304
0,0,0.18451624459365445
0,0,0.18378862405695062
0,0,0.18381476548689085
0,0,0.18277523938535972
0,0,0.18407204267830002
0,0,0.18826161132555644
0,0,0.18593963280688586
0,0,0.18240740070620273
0,0,0.18407943439861
0,0,0.18470993093089658
0,0,0.18585668156770654
0,0,0.18283513727286524
0,0,0.1843027418573065
0,0,0.18540803398645186
0,0,0.18446044636197315
0,0,0.1871573078589702
0,0,0.18706224698655075
0,0,0.18536968479121368
0,0,0.1843795783217866
0,0,0.1830519712761092
0,0,0.18640107676610929
0,0,0.18668240283310888
0,0,0.18448547058612177
0,0,0.18503798222393653
0,0,0.18648532227453068
0,0,0.185912715709126
0,0,0.18420302923530074
0,0,0.18537130945955635
0,0,0.18395523014964696
0,0,0.183633401513689
0,0,0.18579761960131772
0,0,0.1858996942034397
0,0,0.18538120995203938
0,0,0.18441910043531973
0,0,0.1852399353149764
0,0,0.18684185066366496
0,0,0.184343497255944
0,0,0.18371464104688204
0,0,0.18656025974706514
0,0,0.18478717304774972
0,0,0.1853863247911598
0,0,0.18589011437196715
0,0,0.18455930421385636
0,0,0.1844295389575413
0,0,0.18556472565040458
0,0,0.1858290061149715
0,0,0.18428362186765246
0,0,0.18512653221441458
0,0,0.1847799080043098
0,0,0.1863532328616054
0,0,0.18743084889979852
0,0,0.1847615089074816
0,0,0.18403839067717107
0,0,0.18510218472428344
0,0,0.1838300522471644
0,0,0.1846554224776694
0,0,0.18578415064353684
0,0,0.18533872271536975
0,0,0.1852086997127208
0,0,0.1836669709767939
0,0,0.1849273532075428
0,0,0.18504789143546072
0,0,0.18503646918986572
0,0,0.18623887196703348
0,0,0.18570279654587707
0,0,0.18519807745790096
0,0,0.18387708817326878
0,0,0.1838325890977365
0,0,0.18641767193340214
0,0,0.18498963534043775
0,0,0.18418006854880434
0,0,0.18499238115952593
0,0,0.18473648748428348
0,0,0.18509226403563073
0,0,0.18420724458634113
0,0,0.18770621082371
0,0,0.18557483810659642
0,0,0.18044607115726397
0,0,0.18404968536146707
0,0,0.18593679551697812
0,0,0.18476865247862564
0,0,0.18277950435641888
0,0,0.18387892982882184
0,0,0.18626551692882365
0,0,0.18474123648222524
0,0,0.1835403151575351
0,0,0.18566721836774838
0,0,0.18722402594721949
0,0,0.18486408687670475
0,0,0.18442432914127543
0,0,0.18323125696108938
0,0,0.18419829602486262
0,0,0.18537370939736691
0,0,0.18416118172402238
0,0,0.18606900206840546
0,0,0.1855304107898198
0,0,0.18321092604171949
0,0,0.1839720226336926
0,0,0.18483356333452375
0,0,0.18528759332336045
0,0,0.1864989361555573
0,0,0.18559434133631447
0,0,0.18538638523271145
0,0,0.18499086713799767
0,0,0.184138144977985
0,0,0.1822667798060056
0,0,0.1848363901440407
0,0,0.18843714692037913
0,0,0.18603671468697783
0,0,0.18565512341572168
0,0,0.18621860616223576
0,0,0.18516588452195354
0,0,0.185534129679359
0,0,0.1849973943857923
0,0,0.18538405729119248
0,0,0.18498722472728246
0,0,0.18531551117098602
0,0,0.1864142006086878
0,0,0.18610454845706215
0,0,0.18575811724260502
0,0,0.18517769629078093
0,0,0.1866576379647365
0,0,0.1848458396724678
0,0,0.1863301012223216
0,0,0.18713132349315892
0,0,0.18395438922702909
0,0,0.18436076912836438
0,0,0.18359203123920695
0,0,0.18492437506170356
0,0,0.072155093690435
0,0,0.07706443579241541
0,0,0.08741587344190073
0,0,0.08687243803840064
0,0,0.08757457480405802
0,0,0.09183358052666475
0,0,0.09088848078327298
0,0,0.09633568346462454
0,0,0.09483522820820647
0,0,0.07971399326075616
0,0,0.0820112883602355
0,0,0.08646545292272963
0,0,0.0850158839445639
0,0,0.08795333425040952
0,0,0.08771310504175706
0,0,0.08672202564163087
0,0,0.0851634320848376
0,0,0.09380433476309907
0,0,0.10249657058089613
0,0,0.0952643255660307
0,0,0.09016855194198209
0,0,0.09131151339342461
0,0,0.10345570962756319
0,0,0.14563249256134117
0,0,0.15035123366679823
0,0,0.16131472861570784
0,0,0.16470413994419575
0,0,0.1518474619914467
0,0,0.1437929692205438
0,0,0.14087728280782175
0,0,0.14976500130010278
0,0,0.1516301930062232
0,0,0.15104522574771564
0,0,0.1542592811336969
0,0,0.15604042610995544
0,0,0.150837737796018
0,0,0.14423124695494688
0,0,0.1414746276521916
0,0,0.1417819863231092
0,0,0.14552682908958695
0,0,0.1506101170298141
0,0,0.15773971199997602
0,0,0.16342914209030587
0,0,0.17312701585536658
0,0,0.16485672950108596
0,0,0.15585305353591394
0,0,0.16652675810548223
0,0,0.1715391333439007
0,0,0.1675351724976617
0,0,0.17445116546845973
0,0,0.17966487612809287
0,0,0.1805755792342254
0,0,0.16862119953881927
0,0,0.1397007801463611
0,0,0.14363579257383452
0,0,0.17100744065531842
0,0,0.1738396641422985
0,0,0.17098506741831176
0,0,0.1764083859483068
0,0,0.1875818343496397
0,0,0.17815606286150013
0,0,0.16353758774364222
0,0,0.184974853781584
0,0,0.1819923869540035
0,0,0.15785093223642416
0,0,0.17052444826901922
0,0,0.1847924123423114
0,0,0.185234602329231
0,0,0.1729683996191867
0,0,0.17516994649059822
0,0,0.1825666979382364
0,0,0.18257845838691467
0,0,0.16812964703449554
0,0,0.15091467919800128
0,0,0.1448838678536732
0,0,0.13997411712516036
0,0,0.14040703280263245
0,0,0.13783912253944625
0,0,0.13315518897749262
0,0,0.10246421194849024
0,0,0.09777531356465546
0,0,0.10643783751186037
0,0,0.11526323249989551
0,0,0.1344193660855498
0,0,0.12342688246772242
0,0,0.11748215550111313
0,0,0.12893534962634712
0,0,0.13860394973826692
0,0,0.13401733327628912
0,0,0.12250203091709044
0,0,0.12208633588423756
0,0,0.123082626024623
0,0,0.11554661260900145
0,0,0.10544757925364454
1,0,0.06626855405176585
1,0,0.06586460571942829
1,0,0.06634945716967214
1,0,0.0661623238673604
1,0,0.06626278490064569
1,0,0.06646956779735592
1,0,0.06656343834853083
1,0,0.06693844561864681
1,0,0.06663661843478656
1,0,0.06686998151155737
1,0,0.06831988322342317
1,0,0.06789490672497742
1,0,0.06711189156396363
1,0,0.06747102427605958
1,0,0.0665558497249529
1,0,0.06621504544628226
1,0,0.06640735943792504
1,0,0.06631978831793757
1,0,0.06610058795450087
1,0,0.06628593130831195
1,0,0.06689406557759393
1,0,0.06694583897596977
1,0,0.0673779039853009
1,0,0.06591221965951126
1,0,0.06576377063032732
1,0,0.06553346696366641
1,0,0.06562414899987788
1,0,0.06582480226349054
1,0,0.06607406721655376
1,0,0.06598792539105623
1,0,0.06539192270696902
1,0,0.06522862742314241
1,0,0.06575187077308357
1,0,0.06572180186431983
1,0,0.06558255955913364
1,0,0.06560055120229943
1,0,0.06576818394496549
1,0,0.06573082544849876
1,0,0.06553512886480894
1,0,0.06577021501338282
1,0,0.06579011117669947
1,0,0.06593361840160361
1,0,0.0657510861608017
1,0,0.06561237763718634
1,0,0.06568174136554512
1,0,0.06571866323435478
1,0,0.06981078700860462
1,0,0.07116518590335233
1,0,0.07189590197108957
1,0,0.07152273249266111
1,0,0.07013157116923993
1,0,0.07074571732434759
1,0,0.07171498990442961
1,0,0.0704636304189204
1,0,0.0684266827393745
1,0,0.06733223749297466
1,0,0.07027365094890914
1,0,0.07380474479134087
1,0,0.072343498332767
1,0,0.07130047008635416
1,0,0.07030247195031468
1,0,0.0706228093302349
1,0,0.07421095640476225
1,0,0.07084250786682121
1,0,0.07065815352561365
1,0,0.06997014967693156
1,0,0.07041466492964306
1,0,0.07203857178403777
1,0,0.07556450090263568
1,0,0.06713563203133718
1,0,0.06702123580307222
1,0,0.06591428794759754
1,0,0.06588981095153355
1,0,0.06686360108216222
1,0,0.06667782982285186
1,0,0.06871608575868147
1,0,0.06829938076529654
1,0,0.06795620635538135
1,0,0.06894780514724226
1,0,0.06846499724131166
1,0,0.06912498984192687
1,0,0.06996124807942664
1,0,0.06778302362567104
1,0,0.06783441273357409
1,0,0.06827936960756377
1,0,0.06713738492430414
1,0,0.06702536574941137
1,0,0.06575579222461195
1,0,0.06575557193603847
1,0,0.06713936968901894
1,0,0.07062990723665202
1,0,0.06587617330886172
1,0,0.06598260119361649
1,0,0.06603798752858525
1,0,0.06596448077047587
1,0,0.06594829107168822
1,0,0.06996443219998891
1,0,0.06812386628411383
1,0,0.06738697109203264
1,0,0.06889181207304834
1,0,0.06986817898118224
1,0,0.0693628947459238
1,0,0.06966612498115951
1,0,0.07040986726287925
1,0,0.06918209809249709
1,0,0.06825865096599548
1,0,0.06693190736890378
1,0,0.06677597997877652
1,0,0.06636926470596685
1,0,0.06713366465093179
1,0,0.06959312012020748
1,0,0.06965746195109603
1,0,0.07211242502862916
1,0,0.0727841274016068
1,0,0.0827361427601478
0,0,0.1795513391996355
0,0,0.1913396341503636
0,0,0.1958809530144972
0,0,0.18700897170877798
0,0,0.19048853605038749
0,0,0.19437117891789327
0,0,0.19221694912920767
0,0,0.18672982023066076
0,0,0.18540475016488006
0,0,0.19212423622334926
0,0,0.20087079159766819
0,0,0.19867037427195838
0,0,0.1924846955565089
0,0,0.18840070677658854
0,0,0.18956528755468202
0,0,0.1855392896717726
0,0,0.1695358101505858
0,0,0.17919143317930195
0,0,0.17237047699652236
0,0,0.16942092093236494
0,0,0.18105115595026766
0,0,0.184501190283413
0,0,0.1811051398683999
0,0,0.17845298188966946
0,0,0.18110115145543046
0,0,0.17438183714674818
0,0,0.15774584048461618
0,0,0.1634827180356555
0,0,0.16495425954577758
0,0,0.1568214316626368
0,0,0.15181893551438644
0,0,0.1536263015764297
0,0,0.15856486532045252
0,0,0.15731145427889814
0,0,0.15686851745743224
0,0,0.16386428891400753
0,0,0.17601749432029667
0,0,0.17264247959439902
0,0,0.16789233220440403
0,0,0.1794262876079614
0,0,0.18567360462196647
0,0,0.18073605310431004
0,0,0.18106768961975855
0,0,0.17713747799643945
0,0,0.16920702511609306
0,0,0.17821704303825012
0,0,0.18633024236610798
0,0,0.18668233218772662
0,0,0.19331429927116264
0,0,0.1912094968340533
0,0,0.1918588294850709
0,0,0.1897353771114648
0,0,0.18927729075798713
0,0,0.1840619189705181
0,0,0.17912586334904185
0,0,0.17690016409954315
0,0,0.17790745727828572
0,0,0.18076506765646067
0,0,0.17710404870136487
1,0,0.065755335946783
1,0,0.065755335946783
1,0,0.065755335946783
1,0,0.065755335946783
1,0,0.065755335946783
1,0,0.065755335946783
1,0,0.065755335946783
1,0,0.065755335946783
1,0,0.065755335946783
1,0,0.065755335946783
1,0,0.065755335946783
1,0,0.065755335946783
1,0,0.06657686754306386
1,0,0.06575614996859248
1,0,0.06575669060410064
1,0,0.06575533596520407
1,0,0.0657553359934392
1,0,0.06726487759032088
1,0,0.06661302971778577
1,0,0.06698997023039059
1,0,0.06812875168334061
1,0,0.0657553441871813
1,0,0.06575533996032332
1,0,0.06575656412054333
1,0,0.06575533595608268
1,0,0.065755480859395
1,0,0.0657553360003719
1,0,0.065755335946783
1,0,0.065755335946783
1,0,0.065755335946783
1,0,0.065755335946783
1,0,0.065755335946783
1,0,0.065755335946783
1,0,0.065755335946783
1,0,0.065755335946783
1,0,0.065755335946783
1,0,0.065755335946783
1,0,0.065755335946783
1,0,0.065755335946783
1,0,0.065755335946783
1,0,0.065755335946783
1,0,0.065755335946783
1,0,0.065755335946783
1,0,0.065755335946783
1,0,0.065755335946783
1,0,0.065755335946783
1,0,0.06614768531694017
1,0,0.06575533597516911
1,0,0.065755335946783
1,0,0.065755335946783
1,0,0.06575533594770105
1,0,0.06575533594923626
1,0,0.06575533594678323
1,0,0.065755335946783
1,0,0.06575533596214785
1,0,0.065755335946783
1,0,0.065755335946783
1,0,0.065755335946783
1,0,0.065755335946783
1,0,0.06575533594678323
1,0,0.06575533594683051
1,0,0.06575533594678323
1,0,0.065755335946783
1,0,0.06575533594679177
1,0,0.06575533958216023
1,0,0.06575533938172437
1,0,0.065755335946783
1,0,0.065755335946783
1,0,0.06575533595304157
1,0,0.06575533594705824
1,0,0.06575533610531932
1,0,0.06575543075528369
1,0,0.06575595228562012
1,0,0.06626412711333751
1,0,0.06633919105077263
1,0,0.06575544179819272
1,0,0.06575533932625398
1,0,0.0657568494759866
1,0,0.06575534071726254
1,0,0.065755335946783
1,0,0.065755335946783
1,0,0.065755335946783
1,0,0.065755335946783
1,0,0.065755335946783
1,0,0.065755335946783
1,0,0.065755335946783
1,0,0.065755335946783
1,0,0.065755335946783
1,0,0.06575533594679699
1,0,0.0657553359475185
1,0,0.065755335946783
1,0,0.065755335946783
1,0,0.06575533594678323
1,0,0.06575533617305847
1,0,0.06576241487160744
1,0,0.06575533615410037
1,0,0.065755335946783
1,0,0.065755335946783
1,0,0.06575533594681175
1,0,0.06575566900616163
1,0,0.06777909609976443
1,0,0.06638421553250537
1,0,0.06575535519936612
1,0,0.06575618181582452
1,0,0.06728454509369453
1,0,0.06590666306904525
1,0,0.06575538073007096
1,0,0.0657563958201232
1,0,0.06720226637998761
1,0,0.07797108293848579
1,0,0.08597564401782017
1,0,0.07428137084662169
1,0,0.07137042001478716
1,0,0.0759703683598809
0,0,0.08103025521012534
0,0,0.08623469093975702
0,0,0.09965795666547513
0,0,0.10292156484295029
0,0,0.09962918655357965
0,0,0.10030176411117112
0,0,0.10062624123603993
0,0,0.09497522045294901
0,0,0.0961900224216331
0,0,0.10276573092502413
0,0,0.11323973209338371
0,0,0.1149421805326203
0,0,0.09855843081448337
0,0,0.08922644002041695
0,0,0.09260399012993827
0,0,0.09214880272270354
0,0,0.09475246909021323
0,0,0.10357098552046105
0,0,0.11743455288865513
0,0,0.12181702926728803
0,0,0.11913589613574231
0,0,0.11627775840115143
0,0,0.10107871443040538
0,0,0.10002003615862796
0,0,0.10983155827488748
0,0,0.10991964708103667
0,0,0.10399637149030813
0,0,0.08712558242602864
0,0,0.07889465954847773
0,0,0.07797106900232545
0,0,0.09061935089514457
0,0,0.10703937124299093
0,0,0.10442642766153774
0,0,0.09769548981498695
0,0,0.08836359519718695
0,0,0.08967378135165557
0,0,0.08935574430043657
0,0,0.07517341465397788
0,0,0.07549043849641264
0,0,0.08339032741263838
0,0,0.0737880967518318
0,0,0.0723742012171297
0,0,0.06859691331377091
0,0,0.06371496359670727
0,0,0.06248439937644354
0,0,0.06392513733361994
0,0,0.167018291582002
0,0,0.16626643704743826
0,0,0.1675207314688292
0,0,0.1680860475127638
0,0,0.16679634314600184
0,0,0.16664822272738283
0,0,0.16638665541570222
0,0,0.16542695564858778
0,0,0.16526435029822578
0,0,0.16601996974717761
0,0,0.16717772167872458
0,0,0.16591715504510585
0,0,0.16538373244507934
0,0,0.16641029710826355
0,0,0.16619977908839692
0,0,0.1659638812661868
0,0,0.16715280099242252
0,0,0.16718388551264246
0,0,0.1653084696875451
0,0,0.16507523627608717
0,0,0.16645060489203126
0,0,0.16851840006777785
0,0,0.1686619340041051
0,0,0.17011791333552204
0,0,0.1715043309774849
0,0,0.1672891124499584
0,0,0.16351929476371269
0,0,0.16704111888367756
0,0,0.16866485906818796
0,0,0.16917820598408762
0,0,0.16926193623312355
0,0,0.1676784454270693
0,0,0.16787391834717783
0,0,0.16859943390976656
0,0,0.167213859341257
0,0,0.16871203395219497
0,0,0.17095066483533936
0,0,0.17003857676173414
0,0,0.1663246200189674
0,0,0.16682409355148695
0,0,0.1709176381969771
0,0,0.16981657949017304
0,0,0.16574523227772486
0,0,0.16799917037812945
0,0,0.16892432656999068
0,0,0.17031574736278052
0,0,0.16817060058376768
0,0,0.16882166300555956
0,0,0.16991536926022008
0,0,0.16906124732118752
0,0,0.16764788367897376
0,0,0.1689115124949343
0,0,0.16994775130807738
0,0,0.1685541220779336
0,0,0.16833553156846875
0,0,0.16952961933612273
0,0,0.17112184025671762
0,0,0.17014400745344999
0,0,0.1673053642959364
0,0,0.16861339529318906
0,0,0.17108941594502747
0,0,0.1691050525877389
0,0,0.16661671180431895
0,0,0.16903676477187676
0,0,0.1705521030414921
0,0,0.16930841955375409
0,0,0.1668241456387957
0,0,0.16777423053643908
0,0,0.1695380370606021
0,0,0.17123986461167257
0,0,0.1681295436562454
0,0,0.16806833438616609
0,0,0.17052352153597497
0,0,0.16971578555424174
0,0,0.1675114045059718
0,0,0.16732242191118463
0,0,0.17028993180533794
0,0,0.1705826498276346
0,0,0.16771295866144884
0,0,0.16777252313085436
0,0,0.17038530886923448
0,0,0.17093880392644764
0,0,0.16716169146699184
0,0,0.1692056196435972
0,0,0.1716124962758874
0,0,0.16949321275037335
0,0,0.16581000196494924
0,0,0.1663600196116542
0,0,0.16868890196845662
0,0,0.17095813446230132
0,0,0.16896251189007142
0,0,0.16696896371994668
0,0,0.17099471562082216
0,0,0.17076630339120802
0,0,0.06575548968852116
0,0,0.06575547734277383
0,0,0.06575538771030912
0,0,0.065755335946783
0,0,0.065755335946783
0,0,0.0657604419816305
0,0,0.06575773673805091
0,0,0.06575595440216452
0,0,0.06575644350559595
0,0,0.0657570086812701
0,0,0.06575711012517761
0,0,0.06575875379121714
0,0,0.065757735808014
0,0,0.06575614204164262
0,0,0.065755887893432
0,0,0.06575560288640078
0,0,0.06575542836619065
0,0,0.06575541399831158
0,0,0.06575536633640888
0,0,0.0657554309763794
0,0,0.06575575795420267
0,0,0.06575558373292345
0,0,0.06575604406014186
1,0,0.06576481672713112
1,0,0.06584881144890264
1,0,0.06605781329825632
1,0,0.06589328622774854
1,0,0.06577096258542921
1,0,0.06581558902634842
1,0,0.06658654044399206
1,0,0.06669411312633271
1,0,0.06705685405241699
1,0,0.06708291142521111
1,0,0.06678342092999776
1,0,0.06639676335847258
1,0,0.06608589115046902
1,0,0.06611576258402524
1,0,0.06686372044624768
1,0,0.06719952389458214
1,0,0.06653569529634214
1,0,0.06619920224393343
1,0,0.06638964860247673
1,0,0.06661673998676307
1,0,0.06719553371094672
1,0,0.06672605862676224
1,0,0.06627075311334767
1,0,0.07756739182995481
1,0,0.07615929307569148
1,0,0.07525217147528938
1,0,0.07438198759676268
1,0,0.07334129643582726
1,0,0.07095824952826402
1,0,0.07037911253375699
1,0,0.07185895466020516
1,0,0.07286675715042389
1,0,0.07470167213985895
1,0,0.07578965857560281
1,0,0.07602138457427256
1,0,0.07797837930037317
1,0,0.07609374451703135
1,0,0.07296438305840043
1,0,0.07209178202907658
1,0,0.07206101369083935
1,0,0.07342920890654045
1,0,0.07996352905960898
1,0,0.07977524899468212
1,0,0.07422821817624185
1,0,0.07564170438704133
1,0,0.07362547542838171
1,0,0.07076335529789647
1,0,0.07153978756300697
1,0,0.07216730794715785
1,0,0.0727707582057651
1,0,0.07278522586570249
1,0,0.07444945297678718
1,0,0.0718567611622241
1,0,0.07536782541652992
1,0,0.07736887316491031
1,0,0.07145812981872449
1,0,0.06839533685684593
1,0,0.06857170320113304
1,0,0.07383225084421488
1,0,0.0733543375824989
1,0,0.07624724237466873
1,0,0.07764517369160961
1,0,0.0789944630795182
1,0,0.07693258193078632
1,0,0.07400216830934014
1,0,0.0715663515327272
1,0,0.07076927638378397
1,0,0.07157759709207422
1,0,0.0737250616175803
0,0,0.07278486925281999
0,0,0.07255553045846254
0,0,0.07473788833146287
0,0,0.07449600516950491
0,0,0.07228013277241786
0,0,0.07169686529013085
0,0,0.07403404875276899
0,0,0.07472115718306506
0,0,0.0666726057324627
0,0,0.0668088496338945
0,0,0.07361683766823306
0,0,0.07351282979309295
0,0,0.0741931862900036
0,0,0.07234408666044227
0,0,0.07195811266658987
0,0,0.0732418867461194
0,0,0.07327732645371303
0,0,0.07493451273415778
0,0,0.07498692128880412
0,0,0.07421515801629845
0,0,0.07648076318385995
0,0,0.0874166541282719
0,0,0.07786003090798259
0,0,0.1540905881711254
0,0,0.15146087087511426
0,0,0.14090805612722992
0,0,0.14842999420295347
0,0,0.159065313054377
0,0,0.15307276644281897
0,0,0.1073330552484829
0,0,0.08911125959047504
0,0,0.10596510633917251
0,0,0.14245203250938573
0,0,0.16489214534665722
0,0,0.1649569282087766
0,0,0.16315513500608275
0,0,0.15301979424392378
0,0,0.16548426951211695
0,0,0.16651059493097484
0,0,0.14610554875898427
0,0,0.14580995704694477
0,0,0.11743899541074702
0,0,0.11474000178239348
0,0,0.16069794607524301
0,0,0.14894869304738606
0,0,0.11624560351929392
0,0,0.12577709230941336
0,0,0.14576828997784635
0,0,0.11696194253889816
0,0,0.07691701300524939
0,0,0.09204149342178594
0,0,0.16166947806548942
0,0,0.15845925975815506
0,0,0.1491726576175923
0,0,0.1588032863028373
0,0,0.1572002214589927
0,0,0.16422350267184424
0,0,0.1675889032716801
0,0,0.16892288054785334
0,0,0.17531518413189523
0,0,0.1762600167548044
0,0,0.17733732195565471
0,0,0.15679796877355007
0,0,0.1379937534840952
0,0,0.15471603507821818
0,0,0.17439201574824648
0,0,0.17698416346864843
0,0,0.16405937718712335
0,0,0.16084375657378236
0,0,0.16592622962307801
0,0,0.1692202955994985
0,0,0.165223987882209
0,0,0.1621461831938331
0,0,0.16964030245855893
0,0,0.17125662341004827
0,0,0.16455046740962018
0,0,0.16433718003988076
0,0,0.17293545800949883
0,0,0.17488548884152674
0,0,0.17457968984240105
0,0,0.1724998566245955
0,0,0.17191967989131765
1,0,0.07087714155584464
1,0,0.070618677936808
1,0,0.06591322446919436
1,0,0.06589851828156365
1,0,0.07115793685593422
1,0,0.07053818431677496
1,0,0.06776132490078018
1,0,0.06748728979045321
1,0,0.06793946862117302
1,0,0.06953915016539179
1,0,0.07126981247393317
1,0,0.06964144892439636
1,0,0.07014342549433907
1,0,0.07048859508601955
1,0,0.07073687745138538
1,0,0.07209587143208546
1,0,0.06988175769372351
1,0,0.069254481377639
1,0,0.07810857325330256
1,0,0.07943284129245598
1,0,0.0748334650381599
1,0,0.07408436524342703
1,0,0.07891348279081932
1,0,0.06668648212975775
1,0,0.06704688827971503
1,0,0.06732642631652692
1,0,0.06699372569758402
1,0,0.06782165570532939
1,0,0.06805861927504679
1,0,0.06772013494938695
1,0,0.06742440542492681
1,0,0.06740668881891669
1,0,0.06718943056411313
1,0,0.06707834154766357
1,0,0.06717226758480851
1,0,0.06731919346476566
1,0,0.0673030959691182
1,0,0.06737553643469783
1,0,0.06714177418170285
1,0,0.066770723790902
1,0,0.06700800895641897
1,0,0.06730670295185984
1,0,0.06696729293583982
1,0,0.06660396364007382
1,0,0.06656045606811682
1,0,0.06635982509533003
0,0,0.16697769883100108
0,0,0.16621419906671533
0,0,0.1691126282594372
0,0,0.16934141810692016
0,0,0.1667140679666165
0,0,0.1661597453168572
0,0,0.16741630813644348
0,0,0.1670020779635215
0,0,0.167229200537089
0,0,0.16989652246768147
0,0,0.1684295478905002
0,0,0.164733934556346
0,0,0.1648483532998792
0,0,0.1659894371445953
0,0,0.16677570097733702
0,0,0.168253178219136
0,0,0.16789827908287144
0,0,0.16798470273768132
0,0,0.16832657870885598
0,0,0.16834473331954142
0,0,0.1679430027037313
0,0,0.16664583226713853
0,0,0.1671404051441394
0,0,0.16865466097742265
0,0,0.16858548476709884
0,0,0.16920258853976927
0,0,0.16830206337370673
0,0,0.16597303517781326
0,0,0.1682037635906675
0,0,0.1687240628357149
0,0,0.16782829593272763
0,0,0.16898787549685432
0,0,0.16908367957485917
0,0,0.16823332618853745
0,0,0.16822908674679246
0,0,0.16704170290374235
0,0,0.1685798635846083
0,0,0.16879457492063107
0,0,0.1676148556931888
0,0,0.16933425972480884
0,0,0.16875169926408895
0,0,0.16803993960524696
0,0,0.1688074318265213
0,0,0.16848868289390675
0,0,0.16800411098746704
0,0,0.1678092947418044
0,0,0.1676604190040073
0,0,0.16828416327911994
0,0,0.168031297183331
0,0,0.16802811791406447
0,0,0.17081916628952662
0,0,0.17037472257355987
0,0,0.16662807805628055
0,0,0.16786644932432673
0,0,0.1696015794975963
0,0,0.16826611232052516
0,0,0.1680982002885395
0,0,0.16832139977070498
0,0,0.16740477440629703
0,0,0.16779125140375012
0,0,0.16892940492679712
0,0,0.16935185299838498
0,0,0.16723523662969603
0,0,0.16708310322806957
0,0,0.1683151307082851
0,0,0.16719639557058244
0,0,0.1665731405981891
0,0,0.16847329059981872
1,0,0.06597293958057185
1,0,0.06590805034357633
1,0,0.06633119843661206
1,0,0.06644742173839793
1,0,0.06581640983888819
1,0,0.06575449967497746
1,0,0.06583759723255948
1,0,0.0660006016883974
1,0,0.06701628984090807
1,0,0.06662947373983635
1,0,0.06733573657002513
1,0,0.07040095761763118
1,0,0.06597715243679937
1,0,0.06576862910269624
1,0,0.06617165679600191
1,0,0.06653244281310212
1,0,0.06592487098428998
1,0,0.06607352272445019
1,0,0.067200066562591
1,0,0.06804411580971771
1,0,0.06704761785162154
1,0,0.06643217597634918
1,0,0.0680946452463224
1,0,0.06960169561806913
1,0,0.06709409465682231
1,0,0.06599382287964646
1,0,0.06599526100806612
1,0,0.06756896188319055
1,0,0.07073115165807936
1,0,0.06697652049239346
1,0,0.06578089043111125
1,0,0.06578839062199197
1,0,0.06584021518120303
1,0,0.06592274948640046
1,0,0.06575680416007493
1,0,0.06575533514001591
1,0,0.06575522611370718
1,0,0.0657948117864575
1,0,0.06597287933293741
1,0,0.06587933384376184
1,0,0.06624187630142644
1,0,0.06815036098115813
1,0,0.06704336449228322
1,0,0.0660857098265812
1,0,0.06603775344320886
1,0,0.0662239094093739
0,0,0.15257342732562504
0,0,0.13076619473471346
0,0,0.1350583662174004
0,0,0.13905406427226255
0,0,0.14805634961268882
0,0,0.15113707181890376
0,0,0.14874573581411532
0,0,0.15112613536593952
0,0,0.14486836040452145
0,0,0.12532266092159677
0,0,0.13756200276249858
0,0,0.16828063891472453
0,0,0.14886585775530833
0,0,0.1409419279209557
0,0,0.15713067362982516
0,0,0.16216610674793566
0,0,0.15902305317774942
0,0,0.16224718684679906
0,0,0.14896920834745997
0,0,0.14336582645046209
0,0,0.14105349093148223
0,0,0.13862051826217509
0,0,0.12869254411501468
0,0,0.1888235256636104
0,0,0.19568860743963012
0,0,0.18038379756113684
0,0,0.18002504631862423
0,0,0.17811944345433758
0,0,0.1652211232340421
0,0,0.16682203136052162
0,0,0.16871460766299506
0,0,0.1637997427606817
0,0,0.15859556582623882
0,0,0.15207151648574546
0,0,0.1515620835519413
0,0,0.15187478757398687
0,0,0.1560771684889197
0,0,0.14998905773808552
0,0,0.1526421473519102
0,0,0.16532218232390974
0,0,0.16337877095325415
0,0,0.1508153040619002
0,0,0.15052953761222937
0,0,0.14711964864137594
0,0,0.14307353021883784
0,0,0.14672824042556934
0,0,0.15615353875493837
0,0,0.15817464195336042
0,0,0.14406648436867336
0,0,0.16797787810608225
0,0,0.17787960936583372
0,0,0.1732013657635095
0,0,0.18101604716433528
0,0,0.1800249797948739
0,0,0.18117484559507233
0,0,0.17698555348351058
0,0,0.1855337146295582
0,0,0.17648296620639406
0,0,0.18030647922611795
0,0,0.14561627244839553
0,0,0.14075823875142657
0,0,0.14360154634767533
0,0,0.14217701926040682
0,0,0.13636763221329834
0,0,0.13703213788610263
0,0,0.1429421813293384
0,0,0.14004383154425956
0,0,0.1434271692625131
0,0,0.14132486142557515
0,0,0.14005069421898986
0,0,0.14023533730897894
0,0,0.1352339016615408
0,0,0.13707956525373585
0,0,0.14527224579727294
0,0,0.1431885702332145
0,0,0.13993239629037113
0,0,0.13035072304171866
0,0,0.13315452122333857
0,0,0.1342359101513916
0,0,0.1381776161124108
0,0,0.13638146113832542
0,0,0.13098347857077064
0,0,0.13425257403375257
0,0,0.13709830279950913
0,0,0.14118192240327418
0,0,0.14763402052058267
0,0,0.1466365044034598
0,0,0.14373427649867887
0,0,0.15434161606864727
0,0,0.16382010648951545
0,0,0.16821332929083913
0,0,0.1838160957532719
0,0,0.19056407273355105
0,0,0.17396072091079892
0,0,0.07549837696475532
0,0,0.07180828322854914
0,0,0.06643761944176424
0,0,0.06656901566278975
0,0,0.06575533594679177
0,0,0.06575533594679256
0,0,0.07226341184926262
0,0,0.07151448674055928
0,0,0.07055132628909092
0,0,0.07062018093167365
0,0,0.07267877920655785
0,0,0.07952072447097218
0,0,0.07250290513333725
0,0,0.07067766778223779
0,0,0.07379161795127005
0,0,0.07227207107261073
0,0,0.08296135123857132
0,0,0.08579081424513854
0,0,0.07404960198823089
0,0,0.07265589390389214
0,0,0.07817950686217401
0,0,0.07305599770757809
0,0,0.07135592822911742
1,0,0.08491886971103903
1,0,0.06852170386301334
1,0,0.06781825717485708
1,0,0.07335846430072474
1,0,0.07311778357447761
1,0,0.07080318851807894
1,0,0.06970184081212867
1,0,0.06767434513247911
1,0,0.06800313906639681
1,0,0.0708705346068501
1,0,0.06798924760196638
1,0,0.07086943327879647
1,0,0.07405880565657603
1,0,0.07215122563615192
1,0,0.08351957640599099
1,0,0.08146792666351985
1,0,0.07241523782281598
1,0,0.0735713813734289
1,0,0.07191706005028796
1,0,0.07220937127920736
1,0,0.07178681065534087
1,0,0.06995383349051337
1,0,0.06860545290472936
1,0,0.0664480086364255
1,0,0.06750052384665661
1,0,0.06604688135613773
1,0,0.06574930502562362
1,0,0.06611014198287926
1,0,0.06917377038614526
1,0,0.0661888075929802
1,0,0.06572628594786532
1,0,0.0657424742066859
1,0,0.0657530174967019
1,0,0.06575533594060494
1,0,0.06575533584015335
1,0,0.06575533586459749
1,0,0.06575533142661984
1,0,0.06575525305084394
1,0,0.06575533571115535
1,0,0.06575531551378566
1,0,0.06575375762275144
1,0,0.06580230357456317
1,0,0.06816351064162915
1,0,0.06660621792093233
1,0,0.06577836857939154
1,0,0.06576800219178662
0,0,0.07501542283043416
0,0,0.0738164038200956
0,0,0.07591145904472586
0,0,0.06671481217045346
0,0,0.06656241833541629
0,0,0.07426101940700934
0,0,0.06721667091317131
0,0,0.06601254228809787
0,0,0.07144694227369644
0,0,0.07498339037354945
0,0,0.0743373865484595
0,0,0.07770446476441116
0,0,0.07429647583973446
0,0,0.07040566217220558
0,0,0.07300942176333447
0,0,0.07121500209487837
0,0,0.06986372750985245
0,0,0.06926890208998633
0,0,0.06902090231798969
0,0,0.06896884556428777
0,0,0.07317078697780684
0,0,0.07093615813375025
0,0,0.07263255187250657
1,0,0.07890316579738849
1,0,0.06864878453037054
1,0,0.0676279983519344
1,0,0.07210065094655634
1,0,0.0796229037786232
1,0,0.08254906424931212
1,0,0.0738276303018572
1,0,0.07364393577619723
1,0,0.07260686398028326
1,0,0.07100586456703693
1,0,0.07483794553034187
1,0,0.07705087392870283
1,0,0.07841485924194143
1,0,0.07244431874608723
1,0,0.06939532513826153
1,0,0.07321866079380104
1,0,0.06796609005639896
1,0,0.06627099151889025
1,0,0.07420564159155092
1,0,0.07935152181814958
1,0,0.07189019883838928
1,0,0.069298806818756
1,0,0.08053724746407803
1,0,0.20728860747553202
1,0,0.22045612655054486
1,0,0.20453984505319117
1,0,0.1996434368673849
1,0,0.20717649944727784
1,0,0.20204407658013582
1,0,0.19173580144648372
1,0,0.20004939386208526
1,0,0.21245535446730524
1,0,0.20485088216367509
1,0,0.19473429302587122
1,0,0.20644517593478173
1,0,0.21080055285391144
1,0,0.2074594433728263
1,0,0.20228239218931443
1,0,0.20471078617285146
1,0,0.19384910771450267
1,0,0.18707531865742305
1,0,0.16662753650268827
1,0,0.16232797964631007
1,0,0.1594131692974331
1,0,0.1683033354248262
1,0,0.16555903553738904
1,0,0.15424480932613563
1,0,0.1469267722771183
1,0,0.1461285570036675
1,0,0.1371687943585413
1,0,0.150356752737323
1,0,0.18204415394350654
1,0,0.181857106227396
1,0,0.16711482679399803
1,0,0.1607459724060472
1,0,0.16470920835468875
1,0,0.1661737798617053
1,0,0.16549276850024436
1,0,0.16421249510451377
1,0,0.14795567060927503
1,0,0.14586550572135334
1,0,0.15670554927776298
1,0,0.1557438345354005
1,0,0.15748542500007529
1,0,0.16120546919256717
1,0,0.16836724361562766
1,0,0.16924992881115528
1,0,0.19249105351662474
1,0,0.2133853383959906
1,0,0.21083278928549096
1,0,0.20291621660533454
1,0,0.18455539258177617
1,0,0.17929625793611242
1,0,0.1815549425451189
1,0,0.18098169102252365
1,0,0.17841102036971315
1,0,0.17723291499491034
1,0,0.1795977658936908
1,0,0.17584304072559168
1,0,0.17676210020644856
1,0,0.17605237638849297
1,0,0.1827476135265526
0,0,0.07139874910248593
0,0,0.07198380701784111
0,0,0.07914018725786165
0,0,0.07934909751943481
0,0,0.07916554223574176
0,0,0.08361243330667627
0,0,0.07618942815992488
0,0,0.07319726796426697
0,0,0.07066307024570781
0,0,0.07213170414629265
0,0,0.07438067798003142
0,0,0.08042376924695802
0,0,0.0877369631153139
0,0,0.07836482240534595
0,0,0.0740714090432008
0,0,0.07474239401876319
0,0,0.07721551180409324
0,0,0.07821548214311903
0,0,0.07347628756497371
0,0,0.07533341724116803
0,0,0.07860514987150542
0,0,0.07266727163183978
0,0,0.08213317850460586
1,0,0.06984271422053773
1,0,0.07200155767163445
1,0,0.07042880337069597
1,0,0.06959745269625721
1,0,0.07196586057759864
1,0,0.07567420216404898
1,0,0.07383739418701797
1,0,0.07344850328820678
1,0,0.07213008479026332
1,0,0.06939576240683727
1,0,0.06958101943180735
1,0,0.06936184083721346
1,0,0.07208963881191909
1,0,0.07156285152083605
1,0,0.06914691770307128
1,0,0.07043542131903553
1,0,0.06996189493934443
1,0,0.06849025898454861
1,0,0.07731074538026142
1,0,0.07649558509052677
1,0,0.06907206681373375
1,0,0.06892033784080111
1,0,0.07282961560897677
0,0,0.14059153571841135
0,0,0.12840436249882226
0,0,0.11635393919333578
0,0,0.12125587445943238
0,0,0.13199375224972976
0,0,0.13475608659982646
0,0,0.14171683296012277
0,0,0.13748603100983472
0,0,0.12989801500404774
0,0,0.13319225076291463
0,0,0.132940932703126
0,0,0.12952330307654863
0,0,0.11711416328910328
0,0,0.11672439630440803
0,0,0.1045808544922037
0,0,0.10487228345756919
0,0,0.12757340728371067
0,0,0.10720983497103848
0,0,0.11568543194773706
0,0,0.14700091834265763
0,0,0.16082106048212827
0,0,0.16442478752827383
0,0,0.15833473112500096
0,0,0.16675637088126508
0,0,0.16547503379944364
0,0,0.16764059299714199
0,0,0.16854362437767018
0,0,0.16144466680856617
0,0,0.169342011371402
0,0,0.1632418077656567
0,0,0.1204654697488715
0,0,0.11396004193731372
0,0,0.14907887540841055
0,0,0.15206490222219918
0,0,0.15247881814424907
0,0,0.14767320003185316
0,0,0.10282629432745809
0,0,0.1013969297734051
0,0,0.08711806819347603
0,0,0.06884769742550871
0,0,0.09901076765166417
0,0,0.15137198373275262
0,0,0.1323786119147788
0,0,0.13472728010209076
0,0,0.16801215136218808
0,0,0.16702040023668022
0,0,0.15927635391288458
0,0,0.1516181035062601
0,0,0.1384682541379164
0,0,0.14327428597662623
0,0,0.14628957605724918
0,0,0.1505798614942003
0,0,0.1600963842303255
0,0,0.14408733340349497
0,0,0.11731998602620185
0,0,0.11492405990496068
0,0,0.11831341291284932
0,0,0.10357957095553129
0,0,0.06872521414719489
0,0,0.06546982551167298
0,0,0.07460264222169921
0,0,0.12129412367665114
0,0,0.12305638051695664
0,0,0.12341177226126243
0,0,0.1420147100559677
0,0,0.13824187778037378
0,0,0.13347677971398958
0,0,0.12984758441063188
0,0,0.12308846327458756
0,0,0.1442148554985935
0,0,0.12868232992780182
0,0,0.12758852590372818
0,0,0.1299301688361657
0,0,0.12668203509682754
0,0,0.11515724189021385
0,0,0.11539841225121045
0,0,0.12698869415107356
0,0,0.1256939003923986
0,0,0.1280118720401374
0,0,0.12511905870459236
0,0,0.13168774603327746
0,0,0.12828828155065997
0,0,0.11861906600756451
0,0,0.10002232947484158
0,0,0.07908881995400985
0,0,0.08134137957860876
0,0,0.1069054346052512
0,0,0.12172374163126305
0,0,0.12496884005976253
0,0,0.12517022454954446
0,0,0.1178064151765689
0,0,0.11543960106330754
0,0,0.13407774202673328
0,0,0.1454954632826072
0,0,0.13710923320088006
0,0,0.13010283541351178
0,0,0.12024473462175278
0,0,0.12027362406261913
0,0,0.13102605359695532
0,0,0.11834121526251438
0,0,0.11749734973143795
0,0,0.12807242787781692
0,0,0.12279467646797702
0,0,0.12194766736906512
0,0,0.13611787855316934
0,0,0.13454855814266245
0,0,0.12689601299300765
0,0,0.12944806741341278
0,0,0.12263391948869477
0,0,0.12595766235679642
0,0,0.13514125745663436
0,0,0.1399479594581343
0,0,0.14069477654687942
0,0,0.13849637693001457
0,0,0.06575533592545359
0,0,0.06575533592511809
0,0,0.06421916482408283
0,0,0.06462442670351004
0,0,0.06575533592981657
0,0,0.06575533592874495
0,0,0.06369476368244417
0,0,0.06366410995840505
0,0,0.06429979398643787
0,0,0.0644114280875069
0,0,0.06462958774256447
0,0,0.06521591978641747
0,0,0.06549063857040774
0,0,0.0648828656520961
0,0,0.06455893452199794
0,0,0.06531355290716419
0,0,0.06503879603972003
0,0,0.06482327647620224
0,0,0.06512520132862978
0,0,0.0647377248135618
0,0,0.06507636990351563
0,0,0.06486698807429174
0,0,0.06377476416332578
0,0,0.1549408251388611
0,0,0.1619637796478226
0,0,0.1578810457056646
0,0,0.16716233294496718
0,0,0.17467956607396376
0,0,0.17384102248907363
0,0,0.1675886306333153
0,0,0.16974709479177913
0,0,0.19197627792374
0,0,0.19574885585654603
0,0,0.1749395572654208
0,0,0.16439334984512258
0,0,0.1706629218492093
0,0,0.18487884791327036
0,0,0.19636842874247568
0,0,0.19664319006586553
0,0,0.1946467679795574
0,0,0.19892644089176686
0,0,0.19573521694824406
0,0,0.1970688181413462
0,0,0.19414763756260406
0,0,0.18365314065740698
0,0,0.16974460050138
0,0,0.18248037814074827
0,0,0.2035477574799818
0,0,0.19905658834698967
0,0,0.18663538268599816
0,0,0.19242261223958487
0,0,0.19216044520865255
0,0,0.198754223033123
0,0,0.20598696310768913
0,0,0.20614736587748128
0,0,0.19780898971729427
0,0,0.1892572796373037
0,0,0.19508682131644403
0,0,0.2029794612919988
0,0,0.1910782123591077
0,0,0.19044599765556705
0,0,0.20358484501725072
0,0,0.20467709559594388
0,0,0.19203380557412852
0,0,0.19206410974278323
0,0,0.18827833237667188
0,0,0.1790897144507408
0,0,0.1718868034556689
0,0,0.178095049477886
0,0,0.20315651989343514
0,0,0.2104939812031504
0,0,0.191866402503429
0,0,0.20352927820047945
0,0,0.21855647152402538
0,0,0.22018089359110082
0,0,0.2106588293182344
0,0,0.20846345828410337
0,0,0.2047846611659744
0,0,0.2023778105624274
0,0,0.1944903077488655
0,0,0.19732723558822124
0,0,0.2125164513958245
0,0,0.20676169289578528
0,0,0.1882354003598379
0,0,0.2032834966162261
0,0,0.20008850051356675
0,0,0.19218043023506107
0,0,0.1948651091857514
0,0,0.2076702396730425
0,0,0.20357245090070147
0,0,0.1953466387086326
0,0,0.1954426855267422
0,0,0.2105870985727207
0,0,0.21230504561857896
0,0,0.06611021442416627
0,0,0.06564183946477742
0,0,0.06565544289899199
0,0,0.06565416672321316
0,0,0.0653369848166659
0,0,0.0653281248485761
0,0,0.06513421046628759
0,0,0.06517840897491729
0,0,0.06575531389301734
0,0,0.0657553189959873
0,0,0.06569630089224099
0,0,0.06575459652855248
0,0,0.065755335946783
0,0,0.065755335946783
0,0,0.06539876526884428
0,0,0.06575532799619953
0,0,0.06575532764876504
0,0,0.06544432553516653
0,0,0.06531497425612931
0,0,0.06537575731111302
0,0,0.06556578090461772
0,0,0.0657528138388101
0,0,0.0657284693281082
0,0,0.0700777099470982
0,0,0.07502751307628022
0,0,0.07364905457747328
0,0,0.07194550189030902
0,0,0.07823894053902149
0,0,0.07633519431507886
0,0,0.06892810715751278
0,0,0.06994922843059836
0,0,0.06584223373485548
0,0,0.06582162694341234
0,0,0.0657608768920765
0,0,0.06575534276963406
0,0,0.0657583513091507
0,0,0.0680666959281569
0,0,0.065755335946783
0,0,0.065755335946783
0,0,0.0657728719397355
0,0,0.06576808556951722
0,0,0.06577131717944158
0,0,0.0717636780742283
0,0,0.0657559005262096
0,0,0.065755335946783
0,0,0.065755335946783
1,0,0.065755335946783
1,0,0.065755335946783
1,0,0.065755335946783
1,0,0.065755335946783
1,0,0.065755335946783
1,0,0.065755335946783
1,0,0.065755335946783
1,0,0.065755335946783
1,0,0.065755335946783
1,0,0.065755335946783
1,0,0.065755335946783
1,0,0.065755335946783
1,0,0.065755335946783
1,0,0.065755335946783
1,0,0.065755335946783
1,0,0.065755335946783
1,0,0.065755335946783
1,0,0.06575675500147715
1,0,0.06575533604626348
1,0,0.06575533594796162
1,0,0.065755335946783
1,0,0.065755335946783
1,0,0.0657553374972116
0,0,0.08864090920731288
0,0,0.07667779427512916
0,0,0.07821643398015374
0,0,0.08105891731159504
0,0,0.07861555093975839
0,0,0.08038447172066712
0,0,0.07806243145988803
0,0,0.07107609840066899
0,0,0.0702332475576795
0,0,0.0733268576083204
0,0,0.0730205363471103
0,0,0.07412441622015854
0,0,0.07302282671601072
0,0,0.07289654859259753
0,0,0.07742849603075395
0,0,0.07325292699984111
0,0,0.0769477251557826
0,0,0.08454865066781198
0,0,0.07934323592468265
0,0,0.08766068040937333
0,0,0.07051216367618426
0,0,0.06858426680041566
0,0,0.08184638455041848
1,0,0.0679573642129132
1,0,0.06809568790081387
1,0,0.06898831065491001
1,0,0.06942395968565421
1,0,0.06896256199431482
1,0,0.06916796326748297
1,0,0.06966829115192143
1,0,0.06837850366647275
1,0,0.06892062441677092
1,0,0.06657852829518067
1,0,0.06677417009546167
1,0,0.06579464041882259
1,0,0.065799949083613
1,0,0.06805787913874653
1,0,0.06660583516208447
1,0,0.06587881582150033
1,0,0.06580728515506681
1,0,0.06572326863399153
1,0,0.06582972247711981
1,0,0.06583006662134093
1,0,0.06575961960746816
1,0,0.065707176599379
1,0,0.06529651757563734
0,0,0.10733490308440262
0,0,0.11310037747172827
0,0,0.12040441931348399
0,0,0.11903276675506698
0,0,0.1103013667401888
0,0,0.11229183345969183
0,0,0.12502076873872633
0,0,0.12772266578522803
0,0,0.12410534352995194
0,0,0.12235547687431603
0,0,0.12850705924892
0,0,0.1301910679447932
0,0,0.13396103938148346
0,0,0.13286912576935936
0,0,0.12844291922670506
0,0,0.13226880886865916
0,0,0.13568171567734186
0,0,0.13192164845603188
0,0,0.1305256669748065
0,0,0.12684063488246317
0,0,0.1283406844163073
0,0,0.13467833844170604
0,0,0.13686503605740125
0,0,0.1377685363213388
0,0,0.14040792566802837
0,0,0.14338540928664809
0,0,0.13693573105924417
0,0,0.1351436613388193
0,0,0.14540313331845336
0,0,0.12216585729244502
0,0,0.12051731378218729
0,0,0.14361314190145466
0,0,0.14198144255647283
0,0,0.14349808401793482
0,0,0.1419473757503144
0,0,0.14163641149403886
0,0,0.14204926208192234
0,0,0.14088056694005952
0,0,0.14532518863640195
0,0,0.1536919630318205
0,0,0.15988547470331188
0,0,0.15513943158490984
0,0,0.15038598092569413
0,0,0.15474937443240758
0,0,0.1577008157493866
0,0,0.16052450887641811
0,0,0.16286795634026155
0,0,0.1589405489879181
0,0,0.1557636496384501
0,0,0.08474044391065226
0,0,0.08425071515842532
0,0,0.1556268430495074
0,0,0.15538902885006414
0,0,0.1543182841721521
0,0,0.15362210507759255
0,0,0.156124742034595
0,0,0.1498530032626473
0,0,0.14824163200728072
0,0,0.1512259968105454
0,0,0.06576940390447579
0,0,0.06575533594998523
0,0,0.06575533175155464
0,0,0.06575533594670241
0,0,0.06575533594694899
0,0,0.06575621972405886
0,0,0.065755335946783
0,0,0.06575533594673949
0,0,0.0657094854931903
0,0,0.06575390836883806
0,0,0.065755335946783
0,0,0.065755335946783
0,0,0.06575533594674414
0,0,0.06575533594677078
0,0,0.06575533594650335
0,0,0.06573108664366435
0,0,0.0656803370851869
0,0,0.06575533373230455
0,0,0.06575533594678057
0,0,0.06575532963933935
0,0,0.06574160581715686
0,0,0.06569177287700621
0,0,0.06574511199316377
1,0,0.06578024126931874
1,0,0.06572314787340718
1,0,0.06554259559320637
1,0,0.0655697636836742
1,0,0.0656344993413633
1,0,0.06568337139437876
1,0,0.06569489267491187
1,0,0.06564727053441466
1,0,0.06563389677984671
1,0,0.06571251920367152
1,0,0.06577062911439341
1,0,0.0659462855883715
1,0,0.065755335946783
1,0,0.065755335946783
1,0,0.0657057276509366
1,0,0.06574596500838577
1,0,0.06575023626202722
1,0,0.06569478199178878
1,0,0.06572123474812663
1,0,0.06575692547962554
1,0,0.06592295575570657
1,0,0.06589998361167737
1,0,0.06793326167607336
0,0,0.17109593377166332
0,0,0.17163748267482362
0,0,0.09188906309123061
0,0,0.09160289283948114
0,0,0.06971625398923839
0,0,0.06575745976912972
0,0,0.07206836055614053
0,0,0.14658475482434363
0,0,0.15552966273010163
0,0,0.15635348469171018
0,0,0.14435328512866688
0,0,0.1457168664393361
0,0,0.1442617204994713
0,0,0.14446068258672426
0,0,0.14549989764900087
0,0,0.14578951574182708
0,0,0.1549031995138013
0,0,0.15551304583206052
0,0,0.1402251361859516
0,0,0.14016577054096555
0,0,0.13956416986848366
0,0,0.14671050120878443
0,0,0.14905421100637045
0,0,0.13714321705761326
0,0,0.12872563363910725
0,0,0.12285382659252449
0,0,0.13287738734976343
0,0,0.14106523194667805
0,0,0.13665684064506012
0,0,0.13518213159036352
0,0,0.13425549148676738
0,0,0.13173670535974089
0,0,0.13043517498697427
0,0,0.13492837223313744
0,0,0.14023526471672518
0,0,0.13222034594809373
0,0,0.1371689637244259
0,0,0.14619611281536313
0,0,0.1402139257125206
0,0,0.14106641255781688
0,0,0.13872921719957435
0,0,0.12636387610475197
0,0,0.13350642105929805
0,0,0.13901031496519045
0,0,0.13201194921800066
0,0,0.13409486213683303
0,0,0.1324290997861019
0,0,0.11688643927160333
0,0,0.09969178117641427
0,0,0.10286183252640871
0,0,0.11008914340210772
0,0,0.11055922739472154
0,0,0.1418415241062304
0,0,0.14053630977720535
0,0,0.13668146508634382
0,0,0.12810252883159584
0,0,0.12024138730990988
0,0,0.12341686920232532
0,0,0.12384183698767683
0,0,0.12428754518503414
0,0,0.12544421880623519
0,0,0.13028117140009052
0,0,0.1266079439058
0,0,0.11949042747274619
0,0,0.11949692067019413
0,0,0.11766071603251751
0,0,0.11237585388055844
0,0,0.12071802919112382
0,0,0.1306071975540651
0,0,0.11989967495815147
0,0,0.08812847005509873
0,0,0.06576681461670228
0,0,0.065755335946783
0,0,0.065755335946783
0,0,0.065755335946783
0,0,0.06575533622636846
0,0,0.065755335946783
0,0,0.065755335946783
0,0,0.06575533594670598
0,0,0.06575511280037563
0,0,0.06620439422753974
0,0,0.06684012251016402
0,0,0.06851378484199981
0,0,0.06801448683177223
0,0,0.06727014365423892
0,0,0.066937902331276
0,0,0.06658128305691358
0,0,0.06584546703034909
0,0,0.0651967502028491
0,0,0.06535691463203688
0,0,0.06501373782517557
0,0,0.065175740767699
0,0,0.06629113473284994
0,0,0.06593630343909834
0,0,0.0656312591871131
0,0,0.06572857293412397
0,0,0.06501666983875934
0,0,0.06388111444748562
0,0,0.06512947094731883
0,0,0.06574432224626932
0,0,0.06575354077636106
0,0,0.06575516020289063
0,0,0.06500588144489829
0,0,0.06370915666222504
0,0,0.06463846710251502
0,0,0.06502609456674958
0,0,0.06567378027733008
0,0,0.06572813400960678
0,0,0.06505340284952352
0,0,0.06557071471166635
0,0,0.06547623902040674
0,0,0.06505338700785863
0,0,0.06536344016826202
0,0,0.06502653261307978
0,0,0.18558145618262117
0,0,0.1856053648318809
0,0,0.18480875050039478
0,0,0.18415359065017184
0,0,0.18399766377114882
0,0,0.1847004963655158
0,0,0.18595616726114386
0,0,0.18531067769893736
0,0,0.1841204680494152
0,0,0.18528759847702797
0,0,0.18462660021369157
0,0,0.1849553869233976
0,0,0.1852410844753645
0,0,0.18408682992479367
0,0,0.18521945054833008
0,0,0.18452221238425956
0,0,0.18493584777631122
0,0,0.18541659982351327
0,0,0.18454735668514388
0,0,0.1856676265167812
0,0,0.18581640183211054
0,0,0.18556459438522663
0,0,0.18513476041832683
0,0,0.17822292580757956
0,0,0.17683819550914504
0,0,0.1781294715272879
0,0,0.1822046063761291
0,0,0.18465413454555554
0,0,0.1848061269810506
0,0,0.18042475132327432
0,0,0.1814621702538155
0,0,0.18581320863979958
0,0,0.18626811304527482
0,0,0.18403769224718847
0,0,0.17970772103359722
0,0,0.18489115899572184
0,0,0.18620718735567
0,0,0.1856893605306577
0,0,0.18193242694542774
0,0,0.18186722787181803
0,0,0.186555230819096
0,0,0.18501852038047872
0,0,0.1820840804373754
0,0,0.18365454823105165
0,0,0.18635895472442876
0,0,0.184914748413824
0,0,0.18216071274716922
0,0,0.18479821675443514
0,0,0.1860549849273766
0,0,0.18383014605576692
0,0,0.18216384142793077
0,0,0.18463395904879035
0,0,0.18583585602109545
0,0,0.1844659364496608
0,0,0.18305698024336384
0,0,0.18422618317291845
0,0,0.18573153207952764
0,0,0.18424576339529347
0,0,0.1828373135316025
0,0,0.18521365770037812
0,0,0.18614261241002156
0,0,0.183796182220817
0,0,0.18249064419598915
0,0,0.18532715920410087
0,0,0.18842747182701805
0,0,0.18672424854641312
0,0,0.18330267181977425
0,0,0.18360259922450123
0,0,0.1851815957822452
0,0,0.18400105865341446
0,0,0.1836230798506698
0,0,0.18553670338228323
0,0,0.18588670436266355
0,0,0.18360570094554912
0,0,0.18399153651778258
0,0,0.18659580357047623
0,0,0.1850495782017853
0,0,0.18375950801159882
0,0,0.18433499941421633
0,0,0.18617703718820264
0,0,0.18586853276826085
0,0,0.18355266655442268
0,0,0.1855969945247024
0,0,0.1861186544353865
0,0,0.18493042218513603
0,0,0.18590209952584374
0,0,0.18614668757707356
0,0,0.18565354076418944
0,0,0.18596413547875437
0,0,0.18490825014742343
0,0,0.1855728300597209
0,0,0.1869264938832056
0,0,0.18694282982383673
0,0,0.18494746730036715
1,0,0.1861868750152466
1,0,0.18619430080857
1,0,0.18640924385167282
1,0,0.18577162743695225
1,0,0.18439645974225732
1,0,0.18509976564388594
1,0,0.18459713740919237
1,0,0.18488715530604455
1,0,0.1849363986884059
1,0,0.18331836100124094
1,0,0.18370659701201938
1,0,0.18501261000083766
1,0,0.18301511267180923
1,0,0.18357356241415723
1,0,0.1850674060310517
1,0,0.18305789535850675
1,0,0.18250124141769783
1,0,0.1825201992893669
1,0,0.18395585811351606
1,0,0.18461301366392668
1,0,0.1828456837802093
1,0,0.18159388542539356
1,0,0.18294285694597037
1,0,0.18306896263308697
1,0,0.18372371636827656
1,0,0.18278986338459635
1,0,0.18183856452186967
1,0,0.18140509233250027
1,0,0.18029873326598478
1,0,0.18071343701921874
1,0,0.18261973943551668
1,0,0.18309667088895643
1,0,0.18276337681064758
1,0,0.18198049700971172
1,0,0.1823673083355665
1,0,0.1828212963421305
1,0,0.18188730837551365
1,0,0.1839460003702202
1,0,0.1832945745630949
1,0,0.18344321231820662
1,0,0.18357452060142157
1,0,0.18067146608050424
1,0,0.18332000481568314
1,0,0.1863913257930975
1,0,0.18420247657045571
1,0,0.18224074859411388
1,0,0.18549941913622028
1,0,0.18495131112144164
1,0,0.18620686136531947
1,0,0.1864289898673349
1,0,0.18593144674567907
1,0,0.18545347463590178
1,0,0.1854326617346872
1,0,0.1858588593284226
1,0,0.18422587666964185
1,0,0.18080252271247257
1,0,0.1921926945185582
1,0,0.1927654930425454
1,0,0.1814409491728035
1,0,0.18474497968503786
1,0,0.1855024710892233
1,0,0.18533856917127586
1,0,0.1870215918388295
1,0,0.18541341791774804
1,0,0.1835488600620775
1,0,0.18645956173714134
1,0,0.18628798954354098
1,0,0.1859004467101302
1,0,0.18680410001563716
1,0,0.18697367512885382
1,0,0.1871105382074313
1,0,0.18541214354853652
1,0,0.18542968471787857
1,0,0.18575629153154094
1,0,0.18494490684657278
1,0,0.18404025641842212
1,0,0.1845020315474528
1,0,0.18493830293488908
1,0,0.18442302802533977
1,0,0.18442409915655164
1,0,0.184632786248315
1,0,0.18564070689019244
1,0,0.18712031176302227
1,0,0.18657760445161298
1,0,0.1848843134099
1,0,0.18366200316166809
1,0,0.1865573534569854
1,0,0.18741219138588003
1,0,0.1845982517668892
1,0,0.183511183328034
1,0,0.1849204987171423
1,0,0.18511285830815308
1,0,0.18542241647630303
1,0,0.18627966985706448
1,0,0.18620166640600935
1,0,0.18440466370316233
1,0,0.18650226650391846
1,0,0.18680916040915949
1,0,0.18530279533631908
1,0,0.18400245100973056
1,0,0.18494459915921016
1,0,0.18564556871899163
1,0,0.18574616211896822
1,0,0.18752089432466088
1,0,0.18685115946195113
1,0,0.18593508201389244
1,0,0.18622769092376618
1,0,0.1850465519674476
1,0,0.18654558184085504
1,0,0.18690738906056426
1,0,0.1873490237086355
1,0,0.1883441415487756
1,0,0.1872273854291116
1,0,0.18506216417451626
1,0,0.1878617047589795
0,0,0.1871334905283666
0,0,0.18377348306667304
0,0,0.18359530024777163
0,0,0.18403695173972554
0,0,0.18466815855848495
0,0,0.18415247460348286
0,0,0.1844773094027611
0,0,0.18402402694339307
0,0,0.18343939404997592
0,0,0.18436884079773058
0,0,0.18306173588962565
0,0,0.1839526525988026
0,0,0.18497507812763683
0,0,0.18409357345495547
0,0,0.1842138259920082
0,0,0.18538874424481014
0,0,0.1849216072097219
0,0,0.1841650840169734
0,0,0.18541951387371766
0,0,0.18503412282419116
0,0,0.18654542519412298
0,0,0.18612450618562168
0,0,0.1849477638782333
1,0,0.18405058165675667
1,0,0.1856325048682037
1,0,0.1836346881215108
1,0,0.18071987912489962
1,0,0.18327915801391795
1,0,0.18373873823316314
1,0,0.18260412769827136
1,0,0.18257376986926283
1,0,0.18274983339657114
1,0,0.18466320941161787
1,0,0.18402112962524536
1,0,0.18423975418023997
1,0,0.18473263338136747
1,0,0.18297283404596903
1,0,0.18425130422578662
1,0,0.1849461862375491
1,0,0.18479261213821557
1,0,0.18398973651409553
1,0,0.18312397039631478
1,0,0.1833216631037485
1,0,0.1831240752682376
1,0,0.1821901149422457
1,0,0.18263957283209253
0,0,0.18493731870794156
0,0,0.1847342758428938
0,0,0.18569283486120666
0,0,0.18463937827942628
0,0,0.18332798726226385
0,0,0.18446768707046
0,0,0.18547914384658518
0,0,0.18455385387859943
0,0,0.1840636515155637
0,0,0.18491207168037269
0,0,0.18556273659938266
0,0,0.1865422803387704
0,0,0.1857647985133737
0,0,0.18355647992571383
0,0,0.18425046820560043
0,0,0.18570199531587028
0,0,0.18475288275836138
0,0,0.18465306673098483
0,0,0.1856404266865277
0,0,0.1854959972469282
0,0,0.18490722184631564
0,0,0.18450867405754853
0,0,0.18505400994394014
0,0,0.18590924792614183
0,0,0.1859378247707701
0,0,0.18514188379366503
0,0,0.18584764699820855
0,0,0.18567202805060454
0,0,0.18504463865022247
0,0,0.1851466490622138
0,0,0.18461985808630305
0,0,0.18602813992030204
0,0,0.18633900917085755
0,0,0.18490011190959552
0,0,0.1856123518687071
0,0,0.18717027916468656
0,0,0.18730024559272748
0,0,0.18585226900919632
0,0,0.18495148114548765
0,0,0.18668029846388076
0,0,0.1856124737634808
0,0,0.1856626700675779
0,0,0.18937058015897212
0,0,0.18787629958614027
0,0,0.18440734206638407
0,0,0.18694064507068509
0,0,0.18836839309476805
0,0,0.18600044140599206
0,0,0.18518533506381202
0,0,0.18714873558385633
0,0,0.18872560793998172
0,0,0.18743276546051874
0,0,0.18529233232467454
0,0,0.18723841090739624
0,0,0.18668946859574392
0,0,0.18539463729961933
0,0,0.18652887057689088
0,0,0.18703950496722768
0,0,0.18656088083126163
0,0,0.18571390605052707
0,0,0.18704757348545742
0,0,0.1876590933555229
0,0,0.18704863599528934
0,0,0.18532333831179046
0,0,0.18488269822300882
0,0,0.1866738237415931
0,0,0.1868060249092681
0,0,0.18601108916249132
1,0,0.18569166922278316
1,0,0.1864911394164025
1,0,0.18675198232298468
1,0,0.18603308274314947
1,0,0.18572166311125882
1,0,0.18698331022561673
1,0,0.18663145054553268
1,0,0.18571979801469707
1,0,0.18664241193686548
1,0,0.1880664116136865
1,0,0.18765957295001287
1,0,0.18597377916568555
1,0,0.18609245552934248
1,0,0.18560915819032411
1,0,0.18615821485823109
1,0,0.18638077665945843
1,0,0.18721424814527945
1,0,0.1867307250184357
1,0,0.1853106698628892
1,0,0.18764018831214085
1,0,0.18709716950373684
1,0,0.1846891022430239
1,0,0.185861947894015
1,0,0.187263022669181
1,0,0.18772062469606723
1,0,0.18675497023986803
1,0,0.1861744763747824
1,0,0.1867611691661562
1,0,0.1866631318847811
1,0,0.18577142958337248
1,0,0.18578526295300604
1,0,0.18693722374321653
1,0,0.18669804664310088
1,0,0.18595449333621183
1,0,0.18753327660246183
1,0,0.18808907945325387
1,0,0.18704126118639952
1,0,0.18673461303516395
1,0,0.18619249105416225
1,0,0.1866443398107677
1,0,0.18666886768177515
1,0,0.1856953915389378
1,0,0.18609207510955256
1,0,0.18710898351525154
1,0,0.1871456737471088
1,0,0.1867281090345527
0,0,0.15575913708196606
0,0,0.14539904269836898
0,0,0.13824685449734933
0,0,0.13764623551715113
0,0,0.065755335946783
0,0,0.065755335946783
0,0,0.13652315654268224
0,0,0.14888023384786078
0,0,0.15173858703806423
0,0,0.14562438921501947
0,0,0.14398653744163317
0,0,0.1482335470776373
0,0,0.16657468162726882
0,0,0.1684580713675969
0,0,0.15165369019924718
0,0,0.14323824798514512
0,0,0.1563832401596288
0,0,0.16033156256469022
0,0,0.14718450470758354
0,0,0.1386672642671283
0,0,0.1315631090175315
0,0,0.13844825778158035
0,0,0.16264585113827945
0,0,0.1725707162934356
0,0,0.18548005304711931
0,0,0.19215972471208634
0,0,0.1687841397286515
0,0,0.17928299879039308
0,0,0.1878761762843348
0,0,0.1868133936195024
0,0,0.18182316341134314
0,0,0.16925854832597992
0,0,0.16774008620265654
0,0,0.16859211412992325
0,0,0.16916935757256482
0,0,0.18048440817592368
0,0,0.190442519658309
0,0,0.18575127955635518
0,0,0.1795324564579122
0,0,0.17180365599616038
0,0,0.1727037689474715
0,0,0.18291674996888224
0,0,0.1801108956680662
0,0,0.18761626743557253
0,0,0.18887711336031604
0,0,0.18255849654140427
0,0,0.1704314476139102
0,0,0.17587024312974125
0,0,0.17916619660590163
0,0,0.15762377160975322
0,0,0.16310738750555973
0,0,0.16732669557999252
0,0,0.1589075371211349
0,0,0.16719602080314405
0,0,0.17995232742513254
0,0,0.16906839653400252
0,0,0.15878874563236534
0,0,0.15600237092664415
0,0,0.15316393541367426
0,0,0.1527811828500521
0,0,0.15157308127340227
0,0,0.15160259748886026
0,0,0.15170394425422262
0,0,0.1616229690142402
0,0,0.16591404121935077
0,0,0.1682075534134976
0,0,0.17374590252420025
0,0,0.17339503546160215
0,0,0.17661262301498223
0,0,0.1889795627387113
0,0,0.1957411256050189
0,0,0.1868886571490677
0,0,0.17306299176858875
0,0,0.1701927045051073
0,0,0.17495940413833777
0,0,0.18810392962753497
0,0,0.19269359603668976
0,0,0.18312414709473673
0,0,0.18542311236573006
0,0,0.19239973802056562
0,0,0.18829303091415986
0,0,0.1868232435958374
0,0,0.1965745555214912
0,0,0.20008775857425348
0,0,0.18898378425092702
0,0,0.18833594329564332
0,0,0.19045526735947427
0,0,0.19068030209834982
0,0,0.1909073564313128
0,0,0.18859226223846035
0,0,0.19232790643298892
0,0,0.1959767834687836
0,0,0.18899107741523793
0,0,0.18933962166266674
1,0,0.07914971359669551
1,0,0.07405419174190991
1,0,0.07334558515649618
1,0,0.0688475454727639
1,0,0.06817081900071907
1,0,0.07054825811911968
1,0,0.07158441979079978
1,0,0.07199645428388854
1,0,0.07048988062039394
1,0,0.07059386548369025
1,0,0.07008796737558051
1,0,0.07058130254548808
1,0,0.06952035840635411
1,0,0.06944686669944905
1,0,0.06976402006205426
1,0,0.06957556301295882
1,0,0.0690622881259241
1,0,0.06978925682721408
1,0,0.06926504653785336
1,0,0.0686080046462196
1,0,0.07459315891647705
1,0,0.0671401976681984
1,0,0.06788275253253633
1,0,0.08443942924854037
1,0,0.07212762063218284
1,0,0.06632946126711027
1,0,0.0665937945351957
1,0,0.06708603892959991
1,0,0.06678049956738763
1,0,0.06968344667123946
1,0,0.07182279772967909
1,0,0.06667689689459975
1,0,0.06781663353980781
1,0,0.07258004512671488
1,0,0.0767132724955516
1,0,0.07701933754522707
1,0,0.07589731177532553
1,0,0.07601845586224146
1,0,0.06982361242173528
1,0,0.07373852100135801
1,0,0.06616487880165242
1,0,0.07493366658551484
1,0,0.07284806550059526
1,0,0.06592569110381051
1,0,0.0715325110507582
1,0,0.06582494836556486
1,0,0.07002320564517822
1,0,0.06919287149608563
1,0,0.06950427570801582
1,0,0.06989307693002579
1,0,0.06901837059255825
1,0,0.06974222351011478
1,0,0.06999011950832094
1,0,0.06922080294299042
1,0,0.06886477912082394
1,0,0.06656254055767244
1,0,0.0663003454481133
1,0,0.06805694363922744
1,0,0.06924233433648172
1,0,0.07066682195496563
1,0,0.07057596927084328
1,0,0.07144001183648682
1,0,0.07184036092864172
1,0,0.0721786413710552
1,0,0.07218293913962354
1,0,0.07156749442514909
1,0,0.06575659167959699
1,0,0.06575665639717478
1,0,0.06581840903023034
1,0,0.08001052054797843
1,0,0.07699122391055115
1,0,0.06761950995570327
1,0,0.06620071440798383
1,0,0.06968187996595016
1,0,0.06767203618656398
1,0,0.06754868742614085
1,0,0.07541582938937094
1,0,0.08331149965173272
1,0,0.08784826854166539
1,0,0.06906052120939535
1,0,0.06791103239797054
1,0,0.07925409195255438
1,0,0.08272835917823931
1,0,0.08446508913421812
1,0,0.0778124846315552
1,0,0.07199315865987918
1,0,0.07191209713704103
1,0,0.07084127911604386
1,0,0.07458925325083365
1,0,0.07995116005732965
1,0,0.07391272563798812
1,0,0.07077359723899959
1,0,0.06652624259149723
1,0,0.06623093529389727
1,0,0.06699335713998467
1,0,0.06631473907937457
1,0,0.06634723896910764
1,0,0.06744818130824048
1,0,0.06777130112518889
1,0,0.0672631022354474
1,0,0.06672067809323222
1,0,0.06695306406850669
1,0,0.06659668431202966
1,0,0.06646652218496664
1,0,0.06655345861454905
1,0,0.066599061540742
1,0,0.0667907312833441
1,0,0.06729061117756595
1,0,0.06638870469730437
1,0,0.06602773346112085
1,0,0.06614612640481479
1,0,0.06662717670965536
1,0,0.06659050940509283
1,0,0.06609858829766906
1,0,0.06608335827333395
0,0,0.1410196267996305
0,0,0.13817894052842317
0,0,0.14071345114825604
0,0,0.14252937785180234
0,0,0.15060071568166986
0,0,0.15692956235246924
0,0,0.16239151239724559
0,0,0.14563782529387764
0,0,0.13744807950415674
0,0,0.1429682070440585
0,0,0.12064751456530083
0,0,0.12689826061502102
0,0,0.15561008307635862
0,0,0.16844461751630485
0,0,0.1875109697113425
0,0,0.19328121491306557
0,0,0.15050964551471424
0,0,0.17373153011795398
0,0,0.18353906213098292
0,0,0.18413037054808706
0,0,0.17800959822444068
0,0,0.17703330031634829
0,0,0.18318765830616426
0,0,0.17734148772051783
0,0,0.1690649570627756
0,0,0.15712982711357007
0,0,0.14732517443441578
0,0,0.14706538903860933
0,0,0.13038807567041127
0,0,0.136824486702156
0,0,0.15628524427687762
0,0,0.16026289026799684
0,0,0.156684312685624
0,0,0.147473191428092
0,0,0.15315040422619036
0,0,0.16048433077464577
0,0,0.1647711487331478
0,0,0.16590263534461222
0,0,0.1664463890586152
0,0,0.16615024359174035
0,0,0.17163722369673023
0,0,0.17646148079838836
0,0,0.17225775732696977
0,0,0.17363178477670985
0,0,0.1741434966193074
0,0,0.16853576483949056
0,0,0.16716272728231563
0,0,0.15817337388124242
0,0,0.15129384075953647
0,0,0.15210755781940355
0,0,0.1494810115940519
0,0,0.14925969569703829
0,0,0.15274424495914232
0,0,0.15571654757897255
0,0,0.15595364405986034
0,0,0.15086967736746398
0,0,0.15509707745698875
0,0,0.1588393633719919
0,0,0.1528837818268163
1,0,0.06575533594724396
1,0,0.06575533594705223
1,0,0.0699607608705024
1,0,0.069941452822084
1,0,0.06871796942817723
1,0,0.06874386278518178
1,0,0.06953990073653238
1,0,0.07061183579848963
1,0,0.06979919124084842
1,0,0.06778624938665767
1,0,0.06641505512634623
1,0,0.06660664317069653
1,0,0.06784336448714424
1,0,0.06713951512972566
1,0,0.06935414846212996
1,0,0.06811188740171129
1,0,0.07072134047496344
1,0,0.07869025071470129
1,0,0.0849479020558381
1,0,0.07707372483063377
1,0,0.09292281500882006
1,0,0.10290732657975
1,0,0.10209814265073232
1,0,0.07362447905915892
1,0,0.0715952206437558
1,0,0.07396533957239729
1,0,0.07938146104774278
1,0,0.0834075761744728
1,0,0.08088702558325282
1,0,0.08066075209972352
1,0,0.08398604492252634
1,0,0.08044191535908718
1,0,0.08064473996100649
1,0,0.0773050968138977
1,0,0.06966930411737401
1,0,0.0690290108919214
1,0,0.07119488475459347
1,0,0.07281206466584668
1,0,0.07456580464311678
1,0,0.07291021999501669
1,0,0.07066135225893348
1,0,0.07539566058929996
1,0,0.07368336080524843
1,0,0.0678191240706701
1,0,0.06895779818693319
1,0,0.06743110921321538
1,0,0.17773612028587255
1,0,0.18656293129758067
1,0,0.17809148157058657
1,0,0.16451423778439392
1,0,0.1457102981591626
1,0,0.14812649303092335
1,0,0.16968644802856825
1,0,0.1750361860720562
1,0,0.16455158047975096
1,0,0.14640392979961286
1,0,0.14408475457207603
1,0,0.14822469780443046
1,0,0.15602209037059075
1,0,0.1625684841977517
1,0,0.15859917712915864
1,0,0.14648239976558258
1,0,0.12414821454679796
1,0,0.1301491139893236
1,0,0.14729200680212828
1,0,0.14687285631906452
1,0,0.14691897426424627
1,0,0.14228427746371108
1,0,0.11422635723560076
1,0,0.11109269952163954
1,0,0.12681088420269832
1,0,0.12321572444295809
1,0,0.11701976819212126
1,0,0.12406130526803534
1,0,0.11264120447739974
1,0,0.1059330771008041
1,0,0.122739526415837
1,0,0.12511321836910708
1,0,0.10891420357638318
1,0,0.1185220013436952
1,0,0.12920115321724432
1,0,0.12495409232375392
1,0,0.12105937294671376
1,0,0.12249381291911898
1,0,0.11581148915797133
1,0,0.11488684087792103
1,0,0.11455318720369258
1,0,0.11325573247688928
1,0,0.1115213018404978
1,0,0.12073356176219013
1,0,0.13063116674956368
1,0,0.13534163299169674
1,0,0.136921944663284
1,0,0.1345659143575165
1,0,0.13115128372585402
1,0,0.128853634651075
1,0,0.1345547173353224
1,0,0.13982667867070248
1,0,0.1439851937923858
1,0,0.14100925334168202
1,0,0.14280262322370407
1,0,0.1484139534941865
1,0,0.14519815764431712
1,0,0.14011304107557224
1,0,0.1399044931301086
1,0,0.1427625539125143
1,0,0.14256777566176754
1,0,0.142091780755346
1,0,0.1452938399302597
1,0,0.14362037457972696
1,0,0.1431150535821099
1,0,0.14198667201941256
1,0,0.145261246319288
1,0,0.14490834247511242
1,0,0.1504994990174102
1,0,0.14190978627997244
1,0,0.14441755348952556
1,0,0.14090388906701967
1,0,0.13340834979848276
1,0,0.13935163538779702
1,0,0.15750769472918805
1,0,0.15629013136168823
1,0,0.12175458888980889
1,0,0.11480623266908904
1,0,0.1352288354655722
1,0,0.13530600412781119
1,0,0.12849862763886966
1,0,0.12398537080185021
1,0,0.12242224414865112
1,0,0.12840675792586898
1,0,0.13627749233982114
1,0,0.13928484823530438
1,0,0.14251701646604883
1,0,0.14358464754294722
1,0,0.14056054863697734
1,0,0.14012534113424546
1,0,0.14284732335935207
1,0,0.14207730595234438
1,0,0.14087458576596032
1,0,0.13757575196760766
1,0,0.1369060384407216
1,0,0.13916701727482575
1,0,0.13833578995698775
1,0,0.13969162037048813
1,0,0.1442106212599998
1,0,0.1403219897674708
1,0,0.13826276652616556
1,0,0.14139231295802213
1,0,0.1419604373300713
1,0,0.14143567859262654
1,0,0.14014022978435076
1,0,0.1385592321271297
1,0,0.13621214305871138
1,0,0.14091603234537034
1,0,0.14577150339971903
1,0,0.14321244689985563
1,0,0.14118617822049664
1,0,0.14070252542323258
1,0,0.1354834298686077
1,0,0.13405631839789708
0,0,0.07482272402935003
0,0,0.1128322257054251
0,0,0.07253502465685173
0,0,0.07253502465685173
0,0,0.07428284397004567
0,0,0.07625138501769202
0,0,0.16807531606452486
0,0,0.1517358688372652
0,0,0.08106888764947282
0,0,0.0733332333275052
0,0,0.07253502465685162
0,0,0.07253502465684986
0,0,0.15317624373403813
0,0,0.15497633011071701
0,0,0.15885746001738757
0,0,0.1607534138721777
0,0,0.16248339643310467
0,0,0.1596336602174636
0,0,0.0725350435694157
0,0,0.07253503450686358
0,0,0.15241922461689905
0,0,0.1589994951296688
0,0,0.16424458807424766
1,0,0.19088950675131516
1,0,0.1948551246685044
1,0,0.19771031972080494
1,0,0.2002879283550428
1,0,0.20461017558088226
1,0,0.19560313514389274
1,0,0.19412003747519394
1,0,0.19667352830191587
1,0,0.19530061820913452
1,0,0.1906089241748002
1,0,0.19256520160109067
1,0,0.19544901921801966
1,0,0.20076007351681602
1,0,0.2000617266382705
1,0,0.19559120128876836
1,0,0.19605696276292864
1,0,0.19740405692159763
1,0,0.20134626035060138
1,0,0.19480491857380308
1,0,0.19518805042261606
1,0,0.19609466444985263
1,0,0.19260305355634963
1,0,0.19364934549401033
1,0,0.19884954983539463
1,0,0.20548944429965604
1,0,0.20332541649545394
1,0,0.20340901945851034
1,0,0.20578007834799525
1,0,0.20399613601176603
1,0,0.2049300874810872
1,0,0.19941024693337825
1,0,0.19483710484094444
1,0,0.18510632757727585
1,0,0.18747714243808328
1,0,0.19762914456623548
1,0,0.19509667790975063
1,0,0.20100094889064837
1,0,0.20546608264266641
1,0,0.194100470768535
1,0,0.19718675834115829
1,0,0.19134926968167776
1,0,0.19367414402682315
1,0,0.20029933346597067
1,0,0.20109972424958966
1,0,0.19455073452781216
1,0,0.18781408975642985
1,0,0.1857440801672329
1,0,0.19137083719488218
1,0,0.1655482271397433
1,0,0.16148148738970236
1,0,0.18181421228423655
1,0,0.18836258582394208
1,0,0.19745985406036728
1,0,0.1943614958613757
1,0,0.19199735654494096
1,0,0.19061127852196355
1,0,0.1878544059816891
1,0,0.1875901613090926
1,0,0.18877995635598904
1,0,0.18357470310915344
1,0,0.18529087403489253
1,0,0.19059809841139183
1,0,0.18881878022783277
1,0,0.19329527310634326
1,0,0.19296132248561645
1,0,0.1882863981733248
1,0,0.18660463577404335
1,0,0.18520468991422714
1,0,0.18483407761713086
1,0,0.18462047640841114
1,0,0.18173374510803875
1,0,0.12492821316468836
1,0,0.12539748700782075
1,0,0.12632335122511765
1,0,0.12046508308298029
1,0,0.10314922050850439
1,0,0.08234859102355073
1,0,0.08199341559477061
1,0,0.09765582881095121
1,0,0.10114696281785109
1,0,0.0967553982789162
1,0,0.09255659926167788
1,0,0.09729923796905773
1,0,0.09316350515404581
1,0,0.09156102729717847
1,0,0.09505502231144425
1,0,0.09731231573432383
1,0,0.09480286009947086
1,0,0.09059128373790228
1,0,0.09499401283733007
1,0,0.09252101862161005
1,0,0.09095749198204103
1,0,0.09646179638849683
1,0,0.09890701581564826
1,0,0.09642429881439787
1,0,0.08997484493436592
1,0,0.09036247669176305
1,0,0.086420275475651
1,0,0.09335522069235104
1,0,0.07253653324347405
1,0,0.07253612302338883
1,0,0.09149451242800556
1,0,0.092043515667353
1,0,0.09504571412216038
1,0,0.0982303945780206
1,0,0.09454646556052695
1,0,0.09412694558005122
1,0,0.09390741146736327
1,0,0.09486910602142605
1,0,0.10285612053201242
1,0,0.10660291172681596
1,0,0.0787686959848865
1,0,0.07757401249497543
1,0,0.09237961802786282
1,0,0.09087707639917252
1,0,0.09351341203005144
1,0,0.0954291723623164
1,0,0.0878052855655949
1,0,0.09930493355820003
1,0,0.07568602944217186
1,0,0.07532650468187037
1,0,0.07341638079057791
1,0,0.07339436961626415
1,0,0.07556568104421864
1,0,0.07459740334276216
1,0,0.08092101773757668
1,0,0.08431718455716077
1,0,0.07274275669861069
1,0,0.07253502473313898
1,0,0.07253538547856839
1,0,0.07932705713114989
1,0,0.07253578171594757
1,0,0.07253584464082372
1,0,0.07523743534490789
1,0,0.07253502479943462
1,0,0.07253502715775666
1,0,0.07860218911794262
1,0,0.07347494376965358
1,0,0.07253502479291093
1,0,0.07262281349230362
1,0,0.07253712085284253
1,0,0.08587033662212594
1,0,0.08811031996859724
1,0,0.07598293780385051
1,0,0.07253584394030407
1,0,0.07280437395332516
1,0,0.09446299437944497
1,0,0.09560435764364623
1,0,0.09723220547154311
1,0,0.10038517602555334
1,0,0.09631775712326458
1,0,0.08780511213671248
1,0,0.08598448591245177
1,0,0.09297459715605864
1,0,0.094300882760049
1,0,0.09257860767400439
1,0,0.09163400161939404
1,0,0.07770356807737973
1,0,0.07739009036676532
1,0,0.08025698844611368
1,0,0.07608616107526377
1,0,0.07539876364533749
1,0,0.07484068140685188
1,0,0.08760578796634337
1,0,0.07258893280962368
1,0,0.07253596794343471
1,0,0.08415070971625681
1,0,0.07332518756335066
1,0,0.07330737976689664
1,0,0.07907670227081143
1,0,0.07663503934664508
1,0,0.07256955493478215
1,0,0.07253574504160398
1,0,0.08288708320249324
1,0,0.08961485883830804
1,0,0.09128297016051891
1,0,0.09458618007834292
1,0,0.09802527461689788
1,0,0.09525997178482315
1,0,0.0948523231335153
1,0,0.09610127504042891
1,0,0.08930262832647505
1,0,0.09017748735564449
1,0,0.09967988237819186
1,0,0.0881631719044255
1,0,0.08201683731823049
0,0,0.15223346590805892
0,0,0.15163397746855156
0,0,0.14965449155810384
0,0,0.15609360960390398
0,0,0.17327679629919404
0,0,0.17832402002406933
0,0,0.17030750287027738
0,0,0.1655794734685647
0,0,0.1630626965316885
0,0,0.16541355882176065
0,0,0.16851031975181552
0,0,0.16265928417567496
0,0,0.15761247759927544
0,0,0.15955901350779506
0,0,0.17274226230986123
0,0,0.1703938771124352
0,0,0.1566205336019439
0,0,0.16110327843168762
0,0,0.16281304132152774
0,0,0.15813636703932932
0,0,0.1549809928097025
0,0,0.16424216529698607
0,0,0.17073819860152503
0,0,0.16412601745802965
0,0,0.1606864797467394
0,0,0.15926973553577684
0,0,0.15459946677730294
0,0,0.15305535143778384
0,0,0.14586503763737854
0,0,0.14572506651334016
0,0,0.15406187221674433
0,0,0.15529088485871775
0,0,0.15975013325843135
0,0,0.16606809681044366
0,0,0.16310334786741712
0,0,0.16011807017963428
0,0,0.15910375866428456
0,0,0.1429858799968817
0,0,0.14505989185103524
0,0,0.15774419308428303
0,0,0.1486627080542023
0,0,0.1383319229123829
0,0,0.14606130577203194
0,0,0.15344584975497869
0,0,0.1511777786427048
0,0,0.14268769737535258
0,0,0.14606207016553718
0,0,0.1505082824499289
0,0,0.1530348305857689
0,0,0.15458636909921034
0,0,0.15396953276353098
0,0,0.15295051102935625
0,0,0.1546769949531868
0,0,0.15323351955637915
0,0,0.1564798778885248
0,0,0.1607440991541597
0,0,0.15376871345018314
0,0,0.12529040834980862
0,0,0.14062938379978634
1,0,0.1172056460294692
1,0,0.11167611600305824
1,0,0.09519435803850529
1,0,0.08904577124777945
1,0,0.08834053840915061
1,0,0.09341741349109695
1,0,0.09123071395791484
1,0,0.08791689057219809
1,0,0.08748099946011968
1,0,0.08761831992151797
1,0,0.0864044231281946
1,0,0.08227022539044168
1,0,0.08154526830344724
1,0,0.08453187298396213
1,0,0.08566065392623042
1,0,0.08599124407194246
1,0,0.08536052993743386
1,0,0.08902815326325239
1,0,0.09238627027821275
1,0,0.09512235094759867
1,0,0.09538087698863197
1,0,0.09114981007816167
1,0,0.09530122862107036
1,0,0.10463026613237081
1,0,0.10171441707668537
1,0,0.09448740180786205
1,0,0.08914036267956456
1,0,0.0867919985138901
1,0,0.08700324437204489
1,0,0.08583183841247212
1,0,0.08899045715030471
1,0,0.09801295925198561
1,0,0.10080521842626478
1,0,0.09263970462244424
1,0,0.0889671134699583
1,0,0.089419835159193
1,0,0.0904050427851288
1,0,0.09290753867773938
1,0,0.094309251761908
1,0,0.09066539851506576
1,0,0.08869659690850737
1,0,0.08904126372604802
1,0,0.08627188026857213
1,0,0.08873250301521841
1,0,0.08941309673625425
1,0,0.08815978611437945
0,0,0.1627745370019133
0,0,0.17610310190634967
0,0,0.07253502465685173
0,0,0.07253502465685173
0,0,0.07253502465685173
0,0,0.07253502465685173
0,0,0.07253502465685173
0,0,0.07253502465685173
0,0,0.07253502465685173
0,0,0.07253502465685173
0,0,0.07253502465685173
0,0,0.07253502465685173
0,0,0.07253502465685173
0,0,0.07253502465685173
0,0,0.07253502465685173
0,0,0.07253502465685173
0,0,0.07253502465685173
0,0,0.07253502465685173
0,0,0.07253502465685173
0,0,0.07253502465685173
0,0,0.07253502465685173
0,0,0.07253502465685173
0,0,0.07253502465685173
0,0,0.07253502465685173
0,0,0.07253502465685173
0,0,0.07253502465685173
0,0,0.07253502465685173
0,0,0.07253502465685173
0,0,0.07253502465685173
0,0,0.07253502465685173
0,0,0.07253502465685173
0,0,0.07253502465685173
0,0,0.07253502465685173
0,0,0.07253502465685173
0,0,0.07253502465685173
0,0,0.07253502465685173
0,0,0.07253502465685173
0,0,0.07253502465685173
0,0,0.07253502465685173
0,0,0.127526789776004
0,0,0.07253502465685173
0,0,0.07253502465685173
0,0,0.07253502465685173
0,0,0.07253502465685173
0,0,0.07253502465685173
0,0,0.07253502465685173
0,0,0.07253502465685173
0,0,0.07253502465685173
0,0,0.07253502465685173
0,0,0.07253502465685173
0,0,0.07253502465685173
0,0,0.07253502465685173
0,0,0.07253502465685173
0,0,0.07253502465685173
0,0,0.07253502465685173
0,0,0.07253502465685173
0,0,0.07253502465685173
0,0,0.07253502465685173
0,0,0.07253502465685173
0,0,0.07253502465685173
0,0,0.07253502465685173
0,0,0.12792038074290707
0,0,0.15294688796577285
0,0,0.15349989747001458
0,0,0.15745056036647348
0,0,0.15927820418791014
0,0,0.15451038979133203
0,0,0.15321938216698555
1,0,0.12411531522255756
1,0,0.1713591625029764
1,0,0.1631744318190282
1,0,0.17055170656166138
1,0,0.17294323798471456
1,0,0.17032836359537487
1,0,0.16748377948212093
1,0,0.16867850850826402
1,0,0.17041912553646912
1,0,0.1702933557078577
1,0,0.17175309781967812
1,0,0.17384779746600043
1,0,0.17580519858051374
1,0,0.07253502465685173
1,0,0.07253502465685173
1,0,0.16316884233039602
1,0,0.08090577408280626
1,0,0.08085625347542354
1,0,0.17099212641552589
1,0,0.16552812542162917
1,0,0.1568417569289493
1,0,0.1642277876858042
1,0,0.1658536120197834
1,0,0.1633865243942456
1,0,0.16406801918772992
1,0,0.15938239541594287
1,0,0.15158144156398443
1,0,0.14839705431048117
1,0,0.15274881217049932
1,0,0.14707287177429937
1,0,0.10534592417819516
1,0,0.0951901412950765
1,0,0.09691660124339138
1,0,0.09684771203495911
1,0,0.0940002282205375
1,0,0.09485734126500943
1,0,0.0964680162692663
1,0,0.0948092872550133
1,0,0.09499192200579779
1,0,0.09485070909836263
1,0,0.09368656868941735
1,0,0.09352079734488325
1,0,0.09114314499320815
1,0,0.09168750099859269
1,0,0.09194647121364045
1,0,0.09178671665973856
0,0,0.07253502465685173
0,0,0.07253502465685173
0,0,0.07253502465685173
0,0,0.07253502465685173
0,0,0.07253502465685173
0,0,0.07253502465685173
0,0,0.07253502465685173
0,0,0.07253502465685173
0,0,0.07253502465685173
0,0,0.07253502465685173
0,0,0.07253502465685173
0,0,0.07253502465685173
0,0,0.07253502465685173
0,0,0.07253502465685173
0,0,0.07253502465685173
0,0,0.07253502465685173
0,0,0.07253502465685173
0,0,0.07253502465685173
0,0,0.07253502465685173
0,0,0.07253502465685173
0,0,0.07253502465685173
0,0,0.07253502465685173
0,0,0.07253502465685173
1,0,0.07253502465685173
1,0,0.07253502465685173
1,0,0.07253502465685173
1,0,0.07253502465685173
1,0,0.07253502465685173
1,0,0.07253502465685173
1,0,0.07253502465685173
1,0,0.07253502465685173
1,0,0.07253502465685173
1,0,0.07253502465685173
1,0,0.07253502465685173
1,0,0.07253502465685173
1,0,0.07253502465685173
1,0,0.07253502465685173
1,0,0.07253502465685173
1,0,0.07253502465685173
1,0,0.07253502465685173
1,0,0.07253502465685173
1,0,0.07253502465685173
1,0,0.07253502465685173
1,0,0.07253502465685173
1,0,0.07253502465685173
1,0,0.07253502465685173
1,0,0.07253502465685173
1,0,0.07253502465685173
1,0,0.07253502465685173
1,0,0.07253502465685173
1,0,0.07253502465685173
1,0,0.07253502465685173
1,0,0.07253502465685173
1,0,0.07253502465685173
1,0,0.07253502465685173
1,0,0.07253502465685173
1,0,0.07253502465685173
1,0,0.07253502465685173
1,0,0.07253502465685173
1,0,0.07253502465685173
1,0,0.07253502465685173
1,0,0.07253502465685173
1,0,0.07253502465685173
1,0,0.07253502465685173
1,0,0.07253502465685173
1,0,0.07253502465685173
1,0,0.07253502465685173
1,0,0.07253502465685173
1,0,0.07253502465685173
1,0,0.07253502465685173
1,0,0.07253502465685173
1,0,0.07253502465685173
1,0,0.07253502465685173
1,0,0.07253502465685173
1,0,0.07253502465685173
1,0,0.07253502465685173
1,0,0.07253502465685173
1,0,0.07253502465685173
1,0,0.07253502465685173
1,0,0.07253502465685173
1,0,0.07253502465685173
1,0,0.07253502465685173
1,0,0.07253502465685173
1,0,0.07253502465685173
1,0,0.07253502465685173
1,0,0.07253502465685173
1,0,0.07253502465685173
1,0,0.07253502465685173
1,0,0.07253502465685173
1,0,0.07253502465685173
1,0,0.07253502465685173
1,0,0.07253502465685173
1,0,0.07253502465685173
1,0,0.07253502465685173
1,0,0.07253502465685173
1,0,0.07253502465685173
1,0,0.07253502465685173
1,0,0.07253502465685173
1,0,0.07253502465685173
1,0,0.07253502465685173
1,0,0.07253502465685173
1,0,0.07253502465685173
1,0,0.07253502465685173
1,0,0.07253502465685173
1,0,0.07253502465685173
1,0,0.07253502465685173
1,0,0.07253502465685173
1,0,0.07253502465685173
1,0,0.07253502465685173
1,0,0.07253502465685173
1,0,0.07253502465685173
1,0,0.07253502465685173
1,0,0.07253502465685173
1,0,0.07253502465685173
1,0,0.07253502465685173
1,0,0.07253502465685173
1,0,0.07253502465685173
1,0,0.07253502465685173
1,0,0.07253502465685173
1,0,0.07253502465685173
1,0,0.07253502465685173
1,0,0.07253502465685173
1,0,0.07253502465685173
1,0,0.07253502465685173
1,0,0.07253502465685173
1,0,0.07253502465685173
1,0,0.07253502465685173
1,0,0.07253502465685173
1,0,0.07253502465685173
1,0,0.07253502465685173
1,0,0.07253502465685173
1,0,0.07253502465685173
1,0,0.07253502465685173
1,0,0.07253502465685173
1,0,0.07253502465685173
1,0,0.07253502465685173
1,0,0.07253502465685173
1,0,0.07253502465685173
1,0,0.07253502465685173
1,0,0.07253502465685173
1,0,0.07253502465685173
1,0,0.07253502465685173
1,0,0.07253502465685173
1,0,0.07253502465685173
1,0,0.07253502465685173
1,0,0.07253502465685173
1,0,0.07253502465685173
1,0,0.07253502465685173
1,0,0.07253502465685173
1,0,0.07253502465685173
1,0,0.07253502465685173
1,0,0.07253502465685173
1,0,0.07253502465685173
1,0,0.07253502465685173
1,0,0.07253502465685173
1,0,0.07253502465685173
1,0,0.07253502465685173
1,0,0.07253502465685173
1,0,0.07253502465685173
1,0,0.07253502465685173
1,0,0.07253502465685173
1,0,0.07253502465685173
1,0,0.07253502465685173
1,0,0.07253502465685173
1,0,0.07253502465685173
1,0,0.07253502465685173
1,0,0.07253502465685173
1,0,0.07253502465685173
1,0,0.07253502465685173
1,0,0.07253502465685173
1,0,0.07253502465685173
1,0,0.07253502465685173
1,0,0.07253502465685173
1,0,0.07253502465685173
1,0,0.07253502465685173
1,0,0.07253502465685173
1,0,0.07253502465685173
1,0,0.07253502465685173
1,0,0.07253502465685173
1,0,0.07253502465685173
1,0,0.07253502465685173
1,0,0.07253502465685173
1,0,0.07253502465685173
1,0,0.07253502465685173
1,0,0.07253502465685173
1,0,0.07253502465685173
0,0,0.07253502465685173
0,0,0.07253502465685173
0,0,0.07253502465685173
0,0,0.07253502465685173
0,0,0.07253502465685173
0,0,0.07253502465685173
0,0,0.07253502465685173
0,0,0.07253502465685173
0,0,0.07253502465685173
0,0,0.07253502465685173
0,0,0.07253502465685173
0,0,0.07253502465685173
0,0,0.07253502465685173
0,0,0.07253502465685173
0,0,0.07253502465685173
0,0,0.07253502465685173
0,0,0.07253502465685173
0,0,0.07253502465685173
0,0,0.07253502465685173
0,0,0.07253502465685173
0,0,0.07253502465685173
0,0,0.07253502465685173
0,0,0.07253502465685173
0,0,0.07253502465685173
0,0,0.07253502465685173
0,0,0.07253502465685173
0,0,0.07253502465685173
0,0,0.07253502465685173
0,0,0.07253502465685173
0,0,0.07253502465685173
0,0,0.07253502465685173
0,0,0.07253502465685173
0,0,0.07253502465685173
0,0,0.07253502465685173
0,0,0.07253502465685173
0,0,0.07253502465685173
0,0,0.07253502465685173
0,0,0.07253502465685173
0,0,0.07253502465685173
0,0,0.07253502465685173
0,0,0.07253502465685173
0,0,0.07253502465685173
0,0,0.07253502465685173
0,0,0.07253502465685173
0,0,0.07253502465685173
0,0,0.07253502465685173
0,0,0.07253502465685173
0,0,0.07253502465685173
0,0,0.07253502465685173
0,0,0.07253502465685173
0,0,0.07253502465685173
0,0,0.07253502465685173
0,0,0.07253502465685173
0,0,0.07253502465685173
0,0,0.07253502465685173
0,0,0.07253502465685173
0,0,0.07253502465685173
0,0,0.07253502465685173
0,0,0.07253502465685173
0,0,0.07253502465685173
0,0,0.07253502465685173
0,0,0.07253502465685173
0,0,0.07253502465685173
0,0,0.07253502465685173
0,0,0.07253502465685173
0,0,0.07253502465685173
0,0,0.07253502465685173
0,0,0.07253502465685173
0,0,0.07253502465685173
0,0,0.07253502465685173
0,0,0.07253502465685173
0,0,0.07253502465685173
0,0,0.07253502465685173
0,0,0.07253502465685173
0,0,0.07253502465685173
0,0,0.07253502465685173
0,0,0.07253502465685173
0,0,0.07253502465685173
0,0,0.07253502465685173
0,0,0.07253502465685173
0,0,0.07253502465685173
0,0,0.07253502465685173
0,0,0.07253502465685173
0,0,0.07253502465685173
0,0,0.07253502465685173
0,0,0.07253502465685173
0,0,0.07253502465685173
0,0,0.07253502465685173
0,0,0.07253502465685173
0,0,0.07253502465685173
0,0,0.07253502465685173
0,0,0.07253502465685173
0,0,0.07253502465685173
0,0,0.07253502465685173
0,0,0.07253502465685173
0,0,0.07253502465685173
0,0,0.07253502465685173
0,0,0.07253502465685173
0,0,0.07253502465685173
0,0,0.07253502465685173
0,0,0.07253502465685173
0,0,0.07253502465685173
0,0,0.07253502465685173
0,0,0.07253502465685173
0,0,0.07253502465685173
1,0,0.07253502465685173
1,0,0.07253502465685173
1,0,0.07253502465685173
1,0,0.07253502465685173
1,0,0.07253502465685173
1,0,0.07253502465685173
1,0,0.07253502465685173
1,0,0.07253502465685173
1,0,0.07253502465685173
1,0,0.07253502465685173
1,0,0.07253502465685173
1,0,0.07253502465685173
1,0,0.07253502465685173
1,0,0.07253502465685173
1,0,0.07253502465685173
1,0,0.07253502465685173
1,0,0.07253502465685173
1,0,0.07253502465685173
1,0,0.07253502465685173
1,0,0.07253502465685173
1,0,0.07253502465685173
1,0,0.07253502465685173
1,0,0.07253502465685173
1,0,0.07253502465685173
1,0,0.07253502465685173
1,0,0.07253502465685173
1,0,0.07253502465685173
1,0,0.07253502465685173
1,0,0.07253502465685173
1,0,0.07253502465685173
1,0,0.07253502465685173
1,0,0.07253502465685173
1,0,0.07253502465685173
1,0,0.07253502465685173
1,0,0.07253502465685173
1,0,0.07253502465685173
1,0,0.07253502465685173
1,0,0.07253502465685173
1,0,0.07253502465685173
1,0,0.07253502465685173
1,0,0.07253502465685173
1,0,0.07253502465685173
1,0,0.07253502465685173
1,0,0.07253502465685173
1,0,0.07253502465685173
1,0,0.07253502465685173
1,0,0.07253502465685173
1,0,0.07253502465685173
1,0,0.07253502465685173
1,0,0.07253502465685173
1,0,0.07253502465685173
1,0,0.07253502465685173
1,0,0.07253502465685173
1,0,0.07253502465685173
1,0,0.07253502465685173
1,0,0.07253502465685173
1,0,0.07253502465685173
1,0,0.07253502465685173
1,0,0.07253502465685173
1,0,0.07253502465685173
1,0,0.07253502465685173
1,0,0.07253502465685173
1,0,0.07253502465685173
1,0,0.07253502465685173
1,0,0.07253502465685173
1,0,0.07253502465685173
1,0,0.07253502465685173
1,0,0.07253502465685173
1,0,0.07253502465685173
1,0,0.07253502465685173
1,0,0.07253502465685173
1,0,0.07253502465685173
1,0,0.07253502465685173
1,0,0.07253502465685173
1,0,0.07253502465685173
1,0,0.07253502465685173
1,0,0.07253502465685173
1,0,0.07253502465685173
1,0,0.07253502465685173
1,0,0.07253502465685173
1,0,0.07253502465685173
1,0,0.07253502465685173
1,0,0.07253502465685173
1,0,0.07253502465685173
1,0,0.07253502465685173
1,0,0.07253502465685173
1,0,0.07253502465685173
1,0,0.07253502465685173
1,0,0.07253502465685173
1,0,0.07253502465685173
1,0,0.07253502465685173
1,0,0.07253502465685173
1,0,0.07253502465685173
1,0,0.07253502465685173
1,0,0.07253502465685173
1,0,0.07253502465685173
1,0,0.07253502465685173
1,0,0.07253502465685173
1,0,0.07253502465685173
1,0,0.07253502465685173
1,0,0.07253502465685173
1,0,0.07253502465685173
1,0,0.07253502465685173
1,0,0.07253502465685173
1,0,0.07253502465685173
1,0,0.07253502465685173
1,0,0.07253502465685173
1,0,0.07253502465685173
1,0,0.07253502465685173
1,0,0.07253502465685173
1,0,0.07253502465685173
1,0,0.07253502465685173
1,0,0.07253502465685173
1,0,0.07253502465685173
1,0,0.07253502465685173
1,0,0.07253502465685173
1,0,0.07253502465685173
1,0,0.07253502465685173
1,0,0.07253502465685173
1,0,0.07253502465685173
1,0,0.07253502465685173
1,0,0.07253502465685173
1,0,0.07253502465685173
1,0,0.07253502465685173
1,0,0.07253502465685173
1,0,0.07253502465685173
1,0,0.07253502465685173
1,0,0.07253502465685173
1,0,0.07253502465685173
1,0,0.07253502465685173
1,0,0.07253502465685173
1,0,0.07253502465685173
1,0,0.07253502465685173
1,0,0.07253502465685173
1,0,0.07253502465685173
1,0,0.07253502465685173
1,0,0.07253502465685173
0,0,0.16053629991838025
0,0,0.15918348769444052
0,0,0.15118547167547824
0,0,0.13264035064472424
0,0,0.08373981267714044
0,0,0.09684899512991271
0,0,0.16296754561435592
0,0,0.15395613649766232
0,0,0.1603953282192958
0,0,0.17667011391222795
0,0,0.19281425923216636
0,0,0.19256628358086375
0,0,0.13860565274662365
0,0,0.13945584929174965
0,0,0.17967201065614488
0,0,0.15103764439905684
0,0,0.11025052215639004
0,0,0.08633722205635357
0,0,0.1180859144218807
0,0,0.16012646022491162
0,0,0.15250537106303752
0,0,0.14329398989674555
0,0,0.12839614273355784
0,0,0.14050717679986455
0,0,0.16375469655839514
0,0,0.18325974550130558
0,0,0.18735442363816174
0,0,0.1873629604324776
0,0,0.19837816595270796
0,0,0.19546502303058466
0,0,0.18294513092913825
0,0,0.18267063245863874
0,0,0.18647366532416923
0,0,0.18482019231620234
0,0,0.18476870847679056
0,0,0.18600805039808607
0,0,0.1859488700968021
0,0,0.18662272053980417
0,0,0.18418862810156567
0,0,0.17891827697567275
0,0,0.182046425934993
0,0,0.1793195445852791
0,0,0.1843705251251659
0,0,0.19512869472321603
0,0,0.20117823682757358
0,0,0.2003382110774845
0,0,0.1983973153013866
0,0,0.19085698756861652
0,0,0.18252269449648412
0,0,0.18088455967288428
0,0,0.18709750311511752
0,0,0.18137188489323408
0,0,0.1782812243090423
0,0,0.17797924297175272
0,0,0.17623106992174398
0,0,0.1843565046835208
0,0,0.17708463409066916
0,0,0.16036413399816463
0,0,0.15988467060700343
0,0,0.16716201260297625
0,0,0.17312971646348888
0,0,0.1745502283017076
0,0,0.17997674323530358
0,0,0.17123034839911822
0,0,0.16999163890087793
0,0,0.1724899449397184
0,0,0.17805527799301163
0,0,0.18515710644395336
0,0,0.1814447876987749
0,0,0.1776365507146093
0,0,0.17964137437023392
0,0,0.18113544149745409
0,0,0.17877765587437186
0,0,0.184508294304715
0,0,0.18698342996831271
0,0,0.1815422071769023
0,0,0.19156318436141778
0,0,0.18373247598863854
0,0,0.17039346194647437
0,0,0.17418549240523795
0,0,0.18321086161335645
0,0,0.18691265728888182
0,0,0.18245261392230835
0,0,0.18838709459124403
0,0,0.18455391907685403
0,0,0.18419423504104507
0,0,0.18170596151731488
0,0,0.17648350270528892
0,0,0.1756204623876496
0,0,0.16997741212034875
0,0,0.16637307018193334
0,0,0.16179677175623833
0,0,0.15676099802639148
0,0,0.17273973169645937
1,0,0.07254669225928571
1,0,0.07256155343929667
1,0,0.07255212184918464
1,0,0.07254254868997702
1,0,0.07254540301509124
1,0,0.07254874502342894
1,0,0.07254033356683907
1,0,0.07253829009966245
1,0,0.07254117309948244
1,0,0.0725423837530247
1,0,0.07256011719137272
1,0,0.0725912571738931
1,0,0.07260378983553699
1,0,0.07259672582073368
1,0,0.07254952990069864
1,0,0.07254064417490594
1,0,0.0725358396955686
1,0,0.07253602955853242
1,0,0.07253560183870719
1,0,0.07253555923180469
1,0,0.07253526515164808
1,0,0.07253531329396011
1,0,0.07253703300444297
1,0,0.07255528885023083
1,0,0.07255172254788718
1,0,0.07255251920952667
1,0,0.07255540839103133
1,0,0.07255295098281356
1,0,0.07254533627891697
1,0,0.0725402171799081
1,0,0.07254011622144163
1,0,0.0725406870484156
1,0,0.07253909759906597
1,0,0.07253531595954756
1,0,0.07253566366307773
1,0,0.07254741929241765
1,0,0.0725479228651988
1,0,0.0725466390025918
1,0,0.07254039589521319
1,0,0.07253862196046865
1,0,0.07253837253557842
1,0,0.07253682394659929
1,0,0.07253796716478346
1,0,0.07254243615422519
1,0,0.0725430465336105
1,0,0.07254042647868716
1,0,0.07496032639213361
1,0,0.07506726327944306
1,0,0.07884571455274313
1,0,0.0745762324080169
1,0,0.07446694501348977
1,0,0.07781646977668032
1,0,0.07268858508309141
1,0,0.072555953963979
1,0,0.0774245285972286
1,0,0.07792977301313492
1,0,0.07868045379022191
1,0,0.08256532167797553
1,0,0.07992413127425416
1,0,0.07803378458184787
1,0,0.07743593146857596
1,0,0.07610188322060592
1,0,0.07684112700479695
1,0,0.0788663750714437
1,0,0.07996685721796938
1,0,0.08263424213816496
1,0,0.07263685097793017
1,0,0.07253506314491076
1,0,0.07253502465685173
1,0,0.07440834046742908
1,0,0.07477663691160409
1,0,0.07284529227123526
1,0,0.0733591203353809
1,0,0.0725373854066789
1,0,0.07253784454694207
1,0,0.07795384395609001
1,0,0.07938333240894738
1,0,0.07468574292264274
1,0,0.07411700321413098
1,0,0.07253508081321902
1,0,0.07253509617784869
1,0,0.07562262018753903
1,0,0.07331714649221711
1,0,0.07266330101289607
1,0,0.07288171442074086
1,0,0.07253546381330053
1,0,0.07253502465685173
1,0,0.07253502465685173
1,0,0.07253502465685173
1,0,0.07253502465685173
1,0,0.07253502467117262
1,0,0.07253502465730827
1,0,0.07253502465685173
1,0,0.07253502465685173
1,0,0.07253502465685173
1,0,0.07253502465685173
1,0,0.0725365472507112
1,0,0.07253659451856005
1,0,0.07653614834190005
1,0,0.07620500019236354
1,0,0.07253502465685173
1,0,0.07253502465685173
1,0,0.07611415078341141
1,0,0.07483735769490832
1,0,0.07351228616687139
1,0,0.07253502465685173
1,0,0.07253502465685173
1,0,0.07253502465685173
1,0,0.07253502465685173
1,0,0.07253502465685173
1,0,0.07253502465685173
1,0,0.07253502465685173
1,0,0.07253502466495793
1,0,0.0725350255555982
1,0,0.07253574007018732
0,0,0.19118911548811102
0,0,0.1907305765434495
0,0,0.1841247439464509
0,0,0.18671066086729504
0,0,0.18243259937288514
0,0,0.1788295722896925
0,0,0.19200895224172385
0,0,0.19473546528132632
0,0,0.18030695723523615
0,0,0.1781566478629393
0,0,0.17657795310896432
0,0,0.17715884973488716
0,0,0.18435900138273656
0,0,0.1870829090437141
0,0,0.1934000712929233
0,0,0.18817420160084664
0,0,0.18251590353369926
0,0,0.18122704005081186
0,0,0.17533307290656494
0,0,0.1801726553191373
0,0,0.1901496532525648
0,0,0.1885776963809344
0,0,0.18550083186483315
0,0,0.1811241899737459
0,0,0.1791595644815082
0,0,0.17965635194396637
0,0,0.18017304321826744
0,0,0.1766358401767138
0,0,0.17259079442147113
0,0,0.17423915156530878
0,0,0.17449652032329943
0,0,0.17360409179822955
0,0,0.17188565539150807
0,0,0.17512705905380083
0,0,0.18090935112326342
0,0,0.1769573822057791
0,0,0.17495020769507305
0,0,0.17351546411446056
0,0,0.17223918625281606
0,0,0.1795393978009232
0,0,0.1739593882736487
0,0,0.16165905795727098
0,0,0.1665512184662334
0,0,0.179360131145179
0,0,0.17315711422201788
0,0,0.1571690108931498
0,0,0.17666535345136322
0,0,0.17528205144750114
0,0,0.16855365016399101
0,0,0.16872692938774247
0,0,0.1634348121655241
0,0,0.16294573775449828
0,0,0.15097554022389867
0,0,0.13958541953741335
0,0,0.1167128281786121
0,0,0.11390618742846516
0,0,0.13401497027328516
0,0,0.13857984346130983
0,0,0.1341357302346705
1,0,0.07256777639384873
1,0,0.07453886678492262
1,0,0.08064269441360908
1,0,0.07980797123215469
1,0,0.0769093705927556
1,0,0.07738370329228243
1,0,0.07754852719260939
1,0,0.07489842370136497
1,0,0.07459932546549737
1,0,0.07390284587121225
1,0,0.07510138102305496
1,0,0.07646944590863507
1,0,0.07548675766925317
1,0,0.07679848425038406
1,0,0.07861147234667805
1,0,0.0804160690153191
1,0,0.0803316152306589
1,0,0.07953219826675757
1,0,0.0794890077747538
1,0,0.07859105831229876
1,0,0.07304590687159292
1,0,0.07262863659906335
1,0,0.0753620833996271
1,0,0.07254147295114297
1,0,0.07255135729065992
1,0,0.07255132162127358
1,0,0.0725880414435628
1,0,0.07256588730155103
1,0,0.07254335353014997
1,0,0.07257126754436777
1,0,0.07253637548644501
1,0,0.07253502675587255
1,0,0.07253502517723642
1,0,0.07253502471999945
1,0,0.07253502560913482
1,0,0.07253502656731488
1,0,0.072535025052719
1,0,0.07253502468722826
1,0,0.07253502469088424
1,0,0.07253502468162562
1,0,0.07253502467955596
1,0,0.07253502468002324
1,0,0.07253502467150193
1,0,0.0725350246740843
1,0,0.0725350246887284
1,0,0.07253502471634403
0,0,0.1434846666179903
0,0,0.14444723668913878
0,0,0.1376039203420399
0,0,0.13424742009743681
0,0,0.13204122830269463
0,0,0.1338420764159336
0,0,0.13145548037977156
0,0,0.13116286107385486
0,0,0.1363640307129427
0,0,0.13406555122276362
0,0,0.13563808830763938
0,0,0.13642261093754895
0,0,0.13550082201559366
0,0,0.1369450643506644
0,0,0.14902621928963322
0,0,0.16346643869357783
0,0,0.16024338137938224
0,0,0.14687974347296548
0,0,0.14409836491622247
0,0,0.1507717227037018
0,0,0.14566935682071794
0,0,0.1464518926832564
0,0,0.14778218994032166
0,0,0.14036093622028967
0,0,0.14032724243250602
0,0,0.14130076943843164
0,0,0.13999035071186866
0,0,0.14591778010823842
0,0,0.14007466612197444
0,0,0.13539707495489386
0,0,0.13751965945025538
0,0,0.13495390633935364
0,0,0.12952764226425614
0,0,0.1247605459609139
0,0,0.12942799146787812
0,0,0.13606613191237346
0,0,0.14184094865502825
0,0,0.14292079188988996
0,0,0.14252525870426982
0,0,0.1415717668594234
0,0,0.13777350748856346
0,0,0.13994324421335086
0,0,0.15072407401718535
0,0,0.1544571417707701
0,0,0.14906380281423456
0,0,0.13990066107005408
0,0,0.134339294582917
0,0,0.1342627756158496
0,0,0.1310042302909188
0,0,0.13083956562533314
0,0,0.1392709532927447
0,0,0.1427297265167889
0,0,0.13772117254282593
0,0,0.13977171642402628
0,0,0.14341408373644082
0,0,0.14812156833852314
0,0,0.16550833267521212
0,0,0.18578951204130423
0,0,0.17048584091472327
0,0,0.14324357340372987
0,0,0.12930970538003533
0,0,0.11719340346189494
0,0,0.11203325453042043
0,0,0.11604057433999208
0,0,0.0926121383731685
0,0,0.07387614686270307
0,0,0.07383831256472119
0,0,0.07523087944679648
0,0,0.12867537939985346
0,0,0.1298550435698397
0,0,0.12252329617368422
0,0,0.10722986727927351
0,0,0.11273508751597626
0,0,0.1172237298312709
0,0,0.12332146141917816
0,0,0.12172766755188263
0,0,0.1033048014679824
0,0,0.10776164677758061
0,0,0.11871889443385429
0,0,0.08942934516985565
0,0,0.09010374492175859
0,0,0.09640753614760669
0,0,0.07933654626702419
0,0,0.07403137325600016
0,0,0.07253525817433662
0,0,0.0725474331924035
0,0,0.08541989966312545
0,0,0.10018120163190812
0,0,0.11318533431165484
0,0,0.1031639807642728
0,0,0.10184334462179943
0,0,0.09821489648976031
0,0,0.09351482694366337
0,0,0.0893218200041724
0,0,0.07728438734858245
0,0,0.07470191386505473
0,0,0.08041996976606898
0,0,0.08780723754280885
0,0,0.08392381019683777
0,0,0.08380458497736035
0,0,0.09212199711508537
0,0,0.09367645984180444
0,0,0.11815840904735693
0,0,0.1232995447025374
0,0,0.12072438649054017
0,0,0.14261593423943913
0,0,0.1391209345554359
0,0,0.13354758402367908
0,0,0.13533475954309396
0,0,0.13471568381246235
0,0,0.1368164424696357
0,0,0.15111620415875648
0,0,0.1528633098137532
0,0,0.14044319475962141
0,0,0.15695116485358035
0,0,0.18741448363727573
0,0,0.17564234118747296
0,0,0.1615395399629896
0,0,0.13925423260885814
0,0,0.14082286540361844
0,0,0.1668275983851689
0,0,0.17652545518856755
0,0,0.17360889886272782
0,0,0.1668845843503558
0,0,0.14872328076279934
0,0,0.15351362214736566
0,0,0.16814530289111324
0,0,0.1694599933584345
0,0,0.16642634902187303
0,0,0.17822161974570155
0,0,0.18081820770586748
0,0,0.17110093427604656
0,0,0.1629675997309958
0,0,0.17189534871087567
0,0,0.17719858196551025
0,0,0.18168186640901376
0,0,0.16662704648791166
0,0,0.1626145207016335
0,0,0.17303740825598546
0,0,0.19095813955495783
0,0,0.1858893285830655
0,0,0.15878207406208375
0,0,0.15539442903059283
0,0,0.18596643777006355
0,0,0.19465618421089337
0,0,0.18211695553776877
0,0,0.18957313086971456
0,0,0.1863127365155352
0,0,0.14844862558861865
0,0,0.17073243981500832
0,0,0.18069362273219491
0,0,0.15132485792953923
0,0,0.16588070536134916
0,0,0.17383066944508613
0,0,0.16177208189422315
0,0,0.17057936367282495
0,0,0.17490554008636935
0,0,0.1615088322526394
0,0,0.1707138664894242
0,0,0.18552978071787496
0,0,0.16744415502255278
0,0,0.16211468587559502
0,0,0.17828435395461686
0,0,0.17420002040264118
0,0,0.17153564666178775
0,0,0.1711123178595865
0,0,0.16215124666701716
0,0,0.16717550245126417
0,0,0.15968844029319318
0,0,0.172829697722132
0,0,0.17640367838413615
0,0,0.16248610698120783
0,0,0.19049416953319487
0,0,0.18267869427553624
0,0,0.1830900860304799
0,0,0.1832119170720492
0,0,0.17739291599628323
0,0,0.16507287177041505
0,0,0.1727728218505336
0,0,0.19021390924513032
0,0,0.18565110062137283
0,0,0.1733983017404756
0,0,0.17580001720704466
0,0,0.17881400823808422
0,0,0.17019618653057755
0,0,0.1783595219183522
0,0,0.17404689326426942
0,0,0.15989704037801106
0,0,0.1696798289819468
0,0,0.17536908712914615
0,0,0.16312817899098958
0,0,0.16761514880892744
0,0,0.18446306281251085
0,0,0.18102959509631594
0,0,0.15826453206214874
0,0,0.1707654073483172
0,0,0.1827332009091416
0,0,0.17346858230527357
0,0,0.15759811404708088
0,0,0.17217531741967185
0,0,0.19882604641842808
0,0,0.19086402909160807
0,0,0.1680045686833173
0,0,0.18971413543805654
0,0,0.18475448333008282
0,0,0.18339704784983918
0,0,0.18744093658208996
0,0,0.16148747579377368
1,0,0.0818852255266072
1,0,0.08503815714284137
1,0,0.08608855324779262
1,0,0.08046639598252378
1,0,0.07693468567389393
1,0,0.08141898809701782
1,0,0.07857204241710332
1,0,0.07798447717020623
1,0,0.08172230012172274
1,0,0.0810248176565374
1,0,0.08133150604383026
1,0,0.08105164581452937
1,0,0.08221183201917184
1,0,0.08065126473614065
1,0,0.08462939631647598
1,0,0.08356400618955806
1,0,0.07653065572174933
1,0,0.07853818523666589
1,0,0.08394244561012369
1,0,0.08202439754953131
1,0,0.0800278689708789
1,0,0.07949632206394089
1,0,0.08001790434352027
1,0,0.07555303890901359
1,0,0.07994499455300086
1,0,0.08249129030542854
1,0,0.07918824130106551
1,0,0.07526802395010704
1,0,0.07520471084714916
1,0,0.07303508706955956
1,0,0.07260166196868063
1,0,0.07288362114247855
1,0,0.07406280191508458
1,0,0.07419651311804085
1,0,0.07397957301282088
1,0,0.0756858002271256
1,0,0.07542775352151009
1,0,0.07371381986894476
1,0,0.07466390440545627
1,0,0.08040725322776167
1,0,0.07925668789628074
1,0,0.0781621579665444
1,0,0.08076849908395821
1,0,0.0790393790418823
1,0,0.07879296678804182
1,0,0.07954526057508929
1,0,0.1337717066358875
1,0,0.13259590531139015
1,0,0.11627184116840455
1,0,0.08560183725388573
1,0,0.0771319033631715
1,0,0.0839493604046418
1,0,0.08107327262524269
1,0,0.0804349321350521
1,0,0.07999415530931883
1,0,0.08039219090904644
1,0,0.07747038194113917
1,0,0.08151259631196084
1,0,0.0884852366599446
1,0,0.08526227421430402
1,0,0.07464415847099219
1,0,0.07519390402943993
1,0,0.08121498123911984
1,0,0.07392290392448475
1,0,0.07546754471927875
1,0,0.07839876556844158
1,0,0.07459192837944234
1,0,0.07558626590795546
1,0,0.07473489980614202
1,0,0.08125698885891537
1,0,0.08010776441951047
1,0,0.07902707876535307
1,0,0.07854341436998319
1,0,0.07706243111824582
1,0,0.07592050897879113
1,0,0.07630799225057093
1,0,0.07508877658831471
1,0,0.07709610045315175
1,0,0.07997724217168667
1,0,0.07961209372713278
1,0,0.07874306702846065
1,0,0.07596249038070872
1,0,0.07619419474445761
1,0,0.0765622201919018
1,0,0.0787144069996463
1,0,0.07667335941441855
1,0,0.07368050051072168
1,0,0.07357850123915897
1,0,0.07553417290562615
1,0,0.07646817748929063
1,0,0.07580052642201063
1,0,0.07575733589511041
1,0,0.0831234820610911
1,0,0.08158995426993812
1,0,0.08310687534769366
1,0,0.09126286379296276
1,0,0.07594500490414324
1,0,0.07450309363586935
1,0,0.07931368182781857
1,0,0.07841712130667156
1,0,0.07632625431165271
1,0,0.07650515742377997
1,0,0.0733925445672403
1,0,0.072982430502218
1,0,0.08532258729626611
1,0,0.09440365526427746
1,0,0.08879938893531321
1,0,0.08018544788125131
1,0,0.07529257329872603
1,0,0.07562108030178046
1,0,0.08317148698158475
1,0,0.0842208764310351
1,0,0.08385941174435611
1,0,0.08626133340043576
1,0,0.08669062260784396
0,0,0.18660430950525625
0,0,0.18752866772442298
0,0,0.19220039792435703
0,0,0.17952782930581404
0,0,0.16710310189165425
0,0,0.16929402128845109
0,0,0.17226686216615844
0,0,0.17030696727184164
0,0,0.17117904147327415
0,0,0.1748014800815586
0,0,0.16752241048344788
0,0,0.16720166131434933
0,0,0.17332859573398623
0,0,0.17320724804690085
0,0,0.17031761120401143
0,0,0.16874687872143826
0,0,0.17096592090220433
0,0,0.17453299221812205
0,0,0.17589966264135326
0,0,0.1743165735615487
0,0,0.18126401139308837
0,0,0.1868803994637899
0,0,0.18319300043314013
0,0,0.1836226551762378
0,0,0.1998253233527237
0,0,0.20069015503854332
0,0,0.17821726229957524
0,0,0.18195949707652023
0,0,0.18116411564113163
0,0,0.176215380045802
0,0,0.1836173829645268
0,0,0.18724463680239284
0,0,0.18624879937190322
0,0,0.18132238417453647
0,0,0.1848749211840983
0,0,0.1858915966385494
0,0,0.18022869627434676
0,0,0.18142149275562777
0,0,0.18391122296100132
0,0,0.18054419367643
0,0,0.17492842343524723
0,0,0.17450303119094968
0,0,0.17241548881861493
0,0,0.17056233125658746
0,0,0.16737267399012878
0,0,0.1703914766060983
0,0,0.16705244878587427
0,0,0.16198551718007878
0,0,0.1652086178775669
0,0,0.16943580931004992
0,0,0.1639826520382758
0,0,0.16598270142067142
0,0,0.17006225273139686
0,0,0.16634933798032853
0,0,0.16593760803164742
0,0,0.16474608203132585
0,0,0.1609301179776998
0,0,0.16585895109782886
0,0,0.16561970269496967
1,0,0.07985217427582297
1,0,0.07253502467763116
1,0,0.07253502468577054
1,0,0.09527984579586811
1,0,0.07677670744122518
1,0,0.07399769455913163
1,0,0.07266865257630928
1,0,0.07280196942700769
1,0,0.08178842551966209
1,0,0.07331364048814605
1,0,0.0729099772994362
1,0,0.07722863902900341
1,0,0.07611379624853062
1,0,0.07282663519757061
1,0,0.07281814283306288
1,0,0.07526239185447256
1,0,0.0763861179039708
1,0,0.07546019389124306
1,0,0.07336844508530807
1,0,0.0736703036115361
1,0,0.07520090584777987
1,0,0.07503088818436483
1,0,0.07475278335938294
1,0,0.07461541525252229
1,0,0.07553880554832237
1,0,0.07906169405505496
1,0,0.08005060570190337
1,0,0.0801015447849309
1,0,0.083152119381607
1,0,0.08832699961012384
1,0,0.08824529871650887
1,0,0.08948275934641094
1,0,0.08566674218640498
1,0,0.08307953068697756
1,0,0.08517499690889786
1,0,0.0845972043125434
1,0,0.0827632172709607
1,0,0.07918599049614977
1,0,0.07993693987081277
1,0,0.07953346762793784
1,0,0.080507756336145
1,0,0.0804655052257033
1,0,0.0743745336761635
1,0,0.07507474141964114
1,0,0.07965570398174211
1,0,0.07893055175867221
1,0,0.12775261203371616
1,0,0.10285271448333749
1,0,0.09005158164080196
1,0,0.0897821927202328
1,0,0.08122462446932407
1,0,0.07808048478767209
1,0,0.07626685941807909
1,0,0.0781397646125734
1,0,0.07541823842613148
1,0,0.07292560360296427
1,0,0.07227300003306038
1,0,0.07213702306859322
1,0,0.07253830918159308
1,0,0.07254184394956699
1,0,0.10838160740397619
1,0,0.07403380285479183
1,0,0.07253502599936835
1,0,0.07255338440048134
1,0,0.09967782382723907
1,0,0.1215079846687868
1,0,0.1642977721627562
1,0,0.17427390443615692
1,0,0.1552635990978121
1,0,0.13719048780831547
1,0,0.13373414801073139
1,0,0.11409709927522854
1,0,0.10381833820602761
1,0,0.10061048797866622
1,0,0.12192878717403605
1,0,0.1316157649950442
1,0,0.13914529592713315
1,0,0.1298746392038999
1,0,0.09554613805780215
1,0,0.0960180849609642
1,0,0.11780235420258449
1,0,0.12288279574251143
1,0,0.07415619590622406
1,0,0.07433304360414326
1,0,0.15372105032763403
1,0,0.15890907667892074
1,0,0.11960217652534905
1,0,0.12330547469586453
1,0,0.12860194855328688
1,0,0.12283044148876274
1,0,0.10300370433787294
1,0,0.09408970526156374
1,0,0.13657036846286838
1,0,0.17226607091366752
1,0,0.17390664417066917
1,0,0.16950536586203704
1,0,0.17286769636877192
1,0,0.15633139690731898
1,0,0.15841507793482454
1,0,0.16080679815857388
1,0,0.1719255364564915
1,0,0.16756304706216807
1,0,0.1583548844500505
1,0,0.1515901042178267
1,0,0.14868886769025821
1,0,0.15249373435170496
1,0,0.1426749144531155
1,0,0.12944758485090294
1,0,0.12460317672388052
1,0,0.12323016639635169
1,0,0.13270763636935715
1,0,0.1314628236075871
1,0,0.11103825009872581
1,0,0.12055026645927414
1,0,0.07983483401019721
1,0,0.08028956702928582
1,0,0.07972456707426205
1,0,0.07586496778148534
1,0,0.08159865143174695
1,0,0.10687969782150303
1,0,0.12884201156090092
1,0,0.12719665035102914
1,0,0.10540681522140247
1,0,0.10802369989212413
1,0,0.13194265614737463
1,0,0.12641300670464142
1,0,0.13271980460073363
1,0,0.12894754752439444
1,0,0.1433871600429012
1,0,0.14516565722903302
1,0,0.13916490587114
1,0,0.1483382465609451
1,0,0.1428929612569849
1,0,0.1308033263040953
1,0,0.13065431399391625
1,0,0.12708089240501483
1,0,0.12855657062113138
1,0,0.13653526765555854
1,0,0.1476154547862931
1,0,0.15003281418142034
1,0,0.1367052917144832
1,0,0.12712997964809175
1,0,0.1169049784962746
1,0,0.11130490108845713
1,0,0.13095998333596198
1,0,0.1334989415069354
1,0,0.14779135540095456
1,0,0.1503499314797032
1,0,0.14300054949145344
1,0,0.13638340075240393
1,0,0.1355781770471585
1,0,0.13815075169237026
1,0,0.12134221711841164
1,0,0.11781138052246408
1,0,0.12339942682962263
1,0,0.12384555475945314
1,0,0.1276086363602439
1,0,0.12477639257692492
1,0,0.12811594627224104
1,0,0.1373661917883118
0,0,0.1567344301246391
0,0,0.15134367075519478
0,0,0.1474906065769888
0,0,0.14365094648209897
0,0,0.1481822424836773
0,0,0.14866759306887622
0,0,0.14373429730292478
0,0,0.14688503352303228
0,0,0.15338087154560434
0,0,0.15693156927040455
0,0,0.15643311267697074
0,0,0.16060717505572983
0,0,0.16171855385714903
0,0,0.1598015589191405
0,0,0.1598793429520009
0,0,0.16545936472912062
0,0,0.16975568068798758
0,0,0.16269317032363487
0,0,0.16549195217198015
0,0,0.16861395888986266
0,0,0.16408155407370237
0,0,0.15867837831023357
0,0,0.15991236117778368
0,0,0.18276689331518903
0,0,0.18903118039228714
0,0,0.1890540376757462
0,0,0.19237309748636397
0,0,0.19595056209254694
0,0,0.19471854069940814
0,0,0.1867611673041233
0,0,0.1831752473219405
0,0,0.1816164932816876
0,0,0.18443975298400186
0,0,0.18045629857462692
0,0,0.17809206930615845
0,0,0.17957316899141582
0,0,0.18054617114942453
0,0,0.17854613652483042
0,0,0.18869125306223336
0,0,0.19172070905551983
0,0,0.19370258796672057
0,0,0.19848219299819375
0,0,0.19777970490423624
0,0,0.1908850499461404
0,0,0.19056653538769913
0,0,0.17881546883884683
0,0,0.17766177650667211
0,0,0.17356444267303475
0,0,0.17415644112780843
0,0,0.17115131333383957
0,0,0.18272030241067788
0,0,0.1894328279602611
0,0,0.1922093432989741
0,0,0.19704995258011074
0,0,0.19029628962190423
0,0,0.17635260970506225
0,0,0.17258576564712938
0,0,0.17737738642949286
0,0,0.170543052535117
0,0,0.1620311996387701
0,0,0.1756629852945923
0,0,0.17788505400538812
0,0,0.16694384985512772
0,0,0.18539935186639728
0,0,0.19485926273000467
0,0,0.18634674991501804
0,0,0.1797494719395118
0,0,0.18042285419412937
0,0,0.1907043186004923
0,0,0.18590651418956833
0,0,0.17590576969641725
0,0,0.17058956018262245
0,0,0.1829017905116755
0,0,0.18625961430249996
0,0,0.17928930645256172
0,0,0.17593002111755882
0,0,0.17718835272182268
0,0,0.1698568553676983
0,0,0.16540013921421037
0,0,0.16699903845680955
0,0,0.17647908690563796
0,0,0.1732863068712174
0,0,0.1659029519908202
0,0,0.16757123554288536
0,0,0.18083488519610932
0,0,0.17674864762007408
0,0,0.17360104031458132
0,0,0.1761492336119155
0,0,0.17963884159095397
0,0,0.18653603796879997
0,0,0.1825262888140794
0,0,0.1791492018265963
0,0,0.18051234442694952
0,0,0.18309507422961993
0,0,0.07331089922654385
0,0,0.07715817334406015
0,0,0.07948363517275918
0,0,0.07445124754607024
0,0,0.0751448721369171
0,0,0.0775138939902276
0,0,0.07731824036036336
0,0,0.07417347488596888
0,0,0.07422263868267201
0,0,0.07509934083155423
0,0,0.07316425970336891
0,0,0.07402366398852936
0,0,0.07367661366974754
0,0,0.07436879536492112
0,0,0.08026988477192444
0,0,0.0800242894354047
0,0,0.07939659018365072
0,0,0.07898765758217867
0,0,0.07945616898473296
0,0,0.07981860928215447
0,0,0.0803731203337395
0,0,0.08128257155839719
0,0,0.0805014676567894
0,0,0.08662749975869842
0,0,0.0795295141124072
0,0,0.08101902888544407
0,0,0.08023237233052732
0,0,0.08331985623439668
0,0,0.08287088915282978
0,0,0.08149818301942137
0,0,0.08211653153064731
0,0,0.08267217518803924
0,0,0.08226689676361548
0,0,0.0806885497447764
0,0,0.08182351482522433
0,0,0.08378241318341448
0,0,0.08176834647890614
0,0,0.08058082915437206
0,0,0.08190038177639171
0,0,0.08076792425637802
0,0,0.08235378713362157
0,0,0.08175834056521944
0,0,0.07912600983616806
0,0,0.07881335408901675
0,0,0.08114328230477513
0,0,0.08082588874882574
1,0,0.07253502465685085
1,0,0.0725350246568132
1,0,0.07253502465670342
1,0,0.07253502465678512
1,0,0.07253502465684951
1,0,0.07253502465684317
1,0,0.0725350246566742
1,0,0.0725350246568514
1,0,0.07253502465684986
1,0,0.07253502465674426
1,0,0.07253502464617803
1,0,0.07253502465033637
1,0,0.07253502465282229
1,0,0.07253502465542498
1,0,0.07253502465588339
1,0,0.07253502465237
1,0,0.07253502465671506
1,0,0.07253502465683939
1,0,0.07253502465316813
1,0,0.07253502465173904
1,0,0.07253502465677177
1,0,0.07253502465671771
1,0,0.072542838859964
0,0,0.08217762904284286
0,0,0.08317645178009833
0,0,0.0787915374922953
0,0,0.07912587088994662
0,0,0.08137809278063701
0,0,0.08135057866694123
0,0,0.08104049889647168
0,0,0.07937695271923491
0,0,0.08006458735308826
0,0,0.08055169512377355
0,0,0.07922269312766679
0,0,0.08004666021356538
0,0,0.08276636559453354
0,0,0.08258216515695019
0,0,0.08165212167061596
0,0,0.07971136483528043
0,0,0.0805878729547904
0,0,0.07901279400925013
0,0,0.07924152631265866
0,0,0.07882852383069927
0,0,0.0850443985831634
0,0,0.09960125235883234
0,0,0.11177177792863441
1,0,0.07965067233405375
1,0,0.08181514166144713
1,0,0.0850380117689177
1,0,0.08350803850383809
1,0,0.08116432708250831
1,0,0.08122071858987916
1,0,0.0829484611741718
1,0,0.08204392752638033
1,0,0.08053756380269543
1,0,0.08187678143446044
1,0,0.08091659532439992
1,0,0.0793674173786107
1,0,0.0823591390150386
1,0,0.08397743534823297
1,0,0.08185642111617492
1,0,0.0853908896437496
1,0,0.08269324998523463
1,0,0.08235426307829789
1,0,0.07987930863985974
1,0,0.07955726835875855
1,0,0.08783668367065678
1,0,0.09967787599527508
1,0,0.12192418792928665
0,0,0.1715202890970006
0,0,0.17050484327343596
0,0,0.17012217404655838
0,0,0.1679252394069829
0,0,0.16791957541425886
0,0,0.17058114645387737
0,0,0.16781461979021467
0,0,0.1680377220465391
0,0,0.1693645983246794
0,0,0.17599262120958176
0,0,0.17842828471740838
0,0,0.16672350770975264
0,0,0.16851725877528195
0,0,0.1676360945589481
0,0,0.16294549543818507
0,0,0.16859748067117344
0,0,0.17878268812599307
0,0,0.1892940037123785
0,0,0.18450486550728462
0,0,0.18208424439378598
0,0,0.1790644045257769
0,0,0.16618016037384117
0,0,0.16579428807743765
0,0,0.17493492477467767
0,0,0.1804733266479042
0,0,0.18414507672270455
0,0,0.18116048261048148
0,0,0.18323670180189183
0,0,0.184235094276326
0,0,0.1775716738317844
0,0,0.1758621932145554
0,0,0.17501613290916324
0,0,0.17357303203206056
0,0,0.1741696839732823
0,0,0.1687883892090456
0,0,0.17114445188070704
0,0,0.17668860218996443
0,0,0.18040418222035132
0,0,0.168453707495987
0,0,0.1634811490072141
0,0,0.15895707624694919
0,0,0.158423606058348
0,0,0.16234677590420282
0,0,0.1644653321310527
0,0,0.1617747003293019
0,0,0.1679418075799429
0,0,0.16594967934079968
0,0,0.16156319704420719
0,0,0.16814418226611916
0,0,0.1730473987690466
0,0,0.16628421167985885
0,0,0.16034369456566033
0,0,0.16436760231073627
0,0,0.16845689898791144
0,0,0.16532924890289846
0,0,0.16054356539179368
0,0,0.16577779056679823
0,0,0.17166872483701623
0,0,0.1646914180303025
0,0,0.08198355917375526
0,0,0.0834261780190189
0,0,0.08252653381981591
0,0,0.08036132380548701
0,0,0.07881640279232638
0,0,0.07851698469445498
0,0,0.08207610278482981
0,0,0.08310109876280317
0,0,0.08167187052577227
0,0,0.07949515249722047
0,0,0.0802080877394751
0,0,0.08107818425182234
0,0,0.08169273057648108
0,0,0.08093782602050945
0,0,0.08004034643903954
0,0,0.07989897671575932
0,0,0.07917788466403286
0,0,0.07980176138690424
0,0,0.07888514344233567
0,0,0.07943677260193158
0,0,0.09096865212055501
0,0,0.10126023736832107
0,0,0.11101836032772111
1,0,0.08032098593649382
1,0,0.08098098142805885
1,0,0.08674524194534255
1,0,0.08181204330479164
1,0,0.0775478213656659
1,0,0.07753965776716693
1,0,0.077766162808013
1,0,0.07739326079351917
1,0,0.07778761110808584
1,0,0.0780822893854609
1,0,0.07756604285702937
1,0,0.07725477864245342
1,0,0.077609473124327
1,0,0.07786837028382664
1,0,0.07783114593953118
1,0,0.07735214289553087
1,0,0.07676321655971467
1,0,0.07705946118924926
1,0,0.07590942645577126
1,0,0.07581239813327849
1,0,0.07645613957302948
1,0,0.07758849079943024
1,0,0.0764141660729344
0,0,0.15911321278864474
0,0,0.15155441267073405
0,0,0.1471538302444441
0,0,0.14687315225542905
0,0,0.14396102318855883
0,0,0.1411965594594241
0,0,0.14139886496302786
0,0,0.14210746306706182
0,0,0.13951030510814844
0,0,0.1412403894486336
0,0,0.14410409896436377
0,0,0.1424732613319152
0,0,0.15245485942040898
0,0,0.17196507525965576
0,0,0.17586192531349204
0,0,0.17712008207556645
0,0,0.17668020377186403
0,0,0.1733052716386137
0,0,0.1704976149854847
0,0,0.17551621258627254
0,0,0.17678785207467246
0,0,0.17539513145484506
0,0,0.16845071717154017
0,0,0.16460057090125915
0,0,0.1694113706948728
0,0,0.1709557467693617
0,0,0.16579657542960272
0,0,0.1669175121281797
0,0,0.16378102648461446
0,0,0.15975380484665458
0,0,0.15918030670849267
0,0,0.15981071292816984
0,0,0.15881684772950733
0,0,0.15832693772732867
0,0,0.1583066763062823
0,0,0.15915072224355237
0,0,0.15887056144589132
0,0,0.1591637967431634
0,0,0.16525769802123988
0,0,0.17378264180674927
0,0,0.17640975201119477
0,0,0.17321761007084868
0,0,0.17224166341300745
0,0,0.16944929135781092
0,0,0.16965188440976237
0,0,0.16960442062808712
0,0,0.17150378397363256
0,0,0.17388294320637052
0,0,0.17911502856102482
0,0,0.1858855023506384
0,0,0.18940849979674745
0,0,0.1895138741603942
0,0,0.19095243539629367
0,0,0.19303878534809893
0,0,0.19481226188537032
0,0,0.19855328440768993
0,0,0.1985158659169854
0,0,0.19401182517501545
0,0,0.19214224160768073
0,0,0.19243867819646873
0,0,0.19698244437261409
0,0,0.19293819231816337
0,0,0.20650304239709696
0,0,0.21418967606013872
0,0,0.2021752130492771
0,0,0.20391068314417332
0,0,0.1975361110292719
0,0,0.18258615002745354
0,0,0.18405878112604254
0,0,0.18615324712565726
0,0,0.1830351495887461
0,0,0.18249610165467137
0,0,0.1901497327589502
0,0,0.19707924072001046
0,0,0.19277106202485272
0,0,0.1882260613713757
0,0,0.1880340459416941
0,0,0.1833784443019008
0,0,0.17948679548734803
0,0,0.17764195804231622
0,0,0.18034594420945388
0,0,0.18207082048444342
0,0,0.17841450403015183
0,0,0.18719788412631502
0,0,0.1849930735710845
0,0,0.17427482160879001
0,0,0.17790572735188326
0,0,0.17721200555978714
0,0,0.17376829541899957
0,0,0.17364809597374187
0,0,0.17249387075345682
0,0,0.1723912664653108
0,0,0.1721094142381937
0,0,0.1743013314957836
0,0,0.1721050586880823
0,0,0.16968030464058542
0,0,0.1655879369754762
0,0,0.16648692452814187
0,0,0.16803118582025922
0,0,0.16699040542100554
0,0,0.16562944141430305
0,0,0.16523419719807556
0,0,0.16072920966568913
0,0,0.159951546124665
0,0,0.16234615507379538
0,0,0.16442074599782988
0,0,0.17228444130477327
0,0,0.1757593398796099
0,0,0.174716464904787
0,0,0.17211385518806738
0,0,0.17075346161231708
0,0,0.17260485302792875
0,0,0.16754428430044227
0,0,0.1643158609860582
0,0,0.1281988744877974
0,0,0.13635154240682096
0,0,0.13609355084738112
0,0,0.13088618094642374
0,0,0.13702434978265515
0,0,0.14539043900054832
0,0,0.14035058791082164
0,0,0.143102363572908
0,0,0.13488069524272783
0,0,0.12255939829260756
0,0,0.12411212804358807
0,0,0.1248986740004245
0,0,0.11743891737624726
0,0,0.11747269511275985
0,0,0.07206931918022852
0,0,0.07062311667972343
0,0,0.08687036607885897
0,0,0.13569056549342146
0,0,0.13595048131490833
0,0,0.13138297856569844
0,0,0.13880758445766536
0,0,0.13948983563258754
0,0,0.12731466277739378
0,0,0.17107456046984065
0,0,0.1720910474070578
0,0,0.16954696770977795
0,0,0.17220201859243303
0,0,0.17317781559647152
0,0,0.1738895613475847
0,0,0.1819989929835699
0,0,0.18005947892364454
0,0,0.17324891946242066
0,0,0.17208486001492584
0,0,0.16812085957846593
0,0,0.16847192156749774
0,0,0.1693552089381459
0,0,0.17043608344378633
0,0,0.17286705314346762
0,0,0.1566567848768789
0,0,0.1614917428398422
0,0,0.16528623786883595
0,0,0.16096494003556583
0,0,0.16386006383804128
0,0,0.0990269818128842
0,0,0.09113304873465637
0,0,0.1563760694601623
0,0,0.16724976897081845
0,0,0.16978856203310944
0,0,0.15876842748634226
0,0,0.148255876693971
0,0,0.14565542156403252
0,0,0.15436741654841563
0,0,0.17549566376258222
0,0,0.18735110600743402
0,0,0.18096086677515133
0,0,0.17755578455302548
0,0,0.1806663301055498
0,0,0.18019096757839678
0,0,0.17135608510093453
0,0,0.15275342108598705
0,0,0.14683885921380296
0,0,0.15155459108936978
0,0,0.14547067950595596
0,0,0.14361850926115827
0,0,0.14767351545120216
0,0,0.15354054588100197
0,0,0.14759102271060567
0,0,0.1515999439504351
0,0,0.16737714590506195
0,0,0.1750022802165094
0,0,0.1743717137584998
0,0,0.1610143000787234
0,0,0.15486412961555876
0,0,0.16185496931806964
0,0,0.1592514522494178
0,0,0.14959235003789534
0,0,0.15257310930387866
0,0,0.17413063477757668
0,0,0.172312742610237
0,0,0.15752124242229182
0,0,0.1536924982575792
0,0,0.16291730957034
0,0,0.15910635789301664
0,0,0.13902056567324017
0,0,0.1377243232162463
0,0,0.1563602807057763
0,0,0.14699546666845872
0,0,0.12351817182135458
0,0,0.11626093702313989
0,0,0.13100091933003205
0,0,0.1296401888538997
0,0,0.09250836116266777
0,0,0.08613401400579788
0,0,0.1091975164921441
1,0,0.07356282630257963
1,0,0.07469019921562811
1,0,0.07492625073208699
1,0,0.07473580667446836
1,0,0.07583775022740946
1,0,0.07329834664555718
1,0,0.0725443962108762
1,0,0.07258044803444244
1,0,0.07574524749526872
1,0,0.07606052116776604
1,0,0.07538856146078042
1,0,0.07672098166686252
1,0,0.07676432462349717
1,0,0.07562698107122644
1,0,0.07438860740242195
1,0,0.07386338309436043
1,0,0.07606271698034497
1,0,0.07755302030179266
1,0,0.07538487735936279
1,0,0.07733445646947211
1,0,0.07886527600646201
1,0,0.07582011364491432
1,0,0.07514133734243518
1,0,0.08076930450820564
1,0,0.0756158761265424
1,0,0.07219498746376782
1,0,0.072149730998997
1,0,0.07601509485089758
1,0,0.07455753811306207
1,0,0.07331350855300577
1,0,0.07248653819830148
1,0,0.07247379558147922
1,0,0.07325104772021608
1,0,0.07242677310720147
1,0,0.07211711656224037
1,0,0.07210322905729197
1,0,0.07248769968453858
1,0,0.07247416979757208
1,0,0.07229161474457468
1,0,0.0722673276007058
1,0,0.07215424018743699
1,0,0.07239503477384439
1,0,0.0725272184892836
1,0,0.07247017761310004
1,0,0.07238470534828118
1,0,0.07205586648934655
1,0,0.07828561623967487
1,0,0.07759489033692907
1,0,0.07594074166993935
1,0,0.07659363078148464
1,0,0.07711809371822285
1,0,0.07632543011174799
1,0,0.0749614208827068
1,0,0.07357997578897883
1,0,0.07302417669615353
1,0,0.0730296435606907
1,0,0.07639541236431514
1,0,0.07891708676557327
1,0,0.07459006063879885
1,0,0.07388730474426541
1,0,0.07673123513413938
1,0,0.08089658109447283
1,0,0.08148083814225919
1,0,0.07854763380334166
1,0,0.07601535565698594
1,0,0.07311768067227574
1,0,0.07253580861442914
1,0,0.07278063607059097
1,0,0.10482970445855136
1,0,0.08357348461085311
1,0,0.07668823100934703
1,0,0.07559008470996874
1,0,0.07999721802153799
1,0,0.08316816662317167
1,0,0.07278463579753909
1,0,0.072700830226501
1,0,0.078398459359905
1,0,0.08522648375270697
1,0,0.08297143393916542
1,0,0.07905031759620564
1,0,0.07895714464903038
1,0,0.08205132515323432
1,0,0.08957729324796768
1,0,0.10879188395491833
1,0,0.0993034562626889
1,0,0.08043740919316185
1,0,0.07861638871838068
1,0,0.07255495028461457
1,0,0.07254945718964442
1,0,0.08653516223908271
1,0,0.09423006834773824
1,0,0.09853448932579918
1,0,0.07704784216116783
1,0,0.07611255563365009
1,0,0.0745745497305834
1,0,0.07598724452321927
1,0,0.07817860313866097
1,0,0.07592258568840214
1,0,0.07320540993248956
1,0,0.07340887071316068
1,0,0.07682420009013141
1,0,0.07484177712080567
1,0,0.07415812934038919
1,0,0.07316107729524507
1,0,0.07326999424725217
1,0,0.07651315001668524
1,0,0.07504543720188694
1,0,0.07488443628590938
1,0,0.07262022099365963
1,0,0.07264560430546521
1,0,0.07470306093351173
1,0,0.07449592138224087
1,0,0.07769420210940434
1,0,0.07887662945793236
1,0,0.07347686169280127
0,0,0.18268989804125085
0,0,0.18894925571304788
0,0,0.19727950335321917
0,0,0.20327608707320055
0,0,0.20281291966181086
0,0,0.1983368960165516
0,0,0.1961749065379262
0,0,0.1940904091500669
0,0,0.19020134999369182
0,0,0.19317841293632085
0,0,0.20033499645762798
0,0,0.21303464567057948
0,0,0.22110378707033634
0,0,0.22365330530418134
0,0,0.21032947726216153
0,0,0.21269786367030166
0,0,0.22565614144465604
0,0,0.22648968224225044
0,0,0.22365631906468247
0,0,0.20251120252068858
0,0,0.20758594370153524
0,0,0.23581154499538742
0,0,0.2245987666947535
0,0,0.21268961342789966
0,0,0.21242224424296005
0,0,0.2179788085685243
0,0,0.2212577010771584
0,0,0.22306060573501454
0,0,0.2172290532665349
0,0,0.22162851834898273
0,0,0.2161318965475275
0,0,0.2137471645185616
0,0,0.22057845039554855
0,0,0.21749306861303142
0,0,0.20701060873881888
0,0,0.20212061426640823
0,0,0.19921697597351837
0,0,0.19444485613186083
0,0,0.16731424513995596
0,0,0.1720571191558868
0,0,0.19344889310847477
0,0,0.17804086432433613
0,0,0.17652996826844514
0,0,0.19424120596165195
0,0,0.19427289209323148
0,0,0.19592734445654267
0,0,0.2006888303831057
0,0,0.18608842745039178
0,0,0.16397656369762778
0,0,0.1840350361804259
0,0,0.213068583090019
0,0,0.19672057350684685
0,0,0.19096173606029224
0,0,0.2101590379053591
0,0,0.21268874798121423
0,0,0.2191201111921548
0,0,0.21561262046611665
0,0,0.21004294383237745
0,0,0.18768336627722912
1,0,0.07797569500102326
1,0,0.07885950547679485
1,0,0.07883390939521194
1,0,0.07828307622824485
1,0,0.07254991438810865
1,0,0.0725531685861955
1,0,0.0772809098988436
1,0,0.07799998834108297
1,0,0.07475871664130188
1,0,0.07389282623419662
1,0,0.07631416784441611
1,0,0.07833070438943883
1,0,0.07883204612717466
1,0,0.07464974694874107
1,0,0.07458567635721337
1,0,0.0776071986330301
1,0,0.07893460714390496
1,0,0.07881157147952958
1,0,0.07857686370320123
1,0,0.08115614960557971
1,0,0.09180825093772604
1,0,0.10577735872695193
1,0,0.09785225918942979
1,0,0.07202305352970757
1,0,0.07518303389831828
1,0,0.09676216416766904
1,0,0.08310096480358571
1,0,0.07216732384287497
1,0,0.07239638481990975
1,0,0.07215113780053858
1,0,0.072530401833313
1,0,0.07178942929329392
1,0,0.08402393087052888
1,0,0.07199434045232385
1,0,0.07249450615372621
1,0,0.07237607985882692
1,0,0.07178271805617753
1,0,0.07300683187909711
1,0,0.07649312826983007
1,0,0.09043744117273544
1,0,0.08729467069717282
1,0,0.07511948360690328
1,0,0.07350619731133899
1,0,0.0806769033657329
1,0,0.08597389672764973
1,0,0.08269139375507734
0,0,0.0720004445251272
0,0,0.07927394440960074
0,0,0.1081603706715422
0,0,0.07336568901788643
0,0,0.07183368373486125
0,0,0.08761350891642376
0,0,0.1135087881014669
0,0,0.1062978669698892
0,0,0.08479424301122929
0,0,0.08915202291234618
0,0,0.07828214962337274
0,0,0.07160691169622188
0,0,0.07123528771391116
0,0,0.07387161168073517
0,0,0.07962837546802654
0,0,0.0798676005242243
0,0,0.0826577690011624
0,0,0.07097870020443914
0,0,0.06993521705923714
0,0,0.07768274106322177
0,0,0.07655147100166566
0,0,0.0703183186211206
0,0,0.07085227829504848
0,0,0.07837628793495485
0,0,0.07321139624631898
0,0,0.07021392143777172
0,0,0.08183929635169215
0,0,0.09865483599219763
0,0,0.07620223798805666
0,0,0.07754611456475691
0,0,0.08352413610509858
0,0,0.07910239189543018
0,0,0.07334685311490109
0,0,0.08414702481579515
0,0,0.11116547692440107
0,0,0.11473971893750008
0,0,0.15315282552476805
0,0,0.12542705024966447
0,0,0.12464243282880198
0,0,0.1538846553888171
0,0,0.1558046722972158
0,0,0.1596542198873119
0,0,0.16312342546541847
0,0,0.1614175062916966
0,0,0.09653011538922433
0,0,0.08272581330335736
0,0,0.12328096463790618
0,0,0.11639006803702016
0,0,0.1402907075969969
0,0,0.15387646449433923
0,0,0.15078230990921954
0,0,0.15028839492845195
0,0,0.15262625338964356
0,0,0.15174330364180158
0,0,0.14884856409750652
0,0,0.12984272929491344
0,0,0.13280292318286396
0,0,0.14837360035687044
0,0,0.15543392503721326
0,0,0.15462303482261272
0,0,0.15531603173878192
0,0,0.15783724841967556
0,0,0.15628035500464943
0,0,0.1531885002564801
0,0,0.1525778350440848
0,0,0.1555808401057106
0,0,0.15349311474563274
0,0,0.12497306123156228
1,0,0.10919797401632593
1,0,0.09753734517780495
1,0,0.11240424920110285
1,0,0.11888865190328145
1,0,0.10841815534174239
1,0,0.10633296178145074
1,0,0.11123612874421196
1,0,0.10307630545180789
1,0,0.09331602705365899
1,0,0.0982808625922227
1,0,0.12433140682744348
1,0,0.12732720961042862
1,0,0.1357975750550491
1,0,0.15414930796050658
1,0,0.1526061694295934
1,0,0.1511465632776245
1,0,0.1109490524406519
1,0,0.09161501758252467
1,0,0.11238128640514239
1,0,0.11125452054491781
1,0,0.08784064800785257
1,0,0.10219077864576812
1,0,0.11887039397756986
1,0,0.0852638834359605
1,0,0.08164572145913437
1,0,0.07840278882088456
1,0,0.06850818850445176
1,0,0.07109979017473474
1,0,0.07196017573230182
1,0,0.0709544822928917
1,0,0.07007509477787704
1,0,0.07243361948350092
1,0,0.09148405143778003
1,0,0.07543593062851917
1,0,0.07133800186631015
1,0,0.06950737852993055
1,0,0.07202775568967498
1,0,0.0686984822492794
1,0,0.07769967587834979
1,0,0.06928092298757872
1,0,0.0692108394590315
1,0,0.09176033171751667
1,0,0.11687546186468578
1,0,0.09353405924888318
1,0,0.07818418404732026
1,0,0.08524760259035524
0,0,0.15789370040570805
0,0,0.15538486483102865
0,0,0.1629480891256632
0,0,0.17021476647696832
0,0,0.18506617002938153
0,0,0.1807053956079618
0,0,0.16039352298263718
0,0,0.1554306037670464
0,0,0.1666881752222933
0,0,0.17297633429286768
0,0,0.16426428695735176
0,0,0.15508548871202543
0,0,0.16792713511545113
0,0,0.1703206574136352
0,0,0.1656165539810825
0,0,0.1697761389292651
0,0,0.16715672752534688
0,0,0.1582724498427026
0,0,0.15929080873319354
0,0,0.1612645765280305
0,0,0.1640548459264291
0,0,0.1831083118297605
0,0,0.08542873354356205
0,0,0.07528994806980444
0,0,0.18903383066775184
0,0,0.15932574431816535
0,0,0.1673705106282601
0,0,0.17621870475758825
0,0,0.16846292935237195
0,0,0.16222404936161414
0,0,0.16456633082156968
0,0,0.16815487249487496
0,0,0.16847884781048847
0,0,0.16779143924343334
0,0,0.17236456514106244
0,0,0.16791669300040732
0,0,0.16868487328643955
0,0,0.1698758172634348
0,0,0.16290144047621757
0,0,0.16606199343161093
0,0,0.16962639148819142
0,0,0.16759276769796147
0,0,0.166446198486288
0,0,0.17041511910995846
0,0,0.17409768222822355
0,0,0.17223952653917063
0,0,0.16478451236619426
0,0,0.158483456019883
0,0,0.1578814840856461
0,0,0.156697471062313
0,0,0.15707415686824103
0,0,0.1594416841733217
0,0,0.16008935337425276
0,0,0.16956990136025424
0,0,0.1762670755300826
0,0,0.1692517584621246
0,0,0.15957313822746708
0,0,0.1665498155374613
0,0,0.1717260285755032
0,0,0.18070206830440105
0,0,0.18418371746948342
0,0,0.17910160576455603
0,0,0.17236069315509978
0,0,0.1799309232523366
0,0,0.17964087034768741
0,0,0.1803443205903107
0,0,0.17635506721811622
0,0,0.18415729175155543
0,0,0.18089656446748925
0,0,0.17762283328825612
0,0,0.18155040149287607
0,0,0.18833511153994806
0,0,0.18241929761003173
0,0,0.18992095215952934
0,0,0.18775745085991682
0,0,0.1814658953125231
0,0,0.18887269567478976
0,0,0.18406278378109814
0,0,0.1822638363554781
0,0,0.19365288173630194
0,0,0.18605730727203815
0,0,0.17070449424272183
0,0,0.16854872783570105
0,0,0.18619475569963323
0,0,0.19135841345561683
0,0,0.17487481093890267
0,0,0.16509681440419288
0,0,0.18871506541752264
0,0,0.19047593863660583
0,0,0.17004749771197883
0,0,0.16574292414922961
0,0,0.18424905858277055
0,0,0.18419070465104184
0,0,0.1655187891133837
1,0,0.08542408832979378
1,0,0.08828579903652592
1,0,0.10474499979381643
1,0,0.09924236515302852
1,0,0.09325762114848525
1,0,0.09617539392106002
1,0,0.09578399704317148
1,0,0.09566375789431412
1,0,0.09004690694697554
1,0,0.08577608601613605
1,0,0.07384657211023211
1,0,0.0748364715130498
1,0,0.09221177622310774
1,0,0.08941184078323469
1,0,0.0881271120462997
1,0,0.08892344866846408
1,0,0.07487798985167893
1,0,0.0768837598401171
1,0,0.09115802917644565
1,0,0.09124550895534227
1,0,0.08296010776024472
1,0,0.08326381063607181
1,0,0.08829807498296097
1,0,0.1071070417125025
1,0,0.0970509790994103
1,0,0.09409954318064674
1,0,0.08876848546676323
1,0,0.09093856057520325
1,0,0.0726123561098292
1,0,0.07262741322171905
1,0,0.09679413493166567
1,0,0.08673228913001517
1,0,0.08206636961215068
1,0,0.08561370825639911
1,0,0.09118494926711491
1,0,0.10098204247058645
1,0,0.09751245959050556
1,0,0.08528997568976152
1,0,0.08534836427932022
1,0,0.08693013993906602
1,0,0.08897351271971939
1,0,0.09009848488659125
1,0,0.09079449144912503
1,0,0.0934486050415352
1,0,0.09257216368111643
1,0,0.09095122246771402
1,0,0.08998206071670191
1,0,0.08951786515480692
1,0,0.0854315499820885
1,0,0.08363217126964097
1,0,0.08430225158862725
1,0,0.08870001152427993
1,0,0.08698070259905083
1,0,0.08217337571778471
1,0,0.08329777588309514
1,0,0.08778198032546489
1,0,0.08852245507333292
1,0,0.08815152222414031
1,0,0.08675825607080494
1,0,0.08672795186243383
1,0,0.08762756336891882
1,0,0.08867513936092233
1,0,0.08591492908324418
1,0,0.08568702095924784
1,0,0.08806533580186189
1,0,0.08881672713024293
1,0,0.10041572683385962
1,0,0.11034180011650313
1,0,0.11640213797351637
1,0,0.10249927888106497
1,0,0.10164533350557256
1,0,0.10802885480855762
1,0,0.09906130796692894
1,0,0.09329500634450215
1,0,0.09533932261945234
1,0,0.09856714243766809
1,0,0.10441740283084205
1,0,0.10858730137277253
1,0,0.10833045675286435
1,0,0.10133812647139043
1,0,0.09329197314876417
1,0,0.09858970910563396
1,0,0.10591161926272726
1,0,0.10605528114505387
1,0,0.10942990705691572
1,0,0.10482178077113519
1,0,0.09740852890973088
1,0,0.08964842347999402
1,0,0.09525908379714397
1,0,0.11018819955218058
1,0,0.10895115643967067
1,0,0.09713858504903038
1,0,0.08824095585462857
1,0,0.08666835299441615
1,0,0.07604958579057881
1,0,0.07773956154837108
1,0,0.08840357838526751
1,0,0.08546865393996754
1,0,0.08619879776789123
1,0,0.08840885354566574
1,0,0.08757868442456192
1,0,0.08531441413223866
1,0,0.0839223206104619
1,0,0.08676437591204102
1,0,0.08742130842693574
1,0,0.08491043953606398
1,0,0.08545018374807326
1,0,0.08793429829170159
1,0,0.08645883924763006
1,0,0.09015183070308729
1,0,0.0884266442712483
1,0,0.08734955967005659
1,0,0.09160142846952923
1,0,0.09068707899702944
1,0,0.0984824291045164
0,0,0.18069058759074494
0,0,0.19454537024359542
0,0,0.19358720374487373
0,0,0.1921132699351381
0,0,0.19562885820690631
0,0,0.19745020407454184
0,0,0.19439646347788933
0,0,0.18631655130228506
0,0,0.17786293966205255
0,0,0.1781295053896952
0,0,0.1799606079819801
0,0,0.17901459124594457
0,0,0.18070124733572437
0,0,0.18272109644006038
0,0,0.18047624610628482
0,0,0.18090905443022356
0,0,0.1812267019982562
0,0,0.17468116446925908
0,0,0.1751247618723408
0,0,0.184193579182056
0,0,0.1837408355211142
0,0,0.18475938338550726
0,0,0.18203986103545824
0,0,0.18057345883488488
0,0,0.17874938477862123
0,0,0.17700004952333073
0,0,0.17204921431823256
0,0,0.17180298787995696
0,0,0.17588068265176945
0,0,0.1746457657028926
0,0,0.1696126074384288
0,0,0.1605281386261622
0,0,0.1564555015519698
0,0,0.15634453053910322
0,0,0.1548950198604361
0,0,0.15402187538630369
0,0,0.1533166044639482
0,0,0.1504601380731018
0,0,0.15227318674300294
0,0,0.16027133590023968
0,0,0.17127361720336806
0,0,0.16795387505673906
0,0,0.17213241249020275
0,0,0.17972491290386078
0,0,0.17771274457873878
0,0,0.1754167687910481
0,0,0.1749082382215272
0,0,0.1750863919120426
0,0,0.1735199830219202
0,0,0.17628776907706953
0,0,0.17736765001786936
0,0,0.1771423348567857
0,0,0.1786179942757774
0,0,0.17422326150680356
0,0,0.16691898632088237
0,0,0.1683417129426497
0,0,0.17027463672934698
0,0,0.1625712041806152
0,0,0.1645791658427526
1,0,0.08765692311485403
1,0,0.09028039090183218
1,0,0.08848287756357992
1,0,0.09006458203161487
1,0,0.0926062865333477
1,0,0.09236850588727304
1,0,0.0899523174827454
1,0,0.09066213759381211
1,0,0.09255220463964867
1,0,0.08956617383203912
1,0,0.08689754303306021
1,0,0.08577074408811575
1,0,0.08808039763409506
1,0,0.08579343961342809
1,0,0.09098032594753709
1,0,0.09793820970262626
1,0,0.09495849699959624
1,0,0.09220619721766113
1,0,0.0914689522015168
1,0,0.09298512724300131
1,0,0.09318965734708017
1,0,0.09449749936869614
1,0,0.09833557230097827
1,0,0.09325424214062958
1,0,0.08998622105488745
1,0,0.09517048040584543
1,0,0.0943612048003989
1,0,0.08160118314179438
1,0,0.08267526420799684
1,0,0.11067222891504513
1,0,0.11095867877357563
1,0,0.08853361973177556
1,0,0.08435684004492539
1,0,0.10282054650461055
1,0,0.10384675853694723
1,0,0.0914512086835853
1,0,0.10062850626907867
1,0,0.11530382639433301
1,0,0.11260542670096657
1,0,0.10481434869741996
1,0,0.10256950589944097
1,0,0.10012415033844538
1,0,0.0968529483382457
1,0,0.09366256387746374
1,0,0.09667975495885008
1,0,0.10363302385292951
0,0,0.17171410564719683
0,0,0.17171888357867413
0,0,0.16318761465310563
0,0,0.15544265975137497
0,0,0.15605727526550378
0,0,0.1643273128296543
0,0,0.16887963606004247
0,0,0.1631594711042596
0,0,0.16711028468904268
0,0,0.1757365510339724
0,0,0.18052060533849937
0,0,0.17469830528098607
0,0,0.18570211820200663
0,0,0.19377271998274767
0,0,0.1890050734046044
0,0,0.19275599395411913
0,0,0.1974895834623758
0,0,0.20041960312277587
0,0,0.2056255881557553
0,0,0.19890017383900574
0,0,0.1856272875892711
0,0,0.1953261795533587
0,0,0.20089928450106215
0,0,0.1827738116842415
0,0,0.17234778722364213
0,0,0.18959123646129813
0,0,0.2009510850993913
0,0,0.2062603045269759
0,0,0.17354382191714182
0,0,0.18458198116199814
0,0,0.19404061783662352
0,0,0.19617622256267
0,0,0.10526543501413797
0,0,0.10694557921595943
0,0,0.20855609316197946
0,0,0.21525170792537238
0,0,0.19536793019578214
0,0,0.16858848960098452
0,0,0.15648461000882544
0,0,0.12135131074329528
0,0,0.11094339395806027
0,0,0.15229506955252267
0,0,0.15954285079124533
0,0,0.15886709177254374
0,0,0.16206178107148309
0,0,0.16497041712329444
0,0,0.16622843532109494
0,0,0.16908545693101867
0,0,0.17655393247574497
0,0,0.16591023408488847
0,0,0.14146180340858278
0,0,0.1385567189428121
0,0,0.1221262879264799
0,0,0.13557038666930776
0,0,0.1823923332356564
0,0,0.1852298871195463
0,0,0.18197977273026522
0,0,0.17774976770359235
0,0,0.1857106199115218
0,0,0.19467030579419167
0,0,0.1785870505238889
0,0,0.11055588078066686
0,0,0.08647574000512373
0,0,0.09898457388937078
0,0,0.11754419940722989
0,0,0.08435776242145406
0,0,0.07338821492366017
0,0,0.08198685805867466
0,0,0.154418759682843
0,0,0.1555163525281043
0,0,0.16632708344842345
0,0,0.16543235761830974
0,0,0.15458127009869613
0,0,0.15334587704894578
0,0,0.1507478925178144
0,0,0.14542779939430842
0,0,0.1488328930063282
0,0,0.15000104968997696
0,0,0.14648286225611973
0,0,0.14269677048440507
0,0,0.14647034558557215
0,0,0.14930599702049693
0,0,0.1624843912558172
0,0,0.17039314965730204
0,0,0.17227947562749465
0,0,0.17088015218968916
0,0,0.1734770374374439
0,0,0.1775907919997711
0,0,0.17810874923345243
0,0,0.17116766636736347
0,0,0.17726627948741314
0,0,0.1821297250950975
0,0,0.18098922928627975
0,0,0.18340925724496018
0,0,0.18321470630150263
0,0,0.17982620502778898
0,0,0.1733118036527864
0,0,0.17314178609084216
0,0,0.16560479263037794
0,0,0.15852700283274315
0,0,0.15349478018760954
0,0,0.15186194152004504
0,0,0.1489000157561936
0,0,0.1481220734311303
0,0,0.15293773579634193
0,0,0.15570149933012487
0,0,0.15660098142647177
0,0,0.1555166738821336
0,0,0.1554597458254348
0,0,0.15412064654479807
0,0,0.15471320957783916
0,0,0.1574185155688529
0,0,0.16159416539448673
0,0,0.16564970585852762
0,0,0.19674399393981684
0,0,0.19889612057400796
0,0,0.19360081495090697
0,0,0.19241415373236512
0,0,0.19506831300427768
0,0,0.1913849706644586
0,0,0.1928879109006696
0,0,0.19430430965066683
0,0,0.19459882599804149
0,0,0.1947334287609682
0,0,0.19215526845000658
0,0,0.19176157738664662
0,0,0.19196923771029967
0,0,0.19374179731495922
0,0,0.19359912651355085
0,0,0.19289931403702357
0,0,0.19042193549364522
0,0,0.1934115649108738
0,0,0.2052386125962502
0,0,0.20494576030806472
0,0,0.18913324715392418
0,0,0.18673162972754773
0,0,0.18723735648182682
0,0,0.18826321939213223
0,0,0.19991398371265315
0,0,0.19705882624598497
0,0,0.18110158398632742
0,0,0.19773195302068572
0,0,0.20178936897409339
0,0,0.19314907963498854
0,0,0.18933180468197888
0,0,0.2033929530123697
0,0,0.20557808012861556
0,0,0.18698892605120204
0,0,0.18689121195658237
0,0,0.1905855123970259
0,0,0.1894887753599548
0,0,0.18664785415814744
0,0,0.18700716050495939
0,0,0.20117747510199807
0,0,0.20115612278361414
0,0,0.1987411468967881
0,0,0.2000406327131925
0,0,0.1957777559090998
0,0,0.19767043791997263
0,0,0.18943067969094313
0,0,0.1930199302951887
0,0,0.19159807010522883
0,0,0.18168779902034707
0,0,0.18754420975026742
0,0,0.19005535226092315
0,0,0.1871372694480304
0,0,0.18337124979995323
0,0,0.19915709173823712
0,0,0.19967878946553066
0,0,0.18496761431166642
0,0,0.19007962755631175
0,0,0.19130086454752554
0,0,0.18552717754308892
0,0,0.1844577094154589
0,0,0.18516081598714812
0,0,0.18142292370725022
0,0,0.18970650821168705
0,0,0.19754789791909044
0,0,0.19123119347096434
0,0,0.18987421324922715
0,0,0.19141687900793983
0,0,0.18956690890920763
0,0,0.19004116909662327
0,0,0.19672025022456274
0,0,0.19770976077978564
0,0,0.19022323399609722
0,0,0.19612354443462302
0,0,0.1959439250033084
0,0,0.20060184322688818
0,0,0.19848041606467026
0,0,0.19061857458419038
0,0,0.19392925823249993
0,0,0.1928262447408467
0,0,0.19439517259926284
0,0,0.19516705690874625
0,0,0.1932685889907665
0,0,0.19225587286979157
0,0,0.19106220891680725
0,0,0.195175006596402
0,0,0.19370274180812921
0,0,0.18994634780560907
0,0,0.19172334906583627
0,0,0.1900963110736423
0,0,0.19017448207834373
0,0,0.19288738568511532
0,0,0.19392459620239055
0,0,0.19533014038626229
0,0,0.196493754775057
0,0,0.20275643588102002
0,0,0.1989211639910002
0,0,0.19298260167271822
0,0,0.190421312281866
0,0,0.19365387081893945
0,0,0.19528381613384546
0,0,0.19599507487796258
0,0,0.19763876253684107
0,0,0.19925646134177527
0,0,0.19880448557414987
0,0,0.19308798669617558
0,0,0.1897521563195705
0,0,0.1891213765861306
0,0,0.19125040281220743
0,0,0.19222954840578327
0,0,0.1867220028020101
0,0,0.18286969156357544
0,0,0.19402282490525244
0,0,0.19603960636634776
0,0,0.18777043073974
0,0,0.1953635117936188
0,0,0.19564299454942138
0,0,0.19476275965546128
0,0,0.19922654391197236
0,0,0.1953709473264647
0,0,0.19570795206673353
0,0,0.19757725059196155
0,0,0.19525889415224185
0,0,0.1920668673056351
0,0,0.19461640342816683
0,0,0.19606511901429985
0,0,0.19353037002456086
0,0,0.19194309404989102
0,0,0.19226443526979517
0,0,0.1958845397498075
0,0,0.19733799574884908
0,0,0.19670231245384234
0,0,0.19868881847006836
0,0,0.19865952462737818
0,0,0.19330126907756984
0,0,0.19055482606795035
0,0,0.19342302313354262
0,0,0.19404633167768642
0,0,0.19628986803149326
0,0,0.19770213275928808
0,0,0.19634868740661154
0,0,0.19685228552031458
0,0,0.1960982298958322
0,0,0.20217717284701997
0,0,0.20380291310196516
0,0,0.20491724618025567
0,0,0.2000274655170278
0,0,0.19778767362496702
0,0,0.20608640235463094
0,0,0.20488046298580523
0,0,0.19811663268468996
0,0,0.19592329547199797
0,0,0.1956521989468348
0,0,0.19708629286168577
0,0,0.19567333160453704
0,0,0.19540560319375475
0,0,0.19592976841779763
0,0,0.19875060318860455
0,0,0.20010111528711685
0,0,0.19585382251924355
0,0,0.19674305229458824
0,0,0.19995788574297935
0,0,0.20170002040985716
0,0,0.20341150208017986
0,0,0.20115981530325183
0,0,0.200361253039818
0,0,0.19543761186664463
0,0,0.1966468807654439
0,0,0.2007488677001815
0,0,0.20272618616686347
0,0,0.2039094276834807
0,0,0.2023101234550389
0,0,0.20006720462479927
0,0,0.19911655130783315
0,0,0.19615043176912975
0,0,0.19207244987201932
0,0,0.19650930356580254
0,0,0.1985073331932819
0,0,0.19591140269484267
0,0,0.19088607561834506
0,0,0.18700700176825805
0,0,0.19359499575920183
0,0,0.19166964375883397
0,0,0.18693630872445258
0,0,0.19262796697218865
0,0,0.1997763271060848
0,0,0.199413569581845
0,0,0.20073613557550993
0,0,0.2022163775708923
0,0,0.19630203284317027
0,0,0.19411749568822706
0,0,0.18947719299127558
0,0,0.19135328593891673
0,0,0.19005916413765234
0,0,0.19564058033797976
0,0,0.19596544968436977
0,0,0.18946080145163807
0,0,0.1888043028890168
0,0,0.1913812344047971
0,0,0.195627119934379
0,0,0.19397035396048895
0,0,0.1939007608010039
0,0,0.19447374114927024
0,0,0.19477090293903407
0,0,0.19428940019246382
0,0,0.19824834424412208
0,0,0.19810844444360656
0,0,0.19091903925226608
0,0,0.19321533342596803
0,0,0.19706140533149402
0,0,0.20958438437523097
0,0,0.20442377272423193
0,0,0.19437072280595477
0,0,0.19442878054550966
0,0,0.19354625429819217
0,0,0.18917804388360906
0,0,0.19530349079106463
0,0,0.19745095034964597
0,0,0.1874715835797278
0,0,0.1838111906909321
0,0,0.19063993177086655
0,0,0.1921866828135976
0,0,0.19333894701369506
0,0,0.19279122616454297
0,0,0.19441500170862233
0,0,0.20008250443731587
0,0,0.2008801788388167
0,0,0.1981620343097792
0,0,0.19887988191250644
0,0,0.19906040289150795
0,0,0.1989960896999915
0,0,0.1984521366919197
0,0,0.20160502413794845
0,0,0.20585716012204514
0,0,0.2032559044059867
0,0,0.20174205186341782
0,0,0.19752912915325307
0,0,0.1940049680340765
0,0,0.19709361287942606
0,0,0.19177223056398043
0,0,0.190996319702769
0,0,0.1920067541809266
0,0,0.1957073421586111
0,0,0.1977737433600907
0,0,0.19335075023631104
0,0,0.19895498897039876
0,0,0.20403878283536736
0,0,0.19968463119527935
0,0,0.19697731292278803
0,0,0.20202430326203366
0,0,0.20582848218804498
0,0,0.20439306303570168
0,0,0.20222106965651912
0,0,0.1940331404568939
0,0,0.1983236889708659
0,0,0.2045431740473658
0,0,0.20456241813225298
0,0,0.20089488061817157
0,0,0.19951218698601805
0,0,0.1955906429204585
0,0,0.19487488226494104
0,0,0.19747706204665275
0,0,0.19617740871564424
0,0,0.19429391421847142
0,0,0.1948633456669035
0,0,0.19501650700269416
0,0,0.20016035826657924
0,0,0.20219107519928867
0,0,0.20234146218906823
0,0,0.19608099118014768
0,0,0.19663642014510468
0,0,0.196594237334009
0,0,0.19465267352854698
0,0,0.19675398497543287
0,0,0.1986246051271983
0,0,0.21623774980755978
0,0,0.21482671240261417
0,0,0.19674987435727823
0,0,0.1949786556419937
0,0,0.18909558389421777
0,0,0.18833653013040508
0,0,0.1915763267488145
0,0,0.19677284400663472
0,0,0.1922834119829696
0,0,0.19679224603654685
0,0,0.2026291253540617
0,0,0.19917978286184376
0,0,0.19557040865543818
0,0,0.19525240628826487
0,0,0.19502419745666166
0,0,0.20550420662146338
0,0,0.20954085994520386
0,0,0.1965516990572596
0,0,0.19977171769234528
0,0,0.19837744595482584
0,0,0.19415462401431985
0,0,0.19814812358377745
0,0,0.2005189922678027
0,0,0.1964267595605671
0,0,0.19797006731067907
0,0,0.1974002458377954
0,0,0.19791422033605063
0,0,0.200460721066963
0,0,0.19892314208898113
0,0,0.2031901784394714
0,0,0.2036377600027579
0,0,0.20458328566980405
0,0,0.2063755944591051
0,0,0.20484085075216424
0,0,0.20082101633483357
0,0,0.19543363182310802
0,0,0.19866245137362826
0,0,0.19638460506379685
0,0,0.19652953923636338
0,0,0.20238377828171028
0,0,0.19839523500529077
0,0,0.1977927339262288
0,0,0.19578738567338447
0,0,0.19257889808209785
0,0,0.2024146317184864
0,0,0.20454199136601642
0,0,0.1982073768481002
0,0,0.19186296460271696
0,0,0.1949555800698621
0,0,0.19617368943203514
0,0,0.19818420558114877
0,0,0.1971355954066237
0,0,0.19707334759904746
0,0,0.2025916200349805
0,0,0.20442819985289618
0,0,0.2009759331673714
0,0,0.19953230370543498
0,0,0.2003231911844382
0,0,0.19918204306910303
0,0,0.19855494825324965
0,0,0.19398588959763977
0,0,0.1973081834656966
0,0,0.19852610926132913
0,0,0.1996646852447834
0,0,0.20077367772216562
0,0,0.19819990152673234
0,0,0.19741087295870077
0,0,0.20220616742475042
0,0,0.20215411139449577
0,0,0.19935028021476642
0,0,0.19724183534797948
0,0,0.20070155529691702
0,0,0.20079635493508688
0,0,0.19543770504036265
0,0,0.19961580893776656
0,0,0.19944229186554818
0,0,0.19443330411120074
0,0,0.19348247447326528
0,0,0.20094979384601822
0,0,0.20104779430675035
0,0,0.20089294193224233
0,0,0.20433135153501936
0,0,0.2019317095096249
0,0,0.19912874342075726
0,0,0.20037825732379413
0,0,0.20218946438550303
0,0,0.16175737176131413
0,0,0.15882064130291562
0,0,0.17283042560531345
0,0,0.17930769552948686
0,0,0.15289167305423748
0,0,0.1537049244624637
0,0,0.149016585250054
0,0,0.14448445030717044
0,0,0.13970709866820738
0,0,0.14033836154394283
0,0,0.13968039914716146
0,0,0.07253502465685173
0,0,0.07253502465685173
0,0,0.10364018769657897
0,0,0.10671079248464982
0,0,0.08696572843510726
0,0,0.09402233374351053
0,0,0.1810887309009454
0,0,0.1771138145177761
0,0,0.18041658171618621
0,0,0.17931628140227104
0,0,0.17825543728595794
0,0,0.0699752175040318
1,0,0.16158555954765466
1,0,0.17920396313103018
1,0,0.18475594595866857
1,0,0.1781376867330271
1,0,0.17268818894853902
1,0,0.16923425444380083
1,0,0.1648409757291611
1,0,0.17175154894811553
1,0,0.17499791333791054
1,0,0.17285873418116823
1,0,0.17501691038895323
1,0,0.18272243230980373
1,0,0.17308389857002285
1,0,0.16922865637070428
1,0,0.17160502438804792
1,0,0.17510680190267405
1,0,0.17397527771351642
1,0,0.16466760186283255
1,0,0.1692694632092912
1,0,0.18822377213486502
1,0,0.17381077129292788
1,0,0.13594011996932562
1,0,0.14092718058021322
1,0,0.1824329534125765
1,0,0.19555524007243788
1,0,0.17937124759510248
1,0,0.17235206333848024
1,0,0.18891538230915342
1,0,0.1869619661114408
1,0,0.17104981165925665
1,0,0.1532002589270155
1,0,0.16494880075340645
1,0,0.17944728593963089
1,0,0.17589388585757346
1,0,0.16641694467559126
1,0,0.17208295532334666
1,0,0.1736328509047499
1,0,0.1704834413238153
1,0,0.16545078220339504
1,0,0.1741632619204113
1,0,0.17659244309985658
1,0,0.16555994683046368
1,0,0.16521891976205472
1,0,0.17544852758481014
1,0,0.18798944081998387
1,0,0.19613711434977726
1,0,0.18558306175829453
1,0,0.17062643467151534
1,0,0.16588577209779234
1,0,0.17093228183915607
1,0,0.17863107740584364
1,0,0.17598641957650868
1,0,0.1701949093252629
1,0,0.1910885718576238
1,0,0.1846403015055579
1,0,0.1692995255971342
1,0,0.1747997263314358
1,0,0.17401260798723922
1,0,0.16995964464279914
1,0,0.17067544558537803
1,0,0.16672678867701163
1,0,0.15647931331221612
1,0,0.1621562929654432
1,0,0.1646344218542546
1,0,0.1541220889868614
1,0,0.1516936082292164
1,0,0.16652813707750327
1,0,0.16278622651720312
1,0,0.1648794743807833
1,0,0.1667716299556674
1,0,0.17206617600590238
1,0,0.08895569824467094
1,0,0.08265447308041017
1,0,0.08249413239733859
1,0,0.07259251299016034
1,0,0.07253502465685173
1,0,0.07253502465685173
1,0,0.07253502465685173
1,0,0.07253502465685173
1,0,0.07253501626405774
1,0,0.07233815852359156
1,0,0.07305424095508944
1,0,0.07571963569807152
1,0,0.07531923547176021
1,0,0.07643422199023564
1,0,0.07659089145880929
1,0,0.07573346524934843
1,0,0.07253502465685173
1,0,0.07253502465685173
1,0,0.07253502465685173
1,0,0.07253502465685173
1,0,0.07299556205196778
1,0,0.07345375771549285
1,0,0.07253502465685173
1,0,0.07893913098007752
1,0,0.07846995467797764
1,0,0.07253502465685173
1,0,0.07253502465685173
1,0,0.07253502465685173
1,0,0.07309820231358147
1,0,0.07312904817482316
1,0,0.07253502465695821
1,0,0.07253502465685173
1,0,0.07277525690999945
1,0,0.07289905564815548
1,0,0.07262314030543114
1,0,0.07280420479630814
1,0,0.07399477257740839
1,0,0.0744484662782613
1,0,0.07406010839684475
1,0,0.07334477114981497
1,0,0.07253532524984843
1,0,0.07253502465685173
1,0,0.07253571196096155
1,0,0.07889764358501243
1,0,0.07255032117744233
1,0,0.07253502465685173
1,0,0.07546459883909334
1,0,0.0747993201948963
1,0,0.07616967585936828
1,0,0.08078799736517923
1,0,0.08150745941131927
1,0,0.0836181941288168
1,0,0.08168253940425164
1,0,0.08147125004757695
1,0,0.07917262665135306
1,0,0.07699421728907467
1,0,0.07809537087297702
1,0,0.0826833097233656
1,0,0.08327249213704595
1,0,0.08315172443233003
1,0,0.08222322995778596
1,0,0.08107139755007617
1,0,0.08034975966697688
1,0,0.07791189270870666
1,0,0.0725350246568463
1,0,0.07253502465684317
1,0,0.07411615182437192
1,0,0.07253611382300353
1,0,0.07254302464289729
1,0,0.07989896605833502
1,0,0.0757419405621086
1,0,0.07260091243783275
1,0,0.073216021586336
1,0,0.07253516672338452
1,0,0.07253502465685173
1,0,0.07253502465685173
1,0,0.07253502465685173
1,0,0.07253502465685173
1,0,0.07253502465685173
1,0,0.07253502465685162
1,0,0.07253502452106364
1,0,0.07334245279456938
1,0,0.08135090756372414
1,0,0.07253502465685173
1,0,0.07253502465685173
1,0,0.07253502465685173
1,0,0.07253502465685173
1,0,0.07253502465685173
1,0,0.07253502465685173
1,0,0.07253502465685173
1,0,0.07253502465685173
1,0,0.07253502465685173
1,0,0.07253502465685173
1,0,0.07253502465685173
1,0,0.07253502465685173
1,0,0.07253502465685173
1,0,0.07253502465685173
1,0,0.07253502465685173
1,0,0.07253502465685173
1,0,0.07253502465685173
1,0,0.07253502465685173
1,0,0.07253502465685173
1,0,0.07253502465685173
1,0,0.07253502465685173
1,0,0.07253502465685173
1,0,0.07253502465685173
1,0,0.07253502465703723
1,0,0.0726595475127017
1,0,0.07254538200244627
1,0,0.07253502465685173
1,0,0.07253502465685173
1,0,0.07253502465685173
1,0,0.07253502465685173
1,0,0.07253502465685173
1,0,0.07253502465685173
0,0,0.19625842153803758
0,0,0.18841147705259895
0,0,0.1716281534633286
0,0,0.1798661078639635
0,0,0.19028226299002482
0,0,0.19626736253490587
0,0,0.19212237714409608
0,0,0.19360251154949076
0,0,0.19124260178959462
0,0,0.19261309373588129
0,0,0.1908096375696866
0,0,0.19351421472496158
0,0,0.18952909059716255
0,0,0.1842623935441539
0,0,0.18418946910860312
0,0,0.18781754212419466
0,0,0.20437049837924856
0,0,0.21301048510282966
0,0,0.22438026552815551
0,0,0.16299918484420342
0,0,0.1561507039669212
0,0,0.18178977392018408
0,0,0.21768590939246238
0,0,0.20203684699932187
0,0,0.18619296952597678
0,0,0.18492569813331555
0,0,0.1988971782686709
0,0,0.21007382518404433
0,0,0.18240610107861588
0,0,0.18070160425422754
0,0,0.16698975637090588
0,0,0.1713864447123658
0,0,0.19201555554062164
0,0,0.1945855949544682
0,0,0.20222094652305464
0,0,0.19461637613356148
0,0,0.18884464000860698
0,0,0.19263349497144497
0,0,0.1904739111171802
0,0,0.18302308923489982
0,0,0.1807736980138596
0,0,0.1786556157848035
0,0,0.17866440596001834
0,0,0.21076589412372065
0,0,0.20191202904727726
0,0,0.19797196013956275
0,0,0.20244835953185153
0,0,0.1982695138276967
0,0,0.19654459584353634
0,0,0.19847720100125607
0,0,0.19663463793323985
0,0,0.18750083476296217
0,0,0.18198659108239007
0,0,0.19396225493172697
0,0,0.07253234639119585
0,0,0.0725321356705304
0,0,0.09517834694057797
0,0,0.19028944247191823
0,0,0.19876390602213306
1,0,0.07450577987063142
1,0,0.07414818832573529
1,0,0.07833897992047294
1,0,0.07543836257372868
1,0,0.07836768182440858
1,0,0.08003855758221633
1,0,0.07755824569561842
1,0,0.07662129996011036
1,0,0.07833965666160705
1,0,0.07904744487039418
1,0,0.07952275472621306
1,0,0.07832086689989798
1,0,0.07874751312944359
1,0,0.08094175890189395
1,0,0.07823255424536482
1,0,0.07877648712744513
1,0,0.0812755831767527
1,0,0.08813745546775151
1,0,0.07253502465685173
1,0,0.07253502465685173
1,0,0.07253502465685173
1,0,0.07253502465685173
1,0,0.07253502465685173
1,0,0.07253502465685173
1,0,0.07253502465685173
1,0,0.07560889369339104
1,0,0.07309547154890694
1,0,0.07254588917982742
1,0,0.07253502210505915
1,0,0.07253502465685173
1,0,0.07253502465685173
1,0,0.07510024529330576
1,0,0.07438651207455133
1,0,0.07708381091821667
1,0,0.07634102494952644
1,0,0.07627671492304097
1,0,0.07515062335078941
1,0,0.07359493015784997
1,0,0.07385606788829654
1,0,0.07253505422641868
1,0,0.07253521153487659
1,0,0.07502844491944084
1,0,0.07608078996611481
1,0,0.07885103609555628
1,0,0.07959616596810468
1,0,0.07796957419260225
0,0,0.1792228130568073
0,0,0.193451075229745
0,0,0.19839133832543146
0,0,0.18077601956874517
0,0,0.18928320607421928
0,0,0.18467988278148678
0,0,0.14272922119546447
0,0,0.07962744111664838
0,0,0.0880514156794522
0,0,0.1744153107004976
0,0,0.07253502465685173
0,0,0.07253502465685173
0,0,0.17875352438150593
0,0,0.1749011971623504
0,0,0.17802338550661503
0,0,0.171671300668536
0,0,0.07253502465685173
0,0,0.07253502465685173
0,0,0.15560436230089297
0,0,0.1549392337012714
0,0,0.1564701869341858
0,0,0.15541692720731273
0,0,0.1434136023007624
0,0,0.07276107598111152
0,0,0.07253502465703701
0,0,0.07253502465690316
0,0,0.07261460427557259
0,0,0.170434693120433
0,0,0.07255954558021623
0,0,0.07253516536470511
0,0,0.0725695639942977
0,0,0.07411242280486631
0,0,0.16291934550790135
0,0,0.1642300768023067
0,0,0.16956237310949673
0,0,0.17471944003167164
0,0,0.16884541733428013
0,0,0.1567420107749023
0,0,0.158972962689628
0,0,0.16210763762799363
0,0,0.1634826299741189
0,0,0.16291735730351267
0,0,0.16781049182859356
0,0,0.17222993484879837
0,0,0.17148963997618807
0,0,0.16780437638503443
0,0,0.15561469214288415
0,0,0.15708111557226334
0,0,0.1632973317785356
0,0,0.1655552799538478
0,0,0.16952832860518693
0,0,0.1547888884957928
0,0,0.11194893499141798
0,0,0.07254422555184688
0,0,0.07253502465685173
0,0,0.07253502465685173
0,0,0.07253502465685173
0,0,0.07253502465685173
0,0,0.07253502465685173
0,0,0.07255781787963315
0,0,0.1298040497563684
0,0,0.1933525139282287
0,0,0.07253934016991538
0,0,0.07253590249197235
0,0,0.0725475182319497
0,0,0.07255121101968853
0,0,0.07253502465685173
0,0,0.07253502465685173
1,0,0.09086125985153298
1,0,0.087032564320237
1,0,0.09510006375912945
1,0,0.07830394137589662
1,0,0.0751518821062916
1,0,0.11362499948337189
1,0,0.07253640412593874
1,0,0.07254293009546216
1,0,0.07272203980562483
1,0,0.07253502465701793
1,0,0.07253805518963613
1,0,0.13321663621924612
1,0,0.13639161197450533
1,0,0.1379696580872559
1,0,0.13577267728777212
1,0,0.13777787270651662
1,0,0.0725350355377573
1,0,0.07253503570277374
1,0,0.141721733202488
1,0,0.13956258413770972
1,0,0.13678721115868422
1,0,0.13566910845167143
1,0,0.13922525506641037
1,0,0.1445418263714064
1,0,0.1416388613458515
1,0,0.13713496424148106
1,0,0.1311150299816829
1,0,0.12110729155657321
1,0,0.07254368376951599
1,0,0.07253502465685173
1,0,0.07253502465685173
1,0,0.07253502465685173
1,0,0.07253502465685173
1,0,0.07253502465685173
1,0,0.09375968114808773
1,0,0.12383849315579087
1,0,0.13643975920507315
1,0,0.1289801979632743
1,0,0.12472091803913617
1,0,0.12399654303791753
1,0,0.12395943461526714
1,0,0.12398840833360125
1,0,0.12840753475801503
1,0,0.13258831562864198
1,0,0.07253649280566524
1,0,0.07253502465685173
0,0,0.07252655859580229
0,0,0.07258734695588291
0,0,0.14018627457144603
0,0,0.13739854882141148
0,0,0.13517477076355805
0,0,0.1408056698378919
0,0,0.1423946828151829
0,0,0.14029278766080136
0,0,0.13606308291490585
0,0,0.13908884076392236
0,0,0.14498575193233895
0,0,0.1420951369802275
0,0,0.12963401636321736
0,0,0.1252591705489287
0,0,0.12706869882384683
0,0,0.1315086038216903
0,0,0.13597383506997704
0,0,0.13597173033094057
0,0,0.1347010491052893
0,0,0.13357853156735042
0,0,0.1288386915133625
0,0,0.12696239145100147
0,0,0.1272927744565641
0,0,0.14734035104208168
0,0,0.15115520411835565
0,0,0.1390677204897664
0,0,0.1700925525263214
0,0,0.18109213802509114
0,0,0.1776567887005701
0,0,0.14688686174354765
0,0,0.16895182723457203
0,0,0.17138215845673607
0,0,0.16013165483330002
0,0,0.15285314941006756
0,0,0.17827289295971532
0,0,0.20132284840129158
0,0,0.201187677950252
0,0,0.19065675162570492
0,0,0.20182208666632864
0,0,0.19579424720656344
0,0,0.19227802936892427
0,0,0.18982102752391175
0,0,0.208148817556437
0,0,0.19487467009585058
0,0,0.18368060214433873
0,0,0.1705930938622438
0,0,0.1915637246155119
0,0,0.19199585646146897
0,0,0.1916456344955814
0,0,0.1807814986479883
0,0,0.19383745893108142
0,0,0.18929199652965134
0,0,0.1945612818857227
0,0,0.18304730849658984
0,0,0.18398808341602382
0,0,0.18386322512030637
0,0,0.18820542914589453
0,0,0.17586763837019906
0,0,0.1873858828611095
0,0,0.18578741641322769
0,0,0.1945239888642964
0,0,0.1863934519168057
0,0,0.18274974780151096
0,0,0.18313618019517064
0,0,0.19040301210152355
0,0,0.18009850507647068
0,0,0.1894063219237671
0,0,0.17251622556260496
0,0,0.18699494759339802
0,0,0.1798084187430238
0,0,0.17782129101727978
0,0,0.1743690675572693
0,0,0.18914819397541022
0,0,0.18229189402371704
0,0,0.18243687335226538
0,0,0.18500425396460018
0,0,0.1980502968259137
0,0,0.18296411393807105
0,0,0.1757026565910595
0,0,0.18822147713720305
0,0,0.19826784967108207
0,0,0.18437929732262284
0,0,0.186483629441549
0,0,0.18400746832728193
0,0,0.18994766438516553
0,0,0.17530922728699927
0,0,0.18042484313914064
0,0,0.16482413583428224
0,0,0.17352561042698628
0,0,0.16624742365271838
0,0,0.18117085178607864
0,0,0.17804211609452805
0,0,0.17681637081200224
0,0,0.16537327800507276
1,0,0.07510007780615771
1,0,0.0754689989487286
1,0,0.07535988388949785
1,0,0.07739755963576218
1,0,0.07806422150065061
1,0,0.07864945262888165
1,0,0.0837179064623058
1,0,0.07277380662580168
1,0,0.07275008438147534
1,0,0.08244323053818642
1,0,0.08256998290613553
1,0,0.07814190278900715
1,0,0.07517670372009055
1,0,0.07637419970000116
1,0,0.0816345060196319
1,0,0.08467687664751629
1,0,0.09112002380712135
1,0,0.08525689661083483
1,0,0.07253604059077047
1,0,0.07253501293594783
1,0,0.07524963627852925
1,0,0.07997342599527599
1,0,0.07684379937962593
0,0,0.07645461920822767
0,0,0.07613516386639846
0,0,0.0746870644889359
0,0,0.07485850651467374
0,0,0.07869829161624356
0,0,0.0786336581156337
0,0,0.08180627743207979
0,0,0.07883938003823932
0,0,0.0745572626672703
0,0,0.07542092581076694
0,0,0.0773628697223812
0,0,0.07751827032159526
0,0,0.07602679428900638
0,0,0.07559216741334827
0,0,0.07495524080679156
0,0,0.07352351929416223
0,0,0.07461412561588503
0,0,0.07689388422708254
0,0,0.07253502539541654
0,0,0.07253502571145862
0,0,0.07752970318700003
0,0,0.07749326174085079
0,0,0.07554326268411186
1,0,0.07571217222001862
1,0,0.07435180177957415
1,0,0.0760973610187913
1,0,0.07708118635111058
1,0,0.07801097125564231
1,0,0.0755669675257582
1,0,0.07435054132481758
1,0,0.07614528999091023
1,0,0.0756834494738998
1,0,0.07405298992326838
1,0,0.07355893906178443
1,0,0.07477635354509253
1,0,0.07430817690556478
1,0,0.07404886947408391
1,0,0.07330607493456763
1,0,0.07353105843761291
1,0,0.07261740749838393
1,0,0.07253841001714373
1,0,0.07271524111827889
1,0,0.0728225599122154
1,0,0.07560757409136719
1,0,0.08237139507414598
1,0,0.0788825111054703
1,0,0.08014634460750512
1,0,0.08677665337694464
1,0,0.09616812247370618
1,0,0.08800872527327573
1,0,0.08168225630489118
1,0,0.07916934165492877
1,0,0.08870157465471103
1,0,0.09092331663808138
1,0,0.08962352230433586
1,0,0.09519118046402474
1,0,0.09378829054026407
1,0,0.0821050819296302
1,0,0.08244963698525139
1,0,0.09445045664113007
1,0,0.09248252024099872
1,0,0.08695483908909128
1,0,0.08398869385593784
1,0,0.09281613457228903
1,0,0.09676802923165537
1,0,0.08751713284911347
1,0,0.08904481137462551
1,0,0.07943672027675934
1,0,0.08447583139871526
0,0,0.07254659049546833
0,0,0.07285745298888638
0,0,0.07292305602471871
0,0,0.07277951508609075
0,0,0.0726935539475149
0,0,0.07296229311728508
0,0,0.07430049151553114
0,0,0.0738093488076007
0,0,0.07333268464352821
0,0,0.07362935186406316
0,0,0.07288186341359476
0,0,0.07268222158523668
0,0,0.07269148639743625
0,0,0.07314922481843152
0,0,0.07615656462305473
0,0,0.07569088150332196
0,0,0.07352841829394582
0,0,0.07292263054310069
0,0,0.07293010786810462
0,0,0.07264985055945214
0,0,0.073152644325435
0,0,0.07707283766247153
0,0,0.07832177015100864
0,0,0.16484332111993405
0,0,0.17703655198220133
0,0,0.1680935833178178
0,0,0.16880398731855198
0,0,0.16480402583304563
0,0,0.16948424200354348
0,0,0.1810464215132541
0,0,0.18594828681601056
0,0,0.17959877286283657
0,0,0.17510843889607694
0,0,0.17440410088515204
0,0,0.17827736469736008
0,0,0.18432676613273646
0,0,0.1816862691925109
0,0,0.18158848073483905
0,0,0.1774845359956808
0,0,0.17519747525204768
0,0,0.1771766474598242
0,0,0.1809826862242514
0,0,0.17879369523190092
0,0,0.18015142978921708
0,0,0.1839419512015947
0,0,0.17485009428501566
0,0,0.1701001714702259
0,0,0.16748916591703616
0,0,0.16090908497828235
0,0,0.15874487903598722
0,0,0.15858145420428804
0,0,0.17103779582857495
0,0,0.16926496732196147
0,0,0.16633465096005157
0,0,0.176304416355984
0,0,0.17521074310789858
0,0,0.1727169236930227
0,0,0.17420691877856764
0,0,0.1758019725097329
0,0,0.16412783316197269
0,0,0.16355629856260837
0,0,0.16537733344849345
0,0,0.1664742329667557
0,0,0.1743429716759996
0,0,0.16630515942241958
0,0,0.15535428712331933
0,0,0.15065119344401343
0,0,0.15625566317441938
0,0,0.16150582012837938
0,0,0.16283153722716728
0,0,0.15918874878134895
0,0,0.16372835441382314
0,0,0.16325520879274458
0,0,0.17160329592888035
0,0,0.18804750199000644
0,0,0.17664981108268674
0,0,0.17347207759407168
0,0,0.17967794575589932
0,0,0.1675168087965737
0,0,0.17306319878257895
0,0,0.18383987380334404
0,0,0.1682314165153257
1,0,0.07544366933071839
1,0,0.07706233842114153
1,0,0.07504279185652177
1,0,0.07541271288023113
1,0,0.07932304409910981
1,0,0.07935689889026434
1,0,0.07624870050500658
1,0,0.073577935907279
1,0,0.07327767087589515
1,0,0.07387436199228894
1,0,0.07435216633618244
1,0,0.07354021789640627
1,0,0.07279019544471384
1,0,0.07269379713938662
1,0,0.07392514232046393
1,0,0.07596570465617551
1,0,0.07573132350780493
1,0,0.07351372471422578
1,0,0.07585145643649364
1,0,0.07519494917116494
1,0,0.07587050920475076
1,0,0.08373418097786454
1,0,0.09015900471118059
1,0,0.0882690774516761
1,0,0.08025052314446424
1,0,0.08302144567987185
1,0,0.0815819024864612
1,0,0.08527741635010708
1,0,0.08235672013338413
1,0,0.0800114870889541
1,0,0.0824272936773024
1,0,0.07893248339149629
1,0,0.07755051423414491
1,0,0.07630326462027734
1,0,0.07554350720308806
1,0,0.07779620914365694
1,0,0.07874872661667548
1,0,0.07622225467638159
1,0,0.07703605112832647
1,0,0.07648528669833514
1,0,0.07677906246755538
1,0,0.07341386697383034
1,0,0.07294000497806381
1,0,0.07617771808358106
1,0,0.07802402105403138
1,0,0.0771489943665061
0,0,0.17273134040010257
0,0,0.16966104813868155
0,0,0.16746250518489855
0,0,0.17474446612954303
0,0,0.17092121232508717
0,0,0.13928843634146237
0,0,0.10629242398787778
0,0,0.10148927328825816
0,0,0.09923925669870519
0,0,0.1063119347476289
0,0,0.0938425044949485
0,0,0.09730174268822049
0,0,0.1213268141960411
0,0,0.10482674783414195
0,0,0.09308372206165248
0,0,0.10264096734504795
0,0,0.09765295886470311
0,0,0.09132262806750807
0,0,0.08945376099893146
0,0,0.08543094635013575
0,0,0.08897705553115003
0,0,0.09054362633484375
0,0,0.08687769542888987
0,0,0.08939365206872542
0,0,0.09227998746709878
0,0,0.0904949934370294
0,0,0.11042434107155624
0,0,0.11362500950964832
0,0,0.0930286055297338
0,0,0.11894462842176375
0,0,0.1473242051965889
0,0,0.13773358989329193
0,0,0.13456077090834911
0,0,0.12869480829296753
0,0,0.10314752714051757
0,0,0.0945498482034806
0,0,0.09565099909530266
0,0,0.09584271726112101
0,0,0.09101410486198676
0,0,0.09946671522357882
0,0,0.11942907766187597
0,0,0.10798967210209208
0,0,0.12768318461563577
0,0,0.15285228038795326
0,0,0.14666718563099382
0,0,0.14962867996173998
0,0,0.13362471194189846
0,0,0.1360301853754044
0,0,0.1393996779210913
0,0,0.13969951609930134
0,0,0.13616851141772243
0,0,0.1352701943189858
0,0,0.13117267119350723
0,0,0.13128075667731767
0,0,0.13687959514519343
0,0,0.1291435426459582
0,0,0.1322696559719693
0,0,0.1352331606857906
0,0,0.13211386356268137
0,0,0.13476964126736743
0,0,0.12425672125736181
0,0,0.1206092450563376
0,0,0.12299811308500008
0,0,0.11869718528632522
0,0,0.11783802092116537
0,0,0.1190834155234882
0,0,0.1198153780625337
0,0,0.1188938589954453
1,0,0.07253502358488526
1,0,0.07253501702144102
1,0,0.07252764984424996
1,0,0.07451407077847694
1,0,0.10046184760049448
1,0,0.10675707561550041
1,0,0.10594213737771528
1,0,0.0854615702924291
1,0,0.09313938623952206
1,0,0.10634503475205008
1,0,0.1029376316819829
1,0,0.09569022658184664
1,0,0.09191191919608388
1,0,0.09733039782904687
1,0,0.09614035302887304
1,0,0.1020427589662128
1,0,0.09930090801441947
1,0,0.09771716457960421
1,0,0.09770555252627704
1,0,0.1027871578064672
1,0,0.10625493048750638
1,0,0.10308834609726306
1,0,0.09597396788913198
1,0,0.10186726511542638
1,0,0.10075301304436102
1,0,0.10266243114012602
1,0,0.10888685562109861
1,0,0.10328623754771529
1,0,0.09392865244805437
1,0,0.10214955476341384
1,0,0.1129834906557688
1,0,0.11036744736565036
1,0,0.10899394735679416
1,0,0.11232767888802263
1,0,0.1258231914174732
1,0,0.11788195444213005
1,0,0.08981344984002457
1,0,0.08947554089106186
1,0,0.095951849770132
1,0,0.0947482376034609
1,0,0.09212493593436706
1,0,0.08986966920966044
1,0,0.08678513530369215
1,0,0.09323444886791549
1,0,0.0973634984078788
1,0,0.09719374294178953
0,0,0.20458509729953647
0,0,0.20182865165663552
0,0,0.19847844154543084
0,0,0.19933006667909306
0,0,0.20115956986443598
0,0,0.20156662462409553
0,0,0.20598188411180393
0,0,0.20583139469286016
0,0,0.20262886832020044
0,0,0.20242628545276597
0,0,0.20401958123360941
0,0,0.20649849684441382
0,0,0.2009514133502806
0,0,0.20424022033773823
0,0,0.20613872029781974
0,0,0.19971247766534236
0,0,0.20309994585036134
0,0,0.20172807154566344
0,0,0.19795659797423956
0,0,0.19796359120301504
0,0,0.20072478963193194
0,0,0.2014966393328377
0,0,0.19813170332333246
0,0,0.2086590641832606
0,0,0.20162155714823005
0,0,0.20026417912081998
0,0,0.2040163153000531
0,0,0.20502118458008733
0,0,0.2026119717301693
0,0,0.1981066365246813
0,0,0.1981228309870063
0,0,0.2000801017822935
0,0,0.19575618034140502
0,0,0.19749534995392534
0,0,0.19762521491768859
0,0,0.1954487354992554
0,0,0.19674739094627655
0,0,0.1941763682378009
0,0,0.19371736288049582
0,0,0.19509002493048994
0,0,0.19647578104599558
0,0,0.19547556095331942
0,0,0.19207829148395048
0,0,0.1966625049561316
0,0,0.19640852731923564
0,0,0.19230904986707484
0,0,0.19231531130516635
0,0,0.19509650404174098
0,0,0.19515948523893614
0,0,0.19213630914657714
0,0,0.19524250895978662
0,0,0.19053263504529816
0,0,0.19078718339623107
0,0,0.19385673454584149
0,0,0.19058439149259973
0,0,0.19211479420276706
0,0,0.1912331873747885
0,0,0.188157175240228
0,0,0.18955208305084367
0,0,0.1895190360371102
0,0,0.19248957061295086
0,0,0.1887175692993411
0,0,0.19006969724873019
0,0,0.18968323475955948
0,0,0.18961417770321404
0,0,0.19074716112485898
0,0,0.19058662796399858
0,0,0.1934205568275112
0,0,0.1930501571414795
0,0,0.1884917134622446
0,0,0.1902174025683805
0,0,0.1905351596015511
0,0,0.18919399404538567
0,0,0.1869741523546895
0,0,0.18647038120212409
0,0,0.18861928056153743
0,0,0.1899760489918178
0,0,0.18725479360533878
0,0,0.1848277391426996
0,0,0.1871738219277479
0,0,0.18759805000268565
0,0,0.18647323530261786
0,0,0.1923909086524922
0,0,0.19731456597977576
0,0,0.19143127072371757
0,0,0.19081129016958173
0,0,0.19368928183433493
0,0,0.19275584511696753
0,0,0.1901361849617354
0,0,0.18846074660597154
0,0,0.1900899241428563
0,0,0.1909302387899407
0,0,0.1897096481577236
0,0,0.19179902523221576
1,0,0.20199064565905864
1,0,0.20546848108134447
1,0,0.2023625282335876
1,0,0.20179085345895142
1,0,0.20552417506604648
1,0,0.2039901704971271
1,0,0.19897228788994065
1,0,0.19893560461425738
1,0,0.19772421517187058
1,0,0.19837205846788009
1,0,0.19812363906473937
1,0,0.1949730952555978
1,0,0.19926817220478293
1,0,0.19884049804835818
1,0,0.19288711448904866
1,0,0.19402577831860604
1,0,0.1943617717178419
1,0,0.19401416627015236
1,0,0.1927274632172395
1,0,0.19165923717668967
1,0,0.19241566484109826
1,0,0.19219323461336457
1,0,0.19086176482636774
1,0,0.19983896200389056
1,0,0.20155917925008768
1,0,0.19283635679104655
1,0,0.19584780634587381
1,0,0.1971884417449609
1,0,0.19474561818166541
1,0,0.1933006539368161
1,0,0.19199512678160166
1,0,0.1924341506222529
1,0,0.19305149426050403
1,0,0.19402589810890672
1,0,0.19329226866753943
1,0,0.1985767839474923
1,0,0.19675750491485108
1,0,0.19385015886874443
1,0,0.19494635086708875
1,0,0.20398170539532492
1,0,0.20270225221261626
1,0,0.19781718836788678
1,0,0.19904060585726613
1,0,0.19157909796291497
1,0,0.19295099874774718
1,0,0.18941461969842682
1,0,0.21161423639762073
1,0,0.21057385972615833
1,0,0.21018933372010645
1,0,0.21028458642797104
1,0,0.20732634428390762
1,0,0.20762131668164777
1,0,0.20571471544104497
1,0,0.20644211916222133
1,0,0.20394657982245468
1,0,0.2040801677105307
1,0,0.20821776900677436
1,0,0.2057111232278667
1,0,0.20722563166076696
1,0,0.2061813014547372
1,0,0.20074589995457112
1,0,0.20134239096352002
1,0,0.2002482118230456
1,0,0.19783956990969567
1,0,0.19883885122018363
1,0,0.19917767177946985
1,0,0.19819114979000843
1,0,0.198389989544678
1,0,0.1985079747361962
1,0,0.2171475479030028
1,0,0.2131633218184682
1,0,0.21087206949353957
1,0,0.21600134330196144
1,0,0.21416459510757488
1,0,0.21075242691741494
1,0,0.2091418688576266
1,0,0.20786711278015246
1,0,0.21014203654229882
1,0,0.20917708757773615
1,0,0.20375253366179966
1,0,0.20650821225058089
1,0,0.20763237810654162
1,0,0.210741952129432
1,0,0.2130978983622637
1,0,0.2087220248422991
1,0,0.20943638515121943
1,0,0.20750652941318973
1,0,0.20703561378920665
1,0,0.20991391319864103
1,0,0.21041869959724785
1,0,0.20604668393005576
1,0,0.20351210218637494
0,0,0.211755462503766
0,0,0.2057383469935467
0,0,0.20631481957509454
0,0,0.2095384230506094
0,0,0.21190232615919344
0,0,0.21260752256197385
0,0,0.20640581005153102
0,0,0.2096451025520862
0,0,0.2113126851012829
0,0,0.20750698038609222
0,0,0.20613431091411463
0,0,0.20650729162912257
0,0,0.20824081926990134
0,0,0.2111156975106086
0,0,0.2090759716248767
0,0,0.20436522781727112
0,0,0.20612196910198372
0,0,0.206352597413814
0,0,0.20692755409500238
0,0,0.2076682338534935
0,0,0.20790374196047862
0,0,0.20736204611994094
0,0,0.20505810819943676
1,0,0.20231932276556805
1,0,0.2033320363724132
1,0,0.20312176578225113
1,0,0.20712906590883923
1,0,0.20704291890452492
1,0,0.20177352269195453
1,0,0.20002930609923977
1,0,0.19988557729393616
1,0,0.19866906878997134
1,0,0.196961912916566
1,0,0.19729581050264156
1,0,0.1983125454287244
1,0,0.19782149313105607
1,0,0.19875969325813175
1,0,0.19807545364636034
1,0,0.1968773513339865
1,0,0.19631634249730265
1,0,0.19516365208563496
1,0,0.19945925911267534
1,0,0.20588043776959394
1,0,0.19823928642013072
1,0,0.19992692579683138
1,0,0.20376765136451588
1,0,0.20343076260434706
1,0,0.199252546594824
1,0,0.1976757780620401
1,0,0.20024339163827046
1,0,0.2028727424892148
1,0,0.2028207887498344
1,0,0.19970407266925325
1,0,0.20208895519624312
1,0,0.19965305972969766
1,0,0.19690820110621543
1,0,0.19649298425498254
1,0,0.1941722223682465
1,0,0.19582776249355438
1,0,0.19848448020723986
1,0,0.1948906192752793
1,0,0.19637775879534308
1,0,0.19599906509346712
1,0,0.19335022910150743
1,0,0.1931300011942363
1,0,0.19111777843430422
1,0,0.19525424818542536
1,0,0.19654461394317743
1,0,0.19252878999777237
1,0,0.19241211211379125
1,0,0.19292608887509102
1,0,0.19026984884976755
1,0,0.1900061004424804
1,0,0.18973074049669925
1,0,0.192796948133781
1,0,0.19364145425983276
1,0,0.18933102659370885
1,0,0.18885117909568913
1,0,0.18824876161401904
1,0,0.1925182284241954
1,0,0.19413537388928298
1,0,0.1892580779347593
1,0,0.21209840857435885
1,0,0.20608275411283963
1,0,0.20468667899688797
1,0,0.20377396789331775
1,0,0.20698702396833096
1,0,0.20707838963185915
1,0,0.20227496561231748
1,0,0.20108550656883958
1,0,0.20102642748437713
1,0,0.20207045799555504
1,0,0.202649836685674
1,0,0.20580686664749628
1,0,0.20468507669224237
1,0,0.1996719818351882
1,0,0.20307720757982847
1,0,0.2013447248687192
1,0,0.20012243402354005
1,0,0.20126120050727347
1,0,0.20137160718591707
1,0,0.20244640886866838
1,0,0.20613326694169462
1,0,0.2048192388220175
1,0,0.20279304558189812
0,0,0.19996272524825692
0,0,0.20295210144241954
0,0,0.20130309646757816
0,0,0.19974845726155482
0,0,0.2040652669418546
0,0,0.20205228009188256
0,0,0.1977080092365912
0,0,0.19849472531449228
0,0,0.20484613043063496
0,0,0.20424274731920186
0,0,0.19938642916320207
0,0,0.20143937050870359
0,0,0.2044318120155498
0,0,0.20403900728334626
0,0,0.19745744401858079
0,0,0.19836594802220822
0,0,0.20169620299116603
0,0,0.2056717217328609
0,0,0.2054318973849936
0,0,0.2037878522733624
0,0,0.2076328152438776
0,0,0.20644451822784254
0,0,0.2047795874943477
0,0,0.20470876632452653
0,0,0.2100235882889148
0,0,0.20442917529118662
0,0,0.19822706970053397
0,0,0.19745598183551763
0,0,0.19797057341615737
0,0,0.1995285801659317
0,0,0.20049886116306453
0,0,0.1982832556521499
0,0,0.19584734729555547
0,0,0.19614579394402556
0,0,0.19921539993673795
0,0,0.20180240148536868
0,0,0.20061575012963181
0,0,0.2011804405843542
0,0,0.19896028339682165
0,0,0.1946993925280743
0,0,0.19440911817955897
0,0,0.19393406453914358
0,0,0.19468014382708615
0,0,0.19606721207257663
0,0,0.1962389764426377
0,0,0.19550966074539533
0,0,0.19482877804052456
0,0,0.1918695725268573
0,0,0.19221222024239373
0,0,0.1972868075883007
0,0,0.19858805463827278
0,0,0.20135785225921624
0,0,0.19837204833060126
0,0,0.19829966164267968
0,0,0.1970090328489582
0,0,0.19336777167379754
0,0,0.1929838119536245
0,0,0.19902856695763085
0,0,0.19800224963162796
0,0,0.19928471257442093
0,0,0.19764903056496053
0,0,0.19332235522502228
0,0,0.19338545330045412
0,0,0.19202122360126053
0,0,0.19124465579330807
0,0,0.19128270555227123
0,0,0.19032864955312637
0,0,0.19154360083471014
0,0,0.19196051571123005
0,0,0.18956695235164206
0,0,0.18950176828469362
0,0,0.19184290181674996
0,0,0.1955669854320459
0,0,0.19313919406411648
0,0,0.19617319534603933
0,0,0.19338824432118448
0,0,0.1951645033358123
0,0,0.19876293767490533
0,0,0.20080957266293306
0,0,0.20254656558953493
0,0,0.2009418527565744
0,0,0.19838168733006306
0,0,0.19810947715069108
0,0,0.20058824269853595
0,0,0.20033422991395491
0,0,0.20187087201551623
0,0,0.2010565972753996
0,0,0.19957125166076517
0,0,0.199203575644651
0,0,0.211925510823619
0,0,0.20913501352774128
0,0,0.21102580548805835
0,0,0.20683019556767854
0,0,0.20427068927406525
0,0,0.20106510423228555
0,0,0.20167548567802546
0,0,0.20188470499759884
0,0,0.20041238360299302
0,0,0.19954080419661085
0,0,0.20079233447224018
0,0,0.20054244164008794
0,0,0.19985637459436387
0,0,0.2016151740400508
0,0,0.20187615886586804
0,0,0.2003485800115267
0,0,0.19222767744568905
0,0,0.19316140891513953
0,0,0.19588253380489196
0,0,0.1947300719123676
0,0,0.1924378859510196
0,0,0.1921000510214179
0,0,0.19567787988893506
0,0,0.19692711960662457
0,0,0.19260417660521054
0,0,0.1900664639308201
0,0,0.18942645291748095
0,0,0.18924410782362258
0,0,0.19202299927895145
0,0,0.19248687970962514
0,0,0.1918973049273151
0,0,0.19161465830627816
0,0,0.1937410076359902
0,0,0.19177521180395413
0,0,0.1881033586555903
0,0,0.1867927542236732
0,0,0.18637234822524756
0,0,0.18569436291075334
0,0,0.18521261081912124
0,0,0.18666281367532525
0,0,0.1881792433095992
0,0,0.18709764660001366
0,0,0.18522284376512171
0,0,0.185489543036812
0,0,0.18800921657849817
0,0,0.19094526639836734
0,0,0.18696783776937276
0,0,0.18319832761734053
0,0,0.20002439386292342
0,0,0.2071751429106437
0,0,0.20666772444034737
0,0,0.20228840113672786
0,0,0.20315673108896598
0,0,0.21289986311386455
0,0,0.21133243673473273
0,0,0.21225213094740245
0,0,0.21119627262306678
0,0,0.20249668636639917
0,0,0.2101506176072952
0,0,0.20743478765612008
0,0,0.1959916613660808
0,0,0.1964293688807613
0,0,0.1996177830699725
0,0,0.2001368254586754
0,0,0.19783995450740163
0,0,0.2010541964125483
0,0,0.19674577958507247
0,0,0.19622637202925186
0,0,0.2037620250089267
0,0,0.20096026823555577
0,0,0.19431504702300123
1,0,0.1996149882570217
1,0,0.20175690742237065
1,0,0.19768563266079583
1,0,0.19544614875140487
1,0,0.1956676491977292
1,0,0.1998907052181793
1,0,0.19702671761849236
1,0,0.19659331379953274
1,0,0.20015525972194714
1,0,0.19678190893489955
1,0,0.19355970267166828
1,0,0.19435448881867204
1,0,0.19682936552717958
1,0,0.19702532744141368
1,0,0.19127499069003814
1,0,0.19362388584850143
1,0,0.19371386610105615
1,0,0.1918417731998545
1,0,0.1918774169054575
1,0,0.19049339653410097
1,0,0.19026447425070553
1,0,0.19343140127045205
1,0,0.1925152836033303
1,0,0.19251375084993463
1,0,0.19462842248405862
1,0,0.19447174629461175
1,0,0.18989968249173678
1,0,0.1910041714245056
1,0,0.19084864046430025
1,0,0.1904519105054999
1,0,0.19000861782777498
1,0,0.18993981355970074
1,0,0.18851066611591585
1,0,0.1890633339160229
1,0,0.18860035814184084
1,0,0.18999604959774669
1,0,0.18916328014681405
1,0,0.18812673564637458
1,0,0.19213496486061213
1,0,0.19204664083244544
1,0,0.1900968312645708
1,0,0.18785392657465674
1,0,0.19031195979261642
1,0,0.19165833749496344
1,0,0.18658767367967402
1,0,0.1866251919813022
1,0,0.18840267295685997
1,0,0.1887689229963984
1,0,0.1880861442175391
1,0,0.18819963498722506
1,0,0.1870831311749678
1,0,0.1870700649194846
1,0,0.18759047745707524
1,0,0.1872496445327346
1,0,0.18836057125482714
1,0,0.1879731687070035
1,0,0.18870585346168808
1,0,0.1918580405787079
1,0,0.18933491392177831
1,0,0.18616913321296896
1,0,0.1860316745150524
1,0,0.18695642655468006
1,0,0.18842920978143382
1,0,0.18641981273178515
1,0,0.18745037207706916
1,0,0.18905688954850555
1,0,0.1856427938622631
1,0,0.188045857214417
1,0,0.1885578528341548
1,0,0.18814823990248344
1,0,0.18742352965127657
0,0,0.11047139221184918
0,0,0.09940495799450809
0,0,0.10308220104397901
0,0,0.11143420291161157
0,0,0.11320760938068827
0,0,0.10472266981598369
0,0,0.10281712520814737
0,0,0.1034121127788179
0,0,0.10309205671540853
0,0,0.10354949452191486
0,0,0.1041171930722628
0,0,0.10760308882715952
0,0,0.1045981819868122
0,0,0.10173183622864333
0,0,0.10307437622717876
0,0,0.10407414644626221
0,0,0.11713554801833607
0,0,0.11533877917626918
0,0,0.10159948247188065
0,0,0.10125910431245709
0,0,0.103288310950218
0,0,0.11217350345637632
0,0,0.1197907100928606
0,0,0.11992827530065146
0,0,0.11287362655060051
0,0,0.13405191343444597
0,0,0.12589339682720796
0,0,0.10720142765968628
0,0,0.10534079141119154
0,0,0.1099425572892603
0,0,0.12057032171837831
0,0,0.13562624552102873
0,0,0.12654399644417644
0,0,0.09479747000530284
0,0,0.0954175230744045
0,0,0.14786784456882446
0,0,0.14953305474771378
0,0,0.11088644651144461
0,0,0.10531652912919007
0,0,0.10554335886247881
0,0,0.10235940864358418
0,0,0.1030658781154498
0,0,0.10253046694949722
0,0,0.10979897328890839
0,0,0.13906261707115658
0,0,0.14136308966316335
0,0,0.10276776600505129
0,0,0.10268647058147769
0,0,0.11257954495165858
0,0,0.11699159692280899
0,0,0.10394962010688266
0,0,0.10257058163270245
0,0,0.1070509791878602
0,0,0.10283208675271341
0,0,0.10112393444825621
0,0,0.10621502830598821
0,0,0.10563741378664247
0,0,0.10544090207711773
0,0,0.10537732953838581
0,0,0.10377768647663678
0,0,0.10583542852118671
0,0,0.10559628885488063
0,0,0.10240406541465889
0,0,0.10503625920494358
0,0,0.10944516577011203
0,0,0.10981896245455498
0,0,0.10535051324766585
0,0,0.11179394318557401
0,0,0.12233004452899325
1,0,0.10891640662422987
1,0,0.10518736850570173
1,0,0.10301667894687713
1,0,0.10275643320334257
1,0,0.10802961665023375
1,0,0.11118751199682836
1,0,0.11690824775482196
1,0,0.11557891427228752
1,0,0.1162752687321025
1,0,0.1180404807954237
1,0,0.11003195349339152
1,0,0.10584468234800852
1,0,0.10932244278813119
1,0,0.11108744533376595
1,0,0.10992128700834593
1,0,0.11266890218428333
1,0,0.12036712199371873
1,0,0.12397337159369423
1,0,0.12440614905434419
1,0,0.12929200661790247
1,0,0.13494726144142352
1,0,0.12767834095956107
1,0,0.12382711810582044
0,0,0.1040404153163046
0,0,0.10556591179920449
0,0,0.10648099651476228
0,0,0.108501922087753
0,0,0.10641799558852383
0,0,0.10249325837927867
0,0,0.10088477674001839
0,0,0.10100017964363144
0,0,0.09448651763478405
0,0,0.0983025012368736
0,0,0.11449746177575261
0,0,0.11004985349805442
0,0,0.10197892783143778
0,0,0.10198735874104702
0,0,0.10458525966499709
0,0,0.10834241103014282
0,0,0.11256903660695534
0,0,0.11054446239138728
0,0,0.11015965881265688
0,0,0.11454152863687568
0,0,0.11434744595464649
0,0,0.1156243667474301
0,0,0.12928601221455888
0,0,0.21357219736578353
0,0,0.2161005910979865
0,0,0.2098729893274335
0,0,0.2071095924818091
0,0,0.21070180392121876
0,0,0.2090206334238818
0,0,0.20007878925926245
0,0,0.2020045418074463
0,0,0.2019898029890572
0,0,0.20228079255822745
0,0,0.2022282701018088
0,0,0.20022344373838064
0,0,0.20055439607251688
0,0,0.20180831983012845
0,0,0.20374622010734855
0,0,0.2020268124418791
0,0,0.20393618225777568
0,0,0.20547893790870655
0,0,0.20375906229076393
0,0,0.20456912825434143
0,0,0.20106542430245333
0,0,0.20029799860629363
0,0,0.19974052444478432
0,0,0.1974092387637606
0,0,0.19853775646775898
0,0,0.20001267448009194
0,0,0.19784023136866138
0,0,0.19574710523767638
0,0,0.19898810507341183
0,0,0.20128228576864346
0,0,0.20022608436322606
0,0,0.19758478009330543
0,0,0.1964726536847945
0,0,0.19770635145920315
0,0,0.1970576788310285
0,0,0.19643561812766788
0,0,0.19801963512302476
0,0,0.197992059363521
0,0,0.19719900480281888
0,0,0.19613548989216245
0,0,0.19419357721375735
0,0,0.19481794173388914
0,0,0.1949762677798529
0,0,0.19516004997244688
0,0,0.1948070574075874
0,0,0.19481764619011208
0,0,0.19484010171386326
0,0,0.19577361329716375
0,0,0.19547341531687595
0,0,0.19626385800165452
0,0,0.19628532441540733
0,0,0.1943976384468919
0,0,0.19354994268678766
0,0,0.1933304849443234
0,0,0.19510029043972482
0,0,0.19421448451582826
0,0,0.19590795993633653
0,0,0.19570896742904334
0,0,0.19361737800898496
1,0,0.11557828729917954
1,0,0.10302328725185264
1,0,0.08989503837447335
1,0,0.09947833192095883
1,0,0.105587879533332
1,0,0.10345561989031475
1,0,0.10416952935724372
1,0,0.10736365498116089
1,0,0.11087868121410216
1,0,0.1113464569990662
1,0,0.11000951959271958
1,0,0.10573757317521364
1,0,0.10562562737536409
1,0,0.11297543660234306
1,0,0.11868540253531538
1,0,0.1037024974712583
1,0,0.10403673391459604
1,0,0.11650003047143864
1,0,0.1111425383655745
1,0,0.10338165206511483
1,0,0.10244832346179922
1,0,0.11187889076149482
1,0,0.12446875602149413
1,0,0.09728925303278584
1,0,0.10085712948396114
1,0,0.10817378569644888
1,0,0.10810660097617994
1,0,0.10222740815073303
1,0,0.10295044585854586
1,0,0.10279807178673979
1,0,0.1068257148488834
1,0,0.10688100507558676
1,0,0.10423839853307725
1,0,0.10627030907427056
1,0,0.1091828211062258
1,0,0.1110293483229173
1,0,0.11139615532145358
1,0,0.10887980616694802
1,0,0.10541086395366164
1,0,0.106559702482254
1,0,0.10952311806975297
1,0,0.10311022620829703
1,0,0.1005807962146524
1,0,0.10299086946992478
1,0,0.10372086006216648
1,0,0.09804562385644326
1,0,0.19606094602577442
1,0,0.1931663040946211
1,0,0.19100388342507593
1,0,0.19164832003436177
1,0,0.19362745619832417
1,0,0.1927247553493337
1,0,0.19256827332056864
1,0,0.19081188499062243
1,0,0.19165591505469157
1,0,0.19128956492368232
1,0,0.1952020426059144
1,0,0.1944589586535508
1,0,0.19298070812554952
1,0,0.19356599143809125
1,0,0.19710227243422704
1,0,0.1964223342832925
1,0,0.1917086317272107
1,0,0.1944526991433208
1,0,0.19504040664312725
1,0,0.1919804336630543
1,0,0.19297127318223095
1,0,0.1933046526163999
1,0,0.19245585104730628
1,0,0.19082888587560626
1,0,0.19605946856460635
1,0,0.19774722718086066
1,0,0.19711546210108916
1,0,0.1943969480087937
1,0,0.19545169907952203
1,0,0.19561167831703546
1,0,0.19273088660206505
1,0,0.1921472003732151
1,0,0.19301753824872045
1,0,0.19330786066885297
1,0,0.1946338966824522
1,0,0.1918956897001608
1,0,0.19698139031137116
1,0,0.19298010595474496
1,0,0.19230028779206598
1,0,0.19618276815832827
1,0,0.19225314129289697
1,0,0.19120095521252037
1,0,0.19031865775466808
1,0,0.19162467151243778
1,0,0.19149550723377956
1,0,0.1928162622787873
1,0,0.19482966196124685
1,0,0.1930892980546031
1,0,0.1928577107137965
1,0,0.19276097185068425
1,0,0.18952806716459292
1,0,0.19128743203514717
1,0,0.19087159005016716
1,0,0.18988958121594648
1,0,0.19868271001912666
1,0,0.19901668505434641
1,0,0.19298324746261153
1,0,0.1886862073602639
1,0,0.19317797561624636
1,0,0.19175986584287338
1,0,0.1950586207797736
1,0,0.19544219884237526
1,0,0.19284093842019848
1,0,0.19286683348516354
1,0,0.19004896233258137
1,0,0.18982203027530828
1,0,0.18736466916660827
1,0,0.190917261390482
1,0,0.1971541942305285
1,0,0.19441921015844915
1,0,0.19461958651134154
1,0,0.19315567422856955
1,0,0.1906521203822961
1,0,0.1925869499759822
1,0,0.1939144966490584
1,0,0.1932727094518755
1,0,0.19106015261992304
1,0,0.1896752624314296
1,0,0.18869568451688198
1,0,0.18888312673914792
1,0,0.1894365651494005
1,0,0.18916713111450884
1,0,0.1905845316057254
1,0,0.1916739043309555
1,0,0.18970744659778202
1,0,0.18883089776790518
1,0,0.18908029371821447
1,0,0.1906536442577428
1,0,0.1893563926372043
1,0,0.1903176277698808
1,0,0.1910986142037061
1,0,0.189031520141135
1,0,0.18920791348456092
1,0,0.19093322471189736
1,0,0.18964014662815895
1,0,0.1880743670552552
1,0,0.1934412423134031
1,0,0.19194932375790186
1,0,0.19133888930511656
1,0,0.18947468336350953
1,0,0.18881712398202743
1,0,0.1909012508383014
1,0,0.19035727371908925
1,0,0.18896531157987984
1,0,0.18812660757782199
1,0,0.18953786681910187
1,0,0.1899582719341283
1,0,0.19049372536625597
1,0,0.1915663943952089
1,0,0.18976895958440454
1,0,0.18964134715161343
1,0,0.19177905343569607
1,0,0.19105948812425155
1,0,0.19048364397472567
0,0,0.12502023957222008
0,0,0.16235756492360295
0,0,0.1557508326219563
0,0,0.17437182184103048
0,0,0.1928571645959087
0,0,0.18231679941127857
0,0,0.16218941616531912
0,0,0.17306853039953154
0,0,0.17729525443577138
0,0,0.17550482861101002
0,0,0.1401338719787746
0,0,0.14450389493790275
0,0,0.1891580046088427
0,0,0.19184977134305425
0,0,0.18546743998789253
0,0,0.16917292026690336
0,0,0.1784335626319305
0,0,0.18557298666534672
0,0,0.17780453440514277
0,0,0.17794258093898094
0,0,0.17770173232695552
0,0,0.1787648457363078
0,0,0.15691396787845643
0,0,0.15043194799174017
0,0,0.15503247493128053
0,0,0.17380868099053887
0,0,0.18329674561555698
0,0,0.17088318855203344
0,0,0.16903928860272718
0,0,0.17763314964607482
0,0,0.18627006793644355
0,0,0.196102070736168
0,0,0.19672078559950731
0,0,0.19420340984849585
0,0,0.19560973435760895
0,0,0.19338104098520917
0,0,0.18891175312859457
0,0,0.18859057919838973
0,0,0.18751816314727818
0,0,0.18783765331256969
0,0,0.18701610563383433
0,0,0.1874755400841621
0,0,0.18462120578500626
0,0,0.18184366968858476
0,0,0.18440172042996217
0,0,0.19168495151420745
0,0,0.19417213649988146
0,0,0.1989614389548127
0,0,0.19584459265743473
0,0,0.18314465760613138
0,0,0.183210640692851
0,0,0.18435125502603247
0,0,0.18643539625908848
0,0,0.18383819857434133
0,0,0.21366421338173616
0,0,0.0726576933070209
0,0,0.07315910760341972
0,0,0.18011025325479282
0,0,0.17353544214974287
0,0,0.18403240733341986
0,0,0.18938296592494547
0,0,0.17651484412574006
0,0,0.174819351463553
0,0,0.18454910832760177
0,0,0.18137436650048977
0,0,0.18589697237409256
0,0,0.19672288018086978
0,0,0.19826281875391158
0,0,0.19264801400145884
0,0,0.18357933541427898
0,0,0.1829780881627954
0,0,0.19236981531311662
0,0,0.1722082448273337
0,0,0.07734186948868715
0,0,0.07806188054687999
0,0,0.18141967685505106
0,0,0.18178247846690834
0,0,0.18283447117249332
0,0,0.18566530027850434
0,0,0.18719564002968436
0,0,0.18167142714919615
0,0,0.18369779055511212
0,0,0.1773224053640005
0,0,0.17674792109631599
0,0,0.18778682955682202
0,0,0.1894228327014426
0,0,0.18794627622826446
0,0,0.1839801187152412
0,0,0.18361215285907895
0,0,0.17771727265704992
0,0,0.17940757728954354
0,0,0.1849263340839026
0,0,0.18562784688651338
0,0,0.18448258539701098
1,0,0.0896988742518531
1,0,0.07851263000387222
1,0,0.07531514225030456
1,0,0.07519195154262774
1,0,0.07954031180504172
1,0,0.08047978217599376
1,0,0.07943037641573933
1,0,0.07875756013751552
1,0,0.0787675913089865
1,0,0.08042095359408101
1,0,0.08071935419708291
1,0,0.07932321616045587
1,0,0.07916447911817989
1,0,0.07881938347259991
1,0,0.07884962311430314
1,0,0.08870136799018065
1,0,0.08604228586622206
1,0,0.07928176283290944
1,0,0.07908351611794996
1,0,0.07817923783238173
1,0,0.0813604063733287
1,0,0.07873608228765167
1,0,0.08347029703743346
1,0,0.09605659067405535
1,0,0.0838309887638625
1,0,0.08176390388622742
1,0,0.08173056437699848
1,0,0.08560492948124229
1,0,0.08608018501516897
1,0,0.08024396451950387
1,0,0.07947854020978902
1,0,0.09195169967268818
1,0,0.09018528514242116
1,0,0.07688185604929615
1,0,0.0780897892216258
1,0,0.07961436699741063
1,0,0.07792085119936226
1,0,0.09101180061777409
1,0,0.10118808061253518
1,0,0.09553366973363472
1,0,0.08771780139780865
1,0,0.08028716059028393
1,0,0.09024902113800719
1,0,0.09818584337058651
1,0,0.0848939312260159
1,0,0.09222342922775087
0,0,0.08239808319807361
0,0,0.08246214837804923
0,0,0.07765473713376815
0,0,0.0732250060166571
0,0,0.07319826029484787
0,0,0.07592164733256723
0,0,0.07993796641187603
0,0,0.08075819966862607
0,0,0.08002334493382285
0,0,0.07976462993474137
0,0,0.08049033740571397
0,0,0.0853149863733419
0,0,0.08431763455008211
0,0,0.0877065275368457
0,0,0.08708621374772764
0,0,0.09146158253436973
0,0,0.09583951320547174
0,0,0.08643654722002748
0,0,0.08058315295659285
0,0,0.08402424333216216
0,0,0.08125765586558785
0,0,0.0789548431325472
0,0,0.08011016922413924
0,0,0.09383029223582798
0,0,0.0825667455383881
0,0,0.0831215144132896
0,0,0.07474745542000268
0,0,0.07418126070265887
0,0,0.0839486608346109
0,0,0.09784889751536152
0,0,0.09291476974804057
0,0,0.10479556997670185
0,0,0.12465799940576543
0,0,0.11050990873240296
0,0,0.09652048503072849
0,0,0.09405521398940095
0,0,0.10522010658016548
0,0,0.11637295115701435
0,0,0.09789940555285806
0,0,0.08614563423871976
0,0,0.09050966352226215
0,0,0.08489789296555138
0,0,0.09197798700101324
0,0,0.10114674027143686
0,0,0.08647634113933612
0,0,0.09110815306284226
0,0,0.07338091560571602
0,0,0.07311302003447194
0,0,0.0739016708140612
0,0,0.07355164812863259
0,0,0.07305614872243717
0,0,0.07314613051989283
0,0,0.0729066597767691
0,0,0.07358129171183618
0,0,0.07455520092040611
0,0,0.07408120158182997
0,0,0.07782247968387809
0,0,0.07942991207890594
0,0,0.07542801584535413
0,0,0.07453810612788626
0,0,0.07288712823907609
0,0,0.07268904298588671
0,0,0.07485095686079637
0,0,0.0736626099580411
0,0,0.07279620437115926
0,0,0.07281350163014752
0,0,0.07455208754835328
0,0,0.07689470062935715
0,0,0.07895440104865262
0,0,0.15082616505304333
0,0,0.14671607809029602
0,0,0.14829194081937414
0,0,0.15274597163307346
0,0,0.1517786021843618
0,0,0.15046045484075896
0,0,0.14731741529492656
0,0,0.1451849237455579
0,0,0.15189296854551673
0,0,0.15454596205752974
0,0,0.14729025434255205
0,0,0.14726603045811118
0,0,0.14872093874498832
0,0,0.15037175708263895
0,0,0.15509845488299748
0,0,0.1502483960644433
0,0,0.14712531538339693
0,0,0.1490233229857069
0,0,0.148529846029308
0,0,0.14650697952335326
0,0,0.14402645737007583
0,0,0.13831380523196915
0,0,0.14196178583032715
0,0,0.1485059849306435
0,0,0.15001171885605738
0,0,0.14359923563727045
0,0,0.1426017574156722
0,0,0.1400524933765087
0,0,0.14006628639060095
0,0,0.14834424386165632
0,0,0.1491773265775992
0,0,0.14325827572668734
0,0,0.14497788729205974
0,0,0.14868478796681525
0,0,0.14595644433159657
0,0,0.14729649969588612
0,0,0.1428040639666352
0,0,0.1428861332008724
0,0,0.14900560520074357
0,0,0.15091582777443116
0,0,0.15405242342821193
0,0,0.15471108875249473
0,0,0.12371884756914904
0,0,0.12191600724618987
0,0,0.15916714442917884
0,0,0.1530239144517765
0,0,0.14785278553158673
0,0,0.15370385563985103
0,0,0.16301153009199332
0,0,0.15859187619582604
0,0,0.1471094732611591
0,0,0.1536621128170542
0,0,0.14985121852032057
0,0,0.14643555821822182
0,0,0.1504065652177259
0,0,0.1494629474480462
0,0,0.1499815652238325
0,0,0.14929044567740513
0,0,0.14693916462210843
1,0,0.09550651634487686
1,0,0.10064336523445176
1,0,0.09493642791183983
1,0,0.08046238652662649
1,0,0.08048436196958939
1,0,0.08131429830950401
1,0,0.08462310213189086
1,0,0.08366128081902915
1,0,0.07670244422324775
1,0,0.07804404233288961
1,0,0.08236390457271711
1,0,0.08050501828095434
1,0,0.08174735606961044
1,0,0.09118614385981005
1,0,0.10963361954287999
1,0,0.08987702404377489
1,0,0.0774005052828666
1,0,0.08015274080438942
1,0,0.09090340859658187
1,0,0.08953340007319263
1,0,0.09421441998074145
1,0,0.09892782555109887
1,0,0.08351085837083436
0,0,0.0880415569813706
0,0,0.0928733054687607
0,0,0.0911456348288703
0,0,0.08538492925185776
0,0,0.08089638441729892
0,0,0.08347644631346138
0,0,0.08435217208391217
0,0,0.08555128436404018
0,0,0.08159228955097245
0,0,0.07830257289414627
0,0,0.0808971482369149
0,0,0.08607231964501096
0,0,0.08985414046453734
0,0,0.08355375594764498
0,0,0.08049555501879098
0,0,0.07850873567599044
0,0,0.07878216951772447
0,0,0.08213475394343302
0,0,0.08143976747273488
0,0,0.07587951418410878
0,0,0.07444191346788562
0,0,0.07889267752056979
0,0,0.07943702100957083
0,0,0.17557403061490953
0,0,0.20341442668359033
0,0,0.19507503033772397
0,0,0.15960074734550966
0,0,0.12644940674220245
0,0,0.11772117442201527
0,0,0.11527995909066752
0,0,0.11638596452877686
0,0,0.11547193658141132
0,0,0.11401908402797904
0,0,0.11296671680171246
0,0,0.11467134453301296
0,0,0.11540565641772414
0,0,0.11413775152724741
0,0,0.1159189524030176
0,0,0.11593407816084836
0,0,0.1150795255637713
0,0,0.11522405429166528
0,0,0.11676448959095352
0,0,0.1186751856107354
0,0,0.11934022404109323
0,0,0.11772889814568517
0,0,0.11944797849525979
0,0,0.1193115739934612
0,0,0.117211325822435
0,0,0.11732193267912086
0,0,0.11688846960877605
0,0,0.11653689311159153
0,0,0.11385992748726899
0,0,0.10633381326263869
0,0,0.1085383447261185
0,0,0.11444719707764472
0,0,0.11079011920720083
0,0,0.10848442355677149
0,0,0.11025236332509825
0,0,0.11219407252058043
0,0,0.11357903320289449
0,0,0.11304518237512731
0,0,0.10923383353484792
0,0,0.10803706478490813
0,0,0.10937533038731972
0,0,0.10984772940351023
0,0,0.11159637603868122
0,0,0.11301843251142683
0,0,0.114062351451932
0,0,0.11472643060786507
0,0,0.11437320676458096
0,0,0.11347588508691185
0,0,0.11464632003847777
0,0,0.11494603115886298
0,0,0.1149608583221863
0,0,0.11314065059331281
0,0,0.11194656822689569
0,0,0.11333032628082584
0,0,0.11519866320640397
0,0,0.14598788249955597
0,0,0.18964275306197345
0,0,0.17632005919002794
0,0,0.15571822055759868
0,0,0.14915470346467527
0,0,0.11785647329832426
0,0,0.11213632759527864
0,0,0.11789091856745261
0,0,0.12079644400709562
0,0,0.1145354756429469
0,0,0.11151697703123571
0,0,0.11203935374777918
0,0,0.11357657548671508
0,0,0.14729525484231332
0,0,0.12927873463643785
0,0,0.14109425331473563
0,0,0.18396196083121638
0,0,0.18347645911107352
0,0,0.14688643954413158
0,0,0.13385211843585063
0,0,0.12367327188631662
0,0,0.1569771065615303
0,0,0.18070386656087592
0,0,0.17099873016296663
0,0,0.1704082634140072
0,0,0.18537213391643842
0,0,0.1824305919154028
0,0,0.18392433335420644
0,0,0.190195180761887
0,0,0.1882191806777842
0,0,0.1808588930774411
0,0,0.15441342933178961
0,0,0.16864200338157656
0,0,0.17846958341821534
0,0,0.1773176573954432
0,0,0.17740718715435555
0,0,0.17767330002625872
0,0,0.17740357995833686
0,0,0.17254525835936477
0,0,0.1704281529757538
0,0,0.17280828212281196
0,0,0.17686729459199538
0,0,0.1776860180089671
0,0,0.1745704680285494
0,0,0.1765354584516449
0,0,0.1775575712676171
0,0,0.17504610879077237
0,0,0.17350155259525216
0,0,0.17220385391262977
0,0,0.17671184662479822
0,0,0.17786731993921864
0,0,0.18407767620266838
0,0,0.18940159100686396
0,0,0.18336255831022516
0,0,0.18001419718163755
0,0,0.18116163454840153
0,0,0.1842605985239357
0,0,0.1842948305373815
0,0,0.1806360047231831
0,0,0.20172903194025119
0,0,0.18005252450199538
0,0,0.1844968665632441
0,0,0.19191025683857602
0,0,0.18805217164401963
0,0,0.18427362031697894
0,0,0.18045542685966307
0,0,0.17892410463963646
0,0,0.18026254032015743
0,0,0.1862613670706206
0,0,0.19265884167540331
0,0,0.1825085855086997
0,0,0.17351478972980924
0,0,0.18091485361288215
0,0,0.183178692664711
0,0,0.18057402413392667
0,0,0.1758916205710577
0,0,0.16552174699534392
0,0,0.17342429378861834
0,0,0.18344640586383965
0,0,0.1660994551244827
0,0,0.154721092146082
0,0,0.15883189683389193
0,0,0.21628720886426317
0,0,0.2186772740339189
0,0,0.21880124115963934
0,0,0.22300077489348047
0,0,0.22609597765233783
0,0,0.21940422856689176
0,0,0.227376861931094
0,0,0.22987949604762137
0,0,0.21802527565469731
0,0,0.20949662112071585
0,0,0.2158425010014283
0,0,0.2092936140674169
0,0,0.21376006762976393
0,0,0.21408242475692457
0,0,0.21370162475177534
0,0,0.2236715222300098
0,0,0.225247951901101
0,0,0.22126457754900614
0,0,0.2139904435868354
0,0,0.21550439158879875
0,0,0.21334440613597416
0,0,0.21718262142347924
0,0,0.22224916551590654
0,0,0.21878420932685458
0,0,0.2094230161408371
0,0,0.1972270536214897
0,0,0.20599971239076337
0,0,0.21946201821816938
0,0,0.22528380688752658
0,0,0.21998587419345428
0,0,0.20785093958383133
0,0,0.2137722844816911
0,0,0.19878305082974188
0,0,0.20154367517740088
0,0,0.20910743272798082
0,0,0.2102597594884521
0,0,0.21098655369212588
0,0,0.20495658162270727
0,0,0.19440782705224594
0,0,0.19118614266600076
0,0,0.2015524320820096
0,0,0.20576726289223524
0,0,0.20835871125958397
0,0,0.21927294210675263
0,0,0.22059000368254608
0,0,0.2150799097771987
0,0,0.2054670233819697
0,0,0.211157928678683
0,0,0.20686338757855005
0,0,0.2074922551803388
0,0,0.2075446679679082
0,0,0.19954889962298675
0,0,0.20032187123742803
0,0,0.2091408826148615
0,0,0.2004255894457683
0,0,0.20448553314882556
0,0,0.21287102364416743
0,0,0.21374219792310553
0,0,0.20916264483796235
0,0,0.2122930188102506
0,0,0.2164340566903379
0,0,0.21504095402718074
0,0,0.2075440647729292
0,0,0.2077942321718823
0,0,0.21232177426603258
0,0,0.2121881628211143
0,0,0.20504493452271966
0,0,0.2104873535742357
0,0,0.21664374458073005
0,0,0.21555779345245332
0,0,0.20649847841844615
1,0,0.1419522483655281
1,0,0.1362931358901769
1,0,0.1363732120952833
1,0,0.13269438615829265
1,0,0.13269695568392045
1,0,0.13649995710017387
1,0,0.13721554906830022
1,0,0.13675018915424364
1,0,0.13584170007724305
1,0,0.13708878302271912
1,0,0.13274162957840477
1,0,0.1327529082347124
1,0,0.13922090031038267
1,0,0.13697850182284005
1,0,0.13580972674952665
1,0,0.138810347734884
1,0,0.1349708955439447
1,0,0.13463123189963488
1,0,0.13895234012363636
1,0,0.13641409405640326
1,0,0.1391312438488781
1,0,0.14202309527841844
1,0,0.13753195309014143
1,0,0.1519074015894418
1,0,0.14086908576877236
1,0,0.13610714652414194
1,0,0.13613429564883603
1,0,0.13427086471873895
1,0,0.13587344774565452
1,0,0.13879670346379117
1,0,0.13736506533491638
1,0,0.1381067450549034
1,0,0.1379685977141214
1,0,0.13602288008003421
1,0,0.13603101846512863
1,0,0.13714818987768668
1,0,0.1351048061716152
1,0,0.13452127340537115
1,0,0.13627027777214742
1,0,0.13627996306140774
1,0,0.13421249577242078
1,0,0.13427495967764075
1,0,0.13594234581025433
1,0,0.13303207339072373
1,0,0.13318814893196942
1,0,0.1383157649618638
1,0,0.1374298060197612
1,0,0.13677513114093345
1,0,0.1387686750023732
1,0,0.13444665981926682
1,0,0.1336275443885135
1,0,0.13488045658920692
1,0,0.13671575665457703
1,0,0.14189384094210844
1,0,0.1386136976487344
1,0,0.13641275322589463
1,0,0.13815281103508145
1,0,0.13901965924449927
1,0,0.13789404779145079
1,0,0.13882967178780345
1,0,0.13457476510805236
1,0,0.1338145577474927
1,0,0.1376807956046379
1,0,0.13706752132787584
1,0,0.13645195547820516
1,0,0.13747534035361275
1,0,0.13698032310522137
1,0,0.13811305553170825
1,0,0.14552124015347384
1,0,0.13267917356452089
1,0,0.14635004897957843
1,0,0.1382129356450231
1,0,0.13520126954035197
1,0,0.13566453982089638
1,0,0.13729569889584914
1,0,0.14041455817140472
1,0,0.13336301500287953
1,0,0.13283210980410928
1,0,0.1326862123196728
1,0,0.13269003962547296
1,0,0.13560467496764708
1,0,0.13442389183336706
1,0,0.13431436653884438
1,0,0.13632233430246068
1,0,0.1326794661562594
1,0,0.1326802578945067
1,0,0.13877804804449964
1,0,0.14296997309688925
1,0,0.14544737416537323
1,0,0.13822088235854163
1,0,0.13800214610002265
1,0,0.14274600071306856
0,0,0.1383447657060579
0,0,0.13824935243495942
0,0,0.13737601624643528
0,0,0.13582985575377782
0,0,0.1362987304004204
0,0,0.13640942237828177
0,0,0.13713694431048085
0,0,0.1373616976351274
0,0,0.13632173931788538
0,0,0.13693733891523396
0,0,0.1381155641568779
0,0,0.14034784655693422
0,0,0.13873890702070243
0,0,0.13789729152381083
0,0,0.13793006958601836
0,0,0.13784353543871858
0,0,0.13819992535768857
0,0,0.13915559655253906
0,0,0.1366300192789508
0,0,0.13482878521718916
0,0,0.13654172814312204
0,0,0.14720844690903773
0,0,0.16848941454377533
0,0,0.2509963481834978
0,0,0.2514929337114513
0,0,0.24972093471487639
0,0,0.25725423162532296
0,0,0.24684570477243295
0,0,0.24660887604914866
0,0,0.2583329320157458
0,0,0.2510877111727184
0,0,0.2554213220206972
0,0,0.2510602041402691
0,0,0.25217877138009787
0,0,0.2609343378983053
0,0,0.2610614657729044
0,0,0.25685140030568154
0,0,0.2563576709349409
0,0,0.2565243779544964
0,0,0.25981462930140947
0,0,0.2573926163479159
0,0,0.25716545312064526
0,0,0.2613384298883924
0,0,0.26144195141532034
0,0,0.2620843475016559
0,0,0.25957757883200794
0,0,0.2566458931199096
0,0,0.2577258906582293
0,0,0.2608248330480661
0,0,0.25680236794263717
0,0,0.25382940956280353
0,0,0.2456441572729044
0,0,0.2386026033078686
0,0,0.2455580220566807
0,0,0.25433357641309634
0,0,0.2576266359411568
0,0,0.25796435976399573
0,0,0.2534048513617603
0,0,0.25471668079346443
0,0,0.24691393796380312
0,0,0.24428592352655149
0,0,0.24994742981920842
0,0,0.2536499775555978
0,0,0.256103723447675
0,0,0.24478515481214724
0,0,0.2403398478414804
0,0,0.24919042656293003
0,0,0.24920693216485662
0,0,0.24996485718347353
0,0,0.25637150139367537
0,0,0.25364158828297806
0,0,0.24981545577150385
0,0,0.2508785308642917
0,0,0.2471512628417711
0,0,0.24303622250257675
0,0,0.2477328229637531
0,0,0.2515138734007892
0,0,0.23194047616489738
0,0,0.21981076608173636
0,0,0.2412861836118022
0,0,0.2508498313780778
0,0,0.2500015507953456
1,0,0.13375626934136964
1,0,0.1338693907745912
1,0,0.13472943122466743
1,0,0.1343162877159725
1,0,0.13313355819619788
1,0,0.1337264025680762
1,0,0.13808532214663213
1,0,0.13805821450213604
1,0,0.13692268446141467
1,0,0.1363988877355863
1,0,0.13326683473351386
1,0,0.13320370127463543
1,0,0.1383920815797706
1,0,0.1404316014642367
1,0,0.13909476709141513
1,0,0.14165577498898554
1,0,0.14336268093866822
1,0,0.13891041010529948
1,0,0.13904513141290384
1,0,0.1397319344148108
1,0,0.14265071107640429
1,0,0.1419001217807379
1,0,0.13708814137167055
0,0,0.13679854830007718
0,0,0.1389220907114306
0,0,0.1380731528388626
0,0,0.13651561700627668
0,0,0.1375530103949972
0,0,0.1370672308028151
0,0,0.1360704329686907
0,0,0.1365969653305916
0,0,0.13828294557092863
0,0,0.13901901709952016
0,0,0.1382464948380328
0,0,0.13704689515606977
0,0,0.13625737763739856
0,0,0.1364402192085483
0,0,0.1369046124682888
0,0,0.13589343405878174
0,0,0.1347432384999095
0,0,0.13367723536090736
0,0,0.1342038877805235
0,0,0.1350901985941172
0,0,0.13268172693741084
0,0,0.13268195738806135
0,0,0.13436131020337144
0,0,0.19725466364207217
0,0,0.1764779429292944
0,0,0.175628888737107
0,0,0.1767004408243659
0,0,0.17702396422991062
0,0,0.1760556009664762
0,0,0.17392729658562378
0,0,0.17260749036143477
0,0,0.17586683485676788
0,0,0.17564324202478465
0,0,0.17355249574321974
0,0,0.17603993774659513
0,0,0.17490281039541314
0,0,0.17332107392844157
0,0,0.1732296333541197
0,0,0.17418289407599816
0,0,0.17704181754074225
0,0,0.17923675055072
0,0,0.17730220405838795
0,0,0.17234616729047422
0,0,0.1788282467359406
0,0,0.18509885106265567
0,0,0.18225650188501405
0,0,0.17701096910412464
0,0,0.1736098562910888
0,0,0.17754392011734482
0,0,0.16536451638771515
0,0,0.15347831592602604
0,0,0.157253603743866
0,0,0.160670402533227
0,0,0.1610091059184009
0,0,0.16597929519529048
0,0,0.16512217466713022
0,0,0.15357066308008205
0,0,0.15890311584867878
0,0,0.17060199209290136
0,0,0.15714353311608065
0,0,0.16224764433264288
0,0,0.1685526100805104
0,0,0.16057315635305433
0,0,0.15944664532721714
0,0,0.16102072908954754
0,0,0.1632575916765749
0,0,0.16619092804250035
0,0,0.16751695973882852
0,0,0.16301427826265869
0,0,0.16756189675547453
0,0,0.1667298471813162
0,0,0.1647811500758758
0,0,0.16521580698865987
0,0,0.1628540280365914
0,0,0.16084508364929553
0,0,0.1604065844324588
0,0,0.15939807638333614
0,0,0.15693822000160437
0,0,0.15720294505157076
0,0,0.15443636770079447
0,0,0.15228951687881717
0,0,0.15284090393827549
0,0,0.1528253047357606
0,0,0.15151028978688227
0,0,0.15013929904269746
0,0,0.14739281773255195
0,0,0.14715004585284758
0,0,0.14705314426748692
0,0,0.14577680087025607
0,0,0.1449139302736472
0,0,0.14224402622202073
0,0,0.1736287067127022
0,0,0.16300556745891434
0,0,0.1667784008150387
0,0,0.16856638327109347
0,0,0.164370769299535
0,0,0.1617714046278164
0,0,0.17081926834545302
0,0,0.17209838196008634
0,0,0.17695680169457947
0,0,0.17809391092628984
0,0,0.16369721217375188
0,0,0.1651801750468768
0,0,0.1728081647088437
0,0,0.1732469868418386
0,0,0.1624168565678999
0,0,0.16103982035286243
0,0,0.16708703169711098
0,0,0.16326938841627267
0,0,0.15064416549681986
0,0,0.15244532021897758
0,0,0.16919419260101187
0,0,0.17169934102447532
0,0,0.1549664127039452
0,0,0.15108411199907504
0,0,0.16328432422867437
0,0,0.16256902610862425
0,0,0.16293439024826106
0,0,0.16111631812010457
0,0,0.14793285974091083
0,0,0.15182268303904595
0,0,0.16940350547982952
0,0,0.16962550961012604
0,0,0.16662456092004024
0,0,0.15753646954797892
0,0,0.15060136067618518
0,0,0.15146834048532853
0,0,0.1427432611600558
0,0,0.13778888526406352
0,0,0.14138061311129985
0,0,0.1518701942541706
0,0,0.1625090651243541
0,0,0.15876163850701536
0,0,0.15713371515022934
0,0,0.1567661125307999
0,0,0.15830381820100234
0,0,0.16554559922060114
0,0,0.24395714741571156
0,0,0.2439317141422067
0,0,0.24406752456409722
0,0,0.24393314116943865
0,0,0.24582513314973636
0,0,0.2455656275421648
0,0,0.24526592742915088
0,0,0.2448109506668034
0,0,0.24295340324743872
0,0,0.24419012359851947
0,0,0.24495545209582487
0,0,0.24594344201820065
0,0,0.24620734377148334
0,0,0.2449753518624363
0,0,0.24334512561092816
0,0,0.2441297212911341
0,0,0.24358180802345905
0,0,0.24447680689182055
0,0,0.24475601017875534
0,0,0.24462227710304682
0,0,0.2448331399880951
0,0,0.24411319123744998
0,0,0.24449045478883394
0,0,0.2383225166569698
0,0,0.24325478947138468
0,0,0.2445837512160221
0,0,0.24466982136912913
0,0,0.24399433411297133
0,0,0.24372646749913487
0,0,0.24563650554153693
0,0,0.24551367801743856
0,0,0.2412975178746899
0,0,0.2407118232360925
0,0,0.24416579234556296
0,0,0.2446431825520476
0,0,0.24559458987261296
0,0,0.24327373259428098
0,0,0.24311782286395972
0,0,0.2455709169165784
0,0,0.2439878343386162
0,0,0.2425352797512721
0,0,0.24304729011757784
0,0,0.24488430697631897
0,0,0.24384529077071163
0,0,0.24449004032473876
0,0,0.24541419191256778
0,0,0.24497228564085696
0,0,0.24423918642913442
0,0,0.24389613200801633
0,0,0.2454774765811075
0,0,0.24612045498055576
0,0,0.24457525887358847
0,0,0.24455558945181827
0,0,0.24498717361024305
0,0,0.24474070033523587
0,0,0.24340583074304742
0,0,0.24291837848950523
0,0,0.2440742622488865
0,0,0.24540593675482586
0,0,0.24562188608601881
0,0,0.24548014929881268
0,0,0.24612228715472195
0,0,0.24608722363843472
0,0,0.24515666254617213
0,0,0.24466129918241586
0,0,0.2454165477896074
0,0,0.24583266070474918
0,0,0.24617573124172268
0,0,0.24447880371774752
0,0,0.2415452045977509
0,0,0.24347503469036472
0,0,0.24396829141163603
0,0,0.24256576819522965
0,0,0.23945483327014094
0,0,0.24195016836749156
0,0,0.24413594033271402
0,0,0.244093522757465
0,0,0.2440695960621952
0,0,0.24491954635362292
0,0,0.24460479150027914
0,0,0.24470060476978497
0,0,0.2452779022740933
0,0,0.24573987103424644
0,0,0.2450004846588989
0,0,0.2446323943327615
0,0,0.24505659218614395
0,0,0.24513898996284797
0,0,0.24476104367940948
0,0,0.24412938596787045
0,0,0.2451186769395172
0,0,0.24542466445760916
0,0,0.24542369948648154
0,0,0.24370645107954525
0,0,0.2451189378740134
0,0,0.24375761048646177
0,0,0.24129405898781925
0,0,0.2437197699247103
0,0,0.24456167746158652
0,0,0.24114751442642604
0,0,0.2422786291275401
0,0,0.24492870769747296
0,0,0.2449474129142088
0,0,0.24259059096700925
0,0,0.24086370989606126
0,0,0.24268420395402013
0,0,0.24384645593081963
0,0,0.24542087135826393
0,0,0.2427468012351785
0,0,0.24081863322799618
0,0,0.24322281287963707
0,0,0.2439707569615834
0,0,0.24083061884444243
0,0,0.23901998116094586
0,0,0.24226381053843268
0,0,0.242791089595134
0,0,0.24286378755603333
0,0,0.24552325695249133
1,0,0.24291666083493002
1,0,0.24254999408162073
1,0,0.2443808737095181
1,0,0.244840878336106
1,0,0.24249525757693224
1,0,0.2411234247258628
1,0,0.24431002950813602
1,0,0.24344089999793156
1,0,0.2445784076757632
1,0,0.24376896128355932
1,0,0.24381610461315198
1,0,0.2444801879167286
1,0,0.24303843441237202
1,0,0.24239308781181468
1,0,0.24456331991480376
1,0,0.24449092946484455
1,0,0.24539360626884277
1,0,0.24566905745632417
1,0,0.24466544665137732
1,0,0.24191198026178615
1,0,0.2419075228648174
1,0,0.2436030928878565
1,0,0.24542678962004597
1,0,0.23734036317718854
1,0,0.2449180478449403
1,0,0.24404164561369396
1,0,0.2441097799295945
1,0,0.245798105540955
1,0,0.2457321705353077
1,0,0.2451057790547393
1,0,0.24588518903582388
1,0,0.24600934381156428
1,0,0.24567108094325898
1,0,0.24476103204259841
1,0,0.2446957265865212
1,0,0.2458315632419789
1,0,0.2457288059353063
1,0,0.24342552248334912
1,0,0.24285045864946345
1,0,0.244419737909241
1,0,0.2457617556454006
1,0,0.2460840106087279
1,0,0.24689828037237083
1,0,0.24702110570979466
1,0,0.2465098642984274
1,0,0.24696056714373568
0,0,0.23848829794210505
0,0,0.23775307385562883
0,0,0.2451099061556649
0,0,0.24719297659103678
0,0,0.24434017069378822
0,0,0.24392468825608996
0,0,0.24322544381167147
0,0,0.2442010381448703
0,0,0.24681251236287183
0,0,0.24621757492080448
0,0,0.24519304924467425
0,0,0.2444958268044823
0,0,0.2460824282244397
0,0,0.24594927639230885
0,0,0.2459951007674126
0,0,0.2463070527660286
0,0,0.24421083755539094
0,0,0.24388938698434437
0,0,0.24515337163547568
0,0,0.2450843140242031
0,0,0.24581431713926435
0,0,0.24523018206044753
0,0,0.2452102225070028
1,0,0.24676141120150055
1,0,0.24622867434561904
1,0,0.24591094500984795
1,0,0.24435191427578035
1,0,0.24394832809247777
1,0,0.24517556491873402
1,0,0.24442770372783484
1,0,0.2439114444135754
1,0,0.2453118631460786
1,0,0.24526009231389767
1,0,0.24437518768696143
1,0,0.2444767898864673
1,0,0.2449524358050158
1,0,0.2431640847644499
1,0,0.24376211316571195
1,0,0.24351819787247883
1,0,0.24271413306090614
1,0,0.2427803007681258
1,0,0.24131550177763095
1,0,0.24164753292174376
1,0,0.2441715204096108
1,0,0.24342607722442589
1,0,0.2441943749959179
0,0,0.2431147600400941
0,0,0.2428629274524393
0,0,0.24520515173363505
0,0,0.24739614895565445
0,0,0.24713119957599727
0,0,0.24589375694951623
0,0,0.24737792746270398
0,0,0.24816631604434455
0,0,0.24641450626485129
0,0,0.24677147043744216
0,0,0.24677714626805297
0,0,0.2469175654434661
0,0,0.2471139504205939
0,0,0.24677463689276655
0,0,0.246759346414503
0,0,0.24831115300512943
0,0,0.24858451105493992
0,0,0.24733739775895705
0,0,0.24779166120555166
0,0,0.24934022846563497
0,0,0.24827476945018948
0,0,0.24576215886912312
0,0,0.2476139687059194
0,0,0.24824346009549703
0,0,0.24830419342533586
0,0,0.2492844810931205
0,0,0.24679773313279924
0,0,0.24482676330484496
0,0,0.24483722559580987
0,0,0.24692329861795576
0,0,0.24761049379792474
0,0,0.2509794660408581
0,0,0.2512539106963803
0,0,0.24666187339360157
0,0,0.252957298647933
0,0,0.2528834510775439
0,0,0.24812018089363497
0,0,0.24743501261634365
0,0,0.24775241889744198
0,0,0.24738552111702908
0,0,0.24783219063651618
0,0,0.250361525386394
0,0,0.249038944573736
0,0,0.2465538881347815
0,0,0.25111159925565674
0,0,0.2538968380659879
0,0,0.2553966538749404
0,0,0.25529751601634343
0,0,0.24813123883761454
0,0,0.24751228536918257
0,0,0.247750032513193
0,0,0.24758502157710646
0,0,0.247069923877102
0,0,0.24665905274214608
0,0,0.24582899342588388
0,0,0.24567191046073253
0,0,0.24610410522193651
0,0,0.24679199984389144
0,0,0.24756891669700928
1,0,0.24412113678523717
1,0,0.24446477931577004
1,0,0.24707323684072235
1,0,0.24528245793839545
1,0,0.24446063179906224
1,0,0.24430003633591585
1,0,0.23892362460412492
1,0,0.2394636843840014
1,0,0.24416314731039626
1,0,0.2442910547333313
1,0,0.24325003327317657
1,0,0.2420016352608551
1,0,0.2443912557926462
1,0,0.24399691522076944
1,0,0.24398298434436108
1,0,0.24285411815282393
1,0,0.24204745129222419
1,0,0.24281847285111607
1,0,0.2420939941347986
1,0,0.24614117216509568
1,0,0.24482461814669165
1,0,0.24359587850320558
1,0,0.2557355081674489
1,0,0.24404297708319442
1,0,0.24435515302929936
1,0,0.24533500765390895
1,0,0.24465499569957253
1,0,0.24509188537251408
1,0,0.24517394067717108
1,0,0.24441172269906875
1,0,0.24471193690862783
1,0,0.24418346851142333
1,0,0.24356599103889134
1,0,0.24478450421691544
1,0,0.24518110888284814
1,0,0.2449448954784865
1,0,0.24559004200590323
1,0,0.2446718220778285
1,0,0.24470150118643957
1,0,0.24545359176246873
1,0,0.24547197421519718
1,0,0.24509177740130003
1,0,0.24445810333845402
1,0,0.24406371428479187
1,0,0.24526922670157864
1,0,0.24499433292416758
0,0,0.2443992337636877
0,0,0.24476198824771564
0,0,0.24470049849011116
0,0,0.24599746369757067
0,0,0.24606288149641573
0,0,0.2451508406313574
0,0,0.24503193101092105
0,0,0.24513642077913342
0,0,0.2449865628773915
0,0,0.2453488352870326
0,0,0.2455958559722373
0,0,0.2449976859017186
0,0,0.24473987959520885
0,0,0.2447411397225375
0,0,0.2443164789992633
0,0,0.24437685280418261
0,0,0.24449251820340212
0,0,0.24421032427270126
0,0,0.24397566272161864
0,0,0.24411250168894386
0,0,0.24460353290221262
0,0,0.24571106680246735
0,0,0.24523044453807222
0,0,0.24484942819216712
0,0,0.24426800254123415
0,0,0.2437253480970587
0,0,0.2456278717838455
0,0,0.2464914063255486
0,0,0.24457515138979416
0,0,0.24478988081331732
0,0,0.24547001773798294
0,0,0.2444477531695514
0,0,0.24497754608475025
0,0,0.24644110678090794
0,0,0.24664669132409678
0,0,0.24609428587817095
0,0,0.24567884439209825
0,0,0.24491086949517002
0,0,0.24430088625851126
0,0,0.245003541808268
0,0,0.24444967789083014
0,0,0.24426831025073512
0,0,0.24505698520204952
0,0,0.2450335660189144
0,0,0.24528816757834476
0,0,0.24488471006219306
0,0,0.2450565277877758
0,0,0.24559633773372325
0,0,0.24545295301224554
0,0,0.24522249483493114
0,0,0.2447558274979629
0,0,0.24549259752609895
0,0,0.2457835291714571
0,0,0.24485367614577006
0,0,0.24508600941570197
0,0,0.24369711712428335
0,0,0.24347826241046291
0,0,0.2449743926219543
0,0,0.24501056994062842
0,0,0.24460458525469486
0,0,0.24431350666247592
0,0,0.24481465195685465
0,0,0.24485801776599694
0,0,0.24469361207635143
0,0,0.24476775869765913
0,0,0.2448768128376562
0,0,0.24506452814708374
0,0,0.2452055588772479
0,0,0.2432283720222078
0,0,0.2431860265614118
0,0,0.24376423468607414
0,0,0.2444989803209308
0,0,0.24460468833124263
0,0,0.24444118177184798
0,0,0.24418155939816905
0,0,0.2448671362140788
0,0,0.24444480844397307
0,0,0.24450559928070642
0,0,0.24475586418094425
0,0,0.24485278043313133
0,0,0.2449987859359601
0,0,0.24631868425827336
0,0,0.2449812844112943
0,0,0.2451607004694531
0,0,0.24498418860039398
0,0,0.2444780583513972
0,0,0.24444891675957828
0,0,0.24595658767259881
0,0,0.2444880366831646
0,0,0.2438730282923824
0,0,0.24397621733932373
0,0,0.24466782462571585
0,0,0.24415199032258564
0,0,0.24406861222070322
0,0,0.24501889901400245
0,0,0.2444417865538517
0,0,0.24447984940085757
0,0,0.24493613384215715
0,0,0.24499947235391245
0,0,0.24453327853388196
0,0,0.2434281410649206
0,0,0.24467049059844756
0,0,0.24489162236481746
0,0,0.24383949948008055
0,0,0.24360980529384482
0,0,0.24440166011147038
0,0,0.2447883527970118
0,0,0.24403881315102602
0,0,0.24390402167232358
0,0,0.24399784773283606
0,0,0.243865426233125
0,0,0.2426971871394819
0,0,0.24316123482901034
0,0,0.24456506953166623
0,0,0.2201588063556303
0,0,0.21378627460181837
0,0,0.2160783963455268
0,0,0.2152207048768418
0,0,0.21099401071443463
0,0,0.21362068109757432
0,0,0.21832405080379508
0,0,0.20330079621182834
0,0,0.1845317722331645
0,0,0.20024399160512923
0,0,0.18977811008681578
0,0,0.19647598735956934
0,0,0.21909819014890294
0,0,0.19206872370940548
0,0,0.21381658199548212
0,0,0.21856815606900135
0,0,0.18626055108688438
0,0,0.20973406337282702
0,0,0.21545925655379503
0,0,0.19045180948468438
0,0,0.1860710241663282
0,0,0.1982279403845734
0,0,0.20128841655915272
0,0,0.23238529636130512
0,0,0.23170625946876247
0,0,0.22006841657213172
0,0,0.22365983190137798
0,0,0.23637747942202098
0,0,0.22417811089503384
0,0,0.22782165683292346
0,0,0.23076512513856332
0,0,0.23043235956226676
0,0,0.22486139314111522
0,0,0.21940217233992276
0,0,0.21845030419128017
0,0,0.2232722439111073
0,0,0.21825024160433912
0,0,0.2252032880824701
0,0,0.2293557588853068
0,0,0.22905489425384554
0,0,0.22492394090147289
0,0,0.22904798756579642
0,0,0.23047876954446536
0,0,0.22976541252669633
0,0,0.22290500268020685
0,0,0.22442333454780283
0,0,0.22609124971371744
0,0,0.23040106604271351
0,0,0.22553032776936346
0,0,0.21964864400106315
0,0,0.21952959703884406
0,0,0.22804241233093675
0,0,0.2247314687277043
0,0,0.22028865213946616
0,0,0.22405075279441708
0,0,0.23186057540955352
0,0,0.22725079624838973
0,0,0.2244827714764985
0,0,0.22430714470910484
0,0,0.23022944544986837
0,0,0.22668156125987204
0,0,0.22651735323890515
0,0,0.22831983801278893
0,0,0.23203562518734944
0,0,0.23133873083752124
0,0,0.22949570006834769
0,0,0.23340041092782648
0,0,0.23649813787060117
0,0,0.23068661170005753
0,0,0.2338657381939519
0,0,0.2359584586762542
0,0,0.23228482791254965
0,0,0.2294884272756935
0,0,0.23166997299482553
0,0,0.2296883206213002
0,0,0.22827136350071653
0,0,0.22117954762981942
0,0,0.22447017404146818
0,0,0.23088850442594971
0,0,0.22537190936704257
0,0,0.21484449201518932
0,0,0.22266660909121377
0,0,0.23177192203503627
0,0,0.227045897827269
0,0,0.22395537688187728
0,0,0.22754321112199938
0,0,0.23036955887648541
0,0,0.22889789743533187
0,0,0.2369594531387847
0,0,0.24044205397680243
0,0,0.225139705954258
0,0,0.22061599784816296
0,0,0.23100474524979203
0,0,0.2258234019249246
1,0,0.15101658363448786
1,0,0.1379987962282569
1,0,0.138046343148762
1,0,0.1362461674881806
1,0,0.13543651700344256
1,0,0.13453195516808902
1,0,0.1348150781877776
1,0,0.1348389865317695
1,0,0.13742937052526524
1,0,0.13764030818944525
1,0,0.13854128320880413
1,0,0.13439913576702273
1,0,0.13448452174900155
1,0,0.13728067110996284
1,0,0.13879259815781966
1,0,0.14453970495949503
1,0,0.13966437407741297
1,0,0.13292433835617085
1,0,0.13287501584818479
1,0,0.13653623513425578
1,0,0.13915290063315594
1,0,0.13770271561981262
1,0,0.1350354618856699
1,0,0.140473774534576
1,0,0.14258896720870373
1,0,0.147299673069104
1,0,0.14824487937616346
1,0,0.1400132745700667
1,0,0.13798565927569956
1,0,0.1386520419263209
1,0,0.14460157169220222
1,0,0.14899083796868173
1,0,0.14056277799988418
1,0,0.1364864954417164
1,0,0.1357248896423928
1,0,0.1373103609684044
1,0,0.1341465901984736
1,0,0.13382748526576652
1,0,0.13489384256363593
1,0,0.1326796197689095
1,0,0.13267968601633257
1,0,0.1326791741389927
1,0,0.13267914397024533
1,0,0.13268393314459334
1,0,0.13915140932977535
1,0,0.14109486163037346
1,0,0.13269046045393376
1,0,0.13285114541350407
1,0,0.13277556902076285
1,0,0.13290782494873196
1,0,0.13268152674165856
1,0,0.13267914397358938
1,0,0.13267920308171843
1,0,0.1327012265493867
1,0,0.13270365343943522
1,0,0.13267914398165867
1,0,0.13267920971319508
1,0,0.13366674949995383
1,0,0.13569295675432688
1,0,0.133602768073171
1,0,0.1340096140966142
1,0,0.1345561900845005
1,0,0.13695562168086356
1,0,0.13741765753655277
1,0,0.1339260812104555
1,0,0.13357234913213656
1,0,0.13384981985926553
1,0,0.1340346765901082
1,0,0.1391526116078624
0,0,0.13931845689265773
0,0,0.14420295704060354
0,0,0.16038392376043104
0,0,0.16356790877128866
0,0,0.14944914140125323
0,0,0.1622303206462152
0,0,0.1756811312126732
0,0,0.18089897430179758
0,0,0.18466129141799567
0,0,0.1327546760418982
0,0,0.13275372816847156
0,0,0.16307550778490787
0,0,0.1682182924980444
0,0,0.19662235790194815
0,0,0.1663093208502639
0,0,0.1623593671599708
0,0,0.16610530120455277
0,0,0.15591249328243584
0,0,0.1780748973043111
0,0,0.19545879322453963
0,0,0.1385172688404072
0,0,0.1386952711449973
0,0,0.17825488613473825
0,0,0.1388131759722778
0,0,0.134165291244365
0,0,0.13320378475460246
0,0,0.13660700199807818
0,0,0.137268044022933
0,0,0.1434904045528565
0,0,0.13445693914280485
0,0,0.13442299045102044
0,0,0.13643164058093843
0,0,0.13770229422184255
0,0,0.13272668879187793
0,0,0.13327845451286988
0,0,0.13421959960408203
0,0,0.13277652285707106
0,0,0.13436026003429777
0,0,0.13448441271864958
0,0,0.13375693070712316
0,0,0.1361485839651837
0,0,0.13298212782732693
0,0,0.13308544488190155
0,0,0.14473866828725465
0,0,0.16022716286955144
0,0,0.1855022431719769
1,0,0.2267916375352133
1,0,0.237543943370565
1,0,0.23582654381218926
1,0,0.23278459748002464
1,0,0.23439993909168078
1,0,0.24001178321695404
1,0,0.2388376006145402
1,0,0.23775709092139602
1,0,0.23441004847320535
1,0,0.2296047973207428
1,0,0.22979951902248344
1,0,0.23237511729829996
1,0,0.23161737799865567
1,0,0.23179758097917738
1,0,0.23382567381681738
1,0,0.23133977843688067
1,0,0.22333159467663405
1,0,0.22284237109599714
1,0,0.22711111822246205
1,0,0.22834030207683578
1,0,0.22832027544484193
1,0,0.23137248470460545
1,0,0.23510980853748936
1,0,0.23401353142321468
1,0,0.23699946601571042
1,0,0.24247325832705166
1,0,0.24029118561872614
1,0,0.23736234160776148
1,0,0.23518640926244036
1,0,0.2323417640372972
1,0,0.22094917082343016
1,0,0.22499181558439932
1,0,0.2386343502394406
1,0,0.24130002222261868
1,0,0.24243483172295532
1,0,0.2430898327757571
1,0,0.24509760640453374
1,0,0.2443287658948186
1,0,0.2436100686847252
1,0,0.24392605636312806
1,0,0.23773257320307076
1,0,0.23512435051113226
1,0,0.23569045690128604
1,0,0.23592861767924642
1,0,0.23831271980862806
1,0,0.23872666751477956
1,0,0.2379169702182695
1,0,0.23513187726172916
1,0,0.23369531414413944
1,0,0.23197559909743395
1,0,0.23766198851909964
1,0,0.2400311141822406
1,0,0.2373198597433541
1,0,0.23565061135606385
1,0,0.22913154493603421
1,0,0.22339348355227304
1,0,0.2167733589112382
1,0,0.2129277590856474
1,0,0.21940380179167468
1,0,0.13663500387250063
1,0,0.13698647106666098
1,0,0.14161171634906153
1,0,0.1477190816005033
1,0,0.1426929613098314
1,0,0.139333364631794
1,0,0.1386989575797845
1,0,0.15446322884131938
1,0,0.17929982276364453
1,0,0.17946041562830842
1,0,0.15492564463104708
1,0,0.1444891225124697
1,0,0.13959857858329155
1,0,0.13611727223358322
1,0,0.13361384963877881
1,0,0.13420998604405024
1,0,0.1451413710147659
1,0,0.132679185653665
1,0,0.132679143970244
1,0,0.13282425274198834
1,0,0.13268043860661066
1,0,0.13267914397150968
1,0,0.13267944732928258
1,0,0.14231964187324414
1,0,0.14301811183044058
1,0,0.14364171796690298
1,0,0.1415116614619665
1,0,0.1387055273390199
1,0,0.13283705627856507
1,0,0.13268374960785156
1,0,0.13271633566448957
1,0,0.13267914803599415
1,0,0.1326791467771186
1,0,0.132679143970244
1,0,0.132679143970244
1,0,0.132679143970244
1,0,0.13267926242738695
1,0,0.132679143970244
1,0,0.132679143970244
1,0,0.132679143970244
1,0,0.132679143970244
1,0,0.132679143970244
1,0,0.13267914415074336
1,0,0.1326795566865067
1,0,0.1326796737408387
1,0,0.13267914468225683
0,0,0.21332531750745
0,0,0.21374147394620602
0,0,0.2199976916445222
0,0,0.22064132280269275
0,0,0.21524984533048713
0,0,0.21654471739881484
0,0,0.208341070034675
0,0,0.18788696045101008
0,0,0.18225878036216495
0,0,0.21762358218628713
0,0,0.23155063514972063
0,0,0.22499749856827228
0,0,0.22172634638695965
0,0,0.23169211261725545
0,0,0.23563347063423418
0,0,0.2369919485801234
0,0,0.2419440021137625
0,0,0.24443091105160514
0,0,0.24288171069257775
0,0,0.23474323585916973
0,0,0.22990772417482097
0,0,0.22854560878118255
0,0,0.22778554253192013
0,0,0.22802085713766362
0,0,0.2395385507558612
0,0,0.23555520513199377
0,0,0.23411822687702286
0,0,0.2303419449076487
0,0,0.2220323881519728
0,0,0.21864228516973766
0,0,0.2191367842164236
0,0,0.22597643117759084
0,0,0.23250438994048608
0,0,0.23567098358191763
0,0,0.23595440498438375
0,0,0.2374309489248008
0,0,0.23419382391358987
0,0,0.2255427151041028
0,0,0.22674492681059186
0,0,0.226827206801693
0,0,0.23663335781620493
0,0,0.24164699174464271
0,0,0.2361738093050253
0,0,0.23103584109099873
0,0,0.21904320615938763
0,0,0.21585392591479113
0,0,0.2247932496879085
0,0,0.22302337294838434
0,0,0.22109027185872535
0,0,0.20074271164880714
0,0,0.1849251726364671
0,0,0.21214059458080722
0,0,0.2156225369751699
0,0,0.20640462569569137
0,0,0.20298894058519612
0,0,0.20649181451708482
0,0,0.17211720771631392
0,0,0.13270910799531832
0,0,0.13308032622292648
0,0,0.2229904850396423
0,0,0.20281764161912727
0,0,0.1883443975115435
0,0,0.18398440054813042
0,0,0.19277386115678838
0,0,0.20417761632424233
0,0,0.2060966624366268
0,0,0.20272973818385914
0,0,0.2093998733911846
0,0,0.1500145560677843
0,0,0.164477218190512
0,0,0.232369091921335
0,0,0.23512926331774942
0,0,0.19597716185950811
0,0,0.18047371238517976
0,0,0.13313357207148432
0,0,0.1326791512964708
0,0,0.1326815652912248
0,0,0.14770149510617497
0,0,0.1573103826580586
0,0,0.14003742512373518
0,0,0.13391280872191072
0,0,0.1339853662788543
0,0,0.22232191021558093
0,0,0.24147351502396375
0,0,0.23837914266392915
0,0,0.22999171894314782
0,0,0.22778726930369803
0,0,0.1824943886587136
0,0,0.1529453056057181
0,0,0.20434593641236795
0,0,0.15006271784216033
0,0,0.14363076581164236
0,0,0.13613156314302843
0,0,0.13607813841108982
0,0,0.1950286683134714
0,0,0.1976693832035618
0,0,0.13979251823035546
0,0,0.1326956071377164
0,0,0.13272606123424052
0,0,0.1331821495785314
0,0,0.1326791948729744
0,0,0.13267914839704453
0,0,0.13267914784005308
0,0,0.13267936956458853
0,0,0.132690471093573
0,0,0.13268161391995212
0,0,0.13267944675397148
0,0,0.13267965415217248
0,0,0.13272887959246593
0,0,0.13544877464238958
0,0,0.16674661214296418
0,0,0.15516026190707136
0,0,0.1327735506475583
0,0,0.13267914397053465
0,0,0.132679143970244
0,0,0.132679143970244
0,0,0.132679143970244
0,0,0.132679143970244
0,0,0.132679143970244
0,0,0.132679143970244
0,0,0.132679143970244
0,0,0.132679143970244
0,0,0.132679143970244
0,0,0.132679143970244
0,0,0.132679143970244
0,0,0.132679143970244
0,0,0.132679143970244
0,0,0.132679143970244
0,0,0.132679143970244
0,0,0.132679143970244
0,0,0.132679143970244
0,0,0.132679143970244
0,0,0.132679143970244
0,0,0.132679143970244
0,0,0.132679143970244
0,0,0.132679143970244
0,0,0.132679143970244
0,0,0.132679143970244
0,0,0.132679143970244
0,0,0.132679143970244
0,0,0.132679143970244
0,0,0.132679143970244
0,0,0.132679143970244
0,0,0.132679143970244
0,0,0.132679143970244
0,0,0.132679143970244
0,0,0.132679143970244
0,0,0.132679143970244
0,0,0.132679143970244
0,0,0.132679143970244
0,0,0.132679143970244
0,0,0.132679143970244
0,0,0.132679143970244
0,0,0.132679143970244
0,0,0.132679143970244
0,0,0.132679143970244
0,0,0.132679143970244
0,0,0.132679143970244
0,0,0.132679143970244
0,0,0.132679143970244
0,0,0.132679143970244
0,0,0.132679143970244
0,0,0.132679143970244
0,0,0.132679143970244
0,0,0.132679143970244
0,0,0.132679143970244
0,0,0.132679143970244
0,0,0.132679143970244
0,0,0.132679143970244
0,0,0.132679143970244
0,0,0.132679143970244
0,0,0.132679143970244
0,0,0.132679143970244
0,0,0.132679143970244
0,0,0.132679143970244
0,0,0.132679143970244
0,0,0.132679143970244
0,0,0.132679143970244
0,0,0.132679143970244
0,0,0.132679143970244
0,0,0.132679143970244
0,0,0.132679143970244
0,0,0.132679143970244
0,0,0.132679143970244
0,0,0.132679143970244
0,0,0.132679143970244
0,0,0.132679143970244
0,0,0.132679143970244
0,0,0.132679143970244
0,0,0.132679143970244
0,0,0.132679143970244
0,0,0.132679143970244
0,0,0.132679143970244
0,0,0.132679143970244
0,0,0.132679143970244
0,0,0.132679143970244
0,0,0.132679143970244
0,0,0.132679143970244
0,0,0.132679143970244
0,0,0.132679143970244
0,0,0.132679143970244
0,0,0.132679143970244
0,0,0.132679143970244
0,0,0.132679143970244
0,0,0.132679143970244
0,0,0.132679143970244
0,0,0.132679143970244
0,0,0.132679143970244
0,0,0.132679143970244
0,0,0.132679143970244
0,0,0.132679143970244
0,0,0.132679143970244
0,0,0.132679143970244
0,0,0.132679143970244
0,0,0.132679143970244
0,0,0.132679143970244
0,0,0.132679143970244
0,0,0.132679143970244
0,0,0.132679143970244
0,0,0.132679143970244
0,0,0.132679143970244
0,0,0.132679143970244
0,0,0.132679143970244
0,0,0.132679143970244
0,0,0.132679143970244
0,0,0.132679143970244
0,0,0.132679143970244
0,0,0.132679143970244
0,0,0.132679143970244
0,0,0.132679143970244
0,0,0.132679143970244
0,0,0.132679143970244
0,0,0.132679143970244
0,0,0.132679143970244
0,0,0.132679143970244
0,0,0.132679143970244
0,0,0.132679143970244
0,0,0.132679143970244
0,0,0.132679143970244
0,0,0.132679143970244
0,0,0.132679143970244
0,0,0.132679143970244
0,0,0.132679143970244
0,0,0.132679143970244
0,0,0.132679143970244
0,0,0.132679143970244
0,0,0.132679143970244
0,0,0.132679143970244
0,0,0.132679143970244
0,0,0.132679143970244
0,0,0.132679143970244
0,0,0.132679143970244
0,0,0.132679143970244
0,0,0.132679143970244
0,0,0.132679143970244
0,0,0.132679143970244
0,0,0.132679143970244
0,0,0.132679143970244
0,0,0.132679143970244
0,0,0.132679143970244
0,0,0.132679143970244
0,0,0.132679143970244
0,0,0.132679143970244
0,0,0.132679143970244
0,0,0.132679143970244
0,0,0.132679143970244
0,0,0.132679143970244
0,0,0.132679143970244
0,0,0.132679143970244
0,0,0.132679143970244
0,0,0.132679143970244
0,0,0.132679143970244
0,0,0.132679143970244
0,0,0.132679143970244
0,0,0.132679143970244
0,0,0.132679143970244
0,0,0.132679143970244
0,0,0.132679143970244
0,0,0.132679143970244
0,0,0.132679143970244
0,0,0.132679143970244
0,0,0.132679143970244
0,0,0.132679143970244
0,0,0.132679143970244
0,0,0.132679143970244
0,0,0.132679143970244
0,0,0.132679143970244
0,0,0.132679143970244
0,0,0.132679143970244
0,0,0.132679143970244
0,0,0.132679143970244
0,0,0.132679143970244
0,0,0.132679143970244
0,0,0.132679143970244
0,0,0.132679143970244
0,0,0.132679143970244
0,0,0.132679143970244
0,0,0.132679143970244
0,0,0.132679143970244
0,0,0.132679143970244
0,0,0.132679143970244
0,0,0.132679143970244
0,0,0.132679143970244
0,0,0.132679143970244
0,0,0.132679143970244
0,0,0.132679143970244
0,0,0.132679143970244
0,0,0.132679143970244
0,0,0.132679143970244
0,0,0.132679143970244
0,0,0.132679143970244
0,0,0.132679143970244
0,0,0.132679143970244
0,0,0.132679143970244
0,0,0.132679143970244
0,0,0.132679143970244
0,0,0.132679143970244
0,0,0.132679143970244
0,0,0.132679143970244
0,0,0.132679143970244
0,0,0.132679143970244
0,0,0.132679143970244
0,0,0.132679143970244
0,0,0.132679143970244
0,0,0.132679143970244
0,0,0.132679143970244
0,0,0.132679143970244
0,0,0.132679143970244
0,0,0.132679143970244
0,0,0.132679143970244
0,0,0.132679143970244
0,0,0.132679143970244
0,0,0.132679143970244
0,0,0.132679143970244
0,0,0.132679143970244
0,0,0.132679143970244
0,0,0.132679143970244
0,0,0.132679143970244
0,0,0.132679143970244
0,0,0.132679143970244
0,0,0.132679143970244
0,0,0.132679143970244
0,0,0.132679143970244
0,0,0.132679143970244
0,0,0.132679143970244
0,0,0.132679143970244
0,0,0.132679143970244
0,0,0.132679143970244
0,0,0.132679143970244
0,0,0.132679143970244
0,0,0.132679143970244
0,0,0.132679143970244
0,0,0.132679143970244
0,0,0.132679143970244
0,0,0.132679143970244
0,0,0.132679143970244
0,0,0.132679143970244
0,0,0.132679143970244
0,0,0.132679143970244
0,0,0.132679143970244
0,0,0.132679143970244
0,0,0.132679143970244
0,0,0.132679143970244
0,0,0.132679143970244
0,0,0.132679143970244
0,0,0.132679143970244
0,0,0.132679143970244
0,0,0.132679143970244
0,0,0.132679143970244
0,0,0.132679143970244
0,0,0.132679143970244
0,0,0.132679143970244
0,0,0.132679143970244
0,0,0.132679143970244
0,0,0.132679143970244
0,0,0.132679143970244
0,0,0.132679143970244
0,0,0.132679143970244
0,0,0.132679143970244
0,0,0.132679143970244
0,0,0.132679143970244
0,0,0.132679143970244
0,0,0.132679143970244
0,0,0.132679143970244
0,0,0.132679143970244
0,0,0.132679143970244
0,0,0.132679143970244
0,0,0.132679143970244
0,0,0.132679143970244
0,0,0.132679143970244
0,0,0.132679143970244
0,0,0.132679143970244
0,0,0.132679143970244
0,0,0.132679143970244
0,0,0.132679143970244
0,0,0.132679143970244
0,0,0.132679143970244
0,0,0.132679143970244
0,0,0.132679143970244
0,0,0.132679143970244
0,0,0.132679143970244
0,0,0.132679143970244
0,0,0.132679143970244
0,0,0.132679143970244
0,0,0.132679143970244
0,0,0.132679143970244
0,0,0.132679143970244
0,0,0.132679143970244
0,0,0.132679143970244
0,0,0.132679143970244
0,0,0.132679143970244
0,0,0.132679143970244
0,0,0.132679143970244
0,0,0.132679143970244
0,0,0.132679143970244
0,0,0.132679143970244
0,0,0.132679143970244
0,0,0.132679143970244
0,0,0.132679143970244
0,0,0.132679143970244
0,0,0.132679143970244
0,0,0.132679143970244
0,0,0.132679143970244
0,0,0.132679143970244
0,0,0.132679143970244
0,0,0.132679143970244
0,0,0.132679143970244
0,0,0.132679143970244
0,0,0.132679143970244
0,0,0.132679143970244
0,0,0.132679143970244
0,0,0.132679143970244
0,0,0.132679143970244
0,0,0.132679143970244
0,0,0.132679143970244
0,0,0.132679143970244
0,0,0.132679143970244
0,0,0.132679143970244
0,0,0.132679143970244
0,0,0.132679143970244
0,0,0.132679143970244
0,0,0.132679143970244
0,0,0.132679143970244
0,0,0.132679143970244
0,0,0.132679143970244
0,0,0.132679143970244
0,0,0.132679143970244
0,0,0.132679143970244
0,0,0.132679143970244
0,0,0.132679143970244
0,0,0.132679143970244
0,0,0.132679143970244
0,0,0.132679143970244
0,0,0.132679143970244
0,0,0.132679143970244
0,0,0.132679143970244
0,0,0.132679143970244
0,0,0.132679143970244
0,0,0.132679143970244
0,0,0.132679143970244
0,0,0.132679143970244
0,0,0.132679143970244
0,0,0.132679143970244
0,0,0.132679143970244
0,0,0.132679143970244
0,0,0.132679143970244
0,0,0.132679143970244
0,0,0.132679143970244
0,0,0.132679143970244
0,0,0.132679143970244
0,0,0.132679143970244
0,0,0.132679143970244
0,0,0.132679143970244
0,0,0.132679143970244
0,0,0.132679143970244
0,0,0.132679143970244
0,0,0.132679143970244
0,0,0.132679143970244
0,0,0.132679143970244
0,0,0.132679143970244
0,0,0.132679143970244
0,0,0.132679143970244
0,0,0.132679143970244
0,0,0.132679143970244
0,0,0.132679143970244
0,0,0.132679143970244
0,0,0.132679143970244
0,0,0.132679143970244
0,0,0.132679143970244
0,0,0.132679143970244
0,0,0.132679143970244
0,0,0.132679143970244
0,0,0.132679143970244
0,0,0.132679143970244
0,0,0.132679143970244
0,0,0.132679143970244
0,0,0.132679143970244
0,0,0.132679143970244
0,0,0.132679143970244
0,0,0.132679143970244
0,0,0.132679143970244
0,0,0.132679143970244
0,0,0.132679143970244
0,0,0.132679143970244
0,0,0.132679143970244
0,0,0.132679143970244
0,0,0.132679143970244
0,0,0.132679143970244
0,0,0.132679143970244
0,0,0.132679143970244
0,0,0.132679143970244
0,0,0.132679143970244
0,0,0.132679143970244
0,0,0.132679143970244
0,0,0.132679143970244
0,0,0.132679143970244
0,0,0.132679143970244
0,0,0.132679143970244
0,0,0.132679143970244
0,0,0.132679143970244
0,0,0.132679143970244
0,0,0.132679143970244
0,0,0.132679143970244
0,0,0.132679143970244
0,0,0.132679143970244
0,0,0.132679143970244
0,0,0.132679143970244
0,0,0.132679143970244
0,0,0.132679143970244
0,0,0.132679143970244
0,0,0.132679143970244
0,0,0.132679143970244
0,0,0.132679143970244
0,0,0.132679143970244
0,0,0.132679143970244
0,0,0.132679143970244
0,0,0.132679143970244
0,0,0.132679143970244
0,0,0.132679143970244
0,0,0.132679143970244
0,0,0.132679143970244
0,0,0.132679143970244
0,0,0.132679143970244
0,0,0.132679143970244
0,0,0.132679143970244
0,0,0.132679143970244
0,0,0.132679143970244
0,0,0.132679143970244
0,0,0.132679143970244
0,0,0.132679143970244
0,0,0.132679143970244
0,0,0.132679143970244
0,0,0.132679143970244
0,0,0.132679143970244
0,0,0.132679143970244
0,0,0.132679143970244
0,0,0.132679143970244
0,0,0.132679143970244
0,0,0.132679143970244
0,0,0.132679143970244
0,0,0.132679143970244
0,0,0.132679143970244
0,0,0.132679143970244
0,0,0.132679143970244
0,0,0.132679143970244
0,0,0.132679143970244
0,0,0.132679143970244
0,0,0.132679143970244
0,0,0.132679143970244
0,0,0.132679143970244
0,0,0.132679143970244
0,0,0.132679143970244
0,0,0.132679143970244
0,0,0.132679143970244
0,0,0.132679143970244
0,0,0.132679143970244
0,0,0.132679143970244
0,0,0.132679143970244
0,0,0.132679143970244
0,0,0.132679143970244
0,0,0.132679143970244
0,0,0.132679143970244
0,0,0.132679143970244
0,0,0.132679143970244
0,0,0.132679143970244
0,0,0.132679143970244
0,0,0.132679143970244
0,0,0.132679143970244
0,0,0.132679143970244
0,0,0.132679143970244
0,0,0.132679143970244
0,0,0.132679143970244
0,0,0.132679143970244
0,0,0.132679143970244
0,0,0.132679143970244
0,0,0.132679143970244
0,0,0.132679143970244
0,0,0.132679143970244
0,0,0.132679143970244
0,0,0.132679143970244
0,0,0.132679143970244
0,0,0.132679143970244
0,0,0.132679143970244
0,0,0.132679143970244
0,0,0.132679143970244
0,0,0.132679143970244
0,0,0.132679143970244
0,0,0.132679143970244
0,0,0.132679143970244
0,0,0.132679143970244
0,0,0.132679143970244
0,0,0.132679143970244
0,0,0.132679143970244
0,0,0.132679143970244
0,0,0.132679143970244
0,0,0.132679143970244
0,0,0.132679143970244
0,0,0.132679143970244
0,0,0.132679143970244
0,0,0.132679143970244
0,0,0.132679143970244
0,0,0.132679143970244
0,0,0.132679143970244
0,0,0.132679143970244
0,0,0.132679143970244
0,0,0.132679143970244
0,0,0.132679143970244
0,0,0.132679143970244
0,0,0.132679143970244
0,0,0.132679143970244
0,0,0.132679143970244
0,0,0.132679143970244
0,0,0.132679143970244
0,0,0.132679143970244
0,0,0.132679143970244
0,0,0.132679143970244
0,0,0.132679143970244
0,0,0.132679143970244
0,0,0.132679143970244
0,0,0.132679143970244
0,0,0.132679143970244
0,0,0.132679143970244
0,0,0.132679143970244
0,0,0.132679143970244
0,0,0.132679143970244
0,0,0.132679143970244
0,0,0.132679143970244
0,0,0.132679143970244
0,0,0.132679143970244
0,0,0.132679143970244
0,0,0.132679143970244
0,0,0.132679143970244
0,0,0.132679143970244
0,0,0.132679143970244
0,0,0.132679143970244
0,0,0.132679143970244
0,0,0.132679143970244
0,0,0.132679143970244
0,0,0.132679143970244
1,0,0.132679143970244
1,0,0.132679143970244
1,0,0.132679143970244
1,0,0.132679143970244
1,0,0.132679143970244
1,0,0.132679143970244
1,0,0.132679143970244
1,0,0.132679143970244
1,0,0.132679143970244
1,0,0.132679143970244
1,0,0.132679143970244
1,0,0.132679143970244
1,0,0.132679143970244
1,0,0.132679143970244
1,0,0.132679143970244
1,0,0.132679143970244
1,0,0.132679143970244
1,0,0.132679143970244
1,0,0.132679143970244
1,0,0.132679143970244
1,0,0.132679143970244
1,0,0.132679143970244
1,0,0.132679143970244
1,0,0.132679143970244
1,0,0.132679143970244
1,0,0.132679143970244
1,0,0.132679143970244
1,0,0.132679143970244
1,0,0.132679143970244
1,0,0.132679143970244
1,0,0.132679143970244
1,0,0.132679143970244
1,0,0.132679143970244
1,0,0.132679143970244
1,0,0.132679143970244
1,0,0.132679143970244
1,0,0.132679143970244
1,0,0.132679143970244
1,0,0.132679143970244
1,0,0.132679143970244
1,0,0.132679143970244
1,0,0.132679143970244
1,0,0.132679143970244
1,0,0.132679143970244
1,0,0.132679143970244
1,0,0.132679143970244
1,0,0.132679143970244
1,0,0.132679143970244
1,0,0.132679143970244
1,0,0.132679143970244
1,0,0.132679143970244
1,0,0.132679143970244
1,0,0.132679143970244
1,0,0.132679143970244
1,0,0.132679143970244
1,0,0.132679143970244
1,0,0.132679143970244
1,0,0.132679143970244
1,0,0.132679143970244
1,0,0.132679143970244
1,0,0.132679143970244
1,0,0.132679143970244
1,0,0.132679143970244
1,0,0.132679143970244
1,0,0.132679143970244
1,0,0.132679143970244
1,0,0.132679143970244
1,0,0.132679143970244
1,0,0.132679143970244
1,0,0.132679143970244
1,0,0.132679143970244
1,0,0.132679143970244
1,0,0.132679143970244
1,0,0.132679143970244
1,0,0.132679143970244
1,0,0.132679143970244
1,0,0.132679143970244
1,0,0.132679143970244
1,0,0.132679143970244
1,0,0.132679143970244
1,0,0.132679143970244
1,0,0.132679143970244
1,0,0.132679143970244
1,0,0.132679143970244
1,0,0.132679143970244
1,0,0.132679143970244
1,0,0.132679143970244
1,0,0.132679143970244
1,0,0.132679143970244
1,0,0.132679143970244
1,0,0.132679143970244
1,0,0.132679143970244
1,0,0.132679143970244
1,0,0.132679143970244
1,0,0.132679143970244
1,0,0.132679143970244
1,0,0.132679143970244
1,0,0.132679143970244
1,0,0.132679143970244
1,0,0.132679143970244
1,0,0.132679143970244
1,0,0.132679143970244
1,0,0.132679143970244
1,0,0.132679143970244
1,0,0.132679143970244
1,0,0.132679143970244
1,0,0.132679143970244
1,0,0.132679143970244
1,0,0.132679143970244
1,0,0.132679143970244
1,0,0.132679143970244
1,0,0.132679143970244
1,0,0.132679143970244
1,0,0.132679143970244
1,0,0.132679143970244
1,0,0.132679143970244
1,0,0.132679143970244
1,0,0.132679143970244
1,0,0.132679143970244
1,0,0.132679143970244
1,0,0.132679143970244
1,0,0.132679143970244
1,0,0.132679143970244
1,0,0.132679143970244
1,0,0.132679143970244
1,0,0.132679143970244
1,0,0.132679143970244
1,0,0.132679143970244
1,0,0.132679143970244
1,0,0.132679143970244
1,0,0.132679143970244
1,0,0.132679143970244
1,0,0.132679143970244
1,0,0.132679143970244
1,0,0.132679143970244
1,0,0.132679143970244
1,0,0.132679143970244
1,0,0.132679143970244
1,0,0.132679143970244
1,0,0.132679143970244
1,0,0.132679143970244
1,0,0.132679143970244
1,0,0.132679143970244
1,0,0.132679143970244
1,0,0.132679143970244
1,0,0.132679143970244
1,0,0.132679143970244
1,0,0.132679143970244
1,0,0.132679143970244
1,0,0.132679143970244
1,0,0.132679143970244
1,0,0.132679143970244
1,0,0.132679143970244
1,0,0.132679143970244
1,0,0.132679143970244
1,0,0.132679143970244
1,0,0.132679143970244
1,0,0.132679143970244
1,0,0.132679143970244
1,0,0.132679143970244
1,0,0.132679143970244
1,0,0.132679143970244
1,0,0.132679143970244
1,0,0.132679143970244
1,0,0.132679143970244
1,0,0.132679143970244
1,0,0.132679143970244
1,0,0.132679143970244
1,0,0.132679143970244
1,0,0.132679143970244
1,0,0.132679143970244
1,0,0.132679143970244
1,0,0.132679143970244
1,0,0.132679143970244
1,0,0.132679143970244
1,0,0.132679143970244
1,0,0.132679143970244
1,0,0.132679143970244
1,0,0.132679143970244
1,0,0.132679143970244
1,0,0.132679143970244
1,0,0.132679143970244
1,0,0.132679143970244
1,0,0.132679143970244
1,0,0.132679143970244
1,0,0.132679143970244
1,0,0.132679143970244
1,0,0.132679143970244
1,0,0.132679143970244
1,0,0.132679143970244
1,0,0.132679143970244
1,0,0.132679143970244
1,0,0.132679143970244
1,0,0.132679143970244
1,0,0.132679143970244
1,0,0.132679143970244
1,0,0.132679143970244
0,0,0.132679143970244
0,0,0.132679143970244
0,0,0.132679143970244
0,0,0.132679143970244
0,0,0.132679143970244
0,0,0.132679143970244
0,0,0.132679143970244
0,0,0.132679143970244
0,0,0.132679143970244
0,0,0.132679143970244
0,0,0.132679143970244
0,0,0.132679143970244
0,0,0.132679143970244
0,0,0.132679143970244
0,0,0.132679143970244
0,0,0.132679143970244
0,0,0.132679143970244
0,0,0.132679143970244
0,0,0.132679143970244
0,0,0.132679143970244
0,0,0.132679143970244
0,0,0.132679143970244
0,0,0.132679143970244
0,0,0.132679143970244
0,0,0.132679143970244
0,0,0.132679143970244
0,0,0.132679143970244
0,0,0.132679143970244
0,0,0.132679143970244
0,0,0.132679143970244
0,0,0.132679143970244
0,0,0.132679143970244
0,0,0.132679143970244
0,0,0.132679143970244
0,0,0.132679143970244
0,0,0.132679143970244
0,0,0.132679143970244
0,0,0.132679143970244
0,0,0.132679143970244
0,0,0.132679143970244
0,0,0.132679143970244
0,0,0.132679143970244
0,0,0.132679143970244
0,0,0.132679143970244
0,0,0.132679143970244
0,0,0.132679143970244
0,0,0.132679143970244
0,0,0.132679143970244
0,0,0.132679143970244
0,0,0.132679143970244
0,0,0.132679143970244
0,0,0.132679143970244
0,0,0.132679143970244
0,0,0.132679143970244
0,0,0.132679143970244
0,0,0.132679143970244
0,0,0.132679143970244
0,0,0.132679143970244
0,0,0.132679143970244
0,0,0.132679143970244
0,0,0.132679143970244
0,0,0.132679143970244
0,0,0.132679143970244
0,0,0.132679143970244
0,0,0.132679143970244
0,0,0.132679143970244
0,0,0.132679143970244
0,0,0.132679143970244
0,0,0.132679143970244
0,0,0.132679143970244
0,0,0.132679143970244
0,0,0.132679143970244
0,0,0.132679143970244
0,0,0.132679143970244
0,0,0.132679143970244
0,0,0.132679143970244
0,0,0.132679143970244
0,0,0.132679143970244
0,0,0.132679143970244
0,0,0.132679143970244
0,0,0.132679143970244
0,0,0.132679143970244
0,0,0.132679143970244
0,0,0.132679143970244
0,0,0.132679143970244
0,0,0.132679143970244
0,0,0.132679143970244
0,0,0.132679143970244
0,0,0.132679143970244
0,0,0.132679143970244
0,0,0.132679143970244
0,0,0.132679143970244
0,0,0.132679143970244
0,0,0.132679143970244
0,0,0.132679143970244
0,0,0.132679143970244
0,0,0.132679143970244
0,0,0.132679143970244
0,0,0.132679143970244
0,0,0.132679143970244
0,0,0.132679143970244
0,0,0.132679143970244
0,0,0.132679143970244
0,0,0.132679143970244
0,0,0.132679143970244
0,0,0.132679143970244
0,0,0.132679143970244
0,0,0.132679143970244
0,0,0.132679143970244
0,0,0.132679143970244
0,0,0.132679143970244
0,0,0.132679143970244
0,0,0.132679143970244
0,0,0.132679143970244
0,0,0.13268432475454509
0,0,0.14200833798976906
0,0,0.15257102650122456
0,0,0.15059757256041686
0,0,0.13267914401184036
0,0,0.132679143970244
0,0,0.132679143970244
0,0,0.132679143970244
0,0,0.132679143970244
0,0,0.13285406532824498
0,0,0.21835478791390886
0,0,0.21558563920908666
0,0,0.2084005721391361
0,0,0.20437327738302669
0,0,0.17089892614013824
0,0,0.1605500652147227
0,0,0.16655296499852076
0,0,0.1555092377437932
0,0,0.15477149465183973
0,0,0.1652926437760331
0,0,0.16737883811918314
0,0,0.15927342433910963
0,0,0.132679143970244
1,0,0.19192604964680632
1,0,0.22869621119209235
1,0,0.2566402621781948
1,0,0.2579607512642444
1,0,0.24845929857800672
1,0,0.2489230562141013
1,0,0.24642205072979753
1,0,0.2468141890528246
1,0,0.2514804481465097
1,0,0.2548316030593987
1,0,0.25850180681901597
1,0,0.2589479618211192
1,0,0.2574524349935262
1,0,0.2585401847348368
1,0,0.25816348616492063
1,0,0.2582055266803082
1,0,0.25648510159867494
1,0,0.2513197139641621
1,0,0.2052666696264463
1,0,0.2023569533424294
1,0,0.23009037115049652
1,0,0.23169949372634743
1,0,0.2420635078581445
1,0,0.23925455346283805
1,0,0.23274895450777788
1,0,0.2343342418890526
1,0,0.24095390473805278
1,0,0.24200622590318951
1,0,0.2406949886982993
1,0,0.24020389165075123
1,0,0.2327220577225685
1,0,0.2301609339845403
1,0,0.23505075398592665
1,0,0.24543262213546801
1,0,0.2442877978044287
1,0,0.24273412096660765
1,0,0.24434494857326988
1,0,0.2415731889997437
1,0,0.23110739668214228
1,0,0.22653793241056389
1,0,0.2242499634220159
1,0,0.22902911917665716
1,0,0.2308190415469658
1,0,0.22841100287261903
1,0,0.22466034367038298
1,0,0.22461774939149362
1,0,0.21579393816081965
1,0,0.21383317171030716
1,0,0.22030000089537866
1,0,0.22209525789750306
1,0,0.22599595714062073
1,0,0.22801612371202834
1,0,0.2294595268671446
1,0,0.22818030864891525
1,0,0.22382760826928785
1,0,0.22005063371270497
1,0,0.21210516627686032
1,0,0.21069874031507593
1,0,0.21250936970087175
1,0,0.2156447068832475
1,0,0.22092232849085475
1,0,0.21804979152331827
1,0,0.21685908784033703
1,0,0.21726313199264133
1,0,0.21588231399960925
1,0,0.2167354257174146
1,0,0.21775315155032934
1,0,0.220485263130825
1,0,0.22270843171672133
1,0,0.21875693486267989
1,0,0.21955510879262571
1,0,0.132679143970244
1,0,0.1326791448730924
1,0,0.1326791942510357
1,0,0.1327070785543718
1,0,0.13291755295018565
1,0,0.13339982488176177
1,0,0.13268202587309497
1,0,0.13268104067891762
1,0,0.13296163379351877
1,0,0.13290282897717634
1,0,0.13338150790059974
1,0,0.1334013600928557
1,0,0.132679143970244
1,0,0.132679143970244
1,0,0.132679143970244
1,0,0.13275418132336655
1,0,0.13268076967385592
1,0,0.13268174382952203
1,0,0.13505788769971228
1,0,0.13453374429469764
1,0,0.1326791439702499
1,0,0.13267914397024833
1,0,0.13268690432702185
1,0,0.13581373080410675
1,0,0.13274019892732888
1,0,0.132679143970244
1,0,0.132679143970244
1,0,0.1327816775291511
1,0,0.1326876514641991
1,0,0.13267920188542953
1,0,0.13267947751954184
1,0,0.1326791452269749
1,0,0.13267914451593985
1,0,0.1326968490944046
1,0,0.1327855325305711
1,0,0.13298141068839758
1,0,0.1338028664591153
1,0,0.13383962294641483
1,0,0.1330383692092717
1,0,0.13271986459046548
1,0,0.13280582871449825
1,0,0.13331328418280644
1,0,0.1326809684888355
1,0,0.1326791624585865
1,0,0.13267914453758192
1,0,0.13267937233831933
1,0,0.1327774478763839
1,0,0.13284599590682034
1,0,0.13269590871076886
1,0,0.1326798122998018
1,0,0.13267956767501612
1,0,0.13267981848271643
1,0,0.13271665036737906
1,0,0.13269379594624225
1,0,0.13268256422609212
1,0,0.1326791439702791
1,0,0.132679143970244
1,0,0.132679143970244
1,0,0.132679143970244
1,0,0.132679143970244
1,0,0.132679143970244
1,0,0.132679143970244
1,0,0.132679143970244
1,0,0.132679143970244
1,0,0.132679143970244
1,0,0.132679143970244
1,0,0.132679143970244
1,0,0.132679143970244
1,0,0.132679143970244
1,0,0.13312472188140154
1,0,0.1329264808864705
1,0,0.13269496059168842
1,0,0.13274592691722548
1,0,0.13463141695493736
1,0,0.13267969238871707
1,0,0.1326791439709428
1,0,0.1326791688511826
1,0,0.13314179727204226
1,0,0.13280094813050128
1,0,0.1327043638585957
1,0,0.13299217862887877
1,0,0.13283696509368556
1,0,0.13271655649048641
1,0,0.132679143970244
1,0,0.132679143970244
1,0,0.132679143970244
1,0,0.132679143970244
1,0,0.132679143970244
1,0,0.132679143970244
1,0,0.132679143970244
1,0,0.132679143970244
1,0,0.132679143970244
0,0,0.13268455679905075
0,0,0.13268331441021344
0,0,0.1332956373735658
0,0,0.1329801588352678
0,0,0.13271675296827062
0,0,0.13272215912679616
0,0,0.13275591347661
0,0,0.13287998546857555
0,0,0.1331785063701379
0,0,0.13268131496131286
0,0,0.13268222859328305
0,0,0.13286953270142984
0,0,0.13270954043235536
0,0,0.13282327890554305
0,0,0.13271889448114704
0,0,0.13267914781820103
0,0,0.13267917709765986
0,0,0.13318019185846913
0,0,0.1349946998945258
0,0,0.1345512894299683
0,0,0.1335381845331167
0,0,0.13301552889465146
0,0,0.13282181196516699
0,0,0.218811643078602
0,0,0.22866341785608857
0,0,0.22812491506614152
0,0,0.24235313829157204
0,0,0.23980766803850634
0,0,0.22610352037703335
0,0,0.22689509942122996
0,0,0.2254992434631878
0,0,0.23901049474141278
0,0,0.24088754277238503
0,0,0.23719895095276555
0,0,0.23834208303745558
0,0,0.23786150154007876
0,0,0.24117456674346816
0,0,0.2416851233418962
0,0,0.23989506159007648
0,0,0.24168355772890468
0,0,0.24122961504229054
0,0,0.23753187860484637
0,0,0.23697683615259418
0,0,0.24075510141502438
0,0,0.23991086715537513
0,0,0.23529936927460485
0,0,0.23316310152758843
0,0,0.2345114774146075
0,0,0.23322577770943734
0,0,0.22626328940409338
0,0,0.2272840781485452
0,0,0.22620632909283447
0,0,0.22682938491186186
0,0,0.2292282053864391
0,0,0.2283111067070554
0,0,0.22517257831374007
0,0,0.22867926421483287
0,0,0.23610674973675094
0,0,0.23544299261470575
0,0,0.23385527283887605
0,0,0.2308380513276698
0,0,0.2342649114929293
0,0,0.23565175219958925
0,0,0.2347857053739613
0,0,0.23420413302764964
0,0,0.2341885793447502
0,0,0.23354475589316845
0,0,0.22973957122420122
0,0,0.23072230188587123
0,0,0.23096163370144673
0,0,0.23008656038551675
0,0,0.2263854030365485
0,0,0.22467676300315595
0,0,0.22048998216279203
0,0,0.21818486941163043
0,0,0.21589857256765213
0,0,0.20990669672248483
0,0,0.20942295907989877
0,0,0.2101801392965059
0,0,0.22372917120752553
0,0,0.20488094590677208
0,0,0.1838144796666482
0,0,0.13389460406247924
0,0,0.13288106071255143
0,0,0.13277955681561762
0,0,0.13294303570255792
0,0,0.13290025328423477
0,0,0.13331742576958208
0,0,0.13366751742005645
0,0,0.13437517989376957
0,0,0.132679143970244
0,0,0.132679143970244
0,0,0.132679143970244
0,0,0.132679143970244
0,0,0.132679143970244
0,0,0.13371367807018242
0,0,0.13296431621247476
0,0,0.13299224199641368
0,0,0.13295677417893714
0,0,0.132679143970244
0,0,0.132679143970244
0,0,0.132679143970244
0,0,0.132679143970244
0,0,0.132679143970244
0,0,0.13425122191388644
1,0,0.13599356849593217
1,0,0.13359478919127207
1,0,0.1332843151746669
1,0,0.13495094653412915
1,0,0.13477847031763415
1,0,0.13407780060762706
1,0,0.13471317832048021
1,0,0.13630224308799835
1,0,0.13445981236740054
1,0,0.13346998385354414
1,0,0.13334848086178375
1,0,0.1329964934759158
1,0,0.132790851415297
1,0,0.1331597610685323
1,0,0.13392542613576378
1,0,0.13493340922720903
1,0,0.132679143970244
1,0,0.132679143970244
1,0,0.13282559475938593
1,0,0.13282357513349446
1,0,0.13295955792479056
1,0,0.13350085882849883
1,0,0.13322252604204182
0,0,0.16720437428273346
0,0,0.15726074038988114
0,0,0.15993142936574353
0,0,0.15923760955533695
0,0,0.16468199257749172
0,0,0.1893538880105573
0,0,0.19151793114079171
0,0,0.18234350509576241
0,0,0.1790568104496979
0,0,0.1834492074998847
0,0,0.17978320268045228
0,0,0.17081286572831006
0,0,0.1720239653088938
0,0,0.1735140134525668
0,0,0.1671255045508514
0,0,0.16888961836257502
0,0,0.1722259508493123
0,0,0.17488914125852698
0,0,0.17699782298275046
0,0,0.176711350129973
0,0,0.1859642552431821
0,0,0.1899752390207746
0,0,0.18310913806830395
0,0,0.1781143625582969
0,0,0.17953153149194567
0,0,0.1795467885461957
0,0,0.1797766202944412
0,0,0.1842033896707195
0,0,0.18524376356878666
0,0,0.18476196466196204
0,0,0.1891772197389032
0,0,0.18557160784899604
0,0,0.17897319182316535
0,0,0.18011522612169398
0,0,0.17844671632642045
0,0,0.18065035021669834
0,0,0.17110865211329618
0,0,0.1665932060789296
0,0,0.17986961022995002
0,0,0.1828537597737884
0,0,0.18329447994494685
0,0,0.17981014447651228
0,0,0.18396224053095359
0,0,0.1861040249195633
0,0,0.1810873522570263
0,0,0.17191552570491936
0,0,0.1650737464828185
0,0,0.1580201949274547
0,0,0.14701141987266364
0,0,0.14254749771181383
0,0,0.14364709153391467
0,0,0.1436616576683589
0,0,0.14567015381384618
0,0,0.15456081033808683
0,0,0.15702000103547073
0,0,0.15892532047012245
0,0,0.16211582261017068
0,0,0.16411150849449643
0,0,0.17822152137318809
0,0,0.18024189965592444
0,0,0.1614360747556662
0,0,0.1790135353985896
0,0,0.20211910908185424
0,0,0.20284122973729304
0,0,0.20983140296054262
0,0,0.20879807568912423
0,0,0.19655761768368246
0,0,0.18833358537533762
0,0,0.132679143970244
0,0,0.132679143970244
0,0,0.132679143970244
0,0,0.132679143970244
0,0,0.16391237928343072
0,0,0.15809284312607327
0,0,0.163660984705897
0,0,0.17455466022561372
0,0,0.16438075468057714
0,0,0.15552110639537658
0,0,0.15611630921883457
0,0,0.1631175887271227
0,0,0.14814823829997095
0,0,0.1362460103845078
0,0,0.13525416224525288
0,0,0.13459503078401766
0,0,0.133693529031469
0,0,0.13355223310368305
0,0,0.13376586175637364
0,0,0.13320119751595905
0,0,0.13297754473864307
0,0,0.13309219119385565
0,0,0.1339827444079819
0,0,0.13592341196200827
0,0,0.13605410452860714
0,0,0.13721988972251897
0,0,0.1414936720059622
0,0,0.14627993776819712
0,0,0.14761544676799854
0,0,0.14941708621950142
0,0,0.16741684382680797
0,0,0.182620863360581
0,0,0.17971828910900747
0,0,0.17492698443061205
0,0,0.1862206493073394
0,0,0.1873938417850214
0,0,0.1790270635570476
0,0,0.17639810654198113
0,0,0.18414111993717566
0,0,0.18515632915036398
0,0,0.18683525260799697
0,0,0.18481759471562048
0,0,0.1824032926920775
0,0,0.18190621397347007
0,0,0.18235459034880783
0,0,0.1829899014262339
0,0,0.132679143970244
0,0,0.132679143970244
0,0,0.132679143970244
0,0,0.132679143970244
0,0,0.132679143970244
0,0,0.132679143970244
0,0,0.132679143970244
0,0,0.132679143970244
0,0,0.132679143970244
0,0,0.132679143970244
0,0,0.132679143970244
0,0,0.132679143970244
0,0,0.132679143970244
0,0,0.132679143970244
0,0,0.132679143970244
0,0,0.132679143970244
0,0,0.132679143970244
0,0,0.132679143970244
0,0,0.132679143970244
0,0,0.132679143970244
0,0,0.132679143970244
0,0,0.132679143970244
0,0,0.132679143970244
0,0,0.132679143970244
0,0,0.132679143970244
0,0,0.132679143970244
0,0,0.132679143970244
0,0,0.132679143970244
0,0,0.132679143970244
0,0,0.132679143970244
0,0,0.132679143970244
0,0,0.132679143970244
0,0,0.132679143970244
0,0,0.132679143970244
0,0,0.132679143970244
0,0,0.132679143970244
0,0,0.132679143970244
0,0,0.132679143970244
0,0,0.132679143970244
0,0,0.132679143970244
0,0,0.132679143970244
0,0,0.132679143970244
0,0,0.132679143970244
0,0,0.132679143970244
0,0,0.132679143970244
0,0,0.132679143970244
0,0,0.132679143970244
0,0,0.132679143970244
0,0,0.132679143970244
0,0,0.132679143970244
0,0,0.132679143970244
0,0,0.132679143970244
0,0,0.132679143970244
0,0,0.132679143970244
0,0,0.132679143970244
0,0,0.132679143970244
0,0,0.132679143970244
0,0,0.132679143970244
0,0,0.132679143970244
0,0,0.132679143970244
0,0,0.132679143970244
0,0,0.132679143970244
0,0,0.132679143970244
0,0,0.132679143970244
0,0,0.132679143970244
0,0,0.132679143970244
0,0,0.132679143970244
0,0,0.132679143970244
0,0,0.132679143970244
0,0,0.132679143970244
0,0,0.132679143970244
0,0,0.132679143970244
0,0,0.132679143970244
0,0,0.132679143970244
0,0,0.132679143970244
0,0,0.132679143970244
0,0,0.132679143970244
0,0,0.132679143970244
0,0,0.132679143970244
0,0,0.132679143970244
0,0,0.132679143970244
0,0,0.132679143970244
0,0,0.132679143970244
0,0,0.132679143970244
0,0,0.132679143970244
0,0,0.132679143970244
0,0,0.132679143970244
0,0,0.132679143970244
0,0,0.132679143970244
0,0,0.132679143970244
0,0,0.132679143970244
0,0,0.132679143970244
0,0,0.132679143970244
0,0,0.132679143970244
0,0,0.132679143970244
0,0,0.132679143970244
0,0,0.132679143970244
0,0,0.132679143970244
0,0,0.132679143970244
0,0,0.132679143970244
0,0,0.132679143970244
0,0,0.132679143970244
0,0,0.132679143970244
0,0,0.132679143970244
0,0,0.132679143970244
0,0,0.132679143970244
0,0,0.132679143970244
0,0,0.132679143970244
0,0,0.132679143970244
0,0,0.132679143970244
0,0,0.132679143970244
0,0,0.132679143970244
0,0,0.132679143970244
0,0,0.132679143970244
0,0,0.132679143970244
0,0,0.132679143970244
0,0,0.132679143970244
0,0,0.132679143970244
0,0,0.132679143970244
0,0,0.132679143970244
0,0,0.132679143970244
0,0,0.132679143970244
0,0,0.132679143970244
0,0,0.132679143970244
0,0,0.132679143970244
0,0,0.132679143970244
0,0,0.132679143970244
0,0,0.132679143970244
0,0,0.132679143970244
0,0,0.132679143970244
0,0,0.132679143970244
0,0,0.132679143970244
0,0,0.132679143970244
0,0,0.132679143970244
0,0,0.132679143970244
0,0,0.132679143970244
0,0,0.132679143970244
0,0,0.132679143970244
0,0,0.132679143970244
0,0,0.132679143970244
0,0,0.132679143970244
0,0,0.132679143970244
0,0,0.132679143970244
0,0,0.132679143970244
0,0,0.132679143970244
0,0,0.132679143970244
0,0,0.132679143970244
0,0,0.132679143970244
0,0,0.132679143970244
0,0,0.132679143970244
0,0,0.132679143970244
0,0,0.132679143970244
0,0,0.132679143970244
0,0,0.132679143970244
0,0,0.132679143970244
0,0,0.132679143970244
0,0,0.132679143970244
0,0,0.132679143970244
0,0,0.132679143970244
0,0,0.132679143970244
0,0,0.132679143970244
0,0,0.132679143970244
0,0,0.132679143970244
0,0,0.132679143970244
0,0,0.132679143970244
0,0,0.132679143970244
0,0,0.132679143970244
0,0,0.132679143970244
0,0,0.132679143970244
0,0,0.132679143970244
0,0,0.132679143970244
0,0,0.132679143970244
0,0,0.132679143970244
0,0,0.132679143970244
0,0,0.132679143970244
0,0,0.132679143970244
0,0,0.132679143970244
0,0,0.132679143970244
0,0,0.132679143970244
0,0,0.132679143970244
0,0,0.132679143970244
0,0,0.132679143970244
0,0,0.132679143970244
0,0,0.132679143970244
0,0,0.132679143970244
0,0,0.132679143970244
0,0,0.132679143970244
0,0,0.132679143970244
0,0,0.132679143970244
0,0,0.132679143970244
0,0,0.132679143970244
0,0,0.132679143970244
0,0,0.132679143970244
0,0,0.132679143970244
0,0,0.132679143970244
0,0,0.132679143970244
0,0,0.132679143970244
0,0,0.132679143970244
0,0,0.132679143970244
0,0,0.132679143970244
0,0,0.132679143970244
0,0,0.132679143970244
0,0,0.132679143970244
0,0,0.132679143970244
0,0,0.132679143970244
0,0,0.132679143970244
0,0,0.132679143970244
0,0,0.132679143970244
0,0,0.132679143970244
0,0,0.132679143970244
0,0,0.132679143970244
0,0,0.132679143970244
0,0,0.132679143970244
0,0,0.132679143970244
0,0,0.132679143970244
0,0,0.132679143970244
0,0,0.132679143970244
0,0,0.132679143970244
0,0,0.132679143970244
0,0,0.132679143970244
0,0,0.132679143970244
0,0,0.132679143970244
0,0,0.132679143970244
0,0,0.132679143970244
0,0,0.132679143970244
0,0,0.132679143970244
0,0,0.132679143970244
0,0,0.132679143970244
0,0,0.132679143970244
0,0,0.132679143970244
0,0,0.132679143970244
0,0,0.132679143970244
0,0,0.132679143970244
0,0,0.132679143970244
0,0,0.132679143970244
0,0,0.132679143970244
0,0,0.132679143970244
0,0,0.132679143970244
0,0,0.132679143970244
0,0,0.132679143970244
0,0,0.132679143970244
0,0,0.132679143970244
0,0,0.132679143970244
0,0,0.132679143970244
0,0,0.132679143970244
0,0,0.132679143970244
0,0,0.132679143970244
0,0,0.132679143970244
0,0,0.132679143970244
0,0,0.132679143970244
0,0,0.132679143970244
0,0,0.132679143970244
0,0,0.132679143970244
0,0,0.132679143970244
0,0,0.132679143970244
0,0,0.132679143970244
0,0,0.132679143970244
0,0,0.132679143970244
0,0,0.132679143970244
0,0,0.132679143970244
0,0,0.132679143970244
0,0,0.132679143970244
0,0,0.132679143970244
0,0,0.132679143970244
0,0,0.132679143970244
0,0,0.132679143970244
0,0,0.132679143970244
0,0,0.132679143970244
0,0,0.132679143970244
0,0,0.132679143970244
0,0,0.132679143970244
0,0,0.132679143970244
0,0,0.132679143970244
0,0,0.132679143970244
0,0,0.132679143970244
0,0,0.132679143970244
0,0,0.132679143970244
0,0,0.132679143970244
0,0,0.132679143970244
0,0,0.132679143970244
0,0,0.132679143970244
0,0,0.132679143970244
0,0,0.132679143970244
0,0,0.132679143970244
0,0,0.132679143970244
0,0,0.132679143970244
0,0,0.132679143970244
0,0,0.132679143970244
0,0,0.132679143970244
0,0,0.132679143970244
0,0,0.132679143970244
0,0,0.132679143970244
0,0,0.132679143970244
0,0,0.132679143970244
0,0,0.132679143970244
0,0,0.132679143970244
0,0,0.132679143970244
0,0,0.132679143970244
0,0,0.132679143970244
0,0,0.132679143970244
0,0,0.132679143970244
0,0,0.132679143970244
0,0,0.132679143970244
0,0,0.132679143970244
0,0,0.132679143970244
0,0,0.132679143970244
0,0,0.132679143970244
0,0,0.132679143970244
0,0,0.132679143970244
0,0,0.132679143970244
0,0,0.132679143970244
0,0,0.132679143970244
0,0,0.132679143970244
0,0,0.132679143970244
0,0,0.132679143970244
0,0,0.132679143970244
0,0,0.132679143970244
0,0,0.132679143970244
0,0,0.132679143970244
0,0,0.132679143970244
0,0,0.132679143970244
0,0,0.132679143970244
0,0,0.132679143970244
0,0,0.132679143970244
0,0,0.132679143970244
0,0,0.132679143970244
0,0,0.132679143970244
0,0,0.132679143970244
0,0,0.132679143970244
0,0,0.132679143970244
0,0,0.132679143970244
0,0,0.132679143970244
0,0,0.132679143970244
0,0,0.132679143970244
0,0,0.132679143970244
0,0,0.132679143970244
0,0,0.132679143970244
0,0,0.132679143970244
0,0,0.132679143970244
0,0,0.132679143970244
0,0,0.132679143970244
0,0,0.132679143970244
0,0,0.132679143970244
0,0,0.132679143970244
0,0,0.132679143970244
0,0,0.132679143970244
0,0,0.132679143970244
0,0,0.132679143970244
0,0,0.132679143970244
0,0,0.132679143970244
0,0,0.132679143970244
0,0,0.132679143970244
0,0,0.132679143970244
0,0,0.132679143970244
0,0,0.132679143970244
0,0,0.132679143970244
0,0,0.132679143970244
0,0,0.132679143970244
0,0,0.132679143970244
0,0,0.132679143970244
0,0,0.132679143970244
0,0,0.132679143970244
0,0,0.132679143970244
0,0,0.132679143970244
0,0,0.132679143970244
0,0,0.132679143970244
0,0,0.132679143970244
0,0,0.132679143970244
0,0,0.132679143970244
0,0,0.132679143970244
0,0,0.132679143970244
0,0,0.132679143970244
0,0,0.132679143970244
0,0,0.132679143970244
0,0,0.132679143970244
0,0,0.132679143970244
0,0,0.132679143970244
0,0,0.132679143970244
0,0,0.132679143970244
0,0,0.132679143970244
0,0,0.132679143970244
0,0,0.132679143970244
0,0,0.132679143970244
0,0,0.132679143970244
0,0,0.132679143970244
0,0,0.132679143970244
0,0,0.132679143970244
0,0,0.132679143970244
0,0,0.132679143970244
0,0,0.132679143970244
0,0,0.132679143970244
0,0,0.132679143970244
0,0,0.132679143970244
0,0,0.132679143970244
0,0,0.132679143970244
0,0,0.132679143970244
0,0,0.132679143970244
0,0,0.132679143970244
0,0,0.132679143970244
0,0,0.132679143970244
0,0,0.132679143970244
0,0,0.132679143970244
0,0,0.132679143970244
0,0,0.132679143970244
0,0,0.132679143970244
0,0,0.132679143970244
0,0,0.132679143970244
0,0,0.132679143970244
0,0,0.132679143970244
0,0,0.132679143970244
0,0,0.132679143970244
0,0,0.132679143970244
0,0,0.132679143970244
0,0,0.132679143970244
0,0,0.132679143970244
0,0,0.132679143970244
0,0,0.132679143970244
0,0,0.132679143970244
0,0,0.132679143970244
0,0,0.132679143970244
0,0,0.132679143970244
0,0,0.132679143970244
0,0,0.132679143970244
0,0,0.132679143970244
0,0,0.132679143970244
0,0,0.132679143970244
0,0,0.132679143970244
0,0,0.132679143970244
0,0,0.24166408987360183
0,0,0.24708768149466354
0,0,0.24512056609571037
0,0,0.2482971642510141
0,0,0.24528988386164363
0,0,0.24638655287934919
0,0,0.2465385811899546
0,0,0.2447011214458387
0,0,0.24698584502118884
0,0,0.2454411122532927
0,0,0.24511171125927844
0,0,0.2441779127213014
0,0,0.24983097614510505
0,0,0.24857443286292036
0,0,0.2479260630043496
0,0,0.24637768846458163
0,0,0.24748273105535942
0,0,0.2467657599788285
0,0,0.24549446927691684
0,0,0.24997725145060462
0,0,0.2512076511801997
0,0,0.24638306995581918
0,0,0.24824258067358043
0,0,0.2492400367734084
0,0,0.24701415089803624
0,0,0.24690702434869644
0,0,0.24488060124157124
0,0,0.2495317260491537
0,0,0.24625054186945913
0,0,0.24587377440935404
0,0,0.2438898020786177
0,0,0.24489503546570032
0,0,0.2450072857897502
0,0,0.24277654543759725
0,0,0.24191864143014868
0,0,0.2455184262832232
0,0,0.24455085581662603
0,0,0.24693665522968308
0,0,0.2474858575856209
0,0,0.24579546840093466
0,0,0.24589701248207177
0,0,0.2454363351877634
0,0,0.24620875958011804
0,0,0.24568403102901482
0,0,0.24571191519063992
0,0,0.24385891232239712
0,0,0.2469122000890877
0,0,0.24771074047523559
0,0,0.24508962324668762
0,0,0.24523666843485406
0,0,0.24670735050176643
0,0,0.247612212841605
0,0,0.2469112962079598
0,0,0.24667120913648513
0,0,0.2459744081351534
0,0,0.24591401762658988
0,0,0.24404026077546684
0,0,0.2456599584799945
0,0,0.2452607872130341
0,0,0.245718233200543
0,0,0.24540546977736788
0,0,0.2442046750112029
0,0,0.24405364164298687
0,0,0.2456133182168831
0,0,0.24563943914446318
0,0,0.24429761730157162
0,0,0.24112691967493238
0,0,0.24364543192781143
0,0,0.24377999483862658
0,0,0.244940716168964
0,0,0.2467044072099694
0,0,0.24414226430975502
0,0,0.24500831323626707
0,0,0.2462157152949651
0,0,0.24675226427397917
0,0,0.2457595362771718
0,0,0.24646096051066918
0,0,0.24696771913139584
0,0,0.2446655598795227
0,0,0.2457063784485734
0,0,0.24613085321983402
0,0,0.2487535567030601
0,0,0.2488085001518234
0,0,0.24786483962499456
0,0,0.24788588816760754
0,0,0.2457229971694996
0,0,0.24540574949420738
0,0,0.2436404458060661
0,0,0.24465273197853973
0,0,0.24662631314206457
0,0,0.24643120222711906
0,0,0.24730315456070381
0,0,0.2480245584812015
0,0,0.24699859109781447
0,0,0.2508125275042718
0,0,0.25073399685480746
0,0,0.24653273595689273
0,0,0.24680266587471614
0,0,0.24752221145102554
0,0,0.24774560193800343
0,0,0.24731224298166066
0,0,0.24709895656233577
0,0,0.24934423443591403
0,0,0.24951486688611424
0,0,0.24794888234321322
0,0,0.24738486457934028
0,0,0.24597204706067174
0,0,0.24690046954860959
0,0,0.2469506187786702
0,0,0.2481910661089868
0,0,0.24920097470404334
0,0,0.24851749988195923
0,0,0.24880686793121595
0,0,0.24824714833143974
0,0,0.24602727299009952
0,0,0.24520781694869376
0,0,0.24622411164899907
0,0,0.24761517997594235
0,0,0.248072820886919
0,0,0.24595520595208603
0,0,0.2446591610037811
0,0,0.24606930197653887
0,0,0.24562029952258713
0,0,0.24514148866278576
0,0,0.24687966454114577
0,0,0.24702450581889898
0,0,0.24594814311511626
0,0,0.24507041707832253
0,0,0.2450263243108962
0,0,0.24529304789749717
0,0,0.2447583816320261
0,0,0.24563964789328718
0,0,0.24625123368691718
0,0,0.24586744347857117
0,0,0.24574335588628546
0,0,0.2448027975503451
0,0,0.24359179580566478
0,0,0.24570897747195364
0,0,0.2457035988235016
0,0,0.2446916391834674
0,0,0.24618588323513838
0,0,0.24506775212843945
0,0,0.24455362219097146
0,0,0.24443175948772136
0,0,0.24779912125667433
0,0,0.247594942091888
0,0,0.24294903445850202
0,0,0.24472369657872062
0,0,0.24495159656265514
0,0,0.24439961632458065
0,0,0.24553243692258467
0,0,0.2424317174069505
0,0,0.2415149425492478
0,0,0.2442004581809782
0,0,0.2439502727185039
0,0,0.2434171069889919
0,0,0.24346375913617094
0,0,0.24332763456338807
0,0,0.2448883837046212
0,0,0.2452277444113812
0,0,0.24446339284322818
0,0,0.24378077725640446
0,0,0.24145172753610739
0,0,0.24410208528572414
0,0,0.24390747633963628
0,0,0.2440853188872481
0,0,0.24482175090971106
0,0,0.24411032114047532
0,0,0.24446282595798063
0,0,0.24438898661158698
0,0,0.24484311401246825
0,0,0.24613736050734294
0,0,0.24743643983568891
0,0,0.24387207918185821
0,0,0.2449995283286551
0,0,0.24426703445344414
0,0,0.24477445910157808
0,0,0.24455863734829664
0,0,0.24494449376572158
0,0,0.24688531825022692
0,0,0.24808161739716414
0,0,0.24493489067796176
0,0,0.2453030840002773
0,0,0.24579017751369492
0,0,0.24483632251652412
0,0,0.24674751345699078
0,0,0.24668256797609264
0,0,0.24665023025160934
0,0,0.24669469278673056
0,0,0.24628993477828617
0,0,0.2466524662917696
0,0,0.24641290454948875
0,0,0.24536894411092938
0,0,0.24640093606612962
0,0,0.24729517068771242
0,0,0.24785279416829953
0,0,0.24953270314702553
0,0,0.24892051828442804
0,0,0.24752442349684453
0,0,0.2466388852762206
0,0,0.24128471526459191
0,0,0.24169443341795854
0,0,0.2451501766166381
0,0,0.2471332693510077
0,0,0.2471484403220604
0,0,0.24691909150031954
0,0,0.24678985501239992
0,0,0.2449273437899062
0,0,0.24533056543219672
0,0,0.24705155880221974
0,0,0.24591422700230373
0,0,0.24547706955425863
0,0,0.24592403964728798
0,0,0.2478092756898365
0,0,0.247738324396905
0,0,0.2469085045022836
0,0,0.24622278602490827
0,0,0.24517499244374083
0,0,0.24532963135270522
0,0,0.24640834420455426
0,0,0.2486078206680128
0,0,0.24867095615500692
0,0,0.2466853270664606
0,0,0.2461204294569011
0,0,0.24721745152672947
0,0,0.24399342930541246
0,0,0.24286788599781658
0,0,0.24276590778231816
0,0,0.24368531220996556
0,0,0.24537992954900767
0,0,0.24489626264690575
0,0,0.24540848968192225
0,0,0.24662607651563398
0,0,0.2464161394902969
0,0,0.24657943858319925
0,0,0.24667579879019297
0,0,0.24872871770003555
0,0,0.248876862765842
0,0,0.24747381361826445
0,0,0.24722872251347633
0,0,0.24611387251815545
0,0,0.24734397955110168
0,0,0.25049370472226334
0,0,0.24973741638135633
0,0,0.24635015925158085
0,0,0.24668278008508274
0,0,0.24635935531804232
0,0,0.2464842932594531
0,0,0.24590620567857424
0,0,0.2457916247986148
0,0,0.24607957679457115
0,0,0.2472052912920915
0,0,0.24805779819278792
0,0,0.2479587777261494
0,0,0.2479554638078323
0,0,0.24737933182336236
0,0,0.24837040395911097
0,0,0.24876494371306984
0,0,0.24660497662087216
0,0,0.24624712978384983
0,0,0.24616941846373439
0,0,0.2471609314817646
0,0,0.24857928984963612
0,0,0.24869435104316437
0,0,0.24744377093008318
0,0,0.24777619106725404
0,0,0.24758945862861342
0,0,0.24673350742477482
0,0,0.24709182526477602
0,0,0.2465490888581039
0,0,0.24585704732030783
0,0,0.24650950955714537
0,0,0.24722661934435805
0,0,0.24703871374848907
0,0,0.2467379957940843
0,0,0.24809846652489717
0,0,0.24868960575788324
0,0,0.24946020412343167
0,0,0.24800753786415158
0,0,0.24553930952031033
0,0,0.24805311974033445
0,0,0.24829973087452242
0,0,0.24957196767302595
0,0,0.2498358776280686
0,0,0.24917929952468645
0,0,0.24783459602375874
0,0,0.24650760763624127
0,0,0.2481898092685507
0,0,0.24796559905271368
0,0,0.24672845923264408
0,0,0.24786798741524832
0,0,0.24818179598314663
0,0,0.24884753328903275
0,0,0.24750062554325067
0,0,0.24617193641866952
0,0,0.2470326769266259
0,0,0.24789364409426237
0,0,0.24756498659625492
0,0,0.24783706409702533
0,0,0.24820338764678157
0,0,0.2478606808012759
0,0,0.2469756232352232
0,0,0.2472054361677527
0,0,0.24864701875183287
0,0,0.24852438198750582
0,0,0.2482196016487354
0,0,0.2473339197054727
0,0,0.2477496271039245
0,0,0.2511370219824828
0,0,0.2503440571198183
0,0,0.24648142066303871
0,0,0.24703069895436355
0,0,0.24627506299495913
0,0,0.24470931188962253
0,0,0.2443955025279742
0,0,0.2467374194915139
0,0,0.24743757682620535
0,0,0.24734154868264607
0,0,0.24611873782845034
0,0,0.24699293425111543
0,0,0.24717055388041373
0,0,0.24621322411608573
0,0,0.25051432098492626
0,0,0.25048517116111446
0,0,0.24534234504302885
0,0,0.24569704767935566
0,0,0.24549084259983062
0,0,0.244910587499029
0,0,0.24554457760325463
0,0,0.24502679653239892
0,0,0.24563023055291394
0,0,0.248041892374126
0,0,0.24672054146652186
0,0,0.24579308797844765
0,0,0.24515196356371893
0,0,0.2446607071701255
0,0,0.24420991850342796
0,0,0.24402541131661606
0,0,0.24501667172177669
0,0,0.24813492516486033
0,0,0.24839297964489368
0,0,0.24546438913960061
0,0,0.24238938945617272
0,0,0.2423498096137219
0,0,0.24512604759742143
0,0,0.24591448720089246
0,0,0.132679143970244
0,0,0.132679143970244
0,0,0.132679143970244
0,0,0.132679143970244
0,0,0.132679143970244
0,0,0.132679143970244
0,0,0.132679143970244
0,0,0.132679143970244
0,0,0.132679143970244
0,0,0.132679143970244
0,0,0.132679143970244
0,0,0.132679143970244
0,0,0.132679143970244
0,0,0.132679143970244
0,0,0.132679143970244
0,0,0.132679143970244
0,0,0.132679143970244
0,0,0.132679143970244
0,0,0.132679143970244
0,0,0.132679143970244
0,0,0.132679143970244
0,0,0.132679143970244
0,0,0.132679143970244
1,0,0.132679143970244
1,0,0.132679143970244
1,0,0.132679143970244
1,0,0.132679143970244
1,0,0.132679143970244
1,0,0.132679143970244
1,0,0.132679143970244
1,0,0.132679143970244
1,0,0.132679143970244
1,0,0.132679143970244
1,0,0.132679143970244
1,0,0.132679143970244
1,0,0.132679143970244
1,0,0.132679143970244
1,0,0.132679143970244
1,0,0.132679143970244
1,0,0.132679143970244
1,0,0.132679143970244
1,0,0.132679143970244
1,0,0.132679143970244
1,0,0.132679143970244
1,0,0.132679143970244
1,0,0.132679143970244
1,0,0.132679143970244
1,0,0.132679143970244
1,0,0.132679143970244
1,0,0.132679143970244
1,0,0.132679143970244
1,0,0.132679143970244
1,0,0.132679143970244
1,0,0.132679143970244
1,0,0.132679143970244
1,0,0.132679143970244
1,0,0.132679143970244
1,0,0.132679143970244
1,0,0.132679143970244
1,0,0.132679143970244
1,0,0.132679143970244
1,0,0.132679143970244
1,0,0.132679143970244
1,0,0.132679143970244
1,0,0.132679143970244
1,0,0.132679143970244
1,0,0.132679143970244
1,0,0.132679143970244
1,0,0.132679143970244
1,0,0.132679143970244
1,0,0.132679143970244
1,0,0.132679143970244
1,0,0.132679143970244
1,0,0.132679143970244
1,0,0.132679143970244
1,0,0.132679143970244
1,0,0.132679143970244
1,0,0.132679143970244
1,0,0.132679143970244
1,0,0.132679143970244
1,0,0.132679143970244
1,0,0.132679143970244
1,0,0.132679143970244
1,0,0.132679143970244
1,0,0.132679143970244
1,0,0.132679143970244
1,0,0.132679143970244
1,0,0.132679143970244
1,0,0.132679143970244
1,0,0.132679143970244
1,0,0.132679143970244
1,0,0.132679143970244
1,0,0.132679143970244
1,0,0.132679143970244
1,0,0.132679143970244
1,0,0.132679143970244
1,0,0.132679143970244
1,0,0.132679143970244
1,0,0.132679143970244
1,0,0.132679143970244
1,0,0.132679143970244
1,0,0.132679143970244
1,0,0.132679143970244
1,0,0.132679143970244
1,0,0.132679143970244
1,0,0.132679143970244
1,0,0.132679143970244
1,0,0.132679143970244
1,0,0.132679143970244
1,0,0.132679143970244
1,0,0.132679143970244
1,0,0.132679143970244
1,0,0.132679143970244
1,0,0.132679143970244
1,0,0.132679143970244
1,0,0.132679143970244
1,0,0.132679143970244
1,0,0.132679143970244
1,0,0.132679143970244
1,0,0.132679143970244
1,0,0.132679143970244
1,0,0.132679143970244
1,0,0.132679143970244
1,0,0.132679143970244
1,0,0.132679143970244
1,0,0.132679143970244
1,0,0.132679143970244
1,0,0.132679143970244
1,0,0.132679143970244
1,0,0.132679143970244
1,0,0.132679143970244
1,0,0.132679143970244
1,0,0.132679143970244
1,0,0.132679143970244
1,0,0.132679143970244
1,0,0.132679143970244
1,0,0.132679143970244
1,0,0.132679143970244
1,0,0.132679143970244
1,0,0.132679143970244
1,0,0.132679143970244
1,0,0.132679143970244
1,0,0.132679143970244
1,0,0.132679143970244
1,0,0.132679143970244
1,0,0.132679143970244
1,0,0.132679143970244
1,0,0.132679143970244
1,0,0.132679143970244
1,0,0.132679143970244
1,0,0.132679143970244
1,0,0.132679143970244
1,0,0.132679143970244
1,0,0.132679143970244
1,0,0.132679143970244
1,0,0.132679143970244
1,0,0.132679143970244
1,0,0.132679143970244
1,0,0.132679143970244
1,0,0.132679143970244
1,0,0.132679143970244
1,0,0.132679143970244
1,0,0.132679143970244
1,0,0.132679143970244
1,0,0.132679143970244
1,0,0.132679143970244
1,0,0.132679143970244
1,0,0.132679143970244
1,0,0.132679143970244
1,0,0.132679143970244
1,0,0.132679143970244
1,0,0.132679143970244
1,0,0.132679143970244
1,0,0.132679143970244
1,0,0.132679143970244
1,0,0.132679143970244
1,0,0.132679143970244
1,0,0.132679143970244
1,0,0.132679143970244
1,0,0.132679143970244
1,0,0.132679143970244
1,0,0.132679143970244
1,0,0.132679143970244
1,0,0.132679143970244
1,0,0.132679143970244
1,0,0.132679143970244
1,0,0.132679143970244
1,0,0.132679143970244
1,0,0.132679143970244
1,0,0.132679143970244
1,0,0.132679143970244
1,0,0.132679143970244
1,0,0.132679143970244
1,0,0.132679143970244
1,0,0.132679143970244
1,0,0.132679143970244
1,0,0.132679143970244
1,0,0.132679143970244
1,0,0.132679143970244
1,0,0.132679143970244
1,0,0.132679143970244
1,0,0.132679143970244
1,0,0.132679143970244
1,0,0.132679143970244
1,0,0.132679143970244
1,0,0.132679143970244
1,0,0.132679143970244
1,0,0.132679143970244
1,0,0.132679143970244
0,0,0.132679143970244
0,0,0.132679143970244
0,0,0.132679143970244
0,0,0.132679143970244
0,0,0.132679143970244
0,0,0.132679143970244
0,0,0.132679143970244
0,0,0.132679143970244
0,0,0.132679143970244
0,0,0.132679143970244
0,0,0.132679143970244
0,0,0.132679143970244
0,0,0.132679143970244
0,0,0.132679143970244
0,0,0.132679143970244
0,0,0.132679143970244
0,0,0.132679143970244
0,0,0.132679143970244
0,0,0.132679143970244
0,0,0.132679143970244
0,0,0.132679143970244
0,0,0.132679143970244
0,0,0.132679143970244
0,0,0.132679143970244
0,0,0.132679143970244
0,0,0.132679143970244
0,0,0.132679143970244
0,0,0.132679143970244
0,0,0.132679143970244
0,0,0.132679143970244
0,0,0.132679143970244
0,0,0.132679143970244
0,0,0.132679143970244
0,0,0.132679143970244
0,0,0.132679143970244
0,0,0.132679143970244
0,0,0.132679143970244
0,0,0.132679143970244
0,0,0.132679143970244
0,0,0.132679143970244
0,0,0.132679143970244
0,0,0.132679143970244
0,0,0.132679143970244
0,0,0.132679143970244
0,0,0.132679143970244
0,0,0.132679143970244
0,0,0.132679143970244
0,0,0.132679143970244
0,0,0.132679143970244
0,0,0.132679143970244
0,0,0.132679143970244
0,0,0.132679143970244
0,0,0.132679143970244
0,0,0.132679143970244
0,0,0.132679143970244
0,0,0.132679143970244
0,0,0.132679143970244
0,0,0.132679143970244
0,0,0.132679143970244
1,0,0.132679143970244
1,0,0.132679143970244
1,0,0.132679143970244
1,0,0.132679143970244
1,0,0.132679143970244
1,0,0.132679143970244
1,0,0.132679143970244
1,0,0.132679143970244
1,0,0.132679143970244
1,0,0.132679143970244
1,0,0.132679143970244
1,0,0.132679143970244
1,0,0.132679143970244
1,0,0.132679143970244
1,0,0.132679143970244
1,0,0.132679143970244
1,0,0.132679143970244
1,0,0.132679143970244
1,0,0.132679143970244
1,0,0.132679143970244
1,0,0.132679143970244
1,0,0.132679143970244
1,0,0.132679143970244
1,0,0.132679143970244
1,0,0.132679143970244
1,0,0.132679143970244
1,0,0.132679143970244
1,0,0.132679143970244
1,0,0.132679143970244
1,0,0.132679143970244
1,0,0.132679143970244
1,0,0.132679143970244
1,0,0.132679143970244
1,0,0.132679143970244
1,0,0.132679143970244
1,0,0.132679143970244
1,0,0.132679143970244
1,0,0.132679143970244
1,0,0.132679143970244
1,0,0.132679143970244
1,0,0.132679143970244
1,0,0.132679143970244
1,0,0.132679143970244
1,0,0.132679143970244
1,0,0.132679143970244
1,0,0.132679143970244
0,0,0.132679143970244
0,0,0.132679143970244
0,0,0.132679143970244
0,0,0.132679143970244
0,0,0.132679143970244
0,0,0.132679143970244
0,0,0.132679143970244
0,0,0.132679143970244
0,0,0.132679143970244
0,0,0.132679143970244
0,0,0.132679143970244
0,0,0.132679143970244
0,0,0.132679143970244
0,0,0.132679143970244
0,0,0.132679143970244
0,0,0.132679143970244
0,0,0.132679143970244
0,0,0.132679143970244
0,0,0.132679143970244
0,0,0.132679143970244
0,0,0.132679143970244
0,0,0.132679143970244
0,0,0.132679143970244
0,0,0.132679143970244
0,0,0.132679143970244
0,0,0.132679143970244
0,0,0.132679143970244
0,0,0.132679143970244
0,0,0.132679143970244
0,0,0.132679143970244
0,0,0.132679143970244
0,0,0.132679143970244
0,0,0.132679143970244
0,0,0.132679143970244
0,0,0.132679143970244
0,0,0.132679143970244
0,0,0.132679143970244
0,0,0.132679143970244
0,0,0.132679143970244
0,0,0.132679143970244
0,0,0.132679143970244
0,0,0.132679143970244
0,0,0.132679143970244
0,0,0.132679143970244
0,0,0.132679143970244
0,0,0.132679143970244
0,0,0.132679143970244
0,0,0.132679143970244
0,0,0.132679143970244
0,0,0.132679143970244
0,0,0.132679143970244
0,0,0.132679143970244
0,0,0.132679143970244
0,0,0.132679143970244
0,0,0.132679143970244
0,0,0.132679143970244
0,0,0.132679143970244
0,0,0.132679143970244
0,0,0.132679143970244
0,0,0.132679143970244
0,0,0.132679143970244
0,0,0.132679143970244
0,0,0.132679143970244
0,0,0.132679143970244
0,0,0.132679143970244
0,0,0.132679143970244
0,0,0.132679143970244
0,0,0.132679143970244
1,0,0.132679143970244
1,0,0.132679143970244
1,0,0.132679143970244
1,0,0.132679143970244
1,0,0.132679143970244
1,0,0.132679143970244
1,0,0.132679143970244
1,0,0.132679143970244
1,0,0.132679143970244
1,0,0.132679143970244
1,0,0.132679143970244
1,0,0.132679143970244
1,0,0.132679143970244
1,0,0.132679143970244
1,0,0.132679143970244
1,0,0.132679143970244
1,0,0.132679143970244
1,0,0.132679143970244
1,0,0.132679143970244
1,0,0.132679143970244
1,0,0.132679143970244
1,0,0.132679143970244
1,0,0.132679143970244
1,0,0.132679143970244
1,0,0.132679143970244
1,0,0.132679143970244
1,0,0.132679143970244
1,0,0.132679143970244
1,0,0.132679143970244
1,0,0.132679143970244
1,0,0.132679143970244
1,0,0.132679143970244
1,0,0.132679143970244
1,0,0.132679143970244
1,0,0.132679143970244
1,0,0.132679143970244
1,0,0.132679143970244
1,0,0.132679143970244
1,0,0.132679143970244
1,0,0.132679143970244
1,0,0.132679143970244
1,0,0.132679143970244
1,0,0.132679143970244
1,0,0.132679143970244
1,0,0.132679143970244
1,0,0.132679143970244
0,0,0.19702824386845358
0,0,0.19893155080388975
0,0,0.20114158546354247
0,0,0.20078538088184902
0,0,0.20041666512964892
0,0,0.19873468198900415
0,0,0.1920727852386706
0,0,0.18905361026063605
0,0,0.18836836816089886
0,0,0.1899679025594015
0,0,0.1938529249310917
0,0,0.19042218380399037
0,0,0.1855882168802883
0,0,0.18494544936739887
0,0,0.1805864254568668
0,0,0.1808254073230783
0,0,0.1922146465894839
0,0,0.20063011846650805
0,0,0.20517453598153423
0,0,0.20524931417985687
0,0,0.19765849971667684
0,0,0.19287927288855333
0,0,0.1863101471969338
0,0,0.14865426345936558
0,0,0.21281608693370518
0,0,0.2292183949578863
0,0,0.2332418111297485
0,0,0.22725320027445814
0,0,0.21906361151275816
0,0,0.2279888191408134
0,0,0.23374695561303943
0,0,0.23569154684659502
0,0,0.23533261285048201
0,0,0.230826710514717
0,0,0.23366233988469323
0,0,0.23955187489608093
0,0,0.23567287574840617
0,0,0.22512975715669073
0,0,0.23489566180819413
0,0,0.24037099640766185
0,0,0.23699917783014465
0,0,0.22841985605194004
0,0,0.2374459393924786
0,0,0.24551897821531415
0,0,0.23014474149252245
0,0,0.22118034001824016
0,0,0.2323614949440656
0,0,0.24720973358116977
0,0,0.24564527595839086
0,0,0.2535413218410713
0,0,0.23737523573326963
0,0,0.2288511002230786
0,0,0.2476950099414172
0,0,0.24355834745580252
0,0,0.2357689041705811
0,0,0.23395392137741133
0,0,0.24612197580675418
0,0,0.24052966294385744
0,0,0.24451165149353923
0,0,0.246526299291398
0,0,0.24155323857799116
0,0,0.2464961327536963
0,0,0.24898422765829575
0,0,0.24038059934401937
0,0,0.24022699289076513
0,0,0.24171490132237805
0,0,0.24856280764039546
0,0,0.24664152825696684
0,0,0.2454316369181325
0,0,0.24345872685449965
0,0,0.23398530801226272
0,0,0.2299119049762894
0,0,0.23581609366657735
0,0,0.23693292892808496
0,0,0.22854394743356424
0,0,0.2295429844824656
0,0,0.22784127596807852
0,0,0.2252033146064513
0,0,0.2277613799444702
0,0,0.22991668397276116
0,0,0.2294603532733395
0,0,0.2280966660839131
0,0,0.2254318583514143
0,0,0.23287084153612975
0,0,0.24172793249613975
0,0,0.2492314539378745
0,0,0.2437688686020269
0,0,0.23000797315811009
0,0,0.23642673456171992
0,0,0.232732288540779
0,0,0.2280553924152651
0,0,0.1933023492935505
0,0,0.19109995911203292
0,0,0.24365725416018427
1,0,0.13895236393371924
1,0,0.13856837102264322
1,0,0.14041180270202008
1,0,0.14590999569459637
1,0,0.1432163782181954
1,0,0.1391021745230188
1,0,0.13887745814619074
1,0,0.1390138123719901
1,0,0.14160186346421508
1,0,0.1407044117914745
1,0,0.13990057222353172
1,0,0.14004366722254719
1,0,0.13892347335379143
1,0,0.14064913652224517
1,0,0.14011508438826456
1,0,0.13856604213095447
1,0,0.14424331921452413
1,0,0.14529639194979532
1,0,0.1440559792592759
1,0,0.14203735331893622
1,0,0.14066542217248695
1,0,0.1413715053557369
1,0,0.14430483995666823
1,0,0.1424592235178775
1,0,0.13628178033408264
1,0,0.1373139753449706
1,0,0.14022233842730636
1,0,0.14062178572652045
1,0,0.13852180547268023
1,0,0.13859138337735724
1,0,0.14135673890553024
1,0,0.14267534687949104
1,0,0.14549862089429322
1,0,0.13711668630160773
1,0,0.13637614566429543
1,0,0.13282924478010008
1,0,0.1329017364841523
1,0,0.13796596613444864
1,0,0.14036556176456824
1,0,0.14694023334229644
1,0,0.1430443010122184
1,0,0.13772396359880634
1,0,0.13741689964668602
1,0,0.13752292019038662
1,0,0.13840685675681527
1,0,0.14484535913058535
1,0,0.1425433194888234
1,0,0.14188107866430683
1,0,0.14073147078078052
1,0,0.1409341632450333
1,0,0.14038615212936054
1,0,0.14250969386185025
1,0,0.14036729845746027
1,0,0.13844728247641955
1,0,0.14093471482287695
1,0,0.13993454730074714
1,0,0.14091989725588286
1,0,0.14371313831401722
1,0,0.13970900910865322
1,0,0.13889100300477186
1,0,0.1393942488547482
1,0,0.1388204293371538
1,0,0.14356877140423535
1,0,0.14256693615027058
1,0,0.13791909902292857
1,0,0.1391678704715246
1,0,0.13814310144018357
1,0,0.140857247318465
1,0,0.132679143970244
0,0,0.13340490685228765
0,0,0.13710279780954437
0,0,0.13552043229565588
0,0,0.13627667416190348
0,0,0.13921486979678419
0,0,0.13628522887605835
0,0,0.13680826325413287
0,0,0.1388931516175128
0,0,0.13698685459271595
0,0,0.1358446905487565
0,0,0.1369488693550691
0,0,0.13655257752268268
0,0,0.13582308616994013
0,0,0.13516553026633601
0,0,0.13479526617759177
0,0,0.1352709743459585
0,0,0.13445538436762358
0,0,0.13361168822678118
0,0,0.13386598784771844
0,0,0.134134193776609
0,0,0.1333687983190682
0,0,0.13395140755475765
0,0,0.1339765837602971
1,0,0.13645321247542028
1,0,0.1360510781911005
1,0,0.1332652541075367
1,0,0.1336613431056036
1,0,0.13809325365358113
1,0,0.1411888120716021
1,0,0.13745249075847535
1,0,0.13711487216582463
1,0,0.14011875892063438
1,0,0.14335715082925848
1,0,0.14224657108739422
1,0,0.1449455789671176
1,0,0.14183264377646135
1,0,0.14012328702403032
1,0,0.13412755709333904
1,0,0.13341690527685254
1,0,0.13493683661951206
1,0,0.13586654981296337
1,0,0.13444542943548138
1,0,0.1335691031844991
1,0,0.13324240920839056
1,0,0.13483333215302154
1,0,0.1412522874396951
0,0,0.23398973804953482
0,0,0.23413890718833796
0,0,0.23570841143935067
0,0,0.23521130144982502
0,0,0.23373147434932584
0,0,0.23216947998423043
0,0,0.2347558093782973
0,0,0.2318711301271601
0,0,0.23964140035524217
0,0,0.24272847743329148
0,0,0.23855573239257186
0,0,0.23533635968116967
0,0,0.23954537460688347
0,0,0.23781100337009675
0,0,0.23569672075551484
0,0,0.23739970005703187
0,0,0.2383878317304381
0,0,0.2354255996821485
0,0,0.23262335264569997
0,0,0.23908199141877529
0,0,0.24248989097369505
0,0,0.23616961337827266
0,0,0.23025027938140563
0,0,0.23288473943546797
0,0,0.23088499055302159
0,0,0.22644276890185502
0,0,0.22625501025491776
0,0,0.22639740745403106
0,0,0.2269056048038811
0,0,0.2256735857597931
0,0,0.22404855615617333
0,0,0.22194222668378788
0,0,0.2219089049181846
0,0,0.22164686444569348
0,0,0.21788026655315476
0,0,0.21672607727988555
0,0,0.22185378165982161
0,0,0.22030354406886662
0,0,0.21899027595901482
0,0,0.2201365657832748
0,0,0.2206353291442254
0,0,0.22231360929238891
0,0,0.22062325185530413
0,0,0.22053503886810924
0,0,0.21739923116350154
0,0,0.21730980679561304
0,0,0.2189945007332189
0,0,0.21951218692022165
0,0,0.22090982098972753
0,0,0.22106651345677816
0,0,0.22039703954030332
0,0,0.21922116966140737
0,0,0.2212536586098638
0,0,0.22169873238410404
0,0,0.22038219979626975
0,0,0.22231332267465126
0,0,0.22198252618679323
0,0,0.21936361681885194
0,0,0.19767693008825554
0,0,0.14119348376032673
0,0,0.1422808796303846
0,0,0.14287225817765176
0,0,0.13886478982167863
0,0,0.13704674325348015
0,0,0.1387925102304052
0,0,0.1399055968041731
0,0,0.1395995302625341
0,0,0.13703726603099992
0,0,0.13755305584378477
0,0,0.13785724112694978
0,0,0.13866576583908136
0,0,0.1500150243910855
0,0,0.15603581014850507
0,0,0.14641403386802126
0,0,0.13884955810463442
0,0,0.148874005788458
0,0,0.1647397698806089
0,0,0.14563129708758227
0,0,0.1390374586661741
0,0,0.14884138467751998
0,0,0.17159527674248673
0,0,0.17774924942294687
1,0,0.1374055198610253
1,0,0.1370389167650135
1,0,0.14294259684952257
1,0,0.14244661700042952
1,0,0.14030124683700465
1,0,0.14058079319886627
1,0,0.14126547589238897
1,0,0.14434331402380762
1,0,0.14361027936515655
1,0,0.13785175689789117
1,0,0.13586417386995314
1,0,0.13722696613996252
1,0,0.13765529946761923
1,0,0.1355682463853488
1,0,0.13712528537630125
1,0,0.13696041742029758
1,0,0.13614805674471434
1,0,0.13551278223398017
1,0,0.13686745946468504
1,0,0.13598073798378776
1,0,0.13485393758469608
1,0,0.13794186432925337
1,0,0.1361271849329238
0,0,0.18872958363997164
0,0,0.18411649840452385
0,0,0.18018298330688431
0,0,0.18100937074870826
0,0,0.18666881505722893
0,0,0.18819636171869739
0,0,0.1827281205468058
0,0,0.18162004001918408
0,0,0.1817134220885704
0,0,0.1774962459710483
0,0,0.17524671396953137
0,0,0.17556822407417946
0,0,0.17427782980648304
0,0,0.17509494140066506
0,0,0.18605621105257056
0,0,0.18938173404184191
0,0,0.18649407960715103
0,0,0.18681866502429945
0,0,0.18389843836518893
0,0,0.18342620277508492
0,0,0.17931546607791612
0,0,0.1774624229489345
0,0,0.17117152448064693
0,0,0.1678199000589253
0,0,0.1710796101307337
0,0,0.17273061152256586
0,0,0.17430829596770553
0,0,0.176889655871525
0,0,0.173157075372834
0,0,0.16901754608994893
0,0,0.16676158482466083
0,0,0.1653061346182997
0,0,0.16298809649361462
0,0,0.16237267287057577
0,0,0.1793749166631184
0,0,0.18118647333815913
0,0,0.15660633523000794
0,0,0.1540425111497087
0,0,0.15702249368615637
0,0,0.1584308787140275
0,0,0.15745396005360363
0,0,0.15835069816635913
0,0,0.16051928295905518
0,0,0.15982382396519834
0,0,0.15706674438876486
0,0,0.15886661590924392
0,0,0.17124413563465196
0,0,0.16785367944783247
0,0,0.1574621226556298
0,0,0.15787568168200442
0,0,0.15601737357814344
0,0,0.15601296472930043
0,0,0.15890796305884441
0,0,0.1569153234594847
0,0,0.15266041762988375
0,0,0.15527150861624703
0,0,0.15860494542872822
0,0,0.15822801733171854
0,0,0.1611170166230524
0,0,0.16001221024065804
0,0,0.1654992565676521
0,0,0.16339534687020948
0,0,0.1567819101031554
0,0,0.15892520429079035
0,0,0.13574461200982949
0,0,0.13387052920890274
0,0,0.1332099285636429
0,0,0.13316519823604767
0,0,0.1592126267309775
0,0,0.15576313397472955
0,0,0.15108410238682596
0,0,0.1501340684839587
0,0,0.15150706260604466
0,0,0.15759832253560496
0,0,0.17188127624687355
0,0,0.17598719748520827
0,0,0.17526375700970542
0,0,0.1742782776510088
0,0,0.17200147597892382
0,0,0.17330077008583153
0,0,0.17460177279480105
0,0,0.1737021051849392
0,0,0.17228460133361673
0,0,0.1660281283130213
0,0,0.16937239500513104
0,0,0.17849510047474237
0,0,0.18423274488495697
0,0,0.17802902976168494
0,0,0.16101499811827183
0,0,0.16168560368828472
0,0,0.1673916004474582
0,0,0.17065591605710004
0,0,0.16860474082302557
0,0,0.16659635031602152
0,0,0.16903125738982036
0,0,0.16824041354406874
0,0,0.1666554648838598
0,0,0.1668338580448121
0,0,0.16543132834974927
0,0,0.1635699020764156
0,0,0.15931989450699702
0,0,0.15767683768213958
0,0,0.15945884642728994
0,0,0.16004297429386424
0,0,0.15484075761806332
0,0,0.15405171235882353
0,0,0.158362375004029
0,0,0.1600496901199488
0,0,0.16212976384102684
0,0,0.16323864360913984
0,0,0.1581019352768088
0,0,0.15248060661039212
0,0,0.15451646324019622
0,0,0.15539542225420344
0,0,0.24268315747827737
0,0,0.24363840986888985
0,0,0.2457725376299472
0,0,0.24753133704892896
0,0,0.2494979199302288
0,0,0.2464856027416918
0,0,0.2449756148660015
0,0,0.2453396925323851
0,0,0.24641577447545782
0,0,0.24667852020457645
0,0,0.25095308086774876
0,0,0.25160376516830213
0,0,0.24788894876802228
0,0,0.2511109719316294
0,0,0.25250559376620657
0,0,0.2487669621730218
0,0,0.2465552918210789
0,0,0.24492464192674446
0,0,0.24376093635650992
0,0,0.24530116874698732
0,0,0.24773441237809957
0,0,0.24801601878322707
0,0,0.24614127568673064
0,0,0.24594672095854409
0,0,0.24959722782690724
0,0,0.25345950855782723
0,0,0.2509168292101076
0,0,0.24801465627132652
0,0,0.24638789227611874
0,0,0.24595816593885722
0,0,0.2468058406883571
0,0,0.24672504250921642
0,0,0.24531361344948657
0,0,0.24612215194471998
0,0,0.24766563499365848
0,0,0.2462889986149478
0,0,0.24534975958322813
0,0,0.2480191510122241
0,0,0.24786898970518692
0,0,0.24659559816922047
0,0,0.24843670804667842
0,0,0.2482734258066698
0,0,0.24523408969060245
0,0,0.2425092326158108
0,0,0.24376345860095097
0,0,0.24501898080459839
0,0,0.246965629002385
0,0,0.24567199275428192
0,0,0.24507118070317233
0,0,0.24589183636951759
0,0,0.2452680058851963
0,0,0.24415482112384926
0,0,0.24498570545831194
0,0,0.24489195787152576
0,0,0.24549226343935635
0,0,0.24536012057743375
0,0,0.2448303288716311
0,0,0.245841934417362
0,0,0.24641873439230688
0,0,0.2462929416196044
0,0,0.2453812923502547
0,0,0.24502464394572465
0,0,0.24492584620725635
0,0,0.2454014186892119
0,0,0.2483650133201216
0,0,0.2483536086406571
0,0,0.24591478181718848
0,0,0.24596360904817482
0,0,0.24602394064501829
0,0,0.2454005409847098
0,0,0.2466062667662754
0,0,0.24744694189248767
0,0,0.2465806133674006
0,0,0.24486274778378425
0,0,0.2448173115858492
0,0,0.24576251534100593
0,0,0.24547864646106055
0,0,0.2453984577252065
0,0,0.24559292922904552
0,0,0.24442556533151621
0,0,0.24446655913924478
0,0,0.24390069713169443
0,0,0.24379566320743948
0,0,0.24454780440816354
0,0,0.24466035395427566
0,0,0.2447089054351231
0,0,0.24426275428839825
0,0,0.24327686928377593
0,0,0.2438588806468062
0,0,0.2429817280045314
0,0,0.24207633301733059
0,0,0.24268757133098046
0,0,0.24420270510571782
0,0,0.24484048090048954
1,0,0.250719569220272
1,0,0.2503851546506856
1,0,0.24543735551663648
1,0,0.2475544694092112
1,0,0.24748073933521741
1,0,0.24624485048456465
1,0,0.24646205150821224
1,0,0.24593220873623872
1,0,0.24680282974441223
1,0,0.24962175350083465
1,0,0.2516446047783842
1,0,0.2495255747967364
1,0,0.2476689500518932
1,0,0.24853862471179342
1,0,0.2531810664381976
1,0,0.25286387093439244
1,0,0.2455292179712151
1,0,0.24671710195003735
1,0,0.24764930811054278
1,0,0.2479854613679495
1,0,0.24765123023475652
1,0,0.24676776371373355
1,0,0.24724602095486978
1,0,0.22786926779017053
1,0,0.2316513175688595
1,0,0.24558660271360958
1,0,0.2449440968953111
1,0,0.24678207634875363
1,0,0.24998478409008082
1,0,0.24984002802511177
1,0,0.2459243164363265
1,0,0.2481612873243656
1,0,0.2484997260080115
1,0,0.24623282383301429
1,0,0.24670581858514928
1,0,0.2454821162644564
1,0,0.24639968654429523
1,0,0.24761209323628897
1,0,0.2474083886849293
1,0,0.24627786369415788
1,0,0.24522840746558836
1,0,0.24821651084008575
1,0,0.24878552138834892
1,0,0.25175322422296864
1,0,0.2519830610309712
1,0,0.24782080328811867
1,0,0.13456102459857386
1,0,0.13829510835034126
1,0,0.24583819335950952
1,0,0.26188949858651184
1,0,0.23966211109481123
1,0,0.24797071120491615
1,0,0.21376205252712444
1,0,0.22453032270016904
1,0,0.23161238791744082
1,0,0.2331892603418289
1,0,0.2364583790735728
1,0,0.23812782047638734
1,0,0.23708603084385405
1,0,0.2448125093376492
1,0,0.24983714698453155
1,0,0.24632220992275758
1,0,0.24586500387971494
1,0,0.24392236026732164
1,0,0.24680621947833142
1,0,0.2530625233192443
1,0,0.2574592175116764
1,0,0.25511377922001033
1,0,0.24751254112598467
1,0,0.21231267859781852
1,0,0.2484485670436326
1,0,0.2493211086007163
1,0,0.24956634025651664
1,0,0.23225806014861497
1,0,0.2481576545574063
1,0,0.24792326130539066
1,0,0.24801239953264156
1,0,0.24837490347985777
1,0,0.2474394402210573
1,0,0.25306966829781563
1,0,0.253596228551086
1,0,0.24853220921080424
1,0,0.24644106728409323
1,0,0.24862187400182084
1,0,0.2497869941681778
1,0,0.24868604355710994
1,0,0.24865810705488484
1,0,0.24893645605584386
1,0,0.24912962672818628
1,0,0.24901685423929876
1,0,0.24836955089182203
1,0,0.24748492531557126
1,0,0.24093185301638922
1,0,0.2492820801070847
1,0,0.2519848795199179
1,0,0.2529597024198633
1,0,0.2506042354776458
1,0,0.25027273288561147
1,0,0.25003857248543415
1,0,0.24856599756119746
1,0,0.24767883820302666
1,0,0.25727523981236555
1,0,0.25462166558555355
1,0,0.24341790216287534
1,0,0.2444128721506734
1,0,0.2531325892331377
1,0,0.255400442115247
1,0,0.2725860338437866
1,1,0.28077578846313617
1,0,0.2562495969329249
1,0,0.2459324402605846
1,0,0.24926701150274957
1,0,0.2572401530808202
1,0,0.25613757301204443
1,0,0.2516030372245439
0,0,0.2500038227763533
0,0,0.24290454171343293
0,0,0.24720174465009756
0,0,0.24677492718394786
0,0,0.24892875457564081
0,0,0.24965720422905635
0,0,0.24813275742109633
0,0,0.2473736776962248
0,0,0.24776017232689507
0,0,0.25229572518350507
0,0,0.252808096127021
0,0,0.24751992883085086
0,0,0.2480472034497338
0,0,0.24807413572089274
0,0,0.24635408033960565
0,0,0.24648850425156726
0,0,0.2464712213762754
0,0,0.24896069865151366
0,0,0.24756066882115726
0,0,0.24650974841944404
0,0,0.24486348686815707
0,0,0.24705406546889577
0,0,0.24715827837635793
0,0,0.24721411906362087
0,0,0.24938960243721592
0,0,0.2498055967886464
0,0,0.24694712053863505
0,0,0.24575773657696207
0,0,0.24789987319621573
0,0,0.24142840172175487
0,0,0.23745685081595105
0,0,0.24024899826067997
0,0,0.246370452837073
0,0,0.24528355313578773
0,0,0.24714066815090055
0,0,0.24762185662548628
0,0,0.24623884537565469
0,0,0.2466999211313971
0,0,0.24672251967829867
0,0,0.24633941498894188
0,0,0.24412813558044166
0,0,0.24165542004651222
0,0,0.243353589621781
0,0,0.24254789442728636
0,0,0.24525533409597758
0,0,0.2458264854648822
0,0,0.24560274459719114
0,0,0.24541266933681985
0,0,0.24550765433793162
0,0,0.24616118101293072
0,0,0.24306345930751716
0,0,0.24171208038305475
0,0,0.2424021624450007
0,0,0.2443100246845376
0,0,0.2443819218386796
0,0,0.24474324457504038
0,0,0.24610568310361036
0,0,0.24605435904252762
0,0,0.24601302064846728
0,0,0.23351672583849753
0,0,0.247880508167986
0,0,0.2474424570810355
0,0,0.24675987487439432
0,0,0.25901629814202326
0,0,0.26179383614477586
0,0,0.2565563022800046
0,0,0.2541486602031719
0,0,0.25012941804495176
0,0,0.2463749239421812
0,0,0.2531540834857396
0,0,0.2586335644414977
0,0,0.25372940653234805
0,0,0.2530432985206144
0,0,0.26057939360264826
0,0,0.2562700675251651
0,0,0.24812685109635782
0,0,0.24730665555229372
0,0,0.25276712259570944
0,0,0.25348101350596
0,0,0.2467100814529049
0,0,0.24528297850362932
0,0,0.25752267488519354
1,0,0.25787868987609563
1,0,0.2505918095090549
1,0,0.2508185350959434
1,0,0.24711147059113703
1,0,0.24644138113139438
1,0,0.24582839140419568
1,0,0.2468292106897221
1,0,0.2500046768987683
1,0,0.24881987591863172
1,0,0.2452554799591749
1,0,0.24512020129258283
1,0,0.24930686413909955
1,0,0.25636763021708997
1,0,0.25511721994658954
1,0,0.2472797584443731
1,0,0.24710808828716194
1,0,0.24650452673575823
1,0,0.2461032394544236
1,0,0.24944428006760702
1,0,0.25290084510264993
1,0,0.24725591079193682
1,0,0.24816295902638671
1,0,0.24985714389327532
1,0,0.24787186863250252
1,0,0.24610402301360482
1,0,0.24416636580347814
1,0,0.2438932050065314
1,0,0.24161615122621083
1,0,0.23815504551774572
1,0,0.24084983486311437
1,0,0.24231064301269334
1,0,0.24443695458876952
1,0,0.24515861908205427
1,0,0.2435810900929612
1,0,0.2432924307870933
1,0,0.24111886615816683
1,0,0.2433946907140018
1,0,0.24570195007592963
1,0,0.2466647512866164
1,0,0.24615295845332727
1,0,0.24319999543692788
1,0,0.24382813949724946
1,0,0.2459651643316412
1,0,0.24991388115597518
1,0,0.2497213998446555
1,0,0.24619302493312653
1,0,0.24829457818863768
1,0,0.24660311654221634
1,0,0.24579909200605357
1,0,0.24552472650359855
1,0,0.24552144396603448
1,0,0.2442286253100488
1,0,0.2450999785237752
1,0,0.24523073072778145
1,0,0.24512142263387837
1,0,0.24637099888647893
1,0,0.24481093518870745
1,0,0.24283314524090957
1,0,0.24091096958361963
1,0,0.2408012171544832
1,0,0.24549937516645037
1,0,0.24578276920255823
1,0,0.24731286807071767
1,0,0.24506772762121595
1,0,0.24436277156417555
1,0,0.2446691269097501
1,0,0.24412544803350664
1,0,0.24458052360025198
1,0,0.2455225152621164
1,0,0.24427095133271834
1,0,0.24410661951744755
1,0,0.24911628863978474
1,0,0.24867812610625037
1,0,0.24903569593224975
1,0,0.2314743636198587
1,0,0.22691189697204703
1,0,0.23856279156228993
1,0,0.25041096813459013
1,0,0.24976365021780658
1,0,0.2565793965207138
1,0,0.24871701973047866
1,0,0.26937350470945975
1,0,0.27524079295924275
1,0,0.2611800658913193
1,0,0.27506106946722875
1,0,0.27001198110030694
1,0,0.25990148467157825
1,0,0.26053518525273145
1,0,0.2538849681711634
1,0,0.2520904908243723
1,0,0.24558818494725934
1,0,0.24924367917657417
1,0,0.250781896841919
1,0,0.24609138607376035
1,0,0.24767744927260257
1,0,0.24852446177597204
1,0,0.24835718219893502
1,0,0.2482130292887881
1,0,0.24683750670096893
1,0,0.2482776184823291
1,0,0.24801807274413556
1,0,0.24780720930177672
1,0,0.24783763859523192
1,0,0.2473709643676546
1,0,0.2479886552487347
1,0,0.24721014379452982
1,0,0.24619844965221732
1,0,0.2470780339154641
1,0,0.2481905068664826
1,0,0.24745608043858425
1,0,0.24639347690414995
1,0,0.24932970953674133
1,0,0.24787112661317623
1,0,0.24313123192513664
1,0,0.24500641658551245
1,0,0.24718045328256036
1,0,0.2483713726468624
1,0,0.24619515266996286
1,0,0.2455755543986128
1,0,0.2463362094355824
1,0,0.2479540729436272
1,0,0.24945984198739438
1,0,0.252157914876596
1,0,0.24842201111078474
1,0,0.2472736800282254
1,0,0.24575224999240305
1,0,0.24577309314691162
1,0,0.24508468559965665
1,0,0.24689461257304776
1,0,0.24567303651641645
1,0,0.24695504243856412
1,0,0.246898948550864
1,0,0.24632691081705363
1,0,0.24653218908601848
1,0,0.24337077556589914
1,0,0.2439219310298253
1,0,0.24381072647502278
0,0,0.132679143970244
0,0,0.22510090059109475
0,0,0.13267914477658435
0,0,0.132679143970244
0,0,0.1326793943284326
0,0,0.23005390881193058
0,0,0.2239530369138114
0,0,0.21831563335152218
0,0,0.20193692550682657
0,0,0.22426772283755236
0,0,0.23509610028043187
0,0,0.21908378187037375
0,0,0.16548242498495053
0,0,0.16235543833979085
0,0,0.19855913287641955
0,0,0.2139387329119525
0,0,0.21566240440607518
0,0,0.21590367487882142
0,0,0.21639127760363785
0,0,0.21718240657659094
0,0,0.21646867155452545
0,0,0.21793058922513078
0,0,0.21718555180652316
0,0,0.2371500970929639
0,0,0.2404252444992523
0,0,0.23781749045541062
0,0,0.22702765043903447
0,0,0.22247323729421636
0,0,0.20695513520054232
0,0,0.22233605609646892
0,0,0.23765313724410492
0,0,0.23759962447354088
0,0,0.23452717819466348
0,0,0.23995504412245175
0,0,0.24676810153029524
0,0,0.242350645714727
0,0,0.24306517279858253
0,0,0.2370036528629871
0,0,0.2394820027189592
0,0,0.2353395211249863
0,0,0.23774808325691807
0,0,0.2352914297857808
0,0,0.24024661707543157
0,0,0.24619779235557326
0,0,0.23785489974663454
0,0,0.24497978188419678
0,0,0.23959964287337696
0,0,0.2410841600884624
0,0,0.23336528826610825
0,0,0.2392885422206475
0,0,0.23923989481458793
0,0,0.23454307673080915
0,0,0.24113308410974316
0,0,0.24288964631040183
0,0,0.2393765223287861
0,0,0.23150787467144485
0,0,0.2173289081013889
0,0,0.22274710394799063
0,0,0.2344503256987976
0,0,0.23241344590038915
0,0,0.23187054641521282
0,0,0.23784407311151481
0,0,0.23383504060902904
0,0,0.23046262103900744
0,0,0.23570167094232958
0,0,0.2378128714688232
0,0,0.2377113471825319
0,0,0.23848922384784313
0,0,0.23511301864413062
0,0,0.2336890057798563
0,0,0.24132376033214484
0,0,0.23622914011239107
0,0,0.23286880936476245
0,0,0.23453814153022445
0,0,0.23380438815219598
0,0,0.23351543063119853
0,0,0.2348353757300237
0,0,0.23833994757692512
0,0,0.23217869415014228
0,0,0.22716719507878946
0,0,0.2290130322183701
0,0,0.2323215746058613
0,0,0.23449387653199394
0,0,0.23041214668747698
0,0,0.2309345770659145
0,0,0.22817628494220907
0,0,0.22237464182457567
0,0,0.2174075220526806
0,0,0.21787814287903773
0,0,0.22340954734629545
0,0,0.2283940516423182
0,0,0.22851135999359648
0,0,0.22673363869558658
0,0,0.23389280722563954
1,0,0.1387436144922682
1,0,0.132679143970244
1,0,0.132679143970244
1,0,0.132679143970244
1,0,0.132679143970244
1,0,0.132679143970244
1,0,0.13315321615366177
1,0,0.1333273565524711
1,0,0.14330463762784645
1,0,0.14176655623542672
1,0,0.14292303429548936
1,0,0.1423570088104722
1,0,0.14159326003044637
1,0,0.1385589744553241
1,0,0.13423368791714688
1,0,0.1345503075103867
1,0,0.13782052048048238
1,0,0.13899120290413924
1,0,0.13821474772673634
1,0,0.13820396026427184
1,0,0.1397052094081118
1,0,0.13555623863312186
1,0,0.1351094902327659
1,0,0.14160684283709676
1,0,0.13707693597863543
1,0,0.1326797938133536
1,0,0.13267959308014357
1,0,0.13420507951411187
1,0,0.13337466829553343
1,0,0.13506065895009486
1,0,0.13462299556675061
1,0,0.13388414291950293
1,0,0.1363829995709271
1,0,0.13684062812783604
1,0,0.1382042170839293
1,0,0.13555305743386967
1,0,0.13553029137201544
1,0,0.13273401241364646
1,0,0.13274519748686733
1,0,0.13501853521481466
1,0,0.134403119574834
1,0,0.13771160669564447
1,0,0.13818716577941523
1,0,0.13651817286022855
1,0,0.13836956319637506
1,0,0.14280650341718662
1,0,0.13309191606289342
1,0,0.13323513122512604
1,0,0.13529389858013674
1,0,0.13605464874919734
1,0,0.13519032100704564
1,0,0.13455132047723256
1,0,0.13536751021796667
1,0,0.1357128389899676
1,0,0.13506886307205085
1,0,0.13344000177910728
1,0,0.13305770827423952
1,0,0.13303699347953793
1,0,0.13387824773784768
1,0,0.13485185098329142
1,0,0.13339551332629032
1,0,0.13484017346305033
1,0,0.13435115347108584
1,0,0.1338555568718324
1,0,0.13438026664795946
1,0,0.13500823484175842
1,0,0.13520100442576394
1,0,0.13513558360730163
1,0,0.13555964174407276
1,0,0.13267914733293623
1,0,0.1329000972184087
1,0,0.13312942469012465
1,0,0.13343236895139263
1,0,0.1332986057219788
1,0,0.13542367474625458
1,0,0.13420750398444323
1,0,0.13409625037888465
1,0,0.13720553662048016
1,0,0.132679143970244
1,0,0.132679143970244
1,0,0.132679143970244
1,0,0.132679143970244
1,0,0.132679143970244
1,0,0.132679143970244
1,0,0.132679143970244
1,0,0.132679143970244
1,0,0.132679143970244
1,0,0.132679143970244
1,0,0.132679143970244
1,0,0.132679143970244
1,0,0.132679143970244
1,0,0.132679143970244
1,0,0.13270343481869162
1,0,0.13522010902057766
1,0,0.1339691971536804
1,0,0.13399374344689075
1,0,0.13437826394943903
1,0,0.13695482468176362
1,0,0.1373165703141887
1,0,0.1356109205598615
1,0,0.13450341141116262
1,0,0.13479120383011786
1,0,0.13591419335535798
1,0,0.13489303093788743
1,0,0.13370230662633703
1,0,0.1334579728821714
1,0,0.1326791854025041
1,0,0.13267945776765538
1,0,0.1374751240763065
1,0,0.13745119085365765
1,0,0.13735156205883944
1,0,0.13805861735997232
1,0,0.13536589286016268
1,0,0.1339852894833177
1,0,0.1347710116986686
0,0,0.20974997869269063
0,0,0.2102430341577871
0,0,0.22054026702310775
0,0,0.22140833270381974
0,0,0.2219597833885487
0,0,0.21960352904583139
0,0,0.22006800738881105
0,0,0.2253097616082877
0,0,0.22963753274958032
0,0,0.23036726895675996
0,0,0.2282525691122213
0,0,0.23011246772875055
0,0,0.23230286267699699
0,0,0.23022143122591984
0,0,0.22865087573948228
0,0,0.22649554440777303
0,0,0.22535797192141185
0,0,0.22567526112634545
0,0,0.22719790085280397
0,0,0.2283921446321142
0,0,0.23032394872661127
0,0,0.22491468229059614
0,0,0.22068394031451072
0,0,0.21986471912154976
0,0,0.2188666743217148
0,0,0.22085057989960916
0,0,0.21996449825721115
0,0,0.21695455192941307
0,0,0.2165765671722136
0,0,0.22064715958567274
0,0,0.21995563857705944
0,0,0.2182173129040696
0,0,0.2200551841000136
0,0,0.21984143140420964
0,0,0.22443070905006568
0,0,0.22662287420172497
0,0,0.22288763670423717
0,0,0.2223425742294795
0,0,0.22307835558370087
0,0,0.21613070911156165
0,0,0.21558397532455803
0,0,0.2193830543847517
0,0,0.2222762077969196
0,0,0.22066019164178
0,0,0.21536573775280973
0,0,0.22305929144600903
0,0,0.2251658179605869
0,0,0.22251036500405938
0,0,0.22813816152797686
0,0,0.22973449306747182
0,0,0.23021148171882244
0,0,0.23196944327820446
0,0,0.22823904803539638
0,0,0.22496438880547154
0,0,0.22546229095186976
0,0,0.2235229050424084
0,0,0.21634587077196127
0,0,0.21673913303006292
0,0,0.22047512838748687
0,0,0.132679143970244
0,0,0.13273253787569825
0,0,0.1327626004519285
0,0,0.13267914402286193
0,0,0.132679143970244
0,0,0.132679143970244
0,0,0.132679143970244
0,0,0.132679143970244
0,0,0.132679143970244
0,0,0.132679143970244
0,0,0.132679143970244
0,0,0.132679143970244
0,0,0.132679143970244
0,0,0.132679143970244
0,0,0.132679143970244
0,0,0.132679143970244
0,0,0.132679143970244
0,0,0.132679143970244
0,0,0.132679143970244
0,0,0.132679143970244
0,0,0.132679143970244
0,0,0.132679143970244
0,0,0.132679143970244
1,0,0.1379180661578749
1,0,0.13776776465613888
1,0,0.13863903107896994
1,0,0.13904868764619194
1,0,0.13327417097695643
1,0,0.1333065255407708
1,0,0.13615810888618488
1,0,0.13548426889812235
1,0,0.14009331294064847
1,0,0.14083235021133292
1,0,0.14061068048402073
1,0,0.13803264577122007
1,0,0.13515153784050637
1,0,0.13479569144220735
1,0,0.13361356721090567
1,0,0.1346605223607774
1,0,0.1378429579303948
1,0,0.1364438000736519
1,0,0.13661126834590756
1,0,0.13466561498016658
1,0,0.1345889579630312
1,0,0.13477476646562175
1,0,0.1360817249786459
1,0,0.132679143970244
1,0,0.14135469291515945
1,0,0.21242003946658633
1,0,0.21890911017201148
1,0,0.21962523939425455
1,0,0.21529136912189295
1,0,0.21291376118705269
1,0,0.20815750523190119
1,0,0.19847948588087216
1,0,0.2051569539453389
1,0,0.22603368997137588
1,0,0.23008410861199113
1,0,0.23238414067240998
1,0,0.2290274074014615
1,0,0.21886770420495985
1,0,0.21929138469358628
1,0,0.21804030849177472
1,0,0.215064717552532
1,0,0.21318611743190713
1,0,0.2155983033109401
1,0,0.21804338529958656
1,0,0.21803704165382692
1,0,0.21686887277834294
1,0,0.21462031510741905
1,0,0.21541952207511322
1,0,0.2138883726926708
1,0,0.21631359140422504
1,0,0.21996580180913633
1,0,0.21580375777105823
1,0,0.21413298749666906
1,0,0.21379258433533266
1,0,0.21070951822997244
1,0,0.19879145716365293
1,0,0.1907083752661682
1,0,0.18720035753452213
1,0,0.17983911027841207
1,0,0.18360987148426086
1,0,0.18824546194940694
1,0,0.18923473821265763
1,0,0.19193317167563487
1,0,0.19327898795183734
1,0,0.19090834864673425
1,0,0.1874139636826907
1,0,0.1862439455536287
1,0,0.18515995104031935
1,0,0.1872790436141567
1,0,0.19388300789995624
1,0,0.19606680112645766
1,0,0.19969348696465236
1,0,0.20131031233324057
1,0,0.1991640084783531
1,0,0.20712429870421709
1,0,0.20713312793923855
1,0,0.20645366638541146
1,0,0.20630536954189327
1,0,0.20253543135671476
1,0,0.20611360062183767
1,0,0.21367760190781332
1,0,0.2087342911977674
1,0,0.20742974080493135
1,0,0.21961833144172266
1,0,0.13296529748644179
1,0,0.1328449344385726
1,0,0.20781736378960222
1,0,0.2074221930240901
1,0,0.2128312922925421
1,0,0.19702848091959982
1,0,0.1785297527088549
1,0,0.21265657037158367
1,0,0.2185268836116508
1,0,0.2237622003151663
1,0,0.2200499628991352
1,0,0.20994417425782888
1,0,0.21030431861842871
1,0,0.20631646368151976
1,0,0.19750998090733568
1,0,0.1945561232339219
1,0,0.20095666267438655
1,0,0.2037861129912007
1,0,0.2060472523581831
1,0,0.20278702701151755
1,0,0.2047663741819275
1,0,0.2071595173020035
1,0,0.20766854039292992
1,0,0.20198234275713925
1,0,0.19847513444282897
1,0,0.19524072339039295
1,0,0.19226105922695788
1,0,0.19111316036552492
1,0,0.19644135154534914
1,0,0.20400442358145301
1,0,0.19502450569575014
1,0,0.1765792844388125
1,0,0.17653691284812262
1,0,0.1775676403021744
1,0,0.1778488962727242
1,0,0.17931081626842874
1,0,0.17743550628779173
1,0,0.18374857212319645
1,0,0.18698288151951725
1,0,0.18560125921436035
1,0,0.19126055422176375
1,0,0.18919117670494107
1,0,0.1874617040668295
1,0,0.19152792391146045
1,0,0.19114143976779516
1,0,0.19140091819769436
1,0,0.1978583318114487
1,0,0.2020034861026445
1,0,0.2000024066723421
1,0,0.19769021415880786
1,0,0.19603105504561746
1,0,0.19449564395864635
1,0,0.194374283149475
0,0,0.1326791439702992
0,0,0.132679143970244
0,0,0.132679143970244
0,0,0.13267914398889105
0,0,0.1327086652411195
0,0,0.1326932810045891
0,0,0.18076596341266118
0,0,0.17120005080710432
0,0,0.17361968131610478
0,0,0.1998134868981171
0,0,0.19459403490315175
0,0,0.18869426017239968
0,0,0.16956186556334618
0,0,0.1691861223075167
0,0,0.14377617252550332
0,0,0.14064930795019637
0,0,0.15141401088188033
0,0,0.14621502717363982
0,0,0.13267914397024455
0,0,0.132679143970244
0,0,0.13267914400435166
0,0,0.13773233490775552
0,0,0.20023792702968918
0,0,0.19708497290916588
0,0,0.2014082055442563
0,0,0.2041279860342686
0,0,0.20945141557944996
0,0,0.20899470116647642
0,0,0.2084697916240829
0,0,0.20289848234498395
0,0,0.2087902374084353
0,0,0.2160571463698196
0,0,0.20899693097770547
0,0,0.19560937358299516
0,0,0.2102066595346193
0,0,0.21973443967019554
0,0,0.20809893770921128
0,0,0.1916199122308465
0,0,0.2043240309549679
0,0,0.21539298229410347
0,0,0.21724489306335645
0,0,0.21132665936279127
0,0,0.21210332018400438
0,0,0.2147750301910825
0,0,0.21651191762816735
0,0,0.2154671026644353
0,0,0.22064002115429737
0,0,0.22155169440254657
0,0,0.22156426858065942
0,0,0.20638073892073655
0,0,0.2109639046751721
0,0,0.22763885272685705
0,0,0.2302985710218002
0,0,0.22395162070825514
0,0,0.22800717164909018
0,0,0.22730363037766046
0,0,0.2288353673297883
0,0,0.2186076179479682
0,0,0.21772334891084547
0,0,0.22303403219672469
0,0,0.22521617531914914
0,0,0.22370566051086044
0,0,0.22654607092977275
0,0,0.2310899000373897
0,0,0.23203955842100435
0,0,0.2067775846686564
0,0,0.19659246125321253
0,0,0.21654472249894297
0,0,0.22000709842648064
0,0,0.21242141732648084
0,0,0.2126694473326222
0,0,0.21994110117070342
0,0,0.21982107559934722
0,0,0.2041619281851995
0,0,0.20446065276750303
0,0,0.2199596059217991
0,0,0.22910934208201267
0,0,0.22747118598774366
0,0,0.21867284062147527
0,0,0.21370646782257127
0,0,0.21491213424141536
0,0,0.21075240904987344
0,0,0.21394728580829322
0,0,0.21906662086328885
0,0,0.22137521800363338
0,0,0.20954255576668482
0,0,0.21337376822350926
0,0,0.21406347020402425
0,0,0.21188354518919
0,0,0.21575994746679225
0,0,0.2295187577835882
0,0,0.2212838744559345
0,0,0.22700072592056814
0,0,0.2198055303340474
1,0,0.14437328500211857
1,0,0.14066864455799358
1,0,0.1411848701094857
1,0,0.143133065104727
1,0,0.13953203388566662
1,0,0.13659513184989594
1,0,0.13791726319711864
1,0,0.13967394257555546
1,0,0.13871130638828588
1,0,0.13836700880234212
1,0,0.13577836036020755
1,0,0.13572893788071108
1,0,0.1377719527849296
1,0,0.13867927800821722
1,0,0.1354433842615029
1,0,0.1387324283639338
1,0,0.13563132326363433
1,0,0.13479243402693178
1,0,0.13483646006555663
1,0,0.13375988591039947
1,0,0.1333361499964095
1,0,0.13352694400545814
1,0,0.13330017551680007
1,0,0.1326989082327562
1,0,0.13272485043959564
1,0,0.13345418013198118
1,0,0.13273898944886897
1,0,0.13285981018506463
1,0,0.13389183610026276
1,0,0.132786658149196
1,0,0.133102891187839
1,0,0.13512136449951603
1,0,0.13336154271698927
1,0,0.13282352723022975
1,0,0.13291084971060085
1,0,0.13361187890624995
1,0,0.1346856442244245
1,0,0.13279607585788572
1,0,0.1326791891293246
1,0,0.13269408237731495
1,0,0.13312517043349328
1,0,0.1348730254077264
1,0,0.13509806098078672
1,0,0.1328295432074762
1,0,0.13272051295147663
1,0,0.13305572310255953
1,0,0.132679143970244
1,0,0.13267914397327182
1,0,0.132679143970244
1,0,0.132679143970244
1,0,0.132679143970244
1,0,0.132679143970244
1,0,0.132679143970244
1,0,0.132679143970244
1,0,0.132679143970244
1,0,0.132679143970244
1,0,0.132679143970244
1,0,0.132679143970244
1,0,0.132679143970244
1,0,0.132679143970244
1,0,0.132679143970244
1,0,0.132679143970244
1,0,0.132679143970244
1,0,0.132679143970244
1,0,0.132679143970244
1,0,0.132679143970244
1,0,0.132679143970244
1,0,0.132679143970244
1,0,0.132679143970244
1,0,0.13291332914307266
1,0,0.1329580232714731
1,0,0.14190849042709802
1,0,0.13923416807395952
1,0,0.14236175384188696
1,0,0.15045409899215245
1,0,0.1448913047029433
1,0,0.13936771447897572
1,0,0.13977096401724234
1,0,0.13791005211751448
1,0,0.14246589320431075
1,0,0.1470692473762847
1,0,0.14181319350429625
1,0,0.14065840051559983
1,0,0.14373731897382974
1,0,0.14378784107756448
1,0,0.13403853535712318
1,0,0.13457832260469377
1,0,0.13268272152379376
1,0,0.1326818080575205
1,0,0.1519825117687766
1,0,0.1523202380769719
1,0,0.14325352295932003
1,0,0.1366344083682176
1,0,0.13841893170945654
1,0,0.14139070784692034
1,0,0.13938906105828427
1,0,0.1341563291236696
1,0,0.13415870532105081
1,0,0.1391947578159724
1,0,0.1356222083334926
1,0,0.13682352239298415
1,0,0.13953041336823832
1,0,0.1411124975072541
1,0,0.1462433558775576
1,0,0.1469997049411586
1,0,0.13968893931356718
1,0,0.13815944321676146
1,0,0.1375079749059624
1,0,0.13672242578369612
1,0,0.13714098323303722
1,0,0.13742787643357016
1,0,0.14001414499482825
1,0,0.14863752566422134
1,0,0.14886062971886993
1,0,0.13274498927493475
1,0,0.2118146685239313
1,0,0.1743716279759708
1,0,0.1456826268707597
1,0,0.15345741575078367
1,0,0.16654477707898696
1,0,0.1933619331425672
1,0,0.17908943049112763
1,0,0.15010246195907864
1,0,0.16062199725287482
1,0,0.17815516628885744
1,0,0.22542889417546788
1,0,0.22482779982764065
1,0,0.2402005859613386
1,0,0.245772737920956
1,0,0.2350777160949864
1,0,0.24047456650554322
1,0,0.2374010222822476
1,0,0.23561438513004465
1,0,0.16830067463631176
1,0,0.1614985626435396
1,0,0.21609251978080282
1,0,0.21174977355105123
1,0,0.19072482637031915
1,0,0.23078159246179641
1,0,0.236383283058164
1,0,0.20468982386118353
1,0,0.2305526109381627
1,0,0.22400535784427128
1,0,0.2255350420616731
1,0,0.2348593318725292
1,0,0.23074054371830785
1,0,0.2137911087877932
1,0,0.2291053685989087
1,0,0.21162290719255902
1,0,0.2254993898501109
1,0,0.225856613051993
1,0,0.21824585428980495
1,0,0.1991756918353642
1,0,0.2168473895647993
1,0,0.23207654709686631
1,0,0.22980161160311538
1,0,0.2256463959313169
1,0,0.22976586162375212
1,0,0.22852899847779026
1,0,0.23741139878032888
1,0,0.2245901769901744
1,0,0.22710961207194924
1,0,0.2319254602223641
1,0,0.20246686911078446
1,0,0.1968584334126504
1,0,0.1947740791040501
1,0,0.1878069000351915
1,0,0.2038913495802917
1,0,0.2071640611646613
1,0,0.19256659047491634
1,0,0.20499508953503767
1,0,0.208997488385057
1,0,0.21079705411390348
1,0,0.19006523256121569
1,0,0.1327032000700841
1,0,0.1390334897231544
1,0,0.13786519985744108
1,0,0.1404514107592587
1,0,0.1390433295230154
1,0,0.13462519020046912
1,0,0.13293628995609608
1,0,0.13269428206967582
1,0,0.13402446701009554
1,0,0.13470026821229908
1,0,0.13319622824682098
1,0,0.1345750343348579
1,0,0.13476157961954432
1,0,0.1362966335342412
1,0,0.13379633620232112
1,0,0.13269516251419436
1,0,0.13268225358211339
1,0,0.13293251036657888
1,0,0.13270768457877802
1,0,0.1328209640436705
1,0,0.13575335370309569
1,0,0.1353510912803722
1,0,0.1330367275197171
0,0,0.14126052357269384
0,0,0.14230975450118122
0,0,0.1366383511822261
0,0,0.13948023902691944
0,0,0.14038587954265264
0,0,0.13623471999134004
0,0,0.13528669499774698
0,0,0.13638967431179036
0,0,0.13458181345552947
0,0,0.13274920773952384
0,0,0.13333805897542045
0,0,0.13897831786572806
0,0,0.13547443591425776
0,0,0.13365882641463875
0,0,0.13369123317905768
0,0,0.1334909973077595
0,0,0.13454130231925285
0,0,0.13381749518031127
0,0,0.13479692939368904
0,0,0.13450371790240173
0,0,0.13321808412026762
0,0,0.13428543282140903
0,0,0.13335988033876858
0,0,0.22432996672813182
0,0,0.22812343924179043
0,0,0.18269768554587384
0,0,0.18385828033951274
0,0,0.22137457806491606
0,0,0.21301441084284686
0,0,0.18908440098960205
0,0,0.19258840635008478
0,0,0.2045204902478947
0,0,0.1754211659419481
0,0,0.1482172533325771
0,0,0.14882766009481815
0,0,0.16375408054084115
0,0,0.19294869012787177
0,0,0.2069676727361653
0,0,0.19767754465371126
0,0,0.18128459998260735
0,0,0.16650898829572053
0,0,0.1801342407984653
0,0,0.23150745249428747
0,0,0.2308214754227645
0,0,0.2341355432676396
0,0,0.2336137314892918
0,0,0.24060999221440976
0,0,0.22839414324580962
0,0,0.24031526550181911
0,0,0.23409733561670992
0,0,0.22696514547118993
0,0,0.22708231745170565
0,0,0.22346653938895075
0,0,0.2255156019143882
0,0,0.2437294750461784
0,0,0.23832373861832767
0,0,0.24111761669196194
0,0,0.24395661076524197
0,0,0.21532397064738792
0,0,0.21010996977546836
0,0,0.22638802426567778
0,0,0.1973927028586837
0,0,0.17764452157413865
0,0,0.22463884587427324
0,0,0.23058087162676766
0,0,0.19911237788443414
0,0,0.17917956533828386
0,0,0.14051531951895221
0,0,0.1330409866123264
0,0,0.1342161771866385
0,0,0.17411778655429125
0,0,0.188476240884932
0,0,0.1933411863288825
0,0,0.19799990791140484
0,0,0.1962366900684238
0,0,0.1990267735233678
0,0,0.19711544112784685
0,0,0.1986647697802446
0,0,0.1926267919047961
0,0,0.19432449609314037
0,0,0.20055129275698372
0,0,0.16505533728425983
0,0,0.1418500894753207
0,0,0.18588435192615382
0,0,0.20085161577428462
0,0,0.20567368435198258
0,0,0.2090367496866308
0,0,0.2070053547869196
0,0,0.2102583348443507
0,0,0.2083006863038728
0,0,0.20305868470397997
0,0,0.21967512420564245
0,0,0.2113435692019835
0,0,0.17488298496770815
0,0,0.13352863873025894
0,0,0.13267914846565532
0,0,0.13268394765419653
0,0,0.1540207338731731
0,0,0.147527215506946
0,0,0.16783633166755924
0,0,0.20308179553503394
0,0,0.15544979702483389
0,0,0.13809326738368496
0,0,0.13818804329105053
0,0,0.13318712119634624
0,0,0.13267982717583082
0,0,0.13267915869888675
0,0,0.13267914400641997
0,0,0.13267933407709812
0,0,0.1613342794125335
0,0,0.17795352663430464
0,0,0.2058452143377225
0,0,0.20439127365631946
0,0,0.20996027698253936
0,0,0.21044236296433433
0,0,0.2010594845368943
0,0,0.17610350527887383
0,0,0.13307884648139512
0,0,0.1386593495203014
0,0,0.20588584907610177
0,0,0.18744543526802912
0,0,0.19285038821010977
0,0,0.2021601729770793
0,0,0.1955749374698121
0,0,0.21790953773812358
0,0,0.2169242301860292
0,0,0.21002435402755398
0,0,0.2078140065257874
0,0,0.18802642902805425
0,0,0.1327119130374877
0,0,0.13335045478582455
0,0,0.2120182778654899
0,0,0.21448502087290688
0,0,0.2160627413579656
0,0,0.20428441892010454
0,0,0.18733148786835532
0,0,0.20731595687706708
