Actual,Predicted,Probability
0,0,0.08444731
0,0,0.097376145
0,0,0.05719135
0,0,0.06686724
0,0,0.061569426
0,0,0.061017077
0,0,0.060597893
0,0,0.060768664
0,0,0.061009012
0,0,0.06163608
0,0,0.062365025
0,0,0.05790527
0,0,0.0516911
0,0,0.061682057
0,0,0.079671845
0,0,0.09990809
0,0,0.09321653
0,0,0.100343935
0,0,0.0898968
0,0,0.099877276
0,0,0.08876779
0,0,0.089591295
0,0,0.087921716
0,0,0.088971645
0,0,0.093561746
0,0,0.08520064
0,0,0.09573011
0,0,0.08620693
0,0,0.08864931
0,0,0.08267843
0,0,0.079550296
0,0,0.09362911
0,0,0.08821697
0,0,0.083792076
0,0,0.0858281
0,0,0.085118055
0,0,0.08291375
0,0,0.08513217
0,0,0.081077814
0,0,0.07195121
0,0,0.07789201
0,0,0.07508431
0,0,0.073820025
0,0,0.08331599
0,0,0.079242475
0,0,0.08234265
1,0,0.41226077
1,1,0.5453831
1,1,0.6871261
1,1,0.80987316
1,1,0.79678994
1,1,0.79307634
1,1,0.8104996
1,1,0.77098155
1,1,0.7603416
1,1,0.77457523
1,1,0.7447724
0,1,0.763271
0,1,0.7660882
0,1,0.7397574
0,1,0.7381678
0,1,0.7369157
0,1,0.7177407
0,1,0.7101473
0,1,0.7524018
0,1,0.7198144
0,1,0.73154056
0,1,0.73818237
1,1,0.7531014
1,1,0.72481143
1,1,0.73701036
1,1,0.74297076
1,1,0.7016992
1,1,0.7019064
1,1,0.69648737
1,1,0.70515317
1,1,0.71642566
1,1,0.71720755
1,1,0.71166795
0,1,0.6504594
0,1,0.5463274
0,0,0.48329172
0,0,0.44654775
0,1,0.67623746
0,1,0.68884295
0,1,0.7141835
0,1,0.7921146
0,1,0.7463383
0,1,0.70744485
0,1,0.7743277
1,1,0.75841385
1,1,0.732677
1,1,0.749955
1,1,0.7439029
1,1,0.722356
1,1,0.7326231
1,1,0.7295729
1,1,0.7551977
1,1,0.7628125
1,1,0.7392841
1,1,0.6951557
0,0,0.25420386
0,0,0.15580013
0,0,0.09292758
0,0,0.06250385
0,0,0.058161706
0,0,0.057922643
0,0,0.05795848
0,0,0.059084304
0,0,0.058563735
0,0,0.057523575
0,0,0.05787911
0,0,0.05793206
0,0,0.058510125
0,0,0.05923653
0,0,0.058706883
0,0,0.057681676
0,0,0.0564802
0,0,0.055857383
0,0,0.056701425
0,0,0.059623513
0,0,0.062428847
0,0,0.059753742
0,0,0.058865964
0,0,0.060400378
0,0,0.0600418
0,0,0.059771854
0,0,0.059018817
0,0,0.058012135
0,0,0.058090553
1,0,0.36843115
1,1,0.580059
1,1,0.710609
1,1,0.80104697
1,1,0.75393826
1,1,0.7640417
1,1,0.7439944
1,1,0.776363
1,1,0.814008
1,1,0.7931057
1,1,0.7704296
0,1,0.68732053
0,1,0.58446
0,1,0.5166895
0,1,0.6104638
0,1,0.70263916
0,1,0.6561451
0,1,0.55078804
0,1,0.62138665
0,1,0.5354807
0,1,0.53049433
0,1,0.693923
0,0,0.36789948
0,0,0.16028593
0,0,0.08625105
0,0,0.06043404
0,0,0.05776345
0,0,0.058373276
0,0,0.059093274
0,0,0.05919899
0,0,0.05957824
0,0,0.060332313
0,0,0.060188945
0,0,0.06027109
0,0,0.060826335
0,0,0.06164036
0,0,0.061789516
0,0,0.061811626
0,0,0.061867885
0,0,0.061663087
0,0,0.061223466
0,0,0.061102808
0,0,0.060963303
0,0,0.060988154
0,0,0.061702356
0,0,0.0628769
0,0,0.06350756
0,0,0.062469553
0,0,0.062321283
0,0,0.06293836
0,0,0.06321275
0,0,0.064664245
0,0,0.066351354
0,0,0.06724307
0,0,0.06799273
0,0,0.06767081
0,0,0.0662846
0,0,0.06541364
0,0,0.06419247
0,0,0.06499073
0,0,0.06625164
0,0,0.06823472
0,0,0.07028027
0,0,0.07030485
0,0,0.07031952
0,0,0.07009649
0,0,0.06989725
0,0,0.06943158
0,0,0.06897983
0,0,0.06888072
0,0,0.069333225
0,0,0.0698463
0,0,0.070134565
0,0,0.070331655
0,0,0.070512615
0,0,0.07099372
0,0,0.07160594
0,0,0.06637139
0,0,0.049791798
0,0,0.041437417
0,0,0.04659382
0,0,0.03963995
0,0,0.039023645
0,0,0.038871076
0,0,0.03914093
0,0,0.04025181
0,0,0.03951407
0,0,0.03902397
0,0,0.038839452
0,0,0.042918187
0,0,0.048365362
0,0,0.05287278
0,0,0.049362425
0,0,0.049500037
0,0,0.05095983
0,0,0.05299563
0,0,0.05430947
0,0,0.05638203
0,0,0.055270478
0,0,0.054093793
0,0,0.053132933
0,0,0.05301933
0,0,0.051351435
0,0,0.0504094
0,0,0.05199488
0,0,0.052122135
0,0,0.051763654
0,0,0.05220669
0,0,0.051030893
0,0,0.051068038
0,0,0.05090842
0,0,0.051552597
0,0,0.052315827
0,0,0.0523437
0,0,0.05240569
0,0,0.052268155
0,0,0.052096967
0,0,0.052904934
0,0,0.053403847
0,0,0.05238772
0,0,0.053130843
0,0,0.053307254
0,0,0.053117067
1,0,0.23668662
1,0,0.37000227
1,1,0.53561527
1,1,0.6609662
1,1,0.5857104
1,1,0.5856159
1,1,0.57878923
1,1,0.57651556
1,1,0.58714944
1,1,0.53479683
1,0,0.46210256
1,1,0.5656779
1,1,0.5624191
1,1,0.62776965
1,1,0.70346963
1,1,0.67631936
1,1,0.6753401
1,1,0.63074195
1,1,0.60509825
1,1,0.60891026
1,1,0.5744361
1,1,0.57751715
1,1,0.6243722
1,1,0.61853904
1,1,0.6038188
1,1,0.59045637
1,1,0.5492941
1,1,0.5433307
1,1,0.5329893
1,1,0.5192257
1,1,0.5344761
1,1,0.5479668
1,0,0.49924055
1,0,0.4647097
1,1,0.51435304
1,0,0.468562
1,0,0.49597237
1,1,0.5994449
1,1,0.5855512
1,1,0.6061245
1,1,0.593448
1,1,0.5430235
1,1,0.5557612
1,0,0.49565437
1,1,0.60100985
1,1,0.6143184
1,1,0.60689217
1,1,0.66929364
1,1,0.6405124
1,1,0.6177551
1,1,0.59222114
1,1,0.6158007
1,1,0.58791196
1,1,0.54223925
1,0,0.4327969
0,0,0.24491972
0,0,0.14671746
0,0,0.10275992
0,0,0.08478887
0,0,0.08482544
0,0,0.08569086
0,0,0.08853132
0,0,0.0901726
0,0,0.087859824
0,0,0.085792676
0,0,0.08497463
0,0,0.080007315
0,0,0.07852251
0,0,0.079413846
0,0,0.08069903
0,0,0.08062148
0,0,0.080659665
0,0,0.0798681
0,0,0.07909443
0,0,0.08005625
0,0,0.0798535
0,0,0.078771666
0,0,0.07784426
0,0,0.07657572
0,0,0.07580775
0,0,0.076462954
0,0,0.07815271
0,0,0.079444945
0,0,0.07903311
1,0,0.3329621
1,0,0.41958922
1,1,0.56435406
1,1,0.72043616
1,1,0.60099727
1,1,0.5911917
1,1,0.56431395
1,1,0.5399339
1,1,0.61358315
1,1,0.6003795
1,1,0.6192457
1,1,0.6528292
1,1,0.5882312
1,1,0.5833931
1,1,0.63606644
1,1,0.63896596
1,1,0.6294524
1,1,0.6311136
1,1,0.6131438
1,1,0.59921765
1,1,0.62927896
1,1,0.6172779
1,0,0.34401172
1,0,0.20358741
1,0,0.10185829
1,0,0.0633231
1,0,0.041382924
1,0,0.041681822
1,0,0.04228983
1,0,0.043444082
1,0,0.04421122
1,0,0.04438028
1,0,0.04511781
1,0,0.045769
1,0,0.045999993
1,0,0.045373753
1,0,0.042993657
1,0,0.041004863
1,0,0.040806446
1,0,0.0419609
1,0,0.042533793
1,0,0.043013025
1,0,0.04378144
1,0,0.043664154
1,0,0.043582566
1,0,0.0431941
1,0,0.04238209
1,0,0.041754834
1,0,0.041023042
1,0,0.03977496
1,0,0.040042225
1,0,0.040878687
1,0,0.042343926
1,0,0.04479075
1,0,0.046908155
1,0,0.04997216
1,0,0.05355249
1,0,0.0563467
1,0,0.056568492
1,0,0.05451282
1,0,0.05409594
1,0,0.052805506
1,0,0.051260475
1,0,0.049700633
1,0,0.04830884
1,0,0.04792852
1,0,0.04759379
1,0,0.04728448
1,0,0.047081236
1,0,0.046882655
1,0,0.046594433
1,0,0.046110705
1,0,0.045460325
1,0,0.045148738
1,0,0.045267787
1,0,0.045796677
1,0,0.046064597
0,0,0.3233528
0,0,0.24087031
0,0,0.18817958
0,0,0.09477699
0,0,0.2525852
0,0,0.27256513
0,0,0.30004913
0,0,0.32575548
0,0,0.31666943
0,0,0.31929034
0,0,0.30835515
0,0,0.30908746
0,0,0.3429962
0,0,0.33351794
0,0,0.34837618
0,0,0.3324212
0,0,0.30984074
0,0,0.30562347
0,0,0.3226549
0,0,0.32968587
0,0,0.33447933
0,0,0.31203073
0,0,0.30122364
0,0,0.29258543
0,0,0.29058036
0,0,0.30411583
0,0,0.32398003
0,0,0.33761412
0,0,0.3597773
0,0,0.3668821
0,0,0.3466374
0,0,0.32778692
0,0,0.32209542
0,0,0.3202067
0,0,0.3375056
0,0,0.36478952
0,0,0.38096547
0,0,0.39447525
0,0,0.40380973
0,0,0.41301596
0,0,0.4057915
0,0,0.38881934
0,0,0.37146187
0,0,0.3536368
0,0,0.32386264
0,0,0.29043278
0,1,0.895034
0,1,0.89460814
0,1,0.9158981
0,1,0.93940765
0,1,0.92962325
0,1,0.9299814
0,1,0.91683644
0,1,0.91009915
0,1,0.9215093
0,1,0.9088688
0,1,0.917178
1,1,0.9243751
1,1,0.92895085
1,1,0.9264936
1,1,0.9310052
1,1,0.9351717
1,1,0.93035996
1,1,0.92201805
1,1,0.9260595
1,1,0.9104935
1,1,0.87286574
1,1,0.86017126
1,1,0.89302754
1,1,0.89584905
1,1,0.90999955
1,1,0.9229897
1,1,0.9136125
1,1,0.92305446
1,1,0.9281576
1,1,0.91692764
1,1,0.9093222
1,1,0.8856931
1,1,0.7558785
0,1,0.91989875
0,1,0.9013893
0,1,0.90127
0,1,0.9207913
0,1,0.9098248
0,1,0.9139076
0,1,0.9185574
0,1,0.9125279
0,1,0.90844584
0,1,0.91429776
0,1,0.90812653
1,1,0.9173172
1,1,0.92802376
1,1,0.91540086
1,1,0.92866737
1,1,0.9319773
1,1,0.92458236
1,1,0.9259307
1,1,0.9147348
1,1,0.90234315
1,1,0.9168074
1,1,0.9202488
0,1,0.6436366
0,0,0.47236088
0,0,0.2781816
0,0,0.2075396
0,0,0.23927471
0,0,0.24653098
0,0,0.25814605
0,0,0.24969034
0,0,0.23821452
0,0,0.24797815
0,0,0.30072019
0,0,0.38012153
0,0,0.4356867
0,0,0.46017548
0,0,0.45473132
0,0,0.4486983
0,0,0.47627297
0,0,0.48950657
0,0,0.4910942
0,1,0.5139956
0,1,0.5364394
0,1,0.5296098
0,1,0.520407
0,1,0.52700114
0,1,0.5138219
0,0,0.4945313
0,0,0.4907516
0,0,0.49415892
0,0,0.49363744
1,1,0.8552768
1,1,0.8786074
1,1,0.9109317
1,1,0.9345654
1,1,0.9181983
1,1,0.9216663
1,1,0.9299803
1,1,0.9301467
1,1,0.9345291
1,1,0.9380786
1,1,0.92845875
1,1,0.92602444
1,1,0.92625296
1,1,0.9249929
1,1,0.9146136
1,1,0.92583054
1,1,0.9255668
1,1,0.9224733
1,1,0.9357993
1,1,0.9392343
1,1,0.93269455
1,1,0.93158937
0,1,0.5206846
0,0,0.3710673
0,0,0.26380074
0,0,0.24408288
0,0,0.3837342
0,0,0.37110496
0,0,0.35545003
0,0,0.3361459
0,0,0.31154162
0,0,0.2887279
0,0,0.28637794
0,0,0.29299453
0,0,0.2893064
0,0,0.29462615
0,0,0.31161365
0,0,0.33157173
0,0,0.3240382
0,0,0.2934049
0,0,0.28846338
0,0,0.3001634
0,0,0.32003474
0,0,0.32223776
0,0,0.2867442
0,0,0.25488156
0,0,0.2606271
0,0,0.2600627
0,0,0.2370544
0,0,0.21058874
0,0,0.21726897
0,0,0.24401467
0,0,0.23914216
0,0,0.23727989
0,0,0.23790716
0,0,0.22858869
0,0,0.19815004
0,0,0.21373473
0,0,0.350756
0,0,0.4122466
0,0,0.40830854
0,0,0.4088837
0,0,0.4072258
0,0,0.4022331
0,0,0.39936268
0,0,0.4072992
0,0,0.3490704
0,0,0.31047392
0,0,0.29867116
0,0,0.2625058
0,0,0.3040991
0,0,0.3565965
0,0,0.39471307
0,0,0.40987763
0,0,0.3957
0,0,0.38264322
0,0,0.3689458
0,0,0.36643904
0,0,0.36760297
0,0,0.36906198
0,0,0.37104142
0,0,0.36440092
0,0,0.3705175
0,0,0.37191352
0,0,0.37933552
0,0,0.39815378
0,0,0.40168688
0,0,0.40488672
0,0,0.4152891
0,0,0.4243652
0,0,0.43616807
0,0,0.45064944
0,0,0.45455182
0,0,0.4541177
0,0,0.45545036
0,0,0.45772257
0,0,0.46108362
0,0,0.46409065
0,0,0.4653571
0,0,0.46830648
0,0,0.467526
0,1,0.82571876
0,1,0.87246865
0,1,0.9131725
0,1,0.9395367
0,1,0.9267224
0,1,0.9184642
0,1,0.9054827
0,1,0.9173839
0,1,0.9159694
0,1,0.9096783
0,1,0.9261065
1,1,0.9240966
1,1,0.8923107
1,1,0.904898
1,1,0.91380215
1,1,0.90788245
1,1,0.9217831
1,1,0.91801125
1,1,0.9066002
1,1,0.89129186
1,1,0.9131329
1,1,0.91029125
0,1,0.886938
0,1,0.90464026
0,1,0.88097167
0,1,0.87771404
0,1,0.90547025
0,1,0.872664
0,1,0.8822519
0,1,0.8317477
0,1,0.815431
0,1,0.91310203
0,1,0.895951
1,1,0.9113227
1,1,0.9227959
1,1,0.89007604
1,1,0.91382575
1,1,0.8973963
1,1,0.8893109
1,1,0.9011574
1,1,0.86323893
1,1,0.8805475
1,1,0.89302385
1,1,0.8880965
1,1,0.8979207
1,1,0.9180643
1,1,0.9333077
1,1,0.93577605
1,1,0.92955536
1,1,0.93360883
1,1,0.93201226
1,1,0.9346171
1,1,0.9323619
1,1,0.9096597
1,1,0.8131264
0,1,0.6114209
0,0,0.48655796
0,0,0.39086908
0,0,0.38625684
0,0,0.45562783
0,0,0.46608484
0,0,0.47487545
0,0,0.47852623
0,0,0.4721319
0,0,0.46110502
0,0,0.45197645
0,0,0.44005173
0,0,0.4357135
0,0,0.44484654
0,0,0.45606235
0,0,0.46707785
0,0,0.47845733
0,0,0.4844208
0,0,0.48909906
0,0,0.49432614
0,0,0.49916783
0,1,0.5019489
0,1,0.5026038
0,0,0.49890783
0,0,0.48908964
0,0,0.48055804
0,0,0.4814984
0,0,0.48821175
0,0,0.49830514
1,1,0.787354
1,1,0.8542068
1,1,0.9121076
1,1,0.9390617
1,1,0.9272468
1,1,0.92633253
1,1,0.8809939
1,1,0.74181455
1,1,0.8400559
1,1,0.90951985
1,1,0.9024165
1,1,0.9339492
1,1,0.9500994
1,1,0.92363316
1,1,0.89030313
1,1,0.921239
1,1,0.9146058
1,1,0.91317874
1,1,0.915525
1,1,0.92076504
1,1,0.9262372
1,1,0.9278964
0,1,0.6953555
0,1,0.5335519
0,0,0.37204686
0,0,0.2755368
0,0,0.39410686
0,0,0.38789454
0,0,0.40301242
0,0,0.41747835
0,0,0.4335651
0,0,0.44653103
0,0,0.44518808
0,0,0.4444251
0,0,0.44599426
0,0,0.44909328
0,0,0.4539317
0,0,0.45868465
0,0,0.45883575
0,0,0.45607427
0,0,0.45427525
0,0,0.45498767
0,0,0.45519608
0,0,0.45517817
0,0,0.45450565
0,0,0.4547217
0,0,0.45400563
0,0,0.45365578
0,0,0.45172802
0,0,0.44629937
0,0,0.43147928
0,0,0.40768504
0,0,0.4071151
0,0,0.4170623
0,0,0.43128142
0,0,0.46373808
0,0,0.486946
0,0,0.49821034
0,1,0.511041
0,1,0.5146105
0,1,0.51599914
0,1,0.5241283
0,1,0.53120226
0,1,0.53375477
0,1,0.5273572
0,1,0.51417315
0,1,0.50207853
0,0,0.4935812
0,0,0.49560764
0,1,0.50172806
0,1,0.5170265
0,1,0.5259959
0,1,0.5281546
0,1,0.5291797
0,1,0.52489865
0,1,0.5223619
0,1,0.52072024
0,0,0.15660655
0,0,0.091388755
0,0,0.07511612
0,0,0.068873905
0,0,0.073277324
0,0,0.06979542
0,0,0.07311895
0,0,0.074012384
0,0,0.07049723
0,0,0.0682016
0,0,0.067884356
0,0,0.07068839
0,0,0.07053293
0,0,0.084643334
0,0,0.09607198
0,0,0.11523244
0,0,0.11373508
0,0,0.11931976
0,0,0.113902725
0,0,0.11936482
0,0,0.11971682
0,0,0.11932054
0,0,0.12004177
0,0,0.118541956
0,0,0.11849782
0,0,0.118274085
0,0,0.11943269
0,0,0.1185309
0,0,0.11881586
0,0,0.11880079
0,0,0.11985775
0,0,0.120371245
0,0,0.12038902
0,0,0.12201908
0,0,0.12196402
0,0,0.122265205
0,0,0.12234168
0,0,0.119609036
0,0,0.12015414
0,0,0.11844892
0,0,0.1188486
0,0,0.119353466
0,0,0.119423196
0,0,0.12183733
0,0,0.12160915
0,0,0.12245407
1,1,0.6234265
1,1,0.6669042
1,1,0.72850347
1,1,0.77473724
1,1,0.7482423
1,1,0.7581065
1,1,0.7529425
1,1,0.74832004
1,1,0.7458076
1,1,0.73249567
1,1,0.7375037
1,1,0.7411635
1,1,0.71601915
1,1,0.72306305
1,1,0.71495044
1,1,0.6854887
1,1,0.70836234
1,1,0.7204028
1,1,0.712129
1,1,0.73650515
1,1,0.7409509
1,1,0.7204933
1,1,0.73559326
1,1,0.73203474
1,1,0.7383071
1,1,0.7578856
1,1,0.7580785
1,1,0.7518458
1,1,0.7479277
1,1,0.7506553
1,1,0.7636556
1,1,0.75162905
1,1,0.7249104
1,1,0.7704999
1,1,0.74564695
1,1,0.7558688
1,1,0.78706056
1,1,0.76461375
1,1,0.7487331
1,1,0.759011
1,1,0.7595949
1,1,0.75300497
1,1,0.7671063
1,1,0.7654516
1,1,0.7553178
1,1,0.75492275
1,1,0.7521349
1,1,0.76062435
1,1,0.7713039
1,1,0.7789146
1,1,0.7774867
1,1,0.77300954
1,1,0.7858946
1,1,0.7879352
1,1,0.7776933
1,0,0.3088675
1,0,0.1888207
1,0,0.12379609
1,0,0.09723387
1,0,0.112612516
1,0,0.11997425
1,0,0.11589003
1,0,0.11033614
1,0,0.10886748
1,0,0.11531455
1,0,0.113850676
1,0,0.10814622
1,0,0.10701178
1,0,0.1096986
1,0,0.10558731
1,0,0.107062
1,0,0.109185405
1,0,0.10543288
1,0,0.09993335
1,0,0.10242025
1,0,0.109355524
1,0,0.101448566
1,0,0.09934619
1,0,0.09966195
1,0,0.10606393
1,0,0.10963495
1,0,0.10590059
1,0,0.10970135
1,0,0.11584653
1,1,0.6637262
1,1,0.6948141
1,1,0.7313773
1,1,0.7776354
1,1,0.74031043
1,1,0.76665777
1,1,0.77619356
1,1,0.7870924
1,1,0.7961325
1,1,0.7951978
1,1,0.7966829
1,1,0.80372775
1,1,0.789613
1,1,0.7691064
1,1,0.7633952
1,1,0.73657
1,1,0.73393404
1,1,0.7300065
1,1,0.72389674
1,1,0.7373984
1,1,0.735629
1,1,0.7487972
0,0,0.29625
0,0,0.18011613
0,0,0.10831664
0,0,0.07547621
0,0,0.06977672
0,0,0.072012655
0,0,0.07916149
0,0,0.08180462
0,0,0.07798656
0,0,0.075900234
0,0,0.075838655
0,0,0.077812366
0,0,0.08253093
0,0,0.08564391
0,0,0.08982824
0,0,0.08656207
0,0,0.08176904
0,0,0.08784392
0,0,0.088944584
0,0,0.08804322
0,0,0.0916027
0,0,0.0828216
0,0,0.07791422
0,0,0.079949014
0,0,0.078893095
0,0,0.07775014
0,0,0.075672
0,0,0.07302385
0,0,0.07214338
0,0,0.07286297
0,0,0.07320186
0,0,0.07263411
0,0,0.075204976
1,0,0.07922155
1,0,0.07774333
1,0,0.076223515
1,0,0.07839542
1,0,0.082640134
1,0,0.083662525
1,0,0.08123522
1,0,0.08096019
1,0,0.08597303
1,0,0.0908061
1,0,0.0884105
1,0,0.08538523
1,0,0.09078566
1,0,0.08886024
1,0,0.082803644
1,0,0.084389016
1,0,0.08491405
1,0,0.085188754
1,0,0.08274945
1,0,0.081822135
1,0,0.08159696
1,0,0.082591064
0,0,0.109819256
0,0,0.111660264
0,0,0.08906136
0,0,0.08597518
0,0,0.06580455
0,0,0.07063798
0,0,0.07150627
0,0,0.07145608
0,0,0.07091649
0,0,0.072091915
0,0,0.07561312
0,0,0.07994097
0,0,0.087240785
0,0,0.09436566
0,0,0.09130536
0,0,0.101229705
0,0,0.09739727
0,0,0.0937148
0,0,0.09500551
0,0,0.09671498
0,0,0.09560566
0,0,0.090565614
0,0,0.08874205
0,0,0.09040126
0,0,0.0996317
0,0,0.10831438
0,0,0.11093293
0,0,0.10816012
0,0,0.105029896
0,0,0.09959954
0,0,0.09740034
0,0,0.100245394
0,0,0.10444735
0,0,0.10604672
0,0,0.105979614
0,0,0.109814815
0,0,0.11722445
0,0,0.118707694
0,0,0.11397755
0,0,0.1073495
0,0,0.10080481
0,0,0.10093517
0,0,0.10010958
0,0,0.100650966
0,0,0.103462264
0,0,0.09797403
1,1,0.81398004
1,1,0.82626194
1,1,0.85768896
1,1,0.89566714
1,1,0.82876825
1,1,0.8059558
1,1,0.8460588
1,1,0.8431087
1,1,0.846869
1,1,0.86165965
1,1,0.8536178
1,1,0.7914705
1,1,0.8413285
1,1,0.8392039
1,1,0.8393462
1,1,0.8989006
1,1,0.9017067
1,1,0.9029399
1,1,0.90460634
1,1,0.8892367
1,1,0.88310766
1,1,0.88696575
1,1,0.8878513
1,1,0.88928497
1,1,0.8868732
1,1,0.8691381
1,1,0.8628925
1,1,0.8723248
1,1,0.8738482
1,1,0.8871167
1,1,0.88343996
1,1,0.8712097
1,1,0.87475276
1,1,0.87349886
1,1,0.8775605
1,1,0.8923439
1,1,0.9055817
1,1,0.8905216
1,1,0.8935662
1,1,0.8873827
1,1,0.8608717
1,1,0.8656581
1,1,0.85721934
1,1,0.8801293
1,1,0.8749798
1,1,0.8730436
1,1,0.88353926
1,1,0.87251985
1,1,0.86656785
1,1,0.8758929
1,1,0.87374544
1,1,0.8765868
1,1,0.8790899
1,1,0.86433375
1,1,0.88258046
0,0,0.43899307
0,0,0.24367328
0,0,0.13651541
0,0,0.07758564
0,0,0.057166263
0,0,0.05758488
0,0,0.058824953
0,0,0.06126211
0,0,0.06399547
0,0,0.06553583
0,0,0.06638944
0,0,0.06702342
0,0,0.067836486
0,0,0.06716973
0,0,0.065917976
0,0,0.06483823
0,0,0.06490904
0,0,0.0652577
0,0,0.06504891
0,0,0.06503904
0,0,0.06423903
0,0,0.06517343
0,0,0.06367248
0,0,0.062756084
0,0,0.06535573
0,0,0.063745916
0,0,0.06435127
0,0,0.06523762
0,0,0.06665784
1,1,0.6556245
1,1,0.7837154
1,1,0.8451889
1,1,0.89884377
1,1,0.90048057
1,1,0.89551425
1,1,0.8811602
1,1,0.8990433
1,1,0.87903243
1,1,0.81717676
1,1,0.64571834
1,1,0.8721187
1,1,0.77922255
1,1,0.8641628
1,1,0.89184004
1,1,0.84088147
1,1,0.90804493
1,1,0.9106579
1,1,0.8297947
1,1,0.85506546
1,1,0.77585363
1,1,0.8933304
1,1,0.57857144
1,0,0.3484324
1,0,0.21784496
1,0,0.09925867
1,0,0.083954394
1,0,0.086187325
1,0,0.08856072
1,0,0.09095261
1,0,0.090598255
1,0,0.08793818
1,0,0.08220574
1,0,0.077795684
1,0,0.07551643
1,0,0.07677057
1,0,0.07943657
1,0,0.07752237
1,0,0.07613711
1,0,0.076607704
1,0,0.07607276
1,0,0.0769853
1,0,0.0787458
1,0,0.07769857
1,0,0.07453018
1,0,0.06963291
1,0,0.06474132
1,0,0.06192498
1,0,0.062038817
1,0,0.06440494
1,0,0.06616474
1,0,0.067329966
1,0,0.068326496
1,0,0.06867317
1,0,0.0682556
1,0,0.06987451
1,0,0.07330793
1,0,0.07606364
1,0,0.07833741
1,0,0.07701298
1,0,0.0778822
1,0,0.08051939
1,0,0.07748743
1,0,0.06940016
1,0,0.068651214
1,0,0.06898896
1,0,0.068437435
1,0,0.071590155
1,0,0.07208238
1,0,0.07462808
1,0,0.07828088
1,0,0.081344806
1,0,0.08173391
1,0,0.08369794
1,0,0.08581471
1,0,0.08678583
1,0,0.08737805
0,0,0.4587139
0,0,0.49689847
0,1,0.52264726
0,1,0.54487765
0,1,0.55257195
0,1,0.553814
0,1,0.5598196
0,1,0.5683611
0,1,0.5727861
0,1,0.5772217
0,1,0.58307046
0,1,0.5865633
0,1,0.59524465
0,1,0.6079682
0,1,0.61578
0,1,0.6157132
0,1,0.6164531
0,1,0.617058
0,1,0.6176247
0,1,0.61921906
0,1,0.61765534
0,1,0.61644477
0,1,0.61342025
0,1,0.6076313
0,1,0.6084231
0,1,0.6121968
0,1,0.61400115
0,1,0.61434644
0,1,0.6142198
0,1,0.6092181
0,1,0.59450775
0,1,0.57586884
0,1,0.565213
0,1,0.56362116
0,1,0.56337
0,1,0.56312597
0,1,0.56373644
0,1,0.56426024
0,1,0.5701976
0,1,0.5775614
0,1,0.5865607
0,1,0.59748006
0,1,0.6017408
0,1,0.59483284
0,1,0.5840593
0,1,0.58217883
0,1,0.5726527
0,1,0.57367647
0,1,0.5961017
0,1,0.5423255
0,1,0.5373329
0,1,0.547464
0,1,0.55309886
0,1,0.5622728
0,1,0.55995864
0,1,0.56216353
0,1,0.5640129
0,1,0.5737972
0,1,0.5877534
0,1,0.57757866
0,1,0.58248013
0,1,0.57902694
0,1,0.5808354
0,1,0.58414245
0,1,0.5856612
0,1,0.5835102
0,1,0.5800048
0,1,0.57285106
0,1,0.5685614
0,1,0.5770204
0,1,0.5821184
0,1,0.5821493
0,1,0.6007107
0,1,0.5904704
0,1,0.5778869
0,1,0.564512
0,1,0.55470854
0,1,0.5590843
0,1,0.5648336
0,1,0.5596553
0,1,0.54217625
0,1,0.52014273
0,1,0.5112606
0,1,0.5233875
0,1,0.5238433
0,1,0.52050865
0,1,0.5252421
0,1,0.54476947
0,1,0.565203
0,1,0.5852531
0,1,0.6002331
0,1,0.60586387
0,1,0.60786986
0,1,0.59215844
0,1,0.58551186
0,1,0.57245463
0,1,0.57293564
0,1,0.5845687
0,1,0.5865182
0,1,0.58751434
0,1,0.59200644
0,1,0.58620036
0,1,0.58528525
0,1,0.57266575
0,1,0.5792832
0,1,0.5583034
0,1,0.5530249
0,1,0.55516094
0,1,0.5604033
0,1,0.56539613
0,1,0.5663317
0,1,0.56155664
0,1,0.5569378
0,1,0.56065667
0,1,0.5619987
0,1,0.5709333
0,1,0.577086
0,1,0.57754964
0,1,0.58382785
0,1,0.5840267
0,1,0.58324724
0,1,0.58381104
0,1,0.5798906
0,1,0.57663435
0,1,0.5783785
0,1,0.5796275
0,1,0.579226
0,1,0.5721755
0,1,0.57140297
0,1,0.5753975
0,1,0.5691654
0,1,0.56119895
0,1,0.5383957
0,1,0.51942426
0,1,0.5667434
0,1,0.6027987
0,1,0.62039495
0,1,0.57911587
0,1,0.5653317
0,1,0.5720833
0,1,0.56090945
0,1,0.556366
0,1,0.5519734
0,1,0.55419105
0,1,0.5635734
0,1,0.56225634
0,1,0.5649472
0,1,0.5668518
0,1,0.56504226
0,1,0.55999106
0,1,0.55931044
0,1,0.56421554
0,1,0.57244307
0,1,0.5885443
0,1,0.5920383
0,1,0.57836914
0,1,0.5829482
0,1,0.5922721
0,1,0.60049814
0,1,0.6046905
0,1,0.6026115
0,1,0.59782237
0,1,0.5986174
0,1,0.60177654
0,1,0.6043519
0,1,0.60930336
0,1,0.61242086
0,1,0.6103
0,1,0.6041269
0,1,0.5984821
0,1,0.58973205
0,1,0.586304
0,1,0.57719594
0,1,0.5626763
0,1,0.56636864
0,1,0.5744141
0,1,0.5798405
0,1,0.5817063
0,1,0.5796347
0,1,0.58358556
0,1,0.58683646
0,1,0.5831439
0,1,0.5772836
0,1,0.5741038
0,1,0.57455015
0,1,0.5468975
0,1,0.52054983
0,0,0.4930466
0,0,0.49292877
0,1,0.5146496
0,1,0.53165805
0,1,0.543877
0,1,0.5506758
0,1,0.5498812
0,1,0.5485671
0,1,0.54953563
0,1,0.55385566
0,1,0.55707294
0,1,0.55677974
0,1,0.5520835
0,1,0.5537229
0,1,0.5590957
0,1,0.5613755
0,1,0.5620696
0,1,0.56695867
0,1,0.57309765
0,1,0.582203
0,0,0.061422106
0,0,0.06902312
0,0,0.09632442
0,0,0.19650422
0,0,0.29703683
0,0,0.2963457
0,0,0.29465497
0,0,0.2941755
0,0,0.29517096
0,0,0.2957817
0,0,0.2944363
0,0,0.29195616
0,0,0.29307926
0,0,0.29525787
0,0,0.29870886
0,0,0.30056372
0,0,0.30035344
0,0,0.30338404
0,0,0.30219075
0,0,0.30209798
0,0,0.30306002
0,0,0.30198386
0,0,0.30271766
0,0,0.30549413
0,0,0.30319098
0,0,0.29942715
0,0,0.29807687
0,0,0.3004991
0,0,0.29912883
0,0,0.29681036
0,0,0.2959386
0,0,0.29640466
0,0,0.2960553
0,0,0.2960144
0,0,0.29573712
0,0,0.29743284
0,0,0.3008324
0,0,0.30073676
0,0,0.29991752
0,0,0.29959223
0,0,0.29837456
0,0,0.29858917
0,0,0.29817057
0,0,0.2972905
0,0,0.2953533
0,0,0.29492548
1,0,0.3431992
1,0,0.30919623
1,0,0.32797143
1,0,0.44463408
1,0,0.4329988
1,1,0.5415943
1,1,0.64189965
1,1,0.65769833
1,1,0.7227477
1,1,0.6869969
1,0,0.45607603
1,1,0.5912158
1,1,0.5509212
1,0,0.4155689
1,0,0.48408014
1,0,0.394847
1,0,0.3853437
1,1,0.56002015
1,1,0.6126619
1,1,0.65136015
1,1,0.67716664
1,1,0.6785285
1,1,0.63208646
1,1,0.5347941
1,1,0.52585953
1,0,0.45009115
1,0,0.41748315
1,0,0.35618436
1,1,0.58571434
1,1,0.70774806
1,1,0.70355564
1,1,0.7481672
1,1,0.57578987
1,0,0.4009626
1,1,0.5066307
1,1,0.5748744
1,0,0.44010425
1,0,0.2910246
1,0,0.21543261
1,0,0.27361137
1,0,0.33485144
1,0,0.35618
1,0,0.35205537
1,0,0.38848367
0,0,0.30080694
0,0,0.47750452
0,1,0.5224221
0,0,0.39033931
0,1,0.6372579
0,1,0.626646
0,1,0.5706798
0,1,0.606945
0,1,0.5417753
0,0,0.37518883
0,0,0.426325
0,0,0.34356654
0,0,0.17784199
0,0,0.09814139
0,0,0.064757384
0,0,0.05791117
0,0,0.05699625
0,0,0.05697622
0,0,0.056633595
0,0,0.056004852
0,0,0.055932622
0,0,0.05633495
0,0,0.056100935
0,0,0.05581961
0,0,0.05576122
0,0,0.055298157
0,0,0.055749997
0,0,0.05622242
0,0,0.056242548
0,0,0.056869604
0,0,0.05654523
0,0,0.05564057
0,0,0.055437684
0,0,0.055196527
0,0,0.054321762
0,0,0.05448781
0,0,0.05508714
0,0,0.055266917
0,0,0.055753395
0,0,0.055898525
1,0,0.22093569
1,0,0.3225897
1,1,0.68701506
1,1,0.8008038
1,1,0.78690594
1,1,0.8451277
1,1,0.7494657
1,1,0.5416183
1,1,0.5641237
1,0,0.49758804
1,1,0.6087504
1,1,0.7505823
1,1,0.7429845
1,1,0.79259807
1,1,0.77033395
1,1,0.51204586
1,1,0.6356233
1,1,0.63420814
1,1,0.5214557
1,1,0.5634822
1,1,0.5975473
1,0,0.4112159
0,0,0.34450945
0,0,0.23412125
0,0,0.095656246
0,0,0.08065864
0,0,0.09305972
0,0,0.1054795
0,0,0.11345738
0,0,0.10531122
0,0,0.08839855
0,0,0.078262374
0,0,0.07354242
0,0,0.069422364
0,0,0.06409666
0,0,0.060498923
0,0,0.057193898
0,0,0.05424742
0,0,0.05317139
0,0,0.05141558
0,0,0.049372718
0,0,0.048520785
0,0,0.04805124
0,0,0.049036812
0,0,0.049991835
0,0,0.049403343
0,0,0.049028322
0,0,0.04946947
0,0,0.051262632
0,0,0.051691756
0,0,0.05213861
0,0,0.050747752
0,0,0.05025079
0,0,0.050511517
0,0,0.050700657
0,0,0.051448356
0,0,0.052636467
0,0,0.053266376
0,0,0.052314743
0,0,0.052654766
0,0,0.051637292
0,0,0.051351488
0,0,0.05123842
0,0,0.049708065
0,0,0.04742809
0,0,0.046696886
0,0,0.0470972
0,0,0.04766087
0,0,0.049305674
0,0,0.049851187
0,0,0.048684523
0,0,0.048135325
0,0,0.04827868
0,0,0.04894616
0,0,0.04985131
0,0,0.049664948
0,0,0.048610523
0,0,0.0532094
0,0,0.051311493
0,0,0.05634536
0,0,0.08178293
0,0,0.22503346
0,0,0.21300198
0,0,0.21871567
0,0,0.22295043
0,0,0.22038566
0,0,0.21292906
0,0,0.19516698
0,0,0.19925086
0,0,0.22378998
0,0,0.21613294
0,0,0.20927595
0,0,0.20838968
0,0,0.21713237
0,0,0.24407187
0,0,0.26836848
0,0,0.28523135
0,0,0.302489
0,0,0.31299037
0,0,0.31475028
0,0,0.27136302
0,0,0.20514399
0,0,0.13978876
0,0,0.10698789
0,0,0.10462307
0,0,0.098565854
0,0,0.108442396
0,0,0.15630846
0,0,0.21492282
0,0,0.2406783
0,0,0.27171117
0,0,0.27108026
0,0,0.24527656
0,0,0.23601222
0,0,0.22277306
0,0,0.23249783
0,0,0.2570856
0,0,0.271295
0,0,0.24060728
0,0,0.20153813
0,0,0.20625077
0,0,0.22664939
0,0,0.27606434
1,1,0.89262056
1,1,0.89110667
1,1,0.91661644
1,1,0.9345007
1,1,0.9160082
1,1,0.9109911
1,1,0.92032576
1,1,0.91639507
1,1,0.9196443
1,1,0.91568875
1,1,0.80780095
1,1,0.88861036
1,1,0.8790781
1,1,0.8705779
1,1,0.92446107
1,1,0.9295478
1,1,0.9220069
1,1,0.92460495
1,1,0.90458
1,1,0.86269164
1,1,0.8078573
1,1,0.6470296
0,1,0.85709506
0,1,0.85345155
0,1,0.8871906
0,1,0.9061803
0,1,0.89512837
0,1,0.89729404
0,1,0.89927423
0,1,0.90080404
0,1,0.9050478
0,1,0.9051004
0,1,0.8942801
1,1,0.8889944
1,1,0.8826572
1,1,0.856884
1,1,0.89022195
1,1,0.8919157
1,1,0.8700339
1,1,0.8960869
1,1,0.9031656
1,1,0.8817881
1,1,0.9087969
1,1,0.9146059
0,1,0.8968466
0,1,0.8856263
0,1,0.877186
0,1,0.8951157
0,1,0.8919758
0,1,0.8985574
0,1,0.9006151
0,1,0.8968275
0,1,0.89280784
0,1,0.8968327
0,1,0.8761692
0,1,0.5718296
0,0,0.36341694
0,0,0.2161291
0,0,0.19007397
0,0,0.23401254
0,0,0.25105023
0,0,0.26680294
0,0,0.2736099
0,0,0.26898363
0,0,0.25022882
0,0,0.2290821
0,0,0.20849699
0,0,0.19398187
0,0,0.19001506
0,0,0.19250377
0,0,0.19534087
0,0,0.20106585
0,0,0.20041193
0,0,0.19937041
0,0,0.21406017
0,0,0.23037104
0,0,0.2455728
0,0,0.25376663
0,0,0.24292578
0,0,0.22032604
0,0,0.2126506
0,0,0.20729204
0,0,0.20757788
0,0,0.21049203
1,1,0.7978851
1,1,0.8393368
1,1,0.88646036
1,1,0.9128396
1,1,0.8732646
1,1,0.8572514
1,1,0.8488551
1,1,0.8569855
1,1,0.8813533
1,1,0.88754016
1,1,0.8614869
1,1,0.89967215
1,1,0.89516145
1,1,0.89076716
1,1,0.918307
1,1,0.88212645
1,1,0.90226746
1,1,0.91657066
1,1,0.91473705
1,1,0.91826934
1,1,0.91758883
1,1,0.92353773
0,1,0.66056347
0,0,0.4468621
0,0,0.29569933
0,0,0.20106325
0,0,0.29526657
0,0,0.307809
0,0,0.30664843
0,0,0.31090304
0,0,0.3135934
0,0,0.31600156
0,0,0.31475645
0,0,0.3181745
0,0,0.33270654
0,0,0.34299
0,0,0.35453174
0,0,0.36283508
0,0,0.36392522
0,0,0.3593856
0,0,0.34652078
0,0,0.3216305
0,0,0.29731482
0,0,0.28609732
0,0,0.27575326
0,0,0.26066875
0,0,0.24535112
0,0,0.23946433
0,0,0.2511675
0,0,0.26440465
0,0,0.27552503
0,0,0.28598252
0,0,0.28937247
0,0,0.29748785
0,0,0.31246942
1,0,0.31136587
1,0,0.31695104
1,0,0.32426205
1,0,0.3331371
1,0,0.371953
1,0,0.4039309
1,0,0.4250874
1,0,0.41881064
1,0,0.3955053
1,0,0.37495974
1,0,0.34398574
1,0,0.33542114
1,0,0.3443082
1,0,0.35611954
1,0,0.3710708
1,0,0.37998095
1,0,0.3784275
1,0,0.3705397
1,0,0.36491185
1,0,0.3686286
1,0,0.3808343
1,0,0.39414826
0,0,0.19551659
0,0,0.14528535
0,0,0.10690082
0,0,0.102230944
0,0,0.08585479
0,0,0.08901335
0,0,0.09248614
0,0,0.096324496
0,0,0.09967341
0,0,0.10277054
0,0,0.108619414
0,0,0.14278388
0,0,0.17478697
0,0,0.18993162
0,0,0.24955863
0,0,0.26546505
0,0,0.281241
0,0,0.2921298
0,0,0.3192119
0,0,0.34858882
0,0,0.34531552
0,0,0.33157176
0,0,0.29308918
0,0,0.2434007
0,0,0.23165253
0,0,0.2422679
0,0,0.2844992
0,0,0.33211535
0,0,0.33831027
0,0,0.3491771
0,0,0.35971814
0,0,0.38124296
0,0,0.4175097
0,0,0.42846557
0,0,0.42612672
0,0,0.42312533
0,0,0.43692428
0,0,0.44838196
0,0,0.3936399
0,0,0.35006377
0,0,0.3487915
0,0,0.35073143
0,0,0.39670584
0,0,0.40668058
0,0,0.39743727
0,0,0.42093357
1,1,0.85269207
1,1,0.8177296
1,1,0.81233287
1,1,0.8377772
1,1,0.57137764
1,1,0.6559318
1,1,0.69487095
1,1,0.6225374
1,0,0.40695325
1,1,0.6533132
1,1,0.6060918
1,1,0.7307987
1,1,0.7623342
1,1,0.8032445
1,1,0.814626
1,1,0.6182018
1,1,0.6261728
1,1,0.6465285
1,1,0.7289868
1,1,0.7170872
1,1,0.7199077
1,1,0.75334644
1,1,0.8235083
1,1,0.8766588
1,1,0.90313685
1,1,0.91628164
1,1,0.8982593
1,1,0.91742396
1,1,0.90976536
1,1,0.9164348
1,1,0.920585
1,1,0.8473748
1,1,0.79907674
1,1,0.8767455
1,1,0.820131
1,1,0.83821774
1,1,0.88172454
1,1,0.8546031
1,1,0.8443651
1,1,0.90271604
1,1,0.90024143
1,1,0.9128318
1,1,0.9346101
1,1,0.92375165
1,1,0.92623526
1,1,0.90227777
1,1,0.90431
1,1,0.67705923
1,0,0.3919046
1,0,0.41780654
1,0,0.38413644
1,1,0.6333023
1,1,0.83145255
1,1,0.79178923
1,1,0.8881836
0,1,0.55352926
0,0,0.23144908
0,0,0.12471368
0,0,0.09282092
0,0,0.07888385
0,0,0.08142002
0,0,0.08135462
0,0,0.07683492
0,0,0.07420785
0,0,0.07963024
0,0,0.08642641
0,0,0.091810785
0,0,0.09149155
0,0,0.093247846
0,0,0.08270469
0,0,0.078512795
0,0,0.086106785
0,0,0.08721432
0,0,0.09034297
0,0,0.07560198
0,0,0.06853082
0,0,0.07561452
0,0,0.08193098
0,0,0.080514595
0,0,0.080177195
0,0,0.07846628
0,0,0.07539247
0,0,0.07760081
0,0,0.0732845
1,1,0.55074555
1,1,0.6399856
1,1,0.79048246
1,1,0.8963207
1,1,0.8579178
1,1,0.8815015
1,1,0.9019456
1,1,0.90456104
1,1,0.8986457
1,1,0.8603542
1,1,0.87558496
1,1,0.8328513
1,1,0.7922594
1,1,0.80082834
1,1,0.8878706
1,1,0.92034453
1,1,0.9200396
1,1,0.91207606
1,1,0.9268751
1,1,0.9253944
1,1,0.8868735
1,1,0.87967616
1,1,0.6694696
1,0,0.40542263
1,0,0.23839895
1,0,0.18824306
1,0,0.18657218
1,0,0.18705425
1,0,0.1946494
1,0,0.20436476
1,0,0.20655636
1,0,0.21534064
1,0,0.23621234
1,0,0.2507051
1,0,0.25818837
1,0,0.2647708
1,0,0.2880393
1,0,0.3083067
1,0,0.30245033
1,0,0.2986232
1,0,0.30447626
1,0,0.3108792
1,0,0.31742245
1,0,0.301051
1,0,0.29224983
1,0,0.2870365
1,0,0.28447956
1,0,0.28889284
1,0,0.2837025
1,0,0.27650678
1,0,0.2658687
1,0,0.2483156
1,0,0.24044877
1,0,0.22084945
1,0,0.20143475
1,0,0.20279737
1,0,0.17870665
1,0,0.18345773
1,0,0.12994838
1,0,0.106087476
1,0,0.12569082
1,0,0.1374581
1,0,0.11932812
1,0,0.09186942
1,0,0.082553625
1,0,0.07806649
1,0,0.075864054
1,0,0.0740899
1,0,0.073802926
1,0,0.07475509
1,0,0.07516234
1,0,0.07524373
1,0,0.07568564
1,0,0.0757968
1,0,0.07872849
1,0,0.081856996
1,0,0.08319163
0,0,0.08043295
0,0,0.06765093
0,0,0.07153767
0,0,0.09688109
0,0,0.10698347
0,0,0.10689223
0,0,0.11049046
0,0,0.11115699
0,0,0.11148766
0,0,0.11357134
0,0,0.112504214
0,0,0.1128267
0,0,0.113378696
0,0,0.11392735
0,0,0.116726056
0,0,0.12607522
0,0,0.12842518
0,0,0.12979427
0,0,0.12982576
0,0,0.12990777
0,0,0.13146238
0,0,0.13325024
0,0,0.13052815
0,0,0.12656148
0,0,0.122352116
0,0,0.11854495
0,0,0.11808049
0,0,0.11895758
0,0,0.118602
0,0,0.11937439
0,0,0.122181855
0,0,0.12635906
0,0,0.1299283
0,0,0.13146998
0,0,0.13304368
0,0,0.13441688
0,0,0.13338417
0,0,0.13051836
0,0,0.12658511
0,0,0.123264514
0,0,0.120114595
0,0,0.11646384
0,0,0.11229764
0,0,0.104780614
0,0,0.10071361
0,0,0.10163935
0,0,0.3779914
0,1,0.5239631
0,1,0.656609
0,1,0.76498777
0,1,0.75552166
0,1,0.7492781
0,1,0.7187999
0,1,0.7778357
0,1,0.7408969
0,1,0.697026
0,1,0.631413
0,1,0.6229819
0,1,0.67286694
0,1,0.66519266
0,1,0.737563
0,1,0.76145136
0,1,0.7323817
0,1,0.7312219
0,1,0.7587219
0,1,0.76364344
0,1,0.7749601
0,1,0.7868722
1,1,0.751319
1,1,0.7531043
1,1,0.75535876
1,1,0.7479649
1,1,0.7052053
1,1,0.6709941
1,1,0.6902399
1,1,0.6566944
1,1,0.7160849
1,1,0.73379976
1,1,0.7101003
1,1,0.7699368
1,1,0.74340504
1,1,0.77172565
1,1,0.80434394
1,1,0.7447532
1,1,0.7249496
1,1,0.78074443
1,1,0.74868333
1,1,0.7615467
1,1,0.8221792
1,1,0.8039259
0,1,0.7597453
0,1,0.72539127
0,1,0.7360413
0,1,0.6956277
0,1,0.7515514
0,1,0.8062686
0,1,0.81265116
0,1,0.8034622
0,1,0.8427873
0,1,0.8596356
0,1,0.80563533
0,0,0.36029166
0,0,0.24538226
0,0,0.16896409
0,0,0.15460606
0,0,0.18368006
0,0,0.18167917
0,0,0.1763332
0,0,0.17561145
0,0,0.17665902
0,0,0.17660837
0,0,0.17397982
0,0,0.17196384
0,0,0.17091095
0,0,0.17172849
0,0,0.17232187
0,0,0.17093347
0,0,0.16823287
0,0,0.16667001
0,0,0.17171945
0,0,0.1769613
0,0,0.17653781
0,0,0.17815319
0,0,0.17103891
0,0,0.16258691
0,0,0.16357246
0,0,0.16475631
0,0,0.16623887
0,0,0.16724707
0,0,0.167221
1,0,0.4199022
1,1,0.5795334
1,1,0.6689741
1,1,0.7744697
1,1,0.7630585
1,1,0.74356824
1,1,0.6959251
1,1,0.6857798
1,1,0.62062407
1,1,0.5286454
1,1,0.5983733
0,1,0.70525837
0,1,0.7309739
0,1,0.75067544
0,1,0.8128096
0,1,0.70016253
0,1,0.62222993
0,1,0.7437517
0,1,0.7128671
0,1,0.7342992
0,1,0.7415171
0,1,0.6537523
0,0,0.39979562
0,0,0.29161945
0,0,0.17965664
0,0,0.12802729
0,0,0.12942521
0,0,0.1364036
0,0,0.1406484
0,0,0.13931733
0,0,0.13657461
0,0,0.12585898
0,0,0.11875891
0,0,0.11577721
0,0,0.11581805
0,0,0.116385505
0,0,0.115064345
0,0,0.112961814
0,0,0.11132194
0,0,0.10887317
0,0,0.107484505
0,0,0.106765695
0,0,0.10680838
0,0,0.108161025
0,0,0.109399274
0,0,0.11258819
0,0,0.11628545
0,0,0.11833174
0,0,0.118498184
0,0,0.1167179
0,0,0.11385925
0,0,0.11438813
0,0,0.116714604
0,0,0.1178327
0,0,0.11778522
0,0,0.12159516
0,0,0.12889719
0,0,0.13828471
0,0,0.15026891
0,0,0.14957018
0,0,0.14202665
0,0,0.13480583
0,0,0.129294
0,0,0.123746246
0,0,0.11885856
0,0,0.114385776
0,0,0.11028405
0,0,0.10981158
0,0,0.10939854
0,0,0.10916793
0,0,0.10851364
0,0,0.10577704
0,0,0.101750284
0,0,0.0955561
0,0,0.089498185
0,0,0.084512524
0,0,0.079309046
0,0,0.056111693
0,0,0.063949905
0,0,0.0930982
0,0,0.16960678
0,0,0.29663742
0,0,0.29711515
0,0,0.2966044
0,0,0.29573902
0,0,0.29365572
0,0,0.2921335
0,0,0.29093608
0,0,0.29152384
0,0,0.293796
0,0,0.29779342
0,0,0.29914504
0,0,0.30112538
0,0,0.29232457
0,0,0.28685468
0,0,0.28306106
0,0,0.28048944
0,0,0.27848318
0,0,0.27832824
0,0,0.27794382
0,0,0.27673605
0,0,0.2795513
0,0,0.28335172
0,0,0.2879333
0,0,0.28828767
0,0,0.2871339
0,0,0.28581864
0,0,0.28471068
0,0,0.28583878
0,0,0.28510824
0,0,0.28565592
0,0,0.28692684
0,0,0.28591716
0,0,0.28510237
0,0,0.2833441
0,0,0.28182796
0,0,0.28131023
0,0,0.28068128
0,0,0.28313026
0,0,0.2855022
0,0,0.28721872
0,0,0.2872564
0,0,0.28427964
0,0,0.28356722
0,0,0.29132435
0,0,0.30211297
0,0,0.31102934
0,0,0.3197227
0,0,0.31818834
0,0,0.31535223
0,0,0.31019124
0,0,0.30696714
0,0,0.3047162
0,0,0.30303994
1,0,0.3024884
1,0,0.30542573
1,0,0.31085846
1,0,0.31725213
1,0,0.31833613
1,0,0.31445664
1,0,0.31107447
1,0,0.30817625
1,0,0.30619687
1,0,0.3074536
1,0,0.30825275
1,0,0.30872613
1,0,0.31179807
1,0,0.31611785
1,0,0.32237354
1,0,0.32329404
1,0,0.31972682
1,0,0.3157204
1,0,0.31151623
1,0,0.30816415
1,0,0.30596638
1,0,0.30309504
1,0,0.30349576
1,0,0.30778462
1,0,0.311867
1,0,0.31739736
1,0,0.31906232
1,0,0.31655505
1,0,0.3129897
1,0,0.30822262
1,0,0.30617836
1,0,0.30748624
1,0,0.30834138
0,0,0.31112504
0,0,0.31541812
0,0,0.31991982
0,0,0.3258756
0,0,0.32557207
0,0,0.32221198
0,0,0.31726098
0,0,0.31321916
0,0,0.31093508
0,0,0.31035823
0,0,0.30983892
0,0,0.3091707
0,0,0.30959448
0,0,0.3112648
0,0,0.31411257
0,0,0.31145087
0,0,0.30830932
0,0,0.3039315
0,0,0.29806376
0,0,0.29387695
0,0,0.29166752
0,0,0.28920832
0,0,0.28710255
0,0,0.28648603
0,0,0.28614873
0,0,0.28589314
0,0,0.2859092
0,0,0.28422624
0,0,0.28258142
0,0,0.28402185
0,0,0.28577253
0,0,0.2897006
0,0,0.29361704
0,0,0.2956365
0,0,0.29676676
0,0,0.29752064
0,0,0.29680547
0,0,0.29623714
0,0,0.29787156
0,0,0.2974186
1,0,0.2984168
1,0,0.30541533
1,0,0.31113747
1,0,0.31759045
1,0,0.3206048
1,0,0.31670257
1,0,0.3120893
1,0,0.30827433
1,0,0.30565694
1,0,0.3068505
1,0,0.31131425
1,0,0.31938305
1,0,0.3275999
1,0,0.33142334
1,0,0.33288452
1,0,0.32887635
1,0,0.3237208
1,0,0.3192618
1,0,0.3160653
1,0,0.31440654
1,0,0.3155339
1,0,0.3170352
0,0,0.31499895
0,0,0.31160307
0,0,0.3037116
0,0,0.3001122
0,0,0.29463863
0,0,0.29315764
0,0,0.29247445
0,0,0.2915889
0,0,0.29111418
0,0,0.2948585
0,0,0.2981084
0,0,0.30043495
0,0,0.3031496
0,0,0.3051737
0,0,0.30636197
0,0,0.3056493
0,0,0.30618206
0,0,0.29874068
0,0,0.2949581
0,0,0.29703516
0,0,0.29806057
0,0,0.29835984
0,0,0.29810742
0,0,0.30075845
0,0,0.3025314
0,0,0.3043982
0,0,0.3055175
0,0,0.30710983
0,0,0.30756664
0,0,0.30725288
0,0,0.30738717
0,0,0.3096219
0,0,0.31333047
0,0,0.31494796
0,0,0.31500232
0,0,0.3136731
0,0,0.31364575
0,0,0.3047129
0,0,0.30127987
0,0,0.29690066
0,0,0.29289764
0,0,0.28889048
0,0,0.29020616
0,0,0.2965957
0,0,0.30210233
0,0,0.30935517
0,0,0.3170871
0,0,0.3240679
0,0,0.3308109
0,0,0.32770234
0,0,0.31969005
0,0,0.31389558
0,0,0.30291098
0,0,0.29640627
0,0,0.29352626
0,0,0.122652195
0,0,0.1156955
0,0,0.14140968
0,0,0.15678883
0,0,0.09872806
0,0,0.10155208
0,0,0.087638244
0,0,0.09684517
0,0,0.12702698
0,0,0.1547986
0,0,0.170497
0,0,0.17550187
0,0,0.14697315
0,0,0.15473697
0,0,0.17899223
0,0,0.21042669
0,0,0.20229295
0,0,0.18938029
0,0,0.18360996
0,0,0.17853591
0,0,0.17970411
0,0,0.1882347
0,0,0.17871776
0,0,0.18740223
0,0,0.20241868
0,0,0.17040676
0,0,0.13100901
0,0,0.1307766
0,0,0.13358957
0,0,0.14363635
0,0,0.15786064
0,0,0.17203374
0,0,0.18434988
0,0,0.19668151
0,0,0.21984763
0,0,0.19871582
0,0,0.18255287
0,0,0.18514918
0,0,0.17631981
0,0,0.18161371
0,0,0.19828509
0,0,0.16343676
0,0,0.14929512
0,0,0.14361869
0,0,0.14257766
0,0,0.14842094
1,1,0.86257154
1,1,0.87577087
1,1,0.8979664
1,1,0.9177916
1,1,0.9052116
1,1,0.9060482
1,1,0.8983162
1,1,0.89530176
1,1,0.8933139
1,1,0.9024273
1,1,0.8959868
1,1,0.8699558
1,1,0.8960957
1,1,0.8907006
1,1,0.8709727
1,1,0.8276417
1,1,0.77979386
1,1,0.76101625
1,1,0.7455315
1,1,0.82173115
1,1,0.88596535
1,1,0.8788039
0,1,0.8963534
0,1,0.8948106
0,1,0.8864587
0,1,0.9058517
0,1,0.9022608
0,1,0.92117983
0,1,0.91312724
0,1,0.909101
0,1,0.89631075
0,1,0.8688054
0,1,0.86222184
1,1,0.82359684
1,1,0.70284486
1,1,0.7206089
1,1,0.7934311
1,1,0.86842656
1,1,0.8851427
1,1,0.88028806
1,1,0.86218286
1,1,0.81950796
1,1,0.7339952
1,1,0.6827554
0,1,0.90045905
0,1,0.8862222
0,1,0.88235265
0,1,0.89767116
0,1,0.8665347
0,1,0.87134707
0,1,0.89588535
0,1,0.9115906
0,1,0.9073563
0,1,0.8770821
0,1,0.5062466
0,0,0.36692613
0,0,0.22693808
0,0,0.15709504
0,0,0.12225562
0,0,0.13343547
0,0,0.13414636
0,0,0.15176034
0,0,0.18228604
0,0,0.18579006
0,0,0.20335965
0,0,0.20560098
0,0,0.19922143
0,0,0.19549102
0,0,0.15499218
0,0,0.14357543
0,0,0.13530166
0,0,0.12500262
0,0,0.12969875
0,0,0.13154557
0,0,0.14904447
0,0,0.17264673
0,0,0.18897106
0,0,0.20301755
0,0,0.21568222
0,0,0.22621368
0,0,0.23493937
0,0,0.26323956
0,0,0.25987992
0,0,0.2730609
1,1,0.8943733
1,1,0.8918345
1,1,0.8931194
1,1,0.9204856
1,1,0.9026551
1,1,0.9037478
1,1,0.9112266
1,1,0.91627663
1,1,0.9079321
1,1,0.86234754
1,1,0.6347566
1,1,0.87543744
1,1,0.84946966
1,1,0.8527087
1,1,0.9045986
1,1,0.8943444
1,1,0.8939403
1,1,0.8916583
1,1,0.86022633
1,1,0.85998124
1,1,0.8771172
1,1,0.8975472
1,0,0.4175748
1,0,0.24653427
1,0,0.17202479
1,0,0.13601038
1,0,0.17255557
1,0,0.18884
1,0,0.1844877
1,0,0.18051122
1,0,0.1772435
1,0,0.18058093
1,0,0.20660359
1,0,0.21355404
1,0,0.23630501
1,0,0.28277597
1,0,0.32720065
1,0,0.357952
1,0,0.36148843
1,0,0.34105238
1,0,0.31388465
1,0,0.2812384
1,0,0.24333827
1,0,0.22677319
1,0,0.2184713
1,0,0.20401447
1,0,0.1790027
1,0,0.16975898
1,0,0.18934251
1,0,0.20891136
1,0,0.23993866
1,0,0.28071064
1,0,0.28954002
1,0,0.2890037
1,0,0.2873957
0,0,0.32338405
0,0,0.31295255
0,0,0.31962633
0,0,0.29034445
0,0,0.24961105
0,0,0.22630054
0,0,0.19082613
0,0,0.18860717
0,0,0.18579644
0,0,0.17786007
0,0,0.1698617
0,0,0.16916963
0,0,0.16641988
0,0,0.16914572
0,0,0.17744373
0,0,0.17516328
0,0,0.16885053
0,0,0.16612941
0,0,0.16742013
0,0,0.17585371
0,0,0.1973904
0,0,0.1953163
0,0,0.029969838
0,0,0.08189507
0,0,0.24044107
0,0,0.4380692
0,0,0.49644998
0,0,0.48315674
0,0,0.45016354
0,0,0.43030185
0,0,0.42339438
0,0,0.41944703
0,0,0.425084
0,0,0.44077072
0,0,0.44520202
0,0,0.4586267
0,0,0.45810148
0,0,0.4571179
0,0,0.4566326
0,0,0.45192382
0,0,0.45624083
0,0,0.4485503
0,0,0.4466201
0,0,0.44442245
0,0,0.44730657
0,0,0.45977533
0,0,0.46287814
0,0,0.47056708
0,0,0.46847916
0,0,0.45933795
0,0,0.4547798
0,0,0.44704363
0,0,0.4508209
0,0,0.45808223
0,0,0.45018828
0,0,0.4452109
0,0,0.44082636
0,0,0.4347244
0,0,0.4392747
0,0,0.44800976
0,0,0.45670313
0,0,0.46576336
0,0,0.46897605
0,0,0.4603299
0,0,0.45511582
0,0,0.45508325
0,0,0.442425
0,0,0.43166754
0,1,0.61919075
0,1,0.68925035
0,1,0.76183856
0,1,0.8053252
0,1,0.72545195
0,1,0.7446435
0,1,0.7701709
0,1,0.7635377
0,1,0.7787009
0,1,0.78899074
0,1,0.7719283
0,1,0.7530778
0,1,0.76243955
0,1,0.7396048
0,1,0.66884196
0,1,0.7132842
0,1,0.7149653
0,1,0.60420185
0,1,0.7007662
0,1,0.72128344
0,1,0.6699155
0,1,0.7509256
0,1,0.7888218
0,1,0.7917447
0,1,0.8137965
0,1,0.82550424
0,1,0.81356424
0,1,0.8082828
0,1,0.824726
0,1,0.8263738
0,1,0.82981163
0,1,0.81945634
0,1,0.7962901
0,1,0.82178557
0,1,0.8069431
0,1,0.80667704
0,1,0.81706715
0,1,0.79511154
0,1,0.75091857
0,1,0.7721932
0,1,0.77336425
0,1,0.7089436
0,1,0.77095824
0,1,0.78691334
0,1,0.75532967
0,1,0.7772998
0,1,0.8048365
0,1,0.7855305
0,1,0.8069713
0,1,0.82054764
0,1,0.8211745
0,1,0.8244753
0,1,0.8302424
0,1,0.81777936
0,1,0.79484564
0,1,0.6198263
0,0,0.4388772
0,0,0.33971262
0,0,0.29960495
0,0,0.2704463
0,0,0.26797482
0,0,0.2731429
0,0,0.2844333
0,0,0.28538036
0,0,0.2895878
0,0,0.29747796
0,0,0.30355376
0,0,0.30577332
0,0,0.30986068
0,0,0.3051948
0,0,0.29537565
0,0,0.28693917
0,0,0.28119075
0,0,0.2819659
0,0,0.28923982
0,0,0.2953171
0,0,0.29920748
0,0,0.30716294
0,0,0.3102365
0,0,0.3054216
0,0,0.29723945
0,0,0.29183674
0,0,0.28892615
0,0,0.282887
0,1,0.55767137
0,1,0.6859031
0,1,0.7424952
0,1,0.78219426
0,1,0.76125914
0,1,0.7305483
0,1,0.7189764
0,1,0.7596562
0,1,0.7439446
0,1,0.7876622
0,1,0.7833296
0,1,0.7948076
0,1,0.79135305
0,1,0.78383905
0,1,0.78296113
0,1,0.7893604
0,1,0.7722477
0,1,0.773522
0,1,0.80716556
0,1,0.75325036
0,1,0.77640426
0,1,0.8161108
0,1,0.5296873
0,1,0.50108284
0,0,0.48601004
0,0,0.43804848
0,0,0.46951923
0,0,0.47232065
0,0,0.47186708
0,0,0.47266972
0,0,0.4841815
0,0,0.490372
0,0,0.48582074
0,0,0.4687951
0,0,0.4678681
0,0,0.4783402
0,0,0.490533
0,0,0.49443105
0,0,0.49221814
0,0,0.4854513
0,0,0.47403315
0,0,0.46514153
0,0,0.45929018
0,0,0.45106018
0,0,0.44331217
0,0,0.43867984
0,0,0.4358703
0,0,0.42439565
0,0,0.4225009
0,0,0.43668237
0,0,0.44445822
0,0,0.44580516
0,0,0.4488624
0,0,0.44708645
0,0,0.44357044
0,0,0.44233784
0,0,0.44781417
0,0,0.44613293
0,0,0.4480819
0,0,0.43901896
0,0,0.43577018
0,0,0.44159332
0,0,0.45726544
0,0,0.4800008
0,0,0.48495287
0,0,0.48465037
0,0,0.4763765
0,0,0.47134474
0,0,0.46624795
0,0,0.45933557
0,0,0.45238808
0,0,0.4517627
0,0,0.44471815
0,0,0.4412206
0,0,0.45047158
0,0,0.45939404
0,0,0.4591074
0,0,0.0689328
0,0,0.11569313
0,0,0.23337124
0,0,0.3843641
0,0,0.4262484
0,0,0.42528132
0,0,0.44400024
0,0,0.43819273
0,0,0.43791515
0,0,0.41995162
0,0,0.3942845
0,0,0.41836396
0,0,0.47210526
0,1,0.5112207
0,1,0.5382079
0,1,0.5246261
0,0,0.44519776
0,0,0.34527877
0,0,0.31223077
0,0,0.29716095
0,0,0.29297894
0,0,0.28801742
0,0,0.28013203
0,0,0.27911636
0,0,0.29513812
0,0,0.30446738
0,0,0.3097309
0,0,0.31264988
0,0,0.31188723
0,0,0.31500804
0,0,0.3098494
0,0,0.3052388
0,0,0.2898261
0,0,0.25868967
0,0,0.2509943
0,0,0.26217052
0,0,0.26669145
0,0,0.27074444
0,0,0.25135452
0,0,0.24120702
0,0,0.2289394
0,0,0.22704227
0,0,0.22911927
0,0,0.24646282
0,0,0.24843647
0,0,0.24171492
0,0,0.48787007
0,1,0.7198266
0,1,0.80505824
0,1,0.8412713
0,1,0.8515282
0,1,0.85984075
0,1,0.8501928
0,1,0.8634712
0,1,0.8832172
0,1,0.8762807
0,1,0.9063464
1,1,0.9027751
1,1,0.91914743
1,1,0.9062366
1,1,0.8846781
1,1,0.8933721
1,1,0.870149
1,1,0.8602522
1,1,0.8758957
1,1,0.9153665
1,1,0.91926014
1,1,0.9217279
0,1,0.92306256
0,1,0.9213474
0,1,0.9098457
0,1,0.9106855
0,1,0.9123319
0,1,0.9169023
0,1,0.9215447
0,1,0.9231549
0,1,0.92399734
0,1,0.923449
0,1,0.9139692
1,1,0.90940213
1,1,0.9007379
1,1,0.8565663
1,1,0.848103
1,1,0.88999945
1,1,0.886793
1,1,0.90944767
1,1,0.9312454
1,1,0.88108367
1,1,0.8566231
1,1,0.8595845
0,1,0.8666297
0,1,0.8852158
0,1,0.90007883
0,1,0.89351344
0,1,0.8960598
0,1,0.9094449
0,1,0.8989482
0,1,0.8923431
0,1,0.9017123
0,1,0.9056288
0,1,0.8887659
0,1,0.791906
0,1,0.7091765
0,1,0.5315299
0,0,0.45223182
0,0,0.3987238
0,0,0.35099712
0,0,0.30976373
0,0,0.27854288
0,0,0.2698335
0,0,0.2773273
0,0,0.28555658
0,0,0.28736192
0,0,0.28864586
0,0,0.29550886
0,0,0.3082263
0,0,0.3198012
0,0,0.32278186
0,0,0.3024798
0,0,0.28734633
0,0,0.27526665
0,0,0.2645279
0,0,0.26807195
0,0,0.27659178
0,0,0.28859684
0,0,0.28800386
0,0,0.2803235
0,0,0.27536222
0,0,0.26428217
0,0,0.26081768
0,0,0.372619
0,1,0.52245593
0,1,0.7078505
0,1,0.7917919
0,1,0.7896522
0,1,0.8397195
0,1,0.82604367
0,1,0.7860625
0,1,0.7938986
0,1,0.79766464
0,1,0.81256914
1,1,0.8179183
1,1,0.8607196
1,1,0.8895556
1,1,0.8838281
1,1,0.8971614
1,1,0.91169703
1,1,0.90847224
1,1,0.9061661
1,1,0.91335326
1,1,0.9191599
1,1,0.9382374
0,1,0.827165
0,1,0.72392577
0,1,0.6209231
0,0,0.39458552
0,0,0.34520042
0,0,0.30934003
0,0,0.3262816
0,0,0.33966208
0,0,0.341883
0,0,0.32923263
0,0,0.32079917
0,0,0.32300478
0,0,0.3398863
0,0,0.36536524
0,0,0.38936532
0,0,0.4016034
0,0,0.42258084
0,0,0.44346544
0,0,0.44764227
0,0,0.44918934
0,0,0.4620767
0,0,0.48177788
0,0,0.49555713
0,1,0.50505006
0,1,0.51373553
0,1,0.52781326
0,1,0.54132783
0,1,0.5534701
0,1,0.5627965
0,1,0.56473553
0,1,0.55723876
0,1,0.55068266
0,1,0.5472095
0,1,0.50743926
0,0,0.47483268
0,0,0.38776377
0,0,0.34541684
0,0,0.32246637
0,0,0.3372988
0,0,0.3420861
0,0,0.33530986
0,0,0.3222648
0,0,0.2966664
0,0,0.27511477
0,0,0.27512577
0,0,0.29059285
0,0,0.30260816
0,0,0.31916246
0,0,0.3949045
0,0,0.45244005
0,0,0.48654595
0,0,0.4981994
0,1,0.5168058
0,1,0.5192512
0,1,0.509787
0,0,0.087588035
0,0,0.18109834
0,0,0.22743633
0,0,0.23983587
0,0,0.24754173
0,0,0.22575767
0,0,0.22566828
0,0,0.22294357
0,0,0.22175078
0,0,0.2263789
0,0,0.22123359
0,0,0.25354898
0,0,0.26296255
0,0,0.27499405
0,0,0.26390532
0,0,0.27485418
0,0,0.27332982
0,0,0.27696937
0,0,0.2773701
0,0,0.27457377
0,0,0.26413012
0,0,0.25476307
0,0,0.25092915
0,0,0.2615267
0,0,0.2674262
0,0,0.26428738
0,0,0.2599001
0,0,0.25886965
0,0,0.26255128
0,0,0.26829642
0,0,0.26794767
0,0,0.27511805
0,0,0.27954146
0,0,0.2784057
0,0,0.27486113
0,0,0.27374125
0,0,0.26317337
0,0,0.2674229
0,0,0.26407644
0,0,0.26407832
0,0,0.26422617
0,0,0.2632841
0,0,0.27078715
0,0,0.26677743
0,0,0.26264295
0,0,0.26398435
1,0,0.3885623
1,1,0.52424383
1,1,0.64604115
1,1,0.69657207
1,1,0.69079417
1,1,0.6842471
1,1,0.67261976
1,1,0.695692
1,1,0.67502797
1,1,0.6906663
1,1,0.697534
1,1,0.6754581
1,1,0.68088174
1,1,0.68937576
1,1,0.6696045
1,1,0.6979954
1,1,0.70100945
1,1,0.68032163
1,1,0.6818798
1,1,0.6899348
1,1,0.67226225
1,1,0.65537536
1,1,0.6936818
1,1,0.69207984
1,1,0.66891944
1,1,0.67390305
1,1,0.6624127
1,1,0.6459842
1,1,0.66775924
1,1,0.67014694
1,1,0.6667367
1,1,0.66721714
1,1,0.6579974
0,1,0.678743
0,1,0.68392396
0,1,0.6679497
0,1,0.6888596
0,1,0.6900968
0,1,0.65085256
0,1,0.6822478
0,1,0.70052505
0,1,0.66226727
0,1,0.69542944
0,1,0.71763825
0,1,0.68582755
0,1,0.68150014
0,1,0.67207277
0,1,0.68604577
0,1,0.6817106
0,1,0.6799629
0,1,0.6834813
0,1,0.6721539
0,1,0.6651181
0,1,0.66856945
0,1,0.6865731
0,0,0.46821472
0,0,0.43442214
0,0,0.42290306
0,0,0.36601436
0,0,0.34961924
0,0,0.33551857
0,0,0.33708957
0,0,0.34133053
0,0,0.34469205
0,0,0.33937925
0,0,0.33620667
0,0,0.33037394
0,0,0.31587583
0,0,0.30840257
0,0,0.3100158
0,0,0.31044254
0,0,0.32024115
0,0,0.32185724
0,0,0.32136908
0,0,0.3192712
0,0,0.3164356
0,0,0.31789407
0,0,0.3122607
0,0,0.31096786
0,0,0.29977244
0,0,0.29735816
0,0,0.28955734
0,0,0.2972109
0,0,0.30222312
1,0,0.47310907
1,1,0.57277685
1,1,0.652849
1,1,0.7133702
1,1,0.62478095
1,1,0.5859949
1,1,0.5576819
1,1,0.5407682
1,1,0.59600776
1,1,0.57328105
1,1,0.5343549
0,1,0.55407625
0,1,0.5011373
0,1,0.55751157
0,1,0.5881196
0,1,0.6056524
0,1,0.59951806
0,1,0.58449763
0,1,0.620446
0,1,0.6044108
0,1,0.5960476
0,1,0.6255644
1,0,0.45348012
1,0,0.39816254
1,0,0.35275128
1,0,0.27998376
1,0,0.2770818
1,0,0.27686933
1,0,0.2736732
1,0,0.26586893
1,0,0.25887915
1,0,0.26038113
1,0,0.25848967
1,0,0.23916543
1,0,0.2284498
1,0,0.22586168
1,0,0.2216404
1,0,0.22096029
1,0,0.23685959
1,0,0.25145546
1,0,0.26138422
1,0,0.26032877
1,0,0.25421447
1,0,0.24236196
1,0,0.22919424
1,0,0.23113395
1,0,0.22817773
1,0,0.2287148
1,0,0.23054956
1,0,0.22590218
1,0,0.21358569
1,0,0.22230549
1,0,0.22444
1,0,0.23652628
1,0,0.24073035
1,0,0.24501193
1,0,0.25828624
1,0,0.25569376
1,0,0.25444752
1,0,0.24252845
1,0,0.24505086
1,0,0.24431503
1,0,0.24846743
1,0,0.24309295
1,0,0.24942073
1,0,0.24930578
1,0,0.25468394
1,0,0.26218504
1,0,0.25709945
1,0,0.26064804
1,0,0.26526713
1,0,0.26456282
1,0,0.27596468
1,0,0.2460922
1,0,0.21381815
1,0,0.21647693
1,0,0.2157066
0,0,0.44602713
0,0,0.49974087
0,1,0.5086137
0,0,0.4819667
0,0,0.46342984
0,0,0.42002854
0,0,0.34698698
0,0,0.286951
0,0,0.2656542
0,0,0.29126456
0,0,0.32422492
1,0,0.35235527
1,0,0.35862207
1,0,0.35090545
1,0,0.35678712
1,0,0.35591418
1,0,0.3475865
1,0,0.33099988
1,0,0.32330042
1,0,0.326723
1,0,0.33105555
1,0,0.33218586
1,0,0.34662503
1,0,0.36955068
1,0,0.36641145
1,0,0.37192753
1,0,0.37157908
1,0,0.36989552
1,0,0.3603278
1,0,0.36236754
1,0,0.37189725
1,0,0.3751948
1,0,0.38663486
1,0,0.39667737
1,0,0.40426308
1,0,0.42303562
1,0,0.43815023
1,0,0.43733686
1,0,0.43207663
1,0,0.4252764
1,0,0.41802678
1,0,0.4149734
1,0,0.4146354
1,0,0.41819054
1,0,0.42504048
1,0,0.41637638
1,1,0.9566243
1,1,0.9588552
1,1,0.960095
1,1,0.9634836
1,1,0.9603713
1,1,0.95750934
1,1,0.95961446
1,1,0.96523184
1,1,0.96728456
1,1,0.9693561
1,1,0.9700846
1,1,0.9698747
1,1,0.9663332
1,1,0.9660421
1,1,0.9612357
1,1,0.95635766
1,1,0.95645875
1,1,0.9600881
1,1,0.9595845
1,1,0.96023995
1,1,0.9622603
1,1,0.9599806
1,1,0.9667753
1,1,0.96566695
1,1,0.96711385
1,1,0.9662089
1,1,0.96540624
1,1,0.9688746
1,1,0.97074765
1,1,0.9720995
1,1,0.9726017
1,1,0.97091573
1,1,0.97052336
1,1,0.9737422
1,1,0.971555
1,1,0.9731887
1,1,0.97120935
1,1,0.96663654
1,1,0.9696489
1,1,0.9701292
1,1,0.96911967
1,1,0.96974105
1,1,0.9694922
1,1,0.96919715
1,1,0.9721094
1,1,0.97118473
1,1,0.969775
1,1,0.96594095
1,1,0.96323305
1,1,0.96453655
1,1,0.96478194
1,1,0.964653
1,1,0.9670935
1,1,0.9706755
1,1,0.97241265
0,1,0.67213327
0,1,0.67503417
0,1,0.64399254
0,1,0.60696924
0,0,0.391037
0,0,0.38895792
0,0,0.41314295
0,0,0.44003415
0,0,0.45191163
0,0,0.45401564
0,0,0.44103304
0,0,0.39905143
0,0,0.33247972
0,0,0.28912225
0,0,0.2938805
0,0,0.31933916
0,0,0.350674
0,0,0.34488392
0,0,0.32416785
0,0,0.32367715
0,0,0.3421429
0,0,0.37332147
0,0,0.37433833
0,0,0.3898106
0,0,0.39127645
0,0,0.38358188
0,0,0.35777986
0,0,0.32983625
0,0,0.32206392
1,1,0.92448175
1,1,0.95111465
1,1,0.968309
1,1,0.9698722
1,1,0.96703345
1,1,0.9697871
1,1,0.9688562
1,1,0.96441334
1,1,0.95964575
1,1,0.96596473
1,1,0.9687131
1,1,0.9723308
1,1,0.9730945
1,1,0.97300094
1,1,0.9727308
1,1,0.9699425
1,1,0.97163707
1,1,0.97288877
1,1,0.97067386
1,1,0.97069
1,1,0.9714238
1,1,0.9708231
1,1,0.7370792
1,1,0.7133175
1,1,0.62175864
1,1,0.6367721
1,0,0.49551266
1,0,0.49684596
1,0,0.4890691
1,0,0.47552693
1,0,0.45869496
1,0,0.4485186
1,0,0.4349775
1,0,0.43730292
1,0,0.45681897
1,0,0.47058833
1,0,0.4809618
1,0,0.48348385
1,0,0.476341
1,0,0.4699209
1,0,0.46613753
1,0,0.46236104
1,0,0.46315634
1,0,0.46492255
1,0,0.46298394
1,0,0.45951393
1,0,0.4559076
1,0,0.45233002
1,0,0.43830568
1,0,0.4243193
1,0,0.40453178
1,0,0.382722
1,0,0.37774023
1,0,0.3845385
1,0,0.39490867
0,0,0.38308218
0,0,0.371406
0,0,0.3800341
0,0,0.40202177
0,0,0.43456128
0,0,0.45205936
0,0,0.45265204
0,0,0.44771993
0,0,0.44501036
0,0,0.44753549
0,0,0.44179076
0,0,0.428582
0,0,0.4151448
0,0,0.40501976
0,0,0.39824322
0,0,0.40720674
0,0,0.42540777
0,0,0.43014222
0,0,0.4280312
0,0,0.42127395
0,0,0.40490967
0,0,0.39254394
0,0,0.21102169
0,0,0.18790273
0,0,0.26139084
0,0,0.3358863
0,0,0.28576413
0,0,0.23434286
0,0,0.24138711
0,0,0.24232122
0,0,0.24435213
0,0,0.24665968
0,0,0.2416514
0,0,0.29522148
0,0,0.34451807
0,0,0.3949593
0,0,0.41899872
0,0,0.4433016
0,0,0.4366577
0,0,0.43658996
0,0,0.44784868
0,0,0.45185232
0,0,0.45369256
0,0,0.45526838
0,0,0.4525361
0,0,0.44705045
0,0,0.44706863
0,0,0.45023003
0,0,0.45035693
0,0,0.44326353
0,0,0.4401811
0,0,0.43842265
0,0,0.42419478
0,0,0.42137152
0,0,0.41803834
0,0,0.41931748
0,0,0.42311966
0,0,0.4132312
0,0,0.40764713
0,0,0.41063005
0,0,0.4068854
0,0,0.40263495
0,0,0.39884955
0,0,0.39437503
0,0,0.39813167
0,0,0.40138143
0,0,0.40368196
0,0,0.4024781
0,1,0.765915
0,1,0.8312508
0,1,0.8654819
0,1,0.8866662
0,1,0.8727513
0,1,0.881326
0,1,0.8869697
0,1,0.88589334
0,1,0.8835386
0,1,0.8809309
0,1,0.8813521
1,1,0.8689613
1,1,0.877833
1,1,0.89501905
1,1,0.8915306
1,1,0.8974866
1,1,0.8994244
1,1,0.90028566
1,1,0.89959073
1,1,0.9036057
1,1,0.91012186
1,1,0.9140212
1,1,0.9075279
1,1,0.91114753
1,1,0.91772777
1,1,0.9137132
1,1,0.9194207
1,1,0.91715944
1,1,0.91683537
1,1,0.9217031
1,1,0.9142042
1,1,0.9181259
1,1,0.9084176
1,1,0.9110156
1,1,0.9123835
1,1,0.8408065
1,1,0.86613953
1,1,0.89250064
1,1,0.8666394
1,1,0.9013211
1,1,0.90900636
1,1,0.8797703
1,1,0.8721178
1,1,0.89717346
0,1,0.886464
0,1,0.9070927
0,1,0.9172214
0,1,0.9026147
0,1,0.8998098
0,1,0.9026333
0,1,0.9002715
0,1,0.89747316
0,1,0.90111053
0,1,0.9061221
0,1,0.8850031
0,1,0.7648129
0,1,0.6839077
0,1,0.55124724
0,0,0.49097392
0,0,0.48494446
0,0,0.47987667
0,0,0.4741703
0,0,0.47351575
0,0,0.47761256
0,0,0.47878015
0,0,0.47034463
0,0,0.46381393
0,0,0.45745596
0,0,0.45890325
0,0,0.4561714
0,0,0.45842215
0,0,0.46586987
0,0,0.46866727
0,0,0.47077927
0,0,0.46980935
0,0,0.4646259
0,0,0.46205112
0,0,0.4618508
0,0,0.4609913
0,0,0.45995966
0,0,0.4592541
0,0,0.45127216
0,0,0.44835028
0,0,0.4492122
1,1,0.81473225
1,1,0.8510499
1,1,0.89607215
1,1,0.9189261
1,1,0.90192276
1,1,0.90312093
1,1,0.89628065
1,1,0.90902764
1,1,0.9132061
1,1,0.9025547
1,1,0.89653563
1,1,0.92117095
1,1,0.8928835
1,1,0.89198124
1,1,0.9091422
1,1,0.8873725
1,1,0.87659746
1,1,0.88478893
1,1,0.8986887
1,1,0.88899016
1,1,0.8902272
1,1,0.892216
0,1,0.5808549
0,1,0.5181597
0,0,0.48066556
0,0,0.43260443
0,0,0.3454185
0,0,0.33556798
0,0,0.32833928
0,0,0.3257473
0,0,0.3195083
0,0,0.32005253
0,0,0.32208335
0,0,0.31546792
0,0,0.30575064
0,0,0.30462143
0,0,0.30023527
0,0,0.30927187
0,0,0.3242611
0,0,0.33085102
0,0,0.3315279
0,0,0.33686846
0,0,0.31566343
0,0,0.31499144
0,0,0.32157102
0,0,0.31352141
0,0,0.30006227
0,0,0.29052395
0,0,0.28426853
0,0,0.28403518
0,0,0.2764312
0,0,0.2621533
0,0,0.24640396
0,0,0.23881811
0,0,0.2472558
0,0,0.28116608
0,0,0.3163931
0,0,0.34911898
0,0,0.35202092
0,0,0.35613242
0,0,0.34663728
0,0,0.34113666
0,0,0.33331177
0,0,0.33548427
0,0,0.33564383
0,0,0.33675247
0,0,0.34001485
0,0,0.34413433
0,0,0.339432
0,0,0.33321127
0,0,0.32788923
0,0,0.31740582
0,0,0.31153783
0,0,0.29910335
0,0,0.28735936
0,0,0.28149807
0,0,0.27492744
0,0,0.054558124
0,0,0.054613262
0,0,0.080749705
0,0,0.12289721
0,0,0.11670821
0,0,0.11548488
0,0,0.10502504
0,0,0.101138145
0,0,0.10244966
0,0,0.10461798
0,0,0.112636104
0,0,0.12131272
0,0,0.13577181
0,0,0.15021388
0,0,0.1910532
0,0,0.18720493
0,0,0.17563339
0,0,0.15272264
0,0,0.13098244
0,0,0.12733187
0,0,0.11253723
0,0,0.10460498
0,0,0.09827336
0,0,0.094823204
0,0,0.09484471
0,0,0.09485658
0,0,0.09593521
0,0,0.09503762
0,0,0.09342156
0,0,0.09506823
0,0,0.0994923
0,0,0.10516438
0,0,0.110025555
0,0,0.11531262
0,0,0.11481131
0,0,0.10434781
0,0,0.09465641
0,0,0.090863265
0,0,0.08948651
0,0,0.0868041
0,0,0.08849599
0,0,0.09063147
0,0,0.08883832
0,0,0.08963317
0,0,0.09217178
0,0,0.09587005
1,1,0.85270196
1,1,0.8988467
1,1,0.9578071
1,1,0.9671162
1,1,0.9570767
1,1,0.96160984
1,1,0.9627052
1,1,0.95628506
1,1,0.95359355
1,1,0.9549404
1,1,0.9547288
1,1,0.95720863
1,1,0.96004266
1,1,0.96140075
1,1,0.9639679
1,1,0.962122
1,1,0.96081966
1,1,0.9605202
1,1,0.9609549
1,1,0.9610469
1,1,0.95899844
1,1,0.9601367
0,1,0.9580422
0,1,0.9608328
0,1,0.9581612
0,1,0.9563255
0,1,0.9547228
0,1,0.94927365
0,1,0.95524174
0,1,0.9552572
0,1,0.9505461
0,1,0.9516462
0,1,0.9511109
0,1,0.9545881
0,1,0.9588415
0,1,0.96116334
0,1,0.95880306
0,1,0.95058024
0,1,0.9541063
0,1,0.9520019
0,1,0.9465895
0,1,0.95348895
0,1,0.9545258
0,1,0.9582235
0,1,0.954099
0,1,0.9568013
0,1,0.9565442
0,1,0.9404921
0,1,0.94308203
0,1,0.94908154
0,1,0.9438125
0,1,0.9442157
0,1,0.9442495
0,1,0.94544804
0,1,0.9488441
0,1,0.524496
0,0,0.467378
0,0,0.3452202
0,0,0.24370912
0,0,0.14525975
0,0,0.13352302
0,0,0.11833796
0,0,0.1080103
0,0,0.10022785
0,0,0.094408646
0,0,0.08993586
0,0,0.08533427
0,0,0.08267748
0,0,0.08256545
0,0,0.08460776
0,0,0.08775474
0,0,0.09663372
0,0,0.10283743
0,0,0.10606139
0,0,0.103789866
0,0,0.09705323
0,0,0.09610345
0,0,0.099167
0,0,0.10104803
0,0,0.102504656
0,0,0.10260968
0,0,0.1030324
0,0,0.10377234
0,0,0.10126973
0,1,0.7185688
0,1,0.88411146
0,1,0.93929535
0,1,0.95372
0,1,0.94832236
0,1,0.94841945
0,1,0.95178616
0,1,0.95411754
0,1,0.95324016
0,1,0.9536964
0,1,0.9513183
1,1,0.9544279
1,1,0.95754594
1,1,0.960809
1,1,0.95807415
1,1,0.954933
1,1,0.95656234
1,1,0.9562555
1,1,0.9529229
1,1,0.95371443
1,1,0.95497173
1,1,0.95120126
0,1,0.7562011
0,1,0.5984113
0,0,0.33609262
0,0,0.25920087
0,0,0.17078552
0,0,0.15669517
0,0,0.14067005
0,0,0.12702711
0,0,0.11954091
0,0,0.121644706
0,0,0.13250448
0,0,0.14388624
0,0,0.15924083
0,0,0.17352718
0,0,0.17142029
0,0,0.15054798
0,0,0.13457465
0,0,0.13747184
0,0,0.16880608
0,0,0.20084675
0,0,0.23483595
0,0,0.22738554
0,0,0.1875679
0,0,0.15250291
0,0,0.12845275
0,0,0.13478208
0,0,0.14351898
0,0,0.14887491
0,0,0.15267576
0,0,0.15175766
0,0,0.15481715
0,0,0.15111427
0,0,0.14045815
0,0,0.14347474
0,0,0.15024598
0,0,0.17060576
0,0,0.17951374
0,0,0.18360402
0,0,0.16403876
0,0,0.15149298
0,0,0.14677359
0,0,0.14535165
0,0,0.14698292
0,0,0.14543109
0,0,0.1413663
0,0,0.14144987
0,0,0.14796111
0,0,0.15400733
0,0,0.1535169
0,0,0.14869843
0,0,0.13896602
0,0,0.13037989
0,0,0.13293019
0,0,0.1414015
0,0,0.14861919
0,0,0.38513488
0,0,0.3500529
0,0,0.36116365
0,0,0.48033282
0,0,0.4766107
0,0,0.43450797
0,0,0.38600013
0,0,0.34047455
0,0,0.32539308
0,0,0.3619065
0,0,0.39345476
0,0,0.42206407
0,0,0.43301746
0,0,0.40877756
0,0,0.37103802
0,0,0.3171463
0,0,0.30805758
0,0,0.31033584
0,0,0.31300706
0,0,0.3076679
0,0,0.31235713
0,0,0.300452
0,0,0.3043693
0,0,0.31636778
0,0,0.32382077
0,0,0.32111567
0,0,0.32742885
0,0,0.32976085
0,0,0.34148768
0,0,0.34827945
0,0,0.33611423
0,0,0.32560453
0,0,0.32197824
0,0,0.3323901
0,0,0.35091022
0,0,0.35276473
0,0,0.34569654
0,0,0.3476762
0,0,0.3505978
0,0,0.36528414
0,0,0.3648055
0,0,0.35695165
0,0,0.35183346
0,0,0.36186144
0,0,0.37973192
0,0,0.40391648
0,1,0.8996822
0,1,0.8977892
0,1,0.9430676
0,1,0.95619196
0,1,0.9476682
0,1,0.95234996
0,1,0.95606476
0,1,0.9569539
0,1,0.9369901
0,1,0.9508667
0,1,0.95729065
0,1,0.9418475
0,1,0.9640128
0,1,0.96456945
0,1,0.9627376
0,1,0.9562459
0,1,0.9563749
0,1,0.95790875
0,1,0.94793046
0,1,0.9517249
0,1,0.9492495
0,1,0.94737417
0,1,0.9553715
0,1,0.96131116
0,1,0.9635522
0,1,0.9660786
0,1,0.9615115
0,1,0.9590564
0,1,0.9622033
0,1,0.964367
0,1,0.96208936
0,1,0.9664051
0,1,0.9699719
0,1,0.9672819
0,1,0.9702917
0,1,0.9704927
0,1,0.966084
0,1,0.969717
0,1,0.9684001
0,1,0.96436965
0,1,0.9640809
0,1,0.96523005
0,1,0.9659127
0,1,0.9574653
0,1,0.9556741
0,1,0.9576719
0,1,0.96117693
0,1,0.9638027
0,1,0.9652111
0,1,0.96400505
0,1,0.962558
0,1,0.96261466
0,1,0.9612734
0,1,0.9597126
0,1,0.9615243
0,1,0.9650769
0,1,0.9630526
0,1,0.96322036
0,1,0.9631708
0,1,0.958076
0,1,0.96022266
0,1,0.9642548
0,1,0.96129376
0,1,0.96555126
0,1,0.96759236
0,1,0.9701487
0,1,0.9694652
0,1,0.9678178
0,1,0.9666963
0,1,0.9641481
0,1,0.96348584
0,1,0.96234465
0,1,0.96266776
0,1,0.95888865
0,1,0.96089494
0,1,0.9649193
0,1,0.9643119
0,1,0.7906109
0,1,0.7601934
0,1,0.65576136
0,1,0.54792845
0,0,0.4553138
0,0,0.43757504
0,0,0.4242077
0,0,0.44712633
0,0,0.4753199
0,0,0.49503937
0,0,0.47487572
0,0,0.47142214
0,0,0.4822244
0,0,0.46691868
0,0,0.4425407
0,0,0.43046296
0,0,0.43940502
0,0,0.48247325
0,1,0.5257938
0,1,0.53798723
0,0,0.49864933
0,0,0.48217246
0,0,0.48649764
0,1,0.52160835
0,1,0.536673
0,1,0.52084506
0,0,0.48989424
0,0,0.4690588
0,0,0.45867246
0,0,0.47235125
0,0,0.48275313
0,0,0.47266376
0,0,0.47085527
0,0,0.45298463
0,0,0.38977784
0,0,0.35560018
0,0,0.33543885
0,0,0.31019804
0,0,0.32123965
0,0,0.3386978
0,0,0.3500833
0,0,0.35187533
0,0,0.34385067
0,0,0.33670706
0,0,0.3267347
0,0,0.3223601
0,0,0.3374989
0,0,0.3449379
0,0,0.35167202
0,0,0.36574334
0,0,0.3724209
0,0,0.37389538
0,0,0.37429523
0,0,0.37745687
0,0,0.38886538
0,0,0.15213132
0,0,0.21440618
0,0,0.18390208
0,0,0.10180536
0,0,0.09302936
0,0,0.08964333
0,0,0.09554847
0,0,0.10397219
0,0,0.12166419
0,0,0.15614752
0,0,0.21183388
1,0,0.23024537
1,0,0.19645181
1,0,0.15717922
1,0,0.123326294
1,0,0.109249584
1,0,0.11153908
1,0,0.111433044
1,0,0.11443123
1,0,0.12178227
1,0,0.117206395
1,0,0.10170581
1,0,0.09629857
1,0,0.09645529
1,0,0.094234906
1,0,0.089525975
1,0,0.0845306
1,0,0.08006655
1,0,0.07869403
1,0,0.083992615
1,0,0.088634685
1,0,0.087159455
1,0,0.085066855
1,0,0.0847328
1,0,0.094463676
1,0,0.10025981
1,0,0.09472121
1,0,0.089113496
1,0,0.08689018
1,0,0.09178723
1,0,0.095924295
1,0,0.09937408
1,0,0.10023525
1,0,0.09210254
1,0,0.08737951
1,0,0.08856466
1,0,0.3491607
1,0,0.41438416
1,1,0.5960007
1,1,0.7248002
1,1,0.54063684
1,1,0.52626795
1,1,0.5333855
1,0,0.3843599
1,0,0.48345575
1,1,0.65655947
1,1,0.6809185
1,1,0.7688578
1,1,0.7512067
1,1,0.6777252
1,1,0.6622048
1,1,0.6657505
1,1,0.68720824
1,1,0.683904
1,1,0.66482216
1,1,0.61882395
1,1,0.51264
1,1,0.52974135
1,1,0.59399563
1,1,0.5400117
1,1,0.5732456
1,1,0.6418461
1,1,0.6506516
1,1,0.74727374
1,1,0.80560046
1,1,0.7881599
1,1,0.7689213
1,1,0.77704877
1,1,0.79844236
1,1,0.772461
1,1,0.82328093
1,1,0.7962758
1,1,0.6980772
1,1,0.66428953
1,1,0.6169523
1,1,0.64242285
1,1,0.6681928
1,1,0.7271734
1,1,0.7634185
1,1,0.7600485
1,1,0.7612537
1,1,0.749744
1,1,0.69625217
1,1,0.6636959
1,1,0.65757036
1,1,0.6288709
1,1,0.5325142
1,0,0.48076227
1,0,0.4537764
1,1,0.50551397
1,1,0.71621484
1,1,0.60105747
1,0,0.49286467
1,0,0.3440297
1,0,0.21945976
1,0,0.20230415
1,0,0.21504568
1,0,0.2143303
1,0,0.20890409
1,0,0.20856842
1,0,0.21203898
1,0,0.2118359
1,0,0.20954046
1,0,0.20651941
1,0,0.1998974
1,0,0.1957652
1,0,0.19771405
1,0,0.20028885
1,0,0.20160636
1,0,0.1990336
1,0,0.1963826
1,0,0.19816689
1,0,0.20372073
1,0,0.20906214
1,0,0.21308552
1,0,0.21872321
1,0,0.22688538
1,0,0.23794939
1,0,0.25297168
1,0,0.2634879
1,0,0.3348243
1,0,0.36587137
1,0,0.48567382
1,1,0.5481082
1,0,0.38490292
1,0,0.4169387
1,0,0.46086407
1,1,0.5288584
1,1,0.67505103
1,1,0.7968028
1,1,0.83670855
1,1,0.8427943
1,1,0.84792745
1,1,0.8194589
1,1,0.6681494
1,1,0.5151023
1,0,0.39999986
1,0,0.43344656
1,1,0.6226286
1,1,0.6685779
1,1,0.7593116
1,1,0.73127747
1,1,0.52607656
1,0,0.44849253
1,0,0.3141598
1,0,0.25614604
1,0,0.23694497
1,0,0.23919302
1,0,0.22226372
1,0,0.1868869
1,0,0.16120814
1,0,0.13631506
1,0,0.12667488
1,0,0.12638856
1,0,0.13507359
1,0,0.13988023
1,0,0.14340004
1,0,0.1385379
1,0,0.12872341
1,0,0.11945803
1,0,0.11498091
1,0,0.11277829
1,0,0.11054891
1,0,0.10909034
1,0,0.10879853
1,0,0.11045508
1,0,0.11183453
1,0,0.113113604
1,0,0.11691071
1,0,0.12143533
1,0,0.12732346
1,0,0.13424724
1,0,0.13922656
1,0,0.14366128
1,0,0.14930595
1,0,0.14360547
1,0,0.14038475
1,0,0.13155587
1,0,0.13095514
1,0,0.14515021
1,0,0.15640575
1,0,0.1579468
1,0,0.15234558
1,0,0.1492027
1,0,0.15147538
1,0,0.15424952
1,0,0.15155804
1,0,0.14609414
1,0,0.14216168
1,0,0.14236356
1,0,0.14804192
1,0,0.15287709
1,0,0.15709823
1,0,0.15489465
1,0,0.15204147
1,0,0.15119112
1,0,0.15150236
0,0,0.30437708
0,0,0.19854927
0,0,0.10997187
0,0,0.069218285
0,0,0.05978132
0,0,0.05721449
0,0,0.0528756
0,0,0.050876934
0,0,0.04977825
0,0,0.04948375
0,0,0.049014926
0,0,0.047797054
0,0,0.04603324
0,0,0.04164786
0,0,0.04020597
0,0,0.03660961
0,0,0.036363676
0,0,0.035699274
0,0,0.03564965
0,0,0.03606509
0,0,0.03677243
0,0,0.037743848
0,0,0.03856431
0,0,0.039104894
0,0,0.04052653
0,0,0.041153472
0,0,0.041756246
0,0,0.04271206
0,0,0.043578293
0,0,0.04319616
0,0,0.043781795
0,0,0.04497322
0,0,0.045703616
0,0,0.047820874
0,0,0.049162988
0,0,0.049190026
0,0,0.048297163
0,0,0.048036136
0,0,0.04918345
0,0,0.051230293
0,0,0.053894002
0,0,0.056016207
0,0,0.05680772
0,0,0.05707391
0,0,0.058032684
0,0,0.058718745
1,0,0.366456
1,1,0.55709136
1,1,0.66795677
1,1,0.7446145
1,1,0.7188512
1,1,0.72440153
1,1,0.7124444
1,1,0.69750845
1,1,0.67440176
1,1,0.5157765
1,0,0.39707285
1,1,0.5463295
1,1,0.5370106
1,1,0.64074725
1,1,0.70548666
1,1,0.7146717
1,1,0.7139692
1,1,0.69955015
1,1,0.72969455
1,1,0.7184368
1,1,0.71028304
1,1,0.741891
0,1,0.7042119
0,1,0.70869136
0,1,0.71758246
0,1,0.68722606
0,1,0.67523295
0,1,0.67260283
0,1,0.66754675
0,1,0.6694026
0,1,0.68060094
0,1,0.69167393
0,1,0.6891485
1,1,0.71028686
1,1,0.71504235
1,1,0.68346906
1,1,0.6786205
1,1,0.68200487
1,1,0.6727826
1,1,0.663003
1,1,0.664297
1,1,0.68076223
1,1,0.6462951
1,1,0.6206253
1,1,0.6427781
1,1,0.64613175
1,1,0.66345185
1,1,0.6992551
1,1,0.683379
1,1,0.6872588
1,1,0.70490515
1,1,0.66329676
1,1,0.64473164
1,1,0.6352794
1,0,0.4450721
0,0,0.21110572
0,0,0.10684381
0,0,0.06351055
0,0,0.04559327
0,0,0.042323835
0,0,0.042529687
0,0,0.0435151
0,0,0.044528194
0,0,0.045122486
0,0,0.045531392
0,0,0.04568911
0,0,0.044671427
0,0,0.04380471
0,0,0.043172196
0,0,0.043123562
0,0,0.042564675
0,0,0.04204684
0,0,0.042380005
0,0,0.043230496
0,0,0.043505594
0,0,0.044279393
0,0,0.043891046
0,0,0.042739276
0,0,0.041916534
0,0,0.041439764
0,0,0.041964576
0,0,0.04185242
0,0,0.04174155
0,0,0.042115267
1,0,0.3085908
1,1,0.54063684
1,1,0.6472569
1,1,0.7185416
1,1,0.70070654
1,1,0.70125437
1,1,0.68885386
1,1,0.7080152
1,1,0.71976906
1,1,0.645717
1,1,0.6408671
1,1,0.67801243
1,1,0.6373365
1,1,0.6944957
1,1,0.6950137
1,1,0.71007144
1,1,0.7344269
1,1,0.6767228
1,1,0.68439776
1,1,0.71015126
1,1,0.65959436
1,1,0.6797486
1,0,0.24443187
1,0,0.13256837
1,0,0.08945037
1,0,0.06567454
1,0,0.037534457
1,0,0.03769454
1,0,0.037453476
1,0,0.038240407
1,0,0.038289126
1,0,0.038251147
1,0,0.0389206
1,0,0.0391472
1,0,0.039015632
1,0,0.038621217
1,0,0.038717825
1,0,0.03841302
1,0,0.037758708
1,0,0.037353113
1,0,0.037014585
1,0,0.036767438
1,0,0.03627766
1,0,0.03544327
1,0,0.035397947
1,0,0.03594617
1,0,0.035666477
1,0,0.03546828
1,0,0.034826048
1,0,0.033943255
1,0,0.033869922
1,0,0.03407546
1,0,0.034449853
1,0,0.03446526
1,0,0.035305437
1,0,0.03675066
1,0,0.03865377
1,0,0.040061846
1,0,0.04016406
1,0,0.039274458
1,0,0.03977555
1,0,0.04011221
1,0,0.040571727
1,0,0.040821783
1,0,0.04112725
1,0,0.041368246
1,0,0.04086657
1,0,0.040725432
1,0,0.040933367
1,0,0.040575642
1,0,0.040158566
1,0,0.040683538
1,0,0.04082842
1,0,0.04067671
1,0,0.04089455
1,0,0.04076908
1,0,0.040704727
0,0,0.09066931
0,0,0.13376118
0,0,0.17608692
0,0,0.19101849
0,0,0.19050698
0,0,0.19075102
0,0,0.18446188
0,0,0.18711293
0,0,0.18965442
0,0,0.18789157
0,0,0.19095013
0,0,0.21813208
0,0,0.23667112
0,0,0.2572152
0,0,0.25390005
0,0,0.24209933
0,0,0.2285905
0,0,0.20565037
0,0,0.20446692
0,0,0.19614553
0,0,0.18621692
0,0,0.18341047
0,0,0.18343015
0,0,0.18223497
0,0,0.17979994
0,0,0.18222214
0,0,0.1828312
0,0,0.18249261
0,0,0.1838691
0,0,0.18345019
0,0,0.18332304
0,0,0.18297687
0,0,0.18269804
0,0,0.18249236
0,0,0.18089764
0,0,0.17812094
0,0,0.1779065
0,0,0.18993017
0,0,0.2007144
0,0,0.18733722
0,0,0.20924494
0,0,0.20253724
0,0,0.19115318
0,0,0.1840427
0,0,0.18043214
0,0,0.17637959
0,0,0.17039613
0,0,0.17989673
0,0,0.18288432
0,0,0.21965353
0,0,0.22382651
0,0,0.24401906
0,0,0.25518623
0,0,0.23170842
0,0,0.22546361
0,0,0.19680676
0,0,0.19464266
1,0,0.20197985
1,0,0.21414965
1,0,0.22046562
1,0,0.22377694
1,0,0.21553439
1,0,0.2317211
1,0,0.25260046
1,0,0.2672646
1,0,0.2547974
1,0,0.2615776
1,0,0.2838879
1,0,0.28531313
1,0,0.3072568
1,0,0.2964167
1,0,0.26458192
1,0,0.21282673
1,0,0.20762314
1,0,0.20841618
1,0,0.20577161
1,0,0.20118685
1,0,0.20014091
1,0,0.19918099
1,0,0.20607243
1,0,0.2086311
1,0,0.2130005
1,0,0.21171997
1,0,0.22797154
1,0,0.23689348
1,0,0.244126
1,0,0.22726786
1,0,0.22462165
1,0,0.23367234
1,0,0.24941117
1,0,0.27003005
1,0,0.26586157
1,0,0.25549635
1,0,0.24403454
1,0,0.20599401
1,0,0.21042961
1,0,0.2140719
1,0,0.21978328
1,0,0.22001907
1,0,0.22587627
1,0,0.22868966
0,0,0.22047967
0,0,0.22379446
0,0,0.22561742
0,0,0.21822537
0,0,0.20519663
0,0,0.19437629
0,0,0.18691151
0,0,0.1897334
0,0,0.19782364
0,0,0.20086811
0,0,0.1917447
0,0,0.19330515
0,0,0.19918293
0,0,0.21339768
0,0,0.21442652
0,0,0.21320875
0,0,0.21589582
0,0,0.23060124
0,0,0.21770383
0,0,0.21529648
0,0,0.19858429
0,0,0.19216488
0,0,0.18778582
0,0,0.18374056
0,0,0.18411775
0,0,0.18358274
0,0,0.18644933
0,0,0.18446575
0,0,0.17999005
1,0,0.17993122
1,0,0.19066748
1,0,0.19535308
1,0,0.208662
1,0,0.21782465
1,0,0.24799709
1,0,0.2824475
1,0,0.31941402
1,0,0.3183017
1,0,0.3383509
1,0,0.31602058
1,0,0.29850706
1,0,0.27404112
1,0,0.24576357
1,0,0.22179879
1,0,0.18721713
1,0,0.18109664
1,0,0.17478202
1,0,0.17605768
1,0,0.17634639
1,0,0.17935927
1,0,0.18611248
0,0,0.197791
0,0,0.18736887
0,0,0.18659423
0,0,0.19567432
0,0,0.1889021
0,0,0.1860298
0,0,0.18891376
0,0,0.2020643
0,0,0.22128606
0,0,0.24631286
0,0,0.24283986
0,0,0.2345128
0,0,0.2227238
0,0,0.20414715
0,0,0.18639101
0,0,0.18121487
0,0,0.19079866
0,0,0.19042514
0,0,0.17884693
0,0,0.18091737
0,0,0.18753144
0,0,0.19264667
0,0,0.20756537
0,0,0.21206787
0,0,0.23364931
0,0,0.26354086
0,0,0.27561092
0,0,0.27285606
0,0,0.24935204
0,0,0.2371944
0,0,0.2314806
0,0,0.21615644
0,0,0.24315645
1,0,0.25725868
1,0,0.23577486
1,0,0.20112918
1,0,0.1842623
1,0,0.18597838
1,0,0.18412721
1,0,0.1861092
1,0,0.1897654
1,0,0.19153433
1,0,0.19445348
1,0,0.1903169
1,0,0.18286556
1,0,0.18130875
1,0,0.188202
1,0,0.18839434
1,0,0.18950081
1,0,0.17841092
1,0,0.1759175
1,0,0.17989819
1,0,0.18158776
1,0,0.1788001
1,0,0.179128
0,0,0.06522721
0,0,0.041957602
0,0,0.04607704
0,0,0.08633418
0,0,0.09330657
0,0,0.083494
0,0,0.07227198
0,0,0.06330408
0,0,0.06453999
0,0,0.07291329
0,0,0.08888497
1,0,0.111610726
1,0,0.13239774
1,0,0.14239393
1,0,0.16377361
1,0,0.16980638
1,0,0.1889635
1,0,0.20831741
1,0,0.20292556
1,0,0.1928687
1,0,0.17277531
1,0,0.16455753
1,0,0.1672389
1,0,0.16804658
1,0,0.14991856
1,0,0.11160105
1,0,0.08205723
1,0,0.07166615
1,0,0.07900089
1,0,0.093677126
1,0,0.09101894
1,0,0.06979067
1,0,0.05349119
1,0,0.04336412
1,0,0.0405783
1,0,0.04365722
1,0,0.053200826
1,0,0.068939
1,0,0.091183946
1,0,0.105344474
1,0,0.11543103
1,0,0.10738632
1,0,0.09635929
1,0,0.08253945
1,0,0.07001213
1,0,0.06765302
1,1,0.72208446
1,1,0.87248135
1,1,0.9282752
1,1,0.9538707
1,1,0.9438484
1,1,0.93860996
1,1,0.9342408
1,1,0.9378931
1,1,0.93783104
1,1,0.94125473
1,1,0.9474097
0,1,0.95046324
0,1,0.9468861
0,1,0.9501686
0,1,0.95215863
0,1,0.95240974
0,1,0.94972634
0,1,0.9403532
0,1,0.942785
0,1,0.947021
0,1,0.94904834
0,1,0.9479224
0,1,0.9128649
0,1,0.8689604
0,1,0.70449
0,0,0.42948803
0,0,0.42331436
0,0,0.36780727
0,0,0.33202994
0,1,0.5288834
0,1,0.77397066
0,1,0.92503923
0,1,0.95656824
1,1,0.9638058
1,1,0.9605641
1,1,0.95881534
1,1,0.9546543
1,1,0.95306087
1,1,0.95085615
1,1,0.9464637
1,1,0.94624376
1,1,0.9473226
1,1,0.94374204
1,1,0.952453
1,1,0.94145185
1,1,0.94134927
1,1,0.9351069
1,1,0.91156226
1,1,0.91064256
1,1,0.9166528
1,1,0.9122862
1,1,0.9115816
1,1,0.91401714
1,1,0.9226399
1,1,0.93999517
0,1,0.5940893
0,0,0.48529908
0,0,0.32071397
0,0,0.11636017
0,0,0.080080844
0,0,0.1158426
0,0,0.15071735
0,0,0.15254144
0,0,0.1465534
0,0,0.14814249
0,0,0.14598
0,0,0.11745223
0,0,0.07768961
0,0,0.057474833
0,0,0.0591347
0,0,0.059775263
0,0,0.06358126
0,0,0.06994572
0,0,0.06669828
0,0,0.06102768
0,0,0.050210748
0,0,0.04311792
0,0,0.03522315
0,0,0.029943552
0,0,0.02679286
0,0,0.025412047
0,0,0.026146898
0,0,0.026556103
0,0,0.02629313
1,0,0.43776497
1,1,0.79574525
1,1,0.9290281
1,1,0.9549652
1,1,0.9490314
1,1,0.94411427
1,1,0.9422842
1,1,0.9446338
1,1,0.94857764
1,1,0.9562071
1,1,0.96076584
1,1,0.9563763
1,1,0.9562496
1,1,0.95308596
1,1,0.9505293
1,1,0.95484716
1,1,0.94513243
1,1,0.9450141
1,1,0.94386226
1,1,0.94504607
1,1,0.9475594
1,1,0.948433
0,1,0.6882168
0,0,0.47538581
0,0,0.2510222
0,0,0.15923622
0,0,0.10518623
0,0,0.10888771
0,0,0.115289204
0,0,0.12303355
0,0,0.12656285
0,0,0.122946605
0,0,0.11811294
0,0,0.11695323
0,0,0.11075919
0,0,0.10823083
0,0,0.11673556
0,0,0.11523965
0,0,0.09744457
0,0,0.07675671
0,0,0.05811035
0,0,0.047852296
0,0,0.046338875
0,0,0.05151159
0,0,0.054723363
0,0,0.060039055
0,0,0.060481034
0,0,0.06448236
0,0,0.071944244
0,0,0.078933604
0,0,0.08402171
0,0,0.09013748
0,0,0.09070449
0,0,0.086283386
0,0,0.080579385
0,0,0.07184081
0,0,0.06391418
0,0,0.056526322
0,0,0.05683882
0,0,0.056828305
0,0,0.0785373
0,0,0.12379515
0,0,0.17830479
0,0,0.20666558
0,0,0.18593904
0,0,0.18499595
0,0,0.17005669
0,0,0.18067513
0,0,0.21844879
0,0,0.22251613
0,0,0.20610985
0,0,0.18722193
0,0,0.16184194
0,0,0.14457776
0,0,0.1625373
0,0,0.17644165
0,0,0.17892429
0,0,0.15077019
0,0,0.1171801
0,0,0.07687205
0,0,0.04231419
0,0,0.032156672
0,0,0.032267787
0,0,0.032461338
0,0,0.0325032
0,0,0.032536242
0,0,0.03266316
0,0,0.033063427
0,0,0.033539936
0,0,0.0339605
0,0,0.034562122
0,0,0.0380512
0,0,0.037886865
0,0,0.037085176
0,0,0.036898423
0,0,0.03700477
0,0,0.03740273
0,0,0.037655536
0,0,0.038295873
0,0,0.03837625
0,0,0.038913712
0,0,0.04024952
0,0,0.040495183
0,0,0.040429838
0,0,0.040798966
0,0,0.041365217
0,0,0.042135376
0,0,0.0441252
0,0,0.042620286
0,0,0.041486934
0,0,0.04074953
0,0,0.040625546
0,0,0.042568967
0,0,0.04246217
0,0,0.045583438
0,0,0.05101668
0,0,0.057842445
0,0,0.0619022
0,0,0.06739204
0,0,0.06913823
0,0,0.07077113
0,0,0.07418976
0,0,0.07704482
1,0,0.3535881
1,1,0.5956541
1,1,0.6892617
1,1,0.7603709
1,1,0.7471178
1,1,0.7401299
1,1,0.7589171
1,1,0.73696727
1,1,0.65148264
1,1,0.6452685
1,1,0.6491683
1,1,0.57960147
1,1,0.6494
1,1,0.691131
1,1,0.7156323
1,1,0.73778266
1,1,0.73535734
1,1,0.7011507
1,1,0.7077531
1,1,0.7189128
1,1,0.6911288
1,1,0.6769759
1,1,0.67498094
1,1,0.66385853
1,1,0.6823219
1,1,0.6980084
1,1,0.69818693
1,1,0.70528525
1,1,0.71024704
1,1,0.70428723
1,1,0.6987532
1,1,0.69081515
1,1,0.69325846
1,1,0.67931134
1,1,0.7061041
1,1,0.6483853
1,1,0.631269
1,1,0.70310813
1,1,0.64993286
1,1,0.6898873
1,1,0.70931375
1,1,0.7056826
1,1,0.7115083
1,1,0.70985997
1,1,0.7118004
1,1,0.7253371
1,1,0.7290819
1,1,0.7397829
1,1,0.7272242
1,1,0.7215332
1,1,0.7143702
1,1,0.6788301
1,1,0.6137285
1,1,0.5794106
1,1,0.5275854
0,0,0.13091618
0,0,0.12318829
0,0,0.08395498
0,0,0.054430537
0,0,0.030453451
0,0,0.03088
0,0,0.03172365
0,0,0.032024246
0,0,0.032747816
0,0,0.034088194
0,0,0.034570146
0,0,0.03246181
0,0,0.0314379
0,0,0.030189546
0,0,0.029828737
0,0,0.030414172
0,0,0.030629858
0,0,0.030489566
0,0,0.030273842
0,0,0.029724881
0,0,0.029834699
0,0,0.030469049
0,0,0.030718142
0,0,0.030372394
0,0,0.030234741
0,0,0.029813964
0,0,0.029862102
0,0,0.029896451
0,0,0.030111378
0,0,0.30281284
0,0,0.4934438
0,1,0.6521732
0,1,0.74103594
0,1,0.7055883
0,1,0.70478576
0,1,0.69574153
0,1,0.6191726
0,1,0.6168079
0,1,0.6056146
0,1,0.61025006
1,1,0.5748714
1,1,0.6134188
1,1,0.6402977
1,1,0.6183006
1,1,0.66849184
1,1,0.6014667
1,1,0.5987219
1,1,0.625814
1,1,0.60943466
1,1,0.644031
1,1,0.71978086
0,0,0.28532612
0,0,0.18300645
0,0,0.09232779
0,0,0.054819427
0,0,0.03239027
0,0,0.032555997
0,0,0.032535955
0,0,0.032743834
0,0,0.032812886
0,0,0.032364823
0,0,0.032079943
0,0,0.031814925
0,0,0.03154862
0,0,0.031450003
0,0,0.031356536
0,0,0.031665113
0,0,0.03181748
0,0,0.03237666
0,0,0.032742396
0,0,0.03286624
0,0,0.032866526
0,0,0.03321788
0,0,0.033688214
0,0,0.033828817
0,0,0.033788446
0,0,0.033352233
0,0,0.032572202
0,0,0.03228329
0,0,0.031642124
0,0,0.031135354
0,0,0.030896923
0,0,0.037007198
0,0,0.056679726
0,0,0.06886828
0,0,0.057964824
0,0,0.0479913
0,0,0.04548891
0,0,0.032779846
0,0,0.03277365
0,0,0.032561824
0,0,0.03283935
0,0,0.03292926
0,0,0.03265739
0,0,0.0318855
0,0,0.03174704
0,0,0.031586006
0,0,0.031206926
0,0,0.031313725
0,0,0.03130535
0,0,0.031097632
0,0,0.03126854
0,0,0.031446874
0,0,0.03156307
0,0,0.0317513
0,0,0.03250327
0,0,0.19416
0,0,0.12861422
0,0,0.11507037
0,0,0.14618447
0,0,0.14781033
0,0,0.123521
0,0,0.07953043
0,0,0.05288629
0,0,0.04623832
0,0,0.066297896
0,0,0.09622298
0,0,0.09732762
0,0,0.07210822
0,0,0.06311761
0,0,0.055979468
0,0,0.05421224
0,0,0.053822793
0,0,0.053488843
0,0,0.052575614
0,0,0.048472863
0,0,0.044505607
0,0,0.04510511
0,0,0.046814073
0,0,0.047754813
0,0,0.045958493
0,0,0.044970404
0,0,0.046256445
0,0,0.04711676
0,0,0.046361737
0,0,0.044189222
0,0,0.04620036
0,0,0.0570651
0,0,0.06413
0,0,0.061662577
0,0,0.051516972
0,0,0.045792345
0,0,0.041919
0,0,0.041042697
0,0,0.042456932
0,0,0.04181916
0,0,0.039233264
0,0,0.038833898
0,0,0.04289406
0,0,0.0546337
0,0,0.07121815
0,0,0.08329135
0,1,0.7137627
0,1,0.86500764
0,1,0.9089318
0,1,0.9341794
0,1,0.9121099
0,1,0.89779687
0,1,0.88484216
0,1,0.86522233
0,1,0.8620373
0,1,0.8746658
0,1,0.8930112
0,1,0.90402323
0,1,0.9249099
0,1,0.9328246
0,1,0.9447209
0,1,0.9501665
0,1,0.9466991
0,1,0.9437753
0,1,0.9416341
0,1,0.9401178
0,1,0.943132
0,1,0.9460566
0,1,0.9318306
0,1,0.9236232
0,1,0.90626854
0,1,0.89024246
0,1,0.9049361
0,1,0.9002856
0,1,0.87531066
0,1,0.870541
0,1,0.87507993
0,1,0.88536876
0,1,0.8953755
0,1,0.91901046
0,1,0.9368481
0,1,0.9409993
0,1,0.92917305
0,1,0.92023396
0,1,0.9267466
0,1,0.92992973
0,1,0.92622393
0,1,0.9266361
0,1,0.92856365
0,1,0.914723
0,1,0.9089203
0,1,0.89431334
0,1,0.8976784
0,1,0.9227641
0,1,0.9314226
0,1,0.93632877
0,1,0.93198365
0,1,0.92371356
0,1,0.90813744
0,1,0.9167889
0,1,0.9276355
0,1,0.7535133
0,1,0.6585765
0,0,0.49770743
0,0,0.33493045
0,0,0.32246268
0,0,0.3307153
0,0,0.31874567
0,0,0.311425
0,0,0.32541338
0,0,0.3467677
0,0,0.35773513
0,0,0.36147514
0,0,0.35867032
0,0,0.33686697
0,0,0.32164454
0,0,0.30385655
0,0,0.27962977
0,0,0.2617531
0,0,0.25917345
0,0,0.26640975
0,0,0.29185146
0,0,0.29427105
0,0,0.28854504
0,0,0.27703655
0,0,0.2726352
0,0,0.28658965
0,0,0.3032863
0,0,0.31708312
0,0,0.30981934
0,1,0.8094469
0,1,0.88637143
0,1,0.9276433
0,1,0.9361149
0,1,0.9328762
0,1,0.9340277
0,1,0.93185955
0,1,0.93486387
0,1,0.92196375
0,1,0.9101352
0,1,0.9223457
0,1,0.9032246
0,1,0.9278855
0,1,0.93367255
0,1,0.931676
0,1,0.93195695
0,1,0.9346287
0,1,0.93550617
0,1,0.93621165
0,1,0.9353198
0,1,0.9338971
0,1,0.936169
0,1,0.65674657
0,1,0.5369587
0,0,0.37223324
0,0,0.22796991
0,0,0.09298637
0,0,0.10361234
0,0,0.11310932
0,0,0.120453514
0,0,0.11580012
0,0,0.103162125
0,0,0.10040667
0,0,0.10523459
0,0,0.12272557
0,0,0.13493095
0,0,0.14628178
0,0,0.13882807
0,0,0.12651694
0,0,0.13556395
0,0,0.15349804
0,0,0.17033784
0,0,0.1715823
0,0,0.1704314
0,0,0.17429976
0,0,0.18588024
0,0,0.19467019
0,0,0.18610267
0,0,0.16980241
0,0,0.16166537
0,0,0.16737275
0,0,0.18897787
0,0,0.23178193
0,0,0.25534156
0,0,0.26853955
0,0,0.2286302
0,0,0.20477784
0,0,0.17539006
0,0,0.15609755
0,0,0.16307433
0,0,0.17989485
0,0,0.18095845
0,0,0.1735508
0,0,0.1616698
0,0,0.15420264
0,0,0.16816342
0,0,0.18390186
0,0,0.1937917
0,0,0.19025825
0,0,0.18213335
0,0,0.17367925
0,0,0.15522169
0,0,0.1464145
0,0,0.15572809
0,0,0.18733905
0,0,0.22364166
0,0,0.22961642
0,0,0.2448523
0,0,0.2280482
0,0,0.20969586
0,0,0.20857882
0,0,0.19243863
0,0,0.19577087
0,0,0.1968298
0,0,0.20073482
0,0,0.19768693
0,0,0.19029263
0,0,0.19272542
0,0,0.21925823
0,0,0.23341422
0,0,0.21729518
0,0,0.18643624
0,0,0.16544038
0,0,0.15532623
0,0,0.1541462
0,0,0.16432415
0,0,0.17206085
0,0,0.17619215
0,0,0.17627217
0,0,0.17366064
0,0,0.17635816
0,0,0.18276818
0,0,0.18439387
0,0,0.18045533
0,0,0.16721201
0,0,0.16349906
0,0,0.16167843
0,0,0.16666907
0,0,0.17408496
0,0,0.18522963
0,0,0.18540537
0,0,0.18788314
0,0,0.186573
0,0,0.18930407
0,0,0.19294949
0,0,0.20097809
0,0,0.20921549
0,0,0.20974624
0,0,0.20692123
0,0,0.20359708
0,0,0.2000328
0,0,0.19332808
0,0,0.1993063
1,1,0.607379
1,1,0.6451506
1,1,0.6796165
1,1,0.7705792
1,1,0.6830024
1,1,0.69294685
1,1,0.6359888
1,1,0.60187477
1,1,0.6751499
1,1,0.6502561
1,1,0.6707264
1,1,0.7154684
1,1,0.7202774
1,1,0.65532076
1,1,0.6372577
1,1,0.688246
1,1,0.7066399
1,1,0.6763236
1,1,0.7100048
1,1,0.72627366
1,1,0.6466193
1,1,0.7233357
1,1,0.7350772
1,1,0.70214415
1,1,0.64544845
1,1,0.5964619
1,1,0.5029852
1,1,0.56749606
1,1,0.63004357
1,1,0.5962297
1,1,0.5309803
1,1,0.5651452
1,1,0.59100306
0,1,0.5680488
0,1,0.6499761
0,1,0.629268
0,1,0.6098601
0,1,0.62889636
0,1,0.6303804
0,1,0.7602055
0,1,0.75948465
0,1,0.6664372
0,1,0.6963939
0,1,0.6909305
0,1,0.77027977
0,1,0.68539804
0,1,0.68576294
0,1,0.6928399
0,1,0.68866897
0,1,0.71215254
0,1,0.73710763
0,1,0.7393118
0,1,0.7187544
0,1,0.63396597
0,1,0.6674395
0,0,0.49063346
0,0,0.37176058
0,0,0.31242275
0,0,0.24814864
0,0,0.22769055
0,0,0.21377192
0,0,0.21040352
0,0,0.20700197
0,0,0.2044039
0,0,0.19986324
0,0,0.20070992
0,0,0.20512216
0,0,0.21233809
0,0,0.21694817
0,0,0.21376884
0,0,0.20964368
0,0,0.20927018
0,0,0.20854388
0,0,0.21477108
0,0,0.23161483
0,0,0.23949783
0,0,0.23542868
0,0,0.2259368
0,0,0.2067619
0,0,0.1938461
0,0,0.1984056
0,0,0.21285522
0,0,0.24226241
0,0,0.2527367
1,0,0.47474766
1,1,0.5272311
1,1,0.71848977
1,1,0.76085883
1,1,0.7755095
1,1,0.78586704
1,1,0.70243406
1,1,0.66203374
1,1,0.7392009
1,1,0.80258375
1,1,0.83695304
1,1,0.85568976
1,1,0.7953487
1,1,0.70788395
1,1,0.70941085
1,1,0.67382365
1,1,0.75295985
1,1,0.7391158
1,1,0.7567858
1,1,0.79811555
1,1,0.7774142
1,1,0.78518486
0,1,0.5456879
0,0,0.37067133
0,0,0.29012188
0,0,0.24312301
0,0,0.24180387
0,0,0.23037834
0,0,0.22345662
0,0,0.22050323
0,0,0.21662644
0,0,0.21360926
0,0,0.21580882
0,0,0.21581206
0,0,0.21370275
0,0,0.21207893
0,0,0.20888211
0,0,0.20893866
0,0,0.2107283
0,0,0.21174565
0,0,0.21122243
0,0,0.20728727
0,0,0.20764859
0,0,0.21286504
0,0,0.22187832
0,0,0.23119502
0,0,0.23600613
0,0,0.23790233
0,0,0.23719017
0,0,0.2355221
0,0,0.22306527
0,0,0.21017396
0,0,0.20207986
0,0,0.1959134
0,0,0.18912426
0,0,0.1858235
0,0,0.19366865
0,0,0.2020262
0,0,0.20656167
0,0,0.21090493
0,0,0.21076956
0,0,0.20771274
0,0,0.20403975
0,0,0.19440997
0,0,0.20374328
0,0,0.22168745
0,0,0.22774293
0,0,0.23015565
0,0,0.21644282
0,0,0.2109076
0,0,0.22125246
0,0,0.22968347
0,0,0.22822751
0,0,0.22492549
0,0,0.23153076
0,0,0.20652074
0,0,0.20233999
0,0,0.38019773
0,0,0.34111038
0,0,0.32039517
0,0,0.23470621
0,0,0.22472212
0,0,0.2335792
0,0,0.23950517
0,0,0.23945418
0,0,0.23674282
0,0,0.23797525
0,0,0.23451951
0,0,0.21499589
0,0,0.19292207
0,0,0.1801421
0,0,0.17972797
0,0,0.18000376
0,0,0.18102033
0,0,0.18187718
0,0,0.1830417
0,0,0.1876579
0,0,0.1969947
0,0,0.20516568
0,0,0.19737525
0,0,0.17969276
0,0,0.16737625
0,0,0.15863955
0,0,0.15972538
0,0,0.16990672
0,0,0.1774354
0,0,0.18474866
0,0,0.19513221
0,0,0.1986691
0,0,0.188717
0,0,0.17706631
0,0,0.17550634
0,0,0.1742031
0,0,0.18103118
0,0,0.19108124
0,0,0.2017491
0,0,0.21071003
0,0,0.21091883
0,0,0.20893952
0,0,0.20580685
0,0,0.20320372
0,0,0.21007435
0,0,0.21674086
1,1,0.5177468
1,1,0.57377315
1,1,0.58698463
1,1,0.6143053
1,1,0.66159755
1,1,0.6672332
1,1,0.7119713
1,1,0.76130956
1,1,0.7977869
1,1,0.8185144
1,1,0.83638084
1,1,0.8120248
1,1,0.8012587
1,1,0.75987595
1,1,0.6990215
1,1,0.7149665
1,1,0.6599087
1,1,0.6221569
1,1,0.5975298
1,1,0.61319333
1,1,0.64785427
1,1,0.69605964
1,1,0.74823505
1,1,0.7833556
1,1,0.7848736
1,1,0.78608996
1,1,0.79721373
1,1,0.7846907
1,1,0.7152821
1,1,0.6899426
1,1,0.72214323
1,1,0.81202483
1,1,0.85878354
0,1,0.6483069
0,1,0.68143636
0,1,0.64841104
0,1,0.6755477
0,1,0.7108733
0,1,0.63610536
0,1,0.6284318
0,1,0.6007275
0,1,0.6042434
0,1,0.60272706
0,1,0.62676316
0,1,0.65746
0,1,0.6994225
0,1,0.7652594
0,1,0.8050034
0,1,0.8353388
0,1,0.81196964
0,1,0.7970493
0,1,0.80300397
0,1,0.81369066
0,1,0.7769684
0,1,0.7349391
0,1,0.53723216
0,0,0.42815498
0,0,0.36540288
0,0,0.27625385
0,0,0.24096292
0,0,0.23983581
0,0,0.23175263
0,0,0.23000188
0,0,0.21964346
0,0,0.22784862
0,0,0.24120273
0,0,0.19560368
0,0,0.192938
0,0,0.21391064
0,0,0.21875827
0,0,0.1996452
0,0,0.19796169
0,0,0.22349855
0,0,0.25017077
0,0,0.24004564
0,0,0.23134403
0,0,0.23778625
0,0,0.23005249
0,0,0.20978251
0,0,0.21196045
0,0,0.23901671
0,0,0.2591292
0,0,0.2624043
0,0,0.2630658
1,1,0.6567175
1,1,0.7224094
1,1,0.76069623
1,1,0.7762232
1,1,0.7738245
1,1,0.79238516
1,1,0.7895672
1,1,0.7821979
1,1,0.7870192
1,1,0.7738892
1,1,0.7666193
1,1,0.7174618
1,1,0.70496404
1,1,0.79304296
1,1,0.78844446
1,1,0.78682125
1,1,0.85231465
1,1,0.8037155
1,1,0.730543
1,1,0.78698313
1,1,0.7607728
1,1,0.80717003
0,1,0.5454696
0,0,0.39937043
0,0,0.27819726
0,0,0.22437689
0,0,0.20112827
0,0,0.20549993
0,0,0.22543873
0,0,0.22032113
0,0,0.20016761
0,0,0.19445044
0,0,0.21295188
0,0,0.23318051
0,0,0.22945373
0,0,0.21693854
0,0,0.22204265
0,0,0.22875725
0,0,0.22795844
0,0,0.22587349
0,0,0.22329077
0,0,0.22766267
0,0,0.23293786
0,0,0.23853216
0,0,0.23774557
0,0,0.23547898
0,0,0.2316825
0,0,0.22293858
0,0,0.20949596
0,0,0.19891998
0,0,0.19032699
0,0,0.18703851
0,0,0.18642317
0,0,0.18605888
0,0,0.18959266
0,0,0.20402758
0,0,0.21857108
0,0,0.22569397
0,0,0.22614041
0,0,0.21796457
0,0,0.20628144
0,0,0.20772325
0,0,0.21473853
0,0,0.19221716
0,0,0.18544568
0,0,0.19760345
0,0,0.21255678
0,0,0.22217473
0,0,0.22477794
0,0,0.22191414
0,0,0.21964908
0,0,0.2231462
0,0,0.23016734
0,0,0.22761777
0,0,0.22522059
0,0,0.21388954
0,0,0.18969423
0,0,0.28738394
0,0,0.21048567
0,0,0.16237506
0,0,0.12869832
0,0,0.11201869
0,0,0.11635167
0,0,0.123422876
0,0,0.12607817
0,0,0.12299702
0,0,0.1215076
0,0,0.122795485
0,0,0.12606113
0,0,0.12823309
0,0,0.13077816
0,0,0.12238601
0,0,0.11031308
0,0,0.109273165
0,0,0.106192805
0,0,0.10935313
0,0,0.1117274
0,0,0.111180305
0,0,0.10882061
0,0,0.10805896
0,0,0.109491155
0,0,0.104907595
0,0,0.1047601
0,0,0.10561131
0,0,0.104105026
0,0,0.1063379
0,0,0.10526815
0,0,0.10483011
0,0,0.105747856
0,0,0.10677565
0,0,0.104503095
0,0,0.101688296
0,0,0.10208832
0,0,0.1006961
0,0,0.10093434
0,0,0.101792045
0,0,0.09986869
0,0,0.096852675
0,0,0.095167205
0,0,0.09686507
0,0,0.10200892
0,0,0.10267359
0,0,0.10077846
1,0,0.29711026
1,0,0.4042788
1,0,0.49857867
1,1,0.65772516
1,1,0.66751325
1,1,0.61631954
1,1,0.6027897
1,1,0.56674194
1,1,0.6208605
1,1,0.64243037
1,1,0.54786897
1,1,0.593536
1,1,0.73870283
1,1,0.7934407
1,1,0.8014977
1,1,0.8281647
1,1,0.7933259
1,1,0.81385386
1,1,0.8128172
1,1,0.82920617
1,1,0.87259644
1,1,0.85912514
1,1,0.8573505
1,1,0.86922985
1,1,0.84593296
1,1,0.8290368
1,1,0.8593532
1,1,0.84657174
1,1,0.824037
1,1,0.8291267
1,1,0.8271948
1,1,0.83128166
1,1,0.82786447
1,1,0.78068244
1,1,0.76533073
1,1,0.5644841
1,0,0.46984982
1,0,0.46814427
1,0,0.45555568
1,0,0.4305497
1,0,0.40472728
1,0,0.42738175
1,0,0.44103763
1,0,0.43119168
0,1,0.75836796
0,1,0.77333724
0,1,0.7622744
0,1,0.7389384
0,1,0.7285992
0,1,0.7010523
0,1,0.6896253
0,1,0.6956931
0,1,0.74499124
0,1,0.65909904
0,0,0.48885274
0,0,0.27073133
0,0,0.1626169
0,0,0.13640098
0,0,0.12514253
0,0,0.113730654
0,0,0.12003681
0,0,0.12526715
0,0,0.12716883
0,0,0.12625308
0,0,0.12680121
0,0,0.12679026
0,0,0.12789984
0,0,0.12859705
0,0,0.12729885
0,0,0.12700333
0,0,0.12559716
0,0,0.124996245
0,0,0.12522599
0,0,0.12459991
0,0,0.1241025
0,0,0.12315677
0,0,0.12484114
0,0,0.12564269
0,0,0.12912105
0,0,0.13199154
0,0,0.12983078
0,0,0.13063231
0,0,0.12886856
0,0,0.1279368
1,0,0.38193247
1,0,0.46098435
1,1,0.5414549
1,1,0.6143375
1,1,0.5928708
1,1,0.6197797
1,1,0.65099263
1,1,0.6657998
1,1,0.6246079
1,1,0.6625565
1,1,0.7383076
1,1,0.7211718
1,1,0.73504525
1,1,0.7966309
1,1,0.7604353
1,1,0.72841054
1,1,0.7416396
1,1,0.7231901
1,1,0.7351615
1,1,0.7376738
1,1,0.7180965
1,1,0.7372418
1,0,0.4441587
1,0,0.26542252
1,0,0.16849719
1,0,0.12631719
1,0,0.112453
1,0,0.11033332
1,0,0.1096442
1,0,0.1086536
1,0,0.10709273
1,0,0.105017446
1,0,0.10595881
1,0,0.10833603
1,0,0.10411964
1,0,0.102913216
1,0,0.1122586
1,0,0.13186273
1,0,0.13507284
1,0,0.14514254
1,0,0.13841467
1,0,0.11699825
1,0,0.110498875
1,0,0.109656535
1,0,0.10588024
1,0,0.10416201
1,0,0.10388285
1,0,0.10360926
1,0,0.10207807
1,0,0.10141404
1,0,0.10188023
1,0,0.10133874
1,0,0.101829626
1,0,0.10111215
1,0,0.09862824
1,0,0.09754106
1,0,0.09468892
1,0,0.09330592
1,0,0.09438969
1,0,0.095809415
1,0,0.09643181
1,0,0.097188674
1,0,0.098137185
1,0,0.09811944
1,0,0.09739443
1,0,0.09661759
1,0,0.09594555
1,0,0.095508
1,0,0.0953969
1,0,0.09399636
1,0,0.09245424
1,0,0.09369088
1,0,0.09608123
1,0,0.096993335
1,0,0.09673173
1,0,0.096136265
1,0,0.09677342
0,0,0.21057573
0,0,0.20145464
0,0,0.19084153
0,0,0.2296193
0,0,0.33066115
0,0,0.32234794
0,0,0.3107169
0,0,0.32401374
0,0,0.3150993
0,0,0.30864507
0,0,0.31986395
1,0,0.3309512
1,0,0.28627244
1,0,0.22972262
1,0,0.1982926
1,0,0.1842397
1,0,0.20490047
1,0,0.21343768
1,0,0.22139056
1,0,0.22918448
1,0,0.22843923
1,0,0.22353087
1,0,0.21848676
1,0,0.2107031
1,0,0.20892541
1,0,0.22221836
1,0,0.22543639
1,0,0.21361718
1,0,0.20610006
1,0,0.20141295
1,0,0.20592839
1,0,0.2115759
1,0,0.22473373
1,0,0.23865798
1,0,0.23759112
1,0,0.23369777
1,0,0.23036543
1,0,0.22269502
1,0,0.21729751
1,0,0.21905826
1,0,0.22238083
1,0,0.22067516
1,0,0.22182955
1,0,0.22025388
1,0,0.22897273
1,0,0.23479682
1,1,0.8823853
1,1,0.94033223
1,1,0.96843195
1,1,0.97991186
1,1,0.9825776
1,1,0.98316056
1,1,0.982414
1,1,0.9832712
1,1,0.9797432
1,1,0.97684115
1,1,0.97444123
1,1,0.9777434
1,1,0.9800878
1,1,0.9818558
1,1,0.9827953
1,1,0.98202676
1,1,0.97939134
1,1,0.98361695
1,1,0.9763558
1,1,0.9713425
1,1,0.9769345
1,1,0.97343224
1,1,0.97611153
1,1,0.97582144
1,1,0.977852
1,1,0.9762021
1,1,0.9748847
1,1,0.9716831
1,1,0.9643561
1,1,0.97263116
1,1,0.9766623
1,1,0.97528183
1,1,0.95315385
1,1,0.9739899
1,1,0.9659258
1,1,0.971902
1,1,0.97708
1,1,0.9741887
1,1,0.97529185
1,1,0.9764973
1,1,0.97691035
1,1,0.97812134
1,1,0.97816193
1,1,0.97675306
1,1,0.98011416
1,1,0.9814206
1,1,0.9814674
1,1,0.9828956
1,1,0.9817624
1,1,0.9808639
1,1,0.9802965
1,1,0.9762557
1,1,0.9760148
1,1,0.9759631
1,1,0.9745929
1,1,0.8236533
1,1,0.6560326
1,0,0.4903207
1,0,0.39194608
1,0,0.4004749
1,0,0.40096658
1,0,0.3918975
1,0,0.36486682
1,0,0.33045056
1,0,0.33125594
1,0,0.33056927
1,0,0.32929656
1,0,0.32889074
1,0,0.35113534
1,0,0.3766553
1,0,0.37847903
1,0,0.3613263
1,0,0.33534262
1,0,0.31471893
1,0,0.3025569
1,0,0.3094636
1,0,0.31724352
1,0,0.3258376
1,0,0.32867256
1,0,0.3056305
1,0,0.27672306
1,0,0.2541501
1,0,0.24729213
1,0,0.26372534
1,1,0.9603228
1,1,0.97387874
1,1,0.9781083
1,1,0.9820847
1,1,0.9830414
1,1,0.9832849
1,1,0.98399216
1,1,0.9826766
1,1,0.98286253
1,1,0.9808014
1,1,0.9821003
1,1,0.9822373
1,1,0.98198044
1,1,0.98120636
1,1,0.97663194
1,1,0.9768275
1,1,0.97774976
1,1,0.9794429
1,1,0.9789007
1,1,0.9787217
1,1,0.9778627
1,1,0.976408
1,1,0.66422045
1,1,0.5318247
1,0,0.40658766
1,0,0.35354447
1,0,0.34899557
1,0,0.3409017
1,0,0.34975472
1,0,0.35847154
1,0,0.36200076
1,0,0.3726371
1,0,0.37099043
1,0,0.36256754
1,0,0.36876306
1,0,0.38074696
1,0,0.3875136
1,0,0.379755
1,0,0.3595904
1,0,0.33610705
1,0,0.31688565
1,0,0.31277168
1,0,0.31699488
1,0,0.31900728
1,0,0.31947327
1,0,0.31139293
1,0,0.30661032
1,0,0.31566256
1,0,0.34015653
1,0,0.37759262
1,0,0.38470194
1,0,0.38247904
1,0,0.39245304
1,0,0.3978787
1,0,0.40526187
0,0,0.41344857
0,0,0.4107064
0,0,0.38715118
0,0,0.3844956
0,0,0.37293437
0,0,0.38594368
0,0,0.38896465
0,0,0.37453493
0,0,0.36124423
0,0,0.3400078
0,0,0.31891808
0,0,0.31526992
0,0,0.3093016
0,0,0.29797366
0,0,0.29934698
0,0,0.31504753
0,0,0.3229781
0,0,0.31010228
0,0,0.29684204
0,0,0.28858986
0,0,0.27504554
0,0,0.25218493
0,0,0.323276
0,0,0.36381158
0,0,0.34670496
0,0,0.34094518
0,0,0.32298014
0,0,0.3174747
0,0,0.30977336
0,0,0.3189646
0,0,0.32957363
0,0,0.32353616
0,0,0.32409668
0,0,0.36729762
0,0,0.37895152
0,0,0.35239452
0,0,0.34625468
0,0,0.32575735
0,0,0.31126663
0,0,0.29143888
0,0,0.27418026
0,0,0.28251758
0,0,0.29292968
0,0,0.2985916
0,0,0.3306627
0,0,0.36140826
0,0,0.3647898
0,0,0.3443613
0,0,0.33504188
0,0,0.3393504
0,0,0.34767956
0,0,0.34989786
0,0,0.35911375
0,0,0.36458138
0,0,0.38271564
0,0,0.38244915
0,0,0.36464894
0,0,0.36786324
0,0,0.3753267
0,0,0.38045213
0,0,0.3954865
0,0,0.40596068
0,0,0.39788973
0,0,0.3778371
0,0,0.37554204
0,0,0.38133883
0,0,0.38181743
0,0,0.40631163
1,0,0.38776207
1,0,0.36174056
1,0,0.34570512
1,0,0.36303127
1,0,0.35274905
1,0,0.33604693
1,0,0.3432266
1,0,0.36138836
1,0,0.39870414
1,0,0.39095852
1,0,0.37844157
1,0,0.4085927
1,0,0.41269818
1,0,0.39432043
1,0,0.37164217
1,0,0.36566663
1,0,0.34489483
1,0,0.32601643
1,0,0.31607845
1,0,0.3089875
1,0,0.30617863
1,0,0.30945045
0,0,0.31648308
0,0,0.3217844
0,0,0.32557645
0,0,0.29662552
0,0,0.2657729
0,0,0.26209742
0,0,0.26352894
0,0,0.26962763
0,0,0.2743875
0,0,0.284541
0,0,0.31122494
1,0,0.3178818
1,0,0.3186444
1,0,0.3009181
1,0,0.29034194
1,0,0.27895436
1,0,0.2837412
1,0,0.2902689
1,0,0.28678733
1,0,0.28197968
1,0,0.2768773
1,0,0.27495506
0,0,0.2795604
0,0,0.28545097
0,0,0.2824161
0,0,0.2764331
0,0,0.26499653
0,0,0.26086286
0,0,0.2535227
0,0,0.24715394
0,0,0.2598545
0,0,0.27852446
0,0,0.29170474
0,0,0.31237924
0,0,0.32243028
0,0,0.29709968
0,0,0.2743649
0,0,0.2725496
0,0,0.2769218
0,0,0.2843462
0,0,0.29018384
0,0,0.29715896
0,0,0.29611573
0,0,0.29289272
0,0,0.28788847
0,0,0.28055024
0,0,0.2783596
0,0,0.27978787
0,0,0.2769831
0,0,0.27313823
0,0,0.27055898
0,0,0.27212214
0,0,0.27066854
0,0,0.26967466
0,0,0.28187194
0,0,0.29127693
0,0,0.29094648
0,0,0.29202417
0,0,0.29175016
0,0,0.2916056
0,0,0.2955202
0,0,0.3027395
0,0,0.30159953
0,0,0.29840755
0,0,0.29018104
0,0,0.28954893
0,0,0.29729378
0,0,0.3120846
0,0,0.32446826
0,0,0.3352609
0,0,0.34439397
0,0,0.33426082
0,0,0.32848713
1,0,0.32775193
1,0,0.32588446
1,0,0.32847753
1,0,0.33955592
1,0,0.3608904
1,0,0.35641217
1,0,0.34461012
1,0,0.3441814
1,0,0.3293913
1,0,0.29463175
1,0,0.27885032
0,0,0.26772395
0,0,0.25192788
0,0,0.2547852
0,0,0.26725742
0,0,0.2722289
0,0,0.2808978
0,0,0.3097869
0,0,0.31487775
0,0,0.30771372
0,0,0.30875584
0,0,0.31164882
0,0,0.30051824
0,0,0.29712632
0,0,0.30377427
0,0,0.3181439
0,0,0.3269997
0,0,0.33327818
0,0,0.34485787
0,0,0.3464401
0,0,0.3333353
0,0,0.3279956
0,0,0.3328942
0,0,0.32394645
0,0,0.32095015
0,0,0.33290496
0,0,0.34526905
0,0,0.33844042
0,0,0.32158583
0,0,0.3185029
0,0,0.32391718
0,0,0.33024934
0,0,0.33014417
0,0,0.33480445
1,0,0.33413255
1,0,0.3343171
1,0,0.31877223
1,0,0.30091783
1,0,0.31261194
1,0,0.31692463
1,0,0.33339295
1,0,0.357217
1,0,0.36292124
1,0,0.4075952
1,0,0.40740266
1,0,0.36775246
1,0,0.33183554
1,0,0.3390272
1,0,0.3468353
1,0,0.3417456
1,0,0.3423372
1,0,0.34014016
1,0,0.33695808
1,0,0.34901044
1,0,0.3477256
1,0,0.34616044
0,0,0.13588284
0,0,0.107465975
0,0,0.09773861
0,0,0.072861284
0,0,0.107538216
0,0,0.12074551
0,0,0.13578296
0,0,0.15188533
0,0,0.14800988
0,0,0.13285075
0,0,0.11927856
1,0,0.10544933
1,0,0.108406894
1,0,0.12336852
1,0,0.14144501
1,0,0.15546659
1,0,0.16146955
1,0,0.16782407
1,0,0.17018308
1,0,0.16771561
1,0,0.1621178
1,0,0.15963635
1,0,0.15732959
1,0,0.16004041
1,0,0.1614931
1,0,0.15975073
1,0,0.15996423
1,0,0.15981066
1,0,0.15732218
1,0,0.15621488
1,0,0.15595715
1,0,0.15320364
1,0,0.1499148
1,0,0.14612561
1,0,0.14478329
1,0,0.14684619
1,0,0.14805892
1,0,0.14594683
1,0,0.14429946
1,0,0.14315392
1,0,0.1479066
1,0,0.14810209
1,0,0.14064787
1,0,0.13592812
1,0,0.13366717
1,0,0.13393281
1,0,0.31604353
1,0,0.3540957
1,0,0.39825696
1,0,0.4032653
1,0,0.37320378
1,0,0.36285484
1,0,0.359537
1,0,0.4209865
1,0,0.43087348
1,0,0.4573688
1,0,0.4384847
1,0,0.41418245
1,0,0.3718795
1,0,0.22094841
1,0,0.18215649
1,0,0.17968597
1,0,0.2088281
1,0,0.23458873
1,0,0.26762745
1,0,0.29931653
1,0,0.37829596
1,0,0.4221586
0,0,0.46977675
0,0,0.40512362
0,0,0.38562733
0,0,0.3890221
0,0,0.3637372
0,0,0.36234248
0,0,0.39590314
0,0,0.4016607
0,0,0.26638505
0,0,0.23487705
0,0,0.31575665
1,0,0.41700596
1,0,0.3794499
1,0,0.46336755
1,0,0.4749496
1,0,0.43723497
1,0,0.43368632
1,0,0.38610634
1,0,0.3196198
1,0,0.32109466
1,0,0.2981094
1,0,0.29044244
1,0,0.2898389
1,0,0.23766561
1,0,0.27985352
1,0,0.42233047
1,0,0.47947788
1,0,0.4710681
1,0,0.39254886
1,0,0.2743157
1,0,0.3370324
1,0,0.3902374
1,0,0.40103006
0,0,0.23259713
0,0,0.14159198
0,0,0.10035411
0,0,0.10239767
0,0,0.12166674
0,0,0.12929387
0,0,0.12773481
0,0,0.12665422
0,0,0.12364498
0,0,0.119212285
0,0,0.1160202
0,0,0.11330538
0,0,0.11357875
0,0,0.11931598
0,0,0.11896893
0,0,0.116663165
0,0,0.11270949
0,0,0.11375866
0,0,0.1244341
0,0,0.13847852
0,0,0.13652995
0,0,0.133466
0,0,0.1308716
0,0,0.12893803
0,0,0.12616864
0,0,0.12300188
0,0,0.120730855
0,0,0.12227671
0,0,0.12686394
1,0,0.2649815
1,0,0.32934815
1,0,0.35569847
1,0,0.3621962
1,0,0.39905497
1,0,0.42636254
1,0,0.41562316
1,0,0.43641728
1,0,0.42382208
1,0,0.41821542
1,0,0.46160495
1,0,0.27266467
1,0,0.24606128
1,0,0.19290853
1,0,0.17912398
1,0,0.26806268
1,0,0.32469672
1,0,0.3722727
1,0,0.39108822
1,0,0.3134201
1,0,0.31047496
1,0,0.33803347
1,0,0.19745299
1,0,0.1673442
1,0,0.15848158
1,0,0.123742156
1,0,0.13026293
1,0,0.13406211
1,0,0.14234796
1,0,0.14798309
1,0,0.14850196
1,0,0.14548467
1,0,0.13816497
1,0,0.13270086
1,0,0.13064456
1,0,0.12394302
1,0,0.12136449
1,0,0.12439356
1,0,0.1223728
1,0,0.12057174
1,0,0.1261294
1,0,0.1285805
1,0,0.13007623
1,0,0.13191265
1,0,0.13034327
1,0,0.12828094
1,0,0.12810728
1,0,0.13038842
1,0,0.13064781
1,0,0.1305818
1,0,0.13192825
1,0,0.13051394
1,0,0.12714031
1,0,0.12261046
1,0,0.12298086
1,0,0.13040785
1,0,0.1329992
1,0,0.13321152
1,0,0.13109174
1,0,0.13896045
1,0,0.14674067
1,0,0.14367154
1,0,0.13429174
1,0,0.12879646
1,0,0.12927395
1,0,0.13184468
1,0,0.13287053
1,0,0.13242556
1,0,0.12937942
1,0,0.12346599
1,0,0.113760136
1,0,0.1027179
1,0,0.10364997
1,0,0.11158501
1,0,0.11284943
1,0,0.109136514
1,0,0.10704596
0,0,0.24233836
0,0,0.2576168
0,0,0.30267006
0,0,0.24898219
0,0,0.18830504
0,0,0.2028235
0,0,0.2644023
0,0,0.29873326
0,0,0.3126096
0,0,0.33135626
0,0,0.38741347
0,0,0.42224494
0,0,0.4256252
0,0,0.40103754
0,0,0.4265285
0,0,0.45072374
0,0,0.44541088
0,0,0.42547774
0,0,0.4372351
0,0,0.44063872
0,0,0.42921048
0,0,0.4225932
0,0,0.3969797
0,0,0.3839134
0,0,0.36179632
0,0,0.35656843
0,0,0.36804387
0,0,0.37856427
0,0,0.38701257
0,0,0.4185526
0,0,0.43163544
0,0,0.4165947
0,0,0.40097293
0,0,0.3667628
0,0,0.32478505
0,0,0.28778878
0,0,0.28307086
0,0,0.2696442
0,0,0.26681
0,0,0.30672723
0,0,0.35515818
0,0,0.38935813
0,0,0.41159156
0,0,0.4118376
0,0,0.39832225
0,0,0.37318245
0,0,0.34524018
0,0,0.34685436
0,0,0.31453395
0,0,0.23075119
0,0,0.16021371
0,0,0.16995068
0,0,0.23810661
0,0,0.29009676
0,0,0.32054678
0,0,0.371139
0,0,0.42527118
0,0,0.39802483
0,0,0.33061597
0,0,0.31506714
0,0,0.22772828
0,0,0.13604243
0,0,0.12932819
0,0,0.13479556
0,0,0.13730274
0,0,0.13882914
0,0,0.13411039
0,0,0.13380057
0,0,0.153524
0,0,0.16718076
0,0,0.1962268
0,0,0.20575391
0,0,0.27120098
0,0,0.30087233
0,0,0.35300028
0,0,0.3651839
0,0,0.41650972
0,0,0.34574264
0,0,0.24494986
0,0,0.2243545
0,0,0.22737648
0,0,0.24066189
0,0,0.2721863
0,0,0.3624817
0,0,0.38711312
0,0,0.43051973
0,0,0.46855807
0,0,0.48306867
0,0,0.46164846
0,0,0.4026132
1,0,0.3258167
1,0,0.3095398
1,0,0.33758947
1,0,0.33431274
1,0,0.34393477
1,0,0.4159693
1,0,0.4658431
1,0,0.46611604
1,0,0.43162936
1,0,0.38388464
1,0,0.34920993
0,0,0.37553108
0,0,0.4254459
0,0,0.45517507
0,0,0.48117876
0,0,0.49766794
0,0,0.47358698
0,0,0.41787586
0,0,0.38749912
0,0,0.35065517
0,0,0.32912543
0,0,0.3357031
0,0,0.31872135
0,0,0.24188529
0,0,0.21261083
0,0,0.24922778
0,0,0.28308204
0,0,0.3213773
0,0,0.34106517
0,0,0.34417996
0,0,0.4022951
0,0,0.4527712
0,0,0.47676387
0,0,0.48133132
0,0,0.48928308
0,0,0.4988346
0,0,0.47965494
0,0,0.46821824
0,0,0.47077155
0,0,0.49834758
0,0,0.48371503
0,0,0.478401
0,0,0.4076146
0,0,0.42670584
0,0,0.38715994
0,0,0.35204285
0,0,0.36282232
0,0,0.40513158
0,0,0.37815976
0,0,0.32719526
0,0,0.2556173
0,0,0.23420934
0,0,0.19059055
0,0,0.16358355
0,0,0.1511761
0,0,0.13755468
0,0,0.14199002
0,0,0.15912881
0,0,0.17455173
0,0,0.18302761
0,0,0.18849257
0,0,0.18099177
0,0,0.17955929
0,0,0.18276651
0,0,0.21301483
0,0,0.25537682
0,0,0.30173877
0,0,0.3300704
0,0,0.330551
0,0,0.36255312
0,0,0.3778155
0,0,0.3828507
0,0,0.36708376
0,0,0.354014
0,0,0.35321382
0,0,0.33092397
0,0,0.3371858
0,0,0.3593725
0,0,0.39981067
0,0,0.4206305
0,0,0.42853087
0,0,0.42407084
0,0,0.4100135
0,0,0.39177686
0,0,0.39684936
0,0,0.38225162
0,0,0.34181076
0,0,0.3599348
0,0,0.3514418
0,0,0.3157461
0,0,0.32345495
0,0,0.33522728
0,0,0.34663013
0,0,0.37266147
0,0,0.38364056
0,0,0.3918929
0,0,0.40489042
0,0,0.39446655
0,0,0.36539128
0,0,0.36509374
0,0,0.37328467
0,0,0.39202154
0,0,0.40856552
0,0,0.42035496
0,0,0.41899952
0,0,0.4193511
0,0,0.42465886
0,0,0.41078794
0,0,0.386536
0,0,0.373843
0,0,0.33356386
0,0,0.3289037
0,0,0.33900627
0,0,0.35291633
0,0,0.36966646
0,0,0.38196087
0,0,0.35044876
0,0,0.20729074
0,0,0.22225393
0,0,0.232063
0,0,0.23777482
0,0,0.22221524
0,0,0.22743976
0,0,0.23047036
0,0,0.2322911
0,0,0.23281647
0,0,0.22593413
0,0,0.21549699
0,0,0.21298076
0,0,0.21322457
0,0,0.21515547
0,0,0.22226502
0,0,0.2196234
0,0,0.21896473
0,0,0.21970761
0,0,0.2220327
0,0,0.22174555
0,0,0.2184002
0,0,0.21308419
0,0,0.20716879
0,0,0.20162316
0,0,0.19686168
0,0,0.19207041
0,0,0.18754154
0,0,0.18637542
0,0,0.18515015
0,0,0.185684
0,0,0.18825856
0,0,0.18904561
0,0,0.1876061
0,0,0.18296535
0,0,0.17768408
0,0,0.17952663
0,0,0.18934244
0,0,0.19832966
0,0,0.20311332
0,0,0.20546837
0,0,0.20596169
0,0,0.20407706
0,0,0.19840313
0,0,0.1917619
0,0,0.19047754
0,0,0.19083653
1,0,0.44389224
1,1,0.5759475
1,1,0.636692
1,1,0.70550156
1,1,0.6896815
1,1,0.6984764
1,1,0.7126176
1,1,0.7006899
1,1,0.72712857
1,1,0.6908256
1,1,0.62799406
1,1,0.692577
1,1,0.643149
1,1,0.70183766
1,1,0.7197959
1,1,0.7310023
1,1,0.7430522
1,1,0.7164966
1,1,0.6967941
1,1,0.70638865
1,1,0.7029382
1,1,0.68064487
1,1,0.74453676
1,1,0.7383601
1,1,0.6731059
1,1,0.6677222
1,1,0.65099055
1,1,0.6713515
1,1,0.68819934
1,1,0.72517407
1,1,0.73325056
1,1,0.6681386
1,1,0.62851644
1,1,0.7243947
1,1,0.75337875
1,1,0.77454054
1,1,0.7520506
1,1,0.74521744
1,1,0.71634144
1,1,0.67703277
1,1,0.6885613
1,1,0.7334846
1,1,0.7323303
1,1,0.73719364
1,1,0.7637702
1,1,0.7201395
1,1,0.7274367
1,1,0.7025785
1,1,0.6162861
1,1,0.65855634
1,1,0.7021597
1,1,0.72593904
1,1,0.6859249
1,1,0.6989074
1,1,0.7086044
0,0,0.46420807
0,0,0.37443802
0,0,0.27082172
0,0,0.19046563
0,0,0.18380022
0,0,0.18370381
0,0,0.18540925
0,0,0.18677591
0,0,0.18500975
0,0,0.18013366
0,0,0.17347993
0,0,0.16797267
0,0,0.16413356
0,0,0.16111246
0,0,0.15825862
0,0,0.15964769
0,0,0.16686606
0,0,0.17341766
0,0,0.17616862
0,0,0.17648882
0,0,0.18064356
0,0,0.185615
0,0,0.18754542
0,0,0.18852273
0,0,0.18722752
0,0,0.18171737
0,0,0.17548157
0,0,0.16890499
0,0,0.16045597
1,0,0.47779432
1,1,0.53542775
1,1,0.6194537
1,1,0.6779735
1,1,0.68256795
1,1,0.6938025
1,1,0.6740985
1,1,0.642544
1,1,0.67813736
1,1,0.60771084
1,1,0.7066222
1,1,0.7007658
1,1,0.7053569
1,1,0.7033769
1,1,0.69663274
1,1,0.63432014
1,1,0.6764713
1,1,0.66994804
1,1,0.6353247
1,1,0.6392986
1,1,0.5855824
1,1,0.57003045
1,0,0.3972376
1,0,0.30152488
1,0,0.24635915
1,0,0.21763924
1,0,0.21937887
1,0,0.2208315
1,0,0.22053196
1,0,0.21764413
1,0,0.21532004
1,0,0.21167263
1,0,0.20929098
1,0,0.20496139
1,0,0.19811502
1,0,0.19199292
1,0,0.18952419
1,0,0.1904952
1,0,0.19439037
1,0,0.19793802
1,0,0.19875214
1,0,0.20115642
1,0,0.20547998
1,0,0.20638421
1,0,0.20434889
1,0,0.20534639
1,0,0.20738211
1,0,0.2070529
1,0,0.20386985
1,0,0.19921397
1,0,0.19162913
1,0,0.19191585
1,0,0.19704235
1,0,0.20302083
1,0,0.20833746
0,0,0.2227734
0,0,0.22640361
0,0,0.22696544
0,0,0.22916302
0,0,0.23258474
0,0,0.22547752
0,0,0.22030732
0,0,0.21210665
0,0,0.20525572
0,0,0.20190886
0,0,0.20069954
0,0,0.19923893
0,0,0.1955382
0,0,0.18918972
0,0,0.18259266
0,0,0.1762866
0,0,0.17146942
0,0,0.16769986
0,0,0.16435894
0,0,0.16081747
0,0,0.15615621
0,0,0.15034953
0,0,0.46536627
0,0,0.34920427
0,0,0.3209591
0,0,0.34565866
0,0,0.31378695
0,0,0.32716396
0,0,0.332943
0,0,0.33756995
0,0,0.3680031
0,0,0.39426935
0,0,0.39260346
0,0,0.4507131
0,0,0.42758706
0,0,0.41651267
0,0,0.4146233
0,0,0.40019184
0,0,0.41613105
0,0,0.4070568
0,0,0.4067968
0,0,0.41163263
0,0,0.40688792
0,0,0.4068989
0,0,0.41290343
0,0,0.42776337
0,0,0.43425065
0,0,0.4362119
0,0,0.4403967
0,0,0.43881482
0,0,0.43464842
0,0,0.43432888
0,0,0.43577206
0,0,0.42872465
0,0,0.4340372
0,0,0.447535
0,0,0.44571602
0,0,0.43884268
0,0,0.43563527
0,0,0.4289295
0,0,0.4350028
0,0,0.4458656
0,0,0.45136705
0,0,0.44828266
0,0,0.42931467
0,0,0.41856468
0,0,0.41079637
0,0,0.40517047
0,0,0.45590332
0,0,0.48170757
0,1,0.59572536
0,1,0.7288911
0,1,0.6863844
0,1,0.6621304
0,1,0.69251674
0,1,0.6878273
0,1,0.735109
0,1,0.7870725
0,1,0.7948936
1,1,0.7442983
1,1,0.7907594
1,1,0.77545726
1,1,0.7163756
1,1,0.6945999
1,1,0.7210321
1,1,0.7339348
1,1,0.7305699
1,1,0.69596833
1,1,0.6268899
1,1,0.6452692
1,1,0.6939418
1,1,0.7517831
1,1,0.7538969
1,1,0.7315983
1,1,0.76721126
1,1,0.7355161
1,1,0.6859607
1,1,0.7608749
1,1,0.7542705
1,1,0.7370513
1,1,0.8113054
1,1,0.78930545
1,1,0.74212205
1,1,0.7336904
1,1,0.71838194
1,1,0.7151592
1,1,0.7505141
1,1,0.7047202
1,1,0.6035726
1,1,0.65531874
1,1,0.6554591
1,1,0.7101252
0,1,0.72126305
0,1,0.67315656
0,1,0.606146
0,1,0.6274677
0,1,0.62789124
0,1,0.6002219
0,1,0.6350128
0,1,0.71771187
0,1,0.75750273
0,1,0.7253778
0,1,0.6314614
0,0,0.44766876
0,0,0.27736717
0,0,0.23107529
0,0,0.22044063
0,0,0.2344047
0,0,0.25872913
0,0,0.25621325
0,0,0.25659984
0,0,0.22877535
0,0,0.21068221
0,0,0.19984366
0,0,0.1916378
0,0,0.19119051
0,0,0.1913967
0,0,0.1979278
0,0,0.20365608
0,0,0.19753401
0,0,0.18483943
0,0,0.1662229
0,0,0.1493905
0,0,0.13976169
0,0,0.14131634
0,0,0.13457145
0,0,0.13884911
0,0,0.14119501
0,0,0.1401505
0,0,0.13949914
0,0,0.14708515
0,0,0.14911725
1,0,0.400005
1,0,0.49049473
1,1,0.65344733
1,1,0.70792586
1,1,0.6779654
1,1,0.7025858
1,1,0.72069645
1,1,0.7380661
1,1,0.75265974
1,1,0.7501998
1,1,0.73167175
1,1,0.74793327
1,1,0.74914765
1,1,0.759202
1,1,0.754113
1,1,0.7731235
1,1,0.78920823
1,1,0.7715594
1,1,0.78086656
1,1,0.79359734
1,1,0.76821935
1,1,0.7730604
0,1,0.55290675
0,0,0.41038135
0,0,0.34122068
0,0,0.32984078
0,0,0.3352415
0,0,0.40196386
0,0,0.40412104
0,0,0.41878903
0,0,0.4161668
0,0,0.41275662
0,0,0.36529312
0,0,0.33544588
0,0,0.40972057
0,0,0.41888067
0,0,0.38726425
0,0,0.42556116
0,0,0.44735909
0,0,0.45042872
0,0,0.42880142
0,0,0.40784577
0,0,0.44656307
0,0,0.45732287
0,0,0.4428712
0,0,0.45366228
0,0,0.46121812
0,0,0.45422053
0,0,0.42302045
0,0,0.4231813
0,0,0.40728983
0,0,0.3902807
0,0,0.38617876
0,0,0.41355896
0,0,0.40769172
1,0,0.40234402
1,0,0.38634732
1,0,0.3374092
1,0,0.17701857
1,0,0.12798856
1,0,0.11952564
1,0,0.124995254
1,0,0.12726857
1,0,0.1277804
1,0,0.1255524
1,0,0.13484135
1,0,0.1606915
1,0,0.17864737
1,0,0.18228453
1,0,0.15764925
1,0,0.123118155
1,0,0.10679235
1,0,0.10419263
1,0,0.11326959
1,0,0.114120044
1,0,0.11720867
1,0,0.12223946
0,0,0.14905225
0,0,0.16254462
0,0,0.18631375
0,0,0.25386047
0,0,0.37777063
0,0,0.38974813
0,0,0.39080015
0,0,0.3804277
0,0,0.38979048
0,0,0.39790684
0,0,0.4026708
0,0,0.4065576
0,0,0.38782778
0,0,0.4069133
0,0,0.37868294
0,0,0.39786717
0,0,0.36592492
0,0,0.35571343
0,0,0.33720034
0,0,0.32534075
0,0,0.3189416
0,0,0.3195824
0,0,0.32110953
0,0,0.31685877
0,0,0.3161141
0,0,0.31714988
0,0,0.32591692
0,0,0.33390787
0,0,0.34173143
0,0,0.3408322
0,0,0.31105548
0,0,0.2914197
0,0,0.28239712
0,0,0.28040525
0,0,0.2990097
0,0,0.321159
0,0,0.32616204
0,0,0.32022372
0,0,0.31364992
0,0,0.31039253
0,0,0.31687114
0,0,0.32695946
0,0,0.33483818
0,0,0.33237687
0,0,0.3267231
0,0,0.326227
0,1,0.64886296
0,1,0.7776406
0,1,0.76980317
0,1,0.80497944
0,1,0.8405856
0,1,0.79627854
0,1,0.84182674
0,1,0.8709405
0,1,0.850159
0,1,0.89660954
0,1,0.8807524
1,1,0.85773563
1,1,0.86309814
1,1,0.88619787
1,1,0.8951738
1,1,0.8906466
1,1,0.93186027
1,1,0.9343662
1,1,0.93446964
1,1,0.95633084
1,1,0.95112914
1,1,0.91782296
1,1,0.8528905
1,1,0.768563
1,1,0.7643459
1,1,0.848138
1,1,0.8526682
1,1,0.87732995
1,1,0.9104688
1,1,0.8532986
1,1,0.7730447
1,1,0.76793563
1,1,0.74606854
0,1,0.8819597
0,1,0.91342723
0,1,0.92766505
0,1,0.9232323
0,1,0.9333124
0,1,0.9292386
0,1,0.8751047
0,1,0.9084469
0,1,0.91723317
0,1,0.9071351
0,1,0.92627496
1,1,0.89412963
1,1,0.86361325
1,1,0.7688327
1,1,0.63723457
1,1,0.6673118
1,1,0.7696458
1,1,0.8140321
1,1,0.80038196
1,1,0.9170751
1,1,0.93363553
1,1,0.90825796
1,1,0.78812814
1,1,0.61903185
1,0,0.44025514
1,0,0.44558653
1,0,0.45144728
1,0,0.4497029
1,0,0.44859278
1,0,0.45599604
1,0,0.46399346
1,0,0.47503614
1,0,0.48341957
1,0,0.47040898
1,0,0.46662712
1,0,0.47143915
1,0,0.4786354
1,0,0.48490664
1,0,0.48147896
1,0,0.48092946
1,0,0.47487742
1,0,0.4804269
1,0,0.48788214
1,0,0.49202323
1,0,0.4936918
1,0,0.48775017
1,0,0.47204942
1,0,0.46670806
1,0,0.4635418
1,0,0.4569341
1,0,0.45395935
0,1,0.73811436
0,1,0.8034823
0,1,0.9181613
0,1,0.9108696
0,1,0.8549834
0,1,0.8475278
0,1,0.78475887
0,1,0.873261
0,1,0.8873472
0,1,0.83707434
0,1,0.78708464
1,1,0.8675895
1,1,0.87278765
1,1,0.8749805
1,1,0.8672903
1,1,0.8274582
1,1,0.84693867
1,1,0.8331882
1,1,0.8645152
1,1,0.8796891
1,1,0.82325226
1,1,0.7927791
0,1,0.63283324
0,1,0.51476747
0,0,0.44407538
0,0,0.4337988
0,0,0.42002052
0,0,0.41299832
0,0,0.3994239
0,0,0.38528538
0,0,0.37916103
0,0,0.38166896
0,0,0.3787113
0,0,0.40132633
0,0,0.41419038
0,0,0.4093324
0,0,0.3978543
0,0,0.39663833
0,0,0.38614264
0,0,0.3903784
0,0,0.3977192
0,0,0.39549184
0,0,0.40050304
0,0,0.419765
0,0,0.42066
0,0,0.4075284
0,0,0.40073436
0,0,0.4011765
0,0,0.40537664
0,0,0.3993746
0,0,0.4070072
0,0,0.41528496
0,0,0.410333
0,0,0.39766335
0,0,0.3870655
0,0,0.4013577
0,0,0.4079636
0,0,0.4109015
0,0,0.42480955
0,0,0.43795583
0,0,0.43455005
0,0,0.42589557
0,0,0.428882
0,0,0.42856264
0,0,0.4382702
0,0,0.4402638
0,0,0.43167803
0,0,0.42807743
0,0,0.4384354
0,0,0.4462931
0,0,0.44451514
0,0,0.4360139
0,0,0.43448028
0,0,0.43487415
0,0,0.43922618
0,0,0.42682204
0,0,0.42178652
0,0,0.4716906
0,0,0.38174206
0,0,0.3262336
0,0,0.26979497
0,0,0.27599484
0,0,0.2492738
0,0,0.23121282
0,0,0.21837252
0,0,0.22991031
0,0,0.2231167
0,0,0.23377545
0,0,0.23605093
0,0,0.22334367
0,0,0.22291699
0,0,0.23853308
0,0,0.2466326
0,0,0.25221196
0,0,0.24549866
0,0,0.25525013
0,0,0.2552639
0,0,0.250816
0,0,0.24907385
0,0,0.24051437
0,0,0.23261374
0,0,0.23889735
0,0,0.24131808
0,0,0.24164619
0,0,0.24887742
0,0,0.25446647
0,0,0.25393808
0,0,0.25366366
0,0,0.25938746
0,0,0.28478655
0,0,0.3081254
0,0,0.321709
0,0,0.3270595
0,0,0.30679554
0,0,0.2834853
0,0,0.25949636
0,0,0.26136506
0,0,0.26779112
0,0,0.27106363
0,0,0.2703681
0,0,0.26850578
0,0,0.27561837
0,0,0.27616948
0,1,0.61047465
0,1,0.71629906
0,1,0.74908626
0,1,0.7881646
0,1,0.7814605
0,1,0.73422766
0,1,0.68838215
0,1,0.6745856
0,1,0.6438759
0,1,0.70104283
0,1,0.7479134
0,1,0.6998693
0,1,0.7331375
0,1,0.6991467
0,1,0.688485
0,1,0.74055034
0,1,0.7526762
0,1,0.77378446
0,1,0.7685242
0,1,0.7533263
0,1,0.75168335
0,1,0.7453523
1,1,0.7383773
1,1,0.7501604
1,1,0.74648213
1,1,0.7397647
1,1,0.7267935
1,1,0.7110537
1,1,0.7060653
1,1,0.7005536
1,1,0.6466546
1,1,0.58457744
1,1,0.53647214
0,1,0.6016868
0,1,0.64509076
0,1,0.70519125
0,1,0.76583415
0,1,0.77892524
0,1,0.78829426
0,1,0.7792087
0,1,0.77261984
0,1,0.78820986
0,1,0.77902025
0,1,0.77582574
1,1,0.79538673
1,1,0.7564183
1,1,0.7044839
1,1,0.68328756
1,1,0.6355707
1,1,0.5877149
1,1,0.5816464
1,1,0.6038189
1,1,0.62177193
1,1,0.6663362
1,1,0.7488815
0,1,0.5622976
0,0,0.4341193
0,0,0.29128084
0,0,0.22032525
0,0,0.1906072
0,0,0.18763249
0,0,0.19074959
0,0,0.20074326
0,0,0.21362998
0,0,0.22959125
0,0,0.22846882
0,0,0.20675844
0,0,0.19585827
0,0,0.19387133
0,0,0.18947138
0,0,0.18346576
0,0,0.18674898
0,0,0.20126818
0,0,0.22267947
0,0,0.24406736
0,0,0.24678445
0,0,0.23850298
0,0,0.22301763
0,0,0.2146296
0,0,0.20584238
0,0,0.1998899
0,0,0.2008075
0,0,0.20146845
0,0,0.20528556
0,1,0.523392
0,1,0.6145215
0,1,0.68152577
0,1,0.68919384
0,1,0.6856944
0,1,0.6416274
0,1,0.561523
0,1,0.636589
0,1,0.6870075
0,1,0.61076266
0,1,0.59088093
1,1,0.75392085
1,1,0.7308196
1,1,0.7595438
1,1,0.75972956
1,1,0.69745326
1,1,0.74389887
1,1,0.7485397
1,1,0.7730904
1,1,0.75339985
1,1,0.74603015
1,1,0.77095056
0,1,0.6070429
0,0,0.47391888
0,0,0.34186873
0,0,0.25185186
0,0,0.24606907
0,0,0.25766245
0,0,0.26475653
0,0,0.25384575
0,0,0.21454033
0,0,0.19478358
0,0,0.1869759
0,0,0.18737754
0,0,0.19282374
0,0,0.19708113
0,0,0.19588624
0,0,0.19378577
0,0,0.19327167
0,0,0.19195102
0,0,0.1926871
0,0,0.19557582
0,0,0.20038363
0,0,0.20165889
0,0,0.19666237
0,0,0.19258913
0,0,0.18776934
0,0,0.18726806
0,0,0.19347347
0,0,0.21027915
0,0,0.22929834
0,0,0.23963125
0,0,0.22628155
0,0,0.19574083
0,0,0.17733642
0,0,0.19664392
0,0,0.21472366
0,0,0.23611054
0,0,0.25793266
0,0,0.28117475
0,0,0.28249168
0,0,0.28475028
0,0,0.29065531
0,0,0.27274245
0,0,0.24644896
0,0,0.23798448
0,0,0.23585886
0,0,0.23930171
0,0,0.24525066
0,0,0.25092807
0,0,0.25599414
0,0,0.25979537
0,0,0.26071423
0,0,0.25252485
0,0,0.24100398
0,0,0.23859933
0,0,0.24268995
0,0,0.25198182
0,0,0.23355404
0,0,0.22945698
0,0,0.24423224
0,0,0.24358417
0,0,0.23110916
0,0,0.21835479
0,0,0.21332507
0,0,0.20484364
0,0,0.20329812
0,0,0.21241756
0,0,0.27388507
0,0,0.31264335
0,0,0.3572829
0,0,0.4106533
0,0,0.38776958
0,0,0.34899002
0,0,0.36626965
0,0,0.37137178
0,0,0.39270473
0,0,0.3878643
0,0,0.39061934
0,0,0.38570246
0,0,0.3699876
0,0,0.35667145
0,0,0.35015652
0,0,0.3582239
0,0,0.3611977
0,0,0.34930417
0,0,0.32660976
0,0,0.3050693
0,0,0.28838992
0,0,0.28393337
0,0,0.26950443
0,0,0.26115602
0,0,0.25767246
0,0,0.2519367
0,0,0.24240653
0,0,0.2391439
0,0,0.23241252
0,0,0.2210137
0,0,0.20075327
0,0,0.19506471
0,0,0.19249351
0,0,0.19265628
0,0,0.19794185
1,0,0.21043287
1,0,0.23269476
1,0,0.24585168
1,0,0.24667372
1,0,0.23566149
1,0,0.22404662
1,0,0.21746753
1,0,0.21406898
1,0,0.21513581
1,0,0.21743447
1,0,0.22184916
1,0,0.23113632
1,0,0.24013408
1,0,0.24753514
1,0,0.24796599
1,0,0.24930994
1,0,0.23676255
1,0,0.22875188
1,0,0.22318907
1,0,0.2166639
1,0,0.2174529
1,0,0.22124152
1,0,0.22194248
1,0,0.21637946
1,0,0.22486159
1,0,0.21849257
1,0,0.22447269
1,0,0.23036994
1,0,0.2482971
1,0,0.25743032
1,0,0.23837434
1,0,0.21250902
1,0,0.1934376
1,0,0.19578438
1,0,0.19980733
1,0,0.19860438
1,0,0.20081948
1,0,0.20875321
1,0,0.20853291
1,0,0.19981807
1,0,0.19438383
1,0,0.19117251
1,0,0.18772317
1,0,0.18473703
1,0,0.18190515
1,0,0.19007027
1,0,0.19759731
1,0,0.20159823
1,0,0.21164806
1,0,0.20666113
1,0,0.19869913
1,0,0.19668531
1,0,0.21419936
1,0,0.24012001
1,0,0.26941797
0,0,0.2981922
0,0,0.29880852
0,0,0.26032823
0,0,0.22878253
0,0,0.22611967
0,0,0.22163406
0,0,0.21629171
0,0,0.21453148
0,0,0.20942572
0,0,0.2048001
0,0,0.20845905
1,0,0.21774383
1,0,0.2293642
1,0,0.23370287
1,0,0.23288701
1,0,0.23277472
1,0,0.22356969
1,0,0.21589649
1,0,0.21789256
1,0,0.21961491
1,0,0.22195905
1,0,0.22251806
0,0,0.2365638
0,0,0.2333899
0,0,0.24229217
0,0,0.24642536
0,0,0.28333494
0,0,0.26104128
0,0,0.28374296
0,0,0.29345015
0,0,0.28459072
0,0,0.2781055
0,0,0.27097255
0,0,0.2632727
0,0,0.2670007
0,0,0.25763494
0,0,0.24398722
0,0,0.24244106
0,0,0.24397336
0,0,0.2529639
0,0,0.25897676
0,0,0.2581809
0,0,0.24996868
0,0,0.24172768
0,0,0.24303335
0,0,0.239777
0,0,0.24181871
0,0,0.23818639
0,0,0.23216385
0,0,0.22802624
0,0,0.22579215
0,0,0.22949158
0,0,0.22773598
0,0,0.22840893
0,0,0.22224891
1,0,0.21498558
1,0,0.21022163
1,0,0.19816557
1,0,0.1921238
1,0,0.1894996
1,0,0.18658215
1,0,0.18482222
1,0,0.18761852
1,0,0.19040598
1,0,0.19246435
1,0,0.19154456
1,0,0.18677662
1,0,0.18064398
1,0,0.17663062
1,0,0.16831724
1,0,0.1636887
1,0,0.16149172
1,0,0.1556342
1,0,0.15422355
1,0,0.15595226
1,0,0.1601257
1,0,0.15800563
0,0,0.09886913
0,0,0.10522365
0,0,0.10975388
0,0,0.15466408
0,0,0.19162405
0,0,0.18114743
0,0,0.17437077
0,0,0.17073023
0,0,0.16555758
0,0,0.16251022
0,0,0.16557924
0,0,0.20492971
0,0,0.265341
0,0,0.36106294
0,0,0.4129559
0,0,0.4419032
0,0,0.42346627
0,0,0.380551
0,0,0.35129255
0,0,0.328102
0,0,0.32876608
0,0,0.3864913
0,0,0.41605237
0,0,0.4185644
0,0,0.40816694
0,0,0.39994133
0,0,0.32194844
0,0,0.22553279
0,0,0.20311
0,0,0.19231994
0,0,0.1851327
0,0,0.17953412
0,0,0.18227305
0,0,0.18596792
0,0,0.18885584
0,0,0.19103205
0,0,0.18880925
0,0,0.19351694
0,0,0.1976273
0,0,0.193614
0,0,0.18773137
0,0,0.18090935
0,0,0.17392853
0,0,0.17855442
0,0,0.18700822
0,0,0.18179938
1,1,0.7030636
1,1,0.8004275
1,1,0.84756887
1,1,0.8764302
1,1,0.8910791
1,1,0.8735315
1,1,0.847439
1,1,0.84660804
1,1,0.8231952
1,1,0.79182255
1,1,0.7894199
1,1,0.75274867
1,1,0.83130705
1,1,0.8835504
1,1,0.91739976
1,1,0.93181556
1,1,0.9162081
1,1,0.899059
1,1,0.87302
1,1,0.8746041
1,1,0.903664
1,1,0.913475
1,1,0.9042568
1,1,0.8874196
1,1,0.86560845
1,1,0.8364233
1,1,0.83390576
1,1,0.82132274
1,1,0.8207568
1,1,0.83203924
1,1,0.838545
1,1,0.8454966
1,1,0.8296233
1,1,0.7946567
1,1,0.8555981
1,1,0.8696791
1,1,0.8606147
1,1,0.92202437
1,1,0.9086074
1,1,0.8979089
1,1,0.90228057
1,1,0.890339
1,1,0.8501109
1,1,0.8682671
1,1,0.89380056
1,1,0.8922157
1,1,0.904639
1,1,0.90735114
1,1,0.92415106
1,1,0.8882378
1,1,0.86759853
1,1,0.8788229
1,1,0.90555376
1,1,0.90633196
1,1,0.88022697
0,1,0.5733737
0,0,0.3770613
0,0,0.2505305
0,0,0.21934137
0,0,0.21037371
0,0,0.20207408
0,0,0.19639157
0,0,0.19133238
0,0,0.189376
0,0,0.19692373
0,0,0.21128318
0,0,0.21390057
0,0,0.20651905
0,0,0.20124383
0,0,0.19317923
0,0,0.18816517
0,0,0.19900724
0,0,0.22613107
0,0,0.23071489
0,0,0.21838126
0,0,0.19847186
0,0,0.17653014
0,0,0.16450442
0,0,0.16064931
0,0,0.16228095
0,0,0.16830276
0,0,0.17047955
0,0,0.16601239
0,0,0.16189031
1,1,0.74479973
1,1,0.81279194
1,1,0.8539904
1,1,0.89604735
1,1,0.94085747
1,1,0.9424685
1,1,0.9370373
1,1,0.9350394
1,1,0.902534
1,1,0.79283476
1,1,0.65383977
1,1,0.8465237
1,1,0.874969
1,1,0.9122511
1,1,0.93746066
1,1,0.9283263
1,1,0.9278788
1,1,0.9218921
1,1,0.9080404
1,1,0.9039949
1,1,0.9127665
1,1,0.9190838
1,1,0.57643896
1,0,0.40038863
1,0,0.26864102
1,0,0.20038757
1,0,0.23007092
1,0,0.24118246
1,0,0.24442036
1,0,0.2354886
1,0,0.23910353
1,0,0.241117
1,0,0.22932729
1,0,0.2163864
1,0,0.20585732
1,0,0.19648919
1,0,0.19064347
1,0,0.18932553
1,0,0.18458106
1,0,0.18043387
1,0,0.1871528
1,0,0.19118783
1,0,0.19330156
1,0,0.19381116
1,0,0.18915753
1,0,0.18683118
1,0,0.18311419
1,0,0.17979924
1,0,0.18874271
1,0,0.19711725
1,0,0.18954067
1,0,0.18020344
1,0,0.17624049
1,0,0.18021472
1,0,0.18187384
1,0,0.17962098
1,0,0.18900272
1,0,0.20995513
1,0,0.22501132
1,0,0.24652968
1,0,0.2740137
1,0,0.2819001
1,0,0.255428
1,0,0.24218681
1,0,0.2363723
1,0,0.2224019
1,0,0.20156673
1,0,0.18713884
1,0,0.17853084
1,0,0.1785383
1,0,0.18971574
1,0,0.20182997
1,0,0.20815183
1,0,0.20358855
1,0,0.19456697
1,0,0.18169351
1,0,0.1736478
0,0,0.033363916
0,0,0.036814112
0,0,0.043022234
0,0,0.05201016
0,0,0.062766284
0,0,0.062796295
0,0,0.061144058
0,0,0.059212085
0,0,0.057582527
0,0,0.05474739
0,0,0.052953295
1,0,0.04359577
1,0,0.037989512
1,0,0.03037281
1,0,0.02643595
1,0,0.025237769
1,0,0.025188241
1,0,0.02533943
1,0,0.025873935
1,0,0.026344208
1,0,0.026998596
1,0,0.028251583
1,0,0.029595548
1,0,0.029955426
1,0,0.028352821
1,0,0.02725408
1,0,0.026563646
1,0,0.026037628
1,0,0.025802046
1,0,0.025704464
1,0,0.025951162
1,0,0.026346883
1,0,0.025975285
1,0,0.026732313
1,0,0.027681217
1,0,0.028140076
1,0,0.02943535
1,0,0.031738944
1,0,0.037226498
1,0,0.04420172
1,0,0.047896765
1,0,0.046046898
1,0,0.04532047
1,0,0.041224785
1,0,0.039856125
1,0,0.040304475
1,0,0.12367571
1,0,0.27916294
1,1,0.55878156
1,1,0.6658546
1,1,0.6084628
1,1,0.59697056
1,1,0.56615174
1,1,0.57058436
1,1,0.5620323
1,1,0.55364263
1,1,0.56376314
1,1,0.5530553
1,1,0.5646624
1,1,0.60843307
1,1,0.61958265
1,1,0.6224708
1,1,0.6289919
1,1,0.6204042
1,1,0.59790546
1,1,0.5713912
1,1,0.56915766
1,1,0.557963
1,1,0.5039818
1,1,0.5112486
1,1,0.54887635
1,1,0.54934585
1,1,0.55289125
1,1,0.5496486
1,1,0.5088693
1,1,0.5202398
1,1,0.5053707
1,1,0.50886965
1,1,0.5394478
1,1,0.53538436
1,1,0.53424996
1,0,0.48593315
1,0,0.36655667
1,0,0.45952466
1,1,0.545592
1,1,0.56860083
1,1,0.61059135
1,1,0.5875596
1,1,0.5065044
1,0,0.4676641
1,0,0.46440145
1,0,0.48521492
1,1,0.51644003
1,1,0.5779312
1,1,0.612691
1,1,0.615601
1,1,0.6070341
1,1,0.59232754
1,1,0.5652664
1,1,0.50248164
1,1,0.60655534
0,0,0.36858162
0,0,0.23885185
0,0,0.1489944
0,0,0.084182076
0,0,0.07527439
0,0,0.07755308
0,0,0.07969584
0,0,0.079352215
0,0,0.0806963
0,0,0.07723613
0,0,0.07235676
0,0,0.070963524
0,0,0.07167347
0,0,0.069489986
0,0,0.07107679
0,0,0.07560087
0,0,0.0755108
0,0,0.07419461
0,0,0.07058243
0,0,0.06910656
0,0,0.059307493
0,0,0.05124267
0,0,0.042761393
0,0,0.04252482
0,0,0.04227151
0,0,0.052075192
0,0,0.069755636
0,0,0.076509416
0,0,0.07952425
1,0,0.34655833
1,0,0.47273037
1,1,0.6357092
1,1,0.68658143
1,1,0.5470048
1,1,0.5822964
1,1,0.60510963
1,1,0.60741884
1,1,0.6119951
1,1,0.59139323
1,1,0.5677517
1,1,0.5291966
1,1,0.5383901
1,1,0.5359203
1,1,0.53474766
1,1,0.5074973
1,0,0.47227967
1,1,0.50959307
1,1,0.5383407
1,1,0.5698637
1,1,0.5968858
1,1,0.5939505
0,0,0.32911545
0,0,0.16969231
0,0,0.09258918
0,0,0.06411044
0,0,0.050711013
0,0,0.05070643
0,0,0.050898552
0,0,0.05210177
0,0,0.04963428
0,0,0.046556395
0,0,0.04413024
0,0,0.041967675
0,0,0.038586885
0,0,0.03885982
0,0,0.042342123
0,0,0.04576453
0,0,0.04623212
0,0,0.04732843
0,0,0.04685359
0,0,0.048775177
0,0,0.05163862
0,0,0.05018042
0,0,0.051767346
0,0,0.055546775
0,0,0.056396656
0,0,0.057388153
0,0,0.056934346
0,0,0.05571369
0,0,0.055685412
0,0,0.056237377
0,0,0.05598873
0,0,0.054657876
0,0,0.05437371
1,0,0.048328154
1,0,0.048142955
1,0,0.046082027
1,0,0.049319953
1,0,0.046856117
1,0,0.05500271
1,0,0.048798062
1,0,0.042191684
1,0,0.037883893
1,0,0.037352324
1,0,0.03615069
1,0,0.045113165
1,0,0.05958979
1,0,0.06039176
1,0,0.05848385
1,0,0.05650203
1,0,0.056195244
1,0,0.057050105
1,0,0.0581826
1,0,0.058722053
1,0,0.059308294
1,0,0.058231905
0,0,0.016477192
0,0,0.021804398
0,0,0.027517062
0,0,0.039226864
0,0,0.047253598
0,0,0.048188407
0,0,0.046138845
0,0,0.04313894
0,0,0.039728835
0,0,0.037245452
0,0,0.035609756
1,0,0.03453527
1,0,0.03615477
1,0,0.03889155
1,0,0.041433968
1,0,0.043441862
1,0,0.04127132
1,0,0.039065365
1,0,0.037515204
1,0,0.034222797
1,0,0.03248298
1,0,0.030108115
1,0,0.02932118
1,0,0.029197326
1,0,0.030818345
1,0,0.035133287
1,0,0.041525364
1,0,0.043632403
1,0,0.042687014
1,0,0.03730398
1,0,0.03259563
1,0,0.030701177
1,0,0.029309314
1,0,0.027829668
1,0,0.027632175
1,0,0.027809434
1,0,0.02814189
1,0,0.029381907
1,0,0.031931546
1,0,0.034733653
1,0,0.036306143
1,0,0.035297494
1,0,0.03252664
1,0,0.02980257
1,0,0.028837435
1,0,0.029918006
1,0,0.11609079
1,0,0.19953631
1,0,0.28935078
1,0,0.42804474
1,0,0.47088996
1,0,0.49424535
1,0,0.46177226
1,0,0.3844056
1,0,0.46283084
1,0,0.4639192
1,0,0.43241856
1,0,0.4930689
1,0,0.4159468
1,0,0.35291603
1,0,0.3848159
1,0,0.3355999
1,0,0.35935262
1,0,0.4455641
1,0,0.34322572
1,0,0.3114003
1,0,0.27092272
1,0,0.2536728
1,0,0.2463208
1,0,0.22100832
1,0,0.18753035
1,0,0.1321972
1,0,0.14660817
1,0,0.14142868
1,0,0.12575501
1,0,0.16824006
1,0,0.16134195
1,0,0.14825642
1,0,0.15575925
1,0,0.21260278
1,0,0.23821722
1,0,0.24263735
1,0,0.31834534
1,0,0.3486733
1,0,0.37549064
1,0,0.41777343
1,0,0.45510513
1,0,0.3636078
1,0,0.35350513
1,0,0.37272137
0,0,0.3855966
0,0,0.39873517
0,0,0.37638837
0,0,0.34264055
0,0,0.3664607
0,0,0.41276616
0,0,0.3822693
0,0,0.41693804
0,0,0.46010306
0,1,0.51843137
0,1,0.5875982
0,0,0.328922
0,0,0.1965015
0,0,0.09662618
0,0,0.03575345
0,0,0.025329815
0,0,0.02532199
0,0,0.02508538
0,0,0.02487351
0,0,0.024700385
0,0,0.02410127
0,0,0.023835905
0,0,0.024701344
0,0,0.026134713
0,0,0.026311414
0,0,0.026741529
0,0,0.026674991
0,0,0.026375601
0,0,0.024121875
0,0,0.024285236
0,0,0.025804097
0,0,0.025807872
0,0,0.026845183
0,0,0.029065523
0,0,0.030140959
0,0,0.030161941
0,0,0.03336574
0,0,0.038204595
0,0,0.038827118
0,0,0.038604945
0,0,0.05149592
0,0,0.1110895
0,0,0.250606
0,0,0.30716908
0,0,0.3195324
0,0,0.2564908
0,0,0.27363873
0,0,0.24373092
0,0,0.21713747
0,0,0.42240697
0,0,0.45125294
1,0,0.46775922
1,0,0.48369032
1,0,0.40109336
1,0,0.32710016
1,0,0.29383266
1,0,0.29465404
1,0,0.2582155
1,0,0.19638932
1,0,0.23377584
1,0,0.28315344
1,0,0.32897183
1,0,0.20535271
1,0,0.115767725
1,0,0.06177979
1,0,0.04762523
1,0,0.042112168
1,0,0.04127832
1,0,0.0397341
1,0,0.03873527
1,0,0.037838325
1,0,0.03786532
1,0,0.038878363
1,0,0.037991166
1,0,0.037051965
1,0,0.036261875
1,0,0.034663703
1,0,0.03311792
1,0,0.032625474
1,0,0.032498386
1,0,0.031220121
1,0,0.030696414
1,0,0.030397238
1,0,0.030821003
1,0,0.03210534
1,0,0.035073843
1,0,0.03739219
1,0,0.03448367
1,0,0.032326072
1,0,0.03267437
1,0,0.03640086
1,0,0.042607877
1,0,0.04669451
1,0,0.046709437
1,0,0.04340955
1,0,0.040170725
1,0,0.037844468
1,0,0.035678763
1,0,0.03456734
1,0,0.03391587
1,0,0.032577727
1,0,0.030624984
1,0,0.03093166
1,0,0.033267792
1,0,0.034595996
1,0,0.034491528
1,0,0.034615103
1,0,0.03771885
1,0,0.04093359
1,0,0.04096228
1,0,0.04035748
1,0,0.040265482
1,0,0.04034583
1,0,0.03999317
1,0,0.039013878
1,0,0.039290976
1,0,0.039670818
0,0,0.009893383
0,0,0.010836333
0,0,0.012673808
0,0,0.01633769
0,0,0.01835245
0,0,0.019965569
0,0,0.022096343
0,0,0.024485867
0,0,0.025177252
0,0,0.02548291
0,0,0.026892882
0,0,0.024332521
0,0,0.021424655
0,0,0.019807978
0,0,0.018476158
0,0,0.017991284
0,0,0.017522827
0,0,0.01720153
0,0,0.017092856
0,0,0.016946437
0,0,0.016780479
0,0,0.017104909
0,0,0.017396012
0,0,0.017444627
0,0,0.01798659
0,0,0.01814334
0,0,0.018109104
0,0,0.01795864
0,0,0.01770319
0,0,0.017584493
0,0,0.017610462
0,0,0.01769253
0,0,0.017784405
0,0,0.017717909
0,0,0.017834358
0,0,0.01789846
0,0,0.017963685
0,0,0.018064916
0,0,0.018185984
0,0,0.018170644
0,0,0.018201338
0,0,0.018350074
0,0,0.018307433
0,0,0.018273037
0,0,0.018283607
0,0,0.01809749
1,0,0.09141616
1,0,0.12869205
1,0,0.18433788
1,0,0.2263793
1,0,0.1778022
1,0,0.17804013
1,0,0.16493498
1,0,0.12603846
1,0,0.09589804
1,0,0.09279759
1,0,0.09593997
1,0,0.09848932
1,0,0.09500764
1,0,0.0954854
1,0,0.09244696
1,0,0.102417044
1,0,0.10308472
1,0,0.09604412
1,0,0.096946284
1,0,0.09481074
1,0,0.08892277
1,0,0.090675935
1,0,0.09895751
1,0,0.12093004
1,0,0.13963965
1,0,0.156955
1,0,0.19369431
1,0,0.19248904
1,0,0.17145748
1,0,0.15123108
1,0,0.14309414
1,0,0.15112334
1,0,0.19516902
1,0,0.220207
1,0,0.2672758
1,0,0.36759478
1,0,0.3320815
1,0,0.28378293
1,0,0.26706323
1,0,0.23102959
1,0,0.23149124
1,0,0.24556835
1,0,0.25197318
1,0,0.2226523
1,0,0.34796962
1,0,0.36285648
1,0,0.30803353
1,0,0.3563469
1,0,0.37750402
1,0,0.40760213
1,0,0.436088
1,0,0.45281124
1,0,0.45544538
1,0,0.43477535
1,0,0.40375522
0,0,0.14708863
0,0,0.07909424
0,0,0.041631524
0,0,0.028017104
0,0,0.021629738
0,0,0.021531777
0,0,0.02175312
0,0,0.021782413
0,0,0.021595223
0,0,0.0213751
0,0,0.02110863
0,0,0.02058401
0,0,0.020747643
0,0,0.020500885
0,0,0.020452505
0,0,0.020668505
0,0,0.020653732
0,0,0.020534521
0,0,0.020804271
0,0,0.02014678
0,0,0.019559896
0,0,0.018951084
0,0,0.01878236
0,0,0.018648228
0,0,0.019036211
0,0,0.018880986
0,0,0.01737607
0,0,0.016663503
0,0,0.015845096
1,0,0.04490534
1,0,0.058729485
1,0,0.091201454
1,0,0.14317308
1,0,0.15953523
1,0,0.17052618
1,0,0.20190246
1,0,0.23227607
1,0,0.20973629
1,0,0.19579336
1,0,0.1766541
1,0,0.15443067
1,0,0.15104134
1,0,0.16184872
1,0,0.17270738
1,0,0.17444213
1,0,0.186893
1,0,0.180138
1,0,0.16615288
1,0,0.1560489
1,0,0.15190852
1,0,0.14873917
0,0,0.086224
0,0,0.049992025
0,0,0.030524569
0,0,0.023550855
0,0,0.019577676
0,0,0.019875024
0,0,0.020129934
0,0,0.020074649
0,0,0.019718658
0,0,0.019507337
0,0,0.019394737
0,0,0.019256836
0,0,0.019277286
0,0,0.019266289
0,0,0.019059218
0,0,0.018861245
0,0,0.018651724
0,0,0.018561386
0,0,0.01879664
0,0,0.019190822
0,0,0.020232238
0,0,0.021038437
0,0,0.021282274
0,0,0.021846872
0,0,0.022527331
0,0,0.022322187
0,0,0.021446606
0,0,0.02119864
0,0,0.021371402
0,0,0.022106808
0,0,0.023167538
0,0,0.02277267
0,0,0.020830218
0,0,0.019259507
0,0,0.017527457
0,0,0.015975507
0,0,0.0153346965
0,0,0.016140198
0,0,0.016521389
0,0,0.016939051
0,0,0.017105998
0,0,0.017230388
0,0,0.017227069
0,0,0.017139059
0,0,0.016907137
0,0,0.017014075
0,0,0.017866427
0,0,0.018437339
0,0,0.018387359
0,0,0.01795889
0,0,0.017766964
0,0,0.017275535
0,0,0.017422965
0,0,0.017746089
0,0,0.018237147
0,0,0.022103352
0,0,0.02658214
0,0,0.033303246
0,0,0.041657686
0,0,0.027534327
0,0,0.027362578
0,0,0.02783365
0,0,0.02748616
0,0,0.02617354
0,0,0.025508663
0,0,0.025092058
0,0,0.025667923
0,0,0.02518956
0,0,0.025767269
0,0,0.025643678
0,0,0.02509876
0,0,0.025005775
0,0,0.024854317
0,0,0.024645641
0,0,0.024494965
0,0,0.024473831
0,0,0.024568744
0,0,0.02460289
0,0,0.024317088
0,0,0.024533963
0,0,0.024543311
0,0,0.024463907
0,0,0.024352647
0,0,0.024021942
0,0,0.024093412
0,0,0.02384827
0,0,0.0238224
0,0,0.024434704
0,0,0.024560051
0,0,0.024467012
0,0,0.023909837
0,0,0.023562076
0,0,0.02382691
0,0,0.02441867
0,0,0.024145115
0,0,0.024312094
0,0,0.024961345
0,0,0.025027256
0,0,0.025186585
0,0,0.025138345
0,0,0.024870068
1,0,0.07631854
1,0,0.12457157
1,0,0.36707196
1,1,0.541714
1,1,0.60760456
1,1,0.68339276
1,1,0.6409453
1,1,0.60963356
1,1,0.6240498
1,1,0.5751892
1,1,0.5596776
1,0,0.4549917
1,0,0.3850629
1,0,0.44030473
1,0,0.4632225
1,1,0.52461725
1,1,0.5855402
1,1,0.56078666
1,1,0.5419632
1,1,0.5309071
1,1,0.5255991
1,1,0.5298256
1,1,0.500231
1,1,0.55567753
1,1,0.5688438
1,1,0.5626843
1,1,0.5704577
1,1,0.5306288
1,0,0.48180917
1,0,0.49027947
1,1,0.5157422
1,1,0.58132553
1,1,0.6189616
1,1,0.5028514
1,0,0.4371166
1,0,0.42447877
1,0,0.36928257
1,0,0.36862135
1,0,0.43299535
1,0,0.38296914
1,0,0.37327468
1,0,0.37618154
1,0,0.35414875
1,0,0.3689323
1,0,0.33792382
1,0,0.37924355
1,0,0.41611218
1,0,0.42887223
1,0,0.46375176
1,0,0.4673444
1,0,0.42020798
1,0,0.4419456
1,0,0.41197902
1,0,0.3858641
1,0,0.39759398
0,0,0.17180662
0,0,0.089522064
0,0,0.056822617
0,0,0.04025648
0,0,0.031744562
0,0,0.03163032
0,0,0.032513145
0,0,0.033279814
0,0,0.032881387
0,0,0.032327592
0,0,0.0319138
0,0,0.031869344
0,0,0.031200856
0,0,0.03138538
0,0,0.03188587
0,0,0.030371469
0,0,0.030181086
0,0,0.03100921
0,0,0.030560164
0,0,0.029675355
0,0,0.029518424
0,0,0.029493913
0,0,0.02931637
0,0,0.030250153
0,0,0.03059989
0,0,0.030519255
0,0,0.030737922
0,0,0.03049664
0,0,0.03043277
1,0,0.092021585
1,0,0.13121197
1,0,0.32309467
1,0,0.43290555
1,0,0.42875895
1,0,0.47160354
1,0,0.44608068
1,0,0.4309147
1,0,0.43210578
1,0,0.43301007
1,0,0.39954677
1,0,0.4000943
1,0,0.33119333
1,0,0.2954998
1,0,0.2819152
1,0,0.32028204
1,0,0.3723873
1,0,0.39054373
1,0,0.43629926
1,0,0.44081745
1,0,0.40643397
1,0,0.4244327
1,0,0.20811433
1,0,0.120265834
1,0,0.07030491
1,0,0.0384496
1,0,0.022554133
1,0,0.021820135
1,0,0.02137111
1,0,0.020903492
1,0,0.021579623
1,0,0.022332396
1,0,0.0232334
1,0,0.024770616
1,0,0.025066806
1,0,0.025502065
1,0,0.025574196
1,0,0.025789142
1,0,0.025511842
1,0,0.024615228
1,0,0.024042511
1,0,0.023745453
1,0,0.02376319
1,0,0.023841297
1,0,0.023303166
1,0,0.022783061
1,0,0.022267552
1,0,0.021888291
1,0,0.022181699
1,0,0.022642165
1,0,0.02399532
1,0,0.023483261
1,0,0.022860901
1,0,0.022686737
1,0,0.02262341
1,0,0.021895817
1,0,0.021997686
1,0,0.022015674
1,0,0.021514595
1,0,0.022075571
1,0,0.02203856
1,0,0.021899354
1,0,0.022055628
1,0,0.022413412
1,0,0.022797214
1,0,0.023068331
1,0,0.02336749
1,0,0.023743909
1,0,0.02373537
1,0,0.023094106
1,0,0.022541896
1,0,0.02246659
1,0,0.022384971
1,0,0.022676386
1,0,0.023485033
1,0,0.023700602
1,0,0.023174714
0,0,0.03203943
0,0,0.034626383
0,0,0.03969064
0,0,0.041812327
0,0,0.06209479
0,0,0.06109326
0,0,0.06337485
0,0,0.06464768
0,0,0.06407249
0,0,0.06039769
0,0,0.058398414
0,0,0.056479905
0,0,0.053633466
0,0,0.05254452
0,0,0.052456364
0,0,0.049437683
0,0,0.051020723
0,0,0.052104127
0,0,0.048872992
0,0,0.045626186
0,0,0.04481615
0,0,0.04265857
0,0,0.040069364
0,0,0.03677018
0,0,0.03427209
0,0,0.032503698
0,0,0.030928683
0,0,0.03181784
0,0,0.03561315
0,0,0.037187085
0,0,0.036095574
0,0,0.032882266
0,0,0.029148147
0,0,0.026365602
0,0,0.027870478
0,0,0.033041563
0,0,0.040104665
0,0,0.040639784
0,0,0.03820833
0,0,0.033324964
0,0,0.030015381
0,0,0.027347041
0,0,0.03195052
0,0,0.041825857
0,0,0.045810137
0,0,0.049883127
0,0,0.15008889
0,0,0.27014363
0,1,0.52632284
0,1,0.6021224
0,1,0.55657035
0,1,0.58101636
0,1,0.54831266
0,1,0.5391221
0,1,0.5415403
0,1,0.5331658
0,1,0.5303426
0,0,0.4999663
0,1,0.55082166
0,1,0.57291716
0,1,0.59264225
0,1,0.5978631
0,1,0.56779104
0,1,0.5517612
0,1,0.5375122
0,1,0.5341077
0,1,0.5858482
0,1,0.59486014
1,1,0.594485
1,1,0.58740956
1,1,0.51540595
1,0,0.47113463
1,0,0.42799488
1,0,0.4047389
1,0,0.3831265
1,0,0.38009137
1,0,0.37413913
1,0,0.3663156
1,0,0.3320174
0,0,0.35090744
0,0,0.3510903
0,0,0.37161264
0,0,0.3880238
0,0,0.42651623
0,0,0.428098
0,0,0.44494933
0,0,0.45630902
0,0,0.4524973
0,0,0.42147973
0,0,0.32609776
1,0,0.4110884
1,0,0.36953372
1,0,0.31665307
1,0,0.32415086
1,0,0.2502272
1,0,0.25621018
1,0,0.2983513
1,0,0.34043884
1,0,0.3454866
1,0,0.31610954
1,0,0.2890436
0,0,0.10463576
0,0,0.056260522
0,0,0.03982743
0,0,0.050860103
0,0,0.0554277
0,0,0.053540472
0,0,0.051636666
0,0,0.051974244
0,0,0.051833574
0,0,0.051037118
0,0,0.04995821
0,0,0.04714505
0,0,0.04530112
0,0,0.045343
0,0,0.04683201
0,0,0.046136487
0,0,0.04563451
0,0,0.04576657
0,0,0.037013244
0,0,0.030282889
0,0,0.027107984
0,0,0.02447272
0,0,0.022188654
0,0,0.02505276
0,0,0.030128093
0,0,0.031101312
0,0,0.030912817
0,0,0.03356982
0,0,0.036214124
0,0,0.1846092
0,0,0.26418027
0,0,0.36944875
0,0,0.41728988
0,0,0.26573744
0,0,0.27606764
0,0,0.27092373
0,0,0.27388385
0,0,0.25090808
0,0,0.21212
0,0,0.16300528
1,0,0.22568005
1,0,0.34339404
1,0,0.45489234
1,1,0.5183471
1,1,0.55455935
1,1,0.5507402
1,1,0.5304192
1,1,0.5370559
1,1,0.53955364
1,1,0.5162258
1,1,0.51161724
0,0,0.2918237
0,0,0.16508669
0,0,0.094229884
0,0,0.08085056
0,0,0.06931005
0,0,0.068353385
0,0,0.06824877
0,0,0.068014115
0,0,0.06633312
0,0,0.06509433
0,0,0.06464125
0,0,0.064394504
0,0,0.06329773
0,0,0.062366717
0,0,0.06289002
0,0,0.062206157
0,0,0.061571233
0,0,0.061080817
0,0,0.06081974
0,0,0.060236666
0,0,0.06111072
0,0,0.06243674
0,0,0.061568994
0,0,0.061698817
0,0,0.062186204
0,0,0.063152865
0,0,0.06476965
0,0,0.06611531
0,0,0.066571586
0,0,0.06632328
0,0,0.06568715
0,0,0.06570986
0,0,0.065211095
0,0,0.06676477
0,0,0.06747624
0,0,0.07037394
0,0,0.074094296
0,0,0.07330229
0,0,0.07363341
0,0,0.07530573
0,0,0.07515585
0,0,0.07419864
0,0,0.07544737
0,0,0.076568685
0,0,0.07561309
0,0,0.07660891
0,0,0.076658174
0,0,0.07597155
0,0,0.07523879
0,0,0.07397696
0,0,0.07286158
0,0,0.07222693
0,0,0.072325915
0,0,0.07251315
0,0,0.071029015
0,0,0.028196646
0,0,0.02821492
0,0,0.030560015
0,0,0.032812584
0,0,0.023458168
0,0,0.024047492
0,0,0.023271523
0,0,0.022841066
0,0,0.023014326
0,0,0.022637427
0,0,0.022879014
0,0,0.022877654
0,0,0.022390004
0,0,0.021673515
0,0,0.021229718
0,0,0.02186187
0,0,0.021895703
0,0,0.02199463
0,0,0.021859689
0,0,0.021605542
0,0,0.021499291
0,0,0.02149712
0,0,0.021940175
0,0,0.022028435
0,0,0.021759685
0,0,0.021812493
0,0,0.02194848
0,0,0.02249376
0,0,0.022656076
0,0,0.022293134
0,0,0.02224823
0,0,0.022521947
0,0,0.022792907
0,0,0.022966571
0,0,0.023001116
0,0,0.023031952
0,0,0.02263346
0,0,0.022610968
0,0,0.022801802
0,0,0.023227716
0,0,0.024481267
0,0,0.025014626
0,0,0.025291597
0,0,0.025188161
0,0,0.024500946
0,0,0.023763653
1,0,0.28794742
1,0,0.40296662
1,1,0.5368795
1,1,0.6090812
1,0,0.48607078
1,1,0.5011134
1,1,0.5023061
1,0,0.4848565
1,0,0.4626514
1,0,0.45439163
1,0,0.445292
1,0,0.42576808
1,0,0.43105108
1,0,0.45048007
1,0,0.45532328
1,0,0.47023284
1,0,0.44500238
1,0,0.42896777
1,0,0.42505768
1,0,0.43280378
1,0,0.44044697
1,0,0.42650062
1,0,0.42565084
1,0,0.4137875
1,0,0.42189083
1,0,0.42144534
1,0,0.44173765
1,0,0.45660838
1,0,0.46470666
1,0,0.4880131
1,1,0.5125578
1,0,0.49340916
1,0,0.45432967
1,0,0.43820372
1,0,0.44216436
1,0,0.41090214
1,0,0.4018404
1,0,0.3824372
1,0,0.3749136
1,0,0.38281348
1,0,0.39918298
1,0,0.38774598
1,0,0.39851582
1,0,0.442425
1,0,0.44747454
1,0,0.47193575
1,0,0.49168774
1,1,0.50185955
1,1,0.50976306
1,1,0.5188431
1,1,0.522918
1,1,0.53122824
1,1,0.5338188
1,1,0.52021265
1,1,0.51226246
0,0,0.25927433
0,0,0.11759281
0,0,0.05682001
0,0,0.034142777
0,0,0.024671247
0,0,0.023991467
0,0,0.023904195
0,0,0.02413364
0,0,0.024423592
0,0,0.023978854
0,0,0.023375914
0,0,0.023359178
0,0,0.023023272
0,0,0.022596281
0,0,0.022337548
0,0,0.022332106
0,0,0.022674674
0,0,0.022560861
0,0,0.022818623
0,0,0.023298386
0,0,0.023860509
0,0,0.02418913
0,0,0.024259277
0,0,0.02394169
0,0,0.023550553
0,0,0.023314234
0,0,0.02331005
0,0,0.024508933
0,0,0.025098093
1,0,0.30910984
1,0,0.43821004
1,1,0.55454177
1,1,0.6406051
1,1,0.5163393
1,1,0.5139318
1,1,0.52936107
1,1,0.5359098
1,1,0.5358832
1,1,0.5450498
1,1,0.53969973
1,1,0.5330585
1,1,0.5418655
1,1,0.52861136
1,1,0.5155051
1,0,0.4878
1,0,0.47477642
1,0,0.47378817
1,0,0.48190948
1,0,0.468508
1,0,0.45974353
1,0,0.45677906
0,0,0.23962748
0,0,0.12360272
0,0,0.060654324
0,0,0.03511577
0,0,0.021987919
0,0,0.021972261
0,0,0.02204016
0,0,0.021972027
0,0,0.02175418
0,0,0.02165037
0,0,0.021505661
0,0,0.021540545
0,0,0.021936174
0,0,0.022258202
0,0,0.022527255
0,0,0.022618793
0,0,0.022281772
0,0,0.022116672
0,0,0.022267787
0,0,0.022421855
0,0,0.022578096
0,0,0.02262696
0,0,0.022951903
0,0,0.022883756
0,0,0.022691656
0,0,0.022694299
0,0,0.02274055
0,0,0.022705577
0,0,0.022844078
0,0,0.022711523
0,0,0.022594403
0,0,0.022922385
0,0,0.023007374
1,0,0.02295173
1,0,0.022813221
1,0,0.02269495
1,0,0.02238307
1,0,0.022804614
1,0,0.022908036
1,0,0.023082715
1,0,0.023022551
1,0,0.023217203
1,0,0.02298764
1,0,0.022483662
1,0,0.022691466
1,0,0.022991225
1,0,0.022988804
1,0,0.023181068
1,0,0.023565378
1,0,0.023510814
1,0,0.02357644
1,0,0.023815015
1,0,0.023820704
1,0,0.023871133
1,0,0.023626294
0,0,0.034283534
0,0,0.029820051
0,0,0.02755773
0,0,0.017546486
0,0,0.01521775
0,0,0.016171245
0,0,0.016533501
0,0,0.015178511
0,0,0.014909684
0,0,0.0148799755
0,0,0.014548535
0,0,0.01427062
0,0,0.013185754
0,0,0.012328364
0,0,0.01146163
0,0,0.010878899
0,0,0.010162412
0,0,0.009920248
0,0,0.00977936
0,0,0.0096136555
0,0,0.009496275
0,0,0.009469581
0,0,0.009571307
0,0,0.009671499
0,0,0.009706992
0,0,0.009604802
0,0,0.009472184
0,0,0.009422655
0,0,0.0094134435
0,0,0.0094408775
0,0,0.009456762
0,0,0.009458271
0,0,0.009477882
0,0,0.009509088
0,0,0.009567837
0,0,0.009596501
0,0,0.009602557
0,0,0.009576072
0,0,0.00956767
0,0,0.009573126
0,0,0.009553924
0,0,0.009586667
0,0,0.009682361
0,0,0.009659253
0,0,0.009532475
0,0,0.009436723
1,0,0.014707069
1,0,0.019164016
1,0,0.027360171
1,0,0.031568788
1,0,0.020922044
1,0,0.01800915
1,0,0.017415047
1,0,0.016338946
1,0,0.01505934
1,0,0.015309819
1,0,0.015859576
1,0,0.014882275
1,0,0.017930571
1,0,0.024197888
1,0,0.032992963
1,0,0.035007153
1,0,0.026605805
1,0,0.023513362
1,0,0.026808267
1,0,0.025786456
1,0,0.021443656
1,0,0.020022757
1,0,0.022528691
1,0,0.029930348
1,0,0.04526118
1,0,0.0856295
1,0,0.0911533
1,0,0.08022696
1,0,0.073311575
1,0,0.06847011
1,0,0.069136344
1,0,0.06389298
1,0,0.06068895
1,0,0.07074289
1,0,0.10831399
1,0,0.19867851
1,0,0.29489607
1,0,0.25496447
1,0,0.2329158
1,0,0.21173054
1,0,0.15692954
1,0,0.14824367
1,0,0.16908625
1,0,0.13501813
1,0,0.18975139
1,0,0.27722898
1,0,0.3355327
1,0,0.33203238
1,0,0.27140686
1,0,0.16124147
1,0,0.09452349
1,0,0.060927443
1,0,0.049772706
1,0,0.044145357
1,0,0.040434778
0,0,0.029794948
0,0,0.023926597
0,0,0.022249522
0,0,0.024406713
0,0,0.024378963
0,0,0.02613814
0,0,0.029191129
0,0,0.028770115
0,0,0.028029397
0,0,0.027575333
0,0,0.027174704
0,0,0.027310302
0,0,0.02683687
0,0,0.026329342
0,0,0.02636172
0,0,0.026321756
0,0,0.025065226
0,0,0.025148096
0,0,0.025804335
0,0,0.02500373
0,0,0.024788143
0,0,0.025205119
0,0,0.025925012
0,0,0.026732994
0,0,0.028054044
0,0,0.029910175
0,0,0.029559547
0,0,0.028246878
0,0,0.02760712
1,0,0.05804129
1,0,0.095864594
1,0,0.16063748
1,0,0.20366383
1,0,0.1418292
1,0,0.10634501
1,0,0.09825845
1,0,0.10677547
1,0,0.118584216
1,0,0.08800103
1,0,0.055732634
1,0,0.04992294
1,0,0.04282424
1,0,0.04296241
1,0,0.04041928
1,0,0.026791517
1,0,0.020336723
1,0,0.01841481
1,0,0.018875223
1,0,0.01962443
1,0,0.018635465
1,0,0.02180038
0,0,0.01871635
0,0,0.015431635
0,0,0.012655037
0,0,0.011103034
0,0,0.010580702
0,0,0.010469144
0,0,0.010545035
0,0,0.010525768
0,0,0.010278012
0,0,0.010340745
0,0,0.010826473
0,0,0.011295943
0,0,0.011562388
0,0,0.012010146
0,0,0.0118225105
0,0,0.01137439
0,0,0.010693889
0,0,0.010063591
0,0,0.010168376
0,0,0.010752013
0,0,0.011163378
0,0,0.011006255
0,0,0.0107627455
0,0,0.011510363
0,0,0.011660894
0,0,0.011443691
0,0,0.010752429
0,0,0.010030115
0,0,0.009806293
0,0,0.010274438
0,0,0.010743785
0,0,0.011030885
0,0,0.010957614
0,0,0.010349625
0,0,0.010146309
0,0,0.009767471
0,0,0.010492789
0,0,0.011402273
0,0,0.011497495
0,0,0.011739996
0,0,0.011683866
0,0,0.011806499
0,0,0.011961234
0,0,0.011634117
0,0,0.012492764
0,0,0.014242872
0,0,0.016341923
0,0,0.016403718
0,0,0.017626645
0,0,0.019497572
0,0,0.018853506
0,0,0.018376546
0,0,0.017862638
0,0,0.016907144
0,0,0.016383471
0,0,0.042579617
0,0,0.0457884
0,0,0.06792469
0,0,0.11605765
0,0,0.2222138
0,0,0.2195641
0,0,0.21508573
0,0,0.21315628
0,0,0.20963259
0,0,0.20629378
0,0,0.20452243
0,0,0.20463215
0,0,0.20500717
0,0,0.19947584
0,0,0.1981175
0,0,0.19396904
0,0,0.19859074
0,0,0.20858365
0,0,0.21388407
0,0,0.21603401
0,0,0.21345995
0,0,0.20964181
0,0,0.20314868
0,0,0.20158373
0,0,0.2021749
0,0,0.20222774
0,0,0.20215327
0,0,0.20122966
0,0,0.2052655
0,0,0.20992184
0,0,0.21376191
0,0,0.21593182
0,0,0.21033692
0,0,0.20871189
0,0,0.2059032
0,0,0.20794141
0,0,0.21115373
0,0,0.21126632
0,0,0.21118928
0,0,0.21062283
0,0,0.2106323
0,0,0.21211213
0,0,0.21374999
0,0,0.21481638
0,0,0.21529506
0,0,0.21484731
0,0,0.2174186
0,0,0.21581137
0,0,0.21194258
0,0,0.20623042
0,0,0.20432411
0,0,0.19919957
0,0,0.19907027
0,0,0.20176871
0,0,0.20269318
0,0,0.20163089
0,0,0.2006906
0,0,0.20135157
0,0,0.20079505
0,0,0.20303854
0,0,0.20864633
0,0,0.21574792
0,0,0.21846202
0,0,0.21886982
0,0,0.2204247
0,0,0.21975918
0,0,0.2176484
0,0,0.21592268
0,0,0.21533969
0,0,0.21255815
0,0,0.2100638
0,0,0.20955943
0,0,0.20752177
0,0,0.20668127
0,0,0.2074006
0,0,0.20833625
0,0,0.20888546
0,0,0.20976643
0,0,0.21187486
0,0,0.21448396
0,0,0.2153589
0,0,0.21841452
0,0,0.21896885
0,0,0.21977745
0,0,0.21845718
0,0,0.21879219
0,0,0.21711981
0,0,0.21844038
0,0,0.21871868
0,0,0.21879865
0,0,0.21915996
0,0,0.21758878
0,0,0.21544744
0,0,0.21583155
0,0,0.21447913
0,0,0.21411915
0,0,0.21402809
0,0,0.21326919
0,0,0.21153295
0,0,0.21190235
0,0,0.21446192
0,0,0.21350282
0,0,0.21604007
0,0,0.21594603
0,0,0.218815
0,0,0.21752289
0,0,0.22357203
0,0,0.22588646
0,0,0.22549826
0,0,0.22433767
0,0,0.22344811
0,0,0.22333653
0,0,0.2226994
0,0,0.22168456
0,0,0.22186542
0,0,0.22225295
0,0,0.2215442
0,0,0.22161654
0,0,0.22273098
0,0,0.22366506
0,0,0.22276627
0,0,0.22134775
0,0,0.22202232
0,0,0.22295474
0,0,0.22230597
0,0,0.2237325
0,0,0.22606069
0,0,0.22535662
0,0,0.22434863
0,0,0.22375803
0,0,0.22309868
0,0,0.22098665
0,0,0.22040822
0,0,0.22008145
0,0,0.21854718
0,0,0.21627662
0,0,0.21514472
0,0,0.21529225
0,0,0.21438548
0,0,0.20906396
0,0,0.20318127
0,0,0.1995084
0,0,0.19669214
0,0,0.19876958
0,0,0.20996144
0,0,0.21950611
0,0,0.21971194
0,0,0.22160783
0,0,0.22505386
0,0,0.22411099
0,0,0.22204234
0,0,0.22180201
0,0,0.22233464
0,0,0.22237538
0,0,0.22237502
0,0,0.22351865
0,0,0.22293064
0,0,0.22279112
0,0,0.22108082
0,0,0.22062041
0,0,0.22160336
0,0,0.22142044
0,0,0.22142161
0,0,0.22253777
0,0,0.22179136
0,0,0.22146845
0,0,0.22052808
0,0,0.21964008
0,0,0.21823205
0,0,0.21786568
0,0,0.21873496
0,0,0.22018357
0,0,0.22302376
0,0,0.22324505
0,0,0.039929
0,0,0.04689152
0,0,0.11189491
0,0,0.19363306
0,0,0.4350511
0,0,0.42736548
0,0,0.4392119
0,0,0.47747606
0,1,0.5038212
0,1,0.5118215
0,1,0.53657347
1,1,0.5172459
1,0,0.49443984
1,1,0.50911427
1,1,0.5206643
1,1,0.5527071
1,1,0.57420605
1,1,0.58344305
1,1,0.5829959
1,1,0.58632374
1,1,0.5870355
1,1,0.57234925
1,1,0.56896883
1,1,0.56106037
1,1,0.52541935
1,0,0.49390447
1,0,0.464551
1,0,0.44093847
1,0,0.4179649
1,0,0.45287555
1,0,0.49330506
1,0,0.48838243
1,0,0.48007965
1,0,0.47607282
1,0,0.49867478
1,1,0.51948386
1,1,0.5353347
1,1,0.5423027
1,1,0.53441757
1,1,0.51108754
1,0,0.49581146
1,0,0.49846974
1,1,0.500126
1,0,0.49959505
1,1,0.5033655
1,1,0.50093627
1,1,0.8228902
1,1,0.88700587
1,1,0.9205165
1,1,0.92357755
1,1,0.87218636
1,1,0.8686894
1,1,0.8863815
1,1,0.8994138
1,1,0.90074784
1,1,0.89684796
1,1,0.9023617
1,1,0.8887903
1,1,0.87605804
1,1,0.867628
1,1,0.8705634
1,1,0.8704871
1,1,0.84991324
1,1,0.79521006
1,1,0.7034686
1,1,0.7038507
1,1,0.7925897
1,1,0.77184266
1,1,0.67186457
1,1,0.69126755
1,1,0.7510668
1,1,0.7738997
1,1,0.7602021
1,1,0.7466479
1,1,0.7327254
1,1,0.71755993
1,1,0.7292155
1,1,0.74401945
1,1,0.8148269
1,1,0.8347454
1,1,0.85105497
1,1,0.8512541
1,1,0.8500799
1,1,0.8419489
1,1,0.77077013
1,1,0.7151983
1,1,0.7285892
1,1,0.6660049
1,1,0.5441544
1,0,0.4107594
1,1,0.50306517
1,1,0.75157744
1,1,0.8402047
1,1,0.8593462
1,1,0.81259775
1,1,0.8126796
1,1,0.8171243
1,1,0.83390665
1,1,0.86820143
1,1,0.87556285
1,1,0.8711945
0,1,0.7295549
0,1,0.5398837
0,0,0.33975962
0,0,0.2835739
0,0,0.35821992
0,0,0.27510116
0,0,0.20988558
0,0,0.17015284
0,0,0.19131844
0,0,0.21762231
0,0,0.3087816
0,0,0.39978242
0,0,0.44111815
0,0,0.46230227
0,0,0.4447929
0,0,0.41577595
0,0,0.40649244
0,0,0.414056
0,0,0.42168218
0,0,0.4165061
0,0,0.40652692
0,0,0.3971009
0,0,0.3890384
0,0,0.39154392
0,0,0.39357004
0,0,0.38286528
0,0,0.37578753
0,0,0.39659098
0,0,0.42040312
1,1,0.7625712
1,1,0.8306323
1,1,0.871545
1,1,0.87012845
1,1,0.7659286
1,1,0.7664326
1,1,0.8079926
1,1,0.84941196
1,1,0.8843105
1,1,0.880742
1,1,0.81128097
1,1,0.6732994
1,1,0.608847
1,1,0.6489061
1,1,0.5288761
1,1,0.7424613
1,1,0.7975506
1,1,0.73732936
1,1,0.59549505
1,0,0.41564453
1,0,0.35221717
1,1,0.6354385
0,1,0.55738515
0,1,0.55373275
0,1,0.5551601
0,1,0.5029731
0,1,0.5422316
0,1,0.56671035
0,1,0.57214904
0,1,0.56399614
0,1,0.55017704
0,1,0.5349745
0,1,0.53973
0,1,0.54505503
0,1,0.5448803
0,1,0.5362974
0,1,0.5290348
0,1,0.5363226
0,1,0.5367029
0,1,0.54279727
0,1,0.546771
0,1,0.54079455
0,1,0.5231145
0,1,0.5028299
0,0,0.49842227
0,0,0.49266967
0,0,0.48336807
0,0,0.48118505
0,0,0.49293426
0,1,0.51769364
0,1,0.52923006
0,1,0.5218732
0,1,0.52448034
0,1,0.52693456
0,1,0.5265651
1,1,0.52633977
1,1,0.538377
1,1,0.55228
1,1,0.5573469
1,1,0.5558744
1,1,0.5493853
1,1,0.5388767
1,1,0.5322906
1,1,0.52351
1,0,0.49102426
1,1,0.51583713
1,1,0.54152
1,1,0.52357686
1,1,0.52495676
1,1,0.55218273
1,1,0.58585215
1,1,0.62356293
1,1,0.64179456
1,1,0.6507371
1,1,0.6540923
1,1,0.64703655
1,1,0.6330183
0,0,0.02067185
0,0,0.019860873
0,0,0.020694565
0,0,0.022879327
0,0,0.015022565
0,0,0.01654479
0,0,0.018528234
0,0,0.018096603
0,0,0.01829303
0,0,0.018003518
0,0,0.016760003
0,0,0.017367363
0,0,0.020844553
0,0,0.022951785
0,0,0.02633571
0,0,0.03158503
0,0,0.03742756
0,0,0.03764728
0,0,0.03840724
0,0,0.039656922
0,0,0.039214585
0,0,0.03791183
0,0,0.03474075
0,0,0.032941256
0,0,0.030405834
0,0,0.028126167
0,0,0.02546764
0,0,0.023986336
0,0,0.022645442
0,0,0.021105368
0,0,0.020344438
0,0,0.019952565
0,0,0.019294877
0,0,0.018730007
0,0,0.018338384
0,0,0.017772347
0,0,0.0168302
0,0,0.01572205
0,0,0.014586583
0,0,0.013706596
0,0,0.012921052
0,0,0.012555239
0,0,0.012470384
0,0,0.012444432
0,0,0.012166859
0,0,0.012202384
1,0,0.028838536
1,0,0.045466613
1,0,0.096169665
1,0,0.17808017
1,0,0.1840144
1,0,0.21660869
1,0,0.24516478
1,0,0.24777548
1,0,0.25456825
1,0,0.25894383
1,0,0.2670658
0,0,0.25475582
0,0,0.26710966
0,0,0.3037761
0,0,0.26765236
0,0,0.25415906
0,0,0.28204793
0,0,0.26360786
0,0,0.2656101
0,0,0.2802694
0,0,0.25048542
0,0,0.23347558
1,0,0.2022962
1,0,0.1887064
1,0,0.18462183
1,0,0.16302736
1,0,0.1636737
1,0,0.1835912
1,0,0.18375352
1,0,0.17637318
1,0,0.17888759
1,0,0.18147351
1,0,0.17980243
1,0,0.20761935
1,0,0.22339521
1,0,0.2224551
1,0,0.22181082
1,0,0.20376603
1,0,0.20327687
1,0,0.22266585
1,0,0.23035127
1,0,0.23429884
1,0,0.2588792
1,0,0.26840588
0,0,0.24813864
0,0,0.21394244
0,0,0.13905473
0,0,0.09318212
0,0,0.081112005
0,0,0.07930712
0,0,0.07324295
0,0,0.07132762
0,0,0.075228706
0,0,0.08123089
0,0,0.08407413
0,0,0.047999598
0,0,0.03850715
0,0,0.031740334
0,0,0.0280478
0,0,0.023530632
0,0,0.023290558
0,0,0.02330201
0,0,0.022768686
0,0,0.02351888
0,0,0.024619814
0,0,0.024563871
0,0,0.024580993
0,0,0.025965827
0,0,0.025948387
0,0,0.025348548
0,0,0.024568608
0,0,0.0228413
0,0,0.019856254
0,0,0.018572256
0,0,0.018469526
0,0,0.017477414
0,0,0.016394425
0,0,0.015821794
0,0,0.015336655
0,0,0.014381329
0,0,0.013573751
0,0,0.013385781
0,0,0.013170439
0,0,0.012824052
1,0,0.027579643
1,0,0.050691202
1,0,0.12153501
1,0,0.21602727
1,0,0.22738555
1,0,0.2239575
1,0,0.2316548
1,0,0.23391367
1,0,0.2927272
1,0,0.31379786
1,0,0.33112973
1,0,0.33882388
1,0,0.31710935
1,0,0.26618892
1,0,0.21356165
1,0,0.2064465
1,0,0.18932424
1,0,0.20591626
1,0,0.22382946
1,0,0.24115956
1,0,0.25723985
1,0,0.26370692
0,0,0.12841736
0,0,0.06285622
0,0,0.033092875
0,0,0.022176541
0,0,0.019159151
0,0,0.02247252
0,0,0.027366068
0,0,0.031634793
0,0,0.033209432
0,0,0.03504922
0,0,0.03784178
0,0,0.03914087
0,0,0.04074296
0,0,0.041586235
0,0,0.039507084
0,0,0.036755636
0,0,0.034211826
0,0,0.033899102
0,0,0.031986106
0,0,0.029440472
0,0,0.027681246
0,0,0.0260572
0,0,0.02543865
0,0,0.025539842
0,0,0.026261043
0,0,0.02961459
0,0,0.032541733
0,0,0.032319207
0,0,0.03053226
0,0,0.03053703
0,0,0.031736102
0,0,0.032747075
0,0,0.03244136
1,0,0.032005925
1,0,0.027515186
1,0,0.024178505
1,0,0.021055594
1,0,0.01906081
1,0,0.021294624
1,0,0.023463788
1,0,0.022806982
1,0,0.021059658
1,0,0.020612454
1,0,0.019897798
1,0,0.01940949
1,0,0.019808244
1,0,0.020435834
1,0,0.021088261
1,0,0.022207275
1,0,0.02333313
1,0,0.02332183
1,0,0.022819005
1,0,0.023333695
1,0,0.023421653
1,0,0.023817562
0,0,0.04228907
0,0,0.05224599
0,0,0.07129357
0,0,0.13262407
0,0,0.23386852
0,0,0.23618531
0,0,0.23350456
0,0,0.23164335
0,0,0.22900324
0,0,0.22896801
0,0,0.22841671
0,0,0.21759443
0,0,0.21067774
0,0,0.19777092
0,0,0.19115348
0,0,0.1839663
0,0,0.18330403
0,0,0.18122154
0,0,0.181153
0,0,0.18025789
0,0,0.17677699
0,0,0.18007477
0,0,0.18290156
0,0,0.18334746
0,0,0.18696788
0,0,0.19077505
0,0,0.1910702
0,0,0.19103934
0,0,0.19173343
0,0,0.19628498
0,0,0.20451023
0,0,0.20901243
0,0,0.2074592
0,0,0.20327465
0,0,0.1987599
0,0,0.1986597
0,0,0.20266084
0,0,0.20783235
0,0,0.2128775
0,0,0.21304335
0,0,0.21468334
0,0,0.21350956
0,0,0.21626246
0,0,0.22076829
0,0,0.21880078
0,0,0.21492755
1,0,0.21842568
1,0,0.22296458
1,0,0.2255828
1,0,0.22838366
1,0,0.23719211
1,0,0.23514424
1,0,0.23367241
1,0,0.2346976
1,0,0.2333074
1,0,0.23076572
1,0,0.22960319
1,0,0.23021315
1,0,0.23145431
1,0,0.23104233
1,0,0.23092736
1,0,0.23008795
1,0,0.23189236
1,0,0.22958174
1,0,0.2282161
1,0,0.22992681
1,0,0.22910115
1,0,0.22655207
1,0,0.23039265
1,0,0.23012461
1,0,0.22619134
1,0,0.22523263
1,0,0.22742505
1,0,0.22284675
1,0,0.22558247
1,0,0.23173797
1,0,0.23231171
1,0,0.23207733
1,0,0.2308593
1,0,0.22958834
1,0,0.22738619
1,0,0.23075943
1,0,0.23437874
1,0,0.23835911
1,0,0.24053705
1,0,0.23935202
1,0,0.23770754
1,0,0.2370411
1,0,0.23594326
1,0,0.23587069
0,0,0.23732996
0,0,0.23793918
0,0,0.23755327
0,0,0.23772094
0,0,0.23771144
0,0,0.2359055
0,0,0.23562305
0,0,0.2353193
0,0,0.2329926
0,0,0.23071392
0,0,0.23186497
1,0,0.22470167
1,0,0.21399495
1,0,0.20196973
1,0,0.1947147
1,0,0.18856409
1,0,0.19061649
1,0,0.19427322
1,0,0.1932765
1,0,0.1844221
1,0,0.17386578
1,0,0.16836628
1,0,0.16716881
1,0,0.167474
1,0,0.17735152
1,0,0.18255693
1,0,0.18277381
1,0,0.18552607
1,0,0.18340895
1,0,0.18516862
1,0,0.18974897
1,0,0.1923799
1,0,0.19135101
1,0,0.1863714
1,0,0.180637
1,0,0.17854065
1,0,0.1789741
1,0,0.18042572
1,0,0.18229648
1,0,0.18178453
1,0,0.18700586
1,0,0.19460127
1,0,0.20465459
1,0,0.21724974
1,0,0.23691416
1,0,0.23560457
1,0,0.23444568
1,0,0.23398489
1,0,0.23169993
1,0,0.23089056
1,0,0.2305733
0,0,0.23107994
0,0,0.2329356
0,0,0.23486803
0,0,0.23467308
0,0,0.23533179
0,0,0.23522362
0,0,0.23541369
0,0,0.23400478
0,0,0.2311957
0,0,0.23076335
0,0,0.23242328
0,0,0.22943835
0,0,0.22899206
0,0,0.22798587
0,0,0.22616121
0,0,0.22522317
0,0,0.22134507
0,0,0.21574795
0,0,0.20984839
0,0,0.20965376
0,0,0.21090871
0,0,0.21668388
0,0,0.22482939
0,0,0.22892424
0,0,0.2256015
0,0,0.22215706
0,0,0.21932465
0,0,0.21865584
0,0,0.21960959
0,0,0.22313468
0,0,0.22769412
0,0,0.22883712
0,0,0.22756898
0,0,0.22670892
0,0,0.22472331
0,0,0.22200242
0,0,0.22081949
0,0,0.22107175
0,0,0.22117136
0,0,0.22233556
0,0,0.22518848
0,0,0.22688101
0,0,0.22714166
0,0,0.22653727
0,0,0.22372615
0,0,0.22412537
0,0,0.22340338
0,0,0.22725002
0,0,0.22068037
0,0,0.22235158
0,0,0.21843389
0,0,0.22057676
0,0,0.21652503
0,0,0.21628809
0,0,0.21746631
0,0,0.21695681
0,0,0.21486995
0,0,0.21590309
0,0,0.21432766
0,0,0.20914038
0,0,0.20659809
0,0,0.20805371
0,0,0.21050714
0,0,0.21988384
0,0,0.22179359
0,0,0.21618718
0,0,0.041465722
0,0,0.05253931
0,0,0.072559595
0,0,0.13535696
0,0,0.21198043
0,0,0.2138691
0,0,0.21400633
0,0,0.21916294
0,0,0.22233862
0,0,0.22035138
0,0,0.21452388
1,0,0.19628444
1,0,0.17560221
1,0,0.16203275
1,0,0.15657905
1,0,0.16000314
1,0,0.16465837
1,0,0.17370005
1,0,0.17810999
1,0,0.17825219
1,0,0.17301634
1,0,0.16952977
1,0,0.17128225
1,0,0.17117047
1,0,0.17898963
1,0,0.1876687
1,0,0.19845279
1,0,0.20077734
1,0,0.19864817
1,0,0.19398919
1,0,0.1898297
1,0,0.18893825
1,0,0.18867059
1,0,0.18893218
1,0,0.18849763
1,0,0.18643671
1,0,0.1850328
1,0,0.18822132
1,0,0.19526003
1,0,0.19945906
1,0,0.19981834
1,0,0.19826183
1,0,0.19736664
1,0,0.19673236
1,0,0.19523428
1,0,0.19328907
0,0,0.43162212
0,1,0.5087744
0,1,0.57056886
0,1,0.6317868
0,1,0.5660006
0,1,0.5522903
0,1,0.54260933
0,1,0.53927773
0,1,0.52984375
0,1,0.5270431
0,1,0.5176124
0,0,0.4897699
0,0,0.47708693
0,0,0.4795568
0,1,0.5195815
0,1,0.5317269
0,1,0.5341996
0,1,0.51948494
0,1,0.5089278
0,1,0.5127376
0,1,0.51861995
0,1,0.52215225
0,1,0.5563671
0,1,0.55571043
0,1,0.56154436
0,1,0.56862533
0,1,0.5241531
0,1,0.5159307
0,1,0.5174202
0,1,0.50546056
0,1,0.50461376
0,1,0.5154905
0,1,0.50719666
1,1,0.53339785
1,1,0.53495985
1,1,0.5218535
1,1,0.5164025
1,0,0.49350542
1,1,0.51018375
1,1,0.5156322
1,1,0.52250177
1,1,0.50529414
1,0,0.48393214
1,0,0.45563948
0,0,0.4871744
0,1,0.50989044
0,1,0.53330356
0,1,0.56285626
0,1,0.5280885
0,1,0.5206453
0,1,0.5379622
0,1,0.5337135
0,1,0.52454364
0,1,0.5390785
0,1,0.5033333
0,0,0.4387639
0,0,0.3690361
0,0,0.28287643
0,0,0.21576205
0,0,0.17822924
0,0,0.17171432
0,0,0.18032765
0,0,0.20199296
0,0,0.2108362
0,0,0.21001318
0,0,0.21050519
0,0,0.20664711
0,0,0.20107423
0,0,0.1996349
0,0,0.20231867
0,0,0.20140602
0,0,0.20899722
0,0,0.2156826
0,0,0.21193157
0,0,0.20642042
0,0,0.20249969
0,0,0.20134054
0,0,0.19978976
0,0,0.20226358
0,0,0.20475222
0,0,0.20374613
0,0,0.20317042
0,0,0.20305507
0,0,0.20283967
1,0,0.48012754
1,1,0.5192541
1,1,0.5650452
1,1,0.6112215
1,1,0.5063249
1,1,0.5349684
1,1,0.5506838
1,1,0.54314333
1,1,0.52761424
1,1,0.5082157
1,0,0.48869857
1,1,0.53893363
1,1,0.55095977
1,1,0.55833983
1,1,0.5767471
1,1,0.5343569
1,1,0.52997947
1,1,0.51255876
1,1,0.5192345
1,1,0.5251555
1,1,0.5368545
1,1,0.557816
1,0,0.47098228
1,0,0.39295986
1,0,0.33198354
1,0,0.26676586
1,0,0.21598534
1,0,0.21425371
1,0,0.21260366
1,0,0.21101277
1,0,0.21213023
1,0,0.2137843
1,0,0.21522167
1,0,0.2173819
1,0,0.21745323
1,0,0.2168691
1,0,0.21378268
1,0,0.2125546
1,0,0.21203727
1,0,0.21179627
1,0,0.20885582
1,0,0.20526715
1,0,0.20307168
1,0,0.20360842
1,0,0.20069844
1,0,0.20495638
1,0,0.20811257
1,0,0.20767982
1,0,0.20359738
1,0,0.20331357
1,0,0.20029639
1,0,0.19752036
1,0,0.19759612
1,0,0.20208885
1,0,0.21325547
1,0,0.21624364
1,0,0.2142438
1,0,0.21088503
1,0,0.20870483
1,0,0.20390971
1,0,0.20509665
1,0,0.20751382
1,0,0.20840193
1,0,0.21043162
1,0,0.2123038
1,0,0.21153228
1,0,0.21039931
1,0,0.21130084
1,0,0.21139084
1,0,0.20933726
1,0,0.20954274
1,0,0.21103097
1,0,0.21186222
1,0,0.2108474
1,0,0.20910324
1,0,0.20503381
1,0,0.20106578
0,0,0.15189394
0,0,0.079109386
0,0,0.043060582
0,0,0.024547404
0,0,0.020686744
0,0,0.022153229
0,0,0.022686718
0,0,0.022643507
0,0,0.023092464
0,0,0.023666874
0,0,0.023908196
0,0,0.023888584
0,0,0.02396252
0,0,0.023695353
0,0,0.02304595
0,0,0.023679383
0,0,0.024474874
0,0,0.024192184
0,0,0.023888158
0,0,0.023623079
0,0,0.023126116
0,0,0.02294074
0,0,0.022760734
0,0,0.022423068
0,0,0.022375798
0,0,0.022584094
0,0,0.022488892
0,0,0.022528565
0,0,0.022610882
0,0,0.022540467
0,0,0.022499036
0,0,0.02262735
0,0,0.022650894
0,0,0.022525292
0,0,0.022435715
0,0,0.022372138
0,0,0.022494974
0,0,0.022643683
0,0,0.022761537
0,0,0.022536686
0,0,0.022385001
0,0,0.022361325
0,0,0.022272477
0,0,0.022264777
0,0,0.022207906
0,0,0.02243843
1,0,0.2393781
1,0,0.3770269
1,1,0.5183149
1,1,0.58974147
1,0,0.38102296
1,0,0.3876961
1,0,0.42046592
1,0,0.42516056
1,0,0.42959112
1,0,0.42294458
1,0,0.40158597
1,0,0.37124175
1,0,0.38481426
1,0,0.40175498
1,0,0.41904768
1,0,0.40646356
1,0,0.41723928
1,0,0.39066148
1,0,0.35792813
1,0,0.36538982
1,0,0.3605355
1,0,0.36661983
0,0,0.3670718
0,0,0.39355466
0,0,0.39874074
0,0,0.41731817
0,0,0.42219606
0,0,0.3902821
0,0,0.36082807
0,0,0.34842205
0,0,0.39773482
0,1,0.50013596
0,0,0.4955001
0,0,0.44115293
0,0,0.36720136
0,0,0.3246356
0,0,0.34494707
0,0,0.36559734
0,0,0.40540898
0,0,0.4117094
0,0,0.3851895
0,0,0.48848775
0,0,0.45532453
0,0,0.441331
0,1,0.548115
0,1,0.5596806
0,1,0.5938996
0,1,0.6125298
0,1,0.59868467
0,1,0.5903481
0,1,0.61503845
0,1,0.6219981
0,1,0.522026
0,1,0.50672287
0,1,0.5288025
0,0,0.36192763
0,0,0.17189378
0,0,0.086330466
0,0,0.048970114
0,0,0.033249453
0,0,0.03231291
0,0,0.030244635
0,0,0.028680593
0,0,0.027832815
0,0,0.026892928
0,0,0.02631343
0,0,0.025898615
0,0,0.025629938
0,0,0.025200084
0,0,0.024723437
0,0,0.02418792
0,0,0.02386993
0,0,0.023795072
0,0,0.023553552
0,0,0.023330385
0,0,0.022675462
0,0,0.022499844
0,0,0.02303307
0,0,0.023394857
0,0,0.02327207
0,0,0.023980936
0,0,0.024840603
0,0,0.024771076
0,0,0.024638241
1,0,0.24001358
1,0,0.4196435
1,1,0.57757694
1,1,0.6566214
1,0,0.49579018
1,0,0.47816926
1,0,0.42758757
1,0,0.38665947
1,0,0.37538156
1,0,0.37809306
1,0,0.4211548
0,0,0.44444144
0,0,0.39279184
0,0,0.3684998
0,0,0.34600934
0,0,0.39840245
0,0,0.4533343
0,0,0.47038785
0,0,0.48325515
0,0,0.493033
0,0,0.48829812
0,1,0.50269413
0,0,0.25314206
0,0,0.11184532
0,0,0.054424513
0,0,0.03456314
0,0,0.024172792
0,0,0.024012038
0,0,0.024082882
0,0,0.024292681
0,0,0.02426165
0,0,0.024000665
0,0,0.02366667
0,0,0.02324128
0,0,0.022708924
0,0,0.022523558
0,0,0.022660905
0,0,0.022298304
0,0,0.02240292
0,0,0.022863483
0,0,0.02302416
0,0,0.022989716
0,0,0.022859644
0,0,0.022901341
0,0,0.022911238
0,0,0.022912621
0,0,0.02301261
0,0,0.023086496
0,0,0.022946278
0,0,0.022927154
0,0,0.023210673
0,0,0.023103142
0,0,0.02291451
0,0,0.023048552
0,0,0.023242509
0,0,0.023027088
0,0,0.023552353
0,0,0.02506992
0,0,0.027245037
0,0,0.026333608
0,0,0.02694432
0,0,0.026902013
0,0,0.026428727
0,0,0.025561603
0,0,0.025193322
0,0,0.025276737
0,0,0.025192136
0,0,0.025047518
0,0,0.024554167
0,0,0.024097506
0,0,0.023893367
0,0,0.023623832
0,0,0.02337955
0,0,0.02320562
0,0,0.023061208
0,0,0.023048868
0,0,0.023172606
0,0,0.02282338
0,0,0.026797546
0,0,0.03227095
0,0,0.031084515
0,0,0.030472511
0,0,0.03318104
0,0,0.030892478
0,0,0.026956156
0,0,0.024938526
0,0,0.022247816
0,0,0.019970924
0,0,0.017312462
0,0,0.0146154165
0,0,0.014025818
0,0,0.0147771165
0,0,0.015164418
0,0,0.017894821
0,0,0.022778507
0,0,0.027145851
0,0,0.030294107
0,0,0.024876729
0,0,0.019543689
0,0,0.018296668
0,0,0.015995676
0,0,0.01798936
0,0,0.017797736
0,0,0.018589264
0,0,0.019448329
0,0,0.018716462
0,0,0.019677553
0,0,0.01876681
0,0,0.016870711
0,0,0.016838582
0,0,0.016199863
0,0,0.014919589
0,0,0.016266678
0,0,0.016017158
0,0,0.014656354
0,0,0.0139456345
0,0,0.013704132
0,0,0.014129488
0,0,0.0146601135
0,0,0.014769509
0,0,0.014740202
0,0,0.0153121045
0,0,0.015839592
1,0,0.41491303
1,1,0.6989427
1,1,0.7777917
1,1,0.7896983
1,1,0.7465381
1,1,0.7398705
1,1,0.7675648
1,1,0.78005725
1,1,0.7679449
1,1,0.78170586
1,1,0.79936695
1,1,0.8223073
1,1,0.8193967
1,1,0.81512517
1,1,0.80342895
1,1,0.8015582
1,1,0.7751309
1,1,0.7299335
1,1,0.6733121
1,1,0.6459942
1,1,0.6464187
1,1,0.69819725
1,1,0.8019645
1,1,0.8199446
1,1,0.8375216
1,1,0.8284899
1,1,0.8083539
1,1,0.7832886
1,1,0.7559984
1,1,0.63270545
1,1,0.60638463
1,1,0.67390364
1,1,0.70570844
1,1,0.7171668
1,1,0.7100063
1,1,0.6635859
1,1,0.6763
1,1,0.62214476
1,1,0.56080174
1,1,0.673475
1,1,0.71267694
1,1,0.7666432
1,1,0.80117327
1,1,0.77208346
0,1,0.7522791
0,1,0.77595353
0,1,0.77928156
0,1,0.7655857
0,1,0.7376556
0,1,0.67321557
0,1,0.7046665
0,1,0.74185807
0,1,0.7579574
0,1,0.76887655
0,1,0.75857985
0,1,0.60631317
0,0,0.38095653
0,0,0.18112102
0,0,0.066211015
0,0,0.02441915
0,0,0.023363257
0,0,0.027312936
0,0,0.031469207
0,0,0.039300118
0,0,0.035354372
0,0,0.032422718
0,0,0.030972853
0,0,0.02955818
0,0,0.027471008
0,0,0.026377264
0,0,0.022346485
0,0,0.018860433
0,0,0.018202454
0,0,0.017477455
0,0,0.017432861
0,0,0.017605478
0,0,0.018271971
0,0,0.01845576
0,0,0.017260587
0,0,0.015579135
0,0,0.015620682
0,0,0.015538644
0,0,0.015531002
0,0,0.015056051
1,0,0.31694376
1,1,0.5938534
1,1,0.7315345
1,1,0.76949877
1,1,0.7272193
1,1,0.73441327
1,1,0.7166957
1,1,0.72395223
1,1,0.7268082
1,1,0.70222336
1,1,0.7466548
0,1,0.74957496
0,1,0.73617345
0,1,0.7722805
0,1,0.7797001
0,1,0.75127023
0,1,0.7124544
0,1,0.5731339
0,0,0.43182057
0,1,0.5760584
0,1,0.7223717
0,1,0.7924849
0,1,0.75692546
0,1,0.53381866
0,0,0.21758112
0,0,0.05722036
0,0,0.016548729
0,0,0.01597341
0,0,0.0160697
0,0,0.015769336
0,0,0.01529481
0,0,0.014693006
0,0,0.014146918
0,0,0.013903851
0,0,0.014125681
0,0,0.014382058
0,0,0.01455114
0,0,0.014439314
0,0,0.013866647
0,0,0.013117203
0,0,0.013137446
0,0,0.013829621
0,0,0.014019616
0,0,0.013789865
0,0,0.013987861
0,0,0.014932952
0,0,0.01617109
0,0,0.016974844
0,0,0.01754825
0,0,0.017356087
0,0,0.01714261
0,0,0.016909325
0,0,0.016950974
0,0,0.017684894
0,0,0.01839211
0,0,0.01735521
0,0,0.017597167
0,0,0.017695399
0,0,0.018272795
0,0,0.019161751
0,0,0.01910822
0,0,0.017954485
0,0,0.016656589
0,0,0.016320122
0,0,0.017239552
0,0,0.01828252
0,0,0.017756805
0,0,0.016719332
0,0,0.015950108
0,0,0.016265096
0,0,0.01713295
0,0,0.017453277
0,0,0.016573753
0,0,0.01588514
0,0,0.015934622
0,0,0.016116282
0,0,0.015859941
0,0,0.061964698
0,0,0.07798211
0,0,0.129211
0,0,0.20209748
0,0,0.35669556
0,0,0.3438742
0,0,0.34567654
0,0,0.35317197
0,0,0.3506988
0,0,0.340354
0,0,0.35424298
0,0,0.36861202
0,0,0.3638473
0,0,0.36987808
0,0,0.36903265
0,0,0.3895154
0,0,0.3622084
0,0,0.36527938
0,0,0.37143826
0,0,0.38103816
0,0,0.366448
0,0,0.37325174
0,0,0.37376863
0,0,0.36736977
0,0,0.36317283
0,0,0.35351962
0,0,0.34961188
0,0,0.3517154
0,0,0.3550715
0,0,0.35659233
0,0,0.3574941
0,0,0.3559911
0,0,0.3440727
0,0,0.33801305
0,0,0.3401596
0,0,0.35243982
0,0,0.3608707
0,0,0.38608983
0,0,0.38948843
0,0,0.391414
0,0,0.38335714
0,0,0.36004165
0,0,0.3549412
0,0,0.34978166
0,0,0.34862757
0,0,0.34581608
0,0,0.3569353
0,0,0.3735739
0,0,0.37660456
0,0,0.3756586
0,0,0.38272247
0,0,0.3897985
0,0,0.37062272
0,0,0.3697997
0,0,0.37814963
0,0,0.3723297
0,0,0.38379198
1,0,0.39710933
1,0,0.40133244
1,0,0.3989555
1,0,0.3694232
1,0,0.3707461
1,0,0.3721388
1,0,0.37127402
1,0,0.36620733
1,0,0.352026
1,0,0.3646497
1,0,0.36117724
1,0,0.3687551
1,0,0.38250095
1,0,0.4002957
1,0,0.37485564
1,0,0.39087456
1,0,0.3581171
1,0,0.35033146
1,0,0.3473446
1,0,0.35173783
1,0,0.35246757
1,0,0.35385895
0,0,0.3583081
0,0,0.35496584
0,0,0.35512224
0,0,0.3600394
0,0,0.39621633
0,0,0.37116045
0,0,0.3645652
0,0,0.3523072
0,0,0.34443578
0,0,0.3486927
0,0,0.3419492
1,0,0.35303783
1,0,0.36399725
1,0,0.3532881
1,0,0.3580667
1,0,0.35738817
1,0,0.36551028
1,0,0.36792678
1,0,0.36664972
1,0,0.36745605
1,0,0.3760702
1,0,0.38640118
0,0,0.3865218
0,0,0.38493705
0,0,0.36984432
0,0,0.36620665
0,0,0.35138756
0,0,0.33075836
0,0,0.3261838
0,0,0.32758537
0,0,0.32019183
0,0,0.31877604
0,0,0.32434654
0,0,0.32866716
0,0,0.33284485
0,0,0.3412768
0,0,0.35224304
0,0,0.3514906
0,0,0.34657907
0,0,0.34788087
0,0,0.3407854
0,0,0.33105305
0,0,0.3329939
0,0,0.3328283
0,0,0.33691552
0,0,0.33933377
0,0,0.34468317
0,0,0.34213358
0,0,0.33601013
0,0,0.33254698
0,0,0.32688156
1,0,0.32356864
1,0,0.32477427
1,0,0.334589
1,0,0.350951
1,0,0.3636499
1,0,0.369748
1,0,0.39087272
1,0,0.39224043
1,0,0.38403025
1,0,0.39289477
1,0,0.4064516
1,0,0.40696862
1,0,0.40156248
1,0,0.38809028
1,0,0.37661362
1,0,0.34753102
1,0,0.340367
1,0,0.34469146
1,0,0.34820738
1,0,0.34648457
1,0,0.3442293
1,0,0.34575573
0,0,0.3412996
0,0,0.3377689
0,0,0.34064442
0,0,0.34839016
0,0,0.34176135
0,0,0.33368108
0,0,0.33344442
0,0,0.33934823
0,0,0.34080613
0,0,0.34439626
0,0,0.3496243
0,0,0.35189357
0,0,0.35347083
0,0,0.35380313
0,0,0.34647226
0,0,0.3466047
0,0,0.34641242
0,0,0.33687082
0,0,0.3358821
0,0,0.33435172
0,0,0.3335836
0,0,0.33246154
0,0,0.3411978
0,0,0.3469792
0,0,0.3443497
0,0,0.34091324
0,0,0.33919033
0,0,0.34013477
0,0,0.34032634
0,0,0.34208927
0,0,0.34254757
0,0,0.3531292
0,0,0.35260797
0,0,0.35103682
0,0,0.35625377
0,0,0.3538544
0,0,0.34880838
0,0,0.35861933
0,0,0.3526195
0,0,0.3500209
0,0,0.34602734
0,0,0.34186298
0,0,0.34395468
0,0,0.34354728
0,0,0.34745294
0,0,0.35165593
0,0,0.35164872
0,0,0.35146686
0,0,0.35307974
0,0,0.34854755
0,0,0.34915286
0,0,0.35270235
0,0,0.35565048
0,0,0.35621378
0,0,0.3594182
0,1,0.69012076
0,1,0.69206345
0,1,0.62755847
0,1,0.5131651
0,0,0.22669514
0,0,0.21209012
0,0,0.22365393
0,0,0.2627596
0,0,0.29591295
0,0,0.32538858
0,0,0.3146894
0,0,0.2735548
0,0,0.26064178
0,0,0.26753062
0,0,0.26988262
0,0,0.28468734
0,0,0.26309654
0,0,0.22355495
0,0,0.2057985
0,0,0.21297756
0,0,0.21975207
0,0,0.21578185
0,0,0.21172008
0,0,0.21852066
0,0,0.22119038
0,0,0.22044823
0,0,0.22030506
0,0,0.22262222
0,0,0.2198833
0,0,0.20499015
0,0,0.1955113
0,0,0.19897553
0,0,0.20624109
0,0,0.20643812
0,0,0.20262621
0,0,0.20487286
0,0,0.20489143
0,0,0.20362899
0,0,0.19866696
0,0,0.19789828
0,0,0.20762594
0,0,0.21636088
0,0,0.21191001
0,0,0.21301071
0,0,0.19714855
0,0,0.17549035
1,1,0.7608224
1,1,0.8543505
1,1,0.8961857
1,1,0.91749066
1,1,0.9229265
1,1,0.9157341
1,1,0.9184124
1,1,0.92019945
1,1,0.92461574
1,1,0.93358195
1,1,0.93698716
1,1,0.9325485
1,1,0.9196316
1,1,0.90847754
1,1,0.9236366
1,1,0.9313417
1,1,0.94593644
1,1,0.94122386
1,1,0.9391366
1,1,0.93835956
1,1,0.93765295
1,1,0.93892884
1,1,0.93983173
1,1,0.94325775
1,1,0.94387096
1,1,0.94539917
1,1,0.9425841
1,1,0.9443659
1,1,0.9474155
1,1,0.94843256
1,1,0.94420785
1,1,0.94342494
1,1,0.9379911
0,1,0.92113554
0,1,0.89700025
0,1,0.8717832
0,1,0.85404557
0,1,0.81918895
0,1,0.8002246
0,1,0.764404
0,1,0.7866061
0,1,0.80818003
0,1,0.8171103
0,1,0.81628805
0,1,0.9084213
0,1,0.9119039
0,1,0.9135645
0,1,0.92907953
0,1,0.92893106
0,1,0.9359553
0,1,0.94057643
0,1,0.935178
0,1,0.9276558
0,1,0.92640364
0,1,0.9244724
1,1,0.8728085
1,1,0.78555435
1,1,0.5619069
1,0,0.43410638
1,0,0.41062632
1,0,0.41064486
1,0,0.41074714
1,0,0.4162424
1,0,0.4218997
1,0,0.42860836
1,0,0.4395877
1,0,0.4452969
1,0,0.44382364
1,0,0.44023857
1,0,0.43327683
1,0,0.428812
1,0,0.41592717
1,0,0.40038314
1,0,0.39774495
1,0,0.38992298
1,0,0.39096782
1,0,0.39445052
1,0,0.39331192
1,0,0.39558834
1,0,0.39611033
1,0,0.39562145
1,0,0.40392223
1,0,0.41939262
1,0,0.4333743
1,1,0.8673511
1,1,0.89920145
1,1,0.91291314
1,1,0.91567487
1,1,0.87257993
1,1,0.9050593
1,1,0.9170652
1,1,0.92961895
1,1,0.9349443
1,1,0.9275932
1,1,0.9048005
1,1,0.9278232
1,1,0.9227476
1,1,0.9184889
1,1,0.9196344
1,1,0.8807744
1,1,0.90136886
1,1,0.9092197
1,1,0.91238797
1,1,0.91870874
1,1,0.9211009
1,1,0.92591906
0,1,0.90055376
0,1,0.7964661
0,1,0.5811327
0,0,0.34405163
0,0,0.25162995
0,0,0.25695473
0,0,0.27416047
0,0,0.29848638
0,0,0.299092
0,0,0.28938857
0,0,0.2968955
0,0,0.30898228
0,0,0.3144384
0,0,0.33341667
0,0,0.368603
0,0,0.39315116
0,0,0.38421258
0,0,0.35776022
0,0,0.3390265
0,0,0.3250128
0,0,0.3147256
0,0,0.29592463
0,0,0.2752533
0,0,0.27234903
0,0,0.27710855
0,0,0.28192523
0,0,0.27236736
0,0,0.2669684
0,0,0.26350152
0,0,0.27235037
0,0,0.27816245
0,0,0.28436533
0,0,0.27431068
0,0,0.27249423
0,0,0.28503877
0,0,0.29978913
0,0,0.34394023
0,0,0.36522847
0,0,0.36076504
0,0,0.36772472
0,0,0.37256652
0,0,0.36338383
0,0,0.36520773
0,0,0.3670999
0,0,0.34443632
0,0,0.3106951
0,0,0.30473417
0,0,0.3152989
0,0,0.30737546
0,0,0.2867678
0,0,0.27897698
0,0,0.27820563
0,0,0.29180282
0,0,0.33387205
0,0,0.3688983
0,0,0.41873047
0,1,0.57859
0,1,0.68061244
0,1,0.71027434
0,1,0.7210607
0,1,0.719272
0,1,0.7173376
0,1,0.71432716
0,1,0.7129202
0,1,0.71256465
0,1,0.7185876
0,1,0.73698217
0,1,0.75791025
0,1,0.77883244
0,1,0.78878045
0,1,0.80869734
0,1,0.79393476
0,1,0.78181285
0,1,0.7837712
0,1,0.7757989
0,1,0.76166457
0,1,0.7618648
0,1,0.75171536
0,1,0.758397
0,1,0.7731378
0,1,0.77138096
0,1,0.76411146
0,1,0.7554883
0,1,0.7533757
0,1,0.7516779
0,1,0.7446757
0,1,0.7453956
0,1,0.7541679
0,1,0.7603414
0,1,0.7650155
0,1,0.77243423
0,1,0.79266006
0,1,0.7989986
0,1,0.7926862
0,1,0.77811897
0,1,0.7511015
0,1,0.73883355
0,1,0.7450294
0,1,0.7404069
0,1,0.7297009
0,1,0.73566747
0,1,0.85984856
0,1,0.8660444
0,1,0.8763267
0,1,0.87223125
0,1,0.85634655
0,1,0.87301487
0,1,0.87727237
0,1,0.8841923
0,1,0.89228475
0,1,0.900166
0,1,0.90247947
0,1,0.90119123
0,1,0.9031464
0,1,0.91255945
0,1,0.9209833
0,1,0.91886955
0,1,0.9145368
0,1,0.9059033
0,1,0.89577216
0,1,0.89387846
0,1,0.89456254
0,1,0.8981311
0,1,0.898836
0,1,0.8999121
0,1,0.90165186
0,1,0.902043
0,1,0.89713234
0,1,0.8985198
0,1,0.9103718
0,1,0.91476965
0,1,0.91438955
0,1,0.9147222
0,1,0.9158003
0,1,0.9155281
0,1,0.92009133
0,1,0.9229552
0,1,0.9155711
0,1,0.8982591
0,1,0.8819409
0,1,0.8718522
0,1,0.875544
0,1,0.88182265
0,1,0.8905842
0,1,0.90156406
0,1,0.9146847
0,1,0.9222418
0,1,0.9260492
0,1,0.92614853
0,1,0.91646415
0,1,0.9169024
0,1,0.9157659
0,1,0.9124648
0,1,0.9130543
0,1,0.9109504
0,1,0.9069436
0,1,0.8883859
0,1,0.85545456
0,1,0.80071574
0,1,0.74996895
0,1,0.7164889
0,1,0.7259623
0,1,0.7055376
0,1,0.7057624
0,1,0.70600253
0,1,0.74077016
0,1,0.76715314
0,1,0.80139756
0,1,0.8107366
0,1,0.80871356
0,1,0.78429943
0,1,0.7398193
0,1,0.68851984
0,1,0.6776422
0,1,0.6714309
0,1,0.67277265
0,1,0.6713825
0,1,0.6675241
0,1,0.6801923
0,1,0.69989383
0,1,0.70864415
0,1,0.7099286
0,1,0.7193373
0,1,0.69628346
0,1,0.65966004
0,1,0.833053
0,1,0.8728494
0,1,0.89307606
0,1,0.9028782
0,1,0.90926945
0,1,0.9091621
0,1,0.9069275
0,1,0.9041446
0,1,0.9000274
0,1,0.8932348
0,1,0.8857361
0,1,0.8960398
0,1,0.90185374
0,1,0.9010737
0,1,0.9042737
0,1,0.9002905
0,1,0.9016203
0,1,0.9030527
0,1,0.9016053
0,1,0.90103483
0,1,0.9029743
0,1,0.90402055
0,1,0.8858541
0,1,0.8605029
0,1,0.8284632
0,1,0.78863287
0,1,0.76098883
0,1,0.7680377
0,1,0.77627313
0,1,0.7795146
0,1,0.7845504
0,1,0.7936184
0,1,0.7839888
0,1,0.7382461
0,1,0.7225452
0,1,0.72780675
0,1,0.73481655
0,1,0.7473443
0,1,0.7570477
0,1,0.7623491
0,1,0.757244
0,1,0.7489993
0,1,0.7448348
0,1,0.73464215
0,1,0.72990966
0,1,0.7314985
0,1,0.7328913
0,1,0.7346472
0,1,0.729707
0,1,0.72111535
0,1,0.7123451
0,1,0.7027059
0,1,0.69893616
0,1,0.693135
0,1,0.6878743
0,1,0.7044844
0,1,0.7276227
0,1,0.73862016
0,1,0.75400114
0,1,0.77777684
0,1,0.75403434
0,1,0.71670127
0,1,0.7075638
0,1,0.70423657
0,1,0.7015909
0,1,0.69754195
0,1,0.69168395
0,1,0.68911976
0,1,0.6860333
0,1,0.6735409
0,1,0.6606264
0,1,0.65177834
0,1,0.6398548
0,1,0.62816954
0,1,0.6189381
0,1,0.610903
0,1,0.60275483
0,0,0.39960963
0,0,0.15506707
0,0,0.053242926
0,0,0.16460481
0,0,0.43390658
0,0,0.3947447
0,0,0.3791953
0,0,0.36911255
0,0,0.37421626
0,0,0.38542613
0,0,0.4088347
0,0,0.39765888
0,0,0.36875814
0,0,0.3923652
0,0,0.42306975
0,0,0.48559177
0,0,0.47872946
0,0,0.47750857
0,0,0.49325058
0,0,0.48730102
0,0,0.48787758
0,0,0.48095307
0,0,0.46556908
0,0,0.45743218
0,0,0.4401754
0,0,0.4270355
0,0,0.42306206
0,0,0.42938027
0,0,0.4361425
0,0,0.4315845
0,0,0.43242118
0,0,0.43924952
0,0,0.45054665
0,0,0.45950133
0,0,0.4628643
0,0,0.45064208
0,0,0.4402071
0,0,0.43444124
0,0,0.42791653
0,0,0.4227903
0,0,0.4075463
0,0,0.4142266
0,0,0.43739045
0,0,0.4470586
0,0,0.4328202
0,0,0.40464148
0,1,0.89791256
0,1,0.9169413
0,1,0.9250482
0,1,0.927635
0,1,0.91701865
0,1,0.91614854
0,1,0.9049506
0,1,0.8920134
0,1,0.87996465
0,1,0.8725354
0,1,0.87409
1,1,0.8826456
1,1,0.89811397
1,1,0.90444404
1,1,0.89717656
1,1,0.8627579
1,1,0.8740587
1,1,0.90064776
1,1,0.91969705
1,1,0.9262735
1,1,0.917686
1,1,0.9101442
1,1,0.90921295
1,1,0.9134534
1,1,0.92181057
1,1,0.933142
1,1,0.9303192
1,1,0.9240627
1,1,0.91498935
1,1,0.9031416
1,1,0.90241355
1,1,0.90672046
1,1,0.90843475
1,1,0.90880007
1,1,0.9035004
1,1,0.89590764
1,1,0.8861842
1,1,0.86000824
1,1,0.8333063
1,1,0.8417401
1,1,0.85812134
1,1,0.8664526
1,1,0.87350243
1,1,0.869235
1,1,0.87311596
1,1,0.87990624
1,1,0.8922876
1,1,0.9096991
1,1,0.9009611
1,1,0.89796996
1,1,0.8856426
1,1,0.8687425
1,1,0.873742
1,1,0.877077
1,1,0.8903044
1,1,0.8744572
1,1,0.82972157
1,1,0.76271206
1,1,0.6556477
1,1,0.643683
1,1,0.65882075
1,1,0.65712005
1,1,0.6467606
1,1,0.64682895
1,1,0.64675874
1,1,0.63524765
1,1,0.6285386
1,1,0.65382504
1,1,0.6242139
1,1,0.58898926
1,1,0.60032475
1,1,0.5975885
1,1,0.5927476
1,1,0.5812648
1,1,0.5697111
1,1,0.56423485
1,1,0.5685322
1,1,0.5793653
1,1,0.58808523
1,1,0.5880903
1,1,0.582396
1,1,0.58760244
1,1,0.5792808
1,1,0.5962445
1,1,0.89168173
1,1,0.89514655
1,1,0.89648795
1,1,0.896129
1,1,0.89749205
1,1,0.9009545
1,1,0.9113641
1,1,0.91096246
1,1,0.89663017
1,1,0.90016663
1,1,0.89954394
1,1,0.90270865
1,1,0.91611785
1,1,0.9070103
1,1,0.9015949
1,1,0.8949718
1,1,0.8987776
1,1,0.90225613
1,1,0.8953403
1,1,0.8886232
1,1,0.89689773
1,1,0.8990124
0,1,0.87590134
0,1,0.8032543
0,1,0.6711292
0,1,0.5142237
0,0,0.48171455
0,0,0.46940055
0,0,0.46331164
0,0,0.48522395
0,1,0.5064317
0,1,0.5042703
0,0,0.4972727
0,1,0.5016451
0,1,0.51666725
0,1,0.52875596
0,1,0.52890587
0,1,0.52784723
0,1,0.519331
0,1,0.5049164
0,0,0.49041766
0,0,0.47123218
0,0,0.45864525
0,0,0.44802
0,0,0.43989518
0,0,0.44120365
0,0,0.4396649
0,0,0.43597317
0,0,0.44565177
0,0,0.4584251
0,0,0.4713461
0,0,0.48370206
0,0,0.4985674
0,1,0.51160824
0,1,0.5158088
0,1,0.5231809
0,1,0.5381935
0,1,0.542438
0,1,0.5270184
0,1,0.53135437
0,1,0.57356334
0,1,0.5677195
0,1,0.5431804
0,1,0.53794193
0,1,0.51960486
0,1,0.51343024
0,1,0.5116075
0,1,0.5178065
0,1,0.5372867
0,1,0.5468282
0,1,0.54696006
0,1,0.54259306
0,1,0.5421182
0,1,0.52630275
0,1,0.5006138
0,0,0.48485377
0,0,0.46876806
0,1,0.74975
0,1,0.69009215
0,0,0.27537885
0,0,0.03794484
0,0,0.051980965
0,0,0.044548526
0,0,0.036273513
0,0,0.035593923
0,0,0.028502084
0,0,0.02666019
0,0,0.029807895
1,0,0.021256294
1,0,0.015575704
1,0,0.015088281
1,0,0.022099515
1,0,0.027021483
1,0,0.036659576
1,0,0.055834286
1,0,0.05422943
1,0,0.030520841
1,0,0.023421763
1,0,0.022916453
1,0,0.024779458
1,0,0.026960004
1,0,0.023329651
1,0,0.026983812
1,0,0.02682381
1,0,0.024779828
1,0,0.025586154
1,0,0.025277587
1,0,0.023294581
1,0,0.025756143
1,0,0.030410599
1,0,0.030928278
1,0,0.028062094
1,0,0.02372655
1,0,0.024793722
1,0,0.02976921
1,0,0.03270287
1,0,0.0324572
1,0,0.028006157
1,0,0.027049268
1,0,0.028569486
1,0,0.03422859
1,0,0.0396124
1,0,0.04230104
1,1,0.68601805
1,1,0.7702088
1,1,0.8088853
1,1,0.81814104
1,1,0.7734988
1,1,0.7693091
1,1,0.74908555
1,1,0.73036236
1,1,0.7359629
1,1,0.7407233
1,1,0.7556957
1,1,0.77052355
1,1,0.7946113
1,1,0.80111283
1,1,0.7874485
1,1,0.76938426
1,1,0.7095184
1,1,0.68787897
1,1,0.75172883
1,1,0.8113635
1,1,0.8460041
1,1,0.8725482
1,1,0.8852469
1,1,0.8869167
1,1,0.8760556
1,1,0.8679872
1,1,0.8656456
1,1,0.85089
1,1,0.8535187
1,1,0.87366956
1,1,0.8941484
1,1,0.9095955
1,1,0.911759
1,1,0.90066564
1,1,0.8756595
1,1,0.8599227
1,1,0.847177
1,1,0.8056475
1,1,0.7424888
1,1,0.70115644
1,1,0.7361243
1,1,0.75507116
1,1,0.7667567
1,1,0.78260815
0,1,0.75643545
0,1,0.7702649
0,1,0.72584206
0,1,0.6962049
0,1,0.7878662
0,1,0.7987509
0,1,0.7928497
0,1,0.76533985
0,1,0.7823555
0,1,0.7939065
0,1,0.8206589
0,1,0.7627778
0,1,0.54915917
0,0,0.30000028
0,0,0.1025531
0,0,0.023759933
0,0,0.025567817
0,0,0.026955606
0,0,0.024980558
0,0,0.022470342
0,0,0.024280617
0,0,0.027050942
0,0,0.034077097
0,0,0.037062496
0,0,0.036363512
0,0,0.03648378
0,0,0.03268707
0,0,0.03015432
0,0,0.033186913
0,0,0.03237589
0,0,0.030009305
0,0,0.026189689
0,0,0.022609297
0,0,0.020606872
0,0,0.019304609
0,0,0.018791592
0,0,0.017869271
0,0,0.016523194
0,0,0.016118027
0,0,0.01599793
0,1,0.7041675
0,1,0.80121523
0,1,0.8382885
0,1,0.8654925
0,1,0.8539995
0,1,0.83766764
0,1,0.83124065
0,1,0.80169886
0,1,0.74577814
0,1,0.7669951
0,1,0.77757716
1,1,0.83222324
1,1,0.8392329
1,1,0.8250214
1,1,0.8048596
1,1,0.7946913
1,1,0.83080983
1,1,0.83437693
1,1,0.85182565
1,1,0.84653354
1,1,0.8276974
1,1,0.85319084
0,1,0.7670916
0,1,0.56463087
0,0,0.3249294
0,0,0.08408566
0,0,0.017958513
0,0,0.018124526
0,0,0.019080667
0,0,0.017269695
0,0,0.01818406
0,0,0.017066887
0,0,0.01603798
0,0,0.021151975
0,0,0.019701304
0,0,0.018572243
0,0,0.017662806
0,0,0.015731733
0,0,0.016055755
0,0,0.015904555
0,0,0.01658431
0,0,0.017059727
0,0,0.016912613
0,0,0.015622339
0,0,0.015245236
0,0,0.016849283
0,0,0.018353805
0,0,0.018096281
0,0,0.01751448
0,0,0.017468508
0,0,0.017990375
0,0,0.018760592
0,0,0.01907925
0,0,0.02137465
0,0,0.02632582
0,0,0.022259427
0,0,0.01652077
0,0,0.01471042
0,0,0.01890038
0,0,0.014465816
0,0,0.01753585
0,0,0.01790006
0,0,0.01622952
0,0,0.017411627
0,0,0.019333614
0,0,0.018822554
0,0,0.014012951
0,0,0.013796779
0,0,0.013400968
0,0,0.013255824
0,0,0.012838693
0,0,0.0129436515
0,0,0.013470646
0,0,0.014508864
0,0,0.016070709
0,0,0.018240733
0,0,0.021180743
0,0,0.44449162
0,1,0.5403214
0,1,0.64733446
0,1,0.72022057
0,0,0.34707525
0,0,0.3516968
0,0,0.3722254
0,0,0.38312423
0,0,0.392723
0,0,0.39129147
0,0,0.37621126
0,0,0.36492988
0,0,0.32597914
0,0,0.355793
0,0,0.37502497
0,0,0.45507336
0,0,0.4775463
0,1,0.5243901
0,0,0.48432922
0,0,0.44819322
0,0,0.45677522
0,0,0.44709152
0,0,0.45293283
0,0,0.43832147
0,0,0.3968037
0,0,0.3494628
0,0,0.35485014
0,0,0.36870682
0,0,0.3795656
0,0,0.41621533
0,0,0.4575017
0,0,0.48200437
0,0,0.48175073
0,0,0.44334194
0,0,0.4397018
0,0,0.47255766
0,0,0.46161973
0,0,0.4357179
0,0,0.4127307
0,0,0.38429123
0,0,0.37813783
0,0,0.39279914
0,0,0.40914598
0,0,0.40251315
0,0,0.39171115
0,0,0.38947472
0,1,0.86824286
0,1,0.90386254
0,1,0.91700363
0,1,0.9271075
0,1,0.89624524
0,1,0.89913523
0,1,0.9203498
0,1,0.9164198
0,1,0.9243221
0,1,0.92642754
0,1,0.9143183
0,1,0.8998405
0,1,0.8926789
0,1,0.88782346
0,1,0.8568497
0,1,0.86468923
0,1,0.8660283
0,1,0.87484646
0,1,0.8865772
0,1,0.8974622
0,1,0.9039648
0,1,0.91139203
0,1,0.90070295
0,1,0.88518167
0,1,0.8779854
0,1,0.88419145
0,1,0.89000255
0,1,0.87895936
0,1,0.86325
0,1,0.84807026
0,1,0.861971
0,1,0.8759791
0,1,0.8801482
0,1,0.87076396
0,1,0.84657454
0,1,0.8321166
0,1,0.80721474
0,1,0.7797903
0,1,0.8262661
0,1,0.86032134
0,1,0.8493811
0,1,0.8583021
0,1,0.837491
0,1,0.81967926
0,1,0.831856
0,1,0.8290884
0,1,0.80592287
0,1,0.79133904
0,1,0.8073573
0,1,0.81366384
0,1,0.80663323
0,1,0.79083514
0,1,0.82414186
0,1,0.85392135
0,1,0.8587537
0,1,0.776038
0,1,0.53613454
0,0,0.31530145
0,0,0.17102331
0,0,0.12283038
0,0,0.10910652
0,0,0.103502646
0,0,0.09459408
0,0,0.088058926
0,0,0.086356744
0,0,0.08597686
0,0,0.08204315
0,0,0.07274387
0,0,0.07459764
0,0,0.09278602
0,0,0.11650297
0,0,0.15117298
0,0,0.22524732
0,0,0.26546437
0,0,0.258443
0,0,0.27732566
0,0,0.25097036
0,0,0.21734117
0,0,0.2402482
0,0,0.2707594
0,0,0.2807823
0,0,0.29665
0,0,0.3103552
0,0,0.3010671
0,1,0.8505384
0,1,0.8585776
0,1,0.86860013
0,1,0.8826324
0,1,0.86327296
0,1,0.86136276
0,1,0.86533886
0,1,0.86777204
0,1,0.87695354
0,1,0.89245313
0,1,0.89547956
0,1,0.9020412
0,1,0.9105783
0,1,0.90329355
0,1,0.8974353
0,1,0.90563256
0,1,0.9146187
0,1,0.92133045
0,1,0.9098959
0,1,0.8827419
0,1,0.86671466
0,1,0.8812313
0,1,0.8161126
0,1,0.6478134
0,0,0.4515995
0,0,0.30742177
0,0,0.30038315
0,0,0.3195148
0,0,0.3028161
0,0,0.2961118
0,0,0.31312668
0,0,0.34310138
0,0,0.3688082
0,0,0.36672062
0,0,0.3565875
0,0,0.3574674
0,0,0.3713112
0,0,0.37860197
0,0,0.36998016
0,0,0.35302383
0,0,0.3381341
0,0,0.33612534
0,0,0.3370633
0,0,0.3462736
0,0,0.3688479
0,0,0.39171362
0,0,0.3892376
0,0,0.36848456
0,0,0.34731376
0,0,0.33984786
0,0,0.34246245
0,0,0.32197878
0,0,0.29228398
0,0,0.27523455
0,0,0.2685716
0,0,0.31689382
0,0,0.3731524
0,0,0.37746236
0,0,0.37175614
0,0,0.34300175
0,0,0.34340504
0,0,0.34960154
0,0,0.34690964
0,0,0.3342985
0,0,0.31893754
0,0,0.29507098
0,0,0.2870048
0,0,0.30024067
0,0,0.32128483
0,0,0.33448088
0,0,0.34163523
0,0,0.33236927
0,0,0.32221162
0,0,0.28948888
0,0,0.25718626
0,0,0.256952
0,0,0.2582775
0,0,0.32344395
0,0,0.1512397
0,0,0.15115738
0,0,0.27985987
0,0,0.44909817
0,0,0.42810076
0,0,0.40339535
0,0,0.42261267
0,0,0.4258649
0,0,0.3957196
0,0,0.4098902
0,0,0.41150197
0,0,0.38609937
0,0,0.40976587
0,0,0.41640744
0,0,0.39687136
0,0,0.40844724
0,0,0.41517082
0,0,0.41379306
0,0,0.3939892
0,0,0.4011881
0,0,0.39589736
0,0,0.36783007
0,0,0.367712
0,0,0.37341976
0,0,0.34212583
0,0,0.3485852
0,0,0.35502824
0,0,0.3330899
0,0,0.33559173
0,0,0.34272894
0,0,0.33443457
0,0,0.34331942
0,0,0.346525
0,0,0.34118694
0,0,0.34463784
0,0,0.35953048
0,0,0.3697696
0,0,0.3519769
0,0,0.360921
0,0,0.3590796
0,0,0.36144453
0,0,0.35995635
0,0,0.35576558
0,0,0.3685957
0,0,0.3863818
0,0,0.4067615
0,0,0.4066643
0,0,0.40023237
0,0,0.38870326
0,0,0.38198304
0,0,0.373346
0,0,0.37055337
0,0,0.37338224
0,0,0.37765
0,0,0.37403172
0,0,0.37105617
0,0,0.37073043
0,0,0.3523819
0,0,0.3502366
0,0,0.35029542
0,0,0.34616846
0,0,0.34203368
0,0,0.34260058
0,0,0.34314558
0,0,0.34849006
0,0,0.34529328
0,0,0.3322074
0,0,0.34767208
0,0,0.36066574
0,0,0.3674129
0,0,0.3599196
0,0,0.37413898
0,0,0.37895712
0,0,0.3903894
0,0,0.38974237
0,0,0.39002064
0,0,0.392562
0,0,0.38520238
0,0,0.3775436
0,0,0.37040862
0,0,0.3715687
0,0,0.3787314
0,0,0.36628076
0,0,0.3616531
0,0,0.35205546
0,0,0.35127833
0,0,0.3571257
0,0,0.35624763
0,0,0.35683373
0,0,0.36704078
0,0,0.37211776
0,0,0.34908053
0,0,0.35185912
0,0,0.3396102
0,0,0.3233586
0,0,0.32978904
0,0,0.33918607
0,0,0.35235253
0,0,0.35790867
0,0,0.37970012
0,0,0.38209257
0,0,0.3678143
0,0,0.36939555
0,0,0.36254478
0,0,0.35563096
0,0,0.35681266
0,0,0.35686538
0,0,0.3622125
0,0,0.36537263
0,0,0.3670939
0,0,0.37532687
0,0,0.3958787
0,0,0.40543672
0,0,0.38881025
0,0,0.35577014
0,0,0.3393011
0,0,0.3331736
0,0,0.3336382
0,0,0.33879772
0,0,0.345082
0,0,0.3457136
0,0,0.3564955
0,0,0.3547121
0,0,0.3439399
0,0,0.33260238
0,0,0.3311742
0,0,0.3264905
0,0,0.31895176
0,0,0.31579033
0,0,0.3127654
0,0,0.31371033
0,0,0.31257358
0,0,0.3088659
0,0,0.31139052
0,0,0.32637015
0,0,0.33574805
0,0,0.33620718
0,0,0.33157903
0,0,0.3232252
0,0,0.31345388
0,0,0.3110477
0,0,0.31118685
0,0,0.31300154
0,0,0.31664404
0,0,0.32407057
0,0,0.33022067
0,0,0.3252949
0,0,0.31654558
0,0,0.31880677
0,0,0.3177707
0,0,0.319011
0,0,0.32320622
0,0,0.32258928
0,0,0.31904793
0,0,0.3227144
0,0,0.32627338
0,0,0.3241181
0,0,0.32530606
0,0,0.32744586
0,0,0.32518876
0,0,0.3238547
0,0,0.32764798
0,0,0.33069056
0,0,0.32761422
0,0,0.3265493
0,0,0.33150262
0,0,0.097740084
0,0,0.1632612
0,0,0.34210575
0,1,0.5941439
0,1,0.5048963
0,1,0.5031201
0,1,0.5013687
0,0,0.49544415
0,0,0.48823148
0,0,0.4863713
0,0,0.49125817
1,1,0.51208955
1,1,0.52668035
1,1,0.5450741
1,1,0.55447733
1,1,0.5760125
1,1,0.5681778
1,1,0.5658304
1,1,0.5626908
1,1,0.56284475
1,1,0.5563362
1,1,0.55828017
1,1,0.5655729
1,1,0.5652722
1,1,0.56073254
1,1,0.5592179
1,1,0.5587749
1,1,0.5456145
1,1,0.545188
1,1,0.5407093
1,1,0.5407946
1,1,0.53522253
1,1,0.54658014
1,1,0.5543773
1,1,0.5458644
1,1,0.5478501
1,1,0.5331585
1,1,0.5306845
1,1,0.53619844
1,1,0.5460375
1,1,0.54579496
1,1,0.5458315
1,1,0.5395751
1,1,0.5298084
1,1,0.52655745
1,1,0.5287878
1,1,0.6260786
1,1,0.7061519
1,1,0.755607
1,1,0.7645616
1,1,0.7816255
1,1,0.8171414
1,1,0.83765936
1,1,0.8519527
1,1,0.841311
1,1,0.81857246
1,1,0.8228148
1,1,0.81130946
1,1,0.8130158
1,1,0.7695429
1,1,0.7494922
1,1,0.80590487
1,1,0.84146386
1,1,0.8663303
1,1,0.87903416
1,1,0.87492055
1,1,0.85932475
1,1,0.8538802
1,1,0.85048354
1,1,0.85018724
1,1,0.8376121
1,1,0.7886519
1,1,0.86301214
1,1,0.89633906
1,1,0.91139096
1,1,0.92472434
1,1,0.9284423
1,1,0.9237334
1,1,0.9185885
1,1,0.8915319
1,1,0.841931
1,1,0.8516502
1,1,0.83264565
1,1,0.8402062
1,1,0.8763764
1,1,0.88360256
1,1,0.8973351
1,1,0.89722955
1,1,0.8643218
1,1,0.876207
1,1,0.86731714
1,1,0.8599543
1,1,0.8556376
1,1,0.8062587
1,1,0.83590496
1,1,0.86129653
1,1,0.8831744
1,1,0.89676493
1,1,0.9047859
1,1,0.90412945
1,1,0.9013361
0,1,0.8664016
0,1,0.79621375
0,1,0.6637791
0,1,0.5407033
0,0,0.4792736
0,0,0.48154345
0,0,0.48909885
0,0,0.4900441
0,0,0.4875808
0,0,0.48300362
0,0,0.48013768
0,0,0.48219508
0,0,0.4845082
0,0,0.48264456
0,0,0.47770336
0,0,0.47456026
0,0,0.47654095
0,0,0.48433352
0,0,0.48827326
0,0,0.48665306
0,0,0.4826421
0,0,0.4796155
0,0,0.48089567
0,0,0.4818153
0,0,0.48303273
0,0,0.47813654
0,0,0.4724377
0,0,0.47078326
0,0,0.47074017
1,1,0.5261149
1,1,0.5708842
1,1,0.63922423
1,1,0.73721755
1,1,0.8464109
1,1,0.8824762
1,1,0.9039294
1,1,0.9171505
1,1,0.91368026
1,1,0.91678894
1,1,0.92221886
1,1,0.91410536
1,1,0.90240103
1,1,0.8949548
1,1,0.8850576
1,1,0.88142776
1,1,0.8724094
1,1,0.8636971
1,1,0.87212443
1,1,0.8837949
1,1,0.8842741
1,1,0.88469416
0,1,0.84405595
0,1,0.7601079
0,1,0.6544448
0,1,0.5432774
0,1,0.5259456
0,1,0.5254015
0,1,0.52448726
0,1,0.5225364
0,1,0.5217396
0,1,0.5185282
0,1,0.51372
0,1,0.51028764
0,1,0.51041996
0,1,0.5112681
0,1,0.51287484
0,1,0.51485807
0,1,0.5152788
0,1,0.51447487
0,1,0.51235914
0,1,0.50854415
0,1,0.50534
0,1,0.50527495
0,1,0.50410205
0,1,0.50398284
0,0,0.4991364
0,0,0.48321605
0,0,0.46146634
0,0,0.44864115
0,0,0.44762254
0,0,0.45069137
0,0,0.45620245
0,0,0.46044326
0,0,0.4614674
1,0,0.47182652
1,0,0.47497135
1,0,0.48900238
1,0,0.49515292
1,1,0.5044119
1,1,0.502128
1,1,0.50104445
1,1,0.50155216
1,1,0.50422573
1,1,0.50665796
1,1,0.50440925
1,1,0.50000376
1,0,0.49838123
1,0,0.4971062
1,0,0.498712
1,1,0.50353366
1,1,0.50867176
1,1,0.5092917
1,1,0.50985295
1,1,0.51271373
1,1,0.5141965
1,1,0.51431644
0,0,0.33861303
0,0,0.17722623
0,0,0.14971386
0,0,0.05382742
0,0,0.10321222
0,0,0.09598315
0,0,0.08975902
0,0,0.084720634
0,0,0.076436006
0,0,0.07284827
0,0,0.07261878
0,0,0.075388715
0,0,0.079034835
0,0,0.07658835
0,0,0.07354822
0,0,0.069250785
0,0,0.069628894
0,0,0.07011227
0,0,0.07164798
0,0,0.071825325
0,0,0.067732714
0,0,0.059532855
0,0,0.051895205
0,0,0.04494794
0,0,0.042173926
0,0,0.041926038
0,0,0.03863774
0,0,0.035428
0,0,0.036747653
0,0,0.037755262
0,0,0.037953246
0,0,0.036707032
0,0,0.034591805
0,0,0.033997495
0,0,0.03323326
0,0,0.033915956
0,0,0.03623495
0,0,0.038549434
0,0,0.03870505
0,0,0.03854511
0,0,0.039612047
0,0,0.040163334
0,0,0.0411744
0,0,0.04376928
0,0,0.04402937
0,0,0.04371603
1,1,0.58623105
1,1,0.7226449
1,1,0.7871551
1,1,0.8129848
1,1,0.80584127
1,1,0.8034097
1,1,0.79776776
1,1,0.79560554
1,1,0.7869197
1,1,0.787691
1,1,0.7973017
1,1,0.7940867
1,1,0.7802317
1,1,0.77072537
1,1,0.787407
1,1,0.80126697
1,1,0.78448415
1,1,0.76425815
1,1,0.77063644
1,1,0.8160157
1,1,0.8258817
1,1,0.82964534
1,1,0.81565416
1,1,0.79757833
1,1,0.79358345
1,1,0.7964149
1,1,0.7841774
1,1,0.7769435
1,1,0.7642806
1,1,0.74485743
1,1,0.73188436
1,1,0.70611346
1,1,0.6816173
0,1,0.7638364
0,1,0.7805308
0,1,0.8011802
0,1,0.8128448
0,1,0.7628104
0,1,0.746442
0,1,0.7596037
0,1,0.7817789
0,1,0.80214906
0,1,0.7985711
0,1,0.742526
1,1,0.7683621
1,1,0.79075074
1,1,0.8144542
1,1,0.8264217
1,1,0.78597593
1,1,0.79365844
1,1,0.82695967
1,1,0.84571457
1,1,0.8515806
1,1,0.847699
1,1,0.82924324
0,1,0.6835534
0,0,0.4217331
0,0,0.20372923
0,0,0.08304287
0,0,0.042690884
0,0,0.045682717
0,0,0.046233762
0,0,0.046552226
0,0,0.046537183
0,0,0.045474276
0,0,0.0454091
0,0,0.045565117
0,0,0.04590956
0,0,0.046444576
0,0,0.04756553
0,0,0.04869534
0,0,0.0477504
0,0,0.044216532
0,0,0.045184784
0,0,0.0486257
0,0,0.05005106
0,0,0.050274275
0,0,0.048605584
0,0,0.045144852
0,0,0.041549936
0,0,0.039150123
0,0,0.03962878
0,0,0.043912567
0,0,0.049287003
0,1,0.599217
0,1,0.739827
0,1,0.81186324
0,1,0.8255683
0,1,0.7916875
0,1,0.7995915
0,1,0.79513437
0,1,0.7913742
0,1,0.7801673
0,1,0.7751611
0,1,0.79217345
1,1,0.8062057
1,1,0.8103583
1,1,0.7994089
1,1,0.7814661
1,1,0.7891519
1,1,0.79158825
1,1,0.79296136
1,1,0.78796947
1,1,0.78811115
1,1,0.7727713
1,1,0.731272
0,1,0.5435658
0,0,0.31446588
0,0,0.16503368
0,0,0.09271854
0,0,0.095791265
0,0,0.094600074
0,0,0.089843094
0,0,0.083056696
0,0,0.078231245
0,0,0.0728456
0,0,0.06516676
0,0,0.062466394
0,0,0.0658643
0,0,0.07276209
0,0,0.0827512
0,0,0.0895169
0,0,0.09430508
0,0,0.08606733
0,0,0.07984789
0,0,0.07683613
0,0,0.081847094
0,0,0.10135409
0,0,0.12444191
0,0,0.1292022
0,0,0.11906614
0,0,0.10862759
0,0,0.10080092
0,0,0.09482022
0,0,0.09257199
0,0,0.09142643
0,0,0.092915714
0,0,0.09073795
0,0,0.08872683
0,0,0.08456833
0,0,0.08258488
0,0,0.08317898
0,0,0.08680403
0,0,0.09199165
0,0,0.09388697
0,0,0.09853807
0,0,0.10202982
0,0,0.10248212
0,0,0.101315245
0,0,0.1030937
0,0,0.108200245
0,0,0.11760016
0,0,0.12770186
0,0,0.13079026
0,0,0.13414633
0,0,0.14147195
0,0,0.14474413
0,0,0.14285631
0,0,0.14143993
0,0,0.13498457
0,0,0.13821879
0,0,0.13022281
0,0,0.12796934
0,0,0.13618022
0,0,0.1345844
0,0,0.13133824
0,0,0.12211511
0,0,0.11968527
0,0,0.11790772
0,0,0.114385046
0,0,0.1145066
0,0,0.11134779
0,0,0.16827618
0,0,0.28658268
0,0,0.34881467
0,0,0.34359843
0,0,0.38795272
0,0,0.3450127
0,0,0.3550842
0,0,0.35998115
0,0,0.3624407
0,0,0.38858843
0,0,0.39482406
0,0,0.3765115
0,0,0.36646178
0,0,0.40737924
0,0,0.40885535
0,0,0.37378976
0,0,0.35873327
0,0,0.35971072
0,0,0.33719352
0,0,0.296957
0,0,0.26571745
0,0,0.2503236
0,0,0.23509218
0,0,0.21569629
0,0,0.19788298
0,0,0.18313034
0,0,0.16945054
0,0,0.15597193
0,0,0.1503118
0,0,0.14404719
0,0,0.13800834
0,0,0.1318713
0,0,0.12970266
0,0,0.1283452
0,0,0.124728516
1,0,0.13100125
1,0,0.1389855
1,0,0.14904033
1,0,0.17309177
1,0,0.18975228
1,0,0.22009611
1,0,0.23630264
1,0,0.22888325
1,0,0.22710955
1,0,0.21810174
1,0,0.21348718
1,0,0.27686173
1,0,0.3230851
1,0,0.3596949
1,0,0.3724579
1,0,0.41277462
1,0,0.3765791
1,0,0.35381684
1,0,0.35006177
1,0,0.34662396
1,0,0.33548295
1,0,0.32386705
1,0,0.36034825
1,0,0.3800583
1,0,0.4010683
1,0,0.42482713
1,0,0.46779528
1,0,0.45008084
1,0,0.46266517
1,0,0.4591788
1,0,0.42745805
1,0,0.4321526
1,0,0.42315313
1,0,0.40713385
1,0,0.38775778
1,0,0.36867177
1,0,0.40629712
1,0,0.40995422
1,0,0.3806662
1,0,0.3747282
1,0,0.35442296
1,0,0.33954272
1,0,0.34548566
1,0,0.35710603
1,0,0.36847937
1,0,0.38277593
1,0,0.39669487
1,0,0.3881513
1,0,0.40982214
1,0,0.41284555
1,0,0.41624427
1,0,0.41699427
1,0,0.42814675
1,0,0.4321609
1,0,0.42309126
0,0,0.40036267
0,0,0.40071857
0,0,0.38343707
0,0,0.3511338
0,0,0.37011227
0,0,0.33831683
0,0,0.33807197
0,0,0.34741637
0,0,0.39187044
0,0,0.39218196
0,0,0.354361
0,0,0.35708946
0,0,0.3961564
0,0,0.3825244
0,0,0.35342398
0,0,0.33964312
0,0,0.35286695
0,0,0.3676569
0,0,0.37564504
0,0,0.36137113
0,0,0.30303267
0,0,0.30971324
0,0,0.30812502
0,0,0.3164225
0,0,0.31077677
0,0,0.29278582
0,0,0.2750071
0,0,0.27291566
0,0,0.28163418
0,0,0.34065825
0,0,0.3887454
0,0,0.37310097
0,0,0.36749312
0,0,0.40041184
0,0,0.41095683
0,0,0.41400188
0,0,0.40861264
0,0,0.42470902
0,0,0.42910177
0,0,0.3982174
1,0,0.41436693
1,0,0.41056696
1,0,0.39387423
1,0,0.3985767
1,0,0.37098145
1,0,0.35118106
1,0,0.35984084
1,0,0.3619029
1,0,0.36361733
1,0,0.36523703
1,0,0.35259283
1,0,0.324889
1,0,0.3029244
1,0,0.24653251
1,0,0.17718737
1,0,0.13954185
1,0,0.14586881
1,0,0.14928694
1,0,0.14432675
1,0,0.13728906
1,0,0.13300328
1,0,0.12820311
1,0,0.12101574
1,0,0.1199574
1,0,0.11893839
1,0,0.11195307
1,0,0.10883437
1,0,0.10790156
1,0,0.114980705
1,0,0.12290604
1,0,0.122215346
1,0,0.12169881
1,0,0.12046088
1,0,0.11475204
1,0,0.10213439
1,0,0.10553112
1,0,0.11740519
1,0,0.16504815
1,0,0.295696
1,0,0.39232677
1,0,0.42494586
1,0,0.4546004
1,0,0.45577726
1,0,0.4323477
1,0,0.42315692
1,0,0.41947073
1,0,0.4115305
1,0,0.40302607
1,0,0.4109883
1,0,0.42145196
1,0,0.39665985
1,0,0.40071222
1,0,0.35837284
1,0,0.39114434
1,0,0.389272
1,0,0.36053607
1,0,0.35850877
1,0,0.38653868
1,0,0.41139576
1,0,0.40854165
1,0,0.41149843
1,0,0.4148871
1,0,0.38657638
1,0,0.36501253
1,0,0.38635078
1,0,0.3822211
0,0,0.3225082
0,0,0.38198552
0,0,0.310303
0,0,0.32183474
0,0,0.14321437
0,0,0.10487064
0,0,0.0912133
0,0,0.096892744
0,0,0.096530095
0,0,0.09415124
0,0,0.095800444
0,0,0.11155498
0,0,0.13004781
0,0,0.16638215
0,0,0.21906479
0,0,0.26231885
0,0,0.2533756
0,0,0.22879621
0,0,0.22724567
0,0,0.2617722
0,0,0.3083791
0,0,0.34500942
0,0,0.29493555
0,0,0.26924342
0,0,0.27220777
0,0,0.28792757
0,0,0.28999832
0,0,0.2532371
0,0,0.22468111
0,0,0.19656256
0,0,0.1854794
0,0,0.19195704
0,0,0.20948546
0,0,0.23372062
0,0,0.24254754
0,0,0.2367809
0,0,0.2050804
0,0,0.17414205
0,0,0.1843385
0,0,0.21906862
0,0,0.22816852
0,0,0.219074
0,0,0.20608611
0,0,0.21440728
0,0,0.24420355
0,0,0.26719713
1,1,0.8214884
1,1,0.84061694
1,1,0.8547074
1,1,0.8647488
1,1,0.8298102
1,1,0.81234455
1,1,0.83538795
1,1,0.85606873
1,1,0.8567716
1,1,0.8516017
1,1,0.85277086
1,1,0.8465965
1,1,0.8572553
1,1,0.85655886
1,1,0.85563606
1,1,0.85076666
1,1,0.8236964
1,1,0.8278569
1,1,0.8370642
1,1,0.8388956
1,1,0.83791655
1,1,0.8395546
1,1,0.8461838
1,1,0.8520669
1,1,0.8563805
1,1,0.8651486
1,1,0.86436945
1,1,0.86800027
1,1,0.87018096
1,1,0.8732405
1,1,0.87199795
1,1,0.86504394
1,1,0.8529471
1,1,0.87899345
1,1,0.87553066
1,1,0.8726037
1,1,0.86712015
1,1,0.8602722
1,1,0.8598939
1,1,0.868325
1,1,0.8648791
1,1,0.8244629
1,1,0.81899315
1,1,0.82331413
1,1,0.81557864
1,1,0.81585634
1,1,0.81156963
1,1,0.82271695
1,1,0.8500302
1,1,0.82479733
1,1,0.8388248
1,1,0.8531035
1,1,0.8708846
1,1,0.86915576
1,1,0.8579783
0,1,0.7539761
0,1,0.5494315
0,0,0.35300478
0,0,0.20371519
0,0,0.21398145
0,0,0.21811846
0,0,0.21801889
0,0,0.22417675
0,0,0.23099834
0,0,0.23524192
0,0,0.22966799
0,0,0.21412393
0,0,0.20773754
0,0,0.2245998
0,0,0.2627899
0,0,0.2869766
0,0,0.27903065
0,0,0.24966459
0,0,0.21519189
0,0,0.19467714
0,0,0.19141845
0,0,0.20507702
0,0,0.2288944
0,0,0.23358844
0,0,0.21170965
0,0,0.18556337
0,0,0.16950202
0,0,0.16455373
0,0,0.18503976
0,1,0.8407085
0,1,0.8637906
0,1,0.87349087
0,1,0.8718115
0,1,0.85603535
0,1,0.8578315
0,1,0.84777874
0,1,0.8381826
0,1,0.8213702
0,1,0.7756306
0,1,0.8030369
1,1,0.8346988
1,1,0.85477275
1,1,0.859468
1,1,0.8451846
1,1,0.8532917
1,1,0.8575256
1,1,0.86306405
1,1,0.86008334
1,1,0.84477377
1,1,0.8286737
1,1,0.82746845
1,1,0.717038
1,1,0.5164109
1,0,0.33581552
1,0,0.17153956
1,0,0.1531643
1,0,0.16716324
1,0,0.13767691
1,0,0.11335284
1,0,0.09915117
1,0,0.09530914
1,0,0.08739634
1,0,0.07681265
1,0,0.073207065
1,0,0.07493234
1,0,0.079686664
1,0,0.08489354
1,0,0.08720673
1,0,0.08765269
1,0,0.08353928
1,0,0.079850234
1,0,0.081548706
1,0,0.08568612
1,0,0.08461904
1,0,0.08384494
1,0,0.08810375
1,0,0.09284033
1,0,0.097248144
1,0,0.10000395
1,0,0.10196872
1,0,0.12528639
1,0,0.14237368
1,0,0.15111509
1,0,0.15056664
1,0,0.14363752
1,0,0.1433316
1,0,0.14389373
1,0,0.14638613
1,0,0.13743258
1,0,0.1368462
1,0,0.13886572
1,0,0.1322187
1,0,0.125257
1,0,0.116555594
1,0,0.107338265
1,0,0.0992995
1,0,0.08824867
1,0,0.08412794
1,0,0.08472048
1,0,0.090738416
1,0,0.093445234
1,0,0.07970464
1,0,0.060307186
1,0,0.049355987
1,0,0.051571567
1,0,0.062127486
0,1,0.57987577
0,1,0.63965684
0,1,0.66484493
0,1,0.5725046
0,0,0.48812994
0,0,0.4841296
0,0,0.4783995
0,0,0.48610803
0,0,0.49259475
0,0,0.49306363
0,0,0.49546352
0,0,0.48751652
0,0,0.49211523
0,1,0.5040532
0,1,0.53068876
0,1,0.5561293
0,1,0.5695826
0,1,0.57876843
0,1,0.59682286
0,1,0.5981979
0,1,0.59521484
0,1,0.5922545
0,1,0.5859286
0,1,0.5840456
0,1,0.5856499
0,1,0.58436
0,1,0.5795229
0,1,0.5697534
0,1,0.5634824
0,1,0.55979556
0,1,0.55758333
0,1,0.56165177
0,1,0.5658964
0,1,0.56487834
0,1,0.570429
0,1,0.5784871
0,1,0.5793049
0,1,0.56679374
0,1,0.5590125
0,1,0.5568573
0,1,0.552446
0,1,0.5438932
0,1,0.5318332
0,1,0.53310317
0,1,0.53791314
0,1,0.54683447
1,1,0.7956448
1,1,0.8062083
1,1,0.7935322
1,1,0.76900727
1,1,0.7242724
1,1,0.7210656
1,1,0.71296763
1,1,0.7105092
1,1,0.73248684
1,1,0.74228543
1,1,0.75760835
1,1,0.7936695
1,1,0.81999487
1,1,0.8396993
1,1,0.85523987
1,1,0.86511993
1,1,0.8471927
1,1,0.84087455
1,1,0.8332413
1,1,0.82436126
1,1,0.8081021
1,1,0.825046
1,1,0.8713554
1,1,0.9019247
1,1,0.91511667
1,1,0.92605966
1,1,0.937512
1,1,0.9320102
1,1,0.9210961
1,1,0.91506016
1,1,0.91361886
1,1,0.9205064
1,1,0.92104954
1,1,0.90614164
1,1,0.8915657
1,1,0.86287814
1,1,0.84178525
1,1,0.84319866
1,1,0.81819206
1,1,0.80447114
1,1,0.79610586
1,1,0.81485486
1,1,0.8195268
1,1,0.8295453
1,1,0.8836283
1,1,0.8950115
1,1,0.9133539
1,1,0.9285764
1,1,0.9257566
1,1,0.92350805
1,1,0.9085948
1,1,0.9033167
1,1,0.89336205
1,1,0.87292004
1,1,0.8547791
1,1,0.7418059
1,1,0.6328664
1,1,0.55130804
1,1,0.52398086
1,1,0.50449854
1,1,0.5100022
1,1,0.5271839
1,1,0.5311834
1,1,0.51818264
1,1,0.50800765
1,1,0.5006945
1,1,0.50216156
1,1,0.5080431
1,1,0.5159009
1,1,0.52270526
1,1,0.5137113
1,1,0.5081137
1,1,0.50087976
1,0,0.49413493
1,0,0.49077275
1,0,0.49212718
1,1,0.5018489
1,1,0.50980675
1,1,0.5121785
1,0,0.49923462
1,0,0.4802946
1,0,0.46729416
1,0,0.46866632
1,0,0.4835559
1,1,0.794639
1,1,0.8411662
1,1,0.86607677
1,1,0.87624794
1,1,0.8563477
1,1,0.8492156
1,1,0.8784777
1,1,0.88639414
1,1,0.87609226
1,1,0.8383513
1,1,0.78635657
0,1,0.8462891
0,1,0.8651852
0,1,0.894445
0,1,0.90477717
0,1,0.8753643
0,1,0.8678688
0,1,0.7977965
0,1,0.81564337
0,1,0.84270054
0,1,0.833364
0,1,0.8403243
0,1,0.73383266
0,1,0.5761142
0,0,0.46280247
0,0,0.45397618
0,0,0.4660333
0,0,0.4619134
0,0,0.46812752
0,0,0.46816656
0,0,0.4618568
0,0,0.46012816
0,0,0.4587487
0,0,0.46024397
0,0,0.46416157
0,0,0.46911746
0,0,0.47560686
0,0,0.4798948
0,0,0.47946918
0,0,0.4776145
0,0,0.47332242
0,0,0.47161666
0,0,0.4715499
0,0,0.47297168
0,0,0.48088953
0,0,0.4861689
0,0,0.48511964
0,0,0.48565847
0,0,0.48960066
0,0,0.493911
0,0,0.49866015
0,0,0.49741408
0,0,0.49309835
0,0,0.4959892
0,1,0.5027164
0,1,0.5046375
0,0,0.49780077
0,0,0.4941552
0,0,0.49288374
0,0,0.48854557
0,0,0.49079078
0,0,0.49150062
0,0,0.49391276
0,0,0.49801424
0,1,0.5060361
0,1,0.5117234
0,1,0.51244634
0,1,0.5078839
0,1,0.5010657
0,0,0.4984758
0,1,0.50053203
0,1,0.5049801
0,1,0.50552595
0,1,0.5069334
0,1,0.51026225
0,1,0.5145276
0,1,0.5187715
