Actual,Predicted,Probability
0,0,6.1769e-05
0,0,0.00019309328
0,0,0.002649864
0,0,0.44913638
0,1,0.61206365
0,1,0.7100614
0,1,0.70051396
0,1,0.69776016
0,1,0.6263161
0,0,0.43884656
0,0,0.3798909
0,1,0.54017615
0,1,0.7489188
0,1,0.8508948
0,1,0.86456054
0,1,0.7953896
0,1,0.7353157
0,1,0.6648542
0,1,0.63004273
0,1,0.66413945
0,1,0.64471585
0,1,0.55218595
0,0,0.40826568
0,1,0.80553406
0,1,0.8712864
0,1,0.747167
0,0,0.28530243
0,0,0.19878376
0,0,0.07761049
0,0,0.1898333
0,0,0.25789744
0,0,0.26525638
0,0,0.18108937
0,0,0.08730816
0,0,0.25083664
0,0,0.22657453
0,0,0.19752985
0,0,0.043981165
0,0,0.30148548
0,1,0.6619356
0,1,0.61903393
0,1,0.7950103
0,1,0.5138758
0,1,0.53811085
0,1,0.57134134
0,1,0.79650867
0,1,0.6471413
0,0,0.49336073
0,0,0.36775312
0,0,0.3479425
0,0,0.2692053
0,0,0.1361293
0,0,0.11321084
0,0,0.06302878
0,0,0.06496859
0,0,0.25535408
0,0,0.21264704
0,0,0.089274816
0,0,0.04930287
0,0,0.12058075
0,0,0.20140997
0,1,0.6932319
0,1,0.89161766
0,1,0.8083482
0,1,0.712226
0,1,0.6521442
0,1,0.63488615
0,1,0.88113105
0,1,0.7486568
0,0,0.3074871
0,0,0.12967876
0,0,0.034298923
0,0,0.15952563
0,1,0.8742989
0,0,0.34101367
0,0,0.016402988
0,0,0.0038938643
0,0,0.008187654
0,0,0.014360115
0,0,0.09066381
0,1,0.56568474
0,1,0.8703182
0,1,0.53990275
0,0,0.2633213
0,0,0.1606235
0,0,0.35705668
0,1,0.908447
0,1,0.90057284
0,1,0.58759886
0,0,0.26560077
0,0,0.1312741
0,0,0.048552908
0,1,0.75341225
0,1,0.8687623
1,1,0.9402654
1,1,0.93102884
1,1,0.9655245
1,1,0.9823857
1,1,0.8732848
1,1,0.8168104
1,1,0.7684036
1,1,0.835927
1,1,0.89781415
1,1,0.8877737
1,1,0.8562147
1,1,0.8286068
1,1,0.7716173
1,1,0.8020937
1,1,0.8600955
1,1,0.8525504
1,1,0.8311689
1,1,0.8590516
1,1,0.83285296
1,1,0.81026375
1,1,0.8192402
1,1,0.75380677
1,1,0.7897425
0,1,0.79224366
0,1,0.80776304
0,1,0.8538411
0,1,0.8396716
0,1,0.89891577
0,1,0.94743145
0,1,0.96864307
0,1,0.97420204
0,1,0.96649796
0,1,0.93853974
0,1,0.88372076
0,1,0.81249124
0,1,0.8566846
0,1,0.8988362
0,1,0.8075283
0,1,0.7944336
0,1,0.9103215
0,1,0.95303905
0,1,0.9513335
0,1,0.9510072
0,1,0.9180834
0,1,0.88384
0,1,0.80304855
1,1,0.7333975
1,1,0.81913006
1,1,0.8640859
1,1,0.8502586
1,1,0.85199004
1,1,0.86457366
1,1,0.9107272
1,1,0.9086596
1,1,0.9319168
1,1,0.95116967
1,1,0.9575571
1,1,0.9579492
1,1,0.96919334
1,1,0.9628294
1,1,0.9543646
1,1,0.9444245
1,1,0.9442764
1,1,0.95195454
1,1,0.97504586
1,1,0.9830676
1,1,0.98212343
1,1,0.9704992
1,1,0.90426433
0,1,0.78052276
0,1,0.73702115
0,1,0.7152142
0,1,0.70376134
0,1,0.68327796
0,1,0.6315158
0,1,0.56935805
0,0,0.48163828
0,1,0.5486762
0,1,0.7662721
0,1,0.87461907
0,1,0.817328
0,1,0.7825044
0,1,0.7666444
0,1,0.74812204
0,1,0.79760385
0,1,0.82635087
0,1,0.822716
0,1,0.8109235
0,1,0.70202774
0,1,0.6292867
0,1,0.6860256
0,1,0.65909624
1,1,0.7614112
1,1,0.76802164
1,1,0.7851517
1,1,0.8393562
1,1,0.8229951
1,1,0.8368045
1,1,0.90314466
1,1,0.88910246
1,1,0.8481117
1,1,0.8800805
1,1,0.90310043
1,1,0.92682034
1,1,0.9455017
1,1,0.93423176
1,1,0.91452223
1,1,0.88981766
1,1,0.8624642
1,1,0.8501031
1,1,0.85527986
1,1,0.8784588
1,1,0.896499
1,1,0.89081603
1,1,0.83989877
0,0,0.19437255
0,0,0.062926285
0,0,0.048455674
0,0,0.055587746
0,0,0.28606284
0,0,0.13482444
0,0,0.12486215
0,0,0.22286923
0,0,0.3524171
0,0,0.3921447
0,0,0.25170875
0,0,0.17896898
0,0,0.1360786
0,0,0.13081694
0,0,0.11560492
0,0,0.12901591
0,0,0.069949836
0,0,0.093035735
0,0,0.24530862
0,0,0.45595455
0,1,0.6154627
0,1,0.6551069
0,1,0.57294184
0,0,0.2955008
0,0,0.15673083
0,0,0.15094325
0,0,0.20624141
0,0,0.27279508
0,0,0.2847771
0,0,0.32746217
0,0,0.3801063
0,0,0.31507272
0,0,0.35386723
0,1,0.5146642
0,1,0.6443707
0,1,0.6407075
0,0,0.46827134
0,0,0.1451897
0,0,0.03061921
0,0,0.03138484
0,0,0.053385306
0,0,0.23908645
0,0,0.4252896
0,0,0.18185912
0,0,0.082718864
0,0,0.10736745
0,0,0.11832642
0,0,0.12028918
0,0,0.14297754
0,0,0.20391431
0,0,0.30178556
0,0,0.30382347
0,0,0.2551045
0,0,0.3588618
0,0,0.45336193
0,0,0.47511077
0,0,0.4805916
0,0,0.2798239
0,0,0.16845888
1,1,0.7558023
1,1,0.91006935
1,1,0.9339802
1,1,0.9285028
1,1,0.9097998
1,1,0.92016864
1,1,0.91157436
1,1,0.844346
1,1,0.8580807
1,1,0.934227
1,1,0.9215069
1,1,0.9385074
1,1,0.9439701
1,1,0.93212306
1,1,0.8866481
1,1,0.87989604
1,1,0.8865772
1,1,0.82369137
1,1,0.83153325
1,1,0.7066541
1,1,0.702823
1,1,0.6405756
1,0,0.33835828
0,0,0.33694845
0,1,0.5255918
0,1,0.69689506
0,1,0.87433565
0,1,0.76790935
0,1,0.61872804
0,1,0.6504952
0,1,0.64117855
0,1,0.756024
0,1,0.87592274
0,1,0.9151226
0,1,0.91301227
0,1,0.8887665
0,1,0.8230891
0,1,0.6799287
0,1,0.7093712
0,1,0.83047116
0,1,0.85987633
0,1,0.97840524
0,1,0.9854575
0,1,0.9290577
0,1,0.9452479
0,1,0.96792084
0,0,0.41676855
0,0,0.09473829
0,0,0.051960465
0,0,0.13296147
0,1,0.6321813
0,0,0.3587407
0,0,0.17055352
0,0,0.18519944
0,0,0.2537675
0,0,0.36526036
0,0,0.443738
0,0,0.45581564
0,0,0.47632304
0,0,0.47880772
0,0,0.33008975
0,0,0.23020105
0,0,0.20399283
0,0,0.17630017
0,0,0.18272994
0,0,0.19414172
0,0,0.22119325
0,0,0.36883563
0,0,0.46595284
0,1,0.51889956
0,1,0.5802247
0,1,0.6500594
0,1,0.62345475
0,1,0.58933
0,1,0.5942061
0,1,0.5870092
0,1,0.6083276
0,1,0.6335817
0,1,0.67252725
0,1,0.70675206
0,1,0.6847882
0,1,0.63959754
0,1,0.69674283
0,1,0.7898215
0,1,0.8838109
0,1,0.9211424
0,1,0.91653204
0,1,0.86848193
0,1,0.7132429
0,0,0.28261366
0,0,0.12929973
0,0,0.16712618
0,0,0.3272158
0,0,0.43610945
0,1,0.53169596
0,1,0.6952802
0,1,0.81044936
0,1,0.8549171
0,1,0.8606169
0,1,0.8381001
0,1,0.7187628
0,0,0.323821
0,0,0.20296106
0,0,0.20997472
0,0,0.22392398
0,0,0.2289738
0,0,0.23159944
0,0,0.2687833
0,0,0.31322166
0,0,0.30063638
0,0,0.31308487
0,0,0.36894464
0,0,0.37155977
0,0,0.33712175
0,0,0.33640337
0,0,0.4284981
0,1,0.5330914
0,1,0.6425911
0,1,0.69728506
0,1,0.69249594
0,1,0.7060677
0,1,0.5626465
0,0,0.277714
0,0,0.17672595
0,0,0.20706236
0,0,0.28516686
0,0,0.36731747
0,0,0.33105776
0,0,0.27868047
0,0,0.24471845
0,0,0.25141114
0,0,0.25444907
0,0,0.2576131
0,0,0.23092008
0,0,0.19424902
0,0,0.18876222
0,0,0.23081562
0,0,0.32502648
0,0,0.37124163
0,0,0.34170228
0,0,0.3210754
0,0,0.32198393
0,0,0.39477322
0,0,0.40788406
0,0,0.4131202
0,0,0.3985613
0,0,0.35996696
0,0,0.3035902
0,0,0.28390533
0,0,0.25754133
0,0,0.22095227
0,0,0.22719961
0,0,0.32478023
0,0,0.2836862
0,0,0.21231323
0,0,0.22203591
0,0,0.3035843
0,0,0.3658406
0,0,0.4289145
0,0,0.49086714
0,0,0.00029121313
0,0,0.0005455823
0,0,0.00080310507
0,0,0.00084437965
0,0,0.00059066026
0,0,0.0003403424
0,0,0.00019879702
0,0,0.0001530677
0,0,0.0001678599
0,0,0.00020699148
0,0,0.00015023412
0,0,0.00012541606
0,0,0.00015181414
0,0,0.0002536507
0,0,0.00052116043
0,0,0.0007272731
0,0,0.00061383983
0,0,0.00043297448
0,0,0.0003879988
0,0,0.00035490922
0,0,0.00044066002
0,0,0.0006098947
0,0,0.0005834936
0,0,0.0004637418
0,0,0.00029473534
0,0,0.00027329297
0,0,0.00060755596
0,0,0.0028980167
0,0,0.0024166636
0,0,0.001192821
0,0,0.0005794756
0,0,0.0006780654
0,0,0.00076910347
0,0,0.0009937698
0,0,0.0013240611
0,0,0.0013759625
0,0,0.0024182126
0,0,0.0021354733
0,0,0.0029824348
0,0,0.0045215385
0,0,0.0018202802
0,0,0.0016088058
0,0,0.0012169002
0,0,0.00057242654
0,0,0.0006574541
0,0,0.0005601363
0,0,0.000580495
0,0,0.0006528352
0,0,0.0005006472
0,0,0.00028281036
0,0,0.0002492791
0,0,0.0001963069
0,0,0.00024830017
0,0,0.0010154562
0,0,0.0034561337
0,0,0.0063382424
0,0,0.004619766
0,0,0.0015351621
0,0,0.00069371023
0,0,0.0006610983
0,0,0.0005029893
0,0,0.0009357754
0,0,0.0018934526
0,0,0.002172806
0,0,0.0012696618
0,0,0.0019221479
0,0,0.0019324466
0,0,0.0007526876
0,0,0.0007134356
0,0,0.0012027593
0,0,0.0016140883
0,0,0.0010696611
0,0,0.00064985425
0,0,0.0010927157
0,0,0.0014836384
0,0,0.0010969857
0,0,0.00090373354
0,0,0.0011024374
0,0,0.0019262267
0,0,0.0013085003
0,0,0.00065520284
0,0,0.0009789721
0,0,0.002626727
0,0,0.002172916
0,0,0.00091848057
0,0,0.00078545004
0,0,0.00078496063
0,0,0.0011130436
0,0,0.00097608205
0,0,0.0006621068
0,0,0.0007619076
0,0,0.0007049016
0,0,0.00087587273
0,0,0.0010464157
1,0,0.0069763768
1,0,0.018069383
1,0,0.057788435
1,0,0.28656286
1,0,0.30400276
1,0,0.30246046
1,0,0.10545542
1,0,0.046142176
1,0,0.0255821
1,0,0.031917874
1,0,0.060159106
1,0,0.0776687
1,0,0.12511185
1,0,0.07540039
1,0,0.04139511
1,0,0.028955005
1,0,0.041440677
1,0,0.051126234
1,0,0.04674565
1,0,0.06715267
1,0,0.056023154
1,0,0.040930502
1,0,0.047659945
1,0,0.05878051
1,0,0.09999811
1,0,0.13645063
1,0,0.1791129
1,0,0.21785603
1,0,0.34022263
1,0,0.46260187
1,0,0.432016
1,0,0.26845858
1,0,0.095935784
1,0,0.050644472
1,0,0.038417865
1,0,0.05008934
1,0,0.05940416
1,0,0.082110025
1,0,0.18618779
1,0,0.14634834
1,0,0.061013065
1,0,0.04162354
1,0,0.039323933
1,0,0.037824776
1,0,0.05705268
1,0,0.16017564
1,0,0.17892924
1,0,0.15716417
1,0,0.19050811
1,0,0.20615746
1,0,0.14089307
1,0,0.07919019
1,0,0.06951148
1,0,0.06898808
1,0,0.0815279
1,0,0.1404835
1,0,0.08589041
1,0,0.07232442
1,0,0.09320567
1,0,0.12620151
1,0,0.1389602
1,0,0.16753092
1,0,0.19486389
1,0,0.24377258
1,0,0.23383923
1,0,0.20583281
1,0,0.2080373
1,0,0.12015917
1,0,0.10896917
1,0,0.1794673
1,0,0.19264781
1,0,0.15772025
1,0,0.3331989
1,0,0.49543634
1,0,0.45894656
1,0,0.28657904
1,0,0.27476048
1,0,0.2526948
1,0,0.26383817
1,0,0.35622454
1,0,0.40341026
1,0,0.37718663
1,0,0.27260914
1,0,0.23064832
1,0,0.20403065
1,0,0.14099316
1,0,0.14132674
1,0,0.145702
1,0,0.17834719
1,0,0.22831663
1,0,0.32823187
1,0,0.3434845
1,0,0.35671473
1,0,0.3908499
1,0,0.29435998
1,0,0.2710195
1,0,0.2763903
1,0,0.25253156
1,0,0.19624516
1,0,0.16150258
1,0,0.112597
1,0,0.089871176
1,0,0.09760342
1,0,0.08964527
1,0,0.12523283
1,0,0.1497443
1,0,0.08832416
1,0,0.106884256
1,0,0.268806
1,0,0.3050967
1,0,0.20301497
1,0,0.17981282
1,0,0.14025283
1,0,0.07825763
1,0,0.057428066
0,0,0.012434426
0,0,0.003323789
0,0,0.0011607243
0,0,0.0009750625
0,0,0.0018903805
0,0,0.0015675231
0,0,0.0010986902
0,0,0.001531267
0,0,0.0016974258
0,0,0.0012830672
0,0,0.0018454829
0,0,0.001467323
0,0,0.0014235211
0,0,0.0011949424
0,0,0.0011771674
0,0,0.0023993554
0,0,0.0037589013
0,0,0.0028270371
0,0,0.0024091422
0,0,0.0012248987
0,0,0.0006323378
0,0,0.000595417
0,0,0.0007988007
0,0,0.001662815
0,0,0.0030177787
0,0,0.0049179024
0,0,0.0043246266
0,0,0.0023897386
0,0,0.001519499
0,0,0.0014714152
0,0,0.0013655514
0,0,0.0008451585
0,0,0.0007346009
0,0,0.00079131627
0,0,0.000987034
0,0,0.001054588
0,0,0.0012625722
0,0,0.0011954039
0,0,0.0009049317
0,0,0.0011509906
0,0,0.0015538114
0,0,0.0014718054
0,0,0.001624578
0,0,0.0011442302
0,0,0.000672856
0,0,0.00062336255
0,0,0.00068321975
0,0,0.0006571321
0,0,0.0005154973
0,0,0.0006050216
0,0,0.0008647878
0,0,0.0010047752
0,0,0.0011764186
0,0,0.0011024803
0,0,0.00081107806
0,0,0.0006770193
0,0,0.00053469714
0,0,0.00046255355
0,0,0.0005637154
1,0,0.003348384
1,0,0.017308163
1,0,0.06130723
1,0,0.1265421
1,0,0.085033044
1,0,0.07126516
1,0,0.050763693
1,0,0.03797842
1,0,0.03356447
1,0,0.034781724
1,0,0.04018494
1,0,0.037319753
1,0,0.050594747
1,0,0.092892535
1,0,0.11726057
1,0,0.08536028
1,0,0.04388187
1,0,0.0312852
1,0,0.03337526
1,0,0.03595986
1,0,0.03876831
1,0,0.037275247
1,0,0.037271556
1,0,0.047868967
1,0,0.079666436
1,0,0.22177896
1,0,0.4252929
1,1,0.5731806
1,0,0.252823
1,0,0.14230397
1,0,0.10765248
1,0,0.13171704
1,0,0.25612465
1,0,0.36663714
1,0,0.45449096
1,0,0.31961036
1,0,0.2670225
1,0,0.276026
1,0,0.27929252
1,0,0.31927207
1,0,0.34373048
1,0,0.30462596
1,0,0.20820093
1,0,0.29041454
1,0,0.25757444
1,0,0.30706847
1,0,0.058843832
1,0,0.006796273
1,0,0.0006599645
1,0,0.00023501724
1,0,0.0001650431
1,0,0.00015431526
1,0,0.00020410659
1,0,0.0002970596
1,0,0.00041796028
1,0,0.0006436543
1,0,0.00055352197
1,0,0.0003692529
1,0,0.00029518668
1,0,0.00025081963
1,0,0.00019989489
1,0,0.00021896324
1,0,0.00019886093
1,0,0.00020810122
1,0,0.00022702386
1,0,0.00025027955
1,0,0.00037542268
1,0,0.00063187303
1,0,0.00067092985
1,0,0.000468036
1,0,0.00035593146
1,0,0.00039425748
1,0,0.0005573369
1,0,0.00076925015
1,0,0.0013886531
1,0,0.0011825756
1,0,0.0008793087
1,0,0.0008184081
1,0,0.00090961054
1,0,0.001182063
1,0,0.001353656
1,0,0.0014370997
1,0,0.000859366
1,0,0.00046892223
1,0,0.0005603002
1,0,0.0006315492
1,0,0.00058986596
1,0,0.0005245424
1,0,0.00032640528
1,0,0.00023436297
1,0,0.00018088332
1,0,0.00015297577
1,0,0.00017404294
1,0,0.00019305223
1,0,0.00024420346
1,0,0.0005539722
1,0,0.0019427885
1,0,0.0031064958
1,0,0.0061758747
1,0,0.006765389
1,0,0.0065021096
1,0,0.0047027175
1,0,0.0029432587
1,0,0.0029257594
1,0,0.0052037933
1,0,0.007614775
1,0,0.0151274875
1,0,0.019358475
1,0,0.011590094
1,0,0.010037015
1,0,0.01244057
1,0,0.012497195
1,0,0.010148765
1,0,0.007516533
1,0,0.006160485
1,0,0.007944334
1,0,0.009163165
1,0,0.0039856927
1,0,0.0031148782
1,0,0.0035864792
1,0,0.004772898
1,0,0.00747483
1,0,0.0049065887
1,0,0.0036229503
1,0,0.0036579396
1,0,0.005079406
1,0,0.0031745394
1,0,0.0027789595
1,0,0.003050437
1,0,0.0018652759
1,0,0.0014894627
1,0,0.0019279674
1,0,0.0026540363
1,0,0.00376335
1,0,0.0040450487
1,0,0.004027219
1,0,0.0059072035
1,0,0.005384488
1,0,0.0057635624
1,0,0.0058929506
1,0,0.0034363088
1,0,0.0023721748
1,0,0.0018659418
1,0,0.0013075218
1,0,0.0012302429
1,0,0.0011708229
1,0,0.0008597235
1,0,0.00070843013
1,0,0.00073229993
1,0,0.00096849806
1,0,0.0014900522
1,0,0.002066234
1,0,0.0024630995
1,0,0.0024275447
1,0,0.001902552
1,0,0.0016131413
1,0,0.000997695
1,0,0.00064452976
1,0,0.00050075527
1,0,0.0005131468
0,1,0.9479242
0,1,0.8225415
0,0,0.09866682
0,0,0.0014133407
0,0,0.007581883
0,0,0.009017007
0,0,0.028946849
0,0,0.04790136
0,0,0.01814243
0,0,0.01052937
0,0,0.0055737696
0,0,0.009306965
0,0,0.025321072
0,0,0.028580325
0,0,0.021892056
0,0,0.014289798
0,0,0.010522451
0,0,0.009089997
0,0,0.004425182
0,0,0.004375486
0,0,0.007081828
0,0,0.038285684
0,0,0.26090232
0,0,0.2660412
0,0,0.11003619
0,0,0.05051283
0,0,0.03566393
0,0,0.029743467
0,0,0.026411185
0,0,0.017575089
0,0,0.009552043
0,0,0.010617631
0,0,0.00642266
0,0,0.0049310406
0,0,0.009606458
0,0,0.010133539
0,0,0.013457648
0,0,0.017478446
0,0,0.022504969
0,0,0.044531506
0,0,0.058259822
0,0,0.052844446
0,0,0.02595474
0,0,0.020114807
0,0,0.014251523
0,0,0.015962468
0,0,0.009362597
0,0,0.007736281
0,0,0.009453599
0,0,0.010733735
0,0,0.015464185
0,0,0.024696175
0,0,0.04497133
0,0,0.067327246
0,0,0.08363743
0,0,0.087758675
0,0,0.08758069
0,0,0.087364726
0,0,0.064107075
0,0,0.06045377
0,0,0.05310379
0,0,0.045004833
0,0,0.03392244
0,0,0.033164613
0,0,0.050365698
0,0,0.057193637
0,0,0.051881332
0,0,0.034483287
0,0,0.039518032
0,0,0.025078397
0,0,0.020294026
0,0,0.023760058
0,0,0.02359747
0,0,0.030250348
0,0,0.04081671
0,0,0.054738265
0,0,0.049502123
0,0,0.036359597
0,0,0.018466482
0,0,0.014174185
0,0,0.02023094
0,0,0.017612994
0,0,0.010223003
0,0,0.0085515
0,0,0.02080831
0,0,0.025669085
0,0,0.028994268
0,0,0.024290012
0,0,0.04906051
0,0,0.040595558
0,0,0.02501361
0,0,0.0115643935
0,0,0.017319376
0,0,0.019484604
0,1,0.5315376
0,1,0.66994566
0,1,0.6549851
0,1,0.7529962
0,1,0.7400564
0,1,0.7834897
0,1,0.8074915
0,1,0.7306385
0,1,0.62562335
0,1,0.5355385
0,0,0.4694211
0,0,0.28023288
0,0,0.19149591
0,0,0.19886161
0,0,0.23604602
0,0,0.33173618
0,0,0.32734275
0,0,0.31181324
0,1,0.51628315
0,1,0.7481475
0,1,0.8455118
0,1,0.884599
0,1,0.84384423
1,1,0.72408515
1,1,0.68222
1,1,0.5659504
1,0,0.46541744
1,0,0.45043418
1,0,0.44488773
1,0,0.4457547
1,1,0.5306076
1,1,0.59340936
1,1,0.5923737
1,1,0.5810713
1,1,0.6509858
1,1,0.71548903
1,1,0.69802
1,1,0.7025478
1,1,0.5461213
1,1,0.50027865
1,0,0.34967327
1,0,0.30649114
1,0,0.2677472
1,0,0.2049817
1,0,0.2698381
1,0,0.28081664
1,0,0.22373068
1,0,0.14699522
1,0,0.33345416
1,1,0.64321756
1,1,0.6508781
1,1,0.6592999
1,1,0.6599023
1,1,0.72563255
1,1,0.7472989
1,1,0.7588558
1,1,0.7224728
1,1,0.5972637
1,1,0.613314
1,1,0.5805162
1,1,0.563913
1,0,0.412289
1,0,0.24962376
1,0,0.24761929
1,0,0.17887871
1,0,0.14827125
1,0,0.10345269
1,0,0.24985918
1,1,0.5674149
0,1,0.78722686
0,1,0.6670346
0,1,0.5517616
0,1,0.6206474
0,1,0.776776
0,1,0.74513066
0,1,0.6818166
0,1,0.7014439
0,1,0.68680346
0,1,0.75422686
0,1,0.8650198
0,1,0.87594336
0,1,0.82439804
0,1,0.70857316
0,1,0.5949478
0,1,0.66109586
0,1,0.82081777
0,1,0.87855065
0,1,0.9266079
0,1,0.96155626
0,1,0.9411621
0,1,0.9001218
0,1,0.7901148
1,1,0.6530113
1,1,0.54594994
1,0,0.46604106
1,0,0.46316963
1,1,0.6225312
1,1,0.6404429
1,1,0.5625096
1,0,0.45961353
1,0,0.31152096
1,0,0.33229992
1,0,0.4515652
1,0,0.4114168
1,1,0.5141476
1,1,0.6319955
1,1,0.7095651
1,1,0.72765976
1,1,0.68696487
1,1,0.70404875
1,1,0.7507408
1,1,0.70846057
1,1,0.68655175
1,1,0.73488075
1,1,0.72018254
0,0,0.2863415
0,0,0.13022834
0,0,0.044224564
0,0,0.0123482365
0,0,0.034605917
0,0,0.07428316
0,0,0.13469516
0,0,0.10603641
0,0,0.052230738
0,0,0.029333282
0,0,0.028964479
0,0,0.030924732
0,0,0.025045173
0,0,0.022238338
0,0,0.023353565
0,0,0.027269602
0,0,0.042506665
0,0,0.039673284
0,0,0.036518354
0,0,0.0345019
0,0,0.032180734
0,0,0.04621499
0,0,0.08417016
0,0,0.11882504
0,0,0.17629828
0,0,0.0950345
0,0,0.0958605
0,0,0.07044364
0,0,0.065415636
0,0,0.07577526
0,0,0.09013654
0,0,0.15513368
0,0,0.35577112
0,1,0.51810205
0,1,0.5909117
0,1,0.64382076
0,1,0.68395376
0,1,0.73859036
0,1,0.8201403
0,1,0.8718841
0,1,0.8546148
0,1,0.8014298
0,1,0.7590201
0,1,0.7265745
0,1,0.7296859
0,1,0.74658924
0,1,0.7166163
0,1,0.7520213
0,1,0.6484164
0,1,0.51832753
0,0,0.4321176
0,0,0.33192292
0,0,0.27782857
0,0,0.30508155
0,0,0.3251491
0,0,0.34431028
0,0,0.33015957
0,0,0.3225733
0,0,0.31256902
1,1,0.8501629
1,1,0.8654961
1,1,0.79030585
1,1,0.7849515
1,1,0.72514474
1,1,0.7581579
1,1,0.7789106
1,1,0.77793455
1,1,0.775298
1,1,0.63870203
1,1,0.6225992
1,1,0.66879517
1,1,0.7586077
1,1,0.7433309
1,1,0.82408416
1,1,0.80938244
1,1,0.73070735
1,1,0.63305676
1,0,0.43981525
1,0,0.49930575
1,1,0.80601007
1,1,0.8518039
1,1,0.81538075
1,1,0.77619433
1,1,0.79145044
1,1,0.7623283
1,1,0.7382334
1,1,0.59545404
1,1,0.8036908
1,1,0.826156
1,1,0.7243042
1,1,0.7442838
1,1,0.800695
1,1,0.82272285
1,1,0.851105
1,1,0.8304856
1,1,0.7622423
1,1,0.73934805
1,1,0.65453476
1,1,0.5850565
1,0,0.4964197
1,1,0.5795199
1,1,0.7571215
1,1,0.81631136
1,1,0.7944957
1,1,0.79163957
0,0,0.19158573
0,0,0.0904038
0,0,0.11812293
0,0,0.13164967
0,0,0.3471894
0,0,0.25444523
0,0,0.22194579
0,0,0.16204594
0,0,0.10622951
0,0,0.07964027
0,0,0.054602537
0,0,0.03422915
0,0,0.020573236
0,0,0.016076747
0,0,0.017048048
0,0,0.019833572
0,0,0.02413874
0,0,0.034722734
0,0,0.037364993
0,0,0.034566358
0,0,0.013706834
0,0,0.0059589897
0,0,0.0064343703
0,0,0.013271813
0,0,0.030591099
0,0,0.049897976
0,0,0.07179891
0,0,0.058549345
0,0,0.0428502
0,0,0.03003791
0,0,0.023078483
0,0,0.017941944
0,0,0.031130344
0,0,0.05723716
0,0,0.077678144
0,0,0.05425043
0,0,0.04817568
0,0,0.045373227
0,0,0.053275142
0,0,0.062045082
0,0,0.059409264
0,0,0.07017841
0,0,0.07575902
0,0,0.10145296
0,0,0.13247976
0,0,0.084841706
0,0,0.018581562
0,0,0.0052232565
0,0,0.0039827446
0,0,0.010832813
0,0,0.04171475
0,0,0.07338227
0,0,0.11436374
0,0,0.19455864
0,0,0.27589032
0,0,0.2545073
0,0,0.17020665
0,0,0.09387182
0,0,0.0574738
0,0,0.11530253
0,0,0.2870307
0,0,0.38041672
0,0,0.3436606
0,0,0.27224627
0,0,0.16211194
0,0,0.078716286
0,0,0.07419782
0,0,0.07824033
0,0,0.34381756
0,0,0.2844327
0,0,0.2453362
0,0,0.2609968
0,0,0.46941203
0,0,0.46398962
0,0,0.38541907
0,0,0.326638
0,0,0.32546228
0,0,0.38167056
0,0,0.36405244
0,0,0.31956518
0,0,0.3211276
0,0,0.35753003
0,0,0.35885704
0,0,0.2959614
0,0,0.24757849
0,0,0.25438726
0,0,0.33214733
0,0,0.41913772
0,0,0.37683785
0,0,0.31087738
0,0,0.32696933
0,0,0.2607918
0,0,0.16876335
0,0,0.16527754
0,0,0.104383096
0,0,0.41817304
0,0,0.122743815
0,0,0.00494026
0,0,0.004069117
0,0,0.0043664705
0,0,0.061273206
0,0,0.45971465
0,1,0.5463538
0,1,0.592491
0,1,0.5790528
0,1,0.5740804
0,1,0.5704644
0,1,0.51026726
0,0,0.38572404
0,0,0.2627281
0,0,0.27096975
0,0,0.36603516
0,0,0.49412706
0,1,0.57255965
0,1,0.62199837
0,1,0.65199006
0,1,0.63826495
0,1,0.676184
0,1,0.6194521
0,1,0.51559466
0,1,0.5171075
0,1,0.55028087
0,1,0.58580136
0,1,0.5028083
0,0,0.4505762
0,0,0.4868136
0,1,0.5808665
0,1,0.5850432
0,0,0.469378
0,0,0.42217726
0,0,0.47552997
0,1,0.5421565
0,1,0.6324347
0,1,0.6956173
0,1,0.72367996
0,1,0.693956
0,1,0.6035119
0,1,0.5226247
0,0,0.49473995
0,1,0.5138279
0,1,0.53083
0,1,0.5510642
0,1,0.5566819
0,1,0.5382395
0,1,0.52439946
0,1,0.52317417
0,1,0.5100807
0,1,0.5270866
0,1,0.5135362
0,0,0.49358562
0,0,0.49975973
0,1,0.5320493
0,1,0.5346293
0,0,0.47114256
0,0,0.40051976
0,0,0.37378833
0,0,0.39277726
0,0,0.4388539
0,1,0.52668107
0,1,0.6020004
0,1,0.62421036
0,1,0.6142076
0,1,0.8645607
0,1,0.9396538
0,1,0.98123485
0,1,0.9890514
0,1,0.9962297
0,1,0.99337655
0,1,0.9811459
0,1,0.97839063
0,1,0.98005086
0,1,0.98880553
0,1,0.9944301
0,1,0.9909496
0,1,0.9784622
0,1,0.98009515
0,1,0.9904551
0,1,0.9913924
0,1,0.98673356
0,1,0.9919173
0,1,0.9909208
0,1,0.9860167
0,1,0.9886417
0,1,0.97802746
0,1,0.9479764
1,1,0.9752381
1,1,0.9784846
1,1,0.9929724
1,1,0.9954079
1,1,0.9932769
1,1,0.97942436
1,1,0.9757639
1,1,0.98388636
1,1,0.98687905
1,1,0.986922
1,1,0.99047005
1,1,0.98901665
1,1,0.98172665
1,1,0.9814693
1,1,0.9874049
1,1,0.9890687
1,1,0.9890892
1,1,0.9819563
1,1,0.97366685
1,1,0.96257496
1,1,0.9853956
1,1,0.98877746
1,1,0.99303716
0,1,0.97596085
0,1,0.97286946
0,1,0.9792259
0,1,0.89704454
0,1,0.8542876
0,1,0.887697
0,1,0.92160714
0,1,0.9584667
0,1,0.9562397
0,1,0.97752416
0,1,0.98749685
0,1,0.97847694
0,1,0.95552486
0,1,0.96082187
0,1,0.96705395
0,1,0.97428334
0,1,0.9801501
0,1,0.9776238
0,1,0.9677366
0,1,0.9434519
0,1,0.9301398
0,1,0.9064631
0,1,0.91066706
1,1,0.94746053
1,1,0.9654208
1,1,0.9810315
1,1,0.9883585
1,1,0.9894991
1,1,0.97611713
1,1,0.9482579
1,1,0.9346275
1,1,0.97329426
1,1,0.9832123
1,1,0.9760272
1,1,0.97283983
1,1,0.95277387
1,1,0.9704462
1,1,0.98397785
1,1,0.9841357
1,1,0.9795233
1,1,0.9667496
1,1,0.95944554
1,1,0.93917763
1,1,0.9185175
1,1,0.9480264
1,1,0.967963
1,1,0.9761612
1,1,0.97733355
1,1,0.97740775
1,1,0.9735141
1,1,0.97679806
1,1,0.97923
1,1,0.976492
1,1,0.9838351
1,1,0.9857919
1,1,0.99008876
1,1,0.9891433
1,1,0.974773
1,1,0.98832744
1,1,0.9872349
1,1,0.97827953
1,1,0.9801499
1,1,0.9559567
1,1,0.9498205
1,1,0.9527581
1,1,0.9547441
1,1,0.9818248
1,1,0.97307307
1,1,0.9795989
0,1,0.6584364
0,0,0.1120608
0,0,0.07765201
0,0,0.09692366
0,0,0.3084495
0,0,0.32526925
0,0,0.2717035
0,0,0.1954256
0,0,0.13545994
0,0,0.13071904
0,0,0.19246975
0,0,0.30256587
0,0,0.33051866
0,0,0.32829764
0,0,0.32420003
0,0,0.35307515
0,0,0.3950459
0,0,0.42795143
0,0,0.43784356
0,0,0.43662784
0,0,0.42470455
0,0,0.4281203
0,0,0.43138093
0,0,0.42587033
0,0,0.40305808
0,0,0.39047197
0,0,0.40769407
0,0,0.4057771
0,0,0.4049033
0,0,0.44715694
0,0,0.48832414
0,0,0.42969832
0,0,0.3790255
0,0,0.36900598
0,0,0.41001922
0,0,0.47544336
0,0,0.4967568
0,1,0.5039145
0,1,0.51853
0,1,0.52426153
0,1,0.51444817
0,1,0.5132624
0,1,0.5119645
0,1,0.5078165
0,0,0.46268246
0,0,0.39536414
0,0,0.3452804
0,0,0.33149236
0,0,0.35436383
0,0,0.40432948
0,0,0.43843794
0,0,0.4424422
0,0,0.44180724
0,0,0.44576985
0,0,0.4027588
0,0,0.39210522
0,0,0.41246122
0,0,0.46269092
0,1,0.52478164
1,1,0.8716145
1,1,0.9371822
1,1,0.9708328
1,1,0.9863469
1,1,0.9854897
1,1,0.983886
1,1,0.9724999
1,1,0.9767497
1,1,0.987946
1,1,0.9930045
1,1,0.9947837
1,1,0.98744386
1,1,0.9503519
1,1,0.9659348
1,1,0.92193896
1,1,0.89084595
1,1,0.98285323
1,1,0.98052955
1,1,0.962969
1,1,0.99226964
1,1,0.989929
1,1,0.98466694
1,1,0.87707597
1,1,0.51572406
1,1,0.6571673
1,1,0.9303596
1,1,0.99496657
1,1,0.9808168
1,1,0.97924083
1,1,0.9777314
1,1,0.9757555
1,1,0.97811764
1,1,0.97819966
1,1,0.972038
1,1,0.9723956
1,1,0.97298336
1,1,0.9713287
1,1,0.9736529
1,1,0.976538
1,1,0.9807674
1,1,0.9844705
1,1,0.9871672
1,1,0.98844004
1,1,0.98848885
1,1,0.9822626
1,1,0.98056257
0,0,0.49073085
0,0,0.08351338
0,0,0.12861693
0,0,0.22308418
0,0,0.4570747
0,1,0.57170206
0,1,0.5987481
0,0,0.46599513
0,0,0.31035295
0,0,0.20333262
0,0,0.1916801
0,0,0.24717167
0,0,0.30698338
0,0,0.31823626
0,0,0.3419133
0,0,0.36259055
0,0,0.29312918
0,0,0.24516837
0,0,0.30260423
0,0,0.44615662
0,1,0.5439682
0,1,0.5497361
0,1,0.5146856
0,0,0.46767223
0,0,0.43998912
0,0,0.46087885
0,1,0.51457256
0,1,0.6114372
0,1,0.67361754
0,1,0.68243665
0,1,0.6622656
0,1,0.6144111
0,1,0.56892633
0,1,0.5452309
0,1,0.57806253
0,1,0.62928605
0,1,0.6519241
0,1,0.6528633
0,1,0.6529889
0,1,0.6562845
0,1,0.64293027
0,1,0.6318334
0,1,0.6241701
0,1,0.61322063
0,1,0.60333836
0,1,0.5413917
0,0,0.48601097
0,0,0.48773873
0,1,0.54200625
0,1,0.59587413
0,1,0.5974224
0,1,0.5705057
0,1,0.5398379
0,1,0.50674564
0,0,0.45227388
0,0,0.42998075
0,0,0.4319833
0,0,0.44158986
0,0,0.4672884
0,1,0.57685333
0,1,0.5380161
0,0,0.487467
0,1,0.5649103
0,0,0.47951108
0,0,0.45609212
0,0,0.46345177
0,0,0.34775418
0,0,0.18274538
0,0,0.13441591
0,0,0.16677508
0,0,0.17260164
0,0,0.14474316
0,0,0.116897956
0,0,0.11601162
0,0,0.09419608
0,0,0.060688004
0,0,0.060282674
0,0,0.1153518
0,0,0.31398794
0,1,0.55971926
0,1,0.6558879
0,1,0.65577275
0,1,0.65576166
0,1,0.6093122
0,1,0.55816144
0,0,0.4038039
0,0,0.22650248
0,0,0.12701483
0,0,0.13820006
0,0,0.22949055
0,0,0.30026633
0,0,0.23948728
0,0,0.04710216
0,0,0.052973043
0,0,0.12579547
0,0,0.29224727
0,0,0.4619818
0,0,0.44552097
0,0,0.39820108
0,0,0.3765698
0,0,0.41162762
0,0,0.48814118
0,1,0.5608807
0,1,0.5588555
0,0,0.4902097
0,0,0.3514385
0,0,0.1961009
0,0,0.15543096
0,0,0.21530719
0,0,0.3391297
0,0,0.45939404
0,0,0.46443057
0,0,0.45704806
0,0,0.4840537
0,0,0.013252912
0,0,0.0046280087
0,0,0.0007104435
0,0,0.00019165466
0,0,6.103964e-05
0,0,3.4894267e-05
0,0,3.341804e-05
0,0,3.711001e-05
0,0,4.079537e-05
0,0,4.5442055e-05
0,0,3.9935905e-05
0,0,3.6199985e-05
0,0,4.1333664e-05
0,0,3.957815e-05
0,0,3.7114187e-05
0,0,3.7344926e-05
0,0,4.4433138e-05
0,0,4.547578e-05
0,0,3.9575625e-05
0,0,3.579061e-05
0,0,3.0984444e-05
0,0,3.4054516e-05
0,0,4.5620633e-05
0,0,8.24102e-05
0,0,0.00038232346
0,0,0.0011431103
0,0,0.0024452738
0,0,0.007977822
0,0,0.0038620387
0,0,0.00096015894
0,0,0.0014804982
0,0,0.0008741723
0,0,0.00069753075
0,0,0.0026897104
0,0,0.0034496756
0,0,0.007336084
0,0,0.005381848
0,0,0.014526068
0,0,0.010954368
0,0,0.02439525
0,0,0.013322867
0,0,0.0057202363
0,0,0.0040348647
0,0,0.008677192
0,0,0.0040488904
0,0,0.0053679836
0,0,0.0040930486
0,0,0.008360853
0,0,0.0022642985
0,0,0.0036002982
0,0,0.0025678645
0,0,0.0054368326
0,0,0.0014455877
0,0,0.004071209
0,0,0.0035423755
0,0,0.009240453
0,0,0.003679463
0,0,0.004593462
0,0,0.0038120742
0,0,0.00781271
0,0,0.0017582413
0,0,0.0036494513
0,0,0.0032265028
0,0,0.006727468
0,0,0.0021438869
0,0,0.003949963
0,0,0.003458424
0,0,0.0077513033
0,0,0.0034493986
0,0,0.004832642
0,0,0.0037713067
0,0,0.008482267
0,0,0.003709841
0,0,0.0047276807
0,0,0.003963697
0,0,0.008143393
0,0,0.0027157925
0,0,0.0042987266
0,0,0.0033871296
0,0,0.006929044
0,0,0.0018480654
0,0,0.0033454082
0,0,0.0032188839
0,0,0.0052589467
0,0,0.0023761427
0,0,0.0046343524
0,0,0.003761277
0,0,0.008534796
0,0,0.003930621
0,0,0.0039834334
0,0,0.003858051
0,0,0.008119649
0,0,0.0031380425
0,0,0.004287251
1,0,0.037905365
1,0,0.058427606
1,0,0.059013
1,0,0.27488527
1,0,0.2824341
1,0,0.2714493
1,0,0.27429664
1,0,0.23315904
1,0,0.1622985
1,0,0.12750569
1,0,0.115215935
1,0,0.23288113
1,0,0.38060448
1,0,0.39306328
1,0,0.33218884
1,0,0.24926406
1,0,0.3686806
1,0,0.34999764
1,0,0.22320396
1,0,0.131333
1,0,0.07415054
1,0,0.035043847
1,0,0.022333032
1,0,0.17345871
1,0,0.2335327
1,0,0.21242513
1,0,0.18007854
1,0,0.13836166
1,0,0.06681578
1,0,0.015301596
1,0,0.004494338
1,0,0.0014717544
1,0,0.0027214652
1,0,0.032447122
1,0,0.08162411
1,0,0.12542886
1,0,0.15379569
1,0,0.17288204
1,0,0.103800386
1,0,0.04263716
1,0,0.039239816
1,0,0.01631514
1,0,0.0036992815
1,0,0.0021103986
1,0,0.0043320614
1,0,0.010269887
1,0,0.055628404
1,0,0.07478248
1,0,0.11105092
1,0,0.20174399
1,0,0.23981197
1,0,0.16807377
1,0,0.121566325
1,0,0.07181388
1,0,0.04503534
1,0,0.031278163
1,0,0.042744298
1,0,0.07371466
1,0,0.11424176
1,0,0.10255946
1,0,0.06704904
1,0,0.046428386
1,0,0.017390944
1,0,0.010121655
1,0,0.00869312
1,0,0.007698171
1,0,0.008028928
1,0,0.020168517
1,0,0.049640078
1,0,0.10075517
1,0,0.1998247
1,0,0.3320649
1,1,0.5067875
1,1,0.75079376
1,1,0.8528677
1,1,0.7782546
1,1,0.678297
1,1,0.5353806
1,0,0.30373883
1,0,0.22688097
1,0,0.28698304
1,0,0.26756996
1,0,0.27937272
1,0,0.29453242
1,0,0.32408956
1,0,0.3709128
1,0,0.36948746
1,0,0.40774685
1,0,0.4593638
1,0,0.46076578
1,1,0.51404554
1,0,0.47357905
1,1,0.5334055
1,0,0.4263164
1,0,0.20515135
1,0,0.023559893
1,0,0.011968596
1,0,0.0096703805
1,0,0.006741285
1,0,0.011558183
1,0,0.011090942
1,0,0.011735473
1,0,0.011673277
1,0,0.012818656
1,0,0.0094999755
1,0,0.007541995
1,0,0.012210583
1,0,0.008135737
1,0,0.005398693
1,0,0.0052857343
1,0,0.0030948664
1,0,0.0048372424
1,0,0.021614444
1,0,0.1299144
1,0,0.3177185
1,0,0.09615589
1,0,0.04646441
1,0,0.020253329
1,0,0.0061490834
1,0,0.0047314106
1,0,0.00633086
1,0,0.004929284
1,0,0.0047387294
1,0,0.0030426148
1,0,0.002645827
1,0,0.00231986
1,0,0.0012653677
1,0,0.0010018036
1,0,0.0016200792
1,0,0.0038918655
1,0,0.0053088954
1,0,0.005024305
1,0,0.00465572
1,0,0.0035445641
1,0,0.0019775492
1,0,0.0015017571
1,0,0.001511965
1,0,0.0011916443
1,0,0.001960706
1,0,0.002226156
1,0,0.001846619
1,0,0.0024319675
1,0,0.002040097
1,0,0.002241172
1,0,0.0029650046
1,0,0.0016984133
1,0,0.0021352484
1,0,0.0022502658
1,0,0.0010387587
1,0,0.0011248314
1,0,0.0013896663
1,0,0.0009911422
1,0,0.0017114858
1,0,0.0010629882
1,0,0.00083937595
1,0,0.0011815368
1,0,0.00046171967
1,0,0.00048151685
1,0,0.00047029692
1,0,0.0004300259
1,0,0.0009467198
1,0,0.0017729128
1,0,0.0019223822
1,0,0.002052624
1,0,0.0014659767
1,0,0.0025464154
1,0,0.0055226088
1,0,0.0070335087
1,0,0.013450465
1,0,0.010920096
1,0,0.011597734
1,0,0.012950294
1,0,0.009849666
1,0,0.01085862
1,0,0.06548676
1,0,0.09736496
1,0,0.17141156
1,0,0.32188505
1,0,0.13822317
1,0,0.05043014
1,0,0.03722385
1,0,0.019279566
1,0,0.03384495
1,0,0.28340986
1,1,0.7089356
1,1,0.87696934
1,1,0.7928819
1,1,0.6415115
1,1,0.61896753
1,0,0.35692343
1,0,0.32693845
1,1,0.5271002
1,1,0.51948285
1,1,0.60168
1,1,0.66036266
1,1,0.750641
1,1,0.72393143
1,1,0.8225764
1,1,0.74498296
1,1,0.6492635
1,1,0.60899884
1,1,0.6281369
1,1,0.5968554
1,1,0.5345586
1,1,0.51233965
1,0,0.4795415
1,0,0.41900876
1,0,0.38792744
1,0,0.4253288
1,0,0.3988392
1,0,0.33091158
1,0,0.34236857
1,0,0.38302958
1,0,0.24795198
1,0,0.20303291
1,0,0.22400814
1,0,0.29266468
1,0,0.41817063
1,1,0.52540696
1,1,0.5713859
0,0,0.058862135
0,0,0.0033283904
0,0,0.0002014447
0,0,5.374986e-05
0,0,5.519671e-05
0,0,7.108764e-05
0,0,0.000102907245
0,0,0.00015629144
0,0,0.00020506594
0,0,0.0002678776
0,0,0.00018702207
0,0,9.501687e-05
0,0,9.674789e-05
0,0,0.00012123573
0,0,0.0001262868
0,0,0.0001282622
0,0,0.00011384371
0,0,9.943935e-05
0,0,9.597329e-05
0,0,0.00011609899
0,0,0.00014777124
0,0,0.00026888656
0,0,0.00045176432
0,0,0.00055001944
0,0,0.000650841
0,0,0.0004571026
0,0,0.0003082246
0,0,0.0002024695
0,0,0.00024037022
0,0,0.00024289545
0,0,0.00024027353
0,0,0.0002601584
0,0,0.00031995674
0,0,0.00039200403
0,0,0.00059360877
0,0,0.0011452694
0,0,0.00088013936
0,0,0.0010508272
0,0,0.0007456743
0,0,0.00024125558
0,0,0.00014101212
0,0,0.0001664095
0,0,0.00015692758
0,0,0.00019159146
0,0,0.00022215841
0,0,0.00023105991
0,0,0.0001485358
0,0,9.416637e-05
0,0,9.517684e-05
0,0,0.00010750117
0,0,0.0001228353
0,0,0.00012808767
0,0,0.0001309586
0,0,0.00011923169
0,0,0.00010576751
0,0,9.915878e-05
0,0,7.517375e-05
0,0,6.874648e-05
0,0,7.552246e-05
0,0,7.7130586e-05
0,0,9.0541624e-05
0,0,0.00012782998
0,0,0.00014970989
0,0,0.00015233734
0,0,0.0001448668
0,0,0.00012497019
0,0,0.00012227225
0,0,0.00011318461
1,0,0.00010979864
1,0,8.822456e-05
1,0,8.455377e-05
1,0,9.1807146e-05
1,0,0.000109519024
1,0,0.00018016243
1,0,0.0001783983
1,0,0.0001450014
1,0,9.8195895e-05
1,0,9.999942e-05
1,0,0.0001222558
1,0,0.00016021887
1,0,0.00019488059
1,0,0.00019940869
1,0,0.000200831
1,0,0.00022651748
1,0,0.0001975774
1,0,0.00015893615
1,0,0.00012922294
1,0,0.00019102306
1,0,0.0003097715
1,0,0.00050834235
1,0,0.0006930557
1,0,0.0001560999
1,0,6.501589e-05
1,0,0.000105895575
1,0,0.00014170291
1,0,0.00011643503
1,0,0.00011678095
1,0,0.00012165633
1,0,0.00013031434
1,0,0.0002393183
1,0,0.00034074823
1,0,0.000296626
1,0,0.0001852722
1,0,8.520866e-05
1,0,6.7759654e-05
1,0,8.3894854e-05
1,0,8.43431e-05
1,0,0.0001191544
1,0,0.00017922095
1,0,0.00013987116
1,0,0.00012216969
1,0,9.444532e-05
1,0,6.783853e-05
1,0,7.456753e-05
0,0,0.00023940229
0,0,0.000560846
0,0,0.0028994747
0,0,0.23811398
0,0,0.37008497
0,0,0.1881425
0,0,0.08097623
0,0,0.042151563
0,0,0.022468267
0,0,0.015147814
0,0,0.016945897
0,0,0.016533123
0,0,0.018752633
0,0,0.03136888
0,0,0.014983223
0,0,0.013276549
0,0,0.06736872
0,0,0.07236852
0,0,0.026861215
0,0,0.013452535
0,0,0.0048619835
0,0,0.0033375828
0,0,0.010365759
0,0,0.030368157
0,0,0.021424562
0,0,0.014210551
0,0,0.007908893
0,0,0.004131154
0,0,0.003437465
0,0,0.0070428792
0,0,0.0063092625
0,0,0.0042774873
0,0,0.0020826587
0,0,0.0016499636
0,0,0.0012505263
0,0,0.0010346753
0,0,0.0013618382
0,0,0.0012807363
0,0,0.0012089895
0,0,0.0017392427
0,0,0.0014944366
0,0,0.0022569676
0,0,0.0051978678
0,0,0.0055323434
0,0,0.007582162
0,0,0.003033546
0,0,0.0015829841
0,0,0.0007907686
0,0,0.0012656455
0,0,0.0016957653
0,0,0.0036448454
0,0,0.003262643
0,0,0.0027265279
0,0,0.0015771383
0,0,0.0020219493
0,0,0.0024074237
0,0,0.0034165094
0,0,0.0037693828
0,0,0.0051826723
0,0,0.0017935488
0,0,0.0012699105
0,0,0.00087765726
0,0,0.0009198863
0,0,0.0007499698
0,0,0.0010369119
0,0,0.0010118058
0,0,0.001150961
0,0,0.00088429445
0,0,0.0008310022
0,0,0.0009273103
0,0,0.0010755111
0,0,0.0013550654
0,0,0.0021104217
0,0,0.0013566575
0,0,0.0010823482
0,0,0.0010010023
0,0,0.0028625464
0,0,0.0047681034
0,0,0.01241706
0,0,0.010053147
0,0,0.0036639175
0,0,0.0036412058
0,0,0.007983923
0,0,0.016456664
0,0,0.027760016
0,0,0.0091665685
0,0,0.0023319465
0,0,0.0011410716
0,0,0.0014587936
0,0,0.0013853414
0,0,0.0014616282
0,0,0.0011049396
0,0,0.0013232214
0,0,0.0012730265
1,0,0.042152323
1,0,0.23669995
1,1,0.5789141
1,1,0.8229526
1,1,0.90979385
1,1,0.94483095
1,1,0.87594175
1,1,0.5668122
1,0,0.38931
1,0,0.45705664
1,0,0.49898964
1,1,0.5576449
1,1,0.7177275
1,1,0.81924254
1,1,0.824639
1,1,0.76471174
1,1,0.6313657
1,1,0.5440004
1,1,0.64187145
1,1,0.7230179
1,1,0.7827163
1,1,0.821832
1,1,0.79247344
1,1,0.6150815
1,1,0.69335675
1,1,0.79386485
1,1,0.7620932
1,1,0.8111137
1,1,0.8856046
1,1,0.8869404
1,1,0.88687646
1,1,0.86543626
1,1,0.84276414
1,1,0.8023806
1,1,0.7181269
1,1,0.6371246
1,1,0.61581665
1,1,0.6020442
1,1,0.6611412
1,1,0.81563765
1,1,0.9013534
1,1,0.912529
1,1,0.8964296
1,1,0.8327621
1,1,0.81732476
1,1,0.7847334
1,1,0.79091775
1,1,0.8505807
1,1,0.8672435
1,1,0.8960344
1,1,0.9163961
1,1,0.9007795
1,1,0.92850375
1,1,0.9271106
1,1,0.874102
1,1,0.83050203
1,1,0.82915175
1,1,0.80949944
1,1,0.8216819
1,1,0.8883452
1,1,0.8564518
1,1,0.7493269
1,1,0.7311037
1,1,0.7789721
1,1,0.76211476
1,1,0.70609003
1,1,0.66746557
1,1,0.7147603
1,1,0.7126359
1,1,0.87369484
1,1,0.8532514
1,1,0.8577093
1,1,0.8723656
1,1,0.80223423
1,1,0.67744285
1,1,0.6455115
1,1,0.67995197
1,1,0.7739879
1,1,0.7781871
1,1,0.8225095
1,1,0.8429511
1,1,0.7796833
1,1,0.7251771
1,1,0.6985636
1,1,0.5927158
1,1,0.572289
1,1,0.57952714
1,1,0.6183057
1,1,0.6864709
1,1,0.693708
1,1,0.6067682
1,1,0.58341944
1,1,0.665195
1,1,0.7093764
1,1,0.7960635
1,1,0.81491023
1,1,0.81175643
1,1,0.82859933
1,1,0.86778
1,1,0.8529255
1,1,0.64129394
1,0,0.47477016
1,0,0.492614
1,1,0.57473207
1,1,0.68920237
1,1,0.7982263
1,1,0.73429656
1,1,0.63644457
1,1,0.599377
1,1,0.5875955
1,1,0.60134834
1,1,0.5333307
1,0,0.3925443
1,0,0.365952
1,0,0.24579789
0,0,0.03252836
0,0,0.012200626
0,0,0.004004162
0,0,0.0013331579
0,0,0.0019859222
0,0,0.002471158
0,0,0.0023434244
0,0,0.0016020334
0,0,0.0016573525
0,0,0.001361444
0,0,0.0010914038
0,0,0.001174033
0,0,0.0013176856
0,0,0.0016460629
0,0,0.0018170392
0,0,0.0019581767
0,0,0.0023560375
0,0,0.0019541858
0,0,0.0019003917
0,0,0.001845411
0,0,0.0016834306
0,0,0.0021565414
0,0,0.0020705422
0,0,0.0024500603
0,0,0.0027635323
0,0,0.0028548613
0,0,0.0035330327
0,0,0.0029213587
0,0,0.0022647497
0,0,0.0023938492
0,0,0.002262091
0,0,0.002700714
0,0,0.0027612962
0,0,0.0025014945
0,0,0.0032848779
0,0,0.0037552065
0,0,0.003099694
0,0,0.002304134
0,0,0.0014684561
0,0,0.0012547523
0,0,0.0012355121
0,0,0.0021777714
0,0,0.0051324116
0,0,0.0080349855
0,0,0.009725362
0,0,0.016218971
0,0,0.007148933
0,0,0.004428788
0,0,0.0036873522
0,0,0.0036965108
0,0,0.0034047412
0,0,0.0041866587
0,0,0.004368465
0,0,0.0034520796
0,0,0.0038111254
0,0,0.0034264175
0,0,0.0035421655
0,0,0.0030691398
0,0,0.0026881313
1,0,0.15543132
1,1,0.584575
1,1,0.67479324
1,1,0.6581401
1,1,0.60925525
1,1,0.65561867
1,1,0.7166371
1,1,0.72366244
1,1,0.7927586
1,1,0.8127488
1,1,0.8425752
1,1,0.9068769
1,1,0.884763
1,1,0.8027517
1,1,0.6917385
1,1,0.7005063
1,1,0.71976393
1,1,0.745241
1,1,0.63265836
1,1,0.6020937
1,1,0.5452741
1,1,0.5820038
1,1,0.6166614
1,1,0.77792907
1,1,0.82713705
1,1,0.8065424
1,1,0.755446
1,1,0.7017969
1,1,0.8171342
1,1,0.8915896
1,1,0.8663007
1,1,0.8269089
1,1,0.7835912
1,1,0.8060451
1,1,0.8514778
1,1,0.8064734
1,1,0.74930155
1,1,0.66478616
1,1,0.67370504
1,1,0.7255586
1,1,0.82517505
1,1,0.94033223
1,1,0.9546385
1,1,0.9513315
1,1,0.93349624
1,1,0.9508389
1,1,0.8209777
1,1,0.6771251
1,0,0.49752453
1,0,0.27440253
1,0,0.24963367
1,0,0.073110335
1,0,0.029377887
1,0,0.011791676
1,0,0.007078851
1,0,0.005844566
1,0,0.0069768294
1,0,0.014424168
1,0,0.044790268
1,0,0.09284481
1,0,0.13455878
1,0,0.14508756
1,0,0.11585773
1,0,0.12009189
1,0,0.18204407
1,0,0.19782308
1,0,0.17569232
1,0,0.14657758
1,0,0.17647819
1,0,0.23500088
1,0,0.2167212
1,0,0.07893942
1,0,0.01846678
1,0,0.008828282
1,0,0.005721074
1,0,0.0048435796
1,0,0.005096509
1,0,0.004731918
1,0,0.0036890374
1,0,0.0027562957
1,0,0.0025353064
1,0,0.0038665892
1,0,0.007805853
1,0,0.017046165
1,0,0.02508163
1,0,0.015138427
1,0,0.008540559
1,0,0.0052778805
1,0,0.0036985944
1,0,0.005031543
1,0,0.0061893053
1,0,0.0060974173
1,0,0.017555866
1,0,0.06582132
1,0,0.16990717
1,0,0.243759
1,0,0.1867017
1,0,0.24283107
1,0,0.31763226
1,0,0.46995884
1,0,0.34558272
1,0,0.17591439
1,0,0.066883996
1,0,0.039453235
1,0,0.031527918
1,0,0.04694411
1,0,0.03459936
1,0,0.015703024
1,0,0.015245944
1,0,0.019793289
1,0,0.04141418
1,0,0.07677298
1,0,0.12512703
1,0,0.17021476
1,0,0.40687576
1,1,0.6413317
1,1,0.7038776
1,1,0.5797822
1,0,0.269358
1,0,0.050822135
1,0,0.029616086
1,0,0.06769659
1,0,0.15147504
1,0,0.17746368
1,0,0.12509073
1,0,0.041826174
1,0,0.024114251
1,0,0.017414084
1,0,0.013931421
1,0,0.017179372
1,0,0.016480636
1,0,0.012743316
1,0,0.0068045403
1,0,0.0034185133
1,0,0.0038217667
1,0,0.007701246
1,0,0.0073121246
1,0,0.006977464
1,0,0.0049174195
1,0,0.0036497288
1,0,0.0028487118
1,0,0.0029245536
1,0,0.0031352488
1,0,0.004130458
1,0,0.005446193
1,0,0.005872455
1,0,0.0053701457
1,0,0.0060048993
1,0,0.0072708963
1,0,0.007684035
1,0,0.009117299
1,0,0.009211181
1,0,0.0073427814
1,0,0.0055826562
1,0,0.010216834
1,0,0.027502533
1,0,0.059146125
1,0,0.078817904
1,0,0.038111366
1,0,0.014876145
0,0,0.0013716546
0,0,0.005999056
0,0,0.07503685
0,1,0.62295145
0,1,0.6448994
0,1,0.6597224
0,1,0.70725363
0,1,0.7552861
0,1,0.78589326
0,1,0.7628347
0,1,0.77021474
0,1,0.7850987
0,1,0.7870913
0,1,0.78596413
0,1,0.7461544
0,1,0.7159417
0,1,0.7305673
0,1,0.74828005
0,1,0.76815027
0,1,0.7405434
0,1,0.7179533
0,1,0.7285781
0,1,0.7106456
0,1,0.66540927
0,1,0.65726733
0,1,0.7010498
0,1,0.71408266
0,1,0.6579826
0,1,0.7024714
0,1,0.74556184
0,1,0.7605726
0,1,0.7566054
0,1,0.6941945
0,1,0.6334356
0,1,0.63513654
0,1,0.69291306
0,1,0.7044314
0,1,0.7073798
0,1,0.7036
0,1,0.67712444
0,1,0.64782053
0,1,0.64101946
0,1,0.67577785
0,1,0.6700248
0,1,0.640783
0,1,0.62332135
0,1,0.5946063
0,1,0.5674382
0,1,0.6038124
0,1,0.65109736
0,1,0.637999
0,1,0.6285653
0,1,0.6378916
0,1,0.66337633
0,1,0.67802656
0,1,0.6926022
0,1,0.70410365
0,1,0.65575033
0,1,0.5969965
0,1,0.54518795
0,1,0.5302019
0,1,0.5240148
0,1,0.5231361
0,1,0.5030323
0,0,0.44230276
0,0,0.46159056
0,1,0.5584813
0,1,0.6282196
0,1,0.67689353
0,1,0.6685426
0,1,0.650191
0,1,0.6631166
0,1,0.64458
0,1,0.61071885
0,1,0.6357089
0,1,0.68942213
0,1,0.7114287
0,1,0.7051353
0,1,0.62155145
0,1,0.50456417
0,1,0.5143404
0,1,0.556384
0,1,0.56981075
0,1,0.5934091
0,1,0.5822758
0,1,0.5419075
0,1,0.51209396
0,0,0.4743094
0,0,0.45903593
0,0,0.3262201
0,0,0.28788412
0,0,0.26937604
0,0,0.47087064
0,1,0.67283845
0,1,0.8333932
0,1,0.8194688
0,1,0.59551644
0,1,0.60703164
0,1,0.52349055
0,0,0.45276436
0,1,0.5815656
0,1,0.57123995
0,1,0.62951225
0,1,0.6892546
0,1,0.60059595
0,1,0.5406272
0,1,0.57328534
0,1,0.59671307
0,1,0.60759443
0,1,0.59613925
0,0,0.49970698
0,0,0.38399854
0,0,0.30019155
0,0,0.3067549
0,0,0.39933157
0,0,0.4481419
0,0,0.3610086
0,0,0.3176647
0,0,0.3198338
0,0,0.40391552
0,0,0.4997872
0,1,0.5416262
0,1,0.53991425
0,1,0.53029686
0,1,0.5051366
0,0,0.47725734
0,0,0.42491752
0,0,0.3834561
0,0,0.42876697
0,1,0.5542205
0,1,0.59061426
0,1,0.57180756
0,1,0.560965
0,1,0.5639374
0,1,0.5869253
0,1,0.5528739
0,1,0.5314283
0,1,0.5215937
0,0,0.4233554
0,0,0.41230538
0,0,0.33284393
0,0,0.1999897
0,0,0.17084223
0,0,0.25690466
0,0,0.4874982
0,1,0.6182429
0,1,0.66526085
0,1,0.6558487
0,1,0.5649517
0,0,0.46363023
0,0,0.4218229
0,0,0.43596593
0,0,0.4200171
0,0,0.3344323
0,0,0.28537688
0,0,0.29830325
0,0,0.38398746
0,0,0.48926395
0,1,0.5432859
0,1,0.55911636
0,1,0.5323396
0,1,0.51312643
0,0,0.49374178
0,1,0.50041586
0,1,0.53557086
0,1,0.54582745
0,0,0.49880388
0,0,0.3292718
0,0,0.3005313
0,0,0.2545084
0,0,0.29412195
0,0,0.42482883
0,1,0.542771
0,1,0.56079805
0,1,0.52413505
0,0,0.48982307
0,0,0.43198195
0,0,0.3703089
0,0,0.29835004
0,0,0.2824415
0,0,0.317081
0,0,0.39615577
0,0,0.4830222
0,1,0.54831016
0,1,0.57335067
0,0,0.49991497
0,0,0.463244
0,0,0.46754646
0,0,0.46382606
0,0,0.4894079
0,0,0.45764574
0,0,0.4974904
0,0,0.4842767
0,0,0.39695323
0,0,0.31131172
0,0,0.29983994
0,0,0.38082585
0,0,0.49098212
0,1,0.5625052
0,1,0.591782
0,0,0.375662
0,0,0.2820278
0,0,0.2555686
0,0,0.2993736
0,0,0.32728332
0,0,0.28097537
0,0,0.2047219
0,0,0.18991788
0,0,0.21008162
0,0,0.25989926
0,0,0.29997307
0,0,0.35595965
0,0,0.36707887
0,0,0.27411047
0,0,0.30680755
0,0,0.32114148
0,0,0.29060525
0,0,0.29016823
0,0,0.2923247
0,0,0.3098224
0,0,0.34821463
0,0,0.37071016
0,0,0.3591445
0,0,0.36600015
0,0,0.3822609
0,0,0.36339822
0,0,0.34578788
0,0,0.3551943
0,0,0.38193122
0,0,0.40648004
0,0,0.33148375
0,0,0.2854097
0,0,0.30389985
0,0,0.41101968
0,0,0.49579117
0,1,0.54046506
0,0,0.47430527
0,0,0.42537433
0,0,0.37098384
0,0,0.33558616
0,0,0.30498663
0,0,0.29369742
0,0,0.32365304
0,0,0.36633515
0,0,0.3990881
0,0,0.41029856
0,0,0.4100703
0,0,0.40300083
0,0,0.40416932
0,0,0.3984846
0,0,0.33213592
0,0,0.29229403
0,0,0.32785967
0,0,0.40772024
0,0,0.43695566
0,0,0.4243746
0,0,0.38881174
0,0,0.36547786
0,0,0.31711122
0,0,0.25256097
0,0,0.24256341
0,0,0.28670454
0,0,0.37105164
0,0,0.39370355
0,0,0.36733845
0,0,0.34199682
0,0,0.319399
0,0,0.31697935
0,0,0.39904198
0,0,0.47791567
0,1,0.529595
0,1,0.5573511
0,1,0.54774743
0,0,0.4553665
0,1,0.54385334
0,1,0.8373944
0,1,0.9324196
0,1,0.9673972
0,1,0.9699681
0,1,0.7061161
0,1,0.6329793
0,1,0.6144745
0,1,0.5700232
0,1,0.56380934
0,1,0.5267691
0,1,0.6336699
0,1,0.65318793
0,1,0.60917336
0,1,0.55019027
0,0,0.44663444
0,0,0.35204336
0,0,0.32778108
0,0,0.48937547
0,1,0.5433829
0,1,0.5167705
0,1,0.5979582
0,1,0.58545446
0,1,0.5652563
0,1,0.5303294
0,0,0.39490455
0,0,0.34890866
0,0,0.42115414
0,1,0.5448094
0,1,0.6844463
0,1,0.6448942
0,0,0.44012788
0,0,0.21890314
0,0,0.07776013
0,0,0.09266428
0,0,0.16173273
0,0,0.42282817
0,1,0.556207
0,1,0.51786643
0,0,0.4624269
0,0,0.48385066
0,1,0.5794989
0,1,0.5859512
0,1,0.62019694
0,1,0.5797617
0,0,0.4638848
0,0,0.42895907
0,0,0.42743343
0,1,0.5970797
0,1,0.6669524
0,1,0.6787095
0,1,0.7009873
0,1,0.7442178
0,1,0.756568
0,1,0.7197811
0,1,0.6307782
0,0,0.48603868
0,0,0.42383018
0,0,0.47169718
0,1,0.5441483
0,1,0.6013531
0,1,0.63727355
0,1,0.5867187
0,1,0.6419037
0,1,0.6605581
0,1,0.6570341
0,1,0.73436344
0,1,0.79643935
0,1,0.8089575
0,1,0.8005933
0,1,0.7797615
0,1,0.7524847
0,1,0.75062627
0,1,0.681167
0,1,0.54567224
0,0,0.4786551
0,1,0.5264755
0,1,0.5615365
0,0,0.42146075
0,0,0.46299317
0,0,0.40798187
0,0,0.35322124
0,0,0.28574568
0,0,0.23059618
0,0,0.2913652
0,0,0.3796913
0,0,0.45010954
0,1,0.53005177
0,0,0.47282746
0,0,0.4408868
0,0,0.40422288
0,0,0.3616682
0,0,0.35497943
0,0,0.42247322
0,0,0.49331167
0,0,0.48541632
0,0,0.46326265
0,1,0.5114189
0,1,0.54883975
0,1,0.5351414
0,0,0.44456133
0,0,0.32546175
0,0,0.2553538
0,0,0.32757974
0,0,0.45782793
0,0,0.47139746
0,0,0.38681412
0,0,0.28844684
0,0,0.28012395
0,0,0.30400887
0,0,0.29311556
0,0,0.28810415
0,0,0.33676204
0,0,0.35260093
0,0,0.44039407
0,1,0.57714546
0,1,0.6516661
0,1,0.6361366
0,1,0.65005577
0,1,0.6599449
0,1,0.6392357
0,1,0.5980763
0,1,0.58313084
0,1,0.5907217
0,1,0.57267517
0,1,0.59960926
0,1,0.60735583
0,1,0.60248625
0,1,0.611772
0,1,0.60794145
0,1,0.60512507
0,1,0.6066231
0,1,0.6187848
0,1,0.6171422
0,1,0.5455201
0,0,0.47658464
0,0,0.4469997
0,1,0.5038165
0,1,0.57832533
0,1,0.5759153
0,1,0.53554577
0,1,0.54617065
0,1,0.5242102
0,1,0.50379765
0,0,0.47457936
0,0,0.48617685
0,1,0.5067178
0,1,0.5192863
0,0,0.44679672
0,0,0.37527272
0,0,0.32186195
0,0,0.3167749
0,0,0.3364
0,0,0.38085023
0,0,6.6676264e-05
0,0,0.0001454598
0,0,0.0024254725
0,0,0.17460465
0,0,0.3541752
0,0,0.365192
0,0,0.36640808
0,0,0.34172583
0,0,0.3157963
0,0,0.3045052
0,0,0.30653465
0,0,0.31041238
0,0,0.3041242
0,0,0.2977529
0,0,0.31627324
0,0,0.33154753
0,0,0.3269721
0,0,0.3171424
0,0,0.3191428
0,0,0.31420687
0,0,0.30079985
0,0,0.31263757
0,0,0.34363508
0,0,0.35736915
0,0,0.3743849
0,0,0.3913505
0,0,0.39098805
0,0,0.38245004
0,0,0.36342403
0,0,0.3662112
0,0,0.3705935
0,0,0.38370633
0,0,0.39091137
0,0,0.40697965
0,0,0.40464166
0,0,0.3995854
0,0,0.409873
0,0,0.40987468
0,0,0.40544522
0,0,0.41053078
0,0,0.41536066
0,0,0.42203745
0,0,0.43179673
0,0,0.4270384
0,0,0.42169124
0,0,0.4121312
0,0,0.40581006
0,0,0.4084374
0,0,0.41462877
0,0,0.408949
0,0,0.4081472
0,0,0.40299177
0,0,0.40608934
0,0,0.40117112
0,0,0.40429005
0,0,0.4060511
0,0,0.39502326
0,0,0.3836104
0,0,0.37804627
0,0,0.383059
0,0,0.38877195
0,0,0.3852395
0,0,0.38510197
0,0,0.3839002
0,0,0.38106623
0,0,0.3830725
0,0,0.39014417
0,0,0.38821125
0,0,0.3965345
0,0,0.39645603
0,0,0.402676
0,0,0.41405678
0,0,0.42572352
0,0,0.41954464
0,0,0.4071949
0,0,0.41156855
0,0,0.4110803
0,0,0.4109249
0,0,0.40888745
0,0,0.40501925
0,0,0.405869
0,0,0.40087727
0,0,0.40344644
0,0,0.4119832
0,0,0.41126865
0,0,0.40774867
0,0,0.4042622
0,0,0.39927724
0,0,0.39664224
0,0,0.39108583
0,0,0.39301878
0,0,0.40245616
0,0,0.4050132
0,0,0.40392828
1,0,0.34626785
1,0,0.2658375
1,0,0.17051609
1,0,0.1476897
1,0,0.1311144
1,0,0.08799388
1,0,0.06766208
1,0,0.078044154
1,0,0.10603815
1,0,0.116216764
1,0,0.08117503
1,0,0.07058093
1,0,0.07384465
1,0,0.11219543
1,0,0.29672846
1,1,0.543628
1,1,0.73781097
1,1,0.8156689
1,1,0.8834077
1,1,0.9385072
1,1,0.9241562
1,1,0.8106155
1,0,0.410992
1,0,0.3153871
1,0,0.2168359
1,0,0.24460378
1,0,0.29539576
1,0,0.20698601
1,0,0.1104658
1,0,0.07507389
1,0,0.10767429
1,0,0.2047362
1,0,0.2499321
1,0,0.21973714
1,0,0.116706684
1,0,0.07216656
1,0,0.10767014
1,0,0.12934351
1,0,0.20778945
1,0,0.42265972
1,0,0.40566978
1,0,0.307952
1,0,0.36893886
1,0,0.4025782
1,0,0.19837247
1,0,0.10403319
1,0,0.122067206
1,0,0.14007509
1,0,0.2193408
1,0,0.32753915
1,0,0.24637389
1,0,0.2597644
1,0,0.23271677
1,0,0.22502366
1,0,0.22165513
1,0,0.12832448
1,0,0.08371129
1,0,0.0735691
1,0,0.04619409
1,0,0.048029654
1,0,0.090885706
1,0,0.2751814
1,1,0.6188403
1,1,0.7700063
1,1,0.66531336
1,0,0.30133158
1,0,0.22413602
1,0,0.19068411
1,0,0.15381403
1,0,0.14920273
1,0,0.2587059
1,0,0.3203922
1,0,0.326984
1,0,0.49620423
1,1,0.7128448
1,1,0.8041684
1,1,0.62603813
1,0,0.3449641
1,0,0.19465482
1,0,0.24953093
1,0,0.32672188
1,0,0.22421253
1,0,0.111125804
1,0,0.09737033
1,0,0.10762505
1,0,0.16575065
1,0,0.20832205
1,0,0.17749193
1,0,0.13018894
1,0,0.07775244
1,0,0.16092864
1,0,0.18186966
0,0,0.13175881
0,0,0.12890327
0,0,0.13549452
0,0,0.094218686
0,0,0.07472724
0,0,0.04940746
0,0,0.046035707
0,0,0.09198283
0,0,0.33602247
0,0,0.47431648
0,0,0.47009566
0,1,0.573334
0,1,0.5292847
0,1,0.60612553
0,0,0.4156565
0,0,0.295199
0,0,0.21941374
0,0,0.20133649
0,0,0.2784969
0,0,0.37281892
0,0,0.46798652
0,1,0.65579754
0,1,0.8607086
0,0,0.3925932
0,0,0.12407088
0,0,0.016344897
0,0,0.001477364
0,0,0.0224307
0,0,0.016544571
0,0,0.0076359417
0,0,0.0027148146
0,0,0.0018933427
0,0,0.0029489137
0,0,0.004429503
0,0,0.0032053844
0,0,0.002561809
0,0,0.0029529764
0,0,0.0021557184
0,0,0.0012645436
0,0,0.0011008221
0,0,0.001330142
0,0,0.0012762429
0,0,0.00086007174
0,0,0.00082692946
0,0,0.0008053804
0,0,0.00094368355
0,0,0.0015590325
0,0,0.0020968765
0,0,0.002000793
0,0,0.0019134205
0,0,0.0014678164
0,0,0.0027946772
0,0,0.004165305
0,0,0.0030138132
0,0,0.0015614274
0,0,0.0007007095
0,0,0.00048487016
0,0,0.0005497679
0,0,0.000758201
0,0,0.0009682222
0,0,0.0008337449
0,0,0.000625125
0,0,0.0005359189
0,0,0.0005155226
0,0,0.00057639636
0,0,0.00071091694
0,0,0.0006294013
0,0,0.0005203791
0,0,0.0008212693
0,0,0.0020487166
0,0,0.0038358092
0,0,0.0034842223
0,0,0.0018411201
0,0,0.0013261182
0,0,0.000920754
0,0,0.0006844674
0,0,0.00077120104
0,0,0.00085545954
0,0,0.0009524839
0,0,0.00084244006
0,0,0.00063726713
0,0,0.000517198
1,0,0.0053848457
1,0,0.04397986
1,0,0.19395068
1,0,0.36950773
1,0,0.31971684
1,0,0.16790052
1,0,0.18521933
1,0,0.23161986
1,0,0.22469166
1,0,0.37925303
1,0,0.3507392
1,0,0.31989068
1,0,0.3180951
1,0,0.25336632
1,0,0.37283957
1,1,0.50593084
1,0,0.45799276
1,0,0.25756255
1,0,0.1514915
1,0,0.110893995
1,0,0.090932816
1,0,0.19233087
1,0,0.432478
1,1,0.5791513
1,1,0.8216695
1,1,0.70928854
1,1,0.51742136
1,0,0.25764132
1,0,0.13957939
1,0,0.15917465
1,0,0.25867432
1,0,0.4450146
1,1,0.546569
1,1,0.643304
1,1,0.7240425
1,1,0.6823966
1,1,0.5291026
1,0,0.44121566
1,0,0.41685763
1,0,0.42514285
1,0,0.4575992
1,1,0.50594133
1,1,0.685749
1,1,0.7050058
1,1,0.75638676
1,1,0.54609585
0,0,0.09627724
0,0,0.012599118
0,0,0.0021441581
0,0,0.0015767697
0,0,0.006850038
0,0,0.022531444
0,0,0.03796643
0,0,0.030142756
0,0,0.011086298
0,0,0.0026609972
0,0,0.0010108453
0,0,0.0005810429
0,0,0.00049237383
0,0,0.0016132426
0,0,0.010917615
0,0,0.01688234
0,0,0.013906119
0,0,0.016051423
0,0,0.02296689
0,0,0.03298191
0,0,0.03177179
0,0,0.023126023
0,0,0.018376416
0,0,0.030403744
0,0,0.0455167
0,0,0.059297092
0,0,0.046388786
0,0,0.024725467
0,0,0.0152579555
0,0,0.01929941
0,0,0.024221113
0,0,0.020135978
0,0,0.013108799
0,0,0.010994593
0,0,0.011141723
0,0,0.012538902
0,0,0.01321787
0,0,0.01004947
0,0,0.011144229
0,0,0.011876394
0,0,0.01468963
0,0,0.016631566
0,0,0.013571825
0,0,0.010558785
0,0,0.009472716
0,0,0.0103060575
0,0,0.016046086
0,0,0.01893804
0,0,0.016272927
0,0,0.011597329
0,0,0.008605282
0,0,0.00606054
0,0,0.002846785
0,0,0.0012576118
0,0,0.001049555
0,0,0.0008214019
0,0,0.0011707084
0,0,0.0020105382
0,0,0.0017385457
0,0,0.001051459
0,0,0.000667242
0,0,0.00077969366
0,0,0.0013365522
0,0,0.0019166899
0,0,0.0017895169
0,0,0.0020538813
0,0,0.0020256792
0,0,0.002010525
0,0,0.0017913679
0,0,0.0013099626
0,0,0.0011753282
0,0,0.0012185508
0,0,0.0019861062
0,0,0.0076512485
0,0,0.01795299
0,0,0.0155561
0,0,0.008239067
0,0,0.0034190707
0,0,0.0011716271
0,0,0.00080659764
0,0,0.0006693526
0,0,0.0007372954
0,0,0.0016569267
0,0,0.0034906284
0,0,0.005689893
0,0,0.005405887
0,0,0.00573544
0,0,0.009984466
0,0,0.0152539285
0,0,0.013625609
0,0,0.0061525516
0,0,0.0029566486
0,0,0.002043424
0,0,0.0027037582
0,0,0.005725961
0,0,0.00805741
0,0,0.0071084327
0,0,0.0059699104
0,0,0.00464427
0,0,0.0031775788
0,0,0.0030028978
0,0,0.0038278606
0,0,0.005133687
0,0,0.006638175
0,0,0.00705046
0,0,0.014637772
0,0,0.020550322
0,0,0.017042587
0,0,0.016359562
0,0,0.018940121
0,0,0.013994703
0,0,0.006315711
0,0,0.0038037498
0,0,0.003318098
0,1,0.70032185
0,1,0.7962506
0,1,0.7770424
0,1,0.8254372
0,1,0.92909014
0,1,0.91986686
0,1,0.8923321
0,1,0.8027179
0,1,0.7134669
0,1,0.84155464
0,1,0.9079276
0,1,0.90032935
0,1,0.9249446
0,1,0.92789924
0,1,0.9099887
0,1,0.90489155
0,1,0.88775814
0,1,0.89468706
0,1,0.884213
0,1,0.77119803
0,0,0.38862166
0,0,0.059774026
0,0,0.026198063
0,0,0.028278125
0,0,0.06790351
0,0,0.19545768
0,1,0.59863317
0,1,0.83571965
0,1,0.77907133
0,1,0.7860488
0,1,0.8161931
0,1,0.8316723
0,1,0.84946895
0,1,0.8790637
0,1,0.87514883
0,1,0.88254815
0,1,0.90467995
0,1,0.9299225
0,1,0.93616515
0,1,0.9461383
0,1,0.94396925
0,1,0.93090767
0,1,0.9247377
0,1,0.9249994
0,1,0.9398485
0,1,0.9420511
0,1,0.94711083
0,1,0.94427866
0,1,0.908197
0,1,0.7195017
0,0,0.363304
0,0,0.23136555
0,0,0.22532338
0,0,0.10195087
0,0,0.057935916
0,0,0.04031843
0,0,0.058339447
0,0,0.17377953
0,1,0.5887835
0,1,0.8913607
0,1,0.9152051
0,1,0.9248987
0,1,0.923926
0,1,0.89881057
0,1,0.8816931
0,1,0.89848703
0,1,0.88183177
0,1,0.880062
0,1,0.8598093
0,1,0.79472756
0,1,0.53755623
0,0,0.38382006
0,0,0.32519045
0,0,0.46789515
0,1,0.7018777
0,1,0.85986435
0,1,0.89535433
0,1,0.88660884
0,1,0.8735965
0,1,0.86312157
0,1,0.8436502
0,1,0.78683245
0,1,0.76119316
0,1,0.7851756
0,1,0.78666186
0,1,0.73004305
0,1,0.54607385
0,0,0.3451338
0,0,0.21491109
0,0,0.37770298
0,1,0.78101
0,1,0.8257834
0,1,0.75638974
0,1,0.70256996
1,1,0.89848423
1,1,0.91122895
1,1,0.8712498
1,1,0.851521
1,1,0.8017427
1,1,0.7106082
1,1,0.8226816
1,1,0.8919078
1,1,0.9504491
1,1,0.9520607
1,1,0.9317755
1,1,0.8582086
1,1,0.79382926
1,1,0.78596663
1,1,0.78002393
1,1,0.73755896
1,1,0.6109523
1,1,0.57188046
1,0,0.3503607
1,0,0.19664112
1,0,0.09735354
1,0,0.17830506
1,0,0.29470342
1,1,0.5072156
1,1,0.8512304
1,1,0.9516084
1,1,0.92873627
1,1,0.88705474
1,1,0.8652642
1,1,0.84030056
1,1,0.7919618
1,1,0.80209166
1,1,0.83479476
1,1,0.8253917
1,1,0.83425117
1,1,0.7518389
1,1,0.7381734
1,1,0.5251018
1,0,0.03982085
1,0,0.0025202732
1,0,0.00049266114
1,0,0.00030061437
1,0,0.0010594286
1,0,0.0036267464
1,0,0.02265396
1,0,0.10662566
0,0,0.08720851
0,0,0.14810391
0,1,0.6883697
0,1,0.89072025
0,1,0.8951905
0,1,0.9271733
0,1,0.9307875
0,1,0.9536273
0,1,0.968731
0,1,0.9582587
0,1,0.94249535
0,1,0.9374764
0,1,0.927807
0,1,0.9125451
0,1,0.9021761
0,1,0.91169006
0,1,0.90338546
0,1,0.8621772
0,1,0.8878686
0,1,0.86340874
0,1,0.90345037
0,1,0.9479492
0,1,0.9487563
1,1,0.95452213
1,1,0.95590365
1,1,0.928068
1,1,0.90823317
1,1,0.8815916
1,1,0.84631115
1,1,0.88263464
1,1,0.92991984
1,1,0.9612691
1,1,0.9580631
1,1,0.961715
1,1,0.95365274
1,1,0.90054476
1,1,0.948941
1,1,0.97367686
1,1,0.95350826
1,1,0.9582972
1,1,0.94561976
1,1,0.89853674
1,1,0.8893386
1,1,0.90988666
1,1,0.8301621
1,1,0.78142667
0,1,0.8009872
0,1,0.7752467
0,1,0.8523199
0,1,0.8474742
0,1,0.858424
0,1,0.9139987
0,1,0.94002664
0,1,0.9315649
0,1,0.909828
0,1,0.913882
0,1,0.935027
0,1,0.9272075
0,1,0.9194034
0,1,0.92873883
0,1,0.9400336
0,1,0.9455212
0,1,0.95438695
0,1,0.9404248
0,1,0.93170905
0,1,0.9203505
0,1,0.9220024
0,1,0.9050746
0,1,0.927897
0,1,0.74599457
0,1,0.5820894
0,1,0.5866074
0,1,0.5926375
0,1,0.6340152
0,1,0.6440244
0,1,0.60480773
0,1,0.63943154
0,1,0.60262716
0,0,0.49378514
0,0,0.4277495
0,0,0.46366158
0,0,0.48855954
0,1,0.52936727
0,1,0.5710122
0,1,0.5686111
0,1,0.5584044
0,1,0.50690657
0,0,0.40059584
0,0,0.32400832
0,0,0.29765525
0,0,0.33760887
0,0,0.28827813
0,0,0.2901612
0,0,0.39706406
0,0,0.44705814
0,0,0.38227078
0,0,0.3224173
0,0,0.32665655
0,0,0.39515778
0,0,0.33466077
0,0,0.22803663
0,0,0.1512871
0,0,0.13025405
0,0,0.19705898
0,0,0.28136817
0,1,0.5290065
0,1,0.6631849
0,1,0.6702547
0,1,0.5933984
0,0,0.45358217
0,0,0.43318924
0,0,0.47008446
0,1,0.5449818
0,1,0.59270823
0,1,0.62829983
0,1,0.6084685
0,1,0.54844415
0,0,0.44711408
0,0,0.40984142
0,0,0.3448378
0,0,0.27932858
0,0,0.3527321
0,1,0.5162202
0,0,0.49047723
0,0,0.44073346
0,0,0.42357522
0,0,0.42532736
0,0,0.49956957
1,1,0.8751127
1,1,0.8783445
1,1,0.8878944
1,1,0.90387225
1,1,0.9270549
1,1,0.95624274
1,1,0.94299984
1,1,0.93365914
1,1,0.8601069
1,1,0.70841545
1,1,0.8335427
1,1,0.7364712
1,1,0.66554564
1,1,0.75458825
1,1,0.88852435
1,1,0.914173
1,1,0.8728538
1,1,0.7788618
1,1,0.7917856
1,1,0.80988693
1,1,0.93260896
1,1,0.96275914
1,1,0.9226943
1,1,0.9539038
1,1,0.95322275
1,1,0.96319234
1,1,0.9649383
1,1,0.96450305
1,1,0.9688315
1,1,0.9555049
1,1,0.9436928
1,1,0.9612344
1,1,0.9444963
1,1,0.9406173
1,1,0.9290778
1,1,0.9274483
1,1,0.94175124
1,1,0.9106823
1,1,0.8618343
1,1,0.8993471
1,1,0.92377114
1,1,0.93786347
1,1,0.94390464
1,1,0.88149244
1,1,0.83951354
1,1,0.91380817
0,0,0.4919956
0,0,0.23746881
0,0,0.15035707
0,0,0.110139415
0,1,0.50947064
0,0,0.40047187
0,0,0.23123255
0,1,0.52792
0,1,0.8730407
0,1,0.9640115
0,1,0.97554684
0,1,0.97319376
0,1,0.9655834
0,1,0.9517866
0,1,0.9422115
0,1,0.9464315
0,1,0.9514378
0,1,0.9480064
0,1,0.9393413
0,1,0.9200063
0,1,0.90175915
0,1,0.8491702
0,1,0.8086981
0,1,0.84258175
0,1,0.85888416
0,1,0.89866096
0,1,0.935925
0,1,0.94649744
0,1,0.94900703
0,1,0.94907326
0,1,0.94452286
0,1,0.9456095
0,1,0.9524929
0,1,0.95083797
0,1,0.931618
0,1,0.9102177
0,1,0.93303686
0,1,0.9286271
0,1,0.90374655
0,1,0.91245306
0,1,0.9146951
0,1,0.91030043
0,1,0.86706084
0,1,0.8769019
0,1,0.85499513
0,1,0.8098559
0,1,0.7541869
0,1,0.6394304
0,0,0.4391242
0,0,0.28563717
0,0,0.33863214
0,1,0.7091806
0,1,0.70337856
0,1,0.6588097
0,1,0.6824172
0,1,0.7215915
0,1,0.7963183
0,1,0.87546295
0,1,0.9128714
0,1,0.93361425
0,1,0.9403446
0,1,0.9443659
0,1,0.9448991
0,1,0.9377773
0,1,0.9431662
0,1,0.9475836
0,1,0.947328
0,1,0.94965947
1,1,0.92610025
1,1,0.86308974
1,1,0.69059604
1,1,0.5298115
1,1,0.65387577
1,1,0.86786205
1,1,0.9301066
1,1,0.95738137
1,1,0.97094584
1,1,0.9780537
1,1,0.98112696
1,1,0.9824853
1,1,0.9794728
1,1,0.9708817
1,1,0.96906877
1,1,0.9669066
1,1,0.9625423
1,1,0.95266813
1,1,0.92099655
1,1,0.8833019
1,1,0.9144512
1,1,0.9756457
1,1,0.98101395
1,1,0.9803418
1,1,0.9763591
1,1,0.97559357
1,1,0.97629046
1,1,0.97557163
1,1,0.9720024
1,1,0.9637649
1,1,0.9514161
1,1,0.9493258
1,1,0.95181865
1,1,0.94289917
1,1,0.94482267
1,1,0.94952637
1,1,0.96281517
1,1,0.9648827
1,1,0.96270967
1,1,0.9572498
1,1,0.9499102
1,1,0.9425235
1,1,0.9409584
1,1,0.9447609
1,1,0.943975
1,1,0.9419415
0,0,0.2835584
0,0,0.07494061
0,0,0.009243602
0,0,0.00047268724
0,0,8.660999e-05
0,0,5.0964765e-05
0,0,9.7860975e-05
0,0,0.00010580311
0,0,0.00020400582
0,0,0.00022671932
0,0,0.00017931277
0,0,9.58118e-05
0,0,6.0618037e-05
0,0,4.7757185e-05
0,0,5.6905203e-05
0,0,0.000103340906
0,0,0.00015227488
0,0,0.00017774667
0,0,0.00015918732
0,0,0.00014796823
0,0,0.00017478333
0,0,0.00021794408
0,0,0.00030972814
0,0,0.001729248
0,0,0.018458173
0,0,0.07863031
0,0,0.11852108
0,0,0.11286264
0,0,0.12467458
0,0,0.0997995
0,0,0.13322085
0,0,0.08046066
0,0,0.025245355
0,0,0.015679656
0,0,0.030425368
0,0,0.024014039
0,0,0.018383052
0,0,0.023243139
0,0,0.01803243
0,0,0.015794989
0,0,0.011218677
0,0,0.014490357
0,0,0.047805198
0,0,0.065943114
0,0,0.01627954
0,0,0.009540069
0,0,0.0087758815
0,0,0.007720835
0,0,0.003243046
0,0,0.004025765
0,0,0.003834044
0,0,0.0036506846
0,0,0.002521327
0,0,0.005367635
0,0,0.009217624
0,0,0.015566043
0,0,0.009397175
0,0,0.012105545
0,0,0.013157665
0,0,0.016654588
0,0,0.009428574
0,0,0.006317046
0,0,0.0055675036
0,0,0.0057277363
0,0,0.0039457027
0,0,0.004721882
0,0,0.003768794
0,0,0.004433334
0,0,0.0038751278
0,0,0.0045454083
0,0,0.0053772507
0,0,0.0054999706
0,0,0.0027039342
0,0,0.0028548127
0,0,0.0018486187
0,0,0.0014951349
0,0,0.0009180694
0,0,0.0012342704
0,0,0.001002212
0,0,0.0012690979
0,0,0.00082019344
0,0,0.0007874825
0,0,0.0009759425
0,0,0.00093970035
0,0,0.00058282726
0,0,0.00064983504
0,0,0.00052474614
0,0,0.0005234677
0,0,0.00039629042
0,0,0.00060453627
0,0,0.0006785903
0,0,0.00095437246
0,0,0.0010090951
0,0,0.0018360489
1,0,0.1157624
1,1,0.7452536
1,1,0.91113216
1,1,0.93296504
1,1,0.8902661
1,1,0.8250362
1,1,0.75798553
1,1,0.63398874
1,1,0.5288651
1,1,0.53847706
1,1,0.72177184
1,1,0.8283062
1,1,0.8425586
1,1,0.80483073
1,1,0.78878653
1,1,0.8486601
1,1,0.7999611
1,1,0.73993593
1,1,0.7320154
1,1,0.75834817
1,1,0.78301287
1,1,0.80947655
1,1,0.83377314
1,1,0.84226084
1,1,0.8968884
1,1,0.9427503
1,1,0.95185524
1,1,0.96108353
1,1,0.96075386
1,1,0.93790096
1,1,0.9530491
1,1,0.9639231
1,1,0.9779869
1,1,0.98254997
1,1,0.9835978
1,1,0.9698603
1,1,0.93984354
1,1,0.9045538
1,1,0.92246276
1,1,0.90371287
1,1,0.80287653
1,1,0.7973409
1,1,0.8897886
1,1,0.9470782
1,1,0.96219194
1,1,0.9682731
1,1,0.963149
1,1,0.9627721
1,1,0.9742011
1,1,0.97815984
1,1,0.9798545
1,1,0.97300285
1,1,0.9669942
1,1,0.96925586
1,1,0.9673642
1,1,0.9694941
1,1,0.9724213
1,1,0.9697927
1,1,0.9543407
1,1,0.938621
1,1,0.9265003
1,1,0.9336002
1,1,0.9502875
1,1,0.90195733
1,1,0.8674359
1,1,0.8958928
1,1,0.8933573
1,1,0.8323903
1,1,0.7311913
1,1,0.6915755
1,1,0.6549044
1,1,0.5926237
1,1,0.5532337
1,1,0.6772117
1,1,0.71462667
1,1,0.8033414
1,1,0.80097896
1,1,0.7056663
1,1,0.6589724
1,1,0.5188232
1,1,0.5314211
1,1,0.60524833
1,1,0.62975985
1,1,0.74775654
1,1,0.7430197
1,1,0.7693891
1,1,0.83872443
1,1,0.8912417
1,1,0.9358917
1,1,0.91408426
1,1,0.87289953
1,1,0.86424553
1,1,0.8688521
1,1,0.8541165
1,1,0.8546409
1,1,0.82881767
1,1,0.84466004
1,1,0.86957824
1,1,0.89948404
1,1,0.9086067
1,1,0.8856888
1,1,0.8627729
1,1,0.836536
1,1,0.84463054
1,1,0.8502284
1,1,0.84937555
1,1,0.84027666
1,1,0.849347
1,1,0.84826297
1,1,0.8165457
1,1,0.7422427
1,1,0.74863315
1,1,0.87675226
1,1,0.8771977
1,1,0.95329237
0,1,0.7301005
0,0,0.31355226
0,0,0.029280785
0,0,0.00094378646
0,0,0.00039676295
0,0,0.00059388584
0,0,0.00048213967
0,0,0.00040004705
0,0,0.0007960033
0,0,0.0007572327
0,0,0.0007707712
0,0,0.0005250916
0,0,0.00027825875
0,0,0.0003651741
0,0,0.00044150645
0,0,0.00056168914
0,0,0.0008343056
0,0,0.0005906372
0,0,0.0007402735
0,0,0.0010980065
0,0,0.004385592
0,0,0.02835719
0,0,0.051171586
0,0,0.031860016
0,0,0.018798823
0,0,0.0059453566
0,0,0.005424041
0,0,0.00978358
0,0,0.018359568
0,0,0.01769583
0,0,0.029583639
0,0,0.08323494
0,0,0.08228105
0,0,0.43175188
0,0,0.3949946
0,0,0.05615544
0,0,0.025491158
0,0,0.022808721
0,0,0.011344112
0,0,0.013239178
0,0,0.023073265
0,0,0.07501901
0,0,0.13306412
0,0,0.19682615
0,0,0.20103642
0,0,0.2970698
0,0,0.19396445
0,0,0.21749021
0,0,0.24985924
0,0,0.11487355
0,0,0.062386215
0,0,0.05272433
0,0,0.06806398
0,0,0.036805186
0,0,0.025222886
0,0,0.05065737
0,0,0.031083638
0,0,0.024891239
0,0,0.032322686
1,1,0.86082226
1,1,0.87045467
1,1,0.80855215
1,1,0.8385847
1,1,0.87418926
1,1,0.86153
1,1,0.83664584
1,1,0.76456064
1,1,0.69549227
1,1,0.78541476
1,1,0.7972389
1,1,0.7730459
1,1,0.7447664
1,1,0.70610595
1,1,0.5900586
1,1,0.55390036
1,1,0.6136807
1,1,0.66974807
1,1,0.7755888
1,1,0.81972104
1,1,0.83527213
1,1,0.85166687
1,1,0.79989296
1,1,0.7557956
1,1,0.71004456
1,1,0.55123574
1,1,0.5206463
1,1,0.5008953
1,1,0.6379547
1,1,0.75918114
1,1,0.84039795
1,1,0.8897323
1,1,0.89169466
1,1,0.8418994
1,1,0.8497693
1,1,0.9082628
1,1,0.925773
1,1,0.94020134
1,1,0.90750706
1,1,0.84424114
1,1,0.847249
1,1,0.8370993
1,1,0.86395943
1,1,0.9121692
1,1,0.9202806
1,1,0.8926186
1,0,0.40257505
1,0,0.13021484
1,0,0.04050335
1,0,0.0045878976
1,0,0.002544098
1,0,0.0012744125
1,0,0.0011584576
1,0,0.0009890822
1,0,0.001325526
1,0,0.0017052493
1,0,0.0023300005
1,0,0.0035756652
1,0,0.0029096818
1,0,0.001916596
1,0,0.0017379534
1,0,0.0019695258
1,0,0.002277012
1,0,0.0036323247
1,0,0.009337629
1,0,0.02132757
1,0,0.02739821
1,0,0.032376975
1,0,0.020434821
1,0,0.0073766275
1,0,0.0053602476
1,0,0.009572934
1,0,0.021656396
1,0,0.024393136
1,0,0.02733641
1,0,0.020819465
1,0,0.016430303
1,0,0.015447226
1,0,0.014861617
1,0,0.010624275
1,0,0.00960292
1,0,0.012948282
1,0,0.015319715
1,0,0.010282229
1,0,0.0043721604
1,0,0.003587427
1,0,0.0033659327
1,0,0.005289634
1,0,0.010177734
1,0,0.013227147
1,0,0.0070043327
1,0,0.0055308854
1,0,0.0046147252
1,0,0.005225249
1,0,0.006291834
1,0,0.0058282586
1,0,0.0035457434
1,0,0.0031641482
1,0,0.0036513468
1,0,0.0033574048
1,0,0.0037789033
1,0,0.0077970275
1,0,0.01414998
1,0,0.024811309
1,0,0.01726604
1,0,0.009000463
1,0,0.005212794
1,0,0.003950293
1,0,0.0043658796
1,0,0.01092565
1,0,0.00697594
1,0,0.00575607
1,0,0.0060769403
1,0,0.0021351278
1,0,0.00410887
1,0,0.0024644134
1,0,0.0011418805
1,0,0.0035303144
1,0,0.015079801
1,0,0.042638037
1,0,0.023408584
1,0,0.009490818
1,0,0.013141749
1,0,0.0069033736
1,0,0.0072632628
1,0,0.0037824665
1,0,0.0008768715
1,0,0.00040079313
1,0,0.00013168588
1,0,0.000110445275
1,0,0.00018531654
1,0,0.0002764392
1,0,0.00056825817
1,0,0.001357556
1,0,0.0056281216
1,0,0.0072131576
1,0,0.0054988856
1,0,0.0032583324
1,0,0.002560934
1,0,0.0015860528
1,0,0.0010427117
1,0,0.0015772787
1,0,0.0022065782
1,0,0.0029058617
1,0,0.0037178155
1,0,0.0051808725
1,0,0.003802948
1,0,0.0031587607
1,0,0.0023207467
1,0,0.00211313
1,0,0.0042584776
1,0,0.010910861
1,0,0.008160362
1,0,0.0041315584
1,0,0.0035532755
1,0,0.002608492
1,0,0.0009945125
1,0,0.0006671237
1,0,0.00070361997
1,0,0.0013014092
0,0,0.0035962057
0,0,0.0428015
0,0,0.3851375
0,1,0.6637525
0,0,0.41075337
0,0,0.27878174
0,0,0.219053
0,0,0.2015553
0,0,0.20938735
0,0,0.23503172
0,0,0.2804372
0,0,0.3179859
0,0,0.36568972
0,0,0.4356921
0,0,0.4746403
0,0,0.47819966
0,0,0.47770938
0,0,0.38801113
0,0,0.37889823
0,0,0.4182659
0,0,0.42597502
0,0,0.39749274
0,0,0.37018803
0,0,0.39541385
0,0,0.43569112
0,0,0.43324605
0,0,0.3490081
0,0,0.30308396
0,0,0.2722134
0,0,0.23920439
0,0,0.23988359
0,0,0.25780606
0,0,0.28425515
0,0,0.30554536
0,0,0.3127504
0,0,0.30670208
0,0,0.28884664
0,0,0.2415903
0,0,0.19367868
0,0,0.18547608
0,0,0.21071097
0,0,0.23171811
0,0,0.27249116
0,0,0.30002597
0,0,0.28320485
0,0,0.3168094
0,0,0.29707843
0,0,0.27435634
0,0,0.28815237
0,0,0.27198172
0,0,0.26266593
0,0,0.276195
0,0,0.2915465
0,0,0.296835
0,0,0.24481583
0,0,0.25634575
0,0,0.32336485
0,0,0.31941238
0,0,0.30676216
0,0,0.30289608
0,0,0.31989202
0,0,0.32326725
0,0,0.356744
0,0,0.4066298
0,0,0.4175688
0,0,0.3963655
0,0,0.40136927
0,0,0.4214119
0,0,0.455403
0,0,0.45886642
0,0,0.433385
0,0,0.43872353
0,0,0.4544446
0,0,0.47287267
0,0,0.4785055
0,0,0.49490878
0,1,0.500499
0,0,0.4850629
0,0,0.47611946
0,0,0.42082658
0,0,0.34174433
0,0,0.29582965
0,0,0.302574
0,0,0.35122284
0,0,0.38239723
0,0,0.41908258
0,0,0.41699943
0,0,0.38177648
0,0,0.35077283
0,0,0.30551702
0,0,0.28963977
0,0,0.323852
0,0,0.36214006
0,0,0.36491802
0,1,0.5705489
0,1,0.5838754
0,1,0.53621876
0,1,0.53230935
0,0,0.47108394
0,0,0.41143233
0,0,0.4173314
0,0,0.42169008
0,0,0.4082243
0,0,0.39051232
0,0,0.44523633
0,0,0.46439332
0,0,0.47533968
0,0,0.48949367
0,0,0.47140995
0,0,0.4712743
0,1,0.5191903
0,1,0.559432
0,1,0.5663274
0,1,0.5111
0,0,0.46809217
0,0,0.4254372
0,0,0.40126148
0,0,0.38407
0,0,0.39472067
0,0,0.3963585
0,0,0.4410404
0,0,0.46016464
0,0,0.46624014
0,0,0.4606517
0,0,0.44381246
0,0,0.42119274
0,0,0.40514186
0,0,0.3799329
0,0,0.37600717
0,0,0.42238265
0,1,0.5029063
0,1,0.6194714
0,1,0.7129067
0,1,0.74408543
0,1,0.7678605
0,1,0.8115106
0,1,0.8035677
0,1,0.7458775
0,1,0.6102352
0,1,0.5246507
1,0,0.4510134
1,0,0.41010553
1,0,0.43981493
1,0,0.41110313
1,0,0.44357952
1,0,0.45378783
1,0,0.45378712
1,0,0.43398666
1,0,0.41059178
1,0,0.38697162
1,0,0.35187095
1,0,0.33005548
1,0,0.3962924
1,0,0.4648431
1,1,0.5197414
1,1,0.6017722
1,1,0.6519073
1,1,0.63768834
1,1,0.60389674
1,1,0.5266748
1,0,0.46121362
1,1,0.50477767
1,1,0.61222816
1,1,0.7519054
1,1,0.85404676
1,1,0.8729431
1,1,0.8621475
1,1,0.8579252
1,1,0.820796
1,1,0.81750226
1,1,0.7969424
1,1,0.7884457
1,1,0.82267493
1,1,0.81584716
1,1,0.8186543
1,1,0.81733614
1,1,0.7759245
1,1,0.7626461
1,1,0.7933228
1,1,0.8125386
1,1,0.8125812
1,1,0.7986754
1,1,0.7907781
1,1,0.8568108
1,1,0.8973908
1,1,0.8944213
0,1,0.87894267
0,1,0.82177526
0,1,0.7500845
0,1,0.6871949
0,1,0.6239798
0,1,0.61204284
0,1,0.57756835
0,1,0.5810301
0,1,0.6275752
0,1,0.63600904
0,1,0.6242681
0,1,0.62406427
0,1,0.63063914
0,1,0.64683294
0,1,0.6817349
0,1,0.7054756
0,1,0.69283795
0,1,0.6927634
0,1,0.6962577
0,1,0.7115918
0,1,0.7960266
0,1,0.82768965
0,1,0.8397417
0,1,0.7395306
0,1,0.58069134
0,1,0.55749476
0,1,0.6532074
0,1,0.7068435
0,1,0.7835517
0,1,0.7735595
0,1,0.7022823
0,1,0.60392296
0,1,0.61025894
0,1,0.6226904
0,1,0.6161007
0,1,0.57171106
0,1,0.51433647
0,0,0.49492005
0,1,0.51037997
0,1,0.5171545
0,1,0.6031008
0,1,0.66154754
0,1,0.62672305
0,1,0.60363007
0,1,0.5360589
0,0,0.44521037
0,0,0.4124369
0,0,0.40135255
0,0,0.42788595
0,0,0.49173853
0,1,0.5134949
0,1,0.5875086
0,1,0.66042453
0,1,0.6791396
0,1,0.64179194
0,1,0.5042207
0,0,0.409931
0,0,0.3644818
0,0,0.4400196
0,1,0.58410966
0,1,0.6870917
0,1,0.6388147
0,1,0.55307245
0,1,0.543152
0,1,0.58634907
0,1,0.5745165
0,1,0.6406706
0,1,0.6019514
0,1,0.50975776
0,0,0.39856368
0,0,0.4155014
0,0,0.4530518
0,1,0.51868355
0,1,0.5482925
0,1,0.5188866
0,1,0.505007
0,0,0.48251525
0,0,0.47719073
0,1,0.52259344
0,1,0.5351962
0,1,0.53648895
0,1,0.50873476
1,0,0.4843275
1,0,0.43449813
1,0,0.47819218
1,1,0.6524377
1,1,0.6877957
1,1,0.6634023
1,1,0.6446297
1,1,0.6070034
1,1,0.5470982
1,1,0.5531156
1,1,0.6039795
1,1,0.613303
1,1,0.59989125
1,1,0.6130825
1,1,0.61416423
1,1,0.6141362
1,1,0.6163609
1,1,0.63186616
1,1,0.59306324
1,1,0.62339294
1,1,0.6810329
1,1,0.645731
1,1,0.68441355
0,1,0.6951211
0,1,0.6586306
0,1,0.67098045
0,1,0.72027427
0,1,0.7304762
0,1,0.729786
0,1,0.6824046
0,1,0.63018954
0,1,0.6222594
0,1,0.62370425
0,1,0.6189367
0,1,0.573334
0,1,0.58435583
0,1,0.61170864
0,1,0.6698841
0,1,0.69418913
0,1,0.6541042
0,1,0.6241028
0,1,0.65052646
0,1,0.6791029
0,1,0.7179831
0,1,0.7283955
0,1,0.69155824
0,0,0.45349526
0,0,0.3214504
0,0,0.3194481
0,0,0.37942427
0,0,0.45586905
0,1,0.5041577
0,0,0.4359577
0,0,0.4758473
0,1,0.6185135
0,1,0.7234223
0,1,0.75921834
0,1,0.67376876
0,1,0.5415979
0,0,0.39159173
0,0,0.31145737
0,0,0.39044797
0,0,0.43854994
0,0,0.45190045
0,0,0.45819667
0,0,0.448061
0,0,0.44304973
0,0,0.4398624
0,0,0.46584907
0,0,0.4935455
0,1,0.5210666
0,1,0.5379752
0,1,0.53459954
0,1,0.5314146
0,0,0.48728907
0,0,0.44251552
0,0,0.42204955
0,0,0.4087907
0,0,0.39819178
0,0,0.39858055
0,0,0.40543142
0,0,0.3732585
0,0,0.3587965
0,0,0.38408148
0,0,0.40424868
0,0,0.42489624
0,0,0.45415995
0,0,0.4762155
0,0,0.48142707
0,0,0.49480706
0,0,0.46799672
0,0,0.4536331
0,0,0.477436
0,0,0.44023654
0,0,0.40838888
0,0,0.4285535
0,0,0.43965608
0,0,0.45859343
0,0,0.49239945
0,1,0.5134971
0,1,0.50050867
0,1,0.5018121
0,0,0.4897319
0,0,0.46870977
0,0,0.45823616
0,0,0.452061
0,0,0.46712753
0,0,0.4872671
0,0,0.48495838
0,0,0.4853468
0,0,0.4586726
0,0,0.44015568
0,0,0.45837083
0,0,0.461234
0,0,0.48970693
0,0,0.48849252
0,0,0.45401764
0,0,0.38494128
0,0,0.38047612
0,0,0.40211067
0,0,0.44021073
0,0,0.4945273
0,1,0.5306011
0,1,0.5442002
0,1,0.53919667
0,1,0.56239647
0,1,0.5729582
0,1,0.55907124
0,1,0.5524661
0,1,0.5327539
0,1,0.52070874
0,1,0.5144691
0,0,0.49382383
0,0,0.48665646
0,0,0.48568428
0,0,0.49169877
0,0,0.48647347
0,0,0.47921133
0,0,0.44577867
0,0,0.4467571
0,0,0.46605787
0,1,0.50448483
0,1,0.5495263
0,1,0.546381
0,1,0.52888334
0,1,0.5209319
0,1,0.51600945
0,1,0.5132187
0,1,0.5169901
0,0,0.49974257
0,0,0.47497255
0,0,0.4660563
0,0,0.44706815
0,0,0.4690203
0,0,0.49040648
0,0,0.496462
0,1,0.50711274
0,0,0.4956965
0,0,0.49062216
0,0,0.49677676
0,0,0.0015476114
0,0,0.005906708
0,0,0.056959044
0,0,0.11516412
0,0,0.17607357
0,0,0.19450808
0,0,0.2066681
0,0,0.1996585
0,0,0.20734844
0,0,0.21643999
0,0,0.21685635
0,0,0.21446748
0,0,0.22623642
0,0,0.24271436
0,0,0.23662888
0,0,0.23445858
0,0,0.22945535
0,0,0.21842247
0,0,0.22155617
0,0,0.24080768
0,0,0.2522067
0,0,0.2588721
0,0,0.2657723
0,0,0.2635384
0,0,0.26560077
0,0,0.25230664
0,0,0.27210608
0,0,0.2836587
0,0,0.25265482
0,0,0.23495682
0,0,0.23877135
0,0,0.23312424
0,0,0.2387585
0,0,0.23484284
0,0,0.23023349
0,0,0.2403739
0,0,0.23183319
0,0,0.23109673
0,0,0.2545581
0,0,0.25465968
0,0,0.24710959
0,0,0.24804665
0,0,0.23849948
0,0,0.22792685
0,0,0.22620632
0,0,0.23251884
0,0,0.25498983
0,0,0.25969383
0,0,0.26829746
0,0,0.26750234
0,0,0.26729387
0,0,0.28074744
0,0,0.29525587
0,0,0.29261655
0,0,0.27925882
0,0,0.27404082
0,0,0.2632848
0,0,0.2361732
0,0,0.2183522
0,0,0.23591389
0,0,0.23707214
0,0,0.22579549
0,0,0.23437014
0,0,0.24003454
0,0,0.24895892
0,0,0.24479583
0,0,0.24028958
0,0,0.23457797
0,0,0.21682481
0,0,0.20679553
0,0,0.19675756
0,0,0.20655273
0,0,0.22494918
0,0,0.22701167
0,0,0.23332588
0,0,0.23785216
0,0,0.22264239
0,0,0.22064744
0,0,0.23888656
0,0,0.24246153
0,0,0.23943374
0,0,0.23249818
0,0,0.22750862
0,0,0.2203897
0,0,0.22131543
0,0,0.20623109
0,0,0.20769185
0,0,0.2057179
0,0,0.2027439
0,0,0.20785323
0,0,0.20896754
0,0,0.22163704
0,0,0.22909787
0,0,0.21817684
0,0,0.21107769
0,0,0.21221417
0,0,0.20312843
0,0,0.19947731
0,0,0.20628683
0,0,0.23023017
0,0,0.25172034
0,0,0.25734863
0,0,0.25524244
0,0,0.26358625
0,0,0.24285036
0,0,0.22466049
0,0,0.22682802
0,0,0.23207507
0,0,0.23224686
0,0,0.22792542
0,0,0.21809068
0,0,0.21883564
0,0,0.2208537
0,0,0.22863583
0,0,0.23546474
0,0,0.25803375
0,0,0.2814127
1,0,0.29681408
1,0,0.33332735
1,0,0.35023534
1,0,0.34820065
1,0,0.31729814
1,0,0.2811808
1,0,0.29355064
1,0,0.31607798
1,0,0.3154962
1,0,0.2915451
1,0,0.27362376
1,0,0.2826269
1,0,0.286216
1,0,0.30413505
1,0,0.33416364
1,0,0.30858377
1,0,0.30971566
1,0,0.2987392
1,0,0.28026494
1,0,0.25737184
1,0,0.25386935
1,0,0.24497603
1,0,0.23237093
1,0,0.2071608
1,0,0.20088167
1,0,0.21566088
1,0,0.24072182
1,0,0.2641124
1,0,0.2961531
1,0,0.29657984
1,0,0.24812807
1,0,0.23120202
1,0,0.2453094
1,0,0.2616157
1,0,0.26939428
1,0,0.30993235
1,0,0.34010854
1,0,0.34704345
1,0,0.3373605
1,0,0.29872546
1,0,0.23581858
1,0,0.21337306
1,0,0.21531302
1,0,0.21912946
1,0,0.2240628
1,0,0.22280091
1,0,0.22103444
1,0,0.21811438
1,0,0.21902555
1,0,0.22586465
1,0,0.23283061
1,0,0.21474048
1,0,0.2417972
1,0,0.26630077
1,0,0.27408877
1,0,0.29606703
1,0,0.29649526
1,0,0.2838503
1,0,0.2699255
1,0,0.29869246
1,0,0.3170616
1,0,0.29293483
1,0,0.2887947
1,0,0.2809152
1,0,0.28180936
1,0,0.31500292
1,0,0.34307477
1,0,0.36358657
1,0,0.3849234
0,0,0.33978635
0,0,0.29782462
0,0,0.26058325
0,0,0.23665693
0,0,0.23626399
0,0,0.26358148
0,0,0.28589547
0,0,0.28607878
0,0,0.29151627
0,0,0.32103494
0,0,0.3571944
0,0,0.35590687
0,0,0.34066436
0,0,0.31862807
0,0,0.29086053
0,0,0.3052474
0,0,0.3591129
0,0,0.35411966
0,0,0.3485702
0,0,0.31318516
0,0,0.29419354
0,0,0.2733774
0,0,0.2749278
0,0,0.30167034
0,0,0.34624252
0,0,0.3776253
0,0,0.4018642
0,0,0.387248
0,0,0.2882135
0,0,0.24846174
0,0,0.24566409
0,0,0.23110054
0,0,0.22072257
0,0,0.21904498
0,0,0.2354982
0,0,0.2743817
0,0,0.29099506
0,0,0.33047524
0,0,0.38148457
0,0,0.37709785
0,0,0.36254275
0,0,0.33822268
0,0,0.2817915
0,0,0.24194936
0,0,0.2393368
0,0,0.24157913
0,0,0.25194505
0,0,0.26665327
0,0,0.2762289
0,0,0.2774461
0,0,0.25904724
0,0,0.2454749
0,0,0.2399294
0,0,0.24137437
0,0,0.2541585
0,0,0.27162397
0,0,0.27697006
0,0,0.27889097
0,0,0.2683062
0,0,0.25926852
0,0,0.26542476
0,0,0.3007245
0,0,0.34604812
0,0,0.35753906
0,0,0.36046562
0,0,0.34652978
0,0,0.3217698
0,0,0.31594017
0,0,0.3023531
0,0,0.2891991
0,0,0.24680123
0,0,0.2257137
0,0,0.23796955
0,0,0.24756962
0,0,0.24701957
0,0,0.27000034
0,0,0.29413942
0,0,0.3070106
0,0,0.30221027
0,0,0.2944896
0,0,0.26519397
0,0,0.24553153
1,0,0.2349219
1,0,0.22016843
1,0,0.2309
1,0,0.273357
1,0,0.2863869
1,0,0.29077026
1,0,0.316482
1,0,0.30208558
1,0,0.29203376
1,0,0.32975325
1,0,0.34348735
1,0,0.3773787
1,0,0.42989475
1,0,0.46531624
1,1,0.5372921
1,1,0.5096287
1,0,0.46699145
1,0,0.4648986
1,0,0.48097622
1,0,0.49753833
1,1,0.5453633
1,1,0.53495306
1,0,0.49464226
1,0,0.4698913
1,0,0.41710508
1,0,0.35017875
1,0,0.29077306
1,0,0.2360322
1,0,0.21035042
1,0,0.20118633
1,0,0.18134752
1,0,0.18764515
1,0,0.19394216
1,0,0.1926282
1,0,0.19667503
1,0,0.2158095
1,0,0.22658774
1,0,0.23590204
1,0,0.24536502
1,0,0.2796489
1,0,0.31087565
1,0,0.30405653
1,0,0.2836447
1,0,0.2628221
1,0,0.23204635
1,0,0.22082509
0,0,0.24561381
0,0,0.252592
0,0,0.2596058
0,0,0.28522235
0,0,0.27937928
0,0,0.25927207
0,0,0.26152077
0,0,0.24244656
0,0,0.23296276
0,0,0.25013638
0,0,0.24867678
0,0,0.24328248
0,0,0.264609
0,0,0.26636901
0,0,0.2669202
0,0,0.26725012
0,0,0.2571403
0,0,0.24653372
0,0,0.24043922
0,0,0.24810885
0,0,0.25019145
0,0,0.23329842
0,0,0.23658997
0,0,0.25051224
0,0,0.25157326
0,0,0.26260716
0,0,0.27246454
0,0,0.29696566
0,0,0.3098013
0,0,0.2993662
0,0,0.30776912
0,0,0.30985296
0,0,0.2795657
0,0,0.28552896
0,0,0.28701636
0,0,0.2684354
0,0,0.29070884
0,0,0.29557014
0,0,0.27156466
0,0,0.25988758
0,0,0.2675529
0,0,0.2606588
0,0,0.25568426
0,0,0.2634012
0,0,0.26004076
0,0,0.24547316
0,0,0.24135669
0,0,0.25856516
0,0,0.27236652
0,0,0.27576667
0,0,0.2832507
0,0,0.25456843
0,0,0.2415444
0,0,0.2303494
0,0,0.19616617
0,0,0.19820112
0,0,0.2124373
0,0,0.2207632
0,0,0.21042287
0,0,0.22670092
0,0,0.2508422
0,0,0.2615601
0,0,0.2797812
0,0,0.30163717
0,0,0.3131523
0,0,0.30362037
0,0,0.2805642
0,0,0.2796966
0,0,0.29548314
0,0,0.30645278
0,0,0.30365032
0,0,0.33352777
0,0,0.34378964
0,0,0.34301627
0,0,0.33425507
0,0,0.33062428
0,0,0.33754316
0,0,0.32331353
0,0,0.29318455
0,0,0.28868958
0,0,0.28910193
0,0,0.2932084
0,0,0.32833025
0,0,0.35398114
0,0,0.36789584
0,0,0.36503464
0,0,0.3510101
0,0,0.34489167
0,0,0.27500162
0,0,0.25682843
0,0,0.2433452
0,0,0.22230834
0,0,0.23923124
0,0,0.2608477
0,0,0.2938838
0,0,0.3249739
0,0,0.3499779
0,0,0.36495832
0,0,0.3482862
0,0,0.31633446
0,0,0.2719643
0,0,0.23735471
0,0,0.21811992
0,0,0.22926578
0,0,0.25447407
0,0,0.28081274
0,0,0.30325887
0,0,0.31286305
0,0,0.29760706
0,0,0.28565148
0,0,0.28093824
0,0,0.27163845
0,0,0.2735935
0,0,0.29718885
0,0,0.00059021066
0,0,0.0030785908
0,0,0.019720275
0,0,0.19081019
0,0,0.3526464
0,0,0.25620976
0,0,0.086951606
0,0,0.044431247
0,0,0.040626436
0,0,0.027524346
0,0,0.0742548
0,0,0.21435222
0,0,0.19780374
0,0,0.14108878
0,0,0.1444799
0,0,0.13985434
0,0,0.18557149
0,0,0.29455495
0,0,0.43905342
0,0,0.4475022
0,0,0.3815405
0,0,0.36386117
0,0,0.34801906
0,0,0.1503558
0,0,0.03692972
0,0,0.006619536
0,0,0.0015301178
0,0,0.0010751479
0,0,0.0013384146
0,0,0.0025649422
0,0,0.0061194017
0,0,0.01107086
0,0,0.017933445
0,0,0.019978037
0,0,0.015295348
0,0,0.017742647
0,0,0.020983286
0,0,0.020005737
0,0,0.017424073
0,0,0.017866183
0,0,0.017782839
0,0,0.016926344
0,0,0.01693629
0,0,0.009559457
0,0,0.0064158435
0,0,0.0040129297
0,0,0.00082312996
0,0,0.0017147403
0,0,0.005512598
0,0,0.007438107
0,0,0.0061069815
0,0,0.0067734555
0,0,0.00863527
0,0,0.00945221
0,0,0.008390226
0,0,0.007554462
0,0,0.007015987
0,0,0.008688561
0,0,0.0066375206
0,0,0.007635479
0,0,0.010590505
0,0,0.026455529
0,0,0.03557175
0,0,0.031752016
0,0,0.010535372
0,0,0.0026847546
0,0,0.0011334901
0,0,0.0026620228
0,0,0.0072082286
0,0,0.006581121
0,0,0.0066919187
0,0,0.006608803
0,0,0.0065144366
0,0,0.019707305
0,0,0.01932892
0,0,0.015473348
0,0,0.004068062
0,0,0.00049761415
0,0,0.0005804401
0,0,0.00088109344
0,0,0.002762602
0,0,0.004417053
0,0,0.004523515
0,0,0.005451046
0,0,0.009198333
0,0,0.011113788
0,0,0.008774632
0,0,0.009109625
0,0,0.023850527
0,0,0.018730696
0,0,0.015378548
0,0,0.007345382
0,0,0.0014868128
0,0,0.0011890273
1,0,0.0980037
1,1,0.94942623
1,1,0.99251735
1,1,0.9946036
1,1,0.99119675
1,1,0.9776292
1,1,0.91856796
1,1,0.93957245
1,1,0.95746976
1,1,0.93861574
1,1,0.914313
1,1,0.8398403
1,1,0.7863693
1,1,0.75072587
1,1,0.774896
1,1,0.82523566
1,1,0.92333883
1,1,0.981306
1,1,0.9932647
1,1,0.9935057
1,1,0.9940766
1,1,0.9938373
1,1,0.9909627
1,1,0.9817484
1,1,0.9854615
1,1,0.97166
1,1,0.9805665
1,1,0.91504157
1,1,0.7666714
1,1,0.668665
1,0,0.43993652
1,0,0.42141235
1,0,0.2609502
1,0,0.2585687
1,0,0.33710915
1,0,0.39555
1,1,0.6918461
1,1,0.85157645
1,1,0.9078885
1,1,0.88340676
1,1,0.9199001
1,1,0.94474703
1,1,0.9740176
1,1,0.98743117
1,1,0.9921778
1,1,0.9944476
0,1,0.9878386
0,1,0.945609
0,1,0.72935283
0,0,0.19445819
0,0,0.14847277
0,1,0.7595202
0,1,0.9822614
0,1,0.9971908
0,1,0.9986369
0,1,0.99859756
0,1,0.99743783
0,1,0.9966395
0,1,0.9972696
0,1,0.99816257
0,1,0.99891186
0,1,0.99924845
0,1,0.9992606
0,1,0.9989982
0,1,0.99823797
0,1,0.99462587
0,1,0.9879076
0,1,0.96009946
0,1,0.9115645
1,1,0.979785
1,1,0.9983553
1,1,0.9976835
1,1,0.9909497
1,1,0.97549045
1,1,0.97798336
1,1,0.9596057
1,1,0.93704265
1,1,0.9425505
1,1,0.95974696
1,1,0.9676829
1,1,0.98330426
1,1,0.9926543
1,1,0.9956338
1,1,0.99515057
1,1,0.9884192
1,1,0.98194396
1,1,0.97561
1,1,0.99209434
1,1,0.9801467
1,1,0.97344244
1,1,0.97896236
1,1,0.94792914
0,1,0.9813194
0,1,0.97769177
0,1,0.96599245
0,1,0.98106694
0,1,0.99066156
0,1,0.9939176
0,1,0.9969047
0,1,0.9959996
0,1,0.9949338
0,1,0.9915891
0,1,0.99413824
0,1,0.9979278
0,1,0.9982368
0,1,0.9980008
0,1,0.9984686
0,1,0.99740916
0,1,0.9963039
0,1,0.9959324
0,1,0.99167657
0,1,0.9803873
0,1,0.97016543
0,1,0.9500756
0,1,0.6696407
0,0,0.07969222
0,0,0.038847107
0,0,0.039076056
0,0,0.045860905
0,0,0.066027515
0,0,0.031223712
0,0,0.013169711
0,0,0.006780548
0,0,0.00877908
0,0,0.023576146
0,0,0.08086052
0,0,0.29085454
0,1,0.5152563
0,0,0.43499914
0,0,0.39749992
0,1,0.5024555
0,0,0.08885572
0,0,0.012623375
0,0,0.0036585634
0,0,0.0010714898
0,0,0.00122172
0,0,0.0014092589
0,0,0.0032696333
0,0,0.014370788
0,0,0.017922472
0,0,0.013484569
0,0,0.02165652
0,0,0.028665759
0,0,0.047867335
0,0,0.057276126
0,0,0.05018981
0,0,0.03686365
0,0,0.027303483
0,0,0.022756949
0,0,0.0183519
0,0,0.029949995
0,0,0.075763114
0,0,0.14478497
0,0,0.192451
0,0,0.18697062
0,0,0.19328599
0,0,0.156707
0,0,0.11606903
0,0,0.06902164
0,0,0.053427354
0,0,0.16331889
0,0,0.46485534
0,0,0.46560168
0,0,0.35756135
0,0,0.3505327
0,0,0.3025026
0,0,0.19756114
0,0,0.31532323
0,1,0.5073012
0,1,0.58057857
0,1,0.67569554
0,1,0.69584024
0,1,0.6645144
0,1,0.64143366
1,1,0.96439517
1,1,0.9928243
1,1,0.9953576
1,1,0.99812716
1,1,0.998531
1,1,0.99839884
1,1,0.9981797
1,1,0.994966
1,1,0.99189645
1,1,0.985089
1,1,0.9397312
1,1,0.92434436
1,1,0.9687225
1,1,0.9964108
1,1,0.99593806
1,1,0.99599755
1,1,0.99700516
1,1,0.9948724
1,1,0.9947291
1,1,0.9944665
1,1,0.9877934
1,1,0.98827434
1,1,0.9863448
1,1,0.9851164
1,1,0.9881125
1,1,0.98701376
1,1,0.9810197
1,1,0.9758458
1,1,0.9866241
1,1,0.97739786
1,1,0.97203887
1,1,0.97923535
1,1,0.9848268
1,1,0.98610306
1,1,0.99054027
1,1,0.99318093
1,1,0.9785848
1,1,0.954616
1,1,0.96594054
1,1,0.9797957
1,1,0.9860517
1,1,0.98890114
1,1,0.99113196
1,1,0.9921543
1,1,0.9947337
1,1,0.9963722
1,1,0.90750927
1,1,0.5349797
1,0,0.2500364
1,0,0.08100232
1,0,0.26248726
1,0,0.32726303
1,0,0.2805316
1,0,0.20128658
1,0,0.19006138
1,0,0.1725839
1,0,0.19211756
1,0,0.24098125
1,0,0.308479
1,0,0.30682328
1,0,0.064033814
1,0,0.0033611085
1,0,0.0008998412
1,0,0.0004697998
1,0,0.0014504022
1,0,0.01719998
1,0,0.09886737
1,0,0.1825891
1,0,0.3253261
1,0,0.47924095
1,1,0.6202385
1,1,0.76389116
1,1,0.8923586
1,1,0.93856925
1,1,0.95191133
1,1,0.9576378
1,1,0.9577787
1,1,0.9403362
1,1,0.91102284
1,1,0.84638536
1,1,0.7559655
1,1,0.7773574
1,1,0.8200835
1,1,0.78806615
1,1,0.7397485
1,1,0.69418335
1,1,0.5635539
1,0,0.42118123
1,0,0.21269022
1,0,0.047452666
1,0,0.0092260325
1,0,0.0074784565
1,0,0.013906419
1,0,0.035333786
1,0,0.053529613
1,0,0.084505
1,0,0.14966027
1,0,0.27666697
1,1,0.5175681
1,1,0.81379247
1,1,0.9026239
1,1,0.8563499
1,1,0.7712768
1,1,0.7105871
1,1,0.6903976
1,1,0.71527696
1,1,0.8049559
1,1,0.8132763
1,1,0.8033145
1,1,0.81398064
1,1,0.8425062
1,1,0.83209777
1,1,0.8160939
1,1,0.78320014
0,1,0.8002595
0,1,0.6069551
0,0,0.14374661
0,0,0.019894175
0,0,0.008932204
0,0,0.0047865096
0,0,0.0058448464
0,0,0.06652263
0,0,0.20212154
0,0,0.19726771
0,0,0.13387474
0,0,0.12332172
0,0,0.19131468
0,0,0.2138793
0,0,0.27149025
0,0,0.3814204
0,0,0.3587581
0,0,0.2731998
0,0,0.3237797
0,0,0.386955
0,0,0.28674424
0,0,0.19877404
0,0,0.16163337
0,0,0.15072992
0,0,0.1469292
0,0,0.2088711
0,0,0.21643355
0,0,0.22641726
0,0,0.2961712
0,0,0.29064745
0,0,0.20088352
0,0,0.08054676
0,0,0.036084797
0,0,0.013748184
0,0,0.011618162
0,0,0.02550879
0,0,0.031423673
0,0,0.03445393
0,0,0.056580808
0,0,0.09855802
0,0,0.13551718
0,0,0.1937703
0,0,0.2500531
0,0,0.2974434
0,0,0.38073757
0,0,0.3948629
0,0,0.00034549748
0,0,0.001412023
0,0,0.0090505285
0,0,0.12339389
0,1,0.6469685
0,1,0.6164486
0,1,0.5086918
0,0,0.4023758
0,0,0.22610477
0,0,0.15888661
0,0,0.09923639
0,0,0.115732096
0,0,0.13163157
0,0,0.20508973
0,0,0.24083802
0,1,0.5412892
0,0,0.49985266
0,1,0.5134777
0,1,0.5125688
0,0,0.4910154
0,0,0.45180303
0,0,0.46955106
0,1,0.54921585
0,1,0.61471146
0,1,0.68954813
0,1,0.5946968
0,0,0.43736842
0,0,0.37308627
0,0,0.30093715
0,0,0.20361885
0,0,0.2330328
0,0,0.23743215
0,0,0.2006968
0,0,0.215246
0,0,0.3753157
0,1,0.54636234
0,1,0.5843609
0,1,0.6530525
0,1,0.66596115
0,1,0.5194327
0,0,0.49278703
0,0,0.42015365
0,0,0.267348
0,0,0.24387455
0,0,0.21895055
0,0,0.17572531
0,0,0.1743337
0,0,0.15810671
0,0,0.12942244
0,0,0.103666544
0,0,0.10397038
0,0,0.111982346
0,0,0.10177325
0,0,0.09394246
0,0,0.115237884
0,0,0.17784934
0,0,0.18323885
0,0,0.20473464
0,0,0.20499833
0,0,0.15568464
0,0,0.21849631
0,0,0.21288468
0,0,0.19466154
0,0,0.14891899
0,0,0.1534005
0,0,0.14800403
0,0,0.14493677
0,0,0.10488535
0,0,0.08083098
0,0,0.10308254
0,0,0.1528008
0,0,0.20964016
0,0,0.19799276
0,0,0.16163304
0,0,0.1451366
0,0,0.17191575
0,0,0.16346581
0,0,0.14352943
0,0,0.20887281
0,0,0.2564466
0,0,0.23549956
0,0,0.18462811
0,0,0.17138818
0,0,0.20088291
0,0,0.22172634
0,0,0.20547839
0,0,0.28501898
0,0,0.31901565
0,0,0.26879436
0,0,0.16180731
0,0,0.18505064
0,0,0.20656562
0,0,0.19962658
0,0,0.16871496
0,1,0.74321985
0,1,0.90859735
0,1,0.9324115
0,1,0.95595986
0,1,0.91565055
0,1,0.9353085
0,1,0.8966952
0,1,0.7884058
0,1,0.80208313
0,1,0.8656176
0,1,0.8441437
0,1,0.8397126
0,1,0.877204
0,1,0.8956791
0,1,0.8984761
0,1,0.8952182
0,1,0.88629794
0,1,0.907885
0,1,0.91888523
0,1,0.9007878
0,1,0.8771363
0,1,0.84272283
0,1,0.8692425
0,1,0.9158272
0,1,0.94932353
0,1,0.9542623
0,1,0.9414718
0,1,0.9596105
0,1,0.9551592
0,1,0.96299446
0,1,0.97510886
0,1,0.982406
0,1,0.9758617
0,1,0.9719025
0,1,0.97538084
0,1,0.9743367
0,1,0.98020303
0,1,0.98340744
0,1,0.9708664
0,1,0.9207823
0,1,0.9285629
0,1,0.94967085
0,1,0.9655944
0,1,0.95392394
0,1,0.81169474
0,1,0.60568583
0,0,0.4371228
0,1,0.7326887
0,1,0.89008003
0,1,0.9647525
0,1,0.9773588
0,1,0.98039514
0,1,0.97238594
0,1,0.9760231
0,1,0.98099315
0,1,0.98265254
0,1,0.9835597
0,1,0.9512051
0,1,0.90067804
0,1,0.91350526
0,1,0.9395388
0,1,0.938663
0,1,0.96527314
0,1,0.987305
0,1,0.98859173
0,1,0.9899295
0,1,0.982714
0,1,0.948841
0,1,0.9333961
0,1,0.9083933
0,1,0.8793864
0,1,0.92977357
0,1,0.93200046
0,1,0.9627326
0,1,0.96328497
0,1,0.9599904
0,1,0.97118515
0,1,0.9877331
0,1,0.9940943
0,1,0.9965462
0,1,0.9923664
0,1,0.98159707
0,1,0.9684576
0,1,0.97319716
0,1,0.98171955
0,1,0.98915243
0,1,0.98821354
0,1,0.97643524
0,1,0.97659427
0,1,0.9772453
0,1,0.97347426
0,1,0.9845382
0,1,0.9908263
0,1,0.9891691
0,1,0.9861968
0,1,0.98640186
0,1,0.98285174
0,1,0.9293318
0,1,0.93352675
0,1,0.95456845
0,1,0.9699093
0,1,0.9834911
0,1,0.9892047
0,1,0.9868504
0,1,0.9881307
0,1,0.9916432
0,1,0.99382126
0,1,0.9945155
0,1,0.99248815
0,1,0.9779351
0,1,0.9675377
0,1,0.95225763
0,1,0.9386244
0,1,0.96385473
0,1,0.97740936
0,1,0.9553366
0,1,0.94533664
0,1,0.9257305
0,1,0.90428996
0,1,0.9090758
0,1,0.8891492
0,1,0.8993391
0,1,0.9283517
0,1,0.9360328
0,1,0.929409
0,1,0.91348654
0,1,0.9019137
0,1,0.8782211
0,1,0.8738734
0,1,0.87981147
0,1,0.87903076
0,1,0.88474286
0,1,0.93134165
0,1,0.9473134
0,1,0.9319436
0,1,0.917372
0,1,0.907071
0,1,0.9284419
0,1,0.93982875
0,1,0.9458463
0,1,0.91398376
0,1,0.889885
0,1,0.8698247
0,1,0.87214434
0,1,0.87727255
0,1,0.91351587
0,1,0.92816985
0,1,0.918468
0,1,0.91319555
0,1,0.92068785
0,1,0.9259583
0,1,0.91967976
0,1,0.9178395
0,1,0.90861046
0,1,0.90447474
0,1,0.8963995
0,1,0.8962217
0,1,0.90130407
0,1,0.9223863
0,1,0.9402902
0,1,0.9418662
0,1,0.9396758
0,1,0.9379023
0,1,0.92417854
0,1,0.916904
0,1,0.91409284
0,1,0.9116431
0,1,0.912912
0,1,0.9015584
0,1,0.87635726
0,1,0.8970075
0,1,0.91505647
0,1,0.9169935
0,1,0.9171193
0,1,0.9598731
0,1,0.9685883
0,1,0.9775774
0,1,0.9790219
0,1,0.9783698
0,1,0.9851022
0,1,0.98840916
0,1,0.98730254
0,1,0.97545254
0,1,0.9540076
0,1,0.9583546
0,1,0.97027403
0,1,0.97688246
0,1,0.99058974
0,1,0.9938921
0,1,0.98870414
0,1,0.9782218
0,1,0.96630925
0,1,0.9375559
0,1,0.9234521
0,1,0.96044374
0,1,0.9786043
0,1,0.97746754
0,1,0.9722102
0,1,0.9515122
0,1,0.8748548
0,1,0.95460796
0,1,0.97720283
0,1,0.99137187
0,1,0.9922611
0,1,0.9836263
0,1,0.97823846
0,1,0.97639465
0,1,0.97384554
0,1,0.9587955
0,1,0.9633001
0,1,0.97647995
0,1,0.976183
0,1,0.9589499
0,1,0.9461539
0,1,0.9531749
0,1,0.9691832
0,1,0.96999633
0,1,0.96129334
0,1,0.9239844
0,1,0.89933294
0,1,0.637376
0,1,0.5273436
0,0,0.4948864
0,0,0.242705
0,1,0.5535295
0,1,0.5577053
0,0,0.48478258
0,0,0.47009423
0,1,0.51378727
0,1,0.52226543
0,1,0.51109666
0,0,0.4814187
0,0,0.39977154
0,0,0.33804774
0,0,0.2959052
0,0,0.252081
0,0,0.23455685
0,0,0.2519412
0,0,0.25716487
0,0,0.269811
0,0,0.23642534
0,0,0.24871604
0,0,0.2983196
0,0,0.3385837
0,0,0.33865124
0,0,0.26134622
0,0,0.15969421
0,0,0.08806286
0,0,0.07919645
0,0,0.04838245
0,0,0.06413234
0,0,0.08706222
0,0,0.08701717
0,0,0.11273601
0,0,0.14122976
0,0,0.13287908
0,0,0.08262607
0,0,0.10433327
0,0,0.2532364
0,0,0.3937988
0,1,0.54211897
0,1,0.5060417
0,0,0.42126277
0,0,0.38546965
0,0,0.37390727
0,0,0.36070567
0,0,0.4542836
0,1,0.51306975
0,1,0.5102593
0,0,0.41524118
0,0,0.42580327
0,0,0.4978704
0,1,0.59398836
0,1,0.5414898
0,1,0.539939
0,0,0.46216714
0,0,0.43400568
0,0,0.38700846
0,0,0.35837612
0,0,0.3199147
0,0,0.38361508
0,0,0.48340467
0,1,0.5607442
0,1,0.6059681
0,1,0.58486986
0,1,0.5709375
0,1,0.5473024
0,0,0.4796204
0,0,0.46675974
0,0,0.4559889
0,0,0.4119557
0,0,0.3281966
0,0,0.2821137
0,0,0.22639398
0,0,0.25003827
0,0,0.34017032
0,0,0.47036707
0,1,0.5908692
0,1,0.60676664
0,1,0.55670285
0,1,0.5031944
0,0,0.42506462
0,0,0.37395948
0,0,0.33628303
0,0,0.3655411
0,0,0.466586
0,0,0.47934678
0,0,0.4825101
0,0,0.45579135
0,0,0.45475343
0,1,0.5330256
0,0,0.46637055
0,0,0.468785
0,0,0.42275596
0,0,0.31752694
0,0,0.2730652
0,0,0.36793214
0,0,0.45745078
0,1,0.5308809
0,1,0.62059724
0,1,0.6584251
0,1,0.61950433
0,1,0.57439107
0,1,0.5883975
0,1,0.5968075
0,1,0.6098846
0,1,0.5370033
0,0,0.4069069
0,0,0.2600389
0,0,0.11630843
0,0,0.11334797
0,0,0.16605851
0,0,0.20191886
0,0,0.20949867
0,0,0.0009806802
0,0,0.004812307
0,0,0.006756794
0,0,0.056711294
0,0,0.24996066
0,0,0.27262515
0,0,0.3797288
0,0,0.15058726
0,0,0.056492332
0,0,0.058410183
0,0,0.16378386
0,0,0.34592205
0,0,0.38401902
0,0,0.3111643
0,0,0.18760127
0,0,0.16678947
0,0,0.29223564
0,1,0.5532843
0,0,0.36586878
0,0,0.16846666
0,0,0.14277542
0,0,0.09903752
0,0,0.24341737
0,1,0.5280799
0,0,0.39140934
0,0,0.43643492
0,0,0.3737126
0,0,0.39273694
0,0,0.3650337
0,0,0.35946015
0,0,0.47988302
0,0,0.43069506
0,0,0.38801858
0,0,0.3031743
0,0,0.27957046
0,0,0.30623898
0,0,0.2468805
0,0,0.2180886
0,0,0.1408592
0,0,0.0711579
0,0,0.119441286
0,0,0.0895411
0,0,0.12061729
0,0,0.10629219
0,0,0.114160046
0,0,0.10425458
0,0,0.07108387
0,0,0.030883374
0,0,0.019755645
0,0,0.0356946
0,0,0.054110143
0,0,0.05837959
0,0,0.052820966
0,0,0.04798731
0,0,0.05106016
0,0,0.05361653
0,0,0.043817453
0,0,0.0371179
0,0,0.03975512
0,0,0.044781297
0,0,0.055411767
0,0,0.042279426
0,0,0.06757977
0,0,0.08516065
0,0,0.07259865
0,0,0.027611211
0,0,0.00827391
0,0,0.033591114
0,0,0.07522355
0,0,0.059309997
0,0,0.026685208
0,0,0.008522403
0,0,0.007986377
0,0,0.017813072
0,0,0.06760979
0,0,0.09115268
0,0,0.085786775
0,0,0.06837906
0,0,0.04963084
0,0,0.038379155
0,0,0.021254325
0,0,0.027002925
0,0,0.026200242
0,0,0.022219878
0,0,0.014849407
0,0,0.016466375
0,0,0.04244356
0,0,0.04017334
0,0,0.023505582
0,0,0.014049235
0,0,0.03090093
0,0,0.060227178
0,0,0.057992935
0,0,0.027854616
0,1,0.7872921
0,1,0.8164293
0,1,0.83389014
0,1,0.8653331
0,1,0.73791856
0,0,0.3699706
0,0,0.38352525
0,0,0.33757025
0,0,0.31725603
0,0,0.4926607
0,1,0.7502286
0,1,0.8911892
0,1,0.95972383
0,1,0.9884703
0,1,0.9853946
0,1,0.98816746
0,1,0.9859962
0,1,0.9854124
0,1,0.9917658
0,1,0.9947654
0,1,0.9896375
0,1,0.99029994
0,1,0.9950748
1,1,0.9879358
1,1,0.97439086
1,1,0.9818502
1,1,0.9908828
1,1,0.9973122
1,1,0.9984577
1,1,0.98956233
1,1,0.9738756
1,1,0.96409047
1,1,0.9677962
1,1,0.9797428
1,1,0.9631581
1,1,0.8882543
1,1,0.8773843
1,1,0.90938854
1,1,0.9642682
1,1,0.98323995
1,1,0.98171425
1,1,0.97003716
1,1,0.97034943
1,1,0.9657925
1,1,0.97248536
1,1,0.96836925
0,1,0.97949857
0,1,0.9827723
0,1,0.98536843
0,1,0.9883653
0,1,0.97974956
0,1,0.9775103
0,1,0.97497535
0,1,0.9873324
0,1,0.9926938
0,1,0.99463034
0,1,0.9879529
0,1,0.97964936
0,1,0.97733456
0,1,0.9773769
0,1,0.9721513
0,1,0.9826282
0,1,0.98967767
0,1,0.9882151
0,1,0.98876035
0,1,0.9892102
0,1,0.9846192
0,1,0.97187966
0,1,0.957371
1,1,0.9883256
1,1,0.9796913
1,1,0.9841256
1,1,0.9887085
1,1,0.9939831
1,1,0.99070203
1,1,0.9655915
1,1,0.9156613
1,1,0.8761422
1,1,0.9238195
1,1,0.94005394
1,1,0.97989494
1,1,0.97021645
1,1,0.9654929
1,1,0.95708567
1,1,0.96534336
1,1,0.986624
1,1,0.993379
1,1,0.99280155
1,1,0.9884731
1,1,0.98452234
1,1,0.9699073
1,1,0.9616214
0,1,0.9825133
0,1,0.9918658
0,1,0.9899873
0,1,0.98683304
0,1,0.98191017
0,1,0.9890898
0,1,0.99186206
0,1,0.9933822
0,1,0.9929519
0,1,0.995263
0,1,0.9963503
0,1,0.9944252
0,1,0.992574
0,1,0.99253863
0,1,0.99090415
0,1,0.9882791
0,1,0.98114175
0,1,0.9777671
0,1,0.97822833
0,1,0.9808023
0,1,0.9894627
0,1,0.98848534
0,1,0.97703093
0,1,0.9521658
0,1,0.88316697
0,1,0.5483657
0,0,0.15904747
0,0,0.18023194
0,0,0.16984007
0,0,0.20826416
0,0,0.22502917
0,0,0.17798847
0,0,0.15237719
0,0,0.11793829
0,0,0.10050715
0,0,0.08976179
0,0,0.107240826
0,0,0.1321991
0,0,0.12201207
0,0,0.12553231
0,0,0.13391806
0,0,0.13383575
0,0,0.14332704
0,0,0.12650886
0,0,0.13252127
0,0,0.15802501
0,0,0.13977301
0,0,0.13050832
0,0,0.14829095
0,0,0.2450718
0,0,0.2534635
0,0,0.31235862
0,0,0.37316552
0,0,0.38813165
0,0,0.29174033
0,0,0.16842477
0,0,0.09902632
0,0,0.093646996
0,0,0.120985396
0,0,0.101745486
0,0,0.13014027
0,0,0.13614133
0,0,0.10623129
0,0,0.090876944
0,0,0.13134141
0,0,0.18384127
0,0,0.15907288
0,0,0.13321367
0,0,0.15626281
0,0,0.13956422
0,0,0.15384445
0,0,0.106242046
0,0,0.0783663
0,0,0.07243268
0,0,0.08094186
0,0,0.089557216
0,0,0.10738023
0,0,0.093737714
0,0,0.076974064
0,0,0.077880345
0,0,0.06384227
0,0,0.071179494
0,1,0.6065174
0,1,0.93306595
0,1,0.96800643
0,1,0.958525
0,1,0.94821715
0,1,0.8942957
0,1,0.73968315
0,1,0.7878548
0,1,0.94530773
0,1,0.98984003
0,1,0.9940257
0,1,0.9949291
0,1,0.99111474
0,1,0.98131275
0,1,0.97708297
0,1,0.9806296
0,1,0.986747
0,1,0.9811787
0,1,0.9791605
0,1,0.98018414
0,1,0.97877127
0,1,0.97825897
0,1,0.9818955
1,1,0.99060225
1,1,0.9908448
1,1,0.98762965
1,1,0.96305126
1,1,0.91775006
1,1,0.96776795
1,1,0.9825686
1,1,0.9832881
1,1,0.9872
1,1,0.979199
1,1,0.95686275
1,1,0.97385716
1,1,0.9875443
1,1,0.992652
1,1,0.99278486
1,1,0.9926692
1,1,0.9811646
1,1,0.9622137
1,1,0.94202447
1,1,0.9650029
1,1,0.97340834
1,1,0.9788334
1,1,0.9842477
0,1,0.88210297
0,1,0.6246721
0,0,0.27192363
0,0,0.060984284
0,0,0.052008238
0,0,0.09960048
0,0,0.36030698
0,0,0.39785534
0,0,0.37710005
0,0,0.372666
0,0,0.4363108
0,1,0.5151617
0,1,0.69465846
0,1,0.754275
0,1,0.7354517
0,1,0.65985173
0,1,0.6329567
0,1,0.78044933
0,1,0.7089073
0,0,0.48335508
0,0,0.23509482
0,0,0.115267165
0,0,0.09119208
0,0,0.09280558
0,0,0.13439457
0,0,0.17473184
0,0,0.19379567
0,0,0.23100458
0,0,0.23164117
0,0,0.263699
0,0,0.31362554
0,0,0.28393343
0,0,0.23709886
0,0,0.17758544
0,0,0.15338108
0,0,0.20480686
0,0,0.25412992
0,0,0.20726757
0,0,0.16734403
0,0,0.10537879
0,0,0.07587155
0,0,0.06863613
0,0,0.08752079
0,0,0.13841361
0,0,0.23113018
0,0,0.25600722
0,0,0.29666042
0,0,0.33896965
0,0,0.3164148
0,0,0.27487627
0,0,0.23608622
0,0,0.1717341
0,0,0.15407176
0,0,0.19044788
0,0,0.15631534
0,0,0.13895857
0,0,0.17355588
0,0,0.24669331
0,0,0.3451879
0,0,0.4373807
0,0,0.43595892
0,0,0.405297
0,0,0.43072894
0,0,0.45450652
0,1,0.5444791
0,1,0.55560184
0,0,0.45522368
0,0,0.35673386
0,0,0.27368554
0,0,0.1856413
0,0,0.13732305
0,0,0.09531531
0,0,0.08713839
0,0,0.07032794
0,0,0.1569379
0,0,0.09552989
0,0,0.06990416
0,0,0.046574604
0,0,0.030902052
0,0,0.06940417
0,0,0.050196905
0,0,0.053134214
0,0,0.09367622
0,0,0.11432743
0,0,0.08755778
0,0,0.067150794
0,0,0.0657459
0,0,0.060840476
0,0,0.061348654
0,0,0.065934494
0,0,0.0748004
0,0,0.06842452
0,0,0.06489709
0,0,0.07763429
0,0,0.08963989
0,0,0.10433193
0,0,0.24404573
0,0,0.30589238
0,0,0.10479515
0,0,0.047737382
0,0,0.061031424
0,0,0.07554701
0,0,0.105874814
0,0,0.04363859
0,0,0.14878733
0,0,0.22880985
0,0,0.26231962
0,0,0.27216667
0,0,0.23561323
0,0,0.18129613
0,0,0.113754354
0,0,0.08386774
0,0,0.070385516
0,0,0.07416092
0,0,0.0063252407
0,0,0.02872377
0,0,0.08871935
0,0,0.13865307
0,0,0.16519871
0,0,0.1593666
0,0,0.16333799
0,0,0.17138621
0,0,0.1702206
0,0,0.17887607
0,0,0.18062286
0,0,0.17137024
0,0,0.17349494
0,0,0.17695343
0,0,0.17536338
0,0,0.18561748
0,0,0.1853087
0,0,0.18919906
0,0,0.1929271
0,0,0.19376677
0,0,0.19535993
0,0,0.19086324
0,0,0.18608391
0,0,0.19568142
0,0,0.19799583
0,0,0.18665431
0,0,0.15575218
0,0,0.1952681
0,0,0.17588902
0,0,0.1731092
0,0,0.18336421
0,0,0.21877603
0,0,0.15810893
0,0,0.15276618
0,0,0.22495167
0,0,0.2249113
0,0,0.19028279
0,0,0.21204165
0,0,0.23624028
0,0,0.2094596
0,0,0.20225897
0,0,0.23324423
0,0,0.22690324
0,0,0.2282213
0,0,0.25045934
0,0,0.25306016
0,0,0.23719463
0,0,0.22456697
0,0,0.23604628
0,0,0.2341092
0,0,0.22662874
0,0,0.24729984
0,0,0.23909144
0,0,0.2365404
0,0,0.24760687
0,0,0.24446362
0,0,0.23184805
0,0,0.20626083
0,0,0.21088317
0,0,0.21823518
0,0,0.2191847
0,0,0.18143874
0,0,0.17507184
0,0,0.1967436
0,0,0.2049068
0,0,0.17031725
0,0,0.15617795
0,0,0.20955051
0,0,0.19177823
0,0,0.19961189
0,0,0.24789958
0,0,0.24823308
0,0,0.2323512
0,0,0.22880633
0,0,0.22395395
0,0,0.24070749
0,0,0.23571634
0,0,0.20147352
0,0,0.2148816
0,0,0.2463387
0,0,0.25459054
0,0,0.22452407
0,0,0.20901367
0,0,0.21917859
0,0,0.23413981
0,0,0.19550493
0,0,0.19950497
0,0,0.24451934
0,0,0.23918219
0,0,0.19890065
0,0,0.1928635
0,0,0.21989591
0,0,0.2027721
0,0,0.20537005
1,0,0.2213211
1,0,0.2379004
1,0,0.2814577
1,0,0.3790414
1,0,0.41652003
1,0,0.41340017
1,0,0.38969123
1,0,0.35418826
1,0,0.3492504
1,0,0.34037143
1,0,0.3534649
1,0,0.28873217
1,0,0.2881717
1,0,0.31027472
1,0,0.30072555
1,0,0.36153692
1,0,0.36935502
1,0,0.3852723
1,0,0.39540583
1,0,0.3699227
1,0,0.363282
1,0,0.3886373
1,0,0.3698001
1,0,0.3624625
1,0,0.35812858
1,0,0.33225724
1,0,0.38332623
1,0,0.38450372
1,0,0.3962394
1,0,0.41986015
1,0,0.40604106
1,0,0.39832214
1,0,0.37017822
1,0,0.40335104
1,0,0.4401655
1,0,0.41192707
1,0,0.42233413
1,0,0.40074885
1,0,0.39275396
1,0,0.3979784
1,0,0.4254003
1,0,0.4511944
1,0,0.4261659
1,0,0.38125104
1,0,0.3325196
1,0,0.33684382
1,0,0.43523976
1,1,0.61823046
1,1,0.7043914
1,1,0.74212295
1,1,0.7820506
1,1,0.7896969
1,1,0.75821084
1,1,0.7366357
1,1,0.7973819
1,1,0.765806
1,1,0.76588917
1,1,0.7559325
1,1,0.70296663
1,1,0.60851
1,0,0.48351154
1,0,0.4850717
1,1,0.5065152
1,1,0.5111029
1,1,0.5470551
1,1,0.5581767
1,1,0.57036453
1,1,0.67360634
1,1,0.7661327
0,1,0.7751463
0,1,0.8219941
0,1,0.76850086
0,1,0.69473946
0,1,0.53876406
0,0,0.4598077
0,0,0.4608385
0,1,0.5750411
0,1,0.69382733
0,1,0.6942892
0,1,0.67659646
0,1,0.64107955
0,1,0.6271281
0,1,0.61085516
0,1,0.7083469
0,1,0.76089984
0,1,0.7502715
0,1,0.7528401
0,1,0.71636945
0,1,0.67061555
0,1,0.58517534
0,1,0.57487005
0,1,0.58361906
0,1,0.55815905
0,1,0.5826661
0,1,0.67401457
0,1,0.67403805
0,1,0.6359464
0,1,0.595827
0,1,0.5801703
0,1,0.6510839
0,1,0.6960967
0,1,0.7215057
0,1,0.701766
0,1,0.67919433
0,1,0.6226185
0,1,0.66456556
0,1,0.71211296
0,1,0.74125206
0,1,0.7753874
0,1,0.7357454
0,1,0.75017405
0,1,0.73974544
0,1,0.70951915
0,1,0.741981
0,1,0.77195853
0,1,0.7651299
0,1,0.8332714
0,1,0.77554774
0,0,0.49561578
0,0,0.3198491
0,0,0.2467571
0,0,0.2348217
0,0,0.25595963
0,0,0.2474717
0,0,0.20998818
0,0,0.20972405
0,0,0.28013456
0,0,0.46327558
0,1,0.536526
0,1,0.50067556
0,0,0.34247515
0,0,0.19834985
0,0,0.14457156
0,0,0.14928478
0,0,0.18923345
0,0,0.20376898
0,0,0.21877778
0,0,0.26159865
0,0,0.2733157
0,0,0.25418478
0,0,0.2333405
0,0,0.21484868
0,0,0.23230843
0,0,0.3369615
0,0,0.36378014
0,0,0.35307735
0,0,0.42275572
0,0,0.48297897
0,0,0.45382497
0,0,0.39887184
0,0,0.34181952
0,0,0.25452802
0,0,0.19958091
0,0,0.17385626
0,0,0.17729895
0,0,0.22019798
0,0,0.30295986
0,0,0.3339346
0,0,0.32729974
0,0,0.30703926
0,0,0.23610097
0,0,0.20616554
0,0,0.20602433
0,0,0.18821298
0,0,0.18144034
0,0,0.18855569
0,0,0.19981605
0,0,0.21471743
0,0,0.24428526
0,0,0.24712719
0,0,0.24177897
0,0,0.20632297
0,0,0.19130887
0,0,0.18165429
1,0,0.26004308
1,0,0.4319511
1,1,0.56647605
1,1,0.6787111
1,1,0.66495943
1,1,0.6605451
1,1,0.68330985
1,1,0.7400567
1,1,0.7526241
1,1,0.8092389
1,1,0.75637454
1,1,0.68209344
1,1,0.52775013
1,1,0.54479414
1,1,0.7555781
1,1,0.8297104
1,1,0.8409851
1,1,0.82392937
1,1,0.80355996
1,1,0.77965724
1,1,0.72486323
1,1,0.662552
1,1,0.6589735
0,1,0.57863
0,0,0.48603988
0,0,0.46846482
0,0,0.41970992
0,0,0.4004769
0,0,0.4287093
0,0,0.4906144
0,0,0.49622703
0,1,0.52815443
0,1,0.59166855
0,1,0.5684139
0,1,0.62437475
0,1,0.67499334
0,1,0.6474294
0,1,0.6606807
0,1,0.7188868
0,1,0.7197233
0,1,0.74199235
0,1,0.7788585
0,1,0.7979302
0,1,0.81094
0,1,0.80185896
0,1,0.7565638
1,1,0.5579532
1,0,0.35318863
1,0,0.21801306
1,0,0.19358915
1,0,0.19726625
1,0,0.16968878
1,0,0.19278309
1,0,0.17660049
1,0,0.17803715
1,0,0.21641657
1,0,0.22759552
1,0,0.21993859
1,0,0.21914257
1,0,0.20999175
1,0,0.19762608
1,0,0.21158183
1,0,0.19830815
1,0,0.20747428
1,0,0.2019248
1,0,0.20566672
1,0,0.21481284
1,0,0.21855894
1,0,0.21162874
1,0,0.21342114
1,0,0.21803989
1,0,0.21608454
1,0,0.21437131
1,0,0.21608324
1,0,0.21893342
1,0,0.21110918
1,0,0.21084183
1,0,0.20404902
1,0,0.19583821
1,0,0.19237924
1,0,0.18051323
1,0,0.15565462
1,0,0.17055224
1,0,0.16109239
1,0,0.17206416
1,0,0.19555975
1,0,0.20905907
1,0,0.21627985
1,0,0.21888255
1,0,0.21284854
1,0,0.22235495
1,0,0.20874324
1,0,0.20356853
1,0,0.20200321
1,0,0.18876734
1,0,0.17831197
1,0,0.18117844
1,0,0.18118547
1,0,0.18106876
1,0,0.17089431
1,0,0.17891863
1,0,0.15470918
1,0,0.15747717
1,0,0.16486251
1,0,0.15759175
1,0,0.1617383
1,0,0.19023935
1,0,0.18547094
1,0,0.17837784
1,0,0.18377462
1,0,0.17917225
1,0,0.19137073
1,0,0.19922538
1,0,0.1978215
1,0,0.20653374
1,0,0.19671452
1,0,0.18330224
1,0,0.17441982
1,0,0.17185989
1,0,0.18122901
1,0,0.20981003
1,0,0.2135842
1,0,0.22108829
1,0,0.2171262
1,0,0.21337879
1,0,0.21688591
1,0,0.21881823
1,0,0.22262265
1,0,0.22334684
1,0,0.2312317
1,0,0.22327837
1,0,0.22084396
1,0,0.22767642
1,0,0.23353013
1,0,0.21423166
1,0,0.19977874
1,0,0.19304307
1,0,0.1970522
1,0,0.19980262
1,0,0.20240162
1,0,0.21417068
1,0,0.1890489
1,0,0.18483911
1,0,0.2043595
1,0,0.20680517
1,0,0.17678228
1,0,0.19397917
1,0,0.20963886
1,0,0.20570783
1,0,0.21529575
1,0,0.20395735
1,0,0.20648073
1,0,0.20531492
1,0,0.21206549
1,0,0.23606004
1,0,0.21684302
1,0,0.19870411
1,0,0.19807413
1,0,0.19734496
1,0,0.1989264
0,0,0.1878354
0,0,0.032900117
0,0,0.0022543515
0,0,0.0005653102
0,0,0.0003422272
0,0,0.00040303622
0,0,0.00067965407
0,0,0.00058643305
0,0,0.00038557145
0,0,0.00042344045
0,0,0.00038124903
0,0,0.0002861627
0,0,0.00029076787
0,0,0.00034086453
0,0,0.00033569866
0,0,0.00036180005
0,0,0.00033126946
0,0,0.00026189748
0,0,0.00024447113
0,0,0.00024022817
0,0,0.0002680529
0,0,0.00032375578
0,0,0.00046891754
1,0,0.00068305567
1,0,0.00062608795
1,0,0.00037270907
1,0,0.0003174658
1,0,0.00061611447
1,0,0.0026778867
1,0,0.007580433
1,0,0.022248428
1,0,0.03851721
1,0,0.016873341
1,0,0.0036591755
1,0,0.0016799136
1,0,0.0011564626
1,0,0.00078535796
1,0,0.00059016055
1,0,0.0012763402
1,0,0.003944425
1,0,0.004072152
1,0,0.011185313
1,0,0.027307078
1,0,0.033762358
1,0,0.008646304
1,0,0.0012378579
1,0,0.00045003538
1,0,0.0010166662
1,0,0.001538651
1,0,0.0020383215
1,0,0.0070612375
1,0,0.046510126
1,0,0.04001276
1,0,0.011471539
1,0,0.006836906
1,0,0.0036879962
1,0,0.0020362372
1,0,0.00128861
1,0,0.0015189305
1,0,0.0026149189
1,0,0.0027427308
1,0,0.0010737947
1,0,0.00095224666
1,0,0.0012525611
1,0,0.00054518046
1,0,0.00027395977
1,0,0.0003096623
1,0,0.0004812966
1,0,0.0006623902
1,0,0.00070963055
1,0,0.0012801997
1,0,0.0021932526
1,0,0.0023290596
1,0,0.002087227
1,0,0.0017226475
1,0,0.0015937331
1,0,0.0010666882
1,0,0.00057997345
1,0,0.00071212393
1,0,0.0010858775
1,0,0.00078781426
1,0,0.000520926
1,0,0.0006989628
1,0,0.0014534593
1,0,0.0013004984
1,0,0.0010183908
1,0,0.0011533337
1,0,0.001370278
1,0,0.0011577555
1,0,0.0008933681
1,0,0.0013837051
1,0,0.001754703
1,0,0.0012238183
1,0,0.0007713667
1,0,0.2470608
1,1,0.9890961
1,1,0.99578047
1,1,0.9933402
1,1,0.98940444
1,1,0.98932743
1,1,0.9906295
1,1,0.993299
1,1,0.9955918
1,1,0.99551183
1,1,0.9955095
1,1,0.99595106
1,1,0.99633837
1,1,0.99707055
1,1,0.9980812
1,1,0.9977842
1,1,0.99762875
1,1,0.99851507
1,1,0.9984755
1,1,0.9984034
1,1,0.9981055
1,1,0.99832755
1,1,0.9984572
1,1,0.99899536
1,1,0.99915886
1,1,0.99926823
1,1,0.99910635
1,1,0.9992478
1,1,0.9994234
1,1,0.9990226
1,1,0.99811757
1,1,0.9975585
1,1,0.9972965
1,1,0.9977774
1,1,0.9986368
1,1,0.998828
1,1,0.99902654
1,1,0.99868363
1,1,0.9980837
1,1,0.9985469
1,1,0.99870265
1,1,0.99866223
1,1,0.9988236
1,1,0.99921227
1,1,0.9993198
1,1,0.9993513
1,1,0.9994723
1,1,0.99942195
1,1,0.99946123
1,1,0.9995802
1,1,0.99951494
1,1,0.9995146
1,1,0.9996025
1,1,0.9996395
1,1,0.9996464
1,1,0.99965644
1,1,0.99952865
1,1,0.99917716
1,1,0.9987513
1,1,0.998336
1,1,0.99869245
1,1,0.9990876
1,1,0.9992455
1,1,0.9992455
1,1,0.9992669
1,1,0.9992285
1,1,0.99925226
1,1,0.9989697
1,1,0.9982469
1,1,0.99738187
1,1,0.9974381
1,1,0.9975262
1,1,0.995769
1,1,0.995622
1,1,0.995849
1,1,0.9973055
1,1,0.99622154
1,1,0.99318063
1,1,0.9947514
1,1,0.9954348
1,1,0.9970227
1,1,0.99782866
1,1,0.9976755
1,1,0.99779105
1,1,0.9969337
1,1,0.99506074
1,1,0.991784
1,1,0.99282783
1,1,0.9942935
1,1,0.9936883
1,1,0.99496716
1,1,0.9939346
1,1,0.99511355
1,1,0.9945952
1,1,0.9967392
1,1,0.99591947
1,1,0.99448884
1,1,0.99237704
1,1,0.99201936
1,1,0.9932185
1,1,0.9947461
1,1,0.99723417
1,1,0.9975528
1,1,0.99726933
1,1,0.9977543
1,1,0.99750656
1,1,0.99659204
1,1,0.99642307
1,1,0.9970925
1,1,0.99677664
1,1,0.99552226
1,1,0.9962441
1,1,0.99623626
1,1,0.9945797
1,1,0.99374324
0,1,0.93815494
0,1,0.7843758
0,0,0.182146
0,0,0.012537139
0,0,0.016940052
0,0,0.013518624
0,0,0.01075735
0,0,0.012337234
0,0,0.010981851
0,0,0.009980333
0,0,0.008940257
0,0,0.009118216
0,0,0.0083120195
0,0,0.006094956
0,0,0.0046548797
0,0,0.0044589723
0,0,0.0045138663
0,0,0.00519508
0,0,0.0070222807
0,0,0.0059146564
0,0,0.0037062066
0,0,0.002772736
0,0,0.002201603
0,0,0.0019549516
0,0,0.002026337
0,0,0.0016930423
0,0,0.0015202349
0,0,0.0018713608
0,0,0.0025644577
0,0,0.004056788
0,0,0.004743408
0,0,0.0035889002
0,0,0.0026659765
0,0,0.0018948629
0,0,0.0015332032
0,0,0.0013006744
0,0,0.0012911045
0,0,0.001644653
0,0,0.0033930098
0,0,0.009248293
0,0,0.017813832
0,0,0.057037096
0,0,0.114759505
0,0,0.046189953
0,0,0.023804808
0,0,0.0056660897
0,0,0.0058202194
0,0,0.0067239953
0,0,0.011767091
0,0,0.015373509
0,0,0.010624045
0,0,0.006933134
0,0,0.0042700307
0,0,0.0024885093
0,0,0.0027026746
0,0,0.004284272
0,0,0.004172225
0,0,0.0040212288
0,0,0.0048188344
1,0,0.26979327
1,1,0.97691685
1,1,0.9981041
1,1,0.9991142
1,1,0.99925965
1,1,0.9992194
1,1,0.9994862
1,1,0.9993629
1,1,0.99890137
1,1,0.99827087
1,1,0.9980228
1,1,0.99812
1,1,0.99868876
1,1,0.9988727
1,1,0.998852
1,1,0.9982498
1,1,0.9982803
1,1,0.9984542
1,1,0.9983033
1,1,0.99868065
1,1,0.9987105
1,1,0.99840975
1,1,0.9974921
1,1,0.99741507
1,1,0.9971349
1,1,0.9966543
1,1,0.9974826
1,1,0.99796665
1,1,0.99741423
1,1,0.9976713
1,1,0.9980065
1,1,0.99787164
1,1,0.9980831
1,1,0.9984856
1,1,0.9987915
1,1,0.9983974
1,1,0.9977673
1,1,0.99820554
1,1,0.9978777
1,1,0.9979011
1,1,0.99774593
1,1,0.99784124
1,1,0.9979831
1,1,0.99743146
1,1,0.9980357
1,1,0.998317
1,1,0.9550905
1,1,0.7418008
1,0,0.13788834
1,0,0.00528488
1,0,0.00623934
1,0,0.0040979693
1,0,0.0021589724
1,0,0.0013161891
1,0,0.0013336603
1,0,0.0015535585
1,0,0.0010952542
1,0,0.00072660105
1,0,0.00048558335
1,0,0.00037985304
1,0,0.00040669309
1,0,0.0004182509
1,0,0.000513186
1,0,0.00058050716
1,0,0.00044927836
1,0,0.00033524336
1,0,0.0002544641
1,0,0.0002384146
1,0,0.0002780108
1,0,0.00037918045
1,0,0.00047539163
1,0,0.0005236272
1,0,0.0004537957
1,0,0.00042023754
1,0,0.0004581782
1,0,0.00038907962
1,0,0.00045456068
1,0,0.000472186
1,0,0.0004315083
1,0,0.00036356028
1,0,0.00035535477
1,0,0.000363727
1,0,0.00035840843
1,0,0.00035275173
1,0,0.00032068876
1,0,0.00032433658
1,0,0.00035770785
1,0,0.0003286861
1,0,0.00026707078
1,0,0.00022303264
1,0,0.00018100772
1,0,0.00017107674
1,0,0.00017359694
1,0,0.00015495947
1,0,0.00015084562
1,0,0.00014844985
1,0,0.00015258942
1,0,0.0001639661
1,0,0.00017916168
1,0,0.00019756083
1,0,0.00024113117
1,0,0.000273007
1,0,0.00024451892
1,0,0.00023408249
1,0,0.00026433688
1,0,0.00027626747
1,0,0.00022736918
1,0,0.00018038678
1,0,0.0001861283
1,0,0.0001843824
1,0,0.00020876659
1,0,0.00023836164
1,0,0.00022773063
1,0,0.00022435519
0,0,0.0002605603
0,0,0.0002404202
0,0,0.00020011075
0,0,0.0001631094
0,0,0.00020534535
0,0,0.00025012856
0,0,0.00026459357
0,0,0.0003561063
0,0,0.00036891445
0,0,0.0003530986
0,0,0.00044851867
0,0,0.00047108636
0,0,0.0005508814
0,0,0.0006842897
0,0,0.0006421895
0,0,0.0005680177
0,0,0.0004437338
0,0,0.00029981261
0,0,0.00022100995
0,0,0.00019615945
0,0,0.00019093473
0,0,0.0002124052
0,0,0.00022874036
0,0,0.00022677855
0,0,0.00024812622
0,0,0.00026694423
0,0,0.00033113558
0,0,0.0005398163
0,0,0.000823695
0,0,0.00076638995
0,0,0.00047850682
0,0,0.00033169833
0,0,0.0004053871
0,0,0.00055785803
0,0,0.0005982632
0,0,0.000526046
0,0,0.00042918551
0,0,0.0003227379
0,0,0.00023114056
0,0,0.00023180022
0,0,0.00027735106
0,0,0.0003499215
0,0,0.00034931587
0,0,0.0003069405
0,0,0.0002983004
0,0,0.00027617053
0,0,0.21134925
0,0,0.04839628
0,0,0.010953398
0,0,0.0045881406
0,0,0.002407513
0,0,0.001531682
0,0,0.0009098697
0,0,0.0010501691
0,0,0.0012496499
0,0,0.0017252957
0,0,0.002645442
0,0,0.003936587
0,0,0.005532727
0,0,0.004848105
0,0,0.0041441256
0,0,0.0040037506
0,0,0.0034824312
0,0,0.0028175644
0,0,0.0025456015
0,0,0.0021858313
0,0,0.0024851724
0,0,0.0035657908
0,0,0.0044842386
0,0,0.010726921
0,0,0.023222232
0,0,0.04419952
0,0,0.07791176
0,0,0.064869665
0,0,0.043337997
0,0,0.025678521
0,0,0.020356992
0,0,0.020649757
0,0,0.01970959
0,0,0.019029152
0,0,0.017587919
0,0,0.018768886
0,0,0.018451137
0,0,0.019654065
0,0,0.017421013
0,0,0.016614372
0,0,0.01643496
0,0,0.01830905
0,0,0.023689296
0,0,0.039581064
0,0,0.065874875
0,0,0.07791731
0,0,0.071117535
0,0,0.07227625
0,0,0.07708077
0,0,0.0660336
0,0,0.0612807
0,0,0.058422126
0,0,0.040799655
0,0,0.03301521
0,0,0.034668587
0,0,0.04716086
0,0,0.07800039
0,0,0.07602325
0,0,0.06380476
0,0,0.04249304
0,0,0.03752719
0,0,0.025262134
0,0,0.016732154
0,0,0.019890802
0,0,0.019792717
0,0,0.018864011
0,0,0.022766633
0,0,0.02280579
0,0,0.01687653
0,0,0.021391258
0,0,0.024128998
0,0,0.018502498
0,0,0.01604982
0,0,0.020331526
0,0,0.02224662
0,0,0.022127368
0,0,0.029592393
0,0,0.02245702
0,0,0.017271405
0,0,0.019541927
0,0,0.015258821
0,0,0.017342161
0,0,0.014698931
0,0,0.016200662
0,0,0.026335066
0,0,0.026710425
0,0,0.028970301
0,0,0.022497622
0,0,0.010885588
0,0,0.013598662
0,0,0.026595756
0,0,0.028819546
0,0,0.023910005
0,0,0.033725522
0,0,0.09320641
0,1,0.50489336
0,1,0.76827765
0,1,0.7141369
0,1,0.69651145
0,1,0.71397495
0,1,0.705911
0,1,0.70711833
0,1,0.7196289
0,1,0.69164735
0,1,0.6795858
0,1,0.6988716
0,1,0.7106561
0,1,0.6878008
0,1,0.6695515
0,1,0.6602799
0,1,0.6804048
0,1,0.7377143
0,1,0.7580205
0,1,0.7502668
0,1,0.7023633
0,1,0.6689146
0,1,0.63899547
1,1,0.65053743
1,1,0.6765668
1,1,0.65765077
1,1,0.6761316
1,1,0.75113016
1,1,0.7775678
1,1,0.80482
1,1,0.79704493
1,1,0.77720994
1,1,0.7557579
1,1,0.7319407
1,1,0.7325188
1,1,0.7178427
1,1,0.73169285
1,1,0.75805414
1,1,0.7891412
1,1,0.78278106
1,1,0.76572514
1,1,0.7872511
1,1,0.76266485
1,1,0.73146516
1,1,0.7530433
1,1,0.79912937
1,1,0.80665827
1,1,0.81306815
1,1,0.8162904
1,1,0.8381924
1,1,0.8386896
1,1,0.8128214
1,1,0.7935524
1,1,0.7792725
1,1,0.7438759
1,1,0.73934
1,1,0.77016103
1,1,0.7082937
1,1,0.6144212
1,1,0.6636826
1,1,0.5956062
1,1,0.53402895
1,1,0.6385118
1,1,0.7164217
1,1,0.7293745
1,1,0.7442171
1,1,0.7698152
1,1,0.7548127
1,1,0.71879005
1,1,0.72446024
1,1,0.7820144
1,1,0.75238144
1,1,0.7021307
1,1,0.7431991
1,1,0.67484254
1,0,0.49061692
1,0,0.40649167
1,0,0.34386846
1,0,0.32131702
1,1,0.5747314
1,1,0.74527234
1,1,0.7501781
1,1,0.7446615
1,1,0.75324273
1,1,0.706929
1,1,0.6153851
1,1,0.56192666
1,0,0.4583425
1,0,0.45894045
1,0,0.49363628
1,1,0.64450055
1,1,0.75988626
0,1,0.8278028
0,1,0.77427506
0,1,0.74537516
0,1,0.69965386
0,1,0.7158618
0,1,0.7789338
0,1,0.8026191
0,1,0.89936835
0,1,0.8709179
0,1,0.8064769
0,1,0.8475384
0,1,0.8662169
0,1,0.87880576
0,1,0.88430625
0,1,0.87079674
0,1,0.8471289
0,1,0.8422497
0,1,0.8490677
0,1,0.8456876
0,1,0.8300767
0,1,0.8060713
0,1,0.74853075
0,1,0.7180766
0,1,0.5192859
0,0,0.32926565
0,0,0.061767507
0,0,0.03314703
0,0,0.052564994
0,0,0.048017878
0,0,0.047669657
0,0,0.057250787
0,0,0.05615079
0,0,0.051006075
0,0,0.057303745
0,0,0.050550316
0,0,0.046741776
0,0,0.03597172
0,0,0.02814229
0,0,0.03203679
0,0,0.036579087
0,0,0.032801416
0,0,0.033752814
0,0,0.028387811
0,0,0.02679713
0,0,0.032628022
0,0,0.029190624
0,0,0.031635664
0,0,0.04793661
0,0,0.045321725
0,0,0.046253525
0,0,0.04230635
0,0,0.038102496
0,0,0.033708803
0,0,0.030192
0,0,0.026389854
0,0,0.018175019
0,0,0.018195348
0,0,0.020748554
0,0,0.027230643
0,0,0.03503654
0,0,0.03454249
0,0,0.041129377
0,0,0.038376283
0,0,0.035029132
0,0,0.038287833
0,0,0.03372238
0,0,0.031916037
0,0,0.030292075
0,0,0.03036672
0,0,0.030387267
0,0,0.030344792
0,0,0.034850094
0,0,0.03200254
0,0,0.031195067
0,0,0.03457574
0,0,0.026557917
0,0,0.025424639
0,0,0.03248188
0,0,0.025820125
0,0,0.029666994
0,0,0.026550457
0,0,0.020834683
1,0,0.3011747
1,1,0.74443185
1,1,0.7706825
1,1,0.778589
1,1,0.8108169
1,1,0.755528
1,1,0.7407242
1,1,0.80001783
1,1,0.7877194
1,1,0.82439244
1,1,0.8438485
1,1,0.8109039
1,1,0.80268323
1,1,0.7531075
1,1,0.7398433
1,1,0.7971313
1,1,0.8058292
1,1,0.77773935
1,1,0.7891753
1,1,0.7952271
1,1,0.7426616
1,1,0.7553263
1,1,0.69285494
1,1,0.79388046
1,1,0.7846604
1,1,0.7290723
1,1,0.6217241
1,1,0.6609368
1,1,0.7571926
1,1,0.7992066
1,1,0.7713633
1,1,0.7356188
1,1,0.7321579
1,1,0.7014109
1,1,0.6542377
1,1,0.61027896
1,1,0.6529923
1,1,0.6749107
1,1,0.67725873
1,1,0.7042283
1,1,0.7129628
1,1,0.71532923
1,1,0.73935086
1,1,0.7475446
1,1,0.7660125
1,1,0.7746084
0,1,0.5516408
0,0,0.4506764
0,0,0.24978536
0,0,0.046306904
0,0,0.030724328
0,0,0.026903914
0,0,0.042448226
0,0,0.03960569
0,0,0.0401325
0,0,0.048227284
0,0,0.044126246
0,0,0.05093055
0,0,0.048750903
0,0,0.04171378
0,0,0.044378906
0,0,0.03610961
0,0,0.027960844
0,0,0.024526773
0,0,0.029738847
0,0,0.02687251
0,0,0.028358996
0,0,0.025390644
0,0,0.013435282
0,0,0.017155228
0,0,0.014768454
0,0,0.011914101
0,0,0.020926865
0,0,0.025938217
0,0,0.02039615
0,0,0.02607644
0,0,0.023641614
0,0,0.026398312
0,0,0.02720281
0,0,0.024323842
0,0,0.038685128
0,0,0.03292898
0,0,0.027462037
0,0,0.024661409
0,0,0.024508405
0,0,0.012276849
0,0,0.012712016
0,0,0.024415562
0,0,0.023285883
0,0,0.031061927
0,0,0.028985316
0,0,0.022171076
0,0,0.02229823
0,0,0.02322526
0,0,0.02228523
0,0,0.022355124
0,0,0.01791742
0,0,0.020736326
0,0,0.020694088
0,0,0.02063635
0,0,0.022420058
0,0,0.022718476
0,0,0.018854924
0,0,0.017568404
0,0,0.021195352
0,0,0.021035835
0,0,0.018289242
0,0,0.014185123
0,0,0.01237049
0,0,0.014424827
0,0,0.013046584
0,0,0.015278896
0,0,0.021885535
0,0,0.024580015
0,0,0.026140671
0,0,0.024751399
0,0,0.023713648
0,0,0.018748213
0,0,0.0166449
0,0,0.018061543
0,0,0.014614091
0,0,0.020199833
0,0,0.03202841
0,0,0.037787005
0,0,0.036747094
0,0,0.03680903
0,0,0.036233384
0,0,0.037132002
0,0,0.037011623
0,0,0.03339151
0,0,0.042166505
0,0,0.042381346
0,0,0.033706844
0,0,0.037608635
0,0,0.03951143
0,0,0.038192045
0,0,0.035451885
0,0,0.028601594
0,0,0.0255569
0,0,0.023962438
0,0,0.026920917
0,0,0.024971507
0,0,0.02807644
0,0,0.043349095
0,0,0.05091455
0,0,0.06855384
0,0,0.07578371
0,0,0.067934245
0,0,0.060616847
0,0,0.05187501
0,0,0.04887636
0,0,0.031740747
0,0,0.021902025
0,0,0.027562166
0,0,0.018127063
0,0,0.024345463
0,0,0.035802245
0,0,0.035110798
0,0,0.029645864
0,0,0.022744572
0,0,0.00249607
0,0,0.0047803987
0,0,0.009187546
0,0,0.011096999
0,0,0.015443877
0,0,0.014817784
0,0,0.004419748
0,0,0.0035743008
0,0,0.0011053291
0,0,0.0009182706
0,0,0.0011015182
0,0,0.002256636
0,0,0.005462291
0,0,0.0040212134
0,0,0.0020833472
0,0,0.0024257647
0,0,0.0021867487
0,0,0.0029878702
0,0,0.0017994506
0,0,0.0016235056
0,0,0.0056989915
0,0,0.0013595031
0,0,0.0005990603
0,0,0.0016021674
0,0,0.011331583
0,0,0.021050744
0,0,0.020933261
0,0,0.028463967
0,0,0.018240854
0,0,0.039101593
0,0,0.06842224
0,0,0.026943672
0,0,0.018690908
0,0,0.031375516
0,0,0.038860355
0,0,0.024072487
0,0,0.05753708
0,0,0.058944162
0,0,0.0186836
0,0,0.01858341
0,0,0.02990084
0,0,0.0226958
0,0,0.016452419
0,0,0.02333138
0,0,0.03226155
0,0,0.030921116
0,0,0.046419933
0,0,0.053989243
0,0,0.056361247
0,0,0.0643821
0,0,0.074505985
0,0,0.057752367
0,0,0.06089324
0,0,0.0777004
0,0,0.05419661
0,0,0.042317282
0,0,0.053106382
0,0,0.05532917
0,0,0.033507887
0,0,0.03518789
0,0,0.055661455
0,0,0.0641701
0,0,0.04427053
0,0,0.030233162
0,0,0.025846757
0,0,0.014164427
0,0,0.0079315
0,0,0.00494024
0,0,0.006070242
0,0,0.018129881
0,0,0.016613873
0,0,0.012763435
0,0,0.024002317
0,0,0.017447151
0,0,0.011197359
0,0,0.011599024
0,0,0.023402195
0,0,0.020978542
0,0,0.017209284
0,0,0.022886567
0,0,0.037655227
0,0,0.045284104
0,0,0.05342421
0,0,0.044591054
0,0,0.032961987
0,0,0.027938673
0,0,0.022152837
0,0,0.022640983
0,0,0.03285671
0,0,0.024618022
0,0,0.017249469
0,0,0.019528555
0,0,0.015183664
0,0,0.02077178
1,0,0.34872052
1,1,0.61098075
1,1,0.572724
1,0,0.4505551
1,0,0.42349008
1,1,0.67322516
1,1,0.8927436
1,1,0.8563222
1,1,0.82111514
1,1,0.87417567
1,1,0.7822717
1,1,0.6100275
1,1,0.70534235
1,1,0.7156126
1,1,0.73080045
1,1,0.73793644
1,1,0.7122088
1,1,0.6981456
1,1,0.6157016
1,1,0.55213535
1,1,0.6202638
1,1,0.74474597
1,1,0.7048309
1,1,0.734461
1,1,0.80345726
1,1,0.76431495
1,1,0.7157723
1,1,0.7781668
1,1,0.75565976
1,1,0.7534883
1,1,0.7689698
1,1,0.77386534
1,1,0.833596
1,1,0.87124497
1,1,0.82296544
1,1,0.6551451
1,1,0.55959874
1,1,0.6087022
1,1,0.6388049
1,1,0.7409375
1,1,0.81085944
1,1,0.8339059
1,1,0.78197885
1,1,0.79692364
1,1,0.85268503
1,1,0.8907574
0,1,0.80485934
0,1,0.6725545
0,1,0.5642662
0,0,0.4400888
0,0,0.42507786
0,1,0.5275709
0,0,0.49170884
0,0,0.42547798
0,0,0.44016683
0,0,0.48235846
0,1,0.54343635
0,1,0.5406864
0,1,0.5888539
0,1,0.68292874
0,1,0.7836765
0,1,0.7751744
0,1,0.7063901
0,1,0.65168685
0,1,0.5694576
0,1,0.5633868
0,1,0.6549166
0,1,0.713337
0,1,0.765364
0,1,0.79681164
0,1,0.7700684
0,1,0.72213775
0,1,0.7185386
0,1,0.73857695
0,1,0.6922973
0,1,0.6812105
0,1,0.6576886
0,1,0.57464606
0,0,0.44383046
0,0,0.3350221
0,0,0.30596915
0,0,0.36005047
0,0,0.4335759
0,0,0.47351158
0,1,0.5209861
0,1,0.56567556
0,1,0.5860256
0,1,0.64703834
0,1,0.7188897
0,1,0.6785186
0,1,0.6529484
0,1,0.6808232
0,1,0.55421835
0,1,0.5090711
0,0,0.4854708
0,1,0.52611357
0,1,0.59369814
0,1,0.6805231
0,1,0.81980246
0,1,0.8271185
0,1,0.7269502
0,1,0.56548405
0,1,0.53727627
0,1,0.5385619
0,0,0.4907804
0,0,0.494265
0,1,0.65993214
0,1,0.72596145
0,1,0.76023173
0,1,0.7481598
0,1,0.7399039
0,1,0.7452772
0,1,0.7069356
0,1,0.68025154
0,1,0.72191006
0,0,0.10058159
0,0,0.046111107
0,0,0.03706568
0,0,0.050625294
0,0,0.092767686
0,0,0.098509155
0,0,0.107924335
0,0,0.11716692
0,0,0.13821976
0,0,0.16113438
0,0,0.17415255
0,0,0.1481971
0,0,0.11969325
0,0,0.080839224
0,0,0.094072804
0,0,0.10565357
0,0,0.110897616
0,0,0.14658576
0,0,0.14417094
0,0,0.111941375
0,0,0.11374249
0,0,0.07788346
0,0,0.060051225
0,0,0.07837523
0,0,0.07247943
0,0,0.065255694
0,0,0.07826387
0,0,0.08701678
0,0,0.08004485
0,0,0.10828653
0,0,0.11639937
0,0,0.11548016
0,0,0.1716053
0,0,0.16847204
0,0,0.104735695
0,0,0.09249648
0,0,0.082214594
0,0,0.059723776
0,0,0.095231816
0,0,0.1395878
0,0,0.118525565
0,0,0.11040988
0,0,0.12229567
0,0,0.11649934
0,0,0.11322913
0,0,0.11474244
0,0,0.11235947
0,0,0.10820763
0,0,0.12150917
0,0,0.15274704
0,0,0.16945036
0,0,0.17661895
0,0,0.15071201
0,0,0.12064665
0,0,0.115021236
0,0,0.083469614
0,0,0.08443048
0,0,0.11073609
0,0,0.1004372
0,0,0.3472292
0,0,0.4824885
0,0,0.4373638
0,0,0.371249
0,0,0.42372286
0,0,0.48745444
0,1,0.5143561
0,1,0.6178506
0,1,0.7571249
0,1,0.7821897
0,1,0.85066843
0,1,0.8916095
0,1,0.9240858
0,1,0.92060953
0,1,0.8475086
0,1,0.68688995
0,1,0.5700434
0,1,0.58354735
0,1,0.56359905
0,1,0.6355228
0,1,0.7165932
0,1,0.76651233
0,1,0.71391684
1,1,0.77751386
1,1,0.8149246
1,1,0.8736423
1,1,0.90209115
1,1,0.9212223
1,1,0.94381714
1,1,0.9696712
1,1,0.970359
1,1,0.9587145
1,1,0.96181774
1,1,0.9232244
1,1,0.88053983
1,1,0.9058589
1,1,0.885929
1,1,0.9166428
1,1,0.9434977
1,1,0.9154108
1,1,0.86544377
1,1,0.8596956
1,1,0.8165878
1,1,0.7461037
1,1,0.63450575
1,1,0.72301406
0,0,0.039530464
0,0,0.0137485145
0,0,0.009887097
0,0,0.008006137
0,0,0.030037075
0,0,0.018713145
0,0,0.00949536
0,0,0.005873368
0,0,0.0044164304
0,0,0.002823483
0,0,0.0013905414
0,0,0.0026661477
0,0,0.0038742109
0,0,0.0027029146
0,0,0.0050874897
0,0,0.0028977206
0,0,0.0055246754
0,0,0.007525008
0,0,0.0030074327
0,0,0.0073261242
0,0,0.011746865
0,0,0.024362648
0,0,0.024333525
0,0,0.02062286
0,0,0.0049047563
0,0,0.007912635
0,0,0.005671201
0,0,0.0055492828
0,0,0.022395924
0,0,0.10235895
0,1,0.72938275
0,1,0.8974963
0,1,0.74141324
0,1,0.81223595
0,1,0.8812374
0,1,0.75219977
0,1,0.9390682
0,1,0.942392
0,1,0.8542809
0,1,0.90718716
0,1,0.9539105
0,1,0.88667583
0,1,0.5303468
0,0,0.20465632
0,0,0.014940334
0,0,0.028207507
0,0,0.12254119
0,0,0.06960527
0,0,0.06606232
0,0,0.07681362
0,0,0.09975991
0,0,0.123820655
0,0,0.1360246
0,0,0.10658975
0,0,0.08351664
0,0,0.06981354
0,0,0.0776976
0,0,0.086335815
0,0,0.098887846
0,0,0.097780965
0,0,0.09551139
0,0,0.10115289
0,0,0.108659536
0,0,0.11169137
0,0,0.10317809
0,0,0.07114971
0,0,0.047467895
0,0,0.03521558
0,0,0.039519913
0,0,0.051297788
0,0,0.06884607
0,0,0.08421879
0,0,0.092581004
0,0,0.08508575
0,0,0.082497984
0,0,0.08681044
0,0,0.088279754
0,0,0.09286977
0,0,0.11718824
0,0,0.13787326
0,0,0.14369014
0,0,0.12597539
0,0,0.09941337
0,0,0.108126655
0,0,0.1093153
0,0,0.13011155
0,0,0.14488088
0,0,0.10187349
0,0,0.067363314
0,0,0.06516543
0,0,0.06028173
0,0,0.07586243
0,0,0.10794402
0,0,0.12124279
0,0,0.13737759
0,0,0.14072987
0,0,0.13990518
0,0,0.12589948
0,0,0.10545054
0,0,0.09328184
0,0,0.09812151
0,0,0.08865257
0,0,0.09631526
0,0,0.10513623
0,0,0.10204021
0,0,0.10247238
0,0,0.10976934
0,0,0.097311534
0,0,0.089784466
0,0,0.09244411
0,0,0.08721625
0,0,0.08976748
0,0,0.08801516
0,0,0.08750256
0,0,0.007690507
0,0,0.0010814463
0,0,0.00039128834
0,0,0.00021390711
0,0,0.0009107449
0,0,0.007249701
0,0,0.005254281
0,0,0.00094612286
0,0,0.00018033294
0,0,0.000121591394
0,0,0.00012386235
0,0,8.156816e-05
0,0,6.487581e-05
0,0,6.057846e-05
0,0,6.114497e-05
0,0,4.544721e-05
0,0,4.289129e-05
0,0,5.4230586e-05
0,0,5.091736e-05
0,0,6.3667925e-05
0,0,8.932992e-05
0,0,8.665709e-05
0,0,0.00013679652
0,0,0.0008095377
0,0,0.0042093634
0,0,0.0015126351
0,0,0.00034327118
0,0,0.00020221407
0,0,0.00018881996
0,0,0.00019752338
0,0,0.00030584715
0,0,0.00041448994
0,0,0.00031729514
0,0,0.00016677758
0,0,0.00011298738
0,0,0.00012791717
0,0,0.0001481988
0,0,0.00018125538
0,0,0.00027000843
0,0,0.00046884242
0,0,0.00022189505
0,0,0.00013390357
0,0,0.00013181906
0,0,0.00016406138
0,0,0.00021661344
0,0,0.00018518054
0,0,0.00013974716
0,0,0.00015786727
0,0,0.0001729567
0,0,0.00014968845
0,0,0.00011253791
0,0,0.00012721142
0,0,0.00021079197
0,0,0.00023466705
0,0,0.00028050365
0,0,0.00041544702
0,0,0.0003890748
0,0,0.00019103618
0,0,0.00011008347
0,0,0.00011825216
0,0,0.0001204981
0,0,0.00010774645
0,0,0.00012352997
0,0,0.00020577067
0,0,0.00023932697
0,0,0.00016670299
0,0,0.0001588469
0,0,0.0002368149
0,0,0.0003332057
0,0,0.00017527415
0,0,0.00011928924
0,0,9.792025e-05
0,0,9.835456e-05
0,0,9.86796e-05
0,0,8.115602e-05
0,0,0.00011340371
0,0,0.00022555629
0,0,0.00028093273
0,0,0.00023952077
0,0,0.0002105158
0,0,0.00015720825
0,0,0.00012851514
0,0,0.00015503513
0,0,0.00019392541
0,0,0.0001740257
0,0,0.000110547066
0,0,0.00011299471
0,0,0.00025839708
0,0,0.00049582205
0,0,0.00027144197
0,0,0.0001763995
0,0,0.00019380692
0,0,0.00020981986
0,0,0.00014742924
0,0,0.01355739
0,1,0.5288799
0,1,0.9356
0,1,0.96510994
0,1,0.9277411
0,1,0.90105486
0,1,0.90883833
0,1,0.89463437
0,1,0.9215904
0,1,0.95816946
0,1,0.964897
0,1,0.9615276
0,1,0.95900494
0,1,0.9644141
0,1,0.96706444
0,1,0.95627254
0,1,0.94108915
0,1,0.917461
0,1,0.8884015
0,1,0.9371523
0,1,0.964423
0,1,0.96903855
0,1,0.97117853
0,1,0.95902646
0,1,0.93680155
0,1,0.92384577
0,1,0.9040485
0,1,0.8807333
0,1,0.9398345
0,1,0.97398144
0,1,0.9790661
0,1,0.97143865
0,1,0.9594385
0,1,0.95212245
0,1,0.94455135
0,1,0.9378544
0,1,0.94046813
0,1,0.93097705
0,1,0.9117731
0,1,0.8894013
0,1,0.9027029
0,1,0.9307395
0,1,0.9391052
0,1,0.9387421
0,1,0.9450104
0,1,0.95651853
0,1,0.972129
0,1,0.975045
0,1,0.97479624
0,1,0.97759515
0,1,0.9677027
0,1,0.9605706
0,1,0.96799314
0,1,0.97295886
0,1,0.9729888
0,1,0.97771066
0,1,0.9726017
0,1,0.97166145
0,1,0.9716925
0,1,0.9711556
0,1,0.9747891
0,1,0.98464197
0,1,0.9886783
0,1,0.984327
0,1,0.9772149
0,1,0.9738964
0,1,0.9764996
0,1,0.9770871
0,1,0.97846794
0,1,0.9761644
0,1,0.9713329
0,1,0.9729769
0,1,0.9795345
0,1,0.9852904
0,1,0.9874884
0,1,0.98148984
0,1,0.95317054
0,1,0.93952036
0,1,0.9578149
0,1,0.9633554
0,1,0.9651438
0,1,0.96666974
0,1,0.9695411
0,1,0.97142303
0,1,0.9707447
0,1,0.9555858
0,1,0.94717467
0,1,0.9470719
0,1,0.9415004
0,1,0.9370868
0,1,0.94986516
0,1,0.94941473
0,1,0.95541906
0,1,0.9427361
0,1,0.95787984
0,1,0.96557206
0,1,0.957464
0,1,0.95133364
0,1,0.96630216
0,1,0.9506485
0,1,0.9212205
0,1,0.95278275
0,1,0.93985623
0,1,0.9416076
0,1,0.96104443
0,1,0.94928837
0,1,0.9639514
0,1,0.97454095
0,1,0.9570316
0,1,0.9576209
0,1,0.96151334
0,1,0.9625374
0,1,0.96066386
0,1,0.96515065
0,1,0.97761315
0,1,0.97058994
0,1,0.9805161
0,1,0.97070384
0,1,0.95788455
0,1,0.9686387
0,1,0.9511823
0,1,0.96132195
0,1,0.98149604
0,1,0.9680973
0,1,0.96626985
0,1,0.9739938
0,1,0.96608216
0,1,0.9693197
0,1,0.9738115
0,1,0.94985616
0,1,0.8982165
0,1,0.929658
0,1,0.946211
0,1,0.91782296
0,1,0.9472666
0,1,0.95188093
0,1,0.96862006
0,1,0.9764629
0,1,0.9786565
0,1,0.9827944
0,1,0.9701764
0,1,0.95980144
0,1,0.97496843
0,1,0.9803463
0,1,0.98083156
0,1,0.9846268
0,1,0.98563695
0,1,0.98481303
0,1,0.98333216
0,1,0.980942
0,1,0.9828157
0,1,0.98530906
0,1,0.9842882
0,1,0.9833365
0,1,0.97619516
0,1,0.9704103
0,1,0.9732483
0,1,0.9755162
0,1,0.9776714
0,1,0.9779052
0,1,0.976479
0,1,0.6098208
0,0,0.041662317
0,0,0.0014050256
0,0,0.0004425552
0,0,0.0015993821
0,0,0.049462985
0,0,0.23276003
0,0,0.035179336
0,0,0.006389356
0,0,0.018214704
0,0,0.050303973
0,0,0.040849842
0,0,0.0073292037
0,0,0.002395519
0,0,0.0023322694
0,0,0.006897557
0,0,0.219528
0,1,0.69735914
0,0,0.46439233
0,0,0.21096042
0,0,0.040841363
0,0,0.003422691
0,0,0.00060587213
0,0,0.0002952199
0,0,0.00026197193
0,0,0.00046000982
0,0,0.00074146874
0,0,0.0008386152
0,0,0.0038787276
0,0,0.015555977
0,0,0.05403812
0,0,0.0601812
0,0,0.015722603
0,0,0.0066676834
0,0,0.0019999251
0,0,0.0014273797
0,0,0.0135297505
0,0,0.18306276
0,0,0.3882213
0,0,0.44990262
0,0,0.12897374
0,0,0.012786215
0,0,0.023169152
0,0,0.061050247
0,0,0.025193581
0,0,0.008740153
0,0,0.0021753968
0,0,0.0008322983
0,0,0.0012421788
0,0,0.0026359179
0,0,0.0034752472
0,0,0.00081590423
0,0,0.0004089189
0,0,0.0004346094
0,0,0.00019264092
0,0,0.00027493105
0,0,0.00052751665
0,0,0.00036187554
0,0,0.00040803786
0,0,0.0011705112
0,0,0.0010010784
0,0,0.00045337886
0,0,0.0004204928
0,0,0.0005883028
0,0,0.00035766282
0,0,0.0002002415
0,0,0.0001648047
0,0,0.00015927585
0,0,0.00035580696
0,0,0.00048298482
0,0,0.00070131413
0,0,0.0007254207
0,0,0.00053930306
0,0,0.00072380557
0,0,0.0016142873
0,0,0.003111556
0,0,0.0068485923
0,0,0.017925266
0,0,0.018843688
0,0,0.011364816
0,0,0.0061230776
0,0,0.0031926334
0,0,0.0022922864
0,0,0.0058076894
0,0,0.01398711
0,0,0.011164093
0,0,0.0024131874
0,0,0.0011093292
0,0,0.0021063376
0,0,0.005556898
0,0,0.024462093
0,0,0.13936366
0,0,0.1417415
0,0,0.018474385
0,0,0.0030072308
0,0,0.0008693028
0,0,0.00060159474
0,0,0.00092531525
0,0,0.0036709185
0,0,0.015254437
0,0,0.040033646
0,0,0.045724083
0,0,0.04371618
0,0,0.040594116
0,0,0.024195489
0,0,0.009750132
0,0,0.004265497
0,0,0.003115638
0,0,0.0022181799
0,0,0.0011074861
0,0,0.0006319845
0,0,0.000431426
0,0,0.0004220031
0,0,0.001017396
0,0,0.2821898
0,0,0.16027264
0,0,0.061583683
0,0,0.0060635973
0,0,0.001062368
0,0,0.0011588687
0,0,0.0019971365
0,0,0.0029516139
0,0,0.0026720655
0,0,0.0016168423
0,0,0.0010414252
0,0,0.0008466174
0,0,0.00077631674
0,0,0.0009137897
0,0,0.00072619447
0,0,0.00040535175
0,0,0.0003218174
0,0,0.00056828687
0,0,0.001811547
0,0,0.005398055
0,0,0.013210844
0,0,0.010327144
0,0,0.011946489
1,0,0.0083326325
1,0,0.009840198
1,0,0.009529323
1,0,0.011445072
1,0,0.007806864
1,0,0.008151583
1,0,0.0027232028
1,0,0.0012842715
1,0,0.0005496914
1,0,0.00053057476
1,0,0.00065489754
1,0,0.0005551068
1,0,0.0006880242
1,0,0.00076759374
1,0,0.0012283277
1,0,0.0022232134
1,0,0.0015224897
1,0,0.0019124937
1,0,0.00088294403
1,0,0.0006183889
1,0,0.0010016002
1,0,0.00107191
1,0,0.0010484792
1,0,0.001012248
1,0,0.0010304301
1,0,0.0011449193
1,0,0.0012865633
1,0,0.0010485377
1,0,0.0010420841
1,0,0.00082544005
1,0,0.0007168842
1,0,0.0009634418
1,0,0.0007613842
1,0,0.00044958043
1,0,0.00050705933
1,0,0.00060473674
1,0,0.0005928255
1,0,0.0006396085
1,0,0.0007332579
1,0,0.00047347503
1,0,0.00049628067
1,0,0.00072233507
1,0,0.0008523649
1,0,0.00094278675
1,0,0.00096364657
1,0,0.0011602727
1,0,0.0010979327
1,0,0.0010437941
1,0,0.0012878125
1,0,0.0013925404
1,0,0.0015439867
1,0,0.0022519932
1,0,0.0026560565
1,0,0.001470843
1,0,0.0015482008
1,0,0.0015542465
1,0,0.0009687896
1,0,0.0011064395
1,0,0.0012692121
1,0,0.0013637759
1,0,0.0011529751
1,0,0.0010378833
1,0,0.0013665205
1,0,0.0011085201
1,0,0.0011548321
1,0,0.0018157443
1,0,0.001237562
1,0,0.0010815504
1,0,0.0014946132
1,0,0.001503855
1,0,0.0018178455
1,0,0.07089688
1,0,0.36675027
1,1,0.7487803
1,1,0.8305327
1,1,0.77975947
1,1,0.6989665
1,1,0.6604382
1,1,0.6218402
1,1,0.658216
1,1,0.7435695
1,1,0.70810044
1,1,0.68121916
1,1,0.6075337
1,1,0.620649
1,1,0.68032265
1,1,0.74437594
1,1,0.63190013
1,1,0.5878546
1,1,0.6070722
1,1,0.60174215
1,1,0.72484463
1,1,0.8573839
1,1,0.86704415
1,1,0.9059985
1,1,0.90107614
1,1,0.8269033
1,1,0.84808373
1,1,0.85814655
1,1,0.83338
1,1,0.7805263
1,1,0.79013395
1,1,0.82222104
1,1,0.8483482
1,1,0.8579331
1,1,0.87924147
1,1,0.920329
1,1,0.91004676
1,1,0.8923641
1,1,0.8362263
1,1,0.73492223
1,1,0.6754251
1,1,0.6476435
1,1,0.6197543
1,1,0.6542564
1,1,0.66511714
1,1,0.7104539
1,1,0.750651
1,1,0.8142255
1,1,0.82912236
1,1,0.8416708
1,1,0.8342279
1,1,0.80192304
1,1,0.8468764
1,1,0.873285
1,1,0.92073345
1,1,0.9494902
1,1,0.95173126
1,1,0.9586533
1,1,0.9535696
1,1,0.92976743
1,1,0.89106613
1,1,0.9032765
1,1,0.88133246
1,1,0.8626788
1,1,0.85845155
1,1,0.80957216
1,1,0.7616126
1,1,0.8242875
1,1,0.91858405
1,1,0.94937915
1,1,0.9625708
1,1,0.94557464
1,1,0.8469655
1,1,0.7744521
1,1,0.8333748
1,1,0.8665629
1,1,0.9217332
1,1,0.93887746
1,1,0.9226347
1,1,0.8956745
1,1,0.9077641
1,1,0.872193
1,1,0.82498276
1,1,0.82253563
1,1,0.8603199
1,1,0.88247085
1,1,0.89969486
1,1,0.9248583
1,1,0.91822803
1,1,0.9372211
1,1,0.95302415
1,1,0.9300544
1,1,0.9412842
1,1,0.95184004
1,1,0.933626
1,1,0.84567255
1,1,0.67717856
1,1,0.66139597
1,1,0.7502922
1,1,0.73672116
1,1,0.8013166
1,1,0.92191064
1,1,0.9467098
1,1,0.9091758
1,1,0.88914084
1,1,0.8453969
1,1,0.632353
1,0,0.49291977
1,1,0.5902653
1,1,0.59146816
1,1,0.5997822
1,1,0.6388847
1,1,0.6766963
1,1,0.7771112
1,1,0.88280916
1,0,0.379692
1,0,0.08213338
1,0,0.0056449
1,0,0.0016993453
1,0,0.0015650026
1,0,0.0015304763
1,0,0.0013283102
1,0,0.001781935
1,0,0.002236033
1,0,0.003029413
1,0,0.0027890638
1,0,0.0023448295
1,0,0.0025738191
1,0,0.0035928546
1,0,0.005051826
1,0,0.0043040956
1,0,0.0025585042
1,0,0.0020165048
1,0,0.0016164422
1,0,0.0015182189
1,0,0.0015468305
1,0,0.0015704244
1,0,0.0014809015
1,0,0.0014507965
1,0,0.0014042237
1,0,0.0014301982
1,0,0.0014724517
1,0,0.0015744907
1,0,0.0016226813
1,0,0.0016845262
1,0,0.001614086
1,0,0.0014649007
1,0,0.0012921989
1,0,0.0012360717
1,0,0.0011802595
1,0,0.0012100287
1,0,0.0013733159
1,0,0.0015515464
1,0,0.0018376873
1,0,0.0019132893
1,0,0.0016905022
1,0,0.0015022217
1,0,0.001426146
1,0,0.0015136013
1,0,0.001841105
1,0,0.001923548
1,0,0.0017871741
1,0,0.001767246
1,0,0.0015690702
1,0,0.0014555078
1,0,0.0014628223
1,0,0.0012813354
1,0,0.0011882541
1,0,0.0012854076
1,0,0.0012736141
1,0,0.0012874748
1,0,0.0012770941
1,0,0.0014153367
1,0,0.001732797
1,0,0.053708654
1,0,0.43086097
1,1,0.81513
1,1,0.81266284
1,1,0.79445666
1,1,0.77396905
1,1,0.7784233
1,1,0.7714118
1,1,0.7925724
1,1,0.8165753
1,1,0.81293106
1,1,0.8313563
1,1,0.82064044
1,1,0.8051653
1,1,0.6629402
1,1,0.609228
1,1,0.62694544
1,1,0.7144518
1,1,0.8449815
1,1,0.8933775
1,1,0.95347995
1,1,0.9532298
1,1,0.9511458
1,1,0.96264017
1,1,0.9695972
1,1,0.9678536
1,1,0.94673663
1,1,0.9138397
1,1,0.93476844
1,1,0.9287369
1,1,0.87668353
1,1,0.83448493
1,1,0.8042878
1,1,0.81214887
1,1,0.8202329
1,1,0.8252524
1,1,0.82760763
1,1,0.84809417
1,1,0.8422391
1,1,0.8991849
1,1,0.9397079
1,1,0.9462762
1,1,0.950124
1,1,0.95773757
1,1,0.9529381
1,1,0.9392562
1,1,0.618383
1,0,0.1436848
1,0,0.045398194
1,0,0.026242588
1,0,0.028640939
1,0,0.035165776
1,0,0.029024273
1,0,0.0207424
1,0,0.021571992
1,0,0.029848762
1,0,0.021767747
1,0,0.012037557
1,0,0.008126414
1,0,0.003779979
1,0,0.0021090643
1,0,0.0016913409
1,0,0.0019136536
1,0,0.0030021756
1,0,0.0036576004
1,0,0.0037841091
1,0,0.0036094582
1,0,0.0029334812
1,0,0.002304099
1,0,0.0014881613
1,0,0.0011478087
1,0,0.0010519731
1,0,0.0011533953
1,0,0.0012458849
1,0,0.0013531104
1,0,0.0014073732
1,0,0.001275254
1,0,0.0017423452
1,0,0.002465213
1,0,0.0022445698
1,0,0.0021420117
1,0,0.0020080179
1,0,0.0017926286
1,0,0.0016452997
1,0,0.001489682
1,0,0.0011436283
1,0,0.0010221194
1,0,0.0013254647
1,0,0.0015449382
1,0,0.0012308377
1,0,0.0010363394
1,0,0.00077139726
1,0,0.0007127855
1,0,0.0013429424
1,0,0.0017470738
1,0,0.0021584241
1,0,0.0023243907
1,0,0.00215601
1,0,0.0020466312
1,0,0.001796634
1,0,0.0018598541
1,0,0.0018412523
1,0,0.0015634298
1,0,0.0012711581
1,0,0.0013562184
1,0,0.0015863247
1,0,0.0020074903
1,0,0.003448879
1,0,0.0040574856
1,0,0.0046695904
1,0,0.0058764345
1,0,0.006908633
1,0,0.0073072175
1,0,0.006208176
1,0,0.0042836987
1,0,0.0023301777
1,0,0.0018265679
1,0,0.0015312647
1,0,0.0015337062
1,0,0.0015806255
1,0,0.0014452168
1,0,0.001274914
1,0,0.0011152225
1,0,0.0012462267
1,0,0.001406215
1,0,0.0013602866
1,0,0.001323826
1,0,0.0014303528
1,0,0.0013436677
1,0,0.0010192285
1,0,0.0010486016
1,0,0.00073222903
1,0,0.00064955425
1,0,0.0008321536
1,0,0.0007579663
1,0,0.0008098401
1,0,0.0009251856
1,0,0.0010310167
1,0,0.00121801
1,0,0.0012995531
1,0,0.0011604909
1,0,0.0010566345
1,0,0.001039027
1,0,0.0010014658
1,0,0.0008864027
1,0,0.0009155637
1,0,0.0010077597
1,0,0.0011187904
1,0,0.0015289707
1,0,0.0014688204
1,0,0.0010134514
1,0,0.000802308
1,0,0.0006930904
1,0,0.000612568
1,0,0.00069191435
1,0,0.0009794268
1,0,0.0012722597
1,0,0.0012579192
1,0,0.001306478
1,0,0.0014778503
0,0,0.09778508
0,0,0.00539137
0,0,0.0008347195
0,0,0.00060868246
0,0,0.0006009987
0,0,0.00052180706
0,0,0.0012072611
0,0,0.0023866065
0,0,0.0045438977
0,0,0.0037899306
0,0,0.0024859868
0,0,0.0018389839
0,0,0.0030078744
0,0,0.003812918
0,0,0.0046190294
0,0,0.0076573007
0,0,0.004391938
0,0,0.004829639
0,0,0.0044052214
0,0,0.0044259904
0,0,0.006142222
0,0,0.01500977
0,0,0.012707158
0,0,0.012224635
0,0,0.007765524
0,0,0.005256021
0,0,0.003176775
0,0,0.002392605
0,0,0.0035889512
0,0,0.0031808882
0,0,0.0034533397
0,0,0.0026710262
0,0,0.0024454612
0,0,0.0027827928
0,0,0.0028333568
0,0,0.002840271
0,0,0.0022926042
0,0,0.0019867737
0,0,0.0022709235
0,0,0.0025559317
0,0,0.0029228646
0,0,0.0034141657
0,0,0.004173468
0,0,0.0047630686
0,0,0.0055166096
0,0,0.005851628
0,0,0.0057822336
0,0,0.005505263
0,0,0.0047343937
0,0,0.0049474104
0,0,0.006184655
0,0,0.0074140457
0,0,0.005890879
0,0,0.0047620563
0,0,0.0049290503
0,0,0.005972472
0,0,0.006866739
0,0,0.007349218
0,0,0.008277135
0,0,0.007009983
0,0,0.0060113487
0,0,0.00445969
0,0,0.0057401326
0,0,0.0059072822
0,0,0.008047431
0,0,0.011187437
0,0,0.009614264
0,0,0.008357695
0,0,0.0076198
0,0,0.008342276
0,0,0.0066638035
0,0,0.0047704345
0,0,0.004727102
0,0,0.005587239
0,0,0.0060680327
0,0,0.006001857
0,0,0.0064205816
0,0,0.007389194
0,0,0.008664592
0,0,0.0092426315
0,0,0.009181184
0,0,0.009917401
0,0,0.009621995
0,0,0.0066836323
0,0,0.005482165
0,0,0.005926887
0,0,0.005624659
0,0,0.005681304
0,0,0.006204864
0,0,0.0067033614
0,0,0.007128502
0,0,0.0070046606
0,0,0.008270781
0,0,0.009198291
1,1,0.635001
1,1,0.9754102
1,1,0.9925774
1,1,0.989527
1,1,0.9886381
1,1,0.9740331
1,1,0.9300183
1,1,0.9477807
1,1,0.9813517
1,1,0.9900261
1,1,0.99196166
1,1,0.9930184
1,1,0.98899454
1,1,0.9793367
1,1,0.96056277
1,1,0.94608104
1,1,0.9614696
1,1,0.9445189
1,1,0.94631743
1,1,0.9653658
1,1,0.95400834
1,1,0.87410843
1,1,0.91358024
1,1,0.9122236
1,1,0.9039761
1,1,0.9538703
1,1,0.96309406
1,1,0.98325354
1,1,0.98877037
1,1,0.9899923
1,1,0.9878808
1,1,0.97591394
1,1,0.9832306
1,1,0.98883086
1,1,0.9902918
1,1,0.98877734
1,1,0.9814403
1,1,0.9815688
1,1,0.9750165
1,1,0.9716456
1,1,0.98789537
1,1,0.98945796
1,1,0.9858385
1,1,0.98388577
1,1,0.96900606
1,1,0.9456233
0,1,0.95293427
0,1,0.9400177
0,1,0.92812973
0,1,0.9618372
0,1,0.96446633
0,1,0.94671565
0,1,0.94857645
0,1,0.9131236
0,1,0.86423945
0,1,0.86575323
0,1,0.88622713
0,1,0.8894598
0,1,0.95220476
0,1,0.9720444
0,1,0.9508135
0,1,0.94339734
0,1,0.9126081
0,1,0.87313336
0,1,0.9295266
0,1,0.96674883
0,1,0.97832644
0,1,0.9860166
0,1,0.98257256
1,1,0.9694958
1,1,0.9541374
1,1,0.93620664
1,1,0.9232734
1,1,0.9415648
1,1,0.9500611
1,1,0.93382686
1,1,0.9234736
1,1,0.9663588
1,1,0.9733922
1,1,0.95511794
1,1,0.96765447
1,1,0.9639181
1,1,0.9644895
1,1,0.975628
1,1,0.975471
1,1,0.97662705
1,1,0.96891564
1,1,0.9766998
1,1,0.9695565
1,1,0.91361177
1,1,0.9296839
1,1,0.9306031
1,1,0.9152133
1,1,0.9305142
1,1,0.9405848
1,1,0.9276896
1,1,0.9552895
1,1,0.9721781
1,1,0.9491743
1,1,0.92364395
1,1,0.9032064
1,1,0.8573122
1,1,0.90320754
1,1,0.94885886
1,1,0.94904083
1,1,0.94141346
1,1,0.9389297
1,1,0.9347311
1,1,0.93025595
1,1,0.92720234
1,1,0.93328696
1,1,0.9578971
1,1,0.9342872
1,1,0.8185466
1,1,0.60694057
0,0,0.071327634
0,0,0.020057153
0,0,0.017201584
0,0,0.014781449
0,0,0.018693684
0,0,0.017539918
0,0,0.01711884
0,0,0.017680768
0,0,0.019541198
0,0,0.025594315
0,0,0.025561616
0,0,0.02769782
0,0,0.024602238
0,0,0.024732377
0,0,0.02697508
0,0,0.02880559
0,0,0.029510502
0,0,0.031931985
0,0,0.029300343
0,0,0.02545043
0,0,0.01941372
0,0,0.01604355
0,0,0.018824946
0,0,0.020969395
0,0,0.0219763
0,0,0.023297003
0,0,0.027071677
0,0,0.021319274
0,0,0.016453283
0,0,0.019751249
0,0,0.024386983
0,0,0.02645151
0,0,0.025536982
0,0,0.021546664
0,0,0.019478418
0,0,0.021667974
0,0,0.019110713
0,0,0.016553696
0,0,0.015444479
0,0,0.012871731
0,0,0.0108918995
0,0,0.009387104
0,0,0.006126697
0,0,0.0056689214
0,0,0.0059818444
0,0,0.008369112
0,0,0.011952823
0,0,0.018275745
0,0,0.019246623
0,0,0.013494252
0,0,0.009637397
0,0,0.0072376616
0,0,0.005674482
0,0,0.006060891
0,0,0.0065563773
0,0,0.005567852
0,0,0.006429181
0,0,0.007992719
0,0,0.0094691515
1,0,0.346538
1,1,0.8611418
1,1,0.94675434
1,1,0.95990974
1,1,0.95315343
1,1,0.96955204
1,1,0.97379524
1,1,0.9556793
1,1,0.9585806
1,1,0.969688
1,1,0.9627542
1,1,0.95462
1,1,0.96445733
1,1,0.9842642
1,1,0.98049414
1,1,0.972484
1,1,0.983696
1,1,0.9823877
1,1,0.97128624
1,1,0.97428757
1,1,0.88590246
1,1,0.74139065
1,1,0.7132373
1,1,0.7474104
1,1,0.7171306
1,1,0.8408291
1,1,0.92483056
1,1,0.96247756
1,1,0.9601678
1,1,0.97606736
1,1,0.97360283
1,1,0.9568145
1,1,0.9311358
1,1,0.93009275
1,1,0.96474206
1,1,0.99310404
1,1,0.99322516
1,1,0.9876486
1,1,0.9810542
1,1,0.97561294
1,1,0.9907499
1,1,0.99420303
1,1,0.98722583
1,1,0.9888354
1,1,0.9864471
1,1,0.98599166
1,1,0.89054906
1,0,0.3967761
1,0,0.017084366
1,0,0.00076634326
1,0,0.0011503213
1,0,0.002279275
1,0,0.0021793551
1,0,0.0015750194
1,0,0.0014044866
1,0,0.0014184396
1,0,0.0015558217
1,0,0.0021183568
1,0,0.0022374538
1,0,0.0014506425
1,0,0.0012303138
1,0,0.001974897
1,0,0.0028425516
1,0,0.0039645084
1,0,0.0029927024
1,0,0.0020315484
1,0,0.001604575
1,0,0.0014080517
1,0,0.002282161
1,0,0.0031916425
1,0,0.0033256884
1,0,0.003010956
1,0,0.0024573177
1,0,0.001829239
1,0,0.001383545
1,0,0.001518644
1,0,0.001572806
1,0,0.002184917
1,0,0.003609798
1,0,0.0047918526
1,0,0.004717895
1,0,0.0041424376
1,0,0.0024994297
1,0,0.0015261328
1,0,0.0015082433
1,0,0.0017567036
1,0,0.0021540667
1,0,0.002712906
1,0,0.0025274025
1,0,0.0025305839
1,0,0.0025101642
1,0,0.0020486582
1,0,0.0034566068
1,0,0.0030094578
1,0,0.0019032665
1,0,0.0009080571
1,0,0.00082783814
1,0,0.0010053306
1,0,0.0010810713
1,0,0.0014541252
1,0,0.0018122714
1,0,0.0029021213
1,0,0.0032706046
1,0,0.0022789584
1,0,0.002105012
1,0,0.0021849526
1,0,0.0015168086
1,0,0.0014208752
1,0,0.0013473058
1,0,0.0012214886
1,0,0.0023623093
1,0,0.0028202056
1,0,0.0068773553
1,0,0.010538082
1,0,0.007867247
1,0,0.007221303
1,0,0.0054723723
1,0,0.00483134
1,0,0.0038105298
1,0,0.0018505756
1,0,0.0012838275
1,0,0.0012160544
1,0,0.0012526899
1,0,0.0014549743
1,0,0.0017263178
1,0,0.0016424028
1,0,0.0012091019
1,0,0.0011686427
1,0,0.0013946552
1,0,0.0022056785
1,0,0.0034380334
1,0,0.003978884
1,0,0.0048737596
1,0,0.0056270515
1,0,0.005392897
1,0,0.004809655
1,0,0.0046214066
1,0,0.0024646148
1,0,0.0012188852
1,0,0.00064983906
1,0,0.0005300483
1,0,0.00073846866
1,0,0.0011701843
1,0,0.0022100601
1,0,0.0031994514
1,0,0.002472602
1,0,0.0020595277
1,0,0.0021928695
1,0,0.0020163984
1,0,0.0013734546
1,0,0.00088112534
1,0,0.0005607089
1,0,0.0004575126
1,0,0.0005240161
1,0,0.0005701252
1,0,0.00053259265
1,0,0.0007555104
1,0,0.001409083
1,0,0.0020084663
1,0,0.0019783238
0,0,0.03451543
0,0,0.07990234
0,0,0.16487615
0,0,0.20624849
0,0,0.29301977
0,0,0.34236744
0,0,0.33202067
0,0,0.29156092
0,0,0.29872286
0,0,0.29146332
0,0,0.27037317
0,0,0.25441068
0,0,0.24613822
0,0,0.30714777
0,0,0.39251605
0,0,0.42621878
0,0,0.40991515
0,0,0.3641831
0,0,0.33407292
0,0,0.34245783
0,0,0.36414373
0,0,0.37271488
0,0,0.33176377
0,0,0.29759625
0,0,0.32482556
0,0,0.33454308
0,0,0.32211673
0,0,0.2799896
0,0,0.289812
0,0,0.25080577
0,0,0.2232116
0,0,0.23138021
0,0,0.253489
0,0,0.23712802
0,0,0.22698854
0,0,0.26721373
0,0,0.31236717
0,0,0.30512774
0,0,0.2821763
0,0,0.27114204
0,0,0.24786602
0,0,0.22477204
0,0,0.21394219
0,0,0.21240066
0,0,0.21094882
0,0,0.21379241
0,0,0.22962587
0,0,0.25484768
0,0,0.2399123
0,0,0.22712408
0,0,0.22709927
0,0,0.21634938
0,0,0.21489145
0,0,0.22700809
0,0,0.23225753
0,0,0.23661669
0,0,0.23578086
0,0,0.22609521
0,0,0.21902838
0,0,0.21587223
0,0,0.21266411
0,0,0.21441701
0,0,0.21561685
0,0,0.21573001
0,0,0.22151954
0,0,0.22367579
0,0,0.24774641
0,0,0.2692503
0,0,0.25198707
0,0,0.23450197
0,0,0.22902101
0,0,0.22704908
0,0,0.23020868
0,0,0.23181406
0,0,0.21750084
0,0,0.21524338
0,0,0.23623414
0,0,0.22205013
0,0,0.22319214
0,0,0.22748886
0,0,0.23272644
0,0,0.23155823
0,0,0.22860329
0,0,0.2340656
0,0,0.22737713
0,0,0.21868414
0,0,0.21781264
0,0,0.23052058
0,0,0.24261728
0,0,0.24243225
0,0,0.2373873
0,0,0.22690322
0,0,0.21281718
0,0,0.20788756
0,0,0.2190362
0,0,0.19998021
0,0,0.17727073
0,0,0.17712717
0,0,0.17619905
0,0,0.19829653
0,0,0.21678145
0,0,0.23133866
0,0,0.24749178
0,0,0.26231855
0,0,0.24896485
0,0,0.24295026
0,0,0.21371445
0,0,0.18479471
0,0,0.1792881
0,0,0.18211536
0,0,0.18940094
0,0,0.20040609
0,0,0.26491636
0,0,0.35374025
0,0,0.35141027
0,0,0.3367095
0,0,0.33128646
1,0,0.33505234
1,0,0.32495332
1,0,0.296906
1,0,0.3147196
1,0,0.3211957
1,0,0.28444862
1,0,0.24928334
1,0,0.23581709
1,0,0.2049755
1,0,0.1969177
1,0,0.20952256
1,0,0.18965234
1,0,0.20094883
1,0,0.27415133
1,0,0.29758906
1,0,0.33959663
1,0,0.44087625
1,0,0.39743742
1,0,0.35573134
1,0,0.34292936
1,0,0.37020367
1,0,0.433502
1,0,0.47944063
1,0,0.45418346
1,0,0.38293192
1,0,0.2952526
1,0,0.23856334
1,0,0.21542205
1,0,0.19929248
1,0,0.19831744
1,0,0.1993744
1,0,0.20306095
1,0,0.19630337
1,0,0.20639074
1,0,0.22924152
1,0,0.22258806
1,0,0.2179864
1,0,0.21181962
1,0,0.18273833
1,0,0.17687719
1,0,0.16975091
1,0,0.16994166
1,0,0.17828988
1,0,0.1957614
1,0,0.21131441
1,0,0.21085972
1,0,0.2091271
1,0,0.20687549
1,0,0.20050417
1,0,0.20199923
1,0,0.2080483
1,0,0.21852572
1,0,0.20752281
1,0,0.19960509
1,0,0.17354098
1,0,0.1740223
1,0,0.19986804
1,0,0.23351832
1,0,0.21287143
1,0,0.2144025
1,0,0.24492712
1,0,0.26293254
1,0,0.26294884
1,0,0.2689866
1,0,0.23152299
1,0,0.30749062
1,0,0.46998575
1,1,0.5149442
1,1,0.5258646
1,0,0.4531838
1,0,0.31747535
1,0,0.31123418
1,0,0.3954656
1,0,0.38434997
1,0,0.36258242
1,0,0.39231458
1,0,0.42610022
1,0,0.3943521
1,0,0.47258818
1,1,0.55644727
1,0,0.49651185
1,0,0.43537676
1,0,0.38609555
1,0,0.35619622
1,0,0.37343335
1,0,0.3701455
1,0,0.3639451
1,0,0.34682333
1,0,0.31889647
1,0,0.31111965
1,0,0.3029781
1,0,0.32234117
0,0,0.31663665
0,0,0.27628973
0,0,0.24808611
0,0,0.21463867
0,0,0.18875799
0,0,0.1878414
0,0,0.1839666
0,0,0.18115577
0,0,0.17663728
0,0,0.16829526
0,0,0.15905619
0,0,0.16273281
0,0,0.17184468
0,0,0.18559437
0,0,0.1945571
0,0,0.19468968
0,0,0.19652474
0,0,0.19194937
0,0,0.19400911
0,0,0.19628465
0,0,0.19458148
0,0,0.18806054
0,0,0.23474424
0,0,0.30763122
0,0,0.3562511
0,0,0.38701206
0,0,0.3501414
0,0,0.26306808
0,0,0.23566265
0,0,0.23818049
0,0,0.23566769
0,0,0.25667903
0,0,0.25502622
0,0,0.26860458
0,0,0.24662855
0,0,0.20680384
0,0,0.23022959
0,0,0.27249137
0,0,0.27208287
0,0,0.25798965
0,0,0.2499094
0,0,0.21309404
0,0,0.19578935
0,0,0.20351781
0,0,0.20974633
0,0,0.21615818
0,0,0.21095958
0,0,0.20806268
0,0,0.19902436
0,0,0.183825
0,0,0.17692746
0,0,0.18232545
0,0,0.19719511
0,0,0.19808231
0,0,0.19121808
0,0,0.18426616
0,0,0.19335458
0,0,0.2132865
0,0,0.2298268
1,0,0.22842814
1,0,0.2635203
1,0,0.31187358
1,0,0.3555639
1,0,0.39254516
1,0,0.3819521
1,0,0.3257052
1,0,0.30923682
1,0,0.35616034
1,0,0.4461588
1,0,0.48842207
1,0,0.48570603
1,0,0.45443788
1,0,0.31413585
1,0,0.24523474
1,0,0.25311026
1,0,0.32262832
1,0,0.37236258
1,0,0.4242919
1,1,0.5151223
1,1,0.5587207
1,1,0.59699404
1,1,0.6428581
1,1,0.65364003
1,1,0.57203645
1,0,0.45915037
1,0,0.39305317
1,0,0.2675706
1,0,0.2817032
1,0,0.36421555
1,0,0.39474785
1,0,0.36436436
1,0,0.33436787
1,0,0.26696786
1,0,0.20929976
1,0,0.21072902
1,0,0.21591887
1,0,0.21637607
1,0,0.22348756
1,0,0.22359486
1,0,0.21613485
1,0,0.21971543
1,0,0.23608713
1,0,0.24135263
1,0,0.25564894
1,0,0.24493885
0,0,0.32193425
0,0,0.41577387
0,0,0.4168249
0,0,0.3950681
0,0,0.3425827
0,0,0.2622077
0,0,0.2286946
0,0,0.24820745
0,0,0.291064
0,0,0.2917533
0,0,0.26221287
0,0,0.23273818
0,0,0.21462129
0,0,0.22242627
0,0,0.25856933
0,0,0.35862315
0,0,0.41365296
0,0,0.45153892
0,0,0.48275128
0,0,0.3508323
0,0,0.28436822
0,0,0.26990587
0,0,0.28115344
0,0,0.3105922
0,0,0.27945688
0,0,0.25380728
0,0,0.20864165
0,0,0.19422905
0,0,0.19683242
0,0,0.20811523
0,0,0.20485139
0,0,0.20136562
0,0,0.20208503
0,0,0.20636903
0,0,0.21102321
0,0,0.22106235
0,0,0.2208441
0,0,0.22956753
0,0,0.27008983
0,0,0.2940762
0,0,0.32051575
0,0,0.3061199
0,0,0.26632917
0,0,0.2626904
0,0,0.2522014
0,0,0.22785443
0,0,0.2268547
0,0,0.33347276
0,0,0.41577956
0,0,0.49203095
0,1,0.55840355
0,1,0.5090216
0,1,0.5177314
0,1,0.5030605
0,0,0.48507693
0,0,0.46806732
0,0,0.36111012
0,0,0.3624734
0,0,0.41641083
0,0,0.36180267
0,0,0.29269883
0,0,0.30354318
0,0,0.34107578
0,0,0.37006932
0,0,0.410668
0,0,0.4243682
0,0,0.35350916
0,0,0.29153097
1,0,0.23912965
1,0,0.21219932
1,0,0.21071628
1,0,0.23375125
1,0,0.23872408
1,0,0.23942032
1,0,0.23642018
1,0,0.21610068
1,0,0.1974378
1,0,0.18734553
1,0,0.18751165
1,0,0.1960285
1,0,0.2001639
1,0,0.20817567
1,0,0.20617425
1,0,0.21306576
1,0,0.21658328
1,0,0.21294685
1,0,0.20299998
1,0,0.20707156
1,0,0.20870718
1,0,0.20946607
1,0,0.20913297
1,0,0.20249577
1,0,0.20940784
1,0,0.24159321
1,0,0.24202491
1,0,0.22688101
1,0,0.21124062
1,0,0.20088015
1,0,0.19263293
1,0,0.18605718
1,0,0.19357757
1,0,0.19704252
1,0,0.19693696
1,0,0.20206216
1,0,0.20441957
1,0,0.20524989
1,0,0.20586509
1,0,0.21045294
1,0,0.21407968
1,0,0.23391004
1,0,0.29090327
1,0,0.2996124
1,0,0.25696152
1,0,0.23851407
0,0,0.0011782321
0,0,0.0012025875
0,0,0.0033062072
0,0,0.035000175
0,0,0.06525801
0,0,0.053999864
0,0,0.05700743
0,0,0.04524202
0,0,0.038745005
0,0,0.05013368
0,0,0.061440233
0,0,0.0684693
0,0,0.078957126
0,0,0.061747253
0,0,0.036337607
0,0,0.029803673
0,0,0.028715365
0,0,0.026729755
0,0,0.03126751
0,0,0.05006203
0,0,0.04438677
0,0,0.036517993
0,0,0.057722088
1,0,0.059075035
1,0,0.056602474
1,0,0.077516876
1,0,0.07697001
1,0,0.106097765
1,0,0.15729669
1,0,0.15572563
1,0,0.13614354
1,0,0.14729753
1,0,0.16430444
1,0,0.16853821
1,0,0.21460463
1,0,0.21852738
1,0,0.17587046
1,0,0.1398689
1,0,0.14315853
1,0,0.15175751
1,0,0.11945662
1,0,0.13283044
1,0,0.08999257
1,0,0.068039685
1,0,0.120851055
1,0,0.15149976
1,0,0.16005896
1,0,0.1927175
1,0,0.15229462
1,0,0.08873096
1,0,0.066017605
1,0,0.023100527
1,0,0.010055909
1,0,0.012082039
1,0,0.0097638015
1,0,0.021681959
1,0,0.028501
1,0,0.02199737
1,0,0.018319208
1,0,0.021387193
1,0,0.043313194
1,0,0.082903475
1,0,0.09395004
1,0,0.051095963
1,0,0.026037391
1,0,0.007378115
1,0,0.0032273189
1,0,0.0036512983
1,0,0.004525744
1,0,0.010793031
1,0,0.025757251
1,0,0.028128795
1,0,0.042508084
1,0,0.07232278
1,0,0.092267394
1,0,0.08383424
1,0,0.042045176
1,0,0.020281855
1,0,0.010268937
1,0,0.0061870734
1,0,0.008746142
1,0,0.010688166
1,0,0.01984103
1,0,0.049751285
1,0,0.06158329
1,0,0.077793315
1,0,0.08420605
1,0,0.078438655
1,0,0.06557803
1,0,0.05560244
1,0,0.04614003
1,0,0.036248744
1,0,0.02840338
1,0,0.018258102
1,0,0.3570354
1,1,0.6539222
1,1,0.77582717
1,1,0.827301
1,1,0.852348
1,1,0.8646115
1,1,0.8609625
1,1,0.8595425
1,1,0.8374694
1,1,0.8348646
1,1,0.8455034
1,1,0.8551952
1,1,0.8321973
1,1,0.7069763
1,1,0.65296024
1,1,0.5910131
1,1,0.58342904
1,1,0.6403613
1,1,0.6878392
1,1,0.7382918
1,1,0.80171984
1,1,0.8623738
1,1,0.89059085
0,1,0.936084
0,1,0.9478592
0,1,0.8980166
0,1,0.87736815
0,1,0.8323699
0,1,0.8005775
0,1,0.866109
0,1,0.9187728
0,1,0.94436526
0,1,0.9662216
0,1,0.95382583
0,1,0.9196892
0,1,0.89665335
0,1,0.7921643
0,1,0.7707774
0,1,0.82214
0,1,0.8749965
0,1,0.9222434
0,1,0.9390111
0,1,0.9409266
0,1,0.9025969
0,1,0.88069844
0,1,0.86431444
0,1,0.68959415
0,0,0.4788055
0,0,0.40127233
0,0,0.3389099
0,0,0.36765638
0,0,0.38681802
0,0,0.46363723
0,1,0.56547195
0,1,0.65554255
0,1,0.6410775
0,1,0.53499436
0,0,0.4475772
0,0,0.3973123
0,0,0.45927787
0,0,0.44711706
0,1,0.5204751
0,1,0.67405945
0,1,0.7585671
0,1,0.8208394
0,1,0.79647094
0,1,0.79018074
0,1,0.7605507
0,1,0.79254854
1,1,0.83390456
1,1,0.87574744
1,1,0.8890906
1,1,0.9025723
1,1,0.8953423
1,1,0.9071816
1,1,0.91611695
1,1,0.9274226
1,1,0.93918735
1,1,0.9199432
1,1,0.8963761
1,1,0.9210806
1,1,0.88115686
1,1,0.8336177
1,1,0.86019987
1,1,0.8292397
1,1,0.8252529
1,1,0.8857151
1,1,0.939692
1,1,0.96036613
1,1,0.968616
1,1,0.9689483
1,1,0.92409915
1,1,0.8559547
1,1,0.8021075
1,1,0.7117661
1,1,0.792498
1,1,0.8863048
1,1,0.8936321
1,1,0.85289174
1,1,0.7208166
1,1,0.5076822
1,0,0.3491985
1,0,0.3105979
1,0,0.490123
1,1,0.57866496
1,1,0.595853
1,1,0.6150261
1,1,0.65350425
1,1,0.6262903
1,1,0.6008819
1,1,0.51816106
1,0,0.4197339
1,0,0.4790288
1,1,0.5512932
1,1,0.73790145
0,0,0.20852892
0,0,0.13414472
0,0,0.05926266
0,0,0.026727088
0,0,0.017464891
0,0,0.008411164
0,0,0.004462144
0,0,0.0037209895
0,0,0.0034189452
0,0,0.00382038
0,0,0.009072027
0,0,0.01535412
0,0,0.011470921
0,0,0.011346166
0,0,0.006562552
0,0,0.0069508455
0,0,0.010435737
0,0,0.011504602
0,0,0.022490242
0,0,0.014923745
0,0,0.01796664
0,0,0.01314561
0,0,0.010332677
0,0,0.034081396
0,0,0.09066674
0,0,0.2216538
0,0,0.2395578
0,0,0.16900934
0,0,0.05696551
0,0,0.013367412
0,0,0.0066783917
0,0,0.0054129655
0,0,0.0032501812
0,0,0.0010898131
0,0,0.0004446382
0,0,0.0011094349
0,0,0.005455219
0,0,0.004124274
0,0,0.004699788
0,0,0.0026764711
0,0,0.0016277132
0,0,0.0012533141
0,0,0.0021920542
0,0,0.0058716983
0,0,0.011047623
0,0,0.0074429032
0,0,0.002722795
0,0,0.0005807628
0,0,0.00025642954
0,0,0.0001568709
0,0,0.0001717955
0,0,0.0001415507
0,0,0.00012467024
0,0,0.00011906513
0,0,0.00012109245
0,0,0.00012445751
0,0,0.0001384042
0,0,0.00016568325
0,0,0.00023530741
1,0,0.032235686
1,1,0.7112434
1,1,0.92618436
1,1,0.92169094
1,1,0.90613765
1,1,0.8161012
1,1,0.7810908
1,1,0.8050584
1,1,0.8310013
1,1,0.7585702
1,1,0.63908666
1,1,0.5989972
1,1,0.59886163
1,1,0.721178
1,1,0.81464154
1,1,0.883273
1,1,0.9265553
1,1,0.9148332
1,1,0.8970881
1,1,0.8937267
1,1,0.89353037
1,1,0.8972752
1,1,0.93535584
1,1,0.93385005
1,1,0.93494415
1,1,0.91994995
1,1,0.9205269
1,1,0.91436267
1,1,0.919201
1,1,0.90272576
1,1,0.87781554
1,1,0.9205559
1,1,0.9343406
1,1,0.92425686
1,1,0.9226183
1,1,0.87624437
1,1,0.8479969
1,1,0.82753
1,1,0.8333071
1,1,0.85098106
1,1,0.81417143
1,1,0.7926154
1,1,0.7695475
1,1,0.7765637
1,1,0.84484226
1,1,0.8731075
0,0,0.2894739
0,0,0.111186914
0,0,0.05206354
0,0,0.024471207
0,0,0.0587765
0,0,0.064104855
0,0,0.07097878
0,0,0.086328916
0,0,0.09552485
0,0,0.099240825
0,0,0.09409749
0,0,0.09925016
0,0,0.09023573
0,0,0.08063802
0,0,0.090452634
0,0,0.09746309
0,0,0.10505603
0,0,0.11496486
0,0,0.10448169
0,0,0.08339742
0,0,0.05403897
0,0,0.045304436
0,0,0.050526842
0,0,0.067621455
0,0,0.08388907
0,0,0.11391735
0,0,0.11236151
0,0,0.06783996
0,0,0.07186793
0,0,0.0884047
0,0,0.08786013
0,0,0.09671213
0,0,0.08742728
0,0,0.09037225
0,0,0.07030354
0,0,0.03263453
0,0,0.018619942
0,0,0.01039409
0,0,0.007779455
0,0,0.00898686
0,0,0.009846512
0,0,0.012013857
0,0,0.019635314
0,0,0.020281281
0,0,0.007556343
0,0,0.006199468
0,0,0.0054393318
0,0,0.005358061
0,0,0.010455496
0,0,0.02011959
0,0,0.017896783
0,0,0.01980121
0,0,0.020053087
0,0,0.015189262
0,0,0.009828704
0,0,0.0047214427
0,0,0.004040334
0,0,0.003139596
0,0,0.0031728877
0,0,0.0055554938
0,0,0.0036838918
0,0,0.0024809097
0,0,0.0020816517
0,0,0.001947115
0,0,0.002019383
0,0,0.0018972568
0,0,0.0020774791
0,0,0.0013506743
0,0,0.0012261012
0,0,0.0023631994
0,0,0.0038267989
0,0,0.003253229
0,0,0.005651145
0,0,0.010257688
0,0,0.0062661576
0,0,0.0033554235
0,0,0.0018002489
0,0,0.0019117484
0,0,0.004516987
0,0,0.015798805
0,0,0.026117437
0,0,0.04227187
0,0,0.020083165
0,0,0.017953299
0,0,0.019174594
0,0,0.01769604
0,0,0.009580824
0,0,0.014246154
0,0,0.035511483
0,0,0.05960475
0,0,0.092923276
0,0,0.10741389
0,0,0.11186376
0,0,0.111899465
0,0,0.09691343
0,0,0.082573324
0,0,0.069169216
0,0,0.045573372
0,0,0.027541224
0,0,0.024175119
0,0,0.026417267
0,0,0.044303466
0,0,0.07287334
0,0,0.08721652
0,0,0.11134176
0,0,0.13304856
0,0,0.13069665
0,0,0.10985755
0,0,0.10749935
0,0,0.12645602
0,0,0.13363567
0,0,0.14648847
0,0,0.12322856
0,0,0.108231105
0,0,0.2416591
0,0,0.12437984
0,0,0.025352713
0,0,0.0031045468
0,0,0.00066917733
0,0,0.00038543993
0,0,0.00032064688
0,0,0.00029940018
0,0,0.00027534924
0,0,0.00024497445
0,0,0.0002631392
0,0,0.00026224786
0,0,0.00030534953
0,0,0.0002733933
0,0,0.00021879375
0,0,0.00020943691
0,0,0.00019192972
0,0,0.00018746019
0,0,0.00020653017
0,0,0.00021153492
0,0,0.00022238857
0,0,0.000224941
0,0,0.00021389162
0,0,0.00043360773
0,0,0.0012044447
0,0,0.0025948687
0,0,0.007952569
0,0,0.008560844
0,0,0.0066898502
0,0,0.007426938
0,0,0.006395459
0,0,0.0061298367
0,0,0.0068478785
0,0,0.007114877
0,0,0.0050319275
0,0,0.005531426
0,0,0.0044155386
0,0,0.0033729689
0,0,0.0074136
0,0,0.0096316645
0,0,0.017775629
0,0,0.01889638
0,0,0.009439272
0,0,0.0056780623
0,0,0.004737005
0,0,0.0044154488
0,0,0.0038513516
0,0,0.0029675767
0,0,0.0027535
0,0,0.0029334368
0,0,0.003063542
0,0,0.0036512602
0,0,0.0017982724
0,0,0.0016145948
0,0,0.0012566564
0,0,0.0013382272
0,0,0.0018516013
0,0,0.004627926
0,0,0.011308742
0,0,0.035280127
0,0,0.017702613
0,0,0.00695838
0,0,0.00445363
0,0,0.0029569003
0,0,0.0022920857
0,0,0.002625872
0,0,0.0027480507
0,0,0.0017449121
0,0,0.0016194894
0,0,0.0016990799
0,0,0.001812575
0,0,0.0014817513
0,0,0.00096452376
0,0,0.0007541624
0,0,0.0006941031
0,0,0.00081670267
0,0,0.0013945504
0,0,0.002471077
0,0,0.004025956
0,0,0.0045494703
0,0,0.003084031
0,0,0.002498006
0,0,0.0019447857
0,0,0.0020593305
0,0,0.002691243
0,0,0.002759708
0,0,0.0018849866
0,0,0.0013633528
0,0,0.0014112507
0,0,0.0016362726
0,0,0.001710462
0,0,0.0023872708
0,0,0.0029454385
0,0,0.002902327
1,0,0.36180124
1,1,0.8275747
1,1,0.86625385
1,1,0.92598003
1,1,0.9388075
1,1,0.93531114
1,1,0.89580315
1,1,0.795044
1,1,0.674209
1,1,0.58711517
1,1,0.5780515
1,1,0.8380321
1,1,0.8058979
1,1,0.8454205
1,1,0.8577156
1,1,0.9282336
1,1,0.92541575
1,1,0.89011705
1,1,0.8861009
1,1,0.9639843
1,1,0.9417369
1,1,0.92043215
1,1,0.92115355
1,1,0.8725552
1,1,0.91341084
1,1,0.75222456
1,1,0.60369253
1,1,0.59352046
1,1,0.51282656
1,0,0.4576373
1,0,0.4192957
1,0,0.32368666
1,0,0.3532745
1,0,0.4148428
1,0,0.3453575
1,0,0.40013197
1,0,0.47812584
1,0,0.40380207
1,0,0.4447298
1,1,0.5116889
1,1,0.5262815
1,1,0.5630779
1,1,0.5951314
1,1,0.6745544
1,1,0.6755426
1,1,0.5421378
1,1,0.67270213
1,1,0.6173041
1,1,0.5539602
1,1,0.60298705
1,1,0.6108932
1,1,0.5868078
1,1,0.5606846
1,1,0.5437164
1,1,0.5923689
1,1,0.7051582
1,1,0.6606045
1,1,0.62362325
1,0,0.4772678
1,1,0.56659365
1,0,0.4281441
1,1,0.7060959
1,1,0.77026176
1,1,0.88293016
1,1,0.8885229
1,1,0.8307343
1,1,0.8444872
1,1,0.72536784
1,1,0.52649295
1,1,0.5720988
1,1,0.5195909
1,1,0.5030194
1,1,0.55096155
1,0,0.389428
1,0,0.26138183
1,0,0.1692186
1,0,0.09736095
1,0,0.12867722
1,0,0.211773
1,0,0.20569941
1,0,0.2817744
1,0,0.3787196
1,0,0.33126795
1,0,0.34843984
1,0,0.43515313
1,0,0.4169684
1,0,0.4357965
1,0,0.41842112
1,0,0.4779344
1,1,0.5520027
1,1,0.5179451
1,0,0.47365522
1,1,0.50833106
1,0,0.48797616
1,0,0.4497633
1,0,0.4130053
1,0,0.47333103
1,1,0.5786694
1,1,0.6278169
1,1,0.6080604
1,1,0.64250684
1,1,0.6879262
1,1,0.7218493
1,1,0.69526976
1,1,0.5550766
1,1,0.5181733
1,1,0.5130626
1,0,0.4999519
1,0,0.3339949
1,0,0.23721611
1,0,0.20076835
1,0,0.17241171
1,0,0.26634204
1,0,0.3264209
1,0,0.38076076
0,0,0.025165463
0,0,0.0046601505
0,0,0.00089280354
0,0,0.00031467938
0,0,0.00031590008
0,0,0.00030321095
0,0,0.00030155358
0,0,0.00033994703
0,0,0.00041041282
0,0,0.00046018767
0,0,0.00053636916
0,0,0.00057958654
0,0,0.00060905126
0,0,0.00082321704
0,0,0.00094818755
0,0,0.0011351065
0,0,0.0013404059
0,0,0.0009583096
0,0,0.0010106585
0,0,0.0016038723
0,0,0.0017186006
0,0,0.0013819535
0,0,0.00091526925
0,0,0.0006359357
0,0,0.0005510043
0,0,0.0005278617
0,0,0.00043620818
0,0,0.0004681049
0,0,0.0005339473
0,0,0.0006790568
0,0,0.0009856909
0,0,0.001268389
0,0,0.0010420841
0,0,0.0007082334
0,0,0.0006814301
0,0,0.0005792315
0,0,0.0005518758
0,0,0.0008618408
0,0,0.0008945832
0,0,0.0009643914
0,0,0.0010565565
0,0,0.0010013236
0,0,0.0009887372
0,0,0.0012250569
0,0,0.0013309548
0,0,0.0015822562
0,0,0.0011907128
0,0,0.00085771637
0,0,0.0008334328
0,0,0.0007179319
0,0,0.0005660256
0,0,0.00057968707
0,0,0.0008612247
0,0,0.001028618
0,0,0.0010860354
0,0,0.0016376185
0,0,0.0022816034
0,0,0.0029512078
0,0,0.0030080671
0,0,0.21008468
0,1,0.51007324
0,0,0.44278812
0,0,0.43929812
0,1,0.5312786
0,1,0.57764643
0,1,0.54651487
0,1,0.5104999
0,1,0.61056185
0,1,0.67930377
0,1,0.67774117
0,1,0.60021263
0,0,0.46860373
0,0,0.4519793
0,0,0.45144033
0,0,0.294585
0,0,0.21482173
0,0,0.094566
0,0,0.12786384
0,0,0.34195906
0,1,0.5013796
0,1,0.5138207
0,1,0.6020055
1,1,0.6492547
1,1,0.68536955
1,1,0.63737845
1,0,0.43233505
1,0,0.27392185
1,0,0.1019264
1,0,0.08948552
1,0,0.12756196
1,0,0.15904523
1,0,0.14191663
1,0,0.14430927
1,0,0.17066613
1,0,0.1501138
1,0,0.12079502
1,0,0.14304383
1,0,0.18433143
1,0,0.21966808
1,0,0.32500178
1,0,0.3352627
1,0,0.36112595
1,1,0.74847525
1,1,0.78883874
1,1,0.7327255
0,0,0.072260514
0,0,0.0070366063
0,0,0.0005847263
0,0,0.00026928497
0,0,0.00029577545
0,0,0.00029070413
0,0,0.00028602715
0,0,0.00030426963
0,0,0.0003064858
0,0,0.00034998887
0,0,0.00037099724
0,0,0.00035324946
0,0,0.0003322883
0,0,0.00028771904
0,0,0.000248596
0,0,0.0002260892
0,0,0.00021412443
0,0,0.00024459074
0,0,0.00025233175
0,0,0.0002717276
0,0,0.00027341337
0,0,0.00023898357
0,0,0.00021866696
0,0,0.00021609566
0,0,0.00022378773
0,0,0.00025869338
0,0,0.00033987936
0,0,0.00035635027
0,0,0.00037827587
0,0,0.00040560085
0,0,0.00041288193
0,0,0.0004992735
0,0,0.0005070261
0,0,0.00046419047
0,0,0.00046070231
0,0,0.00042791385
0,0,0.00040985295
0,0,0.00036512694
0,0,0.00041201396
0,0,0.0004690887
0,0,0.00048531126
0,0,0.00052207726
0,0,0.0005587651
0,0,0.0005293097
0,0,0.0005957341
0,0,0.0007211081
0,0,0.0006371937
0,0,0.0011093883
0,0,0.0014159286
0,0,0.0018200477
0,0,0.0013764526
0,0,0.0020487811
0,0,0.0019139488
0,0,0.0022156192
0,0,0.003593196
0,0,0.002387273
0,0,0.004950238
0,0,0.003251119
0,0,0.0030031293
0,0,0.0025873159
0,0,0.0018486673
0,0,0.0009516693
0,0,0.00073534617
0,0,0.00208847
0,0,0.050105944
0,0,0.02356518
0,0,0.022062011
0,0,0.012922358
0,0,0.0031838166
0,0,0.0017899069
0,0,0.001098886
0,0,0.00070582016
0,0,0.0010277828
0,0,0.0012715993
0,0,0.0010612366
0,0,0.000873624
0,0,0.00084425294
0,0,0.0010105304
0,0,0.0010914152
0,0,0.001261452
0,0,0.0015968159
0,0,0.0019404211
0,0,0.0020520263
0,0,0.0017598044
0,0,0.0017121482
0,0,0.0016079083
0,0,0.0011841141
0,0,0.00087603135
0,0,0.0006317033
0,0,0.00054443884
0,0,0.00062574167
0,0,0.0010444298
0,0,0.0014470222
0,0,0.0012398757
0,0,0.0007374257
0,0,0.0005288795
0,0,0.0005151495
0,0,0.0005272057
0,0,0.0006308472
0,0,0.0006687533
0,0,0.0005891091
0,0,0.0005502562
0,0,0.0004955993
0,0,0.00049203786
0,0,0.00043629433
0,0,0.00034560426
0,0,0.00033977488
0,0,0.00034701332
0,0,0.00036924673
0,0,0.00039448653
0,0,0.0003810706
0,0,0.0003749361
0,0,0.00042747086
0,0,0.000444295
0,1,0.59134936
0,0,0.107827954
0,0,0.0018761811
0,0,0.00012909289
0,0,5.503293e-05
0,0,5.87538e-05
0,0,6.920942e-05
0,0,7.8145895e-05
0,0,8.1076345e-05
0,0,9.199011e-05
0,0,8.3939114e-05
0,0,7.5224314e-05
0,0,8.5395026e-05
0,0,0.00011068366
0,0,0.00013697484
0,0,0.0001715089
0,0,0.00017115375
0,0,0.00010561714
0,0,8.836483e-05
0,0,7.5969714e-05
0,0,7.432042e-05
0,0,8.576013e-05
0,0,0.00011666253
0,0,0.00012471435
0,0,0.00011474787
0,0,9.427696e-05
0,0,0.000110085675
0,0,0.00010594496
0,0,0.00010751522
0,0,8.207766e-05
0,0,8.003526e-05
0,0,9.198617e-05
0,0,0.000115611794
0,0,9.929636e-05
0,0,0.00013070235
0,0,0.00011666454
0,0,8.4828986e-05
0,0,7.2313065e-05
0,0,6.520098e-05
0,0,6.569177e-05
0,0,9.93047e-05
0,0,8.704295e-05
0,0,0.00012518355
0,0,0.00013571748
0,0,9.8344244e-05
0,0,8.020333e-05
0,0,8.501558e-05
0,0,0.00010683346
0,0,0.00015824838
0,0,0.000109698376
0,0,0.00011445216
0,0,0.00011139148
0,0,0.00010766018
0,0,8.688273e-05
0,0,0.000101011974
0,0,9.617979e-05
0,0,9.059569e-05
0,0,7.1786024e-05
0,0,7.723643e-05
0,0,8.127978e-05
0,0,9.091104e-05
0,0,6.975333e-05
0,0,6.8550486e-05
0,0,6.970486e-05
0,0,6.7001776e-05
0,0,6.545284e-05
0,0,7.850299e-05
0,0,8.623906e-05
0,0,9.357424e-05
0,0,8.170564e-05
0,0,9.5303156e-05
0,0,9.537934e-05
0,0,8.177626e-05
0,0,6.910522e-05
0,0,6.745586e-05
0,0,6.504355e-05
0,0,7.2598436e-05
0,0,7.294068e-05
0,0,7.243716e-05
0,0,8.451668e-05
0,0,8.71088e-05
0,0,6.845014e-05
0,0,7.096328e-05
0,0,6.434113e-05
0,0,6.04111e-05
0,0,6.3897714e-05
0,0,7.133421e-05
0,0,0.00011137364
0,0,0.00017794438
0,0,0.00017058285
0,0,0.00017746148
0,0,0.00014110356
0,0,9.6454234e-05
0,0,6.59888e-05
0,0,0.0025799456
0,0,0.20377854
0,1,0.84541947
0,1,0.95222545
0,1,0.98160845
0,1,0.9872328
0,1,0.9894896
0,1,0.9865415
0,1,0.9812377
0,1,0.9802823
0,1,0.98477256
0,1,0.98711604
0,1,0.98874855
0,1,0.98403406
0,1,0.98287934
0,1,0.98527074
0,1,0.9752932
0,1,0.9613354
0,1,0.94642854
0,1,0.9173735
0,1,0.8576231
0,1,0.70160496
0,1,0.7173997
0,1,0.8433178
0,1,0.94231373
0,1,0.9611046
0,1,0.96365976
0,1,0.98492485
0,1,0.9919031
0,1,0.9923815
0,1,0.99205434
0,1,0.98631555
0,1,0.9351886
0,1,0.91939723
0,1,0.9352956
0,1,0.933825
0,1,0.96965474
0,1,0.967887
0,1,0.9231318
0,1,0.9259081
0,1,0.9523655
0,1,0.9414945
0,1,0.9639853
0,1,0.9439155
0,1,0.9602018
0,1,0.9720862
0,1,0.9551371
0,1,0.95939356
0,1,0.95287126
0,1,0.95882297
0,1,0.95406675
0,1,0.9449504
0,1,0.9411884
0,1,0.96067256
0,1,0.969494
0,1,0.9780832
0,1,0.9895942
0,1,0.99027425
0,1,0.9869624
0,1,0.9867186
0,1,0.9806435
0,1,0.97467256
0,1,0.975764
0,1,0.97715104
0,1,0.974661
0,1,0.9702729
0,1,0.9262577
0,1,0.84249574
0,1,0.8834237
0,1,0.92428243
0,1,0.93026644
0,1,0.92401403
0,1,0.93773556
0,1,0.92727107
0,1,0.96411484
0,1,0.98205125
0,1,0.9826366
0,1,0.9812936
0,1,0.9712445
0,1,0.9659772
0,1,0.954208
0,1,0.9588539
0,1,0.983594
0,1,0.9865514
0,1,0.98571825
0,1,0.98326886
0,1,0.9725533
0,1,0.9468759
0,1,0.89477825
0,1,0.89038855
0,1,0.87743586
0,1,0.78235644
0,1,0.9195349
0,1,0.9368751
0,1,0.90206665
0,1,0.90330315
0,1,0.88814014
0,1,0.8867901
0,1,0.9097183
0,1,0.93321985
0,1,0.95275253
0,1,0.9629267
0,1,0.9482867
0,1,0.95972776
0,1,0.8855398
0,1,0.83390427
0,1,0.9073477
0,1,0.9411999
0,1,0.9342146
0,1,0.91733795
0,1,0.93062705
0,1,0.96112925
0,1,0.9551004
0,1,0.8640194
0,1,0.8811617
0,0,0.15547077
0,0,0.007298265
0,0,0.0015544388
0,0,0.0010770834
0,0,0.0012154662
0,0,0.0020392877
0,0,0.0032868627
0,0,0.0042392435
0,0,0.005390851
0,0,0.005352143
0,0,0.006793316
0,0,0.008822655
0,0,0.0030818062
0,0,0.002788754
0,0,0.0020704828
0,0,0.0015172694
0,0,0.0014388217
0,0,0.0014879848
0,0,0.0012091001
0,0,0.0020390674
0,0,0.0018541755
0,0,0.0012008271
0,0,0.0013028672
0,0,0.0010828617
0,0,0.0014430047
0,0,0.0014603664
0,0,0.0020257218
0,0,0.00177373
0,0,0.0018551366
0,0,0.0010664043
0,0,0.0009948569
0,0,0.0012096842
0,0,0.001764857
0,0,0.0022167377
0,0,0.0030105968
0,0,0.0025227459
0,0,0.0026304026
0,0,0.003576117
0,0,0.0026008948
0,0,0.002698565
0,0,0.0035547446
0,0,0.003090785
0,0,0.0027272992
0,0,0.0026583388
0,0,0.0021960728
0,0,0.0012554983
0,0,0.0016091611
0,0,0.0014126813
0,0,0.0014709786
0,0,0.0016590758
0,0,0.002293816
0,0,0.00232502
0,0,0.0012771593
0,0,0.0014841331
0,0,0.0013247484
0,0,0.0015733676
0,0,0.0011323727
0,0,0.0016311683
0,0,0.0017128608
0,0,0.11346771
0,1,0.81758964
0,1,0.9749239
0,1,0.9750133
0,1,0.9355141
0,1,0.8918131
0,1,0.8966994
0,1,0.83935356
0,1,0.82197475
0,1,0.87812907
0,1,0.8957089
0,1,0.89682055
0,1,0.8611274
0,1,0.80043226
0,1,0.8797472
0,1,0.8300229
0,1,0.747954
0,1,0.73244876
0,1,0.6612365
0,1,0.69066197
0,1,0.61246794
0,1,0.5811297
0,1,0.7954482
0,1,0.8309802
0,1,0.9030288
0,1,0.9162137
0,1,0.9539681
0,1,0.9688626
0,1,0.9781205
0,1,0.98156
0,1,0.9839797
0,1,0.9858305
0,1,0.98378766
0,1,0.9799193
0,1,0.9692397
0,1,0.9666408
0,1,0.9718174
0,1,0.9681363
0,1,0.96264714
0,1,0.9608344
0,1,0.9627805
0,1,0.97013557
0,1,0.95427
0,1,0.9034858
0,1,0.8694736
0,1,0.8177797
0,0,0.13072968
0,0,0.012531154
0,0,0.001290295
0,0,0.00017262291
0,0,0.00013374061
0,0,0.00013876139
0,0,0.00015261432
0,0,0.00015077803
0,0,0.00012789851
0,0,0.000117552874
0,0,9.881633e-05
0,0,9.2388356e-05
0,0,0.000102153834
0,0,9.9631165e-05
0,0,0.00010084912
0,0,0.0001009229
0,0,9.1528986e-05
0,0,8.522752e-05
0,0,8.936961e-05
0,0,9.514834e-05
0,0,9.1711765e-05
0,0,8.5940315e-05
0,0,9.436143e-05
0,0,0.00010808253
0,0,0.00012036168
0,0,0.000104519655
0,0,0.00010652146
0,0,9.654073e-05
0,0,0.00010626125
0,0,0.00011099006
0,0,9.263872e-05
0,0,9.5981435e-05
0,0,8.163064e-05
0,0,8.124181e-05
0,0,7.8956306e-05
0,0,7.541954e-05
0,0,8.4734806e-05
0,0,9.015823e-05
0,0,0.000101216865
0,0,0.000104535204
0,0,8.960061e-05
0,0,7.825023e-05
0,0,7.72939e-05
0,0,7.182607e-05
0,0,6.810923e-05
0,0,7.2344934e-05
0,0,6.0969483e-05
0,0,6.58008e-05
0,0,6.792022e-05
0,0,6.928986e-05
0,0,8.739467e-05
0,0,9.6995274e-05
0,0,0.00012845681
0,0,0.00013060492
0,0,0.00012532175
0,0,0.00012869514
0,0,9.8636134e-05
0,0,0.00011231815
0,0,0.0001528256
0,0,0.00017803653
0,0,0.00025314649
0,0,0.00026349194
0,0,0.00028578046
0,0,0.00027868382
0,0,0.00026806287
0,0,0.00024298506
0,0,0.0002576834
0,0,0.00026062113
0,0,0.00020253478
0,0,0.00026318413
0,0,0.00041660227
0,0,0.00038607023
0,0,0.00048978004
0,0,0.00046597287
0,0,0.0004184698
0,0,0.00029949468
0,0,0.00021475377
0,0,0.00018091332
0,0,0.00015127617
0,0,0.00010758669
0,0,0.0001019345
0,0,0.00011550866
0,0,0.00015707429
0,0,0.00019141068
0,0,0.00016200116
0,0,0.00019660399
0,0,0.00022352758
0,0,0.0002496097
0,0,0.0002451006
0,0,0.00022727424
0,0,0.00021408361
0,0,0.00023703335
0,0,0.00025006896
0,0,0.00026629577
0,0,0.0002741437
0,0,0.0002463101
0,0,0.00025925192
0,0,0.00028553046
0,0,0.00026573983
0,0,0.0003312638
0,0,0.00031175272
0,0,0.00027633857
0,0,0.000277712
0,0,0.00022443992
0,0,0.00022990072
0,0,0.00017681962
0,0,0.00015663936
0,0,0.00015178954
0,0,0.00013890673
0,0,0.00015944845
0,0,0.0001577377
0,0,0.00013860018
0,0,0.00014884131
0,0,0.00016008494
0,0,0.0010218844
0,0,0.000770794
0,0,0.00048551342
0,0,0.0003162354
0,0,0.00032486764
0,0,0.00046050033
0,0,0.00049094704
0,0,0.00043349984
0,0,0.00058796816
0,0,0.0005934448
0,0,0.00052705297
0,0,0.0005207428
0,0,0.00045004222
0,0,0.00043577034
0,0,0.00050808897
0,0,0.0007906116
0,0,0.0008692697
0,0,0.0007422181
0,0,0.00074479164
0,0,0.0007592993
0,0,0.001114098
0,0,0.0023648525
0,0,0.0027683119
0,0,0.0008676899
0,0,0.00033872618
0,0,0.00041962482
0,0,0.0006981485
0,0,0.00029272662
0,0,0.000115915806
0,0,0.00022631674
0,0,0.00024679786
0,0,0.0002287458
0,0,0.00011206268
0,0,0.00010721637
0,0,0.00013783143
0,0,0.0002131144
0,0,0.00016852174
0,0,0.00015041501
0,0,0.0001837814
0,0,0.00023182895
0,0,0.00023472412
0,0,0.0002584851
0,0,0.00028091986
0,0,0.00015907714
0,0,0.00015647843
0,0,0.00024978278
0,0,0.00044455193
0,0,0.00043561397
0,0,0.00025264831
0,0,0.00018040415
0,0,0.0003479359
0,0,0.00042807698
0,0,0.00027636965
0,0,0.00012113958
0,0,0.00013050695
0,0,0.00016574297
0,0,0.0002476599
0,0,0.00017326784
0,0,0.00012633487
0,0,0.00016475537
0,0,0.00038449562
0,0,0.0005175581
0,0,0.00021624778
0,0,0.00020776321
0,0,0.00032483853
0,0,0.00040099394
0,0,0.0003050286
0,0,0.00019216503
0,0,0.0003218278
0,0,0.00038080514
0,0,0.00019108465
0,0,0.00014229637
0,0,0.00014620776
0,0,0.00034368903
0,0,0.00043588332
0,0,0.00041150293
0,0,0.0003921771
0,0,0.00026777395
0,0,0.00016656113
0,0,8.874602e-05
0,0,0.00014835701
0,0,0.00029971177
0,0,0.0002711262
0,0,0.0002240307
0,0,0.00019372861
0,0,0.00013402416
0,0,0.000112768554
0,0,0.000103839266
0,0,0.00011726167
0,0,0.00019190849
0,0,0.00022473455
0,0,0.00013710615
0,0,0.00017099845
0,0,0.0004690999
1,0,0.035473388
1,1,0.54358745
1,1,0.771904
1,1,0.62764657
1,1,0.53311664
1,0,0.38167506
1,0,0.3519173
1,0,0.21835417
1,0,0.14130473
1,0,0.16446938
1,0,0.16132249
1,0,0.21560535
1,0,0.19930838
1,0,0.13406877
1,0,0.12894852
1,0,0.14341205
1,0,0.22981293
1,0,0.3940939
1,0,0.26595694
1,0,0.21686198
1,0,0.2187005
1,0,0.35711965
1,0,0.35177368
1,0,0.25452828
1,0,0.3620752
1,0,0.46434155
1,0,0.47740108
1,1,0.59829646
1,1,0.5102774
1,0,0.3127594
1,0,0.23168065
1,0,0.21332024
1,0,0.18271373
1,0,0.13258997
1,0,0.24658161
1,1,0.5213334
1,0,0.33764407
1,0,0.16723484
1,0,0.19814308
1,0,0.36178663
1,0,0.47995177
1,0,0.46539938
1,0,0.3624067
1,0,0.15544792
1,0,0.14064941
1,0,0.19427234
1,0,0.42379352
1,1,0.763077
1,1,0.7887757
1,1,0.7717183
1,1,0.67590445
1,1,0.6031978
1,1,0.53367555
1,0,0.4636034
1,0,0.46957362
1,1,0.5273932
1,0,0.32647425
1,0,0.21145146
1,0,0.26865616
1,0,0.47056982
1,1,0.5133295
1,1,0.5387332
1,1,0.6649918
1,1,0.66261166
1,0,0.3784674
1,0,0.2716923
1,1,0.53912735
1,1,0.7899492
1,1,0.8122288
0,1,0.5589051
0,1,0.5805409
0,1,0.53618467
0,0,0.34748787
0,0,0.223575
0,0,0.15594052
0,0,0.11353468
0,0,0.09692186
0,0,0.086779706
0,0,0.0643218
0,0,0.07633681
0,0,0.094407514
0,0,0.092551485
0,0,0.12606877
0,0,0.21121955
0,0,0.13507669
0,0,0.08127567
0,0,0.045937568
0,0,0.029935757
0,0,0.031082867
0,0,0.03865194
0,0,0.061795957
0,0,0.07542934
0,0,0.16149111
0,0,0.20755278
0,0,0.17132083
0,0,0.2131876
0,0,0.37826663
0,0,0.41551232
0,0,0.4700342
0,0,0.48732108
0,0,0.4303691
0,0,0.35243803
0,0,0.27973023
0,0,0.28841442
0,0,0.24458653
0,0,0.16129787
0,0,0.12720093
0,0,0.110211775
0,0,0.12238908
0,0,0.13249616
0,0,0.14125235
0,0,0.124037035
0,0,0.098247
0,0,0.09761015
0,0,0.12878162
0,0,0.028864862
0,0,0.007814751
0,0,0.0025039136
0,0,0.0012585621
0,0,0.00050915603
0,0,0.0008864305
0,0,0.00088168465
0,0,0.0006069541
0,0,0.0008224361
0,0,0.0010461794
0,0,0.0009233565
0,0,0.00079544605
0,0,0.00065709325
0,0,0.0007113605
0,0,0.0007831914
0,0,0.0007313953
0,0,0.0006354943
0,0,0.0006936342
0,0,0.0006528978
0,0,0.0006084879
0,0,0.0007793847
0,0,0.0010509052
0,0,0.0013318763
0,0,0.0014740988
0,0,0.0014357654
0,0,0.0017976698
0,0,0.001728927
0,0,0.0012075762
0,0,0.0010840084
0,0,0.0010891551
0,0,0.0016541114
0,0,0.0026966392
0,0,0.0052645667
0,0,0.005524526
0,0,0.0029972957
0,0,0.0025532965
0,0,0.0026776243
0,0,0.0030571583
0,0,0.003619401
0,0,0.0019022459
0,0,0.0017909316
0,0,0.0013219626
0,0,0.00078677887
0,0,0.00096577714
0,0,0.0017193927
0,0,0.0023490924
0,0,0.0019645747
0,0,0.0010787186
0,0,0.00061886763
0,0,0.0005441165
0,0,0.00079835946
0,0,0.0015544537
0,0,0.0028113236
0,0,0.0048901923
0,0,0.0053082285
0,0,0.0030684916
0,0,0.003522889
0,0,0.0014571651
0,0,0.00039068674
1,0,0.038124386
1,0,0.1961794
1,0,0.23175886
1,0,0.20717381
1,0,0.18721123
1,0,0.1781668
1,0,0.25398076
1,0,0.47529852
1,0,0.3997607
1,0,0.2701098
1,0,0.19439071
1,0,0.15496303
1,0,0.14045528
1,0,0.14875293
1,0,0.19315135
1,0,0.19983655
1,0,0.15761876
1,0,0.14653727
1,0,0.29403
1,1,0.57824343
1,1,0.6805061
1,1,0.68906623
1,1,0.8894888
1,1,0.86677045
1,1,0.7825045
1,1,0.7894698
1,1,0.5122932
1,0,0.13484822
1,0,0.12799071
1,0,0.23077503
1,0,0.17549473
1,0,0.17284384
1,0,0.19069774
1,0,0.26581722
1,0,0.34777755
1,0,0.3634298
1,0,0.26536852
1,0,0.20740056
1,0,0.2870512
1,1,0.5473841
1,1,0.5340395
1,1,0.62544656
1,1,0.6638654
1,0,0.3962819
1,0,0.41660127
1,1,0.5500299
0,0,0.1706139
0,0,0.05059625
0,0,0.010838404
0,0,0.0027347824
0,0,0.00043031786
0,0,0.0003554876
0,0,0.00024958875
0,0,0.0002601232
0,0,0.0002566125
0,0,0.00029230464
0,0,0.0004127308
0,0,0.00054510834
0,0,0.0006148856
0,0,0.0007670498
0,0,0.0006695409
0,0,0.00050047657
0,0,0.0005600207
0,0,0.00062218134
0,0,0.0007360746
0,0,0.00083149096
0,0,0.0007223571
0,0,0.0007379734
0,0,0.00093890034
0,0,0.00070729177
0,0,0.0006188682
0,0,0.00045473967
0,0,0.00028959126
0,0,0.0002140528
0,0,0.0001609075
0,0,0.0001654474
0,0,0.00022823582
0,0,0.00023052037
0,0,0.00028467612
0,0,0.00033820167
0,0,0.00035896737
0,0,0.0003241567
0,0,0.0002886466
0,0,0.00024558738
0,0,0.00026192272
0,0,0.00020373952
0,0,0.00021379068
0,0,0.00017148077
0,0,0.00016337073
0,0,0.0002236862
0,0,0.0003360273
0,0,0.00048677577
0,0,0.0006919618
0,0,0.00061674666
0,0,0.0008210697
0,0,0.0009956848
0,0,0.0006841932
0,0,0.0003696539
0,0,0.00033074094
0,0,0.0002721468
0,0,0.00018241288
0,0,0.00022547157
0,0,0.00017083646
0,0,0.00012576564
0,0,0.0001300797
0,0,0.0001353485
0,0,0.00016318049
0,0,0.00015727124
0,0,0.00013475637
0,0,0.00013737296
0,0,0.00011156879
0,0,8.7834225e-05
0,0,8.78086e-05
0,0,8.0450205e-05
0,0,8.659967e-05
0,0,0.00018457853
0,0,0.00044604298
0,0,0.0007065588
0,0,0.0008371007
0,0,0.0005873784
0,0,0.00043651435
0,0,0.0003592472
0,0,0.00042663203
0,0,0.00045512518
0,0,0.00041675524
0,0,0.00047746688
0,0,0.000501455
0,0,0.0004329755
0,0,0.00041973888
0,0,0.00044163523
0,0,0.00037062325
0,0,0.0003475566
0,0,0.00043587855
0,0,0.00055288034
0,0,0.0012927644
0,0,0.0035456677
0,0,0.0013318724
0,0,0.00043445712
0,0,0.0002349216
0,0,0.00017273339
0,0,0.00031179196
0,0,0.0005200985
0,0,0.001216497
0,0,0.002360002
0,0,0.0012177525
0,0,0.0004485791
0,0,0.00022524211
0,0,0.000121819314
0,0,0.00020849092
0,0,0.0006205231
0,0,0.0007872356
0,0,0.0013312484
0,0,0.001463712
0,0,0.0012042704
0,0,0.0008935813
0,0,0.000646316
0,0,0.0006044901
0,0,0.00056192634
0,0,0.00065776374
0,0,0.0010048375
0,0,0.25454652
0,0,0.13843107
0,0,0.059619784
0,0,0.038760208
0,0,0.037574314
0,0,0.02543714
0,0,0.020067815
0,0,0.028382516
0,0,0.029712074
0,0,0.036935873
0,0,0.062373996
0,0,0.07322814
0,0,0.10747169
0,0,0.3441638
0,1,0.6289632
0,1,0.50212306
0,0,0.3260262
0,0,0.10020889
0,0,0.12572505
0,0,0.15925488
0,0,0.13203949
0,0,0.10024359
0,0,0.14291471
0,0,0.4703125
0,0,0.366687
0,0,0.07062069
0,0,0.063181855
0,0,0.04195522
0,0,0.06742585
0,0,0.06755637
0,0,0.033215612
0,0,0.045019593
0,0,0.056269813
0,0,0.0541697
0,0,0.030681388
0,0,0.028968865
0,0,0.022294354
0,0,0.020609805
0,0,0.024097176
0,0,0.030548617
0,0,0.035561617
0,0,0.021641355
0,0,0.022357354
0,0,0.042654824
0,0,0.04989953
0,0,0.049762964
0,0,0.0558891
0,0,0.021765998
0,0,0.014090213
0,0,0.0116613945
0,0,0.007526429
0,0,0.01402479
0,0,0.017706951
0,0,0.014265243
0,0,0.019512683
0,0,0.019063415
0,0,0.019692997
0,0,0.01507614
0,0,0.013400778
0,0,0.01130637
0,0,0.0088021755
0,0,0.00951726
0,0,0.029046392
0,0,0.051669013
0,0,0.056927536
0,0,0.054220468
0,0,0.019659607
0,0,0.026584802
0,0,0.023744114
0,0,0.018523073
0,0,0.032532472
0,0,0.039559063
0,0,0.02372839
0,0,0.02271709
0,0,0.017606055
0,0,0.02250342
0,0,0.020399116
0,0,0.014912239
0,0,0.020701384
0,0,0.027924135
0,0,0.015110895
0,0,0.014592683
0,0,0.010229586
0,0,0.013904891
0,0,0.016935335
0,0,0.013640614
0,0,0.02081992
0,0,0.023786323
0,0,0.011940749
0,0,0.010799278
0,0,0.0117451325
0,0,0.021583071
0,0,0.030058416
0,0,0.025674315
1,1,0.8304558
1,1,0.9758217
1,1,0.9905071
1,1,0.9922167
1,1,0.9876145
1,1,0.9855225
1,1,0.97039896
1,1,0.9117378
1,1,0.80658305
1,1,0.81325173
1,1,0.91400915
1,1,0.95348877
1,1,0.9693637
1,1,0.97856015
1,1,0.9853336
1,1,0.98576516
1,1,0.9882554
1,1,0.99185175
1,1,0.9918281
1,1,0.9922166
1,1,0.9894853
1,1,0.9851422
1,1,0.98744893
1,1,0.9835881
1,1,0.98724675
1,1,0.9872175
1,1,0.9826454
1,1,0.98037887
1,1,0.9905256
1,1,0.98338014
1,1,0.98098034
1,1,0.9909373
1,1,0.99046093
1,1,0.9852224
1,1,0.9714245
1,1,0.96344405
1,1,0.9717155
1,1,0.978704
1,1,0.980817
1,1,0.9748446
1,1,0.9736183
1,1,0.9851128
1,1,0.98301744
1,1,0.98941165
1,1,0.9877065
1,1,0.98354614
1,1,0.9710698
1,1,0.9417263
1,1,0.86528057
1,1,0.8840909
1,1,0.9451977
1,1,0.98303944
1,1,0.98279727
1,1,0.9591661
1,1,0.90602225
1,1,0.8828559
1,1,0.9252352
1,1,0.95855325
1,1,0.96989506
1,1,0.9708999
1,1,0.9590338
1,1,0.95875275
1,1,0.97449976
1,1,0.9729735
1,1,0.9800331
1,1,0.9774968
1,1,0.96601146
1,1,0.9745018
1,1,0.974596
0,1,0.957243
0,1,0.96838343
0,1,0.95994216
0,1,0.87117565
0,1,0.8163617
0,1,0.84497607
0,1,0.89251983
0,1,0.9337469
0,1,0.96185625
0,1,0.96336913
0,1,0.9159864
0,1,0.7843409
0,1,0.7056081
0,1,0.5566526
0,1,0.6182172
0,1,0.655707
0,1,0.69490856
0,1,0.84039897
0,1,0.91112506
0,1,0.8628573
0,1,0.73771554
0,1,0.65625536
0,1,0.73931813
0,1,0.6820155
0,1,0.79733753
0,1,0.91624993
0,1,0.90786105
0,1,0.86337656
0,1,0.84815246
0,1,0.83670163
0,1,0.85344386
0,1,0.88859135
0,1,0.90595376
0,1,0.8599206
0,1,0.8335178
0,1,0.7796621
0,1,0.73377883
0,1,0.7698119
0,1,0.7654588
0,1,0.76118404
0,1,0.7970519
0,1,0.7920417
0,1,0.74750906
0,1,0.6285094
0,1,0.6684365
0,1,0.69596905
0,0,0.3186399
0,0,0.15543129
0,0,0.17679507
0,0,0.24124128
0,0,0.15065624
0,0,0.042675674
0,0,0.019313015
0,0,0.012960367
0,0,0.007238956
0,0,0.010405987
0,0,0.010352463
0,0,0.024522165
0,0,0.053661708
0,0,0.057310693
0,0,0.09587637
0,0,0.034682937
0,0,0.0108758835
0,0,0.009839524
0,0,0.010028136
0,0,0.02186102
0,0,0.04279705
0,0,0.04222663
0,0,0.043342307
0,0,0.049999617
0,0,0.062743746
0,0,0.13388859
0,0,0.18642442
0,0,0.12022881
0,0,0.0346869
0,0,0.0059733214
0,0,0.0036593112
0,0,0.005511808
0,0,0.008128732
0,0,0.013090485
0,0,0.04508032
0,0,0.048723593
0,0,0.058115646
0,0,0.058951143
0,0,0.08199211
0,0,0.0808317
0,0,0.056699052
0,0,0.09419952
0,0,0.2284644
0,0,0.1402516
0,0,0.058968395
0,0,0.023270885
0,0,0.009510242
0,0,0.008812142
0,0,0.018047372
0,0,0.023915652
0,0,0.033877175
0,0,0.048561107
0,0,0.04825544
0,0,0.03551102
0,0,0.038048174
0,0,0.047021225
0,0,0.06835725
0,0,0.10026034
0,0,0.09915169
1,1,0.94403464
1,1,0.9192971
1,1,0.9132724
1,1,0.93449277
1,1,0.9691001
1,1,0.9857562
1,1,0.9852331
1,1,0.97507805
1,1,0.9796901
1,1,0.97747266
1,1,0.9839954
1,1,0.98971623
1,1,0.988461
1,1,0.98269707
1,1,0.96413136
1,1,0.9603304
1,1,0.977266
1,1,0.9838022
1,1,0.9752679
1,1,0.9703817
1,1,0.9573841
1,1,0.9583482
1,1,0.96436965
1,1,0.96236914
1,1,0.9613597
1,1,0.9639192
1,1,0.9762832
1,1,0.9583588
1,1,0.9636687
1,1,0.973712
1,1,0.97342694
1,1,0.95672435
1,1,0.9625383
1,1,0.96896076
1,1,0.9719149
1,1,0.9808529
1,1,0.9851424
1,1,0.96679574
1,1,0.8728423
1,1,0.80241656
1,1,0.83303887
1,1,0.9102075
1,1,0.9417539
1,1,0.947025
1,1,0.95187944
1,1,0.94627565
0,1,0.69906133
0,0,0.43998617
0,0,0.316701
0,0,0.0841036
0,0,0.068544045
0,0,0.0653733
0,0,0.08373466
0,0,0.072334714
0,0,0.052807152
0,0,0.038564954
0,0,0.040330306
0,0,0.053158868
0,0,0.064727776
0,0,0.050102558
0,0,0.02876092
0,0,0.020645548
0,0,0.024616612
0,0,0.057109453
0,0,0.21566795
0,0,0.43649152
0,0,0.32622442
0,0,0.21323122
0,0,0.18811163
0,0,0.13289551
0,0,0.09634835
0,0,0.12650132
0,0,0.11598315
0,0,0.13753714
0,0,0.16978633
0,0,0.23472394
0,0,0.30176583
0,0,0.22768827
0,0,0.17243218
0,0,0.15173613
0,0,0.10767346
0,0,0.11691674
0,0,0.1702793
0,0,0.17260073
0,0,0.12195844
0,0,0.08286461
0,0,0.04674034
0,0,0.0328495
0,0,0.02673771
0,0,0.021026516
0,0,0.022570984
0,0,0.03351681
0,0,0.047875788
0,0,0.05845213
0,0,0.1054764
0,0,0.19335346
0,0,0.20320229
0,0,0.25893936
0,0,0.33621266
0,0,0.39321408
0,0,0.37740266
0,0,0.29116875
0,0,0.23134051
0,0,0.18691003
0,0,0.20632717
0,0,0.26286831
0,0,0.38505957
0,0,0.4321397
0,0,0.3849081
0,0,0.33399734
0,0,0.25678754
0,0,0.2643529
0,0,0.2154448
0,0,0.19062227
0,0,0.17890494
0,0,0.14829266
0,0,0.09291528
0,0,0.056860704
0,0,0.050134126
0,0,0.066695996
0,0,0.18430799
0,0,0.2732396
0,0,0.26665023
0,0,0.11688178
0,0,0.07185308
0,0,0.07224805
0,0,0.053299632
0,0,0.24272081
0,0,0.26835972
0,0,0.1549681
0,0,0.10343536
0,0,0.07276951
0,0,0.09120036
0,0,0.08940013
0,0,0.06734087
0,0,0.07413309
0,0,0.04423385
0,0,0.053147987
0,0,0.087332055
0,0,0.079276204
0,0,0.06292261
0,0,0.083900005
0,0,0.10358173
0,0,0.058181897
0,0,0.02371761
0,0,0.016695097
0,0,0.019821605
0,0,0.03324044
0,0,0.074107245
0,0,0.13222426
0,0,0.15241282
0,0,0.13783027
0,0,0.17111813
0,0,0.14668697
0,0,0.08600748
0,0,0.047153465
0,0,0.045822557
0,0,0.04286467
0,0,0.0519745
0,0,0.0674048
0,1,0.97633386
0,1,0.9453154
0,1,0.83261204
0,0,0.490977
0,0,0.36065105
0,0,0.29333106
0,0,0.21289901
0,0,0.11867637
0,0,0.12737443
0,0,0.15938008
0,0,0.2213405
0,0,0.47178504
0,0,0.47593927
0,0,0.28624135
0,0,0.22380255
0,0,0.24327946
0,0,0.1391787
0,0,0.10415556
0,0,0.109624274
0,0,0.12282073
0,0,0.23742527
0,0,0.40289
0,1,0.6531556
0,1,0.7136492
0,1,0.54281944
0,0,0.4054584
0,0,0.26698455
0,0,0.44054505
0,1,0.6544127
0,1,0.5215689
0,0,0.32450283
0,0,0.2382478
0,0,0.3783895
0,1,0.6276841
0,0,0.4101447
0,0,0.19887087
0,0,0.20265728
0,1,0.50972384
0,1,0.55824965
0,0,0.4531569
0,0,0.33214185
0,0,0.30599186
0,0,0.49674568
0,1,0.59745085
0,0,0.37375215
0,0,0.24798329
0,0,0.3559196
0,1,0.5835515
0,0,0.48024186
0,0,0.13278307
0,0,0.039034482
0,0,0.054652687
0,0,0.22133902
0,0,0.40966168
0,0,0.35667777
0,0,0.19844803
0,0,0.16233957
0,0,0.1833987
0,0,0.17110907
0,0,0.116166696
0,0,0.08765348
0,0,0.19361626
0,0,0.4564314
0,0,0.28999373
0,0,0.10873095
0,0,0.044116553
0,0,0.03438816
0,0,0.07068275
0,0,0.14183496
0,0,0.19484808
0,0,0.29730174
0,0,0.34607226
0,0,0.16218726
0,0,0.08201561
0,0,0.08723896
0,0,0.13636105
0,0,0.20642811
0,0,0.29028884
0,0,0.28394967
0,0,0.14442268
0,0,0.057780612
0,0,0.05161458
0,0,0.044373687
0,0,0.08840827
0,1,0.5146153
0,1,0.7240307
0,1,0.5434488
0,0,0.28882384
0,0,0.10513707
0,0,0.05600775
0,0,0.054836765
0,0,0.10561849
0,0,0.2557221
0,0,0.38768548
1,1,0.67597526
1,1,0.7240794
1,1,0.5300538
1,0,0.3050515
1,0,0.18635786
1,0,0.20556088
1,0,0.34327373
1,0,0.4906606
1,1,0.522526
1,0,0.40117583
1,0,0.27022526
1,0,0.19074725
1,0,0.15954591
1,0,0.17219429
1,0,0.22527504
1,0,0.22435528
1,0,0.19954574
1,0,0.22268702
1,0,0.23377869
1,0,0.2895791
1,0,0.36534467
1,0,0.3450858
1,0,0.3587872
1,1,0.6528687
1,1,0.75564754
1,1,0.8165026
1,1,0.8664865
1,1,0.8361563
1,1,0.8043097
1,1,0.78903186
1,1,0.8145736
1,1,0.87034345
1,1,0.8567945
1,1,0.8513381
1,1,0.7734016
1,1,0.56891865
1,1,0.66825867
1,1,0.7161641
1,1,0.65256417
1,1,0.7116929
1,1,0.7655349
1,1,0.9243142
1,1,0.9054667
1,1,0.78020704
1,1,0.74108595
1,1,0.6876897
1,1,0.7471627
1,1,0.74438125
1,1,0.8177631
1,1,0.87175125
1,1,0.79282725
1,1,0.7220301
1,1,0.7400672
1,1,0.7945574
1,1,0.8353806
1,1,0.8753359
1,1,0.91882193
1,1,0.92869896
1,1,0.93065155
1,1,0.91660696
1,1,0.8939908
1,1,0.900848
1,1,0.92338943
1,1,0.9303398
1,1,0.92318887
1,1,0.90849274
1,1,0.82208824
1,1,0.6930522
1,1,0.5838553
1,1,0.65932554
1,1,0.81341785
1,1,0.88328546
1,1,0.8823348
1,1,0.8338233
1,1,0.7638013
1,1,0.66546434
1,1,0.7486134
1,1,0.8280929
1,1,0.8488033
1,1,0.85181856
1,1,0.84680724
1,1,0.88880265
1,1,0.897654
1,1,0.86040026
1,1,0.83562857
1,1,0.90115446
1,1,0.8915523
1,1,0.8645013
1,1,0.9024482
1,1,0.91009986
1,1,0.90107894
1,1,0.8938757
0,1,0.9451743
0,1,0.94977623
0,1,0.93853784
0,1,0.8712586
0,1,0.7101778
0,1,0.72328144
0,1,0.77892417
0,1,0.81294984
0,1,0.8500162
0,1,0.84506917
0,1,0.75195974
0,1,0.69967395
0,1,0.68594444
0,1,0.64601636
0,1,0.73052925
0,1,0.83831555
0,1,0.88630956
0,1,0.86191106
0,1,0.7794452
0,1,0.76714784
0,1,0.79579514
0,1,0.84465325
0,1,0.89176786
0,1,0.7203239
0,1,0.6665945
0,1,0.5694997
0,0,0.3490765
0,0,0.49183786
0,1,0.53776085
0,0,0.38224912
0,0,0.26959342
0,0,0.43805596
0,1,0.70567924
0,1,0.67724216
0,1,0.531797
0,0,0.39693314
0,0,0.39951897
0,1,0.5667592
0,0,0.40528122
0,0,0.28544843
0,0,0.23319547
0,0,0.22180013
0,0,0.45151755
0,1,0.575737
0,0,0.49361452
0,1,0.5225768
0,1,0.55241597
0,0,0.44707784
0,0,0.2814302
0,0,0.14606304
0,0,0.12036583
0,0,0.21200846
0,0,0.35529423
0,0,0.3855108
0,0,0.45530325
0,1,0.54207313
0,0,0.47772267
0,0,0.38500035
0,0,0.29003233
0,0,0.22360441
0,0,0.20399278
0,0,0.22269048
0,0,0.31481206
0,0,0.2117104
0,0,0.16433598
0,0,0.3025478
0,1,0.5318116
0,0,0.40777302
0,0,0.34568125
0,0,0.3617031
0,1,0.6206725
0,1,0.7876895
0,1,0.52098745
0,0,0.29858977
0,0,0.26748648
0,0,0.120034
0,0,0.29884225
0,0,0.49264327
0,0,0.3527057
0,0,0.24907999
0,0,0.43576065
0,0,0.48605132
1,1,0.927124
1,1,0.9563963
1,1,0.93311554
1,1,0.8880843
1,1,0.7933662
1,1,0.729413
1,1,0.7054293
1,1,0.7821961
1,1,0.841375
1,1,0.81403255
1,1,0.79297894
1,1,0.7801529
1,1,0.8369736
1,1,0.90081704
1,1,0.8706866
1,1,0.6929988
1,0,0.44360667
1,0,0.32422552
1,0,0.44182232
1,0,0.45886943
1,1,0.6876985
1,0,0.48636416
1,0,0.41082567
1,1,0.6768418
1,1,0.8935023
1,1,0.9360495
1,1,0.93817884
1,1,0.8903135
1,1,0.8670092
1,1,0.86541206
1,1,0.79109424
1,1,0.7569156
1,1,0.7214561
1,1,0.74206483
1,1,0.78683114
1,1,0.77410793
1,1,0.7373163
1,1,0.73474675
1,1,0.7698074
1,1,0.8158934
1,1,0.826532
1,1,0.8219292
1,1,0.8471486
1,1,0.85163665
1,1,0.8298876
1,1,0.8358464
1,1,0.58742857
1,1,0.6244721
1,1,0.5381545
1,0,0.43531162
1,1,0.7093779
1,1,0.5988051
1,0,0.4589089
1,1,0.55273974
1,1,0.6121147
1,1,0.52935
1,0,0.38089466
1,0,0.20689194
1,0,0.1811585
1,0,0.21109535
1,0,0.20061895
1,0,0.24634075
1,0,0.26196605
1,0,0.18902488
1,0,0.20573407
1,0,0.119559824
1,0,0.10042681
1,0,0.2767231
1,0,0.3979733
1,0,0.42863187
1,0,0.25844508
1,0,0.23430762
1,0,0.27681616
1,0,0.20227475
1,0,0.16531308
1,0,0.09753937
1,0,0.11951025
1,0,0.2625356
1,0,0.43655905
1,1,0.558128
1,0,0.36920938
1,0,0.2075089
1,0,0.32037827
1,1,0.5379078
1,1,0.57793295
1,1,0.6165865
1,1,0.61212415
1,0,0.44775543
1,0,0.42663586
1,1,0.528155
1,0,0.49457407
1,0,0.442918
1,0,0.44401956
1,0,0.35580155
1,0,0.32430482
1,0,0.3374579
1,0,0.2944827
1,0,0.38198724
1,1,0.52062637
1,1,0.5703581
1,1,0.58259296
1,1,0.50835377
1,0,0.44455343
1,0,0.4249102
1,0,0.3379726
1,0,0.2129995
1,0,0.19894587
1,0,0.3054935
1,0,0.38432148
1,0,0.37315643
1,0,0.2838082
1,0,0.20653209
1,0,0.17409281
1,0,0.2500285
1,0,0.3533601
1,0,0.31906074
1,0,0.26854205
1,0,0.30779228
1,0,0.36162132
1,0,0.31306663
1,0,0.26892537
1,0,0.23344116
1,0,0.22818488
1,0,0.2364275
1,0,0.22395079
1,0,0.22209568
1,0,0.17366435
1,0,0.13191262
1,0,0.1664889
1,0,0.13684268
1,0,0.13537773
1,0,0.15923132
1,0,0.11562427
1,0,0.1207617
1,0,0.153862
1,0,0.17684299
1,0,0.19960402
1,0,0.25466073
1,0,0.21551287
1,0,0.1640396
1,0,0.11861532
1,0,0.11778098
1,0,0.12903629
1,0,0.10209411
1,0,0.14775673
1,0,0.3114488
1,0,0.3567489
1,0,0.3380527
1,0,0.27619562
1,0,0.2038507
1,0,0.17969786
1,0,0.1777596
1,0,0.24293038
1,0,0.25901845
1,0,0.18293811
1,0,0.15401588
1,0,0.19066687
1,0,0.19195154
1,0,0.2030336
1,0,0.254169
0,0,0.00034541366
0,0,0.0025549338
0,0,0.033868555
0,0,0.096168384
0,0,0.22750549
0,0,0.3017374
0,0,0.35109693
0,0,0.3244007
0,0,0.1813635
0,0,0.24898463
0,0,0.3360382
0,0,0.33381295
0,0,0.4054767
0,1,0.573526
0,0,0.40642458
0,0,0.10859353
0,0,0.07065699
0,0,0.04778528
0,0,0.023578066
0,0,0.023207484
0,0,0.07514447
0,0,0.44882363
0,0,0.2653792
1,0,0.28670996
1,0,0.25131264
1,0,0.46270895
1,1,0.6545306
1,1,0.6582583
1,1,0.7828227
1,1,0.8558755
1,1,0.75977916
1,1,0.6714504
1,1,0.6406926
1,1,0.6868809
1,1,0.66321987
1,1,0.5843333
1,1,0.56310874
1,1,0.55750644
1,1,0.57549155
1,1,0.5955945
1,1,0.6232571
1,1,0.66193736
1,1,0.6881899
1,1,0.7599521
1,1,0.76426107
1,1,0.7810631
1,1,0.7762192
1,1,0.76979846
1,1,0.79303944
1,1,0.6987045
1,1,0.6171576
1,0,0.4962421
1,0,0.45277599
1,0,0.37145025
1,0,0.3260174
1,0,0.30182073
1,0,0.33502093
1,0,0.42821196
1,1,0.55646896
1,1,0.6386048
1,1,0.6792942
1,1,0.7122683
1,1,0.71289945
1,1,0.69719356
1,1,0.6499041
1,1,0.6510699
1,1,0.6218167
1,1,0.59686714
1,1,0.64483726
1,1,0.7086852
1,1,0.703648
1,1,0.6922452
1,1,0.70927465
1,1,0.7211664
1,1,0.7396074
1,1,0.7468936
1,1,0.7518081
1,1,0.6989391
1,1,0.69344383
1,1,0.68078
1,1,0.6808
1,1,0.7206173
1,1,0.71541435
1,1,0.63160723
1,1,0.5727596
1,1,0.64664304
1,1,0.6865462
1,1,0.62996995
1,1,0.5367201
1,0,0.44632694
1,0,0.4300506
1,0,0.42190155
1,0,0.30664074
1,0,0.25350547
1,1,0.9900517
1,1,0.9974396
1,1,0.998063
1,1,0.998904
1,1,0.9991823
1,1,0.99924856
1,1,0.9991679
1,1,0.9989134
1,1,0.998944
1,1,0.99906987
1,1,0.99883336
1,1,0.9987318
1,1,0.9983891
1,1,0.9981483
1,1,0.99824023
1,1,0.9986473
1,1,0.9986216
1,1,0.99815744
1,1,0.9972721
1,1,0.9949122
1,1,0.99705815
1,1,0.99729437
1,1,0.9976484
1,1,0.99842876
1,1,0.9987451
1,1,0.99857855
1,1,0.99899155
1,1,0.998949
1,1,0.9985397
1,1,0.9990306
1,1,0.999037
1,1,0.9991817
1,1,0.9988858
1,1,0.9986307
1,1,0.9989489
1,1,0.9989128
1,1,0.99915767
1,1,0.999233
1,1,0.9993143
1,1,0.9989511
1,1,0.998676
1,1,0.99871004
1,1,0.9974202
1,1,0.9981012
1,1,0.9987368
1,1,0.9991327
1,1,0.9992429
1,1,0.9989827
1,1,0.99761236
1,1,0.99001616
1,1,0.99477214
1,1,0.9976942
1,1,0.9978942
1,1,0.99842095
1,1,0.99727076
1,1,0.9964155
1,1,0.99874437
1,1,0.9990773
1,1,0.99893075
1,1,0.99874985
1,1,0.99862814
1,1,0.99765116
1,1,0.99593085
1,1,0.99773383
1,1,0.99794537
1,1,0.99739575
1,1,0.9977919
1,1,0.9985238
1,1,0.99910706
1,1,0.9992361
1,1,0.998953
1,1,0.99868184
1,1,0.9988558
1,1,0.9983119
1,1,0.9978333
1,1,0.99839693
1,1,0.9987206
1,1,0.99876165
1,1,0.9985455
1,1,0.99866486
1,1,0.9989172
1,1,0.9989667
1,1,0.99904567
1,1,0.9981736
1,1,0.9978309
1,1,0.99803025
1,1,0.997086
1,1,0.9960212
1,1,0.9965745
1,1,0.99577254
1,1,0.9973646
1,1,0.99796283
1,1,0.9981846
1,1,0.9933002
1,1,0.97336936
1,1,0.9772933
1,1,0.9969146
1,1,0.99902034
1,1,0.9990374
1,1,0.9994493
1,1,0.9995276
1,1,0.9992926
1,1,0.9990681
1,1,0.99891436
1,1,0.99900824
1,1,0.99846387
1,1,0.99718374
1,1,0.9966438
1,1,0.994517
1,1,0.9912247
1,1,0.9929844
1,1,0.9950407
1,1,0.99501735
1,1,0.9964252
1,1,0.9984469
1,1,0.98092574
1,1,0.95086414
1,1,0.920467
1,1,0.86430305
1,1,0.7944147
1,1,0.7226067
1,1,0.70045304
1,1,0.6308385
1,1,0.6371991
1,1,0.74844867
1,1,0.75304604
1,1,0.73490334
1,1,0.73718697
1,1,0.7790358
1,1,0.8159237
1,1,0.8239408
1,1,0.81791776
1,1,0.78718776
1,1,0.74321854
1,1,0.71701163
1,1,0.7533991
1,1,0.74774766
1,1,0.7441213
1,1,0.77343524
1,1,0.7523883
1,1,0.7408242
1,1,0.78803444
1,1,0.7955442
1,1,0.82083863
1,1,0.80743295
1,1,0.77374417
1,1,0.77523136
1,1,0.7353326
1,1,0.6964728
1,1,0.705064
1,1,0.6898799
1,1,0.66449064
1,1,0.6529618
1,1,0.66525275
1,1,0.7276306
1,1,0.7425543
1,1,0.695998
1,1,0.57585496
1,0,0.42206493
1,0,0.38146967
1,0,0.39540532
1,0,0.3716427
1,0,0.36141664
1,0,0.3675214
1,0,0.36291194
1,0,0.40048394
1,0,0.48711607
1,1,0.57464904
1,1,0.6022672
1,1,0.584671
1,1,0.53095025
1,1,0.51365274
1,1,0.53496706
1,1,0.50331336
1,1,0.9951499
1,1,0.99795985
1,1,0.9988028
1,1,0.9987005
1,1,0.99870646
1,1,0.9989311
1,1,0.9986615
1,1,0.9974891
1,1,0.99841094
1,1,0.9991141
1,1,0.99886143
1,1,0.99851197
1,1,0.99851006
1,1,0.9980586
1,1,0.99727005
1,1,0.99853015
1,1,0.9990225
1,1,0.99883074
1,1,0.998793
1,1,0.998698
1,1,0.9966221
1,1,0.993504
1,1,0.9947525
1,1,0.99539655
1,1,0.99684024
1,1,0.9987081
1,1,0.9990221
1,1,0.99902046
1,1,0.9992393
1,1,0.9992737
1,1,0.9989712
1,1,0.9979444
1,1,0.9979818
1,1,0.99887484
1,1,0.9991291
1,1,0.99928206
1,1,0.99934524
1,1,0.99926823
1,1,0.9990908
1,1,0.9988111
1,1,0.99881184
1,1,0.9988464
1,1,0.99893266
1,1,0.9989598
1,1,0.998979
1,1,0.998844
1,1,0.9894288
1,1,0.9699987
1,1,0.8617518
1,1,0.6368749
1,0,0.2432698
1,0,0.17269342
1,0,0.29986382
1,1,0.6952223
1,1,0.84692556
1,1,0.8513523
1,1,0.83999676
1,1,0.7249245
1,1,0.6579618
1,1,0.6348066
1,1,0.669113
1,1,0.70313644
1,1,0.7037754
1,1,0.6138637
1,1,0.51344436
1,1,0.50948215
1,1,0.5873442
1,1,0.67184734
1,1,0.71928424
1,1,0.7458467
1,1,0.7135329
1,1,0.6543518
1,1,0.6743971
1,1,0.67683625
1,1,0.6509583
1,1,0.7235762
1,1,0.73623127
1,1,0.64509714
1,1,0.64542055
1,1,0.56154925
1,0,0.49823686
1,0,0.46482882
1,0,0.42895648
1,1,0.52370536
1,1,0.6163253
1,1,0.62837034
1,1,0.66708225
1,1,0.678405
1,1,0.6499687
1,1,0.61475664
1,0,0.45574155
1,0,0.45679456
1,0,0.42637354
1,0,0.45156145
1,1,0.5070415
1,0,0.43759686
1,0,0.48893133
1,0,0.48948574
1,1,0.5672689
1,1,0.63036275
1,1,0.6202982
1,1,0.6206423
1,1,0.6033636
1,1,0.5980058
1,1,0.5012473
1,0,0.47798723
1,1,0.5277496
1,1,0.61147225
1,1,0.6930696
1,1,0.73941404
1,1,0.5839983
1,1,0.59278977
1,1,0.6225836
1,1,0.6616935
0,1,0.6547059
0,1,0.61443776
0,1,0.55449927
0,0,0.43266684
0,0,0.3502395
0,0,0.44652706
0,1,0.53556347
0,1,0.61909974
0,1,0.6611288
0,1,0.65569973
0,1,0.6838801
0,1,0.72131675
0,1,0.75173974
0,1,0.73405665
0,1,0.65924066
0,1,0.6937855
0,1,0.6818698
0,1,0.6413658
0,1,0.68019027
0,1,0.78274196
0,1,0.7960009
0,1,0.68063104
0,1,0.62252486
0,1,0.5420175
0,0,0.48959237
0,0,0.47143835
0,0,0.47032806
0,0,0.48821387
0,0,0.44423392
0,0,0.3751557
0,0,0.3825811
0,0,0.42491192
0,1,0.5212534
0,1,0.57550085
0,1,0.6511007
0,1,0.6016201
0,0,0.49900755
0,0,0.3561474
0,0,0.28822693
0,0,0.3129842
0,0,0.37656754
0,0,0.3254177
0,0,0.2945467
0,0,0.31628364
0,0,0.33568045
0,0,0.3665851
0,0,0.20236744
0,0,0.3395187
0,0,0.3203123
0,0,0.13059114
0,0,0.15924405
0,0,0.19278187
0,0,0.25720334
0,0,0.28077
0,0,0.31911358
0,0,0.3558029
0,0,0.39531955
0,0,0.3243198
0,0,0.27943465
0,0,0.26445287
0,0,0.2510054
0,0,0.26396754
0,0,0.37147737
0,0,0.4344293
0,0,0.4307954
0,0,0.42251283
0,0,0.3936175
0,0,0.34606546
0,0,0.40370935
0,0,0.40281254
0,0,0.3595582
0,0,0.33218926
0,0,0.3045848
0,0,0.27799147
0,0,0.2765328
0,0,0.26386684
0,0,0.25058073
0,0,0.23317292
0,0,0.23129047
0,0,0.24154316
0,0,0.2586709
0,0,0.24044949
0,0,0.22020885
0,0,0.18510355
0,0,0.15252484
0,0,0.15909173
0,0,0.20095432
0,0,0.25978282
0,0,0.33113414
0,0,0.35763016
0,0,0.34968364
0,0,0.32858852
0,0,0.31331003
0,0,0.3047443
0,0,0.2861623
0,0,0.28416923
0,0,0.286628
0,0,0.2921113
0,0,0.28906116
0,0,0.2730721
0,0,0.2573174
0,0,0.25694135
0,0,0.27273047
0,0,0.2781424
0,0,0.28775772
0,0,0.30574742
0,0,0.31351453
0,0,0.31945282
0,0,0.3195878
0,0,0.2790155
0,0,0.22929892
0,0,0.23558845
0,0,0.2371204
0,0,0.23113038
0,0,0.24286398
0,0,0.26897514
0,0,0.26900706
0,0,0.257992
0,0,0.28857037
0,0,0.32357886
0,0,0.3440851
0,0,0.38758564
0,0,0.37692478
0,0,0.3576765
0,0,0.33970118
0,0,0.28205338
0,0,0.25840774
0,0,0.27968273
0,0,0.28676426
0,0,0.26619723
0,0,0.25760394
0,0,0.2457371
0,0,0.26867202
0,0,0.31462923
0,0,0.35360825
0,0,0.35736
0,0,0.31998348
0,0,0.26818708
0,0,0.27816805
0,0,0.32467434
1,0,0.3506116
1,0,0.41378903
1,1,0.5563237
1,1,0.74445885
1,1,0.77356625
1,1,0.7824603
1,1,0.781493
1,1,0.7938817
1,1,0.8138875
1,1,0.7808644
1,1,0.7420359
1,1,0.8508493
1,1,0.9432522
1,1,0.94964594
1,1,0.98096794
1,1,0.99246573
1,1,0.9905986
1,1,0.98834187
1,1,0.9831064
1,1,0.9861411
1,1,0.9889985
1,1,0.99127805
1,1,0.99047464
1,1,0.9875952
1,1,0.96079344
1,1,0.89635855
1,1,0.7618674
1,1,0.601529
1,1,0.6026743
1,1,0.6643158
1,1,0.7179838
1,1,0.7670249
1,1,0.79237354
1,1,0.7566346
1,1,0.7557073
1,1,0.7725801
1,1,0.75972766
1,1,0.776601
1,1,0.74737877
1,1,0.722128
1,1,0.7612533
1,1,0.7954567
1,1,0.7636395
1,1,0.7486668
1,1,0.7249456
1,1,0.6090089
0,1,0.59816396
0,1,0.65193325
0,1,0.6736511
0,1,0.7173549
0,1,0.7268719
0,1,0.7373324
0,1,0.7500933
0,1,0.74618864
0,1,0.72638375
0,1,0.7401192
0,1,0.751282
0,1,0.7428013
0,1,0.7622949
0,1,0.76864886
0,1,0.76353455
0,1,0.7514228
0,1,0.7315703
0,1,0.7239112
0,1,0.77025336
0,1,0.80033344
0,1,0.7996037
0,1,0.79821396
0,1,0.81855804
1,1,0.7939141
1,1,0.74322075
1,1,0.78057706
1,1,0.75796527
1,1,0.7387504
1,1,0.7639485
1,1,0.76335436
1,1,0.7546854
1,1,0.7570308
1,1,0.75643736
1,1,0.75310004
1,1,0.7666443
1,1,0.81112045
1,1,0.8556214
1,1,0.8398646
1,1,0.8372019
1,1,0.8613541
1,1,0.8908234
1,1,0.89928716
1,1,0.88331306
1,1,0.9087628
1,1,0.95764357
1,1,0.94937444
0,1,0.891169
0,1,0.8513583
0,1,0.7990749
0,1,0.718849
0,1,0.7074734
0,1,0.73350036
0,1,0.7475084
0,1,0.7490529
0,1,0.7468565
0,1,0.74941975
0,1,0.7390945
0,1,0.729438
0,1,0.73531014
0,1,0.75309974
0,1,0.7610224
0,1,0.7634698
0,1,0.7571079
0,1,0.7356943
0,1,0.76263636
0,1,0.79141897
0,1,0.7632649
0,1,0.7689879
0,1,0.773134
0,1,0.7506278
0,1,0.7262496
0,1,0.7297761
0,1,0.7124393
0,1,0.7061683
0,1,0.70626163
0,1,0.6901578
0,1,0.6930829
0,1,0.68924
0,1,0.69917375
0,1,0.7080562
0,1,0.6896597
0,1,0.6881062
0,1,0.69056594
0,1,0.6776751
0,1,0.6940809
0,1,0.68254215
0,1,0.66400856
0,1,0.67297465
0,1,0.67046225
0,1,0.67971176
0,1,0.68789506
0,1,0.68176043
0,1,0.6635211
0,1,0.6680706
0,1,0.6773933
0,1,0.6865999
0,1,0.68919694
0,1,0.68035454
0,1,0.67214835
0,1,0.6806945
0,1,0.6764357
0,1,0.66999036
0,1,0.6709304
0,1,0.6616176
0,1,0.65607387
0,1,0.6427208
0,1,0.63897306
0,1,0.62868744
0,1,0.62781936
0,1,0.6412285
0,1,0.65413094
0,1,0.65011764
0,1,0.6323926
0,1,0.6150762
0,1,0.6034768
0,1,0.5853104
0,1,0.5983676
0,1,0.62979317
0,1,0.63989824
0,1,0.6376933
0,1,0.63476694
0,1,0.63127625
0,1,0.61311466
0,1,0.5896379
0,1,0.58118385
0,1,0.5771213
0,1,0.57376075
0,1,0.57398593
0,1,0.58495307
0,1,0.6065257
0,1,0.6369783
0,1,0.6673094
0,1,0.66928065
0,1,0.6732151
0,1,0.6889024
0,1,0.6846784
0,1,0.69940394
0,1,0.7165948
0,1,0.6972083
0,1,0.6972797
0,1,0.7015005
0,1,0.66731256
0,1,0.6574183
0,1,0.66947496
0,1,0.6646021
0,1,0.66862416
0,1,0.670657
0,1,0.6363833
0,1,0.6248201
0,1,0.61820376
0,1,0.6300497
1,1,0.6825485
1,1,0.74953616
1,1,0.7504614
1,1,0.7241922
1,1,0.68271446
1,1,0.6131473
1,1,0.608326
1,1,0.63285106
1,1,0.6211227
1,1,0.6585683
1,1,0.6513308
1,1,0.6065452
1,1,0.63654983
1,1,0.6286282
1,1,0.617951
1,1,0.6431957
1,1,0.64776695
1,1,0.6294566
1,1,0.61500955
1,1,0.62909544
1,1,0.6249852
1,1,0.6258328
1,1,0.6204801
0,1,0.5712017
0,1,0.5053213
0,0,0.38748226
0,0,0.26899895
0,0,0.19446419
0,0,0.22580138
0,0,0.29332393
0,0,0.34508458
0,0,0.39339787
0,0,0.42145476
0,0,0.41672492
0,0,0.36497226
0,0,0.3394434
0,0,0.3578458
0,0,0.35357875
0,0,0.36100397
0,0,0.36853394
0,0,0.38329935
0,0,0.36425444
0,0,0.3227006
0,0,0.28371787
0,0,0.2562327
0,0,0.28420103
0,0,0.32961085
0,0,0.34176654
0,0,0.35837504
0,0,0.38289124
0,0,0.37134993
0,0,0.36639154
0,0,0.36524484
0,0,0.3696471
0,0,0.370306
0,0,0.32326487
0,0,0.30910486
0,0,0.32618478
0,0,0.319594
0,0,0.32611305
0,0,0.3597403
0,0,0.3629097
0,0,0.3083326
0,0,0.23980163
0,0,0.20164245
0,0,0.20220298
0,0,0.2091815
0,0,0.23932928
0,0,0.2944013
0,0,0.31309202
0,0,0.30078524
0,0,0.29613352
0,0,0.3036923
0,0,0.30508757
0,0,0.33454898
0,0,0.42494938
0,0,0.46962625
0,0,0.4958879
0,1,0.511117
0,1,0.51194894
0,0,0.49156985
0,1,0.51060396
0,1,0.5136807
0,1,0.5046006
0,1,0.5216309
0,1,0.5319622
0,0,0.4808741
0,0,0.4167677
0,0,0.44462544
0,0,0.4868144
0,1,0.5862308
1,1,0.61439013
1,1,0.56562483
1,1,0.57594895
1,1,0.55530804
1,1,0.58736676
1,1,0.58831394
1,1,0.6076348
1,1,0.60623664
1,1,0.5875758
1,1,0.5700935
1,1,0.5415661
1,1,0.5251029
1,1,0.5651471
1,1,0.5796664
1,1,0.51884747
1,0,0.45032704
1,0,0.45211908
1,0,0.40518025
1,0,0.42929128
1,0,0.4729266
1,0,0.47582915
1,0,0.4779875
1,0,0.4689082
1,0,0.48494646
1,0,0.49542117
1,1,0.52415687
1,1,0.5317422
1,1,0.5246203
1,1,0.51377344
1,1,0.50351
1,0,0.49564382
1,1,0.5057746
1,1,0.5054006
1,0,0.48362935
1,0,0.45696735
1,0,0.4462888
1,0,0.4324796
1,0,0.41774887
1,0,0.42367858
1,0,0.433788
1,0,0.43041694
1,0,0.36063763
1,0,0.3093229
1,0,0.31569356
1,0,0.30617043
1,0,0.33056006
0,0,0.00018746144
0,0,0.0001112486
0,0,7.386244e-05
0,0,0.00016686697
0,0,0.00012596582
0,0,7.8030105e-05
0,0,4.449369e-05
0,0,2.5769192e-05
0,0,2.9843046e-05
0,0,3.246599e-05
0,0,2.7511072e-05
0,0,2.7980188e-05
0,0,2.6360156e-05
0,0,4.3027627e-05
0,0,7.282475e-05
0,0,4.9910628e-05
0,0,2.942188e-05
0,0,2.6060687e-05
0,0,3.186035e-05
0,0,4.9032587e-05
0,0,7.691604e-05
0,0,5.2344738e-05
0,0,3.910029e-05
1,0,3.7579925e-05
1,0,3.9328934e-05
1,0,5.4094275e-05
1,0,6.58882e-05
1,0,0.00017438314
1,0,0.0001840657
1,0,0.00023799695
1,0,0.00025451358
1,0,0.0003625724
1,0,0.00042070248
1,0,0.00026702695
1,0,0.00026380664
1,0,0.0003194642
1,0,0.00028121943
1,0,0.00026433938
1,0,0.00028123255
1,0,0.00023260496
1,0,0.00019519952
1,0,0.00014552525
1,0,0.00012575148
1,0,0.00016037354
1,0,0.0002033785
1,0,0.00017037478
1,0,0.00018586035
1,0,0.00015955263
1,0,0.00014531575
1,0,0.0001109417
1,0,6.7222245e-05
1,0,5.3124804e-05
1,0,7.846273e-05
1,0,8.8866866e-05
1,0,9.172435e-05
1,0,7.84979e-05
1,0,5.824848e-05
1,0,4.7457463e-05
1,0,5.0415252e-05
1,0,5.7992525e-05
1,0,6.937184e-05
1,0,6.432997e-05
1,0,6.7298955e-05
1,0,6.21328e-05
1,0,5.504322e-05
1,0,5.288158e-05
1,0,4.692374e-05
1,0,4.108706e-05
1,0,4.2042e-05
1,0,4.346113e-05
1,0,5.4889017e-05
1,0,7.962805e-05
1,0,0.00012555977
1,0,0.00011096424
1,0,7.202533e-05
1,0,5.8710506e-05
1,0,5.9312977e-05
1,0,5.9675906e-05
1,0,6.0543745e-05
1,0,5.155546e-05
1,0,5.262106e-05
1,0,6.523481e-05
1,0,6.801615e-05
1,0,6.282758e-05
1,0,5.7003777e-05
1,0,5.0320916e-05
1,0,5.0422223e-05
1,0,5.7967318e-05
1,0,6.9796515e-05
1,0,7.994996e-05
1,0,9.0562346e-05
1,0,8.199428e-05
1,0,6.9099486e-05
1,0,6.031595e-05
1,0,0.0001733908
1,0,0.00021099912
1,0,0.00017393229
1,0,0.0001920758
1,0,0.00022267459
1,0,0.00016805078
1,0,0.0003571272
1,0,0.00047231384
1,0,0.00026075589
1,0,0.00031796983
1,0,0.00014710121
1,0,9.925205e-05
1,0,0.00012396101
1,0,0.00010906964
1,0,0.00018116296
1,0,0.00032921453
1,0,0.0003491507
1,0,0.00024499546
1,0,0.00012143161
1,0,0.00010248341
1,0,0.00016155891
1,0,0.00020557924
1,0,0.00024191038
1,0,0.00034270438
1,0,0.00024342936
1,0,0.0006135245
1,0,0.0011553416
1,0,0.00049891387
1,0,0.0003678193
1,0,0.000232707
1,0,0.00042803664
1,0,0.0006253595
1,0,0.00034996585
1,0,0.0003815708
1,0,0.00073935866
1,0,0.00078115286
1,0,0.000435589
1,0,0.0002581873
1,0,0.00059646246
1,0,0.0010709389
1,0,0.0010318103
1,0,0.0013252976
1,0,0.0016832864
1,0,0.0008659818
1,0,0.000521378
1,0,0.00047331894
0,0,0.0019777794
0,0,0.007673416
0,0,0.007962944
0,0,0.0026896845
0,0,0.0012905925
0,0,0.0015052109
0,0,0.0007807406
0,0,0.0005346587
0,0,0.0004205652
0,0,0.0004980334
0,0,0.0006640624
0,0,0.00039322043
0,0,0.00039090877
0,0,0.0006430577
0,0,0.0007733659
0,0,0.0005856047
0,0,0.0005128672
0,0,0.0004811023
0,0,0.00056687
0,0,0.00062184664
0,0,0.0005942712
0,0,0.00048121557
0,0,0.00028888643
1,0,0.0005184559
1,0,0.00044869373
1,0,0.00029241727
1,0,0.00022934943
1,0,0.00020802685
1,0,0.0002721977
1,0,0.00045530353
1,0,0.00062300434
1,0,0.0016410915
1,0,0.0019295701
1,0,0.00069353904
1,0,0.00039638396
1,0,0.00018952938
1,0,0.00012931367
1,0,9.3416966e-05
1,0,8.677227e-05
1,0,9.500807e-05
1,0,0.00019027448
1,0,0.00032220295
1,0,0.00036648213
1,0,0.00051651715
1,0,0.0005176301
1,0,0.00042274757
1,0,0.0005967535
1,0,0.00048656418
1,0,0.0006188204
1,0,0.0008258251
1,0,0.0009687938
1,0,0.0015405937
1,0,0.00080540875
1,0,0.00046997878
1,0,0.00036334337
1,0,0.00030740787
1,0,0.00033098695
1,0,0.00028200695
1,0,0.0003611589
1,0,0.0009849399
1,0,0.0017651689
1,0,0.0015845968
1,0,0.0023174614
1,0,0.0016705985
1,0,0.0019652543
1,0,0.0013634994
1,0,0.00045918638
1,0,0.0004760701
1,0,0.00047248503
0,0,0.00014175657
0,0,6.0307724e-05
0,0,7.487836e-05
0,0,5.6843804e-05
0,0,8.5271015e-05
0,0,0.00024802334
0,0,0.00019349046
0,0,0.00020038914
0,0,0.00019170147
0,0,0.00014711329
0,0,0.00016345349
0,0,0.00021034226
0,0,0.00015860188
0,0,0.000107211876
0,0,0.00012497113
0,0,0.00010851131
0,0,8.132289e-05
0,0,9.073991e-05
0,0,0.00018351349
0,0,0.00035707004
0,0,0.00021406321
0,0,0.00010628465
0,0,7.2532e-05
0,0,6.193846e-05
0,0,7.756599e-05
0,0,0.00010125876
0,0,9.088452e-05
0,0,8.488491e-05
0,0,9.510289e-05
0,0,0.000102123246
0,0,0.00012819323
0,0,0.000116442476
0,0,6.040326e-05
0,0,3.750177e-05
0,0,4.839823e-05
0,0,0.00011964192
0,0,0.00014695596
0,0,0.00010718058
0,0,9.17856e-05
0,0,0.000111599446
0,0,9.946183e-05
0,0,8.2430786e-05
0,0,9.89607e-05
0,0,0.00014381458
0,0,0.00012547935
0,0,0.000100176665
0,0,7.503332e-05
0,0,6.631356e-05
0,0,8.018253e-05
0,0,7.9449266e-05
0,0,6.141343e-05
0,0,5.1493553e-05
0,0,4.6646142e-05
0,0,4.718161e-05
0,0,4.8384845e-05
0,0,6.508084e-05
0,0,6.43442e-05
0,0,5.5811215e-05
0,0,8.320299e-05
1,0,0.00025718933
1,0,0.00033507912
1,0,0.00023511297
1,0,0.00018701743
1,0,0.00024172803
1,0,0.00021593788
1,0,0.0002474878
1,0,0.00016756434
1,0,0.00010540444
1,0,0.00018494796
1,0,0.0001615156
1,0,0.00012852863
1,0,0.00023508495
1,0,0.00025716945
1,0,0.00016730062
1,0,0.0001659421
1,0,0.00020885361
1,0,0.00020383511
1,0,0.00031346848
1,0,0.0005986751
1,0,0.0008960945
1,0,0.0015267375
1,0,0.0008893187
1,0,0.00019342477
1,0,0.00016519644
1,0,0.0008336051
1,0,0.0022246724
1,0,0.005613655
1,0,0.0040810774
1,0,0.0018154728
1,0,0.000847901
1,0,0.0005987778
1,0,0.00052382465
1,0,0.00072417053
1,0,0.00044154574
1,0,0.00017220533
1,0,0.00015022581
1,0,0.000263699
1,0,0.00056888134
1,0,0.0004552738
1,0,0.00035953693
1,0,0.00043201572
1,0,0.00046582794
1,0,0.00044919617
1,0,0.0005178319
1,0,0.0002603455
1,0,6.8191104e-05
1,0,4.8743394e-05
1,0,4.9555165e-05
1,0,4.2835574e-05
1,0,9.001013e-05
1,0,4.479255e-05
1,0,3.814819e-05
1,0,5.3827927e-05
1,0,8.325848e-05
1,0,6.7801535e-05
1,0,7.8418896e-05
1,0,7.424157e-05
1,0,8.644457e-05
1,0,9.167819e-05
1,0,0.000101771126
1,0,0.00016629104
1,0,0.00015545345
1,0,0.0001413972
1,0,0.00031436843
1,0,0.00039045198
1,0,0.00022323665
1,0,0.00015908593
1,0,0.00011397633
1,0,9.197722e-05
1,0,0.0001048099
1,0,0.00011020962
1,0,9.4696035e-05
1,0,9.4832656e-05
1,0,0.00010642146
1,0,8.443493e-05
1,0,5.625627e-05
1,0,4.4001357e-05
1,0,6.0089467e-05
1,0,0.00016724927
1,0,0.00038700856
1,0,0.00060273893
1,0,0.00068610447
1,0,0.00087200693
1,0,0.0007587139
1,0,0.0005005348
1,0,0.00041151472
1,0,0.0003736125
1,0,0.00064885017
1,0,0.00061271753
1,0,0.00019593477
1,0,0.00013474945
1,0,9.0147565e-05
1,0,6.292388e-05
1,0,6.1868275e-05
1,0,6.3451174e-05
1,0,6.9245536e-05
1,0,0.00012760126
1,0,0.0001626385
1,0,0.00012582442
1,0,0.00014961883
1,0,0.00019814075
1,0,0.00021195305
1,0,0.00017881166
1,0,0.00012554936
1,0,8.648256e-05
1,0,9.724088e-05
1,0,0.00015436219
1,0,0.00012335752
1,0,9.97753e-05
1,0,9.425997e-05
1,0,6.463904e-05
1,0,4.726749e-05
1,0,4.564888e-05
1,0,5.2580875e-05
1,0,5.8554233e-05
1,0,8.381761e-05
1,0,0.000112819
1,0,0.00011341732
1,0,0.00011781277
1,0,0.00012932453
1,0,9.685368e-05
1,0,0.00010772179
1,0,0.00012067266
1,0,0.00011780636
1,0,0.000104384795
1,0,7.202567e-05
1,0,6.720353e-05
1,0,6.697143e-05
1,0,5.887652e-05
1,0,5.8719575e-05
1,0,6.241226e-05
1,0,5.615716e-05
1,0,5.5470253e-05
1,0,6.7433735e-05
1,0,6.8682006e-05
1,0,6.2334344e-05
1,0,5.448464e-05
1,0,4.998832e-05
1,0,4.892465e-05
1,0,4.8184047e-05
1,0,4.273451e-05
1,0,3.428065e-05
1,0,3.98168e-05
1,0,7.1575145e-05
1,0,0.00026702596
1,0,0.00035588263
1,0,0.00015822139
1,0,0.00011793585
1,0,0.00012446879
1,0,0.000108775894
1,0,8.1844286e-05
1,0,6.01702e-05
1,0,5.242881e-05
1,0,5.381382e-05
1,0,5.9382306e-05
1,0,7.472527e-05
1,0,0.00011376904
1,0,0.00014492137
1,0,0.00016239013
0,0,0.26747844
0,0,0.15986948
0,0,0.07033253
0,0,0.024625374
0,0,0.020774318
0,0,0.03733374
0,0,0.05624035
0,0,0.08073702
0,0,0.07374518
0,0,0.061324988
0,0,0.048743743
0,0,0.04069275
0,0,0.02907141
0,0,0.026496042
0,0,0.04137759
0,0,0.060969356
0,0,0.1567503
0,0,0.30256715
0,0,0.40184847
0,0,0.403014
0,0,0.34367463
0,0,0.23108675
0,0,0.17013642
0,0,0.15432572
0,0,0.19329986
0,0,0.42769182
0,1,0.51286143
0,1,0.58141947
0,1,0.5947614
0,1,0.5671833
0,0,0.38647804
0,0,0.4768455
0,0,0.4232205
0,0,0.32164362
0,0,0.25523666
0,0,0.2128204
0,0,0.11040004
0,0,0.15756097
0,0,0.2802487
0,0,0.36048493
0,0,0.42899525
0,1,0.55709743
0,1,0.5245026
0,0,0.3453638
0,0,0.20360905
0,0,0.11820421
0,0,0.032375257
0,0,0.038738735
0,0,0.07275297
0,0,0.086106785
0,0,0.07943243
0,0,0.077536345
0,0,0.04642061
0,0,0.025083285
0,0,0.03591367
0,0,0.06033459
0,0,0.16039598
0,0,0.22058922
0,0,0.37463745
0,0,0.38388902
0,0,0.48305142
0,0,0.38971403
0,0,0.36453477
0,0,0.16561024
0,0,0.062059693
0,0,0.021843702
0,0,0.029993303
0,0,0.03834246
0,0,0.06307295
0,0,0.041357808
0,0,0.030712644
0,0,0.021855427
0,0,0.0147677
0,0,0.0075907246
0,0,0.010340121
0,0,0.009580895
0,0,0.019088468
0,0,0.030251326
0,0,0.059999917
0,0,0.08039557
0,0,0.09241599
0,0,0.1492432
0,0,0.25021932
0,0,0.34683663
0,0,0.33514512
0,0,0.27683
0,0,0.17742237
0,0,0.14758785
0,0,0.055580735
0,0,0.045709074
0,0,0.07692274
0,0,0.08340379
0,0,0.09314927
0,0,0.090793535
0,0,0.06914166
0,0,0.15989545
0,0,0.11364225
0,0,0.043758355
0,0,0.024400026
0,0,0.01740243
0,0,0.017472543
0,0,0.03186709
0,0,0.04981636
0,0,0.075017445
0,0,0.091996275
0,0,0.10469912
0,0,0.1217781
0,0,0.27024776
0,0,0.4338901
0,0,0.47224468
0,0,0.44396964
0,0,0.40030777
0,0,0.30914512
0,0,0.22652629
0,0,0.2770845
0,0,0.28409055
0,0,0.3443242
0,0,0.3384425
0,0,0.31865206
0,0,0.24367255
0,0,0.14158368
0,0,0.06945154
0,0,0.06486995
0,0,0.040541843
0,0,0.036929835
0,0,0.033250008
0,0,0.035656147
0,0,0.04617489
0,0,0.056545407
0,0,0.060761217
0,0,0.05350234
0,0,0.045032796
0,0,0.047424622
0,0,0.05717516
0,0,0.063147925
0,0,0.06954886
0,0,0.073357746
0,0,0.07543068
0,0,0.069067374
0,0,0.058198024
0,0,0.07749147
0,0,0.15085562
0,0,0.21619
0,0,0.21156165
0,0,0.18462095
0,0,0.15240414
0,0,0.14070751
0,0,0.1445129
0,0,0.1473797
0,0,0.16307119
0,0,0.21497296
0,0,0.21642208
0,0,0.30158317
0,0,0.3997254
0,0,0.36990255
0,0,0.2809215
0,0,0.22015744
0,0,0.14699267
0,0,0.10350223
0,0,0.12084877
0,0,0.14409783
0,0,0.18404591
0,0,0.18610318
0,0,0.20133573
0,0,0.23211887
0,0,0.23321535
0,0,0.226622
0,0,0.20385836
0,0,0.19861338
0,0,0.24741794
0,0,0.2819304
0,0,0.30174837
0,0,0.38503173
0,0,0.460376
0,1,0.5067172
0,1,0.51747227
0,1,0.5168015
0,1,0.5092532
0,0,0.46333653
0,0,0.3838556
0,0,0.275803
0,0,0.23385476
0,0,0.18713374
0,0,0.18868516
0,0,0.24312901
0,0,0.28500536
1,0,0.2650832
1,0,0.23683514
1,0,0.19933431
1,0,0.15817626
1,0,0.15138263
1,0,0.19004822
1,0,0.2320026
1,0,0.25889468
1,0,0.27854022
1,0,0.31552815
1,0,0.30059296
1,0,0.31894943
1,0,0.26987445
1,0,0.24279657
1,0,0.2251975
1,0,0.23200464
1,0,0.23473936
1,0,0.27438676
1,0,0.27989498
1,0,0.3113241
1,0,0.29147306
1,0,0.23654899
1,0,0.20859544
0,0,0.18548894
0,0,0.14479187
0,0,0.23279731
0,0,0.39090982
0,0,0.4722639
0,1,0.52526414
0,1,0.53288525
0,0,0.47380313
0,0,0.39628485
0,0,0.3650129
0,0,0.33508742
0,0,0.33736444
0,0,0.3019574
0,0,0.25864953
0,0,0.24960631
0,0,0.21078473
0,0,0.22007747
0,0,0.31727865
0,0,0.31345648
0,0,0.25345454
0,0,0.22585918
0,0,0.15860648
0,0,0.11091057
0,0,0.11684883
0,0,0.11958037
0,0,0.13973016
0,0,0.15090176
0,0,0.17840286
0,0,0.2517717
0,0,0.3177667
0,0,0.31942812
0,0,0.27188104
0,0,0.23504837
0,0,0.20733307
0,0,0.19878589
0,0,0.24061812
0,0,0.28905842
0,0,0.32031628
0,0,0.33042285
0,0,0.3552871
0,0,0.46216553
0,1,0.5294788
0,1,0.54451925
0,1,0.5383589
0,0,0.45809686
0,0,0.38380194
0,0,0.30824968
0,0,0.31692037
0,0,0.28782916
0,0,0.3114169
0,0,0.43164197
0,1,0.5288988
0,0,0.4666926
0,0,0.4954014
0,0,0.45235226
0,0,0.3488271
0,0,0.33413085
0,0,0.4302091
0,0,0.37908593
0,0,0.33197716
0,0,0.30126065
0,0,0.26211786
0,0,0.22999147
0,0,0.20175824
0,0,0.19351576
0,0,0.19515057
0,0,0.25766283
0,0,0.4146547
0,0,0.46853858
0,0,0.43063197
0,0,0.33845538
0,0,0.21995611
0,0,0.12535691
0,0,0.1391548
0,0,0.15485863
0,0,0.16744636
0,0,0.19518763
0,0,0.16229191
0,0,0.15454748
0,0,0.15210694
0,0,0.12387713
0,0,0.10444889
0,0,0.13682747
0,0,0.14269307
0,0,0.103295565
0,0,0.0832899
0,0,0.06894427
0,0,0.04512568
0,0,0.044583496
0,0,0.06716573
0,0,0.066608004
0,0,0.065662794
0,0,0.07982476
0,0,0.07967988
0,0,0.08981977
0,0,0.111739375
0,0,0.14293729
0,0,0.15678583
0,0,0.14913127
0,0,0.12282577
0,0,0.090812355
0,0,0.07294274
0,0,0.066003114
0,0,0.06327802
0,0,0.07015468
0,0,0.08491931
0,0,0.07907378
0,0,0.08153022
0,0,0.090422116
0,0,0.095826626
0,0,0.1058101
0,0,0.13214903
0,0,0.17606807
0,0,0.19828932
0,0,0.15004054
0,0,0.14328855
0,0,0.1396711
0,0,0.14723073
0,0,0.18607038
0,0,0.20708518
0,0,0.28226227
0,0,0.30881533
0,0,0.28445
0,0,0.32373196
0,0,0.25196224
0,0,0.16493835
0,0,0.11870508
0,0,0.089563005
0,0,0.08595832
0,0,0.11397849
0,0,0.16255341
0,0,0.21116433
0,0,0.23765187
0,0,0.24868077
0,0,0.2813547
0,0,0.3359882
0,0,0.44064078
0,0,0.46388638
0,0,0.4660637
0,1,0.5195064
0,1,0.58006644
0,1,0.5702264
0,0,0.458303
0,0,0.4145966
0,0,0.37626854
0,0,0.2740396
0,0,0.28254
0,0,0.17473266
0,0,0.085827954
0,0,0.0965497
0,0,0.112937346
0,0,0.21256171
0,0,0.32638225
0,0,0.32050323
0,0,0.21601763
0,0,0.13900174
0,0,0.11290021
0,0,0.0982162
0,0,0.15272981
0,0,0.15120107
0,0,0.111317754
0,0,0.08286142
0,0,0.09413567
0,0,0.19286484
0,0,0.24432683
0,0,0.19400592
0,0,0.2013858
0,0,0.18675002
0,0,0.22790396
0,0,0.258264
0,0,0.26951575
0,0,0.2137284
0,0,0.20451568
0,0,0.27606636
0,0,0.35207358
0,0,0.3014877
0,0,0.27084458
0,0,0.18657559
0,0,0.23118891
0,0,0.22368187
0,0,0.1663935
0,0,0.17232485
0,0,0.22247677
0,0,0.27165258
0,0,0.33866504
0,0,0.4297166
0,0,0.44414702
0,0,0.43337807
0,0,0.37493077
0,0,0.39936778
0,0,0.40026742
0,0,0.345389
0,0,0.35858414
0,0,0.33681333
0,0,0.23918985
0,0,0.27269506
0,0,0.44186416
0,0,0.4942584
0,1,0.51939315
0,0,0.36770928
0,0,0.23861898
0,0,0.09592334
0,0,0.1678063
0,0,0.15100615
0,0,0.16063619
0,0,0.14466743
0,0,0.12509543
0,0,0.16109481
0,0,0.18775097
0,0,0.2556687
0,0,0.3076149
0,0,0.36725047
0,0,0.36420497
0,0,0.41158104
0,0,0.43712234
0,0,0.37714556
0,0,0.332388
0,0,0.15022239
0,0,0.08883461
0,1,0.9887709
0,1,0.9088293
0,0,0.17029266
0,0,0.007229546
0,0,0.00161823
0,0,0.002452754
0,0,0.00735522
0,0,0.059528932
0,0,0.087591104
0,0,0.09544933
0,0,0.11420395
0,0,0.111608505
0,0,0.085807316
0,0,0.07610528
0,0,0.07059194
0,0,0.05775797
0,0,0.07451691
0,0,0.096588165
0,0,0.098920815
0,0,0.100928284
0,0,0.09101228
0,0,0.077321
0,0,0.063416354
0,0,0.06728211
0,0,0.075194836
0,0,0.03866919
0,0,0.021034056
0,0,0.015688207
0,0,0.013932109
0,0,0.004942554
0,0,0.0024395103
0,0,0.0024884366
0,0,0.0021809454
0,0,0.0057099503
0,0,0.13753001
0,0,0.26684728
0,0,0.122881785
0,0,0.043564003
0,0,0.013412376
0,0,0.010690571
0,0,0.017076608
0,0,0.015461863
0,0,0.012343121
0,0,0.011162109
0,0,0.01023816
0,0,0.007547659
0,0,0.009401729
0,0,0.008215429
0,0,0.012052706
0,0,0.0115482295
0,0,0.045736093
0,0,0.058092684
0,0,0.015112093
0,0,0.00576629
0,0,0.004316286
0,0,0.007312931
0,0,0.008817158
0,0,0.011661071
0,0,0.012903767
0,0,0.013599814
0,0,0.011452688
0,0,0.015086906
0,0,0.017332252
0,0,0.023701893
0,0,0.023091715
0,0,0.019664574
0,0,0.014663091
0,0,0.014849929
0,0,0.01991495
0,0,0.03030478
0,0,0.039688163
0,0,0.057836093
0,0,0.07501848
0,0,0.10184144
0,0,0.031160582
0,0,0.0045749694
0,0,0.0010701973
0,0,0.0017865117
0,0,0.0320058
0,0,0.22087759
0,0,0.32401133
0,0,0.19901669
0,0,0.06144213
0,0,0.025003
0,0,0.009352244
0,0,0.011160421
0,0,0.031753704
0,0,0.05977296
0,0,0.07751186
0,0,0.08673177
0,0,0.018190352
0,0,0.00974229
0,0,0.006770229
0,0,0.007784473
1,1,0.55895746
1,1,0.9709253
1,1,0.9507621
1,1,0.88057613
1,1,0.900806
1,1,0.8825748
1,1,0.95440555
1,1,0.95908785
1,1,0.84641737
1,1,0.664956
1,0,0.47519353
1,0,0.47090346
1,1,0.5230917
1,1,0.57233244
1,1,0.6599443
1,1,0.6863475
1,1,0.75601023
1,1,0.7761571
1,1,0.77042913
1,1,0.782509
1,1,0.7680367
1,1,0.81082296
1,1,0.84757316
1,1,0.95778275
1,1,0.9742654
1,1,0.91709125
1,1,0.83335364
1,1,0.7765387
1,1,0.8351772
1,1,0.8769218
1,1,0.8124686
1,1,0.76445156
1,1,0.76358104
1,1,0.7487015
1,1,0.7611742
1,1,0.7820924
1,1,0.8283811
1,1,0.8604767
1,1,0.8669856
1,1,0.8878135
1,1,0.90499026
1,1,0.91646916
1,1,0.88932
1,1,0.8635761
1,1,0.8296496
1,1,0.81717384
1,1,0.7662016
1,1,0.6812236
1,1,0.5595334
1,1,0.52768064
1,1,0.5462574
1,1,0.5938744
1,1,0.58440113
1,1,0.55533445
1,1,0.52148896
1,0,0.4793259
1,0,0.49317154
1,1,0.586805
1,1,0.66306657
1,1,0.6855917
1,1,0.7421889
1,1,0.8038819
1,1,0.8364859
1,1,0.8804678
1,1,0.8926076
1,1,0.9015698
1,1,0.8547684
1,1,0.7679801
1,1,0.7882717
1,1,0.88915145
1,1,0.82925457
1,1,0.76935863
1,1,0.76309896
1,1,0.7363285
1,1,0.7072074
1,1,0.6866697
1,1,0.68267375
1,1,0.7227905
1,1,0.76756704
1,1,0.7259122
1,1,0.7528917
1,1,0.8654353
1,1,0.82833594
1,1,0.79073477
1,1,0.74314165
1,1,0.6371283
1,1,0.5649908
1,1,0.513251
1,0,0.49858332
1,1,0.5105132
1,1,0.58425903
1,1,0.66533196
1,1,0.5530464
1,1,0.5024388
1,1,0.5629621
1,1,0.6920371
1,1,0.9177598
1,1,0.962457
1,1,0.9170154
1,1,0.85737276
1,1,0.81226397
1,1,0.8438567
1,1,0.8028856
1,1,0.6436324
1,1,0.59100276
1,1,0.657117
1,1,0.71668935
1,1,0.67317086
1,1,0.60830826
1,1,0.55451435
1,1,0.5924404
1,1,0.74730617
1,1,0.79923385
1,1,0.81328297
1,1,0.83463573
0,0,0.49514455
0,0,0.22229372
0,0,0.09983772
0,0,0.02591051
0,0,0.0039665066
0,0,0.008011558
0,0,0.014885303
0,0,0.014012781
0,0,0.014479431
0,0,0.018781416
0,0,0.0229274
0,0,0.016785113
0,0,0.013327725
0,0,0.008928937
0,0,0.007424187
0,0,0.013851495
0,0,0.024026424
0,0,0.034389835
0,0,0.037249926
0,0,0.03212621
0,0,0.04502063
0,0,0.047345325
0,0,0.039346956
0,0,0.048456643
0,0,0.04849288
0,0,0.07114597
0,0,0.09348099
0,0,0.07119496
0,0,0.048412807
0,0,0.05405518
0,0,0.071177945
0,0,0.08633151
0,0,0.012713823
0,0,0.0024327314
0,0,0.0009262282
0,0,0.00066467415
0,0,0.0013033007
0,0,0.007909551
0,0,0.037520017
0,0,0.052753173
0,0,0.023701098
0,0,0.0047013974
0,0,0.0015759907
0,0,0.00080581795
0,0,0.0006956878
0,0,0.0022823145
0,0,0.011181416
0,0,0.014556167
0,0,0.029868767
0,0,0.03943224
0,0,0.051169243
0,0,0.09158268
0,0,0.14016895
0,0,0.16077319
0,0,0.15483886
0,0,0.19896826
0,0,0.253201
0,0,0.23873816
0,0,0.21401137
1,1,0.981683
1,1,0.97042155
1,1,0.9204651
1,1,0.9135215
1,1,0.8037752
1,1,0.87277365
1,1,0.8827616
1,1,0.80070096
1,1,0.68454736
1,1,0.602233
1,1,0.60692847
1,1,0.64853954
1,1,0.6929332
1,1,0.75307953
1,1,0.75792986
1,1,0.79343814
1,1,0.8003839
1,1,0.90425265
1,1,0.93273765
1,1,0.8724654
1,1,0.8314681
1,1,0.8401079
1,1,0.79115504
1,1,0.5418453
1,1,0.59821874
1,1,0.5914286
1,1,0.58729416
1,1,0.5918596
1,1,0.57990444
1,1,0.5995074
1,1,0.6234201
1,1,0.5275601
1,1,0.5621353
1,1,0.6231124
1,1,0.7073765
1,1,0.8568784
1,1,0.90210074
1,1,0.87009126
1,1,0.85574716
1,1,0.88436735
1,1,0.9274264
1,1,0.9157857
1,1,0.8996078
1,1,0.843378
1,1,0.81871915
1,1,0.87216973
1,1,0.5043123
1,0,0.1975664
1,0,0.04011792
1,0,0.0058460105
1,0,0.0072472165
1,0,0.0091176815
1,0,0.0075339554
1,0,0.008082368
1,0,0.007103461
1,0,0.008938298
1,0,0.009415248
1,0,0.012150942
1,0,0.0069650356
1,0,0.0035666057
1,0,0.0042483616
1,0,0.005603164
1,0,0.0071542007
1,0,0.008468882
1,0,0.006661124
1,0,0.0041905595
1,0,0.0066898586
1,0,0.012845602
1,0,0.01138319
1,0,0.013849612
1,0,0.013867494
1,0,0.009280859
1,0,0.006324422
1,0,0.0060231998
1,0,0.007559906
1,0,0.0083084125
1,0,0.0056217527
1,0,0.009764691
1,0,0.0211512
1,0,0.011767286
1,0,0.008436842
1,0,0.010819122
1,0,0.018550169
1,0,0.027459623
1,0,0.027954979
1,0,0.015660062
1,0,0.005817576
1,0,0.0038796565
1,0,0.0022022987
1,0,0.002237619
1,0,0.0028965825
1,0,0.0044527557
1,0,0.007723878
1,0,0.014534133
1,0,0.014661003
1,0,0.011392366
1,0,0.008870991
1,0,0.008607967
1,0,0.0060280142
1,0,0.004895612
1,0,0.007411084
1,0,0.008096977
1,0,0.0068650683
1,0,0.0071696965
1,0,0.008038657
1,0,0.004536403
1,0,0.003132901
1,0,0.003115712
1,0,0.001966875
1,0,0.0045480803
1,0,0.004489275
1,0,0.008185857
1,0,0.0062235063
1,0,0.002721868
0,0,0.0025807177
0,0,0.009424793
0,0,0.022789236
0,0,0.03572533
0,0,0.06240283
0,0,0.06579202
0,0,0.038362034
0,0,0.022981353
0,0,0.018145217
0,0,0.0060254945
0,0,0.003978442
0,0,0.0026380194
0,0,0.004357656
0,0,0.018379651
0,0,0.035779092
0,0,0.038014486
0,0,0.026400026
0,0,0.031647414
0,0,0.041048307
0,0,0.038294878
0,0,0.0580058
0,0,0.05616727
0,0,0.050417557
0,0,0.03457044
0,0,0.022159511
0,0,0.02428875
0,0,0.05338658
0,0,0.09502966
0,0,0.10402586
0,0,0.09913192
0,0,0.0774322
0,0,0.062071245
0,0,0.04544322
0,0,0.03431127
0,0,0.031457957
0,0,0.035888832
0,0,0.038211327
0,0,0.0829794
0,0,0.1718173
0,0,0.16690086
0,0,0.123225085
0,0,0.11298321
0,0,0.10383587
0,0,0.093483515
0,0,0.10440883
0,0,0.086304106
0,0,0.35640875
0,0,0.32388055
0,0,0.28455248
0,0,0.13257723
0,0,0.15310547
0,0,0.15099058
0,0,0.1343517
0,0,0.12889661
0,0,0.13907629
0,0,0.19292708
0,0,0.27192873
0,0,0.29947364
0,0,0.33416048
0,0,0.37558487
0,0,0.27095857
0,0,0.19350499
0,0,0.19585426
0,0,0.2407401
0,0,0.20333771
0,0,0.22068341
0,0,0.25074452
0,0,0.3149808
0,0,0.34959948
0,0,0.3930798
0,0,0.41384363
0,1,0.50542146
0,1,0.51180744
0,1,0.55536926
0,0,0.48152304
0,0,0.4916991
0,1,0.54693615
0,1,0.7484302
0,1,0.75579995
0,1,0.6171649
0,1,0.55638546
0,1,0.6148576
0,1,0.71533465
0,1,0.6519948
0,1,0.69121236
0,1,0.8417044
0,1,0.7583111
0,1,0.6163053
0,1,0.5677839
0,1,0.6492106
0,1,0.66523
0,1,0.5794221
0,1,0.55238795
0,1,0.6985002
0,1,0.65659904
0,1,0.56486654
0,1,0.5425566
0,1,0.7185571
0,1,0.723476
0,1,0.6395301
0,1,0.59408176
0,1,0.65589887
0,1,0.637681
0,1,0.5546701
0,1,0.5529154
0,1,0.73049617
0,1,0.71321046
0,1,0.624535
0,1,0.5678911
0,1,0.62515366
0,1,0.64023095
0,1,0.559043
0,1,0.5221126
0,1,0.643195
0,1,0.6551125
0,1,0.5923015
0,1,0.6202238
0,1,0.8020687
0,1,0.7494103
0,1,0.5972412
0,1,0.54326254
0,1,0.5612261
0,1,0.599689
0,1,0.55795693
0,1,0.5405576
0,1,0.7147414
0,1,0.7315312
0,1,0.6240792
0,1,0.571949
0,1,0.6507968
0,1,0.61250544
0,1,0.5895736
0,1,0.65714854
0,1,0.878024
0,1,0.7798496
0,1,0.59742206
0,1,0.5613742
0,1,0.6119862
0,1,0.739537
0,1,0.6194923
0,1,0.6423821
0,1,0.7172678
0,1,0.7473234
0,1,0.5237859
0,1,0.5578836
0,1,0.5750276
0,1,0.52584153
0,1,0.5201468
0,1,0.5162967
0,1,0.5124518
0,1,0.55719393
0,1,0.62597686
0,1,0.6911574
0,1,0.7239627
0,1,0.7626815
0,1,0.82734096
0,1,0.85151803
0,1,0.8211461
0,1,0.8095878
0,1,0.7556898
0,1,0.76805717
0,1,0.79738057
0,1,0.79194564
1,1,0.6735034
1,1,0.6280418
1,1,0.5837233
1,1,0.60120034
1,1,0.6218096
1,1,0.575009
1,1,0.55631477
1,1,0.6192242
1,1,0.6609065
1,1,0.7046623
1,1,0.67490286
1,1,0.79803896
1,1,0.84703946
1,1,0.81986845
1,1,0.81983745
1,1,0.7884239
1,1,0.7918419
1,1,0.8034548
1,1,0.78573346
1,1,0.8361951
1,1,0.8204338
1,1,0.74424094
1,1,0.7968348
1,1,0.71508205
1,1,0.68797636
1,1,0.5440892
1,0,0.4462431
1,1,0.5645716
1,1,0.6066831
1,1,0.52989733
1,1,0.54857874
1,1,0.59718716
1,1,0.7561576
1,1,0.79794973
1,1,0.7651738
1,1,0.78597915
1,1,0.8525883
1,1,0.89840424
1,1,0.9360469
1,1,0.9334747
1,1,0.8761432
1,1,0.82653004
1,1,0.79677266
1,1,0.8427936
1,1,0.8443449
1,1,0.77873147
1,1,0.74271065
1,1,0.7395163
1,1,0.6676914
1,1,0.5986028
1,1,0.63633597
1,1,0.5677962
1,0,0.4553211
1,0,0.41839588
1,0,0.478102
1,0,0.46438602
1,0,0.4936904
1,1,0.57408834
1,1,0.6131695
1,1,0.59083724
1,0,0.4351202
1,0,0.36534783
1,0,0.40865165
1,1,0.58667463
1,1,0.768849
1,1,0.7484926
1,1,0.68097013
1,1,0.6274371
1,1,0.66975576
0,0,0.49773565
0,0,0.44598216
0,1,0.51791763
0,0,0.4442201
0,0,0.33788708
0,0,0.4302639
0,1,0.52831954
0,1,0.54833555
0,0,0.48693123
0,0,0.34844077
0,0,0.30984163
0,0,0.32718232
0,0,0.3219766
0,0,0.32393017
0,0,0.4225235
0,0,0.4813289
0,0,0.40694192
0,0,0.3458699
0,0,0.38851818
0,0,0.47450128
0,0,0.42138878
0,0,0.2754166
0,0,0.3307979
0,0,0.15738289
0,0,0.05374964
0,0,0.00696454
0,0,0.0007665086
0,0,0.00018723153
0,0,0.00022470286
0,0,0.00061957084
0,0,0.0059410753
0,0,0.016649581
0,0,0.013970876
0,0,0.011304835
0,0,0.003829108
0,0,0.0025443123
0,0,0.004564714
0,0,0.0061116405
0,0,0.002721569
0,0,0.0015749115
0,0,0.002133051
0,0,0.0022930806
0,0,0.001802274
0,0,0.0010233149
0,0,0.0005283968
0,0,0.00054847304
0,0,0.00050904293
0,0,0.0010054073
0,0,0.0019659402
0,0,0.0010116575
0,0,0.0008083674
0,0,0.0009996826
0,0,0.0013242932
0,0,0.0009816124
0,0,0.0007628546
0,0,0.0014700021
0,0,0.0011250002
0,0,0.00089536305
0,0,0.0007396431
0,0,0.00089046685
0,0,0.0010317675
0,0,0.0013874657
0,0,0.0013706692
0,0,0.0010449478
0,0,0.0006039439
0,0,0.0004963625
0,0,0.0006067508
0,0,0.0018525294
0,0,0.0059455372
0,0,0.0019101158
0,0,0.00080601993
0,0,0.0016279581
0,0,0.0036801524
0,0,0.0031777131
0,0,0.0009507889
0,0,0.0009533146
0,0,0.0015380285
0,0,0.0014686168
0,0,0.0006760529
0,0,0.0007368582
0,0,0.0017421575
0,0,0.0017283929
1,0,0.028538268
1,0,0.06120523
1,0,0.19981827
1,0,0.32587302
1,0,0.4337063
1,1,0.6246138
1,1,0.7671064
1,1,0.67382085
1,1,0.50386536
1,0,0.41479245
1,0,0.4452607
1,1,0.6066362
1,1,0.6367875
1,1,0.64745927
1,1,0.69345
1,1,0.65420514
1,1,0.62440723
1,1,0.59309435
1,1,0.6178776
1,1,0.5737795
1,1,0.6245145
1,1,0.62404966
1,1,0.5703604
1,1,0.5610528
1,1,0.5681734
1,1,0.6040347
1,1,0.6426739
1,1,0.65070915
1,1,0.577397
1,1,0.61121356
1,1,0.59102654
1,1,0.56829774
1,1,0.6244754
1,1,0.5853658
1,0,0.4847934
1,1,0.51852506
1,1,0.59019125
1,1,0.6317646
1,1,0.6538761
1,1,0.6524325
1,1,0.5943804
1,1,0.6292917
1,1,0.5797021
1,1,0.6128857
1,1,0.5760832
1,0,0.46254712
0,0,0.20016578
0,0,0.09691723
0,0,0.10874492
0,0,0.18786979
0,0,0.24701363
0,0,0.2771423
0,0,0.25814646
0,0,0.21114393
0,0,0.22325517
0,0,0.27990755
0,0,0.36470583
0,1,0.57934755
0,1,0.6933384
0,1,0.5442188
0,0,0.40251005
0,0,0.2704286
0,0,0.19211602
0,0,0.16307479
0,0,0.1626349
0,0,0.27162126
0,0,0.3017132
0,0,0.30534974
0,0,0.25552642
0,0,0.22902657
0,0,0.2824438
0,0,0.33563817
0,0,0.39820865
0,0,0.444715
0,0,0.44660124
0,0,0.4611168
0,0,0.43153164
0,0,0.41861355
0,0,0.40412968
0,0,0.37794846
0,0,0.3470656
0,0,0.36108848
0,0,0.37141258
0,0,0.39206535
0,0,0.3855967
0,0,0.38859114
0,0,0.41778854
0,0,0.38783705
0,0,0.38803193
0,0,0.42009062
0,0,0.41300812
0,0,0.38724983
0,0,0.3666842
0,0,0.33942485
0,0,0.34932655
0,0,0.36758402
0,0,0.42475095
0,0,0.4913163
0,0,0.48079517
0,0,0.3890863
0,0,0.29057333
0,0,0.27420464
0,0,0.29960886
0,0,0.35366362
0,0,0.39654747
0,0,0.41337466
0,0,0.4207049
0,0,0.40309444
0,0,0.3438033
0,0,0.28666314
0,0,0.24185802
0,0,0.2551167
0,0,0.2502537
0,0,0.3127566
1,0,0.336826
1,0,0.18940376
1,0,0.026933515
1,0,0.0028662016
1,0,0.0042109126
1,0,0.0023155347
1,0,0.0010104082
1,0,0.0007811796
1,0,0.0011603334
1,0,0.0025841764
1,0,0.017379737
1,0,0.007573803
1,0,0.0018758882
1,0,0.0016960156
1,0,0.0006501764
1,0,0.00032334708
1,0,0.00054186594
1,0,0.0008099651
1,0,0.0018831
1,0,0.0008441145
1,0,0.0009033306
1,0,0.003257338
1,0,0.00785105
1,0,0.00590179
1,0,0.005344011
1,0,0.010569956
1,0,0.0057702283
1,0,0.0010756786
1,0,0.00027395113
1,0,0.0006427808
1,0,0.0014382005
1,0,0.0014731782
1,0,0.00038134665
1,0,0.00034117207
1,0,0.0008910678
1,0,0.0013868886
1,0,0.00050353905
1,0,0.000118114105
1,0,0.00025218262
1,0,0.0020654497
1,0,0.008795802
1,0,0.005093191
1,0,0.0011448468
1,0,0.0015626097
1,0,0.0025211365
1,0,0.003398716
0,1,0.88539654
0,0,0.44335926
0,0,0.019343846
0,0,0.0036913448
0,0,0.0031916152
0,0,0.003488599
0,0,0.006947738
0,0,0.02912372
0,0,0.101784386
0,0,0.09117708
0,0,0.054269314
0,0,0.021837907
0,0,0.0100559145
0,0,0.01971795
0,0,0.057488706
0,0,0.053805955
0,0,0.09379947
0,0,0.1552505
0,0,0.17779627
0,0,0.15792115
0,0,0.14848794
0,0,0.12363681
0,0,0.124911875
0,0,0.19497927
0,0,0.14364362
0,0,0.16642982
0,0,0.11434012
0,0,0.059136163
0,0,0.17849566
0,0,0.1328684
0,0,0.1423682
0,0,0.12623431
0,0,0.1227256
0,0,0.11451345
0,0,0.08751791
0,0,0.10715545
0,0,0.118125245
0,0,0.079994455
0,0,0.06738601
0,0,0.059143163
0,0,0.04618474
0,0,0.02117718
0,0,0.028499013
0,0,0.07989974
0,0,0.08887301
0,0,0.06783503
0,0,0.049991623
0,0,0.044713166
0,0,0.0263792
0,0,0.014115001
0,0,0.030386038
0,0,0.060645327
0,0,0.057602778
0,0,0.06474788
0,0,0.116199255
0,0,0.09858131
0,0,0.089275755
0,0,0.11704861
0,0,0.11275769
0,0,0.1218342
0,0,0.1389249
0,0,0.076105915
0,0,0.042229794
0,0,0.043780517
0,0,0.040618394
0,0,0.04498088
0,0,0.0460529
0,0,0.03843697
0,0,0.040183656
0,0,0.04712211
0,0,0.05524525
0,0,0.059226725
0,0,0.059491817
0,0,0.07069565
0,0,0.07362985
0,0,0.0821017
0,0,0.094006404
0,0,0.08943933
0,0,0.07990857
0,0,0.07374147
0,0,0.05794078
0,0,0.055236574
0,0,0.060274273
0,0,0.054323036
0,0,0.045223303
0,0,0.044172287
0,0,0.05643948
0,0,0.073777854
0,0,0.09224097
0,0,0.100448385
0,0,0.08654838
0,0,0.07737661
0,0,0.09176481
0,0,0.087884314
0,1,0.92323995
0,1,0.990072
0,1,0.98412275
0,1,0.9735951
0,1,0.90492094
0,1,0.88603824
0,1,0.8851112
0,1,0.87997544
0,1,0.89157957
0,1,0.8748789
0,1,0.9279143
0,1,0.91821414
0,1,0.91329587
0,1,0.91504955
0,1,0.93149054
0,1,0.9031835
0,1,0.8426723
0,1,0.8696444
0,1,0.9111647
0,1,0.93805087
0,1,0.8524606
0,1,0.74612886
0,1,0.5964576
1,0,0.3907917
1,0,0.26913482
1,1,0.6230172
1,1,0.76042384
1,1,0.8799926
1,1,0.8927442
1,1,0.9276117
1,1,0.93820477
1,1,0.9386223
1,1,0.94915754
1,1,0.96743
1,1,0.96749383
1,1,0.98185056
1,1,0.9801143
1,1,0.91195923
1,1,0.86789995
1,1,0.8792303
1,1,0.8863132
1,1,0.93995756
1,1,0.9536985
1,1,0.95019054
1,1,0.9265815
1,1,0.8859835
1,1,0.92244804
1,1,0.93161356
1,1,0.97105557
1,1,0.97844124
1,1,0.9758915
1,1,0.97556823
1,1,0.9830048
1,1,0.9848894
1,1,0.98614967
1,1,0.98935145
1,1,0.9900309
1,1,0.98992145
1,1,0.99181163
1,1,0.9938933
1,1,0.98985773
1,1,0.9790091
1,1,0.9759971
1,1,0.9682711
1,1,0.9650119
1,1,0.9822625
1,1,0.9870603
1,1,0.9798599
1,1,0.97680044
0,1,0.9893048
0,1,0.99419135
0,1,0.99095273
0,1,0.98470414
0,1,0.98790574
0,1,0.9875843
0,1,0.9913374
0,1,0.9922815
0,1,0.9862555
0,1,0.9890049
0,1,0.99213237
0,1,0.98547333
0,1,0.9831699
0,1,0.9863266
0,1,0.97877204
0,1,0.98255473
0,1,0.9913974
0,1,0.9930737
0,1,0.9907382
0,1,0.9923189
0,1,0.9941561
0,1,0.9943374
0,1,0.99569845
1,1,0.986666
1,1,0.9800631
1,1,0.9666276
1,1,0.94784904
1,1,0.9381748
1,1,0.9676695
1,1,0.98151684
1,1,0.9838489
1,1,0.97904265
1,1,0.9751508
1,1,0.97058177
1,1,0.9717487
1,1,0.9857452
1,1,0.98673576
1,1,0.9766862
1,1,0.9612206
1,1,0.9554193
1,1,0.9595541
1,1,0.9656975
1,1,0.96649605
1,1,0.9605161
1,1,0.9343441
1,1,0.8933647
1,1,0.8291266
1,1,0.86615086
1,1,0.9160054
1,1,0.9314911
1,1,0.8906152
1,1,0.8825412
1,1,0.861261
1,1,0.8481168
1,1,0.82369787
1,1,0.8407932
1,1,0.7770798
1,1,0.80073065
1,1,0.8295542
1,1,0.85857964
1,1,0.92448556
1,1,0.94039804
1,1,0.9118221
1,1,0.89420015
1,1,0.9016073
1,1,0.9032566
1,1,0.88937527
1,1,0.86216635
1,1,0.87255895
1,1,0.89994204
1,1,0.9344146
1,1,0.92530525
1,1,0.9313378
1,1,0.9395803
1,1,0.92708796
1,1,0.9055205
1,1,0.8957973
1,1,0.897788
1,1,0.9180996
1,1,0.9354174
1,1,0.937741
1,1,0.9325297
1,1,0.9247449
1,1,0.927131
1,1,0.9098993
1,1,0.8907369
1,1,0.8872038
1,1,0.8824174
1,1,0.87247896
1,1,0.86666405
1,1,0.88713974
1,1,0.91274774
1,1,0.92701614
1,1,0.91594046
1,1,0.8928655
1,1,0.8973303
1,1,0.84780496
1,1,0.7621904
1,1,0.73866343
1,1,0.7776557
1,1,0.78438085
1,1,0.7526746
1,1,0.83973664
1,1,0.8604787
1,1,0.86680967
0,1,0.9868264
0,1,0.98950654
0,1,0.983987
0,1,0.96941525
0,1,0.9739923
0,1,0.98566586
0,1,0.9815367
0,1,0.9343837
0,1,0.90983474
0,1,0.930456
0,1,0.9649959
0,1,0.9760458
0,1,0.9802643
0,1,0.98307174
0,1,0.9833318
0,1,0.9749717
0,1,0.94562113
0,1,0.9178919
0,1,0.8799253
0,1,0.86345935
0,1,0.9074987
0,1,0.9322451
0,1,0.93012506
1,1,0.9584301
1,1,0.9791971
1,1,0.97734034
1,1,0.95602894
1,1,0.9707323
1,1,0.9890782
1,1,0.98786443
1,1,0.98011017
1,1,0.97749287
1,1,0.97665435
1,1,0.9767327
1,1,0.9718963
1,1,0.9716688
1,1,0.986016
1,1,0.98591006
1,1,0.99019194
1,1,0.9913862
1,1,0.9906103
1,1,0.9901198
1,1,0.9865376
1,1,0.9868752
1,1,0.98698425
1,1,0.9876956
0,1,0.9429259
0,1,0.8407594
0,1,0.69498754
0,0,0.21462843
0,0,0.08618675
0,0,0.14639144
0,0,0.24751961
0,0,0.21944751
0,0,0.10493024
0,0,0.05450555
0,0,0.030007794
0,0,0.014415176
0,0,0.009181071
0,0,0.0064908145
0,0,0.0045730113
0,0,0.0044723107
0,0,0.0041935714
0,0,0.005416355
0,0,0.013263506
0,0,0.016765593
0,0,0.026980346
0,0,0.037053872
0,0,0.07730065
0,0,0.12649934
0,0,0.12657641
0,0,0.0800443
0,0,0.040960494
0,0,0.018796427
0,0,0.009024586
0,0,0.0075018145
0,0,0.009256535
0,0,0.014828564
0,0,0.012987686
0,0,0.0069210427
0,0,0.004426427
0,0,0.017151007
0,0,0.08688406
0,0,0.06461812
0,0,0.029608166
0,0,0.016172942
0,0,0.010555158
0,0,0.010527219
0,0,0.020323712
0,0,0.05723658
0,0,0.19655937
0,0,0.22798145
0,0,0.16571243
0,0,0.18611853
0,0,0.13703658
0,0,0.105565235
0,0,0.14514394
0,0,0.12125196
0,0,0.10891697
0,0,0.08149413
0,0,0.047561977
0,0,0.049503222
0,0,0.0694441
0,0,0.08209524
0,0,0.071286075
0,0,0.090047844
0,0,0.10437623
0,0,0.05300154
0,0,0.024304135
0,0,0.014529454
0,0,0.021601753
0,0,0.031157011
0,0,0.023832442
0,0,0.020293105
0,0,0.016372219
0,0,0.028765703
0,0,0.0505422
0,0,0.04366259
0,0,0.05667114
0,0,0.07683458
0,0,0.104988605
0,0,0.1465882
0,0,0.20588376
0,0,0.25217816
0,0,0.16128953
0,0,0.07320737
0,0,0.07299939
0,0,0.061323803
0,0,0.082973085
0,0,0.13285278
0,0,0.14201315
0,0,0.09645218
0,0,0.039248288
0,0,0.016714755
0,0,0.017368559
0,0,0.029301833
0,0,0.0981143
0,0,0.110080026
0,0,0.08127296
0,0,0.088052295
0,0,0.10442804
0,0,0.16226712
0,0,0.13913064
0,0,0.05951293
0,0,0.052735813
0,0,0.04417597
0,0,0.04303912
0,0,0.05447926
0,0,0.06757615
0,0,0.063551255
0,0,0.057948742
0,0,0.068308495
0,0,0.12929605
0,0,0.21665056
0,0,0.1841805
0,0,0.20538072
0,0,0.23762478
0,0,0.35618263
0,0,0.41877726
0,0,0.34325308
0,0,0.31543443
0,0,0.20115432
0,0,0.14673352
0,1,0.776508
0,1,0.87400717
0,1,0.8954367
0,1,0.8463925
0,1,0.61985743
0,0,0.33832642
0,0,0.08449132
0,0,0.025394822
0,0,0.041965116
0,0,0.24103878
0,1,0.52427435
0,1,0.5492391
0,1,0.6069357
0,1,0.6646711
0,1,0.74666965
0,1,0.7474578
0,1,0.61731255
0,0,0.3335423
0,0,0.2456444
0,0,0.23115368
0,0,0.079054
0,0,0.05819826
0,0,0.13343173
0,0,0.37843144
0,1,0.64003736
0,1,0.75528884
0,1,0.74661756
0,1,0.78795874
0,1,0.72375745
0,1,0.6594236
0,1,0.7049124
0,1,0.7020459
0,1,0.72167504
0,1,0.6391483
0,1,0.7296179
0,1,0.8068369
0,1,0.81177026
0,1,0.8153377
0,1,0.81511176
0,1,0.8167205
0,1,0.6587884
0,0,0.44536182
0,0,0.32587174
0,0,0.39894965
0,0,0.39017048
0,0,0.42412493
0,1,0.54976004
0,1,0.6003342
0,0,0.38796502
0,1,0.5999336
0,1,0.7072392
0,1,0.7406883
0,1,0.668688
0,1,0.74893785
0,1,0.78810406
0,1,0.7916057
0,1,0.55696076
0,1,0.5961695
0,1,0.6225461
0,1,0.6717789
0,0,0.4385158
0,1,0.71559024
0,1,0.80743796
0,1,0.8135042
0,1,0.8197897
0,1,0.88733524
0,1,0.9133957
0,1,0.92996055
0,1,0.73028976
0,1,0.6015829
0,0,0.36460006
0,0,0.19365558
0,0,0.28399485
0,1,0.7944468
0,1,0.7827466
0,1,0.63138515
0,0,0.38934946
0,1,0.63900274
0,1,0.80360276
0,1,0.8927205
0,1,0.8324882
0,1,0.85339844
0,1,0.8287602
0,1,0.8006645
0,1,0.6638606
0,1,0.7650271
0,1,0.8143787
0,1,0.87499404
0,1,0.7825717
0,1,0.7423837
0,1,0.6968253
0,1,0.9652991
0,1,0.90216655
0,1,0.8476658
0,1,0.689546
0,1,0.55876917
0,0,0.46072754
0,0,0.24439572
0,0,0.2675985
0,0,0.39019302
0,0,0.39794132
0,0,0.3476224
0,0,0.28336394
0,0,0.36285627
0,0,0.38094422
0,0,0.4157146
0,0,0.41581887
0,0,0.3796384
0,0,0.37806222
0,0,0.3547931
0,0,0.3869402
0,0,0.49411583
0,1,0.55638564
0,1,0.7386649
0,1,0.7696998
0,1,0.8437612
0,1,0.7899562
0,1,0.81782365
0,1,0.6606748
0,1,0.5929091
0,0,0.43788424
0,0,0.4074267
0,0,0.3196434
0,0,0.25812358
0,0,0.27128395
0,0,0.2896608
0,0,0.29947564
0,0,0.29279724
0,0,0.32899764
0,0,0.32720435
0,0,0.36585432
0,0,0.46556056
0,0,0.46494246
0,0,0.34286913
0,0,0.2540166
0,0,0.27911043
0,0,0.25179893
1,0,0.25551248
1,0,0.31563184
1,1,0.53228754
1,1,0.90383935
1,1,0.9672285
1,1,0.9701432
1,1,0.96903145
1,1,0.9608431
1,1,0.9580317
1,1,0.97508097
1,1,0.9755941
1,1,0.97326446
1,1,0.94800425
1,1,0.90849876
1,1,0.8835723
1,1,0.85509694
1,1,0.84746546
1,1,0.8984792
1,1,0.962536
1,1,0.9732766
1,1,0.9666355
1,1,0.95573777
1,1,0.94413006
0,1,0.8054768
0,1,0.51026005
0,0,0.36352015
0,0,0.30323467
0,0,0.3623493
0,0,0.3790203
0,0,0.41146234
0,0,0.48358148
0,1,0.52956706
0,1,0.5725766
0,1,0.57092285
0,1,0.5166689
0,0,0.4144202
0,0,0.3926228
0,0,0.35772994
0,0,0.42553362
0,0,0.3826867
0,0,0.30149838
0,0,0.3264395
0,0,0.28236017
0,0,0.31862715
0,0,0.33818787
0,0,0.32612136
1,0,0.4467557
1,1,0.622852
1,1,0.7298166
1,1,0.8039127
1,1,0.8763458
1,1,0.8570871
1,1,0.83757186
1,1,0.8421402
1,1,0.86668915
1,1,0.8867684
1,1,0.8450634
1,1,0.7990466
1,1,0.84400773
1,1,0.8241387
1,1,0.7281253
1,1,0.6664466
1,1,0.7327732
1,1,0.8540545
1,1,0.90780467
1,1,0.9168083
1,1,0.9431603
1,1,0.8850997
1,1,0.7306015
0,0,0.29879403
0,0,0.22012316
0,0,0.28204623
0,1,0.530045
0,0,0.21314839
0,0,0.23116355
0,0,0.24015822
0,0,0.22569378
0,0,0.23474956
0,0,0.2384786
0,0,0.23423268
0,0,0.18747346
0,0,0.20221806
0,0,0.23722053
0,0,0.2440527
0,0,0.29568237
0,0,0.4107722
0,0,0.38313547
0,0,0.2525035
0,0,0.14604579
0,0,0.07376247
0,0,0.06159339
0,0,0.06994968
0,0,0.06404651
0,0,0.055846497
0,0,0.05466242
0,0,0.046786357
0,0,0.03824971
0,0,0.038871516
0,0,0.03908846
0,0,0.03689881
0,0,0.033968065
0,0,0.03359477
0,0,0.027008938
0,0,0.026567398
0,0,0.04703911
0,0,0.19531938
0,0,0.47068518
0,1,0.5445169
0,0,0.38013032
0,0,0.33498976
0,0,0.43356976
0,0,0.23645127
0,0,0.18303701
0,0,0.14318791
0,0,0.11441811
0,0,0.07975479
0,0,0.06867686
0,0,0.07564011
0,0,0.07915696
0,0,0.07915477
0,0,0.085589744
0,0,0.108094715
0,0,0.12205255
0,0,0.15427265
0,0,0.21489522
0,0,0.23729853
0,0,0.22830497
0,0,0.21489576
0,1,0.7076276
0,1,0.61941826
0,0,0.4814687
0,0,0.33483195
0,0,0.3077109
0,0,0.35686177
0,0,0.3072311
0,0,0.2943439
0,0,0.29044694
0,0,0.29392937
0,0,0.32533446
0,0,0.33260718
0,0,0.3068828
0,0,0.2664949
0,0,0.29129428
0,0,0.34486994
0,0,0.39698946
0,0,0.3796105
0,0,0.33225462
0,0,0.29328254
0,0,0.22613852
0,0,0.285948
0,0,0.31101876
1,0,0.28976434
1,0,0.3077858
1,0,0.28043896
1,0,0.27978346
1,0,0.25985828
1,0,0.25429776
1,0,0.22664481
1,0,0.20181857
1,0,0.26186198
1,0,0.2943356
1,0,0.28812686
1,0,0.3169185
1,0,0.36619928
1,0,0.3628529
1,0,0.32745665
1,0,0.4300589
1,1,0.558718
1,1,0.6385375
1,1,0.62047815
1,1,0.6371854
1,1,0.70714223
1,1,0.6765107
1,0,0.4913729
0,0,0.15437607
0,0,0.09771729
0,0,0.22120976
0,1,0.6986462
0,1,0.7649898
0,1,0.83821255
0,1,0.8888892
0,1,0.88675666
0,1,0.8608133
0,1,0.85745573
0,1,0.8294931
0,1,0.82109195
0,1,0.85498315
0,1,0.8169069
0,1,0.7131243
0,1,0.64697
0,1,0.58689886
0,1,0.5995237
0,1,0.60514146
0,1,0.68581456
0,1,0.72705406
0,1,0.72288233
0,1,0.6893231
0,1,0.63502353
0,1,0.6385655
0,1,0.69086754
0,1,0.74017805
0,1,0.76197064
0,1,0.77770877
0,1,0.78226125
0,1,0.7968541
0,1,0.79294986
0,1,0.76336104
0,1,0.7245076
0,1,0.709689
0,1,0.74075556
0,1,0.7579191
0,1,0.7602453
0,1,0.7875836
0,1,0.82632047
0,1,0.8623422
0,1,0.8733701
0,1,0.8686297
0,1,0.8518441
0,1,0.82746464
0,1,0.78086835
0,1,0.7875437
0,1,0.7925348
0,1,0.81580234
0,1,0.8135353
0,1,0.79375917
0,1,0.74204683
0,1,0.6036983
0,1,0.69371724
0,1,0.79114574
0,1,0.85918254
0,1,0.9078497
0,1,0.9193888
0,1,0.9095678
0,1,0.8754432
0,1,0.83913475
0,1,0.82846963
0,1,0.8047238
0,1,0.77682585
0,1,0.7445628
0,1,0.7169981
0,1,0.71617126
0,1,0.74962735
0,1,0.7614973
0,1,0.75321794
0,1,0.6710626
0,0,0.42147848
0,0,0.16361943
0,0,0.08930888
0,0,0.053758323
0,0,0.039931227
0,0,0.07184786
0,0,0.15094993
0,0,0.25049204
0,0,0.37616405
0,0,0.3677456
0,0,0.2011659
0,0,0.11526625
0,0,0.16088003
0,0,0.21837382
0,0,0.20223126
0,0,0.17751572
0,0,0.17148563
0,0,0.15124448
0,0,0.12484947
0,0,0.12998123
0,0,0.12901944
0,0,0.11090441
0,0,0.10897961
0,0,0.10643084
0,0,0.12571141
0,0,0.12030301
0,0,0.110607155
0,0,0.10900905
0,0,0.06296445
0,0,0.024799757
0,0,0.018371658
0,0,0.01343757
0,0,0.013263948
0,0,0.03477324
0,0,0.10507143
0,0,0.11742432
0,0,0.13501461
0,0,0.12898178
0,0,0.1667434
0,0,0.15063953
0,0,0.13262245
0,0,0.123506814
0,0,0.112858124
0,0,0.005171047
0,0,0.0023041198
0,0,0.009410096
0,0,0.048535403
0,0,0.13873065
0,0,0.13735451
0,0,0.14436775
0,0,0.16599023
0,0,0.18228798
0,0,0.19579679
0,0,0.19340727
0,0,0.1811223
0,0,0.1648855
0,0,0.15441525
0,0,0.15343827
0,0,0.158241
0,0,0.1655776
0,0,0.16376258
0,0,0.16344684
0,0,0.17671861
0,0,0.1864116
0,0,0.18570618
0,0,0.18288434
0,0,0.2942661
0,0,0.29625282
0,0,0.26891443
0,0,0.28252155
0,0,0.22296214
0,0,0.15180315
0,0,0.13666433
0,0,0.13763714
0,0,0.14596197
0,0,0.16249992
0,0,0.19624764
0,0,0.20377763
0,0,0.21774748
0,0,0.23189208
0,0,0.23594525
0,0,0.23592134
0,0,0.25252694
0,0,0.23553117
0,0,0.2598139
0,0,0.2727019
0,0,0.2597512
0,0,0.23461066
0,0,0.23838678
0,0,0.23505913
0,0,0.22223839
0,0,0.20826179
0,0,0.22488163
0,0,0.22239716
0,0,0.20454063
0,0,0.1976151
0,0,0.22082366
0,0,0.22354387
0,0,0.19921066
0,0,0.18680501
0,0,0.20580597
0,0,0.22120829
0,0,0.20602371
0,0,0.19680062
0,0,0.19860026
0,0,0.19007559
0,0,0.16744465
0,0,0.18547778
0,0,0.22202775
0,0,0.22274473
0,0,0.21367685
0,0,0.19283842
0,0,0.17025729
0,0,0.16275263
0,0,0.15428016
0,0,0.16500197
0,0,0.19800007
0,0,0.20898643
0,0,0.19175297
0,0,0.17911659
0,0,0.17024733
0,0,0.15375347
0,0,0.13798235
0,0,0.1425494
0,0,0.14080662
0,0,0.14887233
0,0,0.15744741
0,0,0.15053144
0,0,0.13633509
0,0,0.12260996
0,0,0.10698103
0,0,0.119307026
0,0,0.14772253
0,0,0.16267519
0,0,0.16282564
0,0,0.16278814
0,0,0.1725208
1,0,0.18267183
1,0,0.16874819
1,0,0.15287177
1,0,0.13089271
1,0,0.10661563
1,0,0.092525855
1,0,0.098333694
1,0,0.10552048
1,0,0.11632759
1,0,0.12340216
1,0,0.13005958
1,0,0.13895623
1,0,0.13101456
1,0,0.13303071
1,0,0.13490431
1,0,0.12561616
1,0,0.112162925
1,0,0.10046715
1,0,0.09448731
1,0,0.09501899
1,0,0.087685525
1,0,0.093911946
1,0,0.09274354
1,0,0.10112756
1,0,0.10207909
1,0,0.10576356
1,0,0.11055374
1,0,0.11486148
1,0,0.11890141
1,0,0.1436875
1,0,0.14425787
1,0,0.1314011
1,0,0.12374321
1,0,0.1114456
1,0,0.110816404
1,0,0.123955555
1,0,0.13259786
1,0,0.1324989
1,0,0.11696924
1,0,0.10793034
1,0,0.09964804
1,0,0.09044061
1,0,0.093206175
1,0,0.106161214
1,0,0.12901586
1,0,0.14597318
1,0,0.16784973
1,0,0.18434851
1,0,0.17820033
1,0,0.16371942
1,0,0.15232861
1,0,0.1339728
1,0,0.12674174
1,0,0.12655194
1,0,0.14696343
1,0,0.18856649
1,0,0.24978885
1,0,0.2953841
1,0,0.29346168
1,0,0.26875162
1,0,0.22446634
1,0,0.19924408
1,0,0.18962294
1,0,0.17958039
1,0,0.1703525
1,0,0.16022184
1,0,0.1589617
1,0,0.16555072
1,0,0.16531767
1,0,0.15031104
1,0,0.12807968
1,0,0.11592701
1,0,0.12628429
1,0,0.15286408
1,0,0.17571779
1,0,0.16013291
1,0,0.12617028
1,0,0.11050072
1,0,0.10260942
1,0,0.11441755
1,0,0.13320151
1,0,0.13952154
1,0,0.15898073
1,0,0.17389448
1,0,0.17186002
1,0,0.16178954
1,0,0.1530949
1,0,0.14472906
1,0,0.14756265
1,0,0.14949602
1,0,0.14438581
1,0,0.137237
1,0,0.13197184
1,0,0.122635834
1,0,0.12821811
1,0,0.14963992
1,0,0.18370387
1,0,0.2002051
1,0,0.20923175
1,0,0.1953753
1,0,0.18931755
1,0,0.1887876
1,0,0.1938154
1,0,0.18645717
1,0,0.1803
1,0,0.17476878
1,0,0.18808156
1,0,0.18567534
1,0,0.19565204
1,0,0.22213158
1,0,0.27126053
1,0,0.32835206
1,0,0.32392326
1,0,0.29500782
1,0,0.29199904
0,0,0.22957364
0,0,0.16803075
0,0,0.16118126
0,0,0.13845773
0,0,0.13039102
0,0,0.15326485
0,0,0.1621219
0,0,0.15204482
0,0,0.16034192
0,0,0.16925125
0,0,0.1603281
0,0,0.15838766
0,0,0.1605392
0,0,0.15119657
0,0,0.14412655
0,0,0.14385279
0,0,0.14297126
0,0,0.13781515
0,0,0.15176249
0,0,0.17442037
0,0,0.1870111
0,0,0.19849704
0,0,0.22316363
1,0,0.21375394
1,0,0.17493333
1,0,0.15321346
1,0,0.14320488
1,0,0.12733267
1,0,0.12753457
1,0,0.13775952
1,0,0.13847582
1,0,0.13430975
1,0,0.13809626
1,0,0.14661641
1,0,0.15682274
1,0,0.16055264
1,0,0.15785855
1,0,0.15124938
1,0,0.14457066
1,0,0.15255553
1,0,0.15158467
1,0,0.13576621
1,0,0.12157186
1,0,0.10187412
1,0,0.093931735
1,0,0.09865079
0,0,0.13234164
0,0,0.14481999
0,0,0.13534574
0,0,0.134198
0,0,0.12445914
0,0,0.10913072
0,0,0.12883891
0,0,0.14714149
0,0,0.16639681
0,0,0.19050607
0,0,0.21104044
0,0,0.22492038
0,0,0.22935998
0,0,0.22735702
0,0,0.22205877
0,0,0.20948397
0,0,0.19786592
0,0,0.20139557
0,0,0.20904696
0,0,0.2065592
0,0,0.20613977
0,0,0.21071528
0,0,0.20827194
0,0,0.20809387
0,0,0.2060035
0,0,0.19476289
0,0,0.1870217
0,0,0.18340482
0,0,0.17776014
0,0,0.17620993
0,0,0.18238258
0,0,0.18560614
0,0,0.1884789
0,0,0.19565675
0,0,0.20265034
0,0,0.20757549
0,0,0.2171258
0,0,0.2269246
0,0,0.22334684
0,0,0.209082
0,0,0.20104702
0,0,0.20124523
0,0,0.20530689
0,0,0.22289218
0,0,0.23156382
0,0,0.22784197
0,0,0.22561267
0,0,0.23733863
0,0,0.23112386
0,0,0.20767209
0,0,0.20434605
0,0,0.2147566
0,0,0.20472524
0,0,0.20408568
0,0,0.21531124
0,0,0.2219508
0,0,0.22899412
0,0,0.2278069
0,0,0.2208289
0,0,0.21753305
0,0,0.20801425
0,0,0.19928548
0,0,0.19721173
0,0,0.1982151
0,0,0.19969183
0,0,0.1928433
0,0,0.18575056
0,0,0.17910086
1,0,0.16793539
1,0,0.15900855
1,0,0.16267127
1,0,0.16088556
1,0,0.15335542
1,0,0.14537013
1,0,0.14059481
1,0,0.13484894
1,0,0.13402548
1,0,0.1407015
1,0,0.14958033
1,0,0.15040274
1,0,0.15081355
1,0,0.15183735
1,0,0.16079216
1,0,0.16997372
1,0,0.17176878
1,0,0.16553673
1,0,0.16707335
1,0,0.17285757
1,0,0.18205571
1,0,0.19405524
1,0,0.18538861
1,0,0.15698013
1,0,0.13177127
1,0,0.11347177
1,0,0.105791695
1,0,0.11535423
1,0,0.13426912
1,0,0.15833719
1,0,0.15281872
1,0,0.1396385
1,0,0.13126627
1,0,0.116107054
1,0,0.10796047
1,0,0.114295855
1,0,0.1117403
1,0,0.10841786
1,0,0.115612954
1,0,0.1266221
1,0,0.14427263
1,0,0.15316026
1,0,0.14334477
1,0,0.119826354
1,0,0.09650209
1,0,0.08793111
0,0,0.0145380115
0,0,0.03997313
0,0,0.07437141
0,0,0.14350836
0,0,0.16554932
0,0,0.09985298
0,0,0.049963143
0,0,0.03620564
0,0,0.033865795
0,0,0.027238559
0,0,0.024197895
0,0,0.024951573
0,0,0.02305006
0,0,0.025516028
0,0,0.027197668
0,0,0.022885896
0,0,0.020862173
0,0,0.017670948
0,0,0.014603781
0,0,0.016340794
0,0,0.02163664
0,0,0.026294323
0,0,0.037480775
0,0,0.110078014
0,0,0.32999122
0,0,0.49849877
0,0,0.35311574
0,0,0.20371313
0,0,0.06813537
0,0,0.06344634
0,0,0.09014365
0,0,0.18643484
0,0,0.22295108
0,0,0.1721468
0,0,0.09600018
0,0,0.084582426
0,0,0.087208085
0,0,0.101887204
0,0,0.15271203
0,0,0.22100377
0,0,0.21334314
0,0,0.18624508
0,0,0.18836023
0,0,0.18414092
0,0,0.26262683
0,0,0.49383068
0,1,0.6386384
0,1,0.63135177
0,1,0.6862083
0,1,0.64900374
0,0,0.3679181
0,0,0.14374009
0,0,0.09639495
0,0,0.063670635
0,0,0.051828817
0,0,0.058129065
0,0,0.056270972
0,0,0.049989037
0,0,0.048472673
0,0,0.050695933
0,0,0.05619913
0,0,0.0623962
0,0,0.05826953
0,0,0.056203455
0,0,0.05662476
0,0,0.06760429
0,0,0.08497242
0,0,0.077565834
0,0,0.059834998
0,0,0.05364085
0,0,0.045256052
0,0,0.040973514
0,0,0.05292522
0,0,0.07650387
0,0,0.0842468
0,0,0.09435244
0,0,0.110345356
0,0,0.107908316
0,0,0.09891001
0,0,0.06728455
0,0,0.047515012
0,0,0.040262587
0,0,0.03593902
0,0,0.04093025
0,0,0.05779997
0,0,0.06284315
0,0,0.059723616
0,0,0.061614875
0,0,0.06286866
0,0,0.06700411
0,0,0.0691187
0,0,0.06367092
0,0,0.06469966
0,0,0.07713957
1,1,0.59576714
1,1,0.8831088
1,1,0.9586746
1,1,0.9712326
1,1,0.95913005
1,1,0.94203806
1,1,0.89765555
1,1,0.81684333
1,1,0.7635557
1,1,0.78205264
1,1,0.7554541
1,1,0.6918063
1,1,0.64279073
1,1,0.59003603
1,1,0.7024854
1,1,0.80630934
1,1,0.8134621
1,1,0.7606369
1,1,0.71781343
1,1,0.73631847
1,1,0.5699539
1,1,0.51051867
1,1,0.57191634
1,1,0.68438685
1,1,0.86195624
1,1,0.94525373
1,1,0.9671066
1,1,0.9640961
1,1,0.9554483
1,1,0.9737327
1,1,0.97192806
1,1,0.97728354
1,1,0.97716695
1,1,0.94111735
1,1,0.69033414
1,1,0.72128844
1,0,0.23190267
1,0,0.49249718
1,1,0.9015232
1,1,0.8780896
1,1,0.9202393
1,1,0.9146695
1,1,0.84416485
1,0,0.43442234
1,0,0.47479278
1,0,0.43444067
1,0,0.43124107
1,1,0.81355554
1,1,0.70865244
1,1,0.92009455
1,1,0.95907325
1,1,0.9496469
1,1,0.93405855
1,1,0.92379904
1,1,0.9344376
1,1,0.9448204
1,1,0.9481081
1,1,0.9516259
1,1,0.9492452
1,1,0.9438579
1,1,0.9604664
1,1,0.9607427
1,1,0.9569644
1,1,0.95639765
1,1,0.9325785
1,1,0.9180212
1,1,0.93113476
1,1,0.9183553
1,1,0.85884124
1,1,0.86848646
1,1,0.9385188
1,1,0.96740526
1,1,0.9815244
1,1,0.9665269
1,1,0.94648546
1,1,0.8619816
1,1,0.82108647
1,1,0.9062445
1,1,0.8642137
1,1,0.96022093
1,1,0.9829381
1,1,0.9729782
1,1,0.96595275
1,1,0.9345591
1,1,0.9232862
1,1,0.9642397
1,1,0.9485834
1,1,0.9334827
1,1,0.9141436
1,1,0.8528677
1,1,0.8607939
1,1,0.8869952
1,1,0.9761979
1,1,0.98962235
1,1,0.9863876
1,1,0.93110377
1,1,0.74493223
1,1,0.5896508
1,0,0.083385095
1,1,0.63844585
1,1,0.92156196
1,1,0.9529775
1,1,0.96144164
1,1,0.9555819
1,1,0.9596757
1,1,0.9453487
1,1,0.9101522
1,1,0.8971542
1,1,0.90192354
1,1,0.91262865
1,1,0.9054878
1,1,0.8838774
1,1,0.92872703
1,1,0.9637058
1,1,0.95577896
0,0,0.46112385
0,0,0.16375294
0,0,0.07575226
0,0,0.04953089
0,0,0.06867321
0,0,0.070825584
0,0,0.078724876
0,0,0.073626906
0,0,0.074194424
0,0,0.07326441
0,0,0.07275469
0,0,0.07365654
0,0,0.06627616
0,0,0.057852738
0,0,0.052145403
0,0,0.04615533
0,0,0.040594988
0,0,0.045394484
0,0,0.05408391
0,0,0.061930068
0,0,0.073294625
0,0,0.074692704
0,0,0.06718131
0,0,0.05803377
0,0,0.051020227
0,0,0.048430476
0,0,0.05272788
0,0,0.057252623
0,0,0.062303063
0,0,0.063330725
0,0,0.067601494
0,0,0.07274618
0,0,0.076806076
0,0,0.111007154
0,0,0.20035121
0,0,0.24347095
0,0,0.2178104
0,0,0.19615155
0,0,0.14400898
0,0,0.107550226
0,0,0.08558076
0,0,0.062572904
0,0,0.056505535
0,0,0.054122884
0,0,0.056047846
0,0,0.07127478
0,0,0.08672992
0,0,0.07724748
0,0,0.06590411
0,0,0.06632861
0,0,0.06418402
0,0,0.06315813
0,0,0.066734724
0,0,0.06299585
0,0,0.060981203
0,0,0.05815823
0,0,0.058914546
0,0,0.06592472
0,0,0.073564366
1,1,0.86239344
1,1,0.9873784
1,1,0.99172455
1,1,0.99090135
1,1,0.9824196
1,1,0.95623904
1,1,0.90025216
1,1,0.8316817
1,1,0.87000245
1,1,0.856505
1,1,0.9328361
1,1,0.92378634
1,1,0.88565433
1,1,0.93073887
1,1,0.93227506
1,1,0.9612814
1,1,0.94587386
1,1,0.91984034
1,1,0.78279215
1,1,0.68921363
1,1,0.51614153
1,0,0.38174763
1,0,0.25880727
1,1,0.54069465
1,1,0.84565496
1,1,0.85593605
1,1,0.85385066
1,1,0.9104603
1,1,0.9410783
1,1,0.95541817
1,1,0.96527773
1,1,0.9754522
1,1,0.9671349
1,1,0.96399593
1,1,0.9727409
1,1,0.9787064
1,1,0.978686
1,1,0.9670254
1,1,0.9594673
1,1,0.96280354
1,1,0.97239166
1,1,0.97468626
1,1,0.9742509
1,1,0.98050445
1,1,0.97920555
1,1,0.97444236
1,1,0.62344444
1,0,0.2877041
1,0,0.08939423
1,0,0.018956421
1,0,0.034677036
1,0,0.05351977
1,0,0.08435671
1,0,0.10283812
1,0,0.08322339
1,0,0.052528936
1,0,0.04294592
1,0,0.042399693
1,0,0.04630451
1,0,0.055250492
1,0,0.058757767
1,0,0.054787137
1,0,0.05349585
1,0,0.05255388
1,0,0.053009942
1,0,0.05272933
1,0,0.05499942
1,0,0.05484959
1,0,0.054018695
1,0,0.05731118
1,0,0.066342264
1,0,0.07022874
1,0,0.07349523
1,0,0.07567143
1,0,0.05679789
1,0,0.041401256
1,0,0.039841656
1,0,0.043377906
1,0,0.045508787
1,0,0.04748616
1,0,0.059503105
1,0,0.06856483
1,0,0.06893334
1,0,0.067425355
1,0,0.07078806
1,0,0.08165197
1,0,0.096370935
1,0,0.10154737
1,0,0.0902241
1,0,0.07897575
1,0,0.057056647
1,0,0.03929387
1,0,0.046532154
1,0,0.056867663
1,0,0.06815341
1,0,0.10159828
1,0,0.1475149
1,0,0.12607205
1,0,0.097360015
1,0,0.082745105
1,0,0.06725056
1,0,0.05499287
1,0,0.05901482
1,0,0.075313956
1,0,0.097245045
1,0,0.08910226
1,0,0.06637888
1,0,0.053648468
1,0,0.051432215
1,0,0.053128365
1,0,0.0684837
1,0,0.08686498
1,0,0.101155974
1,0,0.12047927
1,0,0.10188331
1,0,0.09064373
1,0,0.08929646
1,0,0.07755456
1,0,0.07769852
1,0,0.09638172
1,0,0.20950639
1,0,0.48600498
1,1,0.6551265
1,1,0.6201756
1,1,0.585732
1,0,0.43598834
1,0,0.2677826
1,0,0.1977415
1,0,0.174195
1,0,0.14812748
1,0,0.12697288
1,0,0.13132572
1,0,0.13508701
1,0,0.124695264
1,0,0.078849494
1,0,0.03774924
1,0,0.026642233
1,0,0.031473655
1,0,0.03201827
1,0,0.03736112
1,0,0.05818434
1,0,0.06965995
1,0,0.07850691
1,0,0.10486771
1,0,0.13772596
1,0,0.15530466
1,0,0.16401042
1,0,0.15664893
1,0,0.15378678
1,0,0.1352102
1,0,0.107573316
1,0,0.097721495
1,0,0.093568355
1,0,0.0709
1,0,0.053139664
1,0,0.05164436
1,0,0.05341654
1,0,0.06344059
1,0,0.07703441
1,0,0.07588506
0,0,0.002031893
0,0,0.0024009084
0,0,0.0024437718
0,0,0.008060618
0,0,0.010635529
0,0,0.009104397
0,0,0.0058827526
0,0,0.0073182015
0,0,0.013482221
0,0,0.010858017
0,0,0.011273443
0,0,0.006546986
0,0,0.0054442557
0,0,0.0057022884
0,0,0.0051129144
0,0,0.007105694
0,0,0.0069638714
0,0,0.006721063
0,0,0.0074243625
0,0,0.0055443347
0,0,0.005739842
0,0,0.006587247
0,0,0.0062409695
1,0,0.03553476
1,0,0.31896108
1,0,0.36972564
1,0,0.485699
1,1,0.6905053
1,1,0.8320435
1,1,0.8897541
1,1,0.8298713
1,1,0.7985321
1,1,0.81912905
1,1,0.5275196
1,0,0.32283357
1,0,0.3194413
1,0,0.29970518
1,1,0.5956742
1,1,0.690533
1,0,0.37377676
1,0,0.39195532
1,0,0.122277275
1,0,0.047944866
1,0,0.042389713
1,0,0.035185713
1,0,0.093906224
1,0,0.20024805
1,0,0.28946975
1,0,0.29674557
1,0,0.3548253
1,0,0.4458079
1,0,0.44095364
1,1,0.5565985
1,1,0.6015388
1,1,0.563195
1,1,0.5406231
1,1,0.5114024
1,1,0.5294444
1,0,0.41759127
1,1,0.50437623
1,0,0.39589766
1,0,0.26154354
1,0,0.37573448
1,0,0.34492868
1,1,0.5163261
1,1,0.55474955
1,0,0.38481188
1,0,0.43110907
1,0,0.37344667
1,0,0.22226891
1,0,0.2090409
1,0,0.15756999
1,0,0.11395814
1,0,0.026219832
1,0,0.007767497
1,0,0.0054084077
1,0,0.004212379
1,0,0.0058705676
1,0,0.0067745047
1,0,0.008020843
1,0,0.013653765
1,0,0.018177273
1,0,0.012403419
1,0,0.015303395
1,0,0.028350294
1,0,0.029169137
1,0,0.038895518
1,0,0.03540365
1,0,0.03918283
1,0,0.04935941
1,0,0.03720997
1,0,0.050440717
1,0,0.043652855
1,0,0.02973076
1,1,0.52355534
1,1,0.93368036
1,1,0.974647
1,1,0.9834626
1,1,0.99005544
1,1,0.99393326
1,1,0.9947595
1,1,0.9951977
1,1,0.99486154
1,1,0.9941307
1,1,0.99010956
1,1,0.9807097
1,1,0.9709274
1,1,0.9572838
1,1,0.96396893
1,1,0.9666208
1,1,0.9802265
1,1,0.9875826
1,1,0.9871688
1,1,0.9879055
1,1,0.99000365
1,1,0.99279225
1,1,0.99421424
1,1,0.99273247
1,1,0.9899504
1,1,0.9772774
1,1,0.9480025
1,1,0.8952865
1,1,0.8592978
1,1,0.82528454
1,1,0.8482301
1,1,0.9299171
1,1,0.96038985
1,1,0.9684674
1,1,0.9681017
1,1,0.9674788
1,1,0.9735694
1,1,0.98037076
1,1,0.98742235
1,1,0.9896123
1,1,0.9916011
1,1,0.9920367
1,1,0.98680705
1,1,0.975524
1,1,0.95898455
1,1,0.96530026
1,1,0.9715547
1,1,0.9845181
1,1,0.9871718
1,1,0.9877308
1,1,0.98661995
1,1,0.9796228
1,1,0.9700513
1,1,0.97181815
1,1,0.97875756
1,1,0.9832397
1,1,0.9840687
1,1,0.98440045
1,1,0.98493
1,1,0.98576075
1,1,0.98607916
1,1,0.9863207
1,1,0.9890048
1,1,0.9911011
1,1,0.9909741
1,1,0.988689
1,1,0.98833394
1,1,0.98897016
1,1,0.98981875
1,1,0.99195147
1,1,0.99145156
1,1,0.99213374
1,1,0.9940621
1,1,0.9927551
1,1,0.98953736
1,1,0.98259604
1,1,0.980518
1,1,0.9786008
1,1,0.98697424
1,1,0.99178517
1,1,0.99435127
1,1,0.9936294
1,1,0.9910193
1,1,0.9912077
1,1,0.9902028
1,1,0.9877901
1,1,0.9913912
1,1,0.9936267
1,1,0.9948319
1,1,0.9942127
1,1,0.98955697
1,1,0.98345745
1,1,0.9853079
1,1,0.98940444
1,1,0.9917127
1,1,0.9935834
1,1,0.9949103
1,1,0.9949728
1,1,0.995316
1,1,0.99510175
1,1,0.99509996
1,1,0.9950244
1,1,0.99526125
1,1,0.9943037
1,1,0.9926421
1,1,0.98922133
1,1,0.9845786
1,1,0.9853264
1,1,0.9871553
1,1,0.9809341
1,1,0.9786944
1,1,0.9818252
1,1,0.97922426
1,1,0.9832841
1,1,0.9908393
0,1,0.94665116
0,1,0.9324067
0,1,0.80249983
0,0,0.26848206
0,0,0.037578996
0,0,0.00966504
0,0,0.0065841805
0,0,0.015190882
0,0,0.03075039
0,0,0.09125721
0,0,0.15122204
0,0,0.10885983
0,0,0.10772451
0,0,0.12079212
0,0,0.10949555
0,0,0.0315344
0,0,0.028937386
0,0,0.050729357
0,0,0.08291957
0,0,0.035168994
0,0,0.024197673
0,0,0.025443243
0,0,0.036835607
0,0,0.025086848
0,0,0.034510706
0,0,0.074710585
0,0,0.092736274
0,0,0.06743655
0,0,0.035500128
0,0,0.012561294
0,0,0.009677745
0,0,0.009756639
0,0,0.01004696
0,0,0.021968031
0,0,0.02662873
0,0,0.03446829
0,0,0.054453354
0,0,0.036469907
0,0,0.03048983
0,0,0.010835863
0,0,0.0036483123
0,0,0.0075474987
0,0,0.02949774
0,0,0.10578601
0,0,0.14165328
0,0,0.16305359
0,0,0.22897571
0,0,0.076742835
0,0,0.07755654
0,0,0.17384252
0,0,0.12033253
0,0,0.072401494
0,0,0.060108118
0,0,0.049232602
0,0,0.041957505
0,0,0.050470654
0,0,0.0409779
0,0,0.06388286
0,0,0.08456486
1,1,0.80282086
1,1,0.9732484
1,1,0.99222916
1,1,0.99403423
1,1,0.99012786
1,1,0.98328054
1,1,0.9883888
1,1,0.9943891
1,1,0.9957403
1,1,0.9954472
1,1,0.99216324
1,1,0.9919116
1,1,0.99136895
1,1,0.99358976
1,1,0.993075
1,1,0.9912588
1,1,0.9870784
1,1,0.9878108
1,1,0.9907492
1,1,0.99206746
1,1,0.9914989
1,1,0.98921835
1,1,0.98600316
1,1,0.9727886
1,1,0.9910534
1,1,0.9908001
1,1,0.98500824
1,1,0.98404956
1,1,0.98127776
1,1,0.9866392
1,1,0.9907132
1,1,0.99378306
1,1,0.9944419
1,1,0.99398416
1,1,0.9931717
1,1,0.9941802
1,1,0.9940467
1,1,0.99426645
1,1,0.99418384
1,1,0.99393094
1,1,0.9946477
1,1,0.9947524
1,1,0.99395037
1,1,0.9934928
1,1,0.993594
1,1,0.9931433
0,1,0.9628598
0,1,0.8929561
0,1,0.6033407
0,0,0.1466225
0,0,0.051818527
0,0,0.057579406
0,0,0.045486588
0,0,0.03210662
0,0,0.022930965
0,0,0.022415653
0,0,0.010897917
0,0,0.0059650936
0,0,0.006881747
0,0,0.008966419
0,0,0.01623235
0,0,0.019033398
0,0,0.020538587
0,0,0.018218122
0,0,0.027339928
0,0,0.055804845
0,0,0.054672427
0,0,0.025638467
0,0,0.02536274
0,0,0.01511218
0,0,0.014289871
0,0,0.034896076
0,0,0.026491007
0,0,0.018500207
0,0,0.028767196
0,0,0.02770468
0,0,0.03100616
0,0,0.03439817
0,0,0.016742317
0,0,0.011428813
0,0,0.013167024
0,0,0.012123225
0,0,0.018098362
0,0,0.029589113
0,0,0.024607131
0,0,0.024414688
0,0,0.02444006
0,0,0.023700912
0,0,0.016458994
0,0,0.012624456
0,0,0.012111426
0,0,0.0080066705
0,0,0.007767728
0,0,0.008817883
0,0,0.011429277
0,0,0.011978581
0,0,0.007289488
0,0,0.0049070213
0,0,0.0065092416
0,0,0.009654242
0,0,0.009317545
0,0,0.01597894
0,0,0.01731781
0,0,0.02088822
0,0,0.016907636
0,0,0.0068622404
0,0,0.007452544
0,0,0.012663186
0,0,0.011573129
0,0,0.010129083
0,0,0.01485378
0,0,0.014563569
0,0,0.012507928
0,0,0.015010772
1,0,0.052754138
1,0,0.12152178
1,0,0.07013695
1,0,0.023482671
1,0,0.012244724
1,0,0.008663715
1,0,0.03249485
1,0,0.06287117
1,0,0.046829272
1,0,0.024844486
1,0,0.022504339
1,0,0.016940648
1,0,0.013923398
1,0,0.05156887
1,0,0.14968614
1,0,0.06604572
1,0,0.017368682
1,0,0.009546125
1,0,0.0050668763
1,0,0.005068386
1,0,0.019470287
1,0,0.026439594
1,0,0.025842827
1,0,0.025297286
1,0,0.03614559
1,0,0.039556183
1,0,0.041771837
1,0,0.03452222
1,0,0.021362009
1,0,0.010552899
1,0,0.008598849
1,0,0.008685588
1,0,0.010349707
1,0,0.012699467
1,0,0.014075163
1,0,0.01729812
1,0,0.022493523
1,0,0.029370083
1,0,0.037725154
1,0,0.04638263
1,0,0.04939376
1,0,0.036633503
1,0,0.025791213
1,0,0.022852348
1,0,0.0247728
1,0,0.026293838
0,0,0.012360689
0,0,0.01721268
0,0,0.028478181
0,0,0.020352136
0,0,0.012462059
0,0,0.008819796
0,0,0.013114616
0,0,0.014334053
0,0,0.02762367
0,0,0.023157144
0,0,0.012961843
0,0,0.0055836258
0,0,0.0016338029
0,0,0.0009490742
0,0,0.00074912084
0,0,0.0007928375
0,0,0.0005891465
0,0,0.00048720094
0,0,0.00060789485
0,0,0.0005169306
0,0,0.0005925521
0,0,0.0016506565
0,0,0.0024354917
1,0,0.0035499376
1,0,0.0055381265
1,0,0.0029748147
1,0,0.0030753915
1,0,0.0030095566
1,0,0.0021567927
1,0,0.0014184917
1,0,0.00096430595
1,0,0.0008265789
1,0,0.0012391332
1,0,0.001883635
1,0,0.0010743994
1,0,0.0012756474
1,0,0.0017448076
1,0,0.0016367938
1,0,0.0012456606
1,0,0.0007428869
1,0,0.00044471578
1,0,0.00042195042
1,0,0.0011030387
1,0,0.0016043596
1,0,0.0032642083
1,0,0.004550382
1,0,0.0019519615
1,0,0.00063598447
1,0,0.00035729664
1,0,0.0003281588
1,0,0.00047833784
1,0,0.00041791252
1,0,0.00036173122
1,0,0.000228928
1,0,0.0001961327
1,0,0.00019629006
1,0,0.00027439688
1,0,0.00052676245
1,0,0.0004246799
1,0,0.00033288027
1,0,0.00019662235
1,0,0.00087668095
1,0,0.027823456
1,0,0.04015161
1,0,0.02321029
1,0,0.007932566
1,0,0.00071193295
1,0,0.00022961832
1,0,0.00029473842
1,0,0.00040095608
1,0,0.00080827076
1,0,0.0010703586
1,0,0.0018468536
1,0,0.011933505
1,0,0.054991357
1,0,0.37092206
1,1,0.52083814
1,1,0.678747
1,1,0.74422586
1,1,0.7126802
1,1,0.75995386
1,1,0.8094926
1,1,0.78912807
1,1,0.69337255
1,0,0.49147898
1,0,0.34306568
1,0,0.13192834
1,0,0.0027770968
1,0,0.0006621267
1,0,0.0009463094
1,0,0.0009032428
1,0,0.0004545676
1,0,0.00039134242
1,0,0.00040214468
1,0,0.012175504
1,1,0.82247543
1,1,0.9073575
1,1,0.8658259
1,1,0.76364094
1,1,0.83315015
1,1,0.8768663
1,1,0.89609116
1,1,0.89110523
1,1,0.8634864
1,1,0.8441808
1,1,0.8142302
1,1,0.74976045
1,1,0.68515146
1,1,0.56075
1,1,0.50551593
1,1,0.6258876
1,1,0.82029057
1,1,0.77247226
1,1,0.6426704
1,1,0.64425266
1,1,0.65898216
1,1,0.58684427
1,1,0.728707
1,1,0.66880566
1,1,0.62662244
1,0,0.49310693
1,1,0.5025338
1,1,0.59602284
1,1,0.6218335
1,1,0.717781
1,1,0.80117196
1,1,0.7911829
1,1,0.7773732
1,1,0.72895527
1,1,0.8162027
1,1,0.7524614
1,0,0.42587262
1,0,0.20680429
1,0,0.28700167
1,0,0.27860963
1,1,0.50277036
1,1,0.87504685
1,1,0.9622501
1,1,0.94812554
1,1,0.93616027
1,1,0.8184384
1,1,0.5022756
1,0,0.48657972
1,0,0.33430684
1,0,0.35713452
1,0,0.48059168
1,0,0.35299882
1,0,0.33766893
1,0,0.3091981
1,0,0.4697038
1,1,0.5577356
1,0,0.470637
1,0,0.27168298
1,0,0.2193621
1,0,0.1569739
1,0,0.283327
1,0,0.42074522
1,0,0.4039776
1,0,0.33934218
1,0,0.28990343
1,0,0.25700468
1,0,0.25318462
1,0,0.2690756
1,1,0.70213693
1,1,0.7554178
1,1,0.91352445
1,1,0.8880172
1,1,0.68534356
1,1,0.5253848
1,0,0.39663675
1,1,0.5150071
1,1,0.6916636
1,1,0.7987005
1,1,0.90697813
1,1,0.9000564
1,1,0.8194087
1,1,0.84741116
1,1,0.889591
1,1,0.9240977
1,1,0.883888
1,1,0.6828675
1,1,0.51635104
1,1,0.5207875
1,1,0.6270272
1,1,0.6806839
1,1,0.59270144
0,1,0.5251465
0,1,0.63155556
0,1,0.88428015
0,1,0.98496014
0,1,0.98986757
0,1,0.9509673
0,1,0.88790435
0,1,0.7235945
0,1,0.5550115
0,1,0.5624222
0,1,0.67644614
0,1,0.7714412
0,1,0.79162663
0,1,0.6837195
0,1,0.6232236
0,1,0.6744536
0,1,0.714387
0,1,0.6772486
0,1,0.8509319
0,1,0.9540562
0,1,0.97896796
0,1,0.98158675
0,1,0.9793423
0,1,0.88870585
0,1,0.6869422
0,0,0.21578151
0,0,0.02418381
0,0,0.008432501
0,0,0.00840141
0,0,0.008952064
0,0,0.010512517
0,0,0.011945465
0,0,0.017825281
0,0,0.019116051
0,0,0.00963905
0,0,0.004178528
0,0,0.0037345027
0,0,0.0056225685
0,0,0.018962456
0,0,0.051155828
0,0,0.017470505
0,0,0.0038043172
0,0,0.00213815
0,0,0.0022494553
0,0,0.0035146198
0,0,0.0055142734
0,0,0.008832199
0,0,0.010548777
0,0,0.006433614
0,0,0.005426964
0,0,0.004584558
0,0,0.0047752676
0,0,0.0090277335
0,0,0.008747786
0,0,0.008811513
0,0,0.008315177
0,0,0.016818762
0,0,0.009770792
0,0,0.005702721
0,0,0.02910683
0,0,0.054098625
0,0,0.12675649
0,0,0.03840782
0,0,0.0029835452
0,0,0.0013192239
0,0,0.0011426422
0,0,0.0013148411
0,0,0.0009538862
0,0,0.00074851286
0,0,0.00059527205
0,0,0.00048563053
0,0,0.00057895447
0,0,0.0004882821
0,0,0.0004193847
0,0,0.00029622304
0,0,0.0004336141
0,0,0.0004398111
0,0,0.0003526485
0,0,0.0003974288
0,0,0.00041350804
0,0,0.0004750773
0,0,0.00047548997
0,0,0.015054424
0,0,0.3236291
0,0,0.48677945
0,1,0.5939555
0,1,0.59703636
0,0,0.40582243
0,0,0.35055488
0,0,0.26737526
0,0,0.2591623
0,0,0.24700359
0,0,0.24206421
0,0,0.21573287
0,0,0.18971926
0,0,0.20029588
0,0,0.28718224
0,0,0.38412207
0,0,0.31280333
0,0,0.28076425
0,0,0.25172976
0,0,0.18713638
0,1,0.5596382
0,1,0.7371544
0,1,0.7284841
1,1,0.64618516
1,1,0.69294804
1,1,0.71929127
1,1,0.64837766
1,1,0.6983093
1,1,0.7210592
1,1,0.7193906
1,1,0.75073636
1,1,0.77914107
1,1,0.7869578
1,1,0.83171254
1,1,0.81995076
1,1,0.8183766
1,1,0.8141425
1,1,0.87637454
1,1,0.9093545
1,1,0.89920455
1,1,0.896534
1,1,0.8700572
1,1,0.8396891
1,1,0.8503611
1,1,0.88216925
1,1,0.94350183
1,0,0.37503833
1,0,0.1008531
1,0,0.024616612
1,0,0.004282271
1,0,0.001545991
1,0,0.0021990624
1,0,0.0024593219
1,0,0.0024589745
1,0,0.0023483818
1,0,0.0020276466
1,0,0.0012743021
1,0,0.000947763
1,0,0.0010550765
1,0,0.0011038592
1,0,0.0025013622
1,0,0.0038554699
1,0,0.0037907911
1,0,0.0032719886
1,0,0.0014449408
1,0,0.00075313315
1,0,0.0006586746
1,0,0.0008409435
1,0,0.0010809993
1,0,0.0011549421
1,0,0.0011864941
1,0,0.001337687
1,0,0.0015764786
1,0,0.0013661822
1,0,0.0012822548
1,0,0.0010335806
1,0,0.001889117
1,0,0.0028552033
1,0,0.0035977503
1,0,0.0033297972
1,0,0.001702049
1,0,0.0012407994
1,0,0.0013734672
1,0,0.0045147645
1,0,0.005417819
1,0,0.007397288
1,0,0.002219527
1,0,0.0006841642
1,0,0.00091769866
1,0,0.0019109971
1,0,0.0026593024
1,0,0.0034340264
1,0,0.0070573804
1,0,0.019148286
1,0,0.046753578
1,0,0.029233329
1,0,0.011100323
1,0,0.0062862104
1,0,0.00400665
1,0,0.011769049
1,0,0.18102023
1,0,0.04966964
1,0,0.14684536
1,0,0.0920316
1,0,0.015016329
1,0,0.0045511466
1,0,0.019794136
1,0,0.054963138
1,0,0.10048694
1,0,0.17151706
1,0,0.3123271
1,0,0.018545074
1,0,0.011713239
1,0,0.014265565
1,0,0.004940861
1,0,0.023897503
1,0,0.0114085255
1,0,0.0038669985
1,0,0.0015989444
1,0,0.00071434554
1,0,0.00050860737
1,0,0.0009343731
1,0,0.0022473799
1,0,0.0070576402
1,0,0.009378962
1,0,0.0030174658
1,0,0.0011229112
1,0,0.0007828332
1,0,0.0005328303
1,0,0.0004905866
1,0,0.00045391984
1,0,0.0006991269
1,0,0.0007940617
1,0,0.00059594645
1,0,0.00093343965
1,0,0.0010188451
1,0,0.0017180314
1,0,0.002279046
1,0,0.00233375
1,0,0.001937268
1,0,0.0021485179
1,0,0.0026976573
1,0,0.002385687
1,0,0.0021819284
1,0,0.0018140561
1,0,0.0012898357
1,0,0.0008491603
1,0,0.00080436416
1,0,0.0009087477
1,0,0.0011975751
1,0,0.0018482341
1,0,0.00210112
1,0,0.0014104089
1,0,0.00067450735
1,0,0.00088463584
1,0,0.0019918366
1,0,0.0027969587
1,0,0.0051030517
1,0,0.0029416094
1,0,0.0020320185
0,0,0.00029258878
0,0,0.00021760084
0,0,0.00045539642
0,0,0.0023013402
0,0,0.0030701202
0,0,0.0014167015
0,0,0.0007613005
0,0,0.00040238895
0,0,0.0003455229
0,0,0.0003746502
0,0,0.00035789135
0,0,0.00041969068
0,0,0.00047803312
0,0,0.0006145053
0,0,0.00065685343
0,0,0.0009230549
0,0,0.0011994324
0,0,0.00075981976
0,0,0.0006586557
0,0,0.00063513557
0,0,0.0005512496
0,0,0.00055353413
0,0,0.0005091808
0,0,0.0010170978
0,0,0.0030426437
0,0,0.0016699894
0,0,0.0016853341
0,0,0.000971672
0,0,0.00060764985
0,0,0.0011364915
0,0,0.0009958798
0,0,0.0007730508
0,0,0.0005707287
0,0,0.0008648802
0,0,0.0008799768
0,0,0.00076406304
0,0,0.0016610633
0,0,0.0015104121
0,0,0.0023648976
0,0,0.003254675
0,0,0.0035515977
0,0,0.0063464046
0,0,0.0038940345
0,0,0.003741348
0,0,0.0034498377
0,0,0.0019828123
0,0,0.0012907757
0,0,0.00059208745
0,0,0.00042380267
0,0,0.00041159336
0,0,0.0008168634
0,0,0.000702995
0,0,0.00091206137
0,0,0.0012691661
0,0,0.0012011784
0,0,0.0016621794
0,0,0.0019416357
0,0,0.0017222532
0,0,0.0019760448
0,0,0.0017578446
0,0,0.002852351
0,0,0.0061128857
0,0,0.0041651046
0,0,0.003317631
0,0,0.0034264943
0,0,0.00277886
0,0,0.0033405975
0,0,0.002340748
0,0,0.0016819326
0,0,0.0032284572
0,0,0.0029295036
0,0,0.0024353757
0,0,0.0021197323
0,0,0.0026075765
0,0,0.0032504406
0,0,0.0027579176
0,0,0.003001605
0,0,0.0031514151
0,0,0.004052124
0,0,0.0043549966
0,0,0.0030020557
0,0,0.0024625033
0,0,0.0027550953
0,0,0.0031361578
0,0,0.0040053786
0,0,0.004205031
0,0,0.0043382915
0,0,0.0034141499
0,0,0.0030839576
0,0,0.0039803
0,0,0.0032525947
0,0,0.0021271482
0,0,0.0015740306
0,0,0.0013730054
1,0,0.010562533
1,0,0.03176998
1,0,0.2921791
1,1,0.8320746
1,1,0.89953876
1,1,0.9305863
1,1,0.8115249
1,1,0.58068
1,1,0.6217265
1,1,0.51717705
1,0,0.3945715
1,0,0.22792256
1,0,0.10722275
1,0,0.09546373
1,0,0.10702239
1,0,0.08345836
1,0,0.19422247
1,0,0.04252079
1,0,0.012569346
1,0,0.012676182
1,0,0.004237446
1,0,0.003297089
1,0,0.017409327
1,0,0.024581729
1,0,0.06923055
1,0,0.24724089
1,0,0.16678734
1,0,0.06510708
1,0,0.051910643
1,0,0.055269856
1,0,0.055699088
1,0,0.04719049
1,0,0.04979226
1,0,0.08275506
1,0,0.09137335
1,0,0.105659194
1,0,0.14872636
1,0,0.11418264
1,0,0.08706408
1,0,0.22361876
1,0,0.090886235
1,0,0.053663377
1,0,0.06310364
1,0,0.06043461
1,0,0.037160527
1,0,0.023792962
1,0,0.049096625
1,0,0.27049932
1,1,0.6841722
1,1,0.57993114
1,0,0.458254
1,0,0.46451223
1,1,0.6321915
1,1,0.62276316
1,1,0.76429784
1,1,0.7892635
1,1,0.577914
1,0,0.4887172
1,0,0.36647663
1,0,0.4177596
1,0,0.37378725
1,0,0.3584606
1,0,0.39008927
1,0,0.19955611
1,0,0.13333356
1,0,0.28109646
1,1,0.58981466
1,1,0.92387456
1,1,0.990873
1,1,0.9915571
1,1,0.9892785
1,1,0.98391324
1,1,0.93304354
1,1,0.8511379
1,1,0.81958324
1,1,0.68155485
1,1,0.90194887
1,1,0.96673155
1,1,0.959481
1,1,0.96810496
1,1,0.96722066
1,1,0.9654406
1,1,0.9653747
1,1,0.9599002
1,1,0.9609646
1,1,0.97308517
1,1,0.97189313
1,1,0.9365504
1,1,0.88434947
1,1,0.9155953
1,1,0.959394
1,1,0.9704204
1,1,0.9692165
1,1,0.96646816
1,1,0.9676454
1,1,0.93923914
1,1,0.8772939
1,1,0.9292972
1,1,0.9517802
1,1,0.9706335
1,1,0.9835136
1,1,0.9743158
1,1,0.9699346
1,1,0.96427786
1,1,0.9694728
1,1,0.975687
1,1,0.9821829
1,1,0.9805228
1,1,0.97502387
1,1,0.97536296
1,1,0.9824225
1,1,0.9937535
1,1,0.9964149
1,1,0.997004
1,1,0.9967205
0,1,0.96614033
0,1,0.6025765
0,0,0.028041804
0,0,0.0014886198
0,0,0.00069541263
0,0,0.00060791045
0,0,0.0006660567
0,0,0.0007127217
0,0,0.00063097215
0,0,0.0006767955
0,0,0.00059576635
0,0,0.00071836903
0,0,0.00086084165
0,0,0.0010806709
0,0,0.0014084995
0,0,0.0015899461
0,0,0.0016946468
0,0,0.0015298912
0,0,0.0014826398
0,0,0.0012233176
0,0,0.0013071895
0,0,0.0011071818
0,0,0.00094524433
0,0,0.0011765015
0,0,0.0009629412
0,0,0.0009281955
0,0,0.00097415893
0,0,0.0010255177
0,0,0.0012780167
0,0,0.0015771149
0,0,0.0013549171
0,0,0.0013478012
0,0,0.0011944581
0,0,0.0010503592
0,0,0.0011742444
0,0,0.0012012103
0,0,0.0012774167
0,0,0.001242118
0,0,0.000993326
0,0,0.0010844432
0,0,0.0012994441
0,0,0.0013167459
0,0,0.0011381238
0,0,0.0009876003
0,0,0.0009670597
0,0,0.00072747614
0,0,0.00082407484
0,0,0.0009992718
0,0,0.0010624526
0,0,0.0013403734
0,0,0.0016210659
0,0,0.0013981715
0,0,0.0009893308
0,0,0.0009884957
0,0,0.00061564904
0,0,0.00037639344
0,0,0.0003017805
0,0,0.0003164475
0,0,0.00037059566
1,0,0.002984229
1,0,0.010331292
1,0,0.040092736
1,0,0.3373125
1,1,0.5986926
1,0,0.46323037
1,0,0.3974687
1,1,0.76974404
1,1,0.744322
1,1,0.65103227
1,1,0.60373545
1,1,0.5805863
1,1,0.5133834
1,0,0.41144973
1,1,0.505214
1,1,0.5884787
1,1,0.50627244
1,1,0.7095087
1,1,0.88283324
1,1,0.90689397
1,1,0.86555636
1,1,0.7302156
1,1,0.6178717
1,0,0.49461037
1,0,0.32014582
1,0,0.37537807
1,0,0.2665829
1,0,0.075264305
1,0,0.05620024
1,0,0.108998105
1,0,0.18602987
1,1,0.6028744
1,1,0.78196007
1,1,0.80934775
1,1,0.8637922
1,1,0.8437352
1,1,0.73516554
1,1,0.7892774
1,1,0.84007436
1,1,0.82061654
1,1,0.7954392
1,1,0.7732033
1,1,0.60493636
1,1,0.6944815
1,1,0.7148235
1,1,0.52371514
0,0,0.040338334
0,0,0.00699336
0,0,0.0028343054
0,0,0.002400334
0,0,0.003593807
0,0,0.0037096434
0,0,0.0035528329
0,0,0.0041197524
0,0,0.0045760837
0,0,0.0051690405
0,0,0.0050846953
0,0,0.0027415664
0,0,0.0024712053
0,0,0.003942608
0,0,0.006727404
0,0,0.009608038
0,0,0.0105541125
0,0,0.0045861774
0,0,0.0016830403
0,0,0.001523822
0,0,0.0012339879
0,0,0.0015292168
0,0,0.0020207632
0,0,0.0018136055
0,0,0.0017415276
0,0,0.0013317139
0,0,0.0011906752
0,0,0.0016645651
0,0,0.0017218573
0,0,0.001670871
0,0,0.0021606951
0,0,0.0026221955
0,0,0.0035558324
0,0,0.004079701
0,0,0.0031899181
0,0,0.001959647
0,0,0.0018457975
0,0,0.001882935
0,0,0.0018343542
0,0,0.0021950367
0,0,0.0017930774
0,0,0.0019965302
0,0,0.002972848
0,0,0.004183533
0,0,0.004640643
0,0,0.005697176
0,0,0.003673532
0,0,0.0030915197
0,0,0.0027154488
0,0,0.0037909278
0,0,0.0043328386
0,0,0.0033879247
0,0,0.004174031
0,0,0.0036824464
0,0,0.0028395231
0,0,0.008541245
0,0,0.023294095
0,0,0.015637502
0,0,0.012446301
0,0,0.015628735
0,0,0.009521267
0,0,0.0047546043
0,0,0.0064744735
0,0,0.0036019818
0,0,0.0019396206
0,0,0.00095800293
0,0,0.00050254597
0,0,0.00023021766
0,0,0.00016768614
0,0,0.0001618074
0,0,0.00023194125
0,0,0.0003249906
0,0,0.0004012964
0,0,0.00048614465
0,0,0.000872033
0,0,0.0009844014
0,0,0.0011518126
0,0,0.0010789725
0,0,0.0008586232
0,0,0.001046984
0,0,0.0013676352
0,0,0.0017415292
0,0,0.0017567348
0,0,0.0019045077
0,0,0.0025467975
0,0,0.0023387512
0,0,0.0022924347
0,0,0.0022347653
0,0,0.002727185
0,0,0.0038635216
0,0,0.005133826
0,0,0.007075829
0,0,0.008810451
0,0,0.006577406
0,0,0.0061578695
0,0,0.008096683
0,0,0.008645424
0,0,0.008709005
0,0,0.007453038
0,0,0.005735304
0,0,0.0053214603
0,0,0.005799149
0,0,0.0076903543
0,0,0.012808571
0,0,0.005179359
0,0,0.0024306169
0,0,0.0016820872
0,0,0.0011119075
0,0,0.001376943
0,0,0.0008736819
0,0,0.0006794115
0,0,0.000829311
0,0,0.0009141171
0,0,0.000968392
0,0,0.0018036745
0,0,0.0030542503
0,0,0.005487929
0,0,0.01621354
0,0,0.025047857
0,0,0.0054517332
0,0,0.0018043049
0,0,0.0014225093
0,0,0.0018846348
0,0,0.0020223872
0,0,0.0018850403
0,0,0.00151745
0,0,0.0012778644
0,0,0.0016119712
0,0,0.0030484337
0,0,0.00694968
0,0,0.014126764
0,0,0.033450693
0,0,0.040185437
0,0,0.027368302
0,0,0.014243815
0,0,0.009020881
0,0,0.0072876737
0,0,0.0062634116
0,0,0.008777673
0,0,0.011527226
0,0,0.015265273
0,0,0.03437521
0,0,0.031820815
0,0,0.024186961
0,0,0.026746571
0,0,0.014553977
0,0,0.013088439
0,0,0.011645934
0,0,0.010439923
0,0,0.014571907
0,0,0.013535542
0,0,0.013029525
0,0,0.012437385
0,0,0.012590876
0,0,0.017143285
0,0,0.01569615
0,0,0.011741922
0,0,0.014035357
0,0,0.016155427
0,0,0.011346306
0,0,0.0142394705
0,0,0.022220729
0,0,0.023756241
0,0,0.033563774
0,0,0.032113932
0,0,0.036529556
0,0,0.046172358
0,0,0.030673772
0,0,0.027264025
0,0,0.028459912
0,0,0.034962654
0,0,0.047575567
0,0,0.044078737
0,0,0.031467408
0,0,0.040457025
0,0,0.06114826
0,0,0.051217288
0,0,0.043321285
0,0,0.032882918
0,0,0.030067407
0,0,0.04463692
0,0,0.10549629
0,0,0.22798467
0,0,0.24667199
0,0,0.25761643
0,0,0.21810979
0,0,0.124682896
0,0,0.132723
0,0,0.15314408
0,0,0.1619882
0,0,0.11626741
0,0,0.09406751
0,0,0.102847226
0,0,0.12066921
0,0,0.2342377
0,0,0.29894888
0,0,0.1899441
0,0,0.16609173
0,0,0.18401176
0,0,0.24492851
0,0,0.31692693
0,0,0.3047577
0,0,0.22821043
0,0,0.2162665
0,0,0.22303003
0,0,0.21129926
0,0,0.16870572
0,0,0.09365044
1,1,0.6235401
1,1,0.82450455
1,1,0.9161435
1,1,0.9605568
1,1,0.98290664
1,1,0.9902878
1,1,0.9912743
1,1,0.9892825
1,1,0.9897489
1,1,0.99365145
1,1,0.9945909
1,1,0.99316096
1,1,0.98775196
1,1,0.9853559
1,1,0.98358905
1,1,0.9713742
1,1,0.9597529
1,1,0.9405863
1,1,0.91268617
1,1,0.8584093
1,1,0.8294606
1,1,0.89549845
1,1,0.9291282
1,1,0.8758907
1,1,0.9060114
1,1,0.9490771
1,1,0.97727865
1,1,0.9844929
1,1,0.9885561
1,1,0.9870859
1,1,0.98209894
1,1,0.980332
1,1,0.9861041
1,1,0.99296486
1,1,0.99621457
1,1,0.99570787
1,1,0.9955438
1,1,0.9926104
1,1,0.9823813
1,1,0.9754759
1,1,0.98061866
1,1,0.98267037
1,1,0.9851195
1,1,0.9871449
1,1,0.98719275
1,1,0.98683584
1,1,0.96856433
1,1,0.9670192
1,1,0.98122716
1,1,0.98174113
1,1,0.9778265
1,1,0.9695164
1,1,0.9596545
1,1,0.9528861
1,1,0.9403624
1,1,0.93436337
1,1,0.9344046
1,1,0.95586455
1,1,0.95275116
1,1,0.96322906
1,1,0.95401305
1,1,0.9449127
1,1,0.931321
1,1,0.95636016
1,1,0.98054963
1,1,0.9873334
1,1,0.9920661
1,1,0.99162394
1,1,0.987151
1,1,0.9665923
1,1,0.9792971
1,1,0.97765315
1,1,0.9803079
1,1,0.98014545
1,1,0.9849379
1,1,0.98810637
1,1,0.9907472
1,1,0.9911522
1,1,0.9960997
1,1,0.99680954
1,1,0.99609935
1,1,0.9948053
1,1,0.99037594
1,1,0.9826801
1,1,0.983454
1,1,0.9866035
1,1,0.98852277
1,1,0.98634297
1,1,0.9900677
1,1,0.99158996
1,1,0.9906086
1,1,0.98721063
1,1,0.9851698
1,1,0.9903824
1,1,0.99310416
1,1,0.99079716
1,1,0.9790558
1,1,0.96912986
1,1,0.96101975
1,1,0.97163814
1,1,0.9790621
1,1,0.98690635
1,1,0.9779473
1,1,0.9569934
1,1,0.94917464
1,1,0.936803
1,1,0.910942
1,1,0.89665335
1,1,0.86803055
1,1,0.8221921
1,1,0.75838727
1,1,0.82844615
1,1,0.8539203
1,1,0.7915293
1,1,0.7488091
0,0,0.40551308
0,0,0.18696381
0,0,0.12867483
0,0,0.18499462
0,0,0.4512137
0,0,0.21361804
0,0,0.093422025
0,0,0.040804442
0,0,0.038292393
0,0,0.04884228
0,0,0.09038658
0,0,0.17846933
0,0,0.18566754
0,0,0.21797024
0,0,0.3417892
0,0,0.43680328
0,0,0.3553719
0,0,0.25896865
0,0,0.16991314
0,0,0.1536522
0,0,0.15458284
0,0,0.20695432
0,0,0.31392118
0,0,0.24881245
0,0,0.025977427
0,0,0.0009174836
0,0,6.949314e-05
0,0,9.9514284e-05
0,0,0.00015754648
0,0,0.000819212
0,0,0.29740733
0,0,0.2651792
0,0,0.25483447
0,0,0.23289184
0,0,0.1112867
0,0,0.05470388
0,0,0.09654806
0,0,0.15048553
0,0,0.23844942
0,0,0.3340207
0,0,0.21135926
0,0,0.09665959
0,0,0.05883644
0,0,0.066257544
0,0,0.111688256
0,0,0.11612754
0,0,0.07836841
0,0,0.04188574
0,0,0.03473517
0,0,0.038647145
0,0,0.03430524
0,0,0.027266398
0,0,0.029260753
0,0,0.03309405
0,0,0.1313848
0,0,0.19504291
0,0,0.1542839
0,0,0.1592588
0,0,0.114873916
1,1,0.7857363
1,1,0.92879343
1,1,0.96739197
1,1,0.976355
1,1,0.98290575
1,1,0.9900754
1,1,0.9885307
1,1,0.97240645
1,1,0.9566793
1,1,0.96662706
1,1,0.9751025
1,1,0.9780002
1,1,0.97698045
1,1,0.9703804
1,1,0.9623101
1,1,0.96101195
1,1,0.96964216
1,1,0.9748946
1,1,0.98266864
1,1,0.98286563
1,1,0.9754682
1,1,0.9746644
1,1,0.96839696
1,1,0.9413372
1,1,0.8603928
1,1,0.78538543
1,1,0.7380107
1,1,0.87274057
1,1,0.95212424
1,1,0.9635539
1,1,0.9747574
1,1,0.97826046
1,1,0.9853876
1,1,0.98866373
1,1,0.9895538
1,1,0.99070215
1,1,0.9915705
1,1,0.9934929
1,1,0.9936353
1,1,0.99066883
1,1,0.9842074
1,1,0.9754769
1,1,0.95189446
1,1,0.8784868
1,1,0.84560055
1,1,0.929514
1,1,0.67752117
1,0,0.38808897
1,0,0.18658029
1,0,0.051068246
1,0,0.08021923
1,0,0.0435872
1,0,0.018965347
1,0,0.016979737
1,0,0.024384249
1,0,0.024149602
1,0,0.027483141
1,0,0.01687698
1,0,0.011898978
1,0,0.018392954
1,0,0.024567878
1,0,0.042815804
1,0,0.042472772
1,0,0.015463878
1,0,0.010232199
1,0,0.010548131
1,0,0.017106013
1,0,0.14847937
1,1,0.5892346
1,1,0.59214807
1,1,0.6770161
1,1,0.7460035
1,1,0.81382465
1,1,0.8253982
1,1,0.8158456
1,1,0.83143985
1,1,0.820194
1,1,0.8023235
1,1,0.75205827
1,1,0.76898617
1,1,0.72295743
1,1,0.654945
1,0,0.44121164
1,0,0.1701312
1,0,0.08724475
1,0,0.09382278
1,0,0.0950105
1,0,0.29681382
1,1,0.559488
1,0,0.33660465
1,0,0.20607468
1,0,0.081178196
1,0,0.03185982
1,0,0.019969944
1,0,0.014914894
1,0,0.018521773
1,0,0.037174635
1,0,0.10614569
1,0,0.16745833
1,0,0.10890863
1,0,0.08458491
1,0,0.12890787
1,0,0.22737022
1,0,0.26708242
1,0,0.26400906
1,0,0.18205827
1,0,0.08496905
1,0,0.039592635
1,0,0.023605106
1,0,0.02508889
1,0,0.027584158
1,0,0.020979887
1,0,0.016477562
1,0,0.015387807
1,0,0.016026942
1,0,0.01803471
1,0,0.026538683
1,0,0.024195138
1,0,0.02784312
1,0,0.06660533
1,0,0.11111488
1,0,0.1697362
1,0,0.06940097
1,0,0.031449743
1,0,0.013742619
1,0,0.013636835
1,0,0.028196955
1,0,0.07120819
1,0,0.16164924
1,0,0.08063689
1,0,0.20400296
1,0,0.28999323
1,0,0.23830931
1,0,0.07499939
1,0,0.10686949
1,0,0.18642272
1,0,0.16479976
1,0,0.07227413
1,0,0.03106698
1,0,0.01590119
1,0,0.022779092
1,0,0.043259695
1,0,0.060667228
1,0,0.045357186
1,0,0.03077357
1,0,0.029902434
1,0,0.038946725
1,0,0.035814453
1,0,0.050431628
1,0,0.060550094
1,0,0.05577263
1,0,0.047880903
1,0,0.037794497
1,0,0.024823716
1,0,0.048366215
1,0,0.09458375
1,0,0.1340307
1,0,0.14460453
1,0,0.0813782
1,0,0.025538193
0,0,0.00796158
0,0,0.0018892419
0,0,0.00094876956
0,0,0.0061283642
0,0,0.015765313
0,0,0.035146255
0,0,0.047243956
0,0,0.035044596
0,0,0.019096928
0,0,0.00912399
0,0,0.0070631434
0,0,0.012558898
0,0,0.015270685
0,0,0.019291809
0,0,0.022277825
0,0,0.017993558
0,0,0.01905579
0,0,0.010468286
0,0,0.005643428
0,0,0.006588411
0,0,0.004925027
0,0,0.006537552
0,0,0.009315689
0,0,0.0077574784
0,0,0.010153677
0,0,0.017970836
0,0,0.035752755
0,0,0.04131469
0,0,0.030871902
0,0,0.03299024
0,0,0.031195315
0,0,0.025851151
0,0,0.025988782
0,0,0.0114243245
0,0,0.011308709
0,0,0.016434103
0,0,0.0195442
0,0,0.013039968
0,0,0.011058881
0,0,0.016896464
0,0,0.02331301
0,0,0.016153092
0,0,0.0156248035
0,0,0.019195352
0,0,0.017915431
0,0,0.014640951
0,0,0.011167506
0,0,0.010126778
0,0,0.008531229
0,0,0.0035707755
0,0,0.008900689
0,0,0.014733003
0,0,0.017379532
0,0,0.030590506
0,0,0.038878724
0,0,0.021683708
0,0,0.014187791
0,0,0.010383855
0,0,0.0069845016
0,0,0.0052070925
0,0,0.0059720585
0,0,0.0032878171
0,0,0.0025504504
0,0,0.0040521375
0,0,0.0058284584
0,0,0.0068130596
0,0,0.009264297
0,0,0.0079029165
0,0,0.007163257
0,0,0.008103939
0,0,0.008348631
0,0,0.011721108
0,0,0.007951483
0,0,0.003596067
0,0,0.0028491493
0,0,0.0039420617
0,0,0.005810983
0,0,0.00883441
0,0,0.03117259
0,0,0.094946794
0,0,0.15345165
0,0,0.15836635
0,0,0.0933648
0,0,0.036563575
0,0,0.031314578
0,0,0.01700603
0,0,0.010944851
0,0,0.04689104
0,0,0.092788815
0,0,0.14504704
0,0,0.33202705
0,0,0.24520409
0,0,0.31905112
0,0,0.07036218
0,0,0.3386876
0,1,0.52272934
0,1,0.67858535
0,1,0.8851441
0,1,0.9399522
0,1,0.7239717
0,1,0.6124178
0,1,0.6593728
0,1,0.7020496
0,1,0.8142665
0,1,0.8193718
0,1,0.69833475
0,1,0.66195023
0,1,0.68069524
0,1,0.70436925
0,1,0.64371675
0,1,0.6885751
0,1,0.7454089
0,1,0.7082569
0,1,0.78350806
0,1,0.8765414
0,1,0.9601663
0,1,0.9743955
0,1,0.9674965
0,1,0.94244134
0,1,0.89236695
0,1,0.8933925
0,1,0.896003
0,1,0.92508215
0,1,0.92984957
0,1,0.918813
0,1,0.9369813
0,1,0.9638684
0,1,0.9700795
0,1,0.9712676
0,1,0.9606817
0,1,0.90712357
0,1,0.91998076
0,1,0.94852585
0,1,0.97236055
0,1,0.9780622
0,1,0.96545047
0,1,0.953515
0,1,0.92133576
0,1,0.9034039
0,1,0.8977358
1,1,0.90600795
1,1,0.9144287
1,1,0.92455435
1,1,0.9457173
1,1,0.94520754
1,1,0.93993735
1,1,0.94358504
1,1,0.9318167
1,1,0.916347
1,1,0.91039205
1,1,0.7886654
1,1,0.68521595
1,1,0.69732744
1,1,0.749515
1,1,0.7740131
1,1,0.78255516
1,1,0.7740465
1,1,0.77650726
1,1,0.76508075
1,1,0.76180977
1,1,0.82276535
1,1,0.74145746
1,1,0.8052221
0,1,0.88210696
0,1,0.89607733
0,1,0.92109466
0,1,0.95839095
0,1,0.97642016
0,1,0.982644
0,1,0.98309165
0,1,0.98019284
0,1,0.9535377
0,1,0.94112444
0,1,0.943653
0,1,0.9288101
0,1,0.8994554
0,1,0.8932401
0,1,0.9060791
0,1,0.9054762
0,1,0.92219263
0,1,0.90146416
0,1,0.8032771
0,1,0.7559955
0,1,0.7113871
0,1,0.7503691
0,1,0.7620378
1,1,0.96715796
1,1,0.9486773
1,1,0.9037588
1,1,0.9675423
1,1,0.97920996
1,1,0.9844267
1,1,0.99391055
1,1,0.9952064
1,1,0.99755496
1,1,0.9960711
1,1,0.99359953
1,1,0.91929525
1,1,0.94150096
1,1,0.95967627
1,1,0.97064495
1,1,0.9972313
1,1,0.9767264
1,1,0.9867171
1,1,0.985227
1,1,0.97002393
1,1,0.8369299
1,1,0.6033912
1,1,0.8029916
0,0,0.43819925
0,0,0.1804816
0,0,0.17798895
0,0,0.007668312
0,0,0.015836403
0,0,0.023239426
0,0,0.039588515
0,0,0.034503646
0,0,0.018055735
0,0,0.019949313
0,0,0.020521222
0,0,0.01653103
0,0,0.011536069
0,0,0.015208576
0,0,0.013586853
0,0,0.012670646
0,0,0.011583721
0,0,0.012786805
0,0,0.008583018
0,0,0.008032553
0,0,0.008821397
0,0,0.009232067
0,0,0.011494298
0,0,0.014382668
0,0,0.0120525025
0,0,0.01615623
0,0,0.01895104
0,0,0.015012774
0,0,0.009235695
0,0,0.0073086773
0,0,0.006276448
0,0,0.006915044
0,0,0.011339086
0,0,0.02481698
0,0,0.038956054
0,0,0.043662697
0,0,0.032651894
0,0,0.032105938
0,0,0.021208841
0,0,0.036438577
0,0,0.04819551
0,0,0.063001506
0,0,0.043692563
0,0,0.039573997
0,0,0.030774739
0,0,0.031314433
0,0,0.025640002
0,0,0.02988185
0,0,0.033573166
0,0,0.04670132
0,0,0.03499596
0,0,0.030087115
0,0,0.020442681
0,0,0.0145183075
0,0,0.014202757
0,0,0.016974304
0,0,0.022653844
0,0,0.028724022
0,0,0.028043754
0,0,0.19845873
0,1,0.7122359
0,1,0.9371627
0,1,0.984712
0,1,0.98955977
0,1,0.9863537
0,1,0.9815263
0,1,0.9773351
0,1,0.977219
0,1,0.97855544
0,1,0.9824284
0,1,0.98654115
0,1,0.9810034
0,1,0.97334325
0,1,0.9710188
0,1,0.9769835
0,1,0.97966284
0,1,0.98604614
0,1,0.9869457
0,1,0.9837398
0,1,0.9777763
0,1,0.9572783
0,1,0.849909
1,1,0.92724055
1,1,0.93820614
1,1,0.92065287
1,1,0.9186447
1,1,0.92027605
1,1,0.94072133
1,1,0.9731895
1,1,0.9914751
1,1,0.9924252
1,1,0.98738897
1,1,0.97351766
1,1,0.9721025
1,1,0.96922237
1,1,0.9848739
1,1,0.98609716
1,1,0.98608613
1,1,0.98894185
1,1,0.9873275
1,1,0.98981994
1,1,0.9904709
1,1,0.9814275
1,1,0.97790045
1,1,0.96802795
0,1,0.7477128
0,0,0.32244375
0,0,0.14744273
0,0,0.060593635
0,0,0.023368021
0,0,0.010008693
0,0,0.007097578
0,0,0.0062820567
0,0,0.0077145756
0,0,0.011226475
0,0,0.013807814
0,0,0.011083978
0,0,0.007487647
0,0,0.006297895
0,0,0.0069946675
0,0,0.010990494
0,0,0.010113279
0,0,0.011194482
0,0,0.009961358
0,0,0.011275357
0,0,0.012753441
0,0,0.023691855
0,0,0.031173894
0,0,0.029574703
0,0,0.014837727
0,0,0.010262967
0,0,0.0068438062
0,0,0.008872965
0,0,0.011745736
0,0,0.010248398
0,0,0.0075459047
0,0,0.008586346
0,0,0.01282308
0,0,0.016586643
0,0,0.01788904
0,0,0.022105213
0,0,0.024265744
0,0,0.018656095
0,0,0.016522612
0,0,0.033464037
0,0,0.048981532
0,0,0.04724607
0,0,0.12345267
0,0,0.17921524
0,0,0.14331941
0,0,0.12564433
0,0,0.105569474
0,0,0.04866711
0,0,0.0105822785
0,0,0.008061915
0,0,0.00955799
0,0,0.011514833
0,0,0.013941952
0,0,0.013724102
0,0,0.018232951
0,0,0.018719485
0,0,0.015681833
0,0,0.016740786
0,0,0.022268718
0,0,0.0232334
0,0,0.04013559
0,0,0.033859327
0,0,0.042635262
0,0,0.021311626
0,0,0.029009642
0,0,0.11296539
0,0,0.12468929
0,0,0.13648564
0,0,0.075315446
0,0,0.030640677
0,0,0.020070596
0,0,0.02971151
0,0,0.03670653
0,0,0.042013414
0,0,0.049151924
0,0,0.039384987
0,0,0.034977857
0,0,0.037179008
0,0,0.027508412
0,0,0.008000189
0,0,0.005103662
0,0,0.008678648
0,0,0.00775608
0,0,0.010148253
0,0,0.014067953
0,0,0.013925473
0,0,0.0151858535
0,0,0.013671482
0,0,0.020020962
0,0,0.03461597
0,0,0.028654398
0,0,0.03532862
0,0,0.04174202
0,0,0.049915902
0,0,0.06382748
0,0,0.10350482
0,0,0.07470064
0,0,0.0747133
0,0,0.05588368
0,0,0.029971529
0,0,0.015562572
0,0,0.012258169
0,0,0.011074212
0,0,0.012815929
0,0,0.008426525
0,0,0.0077452543
0,0,0.016333882
0,0,0.020830171
0,0,0.041489497
0,0,0.085512765
0,0,0.105823435
0,0,0.10370113
0,0,0.10353212
0,0,0.07005381
0,0,0.026969548
0,0,0.040722504
0,0,0.035471037
0,0,0.008043814
0,0,0.00046102479
0,0,0.00029268028
0,0,0.0002443048
0,0,0.00025234043
0,0,0.00022821536
0,0,0.00024054975
0,0,0.00025256668
0,0,0.00026164946
0,0,0.00022154562
0,0,0.00017947938
0,0,0.00021841128
0,0,0.00026319694
0,0,0.00019924827
0,0,0.00020805439
0,0,0.00018253014
0,0,0.0002028262
0,0,0.0002578171
0,0,0.00028510395
0,0,0.00030324215
0,0,0.00045180178
0,0,0.00065029785
0,0,0.0008258176
0,0,0.0032038551
0,0,0.008309505
0,0,0.01015384
0,0,0.008362763
0,0,0.00797202
0,0,0.008161628
0,0,0.0076182424
0,0,0.0055750115
0,0,0.003844357
0,0,0.0025381346
0,0,0.0026877632
0,0,0.007699693
0,0,0.006169369
0,0,0.010313687
0,0,0.009120336
0,0,0.007299149
0,0,0.0066454485
0,0,0.01132479
0,0,0.011265845
0,0,0.009503203
0,0,0.0071990653
0,0,0.012669685
0,0,0.013507005
0,0,0.0107625825
0,0,0.0069225635
0,0,0.0072723827
0,0,0.0051555075
0,0,0.006459256
0,0,0.0066936817
0,0,0.012411364
0,0,0.01954558
0,0,0.020510085
0,0,0.0128380265
0,0,0.017033841
0,0,0.015154011
0,0,0.012321375
0,0,0.009041607
0,0,0.012709861
0,0,0.010115934
0,0,0.0135756545
0,0,0.009226002
0,0,0.011398097
0,0,0.013110323
0,0,0.01572805
0,0,0.016595285
0,0,0.025516734
0,0,0.025721693
0,0,0.021073358
0,0,0.012907404
0,0,0.016436331
0,0,0.015501917
0,0,0.016146507
0,0,0.01343348
0,0,0.022893347
0,0,0.023066496
0,0,0.026427323
0,0,0.04090805
0,0,0.065289356
0,0,0.046667155
0,0,0.054186244
0,0,0.05218179
0,0,0.07606965
0,0,0.09191668
0,0,0.06314932
0,0,0.040762328
0,0,0.04689097
0,0,0.042342097
0,0,0.034577783
1,1,0.78981143
1,1,0.9662919
1,1,0.9832864
1,1,0.9932081
1,1,0.98767996
1,1,0.9895208
1,1,0.99051917
1,1,0.9900124
1,1,0.9799503
1,1,0.9312291
1,1,0.87617195
1,1,0.8639081
1,1,0.8166944
1,1,0.8121806
1,1,0.85255754
1,1,0.8876607
1,1,0.8831714
1,1,0.93467206
1,1,0.978563
1,1,0.9926058
1,1,0.99580294
1,1,0.99421495
1,1,0.9921467
1,1,0.9878457
1,1,0.9756436
1,1,0.962223
1,1,0.9621805
1,1,0.95711505
1,1,0.9744824
1,1,0.96129465
1,1,0.9423288
1,1,0.9449793
1,1,0.948515
1,1,0.95082426
1,1,0.9612552
1,1,0.94130605
1,1,0.920516
1,1,0.96060073
1,1,0.9861974
1,1,0.9891924
1,1,0.9802082
1,1,0.98141414
1,1,0.9711647
1,1,0.9506195
1,1,0.9043011
1,1,0.89999723
1,1,0.9458686
1,1,0.98142195
1,1,0.9808429
1,1,0.9524696
1,1,0.89747757
1,1,0.8926478
1,1,0.9401789
1,1,0.96700895
1,1,0.9745214
1,1,0.9791141
1,1,0.9865172
1,1,0.9924233
1,1,0.9935169
1,1,0.9885361
1,1,0.97241175
1,1,0.9777654
1,1,0.98859465
1,1,0.99311185
1,1,0.9884262
1,1,0.9766173
1,1,0.98012435
1,1,0.98057246
1,1,0.9851451
1,1,0.98949414
1,1,0.9951492
1,1,0.9963403
1,1,0.9979664
1,1,0.9936035
1,1,0.98623544
1,1,0.96967244
1,1,0.9358129
1,1,0.95125747
1,1,0.9813498
1,1,0.98942435
1,1,0.9924178
1,1,0.9867845
1,1,0.9674547
1,1,0.95671266
1,1,0.9687127
1,1,0.9700207
1,1,0.9620187
1,1,0.94768476
1,1,0.9741131
1,1,0.98311836
1,1,0.98152417
1,1,0.97111636
1,1,0.96987975
1,1,0.97513825
1,1,0.97346354
1,1,0.9614127
1,1,0.9401535
1,1,0.89179707
1,1,0.90555453
1,1,0.9126198
1,1,0.8761286
1,1,0.90028286
1,1,0.91498107
1,1,0.9389696
1,1,0.9664747
1,1,0.9811747
1,1,0.9875309
1,1,0.97328395
1,1,0.9082351
1,1,0.93694866
1,1,0.93433964
1,1,0.9259269
1,1,0.9161798
1,1,0.89327747
1,1,0.8776393
0,0,0.1253456
0,0,0.019421015
0,0,0.014135107
0,0,0.0060280655
0,0,0.0020881332
0,0,0.0038712698
0,0,0.008956724
0,0,0.013017341
0,0,0.014115332
0,0,0.0127097415
0,0,0.0061543193
0,0,0.002220295
0,0,0.0035713657
0,0,0.004051528
0,0,0.0015280728
0,0,0.0006582274
0,0,0.00036710082
0,0,0.0004396809
0,0,0.00201669
0,0,0.0034729063
0,0,0.0036562784
0,0,0.0038287113
0,0,0.0040501812
0,0,0.0069266823
0,0,0.0081616435
0,0,0.0058300165
0,0,0.0038458745
0,0,0.0018554563
0,0,0.0012415147
0,0,0.0015526459
0,0,0.0026924708
0,0,0.0033072974
0,0,0.0031430856
0,0,0.0023463336
0,0,0.0021000067
0,0,0.004285688
0,0,0.005102575
0,0,0.006140103
0,0,0.008696409
0,0,0.007011941
0,0,0.006071241
0,0,0.0062421937
0,0,0.004743367
0,0,0.00418826
0,0,0.003549698
0,0,0.002006335
0,0,0.0011339308
0,0,0.0024351305
0,0,0.0060776663
0,0,0.008672755
0,0,0.009636929
0,0,0.008332877
0,0,0.008597532
0,0,0.013764455
0,0,0.013242535
0,0,0.011171224
0,0,0.01434787
0,0,0.016863251
0,0,0.011055101
1,0,0.21726416
1,1,0.7270079
1,1,0.9160645
1,1,0.9829951
1,1,0.9664873
1,1,0.952055
1,1,0.96731246
1,1,0.9479278
1,1,0.9688302
1,1,0.9751403
1,1,0.9608982
1,1,0.93711436
1,1,0.95893246
1,1,0.98925066
1,1,0.9944324
1,1,0.9915058
1,1,0.98330104
1,1,0.9789249
1,1,0.98071826
1,1,0.98641694
1,1,0.9925055
1,1,0.99602246
1,1,0.9951382
1,1,0.9933756
1,1,0.9917715
1,1,0.98609203
1,1,0.9720933
1,1,0.95362055
1,1,0.95123464
1,1,0.9476501
1,1,0.9626953
1,1,0.9742439
1,1,0.9785528
1,1,0.98297125
1,1,0.9861523
1,1,0.9858714
1,1,0.98411536
1,1,0.98820215
1,1,0.98767895
1,1,0.9849636
1,1,0.98425114
1,1,0.9785124
1,1,0.98263645
1,1,0.99006456
1,1,0.98824185
1,1,0.9850935
0,1,0.8683923
0,0,0.32673976
0,0,0.13162602
0,0,0.05145832
0,0,0.020410936
0,0,0.019196713
0,0,0.0185114
0,0,0.018575398
0,0,0.015092944
0,0,0.019374518
0,0,0.023382287
0,0,0.029217178
0,0,0.03105455
0,0,0.034318227
0,0,0.02986959
0,0,0.023584323
0,0,0.022382366
0,0,0.015698299
0,0,0.016608685
0,0,0.01694129
0,0,0.012466942
0,0,0.014337799
0,0,0.013983836
0,0,0.014141042
0,0,0.015197397
0,0,0.015821518
0,0,0.016969306
0,0,0.0096494965
0,0,0.011442349
0,0,0.024999496
0,0,0.03714208
0,0,0.04706838
0,0,0.03742951
0,0,0.030978981
0,0,0.024106367
0,0,0.009940154
0,0,0.010538852
0,0,0.02323985
0,0,0.040912926
0,0,0.053148974
0,0,0.046700515
0,0,0.038039524
0,0,0.033947717
0,0,0.015778141
0,0,0.0154654905
0,0,0.02078774
0,0,0.022322081
0,0,0.03277903
0,0,0.038734403
0,0,0.03777906
0,0,0.05160192
0,0,0.052165374
0,0,0.03279112
0,0,0.028451921
0,0,0.02984863
0,0,0.036857557
0,0,0.037893835
0,0,0.040800866
0,0,0.039085492
0,0,0.03920483
0,0,0.035070363
0,0,0.02577242
0,0,0.020653876
0,0,0.026833609
0,0,0.028362973
0,0,0.027286928
0,0,0.04053933
0,0,0.04227603
1,0,0.039195195
1,0,0.037951283
1,0,0.031045105
1,0,0.025633879
1,0,0.019045584
1,0,0.016048668
1,0,0.013429069
1,0,0.009642135
1,0,0.008018754
1,0,0.01058567
1,0,0.009714635
1,0,0.0063550198
1,0,0.00852959
1,0,0.008964816
1,0,0.0058559864
1,0,0.008405733
1,0,0.015607788
1,0,0.03581419
1,0,0.043292623
1,0,0.029222235
1,0,0.016843205
1,0,0.010875411
1,0,0.007833094
1,0,0.011417882
1,0,0.020763066
1,0,0.025360487
1,0,0.018725345
1,0,0.019011438
1,0,0.0301078
1,0,0.036250446
1,0,0.057481546
1,0,0.11109833
1,0,0.11183684
1,0,0.082153976
1,0,0.075790666
1,0,0.065763086
1,0,0.0503898
1,0,0.054859716
1,0,0.09461515
1,0,0.13344653
1,0,0.14211135
1,0,0.100099385
1,0,0.08120517
1,0,0.053677242
1,0,0.045710426
1,0,0.040260434
0,0,0.0049669943
0,0,0.0052862004
0,0,0.008299279
0,0,0.012246062
0,0,0.0014672421
0,0,0.00094286614
0,0,0.003514665
0,0,0.0009692568
0,0,0.0011724907
0,0,0.0027387128
0,0,0.0028740296
0,0,0.001773671
0,0,0.002690913
0,0,0.0059159207
0,0,0.012913944
0,0,0.03533127
0,0,0.028363878
0,0,0.041278206
0,0,0.034218777
0,0,0.031846885
0,0,0.03256854
0,0,0.01259511
0,0,0.005609037
0,0,0.010937906
0,0,0.0060576457
0,0,0.005639389
0,0,0.014661202
0,0,0.0031845914
0,0,0.0010566436
0,0,0.0004480326
0,0,0.00019674611
0,0,0.00015600675
0,0,0.00028302777
0,0,0.00032797962
0,0,0.005973522
0,0,0.0022198607
0,0,0.0029750157
0,0,0.0031218554
0,0,0.008820651
0,0,0.007453962
0,0,0.0067167985
0,0,0.014517805
0,0,0.010012957
0,0,0.00928239
0,0,0.002201029
0,0,0.0018602463
0,0,0.002455919
0,0,0.00602357
0,0,0.00617488
0,0,0.018814923
0,0,0.024628457
0,0,0.02741374
0,0,0.010561416
0,0,0.011971021
0,0,0.008759227
0,0,0.0065125297
0,0,0.002347953
0,0,0.0031988337
0,0,0.006208188
0,0,0.010279113
0,0,0.008450856
0,0,0.012343736
0,0,0.012697337
0,0,0.020007681
0,0,0.00831496
0,0,0.010564017
0,0,0.020672245
0,0,0.00722464
0,0,0.0014755621
0,0,0.0010063134
0,0,0.00945421
0,0,0.019517224
0,0,0.007820039
0,0,0.004748322
0,0,0.006167443
0,0,0.007900337
0,0,0.0029358647
0,0,0.004363718
0,0,0.0056588887
0,0,0.0048938976
0,0,0.00078039087
0,0,0.0016929101
0,0,0.0042517437
0,0,0.004890527
0,0,0.001942488
0,0,0.0019563783
0,0,0.009080416
0,0,0.02870087
0,0,0.014365414
0,0,0.012314797
0,0,0.015855018
0,0,0.016108876
0,0,0.008920569
0,0,0.009994095
1,0,0.16950426
1,0,0.11056377
1,0,0.110104464
1,1,0.5659955
1,1,0.90391403
1,1,0.95212924
1,1,0.94098705
1,1,0.6341024
1,0,0.39494175
1,0,0.49806905
1,1,0.60807025
1,1,0.6837484
1,1,0.70558375
1,0,0.25397456
1,0,0.113679
1,0,0.11918912
1,0,0.14054018
1,0,0.2930347
1,1,0.67981815
1,1,0.6197013
1,1,0.6973366
1,1,0.83588845
1,1,0.63315594
1,1,0.6484222
1,1,0.9444853
1,1,0.97775966
1,1,0.971383
1,1,0.9305588
1,1,0.7080851
1,1,0.63114476
1,0,0.16065215
1,0,0.08182717
1,0,0.1471386
1,0,0.29723734
1,0,0.41567734
1,1,0.75170124
1,1,0.9250566
1,1,0.9339707
1,1,0.95238465
1,1,0.97677326
1,1,0.9687017
1,1,0.9725859
1,1,0.9437531
1,1,0.88612306
1,1,0.6998332
1,0,0.34742767
1,1,0.6414764
1,1,0.8585771
1,1,0.95515925
1,1,0.97626424
1,1,0.9756645
1,1,0.98290724
1,1,0.98718554
1,1,0.98045164
1,1,0.98390377
1,1,0.9828851
1,1,0.98465955
1,1,0.98555726
1,1,0.9817887
1,1,0.98148555
1,1,0.96756
1,1,0.97010934
1,1,0.99126875
1,1,0.9901063
1,1,0.98752034
1,1,0.9848654
1,1,0.98344177
1,1,0.98302704
1,1,0.9831949
1,1,0.97959834
1,1,0.97447395
1,1,0.9793706
1,1,0.9891991
1,1,0.993138
1,1,0.9951637
1,1,0.99656314
1,1,0.99677014
1,1,0.99637634
1,1,0.9961308
1,1,0.9954601
1,1,0.99535584
1,1,0.9940686
1,1,0.99367213
1,1,0.99381953
1,1,0.9932312
1,1,0.9927429
1,1,0.9914602
1,1,0.9902248
1,1,0.9877863
1,1,0.98297185
1,1,0.98594904
1,1,0.9852027
1,1,0.9911295
1,1,0.986356
1,1,0.9813566
1,1,0.9583674
1,1,0.95531267
1,1,0.9767696
1,1,0.97691125
1,1,0.9838368
1,1,0.99274737
1,1,0.985713
1,1,0.9872944
1,1,0.9906392
1,1,0.98750985
1,1,0.98323214
1,1,0.9809105
1,1,0.9773283
1,1,0.9726543
1,1,0.9795284
1,1,0.98708004
1,1,0.9893309
1,1,0.9897267
1,1,0.9903548
1,1,0.98565084
0,1,0.9482952
0,1,0.9133872
0,1,0.86389047
0,1,0.79061097
0,1,0.5714577
0,1,0.65074134
0,1,0.90088475
0,1,0.8355937
0,1,0.6091312
0,0,0.4326179
0,1,0.5216432
0,1,0.6191639
0,0,0.42769793
0,0,0.44640732
0,1,0.5323951
0,1,0.5875147
0,1,0.5959285
0,1,0.560608
0,1,0.61934537
0,1,0.7627628
0,1,0.8506013
0,1,0.89200485
0,1,0.91869724
0,1,0.9157967
0,1,0.8152563
0,1,0.60710675
0,1,0.6507026
0,1,0.83050436
0,1,0.877076
0,1,0.9209457
0,1,0.95319676
0,1,0.90636575
0,1,0.8476915
0,1,0.829617
0,1,0.77373785
0,1,0.6500018
0,1,0.6343085
0,1,0.6158707
0,1,0.63052845
0,1,0.70161045
0,1,0.83022404
0,1,0.9278703
0,1,0.9505481
0,1,0.9221396
0,1,0.84470934
0,1,0.5458287
0,1,0.51471734
0,1,0.5671967
0,1,0.56500226
0,1,0.54888004
0,1,0.52065676
0,1,0.5494157
0,1,0.55810493
0,1,0.5496588
0,1,0.536112
0,1,0.58797014
0,1,0.64324665
0,1,0.61473775
0,1,0.550028
1,1,0.9490477
1,1,0.9799717
1,1,0.97880197
1,1,0.9794638
1,1,0.9799642
1,1,0.98195964
1,1,0.9718522
1,1,0.9666939
1,1,0.950679
1,1,0.95776546
1,1,0.978721
1,1,0.9755187
1,1,0.97255117
1,1,0.9847904
1,1,0.9768786
1,1,0.9750621
1,1,0.9777784
1,1,0.9663047
1,1,0.9693625
1,1,0.9643213
1,1,0.9672908
1,1,0.9737549
1,1,0.9704306
1,1,0.9818024
1,1,0.972305
1,1,0.9375254
1,1,0.72185117
1,0,0.2970705
1,0,0.43812415
1,1,0.5321398
1,1,0.7725705
1,1,0.67403895
1,1,0.67789143
1,1,0.6126811
1,1,0.8097087
1,1,0.93932223
1,1,0.80477023
1,0,0.45856786
1,0,0.48412323
1,1,0.80053854
1,1,0.94997555
1,1,0.9451351
1,1,0.9299251
1,1,0.915882
1,1,0.9365989
1,1,0.95415956
0,1,0.9176112
0,1,0.8509107
0,0,0.2590583
0,0,0.01621646
0,0,0.00094822276
0,0,0.0008816486
0,0,0.0009834057
0,0,0.0008698717
0,0,0.0022782767
0,0,0.010634679
0,0,0.021806799
0,0,0.013856974
0,0,0.006964735
0,0,0.0038167923
0,0,0.0022613883
0,0,0.0025620866
0,0,0.002280758
0,0,0.0028010495
0,0,0.0037367635
0,0,0.0034926475
0,0,0.0018112866
0,0,0.0018405233
0,0,0.0029046517
0,0,0.0035348919
0,0,0.004150593
0,0,0.0031084185
0,0,0.0018873977
0,0,0.0015241477
0,0,0.0014550339
0,0,0.0016047012
0,0,0.0025281657
0,0,0.0027855837
0,0,0.004547119
0,0,0.0056203958
0,0,0.0051533026
0,0,0.0053591337
0,0,0.0051558386
0,0,0.005866501
0,0,0.004146043
0,0,0.0007355914
0,0,0.0004520417
0,0,0.00074436865
0,0,0.0011900812
0,0,0.004264877
0,0,0.007266148
0,0,0.008203965
0,0,0.007478079
0,0,0.004317817
0,0,0.002728394
0,0,0.0012008864
0,0,0.0010914567
0,0,0.001426802
0,0,0.0016844238
0,0,0.0009649388
0,0,0.00047543948
0,0,0.0006461017
0,0,0.0008737618
0,0,0.0011282299
0,0,0.0020595384
0,0,0.0006636983
0,0,0.0005170447
0,0,0.00036920913
0,0,0.00083149766
0,0,0.0018435376
0,0,0.0015511417
0,0,0.0012014861
0,0,0.0006827739
0,0,0.0008143631
0,0,0.0019494114
0,0,0.0069721336
0,0,0.012480452
0,0,0.01636716
0,0,0.010174824
0,0,0.0028683012
0,0,0.0011754518
0,0,0.003033705
0,0,0.004856818
0,0,0.004687499
0,0,0.008417219
0,0,0.009566616
0,0,0.012822488
0,0,0.018014558
0,0,0.018628355
0,0,0.0144981425
0,0,0.012398864
0,0,0.01271435
0,0,0.013963312
0,0,0.017023105
0,0,0.02215977
0,0,0.024764584
0,0,0.18110465
0,1,0.7020006
0,1,0.75081545
0,1,0.6741703
0,0,0.2720558
0,0,0.058586035
0,0,0.060753386
0,0,0.092951775
0,0,0.036677185
0,0,0.044188216
0,0,0.04862111
0,0,0.095095664
0,0,0.24271026
0,0,0.3140959
0,0,0.33840194
0,0,0.25642946
0,0,0.22820169
0,0,0.2302443
0,0,0.19766666
0,0,0.11299988
0,0,0.07717845
0,0,0.093821436
0,0,0.11507677
0,0,0.10530269
0,0,0.047313757
0,0,0.047471844
0,0,0.059714567
0,0,0.06929642
0,0,0.12954378
0,0,0.11897545
0,0,0.098552
0,0,0.08667773
0,0,0.08907606
0,0,0.10502172
0,0,0.089687
0,0,0.08542006
0,0,0.068332754
0,0,0.040704112
0,0,0.026601886
0,0,0.023294587
0,0,0.02199977
0,0,0.022851532
0,0,0.032517873
0,0,0.036385626
0,0,0.030480247
0,0,0.02574441
0,0,0.02850315
0,0,0.033371557
0,0,0.07488248
0,0,0.13727534
0,0,0.09659944
0,0,0.063869566
0,0,0.044164393
0,0,0.029026132
0,0,0.030269787
0,0,0.05182105
0,0,0.07779861
0,0,0.08379413
0,0,0.066868186
0,0,0.052582193
0,0,0.055524968
0,0,0.08718775
0,0,0.11114901
0,0,0.1356448
0,0,0.13908763
0,0,0.12889846
0,0,0.11573376
0,0,0.08067731
0,0,0.06418112
0,0,0.042623393
0,0,0.03423273
0,0,0.0338024
0,0,0.0367978
0,0,0.035363086
0,0,0.04843122
0,0,0.06334753
0,0,0.065878086
0,0,0.06318989
0,0,0.07404843
0,0,0.061275706
0,0,0.046370026
0,0,0.03721916
0,0,0.037269805
0,0,0.059926838
0,0,0.06582606
0,0,0.06186138
0,0,0.06960493
0,0,0.118301064
0,0,0.10232319
0,0,0.07329384
0,0,0.07147181
0,0,0.056190547
0,0,0.04099982
0,0,0.042408668
0,0,0.04947817
0,0,0.047854073
0,0,0.05379735
0,0,0.06915911
0,0,0.091692425
0,0,0.097955465
0,0,0.105074584
0,0,0.10948985
0,0,0.087181225
0,0,0.073218286
0,0,0.06434917
0,0,0.05882588
0,0,0.04880927
0,0,0.03917359
0,0,0.041558344
0,0,0.044116363
0,0,0.050534256
0,0,0.07462899
0,0,0.08343694
0,0,0.07841058
0,0,0.081869006
0,0,0.08551404
0,0,0.085280396
0,0,0.08013655
0,0,0.08584172
0,0,0.08101581
0,0,0.07555681
0,0,0.07732748
0,0,0.066058956
0,0,0.044910226
0,0,0.022067862
0,0,0.016463548
0,0,0.022191212
0,0,0.02544309
0,0,0.027816944
0,0,0.02163885
0,0,0.020626286
0,0,0.019684171
0,0,0.018356089
0,0,0.019700637
0,0,0.019446371
0,0,0.021585232
0,0,0.019105896
0,0,0.017493397
0,0,0.016102193
0,0,0.017898005
0,0,0.013820572
0,0,0.018734619
0,0,0.025870724
0,0,0.02817511
0,0,0.032429807
0,0,0.038593978
0,0,0.042247273
0,0,0.045500055
0,0,0.050769713
0,0,0.06013751
0,0,0.09091879
0,0,0.10932201
0,0,0.11552238
0,0,0.11761656
0,0,0.10849072
0,0,0.09610673
0,0,0.07128488
0,0,0.057857364
0,0,0.061754473
0,0,0.0749303
0,0,0.07902575
0,0,0.07521114
0,0,0.06482667
0,0,0.05850396
0,0,0.072556324
0,0,0.072315365
0,0,0.04835215
0,0,0.03727776
0,0,0.049935073
0,0,0.06592922
0,0,0.05651632
0,0,0.06829531
0,0,0.07669758
0,0,0.055026338
0,0,0.059763476
0,0,0.056417696
0,0,0.049158867
0,0,0.044476278
0,0,0.042220578
0,0,0.04025111
0,0,0.04805216
0,0,0.060818058
0,0,0.06025829
0,0,0.06513094
0,0,0.06347403
0,0,0.047335893
0,0,0.044624586
0,0,0.06279486
0,0,0.07592844
0,0,0.06448375
0,0,0.070792824
0,0,0.08780534
0,0,0.091830246
0,0,0.105917126
0,0,0.11703003
0,0,0.10571459
0,0,0.08014942
0,0,0.062601425
0,0,0.0488457
0,0,0.045703147
0,0,0.06321513
0,0,0.06683393
0,0,0.0566099
0,0,0.05861106
0,0,0.07208975
0,0,0.083723895
0,0,0.09344834
0,0,0.09981463
0,0,0.09099149
0,0,0.074438244
0,0,0.07223287
0,0,0.09487548
0,0,0.09086572
0,0,0.07103432
0,0,0.063718185
0,0,0.064627655
0,0,0.060098566
0,0,0.07225969
0,0,0.09863887
0,0,0.10401463
0,0,0.07787903
0,0,0.07109832
0,0,0.059421342
0,0,0.047723673
0,0,0.03305475
0,0,0.029025052
0,0,0.033965893
0,0,0.034430224
0,0,0.034662772
0,0,0.043864004
0,0,0.0723833
0,0,0.07737507
0,0,0.086249754
0,0,0.18237764
0,0,0.27707484
0,0,0.36008266
0,0,0.3891824
0,0,0.21699862
0,0,0.12553328
0,0,0.11035398
0,0,0.1240557
0,0,0.12291113
0,0,0.10276931
0,0,0.10459722
0,0,0.12902376
0,0,0.13857041
0,0,0.14209922
0,0,0.14624132
0,0,0.14613761
0,0,0.1426915
0,0,0.13358381
0,0,0.12684031
0,0,0.10399251
0,0,0.083962925
0,0,0.08618844
0,0,0.11115873
0,0,0.13691843
0,0,0.14916773
0,0,0.13493581
0,0,0.1194835
0,0,0.10554411
0,0,0.091460586
0,0,0.09332037
0,0,0.10754701
0,0,0.110053435
0,0,0.114459865
0,0,0.12870218
0,0,0.1286689
0,0,0.13313411
0,0,0.16542536
0,0,0.17809264
0,0,0.16577236
0,0,0.16286008
0,0,0.15786746
0,0,0.14207777
0,0,0.12637803
0,0,0.11895715
0,0,0.1167249
0,0,0.14198147
0,0,0.14705288
0,0,0.13781956
0,0,0.1421576
0,0,0.13963427
0,0,0.12825151
0,0,0.13282809
0,0,0.13509998
0,0,0.12970433
0,0,0.120321885
0,0,0.10417465
0,0,0.082144514
0,0,0.068966925
0,0,0.07518741
0,0,0.10685262
0,0,0.10948235
0,0,0.11017684
0,0,0.12664382
0,0,0.12713394
0,0,0.1062303
0,0,0.21517777
0,0,0.38867804
0,0,0.47271004
0,0,0.40154362
0,0,0.2534894
0,0,0.07084519
0,0,0.033063587
0,0,0.028787313
0,0,0.029297963
0,0,0.028719869
0,0,0.034405857
0,0,0.04154385
0,0,0.030252077
0,0,0.01426187
0,0,0.013731449
0,0,0.017715758
0,0,0.025196053
0,0,0.039986946
0,0,0.05368427
0,0,0.094193995
0,0,0.07407525
0,0,0.06444063
0,0,0.103787184
0,0,0.12071721
0,0,0.10865289
0,0,0.13178834
0,0,0.14350207
0,0,0.13387626
0,0,0.13479173
0,0,0.14121147
0,0,0.1409541
0,0,0.1317162
0,0,0.12444782
0,0,0.12332005
0,0,0.10460307
0,0,0.08545188
0,0,0.0820989
0,0,0.07123093
0,0,0.07326687
0,0,0.110861756
0,0,0.12427801
0,0,0.118680894
0,0,0.11841098
0,0,0.10605959
0,0,0.092043065
0,0,0.10082373
0,0,0.09477436
0,0,0.081184566
0,0,0.06806963
0,0,0.058667548
0,0,0.06812029
0,0,0.08984442
0,0,0.105816126
0,0,0.124416046
0,0,0.1289462
0,0,0.095268175
0,0,0.07330418
0,0,0.07749451
0,0,0.085543275
0,0,0.08424505
0,0,0.07934608
0,0,0.07661395
0,0,0.07646108
0,0,0.08395975
0,0,0.08768487
0,0,0.08696886
0,0,0.10205265
0,0,0.10979053
0,0,0.0840056
0,0,0.06603177
0,0,0.06487922
0,0,0.06967985
0,0,0.06773826
0,0,0.06250389
0,0,0.06100653
0,0,0.06659503
0,0,0.073182896
0,0,0.07030165
0,0,0.076408036
0,0,0.08696241
0,0,0.096971914
0,0,0.10938065
0,0,0.1292218
0,0,0.13332723
0,0,0.13013828
0,0,0.1048619
0,1,0.68469983
0,0,0.44343725
0,0,0.18228155
0,0,0.042043187
0,0,0.017201167
0,0,0.02417337
0,0,0.034724254
0,0,0.097788095
0,0,0.06505683
0,0,0.03051452
0,0,0.02248308
0,0,0.009887537
0,0,0.010189193
0,0,0.022403322
0,0,0.044553183
0,0,0.09461597
0,0,0.16136716
0,0,0.24161702
0,0,0.14136516
0,0,0.0404344
0,0,0.019397577
0,0,0.04613286
0,0,0.06488133
1,0,0.0527393
1,0,0.06956802
1,0,0.10743839
1,0,0.13528515
1,0,0.21506166
1,0,0.24311832
1,0,0.33707377
1,1,0.62921435
1,1,0.8317103
1,1,0.6811069
1,0,0.4488572
1,0,0.43121207
1,1,0.71875334
1,1,0.91394377
1,1,0.9648222
1,1,0.9682519
1,1,0.9391388
1,1,0.921969
1,1,0.8347924
1,1,0.7357701
1,0,0.49355507
1,0,0.3443535
1,0,0.42374626
1,1,0.6038043
1,1,0.51222384
1,0,0.298594
1,0,0.3060321
1,0,0.29516333
1,0,0.4315571
1,1,0.70827144
1,1,0.50681674
1,1,0.5425754
1,0,0.3309443
1,0,0.29333377
1,0,0.41247696
1,0,0.24752711
1,0,0.1574594
1,0,0.17862828
1,0,0.28725094
1,0,0.28919852
1,0,0.16551088
1,0,0.12760057
1,0,0.15020642
1,0,0.28046152
1,0,0.2327615
1,0,0.13564914
1,0,0.11485506
1,0,0.17464198
1,0,0.20961812
1,0,0.25073475
1,0,0.35166427
1,0,0.48199996
1,0,0.45581028
1,0,0.23579185
1,0,0.13939874
1,0,0.09874326
1,0,0.16934617
1,1,0.5316442
1,1,0.57396734
1,0,0.34753162
1,0,0.1813364
1,0,0.050961018
1,0,0.032699835
1,0,0.029455587
1,0,0.031768776
1,0,0.03754554
1,0,0.035323024
1,0,0.025503468
1,0,0.020644888
1,0,0.016442036
1,0,0.016317977
1,0,0.42849103
1,1,0.7885371
1,1,0.8179464
1,1,0.7933132
1,1,0.7012444
1,1,0.7231273
1,1,0.792352
1,1,0.8613815
1,1,0.8899338
1,1,0.85783446
1,1,0.71328574
1,1,0.64456564
1,1,0.66054136
1,1,0.8731653
1,1,0.9365803
1,1,0.8865082
1,1,0.82063234
1,1,0.5819233
1,0,0.4359453
1,1,0.5166133
1,1,0.6194644
1,1,0.751573
1,1,0.91560537
1,1,0.95219094
1,1,0.93653923
1,1,0.87919825
1,1,0.8861382
1,1,0.87402344
1,1,0.8381012
1,1,0.83498514
1,1,0.8465372
1,1,0.8322636
1,1,0.902816
1,1,0.8642883
1,1,0.8395234
1,1,0.86187553
1,1,0.96788245
1,1,0.9520454
1,1,0.8360451
1,1,0.83703655
1,1,0.6603016
1,1,0.50210404
1,1,0.7025274
1,1,0.70164603
1,1,0.50753903
1,0,0.22788085
1,0,0.2836183
1,1,0.75885755
1,1,0.9095102
1,1,0.9616312
1,1,0.99714667
1,1,0.99317557
1,1,0.9893245
1,1,0.9865993
1,1,0.97529614
1,1,0.9803878
1,1,0.9847121
1,1,0.9686411
1,1,0.9174158
1,1,0.84883493
1,1,0.789584
1,1,0.85582304
1,1,0.90721804
1,1,0.91947746
1,1,0.98418427
1,1,0.9794742
1,1,0.934633
1,1,0.8972404
1,1,0.84877235
1,1,0.73914313
1,1,0.5913302
1,0,0.30495042
1,0,0.332053
1,1,0.5423538
1,0,0.49928015
1,0,0.49489105
1,1,0.65250224
1,1,0.8586856
1,1,0.8400472
1,1,0.6065101
1,0,0.40038356
1,0,0.30112374
1,0,0.24875888
1,0,0.23013406
1,0,0.19202618
1,0,0.24447338
1,0,0.16375196
1,0,0.11941003
1,0,0.05167341
1,0,0.057793375
1,0,0.059452455
1,0,0.08209994
1,0,0.13478123
1,0,0.14308375
1,0,0.165634
1,0,0.19549008
1,0,0.14322387
1,0,0.10475416
1,0,0.14792794
1,0,0.10342389
1,0,0.05408372
1,0,0.072142646
1,0,0.14516059
1,0,0.25673854
1,0,0.48676613
1,1,0.69428426
1,1,0.6840403
1,1,0.5011082
1,0,0.4493717
1,1,0.57838047
1,1,0.56614035
1,1,0.58868843
1,1,0.5421582
1,1,0.60166395
1,1,0.7076326
0,1,0.7769686
0,1,0.7957585
0,0,0.46145174
0,0,0.33582014
0,0,0.33552468
0,0,0.39246535
0,0,0.38495645
0,0,0.18901101
0,0,0.08255484
0,0,0.05460422
0,0,0.045745373
0,0,0.06400476
0,0,0.2188281
0,0,0.22935188
0,0,0.10133402
0,0,0.037254285
0,0,0.07186898
0,1,0.6174358
0,1,0.95870256
0,1,0.9092093
0,1,0.68964136
0,1,0.8469169
0,1,0.9281349
0,1,0.9424305
0,1,0.95199484
0,1,0.94575804
0,1,0.90676624
0,1,0.7922998
0,1,0.6501753
0,1,0.52440226
0,1,0.5598172
0,1,0.64448005
0,1,0.7560828
0,1,0.7313307
0,1,0.719034
0,1,0.83863276
0,1,0.79370725
0,1,0.8628416
0,1,0.9108348
0,1,0.92567116
0,1,0.93053436
0,1,0.8662071
0,1,0.70396966
0,1,0.5182143
0,0,0.48625705
0,0,0.3249084
0,0,0.3661798
0,0,0.48947638
0,0,0.35507837
0,0,0.34162778
0,0,0.29381478
0,0,0.3119266
0,0,0.31581995
0,0,0.4871788
0,1,0.69036824
0,1,0.9067406
0,1,0.95779204
0,1,0.95995027
0,1,0.97380584
1,1,0.9639376
1,1,0.9385312
1,1,0.84718746
1,1,0.8263015
1,1,0.86070764
1,1,0.7596027
1,1,0.66271013
1,1,0.75903285
1,1,0.91613305
1,1,0.9791326
1,1,0.98537374
1,1,0.98587984
1,1,0.9786082
1,1,0.9815528
1,1,0.94390327
1,1,0.935454
1,1,0.96549416
1,1,0.8880747
1,1,0.88831496
1,1,0.8967779
1,1,0.69321173
1,0,0.16114934
1,0,0.050701044
1,0,0.06445799
1,0,0.12018357
1,0,0.15842102
1,0,0.44226465
1,1,0.5216927
1,0,0.4270134
1,1,0.5159638
1,1,0.5045932
1,1,0.5235246
1,1,0.6695295
1,1,0.8581967
1,1,0.97597176
1,1,0.98826337
1,1,0.9843971
1,1,0.9243757
1,0,0.25825882
1,0,0.17488596
1,0,0.11743458
1,0,0.08585538
1,0,0.18159103
1,0,0.21378003
1,0,0.121102415
1,0,0.16259317
0,0,0.08767793
0,0,0.043226708
0,0,0.020284744
0,0,0.010552459
0,0,0.0067169894
0,0,0.009888218
0,0,0.021210862
0,0,0.111326136
0,0,0.06301195
0,0,0.048263494
0,0,0.06556005
0,0,0.1295379
0,0,0.3064784
0,1,0.63378066
0,1,0.73448795
0,1,0.6293826
0,1,0.6539297
0,1,0.7854661
0,1,0.9266657
0,1,0.87223643
0,1,0.7310352
0,0,0.4755802
0,0,0.22098722
0,0,0.15601406
0,0,0.42809469
0,1,0.9482504
0,1,0.9684152
0,1,0.9238139
0,1,0.82989025
0,1,0.86408204
0,1,0.8888022
0,1,0.86711687
0,1,0.9123801
0,1,0.9048603
0,1,0.8340345
0,1,0.6879773
0,1,0.73753434
0,1,0.63026917
0,1,0.63109934
0,1,0.82311803
0,1,0.8869904
0,1,0.8471238
0,1,0.8144624
0,1,0.6905178
0,1,0.63930887
0,1,0.73875624
0,1,0.7469915
0,1,0.6797294
0,1,0.63125306
0,1,0.62862825
0,1,0.6395761
0,1,0.7321504
0,1,0.7595281
0,1,0.7509168
0,1,0.555769
0,1,0.6421976
0,1,0.8037812
0,1,0.6788463
0,1,0.9168292
0,1,0.851039
0,1,0.73004216
0,1,0.5062498
0,0,0.45179346
0,0,0.28338385
0,0,0.32216844
0,0,0.2592154
0,0,0.3189147
0,1,0.5268754
1,0,0.24974523
1,0,0.19341055
1,0,0.4337792
1,1,0.62725705
1,1,0.694683
1,1,0.64800674
1,1,0.62071425
1,0,0.49461877
1,1,0.52047145
1,1,0.7828275
1,1,0.8510813
1,1,0.5381131
1,0,0.32560056
1,0,0.23515275
1,0,0.22542799
1,0,0.3536416
1,0,0.33637768
1,1,0.7517376
1,1,0.8630945
1,1,0.873173
1,1,0.7827244
1,0,0.48236328
1,1,0.5148705
1,0,0.4764424
1,0,0.39612222
1,0,0.08080183
1,0,0.42134055
1,1,0.6810745
1,1,0.8455276
1,1,0.89477426
1,1,0.89245284
1,1,0.9185393
1,1,0.92097884
1,1,0.9423684
1,1,0.93159753
1,1,0.951031
1,1,0.8563225
1,1,0.76618874
1,0,0.42590317
1,0,0.39236647
1,1,0.7844436
1,1,0.8265641
1,1,0.8470434
1,1,0.57403225
1,0,0.26569477
1,0,0.30014214
0,0,0.00090284273
0,0,0.00013028737
0,0,2.4680105e-05
0,0,1.4356605e-05
0,0,1.4627631e-05
0,0,1.3327775e-05
0,0,1.7283184e-05
0,0,2.228604e-05
0,0,2.4080899e-05
0,0,2.682765e-05
0,0,3.246518e-05
0,0,3.3227054e-05
0,0,2.952878e-05
0,0,2.5843809e-05
0,0,2.4823243e-05
0,0,2.971049e-05
0,0,3.1113486e-05
0,0,3.3656892e-05
0,0,3.8951574e-05
0,0,3.26701e-05
0,0,2.5585388e-05
0,0,1.859557e-05
0,0,1.4821948e-05
0,0,1.3486986e-05
0,0,1.2549692e-05
0,0,1.3276792e-05
0,0,1.8580005e-05
0,0,1.7316377e-05
0,0,1.6048458e-05
0,0,1.6293176e-05
0,0,1.8899536e-05
0,0,2.1025342e-05
0,0,1.843503e-05
0,0,2.0966492e-05
0,0,2.0651489e-05
0,0,2.3187522e-05
0,0,3.1152736e-05
0,0,4.8621067e-05
0,0,6.0196257e-05
0,0,6.23736e-05
0,0,8.383432e-05
0,0,7.244158e-05
0,0,5.528183e-05
0,0,3.966033e-05
0,0,5.1700456e-05
0,0,4.6106063e-05
0,0,3.747821e-05
0,0,3.1734144e-05
0,0,3.7629266e-05
0,0,3.0029005e-05
0,0,3.11868e-05
0,0,2.8461347e-05
0,0,3.542284e-05
0,0,4.6622572e-05
0,0,5.4316242e-05
0,0,5.0501094e-05
0,0,7.09329e-05
0,0,5.6111287e-05
0,0,3.547243e-05
0,0,2.8507473e-05
0,0,3.7419428e-05
0,0,3.750689e-05
0,0,2.9562787e-05
0,0,2.4477004e-05
0,0,3.252933e-05
0,0,2.7998793e-05
0,0,2.4406469e-05
0,0,2.415397e-05
0,0,2.5917065e-05
0,0,2.3303463e-05
0,0,2.0668433e-05
0,0,1.774933e-05
0,0,1.8567534e-05
0,0,1.8990811e-05
0,0,1.9912739e-05
0,0,1.9858066e-05
0,0,2.2110695e-05
0,0,1.8829016e-05
0,0,1.616774e-05
0,0,1.5472993e-05
0,0,1.5772e-05
0,0,1.6131871e-05
0,0,1.4384384e-05
0,0,1.2573939e-05
0,0,1.1355571e-05
0,0,9.099173e-06
0,0,9.024515e-06
0,0,9.103756e-06
0,0,9.911237e-06
0,0,1.0123192e-05
0,0,1.0891501e-05
0,0,1.2360209e-05
0,0,9.272206e-06
0,0,8.94268e-06
1,0,4.129088e-05
1,0,4.9720988e-05
1,0,0.00012301089
1,0,0.0019656362
1,0,0.0023947991
1,0,0.0020855009
1,0,0.0024066532
1,0,0.003296808
1,0,0.004231133
1,0,0.0060501196
1,0,0.0048126825
1,0,0.0023127252
1,0,0.0019116402
1,0,0.0028215714
1,0,0.022252195
1,0,0.01547938
1,0,0.008688877
1,0,0.00845048
1,0,0.004006956
1,0,0.0053795646
1,0,0.0165938
1,0,0.034930684
1,0,0.025005613
0,0,0.01029104
0,0,0.009353875
0,0,0.012226283
0,0,0.02605016
0,0,0.13717866
0,0,0.073629335
0,0,0.051157426
0,0,0.031109493
0,0,0.01585943
0,0,0.025960293
0,0,0.12642826
0,0,0.44876954
0,1,0.7263673
0,1,0.8603359
0,1,0.908592
0,1,0.9324958
0,1,0.86713874
0,0,0.48478436
0,0,0.08950187
0,0,0.032135095
0,0,0.033151757
0,0,0.02632863
0,0,0.018527856
1,0,0.024602827
1,0,0.022133747
1,0,0.0789635
1,1,0.5769247
1,1,0.91421956
1,1,0.95978147
1,1,0.9749053
1,1,0.9786228
1,1,0.9807405
1,1,0.98344165
1,1,0.9850957
1,1,0.9870363
1,1,0.98391336
1,1,0.97216254
1,1,0.9355167
1,1,0.88367915
1,1,0.84489805
1,1,0.9037528
1,1,0.9389527
1,1,0.9575445
1,1,0.93260497
1,1,0.8682242
1,0,0.3560437
1,0,0.051601507
1,0,0.016818194
1,0,0.0193391
1,0,0.013355983
1,0,0.01000056
1,0,0.011762778
1,0,0.011476958
1,0,0.017086085
1,0,0.028229358
1,0,0.039403383
1,0,0.022446474
1,0,0.016857475
1,0,0.015744666
1,0,0.011081323
1,0,0.011267445
1,0,0.015395438
1,0,0.03629285
1,0,0.061942615
1,0,0.08463593
1,0,0.12750253
1,0,0.05860268
1,0,0.032079425
1,0,0.031974472
0,0,0.067381464
0,0,0.2982042
0,1,0.6043481
0,1,0.837676
0,1,0.8707917
0,1,0.8530205
0,1,0.835429
0,1,0.8100986
0,1,0.8374643
0,1,0.8839203
0,1,0.9234129
0,1,0.9266556
0,1,0.9194589
0,1,0.8884694
0,1,0.8467104
0,1,0.792429
0,1,0.7796835
0,1,0.7919285
0,1,0.906516
0,1,0.8958675
0,1,0.67225444
0,0,0.26616365
0,0,0.025868965
0,0,0.00023232837
0,0,3.5695615e-05
0,0,1.626542e-05
0,0,2.0631096e-05
0,0,4.291649e-05
0,0,4.510594e-05
0,0,5.2491647e-05
0,0,5.0590028e-05
0,0,5.927097e-05
0,0,5.4955683e-05
0,0,5.1061288e-05
0,0,8.7873355e-05
0,0,0.00013629382
0,0,0.0001667429
0,0,0.00012795716
0,0,0.00014013173
0,0,0.00011490664
0,0,8.93582e-05
0,0,9.460992e-05
0,0,8.722333e-05
0,0,8.345497e-05
0,0,7.0898954e-05
0,0,7.745371e-05
0,0,7.8568e-05
0,0,9.3899514e-05
0,0,0.00019279947
0,0,0.0001336984
0,0,0.00013222884
0,0,9.4774085e-05
0,0,6.112281e-05
0,0,6.5037464e-05
0,0,7.3460724e-05
0,0,9.036618e-05
0,0,7.8729405e-05
0,0,5.0075058e-05
0,0,5.385884e-05
0,0,5.2864645e-05
0,0,5.083711e-05
0,0,5.1510844e-05
0,0,4.9259277e-05
0,0,4.7471858e-05
0,0,4.525264e-05
0,0,4.2263648e-05
0,0,4.191969e-05
0,0,3.8052778e-05
0,0,3.0877727e-05
0,0,2.9743826e-05
0,0,2.8555603e-05
0,0,2.6970281e-05
0,0,2.8241051e-05
0,0,2.3167497e-05
0,0,2.0540592e-05
0,0,1.9899373e-05
0,0,1.9422443e-05
0,0,1.9637031e-05
0,0,2.010991e-05
0,0,2.195994e-05
0,0,1.8953326e-05
0,0,1.7498634e-05
1,0,9.4249735e-05
1,0,0.00026198517
1,0,0.0018007959
1,0,0.33034554
1,1,0.8661863
1,1,0.8364173
1,1,0.8928429
1,1,0.922352
1,1,0.9453621
1,1,0.95697844
1,1,0.9628764
1,1,0.9765726
1,1,0.98314905
1,1,0.98727894
1,1,0.9735902
1,1,0.97189146
1,1,0.96959543
1,1,0.9136671
1,1,0.81034
1,1,0.71996254
1,1,0.63811046
1,1,0.7942416
1,1,0.76144594
1,1,0.58952856
1,1,0.60735625
1,0,0.31791276
1,0,0.16694109
1,0,0.13492768
1,0,0.06977019
1,0,0.045663927
1,0,0.032361865
1,0,0.06173659
1,0,0.04384739
1,0,0.031526886
1,0,0.063353814
1,0,0.0695195
1,0,0.022386117
1,0,0.039612476
1,0,0.058017556
1,0,0.1904077
1,1,0.6248127
1,1,0.8951041
1,1,0.8635876
1,1,0.8167157
1,1,0.94486195
1,1,0.96682334
0,0,0.18481663
0,0,0.000772899
0,0,3.2128693e-05
0,0,1.3026643e-05
0,0,1.1828804e-05
0,0,1.1906352e-05
0,0,1.3112006e-05
0,0,1.7169503e-05
0,0,1.6823651e-05
0,0,1.8310733e-05
0,0,2.1872995e-05
0,0,1.9415349e-05
0,0,2.6482183e-05
0,0,2.335864e-05
0,0,2.288384e-05
0,0,2.4589961e-05
0,0,1.7096174e-05
0,0,1.8125462e-05
0,0,2.0529038e-05
0,0,1.8742468e-05
0,0,2.1367518e-05
0,0,2.4074057e-05
0,0,2.9519206e-05
0,0,3.3774406e-05
0,0,4.025721e-05
0,0,4.3787288e-05
0,0,4.4929795e-05
0,0,3.630761e-05
0,0,3.4767876e-05
0,0,3.9186965e-05
0,0,3.492413e-05
0,0,2.8826562e-05
0,0,2.964955e-05
0,0,3.5993722e-05
0,0,4.2679363e-05
0,0,3.4772125e-05
0,0,3.2392534e-05
0,0,2.6511925e-05
0,0,3.3253047e-05
0,0,3.4684857e-05
0,0,2.6901616e-05
0,0,2.4093464e-05
0,0,2.5243227e-05
0,0,2.7185795e-05
0,0,2.5139325e-05
0,0,3.2970438e-05
0,0,3.8838367e-05
0,0,4.967174e-05
0,0,5.2638465e-05
0,0,3.666198e-05
0,0,3.2656582e-05
0,0,2.523733e-05
0,0,2.1871201e-05
0,0,1.9701109e-05
0,0,2.3285935e-05
0,0,3.4118653e-05
0,0,3.51778e-05
0,0,3.2411477e-05
0,0,3.3997767e-05
0,0,3.3753444e-05
0,0,3.065831e-05
0,0,2.2511327e-05
0,0,2.3363007e-05
0,0,1.9561112e-05
0,0,1.8938745e-05
0,0,1.8049703e-05
0,0,2.262574e-05
0,0,3.067413e-05
1,0,3.1735537e-05
1,0,2.9705445e-05
1,0,3.2778076e-05
1,0,3.0462985e-05
1,0,3.176027e-05
1,0,3.344737e-05
1,0,3.2899927e-05
1,0,3.6382928e-05
1,0,2.957401e-05
1,0,3.0349607e-05
1,0,2.9473329e-05
1,0,2.5574218e-05
1,0,2.229263e-05
1,0,2.2974891e-05
1,0,2.4339322e-05
1,0,2.4758676e-05
1,0,2.228194e-05
1,0,1.8803212e-05
1,0,1.6873424e-05
1,0,1.5197911e-05
1,0,1.5695774e-05
1,0,1.6887816e-05
1,0,1.7371887e-05
1,0,1.60394e-05
1,0,1.7518121e-05
1,0,2.0955118e-05
1,0,1.7031114e-05
1,0,2.1284355e-05
1,0,2.5839028e-05
1,0,2.287413e-05
1,0,2.4064186e-05
1,0,2.1252148e-05
1,0,1.9958692e-05
1,0,1.9191006e-05
1,0,2.15967e-05
1,0,2.655461e-05
1,0,2.5204814e-05
1,0,2.668232e-05
1,0,2.752498e-05
1,0,2.6937736e-05
1,0,2.4981187e-05
1,0,2.4819054e-05
1,0,2.3466482e-05
1,0,2.2431012e-05
1,0,1.6126472e-05
1,0,1.4473275e-05
0,1,0.8801808
0,0,0.32231554
0,0,0.049406208
0,0,0.085554704
0,0,0.23154101
0,0,0.22275993
0,0,0.23368911
0,0,0.23876785
0,0,0.2405491
0,0,0.25358927
0,0,0.2472144
0,0,0.25250605
0,0,0.23926912
0,0,0.26709482
0,0,0.3202553
0,0,0.2991636
0,0,0.33598173
0,0,0.3651462
0,0,0.3056119
0,0,0.26456234
0,0,0.28807983
0,0,0.29748464
0,0,0.28216264
0,0,0.30030698
0,0,0.2587631
0,0,0.19186112
0,0,0.12614276
0,0,0.09790262
0,0,0.08050647
0,0,0.06647825
0,0,0.07961305
0,0,0.09945851
0,0,0.07575176
0,0,0.0946107
0,0,0.11953754
0,0,0.08367226
0,0,0.059350494
0,0,0.038894903
0,0,0.020177148
0,0,0.023259046
0,0,0.030187102
0,0,0.031726014
0,0,0.028698495
0,0,0.04016416
0,0,0.055432014
0,0,0.055691466
0,0,0.050367933
0,0,0.06485055
0,0,0.090910144
0,0,0.09438122
0,0,0.14503816
0,0,0.10993326
0,0,0.073769525
0,0,0.068889864
0,0,0.052536294
0,0,0.059305474
0,0,0.07131734
0,0,0.06588193
0,0,0.07282953
0,0,0.09475445
0,0,0.08046132
0,0,0.06603666
0,0,0.072032034
0,0,0.08466851
0,0,0.10003549
0,0,0.1050259
0,0,0.09295705
0,0,0.08645708
0,0,0.10327856
0,0,0.08003048
0,0,0.07448846
0,0,0.097358994
0,0,0.12786013
0,0,0.1232126
0,0,0.13689867
0,0,0.19761641
0,0,0.21396872
0,0,0.16130124
0,0,0.13773961
0,0,0.12646902
0,0,0.12593041
0,0,0.1454115
0,0,0.16823837
0,0,0.17781061
0,0,0.17294796
0,0,0.16152866
0,0,0.18929729
0,0,0.22322163
0,0,0.18274988
0,0,0.16858627
0,0,0.18476616
0,0,0.18619263
0,0,0.16960892
0,0,0.1765599
1,0,0.13668677
1,0,0.1178382
1,0,0.14953372
1,0,0.20178004
1,0,0.23902425
1,0,0.28714448
1,0,0.29321623
1,0,0.27003428
1,0,0.25198656
1,0,0.23252147
1,0,0.22888426
1,0,0.21512282
1,0,0.22797498
1,0,0.255732
1,0,0.24187529
1,0,0.21198986
1,0,0.19859196
1,0,0.19340901
1,0,0.19067521
1,0,0.18672974
1,0,0.19243136
1,0,0.20017144
1,0,0.19607545
1,0,0.21897922
1,0,0.24608892
1,0,0.2299171
1,0,0.23686652
1,0,0.264099
1,0,0.25445706
1,0,0.24072121
1,0,0.22907461
1,0,0.222027
1,0,0.22340421
1,0,0.24328753
1,0,0.2606165
1,0,0.2798613
1,0,0.32747757
1,0,0.34642103
1,0,0.33038172
1,0,0.4594275
1,1,0.5629908
1,1,0.57278264
1,1,0.6417071
1,1,0.5104582
1,0,0.44079626
1,0,0.35160312
1,0,0.28492522
1,0,0.2740144
1,0,0.2644965
1,0,0.28929552
1,0,0.27370927
1,0,0.25613013
1,0,0.2542214
1,0,0.2515591
1,0,0.24850307
1,0,0.23772687
1,0,0.2644873
1,0,0.29009417
1,0,0.31668606
1,0,0.3441678
1,0,0.26614308
1,0,0.24025376
1,0,0.23111215
1,0,0.21189468
1,0,0.21255252
1,0,0.21513368
1,0,0.20510475
1,0,0.20707874
1,0,0.20723265
1,0,0.1916922
1,0,0.18605149
1,0,0.20064381
1,0,0.2332184
1,0,0.26473695
1,0,0.26174486
1,0,0.2546197
1,0,0.24668387
1,0,0.23966284
1,0,0.24397887
1,0,0.22544134
1,0,0.2213943
1,0,0.24139066
1,0,0.2336844
1,0,0.2330466
1,0,0.22398168
1,0,0.20741898
1,0,0.21624169
1,0,0.21224001
1,0,0.20163858
1,0,0.20869154
1,0,0.20953266
1,0,0.20155722
0,0,0.21951154
0,0,0.21561393
0,0,0.22159448
0,0,0.28408468
0,0,0.3636921
0,0,0.41163462
0,0,0.4693174
0,0,0.42384815
0,0,0.35880858
0,0,0.29287058
0,0,0.26249972
0,0,0.26323822
0,0,0.24391727
0,0,0.24534297
0,0,0.26322955
0,0,0.2563296
0,0,0.24692954
0,0,0.24134384
0,0,0.23404378
0,0,0.2375279
0,0,0.25238428
0,0,0.26354495
0,0,0.2581188
1,0,0.21826765
1,0,0.19915646
1,0,0.20519383
1,0,0.22173107
1,0,0.25727612
1,0,0.20593575
1,0,0.12625068
1,0,0.09023305
1,0,0.07031954
1,0,0.07081925
1,0,0.07784781
1,0,0.083092235
1,0,0.077226214
1,0,0.08425563
1,0,0.067477316
1,0,0.044941608
1,0,0.032685507
1,0,0.027091956
1,0,0.03497926
1,0,0.030519292
1,0,0.018918995
1,0,0.009558578
1,0,0.009883877
1,0,0.014542028
1,0,0.018942192
1,0,0.026335197
1,0,0.060997367
1,0,0.15183659
1,0,0.26855558
1,0,0.3018739
1,0,0.26095212
1,0,0.11758975
1,0,0.03674397
1,0,0.030063583
1,0,0.0265036
1,0,0.054476317
1,0,0.09269904
1,0,0.10073392
1,0,0.15034795
1,0,0.21270621
1,0,0.15969156
1,0,0.11717592
1,0,0.07747456
1,0,0.060164142
1,0,0.061486553
1,0,0.045095857
1,0,0.040587634
1,0,0.03375868
1,0,0.029240895
1,0,0.02836673
1,0,0.024996
1,0,0.029671554
1,0,0.038764928
1,0,0.028003497
1,0,0.02381327
1,0,0.028163195
1,0,0.033463273
1,0,0.061583374
1,0,0.059256624
1,0,0.13489918
1,0,0.19237562
1,0,0.20189874
1,0,0.21786724
1,0,0.22661567
1,0,0.23502591
1,0,0.23625986
1,0,0.21451524
1,0,0.20256585
1,0,0.20156872
1,0,0.2056198
1,0,0.24360234
1,0,0.26927158
1,0,0.23897763
1,0,0.2342025
1,0,0.2426913
1,0,0.21634832
1,0,0.20612806
1,0,0.22115198
1,0,0.24762638
1,0,0.26259133
1,0,0.28698438
1,0,0.30994055
0,0,0.27005652
0,0,0.23777924
0,0,0.23894751
0,0,0.23583329
0,0,0.23121914
0,0,0.22572194
0,0,0.21293803
0,0,0.2088065
0,0,0.23389912
0,0,0.25680652
0,0,0.26072663
0,0,0.28838137
0,0,0.33301643
0,0,0.3717298
0,0,0.33735892
0,0,0.26884884
0,0,0.25494757
0,0,0.24332269
0,0,0.23078112
0,0,0.23108062
0,0,0.2745148
0,0,0.290141
0,0,0.25068408
0,0,0.2372338
0,0,0.22408523
0,0,0.20679577
0,0,0.1951166
0,0,0.19344546
0,0,0.19780596
0,0,0.207128
0,0,0.22068645
0,0,0.2127213
0,0,0.1980722
0,0,0.1939123
0,0,0.20499869
0,0,0.22036913
0,0,0.23134488
0,0,0.24961783
0,0,0.28163293
0,0,0.21322462
0,0,0.19361626
0,0,0.19184417
0,0,0.19744377
0,0,0.2142739
0,0,0.21369992
0,0,0.20945136
0,0,0.21088263
0,0,0.20043392
0,0,0.18911375
0,0,0.2081214
0,0,0.24372467
0,0,0.21909776
0,0,0.1876837
0,0,0.2109467
0,0,0.21287514
0,0,0.19687887
0,0,0.19235508
0,0,0.16025709
0,0,0.1619751
0,0,0.19222192
0,0,0.21996468
0,0,0.21263193
0,0,0.20592172
0,0,0.19384514
0,0,0.17929311
0,0,0.1737164
0,0,0.17318021
0,0,0.1842535
0,0,0.20191266
0,0,0.20034243
0,0,0.18816073
0,0,0.18182413
0,0,0.16457751
0,0,0.15089609
0,0,0.13389455
0,0,0.14246184
0,0,0.15409361
0,0,0.14491612
0,0,0.14017217
0,0,0.16122212
0,0,0.20759276
0,0,0.21907972
0,0,0.2174401
0,0,0.1985811
0,0,0.18120512
0,0,0.16946217
0,0,0.17193353
0,0,0.18161593
0,0,0.19250663
0,0,0.20280772
0,0,0.2264468
0,0,0.23142055
0,0,0.18899915
0,0,0.1801239
0,0,0.16836138
0,0,0.18165712
0,0,0.20348124
0,0,0.20953497
0,0,0.20676404
0,0,0.21760966
0,0,0.23157266
0,0,0.23822922
0,0,0.25752443
0,0,0.31912565
0,0,0.40891397
0,0,0.31406263
0,0,0.25279558
0,0,0.24701768
0,0,0.23997743
0,0,0.21764717
0,0,0.20660849
0,0,0.21106273
0,0,0.2119462
0,0,0.19852732
0,0,0.184467
0,0,0.18849817
0,0,0.16999628
0,0,0.18717052
0,0,0.21926832
0,0,0.23632932
0,0,0.24513578
0,0,0.2612067
0,0,0.23773973
0,0,0.15419567
0,0,0.11622335
0,0,0.10474338
0,0,0.13994023
0,0,0.16996805
0,0,0.18084079
0,0,0.19934513
0,0,0.20936504
0,0,0.20039064
0,0,0.19606173
0,0,0.20122957
0,0,0.2205678
0,0,0.20940188
0,0,0.14309451
0,0,0.0008903642
0,0,0.014251449
0,0,0.088012524
0,0,0.123953894
0,0,0.19708419
0,0,0.2212389
0,0,0.24567482
0,0,0.26726663
0,0,0.2875372
0,0,0.2637023
0,0,0.24565528
0,0,0.24599825
0,0,0.22985885
0,0,0.21011487
0,0,0.20310585
0,0,0.20421204
0,0,0.19977222
0,0,0.19238482
0,0,0.19203782
0,0,0.19678226
0,0,0.20628688
0,0,0.21404827
0,0,0.18693931
1,0,0.074998595
1,0,0.027432589
1,0,0.008069385
1,0,0.0047963574
1,0,0.0054661585
1,0,0.0051621106
1,0,0.0055118613
1,0,0.007824879
1,0,0.012432294
1,0,0.019542327
1,0,0.02929317
1,0,0.044072524
1,0,0.05567076
1,0,0.05036669
1,0,0.035320804
1,0,0.024237726
1,0,0.02027874
1,0,0.018220302
1,0,0.016007774
1,0,0.013862736
1,0,0.010502185
1,0,0.006468551
1,0,0.0070082797
1,0,0.014138922
1,0,0.029892428
1,0,0.060356475
1,0,0.0887204
1,0,0.11351833
1,0,0.12591867
1,0,0.13549696
1,0,0.11697683
1,0,0.1057031
1,0,0.08229827
1,0,0.050316643
1,0,0.04386553
1,0,0.045864865
1,0,0.040616613
1,0,0.04048756
1,0,0.04370489
1,0,0.040569305
1,0,0.040851284
1,0,0.051538017
1,0,0.06939368
1,0,0.09204874
1,0,0.07228735
1,0,0.047027677
1,0,0.03856004
1,0,0.02012641
1,0,0.01943588
1,0,0.029208997
1,0,0.04193886
1,0,0.04988545
1,0,0.060880337
1,0,0.058859974
1,0,0.055796165
1,0,0.056866463
1,0,0.054847218
1,0,0.055289105
1,0,0.059330925
1,0,0.05630929
1,0,0.052454636
1,0,0.055538625
1,0,0.055195376
1,0,0.052028008
1,0,0.05103383
1,0,0.048385963
1,0,0.041198865
1,0,0.039025947
1,0,0.038157836
1,0,0.04192019
1,0,0.049381614
0,0,0.20796826
0,0,0.35454333
0,1,0.5138252
0,1,0.7110024
0,1,0.78729427
0,1,0.7364999
0,1,0.66236097
0,1,0.6011647
0,1,0.64204746
0,1,0.6593376
0,1,0.7000888
0,1,0.71746814
0,1,0.7062975
0,1,0.6850258
0,1,0.68334967
0,1,0.677318
0,1,0.7252723
0,1,0.76605153
0,1,0.7412673
0,1,0.7464817
0,1,0.71739936
0,1,0.7264592
0,1,0.66524404
0,1,0.69637245
0,1,0.75278604
0,1,0.7996181
0,1,0.81087375
0,1,0.7889729
0,1,0.7379571
0,1,0.7116801
0,1,0.7077202
0,1,0.7408672
0,1,0.7851878
0,1,0.720192
0,1,0.6076242
0,1,0.58822215
0,1,0.6267799
0,1,0.5936781
0,1,0.59770083
0,1,0.5857531
0,1,0.56094396
0,1,0.60438913
0,1,0.6908564
0,1,0.80387795
0,1,0.86788183
0,1,0.84377
0,1,0.787762
0,1,0.8117654
0,1,0.69828135
0,1,0.54909545
0,1,0.64829427
0,1,0.6773358
0,1,0.6976506
0,1,0.7502232
0,1,0.7415529
0,1,0.6911672
0,1,0.7607652
0,1,0.7710174
0,1,0.79328907
0,1,0.7791626
0,1,0.6729585
0,1,0.57171357
0,1,0.63951945
0,1,0.6819024
0,1,0.586842
0,1,0.56381494
0,1,0.5821407
0,1,0.5864988
0,1,0.60274863
1,1,0.7415635
1,1,0.8706969
1,1,0.88410497
1,1,0.85245943
1,1,0.8696953
1,1,0.84880465
1,1,0.8159949
1,1,0.7910238
1,1,0.77557385
1,1,0.7181543
1,1,0.77690995
1,1,0.7790273
1,1,0.70648795
1,1,0.6085479
1,1,0.6789909
1,1,0.75440055
1,1,0.7723297
1,1,0.802107
1,1,0.8116425
1,1,0.8249599
1,1,0.85966766
1,1,0.80526716
1,1,0.75294536
0,1,0.7593259
0,1,0.86860496
0,1,0.8905676
0,1,0.90923625
0,1,0.8321789
0,1,0.722656
0,1,0.6453207
0,1,0.5792764
0,1,0.5497983
0,1,0.50627255
0,1,0.5931646
0,1,0.7183908
0,1,0.78853905
0,1,0.77028984
0,1,0.70650005
0,1,0.640003
0,1,0.6187963
0,1,0.61051595
0,1,0.5736559
0,1,0.5837711
0,1,0.5802259
0,1,0.57616526
0,1,0.6020111
0,1,0.50485283
0,0,0.42935327
0,0,0.3055139
0,0,0.22276747
0,0,0.1946212
0,0,0.13786113
0,0,0.14813814
0,0,0.11378754
0,0,0.095127426
0,0,0.13957956
0,0,0.17258273
0,0,0.20067526
0,0,0.19209014
0,0,0.20279254
0,0,0.21322466
0,0,0.22161995
0,0,0.21963027
0,0,0.20214559
0,0,0.19029234
0,0,0.17737915
0,0,0.17615886
0,0,0.18712978
0,0,0.2050175
0,0,0.19168875
0,0,0.16000979
0,0,0.15047209
0,0,0.13522135
0,0,0.12060664
0,0,0.15709743
0,0,0.20228739
0,0,0.21335086
0,0,0.2076647
0,0,0.19992091
0,0,0.1942432
0,0,0.18692605
0,0,0.17601062
0,0,0.18319346
0,0,0.16907221
0,0,0.14714356
0,0,0.15330043
0,0,0.1433056
0,0,0.13749899
0,0,0.151535
0,0,0.16483882
0,0,0.16186674
0,0,0.15251215
0,0,0.14478263
0,0,0.15925756
0,0,0.16697936
0,0,0.15748546
0,0,0.153033
0,0,0.1505032
0,0,0.15052612
0,0,0.13174538
0,0,0.13431153
0,0,0.13839918
0,0,0.13347481
0,0,0.15132387
0,0,0.15793607
1,0,0.307482
1,0,0.35195497
1,1,0.5888195
1,1,0.8315166
1,1,0.8602517
1,1,0.7811017
1,1,0.55216223
1,1,0.5990748
1,1,0.74432087
1,1,0.7502744
1,1,0.7785442
1,1,0.7226752
1,1,0.6674085
1,1,0.7195423
1,1,0.75988615
1,1,0.7676721
1,1,0.739263
1,1,0.7968699
1,1,0.85245687
1,1,0.8414916
1,1,0.86855835
1,1,0.8335467
1,1,0.75551987
1,1,0.80538476
1,1,0.7824261
1,1,0.74880683
1,1,0.7643796
1,1,0.6664047
1,1,0.65675193
1,1,0.6138954
1,1,0.53537923
1,1,0.5295159
1,1,0.5413469
1,1,0.5529668
1,1,0.5535849
1,1,0.5527814
1,1,0.53633237
1,0,0.49662086
1,0,0.47057602
1,1,0.5038301
1,1,0.5582768
1,1,0.5951447
1,1,0.58714336
1,1,0.56612664
1,1,0.58328265
1,1,0.5920969
1,0,0.416862
1,0,0.3195466
1,0,0.2509924
1,0,0.21325424
1,0,0.18545362
1,0,0.17661048
1,0,0.17825367
1,0,0.1762375
1,0,0.16193393
1,0,0.15302259
1,0,0.15911515
1,0,0.15461703
1,0,0.15246587
1,0,0.15152897
1,0,0.14230584
1,0,0.14889923
1,0,0.16177137
1,0,0.17296499
1,0,0.18427923
1,0,0.17862408
1,0,0.17270002
1,0,0.18510802
1,0,0.17660163
1,0,0.1674658
1,0,0.16733985
1,0,0.16082957
1,0,0.15250601
1,0,0.16417159
1,0,0.17418106
1,0,0.16852966
1,0,0.1659701
1,0,0.1594629
1,0,0.15323785
1,0,0.14956744
1,0,0.14427488
1,0,0.15371642
1,0,0.16503511
1,0,0.1378406
1,0,0.10269055
1,0,0.11578347
1,0,0.110010006
1,0,0.10062887
1,0,0.13659197
1,0,0.17129019
1,0,0.16694306
1,0,0.14033051
1,0,0.11109165
1,0,0.089647405
1,0,0.07379812
1,0,0.08806941
1,0,0.1266213
1,0,0.17155917
1,0,0.18390763
1,0,0.16857441
1,0,0.14275973
1,0,0.12228474
1,0,0.06942881
1,0,0.05748731
1,0,0.07106029
1,0,0.08151897
1,0,0.0993975
1,0,0.15213363
1,0,0.18192858
1,0,0.18347126
1,0,0.1841547
1,0,0.18452671
1,0,0.18347599
1,0,0.18356387
1,0,0.18573691
1,0,0.18034764
1,0,0.1602754
1,0,0.13205113
1,0,0.11523635
1,0,0.105941646
1,0,0.11159107
1,0,0.115321405
1,0,0.11598867
1,0,0.11727049
1,0,0.11181089
1,0,0.11049455
1,0,0.119843714
1,0,0.1259722
1,0,0.12580983
1,0,0.13189414
1,0,0.12806432
1,0,0.12817939
1,0,0.13552819
1,0,0.13049375
1,0,0.1356561
1,0,0.14926407
1,0,0.15025371
1,0,0.14470196
1,0,0.14557
1,0,0.15553477
1,0,0.15976208
1,0,0.14700809
1,0,0.12768681
1,0,0.10222614
1,0,0.09097628
1,0,0.099157095
1,0,0.12644187
1,0,0.15356176
1,0,0.17338435
1,0,0.16734713
1,0,0.161014
1,0,0.16758698
1,0,0.14005552
1,0,0.112234026
1,0,0.09429798
1,0,0.0655294
1,0,0.056013927
1,0,0.06625371
1,0,0.090340815
1,0,0.08928828
0,0,0.25616202
0,0,0.26071468
0,0,0.18114276
0,0,0.45586526
0,1,0.7804989
0,1,0.7514806
0,1,0.7682511
0,1,0.70104784
0,1,0.62718797
0,1,0.628399
0,1,0.56052655
0,0,0.44021705
0,0,0.25680834
0,0,0.21193144
0,0,0.12149735
0,0,0.08405746
0,0,0.08116857
0,0,0.060522016
0,0,0.061215665
0,0,0.056533787
0,0,0.10293638
0,0,0.17194209
0,0,0.25038594
0,0,0.3050949
0,0,0.41265884
0,0,0.49390733
0,1,0.5965693
0,1,0.6083992
0,1,0.5436356
0,0,0.4312804
0,0,0.38328868
0,0,0.4201291
0,1,0.5004739
0,1,0.62311244
0,1,0.68210065
0,1,0.6516879
0,1,0.64138013
0,1,0.64646906
0,1,0.68905026
0,1,0.7350546
0,1,0.74433637
0,1,0.7475008
0,1,0.74688524
0,1,0.7500929
0,1,0.77149993
0,1,0.7841882
0,1,0.78150994
0,1,0.7926673
0,1,0.7792208
0,1,0.7668424
0,1,0.77273136
0,1,0.78953195
0,1,0.79474324
0,1,0.7745652
0,1,0.76467496
0,1,0.7235669
0,1,0.69206554
0,1,0.70447016
0,1,0.7415766
0,1,0.7731022
0,1,0.7918141
0,1,0.79830086
0,1,0.815684
0,1,0.8236388
0,1,0.826787
0,1,0.8220457
0,1,0.82205206
0,1,0.8165945
0,1,0.8210236
0,1,0.823594
0,1,0.8282778
0,1,0.81409144
0,1,0.7561978
0,1,0.6793512
0,1,0.60521126
0,1,0.632185
0,1,0.72916365
0,1,0.76618844
0,1,0.7891811
0,1,0.8022613
0,1,0.8151876
0,1,0.8230674
0,1,0.8257763
0,1,0.8308353
0,1,0.82804847
0,1,0.8270822
0,1,0.82608724
0,1,0.8357894
0,1,0.8381981
0,1,0.8415926
0,1,0.8400424
0,1,0.833203
0,1,0.83805406
0,1,0.8433248
1,1,0.88599044
1,1,0.8418597
1,1,0.79562795
1,1,0.81216747
1,1,0.83117825
1,1,0.7993627
1,1,0.73891354
1,1,0.6923466
1,1,0.6980095
1,1,0.7567074
1,1,0.7998001
1,1,0.8307851
1,1,0.83131677
1,1,0.83483565
1,1,0.8641971
1,1,0.8701776
1,1,0.8779075
1,1,0.88671213
1,1,0.87852573
1,1,0.89315164
1,1,0.85964334
1,1,0.83327305
1,1,0.8090936
1,1,0.8086459
1,1,0.8445049
1,1,0.8884083
1,1,0.9645283
1,1,0.9819449
1,1,0.97865105
1,1,0.9583978
1,1,0.91382426
1,1,0.89495087
1,1,0.8483968
1,1,0.7769903
1,1,0.76709676
1,1,0.7687407
1,1,0.7804677
1,1,0.7788442
1,1,0.73952824
1,1,0.6391978
1,1,0.6367997
1,1,0.70742404
1,1,0.7246383
1,1,0.75774103
1,1,0.8413671
1,1,0.8160048
0,1,0.8544781
0,1,0.8097001
0,1,0.8168142
0,1,0.8047321
0,1,0.7354922
0,1,0.6545789
0,1,0.63910466
0,1,0.6686011
0,1,0.70340407
0,1,0.7728451
0,1,0.8510045
0,1,0.9016677
0,1,0.90263754
0,1,0.86541575
0,1,0.8420189
0,1,0.79399365
0,1,0.7479747
0,1,0.75994486
0,1,0.7193753
0,1,0.7389767
0,1,0.77127206
0,1,0.7918651
0,1,0.8014796
0,1,0.76966476
0,1,0.7597496
0,1,0.83517337
0,1,0.88250655
0,1,0.8706935
0,1,0.8507932
0,1,0.86309457
0,1,0.85834944
0,1,0.8197154
0,1,0.8153511
0,1,0.7541081
0,1,0.80993503
0,1,0.84484
0,1,0.7996264
0,1,0.7169944
0,1,0.72900033
0,1,0.7553415
0,1,0.7604965
0,1,0.8429214
0,1,0.84208804
0,1,0.75624657
0,1,0.7174333
0,1,0.7563193
0,1,0.8735924
0,1,0.9025102
0,1,0.93533677
0,1,0.91018033
0,1,0.8152886
0,1,0.8066371
0,1,0.81563044
0,1,0.78338194
0,1,0.77905947
0,1,0.7200308
0,1,0.63072604
0,1,0.61960137
0,1,0.66803753
0,1,0.6349002
0,1,0.6829764
0,1,0.81637996
0,1,0.8040057
0,1,0.7702296
0,1,0.7520659
0,1,0.67468923
0,1,0.6793269
0,1,0.540384
0,1,0.73364264
0,1,0.5693208
0,0,0.3816248
0,0,0.21730615
0,0,0.096424654
0,0,0.019047666
0,0,0.019093629
0,0,0.022289407
0,0,0.029509587
0,0,0.035228845
0,0,0.03825291
0,0,0.04294874
0,0,0.040874064
0,0,0.050648704
0,0,0.084609516
0,0,0.09544952
0,0,0.07458203
0,0,0.06966674
0,0,0.07247855
0,0,0.07832465
0,0,0.08542597
0,0,0.09541703
0,0,0.107301466
0,0,0.13069493
0,0,0.15939556
0,0,0.14553617
0,0,0.12867707
0,0,0.119251095
0,0,0.12282176
0,0,0.1518416
0,0,0.13856113
0,0,0.113777146
0,0,0.10704397
0,0,0.12739828
0,0,0.20167845
0,0,0.26928255
0,0,0.3170656
0,0,0.37157136
0,0,0.38891163
0,0,0.37502992
0,0,0.340462
0,0,0.25397718
0,0,0.19660069
0,0,0.19094165
0,0,0.20049202
0,0,0.17932177
0,0,0.26539034
0,0,0.3903365
0,0,0.28557497
0,0,0.26201332
0,0,0.26018557
0,0,0.21649681
0,0,0.17060952
0,0,0.1217533
0,0,0.101933114
0,0,0.12807375
0,0,0.14619792
0,0,0.16395178
0,0,0.17203453
0,0,0.17461951
1,1,0.70101327
1,1,0.70367897
1,1,0.78692573
1,1,0.8708541
1,1,0.92369235
1,1,0.9156188
1,1,0.92152256
1,1,0.9324935
1,1,0.93948996
1,1,0.9163348
1,1,0.86722183
1,1,0.83487004
1,1,0.808415
1,1,0.77109754
1,1,0.6917911
1,1,0.67820996
1,1,0.7468572
1,1,0.7800432
1,1,0.74342376
1,1,0.81283915
1,1,0.84542257
1,1,0.81636083
1,1,0.8391132
0,1,0.80425715
0,1,0.8315748
0,1,0.8340869
0,1,0.8195954
0,1,0.830184
0,1,0.8099175
0,1,0.77423936
0,1,0.7301191
0,1,0.768693
0,1,0.84276897
0,1,0.90063053
0,1,0.9269431
0,1,0.9314078
0,1,0.9391644
0,1,0.93169934
0,1,0.9368886
0,1,0.93871814
0,1,0.93944925
0,1,0.956072
0,1,0.9624251
0,1,0.9718213
0,1,0.9804515
0,1,0.9793931
0,1,0.77068174
0,0,0.35390913
0,0,0.20715952
0,0,0.22343211
0,0,0.31928882
0,0,0.21581028
0,0,0.227847
0,0,0.2862681
0,0,0.43977058
0,1,0.58287674
0,1,0.61624426
0,1,0.6539394
0,1,0.6830906
0,1,0.6913818
0,1,0.70534825
0,1,0.7106536
0,1,0.7122306
0,1,0.73205274
0,1,0.745143
0,1,0.7617482
0,1,0.77190435
0,1,0.7590245
0,1,0.76474315
0,1,0.7607122
0,1,0.7773858
0,1,0.805693
0,1,0.8165624
0,1,0.8291382
0,1,0.80842817
0,1,0.8018244
0,1,0.8125333
0,1,0.8139227
0,1,0.8318479
0,1,0.8412119
0,1,0.84772164
0,1,0.8533572
0,1,0.85804594
0,1,0.85928667
0,1,0.8585429
0,1,0.8588546
0,1,0.86360943
0,1,0.8673087
0,1,0.86749274
0,1,0.8684575
0,1,0.87255293
0,1,0.87045914
0,1,0.86875993
0,1,0.87127763
0,1,0.87238115
0,1,0.87446207
0,1,0.8739364
0,1,0.8675148
0,1,0.86724305
0,1,0.8707241
0,1,0.86607355
0,1,0.8551312
0,1,0.8515415
0,1,0.83778214
0,1,0.8302264
0,1,0.83575165
0,1,0.8487958
0,1,0.86267227
0,1,0.8605004
0,1,0.8526375
0,1,0.8350631
0,1,0.8373235
0,1,0.84913355
0,1,0.8705814
0,1,0.8381231
0,1,0.69961655
0,0,0.44402507
0,0,0.13576984
0,0,0.06058343
0,0,0.06955922
0,0,0.07513722
0,0,0.08930165
0,0,0.09358129
0,0,0.08244071
0,0,0.06065193
0,0,0.048517074
0,0,0.055233713
0,0,0.06641605
0,0,0.098841585
0,0,0.15386851
0,0,0.19811681
0,0,0.23079708
0,0,0.25717294
0,0,0.247649
0,0,0.22343041
0,0,0.22289088
0,0,0.23256391
0,0,0.31032923
0,0,0.40787888
0,0,0.41843992
0,0,0.42913043
0,0,0.47080448
0,1,0.5188293
0,1,0.5703259
0,1,0.59961575
0,1,0.6333084
0,1,0.65731686
0,1,0.6637456
0,1,0.67072016
0,1,0.6968716
0,1,0.7207293
0,1,0.715877
0,1,0.68921596
0,1,0.6524741
0,1,0.6498059
0,1,0.6623794
0,1,0.67685866
0,1,0.68654495
0,1,0.7043963
0,1,0.7092376
0,0,0.00011452443
0,0,0.00020509682
0,0,0.00022156273
0,0,0.00016124648
0,0,0.0002782129
0,0,0.00034133377
0,0,0.0005577488
0,0,0.0004197083
0,0,0.00040561403
0,0,0.0006818245
0,0,0.0010504504
0,0,0.001236703
0,0,0.0009384432
0,0,0.00031610072
0,0,0.00015303645
0,0,0.00018494372
0,0,0.00020791483
0,0,0.00020962689
0,0,0.0002018569
0,0,0.00015741838
0,0,0.00012451116
0,0,0.0001196701
0,0,7.866246e-05
0,0,8.538509e-05
0,0,6.4159285e-05
0,0,5.2317584e-05
0,0,4.411959e-05
0,0,3.8942806e-05
0,0,5.8299385e-05
0,0,7.559639e-05
0,0,5.7425805e-05
0,0,5.034862e-05
0,0,9.3501374e-05
0,0,0.00015641996
0,0,0.0002860337
0,0,0.00033024815
0,0,0.0005774637
0,0,0.0004914625
0,0,0.00035967064
0,0,0.00020323638
0,0,0.00029991128
0,0,0.0002535443
0,0,0.00017708437
0,0,0.00015369043
0,0,8.963642e-05
0,0,0.00010451347
0,0,0.00012490133
0,0,0.00013981994
0,0,8.7148095e-05
0,0,7.4885924e-05
0,0,4.8331727e-05
0,0,3.581311e-05
0,0,4.5791716e-05
0,0,4.3201715e-05
0,0,5.9689002e-05
0,0,0.000114605944
0,0,0.00014295283
0,0,0.00010351727
0,0,7.1079034e-05
0,0,0.00011988951
0,0,9.6487536e-05
0,0,9.1637274e-05
0,0,6.474589e-05
0,0,4.129781e-05
0,0,2.427849e-05
0,0,2.5796977e-05
0,0,3.3548833e-05
0,0,4.4706263e-05
0,0,7.0034264e-05
0,0,9.160635e-05
0,0,6.6337656e-05
0,0,5.383101e-05
0,0,3.909209e-05
0,0,5.6494704e-05
0,0,6.7946e-05
0,0,6.38194e-05
0,0,5.3673342e-05
0,0,5.660417e-05
0,0,5.859187e-05
0,0,5.6623125e-05
0,0,5.2061372e-05
0,0,6.670043e-05
0,0,6.512386e-05
0,0,6.532203e-05
0,0,5.337627e-05
0,0,6.24422e-05
0,0,6.0266386e-05
0,0,6.943471e-05
0,0,5.58323e-05
0,0,6.2549894e-05
0,0,5.251272e-05
0,0,4.0114537e-05
0,0,3.4562094e-05
0,0,4.8713515e-05
1,0,0.028539948
1,1,0.8363972
1,1,0.87087035
1,1,0.882992
1,1,0.897676
1,1,0.8957897
1,1,0.79160714
1,1,0.87312186
1,1,0.90239084
1,1,0.8043413
1,1,0.7751725
1,1,0.6971773
1,1,0.6595666
1,1,0.6882279
1,1,0.72352624
1,1,0.77433485
1,1,0.79926795
1,1,0.79481816
1,1,0.8719889
1,1,0.8527062
1,1,0.8184724
1,1,0.83351785
1,1,0.919204
1,1,0.8990349
1,1,0.90559274
1,1,0.9002105
1,1,0.91173494
1,1,0.95904946
1,1,0.96316206
1,1,0.93305326
1,1,0.9076349
1,1,0.90818334
1,1,0.9292138
1,1,0.89628696
1,1,0.8218516
1,1,0.86439955
1,1,0.8193541
1,1,0.73748636
1,1,0.6982176
1,1,0.77340794
1,1,0.8910893
1,1,0.8716222
1,1,0.8944849
1,1,0.8980749
1,1,0.92293084
1,1,0.9053662
1,1,0.8992191
1,1,0.83180606
1,1,0.687501
1,0,0.4515778
1,0,0.2596718
1,0,0.09107593
1,0,0.06625353
1,0,0.082325675
1,0,0.18614332
1,0,0.3095441
1,0,0.20851292
1,0,0.13248757
1,0,0.19232234
1,0,0.16781129
1,0,0.07330217
1,0,0.10109355
1,0,0.36652339
1,1,0.57819706
1,1,0.5372029
1,1,0.7529568
1,1,0.77343035
1,1,0.57677275
1,1,0.60795134
1,1,0.8128726
1,1,0.8024269
1,1,0.80111057
1,1,0.8144686
1,1,0.7957993
1,1,0.74018836
1,1,0.819379
1,1,0.7752015
1,1,0.7413608
1,1,0.74499226
1,1,0.6055278
1,1,0.59274346
1,1,0.71777123
1,1,0.82259
1,1,0.8216592
1,1,0.6386012
1,1,0.58844775
1,1,0.64419925
1,1,0.6901147
1,1,0.76239026
1,1,0.8219985
1,1,0.84459907
1,1,0.7247547
0,1,0.8541922
0,1,0.82276094
0,1,0.7572486
0,1,0.6903137
0,1,0.6270776
0,0,0.4540907
0,0,0.2114251
0,0,0.1624657
0,0,0.11410167
0,0,0.11162634
0,0,0.32533988
0,0,0.4635156
0,0,0.40365198
0,0,0.28841096
0,0,0.29645553
0,0,0.2880615
0,0,0.20697026
0,0,0.16155961
0,0,0.34646463
0,0,0.44183922
0,0,0.40091303
0,0,0.25738972
0,0,0.36538982
0,0,0.15453948
0,0,0.10620373
0,0,0.008600324
0,0,0.00046618085
0,0,0.000365885
0,0,0.00027242926
0,0,0.00019479069
0,0,0.000179987
0,0,0.00022089494
0,0,0.00044670972
0,0,0.00064387487
0,0,0.0005453622
0,0,0.0005693218
0,0,0.00065616675
0,0,0.0005623738
0,0,0.00047781947
0,0,0.0006047238
0,0,0.00066326576
0,0,0.0005371522
0,0,0.00044019613
0,0,0.00037974078
0,0,0.00038284023
0,0,0.00041336988
0,0,0.0004201931
0,0,0.0003788766
0,0,0.00038724902
0,0,0.000334226
0,0,0.00025081943
0,0,0.00017673199
0,0,0.00018889667
0,0,0.00016461217
0,0,0.00012549477
0,0,0.0001299654
0,0,0.0001310303
0,0,0.00011505488
0,0,0.00011063966
0,0,0.00010774726
0,0,0.00012152276
0,0,0.00013357033
0,0,0.00012014094
0,0,0.00011905309
0,0,0.00014392243
0,0,0.00012370359
0,0,0.000110090084
0,0,9.695645e-05
0,0,8.360671e-05
0,0,7.931779e-05
0,0,8.299981e-05
0,0,8.975916e-05
0,0,9.799693e-05
0,0,9.560171e-05
0,0,8.6550965e-05
0,0,7.359169e-05
0,0,6.3781685e-05
0,0,7.005938e-05
0,0,9.014464e-05
0,0,8.6579865e-05
0,0,7.18665e-05
0,0,8.216647e-05
1,0,0.10231982
1,1,0.6360939
1,1,0.73898494
1,1,0.8246295
1,1,0.8814403
1,1,0.8233527
1,1,0.83164865
1,1,0.8389572
1,1,0.8740613
1,1,0.88808864
1,1,0.8333631
1,1,0.7929308
1,1,0.76691085
1,1,0.6932929
1,1,0.6596928
1,1,0.59998506
1,1,0.57614887
1,1,0.71245784
1,1,0.7604336
1,1,0.91239905
1,1,0.95664114
1,1,0.940444
1,1,0.95589983
0,1,0.9528166
0,1,0.89274246
0,1,0.8715825
0,1,0.8878001
0,1,0.8884758
0,1,0.85577196
0,1,0.7782429
0,1,0.7232034
0,1,0.7515168
0,1,0.8118404
0,1,0.7731783
0,1,0.65194553
0,1,0.7891274
0,1,0.8387642
0,1,0.82962555
0,1,0.8396655
0,1,0.80756295
0,1,0.80021966
0,1,0.8184766
0,1,0.8395561
0,1,0.8523674
0,1,0.84806204
0,1,0.7893465
0,0,0.24085304
0,0,0.039261412
0,0,0.002514698
0,0,0.00022813116
0,0,9.824789e-05
0,0,9.089925e-05
0,0,9.027213e-05
0,0,7.959464e-05
0,0,6.501788e-05
0,0,6.409324e-05
0,0,6.3860185e-05
0,0,6.703597e-05
0,0,6.402959e-05
0,0,5.8025773e-05
0,0,6.021716e-05
0,0,6.2238476e-05
0,0,5.0937655e-05
0,0,4.072851e-05
0,0,3.8909955e-05
0,0,3.5596247e-05
0,0,3.6425492e-05
0,0,3.1986812e-05
0,0,2.8862953e-05
0,0,3.3018896e-05
0,0,4.050579e-05
0,0,4.6469082e-05
0,0,5.38891e-05
0,0,5.6377696e-05
0,0,5.154037e-05
0,0,4.985454e-05
0,0,4.6073405e-05
0,0,4.0116374e-05
0,0,4.1933967e-05
0,0,4.07979e-05
0,0,4.021378e-05
0,0,3.775767e-05
0,0,3.4745444e-05
0,0,3.6136382e-05
0,0,3.870445e-05
0,0,3.720636e-05
0,0,3.6618654e-05
0,0,3.9334336e-05
0,0,4.203823e-05
0,0,3.9285558e-05
0,0,3.9415587e-05
0,0,4.034619e-05
0,0,6.0052804e-05
0,0,6.2187326e-05
0,0,6.498472e-05
0,0,7.009093e-05
0,0,6.9224996e-05
0,0,0.000104874576
0,0,8.991336e-05
0,0,6.884705e-05
0,0,8.065861e-05
0,0,7.776529e-05
0,0,7.878948e-05
0,0,7.553873e-05
0,0,8.146415e-05
0,0,9.468547e-05
0,0,8.6981716e-05
0,0,9.5922966e-05
0,0,0.000114602444
0,0,0.00010980974
0,0,7.6636294e-05
0,0,7.049459e-05
0,0,5.8363017e-05
0,0,6.298132e-05
0,0,6.982508e-05
0,0,5.9226895e-05
0,0,5.08826e-05
0,0,6.111908e-05
0,0,8.4129104e-05
0,0,9.77772e-05
0,0,0.000112706526
0,0,0.000101686455
0,0,8.278479e-05
0,0,7.207184e-05
0,0,6.285473e-05
0,0,6.355612e-05
0,0,5.94469e-05
0,0,5.4235497e-05
0,0,5.5257216e-05
0,0,5.640642e-05
0,0,6.195654e-05
0,0,6.214448e-05
0,0,5.6225e-05
0,0,5.6816e-05
0,0,6.9521775e-05
0,0,6.2477644e-05
0,0,5.4454562e-05
0,0,4.846335e-05
0,0,4.4088883e-05
0,0,5.6511293e-05
0,0,5.9177328e-05
0,0,6.60839e-05
0,0,7.634387e-05
0,0,6.9259346e-05
0,0,5.2555108e-05
0,0,4.665682e-05
0,0,4.5411292e-05
0,0,4.2698175e-05
0,0,3.776217e-05
0,0,3.5410034e-05
0,0,3.239992e-05
0,0,3.125075e-05
0,0,3.1355143e-05
0,0,3.0553063e-05
0,0,3.3410073e-05
0,0,3.58911e-05
0,0,3.5362118e-05
0,0,3.8003964e-05
0,0,3.953775e-05
0,0,3.7753853e-05
0,0,0.12539925
0,0,0.114459805
0,0,0.24458186
0,0,0.3362032
0,0,0.34900308
0,0,0.35664052
0,0,0.3618422
0,0,0.3630955
0,0,0.3575299
0,0,0.36541152
0,0,0.36790243
0,0,0.3661582
0,0,0.36838958
0,0,0.36400095
0,0,0.35408202
0,0,0.3573788
0,0,0.36551222
0,0,0.36619735
0,0,0.36886573
0,0,0.37109822
0,0,0.36737707
0,0,0.3589722
0,0,0.365005
0,0,0.3330305
0,0,0.30301008
0,0,0.3306577
0,0,0.3546855
0,0,0.36042976
0,0,0.36829305
0,0,0.37404478
0,0,0.37753814
0,0,0.36884442
0,0,0.36732095
0,0,0.3545706
0,0,0.33049
0,0,0.33820108
0,0,0.3619163
0,0,0.36933157
0,0,0.36780104
0,0,0.35108054
0,0,0.3562589
0,0,0.36359006
0,0,0.3574792
0,0,0.34328538
0,0,0.34682557
0,0,0.36080217
0,0,0.36463183
0,0,0.36625051
0,0,0.36063498
0,0,0.3624651
0,0,0.36607236
0,0,0.36638856
0,0,0.36845532
0,0,0.372604
0,0,0.37027583
0,0,0.3590181
0,0,0.3562829
0,0,0.36143714
0,0,0.3619437
0,0,0.36305267
0,0,0.36884332
0,0,0.37250334
0,0,0.3770102
0,0,0.37281606
0,0,0.36370647
0,0,0.36829612
0,0,0.37069646
0,0,0.37217817
0,0,0.37646478
0,0,0.37300515
0,0,0.35835776
0,0,0.35067245
0,0,0.3598857
0,0,0.3557467
0,0,0.33017927
0,0,0.3387532
0,0,0.35696593
0,0,0.36396924
0,0,0.3642064
0,0,0.3648
0,0,0.3675931
0,0,0.37123755
0,0,0.37529847
0,0,0.371061
0,0,0.36551377
0,0,0.3682073
0,0,0.367325
0,0,0.36143413
0,0,0.3585952
0,0,0.36564618
0,0,0.36845848
0,0,0.36618018
0,0,0.36867797
0,0,0.37752417
0,0,0.3651481
0,0,0.338787
0,0,0.31503046
0,0,0.30275664
0,0,0.3204068
0,0,0.3479696
0,0,0.3537367
0,0,0.35889354
0,0,0.34646353
0,0,0.33790582
0,0,0.34695968
0,0,0.35385153
0,0,0.3608368
0,0,0.36105153
0,0,0.3495931
0,0,0.36276102
0,0,0.3635505
0,0,0.33782002
0,0,0.32046428
0,0,0.31594282
0,0,0.32069284
0,0,0.3338514
0,0,0.3545695
1,0,0.36139536
1,0,0.36077893
1,0,0.3544461
1,0,0.3396248
1,0,0.34300515
1,0,0.3494025
1,0,0.3374649
1,0,0.32043844
1,0,0.3475733
1,0,0.363045
1,0,0.36215493
1,0,0.3665485
1,0,0.35398167
1,0,0.33157498
1,0,0.34228465
1,0,0.35105318
1,0,0.3495692
1,0,0.35410398
1,0,0.3556782
1,0,0.35121658
1,0,0.36051896
1,0,0.36263254
1,0,0.36284915
1,0,0.32703847
1,0,0.33450812
1,0,0.33572054
1,0,0.32893613
1,0,0.34276435
1,0,0.3549587
1,0,0.35008463
1,0,0.34654024
1,0,0.34737524
1,0,0.34630147
1,0,0.33990148
1,0,0.34066787
1,0,0.3477673
1,0,0.34886983
1,0,0.34556255
1,0,0.3406716
1,0,0.34187055
1,0,0.3565653
1,0,0.36356398
1,0,0.36281264
1,0,0.36633936
1,0,0.366871
1,0,0.36096272
0,0,0.3248988
0,0,0.3021044
0,0,0.3230335
0,0,0.34706336
0,0,0.34664178
0,0,0.33694384
0,0,0.33872557
0,0,0.3514211
0,0,0.356828
0,0,0.35274547
0,0,0.34500018
0,0,0.34547636
0,0,0.36098108
0,0,0.3596046
0,0,0.34994885
0,0,0.35521364
0,0,0.34767458
0,0,0.33472043
0,0,0.34359246
0,0,0.35320735
0,0,0.36095172
0,0,0.36104104
0,0,0.3510901
1,0,0.36067384
1,0,0.3701772
1,0,0.35579258
1,0,0.34032056
1,0,0.33154243
1,0,0.33983812
1,0,0.34332603
1,0,0.3371665
1,0,0.35010758
1,0,0.35457063
1,0,0.34858188
1,0,0.3503895
1,0,0.34038022
1,0,0.3281638
1,0,0.3426059
1,0,0.33544403
1,0,0.3211638
1,0,0.3362855
1,0,0.33818018
1,0,0.32975668
1,0,0.3462922
1,0,0.34260258
1,0,0.3213471
0,0,0.3198099
0,0,0.34626403
0,0,0.35865682
0,0,0.366979
0,0,0.3765747
0,0,0.38526446
0,0,0.38915616
0,0,0.38871217
0,0,0.3754813
0,0,0.3661989
0,0,0.3668627
0,0,0.36651716
0,0,0.36590487
0,0,0.36740172
0,0,0.36914358
0,0,0.37465137
0,0,0.3867579
0,0,0.38614464
0,0,0.38267726
0,0,0.39552653
0,0,0.4121993
0,0,0.41439256
0,0,0.41187108
0,0,0.4096965
0,0,0.4030494
0,0,0.413375
0,0,0.40725628
0,0,0.38047943
0,0,0.3563873
0,0,0.34657946
0,0,0.35348478
0,0,0.38102207
0,0,0.4193231
0,0,0.4099579
0,0,0.43122813
0,0,0.48139212
0,0,0.48509955
0,0,0.43551946
0,0,0.39674523
0,0,0.36925155
0,0,0.3637737
0,0,0.3874016
0,0,0.4026278
0,0,0.388536
0,0,0.3871832
0,0,0.40294167
0,0,0.45158714
0,1,0.5276724
0,1,0.55747974
0,1,0.50112677
0,0,0.44858897
0,0,0.39538962
0,0,0.36665407
0,0,0.35888278
0,0,0.35107812
0,0,0.34372205
0,0,0.34150475
0,0,0.34801427
0,0,0.355929
1,0,0.35339987
1,0,0.3487897
1,0,0.35966164
1,0,0.3614878
1,0,0.35069776
1,0,0.33473518
1,0,0.33863533
1,0,0.35665074
1,0,0.3532164
1,0,0.33868796
1,0,0.3446727
1,0,0.3413698
1,0,0.35637352
1,0,0.36369857
1,0,0.34544364
1,0,0.31149605
1,0,0.31604734
1,0,0.34140274
1,0,0.3492912
1,0,0.36158702
1,0,0.37675878
1,0,0.37758234
1,0,0.45162827
1,0,0.46375868
1,0,0.40734676
1,0,0.37226686
1,0,0.35408485
1,0,0.34542504
1,0,0.3443116
1,0,0.3421895
1,0,0.34907153
1,0,0.35322627
1,0,0.35450056
1,0,0.36186725
1,0,0.36516207
1,0,0.36367318
1,0,0.3653297
1,0,0.36405796
1,0,0.36493325
1,0,0.36880383
1,0,0.3702244
1,0,0.36410296
1,0,0.35077122
1,0,0.34492224
1,0,0.3540575
1,0,0.34956345
0,0,0.35129738
0,0,0.35943195
0,0,0.3690203
0,0,0.36957666
0,0,0.37390015
0,0,0.3762721
0,0,0.378558
0,0,0.37622252
0,0,0.37040326
0,0,0.3691918
0,0,0.37263408
0,0,0.37457
0,0,0.3739042
0,0,0.3691798
0,0,0.36623433
0,0,0.36365417
0,0,0.36467695
0,0,0.36626703
0,0,0.36479184
0,0,0.3590289
0,0,0.35848984
0,0,0.36772335
0,0,0.3734891
0,0,0.37230417
0,0,0.3666388
0,0,0.36622882
0,0,0.36734283
0,0,0.36186898
0,0,0.36835486
0,0,0.36769974
0,0,0.37351635
0,0,0.37611508
0,0,0.37462783
0,0,0.37609592
0,0,0.37717015
0,0,0.37954295
0,0,0.38076332
0,0,0.368015
0,0,0.3557167
0,0,0.35545748
0,0,0.3544067
0,0,0.34933904
0,0,0.35276857
0,0,0.36175188
0,0,0.36699277
0,0,0.371329
0,0,0.37354884
0,0,0.37408784
0,0,0.3743169
0,0,0.36729416
0,0,0.3657797
0,0,0.36950976
0,0,0.370966
0,0,0.37184817
0,0,0.3733055
0,0,0.36647964
0,0,0.35901502
0,0,0.362735
0,0,0.3664012
0,0,0.36918187
0,0,0.3707621
0,0,0.3701367
0,0,0.3686532
0,0,0.36717296
0,0,0.36435106
0,0,0.3648399
0,0,0.36648712
0,0,0.3700212
0,0,0.37014642
0,0,0.36908343
0,0,0.35768247
0,0,0.3651543
0,0,0.3697562
0,0,0.36409172
0,0,0.34739277
0,0,0.35297596
0,0,0.35922736
0,0,0.35577646
0,0,0.35623956
0,0,0.35800704
0,0,0.36308238
0,0,0.37044436
0,0,0.37367642
0,0,0.37121505
0,0,0.37131682
0,0,0.37682027
0,0,0.37218466
0,0,0.37192002
0,0,0.36938232
0,0,0.3577088
0,0,0.34598407
0,0,0.34897268
0,0,0.35377118
0,0,0.35388055
0,0,0.3606419
0,0,0.3647724
0,0,0.36470377
0,0,0.36440372
0,0,0.3683641
0,0,0.37313858
0,0,0.37266853
0,0,0.3691852
0,0,0.3691526
0,0,0.37134945
0,0,0.37075216
0,0,0.37143406
0,0,0.3716643
0,0,0.37145218
0,0,0.36896554
0,0,0.36671546
0,0,0.35964036
0,0,0.35606027
0,0,0.35879338
0,0,0.3620139
0,1,0.795562
0,0,0.4285088
0,0,0.09842038
0,0,0.014149747
0,0,0.0035540522
0,0,0.003188569
0,0,0.0020870923
0,0,0.001057282
0,0,0.00077733456
0,0,0.00083330815
0,0,0.001139706
0,0,0.0011191337
0,0,0.0011168682
0,0,0.0021178096
0,0,0.002249485
0,0,0.0022459198
0,0,0.0018370417
0,0,0.0011409029
0,0,0.001003522
0,0,0.0008766008
0,0,0.00076683954
0,0,0.0011523189
0,0,0.002401531
0,0,0.0032429197
0,0,0.0043391488
0,0,0.005306041
0,0,0.0045606247
0,0,0.0031139206
0,0,0.0018021686
0,0,0.0011471935
0,0,0.0011941385
0,0,0.0010672362
0,0,0.00062360615
0,0,0.0005167392
0,0,0.0007150955
0,0,0.0007675828
0,0,0.0012203592
0,0,0.0014716625
0,0,0.0027095398
0,0,0.0016793853
0,0,0.0014851523
0,0,0.0011683812
0,0,0.0019782332
0,0,0.001530643
0,0,0.0017304725
0,0,0.001481609
0,0,0.002257453
0,0,0.0015083957
0,0,0.0016868043
0,0,0.0014908256
0,0,0.001982163
0,0,0.0013276512
0,0,0.0011424549
0,0,0.000969424
0,0,0.001323829
0,0,0.0011682911
0,0,0.0011250832
0,0,0.0007057412
0,0,0.0007592552
0,0,0.0005663424
0,0,0.00062831317
0,0,0.00062188634
0,0,0.0011253894
0,0,0.0011987734
0,0,0.0015012281
0,0,0.0016610831
0,0,0.0021272174
0,0,0.0014983917
0,0,0.00111623
0,0,0.00090555876
0,0,0.0011567137
0,0,0.0011318222
0,0,0.0013453695
0,0,0.0010857364
0,0,0.0011111283
0,0,0.00069834053
0,0,0.0006278217
0,0,0.0006218312
0,0,0.000960433
0,0,0.00095293234
0,0,0.0009995945
0,0,0.0010345688
0,0,0.0021794783
0,0,0.0019191297
0,0,0.0014764672
0,0,0.0017295467
0,0,0.0018208987
0,0,0.0016043024
0,0,0.0012901635
0,0,0.0010851811
0,0,0.00069461454
0,0,0.00049590215
0,0,0.0005014521
0,0,0.0004867038
1,0,0.013349991
1,0,0.39972186
1,1,0.85701704
1,1,0.90394086
1,1,0.88964534
1,1,0.85484433
1,1,0.875394
1,1,0.76611614
1,1,0.73013175
1,1,0.6404459
1,1,0.5988275
1,1,0.5889218
1,1,0.5818437
1,1,0.59078604
1,1,0.59338987
1,1,0.5617111
1,1,0.6027857
1,1,0.6059942
1,1,0.7404075
1,1,0.892122
1,1,0.9040597
1,1,0.9044883
1,1,0.9382013
1,1,0.91776663
1,1,0.91762453
1,1,0.727221
1,1,0.60768133
1,1,0.7617455
1,1,0.8266905
1,1,0.65080816
1,0,0.45275262
1,0,0.39315036
1,1,0.67643684
1,1,0.67918086
1,1,0.59106207
1,1,0.52636695
1,0,0.43552828
1,0,0.33195448
1,0,0.4991631
1,1,0.56165797
1,1,0.6654014
1,1,0.72179824
1,1,0.63239485
1,1,0.5881318
1,1,0.53978074
1,1,0.63309216
1,1,0.6617843
1,0,0.48940518
1,0,0.42687032
1,0,0.45719442
1,1,0.58649796
1,1,0.57826287
1,1,0.548645
1,0,0.45871544
1,1,0.53035444
1,0,0.47667363
1,0,0.4172158
1,0,0.35207558
1,1,0.54894286
1,0,0.41697076
1,0,0.44522753
1,0,0.46945626
1,1,0.5019063
1,1,0.5435799
1,0,0.41628495
1,0,0.36391187
1,1,0.51441336
1,1,0.53166795
1,0,0.48957357
0,1,0.5101283
0,1,0.61033213
0,1,0.66996473
0,1,0.7064675
0,1,0.72833025
0,1,0.7516969
0,1,0.71832937
0,1,0.6585635
0,1,0.67918086
0,1,0.67921644
0,1,0.65600437
0,1,0.6207509
0,1,0.58408
0,0,0.48414484
0,1,0.58630294
0,1,0.69995755
0,1,0.7437928
0,1,0.7630908
0,1,0.6756524
0,1,0.5997066
0,1,0.7308078
0,1,0.7488434
0,1,0.7392442
0,1,0.7134971
0,1,0.53983825
0,1,0.56470156
0,1,0.54921854
0,1,0.59346694
0,1,0.7072306
0,1,0.6288463
0,0,0.4805381
0,0,0.33862773
0,0,0.26929626
0,0,0.43900463
0,1,0.6978098
0,1,0.77491677
0,1,0.7327457
0,1,0.63631946
0,0,0.3014181
0,0,0.2802668
0,0,0.4994461
0,1,0.61119187
0,1,0.627683
0,1,0.6057019
0,1,0.5960556
0,1,0.52569854
1,0,0.48881966
1,0,0.4040295
1,0,0.4522206
1,1,0.5308185
1,1,0.6345773
1,1,0.61251235
1,1,0.55899084
1,0,0.4941515
1,0,0.49216893
1,0,0.4390873
1,0,0.49058795
1,1,0.5736839
1,1,0.6332435
1,1,0.5475855
1,1,0.56257546
1,1,0.64063567
1,1,0.61842835
1,1,0.6505272
1,1,0.706076
1,1,0.7006534
1,1,0.6377516
1,1,0.5264952
1,0,0.47792348
1,0,0.49422523
1,0,0.44753304
1,0,0.36752102
1,0,0.25943804
1,0,0.15554436
1,0,0.07384096
1,0,0.05325917
1,0,0.22301412
1,0,0.48793605
1,1,0.510573
1,0,0.39649162
1,0,0.15660393
1,0,0.099204175
1,0,0.12005741
1,0,0.13096793
1,0,0.14641204
1,0,0.16983514
1,0,0.25928375
1,0,0.23671661
1,0,0.18534032
1,0,0.13342005
1,0,0.15341124
1,0,0.2388689
1,0,0.27012354
1,0,0.27567902
1,0,0.33444324
1,0,0.40374815
1,0,0.29914936
1,0,0.19304378
1,0,0.20168746
1,0,0.1909904
1,0,0.19795494
1,0,0.25334707
1,0,0.21831459
1,0,0.11938796
1,0,0.07744233
1,1,0.77220654
1,1,0.78634477
1,1,0.68206114
1,1,0.5914631
1,1,0.5666356
1,1,0.56373614
1,1,0.52668375
1,0,0.39886254
1,0,0.39985567
1,1,0.59632105
1,1,0.7868375
1,1,0.79913056
1,1,0.78931946
1,1,0.69071764
1,0,0.48285434
1,0,0.39323685
1,0,0.39640823
1,0,0.37108004
1,0,0.42346287
1,1,0.5110696
1,1,0.5635831
1,1,0.53906155
1,1,0.5650704
1,1,0.7082126
1,1,0.6567003
1,1,0.6095759
1,1,0.5545175
1,1,0.5767089
1,1,0.6276327
1,1,0.6998547
1,1,0.6494856
1,1,0.5504674
1,1,0.56211776
1,1,0.6135057
1,1,0.66261315
1,1,0.61442065
1,1,0.60807073
1,1,0.58742326
1,1,0.54329395
1,1,0.589076
1,1,0.61721414
1,1,0.6316109
1,0,0.45631287
1,0,0.46297646
1,0,0.40464234
1,1,0.6029209
0,0,0.35292268
0,0,0.18310651
0,0,0.026545726
0,0,0.0016744391
0,0,0.0038193436
0,0,0.0067006345
0,0,0.007695916
0,0,0.006793982
0,0,0.004498457
0,0,0.0031543032
0,0,0.002270473
0,0,0.0019097358
0,0,0.0016396906
0,0,0.0017464786
0,0,0.0018428507
0,0,0.0020039303
0,0,0.0022721542
0,0,0.00247176
0,0,0.0024080903
0,0,0.002278814
0,0,0.0018595586
0,0,0.001469727
0,0,0.0014914363
0,0,0.0018949026
0,0,0.00262871
0,0,0.004114495
0,0,0.0062434897
0,0,0.008366466
0,0,0.011505003
0,0,0.017227914
0,0,0.016920147
0,0,0.01252965
0,0,0.0067940205
0,0,0.0042422623
0,0,0.0037316068
0,0,0.0033335749
0,0,0.0024370367
0,0,0.0018275533
0,0,0.0014998777
0,0,0.0011540205
0,0,0.0009271871
0,0,0.00091890036
0,0,0.0011182064
0,0,0.0012351255
0,0,0.0011681097
0,0,0.0009429496
0,0,0.00062751304
0,0,0.00036716313
0,0,0.00027737382
0,0,0.0002653383
0,0,0.00024429383
0,0,0.0002761163
0,0,0.00032383853
0,0,0.00032675712
0,0,0.00033500438
0,0,0.00042213648
0,0,0.00039324557
0,0,0.00033400112
0,0,0.00030884703
0,0,0.0002519702
0,0,0.00022690918
0,0,0.0002248951
0,0,0.00030637012
0,0,0.00043385435
0,0,0.00038764055
0,0,0.00052180316
0,0,0.0010177628
0,0,0.0013800104
0,0,0.0023412034
0,0,0.004259703
0,0,0.0053157005
0,0,0.0060210926
0,0,0.0070354464
0,0,0.005341011
0,0,0.0057155546
0,0,0.007873422
0,0,0.011481535
0,0,0.015837258
0,0,0.016148606
0,0,0.010128605
0,0,0.006434699
0,0,0.006222788
0,0,0.007904127
0,0,0.010387181
0,0,0.012560897
0,0,0.010193343
0,0,0.007027064
0,0,0.0038681047
0,0,0.0023973102
0,0,0.0017458142
0,0,0.0016772521
0,0,0.0020514482
0,0,0.0025009497
0,0,0.002632182
0,0,0.0026388327
0,0,0.0022548062
0,0,0.0015168218
0,0,0.0012871382
0,0,0.0013408413
0,0,0.0012971695
0,0,0.0013482159
0,0,0.0013982435
0,0,0.0012831575
0,0,0.0015611316
0,0,0.0030580624
0,0,0.0047698324
0,0,0.005751792
0,0,0.0056678653
0,0,0.005753311
0,0,0.005554582
0,0,0.0049744043
0,0,0.0039418815
0,0,0.002921306
0,0,0.0022657402
0,0,0.0044317637
0,0,0.0072400672
0,0,0.022216517
0,0,0.070956536
0,0,0.14061572
0,0,0.17188628
0,0,0.16570231
0,0,0.194183
0,0,0.23146075
0,0,0.2526877
0,0,0.2836145
0,0,0.42941
0,1,0.5412879
0,1,0.59227246
0,1,0.56957376
0,0,0.4455324
0,0,0.37610465
0,0,0.32561305
0,0,0.22385314
0,0,0.16950859
0,0,0.14809509
0,0,0.098563746
0,0,0.065659225
0,0,0.024899479
0,0,0.014741796
0,0,0.008821818
0,0,0.0068504605
0,0,0.008774296
0,0,0.008819684
0,0,0.018626735
0,0,0.016932143
0,0,0.015386536
0,0,0.02550583
0,0,0.025053892
0,0,0.01874192
0,0,0.017243698
0,0,0.038809884
0,0,0.04550215
0,0,0.050178945
0,0,0.055341702
0,0,0.10628698
0,0,0.1263387
0,0,0.1364136
0,0,0.10199844
0,0,0.08301843
0,0,0.045289632
0,0,0.028731577
0,0,0.02490404
0,0,0.03950131
0,0,0.03785247
0,0,0.04685195
0,0,0.06042635
0,0,0.051671848
0,0,0.0494424
0,0,0.050277088
0,0,0.05144393
0,0,0.06562033
0,0,0.11185953
0,0,0.10769941
0,0,0.06760919
0,0,0.064058535
0,0,0.058123395
0,0,0.044725057
0,0,0.05607863
0,0,0.06973078
0,0,0.060829412
0,0,0.036647424
0,0,0.024701059
0,0,0.01284499
0,0,0.007719885
0,0,0.0055645765
0,0,0.007824531
0,0,0.014137905
0,0,0.0095568895
0,0,0.008182381
0,0,0.009968773
0,0,0.025497
0,0,0.05584727
0,0,0.11172254
0,0,0.121136814
0,0,0.12022472
0,0,0.09590011
0,0,0.08240605
0,0,0.09103401
0,0,0.12538798
0,0,0.12598467
0,0,0.068914704
0,0,0.07747999
0,0,0.16664648
0,0,0.17227712
0,0,0.12558728
0,0,0.06291489
0,0,0.016066441
0,0,0.008395283
0,0,0.05589242
0,0,0.09409317
0,0,0.16833383
0,0,0.36476693
0,0,0.24198955
0,0,0.28703952
0,0,0.3260485
0,0,0.37578997
0,0,0.2684108
0,0,0.29350594
0,0,0.30073893
0,0,0.2288354
0,0,0.24430215
0,0,0.23930208
0,0,0.23436485
0,0,0.30614543
0,0,0.34877908
0,0,0.32057026
0,0,0.3420923
0,0,0.29023126
0,0,0.22918111
0,0,0.21189189
0,0,0.18065052
0,0,0.18150277
0,0,0.21241897
0,0,0.23629938
0,0,0.3250749
0,0,0.34937862
0,0,0.49622735
0,0,0.41430417
0,0,0.3090685
0,0,0.31204045
0,0,0.22985074
0,0,0.23785935
0,0,0.3212308
0,0,0.34095588
0,0,0.32893977
0,0,0.29917276
0,0,0.2635061
0,0,0.29147345
0,0,0.24657972
0,0,0.1796257
0,0,0.13542572
0,0,0.1839383
0,0,0.23176536
0,0,0.24358651
0,0,0.2680807
0,0,0.23736288
0,0,0.33242804
0,0,0.4196096
0,1,0.50281507
0,1,0.5002653
0,0,0.4245133
0,0,0.39395884
0,0,0.4039389
0,0,0.3603165
0,0,0.2852351
0,0,0.2852422
0,0,0.2835762
0,0,0.28123385
0,0,0.30580333
0,0,0.34750536
0,0,0.31526524
0,0,0.2722726
0,0,0.41305968
0,1,0.5258235
0,1,0.5120013
0,0,0.49840805
0,0,0.4033705
0,0,0.302091
0,0,0.33073673
0,0,0.36236438
0,0,0.38194573
0,0,0.34223697
0,0,0.27121893
0,0,0.2235751
0,0,0.17999782
0,0,0.31483406
0,0,0.46206868
0,0,0.46775654
0,0,0.48077598
0,1,0.58212566
0,1,0.57913077
0,1,0.5073848
0,0,0.4471656
0,0,0.36781743
0,0,0.32423472
0,0,0.25698876
0,0,0.22784
0,0,0.22466789
0,0,0.17932673
0,0,0.16670191
0,0,0.23565495
0,0,0.33976537
0,0,0.45303133
0,1,0.5459772
0,1,0.61826706
0,1,0.658821
0,1,0.6339478
0,1,0.59498847
0,1,0.5438584
0,1,0.5197151
0,1,0.5674947
0,1,0.5935388
0,1,0.5225206
0,0,0.37091318
0,0,0.21611807
0,0,0.23435555
0,0,0.27384496
0,0,0.37958992
0,0,0.45416147
0,0,0.48137555
0,0,0.34737536
0,0,0.23345627
0,0,0.21469142
0,0,0.025793105
0,0,0.03186212
0,0,0.040937718
0,0,0.04601441
0,0,0.121935464
0,0,0.10779429
0,0,0.09077952
0,0,0.107387535
0,0,0.12682891
0,0,0.16866866
0,0,0.17725465
0,0,0.14653021
0,0,0.14303897
0,0,0.039808694
0,0,0.00640566
0,0,0.0011821114
0,0,0.0003392009
0,0,9.030569e-05
0,0,5.395044e-05
0,0,0.00012318732
0,0,0.0008614151
0,0,0.0052174525
0,0,0.013411386
0,0,0.0016004842
0,0,0.00072466413
0,0,0.0022085337
0,0,0.020922855
0,0,0.044406194
0,0,0.107378505
0,0,0.12818769
0,0,0.13756774
0,0,0.13113242
0,0,0.11228882
0,0,0.06897668
0,0,0.045194417
0,0,0.055824574
0,0,0.06929373
0,0,0.08037618
0,0,0.09735538
0,0,0.099100456
0,0,0.097041875
0,0,0.093482286
0,0,0.07627756
0,0,0.059788775
0,0,0.06662521
0,0,0.043538325
0,0,0.027573831
0,0,0.024134016
0,0,0.017399354
0,0,0.018786343
0,0,0.026386537
0,0,0.04547448
0,0,0.09654055
0,0,0.111799
0,0,0.10682674
0,0,0.11864507
0,0,0.12528361
0,0,0.11881516
0,0,0.12481655
0,0,0.412438
0,0,0.3011586
0,0,0.3510974
0,0,0.49032122
0,0,0.44042876
0,1,0.5107181
0,1,0.5787877
0,1,0.5593452
0,1,0.5130744
0,1,0.5136448
0,0,0.4565031
0,0,0.3525909
0,0,0.28653702
0,0,0.2569539
0,0,0.2786133
0,0,0.28219664
0,0,0.2780885
0,0,0.25884464
0,0,0.16811402
0,0,0.089649804
0,0,0.083726175
0,0,0.13241854
0,0,0.14629789
0,0,0.25660968
0,0,0.21764763
0,0,0.26009965
0,0,0.27531993
0,0,0.22391434
0,0,0.28839082
0,0,0.27754542
0,0,0.30569085
0,0,0.29415014
0,0,0.25378847
0,0,0.17661268
0,0,0.1207518
0,0,0.13814083
0,0,0.17052148
0,0,0.19198403
0,0,0.22945584
0,0,0.24301958
0,0,0.20534265
0,0,0.18019696
0,0,0.163296
0,0,0.09446742
0,0,0.13121402
0,0,0.17077698
0,0,0.025806507
0,0,0.019949106
0,0,0.013816952
0,0,0.022610916
0,0,0.10002068
0,0,0.07728672
0,0,0.056861732
0,0,0.043507647
0,0,0.03827668
0,0,0.031207677
0,0,0.02623903
0,0,0.032633115
0,0,0.016200608
0,0,0.009037498
0,0,0.008256313
0,0,0.008873359
0,0,0.01262646
0,0,0.029055182
0,0,0.10595773
0,0,0.16715449
0,0,0.22918674
0,0,0.21748845
0,0,0.17879295
0,0,0.16134411
0,0,0.14513703
0,0,0.10785487
0,0,0.08630904
0,0,0.080008276
0,0,0.0667108
0,0,0.06271851
0,0,0.072048925
0,0,0.054692015
0,0,0.05196857
0,0,0.05655742
0,0,0.056469552
0,0,0.06486013
0,0,0.09508914
0,0,0.13708887
0,0,0.17483865
0,0,0.1569663
0,0,0.1516866
0,0,0.11732051
0,0,0.082997866
0,0,0.09120024
0,0,0.08385459
0,0,0.07534715
0,0,0.07684596
0,0,0.07421105
0,0,0.08613691
0,0,0.114857286
0,0,0.14147857
0,0,0.13758594
0,0,0.1555669
0,0,0.18217342
0,0,0.20165312
0,0,0.19944496
0,0,0.1976438
0,0,0.1797027
0,0,0.17632978
0,0,0.19783643
0,0,0.2134598
0,0,0.2334896
0,0,0.23448244
0,0,0.21005698
0,0,0.19124408
0,0,0.17198482
0,0,0.1505936
0,0,0.14816383
0,0,0.089912735
0,0,0.028519453
0,0,0.012918905
0,0,0.012013089
0,0,0.016786065
0,0,0.04127754
0,0,0.082359545
0,0,0.18110886
0,0,0.24265878
0,0,0.32929766
0,0,0.39165592
0,0,0.40875277
0,0,0.426249
0,0,0.4235792
0,0,0.4112296
0,0,0.38622463
0,0,0.3782209
0,0,0.37870717
0,0,0.3587983
0,0,0.365205
0,0,0.35714355
0,0,0.3257285
0,0,0.28125292
0,0,0.28584832
0,0,0.33023176
0,0,0.32312933
0,0,0.2733182
0,0,0.2537902
0,0,0.21767163
0,0,0.171221
0,0,0.15870948
0,0,0.15563942
0,0,0.15322532
0,0,0.16586576
0,0,0.17030825
0,0,0.16524151
0,0,0.16282073
0,0,0.1644165
0,0,0.16001551
0,0,0.16296749
0,0,0.1561915
0,0,0.14315692
0,0,0.14449164
0,0,0.13809499
0,0,0.13230702
0,0,0.13748056
0,0,0.13057803
0,0,0.030404724
0,0,0.0034472295
0,0,0.00044903503
0,0,0.00014324907
0,0,8.176721e-05
0,0,5.3395517e-05
0,0,4.3000964e-05
0,0,3.9936098e-05
0,0,3.7508064e-05
0,0,3.6101217e-05
0,0,3.8491697e-05
0,0,4.0616374e-05
0,0,3.9683146e-05
0,0,3.645433e-05
0,0,3.3998513e-05
0,0,3.5263518e-05
0,0,3.4666136e-05
0,0,3.619943e-05
0,0,3.834924e-05
0,0,4.1214837e-05
0,0,4.38447e-05
0,0,4.8658545e-05
0,0,9.335499e-05
0,0,0.00029589506
0,0,0.0006856083
0,0,0.0016551544
0,0,0.0018670541
0,0,0.00048941345
0,0,0.00036687657
0,0,0.00026296888
0,0,0.00020806889
0,0,0.00015562016
0,0,0.00017007094
0,0,0.00020281303
0,0,0.0002648732
0,0,0.0002601351
0,0,0.0002157432
0,0,0.00020727073
0,0,0.00024770477
0,0,0.00018506352
0,0,0.00019907964
0,0,0.0003084401
0,0,0.00048471714
0,0,0.00040020305
0,0,0.00034349383
0,0,0.00018521726
0,0,0.00015969053
0,0,9.6172545e-05
0,0,0.00010398502
0,0,0.00010739656
0,0,0.000110226225
0,0,7.464537e-05
0,0,9.9860685e-05
0,0,0.00011285515
0,0,0.00013331331
0,0,9.488106e-05
0,0,0.00010962246
0,0,0.000107253065
0,0,0.00012345977
0,0,8.0173275e-05
0,0,0.000102251484
0,0,0.0001125347
0,0,0.00013637441
0,0,8.3543426e-05
0,0,0.00010369865
0,0,0.00011131471
0,0,0.0001286115
0,0,9.033068e-05
0,0,0.00011667943
0,0,0.00013231904
0,0,0.00015699268
0,0,0.00011610209
0,0,0.00013317978
0,0,0.00014139639
0,0,0.00016903658
0,0,0.000111624984
0,0,0.00010321396
0,0,0.000107897795
0,0,0.0001442435
0,0,0.00010708456
0,0,0.0001653408
0,0,0.00016360161
0,0,0.00016684833
0,0,8.170938e-05
0,0,8.925771e-05
0,0,9.929617e-05
0,0,0.00013050085
0,0,9.5894255e-05
0,0,9.7717544e-05
0,0,0.0001232074
0,0,0.00015762448
0,0,0.000113218826
0,0,9.750272e-05
0,0,0.012838003
0,1,0.7977783
0,1,0.94741994
0,1,0.9468345
0,1,0.9230131
0,1,0.9110354
0,1,0.8925196
0,1,0.8747421
0,1,0.9274056
0,1,0.9527976
0,1,0.9766912
0,1,0.983966
0,1,0.98536056
0,1,0.9848194
0,1,0.9743566
0,1,0.95125866
0,1,0.9298749
0,1,0.91712946
0,1,0.8582724
0,1,0.9310531
0,1,0.9678702
0,1,0.9731847
0,1,0.9711354
1,1,0.95259666
1,1,0.95192796
1,1,0.90962183
1,1,0.81231445
1,1,0.71299094
1,1,0.7585998
1,1,0.9347095
1,1,0.96748024
1,1,0.96494484
1,1,0.98256636
1,1,0.9892384
1,1,0.99284583
1,1,0.99464333
1,1,0.9933941
1,1,0.9912662
1,1,0.99098295
1,1,0.9894275
1,1,0.9829426
1,1,0.9563533
1,1,0.9250486
1,1,0.8014236
1,1,0.8309714
1,1,0.94681346
1,1,0.9064166
1,1,0.8930901
1,1,0.94553864
1,1,0.9723083
1,1,0.98625666
1,1,0.99187344
1,1,0.9894147
1,1,0.98389417
1,1,0.97580034
1,1,0.9647195
1,1,0.95185375
1,1,0.9411245
1,1,0.9140452
1,1,0.8796569
1,1,0.90591013
1,1,0.8924784
1,1,0.8834693
1,1,0.9216798
1,1,0.9314383
1,1,0.91325104
1,1,0.88331646
1,1,0.9026205
1,1,0.92011327
1,1,0.90311205
1,1,0.9253888
1,1,0.9336723
1,1,0.8838883
1,1,0.750164
1,1,0.7349539
1,1,0.57332027
1,0,0.36595333
1,0,0.23773836
1,0,0.16540918
1,0,0.15729284
1,0,0.27996984
1,0,0.42575774
1,1,0.6130037
1,1,0.7670604
1,1,0.762839
1,1,0.7968358
1,1,0.81378263
1,1,0.7626092
1,0,0.48341095
1,0,0.15306816
1,0,0.0956215
1,0,0.3011606
1,0,0.46805316
1,0,0.43820855
1,0,0.45963454
1,1,0.50537723
1,1,0.5978684
1,1,0.58162504
1,1,0.65849596
1,1,0.657472
1,1,0.61658245
1,1,0.6464767
1,1,0.7501923
1,1,0.8095538
1,1,0.8687984
1,1,0.908188
1,1,0.90699786
1,1,0.81107193
1,0,0.47610155
1,0,0.10844618
1,0,0.03461761
1,0,0.026043298
1,0,0.068855375
1,0,0.100975595
1,0,0.068574384
1,0,0.0028448123
1,0,0.00047886456
1,0,0.00016171655
1,0,6.474848e-05
1,0,7.258694e-05
1,0,0.00010460759
1,0,0.00015471439
1,0,0.00030403127
1,0,0.0008701142
1,0,0.0019347812
1,0,0.0035441467
1,0,0.0038727229
1,0,0.0041775457
1,0,0.004464551
1,0,0.005015032
1,0,0.005673358
1,0,0.005285474
1,0,0.004660734
1,0,0.0024754545
1,0,0.0008796172
1,0,0.0003784342
1,0,0.0003656855
1,0,0.00059061643
1,0,0.000816728
1,0,0.0019387346
1,0,0.003262896
1,0,0.004448747
1,0,0.0062743844
1,0,0.007944298
1,0,0.005650673
1,0,0.0038690711
1,0,0.0036184208
1,0,0.004586138
1,0,0.0050886916
1,0,0.0051285247
1,0,0.0059568235
1,0,0.0048821336
1,0,0.004176098
1,0,0.003993687
1,0,0.0035737697
1,0,0.003199673
1,0,0.0016181978
1,0,0.0009442848
1,0,0.0006816491
1,0,0.00049473264
1,0,0.0004161926
1,0,0.00037900754
1,0,0.00035277192
1,0,0.00034098982
1,0,0.00030742958
1,0,0.00036011834
1,0,0.00028022783
1,0,0.00012548137
1,0,8.5605534e-05
1,0,7.35301e-05
1,0,8.832347e-05
1,0,0.000118285214
1,0,0.00020136747
1,0,0.00031515164
1,0,0.05875138
1,1,0.5341711
1,1,0.6064853
1,0,0.3127297
1,0,0.21418074
1,0,0.34640405
1,0,0.4531545
1,1,0.5688852
1,1,0.7850756
1,1,0.8862356
1,1,0.9385828
1,1,0.9563692
1,1,0.9636165
1,1,0.97217643
1,1,0.9618941
1,1,0.9249832
1,1,0.8626117
1,1,0.71630734
1,1,0.70438653
1,1,0.8455745
1,1,0.83367
1,1,0.7755946
1,1,0.8366008
1,1,0.7639982
1,1,0.70928735
1,1,0.7626767
1,1,0.9281068
1,1,0.95204455
1,1,0.94953835
1,1,0.9285384
1,1,0.83965486
1,1,0.6714562
1,1,0.69563794
1,1,0.7376634
1,1,0.74296194
1,1,0.8797635
1,1,0.9097487
1,1,0.9089919
1,1,0.83700806
1,1,0.6105212
1,0,0.41889724
1,0,0.42751014
1,1,0.620412
1,1,0.77593416
1,1,0.87211496
1,1,0.87959117
0,0,0.1970795
0,0,0.013512432
0,0,0.0006253321
0,0,0.00012208003
0,0,0.00036687954
0,0,0.0002546913
0,0,0.00017069219
0,0,0.00013500743
0,0,0.000114740425
0,0,0.00012822075
0,0,0.00015720284
0,0,0.0001685039
0,0,0.00018290957
0,0,0.0002062515
0,0,0.00024178288
0,0,0.0002563303
0,0,0.00026548177
0,0,0.00027539014
0,0,0.00026866648
0,0,0.00034449092
0,0,0.00041417946
0,0,0.0002709396
0,0,0.00013550618
0,0,9.938199e-05
0,0,8.423266e-05
0,0,8.817863e-05
0,0,0.0001078076
0,0,0.00012366453
0,0,0.00013566819
0,0,0.00014017345
0,0,0.00014598655
0,0,0.00013129506
0,0,9.467707e-05
0,0,7.867221e-05
0,0,6.741265e-05
0,0,6.5570784e-05
0,0,6.515702e-05
0,0,5.5454173e-05
0,0,5.515135e-05
0,0,5.6110483e-05
0,0,5.3437547e-05
0,0,5.723004e-05
0,0,6.4669555e-05
0,0,6.575676e-05
0,0,7.104033e-05
0,0,7.45219e-05
0,0,7.052269e-05
0,0,7.133013e-05
0,0,7.616325e-05
0,0,9.375135e-05
0,0,0.00010359102
0,0,9.189123e-05
0,0,7.770043e-05
0,0,7.670933e-05
0,0,8.812392e-05
0,0,0.000116598036
0,0,0.00016926091
0,0,0.00023482599
0,0,0.00029676038
0,0,0.00029691943
0,0,0.00027527384
0,0,0.00030474956
0,0,0.00037477363
0,0,0.00044818982
0,0,0.0004978943
0,0,0.00053406996
0,0,0.0005533021
0,0,0.0005861715
0,0,0.00050958665
0,0,0.00040733058
0,0,0.00032770177
0,0,0.0002582013
0,0,0.00025430205
0,0,0.0003275075
0,0,0.00030865188
0,0,0.00026685672
0,0,0.00041813945
0,0,0.00029604038
0,0,0.00020058852
0,0,0.00015449902
0,0,0.0001814001
0,0,0.00024118747
0,0,0.00028032053
0,0,0.00025873288
0,0,0.00024600758
0,0,0.0002743584
0,0,0.00020095168
0,0,0.00015589703
0,0,0.00012749301
0,0,0.00012434044
0,0,0.00017242484
0,0,0.00028314785
0,0,0.0005266989
0,0,0.000833685
0,0,0.0007508053
0,0,0.000664892
0,0,0.00074079214
0,0,0.00080707204
0,0,0.0008512906
0,0,0.00081313413
0,0,0.0006753477
0,0,0.0005814099
0,0,0.0005813008
0,0,0.00060203014
0,0,0.0005730614
0,0,0.00059848797
0,0,0.0005197759
0,0,0.00043460153
0,0,0.00035244008
0,0,0.0003034177
0,0,0.000318025
0,0,0.0003555662
0,0,0.0004658474
0,0,0.0005041778
0,0,0.29405138
0,0,0.028220505
0,0,0.0016064981
0,0,0.00019073587
0,0,8.452232e-05
0,0,7.4748656e-05
0,0,7.606903e-05
0,0,6.556166e-05
0,0,4.162003e-05
0,0,3.228432e-05
0,0,3.5070883e-05
0,0,3.0492107e-05
0,0,2.5078005e-05
0,0,2.9387387e-05
0,0,6.830708e-05
0,0,0.0008527211
0,0,0.005424478
0,0,0.004719361
0,0,0.0024695543
0,0,0.00048783925
0,0,0.00011389745
0,0,3.931513e-05
0,0,3.9435476e-05
1,0,2.9542976e-05
1,0,2.6599015e-05
1,0,2.3879336e-05
1,0,2.2807457e-05
1,0,2.4291574e-05
1,0,2.560443e-05
1,0,3.7148282e-05
1,0,0.00020564866
1,0,0.0002906243
1,0,0.00042763003
1,0,0.00019372694
1,0,0.00011927512
1,0,0.00018659812
1,0,0.0001790954
1,0,0.00013880557
1,0,9.6294134e-05
1,0,0.00010107074
1,0,8.625369e-05
1,0,7.084341e-05
1,0,5.7078247e-05
1,0,5.1140716e-05
1,0,7.731837e-05
1,0,7.708154e-05
1,0,3.7297585e-05
1,0,2.3995075e-05
1,0,3.1790787e-05
1,0,3.7156184e-05
1,0,4.9251576e-05
1,0,3.958223e-05
1,0,3.1015607e-05
1,0,3.6922527e-05
1,0,4.3866825e-05
1,0,2.979183e-05
1,0,1.9896754e-05
1,0,2.0171068e-05
1,0,2.2035461e-05
1,0,2.4810864e-05
1,0,2.5052857e-05
1,0,3.972684e-05
1,0,7.234535e-05
1,0,9.2956754e-05
1,0,8.9202826e-05
1,0,7.614669e-05
1,0,5.8369587e-05
1,0,4.9869283e-05
1,0,2.433591e-05
1,0,2.1094289e-05
1,0,2.3770008e-05
1,0,2.5662759e-05
1,0,2.7417727e-05
1,0,3.098326e-05
1,0,3.0233135e-05
1,0,2.7552871e-05
1,0,2.3382423e-05
1,0,2.158947e-05
1,0,2.6091548e-05
1,0,2.3579678e-05
1,0,2.5589392e-05
1,0,3.410678e-05
1,0,4.567257e-05
1,0,4.2014588e-05
1,0,3.8742557e-05
1,0,4.8217647e-05
1,0,6.928721e-05
1,0,7.951271e-05
1,0,4.836566e-05
1,0,5.0963892e-05
1,0,5.18421e-05
1,0,5.0180657e-05
1,0,3.401635e-05
1,0,3.220775e-05
1,0,0.015686192
1,1,0.8510271
1,1,0.82567745
1,1,0.81584054
1,1,0.7715136
1,1,0.64208305
1,1,0.52095723
1,0,0.4923741
1,0,0.47216225
1,0,0.44640568
1,0,0.49243742
1,1,0.63235354
1,1,0.61466664
1,1,0.5986033
1,1,0.64287406
1,1,0.69841605
1,1,0.7015898
1,1,0.7089256
1,1,0.78624624
1,1,0.7973221
1,1,0.70836943
1,1,0.58540004
1,1,0.5084039
1,0,0.4799426
1,1,0.6453382
1,1,0.82537514
1,1,0.83279043
1,1,0.8778599
1,1,0.80632704
1,1,0.7253084
1,1,0.59786755
1,0,0.43394098
1,0,0.3802934
1,0,0.38634053
1,0,0.32747257
1,0,0.2596732
1,0,0.34094366
1,1,0.5561838
1,1,0.66131115
1,1,0.85036606
1,1,0.9390463
1,1,0.972329
1,1,0.9866267
1,1,0.96952283
1,1,0.88539124
1,1,0.7512919
1,1,0.8914829
1,1,0.9005101
1,1,0.9244761
1,1,0.8962492
1,1,0.72719467
1,0,0.47772917
1,0,0.28292117
1,0,0.34639987
1,1,0.5323805
1,1,0.5840313
1,1,0.50972575
1,0,0.44828498
1,0,0.38588747
1,0,0.32528135
1,0,0.4748064
1,1,0.5849798
1,1,0.6996128
1,1,0.7699942
1,1,0.7524282
1,1,0.7657038
1,1,0.82393116
1,1,0.8982133
1,1,0.86554265
1,1,0.8741323
1,1,0.9225398
1,1,0.9331802
1,1,0.915043
1,1,0.8444295
1,1,0.81944644
1,1,0.5484286
1,0,0.32388747
1,0,0.27271923
1,0,0.37286043
1,1,0.80631393
1,1,0.9409629
1,1,0.93915945
1,1,0.8725453
1,1,0.8517915
1,1,0.7155686
1,1,0.74182075
1,1,0.8697399
1,1,0.7937448
1,1,0.7011212
1,1,0.68178695
1,1,0.74206185
1,1,0.7875071
0,0,0.47974357
0,1,0.62907106
0,1,0.5514487
0,1,0.506855
0,1,0.5570594
0,1,0.5855863
0,1,0.6439662
0,1,0.7326249
0,1,0.724312
0,1,0.642022
0,1,0.59265167
0,1,0.519619
0,1,0.50248146
0,1,0.52727747
0,0,0.42777184
0,0,0.43251026
0,0,0.40196484
0,0,0.40632308
0,1,0.5556478
0,1,0.6387382
0,1,0.629668
0,1,0.5207175
0,1,0.6048816
0,0,0.12309938
0,0,0.010448122
0,0,0.0011322674
0,0,5.278042e-05
0,0,1.4986111e-05
0,0,1.51212e-05
0,0,1.6571357e-05
0,0,1.8640401e-05
0,0,2.118927e-05
0,0,2.4081657e-05
0,0,3.0516894e-05
0,0,3.5498077e-05
0,0,3.848942e-05
0,0,3.8299248e-05
0,0,3.2944605e-05
0,0,2.9376408e-05
0,0,2.6673162e-05
0,0,2.9790837e-05
0,0,3.450091e-05
0,0,4.8311587e-05
0,0,4.3142096e-05
0,0,5.606834e-05
0,0,8.07335e-05
0,0,0.0001521843
0,0,9.401976e-05
0,0,6.31343e-05
0,0,9.9318815e-05
0,0,5.9517923e-05
0,0,3.929894e-05
0,0,4.1375468e-05
0,0,2.974621e-05
0,0,2.4049801e-05
0,0,2.7196636e-05
0,0,2.9913394e-05
0,0,2.6792317e-05
0,0,2.1175352e-05
0,0,2.1787948e-05
0,0,2.1440326e-05
0,0,2.522934e-05
0,0,2.2238735e-05
0,0,2.1318117e-05
0,0,1.9867177e-05
0,0,2.0416657e-05
0,0,2.0727452e-05
0,0,1.9248615e-05
0,0,1.8621695e-05
0,0,2.0444324e-05
0,0,1.8304238e-05
0,0,1.7091397e-05
0,0,1.6063725e-05
0,0,1.5178762e-05
0,0,1.4208454e-05
0,0,1.48545505e-05
0,0,1.6593309e-05
0,0,1.538282e-05
0,0,1.4483187e-05
0,0,1.37748575e-05
0,0,1.37046245e-05
0,0,1.4526955e-05
0,0,0.0105567435
0,1,0.8614908
0,1,0.8496834
0,1,0.75223696
0,1,0.68720835
0,1,0.7136296
0,1,0.8241483
0,1,0.9134338
0,1,0.95729387
0,1,0.9314316
0,1,0.89895785
0,1,0.7032632
0,1,0.50894725
0,1,0.5284364
0,1,0.7312824
0,1,0.8934811
0,1,0.909773
0,1,0.8542331
0,1,0.75925976
0,1,0.5127201
0,0,0.40876833
0,0,0.30316493
0,0,0.19686192
1,0,0.38703635
1,1,0.7489599
1,1,0.82736766
1,1,0.85941464
1,1,0.8832767
1,1,0.8875088
1,1,0.8164625
1,1,0.64928764
1,1,0.5744743
1,1,0.66364235
1,1,0.6987096
1,1,0.76993585
1,1,0.7366024
1,1,0.64724183
1,1,0.62524045
1,1,0.62113196
1,1,0.6580038
1,1,0.64351344
1,1,0.64686733
1,1,0.63835335
1,1,0.6387742
1,1,0.63155574
1,1,0.60847366
0,0,0.03417198
0,0,0.0017049903
0,0,0.00013125564
0,0,7.242404e-05
0,0,2.4990337e-05
0,0,2.5033487e-05
0,0,2.0284397e-05
0,0,1.785038e-05
0,0,1.7164297e-05
0,0,1.9449762e-05
0,0,1.92412e-05
0,0,2.0365866e-05
0,0,1.895797e-05
0,0,1.8943712e-05
0,0,1.8702687e-05
0,0,1.9244852e-05
0,0,2.0216668e-05
0,0,1.7909446e-05
0,0,1.870615e-05
0,0,2.2843458e-05
0,0,2.1865986e-05
0,0,2.1606505e-05
0,0,2.3604021e-05
0,0,2.4417832e-05
0,0,2.0041562e-05
0,0,1.9928128e-05
0,0,1.5264173e-05
0,0,1.4777955e-05
0,0,1.7649894e-05
0,0,1.8453078e-05
0,0,1.7215723e-05
0,0,1.9109773e-05
0,0,1.9850208e-05
0,0,1.8377177e-05
0,0,1.734722e-05
0,0,1.713994e-05
0,0,1.8966342e-05
0,0,2.0695155e-05
0,0,2.0161126e-05
0,0,1.923854e-05
0,0,1.7329528e-05
0,0,1.6598437e-05
0,0,1.729433e-05
0,0,1.839829e-05
0,0,2.1453274e-05
0,0,2.5400528e-05
0,0,2.5113855e-05
0,0,2.2515578e-05
0,0,2.0994587e-05
0,0,2.0186231e-05
0,0,1.8209976e-05
0,0,1.7219876e-05
0,0,1.6261418e-05
0,0,1.6835413e-05
0,0,1.837094e-05
0,0,1.8483477e-05
0,0,2.0326164e-05
0,0,2.9625524e-05
0,0,5.1812145e-05
0,0,4.691443e-05
0,0,3.7847974e-05
0,0,3.388458e-05
0,0,3.9353392e-05
0,0,2.5992555e-05
0,0,2.6833537e-05
0,0,2.8992334e-05
0,0,4.141036e-05
0,0,5.9115002e-05
0,0,3.812695e-05
0,0,2.1232174e-05
0,0,1.6171518e-05
0,0,1.2659548e-05
0,0,1.38793475e-05
0,0,1.4477954e-05
0,0,1.5556961e-05
0,0,1.7982387e-05
0,0,1.713587e-05
0,0,1.9134244e-05
0,0,2.0849233e-05
0,0,2.4755536e-05
0,0,3.909757e-05
0,0,4.214472e-05
0,0,3.170819e-05
0,0,2.6469836e-05
0,0,1.9863368e-05
0,0,1.6352376e-05
0,0,1.6132779e-05
0,0,1.6916914e-05
0,0,2.3508434e-05
0,0,3.3679265e-05
0,0,4.3354707e-05
0,0,3.4777793e-05
0,0,1.8592627e-05
0,0,1.3581985e-05
0,0,1.2035434e-05
0,0,1.0545029e-05
0,0,1.0594369e-05
0,0,1.1018078e-05
0,0,1.2383499e-05
0,0,1.2773044e-05
0,0,1.3730999e-05
0,0,1.4687739e-05
0,0,1.4831196e-05
0,0,1.4806689e-05
0,0,1.5541795e-05
0,0,1.6351394e-05
0,0,1.7746146e-05
0,0,2.0005626e-05
0,0,2.338782e-05
0,0,2.4032171e-05
0,0,2.1955459e-05
0,0,2.3179453e-05
0,0,2.3445677e-05
0,0,2.1302469e-05
0,0,0.3534225
0,0,0.33990502
0,0,0.20249666
0,0,0.0058871713
0,0,0.00092038506
0,0,0.0017250075
0,0,0.0032019154
0,0,0.0053738602
0,0,0.006134341
0,0,0.0058851237
0,0,0.0013132567
0,0,0.00032331873
0,0,0.0007330239
0,0,0.0008060499
0,0,0.00037605793
0,0,0.0012000621
0,0,0.0015275759
0,0,0.0008155144
0,0,0.005731926
0,0,0.04782826
0,0,0.01661716
0,0,0.03933928
0,0,0.05647636
0,0,0.01690159
0,0,0.0020484615
0,0,0.0008011567
0,0,0.00094398344
0,0,0.0016839916
0,0,0.001908315
0,0,0.00073857314
0,0,0.00087179465
0,0,0.0011156315
0,0,0.0026837143
0,0,0.0093400115
0,0,0.0101564
0,0,0.0009562525
0,0,0.0011441446
0,0,0.0041184886
0,0,0.005577209
0,0,0.0014383353
0,0,0.00028984676
0,0,0.00012558587
0,0,0.0002216373
0,0,0.0004025595
0,0,0.00043020773
0,0,0.0017006948
0,0,0.002191049
0,0,0.0032396445
0,0,0.009489548
0,0,0.018438958
0,0,0.023286209
0,0,0.03412416
0,0,0.013172724
0,0,0.003937542
0,0,0.0034295255
0,0,0.0023073107
0,0,0.0010683364
0,0,0.0007197727
0,0,0.00065657374
0,0,0.00045070722
0,0,0.00094359997
0,0,0.004931404
0,0,0.015675122
0,0,0.0033277217
0,0,0.00051543757
0,0,0.00022917215
0,0,0.00030614677
0,0,0.0005192287
0,0,0.0016120587
0,0,0.01509634
0,0,0.022684826
0,0,0.0021803167
0,0,0.0033492232
0,0,0.019966163
0,0,0.061903976
0,0,0.1589103
0,0,0.083762944
0,0,0.009161144
0,0,0.0011181905
0,0,0.0008632305
0,0,0.0015244322
0,0,0.0027468354
0,0,0.0030106285
0,0,0.0037431633
0,0,0.0015739512
0,0,0.0006209174
0,0,0.00050067407
0,0,0.00045006518
0,0,0.0005788741
0,0,0.001989809
0,0,0.0048186374
0,0,0.00058298226
0,0,0.00032319606
0,0,0.00029437983
0,0,0.1137794
0,1,0.52197003
0,1,0.6158888
0,1,0.6350724
0,1,0.5530495
0,0,0.45228705
0,0,0.25461063
0,0,0.26307437
0,0,0.3822931
0,0,0.2660804
0,0,0.20320393
0,0,0.33330244
0,0,0.23676628
0,0,0.20788366
0,0,0.3721041
0,0,0.43691188
0,1,0.6168428
0,1,0.74491763
0,1,0.784806
0,1,0.86934817
0,1,0.94687307
0,1,0.9520374
0,1,0.89226663
0,1,0.9216018
0,1,0.891385
0,1,0.63742906
0,0,0.24853633
0,0,0.059320103
0,0,0.060412228
0,0,0.08206012
0,0,0.10036817
0,0,0.09121801
0,0,0.09236331
0,0,0.08100661
0,0,0.04422463
0,0,0.024991617
0,0,0.039228335
0,0,0.036062863
0,0,0.044951618
0,0,0.058637913
0,0,0.05129961
0,0,0.057941955
0,0,0.14126748
0,0,0.34625542
0,1,0.7917212
0,1,0.96011895
0,1,0.9499118
0,1,0.85405123
0,1,0.5089225
0,0,0.08932148
0,0,0.10685272
0,0,0.07697426
0,0,0.07424076
0,0,0.075382166
0,0,0.07109305
0,0,0.108259544
0,0,0.08398727
0,0,0.08178893
0,0,0.07902199
0,0,0.052102458
0,0,0.094670705
0,0,0.14380316
0,0,0.12666766
0,0,0.13805786
0,0,0.20355979
0,0,0.36941543
0,1,0.70838815
0,1,0.5933944
0,1,0.61006224
0,0,0.18047434
0,0,0.17526807
0,0,0.17180122
0,0,0.11947171
0,0,0.14452258
0,0,0.10736827
0,0,0.09544884
0,0,0.13628808
0,0,0.19112587
0,0,0.24206485
0,0,0.15152462
0,0,0.19218314
0,0,0.2572807
0,0,0.21024753
0,0,0.25435695
0,0,0.13548654
0,0,0.085785426
0,0,0.09706013
0,0,0.07915779
0,0,0.09681477
0,0,0.088992134
0,0,0.045028806
0,0,0.035396867
0,0,0.0628939
0,0,0.15144569
0,0,0.21493818
0,0,0.24152339
0,0,0.21215492
0,0,0.16357988
0,0,0.24798077
0,0,0.37958762
0,1,0.5544164
0,1,0.5851121
0,1,0.66054755
0,1,0.6773287
0,1,0.5754272
0,0,0.49460497
0,0,0.39728063
0,0,0.32292575
0,0,0.2823949
0,0,0.256294
0,0,0.21406981
0,0,0.30289802
0,0,0.40825045
0,0,0.4912433
0,1,0.726722
0,0,0.44074324
0,0,0.09920783
0,0,0.021909736
0,0,0.0021237633
0,0,0.0010444124
0,0,0.0012749363
0,0,0.0011243968
0,0,0.0017599643
0,0,0.009487657
0,0,0.093476705
0,0,0.21374616
0,0,0.13848174
0,0,0.056659844
0,0,0.028332341
0,0,0.019667335
0,0,0.010721419
0,0,0.008956609
0,0,0.016253151
0,0,0.050465163
0,0,0.10927747
0,0,0.10186758
0,0,0.07374431
0,0,0.04962425
0,0,0.02997951
0,0,0.02418174
0,0,0.016957993
0,0,0.009085948
0,0,0.037001546
0,0,0.3458615
0,0,0.07840672
0,0,0.020506483
0,0,0.037291914
0,0,0.045258943
0,0,0.0079133725
0,0,0.0017509784
0,0,0.00070632214
0,0,0.00059889536
0,0,0.00046721537
0,0,0.00023245157
0,0,0.00014131579
0,0,0.00013167257
0,0,0.000105902545
0,0,0.0001291505
0,0,0.00013194003
0,0,0.00011716086
0,0,0.00011952219
0,0,0.00013433212
0,0,0.00019613157
0,0,0.00019448518
0,0,0.0001534971
0,0,0.00013684714
0,0,0.00010388986
0,0,9.0505026e-05
0,0,9.894409e-05
0,0,9.879315e-05
0,0,9.63939e-05
0,0,9.927714e-05
0,0,9.531388e-05
0,0,9.274885e-05
0,0,0.012938036
0,0,0.46982938
0,1,0.6743512
0,0,0.42559806
0,0,0.22883868
0,0,0.36042297
0,0,0.25398254
0,0,0.18936186
0,0,0.21062241
0,0,0.1981359
0,0,0.1766542
0,0,0.12093642
0,0,0.117191024
0,0,0.11249511
0,0,0.19954091
0,0,0.1317026
0,0,0.10905462
0,0,0.2964243
0,0,0.40109438
0,0,0.38580593
0,0,0.4767175
0,0,0.31114233
0,0,0.28808427
0,0,0.4712495
0,1,0.5960709
0,1,0.75503933
0,1,0.8453635
0,1,0.89662707
0,1,0.5668208
0,0,0.1975006
0,0,0.23891714
0,0,0.25065622
0,0,0.26895812
0,1,0.52216595
0,1,0.6607912
0,1,0.606379
0,1,0.635141
0,1,0.61424655
0,0,0.266023
0,0,0.19060223
0,0,0.22841981
0,0,0.25003192
0,0,0.28229544
0,0,0.4199415
0,1,0.6539914
0,1,0.72784555
0,0,0.07208834
0,0,0.0045428416
0,0,0.00045835617
0,0,0.00038806905
0,0,0.0015662445
0,0,0.0017293708
0,0,0.0014325904
0,0,0.0009362548
0,0,0.00087463605
0,0,0.0010737615
0,0,0.002544783
0,0,0.0065980176
0,0,0.008387479
0,0,0.007381335
0,0,0.0038383536
0,0,0.0014497103
0,0,0.000810182
0,0,0.0006651651
0,0,0.0005404433
0,0,0.00042167795
0,0,0.0004334232
0,0,0.0005304937
0,0,0.0007508966
0,0,0.000914829
0,0,0.0006187538
0,0,0.00040609646
0,0,0.00035823302
0,0,0.0003230599
0,0,0.00033352032
0,0,0.00042980316
0,0,0.00036129233
0,0,0.0002977225
0,0,0.00026321772
0,0,0.00023960508
0,0,0.00025762542
0,0,0.00027570964
0,0,0.00023910802
0,0,0.00026463546
0,0,0.00029748474
0,0,0.00033065985
0,0,0.00033763325
0,0,0.0003039423
0,0,0.00028801436
0,0,0.00030461332
0,0,0.00033296723
0,0,0.00037236107
0,0,0.00032438172
0,0,0.00029587586
0,0,0.00023530606
0,0,0.00015946654
0,0,0.00015702429
0,0,0.00015924896
0,0,0.00019682532
0,0,0.00024450588
0,0,0.00026384363
0,0,0.00031072958
0,0,0.0005057127
0,0,0.0011752917
0,0,0.0033331823
0,0,0.0054652793
0,0,0.00552418
0,0,0.002468637
0,0,0.0011093856
0,0,0.0006356821
0,0,0.0005435521
0,0,0.0004363625
0,0,0.00032444083
0,0,0.0003954018
0,0,0.0004547882
0,0,0.00038380898
0,0,0.00043447164
0,0,0.00044521334
0,0,0.00037070023
0,0,0.0003528084
0,0,0.00032594695
0,0,0.00031798804
0,0,0.00032183947
0,0,0.00035195766
0,0,0.00043469536
0,0,0.0004954873
0,0,0.00043963836
0,0,0.0003128672
0,0,0.00024047337
0,0,0.00022186924
0,0,0.00019281675
0,0,0.0001985608
0,0,0.00023350447
0,0,0.00021427905
0,0,0.0002192321
0,0,0.00026638896
0,0,0.000332268
0,0,0.00037111115
0,0,0.00045190516
0,0,0.00053902966
0,0,0.0005455261
0,0,0.00055717834
0,0,0.00059498276
0,0,0.00042989166
0,0,0.00030498352
0,0,0.0002244307
0,0,0.00020907179
0,0,0.00026203788
0,0,0.00042063353
0,0,0.00044272898
0,0,0.00048193906
0,0,0.00083189947
0,0,0.0006077928
0,0,0.0005276577
0,0,0.00053916016
0,0,0.00061448483
0,0,0.00080114714
0,0,0.00081884797
0,0,0.00066465
0,0,0.0006743637
0,0,0.0010832372
0,0,0.021930626
0,0,0.16667725
0,0,0.2963506
0,0,0.32967302
0,0,0.33976364
0,0,0.34471807
0,0,0.32702458
0,0,0.29472384
0,0,0.29265207
0,0,0.33590433
0,0,0.33092257
0,0,0.3457938
0,0,0.34006494
0,0,0.31617317
0,0,0.2893063
0,0,0.3157989
0,0,0.33822292
0,0,0.34338602
0,0,0.34641168
0,0,0.33001193
0,0,0.29888323
0,0,0.32815316
0,0,0.35555813
0,0,0.35323197
0,0,0.35470456
0,0,0.33495072
0,0,0.30726385
0,0,0.30203012
0,0,0.33458254
0,0,0.34162232
0,0,0.3421153
0,0,0.3399719
0,0,0.31428325
0,0,0.29656592
0,0,0.33039808
0,0,0.34057313
0,0,0.3455005
0,0,0.3446796
0,0,0.33202866
0,0,0.31084472
0,0,0.30725393
0,0,0.34155807
0,0,0.3532577
0,0,0.35823336
0,0,0.3478024
0,0,0.33756712
0,0,0.33784384
0,0,0.35795859
0,0,0.35932884
0,0,0.36524218
0,0,0.36939132
0,0,0.36260003
0,0,0.34794325
0,0,0.35218146
0,0,0.37076023
0,0,0.36964685
0,0,0.36773625
0,0,0.35197988
0,0,0.33760524
0,0,0.3496174
0,0,0.36874416
0,0,0.35979968
0,0,0.36402598
0,0,0.3695216
0,0,0.35708967
0,0,0.34873816
0,0,0.36252394
0,0,0.3625533
0,0,0.36273152
0,0,0.37012282
0,0,0.35328507
0,0,0.32942826
0,0,0.33774096
0,0,0.31991392
0,0,0.3274228
0,0,0.35613546
0,0,0.3457728
0,0,0.33329883
0,0,0.3427516
0,0,0.34626743
0,0,0.35412046
0,0,0.3560637
0,0,0.35601386
0,0,0.36108384
0,0,0.353608
0,0,0.3444436
0,0,0.3363895
0,0,0.32876644
0,0,0.322659
0,0,0.33815965
0,0,0.32134077
0,0,0.31619772
0,0,0.32685417
0,0,0.3239024
0,0,0.31090432
0,0,0.31076667
0,0,0.312209
0,0,0.31759444
0,0,0.31847855
0,0,0.32711878
0,0,0.32354254
0,0,0.31917968
0,0,0.32585886
0,0,0.32503617
0,0,0.31546324
0,0,0.3207755
0,0,0.32237002
0,0,0.32264805
0,0,0.31714702
0,0,0.31617308
0,0,0.32636088
0,0,0.33600006
0,0,0.34090772
0,0,0.3273648
0,0,0.31099972
0,0,0.31670803
0,0,0.3376722
0,0,0.35383382
0,0,0.3512215
0,0,0.34541512
0,0,0.34368396
0,0,0.34138048
0,0,0.34152353
0,0,0.3457849
0,0,0.34802595
0,0,0.3490185
0,0,0.3463143
0,0,0.34075597
0,0,0.3477251
0,0,0.35584646
0,0,0.35547194
0,0,0.35622725
0,0,0.3554773
0,0,0.35215235
0,0,0.348666
0,0,0.34707862
0,0,0.36211187
0,0,0.3657538
0,0,0.3638416
0,0,0.3564908
0,0,0.3507528
0,0,0.3424984
0,0,0.33213013
0,0,0.31895846
0,0,0.30705208
0,0,0.3166778
0,0,0.3372634
0,0,0.33804542
0,0,0.33338487
0,0,0.32568234
0,0,0.31453598
0,0,0.323471
0,0,0.33405685
0,0,0.33300397
0,0,0.33611345
0,0,0.34186345
0,0,0.34146026
0,0,0.34387764
0,0,0.35070637
0,0,0.34551287
0,0,0.32903334
0,0,0.32821932
0,0,0.33274406
0,0,0.32548794
0,0,0.32112888
0,0,0.33242366
0,0,0.3406554
0,0,0.34199414
0,0,0.34594592
0,0,0.34172824
0,0,0.34107524
0,0,0.3611327
0,0,0.35447603
0,0,0.3346691
0,0,0.33420855
0,0,0.35837877
0,0,0.36042818
0,0,0.35917604
0,0,0.3628411
0,0,0.37124977
0,0,0.3623062
0,0,0.36017278
0,0,0.36506325
0,0,0.35820964
0,0,0.34316865
0,0,0.35187995
0,0,0.35420266
0,0,0.35408893
0,0,0.3508932
0,0,0.3576652
0,0,0.3588104
0,0,0.35737613
0,0,0.354598
0,0,0.35484475
0,0,0.35293314
0,0,0.35263652
0,0,0.3574605
0,0,0.36249283
0,0,0.3577023
0,0,0.33943957
0,0,0.34639364
0,0,0.35232118
0,0,0.35379705
0,0,0.34806913
0,0,0.34684706
0,0,0.3520771
0,0,0.34920427
0,0,0.34907165
0,0,0.34834388
0,0,0.34066057
0,0,0.34409943
0,0,0.33561784
0,0,0.3328158
0,0,0.33433175
0,0,0.33599764
0,0,0.33811647
0,0,0.3329975
0,0,0.3294889
0,0,0.34163895
0,0,0.3444556
0,0,0.34190163
0,0,0.34173366
0,0,0.3371203
0,0,0.34290245
0,0,0.32921052
0,0,0.32228336
0,0,0.31347576
0,0,0.3025486
0,0,0.32944557
0,0,0.345443
0,0,0.34514788
0,0,0.34408438
0,0,0.31264642
0,0,0.31703508
0,0,0.34123024
0,0,0.33586252
0,0,0.34462962
0,0,0.3525402
0,0,0.35214576
0,0,0.35115835
0,0,0.35333818
0,0,0.3551851
0,0,0.358998
0,0,0.3588176
0,0,0.35472322
0,0,0.35195866
0,0,0.34845904
0,0,0.3554574
0,0,0.3519501
0,0,0.35022548
0,0,0.34727335
0,0,0.35464644
0,0,0.35976413
0,0,0.3600723
0,0,0.3534633
0,0,0.35183236
0,0,0.35264134
0,0,0.35435286
0,0,0.355126
0,0,0.35798573
0,0,0.3599036
0,0,0.36331844
0,0,0.3680261
0,0,0.3698823
0,0,0.36970472
0,0,0.3710214
0,0,0.37177703
0,0,0.37220985
0,0,0.3734447
0,0,0.37312314
0,0,0.37059283
0,0,0.37156957
0,0,0.37525165
0,0,0.3766181
0,0,0.37778288
0,0,0.3811286
0,0,0.38314718
0,0,0.34660485
0,0,0.26659137
0,0,0.30823427
0,0,0.3355218
0,0,0.3499628
0,0,0.36750054
0,0,0.3691955
0,0,0.36732596
0,0,0.36641002
0,0,0.36730447
0,0,0.3677861
0,0,0.36579487
0,0,0.36715052
0,0,0.37149978
0,0,0.37141523
0,0,0.37265316
0,0,0.37378803
0,0,0.37202394
0,0,0.36874473
0,0,0.3714069
0,0,0.36368945
0,0,0.36615428
0,0,0.36688897
0,0,0.36321622
0,0,0.35959262
0,0,0.362472
0,0,0.3666696
0,0,0.3685107
0,0,0.3673741
0,0,0.36164173
0,0,0.36187226
0,0,0.3724629
0,0,0.374241
0,0,0.3702689
0,0,0.37038472
0,0,0.3629922
0,0,0.35559598
0,0,0.36083636
0,0,0.3658669
0,0,0.36854944
0,0,0.37153205
0,0,0.36796585
0,0,0.36488235
0,0,0.36935464
0,0,0.3783655
0,0,0.38481486
0,0,0.38394013
0,0,0.3827837
0,0,0.380436
0,0,0.3756072
0,0,0.3716061
0,0,0.36747536
0,0,0.36815545
0,0,0.37189057
0,0,0.37570852
0,0,0.3782706
0,0,0.37949288
0,0,0.37819895
0,0,0.3753156
0,0,0.37294477
0,0,0.37068152
0,0,0.37034965
0,0,0.36895704
0,0,0.36585948
0,0,0.36342412
0,0,0.3534503
0,0,0.3465444
0,0,0.3419795
0,0,0.0006828422
0,0,0.00065526844
0,0,0.0003831911
0,0,0.0002383696
0,0,0.00074649334
0,0,0.00028991723
0,0,0.00025434647
0,0,0.0004569514
0,0,0.00069454644
0,0,0.0011275606
0,0,0.00082245015
0,0,0.0006561414
0,0,0.00047616765
0,0,0.00027167553
0,0,0.0002121866
0,0,0.00018273962
0,0,0.00015258767
0,0,0.00018725582
0,0,0.00027274687
0,0,0.00034729633
0,0,0.0006220527
0,0,0.0019570843
0,0,0.0040159174
1,0,0.010575736
1,0,0.0067338115
1,0,0.0047054887
1,0,0.0022916247
1,0,0.0022006438
1,0,0.0011309368
1,0,0.00059383386
1,0,0.00047933924
1,0,0.0006330629
1,0,0.00028441352
1,0,0.0003516801
1,0,0.00062078284
1,0,0.00079331704
1,0,0.00036185968
1,0,0.00040349443
1,0,0.0005188027
1,0,0.000502821
1,0,0.0003461734
1,0,0.00051315245
1,0,0.00074459997
1,0,0.0008285733
1,0,0.0006202429
1,0,0.0013374671
1,0,0.0049517937
1,0,0.0073325937
1,0,0.008220168
1,0,0.0031597218
1,0,0.001357548
1,0,0.00035802482
1,0,0.00029509777
1,0,0.00044651623
1,0,0.00025107115
1,0,0.00026037407
1,0,0.0001852941
1,0,0.00021354886
1,0,0.00011575707
1,0,0.00011560485
1,0,0.00020792193
1,0,0.00032224966
1,0,0.0004190956
1,0,0.0010022311
1,0,0.00445403
1,0,0.003955879
1,0,0.007082305
1,0,0.0037746513
1,0,0.0012015935
1,0,0.00054124364
1,0,0.00039978797
1,0,0.0002949155
1,0,0.00034285322
1,0,0.0005821655
1,0,0.00091228593
1,0,0.00046144595
1,0,0.00056538376
1,0,0.0006331371
1,0,0.0011833396
1,0,0.000928729
1,0,0.0008200411
1,0,0.00057049893
1,0,0.00037521208
1,0,0.00021644455
1,0,0.00014687935
1,0,0.00014896684
1,0,0.00019607028
1,0,0.00018747305
1,0,0.00012388633
1,0,0.00016587783
1,0,0.00014556233
1,0,0.00017875606
1,0,0.000114527924
1,0,0.00014733773
1,0,0.024412118
1,1,0.74953216
1,1,0.88620985
1,1,0.8897823
1,1,0.77437633
1,1,0.72549254
1,1,0.7630531
1,1,0.85763925
1,1,0.8569102
1,1,0.89656734
1,1,0.95459104
1,1,0.96759963
1,1,0.9772284
1,1,0.9851039
1,1,0.9876315
1,1,0.9906865
1,1,0.9887814
1,1,0.9781742
1,1,0.9539231
1,1,0.8934053
1,1,0.8664515
1,1,0.87595063
1,1,0.8813933
1,1,0.79255235
1,1,0.73503476
1,1,0.8505572
1,1,0.9114696
1,1,0.92788166
1,1,0.93108815
1,1,0.91323763
1,1,0.88653016
1,1,0.860581
1,1,0.86281097
1,1,0.9212294
1,1,0.96502197
1,1,0.9868585
1,1,0.99256015
1,1,0.9911726
1,1,0.9813881
1,1,0.96959126
1,1,0.97360283
1,1,0.9600846
1,1,0.96098727
1,1,0.9699874
1,1,0.96774143
1,1,0.9755093
1,1,0.94224536
1,1,0.9148614
1,1,0.9253046
1,1,0.9186383
1,1,0.9120931
1,1,0.8997632
1,1,0.88793266
1,1,0.86188424
1,1,0.85633796
1,1,0.8868136
1,1,0.87426054
1,1,0.89436626
1,1,0.9415239
1,1,0.9516208
1,1,0.9526077
1,1,0.9667255
1,1,0.9702148
1,1,0.9757554
1,1,0.98099595
1,1,0.98003745
1,1,0.96902925
1,1,0.9634135
1,1,0.9719377
1,1,0.96735
1,1,0.9720435
1,1,0.96447253
1,1,0.9115781
1,1,0.8678308
1,1,0.9126796
1,1,0.9495586
1,1,0.9601486
1,1,0.9512957
1,1,0.9550937
1,1,0.96900743
1,1,0.9764522
1,1,0.97887826
1,1,0.9756629
1,1,0.9712644
1,1,0.97073865
1,1,0.9746241
1,1,0.9793184
1,1,0.9701064
1,1,0.9597283
1,1,0.9551902
1,1,0.93635577
1,1,0.9298254
1,1,0.87792605
1,1,0.8539831
1,1,0.8789957
1,1,0.8915677
1,1,0.9084531
1,1,0.93256813
1,1,0.9346393
1,1,0.9368674
1,1,0.9321865
1,1,0.94824237
1,1,0.95760626
1,1,0.96284544
1,1,0.97781646
1,1,0.97952235
1,1,0.9781935
1,1,0.97529966
1,1,0.9745599
1,1,0.96795046
1,1,0.9589157
1,1,0.9606251
1,1,0.96038437
1,1,0.9532128
1,1,0.94571656
0,0,0.43173924
0,0,0.086042985
0,0,0.017120982
0,0,0.0023912953
0,0,0.03203542
0,0,0.023186168
0,0,0.037281696
0,0,0.038398225
0,0,0.023066811
0,0,0.024249174
0,0,0.039327186
0,0,0.028589228
0,0,0.028248766
0,0,0.034574088
0,0,0.009406327
0,0,0.0013589974
0,0,0.0006101848
0,0,0.0005322062
0,0,0.0007820715
0,0,0.001865077
0,0,0.004530477
0,0,0.00390867
0,0,0.0038682295
0,0,0.0027613044
0,0,0.002210814
0,0,0.0014825693
0,0,0.0006952437
0,0,0.00033567127
0,0,0.00020346501
0,0,0.0002546568
0,0,0.0004873847
0,0,0.0013342878
0,0,0.004185232
0,0,0.005026342
0,0,0.003304743
0,0,0.0020341338
0,0,0.0015949591
0,0,0.0010153721
0,0,0.0007859995
0,0,0.00072530453
0,0,0.00062853895
0,0,0.0004843837
0,0,0.00052336167
0,0,0.00055429817
0,0,0.0007465012
0,0,0.0019893842
0,0,0.0041576433
0,0,0.007961408
0,0,0.004526831
0,0,0.0033462509
0,0,0.0020112924
0,0,0.002340077
0,0,0.0021044041
0,0,0.002297396
0,0,0.0027052565
0,0,0.004639326
0,0,0.0074015777
0,0,0.0034373603
0,0,0.0032486876
1,0,0.36544013
1,1,0.8528096
1,1,0.88429385
1,1,0.81748664
1,1,0.6809102
1,1,0.7217097
1,1,0.77224845
1,1,0.82426596
1,1,0.89634484
1,1,0.9711719
1,1,0.9853448
1,1,0.98472935
1,1,0.9797997
1,1,0.9765647
1,1,0.98960936
1,1,0.99455655
1,1,0.9915673
1,1,0.9865204
1,1,0.98674196
1,1,0.9845142
1,1,0.9936516
1,1,0.99099535
1,1,0.9878544
1,1,0.97750366
1,1,0.9611098
1,1,0.9334231
1,1,0.9347997
1,1,0.9725475
1,1,0.97964466
1,1,0.97979075
1,1,0.9779926
1,1,0.9590991
1,1,0.90208465
1,1,0.9497475
1,1,0.96775997
1,1,0.97355837
1,1,0.9840969
1,1,0.9764539
1,1,0.97724736
1,1,0.96991706
1,1,0.9436034
1,1,0.96533304
1,1,0.97316587
1,1,0.9706636
1,1,0.9760345
1,1,0.9802741
0,1,0.7948126
0,0,0.47307298
0,0,0.14922738
0,0,0.01840043
0,0,0.02979882
0,0,0.024727535
0,0,0.021153605
0,0,0.016683834
0,0,0.012180459
0,0,0.0073267412
0,0,0.012185807
0,0,0.017926803
0,0,0.027638914
0,0,0.036767345
0,0,0.020580769
0,0,0.030582624
0,0,0.025729213
0,0,0.0224645
0,0,0.013802601
0,0,0.012051486
0,0,0.012461649
0,0,0.011059323
0,0,0.016848404
0,0,0.009579041
0,0,0.006398523
0,0,0.010353948
0,0,0.02204949
0,0,0.023638882
0,0,0.023802169
0,0,0.022959203
0,0,0.02436849
0,0,0.015555108
0,0,0.02018202
0,0,0.021632582
0,0,0.018725758
0,0,0.012472545
0,0,0.008773775
0,0,0.007097527
0,0,0.0037012412
0,0,0.002363858
0,0,0.0028471614
0,0,0.0037804474
0,0,0.008312405
0,0,0.020634474
0,0,0.038080815
0,0,0.02684475
0,0,0.01846033
0,0,0.008060596
0,0,0.012866541
0,0,0.009160074
0,0,0.011510027
0,0,0.023370354
0,0,0.009128363
0,0,0.008735539
0,0,0.012702127
0,0,0.0064070593
0,0,0.0044476027
0,0,0.0035392495
0,0,0.0064090146
0,0,0.020574493
0,0,0.031365328
0,0,0.04096058
0,0,0.03898731
0,0,0.026133958
0,0,0.036738116
0,0,0.038525973
0,0,0.048808943
0,0,0.028482888
1,0,0.010213296
1,0,0.004655397
1,0,0.00414676
1,0,0.0059411195
1,0,0.010458973
1,0,0.009228595
1,0,0.0070850817
1,0,0.0038175122
1,0,0.0027187194
1,0,0.0015050584
1,0,0.0011757376
1,0,0.0023859811
1,0,0.0028203027
1,0,0.0032252118
1,0,0.005994812
1,0,0.008736018
1,0,0.01052555
1,0,0.009959788
1,0,0.009473312
1,0,0.010752687
1,0,0.0070303557
1,0,0.004908768
1,0,0.0024197293
1,0,0.0011577847
1,0,0.0012213612
1,0,0.002256478
1,0,0.007764657
1,0,0.015509189
1,0,0.035765227
1,0,0.047727853
1,0,0.057369664
1,0,0.07463301
1,0,0.053413615
1,0,0.04468097
1,0,0.06020756
1,0,0.07893733
1,0,0.10907477
1,0,0.1262219
1,0,0.20146282
1,0,0.18410987
1,0,0.24208781
1,0,0.33985144
1,0,0.30497473
1,0,0.23625201
1,0,0.26303512
1,0,0.4027048
0,0,0.43343282
0,0,0.25913337
0,0,0.10468708
0,0,0.028877884
0,0,0.0048073498
0,0,0.0066137007
0,0,0.011456645
0,0,0.011760451
0,0,0.009833421
0,0,0.009474806
0,0,0.008629969
0,0,0.008399678
0,0,0.011528036
0,0,0.020259859
0,0,0.028701141
0,0,0.042593513
0,0,0.04971916
0,0,0.024779124
0,0,0.015486926
0,0,0.014591928
0,0,0.012755561
0,0,0.017434543
0,0,0.01865572
0,0,0.010395774
0,0,0.0023592184
0,0,0.0014489472
0,0,0.0008751729
0,0,0.0010373505
0,0,0.0031887947
0,0,0.015283667
0,0,0.027669307
0,0,0.050885383
0,0,0.07167182
0,0,0.11091911
0,0,0.08447995
0,0,0.06555969
0,0,0.047624268
0,0,0.033748467
0,0,0.0316639
0,0,0.024134066
0,0,0.016553402
0,0,0.01745239
0,0,0.032717828
0,0,0.04292647
0,0,0.025641218
0,0,0.022060176
0,0,0.01651383
0,0,0.011904715
0,0,0.035982586
0,0,0.18348302
0,0,0.21610476
0,0,0.16463332
0,0,0.16773325
0,0,0.10124561
0,0,0.052220047
0,0,0.041287087
0,0,0.0208522
0,0,0.013322761
0,0,0.025055183
0,0,0.061343346
0,0,0.090488456
0,0,0.07557929
0,0,0.05485006
0,0,0.043618873
0,0,0.042817473
0,0,0.048462097
0,0,0.048979178
0,0,0.05933682
0,0,0.082113065
0,0,0.08202094
0,0,0.08427261
0,0,0.08038665
0,0,0.07022977
0,0,0.044736918
0,0,0.046397828
0,0,0.06277645
0,0,0.05048655
0,0,0.029336117
0,0,0.03173543
0,0,0.052045707
0,0,0.06611493
0,0,0.06435392
0,0,0.067785844
0,0,0.07384814
0,0,0.069058806
0,0,0.06983813
0,0,0.082569025
0,0,0.08146233
0,0,0.049019147
0,0,0.03716491
0,0,0.034437675
0,0,0.05457378
0,0,0.10441236
0,0,0.1497676
1,1,0.6784828
1,1,0.68287086
1,1,0.5935154
1,0,0.4578459
1,0,0.39202538
1,0,0.42754635
1,0,0.42185557
1,0,0.38423255
1,0,0.34280556
1,0,0.32474595
1,0,0.34031048
1,0,0.34253174
1,0,0.29397193
1,0,0.29346386
1,0,0.32533208
1,0,0.36756426
1,0,0.34317496
1,0,0.2538521
1,0,0.23659293
1,0,0.2536096
1,0,0.2654608
1,0,0.30182782
1,0,0.26621273
1,0,0.18914323
1,0,0.15809397
1,0,0.14309515
1,0,0.1671572
1,0,0.26671246
1,0,0.3370359
1,0,0.37272066
1,0,0.41048643
1,0,0.3433497
1,0,0.39866632
1,1,0.5064344
1,0,0.48732835
1,0,0.47805533
1,0,0.42687634
1,0,0.43108514
1,0,0.42388344
1,0,0.3005818
1,0,0.26104414
1,0,0.23096584
1,0,0.23410502
1,0,0.28820404
1,0,0.30280945
1,0,0.27875564
1,0,0.3568186
1,1,0.5009295
1,0,0.4945457
1,0,0.48799583
1,1,0.5140059
1,1,0.5411163
1,1,0.5269729
1,0,0.43139493
1,0,0.32223365
1,0,0.23665573
1,0,0.20303191
1,0,0.1633554
1,0,0.21212684
1,0,0.24469586
1,0,0.2600646
1,0,0.20679216
1,0,0.16348252
1,0,0.19449507
1,0,0.19237806
1,0,0.2059346
1,0,0.18485515
1,0,0.21892758
1,0,0.29145372
0,0,0.44477084
0,0,0.40820226
0,0,0.44733724
0,1,0.53831273
0,1,0.5752132
0,1,0.58140427
0,1,0.51718825
0,0,0.2646287
0,0,0.17382264
0,0,0.18453911
0,0,0.19230695
0,0,0.23467146
0,0,0.31347504
0,1,0.50421417
0,1,0.56980735
0,0,0.4943609
0,1,0.5127877
0,0,0.47635558
0,0,0.4061182
0,0,0.41375688
0,0,0.40813455
0,0,0.40937287
0,0,0.43422526
1,1,0.631163
1,1,0.7036476
1,1,0.7133459
1,1,0.80183244
1,1,0.8405166
1,1,0.81490237
1,1,0.8085975
1,1,0.8000902
1,1,0.8254396
1,1,0.87162024
1,1,0.90296286
1,1,0.9158568
1,1,0.89574814
1,1,0.87924415
1,1,0.93188554
1,1,0.9368738
1,1,0.9191364
1,1,0.9052662
1,1,0.86701995
1,1,0.7960802
1,1,0.77658886
1,1,0.6709431
1,0,0.31280127
0,0,0.009506466
0,0,0.001599961
0,0,0.0004765241
0,0,0.00038432065
0,0,0.0008272818
0,0,0.00089017284
0,0,0.00096713984
0,0,0.0009420418
0,0,0.0012066144
0,0,0.0012821844
0,0,0.001231118
0,0,0.001776843
0,0,0.0024302353
0,0,0.0020210557
0,0,0.0021243345
0,0,0.00207191
0,0,0.0019786526
0,0,0.0020614336
0,0,0.0023233437
0,0,0.0023518114
0,0,0.002236796
0,0,0.0021888837
0,0,0.0022338182
0,0,0.0021731146
0,0,0.0023019712
0,0,0.0023303684
0,0,0.0021230166
0,0,0.002024495
0,0,0.0018493746
0,0,0.0015353786
0,0,0.0016442859
0,0,0.002728441
0,0,0.0044507664
0,0,0.0062845876
0,0,0.005557617
0,0,0.0043105558
0,0,0.00362884
0,0,0.003352693
0,0,0.0019070657
0,0,0.0013019181
0,0,0.0012030632
0,0,0.0007995863
0,0,0.0011322718
0,0,0.0028533824
0,0,0.004251017
0,0,0.004167004
0,0,0.0043091197
0,0,0.00691286
0,0,0.011202597
0,0,0.010377227
0,0,0.010486172
0,0,0.0100179585
0,0,0.010043484
0,0,0.009345947
0,0,0.006768132
0,0,0.005687592
0,0,0.0051025725
0,0,0.0057542417
0,0,0.006807087
0,0,0.20686378
0,1,0.61394763
0,1,0.544167
0,0,0.3780186
0,0,0.21458854
0,0,0.24233407
0,0,0.2367356
0,0,0.22488692
0,0,0.28103453
0,0,0.34814245
0,0,0.43906286
0,1,0.57129455
0,1,0.61864346
0,1,0.5287378
0,0,0.43342298
0,0,0.49383605
0,0,0.413963
0,0,0.2495467
0,0,0.185868
0,0,0.16485538
0,0,0.17893288
0,0,0.30375347
0,0,0.30638844
1,0,0.3869765
1,0,0.34871066
1,0,0.25188193
1,0,0.15739204
1,0,0.12261722
1,0,0.15627772
1,0,0.13701527
1,0,0.12173987
1,0,0.15187286
1,0,0.20528832
1,0,0.29656002
1,0,0.38713256
1,0,0.43949455
1,1,0.57342947
1,1,0.55826426
1,0,0.46378952
1,0,0.4628353
1,0,0.34629312
1,0,0.20548731
1,0,0.18696901
1,0,0.16442728
1,0,0.3109446
1,1,0.6100724
0,0,0.19503044
0,0,0.050229758
0,0,0.013429923
0,0,0.0029780269
0,0,0.004830363
0,0,0.0067229383
0,0,0.01172466
0,0,0.012801368
0,0,0.012512606
0,0,0.011555143
0,0,0.007898237
0,0,0.0059973756
0,0,0.0069646435
0,0,0.013105486
0,0,0.004270807
0,0,0.0019462032
0,0,0.0011513031
0,0,0.0007710331
0,0,0.001992597
0,0,0.016587548
0,0,0.018942531
0,0,0.022504369
0,0,0.017154569
0,0,0.01055755
0,0,0.009947147
0,0,0.006915356
0,0,0.0051748864
0,0,0.0055510667
0,0,0.0083806
0,0,0.009594778
0,0,0.005921897
0,0,0.0059271087
0,0,0.005502214
0,0,0.004937341
0,0,0.004282151
0,0,0.0034113212
0,0,0.0029542625
0,0,0.004684343
0,0,0.01591131
0,0,0.01866648
0,0,0.019076794
0,0,0.022237187
0,0,0.019414464
0,0,0.016490318
0,0,0.013716378
0,0,0.013521548
0,0,0.008921986
0,0,0.0061988686
0,0,0.002476096
0,0,0.0048327665
0,0,0.0077132476
0,0,0.009451143
0,0,0.022486126
0,0,0.03328103
0,0,0.02920409
0,0,0.018903669
0,0,0.014495949
0,0,0.012480759
0,0,0.0135256965
0,0,0.022198211
0,0,0.023386324
0,0,0.0023226875
0,0,0.0014998819
0,0,0.001111199
0,0,0.0014420535
0,0,0.015043533
0,0,0.08816167
0,0,0.06497463
0,0,0.02606345
0,0,0.01698336
0,0,0.019939903
0,0,0.018729106
0,0,0.019758876
0,0,0.026056759
0,0,0.022767622
0,0,0.023840489
0,0,0.03412624
0,0,0.03756095
0,0,0.033437815
0,0,0.031470053
0,0,0.04590905
0,0,0.05010786
0,0,0.069938056
0,0,0.0941912
0,0,0.10881909
0,0,0.13062523
0,0,0.12628193
0,0,0.1531567
0,0,0.12060097
0,0,0.10913975
0,0,0.081455916
0,0,0.07459606
0,0,0.08498527
0,0,0.09928857
0,0,0.103063315
0,0,0.085227735
0,0,0.068023816
0,0,0.08363777
0,0,0.11848188
0,0,0.14043407
0,0,0.18103036
0,0,0.18566683
0,0,0.16153327
0,0,0.15324417
0,0,0.17658094
0,0,0.1915642
0,0,0.19979423
0,0,0.18010929
0,0,0.15789267
0,0,0.13061976
0,0,0.12782545
0,0,0.127354
0,0,0.15203756
0,0,0.14712904
0,0,0.111459315
0,0,0.18290424
0,0,0.21491747
0,0,0.16580616
0,0,0.12426935
0,0,0.050746072
0,0,0.038298514
0,0,0.06300908
0,0,0.07090727
0,0,0.06121701
0,0,0.070182085
0,0,0.0995075
0,0,0.12136972
0,0,0.16195324
0,0,0.17786007
0,0,0.08574532
0,0,0.041117962
0,0,0.029321935
0,0,0.02373473
0,0,0.04002731
0,0,0.045221914
0,0,0.025799666
0,0,0.0175105
0,0,0.042218167
0,0,0.19059744
0,0,0.34967363
0,0,0.38092268
0,0,0.38736036
0,0,0.37322715
0,0,0.3602686
0,0,0.3594483
0,0,0.36541307
0,0,0.37576282
0,0,0.376024
0,0,0.37257066
0,0,0.3726817
0,0,0.34621796
0,0,0.35674062
0,0,0.3573274
0,0,0.34703958
0,0,0.36746776
0,0,0.3811426
0,0,0.3726098
0,0,0.3474834
0,0,0.277159
0,0,0.2866244
0,0,0.29107565
0,0,0.28469983
0,0,0.29320535
0,0,0.2971444
0,0,0.33793268
0,0,0.34192312
0,0,0.29508826
0,0,0.29558882
0,0,0.30307856
0,0,0.30444857
0,0,0.29811707
0,0,0.29398805
0,0,0.31705752
0,0,0.31750968
0,0,0.2993717
0,0,0.28590664
0,0,0.27316588
0,0,0.28129473
0,0,0.2991721
0,0,0.29771805
0,0,0.2658516
0,0,0.24702445
0,0,0.25740573
0,0,0.27525818
0,0,0.26231837
0,0,0.24715726
0,0,0.22427543
0,0,0.22686298
0,0,0.20507616
0,0,0.19088076
0,0,0.20647575
0,0,0.19421847
0,0,0.154162
0,0,0.15287186
0,0,0.20033637
0,0,0.15289825
0,0,0.06596762
0,0,0.03996525
0,0,0.060043447
0,0,0.11827656
0,0,0.08754997
0,0,0.03664207
0,0,0.020826884
0,0,0.03841125
0,0,0.096777916
0,0,0.08085311
0,0,0.023423979
0,0,0.011624921
1,0,0.017927466
1,0,0.04738384
1,0,0.10774207
1,0,0.1342605
1,0,0.22537594
1,0,0.2332035
1,0,0.21106203
1,0,0.15208608
1,0,0.11695116
1,0,0.23390253
1,0,0.3247275
1,0,0.3333084
1,0,0.31579152
1,0,0.3040767
1,0,0.29419664
1,0,0.28714538
1,0,0.26099864
1,0,0.26734102
1,0,0.31004608
1,0,0.3278446
1,0,0.31715268
1,0,0.322877
1,0,0.3061318
1,0,0.2985494
1,0,0.22687356
1,0,0.24008265
1,0,0.28534544
1,0,0.33789778
1,0,0.34685376
1,0,0.35262972
1,0,0.360726
1,0,0.37204638
1,0,0.3801214
1,0,0.37614512
1,0,0.36259878
1,0,0.35900372
1,0,0.35849398
1,0,0.3380142
1,0,0.32562694
1,0,0.29820046
1,0,0.2873144
1,0,0.3085002
1,0,0.3120365
1,0,0.34275466
1,0,0.36282572
1,0,0.37295353
1,0,0.28334385
1,0,0.21713753
1,0,0.4259238
1,0,0.49515268
1,1,0.583639
1,1,0.532422
1,0,0.38551125
1,0,0.3175248
1,0,0.3123608
1,0,0.29236528
1,0,0.29521754
1,0,0.3305834
1,0,0.3098743
1,0,0.29152325
1,0,0.34497073
1,0,0.3465485
1,0,0.34792158
1,0,0.35329604
1,0,0.35035697
1,0,0.35107893
1,0,0.38990098
1,0,0.43334615
1,0,0.4528541
1,0,0.39456493
1,0,0.35706565
1,0,0.37780896
1,0,0.37225205
1,0,0.37350452
1,0,0.37627158
1,0,0.37896448
1,0,0.3746981
1,0,0.3806523
1,0,0.3866329
1,0,0.39779276
1,0,0.4363207
1,0,0.44403687
1,0,0.41612878
1,0,0.39859623
1,0,0.3994717
1,0,0.39913723
1,0,0.395992
1,0,0.3945275
1,0,0.39441803
1,0,0.3980319
1,0,0.40208977
1,0,0.39976585
1,0,0.39398387
1,0,0.3963806
1,0,0.40662715
1,0,0.41799414
1,0,0.40328586
1,0,0.3696588
1,0,0.3598991
1,0,0.33359596
1,0,0.29175064
1,0,0.37771377
1,0,0.42257667
1,0,0.35565978
1,0,0.30651382
1,0,0.351881
1,0,0.33086124
1,0,0.33885503
1,0,0.3147017
1,0,0.4721796
1,1,0.57208216
1,0,0.4252428
1,0,0.4409419
1,0,0.4486311
1,0,0.47114277
0,0,0.4667805
0,0,0.38539904
0,0,0.35951814
0,0,0.3088387
0,0,0.32270783
0,0,0.33278912
0,0,0.36491215
0,0,0.37413114
0,0,0.357034
0,0,0.36618105
0,0,0.45207492
0,0,0.40082055
0,0,0.3867614
0,0,0.34208828
0,0,0.30250296
0,0,0.27928978
0,0,0.2758964
0,0,0.31815407
0,0,0.36368313
0,0,0.29664642
0,0,0.29387486
0,0,0.32437074
0,0,0.30991602
0,0,0.28475875
0,0,0.26180786
0,0,0.2751443
0,0,0.2716018
0,0,0.22601156
0,0,0.2178323
0,0,0.23874292
0,0,0.18207534
0,0,0.21498868
0,0,0.22435366
0,0,0.117316075
0,0,0.057234082
0,0,0.016970849
0,0,0.047971398
0,0,0.19124307
0,0,0.21114857
0,0,0.13148534
0,0,0.107340306
0,0,0.1497578
0,0,0.17266832
0,0,0.21305616
0,0,0.2464563
0,0,0.21863459
0,0,0.13203526
0,0,0.032136414
0,0,0.020414833
0,0,0.03408967
0,0,0.06470325
0,0,0.14233091
0,0,0.17717989
0,0,0.17342843
0,0,0.23384745
0,0,0.18319717
0,0,0.10354203
0,0,0.010674454
0,0,0.0036521326
0,0,0.01707948
0,0,0.16192995
0,0,0.34459084
0,0,0.37931082
0,0,0.41179687
0,0,0.40591222
0,0,0.40885517
0,1,0.5036307
0,1,0.50869113
0,0,0.41063318
0,0,0.32339284
0,0,0.3269225
0,0,0.34018242
0,0,0.4337248
0,1,0.52277195
0,1,0.5164181
0,1,0.5197901
0,0,0.41021392
0,0,0.4261368
0,0,0.4154623
0,0,0.39080077
0,0,0.36618683
0,0,0.41213378
1,0,0.40974972
1,0,0.3552481
1,0,0.31804177
1,0,0.35702673
1,0,0.35265255
1,0,0.36364368
1,0,0.3609632
1,0,0.37565267
1,0,0.38590634
1,0,0.37639323
1,0,0.36158714
1,0,0.37508786
1,0,0.38831574
1,0,0.39187062
1,0,0.37671322
1,0,0.40149263
1,0,0.39298525
1,0,0.3730984
1,0,0.37890542
1,0,0.39234865
1,0,0.37145007
1,0,0.3553404
1,0,0.4135584
1,0,0.42168745
1,0,0.38089642
1,0,0.32731658
1,0,0.22104697
1,0,0.05863449
1,0,0.029791767
1,0,0.033496894
1,0,0.043126334
1,0,0.06969862
1,0,0.08628288
1,0,0.061489284
1,0,0.059943132
1,0,0.11020418
1,0,0.18523511
1,0,0.1449807
1,0,0.015897108
1,0,0.002378925
1,0,0.002436356
1,0,0.0040045837
1,0,0.011195185
1,0,0.020568758
1,0,0.023162115
1,0,0.0623034
1,0,0.08519144
1,0,0.036564514
1,0,0.017473288
1,0,0.011633493
1,0,0.008287609
1,0,0.009601841
1,0,0.023175832
1,0,0.07003076
1,0,0.11920904
1,0,0.114324376
1,0,0.053361587
1,0,0.033304255
1,0,0.047027066
1,0,0.07818195
1,0,0.10599031
1,0,0.07156
1,0,0.015939236
1,0,0.0039905985
1,0,0.003671089
1,0,0.010838545
1,0,0.012716828
1,0,0.005424877
1,0,0.0039175674
1,0,0.0024975948
1,0,0.0017673502
1,0,0.0030644685
1,0,0.004351392
1,0,0.005837523
1,0,0.02167039
1,0,0.044711184
1,0,0.027472029
1,0,0.06423078
1,0,0.2014936
1,0,0.29028705
1,0,0.26810718
1,0,0.4548653
1,0,0.46118838
1,0,0.45760295
1,1,0.60126805
1,1,0.5154077
1,1,0.52984
1,0,0.48538592
1,1,0.65881807
1,1,0.6109706
1,0,0.44755796
1,0,0.40087682
1,0,0.3889917
1,0,0.3678499
1,0,0.34530377
1,0,0.34149694
1,0,0.3411598
1,0,0.3180179
1,0,0.30944073
1,0,0.35334495
1,0,0.3564184
1,0,0.37026277
1,0,0.38472852
1,0,0.35237503
1,0,0.29337144
1,0,0.33451483
1,0,0.34735912
1,0,0.35028505
1,0,0.36628363
1,0,0.38201946
1,0,0.38848683
1,0,0.38659567
1,0,0.35823146
1,0,0.31654894
1,0,0.33879817
1,0,0.3494247
1,0,0.35071096
1,0,0.34074223
1,0,0.27145928
1,0,0.30397952
1,0,0.32381663
1,0,0.3077935
1,0,0.2792239
1,0,0.25558946
1,0,0.2822326
1,0,0.33471826
1,0,0.30027103
1,0,0.296373
1,0,0.32161984
1,0,0.3274613
1,0,0.32388484
1,0,0.32993853
1,0,0.33064646
1,0,0.33637065
1,0,0.32295516
1,0,0.2544326
1,0,0.25025976
0,0,0.24894282
0,0,0.06272949
0,0,0.00081153493
0,0,0.00012411608
0,0,4.6924455e-05
0,0,6.3893815e-05
0,0,9.832276e-05
0,0,0.00013808228
0,0,0.00014159257
0,0,8.546198e-05
0,0,5.8547197e-05
0,0,5.6425622e-05
0,0,5.086484e-05
0,0,4.6437715e-05
0,0,3.7746435e-05
0,0,3.533104e-05
0,0,3.3478136e-05
0,0,2.9751543e-05
0,0,2.7946322e-05
0,0,2.8046868e-05
0,0,2.9649917e-05
0,0,3.1505697e-05
0,0,3.36334e-05
0,0,9.2833085e-05
0,0,0.00022000329
0,0,0.0003922356
0,0,0.0013562725
0,0,0.00026863418
0,0,0.00010422079
0,0,7.6460004e-05
0,0,6.993336e-05
0,0,7.61793e-05
0,0,9.229599e-05
0,0,6.985118e-05
0,0,7.147378e-05
0,0,9.914592e-05
0,0,0.00014068442
0,0,0.00011086916
0,0,4.4316173e-05
0,0,2.1596616e-05
0,0,1.9312896e-05
0,0,2.9641576e-05
0,0,6.1482744e-05
0,0,0.0001349925
0,0,0.00027863894
0,0,0.0003697787
0,0,0.00037525038
0,0,0.0002006312
0,0,8.5264015e-05
0,0,9.004894e-05
0,0,0.00010059546
0,0,9.961179e-05
0,0,9.498643e-05
0,0,0.0001164005
0,0,0.00012860143
0,0,0.00014407469
0,0,0.00017494788
0,0,0.00019276512
0,0,0.00022607238
0,0,0.00025602742
0,0,0.00019819575
0,0,0.00015638713
0,0,0.0001743306
0,0,0.00015309047
0,0,0.00012372316
0,0,0.00010537107
0,0,8.476358e-05
0,0,7.6399e-05
0,0,7.0991235e-05
0,0,6.962833e-05
0,0,6.555628e-05
0,0,5.7112877e-05
0,0,5.5830275e-05
0,0,6.511306e-05
0,0,7.455062e-05
0,0,6.87493e-05
0,0,5.2814354e-05
0,0,4.9749964e-05
0,0,4.7366404e-05
0,0,4.8569673e-05
0,0,5.3399996e-05
0,0,4.494432e-05
0,0,4.446951e-05
0,0,6.0072736e-05
0,0,8.318506e-05
0,0,0.00012902152
0,0,0.00015637044
0,0,0.00011522791
0,0,8.232003e-05
0,0,6.8307476e-05
0,0,5.1711355e-05
0,0,3.2853994e-05
0,0,2.3428938e-05
0,0,2.4423793e-05
1,0,0.011881073
1,0,0.32852447
1,1,0.88618964
1,1,0.8411233
1,1,0.64936477
1,1,0.7310621
1,1,0.85661983
1,1,0.90315396
1,1,0.80462044
1,1,0.628538
1,1,0.7109335
1,1,0.8082027
1,1,0.7420464
1,0,0.4333352
1,0,0.15768135
1,0,0.15144537
1,0,0.3503406
1,1,0.560619
1,1,0.55941993
1,0,0.4543935
1,1,0.5746083
1,1,0.757631
1,1,0.8928517
1,1,0.84717625
1,1,0.8956521
1,1,0.91370106
1,1,0.9054537
1,1,0.88512564
1,1,0.8837322
1,1,0.88603985
1,1,0.8944992
1,1,0.8815772
1,1,0.8778685
1,1,0.84260654
1,1,0.79312897
1,1,0.7978975
1,1,0.5731457
1,0,0.47977906
1,1,0.6990564
1,1,0.80458254
1,1,0.8519531
1,1,0.8993231
1,1,0.9092013
1,1,0.82354057
1,1,0.7716799
1,1,0.8464138
1,1,0.8157784
1,1,0.6717647
1,1,0.6574335
1,1,0.71165055
1,1,0.7553119
1,1,0.82922995
1,1,0.8344108
1,1,0.80689275
1,1,0.79101974
1,1,0.82310694
1,1,0.8372422
1,1,0.86142904
1,1,0.85182565
1,1,0.8271838
1,1,0.8722891
1,1,0.9005127
1,1,0.89529777
1,1,0.8800994
1,1,0.8353226
1,1,0.7056601
1,1,0.5961941
1,1,0.6412197
1,1,0.6247447
1,1,0.88042164
1,1,0.94061124
1,1,0.9562494
1,1,0.94817245
1,1,0.9278321
1,1,0.86544335
1,1,0.87449515
1,1,0.8554421
1,1,0.887406
1,1,0.9428911
1,1,0.94628656
1,1,0.93727654
1,1,0.9304596
1,1,0.8929884
1,1,0.86230284
1,1,0.8638403
1,1,0.8264012
1,1,0.77437896
1,1,0.7988021
1,1,0.7616848
1,1,0.77401394
1,1,0.85852575
1,1,0.9218262
1,1,0.86109966
1,1,0.8942154
1,1,0.8613647
1,1,0.72241074
1,1,0.7211157
1,1,0.6479864
1,0,0.49868023
1,0,0.47090155
1,1,0.5471976
1,1,0.5569996
1,0,0.47126347
1,0,0.46827924
1,1,0.50634027
1,0,0.43516135
1,0,0.46634233
1,1,0.6049191
1,1,0.6800829
1,1,0.676612
1,1,0.60844713
1,1,0.5003702
1,0,0.41108346
1,0,0.44316503
1,1,0.5360965
0,0,0.061577033
0,0,0.010291603
0,0,0.0007551192
0,0,2.9791803e-05
0,0,2.357547e-05
0,0,2.4387577e-05
0,0,2.517068e-05
0,0,3.2811728e-05
0,0,3.8099904e-05
0,0,3.279652e-05
0,0,2.8268158e-05
0,0,2.8073788e-05
0,0,2.531309e-05
0,0,2.1705615e-05
0,0,2.291717e-05
0,0,2.331951e-05
0,0,2.2563127e-05
0,0,2.204002e-05
0,0,2.3897835e-05
0,0,2.634965e-05
0,0,3.4266697e-05
0,0,4.2990796e-05
0,0,4.6044468e-05
0,0,4.5849392e-05
0,0,4.0608513e-05
0,0,3.6863003e-05
0,0,3.9364764e-05
0,0,4.296268e-05
0,0,3.877224e-05
0,0,3.517364e-05
0,0,3.2923752e-05
0,0,2.8237899e-05
0,0,2.2284956e-05
0,0,2.1458698e-05
0,0,2.175471e-05
0,0,2.3651251e-05
0,0,2.9235274e-05
0,0,4.26082e-05
0,0,6.265305e-05
0,0,6.93389e-05
0,0,7.546876e-05
0,0,7.288693e-05
0,0,6.379933e-05
0,0,5.086227e-05
0,0,3.6510242e-05
0,0,3.351698e-05
0,0,3.7655474e-05
0,0,3.8185757e-05
0,0,3.3656666e-05
0,0,2.8627946e-05
0,0,3.074638e-05
0,0,4.0686195e-05
0,0,4.9160168e-05
0,0,4.9115653e-05
0,0,4.3322805e-05
0,0,3.759731e-05
0,0,3.8570037e-05
0,0,5.0207458e-05
0,0,5.568421e-05
0,0,0.13706109
0,1,0.9471049
0,1,0.97187334
0,1,0.9626604
0,1,0.953434
0,1,0.9205291
0,1,0.8488067
0,1,0.78884387
0,1,0.78269506
0,1,0.8291705
0,1,0.82205594
0,1,0.82214195
0,1,0.7638687
0,1,0.6231128
0,1,0.552995
0,1,0.749177
0,1,0.8192176
0,1,0.86298865
0,1,0.9076027
0,1,0.84375876
0,1,0.8697742
0,1,0.9089082
0,1,0.91138667
1,1,0.877068
1,1,0.8992162
1,1,0.9130766
1,1,0.9318836
1,1,0.93153214
1,1,0.92583185
1,1,0.93905604
1,1,0.91103214
1,1,0.9039986
1,1,0.9018653
1,1,0.9063146
1,1,0.92805547
1,1,0.91691804
1,1,0.8441486
1,1,0.65719134
1,0,0.49036402
1,1,0.69786185
1,1,0.86285526
1,1,0.8742257
1,1,0.8975759
1,1,0.89623356
1,1,0.89028925
1,1,0.9105203
1,1,0.6155237
1,0,0.20930721
1,0,0.01834581
1,0,0.00035261182
1,0,0.0001213331
1,0,4.469744e-05
1,0,2.7604181e-05
1,0,2.1025884e-05
1,0,1.7379178e-05
1,0,1.7900978e-05
1,0,1.923201e-05
1,0,1.818993e-05
1,0,1.9925885e-05
1,0,1.9110339e-05
1,0,1.7599064e-05
1,0,2.2112297e-05
1,0,2.7517368e-05
1,0,2.8775778e-05
1,0,3.205833e-05
1,0,3.48414e-05
1,0,3.546549e-05
1,0,3.6750753e-05
1,0,3.8887625e-05
1,0,3.7913433e-05
1,0,3.3682412e-05
1,0,3.391005e-05
1,0,3.493389e-05
1,0,3.3414344e-05
1,0,3.160657e-05
1,0,3.3835884e-05
1,0,3.443366e-05
1,0,3.2948188e-05
1,0,2.810486e-05
1,0,2.3541348e-05
1,0,2.0144538e-05
1,0,1.8247614e-05
1,0,1.9407482e-05
1,0,1.968293e-05
1,0,1.9622805e-05
1,0,2.3697397e-05
1,0,2.7756148e-05
1,0,3.207203e-05
1,0,3.541527e-05
1,0,2.9978193e-05
1,0,2.5245488e-05
1,0,2.4355157e-05
1,0,3.0412655e-05
1,0,4.624614e-05
1,0,5.343128e-05
1,0,6.128578e-05
1,0,8.7936634e-05
1,0,0.0001494711
1,0,0.00023921975
1,0,0.000404125
1,0,0.0005004899
1,0,0.00024016727
1,0,0.00027409877
1,0,0.00048454854
1,0,0.00061665854
1,0,0.0010440163
1,0,0.0016296741
1,0,0.0014129061
1,0,0.0028265666
1,0,0.002232127
1,0,0.0009940804
1,0,0.00062175683
1,0,0.0005316564
1,0,0.0003501015
1,0,0.00026080562
1,0,0.00019029371
1,0,9.579051e-05
1,0,4.9271726e-05
1,0,3.065416e-05
1,0,2.2591803e-05
1,0,2.1620894e-05
1,0,2.503005e-05
1,0,2.547573e-05
1,0,2.4478684e-05
1,0,2.6244174e-05
1,0,3.0887855e-05
1,0,4.255748e-05
1,0,4.9803126e-05
1,0,5.044478e-05
1,0,5.3012758e-05
1,0,4.017832e-05
1,0,3.2235963e-05
1,0,2.8094839e-05
1,0,2.6497213e-05
1,0,3.867036e-05
1,0,6.8920686e-05
1,0,0.000120363045
1,0,0.00013480033
1,0,9.5136995e-05
1,0,8.3229104e-05
1,0,7.248298e-05
1,0,6.561489e-05
1,0,6.958067e-05
1,0,5.2731215e-05
1,0,3.126849e-05
1,0,2.438297e-05
1,0,2.1983116e-05
1,0,2.3628729e-05
1,0,3.2327636e-05
1,0,4.4141478e-05
1,0,4.456673e-05
1,0,3.6448146e-05
1,0,3.0493911e-05
1,0,3.1440955e-05
1,0,4.16487e-05
1,0,4.8598577e-05
1,0,4.655287e-05
1,0,4.1400883e-05
1,0,3.619964e-05
1,0,3.734564e-05
0,0,7.43093e-05
0,0,8.002876e-05
0,0,7.9810416e-05
0,0,0.00010353799
0,0,8.300836e-05
0,0,7.4196e-05
0,0,6.907144e-05
0,0,6.279943e-05
0,0,6.1652136e-05
0,0,6.404925e-05
0,0,6.009726e-05
0,0,4.623983e-05
0,0,4.0801908e-05
0,0,4.1290958e-05
0,0,4.6294237e-05
0,0,5.0816365e-05
0,0,5.6118402e-05
0,0,7.3647076e-05
0,0,9.34224e-05
0,0,0.00010082307
0,0,0.00013141595
0,0,0.00018290906
0,0,0.00015755431
0,0,0.00014598377
0,0,0.0001557156
0,0,0.00014302059
0,0,0.00019855454
0,0,0.00020564826
0,0,0.00013030713
0,0,9.1120644e-05
0,0,0.00011272888
0,0,0.00031713667
0,0,0.00034425402
0,0,0.000218833
0,0,0.0001546713
0,0,0.00023955162
0,0,0.00023111101
0,0,0.00014158891
0,0,0.00016044635
0,0,0.00026587083
0,0,0.0002467106
0,0,0.00012122394
0,0,9.334555e-05
0,0,0.0001236755
0,0,0.0001290156
0,0,8.565191e-05
0,0,0.000105725965
0,0,0.00023994524
0,0,0.0002108722
0,0,0.00012857006
0,0,0.000117205665
0,0,0.0001977795
0,0,0.0002515103
0,0,0.0001666806
0,0,0.00012971417
0,0,0.0001496953
0,0,0.00016083925
0,0,0.00013581796
0,0,0.00017470184
0,0,0.00025138995
0,0,0.00021071683
0,0,0.00012627179
0,0,9.273091e-05
0,0,0.0001330635
0,0,0.00018029012
0,0,0.0001011581
0,0,6.349185e-05
0,0,9.453065e-05
0,0,0.00021543074
0,0,0.00017271594
0,0,0.00015143765
0,0,0.0002002121
0,0,0.00018850407
0,0,9.2215574e-05
0,0,7.0158e-05
0,0,8.072472e-05
0,0,0.00010462196
0,0,6.905266e-05
0,0,7.289116e-05
0,0,7.6470285e-05
0,0,8.634209e-05
0,0,7.050884e-05
0,0,6.566039e-05
0,0,8.29248e-05
0,0,7.416629e-05
0,0,5.1987154e-05
0,0,5.331065e-05
0,0,6.462455e-05
0,0,6.0067006e-05
0,0,4.955989e-05
0,0,5.9855895e-05
0,0,9.831592e-05
0,0,0.00010164504
0,0,6.0550326e-05
1,0,0.0020548953
1,1,0.6089003
1,1,0.9169745
1,1,0.9191641
1,1,0.9356557
1,1,0.9207967
1,1,0.7850189
1,1,0.6432832
1,0,0.29590604
1,0,0.19840233
1,0,0.28228205
1,0,0.2740889
1,0,0.4074992
1,1,0.5140397
1,0,0.42304048
1,0,0.4060384
1,0,0.40888909
1,0,0.39246106
1,1,0.6927154
1,1,0.7891285
1,1,0.7993652
1,1,0.81872046
1,1,0.661559
1,0,0.39839637
1,0,0.4870617
1,1,0.7394445
1,1,0.89601594
1,1,0.9159685
1,1,0.76164424
1,1,0.60429275
1,0,0.20067626
1,0,0.09077326
1,0,0.31029713
1,0,0.40662155
1,0,0.2597307
1,0,0.21115954
1,0,0.14943016
1,0,0.11070831
1,0,0.10475597
1,0,0.17684671
1,0,0.3725301
1,0,0.30927998
1,0,0.47574094
1,1,0.7197092
1,1,0.72844464
1,1,0.50174445
1,1,0.68646455
1,1,0.77222747
1,1,0.7415105
1,1,0.5192169
1,0,0.35099962
1,0,0.3092522
1,0,0.29440168
1,0,0.25438118
1,0,0.18951258
1,0,0.1666342
1,0,0.21591614
1,0,0.27773422
1,0,0.23520872
1,0,0.23562491
1,0,0.25107726
1,0,0.16959351
1,0,0.17243116
1,0,0.1700427
1,0,0.1520072
1,0,0.18130471
1,0,0.17713523
1,0,0.1660347
1,0,0.11628359
1,0,0.16336331
1,0,0.48767185
1,1,0.5370802
1,1,0.76839316
1,1,0.87352765
1,1,0.8416626
1,1,0.85585815
1,1,0.93031144
1,1,0.9238608
1,1,0.8472589
1,1,0.83599645
1,1,0.8694635
1,1,0.8844093
1,1,0.8446415
1,1,0.72471404
1,1,0.65649164
1,1,0.70671165
1,1,0.6047488
1,0,0.4761146
1,1,0.51623416
1,1,0.5125172
1,1,0.6412855
1,1,0.7184501
1,1,0.8801246
1,1,0.9136436
1,1,0.9443823
1,1,0.96373016
1,1,0.95334136
1,1,0.80157477
1,0,0.36587894
1,0,0.301598
1,0,0.3868556
1,1,0.5267803
1,1,0.82215786
1,1,0.6561401
1,1,0.5285888
1,1,0.5163766
1,1,0.5894937
1,1,0.82199824
1,1,0.6593731
1,0,0.4123276
1,0,0.25448984
1,0,0.15305845
1,0,0.30548006
1,1,0.5901306
1,1,0.56618696
1,0,0.03957699
1,0,0.0062282835
1,0,0.0008302401
1,0,0.00023789915
1,0,0.0003722434
1,0,0.00028748353
1,0,0.00027606657
1,0,0.0003749325
1,0,0.00035853163
1,0,0.00031542638
1,0,0.0002754251
1,0,0.00026616635
1,0,0.0005230777
1,0,0.00069535576
1,0,0.0006238677
1,0,0.000479144
1,0,0.0004335612
1,0,0.0004585762
1,0,0.0004962151
1,0,0.00056153926
1,0,0.0005103217
1,0,0.00047102576
1,0,0.0004996572
1,0,0.00040162308
1,0,0.0003494381
1,0,0.0004348746
1,0,0.00067308795
1,0,0.00070433045
1,0,0.0007785596
1,0,0.0006114551
1,0,0.0005579878
1,0,0.00066944835
1,0,0.00058231194
1,0,0.000356775
1,0,0.0002858151
1,0,0.0003337796
1,0,0.00050939224
1,0,0.00046477557
1,0,0.0005008653
1,0,0.0005739786
1,0,0.0005591791
1,0,0.00063130335
1,0,0.0006369144
1,0,0.00056711916
1,0,0.00048675813
1,0,0.00045001562
1,0,0.00044507542
1,0,0.00035743276
1,0,0.00025031896
1,0,0.00024077967
1,0,0.0002669893
1,0,0.0003525688
1,0,0.00046761235
1,0,0.00044080542
1,0,0.00041540785
1,0,0.00045669058
1,0,0.00045959302
1,0,0.00042035853
1,0,0.0004196089
1,0,0.020109883
1,1,0.826514
1,1,0.899919
1,1,0.85940075
1,1,0.89109606
1,1,0.87139773
1,1,0.8421017
1,1,0.8437815
1,1,0.6914572
1,0,0.49726337
1,1,0.52491486
1,1,0.6210975
1,1,0.7717429
1,1,0.7387566
1,0,0.49897704
1,0,0.44013247
1,0,0.4467938
1,1,0.59251153
1,1,0.59716004
1,1,0.50722426
1,0,0.393457
1,0,0.26299697
1,0,0.39119887
0,1,0.73834985
0,1,0.8055734
0,1,0.6163594
0,1,0.5771138
0,0,0.41563624
0,1,0.62517774
0,1,0.8622097
0,1,0.87074107
0,1,0.8250725
0,1,0.8520965
0,1,0.8170175
0,1,0.607594
0,1,0.56661123
0,1,0.68095654
0,1,0.7095275
0,1,0.77683043
0,1,0.851023
0,1,0.8223538
0,1,0.8450974
0,1,0.92677975
0,1,0.91506416
0,1,0.80901283
0,1,0.7226877
0,0,0.0581651
0,0,0.0035634367
0,0,0.0005693967
0,0,0.00019151182
0,0,0.0002504765
0,0,0.0002887997
0,0,0.00033360303
0,0,0.00049716677
0,0,0.00073213456
0,0,0.00078807404
0,0,0.0005721044
0,0,0.00033565704
0,0,0.0003024753
0,0,0.0003648571
0,0,0.00038452898
0,0,0.00032594695
0,0,0.00027343034
0,0,0.00024763413
0,0,0.00022173858
0,0,0.00023540546
0,0,0.0002380521
0,0,0.0002506031
0,0,0.00034752532
0,0,0.00042256626
0,0,0.00042096505
0,0,0.0005031619
0,0,0.000740687
0,0,0.00092414126
0,0,0.00093541713
0,0,0.0009300502
0,0,0.0008798283
0,0,0.00067351136
0,0,0.00051973126
0,0,0.0005371568
0,0,0.0005947998
0,0,0.00064087287
0,0,0.0006071381
0,0,0.00053167663
0,0,0.00056800956
0,0,0.0006218433
0,0,0.00071685103
0,0,0.00078186777
0,0,0.0007914965
0,0,0.00078952103
0,0,0.00090557034
0,0,0.0010221301
0,0,0.0010061701
0,0,0.00094781816
0,0,0.00084059214
0,0,0.0006798944
0,0,0.00067763776
0,0,0.00084209495
0,0,0.0010803569
0,0,0.0011144939
0,0,0.0007494614
0,0,0.0004741548
0,0,0.00037360346
0,0,0.00031003298
0,0,0.0003108804
0,0,0.00035372848
0,0,0.00038302862
0,0,0.00044436514
0,0,0.0004891024
0,0,0.00048129316
0,0,0.00046831806
0,0,0.0005257632
0,0,0.0005855835
0,0,0.00051840476
0,0,0.0004738101
0,0,0.00032520664
0,0,0.00029599463
0,0,0.00044725722
0,0,0.0005462484
0,0,0.0006338001
0,0,0.00071185763
0,0,0.00071894255
0,0,0.0007469894
0,0,0.00067515986
0,0,0.00072465313
0,0,0.0007507389
0,0,0.00076273753
0,0,0.00076967693
0,0,0.0007951876
0,0,0.0008798983
0,0,0.0008751574
0,0,0.000967608
0,0,0.0009608732
0,0,0.00090539956
0,0,0.0008224181
0,0,0.0006462202
0,0,0.00053026254
0,0,0.00053520116
0,0,0.00049365626
0,0,0.00044145423
0,0,0.0004806485
0,0,0.000569887
0,0,0.0008497273
0,0,0.0013817074
0,0,0.0017168556
0,0,0.0016874791
0,0,0.001376943
0,0,0.0012122276
0,0,0.0012269622
0,0,0.0011906242
0,0,0.0011049707
0,0,0.0011959587
0,0,0.001362091
0,0,0.001375314
0,0,0.0013285512
0,0,0.001533574
0,0,0.0017167461
0,0,0.0017023003
0,0,0.0016678108
0,0,0.0017771933
