Actual,Predicted,Probability
0,0,0.19944537
0,0,0.093661584
0,0,0.14754292
0,0,0.12382054
0,0,0.12100183
0,0,0.33966443
0,0,0.20651533
0,0,0.3841462
0,0,0.31958523
0,0,0.14005958
0,0,0.35574073
0,0,0.079535924
0,0,0.21120232
0,0,0.15042843
0,0,0.037192233
0,0,0.050872155
0,0,0.007514951
0,0,0.021047698
0,0,0.009045762
0,0,0.016054159
0,0,0.039473377
0,0,0.14714183
0,0,0.04928437
0,0,0.042913463
0,0,0.16664216
0,0,0.008074348
0,0,0.005921055
0,0,0.0074461065
0,0,0.021242261
0,0,0.017438734
0,0,0.09570027
0,0,0.0742137
0,0,0.060127825
0,0,0.023081118
0,0,0.07886505
0,0,0.0044999067
0,0,0.020392997
0,0,0.016622553
0,0,0.011527117
0,0,0.004751401
0,0,0.007493589
0,0,0.002814981
0,0,0.0016695918
0,0,0.0019789774
0,0,0.006163367
0,0,0.0017854213
1,1,0.8602519
1,0,0.14979278
1,0,0.47658294
1,0,0.093282126
1,0,0.099513024
1,0,0.2762208
1,0,0.4927535
1,1,0.7492676
1,1,0.6797688
1,1,0.751064
1,1,0.6122047
0,0,0.39399278
0,1,0.6965485
0,1,0.51739764
0,0,0.3779543
0,0,0.44444954
0,1,0.6899686
0,1,0.52017957
0,1,0.91518146
0,1,0.7797224
0,1,0.91234666
0,1,0.5568123
1,1,0.9488399
1,1,0.9319235
1,1,0.98682284
1,1,0.9762265
1,1,0.9862795
1,1,0.9923805
1,1,0.9707636
1,1,0.99022734
1,1,0.95998234
1,1,0.9044136
1,1,0.9420421
0,1,0.97023153
0,1,0.99242944
0,1,0.9467119
0,1,0.98183227
0,1,0.6967576
0,1,0.8669748
0,1,0.72447956
0,0,0.4552496
0,1,0.70330375
0,1,0.55705345
0,1,0.6661534
1,1,0.9793584
1,1,0.98606145
1,1,0.9894762
1,1,0.9905854
1,1,0.9901267
1,1,0.9111897
1,1,0.96677244
1,1,0.9703537
1,1,0.9955758
1,1,0.98783755
1,1,0.99109614
0,0,0.09997644
0,0,0.13431671
0,0,0.041648638
0,0,0.025596973
0,0,0.032330383
0,0,0.014039013
0,0,0.008529333
0,0,0.045345407
0,0,0.023830708
0,0,0.019516492
0,0,0.037354067
0,0,0.024264066
0,0,0.017677687
0,0,0.0021669671
0,0,0.004364209
0,0,0.018804612
0,0,0.012385196
0,0,0.010823267
0,0,0.0058865743
0,0,0.09597037
0,0,0.027524177
0,0,0.051217526
0,0,0.03290591
0,0,0.02886106
0,0,0.028956989
0,0,0.008914248
0,0,0.046560038
0,0,0.07998337
0,0,0.021150045
1,1,0.9852952
1,1,0.9870046
1,1,0.91912365
1,1,0.96676016
1,1,0.9597705
1,1,0.9073686
1,1,0.9253354
1,1,0.93180126
1,1,0.7466326
1,1,0.7172352
1,1,0.7746472
0,1,0.61264384
0,1,0.9306767
0,1,0.8823419
0,1,0.8401565
0,1,0.87768173
0,1,0.91895306
0,1,0.9855812
0,1,0.9116662
0,1,0.7853825
0,1,0.6999496
0,1,0.8500617
0,0,0.009570978
0,0,0.25639755
0,0,0.13535649
0,0,0.037015695
0,0,0.075030915
0,0,0.02007489
0,0,0.0559227
0,0,0.028970715
0,0,0.004121147
0,0,0.0017787166
0,0,0.0010287267
0,0,0.002027305
0,0,0.001112113
0,0,0.00505511
0,0,0.0071827895
0,0,0.0039823567
0,0,0.010928546
0,0,0.0032085686
0,0,0.010421705
0,0,0.27265424
0,0,0.2542573
0,0,0.17835164
0,0,0.28957266
0,0,0.22082224
0,0,0.4254067
0,0,0.3098077
0,0,0.44409406
0,0,0.23118798
0,0,0.12323285
0,0,0.19372638
0,0,0.21064097
0,1,0.85202646
0,1,0.5940583
0,1,0.6793941
0,0,0.21705365
0,0,0.045321736
0,1,0.78136754
0,1,0.5103969
0,1,0.5333316
0,1,0.5806491
0,1,0.7975519
0,1,0.74706
0,1,0.5026758
0,1,0.6766845
0,1,0.5704266
0,1,0.603822
0,1,0.71023905
0,1,0.7898566
0,0,0.49448162
0,0,0.42947882
0,0,0.46922454
0,0,0.4881323
0,0,0.4542605
0,1,0.50891995
0,1,0.6530957
0,0,0.029060625
0,0,0.04854486
0,0,0.009376419
0,0,0.014480147
0,0,0.01996798
0,0,0.052390173
0,0,0.07479858
0,0,0.01609924
0,0,0.016579045
0,0,0.04964912
0,0,0.04146701
0,0,0.0027549432
0,0,0.045002874
0,0,0.074368164
0,0,0.011424622
0,0,0.03743428
0,0,0.041803494
0,0,0.065801464
0,0,0.00811114
0,0,0.002838563
0,0,0.0169816
0,0,0.0076433937
0,0,0.018081956
0,0,0.002210285
0,0,0.002633124
0,0,0.0035382677
0,0,0.03498488
0,0,0.057233196
0,0,0.073976226
0,0,0.004326964
0,0,0.0069812243
0,0,0.0024073045
0,0,0.002782994
0,0,0.002629231
0,0,0.0027535548
0,0,0.013263168
0,0,0.006262049
0,0,0.0028445947
0,0,0.005560562
0,0,0.008621382
0,0,0.011969418
0,0,0.007166845
0,0,0.0062317466
0,0,0.0016618986
0,0,0.025723284
0,0,0.010210168
1,1,0.92560863
1,1,0.6660121
1,1,0.65266955
1,1,0.86307967
1,1,0.7391843
1,0,0.25748038
1,0,0.08477394
1,0,0.107442945
1,0,0.33446574
1,1,0.61527455
1,1,0.8057621
1,1,0.8730758
1,1,0.9376283
1,1,0.8331843
1,1,0.8551781
1,1,0.93372554
1,0,0.36437577
1,0,0.25100648
1,0,0.14202052
1,0,0.07342121
1,0,0.35185066
1,0,0.35504737
1,1,0.8983549
1,1,0.995804
1,1,0.63259363
1,1,0.6483077
1,1,0.9438475
1,1,0.9020958
1,1,0.8305231
1,1,0.95089096
1,1,0.85641825
1,1,0.79661745
1,1,0.8836424
1,1,0.68541294
1,1,0.9404697
1,1,0.89839166
1,1,0.9594821
1,1,0.9594437
1,1,0.9519075
1,1,0.865592
1,1,0.8289936
1,1,0.94547844
1,1,0.9227333
1,1,0.9191291
1,1,0.9415016
1,1,0.87633747
1,1,0.66010624
1,1,0.8108283
1,1,0.79520786
1,1,0.51046044
1,1,0.580524
1,1,0.90621984
1,1,0.9075607
1,1,0.93204343
1,1,0.8883972
0,0,0.16880715
0,0,0.1790128
0,0,0.030745838
0,0,0.056658946
0,0,0.022889713
0,0,0.019795455
0,0,0.013981574
0,0,0.009257787
0,0,0.01092868
0,0,0.00763798
0,0,0.0022984277
0,0,0.0058701313
0,0,0.004565665
0,0,0.0026916307
0,0,0.0070442837
0,0,0.004610408
0,0,0.009695828
0,0,0.0022762788
0,0,0.00074254326
0,0,0.0013895379
0,0,0.00068726175
0,0,0.0005460443
0,0,0.0011577433
0,0,0.0003416919
0,0,0.0019346338
0,0,0.0007085381
0,0,0.0022181578
0,0,0.0012981441
0,0,0.00074380956
1,0,0.38855907
1,1,0.8332077
1,0,0.3730338
1,0,0.2981386
1,1,0.5448114
1,1,0.74925435
1,1,0.7211604
1,0,0.29942334
1,0,0.31158045
1,0,0.3069589
1,0,0.088441044
1,1,0.8938441
1,1,0.94308585
1,1,0.9249072
1,1,0.9426381
1,1,0.821392
1,1,0.8055615
1,1,0.8477318
1,1,0.9299944
1,1,0.9587674
1,1,0.9831661
1,1,0.9770025
1,0,0.07595649
1,0,0.061321884
1,0,0.19715606
1,0,0.047231384
1,0,0.007211201
1,0,0.017943569
1,0,0.0087157665
1,0,0.008824958
1,0,0.07521996
1,0,0.047172714
1,0,0.24863215
1,1,0.52987385
1,1,0.53570837
1,0,0.09599114
1,0,0.030603642
1,1,0.5099909
1,0,0.12634519
1,0,0.15927929
1,0,0.05536036
1,0,0.052658036
1,0,0.08403833
1,0,0.06822002
1,0,0.07957393
1,0,0.10288717
1,0,0.13262303
1,0,0.19430353
1,0,0.020605799
1,0,0.08921798
1,0,0.117002234
1,0,0.041781925
1,0,0.03805827
1,0,0.022592112
1,0,0.02192588
1,0,0.12930506
1,0,0.13892867
1,0,0.1508887
1,1,0.59376955
1,0,0.16878311
1,0,0.082705066
1,0,0.055437244
1,0,0.16055442
1,0,0.10285231
1,0,0.09221666
1,0,0.06956975
1,0,0.17590137
1,0,0.14259422
1,0,0.07977359
1,0,0.30059418
1,0,0.077587605
1,0,0.114994906
1,0,0.07180283
1,0,0.07129881
1,0,0.019600065
1,0,0.35051125
1,0,0.031999018
0,1,0.8172075
0,1,0.755209
0,1,0.72525895
0,1,0.50222164
0,1,0.70069015
0,0,0.44778243
0,1,0.5545692
0,0,0.1307554
0,0,0.3604934
0,0,0.3034818
0,1,0.8181518
0,0,0.09006386
0,1,0.783058
0,1,0.6989346
0,1,0.64075494
0,0,0.49309087
0,0,0.10328889
0,0,0.25628906
0,0,0.19006728
0,0,0.4867368
0,0,0.3097989
0,0,0.1966107
0,1,0.9315154
0,1,0.6238401
0,0,0.24521267
0,0,0.08138312
0,1,0.7709156
0,1,0.9101478
0,1,0.67808384
0,0,0.379956
0,0,0.3948973
0,0,0.33962232
0,0,0.3102032
0,0,0.38747066
0,0,0.40431437
0,0,0.11958951
0,0,0.19094065
0,0,0.37000924
0,0,0.22323997
0,1,0.63779765
0,0,0.23049901
0,0,0.11962083
0,0,0.1050143
0,0,0.13863148
0,0,0.108801536
0,0,0.017665775
0,1,0.52408
0,0,0.36938846
0,0,0.40991864
0,1,0.548918
0,1,0.5321775
0,1,0.80982906
0,1,0.8282627
0,1,0.87034076
0,1,0.854232
0,1,0.8413949
0,1,0.9257686
1,0,0.40709487
1,1,0.72684395
1,0,0.107560866
1,0,0.2778445
1,1,0.8587215
1,1,0.9169488
1,1,0.85037
1,1,0.8877819
1,1,0.82301474
1,1,0.5507271
1,1,0.7101428
1,0,0.10865324
1,0,0.45769447
1,1,0.5651152
1,0,0.116348065
1,0,0.30810678
1,0,0.21227334
1,0,0.30194753
1,0,0.4751585
1,1,0.6851853
1,1,0.7129301
1,1,0.6494157
0,1,0.78519267
0,1,0.6983751
0,1,0.7534419
0,1,0.63809747
0,0,0.31338927
0,0,0.48419586
0,1,0.84418416
0,1,0.8601103
0,1,0.62677795
0,1,0.96969604
0,0,0.28759328
1,1,0.5889524
1,0,0.2854825
1,0,0.3611159
1,0,0.3543431
1,0,0.35299003
1,1,0.7328575
1,1,0.9151452
1,1,0.71671206
1,1,0.81127936
1,1,0.73529893
1,1,0.6778391
0,0,0.012896535
0,0,0.022798771
0,0,0.0073639224
0,0,0.0042164186
0,0,0.0049714195
0,0,0.044199213
0,0,0.076897554
0,0,0.041834243
0,0,0.008543006
0,0,0.001317988
0,0,0.04416986
0,0,0.0740038
0,0,0.12636675
0,0,0.20892902
0,0,0.14486274
0,0,0.06000533
0,0,0.04498597
0,0,0.0043484806
0,0,0.014422888
0,0,0.08177239
0,0,0.43591425
0,0,0.19705786
0,0,0.06686193
0,0,0.05516702
0,0,0.08904184
0,0,0.039419293
0,0,0.11097308
0,0,0.15338224
0,0,0.04984694
1,1,0.5794606
1,1,0.8277304
1,1,0.6637922
1,0,0.3931235
1,1,0.91834867
1,0,0.49336708
1,1,0.75095665
1,1,0.6718377
1,0,0.45157787
1,1,0.85543835
1,1,0.82863027
1,1,0.76031065
1,1,0.67306155
1,1,0.95609313
1,1,0.8572139
1,1,0.84304786
1,1,0.95202076
1,1,0.9401749
1,1,0.9848889
1,1,0.79503495
1,1,0.82297194
1,1,0.59968084
0,0,0.48942
0,1,0.58807826
0,1,0.5024235
0,1,0.9334462
0,1,0.7670757
0,1,0.9492988
0,1,0.6976837
0,0,0.27193964
0,1,0.7760115
0,1,0.57167244
0,0,0.19013974
0,0,0.11716946
0,0,0.3836828
0,1,0.89670336
0,1,0.59323657
0,1,0.6356579
0,0,0.34029025
0,0,0.27237055
0,0,0.11805846
0,0,0.24255681
0,0,0.18569928
0,0,0.22689742
0,0,0.2756792
0,1,0.80604494
0,0,0.042344715
0,0,0.02500493
0,0,0.12695448
0,0,0.006353577
0,0,0.2842154
0,0,0.35189587
0,0,0.04776212
0,0,0.44394726
0,0,0.20350635
0,0,0.08356605
0,0,0.35262462
0,0,0.1275341
0,0,0.05944456
0,0,0.044447202
0,0,0.41502813
0,0,0.25677708
0,0,0.016306493
0,0,0.013027692
0,0,0.02362259
0,0,0.05195961
0,0,0.15588267
0,0,0.41329578
0,1,0.5130947
0,1,0.8003608
0,0,0.47489887
0,0,0.053547885
0,0,0.08536554
0,0,0.07901613
0,0,0.14913554
0,0,0.3875701
0,0,0.08909176
0,0,0.052134518
0,0,0.023509726
0,0,0.027178528
0,0,0.34119722
0,0,0.18562624
0,1,0.68832666
0,0,0.42269292
0,0,0.42874384
0,0,0.1172682
0,0,0.10813104
0,0,0.24556763
0,0,0.15030433
0,0,0.060278445
0,0,0.2543632
0,0,0.15003979
0,0,0.05738199
0,0,0.07385383
0,0,0.06409507
0,0,0.082954764
0,0,0.0485762
0,0,0.1730867
0,0,0.1874253
0,0,0.05408001
0,0,0.020248568
0,1,0.9870244
0,1,0.98212516
0,1,0.9749669
0,1,0.97792566
0,1,0.99302965
0,1,0.9902118
0,1,0.99304175
0,1,0.9964896
0,1,0.99825746
0,1,0.99896705
0,1,0.9949831
1,1,0.99442226
1,1,0.9777917
1,1,0.9936172
1,1,0.98898983
1,1,0.9898164
1,1,0.99257237
1,1,0.9924771
1,1,0.974944
1,1,0.99629635
1,1,0.97031343
1,1,0.8799333
0,1,0.9845576
0,1,0.99180615
0,1,0.9903216
0,1,0.96775156
0,1,0.9719062
0,1,0.9586481
0,1,0.9063423
0,1,0.9649366
0,1,0.9232743
0,1,0.78916794
0,1,0.85876274
1,1,0.9918029
1,1,0.98272115
1,1,0.99669087
1,1,0.99342334
1,1,0.9846603
1,1,0.9928411
1,1,0.9764948
1,1,0.97145957
1,1,0.9879873
1,1,0.9820723
1,1,0.9801483
1,1,0.9903162
1,1,0.9835596
1,1,0.96014154
1,1,0.9699215
1,1,0.9935284
1,1,0.99600285
1,1,0.9779914
1,1,0.9861463
1,1,0.9862688
1,1,0.98688406
1,1,0.99075377
0,0,0.013960185
0,0,0.03414739
0,0,0.0024123956
0,0,0.005297772
0,0,0.041461892
0,0,0.015618154
0,0,0.026257597
0,0,0.023597134
0,0,0.012960659
0,0,0.014000362
0,0,0.0070916153
0,0,0.0075243106
0,0,0.0066713896
0,0,0.010327345
0,0,0.014368026
0,0,0.012569233
0,0,0.006418015
0,0,0.011972075
0,0,0.012405679
0,0,0.006447022
0,0,0.012763327
0,0,0.004633224
0,0,0.004838404
0,0,0.007555021
0,0,0.021689944
0,0,0.004648043
0,0,0.0056177448
0,0,0.0066948226
0,0,0.033582937
1,1,0.9841765
1,1,0.99646807
1,1,0.9910272
1,1,0.99249977
1,1,0.99689204
1,1,0.99830616
1,1,0.9918399
1,1,0.99359775
1,1,0.98645335
1,1,0.9813891
1,1,0.9990633
1,1,0.9964798
1,1,0.9576619
1,1,0.9539693
1,1,0.9974369
1,1,0.97707456
1,1,0.99365014
1,1,0.98988557
1,1,0.9969349
1,1,0.9946515
1,1,0.9828772
1,1,0.9936633
0,0,0.023398455
0,0,0.021208989
0,0,0.04596508
0,0,0.03727319
0,0,0.030461006
0,0,0.038115323
0,0,0.008506201
0,0,0.049059764
0,0,0.1185858
0,0,0.08209337
0,0,0.007056528
0,0,0.014037305
0,0,0.0135663785
0,0,0.01846296
0,0,0.019411182
0,0,0.024020309
0,0,0.017970694
0,0,0.018924046
0,0,0.009731872
0,0,0.006671766
0,0,0.016836466
0,0,0.010803186
0,0,0.013639062
0,0,0.049638025
0,0,0.08082724
0,0,0.09429677
0,0,0.043898452
0,0,0.045187633
0,0,0.15969585
0,0,0.08659423
0,0,0.027856177
0,0,0.09714648
0,0,0.09883815
0,0,0.20042498
0,0,0.26821235
0,0,0.056019213
0,0,0.13946062
0,0,0.23879398
0,0,0.20538068
0,0,0.19275415
0,0,0.17723255
0,1,0.5441521
0,0,0.496349
0,1,0.72000843
0,0,0.26107213
0,0,0.23156907
0,0,0.32540223
0,0,0.04862124
0,0,0.02137743
0,0,0.089503676
0,0,0.11555364
0,0,0.30337283
0,0,0.1748766
0,0,0.15668638
0,0,0.16808252
0,0,0.022538502
0,0,0.050260868
0,0,0.045488205
0,0,0.15094109
0,0,0.05004989
0,0,0.08164153
0,0,0.07930506
0,0,0.049537197
0,0,0.03260072
0,0,0.12205188
0,0,0.26589674
0,0,0.05603245
0,0,0.03615061
0,0,0.023480311
0,0,0.06393249
0,0,0.020361805
0,0,0.005455043
0,0,0.0034959686
0,0,0.010206039
0,0,0.012310737
0,0,0.016094951
0,0,0.0045073573
0,0,0.018318195
0,0,0.016680283
0,0,0.010799983
0,0,0.004818541
0,0,0.0062554325
0,0,0.010710509
0,0,0.0122262705
0,0,0.0075903228
0,0,0.0038555283
0,0,0.0023470034
0,0,0.041517425
0,0,0.030147739
0,0,0.01075732
0,0,0.040321674
0,0,0.03049415
0,0,0.054240704
0,0,0.0044638687
0,0,0.008817403
0,0,0.0047479817
0,0,0.0043033273
0,0,0.0042922064
0,0,0.009558691
0,0,0.009255368
0,0,0.0021323236
1,1,0.98166955
1,1,0.9676521
1,1,0.97909
1,1,0.99570256
1,1,0.99492174
1,1,0.92331207
1,1,0.9575395
1,1,0.9835122
1,1,0.9461648
1,1,0.87921554
1,1,0.9747581
1,1,0.9896181
1,1,0.9852632
1,1,0.98889726
1,1,0.90168285
1,1,0.5280254
1,1,0.8161179
1,1,0.82459074
1,1,0.9351494
1,1,0.97904724
1,1,0.9470082
1,1,0.9676019
1,1,0.9984347
1,1,0.9943394
1,1,0.9965339
1,1,0.9885544
1,1,0.97109264
1,1,0.97369134
1,1,0.9993013
1,1,0.9972356
1,1,0.94171596
1,1,0.98190755
1,1,0.99258465
1,1,0.99271095
1,1,0.99735343
1,1,0.9966487
1,1,0.9995751
1,1,0.9992514
1,1,0.9997918
1,1,0.99958307
1,1,0.9992494
1,1,0.9982957
1,1,0.99789315
1,1,0.9972711
1,1,0.94812566
1,1,0.98686486
1,1,0.9933861
1,1,0.99760497
1,1,0.9974921
1,1,0.9699627
1,1,0.9710636
1,1,0.9864879
1,1,0.9925413
1,1,0.98609746
1,1,0.9974637
1,1,0.5930786
1,0,0.43315277
1,1,0.5525025
1,1,0.915137
1,1,0.8863332
1,0,0.4306241
1,1,0.5338304
1,1,0.74153715
1,1,0.72896975
1,1,0.64828557
1,1,0.83824354
1,1,0.58982706
1,1,0.740226
1,1,0.8658071
1,1,0.7766092
1,1,0.8030756
1,0,0.48555145
1,1,0.6194095
1,0,0.2662143
1,1,0.7054417
1,1,0.7476321
1,1,0.90108573
1,1,0.837941
1,1,0.7034872
1,1,0.8193714
1,1,0.9382347
1,1,0.8176573
1,1,0.82927334
1,1,0.8820006
1,1,0.97844875
1,1,0.9956554
1,1,0.997068
1,1,0.73910415
1,1,0.64220405
1,1,0.63333845
1,1,0.8586265
1,1,0.9738833
1,1,0.9740815
1,1,0.8993473
1,1,0.8880745
1,1,0.97201693
1,1,0.9953245
1,1,0.977437
1,1,0.99535984
1,1,0.99439245
1,1,0.9979825
1,1,0.9995846
1,1,0.99946266
1,1,0.99928063
1,1,0.99929476
1,1,0.9988759
0,0,0.08849303
0,0,0.12637378
0,1,0.53426534
0,0,0.18616955
0,0,0.264143
0,0,0.30640936
0,1,0.5814166
0,0,0.09564963
0,0,0.052131657
0,0,0.15358591
0,0,0.10624985
0,0,0.026514014
0,0,0.037728004
0,0,0.02295217
0,0,0.03817921
0,0,0.042859893
0,0,0.295025
0,0,0.14361325
0,0,0.07954475
0,0,0.23269928
0,0,0.3121635
0,0,0.11148709
0,0,0.0032387527
0,0,0.023100488
0,0,0.04863534
0,0,0.0155009115
0,0,0.009750785
0,0,0.0021737348
0,0,0.0033292703
0,0,0.0031799795
0,0,0.010063436
0,0,0.046472058
0,0,0.024530023
1,0,0.13180897
1,0,0.20361307
1,1,0.5153855
1,0,0.49501622
1,0,0.42649487
1,1,0.53589046
1,0,0.24138604
1,0,0.30967143
1,0,0.17687641
1,0,0.14919297
1,0,0.24477689
1,0,0.074720256
1,0,0.14183801
1,0,0.17007846
1,0,0.097784385
1,0,0.16292794
1,0,0.0901644
1,0,0.04492886
1,0,0.029890807
1,0,0.059670724
1,0,0.05778528
1,0,0.031060673
0,0,0.02848764
0,0,0.023910923
0,0,0.017080098
0,0,0.043375436
0,0,0.10145498
0,0,0.045589376
0,0,0.014303164
0,0,0.032343436
0,0,0.047058295
0,0,0.014249675
0,0,0.058004558
0,0,0.14120142
0,0,0.027859246
0,0,0.012704334
0,0,0.013351919
0,0,0.02157127
0,0,0.059420157
0,1,0.6117479
0,0,0.056104448
0,0,0.011528606
0,0,0.138526
0,0,0.011386196
0,0,0.0024078705
0,0,0.015338801
0,0,0.01458726
0,0,0.021898858
0,0,0.025811618
0,0,0.0043235687
0,0,0.022966439
0,0,0.0013200551
0,0,0.0006781042
0,0,0.0008319138
0,0,0.00046731622
0,0,0.0040820716
0,0,0.004888049
0,0,0.0020601922
0,0,0.0038994076
0,0,0.019869257
0,0,0.006323149
0,0,0.013084146
0,0,0.0032646954
0,0,0.0041580065
0,0,0.02798937
0,0,0.0031770698
0,0,0.0023364772
0,0,0.005133965
1,1,0.8468129
1,1,0.6328793
1,1,0.8436788
1,1,0.5859259
1,1,0.7745601
1,1,0.9367422
1,1,0.76833755
1,1,0.62596697
1,1,0.8494384
1,1,0.7934649
1,1,0.7718461
1,0,0.21237163
1,1,0.90195113
1,1,0.84542614
1,1,0.833629
1,1,0.86581016
1,1,0.6371467
1,1,0.9598047
1,1,0.93334365
1,1,0.91501015
1,1,0.94614536
1,1,0.9459517
1,1,0.9367722
1,1,0.89007574
1,1,0.6606491
1,1,0.90407294
1,1,0.8784313
1,1,0.8626419
1,1,0.9190441
1,1,0.90214586
1,1,0.7252373
1,1,0.6584048
1,1,0.6019114
1,0,0.4627537
1,0,0.44838926
1,1,0.9324726
1,1,0.7839629
1,1,0.80006754
1,1,0.7242565
1,1,0.7540165
1,1,0.8845031
1,1,0.9715305
1,1,0.8669085
1,1,0.9463025
1,1,0.97113806
1,1,0.8689874
1,1,0.78452593
1,1,0.96515477
1,1,0.922294
1,1,0.9308249
1,1,0.81034505
1,1,0.8423573
1,1,0.892525
1,1,0.858035
1,1,0.9272867
0,1,0.6588992
0,0,0.18895127
0,0,0.08522522
0,0,0.21344396
0,0,0.04184042
0,0,0.21413976
0,0,0.008457183
0,0,0.08754432
0,0,0.15246816
0,0,0.20430766
0,0,0.012015527
0,0,0.013576115
0,0,0.0221217
0,0,0.045352787
0,0,0.034754205
0,1,0.5983714
0,1,0.7821779
0,1,0.8244976
0,0,0.35412925
0,0,0.2909422
0,0,0.07825513
0,0,0.048213307
0,0,0.07086133
0,0,0.10514212
0,0,0.09740913
0,0,0.20007342
0,0,0.1841511
0,0,0.026683988
0,0,0.022516944
1,1,0.8408504
1,1,0.9524845
1,1,0.97264194
1,1,0.9922097
1,1,0.9931371
1,1,0.97694576
1,1,0.95842135
1,1,0.99134773
1,1,0.98945016
1,1,0.9712199
1,1,0.9959121
1,1,0.91302866
1,1,0.9684889
1,1,0.97008204
1,1,0.976351
1,1,0.9949096
1,1,0.9704921
1,1,0.99159896
1,1,0.8998867
1,1,0.99185294
1,1,0.9944207
1,1,0.9803775
1,0,0.05778962
1,0,0.077884085
1,1,0.7837979
1,0,0.13536032
1,0,0.060088065
1,0,0.06703408
1,0,0.051277302
1,0,0.11498119
1,0,0.029375149
1,0,0.07985812
1,0,0.03135759
1,0,0.07340243
1,0,0.27810588
1,0,0.22247574
1,1,0.5329821
1,0,0.071490034
1,0,0.14542015
1,0,0.069328845
1,0,0.34872657
1,0,0.3147244
1,0,0.13876216
1,1,0.5500426
1,0,0.13745736
1,1,0.7328696
1,0,0.4756932
1,0,0.10017511
1,0,0.032800253
1,0,0.14498098
1,0,0.025419736
1,0,0.11862151
1,0,0.06886259
1,0,0.3399716
1,0,0.1637888
1,0,0.02608994
1,0,0.037384853
1,0,0.1359265
1,0,0.43628234
1,0,0.32109383
1,0,0.28748438
1,0,0.023392051
1,0,0.041424293
1,0,0.04795783
1,0,0.1690726
1,0,0.07527054
1,0,0.023192618
1,0,0.03060177
1,0,0.10304814
1,0,0.23397535
1,0,0.057908002
1,0,0.22395754
1,0,0.19039048
1,0,0.2593032
1,0,0.09303795
1,0,0.17772047
1,0,0.14411938
0,0,0.16038357
0,0,0.4098757
0,0,0.4421626
0,0,0.12139919
0,0,0.25158218
0,0,0.008946156
0,0,0.055214122
0,0,0.036800805
0,0,0.10732831
0,0,0.019654457
0,0,0.0746297
0,0,0.17533147
0,0,0.28291512
0,0,0.3131686
0,0,0.42431253
0,0,0.24698429
0,0,0.14057384
0,0,0.49679548
0,0,0.18829925
0,0,0.14459248
0,0,0.06735779
0,0,0.41188997
0,0,0.48627752
0,1,0.5139761
0,0,0.35769132
0,0,0.18857741
0,0,0.056444827
0,0,0.174073
0,0,0.28949064
0,1,0.5451524
0,0,0.08713757
0,0,0.05075298
0,0,0.0075754807
0,0,0.01639342
0,0,0.023247799
0,0,0.006179836
0,0,0.008356936
0,0,0.024334403
0,0,0.074637175
0,0,0.019289229
0,0,0.07185689
0,0,0.083979405
0,0,0.022974936
0,0,0.015422772
0,0,0.0051946314
0,0,0.010302299
0,0,0.07809241
0,1,0.592437
0,1,0.8258918
0,1,0.8078042
0,1,0.84308887
0,1,0.91541225
0,1,0.87464124
0,1,0.865695
0,0,0.47452986
0,0,0.44043222
0,0,0.15449053
0,0,0.3873042
0,0,0.2577928
0,0,0.4247787
0,0,0.40569416
0,1,0.7958424
0,1,0.8165387
0,1,0.61787796
0,1,0.51408255
0,1,0.54341376
0,1,0.837626
0,1,0.6535566
0,0,0.025649356
0,0,0.006139349
0,0,0.00548796
0,0,0.117728636
0,0,0.033236995
0,0,0.032364547
0,0,0.029523732
0,0,0.06938086
0,0,0.0027896822
0,0,0.0040367334
0,0,0.0087819975
0,1,0.9482675
0,1,0.7593782
0,0,0.47494513
0,1,0.9303101
0,1,0.9518507
0,1,0.516582
0,0,0.38668078
0,1,0.59290177
0,0,0.35579303
0,0,0.35532993
0,0,0.4389938
0,1,0.80493313
0,1,0.5374681
0,1,0.81176555
0,1,0.62776303
0,0,0.28644103
0,0,0.31212145
0,0,0.33633474
0,0,0.25353158
0,0,0.14694852
0,0,0.27371994
0,0,0.43189928
0,1,0.8201271
0,1,0.8921495
0,1,0.6245253
0,1,0.582433
0,0,0.4518213
0,0,0.3917179
0,1,0.505076
0,1,0.56303716
0,1,0.64438117
0,0,0.3873266
0,0,0.40943503
0,1,0.55409884
0,1,0.74535763
0,1,0.7171456
0,0,0.23783864
0,0,0.3288517
0,1,0.60360444
0,0,0.19941565
0,1,0.6788039
0,0,0.3007755
0,0,0.10585722
0,0,0.4531876
0,0,0.22333089
0,0,0.19766048
0,0,0.3016015
0,0,0.36505488
0,1,0.61647815
0,0,0.057999212
0,0,0.05985016
0,0,0.4151932
0,0,0.04961259
0,0,0.12000587
0,0,0.16559677
0,0,0.17453127
0,0,0.122332565
0,0,0.021439847
0,0,0.11165733
0,0,0.12963343
0,0,0.18480998
0,0,0.18527244
0,1,0.81763786
0,1,0.929401
0,1,0.7768277
0,1,0.7467949
0,0,0.270225
0,0,0.12665883
0,1,0.684153
0,1,0.7767551
0,1,0.60007286
0,1,0.7046145
0,1,0.98486644
0,0,0.12187473
0,0,0.27809754
0,0,0.15825686
0,0,0.06244339
0,0,0.07174076
0,0,0.14325958
0,0,0.10723618
0,0,0.1505499
0,1,0.7011351
0,0,0.14721179
0,0,0.37056953
0,0,0.103431076
0,0,0.07759381
0,0,0.053952333
0,0,0.21322878
0,0,0.35205367
0,0,0.29210886
0,0,0.31870705
0,0,0.06977809
0,0,0.26286566
0,1,0.5202455
0,0,0.02329916
0,0,0.009442501
0,0,0.05061572
0,0,0.07555997
0,0,0.03160282
0,0,0.010741965
0,0,0.0078448625
0,0,0.05403924
0,0,0.03832738
0,0,0.025813274
0,0,0.038499784
0,0,0.02093774
0,0,0.38845763
0,1,0.7611027
0,1,0.97296846
0,1,0.6248548
0,1,0.51269364
0,0,0.44804755
0,0,0.3698583
0,0,0.24383952
0,0,0.027965073
0,0,0.018794207
0,0,0.10081924
0,0,0.26418862
0,0,0.40547523
0,0,0.097043626
0,0,0.097193755
0,0,0.20838438
0,0,0.099200144
0,0,0.07908033
0,0,0.21279922
0,0,0.40957257
0,0,0.479428
0,0,0.14809403
0,1,0.62895215
0,0,0.34059405
0,0,0.1376101
0,0,0.08921003
0,0,0.32465965
0,0,0.22626142
0,0,0.19364856
0,0,0.3344485
0,0,0.12984858
0,0,0.15008962
0,0,0.33209276
0,0,0.17199461
0,0,0.24903463
0,0,0.111058705
0,0,0.12715022
0,0,0.09219716
0,0,0.1341763
0,0,0.14833318
0,0,0.06302755
0,0,0.12430893
0,0,0.3269397
0,0,0.17759867
0,0,0.09873592
0,0,0.0616265
0,0,0.34132937
0,0,0.2816223
0,0,0.26843044
0,0,0.24231222
0,0,0.17539662
0,0,0.17426874
0,0,0.3043452
0,0,0.1784634
0,0,0.24727277
0,0,0.11106913
0,0,0.06364517
0,0,0.19795075
0,0,0.040405825
0,0,0.24542242
0,0,0.21554625
0,0,0.19242068
0,0,0.050276224
0,0,0.27438796
0,0,0.27078694
0,1,0.50790495
0,0,0.42647305
0,0,0.21690975
1,1,0.99149245
1,1,0.9688533
1,1,0.92218137
1,1,0.9864503
1,1,0.9899249
1,1,0.97913456
1,1,0.9157742
1,1,0.98750407
1,1,0.98610526
1,1,0.99383014
1,1,0.99504745
1,1,0.9715666
1,1,0.8371734
1,1,0.89156497
1,1,0.98602366
1,1,0.95255274
1,1,0.9503618
1,1,0.99579215
1,1,0.9894015
1,1,0.9905105
1,1,0.9670192
1,1,0.856041
1,1,0.9652374
1,1,0.98602897
1,1,0.9947488
1,1,0.9938443
1,0,0.37897846
1,1,0.9201088
1,1,0.9990451
1,1,0.9996376
1,1,0.9990895
1,1,0.9930461
1,1,0.9752966
1,1,0.9729279
1,1,0.83706135
1,1,0.8856921
1,1,0.8907003
1,1,0.8326436
1,1,0.9165986
1,1,0.8531368
1,1,0.66061133
1,1,0.8140765
1,1,0.88047284
1,1,0.6398852
0,1,0.95851016
0,1,0.8843028
0,1,0.9764187
0,1,0.9924021
0,1,0.9835759
0,1,0.97379893
0,1,0.8728264
0,1,0.9688626
0,1,0.9979569
0,1,0.95618933
0,1,0.96277934
0,0,0.08652738
0,0,0.13303621
0,0,0.18174632
0,0,0.039430283
0,0,0.08942164
0,0,0.18686545
0,0,0.27575648
0,0,0.26185066
0,0,0.23212598
0,0,0.123667605
0,0,0.09083003
0,0,0.054125473
0,0,0.035090726
0,0,0.015448409
0,0,0.02224097
0,0,0.02471312
0,0,0.0446807
0,0,0.060630992
0,0,0.08678377
0,0,0.017842378
0,0,0.00994418
0,0,0.06066831
0,0,0.032412253
0,0,0.15325226
0,0,0.18153459
0,0,0.3944522
0,0,0.41514337
0,0,0.23256943
0,0,0.06719376
1,1,0.9988444
1,1,0.9780521
1,1,0.995169
1,1,0.9964929
1,1,0.97946966
1,1,0.98741376
1,1,0.9869832
1,1,0.99015945
1,1,0.99487275
1,1,0.9910759
1,1,0.99088544
1,1,0.8314664
1,1,0.9296883
1,1,0.9667831
1,1,0.95787317
1,1,0.9510198
1,1,0.81391
1,1,0.84417826
1,1,0.97288877
1,1,0.9875519
1,1,0.9383332
1,1,0.75486964
0,1,0.925851
0,1,0.9723031
0,1,0.9569657
0,1,0.6190992
0,1,0.8574682
0,1,0.9471527
0,1,0.86040074
0,1,0.9590611
0,1,0.8799848
0,1,0.91725594
0,1,0.74258167
0,1,0.71238226
0,1,0.9406357
0,1,0.6027437
0,0,0.34519273
0,0,0.20478752
0,0,0.4030877
0,1,0.55700254
0,1,0.9136183
0,1,0.79974645
0,1,0.90092576
0,1,0.96402496
0,1,0.96247447
0,1,0.842977
0,1,0.88012993
0,1,0.58746344
0,0,0.42936957
0,0,0.43322784
0,0,0.383221
0,0,0.2601676
0,0,0.43366727
0,0,0.20804188
0,1,0.6411483
0,1,0.7771496
0,0,0.45473522
0,0,0.080374345
0,0,0.2648652
0,1,0.96715707
0,1,0.73742706
0,1,0.6821567
0,1,0.5909038
0,1,0.84198534
0,1,0.66188496
0,1,0.70254123
0,0,0.4735444
0,1,0.8674852
0,1,0.90361214
0,1,0.89289314
0,1,0.6198342
0,0,0.33510792
0,1,0.82244575
0,1,0.92427427
0,1,0.97763807
0,1,0.9486227
0,1,0.58250207
0,0,0.19353552
0,0,0.0650473
0,0,0.083145164
0,0,0.08325268
0,0,0.026308743
0,0,0.014374625
0,0,0.009853554
0,0,0.11511239
0,0,0.056826927
0,0,0.02437396
0,0,0.06640433
0,0,0.29991066
0,0,0.44317847
0,0,0.07800229
0,0,0.10678503
0,0,0.044074208
0,0,0.0395423
0,0,0.037593354
0,0,0.01414158
0,0,0.006454894
0,0,0.014092801
0,0,0.009956873
0,0,0.041282546
0,0,0.1286192
0,0,0.08094552
0,0,0.036416233
0,0,0.0076091494
0,0,0.004459829
0,0,0.0026131484
0,0,0.005000517
0,0,0.0018335406
0,0,0.0009920818
0,0,0.0031002378
0,0,0.01219009
0,0,0.0070317173
0,0,0.005021541
0,0,0.004058655
0,0,0.0010718824
0,0,0.0021752901
0,0,0.0008545666
0,0,0.00095110195
0,0,0.013121025
0,0,0.027754873
0,0,0.0037347332
0,0,0.0052447612
0,0,0.0017841994
1,1,0.86111593
1,1,0.80857414
1,1,0.72211975
1,1,0.95689386
1,1,0.9726637
1,1,0.95726633
1,1,0.8705222
1,1,0.9637365
1,1,0.8582495
1,1,0.906686
1,1,0.6518505
1,1,0.719299
1,1,0.84877664
1,1,0.97022307
1,1,0.95895386
1,1,0.96421134
1,1,0.83712375
1,1,0.93572867
1,1,0.72358525
1,1,0.8953617
1,1,0.9826885
1,1,0.96613497
0,1,0.5363289
0,0,0.29298866
0,0,0.20670177
0,0,0.23471823
0,0,0.16570765
0,0,0.46502626
0,1,0.57060444
0,1,0.6466079
0,1,0.9320634
0,0,0.46740228
0,0,0.15532815
1,1,0.65093064
1,1,0.9080796
1,1,0.7952008
1,1,0.8078887
1,1,0.67673033
1,1,0.90483737
1,1,0.9544909
1,1,0.8741109
1,1,0.56020015
1,1,0.96576995
1,1,0.9478735
0,1,0.93329346
0,1,0.56819975
0,0,0.44850338
0,1,0.92943376
0,0,0.35995132
0,0,0.29903632
0,1,0.6164526
0,1,0.5575435
0,1,0.53939533
0,0,0.45641866
0,0,0.46920025
0,0,0.0005356753
0,0,0.0037191708
0,0,0.0021122831
0,0,0.0074952673
0,0,0.003719434
0,0,0.004858208
0,0,0.005798792
0,0,0.0012882168
0,0,0.0013496707
0,0,0.0040792036
0,0,0.02086145
0,0,0.003755785
0,0,0.00704319
0,0,0.005272868
0,0,0.0038428472
0,0,0.0022112275
0,0,0.0010718339
0,0,0.0021956228
0,0,0.0044777994
0,0,0.003103998
0,0,0.0025854635
0,0,0.0047329334
0,0,0.0034576154
0,0,0.0071689966
0,0,0.026217163
0,0,0.005678078
0,0,0.0069171633
0,0,0.02886553
0,0,0.06409073
1,1,0.82565886
1,1,0.9344226
1,1,0.6141461
1,1,0.81267905
1,1,0.8818049
1,1,0.80734146
1,1,0.8683106
1,1,0.7377115
1,1,0.8699291
1,1,0.968129
1,1,0.8803437
1,1,0.753022
1,1,0.94081545
1,1,0.93939126
1,1,0.92649734
1,1,0.9314104
1,1,0.9606843
1,1,0.9927046
1,1,0.9678402
1,1,0.72370815
1,1,0.9199179
1,1,0.9732842
0,0,0.0033911366
0,0,0.00814376
0,0,0.03295447
0,0,0.09421373
0,0,0.041268345
0,0,0.01292846
0,0,0.11207769
0,0,0.116265915
0,0,0.04285649
0,0,0.004432589
0,0,0.01300483
0,0,0.02873548
0,0,0.026129924
0,0,0.027466634
0,0,0.019555962
0,0,0.054291576
0,0,0.028758923
0,0,0.010425046
0,0,0.019206358
0,0,0.0030273946
0,0,0.009645333
0,0,0.008729311
0,0,0.039147448
0,0,0.029807191
0,0,0.031142434
0,0,0.032370795
0,0,0.031515997
0,0,0.032000016
0,0,0.044224896
0,0,0.038252015
0,0,0.0244528
0,0,0.020168995
0,0,0.01313527
1,0,0.004792794
1,0,0.022741092
1,0,0.005084898
1,0,0.0068879835
1,0,0.017744757
1,0,0.0026433305
1,0,0.031935588
1,0,0.13967445
1,0,0.14577767
1,0,0.004127538
1,0,0.007336031
1,0,0.0130540645
1,0,0.0027088816
1,0,0.008546533
1,0,0.014469221
1,0,0.015826397
1,0,0.008419389
1,0,0.028287055
1,0,0.0061917426
1,0,0.033157468
1,0,0.020392224
1,0,0.017143937
0,0,0.0303125
0,0,0.050218455
0,0,0.014498932
0,0,0.03831256
0,0,0.16458456
0,0,0.12274863
0,0,0.08041693
0,0,0.20811336
0,0,0.12634338
0,0,0.1854868
0,0,0.05400846
0,0,0.3297116
0,0,0.13066955
0,0,0.092277646
0,0,0.025374783
0,0,0.07668015
0,0,0.011040798
0,0,0.039595906
0,0,0.11445984
0,0,0.25474566
0,0,0.21363632
0,0,0.12670575
0,0,0.053891364
0,0,0.040393483
0,0,0.01565374
0,0,0.116967775
0,0,0.031414885
0,0,0.117516026
0,0,0.18730791
0,0,0.07666632
0,0,0.11781003
0,0,0.11230016
0,0,0.044446416
0,0,0.029833686
0,0,0.019150158
0,0,0.03748855
0,0,0.023851637
0,0,0.026625497
0,0,0.06865128
0,0,0.14573596
0,0,0.029719338
0,0,0.048731823
0,0,0.016355487
0,0,0.008745132
0,0,0.024911785
0,0,0.008985993
1,1,0.7981862
1,1,0.80735934
1,1,0.69927895
1,0,0.4295061
1,1,0.8665233
1,1,0.9518615
1,1,0.961078
1,0,0.48161986
1,1,0.83281016
1,1,0.92473096
1,1,0.88013315
1,1,0.89551455
1,1,0.8891704
1,1,0.8937617
1,1,0.63607836
1,0,0.48353317
1,1,0.56447583
1,0,0.19916299
1,1,0.66531116
1,0,0.24806601
1,1,0.6742065
1,1,0.6372932
1,1,0.99161315
1,1,0.99371123
1,1,0.9484641
1,1,0.9977164
1,1,0.9835154
1,1,0.99692315
1,1,0.9468061
1,1,0.98274463
1,1,0.9330072
1,1,0.9841488
1,1,0.9886635
1,1,0.9798512
1,1,0.99188226
1,1,0.9923409
1,1,0.9972662
1,1,0.9985923
1,1,0.96687484
1,1,0.88911897
1,1,0.982248
1,1,0.953731
1,1,0.9646761
1,1,0.96878093
1,1,0.990426
1,1,0.9892574
1,1,0.9314623
1,1,0.63286394
1,1,0.7356649
1,1,0.9082658
1,1,0.91533124
1,1,0.728899
1,1,0.9323476
1,1,0.9785971
1,1,0.9727836
0,0,0.007126292
0,0,0.035223074
0,0,0.05100552
0,0,0.11386057
0,0,0.009559111
0,0,0.0039739227
0,0,0.012389088
0,0,0.0052516474
0,0,0.0036649706
0,0,0.002990509
0,0,0.0033715551
0,0,0.00225664
0,0,0.0024176615
0,0,0.0429396
0,0,0.030233169
0,0,0.036054134
0,0,0.016140534
0,0,0.020674344
0,0,0.0073410887
0,0,0.0047899224
0,0,0.0037638613
0,0,0.0013037149
0,0,0.002095186
0,0,0.00065955083
0,0,0.0021735001
0,0,0.0027859996
0,0,0.003975382
0,0,0.0039011065
0,0,0.0059120413
1,1,0.9881485
1,1,0.9941729
1,1,0.9755275
1,1,0.95458287
1,1,0.96516144
1,1,0.985747
1,1,0.9934344
1,1,0.9596885
1,1,0.99701345
1,1,0.98852205
1,1,0.995106
1,1,0.94595724
1,1,0.96032125
1,1,0.96183926
1,1,0.9509
1,1,0.9869135
1,1,0.98925203
1,1,0.95602155
1,1,0.9854263
1,1,0.9977483
1,1,0.9890511
1,1,0.99060225
1,0,0.33935294
1,0,0.024426188
1,0,0.060202233
1,0,0.11794685
1,0,0.07298456
1,0,0.13720302
1,0,0.07559705
1,0,0.16388504
1,1,0.5282922
1,0,0.21594605
1,0,0.06463797
1,0,0.054558087
1,0,0.060617194
1,1,0.50614256
1,0,0.38530785
1,0,0.48031032
1,0,0.41117167
1,0,0.46094212
1,0,0.4202206
1,1,0.65096503
1,0,0.18116438
1,0,0.046958003
1,0,0.034152266
1,0,0.015149072
1,0,0.05712522
1,0,0.06291408
1,0,0.24935235
1,0,0.09609515
1,0,0.10546495
1,0,0.08208487
1,0,0.4648003
1,0,0.04533126
1,0,0.050965063
1,0,0.055767626
1,0,0.04432577
1,0,0.016937464
1,0,0.0063170996
1,0,0.0049419114
1,0,0.011087991
1,0,0.0028129288
1,0,0.0020113976
1,0,0.012444829
1,0,0.009833607
1,0,0.007966856
1,0,0.012842827
1,0,0.06139546
1,0,0.0779061
1,0,0.055738557
1,0,0.071038485
1,0,0.037737075
1,0,0.07401582
1,0,0.080551945
1,0,0.03159778
1,0,0.046614192
1,0,0.010894571
0,0,0.041555688
0,0,0.08241338
0,0,0.09814569
0,0,0.055604335
0,0,0.018181851
0,0,0.04612022
0,0,0.00961342
0,0,0.018131943
0,0,0.065244004
0,0,0.00792755
0,0,0.003170432
0,0,0.01435533
0,0,0.063866235
0,0,0.03102207
0,0,0.03428088
0,0,0.08638483
0,0,0.2867752
0,0,0.07189418
0,0,0.016527874
0,0,0.016417433
0,0,0.017972555
0,0,0.016125713
0,0,0.0049695587
0,0,0.0031706234
0,0,0.02269029
0,0,0.033427574
0,0,0.01624457
0,0,0.04748972
0,0,0.015994625
0,0,0.017975342
0,0,0.06325363
0,0,0.031236349
0,0,0.026647009
0,0,0.010964949
0,0,0.00712242
0,0,0.0011055935
0,0,0.005697797
0,0,0.011860831
0,0,0.010348473
0,0,0.030710438
0,0,0.008429286
0,0,0.0042063384
0,0,0.0048551657
0,0,0.008287616
0,0,0.003547966
0,0,0.0062375697
0,1,0.8840469
0,1,0.96875083
0,1,0.6573526
0,0,0.3880273
0,1,0.79014516
0,1,0.7963606
0,1,0.88818586
0,1,0.90614134
0,1,0.91317517
0,1,0.8753155
0,1,0.8772481
0,1,0.886266
0,1,0.86019975
0,1,0.94964767
0,1,0.91564685
0,1,0.9442933
0,1,0.93690395
0,1,0.97049135
0,1,0.9695989
0,1,0.86396444
0,1,0.970556
0,1,0.95113647
1,1,0.8855173
1,1,0.98607635
1,1,0.9441505
1,1,0.7158218
1,1,0.7930577
1,1,0.6198966
1,0,0.48875877
1,1,0.65213084
1,1,0.64416856
1,1,0.505193
1,1,0.7697555
1,1,0.8815558
1,1,0.7658536
1,1,0.5053676
1,1,0.9364938
1,1,0.9457113
1,1,0.8801498
1,1,0.7533009
1,1,0.9077193
1,1,0.95242804
1,1,0.82484144
1,1,0.93897307
0,1,0.6489859
0,1,0.54516375
0,0,0.31350452
0,0,0.3390078
0,1,0.84786206
0,1,0.8908531
0,1,0.9267305
0,1,0.81584334
0,1,0.87391394
0,0,0.4648667
0,0,0.21723703
0,0,0.027356263
0,0,0.010826642
0,0,0.021179369
0,0,0.0072461427
0,0,0.010731046
0,0,0.0204298
0,0,0.015960574
0,0,0.0046538594
0,0,0.0036225407
0,0,0.0024272394
0,0,0.016218873
0,0,0.0030593188
0,0,0.005470634
0,0,0.011984304
0,0,0.003134249
0,0,0.009926605
0,0,0.0033418632
0,0,0.0029877324
0,0,0.012442719
0,0,0.001752455
0,0,0.0065131993
0,0,0.0045193825
0,0,0.0019493891
0,0,0.002238871
0,0,0.0054879966
0,0,0.0038101368
0,0,0.002725225
0,0,0.0017870417
0,0,0.002658149
1,1,0.8375732
1,1,0.8102636
1,1,0.94903344
1,1,0.9630045
1,1,0.84334993
1,1,0.92263126
1,1,0.8646889
1,1,0.87431145
1,1,0.96491677
1,1,0.868515
1,1,0.7178337
0,1,0.9452451
0,1,0.97519934
0,1,0.9759615
0,1,0.9688465
0,1,0.9491653
0,1,0.92900205
0,1,0.98134905
0,1,0.94427294
0,1,0.9868933
0,1,0.9906433
0,1,0.99024135
0,0,0.0514619
0,0,0.05634533
0,0,0.060924843
0,0,0.011395217
0,0,0.011137521
0,0,0.047004662
0,0,0.12500195
0,0,0.3516476
0,0,0.17005418
0,0,0.055115476
0,0,0.092631415
0,0,0.15310918
0,0,0.093110725
0,0,0.40997732
0,0,0.25225896
0,0,0.079424605
0,0,0.033183035
0,0,0.032526962
0,0,0.023708045
0,0,0.036568534
0,0,0.035792008
0,0,0.27032408
0,0,0.1957993
0,0,0.037481643
0,0,0.08592831
0,0,0.016740957
0,0,0.03736999
0,0,0.030049846
0,0,0.017002484
0,0,0.03238241
0,0,0.032508355
0,0,0.0052654957
0,0,0.0069419146
0,0,0.031216478
0,0,0.2848129
0,0,0.2682009
0,0,0.02064305
0,0,0.0029175943
0,0,0.0022222488
0,0,0.0040898523
0,0,0.05759476
0,0,0.06136867
0,0,0.05875211
0,0,0.056616288
0,0,0.03825297
0,0,0.03804131
0,0,0.10093371
0,0,0.014514154
0,0,0.083642825
0,0,0.3276893
0,0,0.07082802
0,0,0.028320864
0,0,0.056338307
0,0,0.051912982
0,0,0.07339374
0,0,0.19357741
0,0,0.23846474
0,0,0.29007605
0,0,0.10742051
0,0,0.28525797
0,0,0.15000744
0,0,0.12017217
0,0,0.072237566
0,0,0.10127533
0,0,0.20652354
0,0,0.3697384
0,1,0.60640466
0,1,0.52597207
0,0,0.34270212
0,1,0.69203323
0,0,0.4676564
0,1,0.5946669
0,0,0.09204063
0,0,0.04412599
0,0,0.22264093
0,0,0.046114128
0,0,0.06420629
0,0,0.119508505
0,0,0.33108044
0,0,0.40664232
0,0,0.17436756
0,0,0.081656374
0,0,0.09130766
0,0,0.37129253
0,0,0.048293088
0,0,0.10318736
0,0,0.08623132
0,0,0.37783834
0,0,0.31692764
0,0,0.090755194
0,0,0.056635406
0,0,0.05674199
0,0,0.12009669
0,0,0.4794885
0,0,0.16138367
0,0,0.4613333
0,0,0.31849748
0,0,0.2467125
0,0,0.094573475
0,1,0.70135134
0,0,0.22737375
0,1,0.81676257
0,1,0.55654204
0,1,0.7777246
0,0,0.48198658
0,0,0.41654393
0,0,0.2424699
0,0,0.4482167
0,0,0.3113933
0,0,0.38747403
0,0,0.20771796
0,0,0.4596975
1,1,0.5228235
1,1,0.92731565
1,1,0.73381215
1,0,0.34359527
1,0,0.08888364
1,0,0.17412972
1,0,0.1189083
1,1,0.6160917
1,1,0.5682199
1,1,0.54399866
1,0,0.058266945
1,1,0.8965368
1,1,0.823362
1,1,0.9257285
1,0,0.4985397
1,1,0.74940795
1,1,0.66289324
1,0,0.4928429
1,1,0.564759
1,1,0.5591973
1,0,0.18329291
1,0,0.066452645
1,1,0.91926575
1,1,0.9803642
1,1,0.7899808
1,1,0.7718625
1,0,0.15146491
1,0,0.106465526
1,0,0.16036902
1,0,0.12638748
1,0,0.17069258
1,1,0.57035094
1,0,0.40164107
0,1,0.9006549
0,1,0.9776913
0,1,0.99006945
0,1,0.9564635
0,1,0.810921
0,1,0.80469704
0,1,0.71525276
0,1,0.74886584
0,1,0.8655857
0,1,0.8686936
0,1,0.8573853
0,1,0.82144016
0,1,0.97193086
0,1,0.8100268
0,1,0.60621357
0,0,0.2986492
0,0,0.075953715
0,0,0.05807751
0,0,0.12462074
0,0,0.17365688
0,1,0.6571759
0,0,0.21504934
0,0,0.3532934
0,0,0.12435765
0,0,0.17535906
0,0,0.17289971
0,1,0.9086637
0,0,0.43361768
0,0,0.18833385
0,0,0.26579598
0,1,0.61047786
0,0,0.18327504
0,0,0.23536256
0,0,0.20391111
0,0,0.34528634
0,0,0.2579185
0,0,0.2170435
0,0,0.061351597
0,0,0.15521906
0,0,0.33421344
1,1,0.9457847
1,1,0.95467025
1,1,0.9670156
1,1,0.76701754
1,1,0.9035604
1,1,0.77970713
1,0,0.035876762
1,0,0.3095557
1,1,0.51632273
1,1,0.7979352
1,1,0.7198185
1,1,0.9885083
1,1,0.98616344
1,1,0.98721457
1,1,0.85388595
1,0,0.3832566
1,1,0.8535452
1,1,0.5839537
1,1,0.6445776
1,1,0.7171924
1,1,0.98790234
1,1,0.9776454
0,0,0.3805049
0,0,0.40992
0,0,0.22513898
0,0,0.4847082
0,0,0.3070537
0,0,0.2816234
0,0,0.3914401
0,0,0.19890036
0,1,0.657376
0,1,0.5015456
0,0,0.45211536
0,0,0.3888278
0,1,0.8440134
0,1,0.601852
0,0,0.37127912
0,1,0.57392716
0,0,0.17049877
0,1,0.54304886
0,1,0.6099043
0,1,0.57489264
0,1,0.6518576
0,0,0.4746232
0,1,0.74986905
0,0,0.31479165
0,1,0.74195075
0,1,0.68134487
0,0,0.4464577
0,0,0.25753018
0,0,0.2998385
0,1,0.5234367
0,0,0.2581036
0,1,0.71300346
0,0,0.2850963
0,0,0.47831893
0,1,0.8581898
0,1,0.7132315
0,1,0.80329704
0,0,0.4053852
0,0,0.20867467
0,0,0.122358546
0,0,0.12724796
0,0,0.066592894
0,0,0.46414122
0,1,0.61397934
0,1,0.6845923
0,1,0.5987894
0,1,0.7022354
0,0,0.477711
0,1,0.6780071
0,0,0.32017988
0,0,0.1547356
0,0,0.32999876
0,0,0.3478593
0,0,0.17844193
0,0,0.21677607
0,0,0.19461802
0,1,0.5489389
0,1,0.5418198
0,1,0.571708
0,0,0.2665408
0,0,0.33954856
0,0,0.41259047
0,1,0.6768917
0,0,0.20925726
0,0,0.040204164
0,0,0.10929057
0,0,0.06041554
0,0,0.107779846
0,0,0.07688003
0,0,0.0031401585
0,0,0.031279173
0,0,0.016442984
0,0,0.023753764
0,0,0.0043757046
0,0,0.010867873
0,0,0.0051380508
0,0,0.030922623
0,0,0.0057915854
0,0,0.012075489
0,0,0.0022616284
0,0,0.020028654
0,0,0.03267486
0,0,0.004329485
0,0,0.0058862614
0,0,0.0015465962
0,0,0.001874718
0,0,0.011748381
0,0,0.006424096
0,0,0.002617945
0,0,0.0063722148
0,0,0.0033582854
0,0,0.014720445
0,0,0.016227053
0,0,0.0022277068
0,0,0.008516238
0,0,0.0049498524
0,0,0.0029302766
0,0,0.0054979497
0,0,0.015716717
0,0,0.008197922
0,0,0.019776298
1,1,0.98723036
1,1,0.99954385
1,1,0.9648286
1,1,0.90166867
1,1,0.9085878
1,1,0.9327413
1,1,0.9533082
1,1,0.8297788
1,1,0.75800455
1,1,0.84450346
1,1,0.970722
1,1,0.92519367
1,1,0.99233246
1,1,0.9881076
1,1,0.9809662
1,1,0.9776635
1,1,0.6843526
1,1,0.97624254
1,1,0.947027
1,1,0.9756797
1,1,0.93502754
1,1,0.9818044
0,1,0.9626364
0,1,0.7296706
0,1,0.53186655
0,1,0.7925696
0,1,0.8673782
0,1,0.7116613
0,1,0.9188309
0,1,0.96108305
0,1,0.90710366
0,1,0.93348813
0,1,0.97883576
1,1,0.8819121
1,1,0.9647331
1,1,0.9158233
1,1,0.7264528
1,0,0.16522075
1,1,0.71506065
1,1,0.5388334
1,1,0.7870979
1,0,0.13508755
1,0,0.4569592
1,1,0.7188572
0,1,0.9252027
0,1,0.91945547
0,1,0.9576299
0,1,0.9790987
0,1,0.9545576
0,1,0.7816798
0,1,0.6899938
0,1,0.97948486
0,1,0.9784227
0,1,0.8515022
0,1,0.83350915
0,0,0.14674582
0,0,0.16752896
0,0,0.4627274
0,0,0.048931763
0,0,0.15445504
0,0,0.01567165
0,0,0.019674301
0,0,0.1370699
0,0,0.009359488
0,0,0.067210704
0,0,0.15077034
0,0,0.052014556
0,0,0.39825386
0,0,0.017208194
0,0,0.004483093
0,0,0.0034107685
0,0,0.013298286
0,0,0.016753301
0,0,0.008999775
0,0,0.046731893
0,0,0.051990908
0,0,0.025154218
0,0,0.0024161614
0,0,0.007239186
0,0,0.016082874
0,0,0.006891674
0,0,0.0031679992
0,0,0.004259114
0,0,0.006623395
1,1,0.9928149
1,1,0.98717195
1,1,0.9493043
1,1,0.96282953
1,1,0.97877526
1,1,0.9957495
1,1,0.8415283
1,1,0.96630013
1,1,0.9290305
1,1,0.50584906
1,0,0.47569492
1,1,0.9597194
1,1,0.93163073
1,1,0.92063946
1,1,0.8033697
1,1,0.7574702
1,1,0.7761192
1,1,0.9354373
1,1,0.89988875
1,1,0.94391567
1,1,0.8407568
1,1,0.7165291
1,0,0.021651741
1,0,0.121456586
1,0,0.046014085
1,0,0.037799265
1,0,0.04764367
1,0,0.03661531
1,0,0.016314372
1,0,0.0033565846
1,0,0.044896267
1,0,0.0802615
1,0,0.076178186
1,0,0.11354784
1,0,0.34976727
1,0,0.29101503
1,0,0.08753259
1,0,0.12571259
1,0,0.02117757
1,0,0.08095943
1,0,0.008926907
1,0,0.057990853
1,0,0.21960236
1,0,0.038488995
1,0,0.08862115
1,0,0.047893602
1,0,0.07193071
1,0,0.48434404
1,0,0.10835121
1,0,0.019127337
1,0,0.023937806
1,0,0.12703389
1,0,0.3067986
1,1,0.53660136
1,0,0.050298885
0,0,0.18620673
0,0,0.20256385
0,0,0.055099424
0,0,0.017417112
0,0,0.09520768
0,0,0.006912235
0,0,0.04451323
0,0,0.025621805
0,0,0.017985184
0,0,0.04792836
0,0,0.07160681
0,0,0.025071496
0,0,0.05107854
0,0,0.04324242
0,0,0.015105551
0,0,0.22687294
0,0,0.3330092
0,0,0.39482513
0,1,0.7218459
0,0,0.38204274
0,0,0.13802928
0,0,0.072868995
0,0,0.21131796
0,0,0.25789908
0,0,0.39699465
0,0,0.49731475
0,0,0.2556199
0,1,0.5218404
0,0,0.36230567
0,0,0.29064128
0,0,0.026827052
0,0,0.052601423
0,0,0.0900011
0,0,0.13372596
0,0,0.07878663
0,0,0.008576569
0,0,0.0034448875
0,0,0.0037912254
0,0,0.009618755
0,0,0.0034874852
0,0,0.0038576734
0,0,0.005021798
0,0,0.0047241184
0,0,0.0026305027
0,0,0.006271121
0,0,0.0030689847
0,0,0.0027205918
0,0,0.003413439
0,0,0.00459551
0,0,0.0040320186
0,0,0.0010820616
0,0,0.009515243
0,0,0.049485613
0,0,0.0040154713
0,0,0.033917107
0,0,0.022028796
0,0,0.007519352
0,0,0.006386508
0,0,0.013658615
0,0,0.05980082
0,0,0.044475466
0,0,0.16499074
0,0,0.11040393
0,0,0.13132533
0,0,0.21323171
0,0,0.043559555
0,0,0.10136762
0,0,0.16106538
0,1,0.9759394
0,1,0.969775
0,1,0.9771723
0,1,0.98259544
0,1,0.99565214
0,1,0.99654704
0,1,0.99211454
0,1,0.96753716
0,1,0.9369276
0,1,0.9642687
0,1,0.9490282
0,1,0.98173666
0,1,0.9102382
0,1,0.7325768
0,1,0.8437649
0,1,0.73358583
0,1,0.6947592
0,0,0.44218478
0,1,0.7552585
0,0,0.36349708
0,0,0.3322125
0,1,0.9407182
0,1,0.995676
0,1,0.99472517
0,1,0.9890091
0,1,0.9853436
0,1,0.96781164
0,1,0.9828091
0,1,0.97702175
0,1,0.9960601
0,1,0.9409627
0,1,0.8948116
0,1,0.94952136
0,1,0.6693145
0,1,0.6506706
0,1,0.9176553
0,1,0.93614113
0,1,0.9170648
0,1,0.95881826
0,1,0.9768066
0,1,0.5802717
0,1,0.96121025
0,1,0.9142412
0,1,0.9614184
0,1,0.96442765
0,1,0.9506294
0,1,0.9603462
0,1,0.53584045
0,1,0.9422475
0,1,0.8305269
0,1,0.90250695
0,1,0.98970175
0,1,0.99433845
0,1,0.9499496
0,1,0.9527947
0,0,0.0012873209
0,0,0.004422632
0,0,0.015848165
0,0,0.035708662
0,0,0.015883934
0,0,0.010326271
0,0,0.005134572
0,0,0.020044453
0,0,0.0024190065
0,0,0.02601753
0,0,0.086138435
0,0,0.021695072
0,0,0.008952513
0,0,0.01956306
0,0,0.003736721
0,0,0.035815027
0,0,0.10378209
0,0,0.07135315
0,0,0.0883655
0,0,0.16828747
0,0,0.015419107
0,0,0.076026276
0,0,0.38438728
0,0,0.33036524
0,0,0.37211165
0,0,0.13732837
0,0,0.083759114
0,0,0.111151755
0,0,0.18307494
0,1,0.9330903
0,1,0.8972285
0,1,0.96959496
0,1,0.95880973
0,1,0.9514505
0,1,0.9584046
0,1,0.9862657
0,1,0.9881776
0,1,0.96314085
0,1,0.9580444
0,1,0.9570253
0,1,0.9875092
0,1,0.8623114
0,1,0.83231646
0,1,0.9294891
0,1,0.8964521
0,1,0.89107203
0,1,0.6230847
0,1,0.6907119
0,1,0.7480905
0,0,0.4683538
0,0,0.24010132
0,0,0.120105095
0,0,0.18901251
0,0,0.33673954
0,0,0.27576044
0,0,0.34456503
0,0,0.110073075
0,0,0.083824664
0,0,0.24761021
0,0,0.23992741
0,0,0.22301273
0,0,0.4345814
0,0,0.15817907
0,0,0.2450812
0,0,0.049903948
0,0,0.07553921
0,0,0.49112228
0,0,0.47418973
0,1,0.7461577
0,1,0.60011387
0,1,0.57386434
0,1,0.51290536
0,1,0.5879442
0,1,0.5515946
0,0,0.23082238
0,0,0.110106096
0,0,0.30792987
0,1,0.65168303
0,0,0.14236642
0,0,0.029223988
0,0,0.055582643
0,1,0.54916793
0,0,0.13278994
0,0,0.12418904
0,0,0.17844945
0,0,0.35999438
0,0,0.14349212
0,0,0.042760015
0,0,0.08274593
0,0,0.019866887
0,0,0.013906112
0,0,0.047081407
0,0,0.18645681
0,0,0.063483596
0,0,0.05466951
0,0,0.029495394
0,0,0.041467126
0,1,0.5172697
0,0,0.24577075
0,0,0.14079256
0,0,0.2392643
0,0,0.23562336
0,0,0.061777126
0,0,0.03343499
0,0,0.079888985
0,0,0.04380271
0,0,0.22669786
0,0,0.023116281
0,0,0.084499486
0,0,0.1548581
0,1,0.5255328
0,0,0.46231738
0,1,0.68596023
0,0,0.2858418
0,0,0.1437614
0,0,0.09538369
0,0,0.2555167
0,0,0.004895014
0,0,0.038325638
0,0,0.019461542
0,0,0.018976763
0,0,0.07584324
0,0,0.027272914
0,0,0.008611415
0,0,0.004225482
0,0,0.027533202
0,0,0.005392362
0,0,0.009170944
0,0,0.0056278124
0,0,0.0015810664
0,0,0.0050525474
0,0,0.011271312
0,0,0.002476783
0,0,0.0029650875
0,0,0.0042338585
0,0,0.0067974157
0,0,0.0028044465
0,0,0.007248754
0,0,0.015159136
0,0,0.002126166
0,0,0.0038220484
0,0,0.0009807822
0,0,0.001289146
0,0,0.00096825766
0,0,0.0011561948
0,0,0.002193288
0,0,0.0020224554
0,0,0.012597968
0,0,0.027150812
0,0,0.015826894
0,0,0.011991189
0,0,0.2491163
0,1,0.8090127
0,1,0.6390726
0,1,0.59843016
0,1,0.95275396
0,1,0.77265656
0,1,0.9144942
0,1,0.92094904
0,1,0.94132835
0,1,0.9732353
0,1,0.7602896
0,1,0.8430937
1,1,0.9956104
1,1,0.9914364
1,1,0.9596173
1,1,0.88792187
1,1,0.96355075
1,1,0.84861386
1,1,0.79800934
1,1,0.76852566
1,1,0.9768659
1,1,0.9576027
1,1,0.9526872
0,1,0.90038395
0,0,0.38130352
0,1,0.5395237
0,0,0.1892333
0,0,0.19568601
0,0,0.4276874
0,1,0.57655746
0,0,0.49058518
0,0,0.20358616
0,1,0.5886089
0,0,0.40325558
1,1,0.97306776
1,1,0.8069852
1,1,0.9807906
1,1,0.93741477
1,1,0.9023952
1,1,0.9489921
1,1,0.97095853
1,1,0.58327097
1,0,0.4972801
1,0,0.4911417
1,0,0.2603377
0,1,0.7485993
0,1,0.6751415
0,1,0.79110956
0,0,0.3847236
0,0,0.16966799
0,0,0.33864576
0,1,0.7938193
0,0,0.3616814
0,1,0.6726958
0,0,0.1476695
0,0,0.32305026
0,0,0.026300669
0,0,0.055503823
0,0,0.00895859
0,0,0.045642428
0,0,0.019134615
0,0,0.011037956
0,0,0.0041618566
0,0,0.0006112686
0,0,0.003050144
0,0,0.009978787
0,0,0.008493949
0,0,0.004931005
0,0,0.0059037264
0,0,0.020200603
0,0,0.013848961
0,0,0.00037720526
0,0,0.0008759667
0,0,0.0003916824
0,0,0.0007744732
0,0,0.0013434221
0,0,0.0031949377
0,0,0.003813849
0,0,0.0026806083
0,0,0.0011530146
0,0,0.0041213054
0,0,0.0016577194
0,0,0.010701151
0,0,0.0066640303
0,0,0.0030069263
0,0,0.4076616
0,1,0.7615238
0,1,0.7214253
0,1,0.94724536
0,1,0.9719558
0,1,0.9726952
0,1,0.97913766
0,1,0.87163806
0,1,0.87655914
0,1,0.65162134
0,0,0.2927149
1,1,0.9955207
1,1,0.9972664
1,1,0.9991455
1,1,0.9954667
1,1,0.99541265
1,1,0.9955715
1,1,0.9909168
1,1,0.9877894
1,1,0.94027394
1,1,0.87151545
1,1,0.9100269
0,1,0.67647177
0,0,0.027083294
0,0,0.095888935
0,0,0.091554694
0,0,0.081323855
0,0,0.15695815
0,0,0.21491507
0,0,0.09574169
0,0,0.24645765
0,0,0.06727524
0,0,0.025613677
0,0,0.040287785
0,0,0.048181623
0,0,0.051652938
0,0,0.117457524
0,0,0.033213507
0,0,0.0025448133
0,0,0.009894785
0,0,0.015302206
0,0,0.0189191
0,0,0.10072515
0,0,0.20710513
0,0,0.08108
0,0,0.053013626
0,0,0.09600703
0,0,0.32903254
0,1,0.58246094
0,1,0.69127464
0,0,0.037997227
0,0,0.042139743
0,0,0.263167
0,0,0.41895515
0,0,0.10948094
0,0,0.015912805
0,0,0.009675451
0,0,0.00972398
0,0,0.008679832
0,0,0.0033810618
0,0,0.004885904
0,0,0.035797454
0,0,0.01125007
0,0,0.006239976
0,0,0.039003033
0,0,0.03318898
0,0,0.0070260596
0,0,0.006708224
0,0,0.0045266305
0,0,0.0035714407
0,0,0.05236629
0,0,0.13213769
0,0,0.03860886
0,0,0.003962451
0,0,0.004539905
0,0,0.0064939344
0,0,0.011271716
0,0,0.35635608
0,0,0.08685606
0,0,0.13305205
0,0,0.27050102
0,1,0.68347585
0,0,0.09711205
0,0,0.033844013
0,0,0.4966657
0,0,0.14647974
0,0,0.18375099
0,0,0.078788795
0,0,0.031998325
0,0,0.020860389
0,0,0.040139373
0,0,0.028144645
0,0,0.014331075
0,0,0.33805054
0,0,0.25829127
0,0,0.12637183
0,0,0.04113622
0,0,0.08193614
0,0,0.1019544
0,0,0.1642345
0,0,0.24948233
0,0,0.050488092
0,0,0.06024283
0,0,0.21250406
0,0,0.093385935
0,0,0.046383575
0,0,0.03254211
0,0,0.034038197
0,0,0.09766258
0,0,0.06703611
0,0,0.0591719
0,0,0.15589184
0,0,0.019562379
0,0,0.08799946
0,0,0.0792686
0,0,0.025555678
0,0,0.3522472
0,0,0.2863373
0,0,0.08673458
0,0,0.08513826
0,0,0.046839926
0,0,0.11294418
0,0,0.07366913
1,1,0.7648778
1,0,0.38806123
1,0,0.37163845
1,0,0.3080212
1,0,0.36314198
1,0,0.4626846
1,1,0.64264804
1,0,0.4425514
1,1,0.5411535
1,0,0.3925535
1,0,0.47578484
1,1,0.68355715
1,0,0.42646703
1,0,0.48474884
1,0,0.30316296
1,0,0.4936181
1,0,0.39030266
1,0,0.40284804
1,0,0.13440657
1,0,0.40032336
1,0,0.45696983
1,1,0.55492795
1,0,0.3982529
1,0,0.46526557
1,0,0.2106408
1,1,0.50641346
1,1,0.51392347
1,0,0.38334647
1,0,0.31797954
1,1,0.7093917
1,0,0.21373282
1,0,0.15637535
1,0,0.22544199
0,1,0.6023526
0,0,0.2832586
0,1,0.791916
0,1,0.5357412
0,0,0.1661272
0,1,0.5435827
0,0,0.2458705
0,0,0.35885608
0,0,0.31058818
0,0,0.23336434
0,1,0.6051342
0,0,0.20067792
0,1,0.5601607
0,1,0.555484
0,1,0.7304361
0,1,0.6629362
0,1,0.84997475
0,0,0.38484883
0,0,0.22507796
0,0,0.38922057
0,1,0.7044529
0,1,0.85722065
0,0,0.49576175
0,0,0.4275248
0,0,0.24275658
0,0,0.13758329
0,0,0.16011582
0,0,0.06543029
0,0,0.39289543
0,0,0.15378302
0,0,0.17225316
0,0,0.34980384
0,0,0.17646715
0,0,0.44092873
0,0,0.048171952
0,0,0.29656374
0,0,0.20423172
0,0,0.11092271
0,0,0.25410044
0,0,0.21668622
0,0,0.22673659
0,0,0.21211265
0,0,0.12998548
0,0,0.12696588
0,0,0.1314566
0,0,0.21092731
0,0,0.3040425
0,0,0.18472527
0,0,0.15794015
0,0,0.2023171
0,0,0.15100907
1,1,0.53650784
1,0,0.08534592
1,0,0.4144569
1,1,0.54944646
1,1,0.61889946
1,0,0.4816379
1,0,0.30099753
1,0,0.14615367
1,0,0.39086124
1,1,0.5850376
1,0,0.1643353
0,0,0.24664518
0,0,0.34779954
0,0,0.2877615
0,0,0.383858
0,0,0.4619795
0,0,0.1335681
0,0,0.42047763
0,0,0.48659703
0,0,0.2841172
0,0,0.2586547
0,0,0.33518687
1,0,0.36377156
1,0,0.085835025
1,0,0.025213063
1,0,0.07854224
1,0,0.056654826
1,0,0.1259955
1,0,0.17077485
1,1,0.62762773
1,0,0.4152537
1,0,0.29483643
1,0,0.050151132
1,0,0.071208045
1,0,0.024709202
1,0,0.15017442
1,0,0.32128754
1,1,0.6556861
1,0,0.41152284
1,1,0.5820254
1,0,0.025853852
1,0,0.11751048
1,0,0.12841406
1,0,0.06402966
1,0,0.28256443
1,1,0.54848325
1,0,0.09053545
1,0,0.47765166
1,0,0.19093964
1,0,0.18602362
1,0,0.4209982
1,0,0.19183701
1,0,0.18544139
1,0,0.18848762
1,0,0.054341935
1,1,0.5266908
1,0,0.30845493
1,0,0.050603293
1,0,0.13164279
1,0,0.090312906
1,0,0.2206357
1,0,0.029432146
1,0,0.046615697
1,0,0.05791808
1,0,0.4590524
1,0,0.17636558
1,0,0.16594003
1,0,0.03597544
1,0,0.016591381
1,0,0.032556567
1,0,0.17676014
1,0,0.024026804
1,0,0.027548384
1,0,0.19248559
1,0,0.16856019
1,0,0.13203582
1,0,0.1487874
0,0,0.16426252
0,1,0.81710535
0,1,0.52820516
0,0,0.3019285
0,0,0.33756006
0,1,0.51782304
0,0,0.40126038
0,0,0.22414367
0,0,0.12917867
0,0,0.02035284
0,0,0.092555486
1,1,0.9404677
1,1,0.9046628
1,0,0.34101862
1,0,0.2333856
1,0,0.34967086
1,1,0.72164977
1,1,0.52915096
1,1,0.61869234
1,0,0.2989927
1,0,0.060184777
1,0,0.18017071
1,0,0.41998607
1,0,0.18324398
1,0,0.09041849
1,0,0.28826672
1,1,0.80090266
1,1,0.7628913
1,1,0.64027685
1,1,0.8309946
1,1,0.7428368
1,0,0.17470615
1,1,0.57165116
1,1,0.9586801
1,1,0.6469359
1,0,0.31567726
1,0,0.2466272
1,0,0.11692831
1,0,0.21757747
1,0,0.1428781
1,0,0.06228521
1,0,0.26791766
1,0,0.22306988
1,0,0.05759513
1,0,0.04609555
1,0,0.019068725
1,1,0.9997439
1,1,0.9983304
1,1,0.99962604
1,1,0.99991405
1,1,0.9997789
1,1,0.9996197
1,1,0.997175
1,1,0.9994955
1,1,0.9973085
1,1,0.9948079
1,1,0.97886926
1,1,0.9996395
1,1,0.99974066
1,1,0.999366
1,1,0.9984585
1,1,0.9989869
1,1,0.99898714
1,1,0.9984143
1,1,0.9986278
1,1,0.99945074
1,1,0.9975255
1,1,0.9988431
1,1,0.9996271
1,1,0.9994862
1,1,0.9962149
1,1,0.9919292
1,1,0.996479
1,1,0.99917954
1,1,0.99937195
1,1,0.99022466
1,1,0.99563676
1,1,0.9972549
1,1,0.99801755
1,1,0.9965102
1,1,0.99132043
1,1,0.98943603
1,1,0.98170197
1,1,0.9919594
1,1,0.9877479
1,1,0.99749786
1,1,0.99731004
1,1,0.99880314
1,1,0.999645
1,1,0.99956614
1,1,0.9876208
1,1,0.99586403
1,1,0.99863213
1,1,0.99846494
1,1,0.997554
1,1,0.9989396
1,1,0.996555
1,1,0.99215394
1,1,0.99857247
1,1,0.9911266
1,1,0.9988734
0,0,0.08755466
0,0,0.04979927
0,0,0.081747524
0,0,0.15212135
0,0,0.061140772
0,0,0.03252332
0,0,0.25214282
0,0,0.08475941
0,0,0.082455255
0,0,0.058963075
0,0,0.056919627
0,0,0.12127434
0,0,0.109510995
0,0,0.016195044
0,0,0.020099208
0,0,0.053547006
0,0,0.040132374
0,0,0.015511837
0,0,0.048168197
0,0,0.009406105
0,0,0.0023690634
0,0,0.010964809
0,0,0.078360654
0,0,0.0037240626
0,0,0.020777376
0,0,0.036777895
0,0,0.03398951
0,0,0.010734808
0,0,0.026119024
1,1,0.9960188
1,1,0.9935557
1,1,0.99960214
1,1,0.99901605
1,1,0.9954732
1,1,0.9914814
1,1,0.9982803
1,1,0.99915135
1,1,0.9983419
1,1,0.9976966
1,1,0.9992091
1,1,0.99254006
1,1,0.9958924
1,1,0.99044293
1,1,0.9977182
1,1,0.98321486
1,1,0.97143215
1,1,0.97754776
1,1,0.99483156
1,1,0.9992205
1,1,0.9923006
1,1,0.9817753
1,0,0.119434536
1,0,0.22534586
1,0,0.1169099
1,0,0.048181906
1,0,0.08658199
1,0,0.16513523
1,0,0.09144557
1,1,0.6024145
1,0,0.390542
1,0,0.14459184
1,0,0.1649712
1,0,0.11827769
1,0,0.3082428
1,0,0.0864309
1,0,0.15326878
1,0,0.22172634
1,0,0.029539691
1,0,0.11328831
1,0,0.22430843
1,0,0.22341192
1,0,0.12863928
1,0,0.043425076
1,0,0.058834117
1,0,0.1496887
1,0,0.15335841
1,0,0.41428256
1,1,0.607161
1,0,0.2833967
1,0,0.041046355
1,0,0.09650974
1,0,0.17987598
1,0,0.15617375
1,0,0.057502642
0,0,0.3135107
0,0,0.20844291
0,0,0.44024825
0,0,0.4058588
0,0,0.2513844
0,0,0.19199851
0,0,0.09169561
0,0,0.057761956
0,0,0.11076959
0,1,0.7634679
0,1,0.85263157
0,0,0.08749523
0,0,0.09613724
0,0,0.090231426
0,0,0.31347576
0,0,0.37574977
0,0,0.30099043
0,0,0.26831397
0,0,0.21487917
0,0,0.096303046
0,0,0.14602089
0,0,0.41358957
0,0,0.008667738
0,0,0.017364467
0,0,0.019975422
0,0,0.024500525
0,0,0.019195065
0,0,0.0041080234
0,0,0.0053734723
0,0,0.16097865
0,0,0.27058968
0,0,0.2269397
0,0,0.005632591
0,0,0.007512352
0,0,0.004099978
0,0,0.0023690276
0,0,0.0032371753
0,0,0.0013571809
0,0,0.006407973
0,0,0.0019354057
0,0,0.0076061715
0,0,0.0016397466
0,0,0.004746265
0,0,0.0011620091
0,0,0.00081095437
0,0,0.013257666
0,0,0.0012654623
0,0,0.0011873455
0,0,0.0015302089
0,0,0.002502187
0,0,0.0010293615
0,0,0.0016991145
0,0,0.0025301748
0,0,0.0034121934
0,0,0.004690309
0,0,0.0023079573
0,0,0.0011107048
0,0,0.00314593
0,0,0.0013493912
0,0,0.000987654
0,0,0.0012208133
0,0,0.0010993007
0,0,0.003670426
0,0,0.008047556
0,0,0.005056562
0,0,0.0046777534
0,0,0.0047252867
0,0,0.006751097
0,1,0.96268743
0,1,0.96707124
0,1,0.99198383
0,1,0.9673295
0,1,0.9619171
0,1,0.82816625
0,0,0.44711667
0,1,0.86512345
0,1,0.9596475
0,1,0.8927896
0,1,0.8443435
1,1,0.9459576
1,1,0.95670754
1,1,0.98675436
1,1,0.9783026
1,1,0.95015967
1,1,0.7153216
1,1,0.6304451
1,1,0.96067935
1,1,0.98632413
1,1,0.9694007
1,1,0.77833384
1,1,0.63733757
1,1,0.8320302
1,1,0.51610726
1,1,0.91821605
1,1,0.7337266
1,1,0.5252277
1,1,0.8477501
1,1,0.7510053
1,1,0.94604963
1,1,0.9796984
1,1,0.8441252
1,0,0.29928163
1,1,0.68738574
1,0,0.15857491
1,0,0.24912447
1,1,0.6227726
1,1,0.80530953
1,1,0.7919576
1,1,0.7273032
1,1,0.9318357
1,1,0.8941526
1,1,0.98391795
0,1,0.97956675
0,1,0.95858794
0,1,0.87091535
0,1,0.9044779
0,1,0.9868767
0,1,0.7533887
0,1,0.8308902
0,1,0.8929996
0,1,0.9517495
0,1,0.93166053
0,1,0.9426055
0,0,0.02313059
0,0,0.0094803255
0,0,0.013166236
0,0,0.08009811
0,0,0.019556325
0,0,0.016521651
0,0,0.01700022
0,0,0.006510864
0,0,0.0043041324
0,0,0.004651031
0,0,0.019537034
0,0,0.0038360464
0,0,0.006534459
0,0,0.007849039
0,0,0.0032024165
0,0,0.0074425153
0,0,0.016394265
0,0,0.020604124
0,0,0.004778471
0,0,0.005152679
0,0,0.0007014628
0,0,0.0041304356
0,0,0.0008216438
0,0,0.00095745584
0,0,0.0004232508
0,0,0.0033861652
0,0,0.00760718
0,0,0.008959009
0,0,0.009057327
1,0,0.42052904
1,0,0.35946232
1,1,0.7831811
1,1,0.5820956
1,1,0.7968275
1,1,0.92142814
1,1,0.7339354
1,0,0.4610221
1,1,0.64151764
1,1,0.56407815
1,1,0.571091
1,0,0.20501749
1,0,0.122276984
1,0,0.4374001
1,0,0.26452908
1,0,0.45531264
1,0,0.3655874
1,0,0.40398905
1,1,0.9079895
1,0,0.45903954
1,0,0.31392768
1,1,0.6573235
0,0,0.010261806
0,0,0.026008658
0,0,0.028688688
0,0,0.056532208
0,0,0.0063559827
0,0,0.019004982
0,0,0.12146238
0,0,0.024192713
0,0,0.035840936
0,0,0.17011353
0,0,0.0067477147
0,0,0.007992488
0,0,0.0036998757
0,0,0.0037987554
0,0,0.0067528463
0,0,0.006002702
0,0,0.015964087
0,0,0.04852651
0,0,0.030395776
0,0,0.29648027
0,0,0.030854272
0,0,0.069352694
0,0,0.01713298
0,0,0.012187932
0,0,0.0097792065
0,0,0.02206493
0,0,0.0036080694
0,0,0.012573465
0,0,0.008512824
0,0,0.0026331726
0,0,0.008432719
0,0,0.005150902
0,0,0.01204227
0,0,0.009845374
0,0,0.11316192
0,0,0.023409564
0,0,0.0131723145
0,0,0.048556644
0,0,0.007618477
0,0,0.014450772
0,0,0.05519793
0,0,0.019012611
0,0,0.027351469
0,0,0.062111188
0,0,0.058046635
0,0,0.03428189
0,0,0.011121469
0,0,0.008318099
0,0,0.015629249
0,0,0.0076144584
0,0,0.009071697
0,0,0.003610633
0,0,0.0062729097
0,0,0.020139603
0,0,0.20967963
0,0,0.0065150047
0,0,0.0023328753
0,0,0.0013089286
0,0,0.0013080705
0,0,0.0034360886
0,0,0.0005801066
0,0,0.00096832874
0,0,0.0008293971
0,0,0.00059885083
0,0,0.0012516958
0,0,0.0003180259
0,0,0.0019870477
0,0,0.045109015
0,0,0.056939837
0,0,0.12883751
0,0,0.033629905
0,0,0.002700096
0,0,0.007865829
0,0,0.0069575403
0,0,0.004244571
0,0,0.021492828
0,0,0.009763391
0,0,0.014528825
0,0,0.0023668713
0,0,0.008294524
0,0,0.030635344
0,0,0.03027352
0,0,0.02195243
0,0,0.051368322
0,0,0.009462275
0,0,0.015882486
0,0,0.012694635
0,0,0.020786924
0,0,0.028639039
0,0,0.0021615864
0,0,0.011773775
0,0,0.004274996
0,0,0.0024819262
0,0,0.0009540107
0,0,0.029292261
0,0,0.043441657
0,0,0.029602276
0,0,0.02104691
0,0,0.011342047
0,0,0.0057329424
0,0,0.040639468
1,1,0.8692168
1,1,0.68618524
1,1,0.6051377
1,1,0.90020037
1,1,0.91746116
1,1,0.7071317
1,1,0.8886836
1,1,0.84709525
1,1,0.8571357
1,1,0.8881649
1,1,0.7601875
1,1,0.8494552
1,1,0.77657515
1,1,0.8517819
1,1,0.6260213
1,1,0.74822056
1,1,0.87124246
1,1,0.7838133
1,1,0.70408696
1,1,0.8606414
1,1,0.87353337
1,1,0.88581604
0,1,0.9211543
0,1,0.9808395
0,1,0.98225445
0,1,0.78873986
0,1,0.6899165
0,1,0.9157443
0,1,0.89115655
0,1,0.93104494
0,1,0.93937707
0,1,0.82458305
0,1,0.7717705
0,1,0.96039057
0,1,0.9541515
0,1,0.8877156
0,1,0.9718123
0,1,0.99486756
0,1,0.9968641
0,1,0.94509083
0,1,0.98514766
0,1,0.99796224
0,1,0.9900558
0,1,0.97865134
0,1,0.910881
0,1,0.9427651
0,1,0.8853146
0,0,0.35227904
0,1,0.8129883
0,1,0.6870512
0,1,0.8025089
0,0,0.46115232
0,1,0.7380292
0,1,0.674522
0,1,0.93517464
0,0,0.0039689373
0,0,0.00058315863
0,0,0.0050020255
0,0,0.011060591
0,0,0.00497963
0,0,0.051123604
0,0,0.030577244
0,0,0.016432894
0,0,0.00078467344
0,0,0.0026385842
0,0,0.0030323453
0,0,0.0036104324
0,0,0.008421231
0,0,0.023769412
0,0,0.03239377
0,0,0.07902492
0,0,0.02336453
0,0,0.032566637
0,0,0.006912733
0,0,0.007969539
0,0,0.057515286
0,0,0.003202476
0,0,0.008324183
0,0,0.004854565
0,0,0.0074610147
0,0,0.029150687
0,0,0.03947432
0,0,0.037944403
0,0,0.030686898
0,1,0.95402825
0,1,0.96205527
0,1,0.87193525
0,1,0.8232032
0,1,0.77316666
0,1,0.9024911
0,1,0.8865264
0,1,0.9221642
0,1,0.94135094
0,1,0.82567793
0,1,0.8849347
1,1,0.86895514
1,1,0.8773391
1,1,0.9351712
1,1,0.89840895
1,1,0.765063
1,1,0.7205882
1,1,0.859471
1,1,0.86579007
1,1,0.8167341
1,1,0.51202697
1,1,0.70377064
0,0,0.0011912362
0,0,0.00092863175
0,0,0.0012105884
0,0,0.004551339
0,0,0.00029996672
0,0,0.0005275068
0,0,0.00096565695
0,0,0.0017502108
0,0,0.0015268045
0,0,0.0007613911
0,0,0.0008407495
0,0,0.0022031907
0,0,0.00037949235
0,0,0.0056518367
0,0,0.004130501
0,0,0.0042904057
0,0,0.0054334328
0,0,0.0010339662
0,0,0.002088964
0,0,0.00350218
0,0,0.0049229497
0,0,0.0062470706
0,0,0.002050802
0,0,0.0031200647
0,0,0.0011685215
0,0,0.0013785529
0,0,0.0023583893
0,0,0.001894614
0,0,0.0015066887
0,0,0.004591649
0,0,0.003733389
0,0,0.0058712247
0,0,0.0028423136
0,0,0.059501737
0,0,0.023172254
0,0,0.06209966
0,0,0.07494985
0,0,0.019438757
0,0,0.014594567
0,0,0.016894516
0,0,0.012600833
0,0,0.005111532
0,0,0.010001666
0,0,0.0673118
0,0,0.04704424
0,0,0.023744732
0,0,0.04473814
0,0,0.049414013
0,0,0.1079168
0,0,0.091137536
0,0,0.13973169
0,0,0.067405105
0,0,0.04836207
0,0,0.11275263
0,0,0.08488344
0,0,0.021074293
0,1,0.76846
0,0,0.00789178
0,0,0.02331356
0,0,0.00206069
0,0,0.009808677
0,0,0.005347089
0,0,0.008063963
0,0,0.0019433552
0,0,0.009245203
0,0,0.007451042
0,0,0.04617594
0,0,0.14906271
0,0,0.0024190962
0,0,0.0020705478
0,0,0.054287735
0,0,0.02784506
0,0,0.0053064404
0,0,0.10121097
0,0,0.017905736
0,0,0.008347473
0,0,0.017095394
0,0,0.0009132183
0,0,0.0010442601
0,0,0.0018242649
0,0,0.083059564
0,0,0.067088045
0,0,0.041268524
0,0,0.022549586
0,0,0.07427043
0,0,0.10869836
0,0,0.02333074
0,0,0.0007884766
0,0,0.012874087
0,0,0.0075339447
0,0,0.024528718
0,0,0.00796039
0,0,0.013501027
0,0,0.02126327
0,0,0.0049533364
0,0,0.0429338
0,0,0.026313795
0,0,0.018522047
0,0,0.01678391
0,0,0.0019116419
0,0,0.003642915
0,1,0.77927065
0,1,0.762435
0,1,0.9227957
0,1,0.90413666
0,1,0.88834506
0,1,0.85469234
0,1,0.5040732
0,1,0.76995337
0,1,0.7994586
0,1,0.6025475
0,0,0.30770543
0,0,0.184232
0,1,0.8826177
0,1,0.9875022
0,1,0.95294034
0,1,0.70988864
0,1,0.74824595
0,1,0.59879035
0,1,0.7800015
0,1,0.9337975
0,1,0.96983397
0,1,0.95518166
0,1,0.5335157
0,1,0.819622
0,1,0.67437786
0,0,0.21903144
0,0,0.35479078
0,1,0.76021945
0,1,0.72582334
0,0,0.19396771
0,0,0.054258477
0,0,0.16368768
0,1,0.85992634
0,1,0.8645471
0,0,0.28568792
0,0,0.36684662
0,0,0.20217054
0,0,0.42530674
0,0,0.21014982
0,0,0.31542036
0,0,0.32726556
0,0,0.15922754
0,0,0.32683277
0,1,0.7699626
0,0,0.34279332
0,0,0.3173148
0,1,0.51647973
0,1,0.91868556
0,1,0.90468925
0,1,0.87790024
0,1,0.8973312
0,1,0.91413176
0,1,0.9042801
0,1,0.83731914
0,1,0.9846364
0,1,0.9680094
0,1,0.9635296
0,1,0.99208915
0,1,0.99545336
0,1,0.9936888
0,1,0.9688376
0,1,0.9805062
0,1,0.9008384
0,1,0.60517657
0,1,0.76396364
0,1,0.8616599
0,1,0.89048755
0,1,0.95053864
0,1,0.851058
0,1,0.62481683
0,0,0.47470537
0,1,0.83194697
0,1,0.86785513
0,1,0.91380334
0,1,0.90591764
0,1,0.5208915
0,1,0.76943856
0,0,0.021007454
0,0,0.09015528
0,0,0.034743525
0,0,0.0003020355
0,0,0.02953094
0,0,0.00454576
0,0,0.005764937
0,0,0.0148278875
0,0,0.05075129
0,0,0.028061807
0,0,0.00051229994
0,0,0.0011388401
0,0,0.00049815635
0,0,0.0012612982
0,0,0.008197057
0,0,0.0006217305
0,0,0.00067261787
0,0,0.0030457273
0,0,0.007465274
0,0,0.002798918
0,0,0.00081527163
0,0,0.009757431
0,0,0.022136208
0,0,0.0011243176
0,0,0.006548478
0,0,0.016708221
0,0,0.001417462
0,0,0.0017840518
0,0,0.013286077
0,0,0.009267348
0,0,0.012529307
0,0,0.013453774
0,0,0.0037303413
0,0,0.0653851
0,0,0.31735435
0,0,0.36910918
0,0,0.09401847
0,0,0.06444063
0,0,0.028131038
0,1,0.830372
0,1,0.6404263
0,0,0.37815017
0,0,0.36741257
0,0,0.06534342
0,0,0.0919932
0,0,0.05846871
0,0,0.055290777
0,0,0.27168223
0,0,0.19690189
0,0,0.09263324
0,0,0.0855219
0,0,0.015475116
0,0,0.23919359
0,0,0.16337216
0,0,0.051892277
0,0,0.012770051
0,0,0.0122203
0,0,0.0010994032
0,0,0.095798984
0,0,0.055622917
0,0,0.03843936
0,0,0.03897425
0,0,0.05542164
0,0,0.037590474
0,0,0.030480077
0,0,0.012832518
1,0,0.011717605
1,0,0.0006791448
1,0,0.0020705499
1,0,0.031954918
1,0,0.009185579
1,0,0.0045716437
1,0,0.024335911
1,0,0.021540679
1,0,0.03368351
1,0,0.053739563
1,0,0.0017463047
1,0,0.000662389
1,0,0.0006541384
1,0,0.0029214986
1,0,0.0024609307
1,0,0.00057075836
1,0,0.00042237533
1,0,0.002775775
1,0,0.0009759445
1,0,0.002076966
1,0,0.00011316433
1,0,0.00015477974
1,0,0.00041109908
1,0,0.00026894858
1,0,0.00029457183
1,0,0.0010051794
1,0,0.0003339266
1,0,0.0010383471
1,0,0.0030711228
1,0,0.000657628
1,0,0.00096891844
1,0,0.00044949062
1,0,0.0024256816
1,0,0.008270171
1,0,0.00077045726
1,0,0.19318675
1,1,0.5670495
1,1,0.7160293
1,1,0.5331502
1,1,0.90768766
1,1,0.87384045
1,1,0.93132186
1,1,0.9534689
1,1,0.8751043
1,1,0.9256196
1,1,0.906822
1,0,0.43245617
1,0,0.30572248
1,0,0.3606308
1,1,0.70718277
1,1,0.83026713
1,1,0.8220376
1,1,0.9082404
1,1,0.63807535
1,0,0.44530654
1,1,0.6283034
1,0,0.3948212
1,1,0.9857867
1,1,0.92773485
1,1,0.9381185
1,1,0.9968119
1,1,0.9990226
1,1,0.967449
1,1,0.97439617
1,1,0.9940188
1,1,0.95319027
1,1,0.98473895
1,1,0.9208635
1,1,0.896327
1,1,0.92750853
1,1,0.84685856
1,1,0.9702206
1,1,0.9612536
1,1,0.8113488
1,1,0.9303528
1,1,0.8892527
1,1,0.97025865
1,1,0.859807
1,1,0.8115208
1,1,0.91645885
1,1,0.8420802
1,1,0.8510513
1,1,0.68076587
1,1,0.8969331
1,1,0.91938996
1,1,0.88243073
1,1,0.9279097
1,1,0.87432045
1,1,0.66515535
1,0,0.477269
1,0,0.008913452
1,0,0.0023401948
1,0,0.03594804
1,0,0.02553083
1,0,0.018475411
1,0,0.01666737
1,0,0.009339195
1,0,0.020930205
1,0,0.008332874
1,0,0.008065493
1,0,0.001361636
1,0,0.0008579268
1,0,0.0038491804
1,0,0.0077261296
1,0,0.0069277184
1,0,0.0058321534
1,0,0.002229884
1,0,0.0049389764
1,0,0.0014996128
1,0,0.007357125
1,0,0.0076361336
1,0,0.0035255835
1,0,0.008574133
1,0,0.017542195
1,0,0.006082522
1,0,0.0011954921
1,0,0.00027815555
1,0,0.0008334717
1,0,0.0008344368
1,1,0.9546865
1,1,0.9451147
1,1,0.9884383
1,1,0.924381
1,1,0.9798717
1,1,0.9895774
1,1,0.9943473
1,1,0.9673072
1,1,0.84873533
1,1,0.9443461
1,1,0.96226317
1,1,0.96583664
1,1,0.9804821
1,1,0.9411728
1,1,0.7021421
1,1,0.6727275
1,1,0.7239301
1,1,0.64380735
1,1,0.93300337
1,1,0.8672082
1,1,0.7983491
1,1,0.9300464
1,0,0.0081216
1,0,0.01551746
1,0,0.02279237
1,0,0.021520644
1,0,0.008485411
1,0,0.03479047
1,0,0.06173921
1,0,0.006872579
1,0,0.0069992663
1,0,0.00852408
1,0,0.024114585
1,0,0.08717678
1,0,0.19272922
1,0,0.079055384
1,0,0.07097969
1,0,0.005023533
1,0,0.015165187
1,0,0.03836984
1,0,0.038169757
1,0,0.030022997
1,0,0.051250014
1,0,0.03455566
1,0,0.039562102
1,0,0.0071050143
1,0,0.01760157
1,0,0.01963284
1,0,0.015212248
1,0,0.026384575
1,0,0.05063997
1,0,0.019759716
1,0,0.025861116
1,0,0.064611934
1,0,0.08235441
1,0,0.03265253
1,0,0.030473927
1,0,0.01752423
1,0,0.018759979
1,0,0.02112631
1,0,0.012329705
1,0,0.023040205
1,0,0.06101895
1,0,0.055664103
1,0,0.08473945
1,0,0.061815035
1,0,0.007143438
1,0,0.01253915
1,0,0.025838647
1,0,0.096960075
1,0,0.070559144
1,0,0.08089555
1,0,0.25453502
1,0,0.19211908
1,0,0.09503784
1,0,0.08184709
1,0,0.049489696
0,0,0.016510313
0,0,0.013778165
0,0,0.011531123
0,0,0.030228198
0,0,0.018124644
0,0,0.0067044506
0,0,0.019624881
0,0,0.02713812
0,0,0.0418963
0,0,0.008547062
0,0,0.047918536
0,0,0.2585816
0,0,0.016756956
0,0,0.0059524793
0,0,0.0043758815
0,0,0.032692
0,0,0.013907615
0,0,0.013095159
0,0,0.010942089
0,0,0.013645535
0,0,0.00817975
0,0,0.008834694
0,0,0.029409712
0,0,0.003138869
0,0,0.0016769503
0,0,0.0036432494
0,0,0.0041501475
0,0,0.0021738054
0,0,0.013189757
0,0,0.02462057
0,0,0.0064314357
0,0,0.022588227
0,0,0.040207945
0,0,0.032830447
0,0,0.0073931958
0,0,0.038692247
0,0,0.044269256
0,0,0.036852013
0,0,0.049298067
0,0,0.03503684
0,0,0.013354916
0,0,0.08037966
0,0,0.023099791
0,0,0.02714282
0,0,0.025598241
0,0,0.032740448
1,1,0.77728873
1,1,0.92266977
1,1,0.8532307
1,1,0.6509916
1,1,0.88899195
1,1,0.852671
1,1,0.5197774
1,1,0.81838465
1,1,0.83858037
1,1,0.9171498
1,1,0.96676254
1,1,0.8397644
1,1,0.82258373
1,1,0.7133892
1,1,0.64668673
1,1,0.71050423
1,1,0.5038454
1,1,0.80095893
1,1,0.90894896
1,1,0.8044818
1,1,0.9465597
1,1,0.9102266
0,0,0.4395157
0,1,0.7448202
0,1,0.9491768
0,0,0.18282123
0,1,0.55081165
0,0,0.23887108
0,1,0.8732535
0,0,0.47968844
0,1,0.8846719
0,1,0.895858
0,1,0.604788
1,1,0.51813155
1,0,0.25881565
1,0,0.19785817
1,0,0.061303712
1,0,0.12353011
1,0,0.3340205
1,0,0.13267049
1,0,0.12791385
1,0,0.3297669
1,0,0.059134994
1,0,0.15293567
1,0,0.42363626
1,1,0.65176296
1,1,0.7439346
1,1,0.69312114
1,1,0.5290022
1,1,0.5514942
1,1,0.51712126
1,1,0.7370909
1,0,0.42894486
1,0,0.48369846
1,0,0.46722966
0,0,0.0033220283
0,0,0.0022989977
0,0,0.00034543642
0,0,0.00022756481
0,0,0.00015570344
0,0,0.0001450411
0,0,0.00021108684
0,0,0.00025109245
0,0,0.00031027163
0,0,0.0007726328
0,0,0.0004648033
0,0,0.0008442179
0,0,0.0010995917
0,0,0.001357643
0,0,0.00055798196
0,0,0.00013176125
0,0,0.00017518777
0,0,0.0005283648
0,0,0.0002590283
0,0,0.00016932079
0,0,0.0001772256
0,0,0.0004946622
0,0,0.0005596824
0,0,0.00086090725
0,0,0.00070257334
0,0,0.00068711175
0,0,0.00032577233
0,0,0.0001229974
0,0,0.00029189195
1,1,0.97242534
1,1,0.8390237
1,1,0.86590946
1,1,0.95919347
1,1,0.85080457
1,1,0.76525956
1,1,0.87954587
1,0,0.31985453
1,1,0.6152666
1,0,0.3893847
1,1,0.7449473
1,1,0.6816462
1,1,0.8031436
1,1,0.80621755
1,1,0.97207695
1,1,0.84513015
1,1,0.89232534
1,1,0.96974474
1,1,0.9176691
1,1,0.91092026
1,1,0.9867971
1,1,0.9783967
1,0,0.15461685
1,0,0.030953841
1,0,0.014082496
1,0,0.06551123
1,0,0.06362241
1,0,0.46403342
1,0,0.11351783
1,0,0.11379578
1,0,0.022171214
1,0,0.021239934
1,0,0.016300986
1,0,0.050781183
1,0,0.0095081
1,0,0.04953271
1,0,0.015202235
1,0,0.008046254
1,0,0.02171751
1,0,0.030215118
1,0,0.013292887
1,0,0.00076923176
1,0,0.0070555327
1,0,0.010137697
1,0,0.018318616
1,0,0.011780895
1,0,0.084058456
1,0,0.0096959965
1,0,0.012172717
1,0,0.07840252
1,0,0.04393223
1,0,0.11693641
1,0,0.04549599
1,0,0.005281975
1,0,0.031330448
1,0,0.011950975
1,0,0.008621407
1,0,0.040522583
1,0,0.08197881
1,0,0.04471013
1,0,0.028322002
1,0,0.0068348413
1,0,0.0029739705
1,0,0.007966742
1,0,0.0090937205
1,0,0.0016466264
1,0,0.011085017
1,0,0.018627834
1,0,0.007957044
1,0,0.021251883
1,0,0.028549982
1,0,0.009298809
1,0,0.031857748
1,0,0.009452666
1,0,0.024235176
1,0,0.15304269
1,0,0.061432615
0,0,0.28931662
0,0,0.42333332
0,0,0.248692
0,0,0.33358768
0,0,0.22263178
0,0,0.12890732
0,0,0.4796085
0,1,0.6518896
0,0,0.40410995
0,0,0.46215653
0,0,0.22591159
0,0,0.1570616
0,0,0.3383117
0,0,0.2963747
0,0,0.07020376
0,0,0.07422952
0,0,0.060732048
0,0,0.026345735
0,0,0.11284411
0,0,0.19312695
0,0,0.10316119
0,0,0.030793454
0,0,0.0698524
0,0,0.07160239
0,0,0.13001338
0,0,0.09652799
0,0,0.038198706
0,0,0.039609
0,0,0.057187136
0,0,0.1671285
0,0,0.14045216
0,0,0.10854787
0,0,0.03267568
0,0,0.066452645
0,0,0.06319116
0,0,0.12077366
0,0,0.06256306
0,0,0.21207021
0,0,0.16216195
0,0,0.48358646
0,0,0.35464746
0,0,0.080811374
0,0,0.35905513
0,0,0.3852541
0,0,0.4017585
0,0,0.3898852
0,0,0.4215972
0,0,0.06232076
0,0,0.19148517
0,0,0.22716403
0,1,0.50737095
0,1,0.7913477
0,0,0.13373111
0,0,0.31612143
0,1,0.5060091
0,0,0.2243534
0,0,0.22483394
1,0,0.261155
1,0,0.15706332
1,0,0.18117873
1,0,0.40967867
1,0,0.1485041
1,1,0.62570196
1,0,0.11331297
1,0,0.28139985
1,1,0.503419
1,0,0.46938688
1,1,0.86912054
1,1,0.7469916
1,1,0.6890305
1,0,0.35449842
1,1,0.64267004
1,0,0.45979065
1,1,0.6392748
1,1,0.64166445
1,0,0.10745008
1,0,0.2769373
1,1,0.7418982
1,1,0.7155822
1,1,0.69699115
1,1,0.6236008
1,0,0.45112252
1,1,0.7245849
1,0,0.37953106
1,1,0.78328896
1,1,0.65690035
1,1,0.8611488
1,1,0.9333267
1,1,0.66733664
1,1,0.9347902
1,1,0.5481056
1,1,0.7006224
1,1,0.824543
1,1,0.7997941
1,1,0.78591806
1,1,0.513371
1,0,0.37288466
1,0,0.44569618
1,1,0.77401286
1,1,0.5086175
1,0,0.45521498
0,0,0.3544168
0,0,0.348339
0,0,0.26876506
0,0,0.18015984
0,0,0.1378249
0,0,0.15972592
0,0,0.2694752
0,0,0.33579493
0,0,0.055215977
0,0,0.13189285
0,0,0.0997911
0,0,0.43256667
0,0,0.30693385
0,0,0.114622094
0,0,0.38809854
0,0,0.3285711
0,0,0.07605735
0,0,0.18189555
0,0,0.16308872
0,0,0.066266574
0,0,0.2558036
0,0,0.301339
0,0,0.06278726
0,0,0.04654823
0,0,0.41763094
0,0,0.1020069
0,0,0.105618335
0,0,0.07383581
0,1,0.53353953
1,1,0.50663257
1,1,0.53323466
1,1,0.6585497
1,1,0.67114526
1,1,0.7549219
1,1,0.71586084
1,1,0.79951215
1,0,0.39102444
1,0,0.3031922
1,1,0.5538598
1,1,0.68178624
1,0,0.2376122
1,0,0.105430566
1,0,0.26821998
1,1,0.6609393
1,0,0.23015739
1,0,0.22484897
1,0,0.15016682
1,0,0.31922182
1,0,0.24833587
1,0,0.2552858
1,0,0.30031785
0,0,0.17871508
0,0,0.101294816
0,0,0.17266975
0,0,0.41790533
0,0,0.29604653
0,0,0.36837342
0,1,0.65026116
0,0,0.09423487
0,0,0.34373933
0,0,0.27176288
0,0,0.30079088
0,0,0.15075757
0,1,0.5601956
0,0,0.1593432
0,0,0.32482
0,0,0.087829225
0,0,0.1982456
0,0,0.21813259
0,0,0.23412704
0,0,0.42168355
0,0,0.29227537
0,0,0.28910542
0,0,0.47551414
0,1,0.5488665
0,0,0.39045388
0,1,0.8907983
0,1,0.9260689
0,1,0.618501
0,0,0.45999485
0,0,0.21472059
0,0,0.46359158
0,1,0.82616246
0,0,0.39070004
1,0,0.11112762
1,0,0.08198416
1,0,0.11677334
1,0,0.16066332
1,0,0.1822783
1,0,0.40645117
1,0,0.07769563
1,0,0.17053322
1,0,0.088088594
1,0,0.42141172
1,0,0.23658293
1,0,0.2813158
1,0,0.32580957
1,0,0.16216755
1,0,0.16953906
1,0,0.20085868
1,0,0.33164284
1,0,0.27008295
1,0,0.19936575
1,1,0.69598615
1,0,0.31512812
1,0,0.3751815
0,0,0.010393782
0,0,0.08480749
0,0,0.07397203
0,0,0.02781395
0,0,0.111879274
0,0,0.20109887
0,0,0.28960994
0,0,0.03488526
0,0,0.018600643
0,0,0.10807659
0,0,0.15609594
1,0,0.03967736
1,0,0.0040600025
1,0,0.019796528
1,0,0.011267375
1,0,0.008861307
1,0,0.0092096
1,0,0.014872268
1,0,0.0065407613
1,0,0.020585965
1,0,0.010160417
1,0,0.04700524
1,0,0.040036548
1,0,0.0036430364
1,0,0.012903183
1,0,0.10346411
1,0,0.07147054
1,0,0.04858527
1,0,0.06462141
1,0,0.03569374
1,0,0.0033864744
1,0,0.0137638515
1,0,0.10583727
1,0,0.012384426
1,0,0.0044912873
1,0,0.016020793
1,0,0.04749839
1,0,0.007392426
1,0,0.01438782
1,0,0.040366184
1,0,0.056498233
1,0,0.120935515
1,0,0.067760386
1,0,0.024295773
1,0,0.026218401
1,0,0.078490146
1,1,0.8844947
1,1,0.7020694
1,1,0.81253326
1,0,0.2654186
1,1,0.6533328
1,1,0.96830946
1,1,0.9818018
1,1,0.9933768
1,1,0.82624733
1,1,0.8902074
1,1,0.9902874
0,1,0.97685176
0,1,0.9623659
0,1,0.9314472
0,1,0.95865947
0,1,0.9924198
0,1,0.9941613
0,1,0.8914685
0,1,0.97131586
0,1,0.95949787
0,1,0.98951644
0,1,0.98549587
0,1,0.8388196
0,1,0.81292546
0,1,0.9049474
0,1,0.5560832
0,0,0.26537144
0,1,0.846283
0,1,0.9476594
0,1,0.9239546
0,1,0.8900964
0,0,0.35872558
0,0,0.40495965
1,1,0.9579105
1,1,0.9978861
1,1,0.9959955
1,1,0.97336346
1,1,0.9644712
1,1,0.90256083
1,1,0.76748514
1,1,0.95788455
1,1,0.9927899
1,1,0.6474197
1,1,0.8974342
1,1,0.9547301
1,1,0.95144546
1,1,0.9353625
1,0,0.46330047
1,1,0.7209412
1,1,0.66402584
1,1,0.9478999
1,1,0.9873806
1,1,0.7942211
1,1,0.69152683
1,1,0.9179375
0,0,0.08770393
0,0,0.0027698602
0,0,0.006810917
0,0,0.12006248
0,0,0.027762847
0,0,0.017579155
0,0,0.024718948
0,0,0.1402806
0,0,0.08683599
0,0,0.44641778
0,0,0.075256854
0,0,0.15923697
0,0,0.010070479
0,0,0.0028228892
0,0,0.0020088542
0,0,0.0128023075
0,0,0.012167831
0,0,0.024617095
0,0,0.02691138
0,0,0.036358442
0,0,0.03196851
0,0,0.0475817
0,0,0.04843453
0,0,0.09846366
0,0,0.34474522
0,0,0.16674817
0,0,0.09275525
0,0,0.027250482
0,0,0.05465488
1,1,0.973977
1,1,0.9174479
1,1,0.8985255
1,0,0.44761693
1,1,0.8978202
1,1,0.9746739
1,1,0.91621
1,1,0.85454553
1,0,0.41768664
1,1,0.8879448
1,1,0.5623537
1,1,0.98419917
1,1,0.73520744
1,1,0.9562058
1,1,0.98198444
1,1,0.98340434
1,1,0.96894485
1,1,0.978026
1,1,0.9765079
1,1,0.98336905
1,1,0.89938223
1,1,0.8898515
0,0,0.030171372
0,0,0.015959976
0,0,0.008188038
0,0,0.012486419
0,0,0.007764466
0,0,0.02820329
0,0,0.042778935
0,0,0.05906128
0,0,0.06296643
0,0,0.052589167
0,0,0.22775395
0,0,0.113114335
0,0,0.017432004
0,0,0.0066803694
0,0,0.013813288
0,0,0.053798616
0,0,0.007835448
0,0,0.04661006
0,0,0.013296889
0,0,0.033108074
0,0,0.080454655
0,0,0.07318087
0,0,0.035226602
0,0,0.07914298
0,0,0.082112364
0,0,0.1385085
0,0,0.3429012
0,0,0.15795073
0,0,0.03756877
0,0,0.16564205
0,0,0.2551738
0,0,0.059133656
0,0,0.07825993
0,0,0.15819326
0,0,0.040559627
0,0,0.024018418
0,0,0.03776228
0,0,0.31888598
0,0,0.010574074
0,0,0.16414237
0,0,0.14572175
0,0,0.015926534
0,0,0.12158677
0,0,0.049006544
0,0,0.13396756
0,0,0.085148044
0,0,0.030468632
0,0,0.012874778
0,0,0.019506613
0,0,0.3880247
0,0,0.16421337
0,0,0.40324926
0,0,0.38349843
0,0,0.20236881
0,0,0.019179124
0,0,0.0013654225
0,0,0.0022492402
0,0,0.026857974
0,0,0.02507825
0,0,0.024641747
0,0,0.007756832
0,0,0.009875626
0,0,0.0053634234
0,0,0.0037977737
0,0,0.0033953807
0,0,0.003721125
0,0,0.010441096
0,0,0.0041031158
0,0,0.001766125
0,0,0.0027441748
0,0,0.0013501323
0,0,0.00027084327
0,0,0.0003441028
0,0,0.0014666645
0,0,0.0009002995
0,0,8.762466e-05
0,0,4.153882e-05
0,0,1.4590363e-05
0,0,1.7887836e-05
0,0,0.00036427562
0,0,0.00022658985
0,0,0.00011984048
0,0,0.00010066485
0,0,0.0003285335
0,0,0.00016941849
0,0,0.00015941271
0,0,4.0843952e-05
0,0,0.00088091724
0,0,0.0011503142
0,0,0.00024938298
0,0,0.00060814375
0,0,0.0011897264
0,0,0.0012183094
0,0,0.00046691636
0,0,0.00036035432
0,0,0.0025389413
0,0,0.005619032
0,0,0.002096606
0,0,0.0011843453
0,0,0.0011908608
0,0,0.00063692866
1,1,0.9104278
1,1,0.91612124
1,1,0.79532754
1,1,0.8055337
1,1,0.7885283
1,1,0.91938335
1,1,0.99304694
1,1,0.990292
1,1,0.9820402
1,1,0.993772
1,1,0.9979243
1,1,0.7880466
1,1,0.5043293
1,0,0.34885025
1,1,0.7061861
1,0,0.24452825
1,1,0.66348803
1,1,0.75115746
1,1,0.7707022
1,1,0.70952266
1,1,0.5346535
1,0,0.42694697
1,1,0.89959043
1,1,0.91039824
1,1,0.8690969
1,1,0.960162
1,1,0.58562565
1,0,0.26309603
1,1,0.8613672
1,1,0.77125037
1,1,0.9181759
1,1,0.7897665
1,1,0.85310006
1,1,0.9487167
1,1,0.94736946
1,1,0.97264737
1,1,0.9862466
1,1,0.9862276
1,1,0.9699654
1,1,0.9517922
1,1,0.95551866
1,1,0.80377173
1,1,0.94216794
1,1,0.98727626
1,1,0.8472532
1,1,0.78933465
1,0,0.294287
1,1,0.7749057
1,1,0.78271335
1,0,0.24705765
1,0,0.11079321
1,0,0.18819778
1,1,0.60049117
1,1,0.93535733
1,1,0.8181132
0,0,0.043656614
0,0,0.016839711
0,0,0.0093120355
0,0,0.04218932
0,0,0.022972804
0,0,0.041247435
0,0,0.053346276
0,0,0.010636758
0,0,0.030615933
0,0,0.031383667
0,0,0.053004395
0,0,0.033820033
0,0,0.039169505
0,0,0.010082416
0,0,0.039072014
0,0,0.037212044
0,0,0.054804202
0,0,0.02640146
0,0,0.07696953
0,0,0.05836512
0,0,0.09664791
0,0,0.03148737
0,0,0.043612234
0,0,0.029363483
0,0,0.055600923
0,0,0.017472666
0,0,0.0529349
0,0,0.015301569
0,0,0.02543957
0,0,0.33893493
0,1,0.5488071
0,1,0.87596416
0,1,0.9317238
0,1,0.8890252
0,1,0.8011017
0,1,0.99046725
0,1,0.95886976
0,1,0.8213116
0,1,0.9241188
0,1,0.9520245
1,0,0.14467765
1,0,0.10991735
1,0,0.2149004
1,0,0.15875602
1,1,0.84451455
1,0,0.37787688
1,0,0.2910201
1,0,0.31176478
1,1,0.7891197
1,0,0.22823143
1,1,0.659648
0,0,0.0064407084
0,0,0.0066454015
0,0,0.006504233
0,0,0.013457027
0,0,0.008080648
0,0,0.004648043
0,0,0.004905445
0,0,0.008752133
0,0,0.0061147986
0,0,0.03270562
0,0,0.015840914
0,0,0.03098797
0,0,0.018686458
0,0,0.0052371593
0,0,0.032430146
0,0,0.013585671
0,0,0.19570833
0,0,0.03257401
0,0,0.0034882475
0,0,0.019118877
0,0,0.0861576
0,0,0.22812442
0,0,0.04201438
0,0,0.09001303
0,0,0.013217224
0,0,0.0019476236
0,0,0.033404432
0,0,0.033207268
0,0,0.015045683
0,0,0.031740315
0,0,0.041164085
0,0,0.12040622
0,0,0.12413634
0,0,0.07088566
0,0,0.0048471135
0,0,0.0016984134
0,0,0.008237387
0,0,0.006879075
0,0,0.013508579
0,0,0.023351206
0,0,0.15958017
0,0,0.0122746695
0,0,0.014902065
0,0,0.030297272
0,0,0.014383261
0,0,0.031132324
0,0,0.007429058
0,0,0.0078116935
0,0,0.0074581504
0,0,0.016109267
0,0,0.029243069
0,0,0.014840479
0,0,0.0026141775
0,0,0.018550823
0,0,0.01106552
0,0,0.00081082835
0,0,0.00016328665
0,0,0.023981616
0,0,0.047092073
0,0,0.012307195
0,0,0.026903173
0,0,0.01136264
0,0,0.0050451937
0,0,0.068494685
0,0,0.01601926
0,0,0.006073715
0,0,0.0636939
0,0,0.037795164
0,0,0.0059848875
0,0,0.005505468
0,0,0.0010124722
0,0,0.0021668186
0,0,0.00152608
0,0,0.0021776138
0,0,0.00094833353
0,0,0.0067387116
0,0,0.010401568
0,0,0.0020702581
0,0,0.0074820505
0,0,0.030999113
0,0,0.00030970064
0,0,0.004575797
0,0,0.012699406
0,0,0.00485094
0,0,0.001039521
0,0,0.003050969
0,0,0.0012911119
0,0,0.0013902725
0,0,0.000801998
0,0,0.010789452
0,0,0.0056635244
0,0,0.006594655
0,0,0.0078016985
0,0,0.0038176589
0,0,0.0013750376
0,0,0.008695902
0,0,0.003138954
0,0,0.0013852173
0,0,0.00093193434
0,0,0.006920525
0,0,0.0055797775
0,1,0.7745716
0,1,0.6634891
0,1,0.5672454
0,1,0.6024144
0,1,0.69960636
0,1,0.53140396
0,0,0.27155066
0,0,0.37001255
0,0,0.151864
0,0,0.2880133
0,1,0.887224
0,1,0.8246887
0,1,0.73225963
0,1,0.9830405
0,1,0.98533106
0,1,0.98250175
0,1,0.9404089
0,1,0.88062286
0,1,0.98879915
0,1,0.99467397
0,1,0.99442095
0,1,0.98974717
0,1,0.9991848
0,1,0.99614775
0,1,0.99454826
0,1,0.95543355
0,1,0.91247934
0,1,0.9744503
0,1,0.97712004
0,1,0.9749921
0,1,0.9381563
0,1,0.9895634
0,1,0.9773192
0,1,0.8756756
0,1,0.94358325
0,1,0.9711827
0,1,0.97556996
0,1,0.9838696
0,1,0.9448097
0,1,0.95477456
0,1,0.9979031
0,1,0.9504883
0,1,0.96373016
0,1,0.980427
0,1,0.9979785
0,1,0.9996555
0,1,0.9997652
0,1,0.99848145
0,1,0.99873334
0,1,0.9993857
0,1,0.9962663
0,1,0.9959221
0,1,0.9987515
0,1,0.9991565
0,1,0.9920185
0,0,0.026125848
0,0,0.0060237446
0,0,0.05829446
0,0,0.041954912
0,0,0.042688474
0,0,0.13669907
0,0,0.021218253
0,0,0.015869979
0,0,0.111825965
0,0,0.05301535
0,0,0.01852239
0,0,0.07235163
0,0,0.09009923
0,0,0.14204973
0,0,0.03676483
0,0,0.05373056
0,0,0.068506196
0,0,0.11368294
0,0,0.20121121
0,0,0.08147401
0,0,0.08104446
0,0,0.16384499
0,0,0.08155505
0,0,0.101653196
0,0,0.25291273
0,0,0.03355891
0,0,0.09112643
0,0,0.052004408
0,0,0.18320465
0,1,0.9764181
0,1,0.9961429
0,1,0.9973475
0,1,0.9976908
0,1,0.9336023
0,1,0.9948407
0,1,0.99307406
0,1,0.99383765
0,1,0.99468356
0,1,0.997306
0,1,0.98622596
0,1,0.91688335
0,1,0.9903088
0,1,0.9948257
0,1,0.9925224
0,1,0.9987136
0,1,0.99674076
0,1,0.98930347
0,1,0.99924004
0,1,0.989579
0,1,0.98617935
0,1,0.9973775
0,0,0.0049680616
0,0,0.025493618
0,0,0.004795083
0,0,0.069982655
0,0,0.052465517
0,0,0.01864264
0,0,0.0057865717
0,0,0.086964846
0,0,0.016564189
0,0,0.0007231395
0,0,0.014085496
0,0,0.009261146
0,0,0.0021294127
0,0,0.0012965446
0,0,0.0006857926
0,0,0.0003733937
0,0,0.00067989307
0,0,0.0005208287
0,0,0.010424869
0,0,0.020605264
0,0,0.022687437
0,0,0.01877205
0,0,0.007591274
0,0,0.060553156
0,0,0.02545845
0,0,0.08307224
0,0,0.09224148
0,0,0.10560033
0,0,0.040324975
0,0,0.0014910295
0,0,0.004128655
0,0,0.0071164337
0,0,0.004175333
0,0,0.008718279
0,0,0.0036405434
0,0,0.0141170975
0,0,0.0063885027
0,0,0.0019989393
0,0,0.0014091716
0,0,0.0017882984
0,0,0.0013842935
0,0,0.001205438
0,0,0.00086861517
0,0,0.002519367
0,0,0.0025810648
0,0,0.0029451903
0,0,0.0004936377
0,0,0.002074783
0,0,0.00090820057
0,0,0.0013426412
0,0,0.000674715
0,0,0.007015518
0,0,0.018937623
0,0,0.0065145358
0,0,0.023857515
0,0,0.020373559
0,0,0.011628043
0,0,0.0020302585
0,0,0.0046064467
0,0,0.0027029263
0,0,0.018998662
0,0,0.06773657
0,0,0.0803208
0,0,0.08899724
0,0,0.06967129
0,0,0.37119427
0,0,0.0041517443
0,0,0.0010455262
0,0,0.0017981105
0,0,0.0074406387
0,0,0.08818335
0,0,0.025034966
0,0,0.009650901
0,0,0.00042483394
0,0,0.0012598255
0,0,0.008320663
0,0,0.0032014134
0,0,0.0037261948
0,0,0.03285115
0,0,0.01625496
0,0,0.0075842934
0,0,0.010042428
0,0,0.006976991
0,0,0.0030975067
0,0,0.00442735
0,0,0.0037340147
0,0,0.00211578
0,0,0.004363167
0,0,0.01153924
0,0,0.013711017
0,0,0.035539467
0,0,0.010595589
0,0,0.005583798
0,0,0.0048256624
0,0,0.047740523
0,0,0.008414716
0,0,0.0050224387
0,0,0.019803107
0,0,0.009701987
0,0,0.022008318
0,0,0.009010307
1,1,0.9966653
1,1,0.9942154
1,1,0.98145443
1,1,0.9761069
1,1,0.94634646
1,1,0.9889369
1,1,0.9670952
1,1,0.97888213
1,1,0.97063327
1,1,0.96650195
1,1,0.97396785
1,1,0.9932051
1,1,0.9906658
1,1,0.9840149
1,1,0.9873869
1,1,0.9977398
1,1,0.9828371
1,1,0.91694
1,1,0.86078626
1,1,0.9498261
1,1,0.9537741
1,1,0.9729144
1,1,0.91942275
1,1,0.942646
1,0,0.271881
1,0,0.35558408
1,1,0.8679275
1,1,0.8616959
1,1,0.9519759
1,1,0.7430971
1,1,0.77479184
1,1,0.7786303
1,1,0.9331066
0,1,0.98140115
0,1,0.94860715
0,1,0.7674382
0,1,0.8490303
0,1,0.89448565
0,1,0.9499142
0,1,0.6179247
0,1,0.8408991
0,1,0.79309094
0,1,0.70711005
0,0,0.3644624
0,1,0.5807301
0,1,0.61288214
0,1,0.65391606
0,1,0.9066326
0,1,0.78006095
0,1,0.67474097
0,1,0.9216307
0,1,0.8053606
0,1,0.5675484
0,1,0.5744163
0,0,0.4565986
0,0,0.0041776034
0,0,0.0010341977
0,0,0.000105427964
0,0,0.0012802228
0,0,0.0016587734
0,0,0.0015337915
0,0,0.0007155713
0,0,0.0007399747
0,0,0.0007181102
0,0,0.0024073895
0,0,0.0006399787
0,0,0.003397408
0,0,0.00079262635
0,0,0.0030130611
0,0,0.0020117594
0,0,0.0010502017
0,0,0.0016416266
0,0,0.0023222454
0,0,0.0005363779
0,0,0.00010011134
0,0,6.9149464e-05
0,0,0.00053729326
0,0,0.00027353514
0,0,0.00026680456
0,0,0.0015613172
0,0,0.0004411644
0,0,0.0003849541
0,0,0.00032335386
0,0,0.00046276348
1,1,0.9979285
1,1,0.99692994
1,1,0.9987723
1,1,0.99791807
1,1,0.99180895
1,1,0.9775009
1,1,0.9750084
1,1,0.97096527
1,1,0.9870746
1,1,0.9965875
1,1,0.9421861
1,1,0.9900075
1,1,0.95509684
1,1,0.8296954
1,1,0.9250329
1,1,0.8619542
1,1,0.61850566
1,1,0.61988056
1,1,0.65547454
1,1,0.5368796
1,1,0.8015864
1,1,0.70769024
0,0,0.034842357
0,0,0.038145572
0,0,0.03238888
0,0,0.015234342
0,0,0.020101888
0,0,0.020003233
0,0,0.011345026
0,0,0.023811538
0,0,0.031194057
0,0,0.05691622
0,0,0.12680277
0,0,0.09570995
0,0,0.008117499
0,0,0.032993406
0,0,0.018376088
0,0,0.008032396
0,0,0.0028314337
0,0,0.0008086398
0,0,0.0004962443
0,0,0.010268966
0,0,0.024091905
0,0,0.014705666
0,0,0.008101792
0,0,0.0065556415
0,0,0.0668273
0,0,0.009295198
0,0,0.009431481
0,0,0.08311954
0,0,0.030982578
0,0,0.044734184
0,0,0.024106005
0,0,0.022541711
0,0,0.03255562
0,0,0.007270396
0,0,0.0046376684
0,0,0.0033924938
0,0,0.025673188
0,0,0.013696369
0,0,0.014784762
0,0,0.01474318
0,0,0.016289612
0,0,0.0323231
0,0,0.033724554
0,0,0.13753523
0,0,0.13691482
0,0,0.006853891
0,0,0.024927279
0,0,0.04068595
0,0,0.018764881
0,0,0.030008797
0,0,0.023828706
0,0,0.029889489
0,0,0.05186728
0,0,0.0137096755
0,0,0.016552191
0,0,0.0049789045
0,0,0.007274728
0,0,0.00042635924
0,0,0.0006600312
0,0,0.0014584061
0,0,0.0029123873
0,0,0.004854295
0,0,0.0032824024
0,0,0.0063786637
0,0,0.005787902
0,0,0.0031103627
0,0,0.01174714
0,0,0.020732839
0,0,0.004866239
0,0,0.0012579102
0,0,0.0026037463
0,0,0.00041245273
0,0,0.0004591829
0,0,0.0026447363
0,0,0.0009496862
0,0,0.0038359023
0,0,0.005557027
0,0,0.008909493
0,0,0.0018051622
0,0,0.0013690828
0,0,0.0017713137
0,0,0.00056938804
0,0,0.0005342751
0,0,0.00017678154
0,0,8.408107e-05
0,0,0.00022486145
0,0,0.0001921531
0,0,0.00083037023
0,0,0.002134185
0,0,0.004892033
0,0,0.0008025083
0,0,0.0016498475
0,0,0.0046305684
0,0,0.0007312939
0,0,0.0020474275
0,0,0.0002613101
0,0,0.007585988
0,0,0.00080486975
0,0,0.0037981633
0,0,0.0036208578
0,0,0.0009760082
1,1,0.9893128
1,1,0.99232906
1,1,0.9862655
1,1,0.9537835
1,1,0.97510356
1,1,0.99651635
1,1,0.9926997
1,1,0.96837056
1,1,0.9850258
1,1,0.88995
1,1,0.96136075
1,1,0.94857776
1,1,0.9684732
1,1,0.94817346
1,1,0.8523513
1,1,0.9859723
1,1,0.9850463
1,1,0.9888714
1,1,0.9005598
1,0,0.43236834
1,1,0.8827606
1,1,0.9416776
1,1,0.98616344
1,1,0.99734867
1,1,0.98398155
1,1,0.99407625
1,1,0.97837526
1,1,0.98822254
1,1,0.9932662
1,1,0.986535
1,1,0.90305424
1,1,0.9964071
1,1,0.92578965
0,0,0.34562752
0,0,0.38339165
0,1,0.92160267
0,0,0.34880036
0,1,0.57038397
0,1,0.6815336
0,0,0.38581362
0,1,0.6210569
0,1,0.73549217
0,1,0.9871836
0,1,0.9385934
0,1,0.9760686
0,1,0.62575924
0,1,0.74766177
0,1,0.97243744
0,1,0.99193054
0,1,0.8301519
0,1,0.8257155
0,1,0.86835444
0,1,0.7210238
0,1,0.8191999
0,1,0.9502826
0,0,0.0335939
0,0,0.104900606
0,0,0.050901067
0,0,0.000534216
0,0,0.006850759
0,0,0.0218089
0,0,0.059256956
0,0,0.010989999
0,0,0.024814477
0,0,0.009371836
0,0,0.009155964
0,0,0.0068499027
0,0,0.010513181
0,0,0.03222182
0,0,0.031464383
0,0,0.036753763
0,0,0.013137175
0,0,0.02202006
0,0,0.016329614
0,0,0.04126667
0,0,0.18119983
0,0,0.0045387074
0,0,0.04395143
0,0,0.01006062
0,0,0.015566504
0,0,0.032905605
0,0,0.060411226
0,0,0.014063958
0,0,0.012224946
1,1,0.7921249
1,1,0.97128445
1,1,0.97558933
1,1,0.9850738
1,1,0.8875077
1,1,0.97801536
1,1,0.6654256
1,0,0.47022352
1,1,0.9498155
1,1,0.82419395
1,1,0.9184955
1,1,0.9452838
1,1,0.989101
1,1,0.981309
1,1,0.9992424
1,1,0.9981116
1,1,0.999193
1,1,0.99592775
1,1,0.9886952
1,1,0.99788314
1,1,0.99700075
1,1,0.9724868
0,0,0.0028712992
0,0,0.004218235
0,0,0.00708321
0,0,0.021926451
0,0,0.014827741
0,0,0.008148279
0,0,0.007259173
0,0,0.009411478
0,0,0.024402643
0,0,0.0194765
0,0,0.21804169
0,0,0.0309686
0,0,0.010634209
0,0,0.014745873
0,0,0.04478839
0,0,0.10031606
0,0,0.04172409
0,0,0.012067535
0,0,0.051845547
0,0,0.017848738
0,0,0.013769964
0,0,0.024935855
0,0,0.004337099
0,0,0.018281609
0,0,0.034499478
0,0,0.11429851
0,0,0.012534045
0,0,0.0027318706
0,0,0.010313598
0,0,0.020052332
0,0,0.112034604
0,0,0.087794006
0,0,0.014169641
0,0,0.14175977
0,0,0.0677869
0,0,0.22160555
0,0,0.02078346
0,0,0.18053907
0,0,0.09907598
0,0,0.06414733
0,0,0.09698195
0,0,0.13278274
0,0,0.02340648
0,0,0.04896445
0,0,0.084876515
0,0,0.0559044
0,0,0.022778992
0,0,0.008005451
0,0,0.0068434794
0,0,0.031277586
0,0,0.0086815115
0,0,0.0274638
0,0,0.0227582
0,0,0.0131042395
0,0,0.043095272
0,0,0.006306169
0,0,0.003873611
0,0,0.0023405545
0,0,0.0029257399
0,0,0.0044182986
0,0,0.0019609474
0,0,0.0045371978
0,0,0.0024498447
0,0,0.004855705
0,0,0.0054136016
0,0,0.0017353459
0,0,0.0048994413
0,0,0.006390135
0,0,0.002966262
0,0,0.00024929384
0,0,0.0010707338
0,0,0.0015987806
0,0,0.0068396307
0,0,0.14627968
0,0,0.032959227
0,0,0.09611052
0,0,0.03337051
0,0,0.0056260433
0,0,0.0124124
0,0,0.010379058
0,0,0.017110713
0,0,0.0036230485
0,0,0.009963669
0,0,0.010618362
0,0,0.053387903
0,0,0.05160814
0,0,0.03360199
0,0,0.04118546
0,0,0.021840854
0,0,0.016503423
0,0,0.055737387
0,0,0.1656786
0,0,0.15153074
0,0,0.007942892
0,0,0.026868746
0,0,0.010973205
0,0,0.013210975
0,0,0.0071404763
0,0,0.007999485
0,0,0.0050499327
0,0,0.0025170653
1,1,0.89751625
1,1,0.9617194
1,1,0.7403484
1,1,0.94823295
1,1,0.98956406
1,1,0.85873157
1,1,0.83184767
1,0,0.4843179
1,1,0.8128901
1,1,0.8408838
1,1,0.8312626
1,1,0.57939416
1,1,0.70259583
1,1,0.9487789
1,1,0.6244916
1,0,0.33193442
1,1,0.66010463
1,1,0.6141442
1,0,0.38170934
1,0,0.24825494
1,0,0.15257181
1,0,0.23757355
1,1,0.9422063
1,1,0.9797967
1,1,0.50766814
1,1,0.88761145
1,1,0.74417484
1,1,0.6254469
1,1,0.66554
1,1,0.932716
1,1,0.9667758
1,1,0.9141887
1,1,0.78175
1,1,0.84873337
1,0,0.49201018
1,1,0.80896205
1,1,0.8448074
1,0,0.43996295
1,1,0.9271461
1,1,0.7621259
1,1,0.811973
1,1,0.8536987
1,1,0.8551647
1,1,0.7395971
0,1,0.90632373
0,1,0.92140484
0,1,0.9642995
0,1,0.96302783
0,1,0.899122
0,1,0.9805142
0,1,0.8743596
0,1,0.84581447
0,0,0.24992932
0,1,0.84645826
0,1,0.7562128
0,0,0.0061280793
0,0,0.0106743025
0,0,0.019073984
0,0,0.007429072
0,0,0.0014122482
0,0,0.002251347
0,0,0.00076562824
0,0,0.019601904
0,0,0.0012894885
0,0,0.0069871736
0,0,0.0026274258
0,0,0.0016073388
0,0,0.0013949025
0,0,0.0014100865
0,0,0.0042546154
0,0,0.0036162075
0,0,0.0010072753
0,0,0.0047517326
0,0,0.0014102765
0,0,0.0020066116
0,0,0.003955888
0,0,0.002708844
0,0,0.008729925
0,0,0.019583588
0,0,0.009472111
0,0,0.003156865
0,0,0.004528707
0,0,0.011985168
0,0,0.0110606905
1,1,0.79168135
1,1,0.97144115
1,1,0.9341837
1,1,0.9215725
1,1,0.96346694
1,1,0.97414917
1,1,0.9668601
1,1,0.8861401
1,1,0.83816653
1,1,0.6503519
1,0,0.35694173
1,0,0.43929058
1,0,0.4556334
1,1,0.6097984
1,1,0.57762676
1,1,0.90559864
1,1,0.8630292
1,1,0.74394834
1,1,0.634113
1,1,0.6373298
1,1,0.52048683
1,1,0.83347356
1,0,0.018200485
1,0,0.010625278
1,0,0.0037217103
1,0,0.0045448667
1,0,0.0026203492
1,0,0.007789041
1,0,0.0015576733
1,0,0.0019702737
1,0,0.006345626
1,0,0.01439741
1,0,0.012244765
1,0,0.026709624
1,0,0.018306812
1,0,0.059058655
1,0,0.16248022
1,0,0.14952946
1,0,0.15283607
1,0,0.30722892
1,0,0.062355407
1,0,0.031554464
1,0,0.023754207
1,0,0.0067097843
1,0,0.009118491
1,0,0.040130574
1,0,0.010183424
1,0,0.0024849384
1,0,0.0057625957
1,0,0.006793644
1,0,0.05357188
1,0,0.02231111
1,0,0.049776547
1,0,0.015909012
1,0,0.0072529796
1,0,0.00616099
1,0,0.005563289
1,0,0.020902598
1,0,0.006264741
1,0,0.014640475
1,0,0.03279808
1,0,0.05701564
1,0,0.024959378
1,0,0.016935177
1,0,0.020996487
1,0,0.006581869
1,0,0.0028428626
1,0,0.0018169839
1,0,0.006154462
1,0,0.0011121257
1,0,0.0025964638
1,0,0.0017372022
1,0,0.0041578566
1,0,0.0038691114
1,0,0.0013126988
1,0,0.0012265794
1,0,0.00165694
0,0,0.012278889
0,0,0.014970897
0,0,0.0041819382
0,0,0.016380884
0,0,0.004208766
0,0,0.009461653
0,0,0.004847813
0,0,0.026404658
0,0,0.03246338
0,0,0.031016685
0,0,0.037066042
1,0,0.00287367
1,0,0.00071430905
1,0,0.030429363
1,0,0.010565124
1,0,0.0029728296
1,0,0.0013528963
1,0,0.0031196896
1,0,0.002493373
1,0,0.008578057
1,0,0.009240399
1,0,0.008526135
1,0,0.0010063075
1,0,0.002030362
1,0,0.0126325535
1,0,0.009405891
1,0,0.0023118365
1,0,0.0034602932
1,0,0.0019015399
1,0,0.0032343655
1,0,0.0077389055
1,0,0.0043016383
1,0,0.0036657455
1,0,0.00092187617
1,0,0.0022515205
1,0,0.004280817
1,0,0.001074343
1,0,0.00031671792
1,0,0.0018550615
1,0,0.0028590003
1,0,0.0035493304
1,0,0.004639727
1,0,0.00536237
1,0,0.0040605054
1,0,0.0083453385
1,0,0.0028094049
1,1,0.9737579
1,1,0.9568584
1,1,0.993024
1,1,0.9955634
1,1,0.9857991
1,1,0.9920041
1,1,0.87223893
1,1,0.7477453
1,1,0.70906806
1,1,0.7083395
1,0,0.3160974
1,1,0.9908313
1,1,0.9802987
1,1,0.98817664
1,1,0.9929289
1,1,0.9900669
1,1,0.99091244
1,1,0.9635797
1,1,0.7182285
1,1,0.68552893
1,1,0.9158007
1,1,0.97279894
1,1,0.9262067
1,1,0.97203887
1,1,0.99325246
1,1,0.996064
1,1,0.9594561
1,1,0.94515926
1,1,0.6755479
1,1,0.5248718
1,1,0.56247634
1,1,0.7605827
1,1,0.8095251
1,0,0.45159644
1,1,0.8695943
1,1,0.67218345
1,1,0.82737076
1,1,0.7165861
1,1,0.6905209
1,1,0.69655085
1,1,0.5913179
1,1,0.8346468
1,1,0.87173027
1,1,0.8110771
1,1,0.97288674
1,1,0.599469
1,1,0.993454
1,1,0.97695017
1,1,0.82464457
1,1,0.90715605
1,1,0.92816526
1,1,0.96186507
1,1,0.8573832
1,1,0.9819655
1,1,0.99583733
1,0,0.004645694
1,0,0.0039374116
1,0,0.012824444
1,0,0.0049622757
1,0,0.0030951693
1,0,0.0028312048
1,0,0.0019198387
1,0,0.023561083
1,0,0.015652947
1,0,0.0023818451
1,0,0.018464098
1,0,0.023958044
1,0,0.027576892
1,0,0.021647777
1,0,0.034176093
1,0,0.015884805
1,0,0.0021067976
1,0,0.013539725
1,0,0.006192574
1,0,0.025735278
1,0,0.0480163
1,0,0.0052121733
1,0,0.010393331
1,0,0.048198268
1,0,0.051625885
1,0,0.03680449
1,0,0.037370663
1,0,0.008757496
1,0,0.0025432657
1,1,0.5810453
1,1,0.78764355
1,1,0.9726819
1,1,0.9714158
1,1,0.94244397
1,1,0.9810353
1,1,0.98791295
1,1,0.9333462
1,1,0.9304341
1,1,0.9054653
1,1,0.9923854
1,1,0.92907387
1,1,0.9077146
1,0,0.34809086
1,1,0.82563275
1,1,0.6772914
1,1,0.6596166
1,1,0.75799114
1,1,0.74068195
1,1,0.90400094
1,1,0.96856916
1,1,0.58661526
1,0,0.054356825
1,0,0.051547624
1,0,0.02487607
1,0,0.011064635
1,0,0.01137062
1,0,0.009284938
1,0,0.01133785
1,0,0.018840155
1,0,0.041279912
1,0,0.019655734
1,0,0.003796978
1,0,0.006727802
1,0,0.0030807399
1,0,0.008602829
1,0,0.0025307478
1,0,0.024715707
1,0,0.0030721945
1,0,0.0043460038
1,0,0.011619476
1,0,0.009785086
1,0,0.005593974
1,0,0.03408835
1,0,0.01626373
1,0,0.00726912
1,0,0.0066946796
1,0,0.017056977
1,0,0.019924443
1,0,0.0026014636
1,0,0.05782803
1,0,0.036451764
1,0,0.02285794
1,0,0.0033269136
1,0,0.07532215
0,0,0.004274217
0,0,0.004357958
0,0,0.017684253
0,0,0.017887246
0,0,0.027908731
0,0,0.15021566
0,0,0.011639465
0,0,0.01569332
0,0,0.11337553
0,0,0.045557436
0,0,0.04589975
0,0,0.029781185
0,0,0.022735216
0,0,0.011595869
0,0,0.019317541
0,0,0.12727015
0,0,0.019861843
0,0,0.080626346
0,0,0.021809606
0,0,0.0053612944
0,0,0.0119169755
0,0,0.0111583425
0,1,0.56907696
0,0,0.33349067
0,1,0.58721024
0,0,0.21992996
0,1,0.5950288
0,1,0.5478372
0,1,0.73768264
0,0,0.13021035
0,0,0.30125812
0,0,0.08880784
0,0,0.45288962
0,0,0.11395063
0,0,0.047662858
0,0,0.14921159
0,0,0.07547748
0,1,0.6513767
0,0,0.11652914
0,0,0.15229829
0,1,0.5909556
0,0,0.1599249
0,0,0.05163088
0,0,0.020682953
0,0,0.10525779
0,0,0.45744938
0,0,0.258121
0,0,0.35468692
0,0,0.25790134
0,1,0.78255427
0,1,0.712801
0,0,0.03000649
0,0,0.3024229
0,0,0.33457524
0,0,0.098806016
0,0,0.21920322
0,0,0.11674889
0,0,0.03502276
0,0,0.2979908
0,0,0.093996
0,0,0.071158856
0,0,0.05940787
0,0,0.10608285
0,0,0.45858532
0,0,0.21466343
0,0,0.22707242
0,0,0.10099481
0,0,0.03847012
1,1,0.7343415
1,0,0.41709068
1,0,0.20460615
1,1,0.8860156
1,1,0.9380807
1,1,0.8952122
1,0,0.38045272
1,1,0.6803089
1,1,0.5214235
1,1,0.5721883
1,1,0.777676
1,0,0.17860357
1,0,0.28459734
1,0,0.08820524
1,0,0.15694985
1,0,0.24302003
1,0,0.0883676
1,0,0.11612059
1,0,0.12193402
1,0,0.0550921
1,0,0.14908051
1,0,0.2665072
0,0,0.115761936
0,0,0.037539504
0,0,0.07800051
0,1,0.8542087
0,0,0.18733844
0,0,0.120853126
0,0,0.07421201
0,0,0.122305624
0,0,0.39861986
0,0,0.10901538
0,0,0.36166778
1,0,0.05392362
1,0,0.12407444
1,0,0.106576055
1,0,0.28950244
1,1,0.5938152
1,0,0.2533577
1,0,0.14846984
1,0,0.059563216
1,0,0.08437195
1,0,0.09144544
1,0,0.23240417
0,0,0.13364178
0,0,0.080373414
0,0,0.13086346
0,0,0.2979954
0,0,0.11331265
0,0,0.17772242
0,0,0.10474549
0,0,0.057971906
0,0,0.43540397
0,1,0.6493759
0,0,0.13032132
0,0,0.08138386
0,0,0.12633535
0,0,0.25531244
0,0,0.06665785
0,0,0.2007212
0,1,0.620043
0,0,0.22898124
0,0,0.13184851
0,0,0.21167736
0,0,0.22001053
0,0,0.14545213
0,0,0.45823136
0,0,0.16484548
0,0,0.123975635
0,0,0.1632403
0,0,0.08124112
0,0,0.20629093
0,0,0.017238358
0,0,0.11656981
0,0,0.117881075
0,0,0.11143126
0,0,0.20971233
0,0,0.14006746
0,0,0.09182351
0,0,0.058162227
0,0,0.07351106
0,0,0.05920843
0,0,0.30352914
0,0,0.09262811
0,0,0.25040075
0,0,0.13838911
0,0,0.14107803
0,0,0.13555789
0,0,0.43078405
0,0,0.41186628
0,1,0.506998
0,1,0.70159745
0,0,0.2373036
0,0,0.48350316
0,0,0.24363224
1,0,0.1393208
1,0,0.13995911
1,0,0.106513
1,0,0.18796523
1,0,0.46587506
1,0,0.27263957
1,0,0.118153244
1,0,0.1752679
1,0,0.14838979
1,0,0.19155876
1,0,0.20979832
0,0,0.07961845
0,0,0.20048296
0,0,0.08175089
0,0,0.04317624
0,0,0.4485032
0,0,0.07469425
0,0,0.21669702
0,0,0.2027651
0,0,0.30969563
0,0,0.28087842
0,0,0.24622217
0,0,0.32970697
0,0,0.34271178
0,0,0.46015
0,0,0.22204258
0,0,0.15318424
0,0,0.16656734
0,0,0.29294962
0,0,0.3208965
0,1,0.5394444
0,0,0.45235974
0,0,0.23297259
0,1,0.52339536
0,1,0.92410666
0,0,0.27700132
0,1,0.75595295
0,1,0.67616963
0,0,0.1663977
0,0,0.21172574
0,0,0.24958102
0,1,0.57165927
0,0,0.34936252
0,0,0.12250464
1,0,0.074603826
1,0,0.07172508
1,0,0.19635402
1,0,0.061866466
1,0,0.12253426
1,0,0.30515242
1,0,0.31923738
1,1,0.6866602
1,0,0.21808545
1,0,0.13222042
1,0,0.1448815
1,0,0.42188144
1,0,0.18675612
1,0,0.34461385
1,0,0.096112445
1,0,0.17837733
1,1,0.62314075
1,0,0.12703472
1,0,0.15569763
1,0,0.39180824
1,0,0.20696211
1,0,0.2009139
0,0,0.15590587
0,0,0.03194437
0,0,0.029698873
0,0,0.030187437
0,0,0.023205047
0,0,0.04658748
0,0,0.0060737557
0,0,0.004009206
0,0,0.05160846
0,0,0.06639129
0,1,0.60831296
1,0,0.038349003
1,0,0.010209825
1,0,0.028216803
1,0,0.014070902
1,0,0.02148405
1,0,0.046364795
1,0,0.018950388
1,0,0.006484475
1,0,0.011930525
1,0,0.029452797
1,0,0.0519111
1,0,0.05755328
1,0,0.0053181876
1,0,0.005173311
1,0,0.009036486
1,0,0.012888864
1,0,0.010283917
1,0,0.021547914
1,0,0.010884962
1,0,0.0077194874
1,0,0.030314766
1,0,0.07086804
1,0,0.061777394
1,0,0.06510101
1,0,0.060832247
1,0,0.029614627
1,0,0.08839651
1,0,0.12326701
1,0,0.12584846
1,0,0.1485631
1,0,0.037774555
1,0,0.027190924
1,1,0.5050447
1,0,0.43840098
1,0,0.06022458
1,1,0.9987556
1,1,0.97900826
1,1,0.83734304
1,1,0.9150841
1,1,0.9261544
1,1,0.97641605
1,1,0.9951308
1,1,0.9836541
1,1,0.9372095
1,1,0.9949051
1,1,0.99550265
1,0,0.38416743
1,0,0.45391417
1,1,0.6276019
1,1,0.6737133
1,1,0.6553978
1,1,0.8621823
1,1,0.6411291
1,1,0.9086555
1,1,0.93361425
1,1,0.9110843
1,1,0.6035249
0,0,0.2420825
0,1,0.7613967
0,1,0.98555005
0,0,0.44275695
0,1,0.74002343
0,1,0.72032744
0,1,0.5940732
0,1,0.73258483
0,1,0.575119
0,1,0.75696725
0,1,0.9025384
1,1,0.8729283
1,1,0.9117992
1,1,0.7261848
1,0,0.47929928
1,1,0.90124655
1,1,0.55989796
1,1,0.8644532
1,1,0.9405888
1,0,0.26193666
1,1,0.57665503
1,1,0.52872354
1,1,0.9442301
1,0,0.43311635
1,1,0.69896793
1,1,0.6838382
1,1,0.951028
1,1,0.73141176
1,1,0.8498572
1,1,0.98831326
1,1,0.9684529
1,1,0.6706651
1,1,0.92147386
0,0,0.021013394
0,0,0.0009790377
0,0,0.004916411
0,0,0.03248462
0,0,0.007207782
0,0,0.0058984202
0,0,0.0053342944
0,0,0.0037034894
0,0,0.014509005
0,0,0.00091120874
0,0,0.0011641685
0,0,0.0051294053
0,0,0.001718608
0,0,0.0025740676
0,0,0.004636539
0,0,0.023771906
0,0,0.08445918
0,0,0.030158043
0,0,0.006857271
0,0,0.040542528
0,0,0.05241297
0,0,0.05016248
0,0,0.014124663
0,0,0.01555039
0,0,0.0065855836
0,0,0.013743439
0,0,0.01246362
0,0,0.08736409
0,0,0.0046898597
1,0,0.29915175
1,0,0.27005032
1,0,0.28300372
1,0,0.10633393
1,0,0.43635195
1,1,0.7693802
1,1,0.84645927
1,0,0.36087823
1,0,0.117069155
1,0,0.43285504
1,1,0.90091705
1,1,0.8074221
1,1,0.7389418
1,0,0.44396046
1,0,0.086795546
1,0,0.18294977
1,1,0.52721894
1,1,0.66392285
1,1,0.61754495
1,1,0.5182937
1,1,0.8175509
1,0,0.23208083
1,0,0.11649916
1,0,0.119573325
1,0,0.024913324
1,0,0.054502502
1,0,0.007439832
1,0,0.014869258
1,0,0.021898242
1,0,0.08822298
1,0,0.07335127
1,0,0.24247296
1,0,0.13692784
1,0,0.09307137
1,0,0.1621448
1,0,0.021334795
1,0,0.08180343
1,0,0.008510445
1,0,0.0064897025
1,0,0.008682857
1,0,0.03427718
1,0,0.03962815
1,0,0.06540715
1,0,0.023305092
1,0,0.024830624
1,0,0.1352907
1,0,0.071289696
1,0,0.0059233825
1,0,0.028027946
1,0,0.016705917
1,0,0.017410357
1,0,0.005439053
1,0,0.04509076
1,0,0.015002277
1,0,0.016067132
1,0,0.0640075
1,0,0.032669056
1,0,0.2995087
1,0,0.19984448
1,0,0.41760272
1,1,0.7714254
1,0,0.39932144
1,0,0.44157875
1,0,0.059342068
1,0,0.21342693
1,0,0.029921802
1,0,0.041036934
1,0,0.07196273
1,0,0.42806596
1,0,0.011342213
1,0,0.020311035
1,0,0.01828802
1,0,0.004080025
1,0,0.010095937
1,0,0.01739211
1,0,0.011433522
1,0,0.008894714
0,0,0.04583953
0,0,0.10985838
0,0,0.13806048
0,0,0.10538874
0,0,0.18593046
0,0,0.07400414
0,0,0.06416232
0,0,0.052878283
0,0,0.1314144
0,0,0.15166831
0,0,0.107987545
0,0,0.2807125
0,0,0.2873861
0,0,0.27590635
0,0,0.14774199
0,0,0.040676396
0,0,0.14287665
0,0,0.24789192
0,0,0.08062206
0,0,0.16690828
0,0,0.19903073
0,0,0.4429091
0,0,0.08803359
0,0,0.1810927
0,0,0.09513434
0,0,0.07486332
0,0,0.14768036
0,0,0.0655943
0,1,0.566309
0,0,0.1823601
0,0,0.054595266
0,0,0.037225816
0,0,0.04480955
0,0,0.105187096
0,0,0.055101063
0,0,0.23192237
0,0,0.03981704
0,0,0.07122296
0,0,0.06478465
0,0,0.037718236
0,0,0.06459801
0,0,0.256662
0,0,0.19601479
0,0,0.073435515
0,0,0.061619084
0,0,0.1681297
0,0,0.39819756
0,0,0.39276776
0,0,0.2167031
0,1,0.7633148
0,1,0.58905613
0,0,0.45374435
0,0,0.3053966
0,0,0.27047217
0,0,0.33286056
0,0,0.211221
0,0,0.45245135
0,1,0.5774231
0,0,0.2465189
0,0,0.3040414
0,1,0.77699745
0,0,0.20573008
0,0,0.11299033
0,0,0.12827457
0,0,0.038912635
0,0,0.06585518
0,0,0.11763671
0,0,0.29045573
0,0,0.31346768
0,0,0.21359068
0,0,0.36729005
0,0,0.24050932
0,0,0.06781387
0,1,0.6276384
0,0,0.2752257
0,0,0.46470216
0,0,0.14721678
0,0,0.2202231
0,0,0.16853003
0,0,0.13498186
0,0,0.036257785
0,0,0.3271845
0,0,0.13779359
0,1,0.57489747
0,0,0.12341805
0,0,0.11794442
0,0,0.14580987
0,0,0.090424314
0,0,0.14521198
0,0,0.048342377
1,0,0.043793663
1,0,0.033028767
1,0,0.030264145
1,0,0.17523493
1,0,0.4232062
1,1,0.7304566
1,0,0.15464756
1,0,0.18944497
1,0,0.15815884
1,0,0.12501702
1,0,0.101620205
0,0,0.37150446
0,0,0.29376313
0,0,0.22171326
0,0,0.14611344
0,0,0.12329304
0,0,0.14787458
0,0,0.07635388
0,0,0.1389598
0,0,0.123688884
0,0,0.07497855
0,0,0.07706937
0,0,0.089340344
0,0,0.050091248
0,0,0.06264852
0,0,0.10133265
0,0,0.073230825
0,0,0.08109151
0,0,0.3241845
0,0,0.14764799
0,0,0.10920146
0,0,0.299716
0,0,0.12029184
0,0,0.22210789
0,0,0.100471176
0,0,0.19877595
0,0,0.3160038
0,1,0.6179273
0,0,0.3387641
0,0,0.27932307
0,0,0.15976824
0,0,0.06415105
0,0,0.17062415
0,0,0.47114244
0,0,0.16021925
0,0,0.05619608
0,0,0.078167446
0,0,0.13240363
0,0,0.12253937
0,0,0.037481204
0,0,0.4547875
0,0,0.10953288
0,0,0.125033
0,0,0.0616431
0,0,0.10545588
0,0,0.21235305
0,0,0.09058247
0,0,0.1707554
0,0,0.3539383
0,1,0.5184674
0,0,0.19911142
0,0,0.091039
0,0,0.18106176
0,0,0.037283435
0,0,0.08575358
0,0,0.09969762
0,0,0.09801573
0,0,0.046922468
0,0,0.07527046
0,0,0.02732915
0,0,0.06560771
0,0,0.12980857
0,0,0.053068615
0,0,0.06438768
0,0,0.08177236
0,0,0.15979394
0,0,0.1254973
0,0,0.062212396
0,0,0.17710318
0,0,0.18440418
0,0,0.24509495
0,0,0.102748334
0,0,0.24737161
0,0,0.1327504
0,0,0.1509291
0,0,0.09942642
0,0,0.21364444
0,0,0.13412419
0,0,0.15263516
0,0,0.24938491
0,0,0.08751168
0,0,0.17696919
0,0,0.080928884
0,0,0.28248912
0,0,0.34543377
0,0,0.11151238
0,0,0.06959517
0,0,0.16711181
0,0,0.108354434
0,0,0.086354375
0,0,0.26242262
0,0,0.0691882
0,0,0.08433751
0,0,0.10915695
0,0,0.087166235
0,0,0.07298564
0,0,0.032475483
0,0,0.05538578
0,0,0.2542094
0,0,0.15383264
0,0,0.09964272
0,0,0.08826061
0,0,0.23245554
0,0,0.40970635
0,0,0.07658873
0,0,0.07947416
0,0,0.14379615
0,0,0.06960398
0,0,0.042351928
0,0,0.051338177
0,0,0.05576489
0,0,0.036916763
0,0,0.03803375
0,0,0.062276702
0,0,0.10292907
0,0,0.17612709
0,0,0.07249147
0,0,0.0166881
0,0,0.0023342173
0,0,0.01237367
0,0,0.010937096
0,0,0.009702272
0,0,0.016645212
0,0,0.0051848674
0,0,0.005003274
0,0,0.020958547
0,0,0.016075678
0,0,0.010698218
0,0,0.009320274
0,0,0.006061342
0,0,0.019600445
0,0,0.0045126663
0,0,0.009150722
0,0,0.00927117
0,0,0.0035068227
0,0,0.012572233
0,0,0.057808742
0,0,0.012352559
0,0,0.02096286
0,0,0.013278411
0,0,0.025656013
0,0,0.0591645
0,0,0.02187086
0,0,0.017110793
0,0,0.016246948
0,0,0.0063381614
0,0,0.016785828
0,0,0.025638979
0,0,0.00677181
0,0,0.03366301
0,0,0.05483916
0,0,0.016346175
0,0,0.011133231
1,1,0.9737255
1,1,0.9763758
1,1,0.9837023
1,1,0.9697562
1,1,0.989908
1,1,0.9912087
1,1,0.9796274
1,1,0.96969
1,1,0.93379486
1,1,0.9909271
1,1,0.9958204
1,1,0.80644065
1,1,0.97810924
1,1,0.96529573
1,1,0.97113246
1,1,0.9483711
1,1,0.9004493
1,1,0.96408117
1,1,0.98759043
1,1,0.9375498
1,0,0.19930896
1,0,0.31382975
1,1,0.91409034
1,1,0.97255516
1,1,0.95156515
1,1,0.989218
1,1,0.9474643
1,1,0.9068298
1,1,0.97405654
1,1,0.8714394
1,1,0.90768534
1,1,0.9655659
1,1,0.9719035
1,1,0.9865241
1,1,0.973511
1,1,0.9697043
1,1,0.9767755
1,1,0.9873662
1,1,0.9845628
1,1,0.9949427
1,1,0.99911267
1,1,0.97742677
1,1,0.9756856
1,1,0.960888
1,1,0.99855214
1,1,0.99590886
1,1,0.99770457
1,1,0.99597824
1,1,0.99571025
1,1,0.9978492
1,1,0.9973896
1,1,0.99819535
1,1,0.99500245
1,1,0.9735119
1,1,0.98507833
0,0,0.022086408
0,0,0.008941647
0,0,0.1078015
0,0,0.053048465
0,0,0.01922094
0,0,0.1380884
0,0,0.019784559
0,0,0.045470838
0,0,0.016293647
0,0,0.045091353
0,0,0.119705595
0,0,0.07784864
0,0,0.013794716
0,0,0.019019416
0,0,0.019814217
0,0,0.018436247
0,0,0.10510166
0,0,0.049307473
0,0,0.02035483
0,0,0.0034020096
0,0,0.0043697054
0,0,0.042454876
0,0,0.018926702
0,0,0.004177086
0,0,0.0030795028
0,0,0.00034704426
0,0,0.0061290786
0,0,0.0073660137
0,0,0.0158797
1,1,0.9983651
1,1,0.94264966
1,1,0.99298805
1,1,0.9931537
1,1,0.9946957
1,1,0.99889463
1,1,0.9989569
1,1,0.99525625
1,1,0.98019904
1,1,0.9022688
1,1,0.9481285
1,1,0.92578804
1,1,0.8251165
1,1,0.7412672
1,1,0.7377993
1,1,0.9412353
1,1,0.70936286
1,1,0.6437375
1,0,0.26123786
1,1,0.81335795
1,1,0.78350186
1,1,0.5798348
1,0,0.08161946
1,0,0.021370668
1,0,0.025740255
1,0,0.0061737355
1,0,0.002459165
1,0,0.0033524747
1,0,0.008902708
1,0,0.0032390256
1,0,0.004018894
1,0,0.019714436
1,0,0.019326476
1,0,0.004727292
1,0,0.00922092
1,0,0.017191503
1,0,0.04426364
1,0,0.03180307
1,0,0.030072493
1,0,0.00794594
1,0,0.017066294
1,0,0.013982127
1,0,0.022503855
1,0,0.01754456
1,0,0.014700491
1,0,0.0038934075
1,0,0.0044703702
1,0,0.0048418976
1,0,0.0052793096
1,0,0.0016278992
1,0,0.029952122
1,0,0.017915936
1,0,0.0096145915
1,0,0.052563556
1,0,0.00663106
0,0,0.18231438
0,0,0.25603646
0,0,0.20985089
0,0,0.19513485
0,0,0.026125932
0,0,0.0036344011
0,0,0.03488934
0,0,0.015181883
0,0,0.0034215394
0,0,0.008273691
0,0,0.00636773
0,0,0.0047322237
0,0,0.024949584
0,0,0.0252293
0,0,0.015207264
0,0,0.012259905
0,0,0.006324566
0,0,0.013121283
0,0,0.007918004
0,0,0.0071488074
0,0,0.018396433
0,0,0.00913751
0,0,0.00038793296
0,0,0.00012733252
0,0,0.0003993016
0,0,0.00022232602
0,0,0.00032644853
0,0,0.00041170538
0,0,0.00030071352
0,0,0.00046328473
0,0,0.00026891375
0,0,0.00039701402
0,0,0.0003226139
0,0,0.0002753623
0,0,0.00010219329
0,0,0.00026863904
0,0,0.0002125989
0,0,0.00023150336
0,0,0.0003586619
0,0,0.00021285872
0,0,0.0004986397
0,0,0.00023265423
0,0,0.00033077778
0,0,0.0001884516
0,0,0.00078987126
0,0,0.00018908877
0,0,0.00033781095
0,0,0.00022786594
0,0,0.00026776528
0,0,0.00013180812
0,0,0.00026053522
0,0,0.0004407869
0,0,0.00044337267
0,0,0.0005281689
0,0,0.0019653207
0,0,0.00012402238
0,0,0.0004651093
0,0,0.0005676338
0,0,0.00030766914
0,0,0.00039407756
0,0,0.00025459073
0,0,0.00076935784
0,0,0.0009308494
0,0,0.00030128343
0,0,0.00012505494
0,0,0.0007361444
0,0,0.0001496024
0,0,0.0010010588
0,1,0.80200255
0,1,0.8453853
0,1,0.90155554
0,1,0.7944392
0,1,0.86497426
0,1,0.94838417
0,1,0.7933144
0,1,0.8585877
0,1,0.8774197
0,0,0.4740071
0,1,0.8994937
1,1,0.9796466
1,1,0.9203802
1,1,0.92518663
1,1,0.69636756
1,1,0.6527156
1,1,0.8232892
1,1,0.98446935
1,1,0.75831157
1,1,0.95848095
1,1,0.8475596
1,1,0.7627758
1,1,0.9817021
1,1,0.96850204
1,1,0.94589835
1,1,0.9907656
1,1,0.99238116
1,1,0.97019583
1,1,0.939324
1,1,0.9355405
1,1,0.9378667
1,1,0.8644047
1,1,0.8648419
1,1,0.96092355
1,1,0.940829
1,1,0.9671348
1,1,0.9160164
1,1,0.95781183
1,1,0.9767501
1,1,0.9454456
1,1,0.96185625
1,1,0.8527718
1,1,0.9899262
1,1,0.9557757
0,1,0.99111664
0,1,0.99127215
0,1,0.99100554
0,1,0.996151
0,1,0.99907553
0,1,0.99850595
0,1,0.9986358
0,1,0.9985253
0,1,0.9693387
0,1,0.98802817
0,1,0.99911624
0,0,0.004407666
0,0,0.047695994
0,0,0.005910399
0,0,0.0044997744
0,0,0.00524216
0,0,0.0024922963
0,0,0.001240035
0,0,0.0010814155
0,0,0.0011862044
0,0,0.0020472647
0,0,0.0001780812
0,0,0.00093032623
0,0,0.00071578065
0,0,0.0010871094
0,0,0.0006141057
0,0,0.0067465194
0,0,0.006383565
0,0,0.00045851344
0,0,0.0006905296
0,0,0.000821845
0,0,0.0036551426
0,0,0.0015292095
0,0,0.0019895828
0,0,0.0020162112
0,0,0.019951968
0,0,0.007643169
0,0,0.0066329613
0,0,0.0017705912
0,0,0.003631317
1,1,0.98858845
1,1,0.98169976
1,1,0.9775637
1,1,0.9653867
1,1,0.97436166
1,1,0.99013966
1,1,0.99470866
1,1,0.96381843
1,1,0.97268254
1,1,0.54145545
1,1,0.95746756
1,1,0.96910065
1,1,0.94054776
1,1,0.7138825
1,1,0.91538346
1,1,0.798685
1,1,0.9282511
1,1,0.92263126
1,1,0.9525121
1,1,0.91524863
1,1,0.873392
1,1,0.98389775
0,0,0.0002350009
0,0,8.018529e-05
0,0,0.00049355015
0,0,0.003890814
0,0,0.00034067317
0,0,0.00015687358
0,0,0.00014565952
0,0,0.00015100435
0,0,0.00018073195
0,0,0.0001655686
0,0,0.00044690352
0,0,0.00028580826
0,0,0.00027148984
0,0,0.00036739686
0,0,0.00012067599
0,0,0.00030471844
0,0,0.00010314735
0,0,0.00028872755
0,0,0.00031678675
0,0,0.0004574334
0,0,0.0013950717
0,0,0.00051891897
0,0,0.0001014067
0,0,8.879164e-05
0,0,0.00071275595
0,0,0.00022323642
0,0,0.00015387694
0,0,0.0005981361
0,0,8.535927e-05
0,0,0.00014481515
0,0,8.017382e-05
0,0,7.122137e-05
0,0,0.00011380592
1,0,0.0005987701
1,0,0.0009410649
1,0,0.0020026444
1,0,0.00019656986
1,0,0.00043048055
1,0,0.0022895224
1,0,0.0009465281
1,0,0.00035830596
1,0,0.0012819348
1,0,0.0009275003
1,0,0.0024172144
1,0,0.0056783287
1,0,0.0011248415
1,0,0.0010703758
1,0,0.00043553257
1,0,0.000994153
1,0,0.0009950855
1,0,0.0011466155
1,0,0.00049422483
1,0,0.0015492648
1,0,0.0012725343
1,0,0.004681758
0,0,0.024412837
0,0,0.16572517
0,1,0.5011757
0,0,0.03947347
0,0,0.01680794
0,0,0.07979744
0,0,0.16035837
0,0,0.12413564
0,0,0.010300131
0,0,0.005089819
0,0,0.036404274
0,0,0.12826718
0,0,0.08706125
0,0,0.005614632
0,0,0.0031576816
0,0,0.012901993
0,0,0.026488999
0,0,0.0035775192
0,0,0.0060201483
0,0,0.0016746178
0,0,0.004518194
0,0,0.0044086585
0,0,0.005479246
0,0,0.0006101385
0,0,0.04895377
0,0,0.023434373
0,0,0.019582381
0,0,0.04113388
0,0,0.012527437
0,0,0.005143479
0,0,0.0008676494
0,0,0.00057747
0,0,0.0018163336
0,0,0.0007149997
0,0,0.0009381567
0,0,0.0017612214
0,0,0.0037709163
0,0,0.000329046
0,0,0.004198819
0,0,0.002043675
0,0,0.0011095263
0,0,0.0010114411
0,0,0.0076050675
0,0,0.071821876
0,0,0.17303836
0,0,0.10892868
0,1,0.97969866
0,1,0.9472409
0,1,0.7650838
0,1,0.95555097
0,1,0.99553585
0,1,0.84787977
0,1,0.96681356
0,1,0.9209665
0,1,0.74570984
0,1,0.87388045
0,1,0.9421845
1,1,0.97574073
1,1,0.95968604
1,1,0.87375015
1,1,0.94009113
1,1,0.9593911
1,1,0.78703296
1,1,0.93768007
1,1,0.97239673
1,1,0.77677655
1,1,0.9376166
1,1,0.9790413
1,1,0.9973585
1,1,0.99754214
1,1,0.9904683
1,1,0.9813876
1,1,0.98668706
1,1,0.9953467
1,1,0.96588635
1,1,0.8677575
1,1,0.9322194
1,1,0.98068994
1,1,0.9221686
0,1,0.99801946
0,1,0.9989832
0,1,0.99828845
0,1,0.99422085
0,1,0.9646792
0,1,0.99646986
0,1,0.99666095
0,1,0.9798681
0,1,0.99724567
0,1,0.99150825
0,1,0.93735516
1,1,0.9386462
1,1,0.85943747
1,1,0.6173853
1,1,0.8198977
1,1,0.8803714
1,1,0.9796547
1,1,0.9610472
1,1,0.9827155
1,1,0.93301314
1,1,0.5132679
1,1,0.86041594
1,0,0.03785006
1,0,0.08634046
1,0,0.065012336
1,0,0.015790459
1,0,0.042373896
1,0,0.010914917
1,0,0.00902639
1,0,0.013979228
1,0,0.016186645
1,0,0.0013089379
1,0,0.0024745492
1,0,0.003048119
1,0,0.0018905787
1,0,0.004200125
1,0,0.0014961639
1,0,0.007059004
1,0,0.012386135
1,0,0.0022699113
1,0,0.0018560165
1,0,0.005435376
1,0,0.0022337162
1,0,0.00532668
1,0,0.017710483
1,0,0.02142468
1,0,0.004480189
1,0,0.0036821424
1,0,0.002803516
1,0,0.0033106457
1,0,0.005487226
0,1,0.70249486
0,1,0.683615
0,1,0.7342643
0,1,0.9332352
0,1,0.97972083
0,1,0.98983043
0,1,0.94190186
0,1,0.973041
0,1,0.98197097
0,1,0.97798574
0,1,0.9950878
1,1,0.93595856
1,1,0.95054
1,1,0.9712421
1,1,0.9782924
1,1,0.98435533
1,1,0.93071884
1,1,0.97631514
1,1,0.99335796
1,1,0.9871777
1,1,0.991531
1,1,0.9622445
0,0,0.0075535337
0,0,0.058786806
0,0,0.007091736
0,0,0.013376452
0,0,0.017663367
0,0,0.0035595174
0,0,0.000570664
0,0,0.010025461
0,0,0.030166706
0,0,0.2025408
0,0,0.114307165
0,0,0.24349765
0,0,0.014924187
0,0,0.13643655
0,0,0.026608042
0,0,0.0071523217
0,0,0.0086571695
0,0,0.02025901
0,0,0.0068230624
0,0,0.009123702
0,0,0.013839203
0,0,0.030469764
0,0,0.004517744
0,0,0.103539586
0,0,0.21461943
0,0,0.10691897
0,0,0.05502735
0,0,0.011474122
0,0,0.002803936
0,0,0.0049585663
0,0,0.0006844475
0,0,0.016402287
0,0,0.017770432
0,0,0.007929774
0,0,0.002882166
0,0,0.0068769087
0,0,0.0038636443
0,0,0.006641009
0,0,0.0029506497
0,0,0.0013216716
0,0,0.0014330298
0,0,0.044228975
0,0,0.029442297
0,0,0.024938293
0,0,0.024015166
0,0,0.0026669886
0,0,0.0031866704
0,0,0.004403239
0,0,0.01173074
0,0,0.0059174043
0,0,0.022564333
0,0,0.037605677
0,0,0.0050989254
0,0,0.0060858177
0,0,0.0043439968
0,0,0.0019489032
0,0,0.006179271
0,0,0.0045566545
0,0,0.009197203
0,0,0.01930369
0,0,0.0218985
0,0,0.0045329137
0,0,0.01319866
0,0,0.0022551494
0,0,0.004422827
0,0,0.004345238
0,0,0.0131776715
0,0,0.012216985
0,0,0.003763774
0,0,0.00928072
0,0,0.013620291
0,0,0.009990266
0,0,0.011395029
0,0,0.060240064
0,0,0.017286966
0,0,0.07534681
0,0,0.03473795
0,0,0.085003264
0,0,0.05240077
0,0,0.022248788
0,0,0.021536479
0,0,0.01022849
0,0,0.010501635
0,0,0.008471819
0,0,0.017181747
0,0,0.015267844
0,0,0.020955512
0,0,0.0025850344
0,0,0.0042324397
0,0,0.0014308426
0,0,0.0013690027
0,0,0.006861409
0,0,0.0006989953
0,0,0.01123446
0,0,0.009717145
0,0,0.004072612
0,0,0.0007694953
0,0,0.01039831
0,0,0.006851463
0,0,0.0044787046
0,0,0.009258679
0,0,0.2828567
0,1,0.80536443
0,1,0.6998169
0,1,0.596207
0,1,0.95626944
0,1,0.764951
0,0,0.38158065
0,1,0.8540647
0,0,0.48466718
0,0,0.27967143
0,0,0.29319394
0,1,0.8634615
0,1,0.9589245
0,1,0.905683
0,1,0.86051816
0,1,0.9438733
0,1,0.8968121
0,1,0.6048531
0,1,0.92088395
0,1,0.5442176
0,1,0.9052894
0,1,0.78426534
1,1,0.8931757
1,1,0.9655898
1,1,0.9586391
1,0,0.29894242
1,1,0.6029742
1,1,0.7701246
1,1,0.90488404
1,1,0.7766094
1,1,0.7369199
1,1,0.5441901
1,0,0.39994988
0,1,0.964099
0,1,0.98328155
0,1,0.98821557
0,1,0.9684017
0,1,0.9869582
0,1,0.99860173
0,1,0.99592507
0,1,0.9908303
0,1,0.92904073
0,0,0.39430588
0,1,0.73890406
1,0,0.26682532
1,1,0.73580503
1,1,0.5609623
1,0,0.44917986
1,0,0.34034625
1,1,0.8738208
1,1,0.8242414
1,1,0.9275864
1,1,0.5184855
1,0,0.082913816
1,0,0.1208795
0,0,0.000105013176
0,0,9.648772e-05
0,0,0.000113474445
0,0,9.112594e-05
0,0,5.164438e-05
0,0,0.00014552401
0,0,0.0011740302
0,0,0.0009963242
0,0,0.0012682218
0,0,0.013705724
0,0,0.02943265
0,0,0.019207858
0,0,0.03114894
0,0,0.023438126
0,0,0.050610796
0,0,0.04965064
0,0,0.024289835
0,0,0.038579125
0,0,0.002191152
0,0,0.0052288286
0,0,0.0015961188
0,0,0.004202535
0,0,0.009365628
0,0,0.0032250525
0,0,0.041908894
0,0,0.026708383
0,0,0.010885233
0,0,0.005462877
0,0,0.026776921
0,1,0.8632288
0,1,0.7284564
0,0,0.18701382
0,0,0.31636414
0,0,0.2532975
0,0,0.16954035
0,0,0.1382011
0,0,0.41353545
0,1,0.71626335
0,1,0.72510874
0,0,0.40547013
1,1,0.7729272
1,1,0.6153971
1,1,0.88006353
1,1,0.7750181
1,1,0.64348406
1,1,0.59155923
1,1,0.6022661
1,1,0.65808326
1,1,0.9128726
1,0,0.28797176
1,1,0.8666653
0,0,0.0020083254
0,0,0.014218268
0,0,0.030828912
0,0,0.09189573
0,0,0.044952776
0,0,0.16331124
0,0,0.016409097
0,0,0.033140704
0,0,0.038094673
0,0,0.020620007
0,0,0.055578887
0,0,0.07251158
0,0,0.022105247
0,0,0.021992553
0,0,0.053966895
0,0,0.025061952
0,0,0.013707865
0,0,0.065206856
0,0,0.024881883
0,0,0.19292405
0,0,0.13208681
0,1,0.5180296
0,0,0.030772207
0,0,0.06324761
0,0,0.07188193
0,0,0.04389632
0,0,0.05843478
0,0,0.013988181
0,0,0.0011089895
0,0,0.0027502207
0,0,0.002108026
0,0,0.0018679528
0,0,0.012328996
0,0,0.12929155
0,0,0.01056342
0,0,0.0047274446
0,0,0.21769401
0,0,0.107742846
0,0,0.019228697
0,0,0.018594615
0,0,0.015509494
0,0,0.016097572
0,0,0.0022493706
0,0,0.007951908
0,0,0.03502473
0,0,0.014829427
0,0,0.011263524
0,0,0.018545475
0,0,0.16512734
0,0,0.10140722
0,0,0.09008982
0,0,0.12260809
0,0,0.09538604
0,0,0.046039082
0,0,0.051373374
0,0,0.086606115
0,0,0.061847813
0,1,0.7886113
0,0,0.26668823
0,1,0.61344117
0,0,0.11391362
0,0,0.40073186
0,0,0.15678994
0,0,0.24361883
0,0,0.2954528
0,0,0.13628633
0,1,0.76156294
0,1,0.8703944
0,1,0.5262191
0,0,0.30719194
0,0,0.1527149
0,0,0.08884343
0,0,0.25296053
0,0,0.09737024
0,0,0.3608181
0,0,0.16199781
0,0,0.29332608
0,0,0.11746242
0,0,0.11769261
0,0,0.09947735
0,0,0.27180594
0,0,0.14377894
0,0,0.17590745
0,0,0.19882545
0,0,0.39286554
0,0,0.1634345
0,1,0.6135212
0,0,0.24764045
0,0,0.46709397
0,1,0.55181646
0,0,0.25612816
0,0,0.14979991
0,0,0.34022036
0,0,0.22470854
0,0,0.061713133
0,0,0.06418697
0,0,0.0350216
0,0,0.114270754
0,0,0.04830239
0,0,0.0611785
0,0,0.14105868
1,0,0.1461998
1,0,0.06205161
1,0,0.14859113
1,0,0.020345064
1,0,0.08653181
1,0,0.07124667
1,0,0.12162842
1,0,0.3936751
1,0,0.22869027
1,0,0.14894423
1,0,0.3229027
1,1,0.8868046
1,1,0.90440327
1,1,0.77229756
1,1,0.83096915
1,1,0.6000936
1,1,0.54879963
1,1,0.6574631
1,1,0.5221927
1,0,0.44103193
1,0,0.35630205
1,0,0.12561229
1,0,0.0847
1,0,0.0745819
1,0,0.043295983
1,0,0.3381536
1,0,0.3770833
1,0,0.3607816
1,0,0.047330514
1,0,0.11298134
1,0,0.1127304
1,0,0.11489433
1,0,0.12815632
1,0,0.0778374
1,0,0.08316804
1,0,0.12806685
1,0,0.35598153
1,0,0.39932883
1,0,0.29487553
1,0,0.46555954
1,0,0.06922175
1,0,0.19300419
1,0,0.15291542
1,0,0.043935005
1,0,0.15013017
1,0,0.38018787
1,0,0.052440353
1,0,0.06389654
1,0,0.051716167
1,0,0.049347915
1,0,0.041587368
1,0,0.090615295
1,0,0.12157866
1,0,0.046453394
1,0,0.11691367
0,0,0.28670257
0,0,0.29338685
0,0,0.2034301
0,0,0.21265477
0,0,0.13775913
0,0,0.058361206
0,0,0.16131324
0,0,0.112014376
0,0,0.18129785
0,0,0.19663318
0,0,0.35255986
1,0,0.08145536
1,0,0.3794527
1,0,0.11111695
1,0,0.0679949
1,0,0.05309769
1,0,0.04324642
1,0,0.071681574
1,0,0.09975935
1,0,0.23182139
1,0,0.0082683405
1,0,0.28352976
0,0,0.32422927
0,0,0.19731194
0,1,0.53466606
0,0,0.076710865
0,0,0.30315807
0,0,0.15982482
0,0,0.33412263
0,0,0.16010392
0,0,0.13010974
0,0,0.2536757
0,0,0.10092618
0,0,0.051775552
0,0,0.057754837
0,0,0.030214747
0,0,0.120448306
0,1,0.5187325
0,0,0.07722541
0,0,0.17145742
0,0,0.14105868
0,0,0.100510925
0,0,0.2046287
0,0,0.10313544
0,0,0.12850437
0,0,0.07124592
0,0,0.09777711
0,0,0.08882623
0,0,0.05184726
0,0,0.12994231
0,0,0.1292338
0,0,0.12134503
0,0,0.039756145
0,0,0.08126582
0,0,0.04028796
1,0,0.05170379
1,0,0.052574106
1,0,0.097483926
1,0,0.036285035
1,0,0.039251637
1,0,0.070092835
1,0,0.06507175
1,0,0.051821854
1,0,0.046307534
1,0,0.08782674
1,0,0.02836341
1,0,0.068510115
1,0,0.05461578
1,0,0.07098826
1,0,0.02889432
1,0,0.041829888
1,0,0.10414442
1,0,0.07248624
1,0,0.14932227
1,0,0.1504617
1,0,0.03864779
1,0,0.0415913
0,0,0.0011756199
0,0,0.002533072
0,0,0.020468784
0,0,0.005968827
0,0,0.0067889476
0,0,0.007289602
0,0,0.01064614
0,0,0.002078452
0,0,0.007590901
0,0,0.0039969184
0,0,0.004742291
0,0,0.033868365
0,0,0.02117331
0,0,0.00788736
0,0,0.008849082
0,0,0.00072261045
0,0,0.0017011319
0,0,0.0014336994
0,0,0.00629756
0,0,0.0072428924
0,0,0.020406991
0,0,0.012731617
0,0,0.026815249
0,0,0.03818724
0,0,0.03696019
0,0,0.10088565
0,0,0.1003675
0,0,0.08244695
0,0,0.17557783
0,0,0.026635991
0,0,0.009660381
0,0,0.16810833
0,0,0.18365492
0,0,0.05447628
0,0,0.06743553
0,0,0.2096387
0,0,0.12213523
0,0,0.2461376
0,0,0.08724175
0,0,0.040848654
0,0,0.13365594
0,0,0.22282545
0,0,0.4286831
0,0,0.07583749
0,0,0.13164595
0,0,0.15009262
1,1,0.98405725
1,1,0.98962164
1,1,0.9975055
1,1,0.94030935
1,1,0.93240935
1,1,0.988918
1,1,0.99048316
1,1,0.99642783
1,1,0.99324244
1,1,0.9954112
1,1,0.9888151
1,1,0.9994711
1,1,0.9992483
1,1,0.9990722
1,1,0.99944717
1,1,0.9908661
1,1,0.98404986
1,1,0.9918126
1,1,0.98021424
1,1,0.992664
1,1,0.9895163
1,1,0.99532396
1,1,0.99896634
1,1,0.99180603
1,1,0.9801262
1,1,0.96842825
1,1,0.9853973
1,1,0.99427456
1,1,0.9956736
1,1,0.98311126
1,1,0.9850187
1,1,0.9878442
1,1,0.9975085
1,1,0.98914015
1,1,0.9839062
1,1,0.99291384
1,1,0.9949713
1,1,0.98366606
1,1,0.9937416
1,1,0.9935847
1,1,0.9967533
1,1,0.9971777
1,1,0.9905757
1,1,0.9873891
1,1,0.9962787
1,1,0.99937314
1,1,0.96944976
1,1,0.99645424
1,1,0.997743
1,1,0.9919144
1,1,0.98703927
1,1,0.99869007
1,1,0.9981679
1,1,0.9382948
1,1,0.66404897
0,0,0.026751025
0,0,0.023639297
0,0,0.008014314
0,0,0.0009068698
0,0,0.034003735
0,0,0.014929887
0,0,0.023436483
0,0,0.0018068693
0,0,0.009452702
0,0,0.03218567
0,0,0.039393626
0,0,0.0431424
0,0,0.041492045
0,0,0.04773567
0,0,0.056029156
0,0,0.008075857
0,0,0.0014263563
0,0,0.010703766
0,0,0.013462866
0,0,0.023254642
0,0,0.004520412
0,0,0.005332473
0,0,0.017262148
0,0,0.033973906
0,0,0.010517234
0,0,0.009362362
0,0,0.008469279
0,0,0.004312015
0,0,0.005555994
1,1,0.996837
1,1,0.998516
1,1,0.9971552
1,1,0.9959997
1,1,0.9981589
1,1,0.99729115
1,1,0.99186826
1,1,0.9951202
1,1,0.99324447
1,1,0.97114456
1,1,0.89555335
1,1,0.93283415
1,1,0.9585776
1,1,0.9480472
1,1,0.9945697
1,1,0.9956892
1,1,0.99800223
1,1,0.9989863
1,1,0.97923744
1,1,0.9746051
1,1,0.99634886
1,1,0.9963954
1,0,0.0019238465
1,0,0.0009201996
1,0,0.00039121223
1,0,0.00041242345
1,0,0.0014771965
1,0,0.0017399307
1,0,0.010425779
1,0,0.0044172434
1,0,0.0070104506
1,0,0.0007245177
1,0,0.0008031574
1,0,0.0073191086
1,0,0.0065253335
1,0,0.0020305514
1,0,0.013636554
1,0,0.0057301056
1,0,0.0035002055
1,0,0.003094125
1,0,0.0010655503
1,0,0.0005311575
1,0,0.0012539917
1,0,0.0028431192
1,0,0.0029767219
1,0,0.0025147782
1,0,0.0037309618
1,0,0.003667634
1,0,0.001838344
1,0,0.01589174
1,0,0.005703151
1,0,0.00069907133
1,0,0.0032236993
1,0,0.0033499314
1,0,0.0097494405
1,0,0.013923876
1,0,0.037993964
1,0,0.015110725
1,0,0.037449628
1,0,0.020424189
1,0,0.25597015
1,0,0.034634747
1,0,0.010159175
1,0,0.009426329
1,0,0.05517379
1,0,0.10527028
1,0,0.031007003
1,0,0.006438606
1,0,0.004337752
1,0,0.0130308615
1,0,0.032016285
1,0,0.069188006
1,0,0.012188843
1,0,0.00085399405
1,0,0.0013486312
1,0,0.00029889907
1,0,0.003524259
0,0,0.0040986077
0,0,0.0040826625
0,0,0.002198626
0,0,0.01272541
0,0,0.008675531
0,0,0.007659631
0,0,0.0053039873
0,0,0.021355947
0,0,0.012502787
0,0,0.011958297
0,0,0.023668896
1,0,0.00036067548
1,0,0.00017615022
1,0,0.00011349231
1,0,8.9563706e-05
1,0,0.00014549904
1,0,8.531851e-05
1,0,0.0004652222
1,0,0.00021010554
1,0,9.798478e-05
1,0,0.0002669473
1,0,0.00043415345
1,0,0.0001977559
1,0,0.00073382
1,0,0.0010467975
1,0,0.0022649115
1,0,0.0017551366
1,0,0.0026364068
1,0,0.0057861796
1,0,0.0028860385
1,0,0.00031714907
1,0,0.00035843663
1,0,0.00274214
1,0,0.0011435493
1,0,0.00046431192
1,0,0.0011317191
1,0,0.0022516383
1,0,0.00077875354
1,0,0.00047920836
1,0,0.00080294017
1,0,0.0008324617
1,0,0.0013707835
1,0,0.0011553746
1,0,0.0020069804
1,0,0.00044909128
1,0,0.00054611097
1,1,0.63046944
1,1,0.74114496
1,1,0.53736216
1,1,0.5556645
1,1,0.64060515
1,0,0.2812772
1,0,0.16181919
1,0,0.35889772
1,1,0.5333021
1,1,0.5519812
1,0,0.18176404
1,0,0.36769012
1,1,0.94746804
1,1,0.9219373
1,1,0.9844779
1,1,0.56152225
1,0,0.12136708
1,0,0.44346088
1,1,0.85931605
1,1,0.8084238
1,1,0.8298957
1,1,0.53082263
1,1,0.61385226
1,1,0.7537656
1,1,0.87695587
1,1,0.9328714
1,1,0.9276891
1,1,0.7609021
1,1,0.9733314
1,1,0.9020568
1,1,0.7482414
1,1,0.9019738
1,1,0.86067814
1,0,0.40489137
1,0,0.1999261
1,1,0.6969549
1,1,0.77865916
1,1,0.73413
1,1,0.79238594
1,1,0.5520544
1,0,0.44047293
1,0,0.4895922
1,0,0.46342665
1,1,0.94601965
1,1,0.960865
1,1,0.97897595
1,1,0.952498
1,1,0.9239193
1,1,0.94182646
1,1,0.87173396
1,1,0.8896522
1,1,0.9451448
1,1,0.90419453
1,1,0.8993528
1,1,0.9910602
0,0,0.051572096
0,0,0.017806858
0,0,0.014700021
0,0,0.1068638
0,0,0.016101008
0,0,0.01607128
0,0,0.004842511
0,0,0.022974357
0,0,0.00300774
0,0,0.006289217
0,0,0.03800071
0,0,0.014812495
0,0,0.019645358
0,0,0.0142894145
0,0,0.018988844
0,0,0.0335683
0,0,0.014038543
0,0,0.00380598
0,0,0.0018631543
0,0,0.016322931
0,0,0.0177331
0,0,0.0068528065
0,0,0.0034910485
0,0,0.0019255411
0,0,0.009993312
0,0,0.013200287
0,0,0.013167352
0,0,0.0031652628
0,0,0.008779902
1,1,0.7953612
1,1,0.7557333
1,1,0.9518491
1,1,0.9439409
1,1,0.9319655
1,1,0.8870472
1,1,0.94575334
1,1,0.8777675
1,1,0.81120276
1,1,0.71447706
1,1,0.69912
1,1,0.91012394
1,1,0.8525773
1,1,0.7491518
1,1,0.55268455
1,1,0.8228734
1,0,0.16349834
1,0,0.32861766
1,0,0.2737164
1,0,0.121609434
1,0,0.1929073
1,0,0.44852582
0,0,0.002369183
0,0,0.0043529645
0,0,0.008448933
0,0,0.0034482959
0,0,0.007418514
0,0,0.0101948595
0,0,0.007412498
0,0,0.0023083526
0,0,0.009817806
0,0,0.011645275
0,0,0.0064581125
0,0,0.0076623056
0,0,0.035196956
0,0,0.042846438
0,0,0.0035575053
0,0,0.0016654958
0,0,0.001714711
0,0,0.00899935
0,0,0.0007961816
0,0,0.01025047
0,0,0.0012474273
0,0,0.002144157
0,0,0.003940047
0,0,0.0022724916
0,0,0.008138646
0,0,0.003147514
0,0,0.002863475
0,0,0.0020606078
0,0,0.0014108595
0,0,0.0031993142
0,0,0.007185612
0,0,0.0018561276
0,0,0.012349243
1,0,0.00401354
1,0,0.001773491
1,0,0.002685108
1,0,0.00073164416
1,0,0.0006772298
1,0,0.002629387
1,0,0.002716429
1,0,0.001604045
1,0,0.0011433729
1,0,0.00051266525
1,0,0.00034392995
1,0,0.0006749571
1,0,0.0017846691
1,0,0.00039485446
1,0,0.010040219
1,0,0.020814162
1,0,0.041694455
1,0,0.0052715377
1,0,0.011695312
1,0,0.008347738
1,0,0.01619801
1,0,0.07721921
0,0,0.006986499
0,0,0.024556343
0,0,0.012678373
0,0,0.08705354
0,0,0.040529855
0,0,0.0015246288
0,0,0.028317664
0,0,0.013005272
0,0,0.009838884
0,0,0.011780369
0,0,0.010365157
1,0,0.008168204
1,0,0.01582021
1,0,0.015560148
1,0,0.016556414
1,0,0.009457672
1,0,0.0070057623
1,0,0.0019750134
1,0,0.007560554
1,0,0.00084410043
1,0,0.0116441995
1,0,0.005416768
1,0,0.0186782
1,0,0.0020682674
1,0,0.0020482615
1,0,0.020352788
1,0,0.013456218
1,0,0.0026751333
1,0,0.0007742417
1,0,0.0038540654
1,0,0.03460449
1,0,0.0029588647
1,0,0.002620182
1,0,0.005238496
1,0,0.019412726
1,0,0.01480674
1,0,0.013080988
1,0,0.003926684
1,0,0.008083014
1,0,0.01680249
1,0,0.00504641
1,0,0.0040439675
1,0,0.010685099
1,0,0.011450166
1,0,0.0108382655
1,0,0.008696038
1,1,0.9776741
1,1,0.85512704
1,1,0.9837022
1,1,0.96756214
1,1,0.9650252
1,1,0.7094737
1,1,0.8878815
1,1,0.94324535
1,1,0.99304223
1,1,0.96714014
1,1,0.9620435
1,1,0.6944807
1,1,0.8661202
1,1,0.98077285
1,1,0.9858079
1,1,0.69776905
1,1,0.5008834
1,1,0.7656376
1,0,0.013875923
1,0,0.4331651
1,1,0.8538818
1,1,0.53948784
1,1,0.83836037
1,1,0.83875537
1,1,0.80034524
1,1,0.68467164
1,1,0.8011651
1,1,0.83600986
1,1,0.88965005
1,1,0.9282769
1,1,0.86056685
1,1,0.71260035
1,1,0.69368577
1,1,0.9336823
1,1,0.9696409
1,1,0.9327272
1,1,0.7603061
1,1,0.825793
1,1,0.89908457
1,1,0.9815108
1,1,0.9935348
1,1,0.9614413
1,1,0.99257374
1,1,0.96399164
0,0,0.46370274
0,0,0.44506016
0,1,0.61700547
0,0,0.45567298
0,1,0.9253563
0,1,0.86340714
0,1,0.51603574
0,1,0.6998653
0,1,0.67336386
0,1,0.9422894
0,1,0.64228755
0,0,0.00056680036
0,0,0.0012858129
0,0,0.0017422985
0,0,0.00025271432
0,0,0.0011862151
0,0,9.364958e-05
0,0,5.4431304e-05
0,0,0.0005200962
0,0,0.00031898302
0,0,0.0012384375
0,0,0.004362359
0,0,0.0022607849
0,0,0.00052789814
0,0,0.0065366225
0,0,0.11714268
0,0,0.024671987
0,0,0.068998836
0,0,0.008793735
0,0,0.0017671534
0,0,0.0030057344
0,0,0.009626839
0,0,0.004664567
0,0,0.003007521
0,0,0.00063508865
0,0,0.0029212532
0,0,0.025728095
0,0,0.0053234543
0,0,0.0011727187
0,0,0.0008609244
0,1,0.657353
0,0,0.33924332
0,1,0.94202584
0,1,0.9350949
0,0,0.31081444
0,1,0.548991
0,1,0.6208379
0,1,0.5878445
0,1,0.7978242
0,1,0.7937174
0,1,0.9631961
1,0,0.20420107
1,1,0.81975365
1,1,0.91784954
1,1,0.87269926
1,1,0.80919343
1,1,0.7813111
1,1,0.6829054
1,0,0.3975079
1,1,0.7101977
1,1,0.56760293
1,1,0.74827594
1,0,0.0047666417
1,0,0.0043797265
1,0,0.00054393685
1,0,0.0030984108
1,0,0.0028695671
1,0,0.008353661
1,0,0.0023921246
1,0,0.011163025
1,0,0.002370404
1,0,0.0032309166
1,0,0.0028656377
1,0,0.00230552
1,0,0.0023786374
1,0,0.0017529097
1,0,0.0034564985
1,0,0.0043279645
1,0,0.0048952675
1,0,0.0034244335
1,0,0.0020571747
1,0,0.011950637
1,0,0.0018339219
1,0,0.0078490535
1,0,0.11613135
1,0,0.028059067
1,0,0.020432005
1,0,0.011631459
1,0,0.15724279
1,0,0.37224492
1,1,0.5526421
1,0,0.044769112
1,0,0.09823371
1,0,0.02598955
1,0,0.00826302
1,0,0.004630634
1,0,0.007128283
1,0,0.0028676237
1,0,0.0007593091
1,0,0.031159649
1,0,0.009997568
1,0,0.008141912
1,0,0.040891323
1,0,0.03818703
1,0,0.019631278
1,0,0.011719169
1,0,0.0038717922
1,0,0.003503958
1,0,0.0049429336
1,0,0.0015140789
1,0,0.004050695
1,0,0.0046853167
1,0,0.015657196
1,0,0.011085874
1,0,0.052258153
1,0,0.029557139
1,0,0.011140278
0,0,0.0010484782
0,0,0.00021558486
0,0,0.0041738735
0,0,0.007686382
0,0,0.026808742
0,0,0.053787753
0,0,0.02049848
0,0,0.0030004096
0,0,0.013044073
0,0,0.0063068205
0,0,0.009148427
0,0,0.068898894
0,0,0.024390645
0,0,0.0036844923
0,0,0.0018809824
0,0,0.003107581
0,0,0.014494252
0,0,0.014643172
0,0,0.023184827
0,0,0.09020255
0,0,0.025598904
0,0,0.016678203
0,0,0.028279329
0,0,0.010639313
0,0,0.018477138
0,0,0.0071827215
0,0,0.0039410135
0,0,0.06741469
0,0,0.011255382
0,0,0.024204416
0,0,0.012057312
0,0,0.029442292
0,0,0.0025290318
0,0,0.00082217826
0,0,0.0025014349
0,0,0.00416683
0,0,0.01507379
0,0,0.0062018414
0,0,0.007827316
0,0,0.0040477524
0,0,0.007554806
0,0,0.018430287
0,0,0.015939754
0,0,0.007868818
0,0,0.02747692
0,0,0.16440997
1,1,0.83920234
1,1,0.8044489
1,1,0.80761755
1,1,0.8859387
1,1,0.6500524
1,1,0.91987616
1,1,0.9678908
1,1,0.9711693
1,1,0.80018294
1,1,0.97014856
1,1,0.9660637
1,1,0.83677965
1,1,0.923755
1,1,0.88518316
1,1,0.72350526
1,1,0.97954947
1,1,0.89036524
1,1,0.78323543
1,1,0.931623
1,1,0.80209595
1,1,0.9745696
1,1,0.9620451
1,1,0.9960037
1,1,0.98531216
1,1,0.93129253
1,1,0.9521355
1,1,0.9895064
1,1,0.9607756
1,1,0.8615821
1,1,0.88985103
1,1,0.8216211
1,1,0.5118796
1,1,0.5408641
1,1,0.9630997
1,1,0.97512203
1,1,0.80842686
1,1,0.9931585
1,1,0.9979766
1,1,0.97955894
1,1,0.84677
1,1,0.9743507
1,1,0.96624136
1,0,0.42404765
1,1,0.6567276
1,1,0.87470937
1,1,0.92505664
1,1,0.98110515
1,1,0.9404447
1,1,0.90165114
1,1,0.8072411
1,1,0.925324
1,1,0.88539815
1,1,0.85374635
1,1,0.9930288
1,1,0.9871034
0,0,0.012836238
0,0,0.013221373
0,0,0.005918662
0,0,0.010274958
0,0,0.009520475
0,0,0.02433487
0,0,0.043653015
0,0,0.009881433
0,0,0.013744162
0,0,0.107327536
0,0,0.02087
0,0,0.03101507
0,0,0.031532884
0,0,0.009780098
0,0,0.037190385
0,0,0.09164972
0,0,0.038794946
0,0,0.0028794978
0,0,0.008225829
0,0,0.0011013132
0,0,0.0022638203
0,0,0.001006822
0,0,0.0058932696
0,0,0.016349912
0,0,0.014833078
0,0,0.0012273676
0,0,0.003048781
0,0,0.00042922463
0,0,0.0057038595
1,1,0.9704982
1,1,0.99822515
1,1,0.997488
1,1,0.87811345
1,1,0.9993911
1,1,0.9623027
1,1,0.9686601
1,1,0.97484845
1,1,0.97293764
1,1,0.9949233
1,1,0.98840475
1,0,0.3675166
1,1,0.84261
1,1,0.8982093
1,1,0.88557345
1,1,0.91984034
1,1,0.87985885
1,1,0.95229286
1,1,0.7144058
1,0,0.3818731
1,1,0.8781297
1,1,0.8744155
0,0,0.023208952
0,0,0.042340163
0,0,0.015971264
0,0,0.017969543
0,0,0.008251848
0,0,0.017581504
0,0,0.033842914
0,0,0.020456135
0,0,0.013037474
0,0,0.0323967
0,0,0.021578496
0,0,0.013888605
0,0,0.009228333
0,0,0.022211816
0,0,0.019663813
0,0,0.028236017
0,0,0.048036724
0,0,0.046401218
0,0,0.033583
0,0,0.05455211
0,0,0.009182003
0,0,0.016107777
0,0,0.037253127
0,0,0.022112278
0,0,0.041745257
0,0,0.0096324785
0,0,0.013909192
0,0,0.06154784
0,0,0.26994777
0,0,0.029926993
0,0,0.009795658
0,0,0.09827236
0,0,0.01658253
0,0,0.012278993
0,0,0.066669196
0,0,0.016722776
0,0,0.01292231
0,0,0.026077216
0,0,0.010500291
0,0,0.035543263
0,0,0.15457033
0,0,0.12543225
0,0,0.029891629
0,0,0.30133647
0,1,0.6988918
0,1,0.7921956
0,1,0.73451245
0,1,0.59360695
0,1,0.912515
0,0,0.32356933
0,0,0.0037855837
0,0,0.042590562
0,0,0.074554175
0,0,0.035224672
0,0,0.009994638
0,0,0.05223748
0,0,0.074921265
0,0,0.18293507
0,0,0.019027144
0,0,0.028827079
0,0,0.02414367
0,0,0.018167146
0,0,0.053194124
0,0,0.034002054
0,0,0.002871329
0,0,0.044526633
0,0,0.04157719
0,0,0.018578906
0,0,0.003024171
0,0,0.0418506
0,0,0.021193959
0,0,0.009614913
0,0,0.0063779387
0,0,0.0013884895
0,0,0.0061490214
0,0,0.012043755
0,0,0.10699046
0,0,0.080361255
0,0,0.005579603
0,0,0.049728926
0,0,0.009846843
0,0,0.021780359
0,0,0.0045692534
0,0,0.0136250965
0,0,0.038973965
0,0,0.02552223
0,0,0.023514275
0,0,0.19912225
0,0,0.020019535
0,0,0.11739333
0,0,0.032905165
0,0,0.006386814
0,0,0.0040751914
0,0,0.02542172
0,0,0.007455758
0,0,0.017459081
0,0,0.0039017885
0,0,0.010853562
0,0,0.010471132
0,0,0.0019063179
0,0,0.0023954997
1,0,0.10101408
1,0,0.08718334
1,0,0.022408262
1,0,0.017417334
1,0,0.24270087
1,0,0.40268072
1,0,0.081652164
1,0,0.12075589
1,0,0.16537704
1,0,0.25223216
1,0,0.17550562
1,0,0.014429694
1,0,0.080377206
1,0,0.027913399
1,0,0.020622091
1,0,0.16899143
1,0,0.033901162
1,0,0.05854692
1,0,0.14387673
1,0,0.097132914
1,0,0.055806067
1,0,0.10662674
1,1,0.5230879
1,1,0.69046396
1,1,0.96984833
1,1,0.97125745
1,1,0.9683016
1,1,0.9661926
1,1,0.9270191
1,1,0.9687734
1,1,0.9935499
1,1,0.86109185
1,1,0.9044959
1,0,0.011031811
1,0,0.014805593
1,0,0.2672056
1,0,0.11037481
1,1,0.5201693
1,0,0.23297237
1,0,0.08591763
1,0,0.22827016
1,0,0.076758824
1,0,0.12590748
1,1,0.84983146
1,0,0.021855121
1,0,0.05347668
1,0,0.12826712
1,0,0.12593031
1,0,0.33625558
1,1,0.7126814
1,1,0.9459575
1,1,0.80864686
1,1,0.84545904
1,1,0.64566886
1,1,0.8052083
0,0,0.082640804
0,0,0.028671006
0,0,0.065312855
0,0,0.11093042
0,0,0.0098941205
0,0,0.015841115
0,0,0.027795449
0,0,0.07948933
0,0,0.28192678
0,0,0.049347434
0,0,0.0355601
0,0,0.053821474
0,0,0.028502854
0,0,0.009988987
0,0,0.011163266
0,0,0.012961654
0,0,0.010534096
0,0,0.04410631
0,0,0.06609829
0,0,0.0557203
0,0,0.042748433
0,0,0.0072895256
0,0,0.0129071865
0,0,0.024931837
0,0,0.01855759
0,0,0.016098343
0,0,0.010066334
0,0,0.008282338
0,0,0.010848741
1,0,0.1713442
1,0,0.19358705
1,0,0.29556084
1,0,0.2406221
1,0,0.2963178
1,0,0.34267882
1,0,0.24411398
1,0,0.055792876
1,0,0.13883543
1,0,0.016610267
1,0,0.07825009
1,0,0.24416776
1,0,0.054871187
1,0,0.091521546
1,0,0.14489771
1,0,0.08717204
1,0,0.48638082
1,0,0.32131386
1,0,0.38975388
1,0,0.12991355
1,0,0.4663154
1,0,0.25031555
1,0,0.03023602
1,0,0.016924607
1,0,0.0024019184
1,0,0.0049529234
1,0,0.0058457134
1,0,0.008772791
1,0,0.029517377
1,0,0.015613982
1,0,0.0040706596
1,0,0.018751033
1,0,0.0054659867
1,0,0.03776964
1,0,0.07528598
1,0,0.026090177
1,0,0.06816295
1,0,0.006991817
1,0,0.016952984
1,0,0.012610365
1,0,0.122241974
1,0,0.18351819
1,0,0.028983194
1,0,0.01378443
1,0,0.023572752
1,0,0.0013091916
1,0,0.0072349827
1,0,0.0009822503
1,0,0.0007653069
1,0,0.009739737
1,0,0.0023613742
1,0,0.001955052
1,0,0.0028916518
1,0,0.0014317825
1,0,0.0036148364
1,0,0.002895598
1,0,0.0037746765
1,0,0.0013010387
1,0,0.0007250744
1,0,0.0046795877
1,0,0.005148757
1,0,0.006827174
1,0,0.0060681566
1,0,0.002306266
1,0,0.0140440175
1,0,0.0017779954
1,0,0.00048380595
1,0,0.00069674966
1,0,0.0016567245
1,0,0.002190438
1,0,0.00076193473
1,0,0.0026085218
1,0,0.0017055187
1,0,0.00025520148
1,0,0.0014147696
1,0,0.00078257656
1,0,0.005770332
0,0,0.05206806
0,0,0.060871415
0,0,0.085104294
0,0,0.06297303
0,0,0.024535896
0,0,0.0846886
0,0,0.0879684
0,0,0.17717656
0,0,0.21914212
0,0,0.06340606
0,0,0.058611583
0,0,0.0029353593
0,0,0.0020343862
0,0,0.0027343922
0,0,0.014884394
0,0,0.0046294304
0,0,0.00675102
0,0,0.010791376
0,0,0.0026985046
0,0,0.0020538091
0,0,0.012564416
0,0,0.014524942
0,0,0.00036555412
0,0,0.0028674803
0,0,0.0040886737
0,0,0.00778575
0,0,0.004384828
0,0,0.0053159553
0,0,0.010209237
0,0,0.007009256
0,0,0.0059010712
0,0,0.019643756
0,0,0.01006516
0,0,0.0300314
0,0,0.020219821
0,0,0.013213953
0,0,0.019467117
0,0,0.0019609015
0,0,0.0016218656
0,0,0.0058951695
0,0,0.0040995535
0,0,0.0030654315
0,0,0.048359226
0,0,0.007900307
0,0,0.027264727
0,0,0.009435602
0,0,0.22723645
0,0,0.18159029
0,0,0.073215246
0,0,0.16612531
0,1,0.5406069
0,0,0.4485639
0,1,0.5373689
0,1,0.8033737
0,1,0.82673645
0,1,0.8501864
0,1,0.66308755
0,1,0.83704925
0,1,0.674409
0,1,0.9142642
0,1,0.9205823
0,1,0.8932518
0,1,0.6791454
0,1,0.7255379
0,1,0.944567
0,1,0.9808878
0,1,0.79372054
0,1,0.86727023
1,0,0.2878025
1,0,0.15394513
1,1,0.7488042
1,1,0.76032627
1,1,0.66755974
1,1,0.74683976
1,0,0.49523908
1,0,0.4352275
1,0,0.21261588
1,0,0.32120112
1,0,0.12361442
0,1,0.78483737
0,1,0.8905675
0,1,0.8349333
0,1,0.81676567
0,1,0.9312961
0,1,0.983976
0,1,0.97395647
0,1,0.8735624
0,1,0.61389667
0,1,0.95305836
0,1,0.9452567
1,1,0.94544697
1,1,0.961997
1,1,0.9464481
1,1,0.9744623
1,1,0.9650674
1,1,0.9278411
1,1,0.8836624
1,1,0.7259245
1,1,0.7666187
1,1,0.989516
1,1,0.88358104
0,0,0.081773475
0,0,0.052303493
0,0,0.041684464
0,0,0.03641534
0,0,0.034247864
0,0,0.045685764
0,0,0.07631637
0,0,0.18641917
0,0,0.050637998
0,0,0.01860898
0,0,0.015908588
0,0,0.005159743
0,0,0.014457422
0,0,0.013652103
0,0,0.037025206
0,0,0.015500382
0,0,0.023766145
0,0,0.029636255
0,0,0.012767281
0,0,0.0066063525
0,0,0.02897245
0,0,0.15396124
0,0,0.11474228
0,0,0.05074037
0,0,0.020275183
0,0,0.0058021466
0,0,0.01725998
0,0,0.010648677
0,0,0.0060687405
0,1,0.90799725
0,1,0.86558944
0,1,0.9197913
0,1,0.9852524
0,1,0.9122211
0,1,0.9326667
0,1,0.9668624
0,1,0.73439324
0,1,0.9418426
0,1,0.9865937
0,1,0.75917906
1,1,0.5392285
1,1,0.75484055
1,1,0.93714875
1,1,0.98760545
1,1,0.9759996
1,1,0.9957806
1,1,0.78668743
1,1,0.92224634
1,1,0.78043395
1,1,0.57705593
1,1,0.89897335
0,0,0.04258545
0,0,0.014537554
0,0,0.007941412
0,0,0.028257474
0,0,0.024996301
0,0,0.0022068387
0,0,0.018791987
0,0,0.03912493
0,0,0.04969365
0,0,0.04399336
0,0,0.16514269
0,0,0.02844838
0,0,0.08674281
0,0,0.06583926
0,0,0.09155001
0,0,0.13954733
0,0,0.039825838
0,0,0.049093712
0,0,0.105907686
0,0,0.15355426
0,0,0.04311556
0,0,0.040093116
0,0,0.060963687
0,0,0.07454796
0,0,0.020554852
0,0,0.089925304
0,0,0.007997242
0,0,0.0048990855
0,0,0.0060839546
0,0,0.023007939
0,0,0.056964587
0,0,0.19971539
0,0,0.1550192
0,0,0.04643782
0,0,0.138632
0,0,0.09167456
0,0,0.21096118
0,0,0.07971339
0,0,0.094817415
0,0,0.043210935
0,0,0.04176364
0,0,0.06929319
0,0,0.044008348
0,0,0.019889938
0,0,0.029404731
0,0,0.010472837
0,0,0.02090453
0,0,0.012689289
0,0,0.008548812
0,0,0.002292667
0,0,0.0055373227
0,0,0.00819774
0,0,0.0076444633
0,0,0.002376379
0,0,0.0012093368
0,0,0.0010280205
0,0,0.0015147813
0,0,0.00013951641
0,0,0.0050827437
0,0,0.00410664
0,0,0.0030239036
0,0,0.032722488
0,0,0.029520774
0,0,0.0040388945
0,0,0.0072179264
0,0,0.005667188
0,0,0.003617582
0,0,0.00568626
0,0,0.0049922196
0,0,0.001845706
0,0,0.0023786668
0,0,0.0017371823
0,0,0.0031915589
0,0,0.0019498643
0,0,0.0033541352
0,0,0.000738866
0,0,0.00040466487
0,0,0.002183405
0,0,0.0023393324
0,0,0.0030245748
0,0,0.0036682405
0,0,0.022999013
0,0,0.0067282743
0,0,0.0011259099
0,0,0.00015472736
0,0,0.0018922151
0,0,0.0005280891
0,0,0.00035325717
0,0,0.000977166
0,0,0.0016624564
0,0,0.0023224552
0,0,0.0013823853
0,0,0.008820892
0,0,0.0057819644
0,0,0.0030447692
0,0,0.011555982
0,0,0.015635934
0,0,0.0049337065
0,0,0.0071965917
0,0,0.01599161
0,0,0.016806254
1,1,0.9659087
1,1,0.9925891
1,1,0.9946042
1,1,0.990272
1,1,0.93665475
1,1,0.98903185
1,1,0.99076545
1,1,0.99192566
1,1,0.965411
1,1,0.9116451
1,1,0.91156536
1,1,0.9972007
1,1,0.99824154
1,1,0.9904756
1,1,0.99847275
1,1,0.998944
1,1,0.9947331
1,1,0.9501068
1,1,0.99880636
1,1,0.9890077
1,1,0.9590986
1,1,0.9449907
1,1,0.9593852
1,1,0.9434014
1,1,0.99637836
1,1,0.99276805
1,1,0.97520274
1,1,0.98547447
1,1,0.92903876
1,1,0.9776921
1,1,0.9411268
1,1,0.9944014
1,1,0.9813145
1,1,0.9402748
1,1,0.9730627
1,1,0.9433221
1,1,0.8203835
1,0,0.48058394
1,1,0.94398665
1,1,0.97438824
1,1,0.93384755
1,1,0.9400409
1,1,0.97783124
1,1,0.860185
1,1,0.95878464
1,1,0.9542384
1,1,0.854762
1,1,0.98232365
1,1,0.9273496
1,1,0.96849704
1,1,0.9052627
1,1,0.95233774
1,1,0.83444655
1,1,0.9491451
1,0,0.48195955
0,0,0.043939248
0,0,0.2182298
0,1,0.56584716
0,0,0.23742285
0,0,0.26920936
0,0,0.20500465
0,1,0.55326855
0,0,0.42587936
0,1,0.53887737
0,0,0.4525415
0,0,0.242484
0,0,0.10296077
0,0,0.08501181
0,0,0.06796894
0,0,0.04786803
0,0,0.17859274
0,0,0.014671594
0,0,0.045434915
0,0,0.26054108
0,0,0.11697705
0,1,0.5227472
0,0,0.1295523
0,0,0.34793773
0,0,0.034413263
0,0,0.05705723
0,0,0.01616312
0,0,0.017731024
0,0,0.022777148
0,0,0.009673222
1,1,0.9590292
1,1,0.81022483
1,1,0.97606397
1,1,0.9852483
1,1,0.99314064
1,1,0.975459
1,1,0.9382904
1,1,0.96447486
1,1,0.9862817
1,1,0.95828813
1,1,0.99171644
1,1,0.9909066
1,1,0.96945065
1,1,0.71283424
1,0,0.108096175
1,1,0.59629196
1,0,0.40896815
1,0,0.24544531
1,0,0.2916543
1,0,0.43181458
1,0,0.17773943
1,0,0.2499052
0,0,0.04799701
0,0,0.002498107
0,0,0.007921023
0,0,0.028288791
0,0,0.04126676
0,0,0.01768935
0,0,0.028656956
0,0,0.06740735
0,0,0.01847457
0,0,0.0007775049
0,0,0.00061936356
0,0,0.007679812
0,0,0.0044841403
0,0,0.001227138
0,0,0.0009841078
0,0,0.0035396514
0,0,0.0054017887
0,0,0.0026080566
0,0,0.0019324052
0,0,0.018461242
0,0,0.030509958
0,0,0.0023349617
0,0,0.00080794387
0,0,0.015780518
0,0,0.01721994
0,0,0.003504459
0,0,0.0029346754
0,0,0.0034428337
0,0,0.0028227055
0,0,0.028494703
0,0,0.02553865
0,0,0.015166263
0,0,0.009733448
1,0,0.003832205
1,0,0.017794544
1,0,0.00814604
1,0,0.0013727536
1,0,0.009794775
1,0,0.0062717423
1,0,0.00453278
1,0,0.10691911
1,0,0.018113544
1,0,0.050754614
1,0,0.019134503
1,0,0.034791272
1,0,0.025761971
1,0,0.010081374
1,0,0.00238389
1,0,0.0071663503
1,0,0.015021554
1,0,0.0028640507
1,0,0.009105781
1,0,0.0016647064
1,0,0.0040334007
1,0,0.003747779
0,0,0.19287719
0,0,0.1354583
0,0,0.07839589
0,0,0.12516159
0,0,0.08176607
0,0,0.09871187
0,0,0.03905016
0,0,0.104071826
0,0,0.08843813
0,0,0.08950589
0,0,0.05849367
0,0,0.025449634
0,0,0.38595787
0,0,0.17584513
0,0,0.07846651
0,0,0.01635264
0,0,0.033626612
0,0,0.017897125
0,0,0.028545124
0,0,0.064570256
0,0,0.010513994
0,0,0.012804122
0,0,0.015954936
0,0,0.017387807
0,0,0.0129731335
0,0,0.01471622
0,0,0.029664299
0,0,0.027277552
0,0,0.039069735
0,0,0.007104974
0,0,0.0048155603
0,0,0.006411554
0,0,0.026689915
0,0,0.022012845
0,0,0.008602353
0,0,0.0049180794
0,0,0.016528254
0,0,0.022746833
0,0,0.0250187
0,0,0.032156415
0,0,0.01388745
0,0,0.0028290513
0,0,0.0052220523
0,0,0.0025312582
0,0,0.01420251
0,0,0.015012661
1,0,0.1302096
1,0,0.124916695
1,0,0.20019478
1,0,0.049845304
1,0,0.3171611
1,0,0.42494732
1,0,0.14807144
1,0,0.052628383
1,0,0.36373362
1,0,0.43567017
1,0,0.38215917
1,1,0.6435589
1,1,0.8692467
1,1,0.6935395
1,0,0.27930784
1,1,0.8586293
1,1,0.8179801
1,1,0.7420269
1,1,0.7617363
1,1,0.9215311
1,0,0.34640896
1,0,0.39539808
1,1,0.9877059
1,1,0.67703795
1,1,0.50950867
1,1,0.90229267
1,1,0.88876516
1,1,0.8786838
1,1,0.89660436
1,1,0.93255955
1,1,0.8133069
1,1,0.7371038
1,1,0.8305912
1,1,0.69387704
1,1,0.94737256
1,1,0.83348036
1,1,0.8168195
1,1,0.7728031
1,1,0.63651884
1,0,0.41843212
1,1,0.6388105
1,1,0.64652455
1,1,0.9210433
1,1,0.9642158
1,1,0.99251854
1,1,0.9844885
1,1,0.99731064
1,1,0.9959039
1,1,0.9884659
1,1,0.9427112
1,1,0.9567293
1,1,0.80627924
1,1,0.56055146
1,1,0.79496557
1,1,0.8591336
0,0,0.15642288
0,0,0.08019231
0,0,0.0050958036
0,0,0.008004895
0,0,0.0051716818
0,0,0.017449824
0,0,0.02827164
0,0,0.026200857
0,0,0.01064508
0,0,0.034067694
0,0,0.004695064
0,0,0.016484588
0,0,0.0063075945
0,0,0.0029598386
0,0,0.0030480623
0,0,0.0009436602
0,0,0.0029084752
0,0,0.0135326255
0,0,0.0065462505
0,0,0.002084206
0,0,0.004208524
0,0,0.009419434
0,0,0.021331994
0,0,0.034371365
0,0,0.013957318
0,0,0.0042563207
0,0,0.0041624
0,0,0.017666187
0,0,0.006490769
1,1,0.96153915
1,1,0.9438699
1,1,0.9142157
1,1,0.5037401
1,1,0.8466885
1,1,0.9704168
1,1,0.98126286
1,1,0.9180124
1,1,0.9598052
1,1,0.74297166
1,1,0.65533495
1,1,0.7731188
1,1,0.9275312
1,1,0.62925184
1,0,0.35014346
1,0,0.1125557
1,0,0.057583548
1,0,0.17698225
1,1,0.87367666
1,1,0.6049972
1,1,0.64157027
1,1,0.65369755
0,0,0.02403462
0,0,0.08880001
0,0,0.062816486
0,0,0.047528837
0,0,0.0029704196
0,0,0.0053309966
0,0,0.06903613
0,0,0.070298314
0,0,0.040474094
0,0,0.03297845
0,0,0.013592337
0,0,0.023217754
0,0,0.007999789
0,0,0.0030369703
0,0,0.002318727
0,0,0.0014206594
0,0,0.030243902
0,0,0.01650487
0,0,0.0047591035
0,0,0.031429186
0,0,0.012066483
0,0,0.010545383
0,0,0.003549118
0,0,0.020573527
0,0,0.0003946012
0,0,0.0011288218
0,0,0.0013313079
0,0,0.0010132428
0,0,0.002508461
0,0,0.004192434
0,0,0.002600484
0,0,0.011396948
0,0,0.005307828
0,0,0.02471784
0,0,0.028117951
0,0,0.0066654887
0,0,0.0067794695
0,0,0.005415841
0,0,0.06490161
0,0,0.0069505097
0,0,0.029889094
0,0,0.027746571
0,0,0.04627435
0,0,0.072581686
0,0,0.02676994
0,0,0.057805326
0,0,0.0783124
0,0,0.003004323
0,0,0.010021781
0,0,0.003296866
0,0,0.0035899405
0,0,0.015008015
0,0,0.0048340047
0,0,0.0029774464
0,0,0.0071595814
0,1,0.5847589
0,0,0.024537196
0,0,0.07084372
0,0,0.16629738
0,0,0.08648113
0,0,0.33962706
0,0,0.14085655
0,0,0.021173527
0,0,0.44654083
0,0,0.11316297
0,0,0.03904794
0,0,0.15014505
0,0,0.039841786
0,0,0.147667
0,0,0.26169702
0,0,0.18111144
0,0,0.06268593
0,0,0.010848536
0,0,0.29177582
0,0,0.22585566
0,0,0.27262342
0,0,0.16093123
0,0,0.05650047
0,1,0.8499819
0,1,0.72863734
0,0,0.16997473
0,0,0.017583167
0,0,0.09615859
0,0,0.011679786
0,0,0.31921864
0,0,0.36768135
0,0,0.25628355
0,0,0.25303718
0,0,0.20600264
0,0,0.029286092
0,0,0.1408907
0,0,0.2550419
0,0,0.12563306
0,0,0.062779374
0,0,0.09462412
0,0,0.20637852
0,0,0.07548457
0,0,0.12720558
0,1,0.8205847
0,1,0.5565482
0,0,0.3373788
0,0,0.06451933
0,0,0.05878206
0,0,0.042316463
0,0,0.0907098
0,0,0.014522116
0,0,0.17073198
0,0,0.008634695
0,0,0.12771653
0,0,0.055801343
0,1,0.5142474
0,0,0.18989
0,0,0.02925452
0,0,0.028621756
0,0,0.09355792
0,0,0.30262628
0,0,0.36133355
0,0,0.08599167
0,0,0.043531742
0,0,0.1244543
0,0,0.026660215
0,0,0.037038613
0,1,0.6068407
0,0,0.029096311
0,0,0.27696988
0,0,0.15287192
0,1,0.73879826
0,0,0.3635784
0,0,0.40410838
0,1,0.51947755
0,0,0.32086158
0,0,0.18662524
0,0,0.10910042
0,1,0.5735269
0,0,0.108479075
0,0,0.042582814
0,0,0.42873573
0,0,0.32294145
0,0,0.020535506
0,0,0.0359595
0,0,0.077720225
0,0,0.02296235
0,0,0.17616136
0,0,0.048149556
0,0,0.19076781
0,0,0.22456826
0,0,0.15695637
0,0,0.3528523
0,0,0.2674541
0,0,0.019612271
0,0,0.011416213
0,0,0.14124717
0,0,0.10051164
0,0,0.14898238
0,0,0.080093294
0,0,0.20361806
0,0,0.45666912
0,0,0.2200371
0,0,0.30031592
0,0,0.11902036
0,0,0.04518866
0,0,0.17199056
0,0,0.1618735
0,0,0.029581666
0,0,0.2667779
0,0,0.12094941
0,0,0.37981212
0,0,0.41529456
0,0,0.44556242
0,0,0.09315214
0,0,0.05378155
0,0,0.34022933
0,0,0.2801349
0,0,0.23270091
0,0,0.23265952
0,1,0.7376538
0,1,0.88999325
0,0,0.20827514
0,1,0.6481976
0,0,0.26174855
0,0,0.106569774
0,0,0.06668817
0,0,0.06397257
0,0,0.04274754
0,1,0.63183784
0,0,0.051251687
0,0,0.04404938
0,0,0.24156964
0,1,0.6746224
0,0,0.34801343
0,0,0.22431703
0,0,0.23085684
0,1,0.69177383
0,1,0.86652005
0,0,0.1039779
0,0,0.26582247
0,0,0.06295919
0,0,0.07239422
0,0,0.46242324
0,0,0.11925552
0,0,0.14206973
0,1,0.9209248
0,1,0.80076426
0,0,0.4671745
0,0,0.4188916
0,0,0.03635705
0,1,0.5301001
0,0,0.019148529
0,0,0.03426405
0,0,0.060216296
0,0,0.070384234
0,0,0.015397616
0,1,0.62043524
0,0,0.43524277
0,0,0.36248466
0,0,0.027914764
0,0,0.03611219
0,0,0.0641596
0,0,0.1462404
0,0,0.15706275
0,0,0.32019547
0,0,0.19442324
0,0,0.06822143
0,0,0.35983458
0,0,0.045447838
0,0,0.07158573
0,0,0.2665794
0,0,0.27077463
0,0,0.22745669
0,0,0.34421146
0,1,0.6978766
0,0,0.19469817
0,1,0.50774854
0,1,0.68055975
0,0,0.15392569
0,0,0.022823604
0,0,0.2204955
0,0,0.027133165
0,0,0.049126823
0,0,0.012834535
1,0,0.030349853
1,0,0.06289824
1,0,0.0011450524
1,0,0.0063037947
1,0,0.04744517
1,0,0.050662957
1,0,0.11572394
1,0,0.022948084
1,0,0.11966454
1,0,0.05857868
1,0,0.18542376
1,0,0.21262099
1,0,0.15704955
1,0,0.01158121
1,0,0.008650755
1,0,0.0435013
1,0,0.030704014
1,0,0.20032243
1,0,0.033501673
1,0,0.025091719
1,0,0.032860134
1,0,0.022928301
1,0,0.05547741
1,0,0.0037275623
1,0,0.0018174734
1,0,0.030121963
1,0,0.011007209
1,0,0.014587883
1,0,0.011720588
1,0,0.007736267
1,0,0.03189219
1,0,0.02529406
1,0,0.018940972
1,0,0.087226145
1,0,0.056952935
1,1,0.51354975
1,1,0.7321219
1,1,0.89340574
1,1,0.94889545
1,1,0.9357761
1,1,0.7432917
1,0,0.33209968
1,1,0.8684031
1,1,0.91595477
1,1,0.8414991
1,1,0.8734087
1,1,0.888348
1,1,0.9648036
1,1,0.88379914
1,1,0.9904275
1,1,0.91054434
1,1,0.9135275
1,1,0.9401913
1,1,0.9812765
1,1,0.9889471
1,1,0.70551354
1,1,0.90631
1,1,0.95781314
1,1,0.95411223
1,1,0.714914
1,1,0.92012435
1,1,0.9445917
1,1,0.96700025
1,1,0.9931734
1,1,0.96759325
1,1,0.9903148
1,1,0.8235417
1,1,0.7504063
1,1,0.8781631
1,1,0.88604885
1,1,0.8886299
1,0,0.47827506
1,1,0.95016974
1,1,0.9781878
1,1,0.8462352
1,1,0.8092676
1,1,0.9190032
1,1,0.9897885
1,1,0.9930011
1,1,0.91894853
1,1,0.82922554
1,1,0.9897183
1,1,0.81626296
1,1,0.5733309
1,1,0.90217274
1,1,0.9703701
1,1,0.85359323
1,0,0.40487385
1,1,0.60416424
1,1,0.95644814
0,0,0.0447076
0,0,0.25447148
0,0,0.072574124
0,0,0.38072646
0,0,0.24696718
0,0,0.1146018
0,0,0.08457502
0,0,0.10315314
0,0,0.054594897
0,0,0.030433895
0,0,0.0006151748
0,0,0.0072812317
0,0,0.00052281877
0,0,0.036759757
0,0,0.016469397
0,0,0.011315588
0,0,0.0018144837
0,0,0.0040606135
0,0,0.0043266844
0,0,0.010587259
0,0,0.0037841955
0,0,0.021065308
0,0,0.012520673
0,0,0.015419898
0,0,0.03299663
0,0,0.008839868
0,0,0.041150358
0,0,0.028308548
0,0,0.010802494
1,1,0.98483676
1,1,0.8786436
1,1,0.6813053
1,1,0.95513654
1,1,0.94860727
1,1,0.9053705
1,1,0.72496766
1,1,0.6405598
1,1,0.85292536
1,1,0.7729911
1,1,0.84948385
1,1,0.7081992
1,0,0.48586687
1,0,0.26492652
1,1,0.6673908
1,1,0.87923807
1,1,0.8581542
1,1,0.99248135
1,1,0.98674333
1,1,0.9912407
1,1,0.9957408
1,1,0.9270821
0,1,0.83086234
0,0,0.37614283
0,0,0.45652586
0,0,0.12736283
0,0,0.029645897
0,0,0.026765786
0,0,0.09233554
0,0,0.019676777
0,0,0.009699293
0,0,0.01006477
0,0,0.0031340239
0,0,0.0027122044
0,0,0.0007247881
0,0,0.006942411
0,0,0.0045129727
0,0,0.002077563
0,0,0.003505207
0,0,0.0040766355
0,0,0.0037037986
0,0,0.0029974396
0,0,0.003535004
0,0,0.02649053
0,0,0.0041114343
0,0,0.0057720337
0,0,0.0033413363
0,0,0.0029532518
0,0,0.004973979
0,0,0.04093046
0,0,0.029060507
0,0,0.07410785
0,0,0.004137621
0,0,0.032442957
0,0,0.029689543
1,0,0.07795768
1,0,0.24662992
1,0,0.020824814
1,0,0.01433422
1,0,0.028491534
1,0,0.035127953
1,0,0.039633125
1,0,0.001572284
1,0,0.014957824
1,0,0.011860557
1,0,0.062076624
1,0,0.038149368
1,0,0.1363871
1,0,0.20996228
1,0,0.01292408
1,0,0.18569808
1,1,0.7146702
1,0,0.094368756
1,0,0.12995586
1,0,0.097698204
1,0,0.19428647
1,0,0.26927835
0,0,0.21649367
0,0,0.019307083
0,0,0.0061664754
0,0,0.010974338
0,0,0.013347422
0,0,0.02189989
0,0,0.004108825
0,0,0.00965462
0,0,0.04042247
0,0,0.009828659
0,0,0.0013465764
0,0,0.017283192
0,0,0.0060442155
0,0,0.009294685
0,0,0.0014234309
0,0,0.0022401838
0,0,0.008561859
0,0,0.01269395
0,0,0.007915544
0,0,0.0045965724
0,0,0.013678267
0,0,0.002099687
0,0,0.007394858
0,0,0.025713522
0,0,0.01226697
0,0,0.017007338
0,0,0.0141906645
0,0,0.031910673
0,0,0.042047758
0,0,0.055654455
0,0,0.055128142
0,0,0.13662134
0,0,0.014763855
0,0,0.03418318
0,0,0.0020639522
0,0,0.016649013
0,0,0.004326058
0,0,0.008044671
0,0,0.0020363485
0,0,0.010942162
0,0,0.006213173
0,0,0.002520375
0,0,0.034202762
0,0,0.003497424
0,0,0.0028204028
0,0,0.003964949
1,1,0.98939216
1,1,0.9644569
1,1,0.98213506
1,1,0.9866345
1,1,0.9860175
1,1,0.9853533
1,1,0.9765805
1,1,0.9926254
1,1,0.9923413
1,1,0.9796428
1,1,0.9145385
0,1,0.9680017
0,1,0.99295926
0,1,0.9786416
0,1,0.8930524
0,1,0.9267257
0,1,0.98929614
0,1,0.98339695
0,1,0.9618744
0,1,0.960455
0,1,0.8808642
0,1,0.8883943
1,1,0.9950866
1,1,0.99798405
1,1,0.99774987
1,1,0.9992872
1,1,0.99672854
1,1,0.96893007
1,1,0.9656363
1,1,0.9226871
1,1,0.9341698
1,1,0.9654058
1,1,0.9795964
1,1,0.8449981
1,1,0.69966984
1,1,0.60126996
1,1,0.8629293
1,1,0.9541299
1,1,0.94209045
1,1,0.9185824
1,1,0.9396522
1,1,0.72298235
1,1,0.8148797
1,1,0.76369476
0,1,0.962268
0,1,0.9129477
0,1,0.95647585
0,1,0.84002525
0,1,0.9518979
0,1,0.94207555
0,1,0.9726776
0,1,0.92993677
0,1,0.8296117
0,1,0.70453227
0,1,0.58878446
0,0,0.21287507
0,0,0.1195505
0,0,0.043889567
0,0,0.07494373
0,0,0.18337482
0,0,0.41296282
0,1,0.84463865
0,0,0.07588235
0,0,0.49999452
0,1,0.6607842
0,1,0.85244817
0,1,0.62352794
0,0,0.47294614
0,1,0.8407732
0,1,0.9838246
0,1,0.7289024
0,0,0.45004106
0,0,0.43885225
0,1,0.517897
0,1,0.6356824
0,1,0.52363825
0,0,0.053213328
0,0,0.14984907
0,0,0.3663392
0,1,0.619924
0,1,0.74131024
0,0,0.1959056
0,0,0.321837
0,0,0.0987135
1,1,0.87501067
1,1,0.78607905
1,1,0.94692427
1,1,0.93493396
1,1,0.9246332
1,1,0.9391505
1,1,0.98820335
1,1,0.9938008
1,1,0.98040503
1,1,0.98928773
1,1,0.9940348
1,1,0.8752459
1,1,0.9062893
1,1,0.9767816
1,1,0.9362881
1,1,0.95308834
1,1,0.9872436
1,1,0.9948866
1,1,0.9991844
1,1,0.99512625
1,1,0.9951421
1,1,0.9946426
0,0,0.023173181
0,0,0.06771016
0,0,0.05570514
0,0,0.07474944
0,0,0.004675541
0,0,0.006414194
0,0,0.006520936
0,0,0.030510014
0,0,0.0060565486
0,0,0.015570018
0,0,0.01239654
0,0,0.01759842
0,0,0.030994011
0,0,0.0047858073
0,0,0.029889666
0,0,0.15388055
0,0,0.011783261
0,0,0.021965135
0,0,0.015997538
0,0,0.009664273
0,0,0.008298294
0,0,0.011584567
0,0,0.12012672
0,0,0.053013653
0,0,0.13686334
0,0,0.037074666
0,0,0.42823124
0,1,0.5890156
0,0,0.3159675
0,1,0.5259938
0,0,0.22969559
0,0,0.07285794
0,0,0.3369153
1,0,0.36554626
1,1,0.63286597
1,0,0.19051537
1,0,0.14057864
1,0,0.10073614
1,0,0.101079345
1,0,0.08198692
1,0,0.11023669
1,0,0.18254104
1,0,0.1720927
1,0,0.32806268
1,0,0.3583849
1,0,0.30791602
1,0,0.25106427
1,0,0.16135703
1,0,0.4327735
1,0,0.32669696
1,0,0.18373778
1,0,0.0516016
1,0,0.24342108
1,0,0.09980508
1,0,0.32616332
0,0,0.015529142
0,0,0.023691831
0,0,0.017437793
0,0,0.042346787
0,0,0.018448653
0,0,0.023973921
0,0,0.031353142
0,0,0.03612524
0,0,0.036500514
0,0,0.026620569
0,0,0.031816233
0,0,0.1725504
0,0,0.17318982
0,0,0.15893093
0,0,0.101221636
0,0,0.12309182
0,0,0.23807222
0,0,0.0683033
0,0,0.18632747
0,0,0.12563404
0,0,0.08545088
0,0,0.070482835
0,0,0.038241904
0,0,0.050194845
0,0,0.04020906
0,0,0.03530392
0,0,0.046047654
0,0,0.05201452
0,0,0.044002812
0,0,0.037717413
0,0,0.009714603
0,0,0.029687734
0,0,0.04147297
0,0,0.046813253
0,0,0.088188715
0,0,0.30162403
0,0,0.05384605
0,0,0.17152652
0,0,0.08873923
0,0,0.028065838
0,0,0.03509865
0,0,0.15205608
0,0,0.4190339
0,0,0.032404207
0,0,0.059857614
0,0,0.08395937
1,0,0.0282611
1,0,0.024466487
1,0,0.048192944
1,0,0.074043766
1,0,0.18114588
1,0,0.030347647
1,0,0.028708681
1,0,0.017041698
1,0,0.026247993
1,0,0.015984843
1,0,0.0318464
1,0,0.058441248
1,0,0.03456153
1,0,0.05279388
1,0,0.14795083
1,0,0.111321434
1,0,0.012875942
1,0,0.024169832
1,0,0.2334429
1,0,0.11349074
1,0,0.10423859
1,0,0.025114669
1,0,0.40228456
1,1,0.906004
1,1,0.84776545
1,1,0.60969996
1,0,0.16476151
1,1,0.58677584
1,0,0.14998822
1,0,0.40555236
1,0,0.06139999
1,0,0.02096612
1,0,0.054754324
1,1,0.57703173
1,0,0.13787736
1,0,0.38916194
1,0,0.39577463
1,1,0.57997847
1,1,0.7604528
1,0,0.28508487
1,0,0.47767144
1,1,0.7294756
1,1,0.8380782
1,0,0.24289241
0,0,0.17175895
0,1,0.629373
0,1,0.52630883
0,0,0.3556082
0,0,0.38595748
0,0,0.25687388
0,0,0.21881457
0,1,0.6440535
0,0,0.38854522
0,1,0.7727334
0,1,0.66634893
1,1,0.8785158
1,1,0.8949836
1,1,0.53379136
1,0,0.049185492
1,0,0.10270056
1,0,0.031065745
1,0,0.051164135
1,0,0.10101719
1,0,0.20773627
1,0,0.05359359
1,1,0.8375501
1,1,0.7612759
1,0,0.19821234
1,0,0.25468573
1,0,0.19079867
1,0,0.013028476
1,0,0.31262773
1,0,0.20267057
1,0,0.35337892
1,0,0.2853919
1,0,0.19827816
1,0,0.04848763
1,0,0.029813195
1,0,0.007953616
1,0,0.006850795
1,0,0.050598778
1,0,0.021985011
1,0,0.020434083
1,0,0.027283587
1,0,0.4200711
1,0,0.39469895
1,0,0.17312564
1,0,0.21741675
1,0,0.1975172
1,0,0.047122896
1,0,0.02933951
1,0,0.01392353
1,0,0.084370725
1,0,0.038385287
1,0,0.02429135
0,0,0.03830622
0,0,0.018088281
0,0,0.22171476
0,0,0.02627938
0,0,0.01791144
0,0,0.03908763
0,0,0.054248836
0,0,0.07171285
0,0,0.029706066
0,0,0.41164398
0,0,0.4879836
0,0,0.03029415
0,0,0.034609005
0,0,0.022733828
0,0,0.23856398
0,0,0.037207156
0,0,0.33935025
0,0,0.14962466
0,0,0.14668313
0,0,0.014105728
0,0,0.03152481
0,0,0.0439418
0,0,0.020333266
0,0,0.053161714
0,0,0.31524456
0,0,0.2580432
0,0,0.16244021
0,0,0.014947775
0,0,0.057080805
0,0,0.03634345
0,0,0.013561428
0,0,0.041684173
0,0,0.028731843
0,0,0.0450428
0,0,0.47142383
0,1,0.7188193
0,0,0.04529159
0,0,0.014976016
0,0,0.01179276
0,0,0.039706893
0,0,0.015065098
0,0,0.012252258
0,0,0.013963133
0,0,0.029137438
0,1,0.6549356
0,0,0.030645085
0,0,0.10336238
0,0,0.015883604
0,0,0.21362405
0,0,0.41836274
0,0,0.012219857
0,0,0.030640945
0,0,0.2028041
0,0,0.098519646
0,0,0.112190925
0,0,0.08042545
0,0,0.10845668
0,0,0.09717746
0,0,0.015871273
0,0,0.086223565
0,0,0.0030426104
0,0,0.005643452
0,0,0.050090123
0,0,0.07914012
0,1,0.61247694
0,0,0.13267781
0,0,0.19588639
0,0,0.25487387
0,0,0.3362296
0,1,0.6057118
0,0,0.44244477
0,0,0.3477465
0,0,0.054391872
0,0,0.1396738
0,0,0.285046
0,0,0.2122785
0,0,0.26447105
1,0,0.10702128
1,0,0.36188528
1,0,0.1613703
1,0,0.10031257
1,0,0.4387664
1,0,0.18434393
1,0,0.10060486
1,0,0.23309086
1,0,0.014983215
1,0,0.10690228
1,0,0.29288337
1,0,0.11962472
1,0,0.115620606
1,0,0.011381238
1,0,0.038355164
1,0,0.02138883
1,0,0.010444322
1,0,0.025459098
1,0,0.05528126
1,0,0.07202719
1,0,0.09401942
1,0,0.031047035
1,0,0.025296835
1,0,0.010691851
1,0,0.09477386
1,0,0.023379043
1,0,0.06010332
1,0,0.032116733
1,0,0.1944093
1,0,0.062208816
1,0,0.043878954
1,0,0.047178634
1,0,0.2655178
1,0,0.12512776
1,0,0.07817168
0,1,0.8326922
0,1,0.89992917
0,1,0.97555304
0,1,0.6531634
0,0,0.40211028
0,1,0.82189244
0,1,0.93951887
0,1,0.94913876
0,1,0.98281556
0,1,0.7826051
0,1,0.78421175
0,1,0.98293674
0,1,0.9830413
0,1,0.96760553
0,1,0.98829436
0,1,0.9594472
0,1,0.9729254
0,1,0.98716843
0,1,0.8613578
0,1,0.913696
0,1,0.8406127
0,1,0.9817059
0,1,0.8403809
0,1,0.73867196
0,1,0.8362023
0,1,0.8924554
0,1,0.73959213
0,0,0.44754022
0,0,0.43333778
0,1,0.6853393
0,1,0.7842906
0,1,0.88751745
0,1,0.9017123
1,1,0.7899866
1,1,0.9785348
1,1,0.9504218
1,1,0.8288088
1,1,0.8190428
1,1,0.82645285
1,1,0.7321633
1,1,0.9327436
1,1,0.94473565
1,1,0.8828504
1,1,0.7020903
0,1,0.94555163
0,1,0.9531387
0,1,0.9613786
0,1,0.9403011
0,1,0.9683899
0,1,0.97756404
0,1,0.96453875
0,1,0.9825789
0,1,0.9097468
0,1,0.9666646
0,1,0.72889996
0,1,0.60538065
0,1,0.76640713
0,1,0.5729284
0,1,0.6329014
0,0,0.09777881
0,0,0.07015243
0,0,0.15889935
0,0,0.18925819
0,0,0.21284932
0,0,0.25150898
0,0,0.13512972
0,0,0.0949055
0,0,0.06357922
0,0,0.30324522
0,0,0.2016687
0,0,0.08078436
0,0,0.31270042
0,0,0.17153928
0,0,0.120070025
0,0,0.2190354
0,0,0.02390597
0,0,0.08031887
0,0,0.36576092
0,1,0.649979
0,0,0.18041974
0,0,0.07420247
0,0,0.3589758
0,0,0.297081
0,1,0.5020135
1,1,0.95854557
1,1,0.9164328
1,1,0.9770974
1,1,0.9846261
1,1,0.94478774
1,1,0.986542
1,1,0.7775709
1,1,0.9685702
1,1,0.9806563
1,1,0.92767614
1,1,0.96388555
1,1,0.95387983
1,1,0.8701025
1,1,0.83812964
1,1,0.98669875
1,1,0.98883444
1,1,0.9780617
1,1,0.930676
1,1,0.94317764
1,1,0.944137
1,1,0.8897075
1,1,0.92889756
1,0,0.32972923
1,0,0.20066887
1,0,0.27171785
1,0,0.0077214045
1,1,0.6291372
1,0,0.06252466
1,0,0.3131494
1,1,0.6907377
1,0,0.18728876
1,0,0.16099831
1,0,0.09540351
1,0,0.07501743
1,0,0.1991978
1,0,0.15863927
1,0,0.19708115
1,0,0.052752808
1,0,0.04860241
1,0,0.06172168
1,0,0.17605689
1,0,0.15943155
1,0,0.31017485
1,0,0.016131246
1,0,0.20735915
1,0,0.16938289
1,0,0.07028853
1,0,0.05340039
1,0,0.20040962
1,0,0.23102342
1,0,0.23252831
1,0,0.07298646
1,0,0.14558771
1,0,0.13386267
1,0,0.014340743
1,0,0.17760535
1,0,0.356463
1,0,0.108026795
1,0,0.10184495
1,0,0.0135380635
1,0,0.0072793886
1,0,0.06508281
1,0,0.037447598
1,0,0.0481749
1,0,0.09446758
1,0,0.071971565
1,0,0.08273299
1,0,0.15254362
1,0,0.11921139
1,0,0.03987134
1,0,0.023931976
1,0,0.18003249
1,0,0.02166177
1,0,0.05236269
1,0,0.033110432
1,0,0.14797409
1,0,0.10297309
0,0,0.003969049
0,0,0.093673475
0,0,0.1543037
0,0,0.016228713
0,0,0.027361808
0,0,0.006080608
0,0,0.04439475
0,0,0.004677682
0,0,0.0076518967
0,0,0.40833536
0,0,0.18678123
0,0,0.005522507
0,0,0.016622381
0,0,0.02519367
0,0,0.06003854
0,0,0.06876745
0,0,0.034573566
0,0,0.07047703
0,0,0.08492314
0,0,0.07039602
0,0,0.045070488
0,0,0.028896406
0,0,0.057778258
0,0,0.057286005
0,0,0.008929224
0,0,0.03281879
0,0,0.079650335
0,0,0.037154417
0,0,0.039464466
0,0,0.008930654
0,0,0.00096555817
0,0,0.0021004034
0,0,0.005442492
0,0,0.022903798
0,0,0.24701068
0,0,0.039544377
0,0,0.0059434404
0,0,0.014383329
0,0,0.044778425
0,0,0.028177977
0,0,0.019602641
0,0,0.012240267
0,0,0.0024944572
0,0,0.016099656
0,0,0.008669389
0,0,0.009558867
1,0,0.14102726
1,1,0.6426268
1,1,0.73966116
1,1,0.6908676
1,1,0.710866
1,1,0.7246132
1,1,0.80788994
1,1,0.86846447
1,1,0.81327367
1,1,0.8464154
1,1,0.9498058
1,1,0.5959611
1,1,0.87163645
1,1,0.95837736
1,1,0.9229278
1,1,0.8004571
1,1,0.9281683
1,1,0.8850156
1,1,0.88906074
1,1,0.9551934
1,1,0.86338687
1,1,0.9145319
0,1,0.57722276
0,1,0.9067244
0,1,0.8682861
0,0,0.479063
0,1,0.7591918
0,1,0.7277106
0,1,0.84003586
0,1,0.54457825
0,1,0.8779649
0,1,0.7996084
0,1,0.6480677
0,1,0.9593098
0,1,0.90497684
0,1,0.8336177
0,1,0.7561476
0,1,0.8738454
0,1,0.74057114
0,1,0.74692005
0,1,0.5783375
0,1,0.6406151
0,1,0.84722537
0,1,0.8247813
0,1,0.7641618
0,1,0.55832624
0,0,0.25560585
0,1,0.530072
0,1,0.933565
0,1,0.9646206
0,1,0.80017984
0,1,0.92847127
0,1,0.9468949
0,1,0.9658085
0,1,0.8923514
0,0,0.0071816025
0,0,0.0065658763
0,0,0.00061931193
0,0,0.00085682113
0,0,0.0016227748
0,0,0.0013258638
0,0,0.0013229594
0,0,0.00038690938
0,0,0.00046420642
0,0,0.0004958901
0,0,0.0006396073
0,0,0.0007533367
0,0,0.0007062928
0,0,0.0010134821
0,0,0.0002915501
0,0,7.5608565e-05
0,0,0.0006373698
0,0,0.00060554396
0,0,0.00034279487
0,0,7.8422185e-05
0,0,0.00019843284
0,0,0.00067304523
0,0,0.00014475302
0,0,0.00090194755
0,0,0.00061958027
0,0,0.00084815343
0,0,0.0040881843
0,0,0.0035975315
0,0,0.001246609
1,1,0.78804785
1,1,0.8978007
1,1,0.84534615
1,1,0.8421915
1,1,0.81156504
1,1,0.5480572
1,0,0.37244517
1,1,0.9959863
1,1,0.99275535
1,1,0.8727958
1,1,0.9479118
0,1,0.92558897
0,1,0.9524917
0,1,0.9738327
0,1,0.9910115
0,1,0.9866087
0,1,0.9802493
0,1,0.8921609
0,1,0.97336507
0,1,0.91511446
0,1,0.9804217
0,1,0.96169823
0,0,0.019223716
0,0,0.043574627
0,0,0.02989033
0,0,0.008817416
0,0,0.0070461985
0,0,0.0045390283
0,0,0.009631514
0,0,0.0057237246
0,0,0.0025336551
0,0,0.004212753
0,0,0.005914245
0,0,0.0077133537
0,0,0.0051284004
0,0,0.0070002046
0,0,0.009650053
0,0,0.0032178743
0,0,0.010848336
0,0,0.0032404342
0,0,0.002299653
0,0,0.0018706948
0,0,0.0017461759
0,0,0.0028575487
0,0,0.0117809065
0,0,0.005765585
0,0,0.015690116
0,0,0.0015199461
0,0,0.0024515279
0,0,0.009200689
0,0,0.00889183
0,0,0.0073219812
0,0,0.0053209607
0,0,0.003533023
0,0,0.004501122
0,0,0.48992205
0,0,0.12782846
0,0,0.1672392
0,0,0.19335505
0,0,0.15887943
0,0,0.11972692
0,0,0.073362276
0,0,0.004365738
0,0,0.005432114
0,0,0.012538909
0,0,0.008626355
0,0,0.0045391144
0,0,0.005054506
0,0,0.011987037
0,0,0.0039887684
0,0,0.0077353697
0,0,0.02889644
0,0,0.0005351604
0,0,0.01055636
0,0,0.0049527115
0,0,0.0014005923
0,0,0.0021255468
0,0,0.0012974667
0,0,0.0051693027
0,0,0.0032214015
0,0,0.0008000157
0,0,0.022173433
0,0,0.0040282304
0,0,0.0005443318
0,0,0.0016904168
0,0,0.0014125529
0,0,0.0014241087
0,0,0.011015903
0,0,0.0014298965
0,0,0.00016809067
0,0,0.0013850591
0,0,0.00025886882
0,0,0.0031415573
0,0,0.0018872145
0,0,0.0025060757
0,0,0.0022573683
0,0,0.0008477523
0,0,0.0018317115
0,0,0.0037417463
0,0,0.0017658005
0,0,0.0007895649
0,0,0.0010999679
0,0,0.0007769205
0,0,0.000754088
0,0,0.0023616462
0,0,0.00059164583
0,0,0.00038640492
0,0,0.0009158568
0,0,0.0009709464
0,0,0.003482933
0,0,0.0017322592
0,0,0.00050961634
0,0,0.0003557956
0,0,0.00041394698
0,0,0.0008129172
0,0,0.002950923
0,0,0.0015930746
0,0,0.0028982908
0,0,0.00034889317
0,0,0.003086382
0,0,0.0011215054
0,0,0.0014689232
0,0,0.00048206197
1,1,0.8942627
1,1,0.899369
1,1,0.9814255
1,1,0.6902279
1,1,0.8997574
1,1,0.909493
1,1,0.8212247
1,1,0.8191048
1,1,0.7515538
1,1,0.8357202
1,1,0.93918437
1,1,0.8689818
1,1,0.9879568
1,1,0.9880911
1,1,0.67777497
1,1,0.7041064
1,1,0.78229755
1,1,0.6949043
1,0,0.21293144
1,0,0.178408
1,1,0.51317585
1,0,0.46192622
1,1,0.8165404
1,1,0.93034506
1,1,0.89456064
1,1,0.8749511
1,1,0.7887547
1,1,0.77515566
1,0,0.48488218
1,1,0.8701431
1,1,0.617749
1,1,0.6320438
1,1,0.9198015
1,1,0.8796999
1,1,0.95750594
1,1,0.961029
1,1,0.912933
1,1,0.96258295
1,1,0.6670695
1,1,0.7137343
1,1,0.6430137
1,1,0.89180684
1,1,0.8929163
1,1,0.92351186
0,1,0.8922648
0,1,0.8618031
0,1,0.68852043
0,1,0.85661656
0,1,0.7730443
0,1,0.85510975
0,1,0.8087009
0,1,0.86890143
0,1,0.7286205
0,1,0.6434253
0,1,0.8035657
0,0,0.013709838
0,0,0.0017449603
0,0,0.0017128567
0,0,0.006194936
0,0,0.0043026754
0,0,0.00341007
0,0,0.0005551126
0,0,0.0014996864
0,0,0.000982629
0,0,0.0014634884
0,0,0.0016340549
0,0,0.0068308422
0,0,0.0012017195
0,0,0.0005997033
0,0,0.0016771363
0,0,0.0013025809
0,0,0.0042415126
0,0,0.0040289247
0,0,0.0031277835
0,0,0.0014604672
0,0,0.004061142
0,0,0.0032781197
0,0,0.0013254086
0,0,0.0007825389
0,0,0.0021912802
0,0,0.018247845
0,0,0.002459082
0,0,0.00016158631
0,0,0.00047098807
1,1,0.9781181
1,1,0.9891009
1,1,0.9316088
1,1,0.97241735
1,1,0.9864449
1,1,0.9691985
1,1,0.95244414
1,1,0.942844
1,1,0.99104804
1,1,0.8601444
1,1,0.82563525
0,1,0.90843415
0,1,0.88258475
0,1,0.76546365
0,1,0.5386858
0,1,0.69761467
0,1,0.86946005
0,1,0.9089075
0,0,0.28084478
0,1,0.60857606
0,1,0.67185867
0,1,0.5234976
0,0,0.0006008939
0,0,0.0033393344
0,0,0.01148808
0,0,0.006045677
0,0,0.00056837976
0,0,0.0017908768
0,0,0.0034034227
0,0,0.00067965925
0,0,0.0017522617
0,0,0.0010849735
0,0,0.0105169015
0,0,0.028210644
0,0,0.015176951
0,0,0.0031757953
0,0,0.0021453204
0,0,0.0066646743
0,0,0.009490087
0,0,0.042611644
0,0,0.00121581
0,0,0.003668007
0,0,0.0056470633
0,0,0.011737447
0,0,0.0012725166
0,0,0.0008327338
0,0,0.0050617224
0,0,0.0014347293
0,0,0.003592568
0,0,0.0055437596
0,0,0.012741631
0,0,0.01739061
0,0,0.013886928
0,0,0.0038702919
0,0,0.010912792
0,0,0.0012760139
0,0,0.01240433
0,0,0.011781889
0,0,0.010257085
0,0,0.018389022
0,0,0.083639845
0,0,0.04133081
0,0,0.012417854
0,0,0.03575587
0,0,0.023457136
0,0,0.015321965
0,0,0.0106069315
0,0,0.007108372
0,0,0.025198763
0,0,0.005176593
0,0,0.0023547087
0,0,0.001767563
0,0,0.008682903
0,0,0.004743509
0,0,0.0024487588
0,0,0.029790547
0,0,0.006707249
0,0,0.103201985
0,1,0.63324517
0,1,0.736655
0,0,0.25298184
0,0,0.042872064
0,1,0.61359096
0,0,0.4467175
0,0,0.053621545
0,0,0.07637463
0,0,0.10744075
0,0,0.11430522
0,0,0.03724441
0,0,0.043810345
0,0,0.1087864
0,0,0.058992334
0,0,0.014626112
0,0,0.08605004
0,0,0.035081454
0,0,0.02090983
0,0,0.017236412
0,0,0.019725472
0,0,0.095418155
0,0,0.15723084
0,0,0.100653514
0,0,0.07457883
0,0,0.122962244
0,0,0.053953864
0,0,0.027736405
0,0,0.13662364
0,0,0.478859
0,0,0.13231242
0,0,0.10800476
0,0,0.29936963
0,0,0.022896374
0,0,0.045393784
0,0,0.018701915
0,0,0.023664141
0,0,0.04094176
0,0,0.06150769
0,0,0.105257854
0,0,0.054474033
0,0,0.07677635
0,0,0.063429475
0,0,0.08995026
0,0,0.09510557
0,0,0.09549702
0,0,0.06936559
0,0,0.09183729
0,0,0.24970661
0,0,0.06790787
0,0,0.040123034
0,0,0.08028105
0,0,0.08350396
0,0,0.14296508
0,0,0.40626082
0,0,0.21603154
0,0,0.34189552
1,0,0.0643062
1,0,0.048580717
1,0,0.09977858
1,0,0.033101123
1,0,0.0543743
1,0,0.027832389
1,0,0.10334566
1,0,0.39601526
1,0,0.10790973
1,0,0.069564976
1,0,0.053933073
1,0,0.18368451
1,0,0.101889625
1,0,0.16775756
1,0,0.08951789
1,0,0.089492574
1,0,0.19534235
1,0,0.09297706
1,0,0.2036801
1,0,0.4490625
1,0,0.18074489
1,0,0.15818207
0,0,0.1695436
0,0,0.14715369
0,0,0.09290981
0,0,0.3008548
0,0,0.32179514
0,0,0.16751377
0,0,0.38692492
0,0,0.06837683
0,0,0.08587674
0,0,0.4183959
0,0,0.30480096
1,0,0.42716977
1,0,0.1580057
1,0,0.15739042
1,0,0.18113798
1,0,0.32620433
1,0,0.12942694
1,0,0.17664927
1,0,0.048076965
1,0,0.02756125
1,0,0.09152067
1,0,0.101429336
0,0,0.24536519
0,1,0.505898
0,0,0.3046009
0,0,0.34083903
0,0,0.09801055
0,0,0.34967476
0,0,0.4236788
0,0,0.47106135
0,0,0.33291933
0,0,0.14130735
0,0,0.49785626
0,0,0.3747418
0,1,0.61610126
0,0,0.265893
0,0,0.1552423
0,0,0.33370343
0,0,0.10392855
0,0,0.08626563
0,0,0.348489
0,0,0.32486087
0,0,0.109969914
0,0,0.086191915
0,1,0.60069066
0,1,0.8025805
0,0,0.4328218
0,0,0.12125605
0,0,0.11378077
0,0,0.08882817
0,0,0.29601803
1,0,0.2478746
1,0,0.10793512
1,0,0.2068074
1,0,0.124851644
1,0,0.113813356
1,0,0.06705367
1,0,0.05132233
1,0,0.2080953
1,0,0.13856316
1,0,0.22085564
1,1,0.79201585
1,0,0.16847304
1,0,0.24341874
1,0,0.09486295
1,0,0.06721874
1,0,0.15243769
1,0,0.18698558
1,0,0.15813078
1,0,0.2802162
1,0,0.22655062
1,0,0.14042148
1,0,0.24829574
0,0,0.1953758
0,0,0.32436094
0,0,0.29889703
0,0,0.27619332
0,0,0.24313825
0,0,0.077953145
0,0,0.07467789
0,0,0.090588585
0,0,0.13313267
0,0,0.11398266
0,0,0.124200635
0,0,0.08758946
0,0,0.3083528
0,0,0.21438147
0,0,0.15028085
0,0,0.114685066
0,0,0.23266944
0,1,0.5566316
0,0,0.15785167
0,0,0.054101344
0,0,0.118227005
0,0,0.15536621
0,0,0.12794848
0,0,0.25049162
0,0,0.111806154
0,0,0.15507017
0,0,0.20315027
0,0,0.05269976
0,0,0.17257857
0,0,0.10809492
0,0,0.08815333
0,0,0.109776236
0,0,0.21752709
0,0,0.11197705
0,0,0.0919135
0,1,0.57357454
0,0,0.13074258
0,0,0.26928738
0,0,0.49440202
0,0,0.3998535
0,0,0.25860927
0,0,0.17524263
0,0,0.28445002
0,0,0.1747157
0,0,0.036351953
0,0,0.16542259
0,0,0.26942104
0,0,0.13283597
0,0,0.06520429
0,0,0.058029186
0,0,0.070062004
0,0,0.07665928
0,0,0.05416905
0,0,0.079469375
0,0,0.018800188
0,0,0.0018135665
0,0,0.0072846073
0,0,0.0014591647
0,0,0.0027968797
0,0,0.0022887983
0,0,0.008564637
0,0,0.0007784423
0,0,0.01113751
0,0,0.006155439
0,0,0.008347335
0,0,0.014085344
0,0,0.0016507516
0,0,0.0045386427
0,0,0.004482548
0,0,0.006881828
0,0,0.0024727525
0,0,0.0007227241
0,0,0.001238868
0,0,0.0017660013
0,0,0.002698716
0,0,0.0033868013
0,0,0.0060801413
0,0,0.006893091
0,0,0.0016395701
0,0,0.0016657391
0,0,0.0010382413
0,0,0.002850457
0,0,0.00261859
0,0,0.0033155743
0,0,0.011411908
0,0,0.023068788
0,0,0.00548777
0,0,0.0121520525
0,0,0.006323835
0,0,0.006516276
0,0,0.007031537
0,0,0.014629844
0,0,0.0047091837
0,0,0.005624019
0,0,0.0025348254
0,0,0.00431687
0,0,0.0045720562
0,0,0.0006887436
0,0,0.0012977658
0,0,0.010351354
0,0,0.0111295255
1,1,0.87355393
1,1,0.8335131
1,1,0.63712144
1,1,0.91981107
1,1,0.9521577
1,1,0.95229334
1,1,0.9966787
1,1,0.9987197
1,1,0.9975599
1,1,0.9747464
1,1,0.9635787
1,1,0.99781847
1,1,0.9962528
1,1,0.85285896
1,1,0.98352873
1,1,0.99041337
1,1,0.98255116
1,1,0.952534
1,1,0.97386986
1,1,0.9903928
1,1,0.9822251
1,1,0.99883324
1,1,0.99385864
1,1,0.99726534
1,1,0.99777883
1,1,0.99583143
1,1,0.9969025
1,1,0.9682049
1,1,0.9602605
1,1,0.99010324
1,1,0.9440283
1,1,0.854348
1,1,0.9928832
0,1,0.9779279
0,1,0.92397517
0,1,0.58495426
0,1,0.72540224
0,1,0.59387153
0,1,0.7511369
0,1,0.8077092
0,1,0.7941644
0,0,0.42252228
0,1,0.58032256
0,1,0.94589984
0,1,0.854783
0,1,0.7439198
0,1,0.76025504
0,1,0.75619113
0,1,0.8666549
0,1,0.9272725
0,1,0.995596
0,1,0.96178985
0,1,0.9594381
0,1,0.98470646
0,1,0.9614018
1,0,0.09651931
1,0,0.040152438
1,0,0.044233963
1,0,0.06383363
1,0,0.05350303
1,0,0.03871002
1,0,0.01529544
1,0,0.111668445
1,0,0.084490985
1,0,0.04487784
1,0,0.014751175
1,0,0.010428573
1,0,0.009548751
1,0,0.0021842716
1,0,0.0014837395
1,0,0.004936966
1,0,0.0023159953
1,0,0.002452091
1,0,0.0042389394
1,0,0.008522621
1,0,0.003239224
1,0,0.019549621
1,0,0.0024395264
1,0,0.0010432488
1,0,0.0011736624
1,0,0.0017600416
1,0,0.11857997
1,0,0.055714577
1,0,0.014642752
1,1,0.9487883
1,1,0.9491358
1,1,0.9894683
1,1,0.9927862
1,1,0.96055233
1,1,0.9907917
1,1,0.9972692
1,1,0.99359596
1,1,0.90049624
1,1,0.9601716
1,1,0.96356577
1,1,0.8134547
1,1,0.9632155
1,1,0.8586591
1,1,0.91569203
1,1,0.9697734
1,1,0.92263466
1,1,0.877784
1,1,0.9746799
1,1,0.98957133
1,1,0.9517992
1,1,0.9353244
0,0,0.0019288678
0,0,0.00069396314
0,0,0.0021263298
0,0,0.044806805
0,0,0.110165544
0,0,0.04296057
0,0,0.46011668
0,0,0.12261389
0,0,0.03957899
0,0,0.0062721637
0,0,0.15009567
0,0,0.1201988
0,0,0.1334487
0,0,0.09430097
0,0,0.008112149
0,0,0.042949855
0,0,0.08456727
0,0,0.052748248
0,0,0.049904414
0,0,0.110283725
0,0,0.019532591
0,0,0.25664568
0,0,0.22271323
0,0,0.0051144934
0,0,0.020396931
0,0,0.015618286
0,0,0.2031987
0,1,0.55603945
0,1,0.52322507
0,0,0.17324843
0,0,0.17059615
0,0,0.040191278
0,0,0.072015285
0,0,0.041540354
0,0,0.009177753
0,0,0.014735355
0,0,0.17846286
0,0,0.02451105
0,0,0.041089997
0,0,0.1242535
0,0,0.1786656
0,0,0.10296881
0,0,0.060177226
0,0,0.046288617
0,0,0.015498076
0,0,0.13622639
0,0,0.24976805
0,0,0.15118305
0,0,0.04261118
0,0,0.19809984
0,0,0.09572567
0,0,0.060495436
0,0,0.027778767
0,0,0.10405781
0,0,0.048795562
0,0,0.050204948
0,0,0.1460383
0,0,0.12713099
0,0,0.046321783
0,0,0.064183265
0,0,0.06114741
0,0,0.16042636
0,0,0.22829981
0,0,0.20697694
0,0,0.07652456
0,0,0.20367208
0,0,0.15347195
0,1,0.8887181
0,1,0.5714261
0,0,0.09957012
0,0,0.068061076
0,0,0.3943593
0,0,0.38706654
0,0,0.14294924
0,0,0.10565782
0,0,0.30040422
0,0,0.08148881
0,0,0.04151851
0,0,0.02049542
0,0,0.01336078
0,0,0.03280319
0,0,0.09293462
0,0,0.21869709
0,0,0.23348188
0,0,0.026321944
0,0,0.11183916
0,0,0.06485894
0,0,0.061261423
0,0,0.07988465
0,0,0.044908762
0,0,0.078490146
0,0,0.13991734
0,0,0.1125317
0,0,0.22553216
0,0,0.15634781
0,0,0.08897703
0,0,0.16267563
0,1,0.58230984
0,1,0.8186027
0,0,0.11537532
0,0,0.4883831
0,1,0.9543178
0,1,0.92917174
0,1,0.86715853
0,1,0.97271514
0,1,0.990802
0,1,0.9449564
0,1,0.901154
0,1,0.92645735
0,1,0.97494715
0,1,0.9707407
0,1,0.9123307
0,1,0.5893852
0,0,0.39437312
0,1,0.59667563
0,1,0.8363668
0,1,0.895484
0,1,0.78215796
0,1,0.63373345
0,1,0.5198695
0,1,0.55233425
0,0,0.3473071
0,0,0.3760074
0,1,0.79185855
0,1,0.7811601
0,1,0.9133765
0,1,0.80815405
0,1,0.9112722
0,1,0.7204658
0,1,0.926323
0,1,0.94094896
0,1,0.8826092
0,1,0.9686955
0,1,0.99341476
0,1,0.8650525
0,1,0.83049273
0,1,0.8229255
0,1,0.7800307
0,0,0.38595483
0,1,0.5458982
0,1,0.554891
0,0,0.18922654
0,1,0.72753483
0,1,0.80900824
0,1,0.9441466
0,1,0.7713878
0,1,0.8138728
0,1,0.5276257
0,1,0.5952748
0,1,0.9590073
0,1,0.9406707
0,1,0.9850048
0,1,0.9793711
0,1,0.81682426
0,1,0.78924847
0,1,0.63760495
0,0,0.14364971
0,0,0.10859333
0,0,0.46710926
0,1,0.62449235
0,1,0.7258441
0,0,0.08386589
0,0,0.030335817
0,0,0.052674104
0,0,0.15067726
0,0,0.062371
0,0,0.0025455384
0,0,0.006940748
0,0,0.32563934
0,1,0.76732576
0,1,0.7500374
0,1,0.7783504
0,1,0.6358512
0,0,0.084592596
0,0,0.030885657
0,0,0.107344165
0,0,0.25057048
0,0,0.15766388
0,0,0.13659717
0,0,0.12644517
0,0,0.12922075
0,0,0.4121552
0,1,0.8694361
0,1,0.7921691
0,1,0.7539226
0,1,0.94428384
0,1,0.9435854
0,1,0.981433
0,1,0.8179819
0,1,0.97023284
0,1,0.87633395
0,1,0.9065267
0,1,0.97900015
0,1,0.98818797
0,1,0.9704469
0,1,0.96552014
0,1,0.5014997
0,1,0.88943195
0,0,0.3488913
0,1,0.6804194
0,0,0.42316842
0,0,0.3890775
0,1,0.5247418
0,1,0.75213915
0,1,0.619996
0,1,0.67680496
0,1,0.8713896
0,0,0.05906789
0,0,0.076692514
0,0,0.018941185
0,0,0.0138585055
0,0,0.031230463
0,0,0.04907285
0,0,0.069354124
0,0,0.358927
0,0,0.27258137
0,0,0.12923087
0,0,0.20490527
0,0,0.3026088
0,0,0.41313732
0,0,0.44828546
0,0,0.13142033
0,0,0.2828435
0,0,0.43435448
0,1,0.6324665
0,0,0.17533375
0,0,0.09739145
0,0,0.07321618
0,0,0.1644825
0,0,0.1311724
0,0,0.12392467
0,0,0.09250094
0,0,0.03531256
0,0,0.21561632
0,0,0.1851808
0,0,0.092291705
0,0,0.32143787
0,0,0.34740144
0,1,0.7416013
0,0,0.41698685
0,0,0.08703708
0,0,0.024174107
0,0,0.029777681
0,0,0.079410635
0,0,0.2015533
0,0,0.49229458
0,1,0.5237411
0,0,0.44488904
0,1,0.5550074
0,1,0.66188943
0,1,0.69202995
0,1,0.5738796
0,0,0.4147615
0,1,0.74403834
0,1,0.685566
0,1,0.76856536
0,1,0.88526964
0,1,0.7850079
0,1,0.8254869
0,1,0.81529
0,0,0.40906885
0,0,0.2920747
0,0,0.021445606
0,0,0.009894219
0,0,0.0034108511
0,0,0.005451019
0,0,0.015085601
0,0,0.006306241
0,0,0.009606326
0,0,0.01725157
0,0,0.0089476025
0,0,0.0052462793
0,0,0.03465858
0,0,0.033015955
0,0,0.0046714726
0,0,0.008216615
0,0,0.0046266364
0,0,0.0058428072
0,0,0.023872646
0,0,0.017305909
0,0,0.01209026
0,0,0.0031271428
0,0,0.017839838
0,0,0.014248388
0,0,0.0110307755
0,0,0.008358765
0,0,0.0014440371
0,0,0.015781635
0,0,0.0462805
0,0,0.08396851
0,0,0.067052856
0,0,0.028570447
0,0,0.009614499
0,0,0.0075345295
0,0,0.004428258
0,0,0.0049712188
0,0,0.0005914284
0,0,0.001759683
0,0,0.0021803717
0,0,0.022717956
0,0,0.04564224
0,0,0.056051206
0,0,0.01733398
0,0,0.012386905
0,0,0.016127128
0,0,0.0069202464
0,0,0.0149040045
0,0,0.019036282
0,1,0.5637791
0,0,0.11323942
0,0,0.05071991
0,0,0.23766285
0,0,0.023692489
0,0,0.29352948
0,0,0.23616125
0,0,0.34743896
0,0,0.17326672
0,0,0.06586015
0,0,0.05083693
1,0,0.20236893
1,0,0.24484034
1,0,0.37573975
1,0,0.2684807
1,0,0.49044934
1,0,0.21360423
1,0,0.089476824
1,0,0.29080155
1,1,0.5162187
1,0,0.28028667
1,1,0.5549144
1,0,0.2773298
1,1,0.96891767
1,1,0.9302706
1,0,0.39705417
1,1,0.5515211
1,1,0.83718896
1,1,0.91324574
1,1,0.97296417
1,1,0.9962394
1,1,0.9207852
1,1,0.9623334
1,0,0.4510956
1,1,0.64338017
1,1,0.87774765
1,1,0.9639888
1,1,0.9536846
1,0,0.38686317
1,1,0.9382945
1,1,0.91837823
1,1,0.51508266
1,0,0.46326837
1,1,0.78471583
1,1,0.97920245
1,1,0.9282178
1,1,0.592429
1,1,0.7636862
1,1,0.8250343
1,1,0.9284158
1,0,0.35408267
1,0,0.06147195
1,1,0.83342403
1,1,0.89279175
1,1,0.86151785
1,0,0.016665252
1,0,0.037592553
1,0,0.018128492
1,0,0.1600944
1,0,0.16866648
1,0,0.08202853
1,0,0.084333874
1,0,0.084330335
1,0,0.020907069
1,0,0.0068683624
1,0,0.001811165
1,0,0.0082458565
1,0,0.027028011
1,0,0.0021205705
1,0,0.0016501105
1,0,0.008866639
1,0,0.004317001
1,0,0.046559084
1,0,0.054016247
1,0,0.045175
1,0,0.019539509
1,0,0.024981115
1,0,0.036570266
1,0,0.032598983
1,0,0.024824148
1,0,0.039788876
1,0,0.21554309
1,0,0.10257505
1,0,0.0297017
1,1,0.6680446
1,0,0.19742656
1,0,0.15859473
1,0,0.18885656
1,0,0.1913125
1,1,0.7327369
1,0,0.14456052
1,0,0.111811824
1,0,0.053197175
1,0,0.05005297
1,0,0.056447122
1,0,0.4813036
1,1,0.8695298
1,1,0.7953917
1,0,0.26050755
1,0,0.22849442
1,1,0.8122151
1,1,0.65697825
1,1,0.7651463
1,1,0.766756
1,0,0.23151755
1,1,0.73338056
0,0,0.15096721
0,0,0.12776576
0,0,0.1814176
0,0,0.21600407
0,0,0.18565428
0,0,0.35618672
0,1,0.7149134
0,0,0.27111232
0,1,0.64932746
0,0,0.2861983
0,0,0.040900532
0,0,0.0039189705
0,0,0.010364229
0,0,0.0063476074
0,0,0.0035041478
0,0,0.044724017
0,0,0.0026558253
0,0,0.016173195
0,0,0.008634218
0,0,0.0016760357
0,0,0.03207129
0,0,0.018146126
0,0,0.03253072
0,0,0.016792772
0,0,0.0325821
0,0,0.06532456
0,0,0.017869513
0,0,0.025636854
0,0,0.023657637
0,0,0.047079533
0,0,0.022617519
0,0,0.046602063
0,0,0.013874297
0,0,0.02213907
0,0,0.004562143
0,0,0.0048013967
0,0,0.008013077
0,0,0.021694418
0,0,0.08378675
0,0,0.003476712
0,0,0.0014431537
0,0,0.0050648376
0,0,0.004498098
0,0,0.0061921156
0,0,0.007858911
0,0,0.010061242
0,0,0.013367683
0,0,0.026439812
0,0,0.03856729
0,0,0.01827902
0,0,0.019702958
0,0,0.038878202
0,0,0.11774953
0,0,0.1231702
0,0,0.048984464
0,0,0.36988068
0,0,0.23265979
0,0,0.22181822
0,0,0.021671452
0,0,0.014239703
0,0,0.031997744
0,0,0.015543145
0,0,0.009403097
0,0,0.014377922
0,0,0.030578602
0,0,0.033823553
1,0,0.1348762
1,0,0.008913018
1,0,0.005447512
1,0,0.05253843
1,0,0.14220625
1,0,0.13980241
1,0,0.29137966
1,0,0.10851811
1,0,0.03700172
1,0,0.027811026
1,0,0.016337462
1,0,0.018422792
1,0,0.0140844695
1,0,0.01237867
1,0,0.009630295
1,0,0.026605606
1,0,0.011659707
1,0,0.010213532
1,0,0.0037477398
1,0,0.0037366445
1,0,0.01721852
1,0,0.0075662946
1,0,0.010345748
1,0,0.017929548
1,0,0.008976771
1,0,0.046856795
1,0,0.011091657
1,0,0.0063730422
1,0,0.023765692
1,0,0.005856698
1,0,0.0005825004
1,0,0.0008598243
1,0,0.005432688
1,0,0.0038134377
1,0,0.01909146
1,1,0.98953325
1,1,0.98251384
1,1,0.98914576
1,1,0.9927872
1,1,0.9854124
1,1,0.9890275
1,1,0.9945867
1,1,0.9861654
1,1,0.97189313
1,1,0.97536206
1,1,0.9708574
1,1,0.97529095
1,1,0.8911392
1,1,0.9726011
1,1,0.9818263
1,1,0.97756416
1,1,0.9413535
1,1,0.91346663
1,1,0.950883
1,1,0.90031034
1,1,0.6672988
1,1,0.9421422
1,1,0.76052433
1,1,0.87241495
1,1,0.702949
1,1,0.68499154
1,1,0.9431418
1,1,0.88285077
1,1,0.87131125
1,1,0.7732819
1,1,0.91477096
1,1,0.6401267
1,1,0.8100218
1,1,0.74619293
1,1,0.9434901
1,1,0.9788753
1,1,0.9597819
1,1,0.9820062
1,1,0.9268395
1,1,0.9832925
1,1,0.9838733
1,1,0.99773514
1,1,0.96437985
1,1,0.97931355
0,1,0.7598421
0,1,0.85066426
0,1,0.9138798
0,1,0.9444293
0,1,0.9736242
0,1,0.897135
0,1,0.8591916
0,1,0.9684522
0,1,0.91549766
0,1,0.8432967
0,1,0.90446
0,0,0.0063136737
0,0,0.017313946
0,0,0.0088209305
0,0,0.005587153
0,0,0.011537276
0,0,0.0024878664
0,0,0.0020559572
0,0,0.0013427672
0,0,0.0012270374
0,0,0.0024911917
0,0,0.003396057
0,0,0.005431846
0,0,0.0015940882
0,0,0.0065434882
0,0,0.0032086084
0,0,0.001117839
0,0,0.0008927147
0,0,0.00090047705
0,0,0.002930097
0,0,0.0027266208
0,0,0.0012942633
0,0,0.0025237903
0,0,0.002120846
0,0,0.005278614
0,0,0.003983129
0,0,0.0011049586
0,0,0.0050749346
0,0,0.016575461
0,0,0.10399175
0,1,0.97445434
0,1,0.9318729
0,1,0.9166991
0,1,0.98090565
0,1,0.97601
0,1,0.9714822
0,1,0.69655615
0,1,0.79675525
0,1,0.9354921
0,1,0.95873696
0,1,0.97362024
1,1,0.98006976
1,1,0.95945907
1,1,0.79374033
1,1,0.7648777
1,1,0.7190872
1,1,0.72002435
1,1,0.8864915
1,1,0.956203
1,1,0.9180383
1,1,0.921645
1,1,0.7131499
0,0,0.040320836
0,0,0.010720214
0,0,0.0062244595
0,0,0.005100321
0,0,0.0033543506
0,0,0.0042437767
0,0,0.0077349925
0,0,0.010819295
0,0,0.0015920216
0,0,0.007387735
0,0,0.009752912
0,0,0.003815514
0,0,0.0018904427
0,0,0.00059836445
0,0,0.0012318399
0,0,0.011222349
0,0,0.0036864148
0,0,0.009670681
0,0,0.02205883
0,0,0.019787457
0,0,0.092097074
0,0,0.012104114
0,0,0.06343827
0,0,0.012396657
0,0,0.02266451
0,0,0.31214836
0,0,0.09655374
0,0,0.021807944
0,0,0.25520927
0,0,0.10768658
0,0,0.034771793
0,0,0.01960388
0,0,0.09565621
0,0,0.07172721
0,0,0.064832866
0,0,0.049857073
0,0,0.027664918
0,0,0.26370504
0,0,0.08706713
0,0,0.08409451
0,0,0.07444381
0,0,0.04252672
0,0,0.07399204
0,0,0.09663781
0,0,0.08892558
0,0,0.07802407
0,0,0.14452264
0,0,0.04692915
0,0,0.044185758
0,0,0.018248139
0,0,0.096522115
0,0,0.026873868
0,0,0.112000905
0,0,0.11667474
0,0,0.043415874
0,1,0.9923832
0,1,0.99791616
0,1,0.98768395
0,1,0.91644675
0,1,0.8462833
0,1,0.91489786
0,1,0.99356383
0,1,0.95128703
0,1,0.98082274
0,1,0.9779324
0,1,0.92751235
0,1,0.6981129
0,1,0.7121653
0,1,0.65387
0,1,0.608641
0,1,0.7175727
0,1,0.5799757
0,1,0.94971514
0,1,0.8817728
0,1,0.7184072
0,1,0.6245828
0,0,0.3182034
0,0,0.47478223
0,0,0.23868784
0,0,0.076206684
0,0,0.0900393
0,0,0.15422752
0,1,0.63182485
0,0,0.4557205
0,0,0.23590203
0,0,0.12518394
0,0,0.38179114
0,0,0.31728977
0,0,0.3115872
0,0,0.28217602
0,0,0.33234918
0,0,0.2743668
0,0,0.0652212
0,0,0.13445239
0,1,0.81492895
0,0,0.31972674
0,0,0.47949752
0,0,0.44290733
0,0,0.21903661
0,1,0.6992026
0,1,0.9860453
0,1,0.9962107
0,1,0.99181783
0,1,0.99844754
0,1,0.99941516
0,1,0.9988605
0,1,0.9954065
0,1,0.99748707
0,1,0.9961385
0,1,0.99848384
0,1,0.997322
0,1,0.9995409
0,1,0.9976451
0,1,0.9968285
0,1,0.98017794
0,1,0.9888467
0,1,0.99093235
0,1,0.9866788
0,1,0.98401743
0,1,0.9754464
0,1,0.9817378
0,1,0.97437006
0,1,0.9894426
0,1,0.98784596
0,1,0.98613423
0,1,0.9934477
0,1,0.9883768
0,1,0.99033535
0,1,0.9771131
0,1,0.9798766
0,1,0.9932876
0,1,0.99428844
0,1,0.986795
0,1,0.9938194
0,1,0.9856017
0,1,0.9716162
0,1,0.95154136
0,1,0.88699836
0,1,0.7982008
0,1,0.8406679
0,1,0.9268165
0,1,0.9091111
0,1,0.9353372
0,1,0.93172663
0,1,0.91137004
0,1,0.80950236
0,1,0.91104174
0,1,0.9648587
0,1,0.7788725
0,1,0.82635784
0,1,0.851147
0,1,0.9567984
0,1,0.94837004
0,1,0.8188603
0,1,0.83962655
0,1,0.8321992
0,0,0.11253182
0,0,0.079981044
0,0,0.23192462
0,0,0.2792881
0,0,0.10494314
0,0,0.27740988
0,0,0.37061638
0,0,0.12301397
0,0,0.3582592
0,0,0.40445605
0,0,0.49558285
0,0,0.10851498
0,0,0.05221704
0,0,0.0039480682
0,0,0.02119945
0,0,0.027782423
0,0,0.000906837
0,0,0.00077258603
0,0,0.00223815
0,0,0.0057669603
0,0,0.00070078654
0,0,0.0062402394
0,0,0.0041026208
0,0,0.0036249408
0,0,0.0046914155
0,0,0.03953417
0,0,0.030645978
0,0,0.005241086
0,0,0.0070418124
0,1,0.9865588
0,1,0.995142
0,1,0.9901045
0,1,0.997416
0,1,0.99169743
0,1,0.9864761
0,1,0.98586094
0,1,0.92992026
0,1,0.9453657
0,1,0.97416013
0,1,0.947832
0,1,0.9342198
0,1,0.9760177
0,1,0.9725177
0,1,0.993258
0,1,0.98867947
0,1,0.98021287
0,1,0.91075665
0,1,0.90907264
0,1,0.9367225
0,1,0.9894483
0,1,0.9802757
0,1,0.7653809
0,1,0.96871364
0,1,0.9164266
0,1,0.6033178
0,1,0.9574031
0,1,0.9070886
0,0,0.45220077
0,1,0.7665049
0,0,0.43995935
0,1,0.8941492
0,1,0.7034537
0,1,0.6597272
0,1,0.8624171
0,1,0.8255559
0,0,0.32618976
0,0,0.31371942
0,0,0.4413557
0,0,0.2326966
0,0,0.12901889
0,0,0.10862098
0,0,0.2023755
0,1,0.51195765
0,1,0.6771391
0,0,0.47126547
0,0,0.20849471
0,0,0.06058652
0,0,0.25534716
0,1,0.5718002
0,1,0.65256983
0,1,0.66721725
0,1,0.66764086
0,1,0.5047425
0,0,0.44946855
0,0,0.19172902
0,1,0.5606932
0,1,0.5191091
0,1,0.7550761
0,1,0.5617495
0,1,0.5572412
0,0,0.47444758
0,1,0.5240979
0,0,0.40889713
0,0,0.11516259
0,0,0.44222274
0,0,0.30522028
0,0,0.0922236
0,0,0.12567723
0,0,0.109424815
0,0,0.29426962
0,0,0.3968501
0,0,0.2798214
0,0,0.2818535
0,0,0.3107005
0,0,0.099927075
0,0,0.086493716
0,1,0.7910774
0,0,0.29154837
0,0,0.072098024
0,0,0.44439065
0,0,0.15361433
0,0,0.46046755
0,0,0.15105289
0,0,0.3110104
0,0,0.05435344
0,0,0.14585145
0,0,0.06917278
0,0,0.21135992
0,0,0.1638644
0,0,0.14911257
0,0,0.14982581
0,0,0.15323232
0,0,0.08137504
0,0,0.19728217
0,0,0.13236754
0,0,0.05455254
0,0,0.03768711
0,0,0.49409857
0,1,0.67902833
0,0,0.45585236
0,0,0.4415701
0,1,0.656932
0,0,0.32464647
0,0,0.37451845
0,0,0.17023379
0,1,0.53520364
0,0,0.18842287
0,0,0.15161191
0,0,0.102284394
0,0,0.07595226
0,0,0.26438114
0,1,0.61390716
0,0,0.40471122
0,1,0.72168
0,0,0.47716063
0,0,0.38063827
0,0,0.1994347
0,1,0.9034336
0,0,0.42521882
0,0,0.12667973
0,0,0.15560882
0,1,0.62313235
0,0,0.42039505
0,0,0.422104
0,0,0.19076009
0,1,0.7509026
0,0,0.4028934
0,0,0.043053243
0,0,0.12007362
0,1,0.6031857
0,0,0.14919965
0,0,0.0413943
0,0,0.02755251
0,1,0.7785622
0,1,0.551896
0,0,0.28737277
0,0,0.49715307
0,0,0.16526867
0,0,0.13249241
0,0,0.28147143
0,0,0.13853411
0,0,0.20596491
0,0,0.21608822
0,0,0.42105517
0,0,0.11865283
0,0,0.04670644
0,0,0.05158375
0,0,0.06367427
0,0,0.13161395
0,0,0.055594295
0,0,0.06845982
0,0,0.15799326
0,0,0.11613211
0,0,0.16792516
0,0,0.11359015
0,0,0.10419421
0,0,0.20980479
0,0,0.49225962
0,0,0.4821457
0,0,0.47916886
0,0,0.08186507
0,0,0.13167016
0,0,0.15857573
0,0,0.13709429
0,0,0.18445423
0,1,0.75788385
0,0,0.40348297
0,1,0.5167994
0,1,0.66955143
0,1,0.5020345
0,0,0.058039866
0,0,0.08303496
0,0,0.11408857
0,0,0.069399044
0,1,0.61320424
0,1,0.7387742
0,1,0.50685835
0,0,0.1683746
0,0,0.17956896
0,0,0.12323104
0,0,0.14041746
0,0,0.1367734
0,0,0.19405882
0,0,0.07702371
0,0,0.047590252
0,0,0.029002665
0,0,0.13017568
0,0,0.08444625
0,0,0.040390555
0,0,0.20309658
0,0,0.1471146
0,0,0.10088794
0,0,0.057291664
0,0,0.2082048
0,1,0.6796859
0,0,0.3848361
0,0,0.06573329
0,0,0.28469
0,0,0.16720743
0,0,0.10568602
0,0,0.15295407
0,1,0.79480314
0,1,0.94196594
0,1,0.91422325
0,1,0.70968455
0,1,0.7259231
0,1,0.64142483
0,0,0.44104427
0,1,0.51404655
0,1,0.84856296
0,1,0.5035697
0,0,0.30538794
0,1,0.65162206
0,1,0.76889455
0,1,0.7171269
0,0,0.4436189
0,0,0.4338141
0,0,0.3993201
0,0,0.4101972
0,0,0.28203046
0,1,0.7087032
0,1,0.8348879
0,1,0.8951678
0,1,0.6721408
0,1,0.6662399
0,0,0.39475533
0,0,0.25386494
0,0,0.1559711
0,1,0.5174312
0,0,0.43501082
0,0,0.34303883
0,1,0.531674
0,1,0.6575477
0,1,0.7898281
0,1,0.52527
0,1,0.5059244
0,1,0.78815144
0,1,0.85710776
0,1,0.7635111
0,1,0.7139573
0,1,0.8852904
0,0,0.46222213
0,1,0.5458842
0,0,0.06579653
0,0,0.044806223
0,0,0.14851
0,0,0.1352611
0,0,0.18243513
0,0,0.17270385
0,0,0.109440655
0,0,0.26695427
0,0,0.19336644
0,0,0.052094094
0,0,0.042584855
1,0,0.10058119
1,0,0.08387727
1,0,0.37770903
1,0,0.05327555
1,0,0.2571624
1,0,0.17266892
1,0,0.019695176
1,0,0.35991776
1,0,0.06893553
1,0,0.46271068
1,0,0.09670969
1,0,0.028195538
1,0,0.39992914
1,0,0.12533441
1,0,0.0995273
1,0,0.031626653
1,0,0.26809406
1,0,0.38378078
1,0,0.06639967
1,0,0.14287199
1,0,0.1362126
1,1,0.675047
1,1,0.5344617
1,0,0.4075753
1,0,0.26161614
1,1,0.5088211
1,1,0.62909037
1,0,0.3131271
1,0,0.32371238
1,0,0.3655086
1,0,0.4507471
1,0,0.33109212
1,0,0.13098656
1,0,0.18315594
1,0,0.41138253
1,1,0.9647918
1,1,0.9745671
1,1,0.95126903
1,1,0.9396953
1,1,0.930958
1,1,0.8234219
1,1,0.9189571
1,1,0.6937183
1,1,0.9336393
1,1,0.91956633
1,1,0.5341181
1,1,0.99512744
1,1,0.96512467
1,1,0.9678872
1,1,0.8766927
1,1,0.89225066
1,1,0.6903032
1,1,0.67797035
1,1,0.89284915
1,1,0.8267684
1,0,0.2706003
1,0,0.36977234
1,0,0.16111305
1,0,0.084306985
1,0,0.36869663
1,1,0.97525567
1,1,0.6819897
1,1,0.7686557
1,1,0.77786684
1,0,0.48732755
1,1,0.60974413
1,0,0.35462376
1,0,0.23891884
1,0,0.47461557
1,1,0.5444131
1,1,0.8109191
1,1,0.9641462
1,1,0.95574355
1,1,0.89836586
1,1,0.8458362
1,1,0.85723215
1,1,0.948708
1,1,0.8358987
1,1,0.6696587
1,1,0.8979127
1,1,0.99004436
1,1,0.87991405
1,1,0.70188487
1,1,0.9393032
1,1,0.87549746
1,1,0.85588574
1,1,0.7679495
1,0,0.12939641
1,0,0.13575435
1,0,0.11175212
0,0,0.020025617
0,0,0.02528747
0,0,0.09016592
0,0,0.017361617
0,0,0.0048161247
0,0,0.0032050875
0,0,0.012094277
0,0,0.0916587
0,0,0.11344922
0,0,0.048732523
0,0,0.087456256
0,0,0.08151038
0,0,0.009258149
0,0,0.03205046
0,0,0.030930832
0,0,0.26971415
0,0,0.08908389
0,0,0.07625886
0,0,0.06692391
0,0,0.05995582
0,0,0.030283637
0,0,0.1327969
0,0,0.14902154
0,0,0.20185086
0,0,0.057946354
0,0,0.023980813
0,0,0.018670091
0,0,0.042466704
0,0,0.024177995
1,1,0.93531287
1,1,0.9280653
1,0,0.4204451
1,1,0.777625
1,1,0.66730404
1,0,0.16818063
1,0,0.34298953
1,0,0.073987454
1,0,0.0652631
1,0,0.07487816
1,0,0.37135586
1,1,0.9841159
1,1,0.97841245
1,1,0.9744339
1,1,0.9973213
1,1,0.887691
1,1,0.8474647
1,0,0.17215341
1,0,0.014569586
1,0,0.13726416
1,0,0.13051525
1,1,0.75342536
0,0,0.041451126
0,0,0.04388991
0,0,0.036616545
0,0,0.0789883
0,0,0.042742796
0,0,0.034979533
0,0,0.08482764
0,0,0.07439503
0,0,0.04005391
0,1,0.55061364
0,0,0.09947807
0,0,0.048007265
0,0,0.045658153
0,0,0.20296814
0,1,0.6601681
0,0,0.36839792
0,0,0.1174709
0,0,0.06419354
0,0,0.19635262
0,0,0.12734817
0,0,0.1251321
0,0,0.07581171
0,0,0.08314604
0,0,0.02562471
0,0,0.08085979
0,0,0.21102272
0,0,0.06514217
0,0,0.050844647
0,0,0.032086536
0,0,0.034542233
0,0,0.055873852
0,0,0.09010263
0,0,0.05719017
1,0,0.007851371
1,0,0.0036476813
1,0,0.015369034
1,0,0.010489784
1,0,0.004537391
1,0,0.007137401
1,0,0.006523216
1,0,0.008283823
1,0,0.0037505855
1,0,0.009322193
1,0,0.005946916
1,0,0.0023158598
1,0,0.010713131
1,0,0.008258059
1,0,0.0586277
1,0,0.073168926
1,0,0.021550104
1,0,0.018505761
1,0,0.032200906
1,0,0.06421506
1,0,0.048140164
1,0,0.00913423
0,1,0.7022687
0,0,0.055970345
0,0,0.28785372
0,0,0.28446087
0,0,0.25566626
0,1,0.5446702
0,1,0.5491787
0,0,0.044315983
0,0,0.005107554
0,0,0.005798756
0,0,0.022854988
0,0,0.49473244
0,1,0.86482286
0,0,0.26967782
0,0,0.28720388
0,1,0.6661712
0,0,0.4331849
0,1,0.5770697
0,0,0.34521398
0,0,0.24586336
0,0,0.45529658
0,1,0.5762912
0,0,0.022453161
0,0,0.22682458
0,1,0.71778643
0,1,0.720153
0,0,0.27609524
0,0,0.36722168
0,0,0.22347514
0,0,0.44015983
0,1,0.57251984
0,1,0.65694
0,0,0.14685361
0,0,0.06015301
0,0,0.13319811
0,0,0.013644842
0,0,0.07751215
0,0,0.21976991
0,0,0.03638728
0,0,0.011301929
0,0,0.055343848
0,0,0.20819174
0,0,0.03184815
0,0,0.26964745
0,0,0.31753775
0,0,0.16686706
1,1,0.9580122
1,1,0.55047697
1,1,0.88835996
1,0,0.42990407
1,0,0.465766
1,0,0.19574353
1,1,0.59681064
1,1,0.8630377
1,1,0.5350221
1,0,0.29689205
1,0,0.18635723
1,1,0.9197898
1,0,0.46939453
1,1,0.86111355
1,1,0.98322034
1,1,0.9233204
1,1,0.5975866
1,0,0.48246372
1,0,0.22756375
1,0,0.1937988
1,1,0.8110287
1,1,0.84603494
1,0,0.21588078
1,0,0.3557293
1,1,0.9715919
1,1,0.9895466
1,1,0.9573121
1,1,0.9603711
1,0,0.3407912
1,1,0.8860525
1,1,0.70076156
1,1,0.8918739
1,1,0.71147615
0,1,0.6261961
0,1,0.71357834
0,1,0.7107427
0,0,0.44289583
0,0,0.17275737
0,0,0.21336956
0,0,0.33556962
0,1,0.60838443
0,0,0.40713912
0,1,0.8239393
0,1,0.8726128
1,1,0.9707709
1,1,0.893414
1,1,0.70000505
1,1,0.52183974
1,1,0.74532646
1,1,0.79429936
1,1,0.5441075
1,0,0.21640037
1,1,0.5511872
1,1,0.782704
1,0,0.3020059
0,0,0.04506104
0,0,0.005759553
0,0,0.0028702628
0,0,0.011294201
0,0,0.013898908
0,0,0.0053479867
0,0,0.015339645
0,0,0.011399488
0,0,0.009139557
0,0,0.0063571907
0,0,0.016847488
0,0,0.006680132
0,0,0.014408119
0,0,0.0055082655
0,0,0.0037480493
0,0,0.0015461575
0,0,0.006680502
0,0,0.0018735701
0,0,0.045426663
0,0,0.006354755
0,0,0.0019092734
0,0,0.0064288154
0,0,0.0015254811
0,0,0.00078104675
0,0,0.0054856003
0,0,0.0031395985
0,0,0.0077916863
0,0,0.055529453
0,0,0.018766979
0,1,0.85796124
0,1,0.96210426
0,0,0.41724363
0,0,0.17688477
0,1,0.5232845
0,1,0.81518215
0,1,0.823249
0,1,0.58844036
0,1,0.9555635
0,1,0.94628125
0,1,0.95690554
1,1,0.984151
1,1,0.9406747
1,1,0.97150165
1,1,0.97340107
1,1,0.93577915
1,1,0.98996955
1,1,0.82868093
1,0,0.40334094
1,1,0.50094897
1,1,0.9759946
1,1,0.9855494
0,0,0.0871635
0,0,0.053902477
0,0,0.050447166
0,0,0.060931414
0,0,0.16205212
0,0,0.020368444
0,0,0.020801108
0,0,0.13838933
0,0,0.21504612
0,1,0.8117997
0,1,0.55690444
0,0,0.33609885
0,0,0.36343402
0,1,0.8808542
0,0,0.3844253
0,0,0.40933153
0,0,0.19687758
0,0,0.06929333
0,0,0.01756558
0,0,0.06421444
0,0,0.013341752
0,0,0.009364069
0,0,0.0074900864
0,0,0.09029528
0,0,0.03472775
0,0,0.0770391
0,0,0.021082986
0,0,0.07095978
0,0,0.21212958
0,0,0.035531044
0,0,0.068978064
0,0,0.09924132
0,0,0.07257249
0,0,0.3834828
0,0,0.013239114
0,0,0.0065983804
0,0,0.040063582
0,0,0.0065334653
0,0,0.1564589
0,0,0.07046144
0,0,0.06884815
0,0,0.09096424
0,0,0.014167185
0,0,0.18265314
0,0,0.024615405
0,0,0.04262696
0,0,0.016351528
0,0,0.03675628
0,0,0.027338654
0,0,0.0072295084
0,0,0.0075520254
0,0,0.11107964
0,0,0.41604206
0,0,0.19739465
0,0,0.13429965
0,0,0.058866266
0,0,0.18213017
0,0,0.057482425
0,0,0.045246754
0,0,0.23020694
0,0,0.18070209
0,0,0.14057826
0,0,0.41495684
0,0,0.045251753
0,0,0.044257738
0,0,0.1534238
0,1,0.52843773
0,0,0.18619175
0,0,0.20216943
0,0,0.11307325
0,0,0.079737894
0,0,0.2833175
0,0,0.27174228
0,0,0.14883995
0,0,0.3888844
0,0,0.17506343
0,0,0.1289745
0,0,0.23594181
0,1,0.5645221
0,0,0.08889644
0,1,0.50186557
0,0,0.15730684
0,0,0.3894636
0,0,0.44229552
0,0,0.4293377
0,0,0.4991283
0,0,0.0963129
0,0,0.17554589
0,0,0.06599588
0,0,0.18212645
0,0,0.12244809
0,0,0.29827896
0,1,0.60136634
0,1,0.53254086
0,0,0.11202151
0,0,0.31417206
0,0,0.13956921
0,0,0.12852079
0,0,0.27178878
0,0,0.07480967
0,0,0.033192284
1,0,0.049953025
1,0,0.015647734
1,0,0.08457658
1,0,0.27292192
1,0,0.02113459
1,0,0.04665251
1,0,0.15446755
1,0,0.061758757
1,0,0.051433276
1,0,0.03621151
1,0,0.06816839
1,0,0.41563088
1,0,0.30494994
1,0,0.026273062
1,0,0.0068668537
1,0,0.14331539
1,0,0.040660344
1,0,0.07579016
1,0,0.033830456
1,0,0.06042954
1,0,0.020832762
1,0,0.05437953
1,1,0.936575
1,1,0.96703446
1,1,0.9236172
1,1,0.8119283
1,1,0.7966034
1,1,0.94699043
1,1,0.76662934
1,1,0.58635247
1,1,0.8677297
1,1,0.90008086
1,1,0.9029169
1,1,0.6815296
1,0,0.4040736
1,1,0.53648937
1,0,0.27153194
1,0,0.25535268
1,0,0.33112
1,0,0.12919657
1,0,0.3956224
1,0,0.17462964
1,1,0.50445336
1,0,0.34764752
1,1,0.66585565
1,1,0.92500466
1,1,0.70312154
1,1,0.891923
1,1,0.8413507
1,1,0.83544326
1,1,0.86163396
1,1,0.8937545
1,1,0.82446635
1,1,0.8961167
1,0,0.42600334
0,1,0.5231022
0,1,0.6730743
0,1,0.71368563
0,0,0.3166006
0,0,0.18117562
0,0,0.15673034
0,0,0.1333808
0,0,0.10793078
0,0,0.08806141
0,0,0.21383254
0,0,0.4702512
0,0,0.21433121
0,0,0.4343596
0,1,0.5180993
0,0,0.19987191
0,0,0.03802793
0,0,0.38564688
0,1,0.61320424
0,1,0.5754805
0,0,0.32571697
0,0,0.35437608
0,0,0.08425119
0,0,0.114250846
0,1,0.68792385
0,0,0.07066004
0,0,0.02499831
0,0,0.0053966134
0,0,0.04184713
0,0,0.36827052
0,0,0.123754844
0,1,0.7890731
0,1,0.84408176
0,1,0.7099006
0,1,0.60625637
0,1,0.63054806
0,0,0.2845003
0,0,0.25862643
0,0,0.018462114
0,0,0.016820783
0,0,0.046222422
1,1,0.50823367
1,0,0.059365008
1,0,0.19708945
1,0,0.019371374
1,0,0.010528619
1,0,0.08366612
1,0,0.08957773
1,0,0.023130791
1,0,0.035850942
1,0,0.14062066
1,0,0.13605809
1,0,0.20729251
1,0,0.028540965
1,0,0.01812162
1,0,0.038503457
1,0,0.1007821
1,0,0.018866789
1,0,0.059765194
1,0,0.09674423
1,0,0.05369221
1,0,0.045634985
1,0,0.06469854
1,0,0.10831584
1,0,0.062308326
1,0,0.18199034
1,0,0.098152906
1,0,0.119381346
1,0,0.08247373
1,0,0.011169554
1,0,0.02651101
1,0,0.03626521
1,0,0.04721793
1,0,0.082879126
1,0,0.095946476
1,0,0.16439855
1,0,0.26041263
1,0,0.39849347
1,1,0.51922935
1,1,0.51765436
1,1,0.62112874
1,1,0.89341545
1,1,0.92947465
1,1,0.983133
1,1,0.9876067
1,1,0.7447603
1,1,0.8812762
1,1,0.90699726
1,1,0.8965735
1,1,0.855971
1,1,0.88614357
1,0,0.47642004
1,1,0.8760425
1,1,0.70591563
1,0,0.19795562
1,1,0.7014239
1,0,0.35817924
1,0,0.28718966
1,0,0.14206897
1,0,0.46117514
1,0,0.232414
1,0,0.040216576
1,0,0.21117535
1,0,0.16437136
1,0,0.2225806
1,0,0.2870334
1,0,0.24246517
0,0,0.0019047273
0,0,0.00798535
0,0,0.0016504083
0,0,0.00072740536
0,0,0.0021937285
0,0,0.00077051675
0,0,0.0010868701
0,0,0.00079107797
0,0,0.001367607
0,0,0.0020207872
0,0,0.0043003922
0,0,0.0005505964
0,0,0.0017754964
0,0,0.00043545658
0,0,0.00086576975
0,0,0.00021965368
0,0,0.00017212752
0,0,0.00024768445
0,0,0.0070688003
0,0,0.0011777506
0,0,0.000664561
0,0,0.00078218634
0,0,0.00075387495
0,0,0.0008213216
0,0,0.00078128494
0,0,0.0005125011
0,0,0.0029972387
0,0,0.0019239134
0,0,0.0024761965
0,0,0.0053345882
0,0,0.00044295887
0,0,0.0031483085
0,0,0.0037167878
0,0,0.001373571
0,0,0.0011398998
0,0,0.0008699246
0,0,0.0005441931
0,0,0.00061734597
0,0,0.00020981325
0,0,0.0014685986
0,0,0.0023305193
0,0,0.00097103376
0,0,0.0018648204
0,0,0.000928242
0,0,0.0017445983
0,0,0.0026992627
1,1,0.84800804
1,1,0.82162404
1,1,0.7704217
1,1,0.98685884
1,1,0.9623865
1,1,0.841257
1,1,0.6945538
1,1,0.6929237
1,1,0.59118354
1,1,0.6090682
1,0,0.1973425
1,1,0.99179924
1,1,0.95945776
1,1,0.96945816
1,1,0.9913119
1,1,0.97947985
1,1,0.7001346
1,1,0.86513734
1,1,0.5673922
1,1,0.6828687
1,1,0.9087912
1,1,0.89367115
1,1,0.9177444
1,1,0.81658965
1,1,0.5754665
1,1,0.7088755
1,1,0.6560221
1,1,0.785106
1,1,0.8566764
1,0,0.10742028
1,0,0.39006406
1,0,0.4444728
1,1,0.931835
1,1,0.9766322
1,1,0.90717626
1,1,0.7886098
1,1,0.9315608
1,1,0.9254362
1,1,0.9911033
1,1,0.9800127
1,1,0.9318671
1,1,0.9501036
1,1,0.95654273
1,1,0.5776609
1,1,0.630115
1,0,0.45604932
1,0,0.28569913
1,0,0.43143135
1,0,0.30464917
1,0,0.25477827
1,0,0.052222796
1,0,0.13482954
1,0,0.21019088
1,0,0.19746019
1,1,0.5857227
0,0,0.017571926
0,0,0.00495811
0,0,0.0014173668
0,0,0.00068816426
0,0,0.0016651968
0,0,0.0032664512
0,0,0.0021171507
0,0,0.000590785
0,0,0.0004937732
0,0,0.00020820324
0,0,0.004214153
0,0,0.02543599
0,0,0.066269815
0,0,0.16077937
0,0,0.031101456
0,0,0.021757664
0,0,0.022420058
0,0,0.06734561
0,0,0.06503003
0,0,0.17863633
0,0,0.06679587
0,0,0.029158084
0,0,0.061316893
0,0,0.0479355
0,0,0.025942437
0,0,0.038387127
0,0,0.049029786
0,0,0.38940156
0,0,0.016099527
0,1,0.9314375
0,1,0.92732847
0,1,0.8596691
0,1,0.94123846
0,1,0.98335016
0,1,0.8995898
0,1,0.7654429
0,1,0.8763358
0,1,0.9662117
0,1,0.95293677
0,1,0.70957696
1,0,0.3120117
1,1,0.8578435
1,1,0.9504846
1,1,0.8314137
1,1,0.73854965
1,0,0.29638833
1,1,0.5846232
1,1,0.8949036
1,1,0.8115388
1,0,0.34770897
1,0,0.4129877
1,0,0.046811555
1,0,0.009815469
1,0,0.011191595
1,0,0.0073019313
1,0,0.0010879361
1,0,0.0011619638
1,0,0.0005494852
1,0,0.0015277986
1,0,0.0030014964
1,0,0.0022270817
1,0,0.002052334
1,0,0.00059644075
1,0,0.0017851415
1,0,0.0014214314
1,0,0.0023288357
1,0,0.003582661
1,0,0.0030386497
1,0,0.028938103
1,0,0.016878081
1,0,0.0040069255
1,0,0.0047870595
1,0,0.006661916
1,0,0.018678088
1,0,0.04034355
1,0,0.016766213
1,0,0.0044994387
1,0,0.047894984
1,0,0.02421245
1,0,0.027010942
1,0,0.025020892
1,0,0.020233328
1,0,0.048438787
1,0,0.035048682
1,0,0.007911295
1,0,0.13898051
1,0,0.031649034
1,0,0.0061753974
1,0,0.0033847096
1,0,0.0030498772
1,0,0.007864855
1,0,0.004121376
1,0,0.0068017566
1,0,0.028310718
1,0,0.021134084
1,0,0.043159824
1,0,0.03207954
1,0,0.014584442
1,0,0.027640952
1,0,0.01842084
1,0,0.0029407358
1,0,0.0009481117
1,0,0.0075582205
1,0,0.005395286
1,0,0.00690102
1,0,0.03362888
0,0,0.00070063665
0,0,0.0130590405
0,0,0.0032646877
0,0,0.0012540449
0,0,0.0030294028
0,0,0.0022894507
0,0,0.010976289
0,0,0.007069279
0,0,0.052275065
0,0,0.0064000417
0,0,0.013095848
0,0,0.003914686
0,0,0.0026754288
0,0,0.009358074
0,0,0.007633586
0,0,0.009901616
0,0,0.008900525
0,0,0.00923416
0,0,0.008497495
0,0,0.0085466495
0,0,0.006244197
0,0,0.008079246
0,0,0.002285374
0,0,0.0055736424
0,0,0.0028471844
0,0,0.0058876546
0,0,0.011264443
0,0,0.008498749
0,0,0.005166253
0,0,0.010316369
0,0,0.0026648536
0,0,0.0062167067
0,0,0.008069843
0,0,0.05459503
0,0,0.019652683
0,0,0.02571023
0,0,0.036712844
0,0,0.007090242
0,0,0.010359114
0,0,0.011995267
0,0,0.033208836
0,0,0.008560252
0,0,0.0021449835
0,0,0.0038134686
0,0,0.002370856
0,0,0.0015001034
1,1,0.82340693
1,0,0.15448366
1,0,0.49690294
1,0,0.43021017
1,1,0.6959702
1,1,0.50238395
1,0,0.18060164
1,1,0.73178476
1,0,0.29513726
1,0,0.23160794
1,0,0.3236348
1,1,0.7891395
1,1,0.9542927
1,1,0.82747203
1,1,0.98552585
1,1,0.976837
1,1,0.9539607
1,1,0.9314315
1,1,0.9671815
1,1,0.9041811
1,1,0.87868834
1,1,0.9455446
1,1,0.9888966
1,1,0.9958045
1,1,0.9988444
1,1,0.9926358
1,1,0.98099434
1,1,0.982971
1,1,0.9859222
1,1,0.96746963
1,1,0.9306169
1,1,0.96379846
1,1,0.9463059
1,1,0.9946561
1,1,0.9751721
1,1,0.90414244
1,1,0.95374554
1,1,0.96800286
1,1,0.8839089
1,1,0.9909253
1,1,0.9762414
1,1,0.97666276
1,1,0.96593475
1,1,0.79846215
1,1,0.98097926
1,1,0.84372324
1,1,0.6190258
1,1,0.7888178
1,1,0.9298139
1,1,0.89362997
1,1,0.7605388
1,1,0.82697076
1,1,0.9034984
1,1,0.5191751
1,1,0.7798336
1,0,0.024114804
1,0,0.005431596
1,0,0.007025793
1,0,0.01550886
1,0,0.00797789
1,0,0.010480558
1,0,0.02204781
1,0,0.016576838
1,0,0.007879696
1,0,0.02890452
1,0,0.026047042
1,0,0.07147698
1,0,0.01174589
1,0,0.020672945
1,0,0.11087959
1,0,0.021134399
1,0,0.06872214
1,0,0.03139188
1,0,0.015913887
1,0,0.047541536
1,0,0.100312926
1,0,0.025818855
1,0,0.016874325
1,0,0.011932752
1,0,0.13845363
1,0,0.0941106
1,0,0.018608343
1,0,0.012914733
1,0,0.01656199
1,0,0.38311955
1,1,0.87632465
1,1,0.9295939
1,1,0.9724477
1,1,0.9506803
1,1,0.9506606
1,1,0.977298
1,1,0.94186443
1,1,0.87897825
1,1,0.84637517
1,1,0.9815637
0,1,0.92075294
0,1,0.9258473
0,1,0.9471853
0,1,0.9171943
0,1,0.8487129
0,1,0.8581511
0,1,0.8331091
0,1,0.9853307
0,1,0.9737158
0,1,0.9400001
0,1,0.9619407
0,0,0.041504137
0,0,0.04380221
0,0,0.014635035
0,0,0.018208202
0,0,0.013745313
0,0,0.04886712
0,0,0.04973297
0,0,0.15106037
0,0,0.047640342
0,0,0.23309392
0,0,0.11709516
0,0,0.02455282
0,0,0.07074358
0,0,0.13300416
0,0,0.3434553
0,1,0.78634655
0,1,0.58484465
0,1,0.60447687
0,0,0.40318263
0,0,0.23269676
0,1,0.5504532
0,0,0.31424883
0,0,0.17763801
0,0,0.09143394
0,0,0.16056077
0,0,0.086616665
0,0,0.08348714
0,0,0.052230433
0,0,0.068014756
0,0,0.10015478
0,0,0.1781106
0,0,0.3418014
0,0,0.06689371
0,0,0.10458282
0,0,0.23852244
0,0,0.3763008
0,0,0.4970078
0,0,0.36660424
0,0,0.21171096
0,0,0.17774807
0,0,0.11576985
0,0,0.13268955
0,0,0.12111087
0,0,0.36792985
0,0,0.27252296
0,0,0.48105818
0,0,0.29340294
0,0,0.122675404
0,0,0.4002028
0,0,0.23464473
0,0,0.25487152
0,0,0.38865945
0,0,0.43343717
0,1,0.67029905
0,0,0.23303309
