Actual,Predicted,Probability
0,0,0.0031243914
0,0,0.02106309
0,0,0.30890948
0,0,0.40596503
0,1,0.51373667
0,0,0.48249254
0,1,0.5543306
0,1,0.6344602
0,1,0.6547998
0,1,0.6128895
0,1,0.60546976
0,1,0.5962931
0,1,0.6785503
0,0,0.3876801
0,0,0.38039467
0,0,0.42244348
0,0,0.26056302
0,0,0.36548802
0,0,0.16841587
0,0,0.32166424
0,0,0.2818733
0,0,0.44585282
0,0,0.3876845
0,0,0.29208738
0,0,0.24986644
0,0,0.10244473
0,0,0.09695491
0,0,0.07371351
0,0,0.24320967
0,0,0.20950535
0,0,0.27400026
0,1,0.508713
0,0,0.36161602
0,0,0.42944852
0,1,0.5132729
0,0,0.28637645
0,0,0.2654
0,0,0.1282005
0,0,0.06943918
0,0,0.1234566
0,0,0.22399178
0,0,0.23639803
0,0,0.37937236
0,0,0.4554724
0,0,0.3007532
0,0,0.26644102
1,1,0.77399635
1,1,0.8830078
1,1,0.9589809
1,1,0.94704443
1,1,0.9337033
1,1,0.89545363
1,1,0.91889095
1,1,0.92922175
1,1,0.88483644
1,1,0.81498134
1,1,0.600559
0,1,0.5532652
0,1,0.6794156
0,1,0.7597817
0,1,0.87800866
0,1,0.84456706
0,1,0.76931405
0,1,0.72523314
0,1,0.7618751
0,1,0.81120205
0,1,0.8401941
0,1,0.8390897
1,1,0.8662343
1,1,0.85295033
1,1,0.8211004
1,1,0.8010398
1,1,0.78743654
1,1,0.78740895
1,1,0.7936523
1,1,0.80811286
1,1,0.8141719
1,1,0.82012784
1,1,0.8050032
0,1,0.7687531
0,1,0.760553
0,1,0.74060506
0,1,0.7667713
0,1,0.77383894
0,1,0.77071786
0,1,0.75430924
0,1,0.787857
0,1,0.80312085
0,1,0.7472908
0,1,0.71557844
1,1,0.83280545
1,1,0.8777152
1,1,0.9017431
1,1,0.8969839
1,1,0.8538795
1,1,0.87087053
1,1,0.88767415
1,1,0.8735906
1,1,0.844423
1,1,0.8013171
1,1,0.67590076
0,0,0.25799188
0,0,0.08159623
0,0,0.087493196
0,0,0.054960877
0,0,0.027341703
0,0,0.02615562
0,0,0.042291705
0,0,0.05338141
0,0,0.06675143
0,0,0.0889447
0,0,0.11337638
0,0,0.10207114
0,0,0.11478553
0,0,0.106613934
0,0,0.06822801
0,0,0.048838038
0,0,0.041472033
0,0,0.023062734
0,0,0.027734816
0,0,0.032958113
0,0,0.0301072
0,0,0.048574273
0,0,0.04709338
0,0,0.038870484
0,0,0.028929923
0,0,0.04191952
0,0,0.032190315
0,0,0.028888011
0,0,0.031431694
1,0,0.47389355
1,1,0.87473106
1,1,0.8687876
1,1,0.8822069
1,1,0.8850978
1,1,0.8737945
1,1,0.8730949
1,1,0.8139511
1,1,0.7843701
1,1,0.79001236
1,1,0.7372585
0,1,0.68542534
0,1,0.5736231
0,1,0.61982393
0,1,0.6870089
0,1,0.81383497
0,1,0.8638072
0,1,0.8115799
0,1,0.86325693
0,1,0.82954466
0,1,0.7282713
0,1,0.8440295
0,0,0.24989474
0,0,0.15446636
0,0,0.13965835
0,0,0.19968466
0,0,0.15840186
0,0,0.18035348
0,0,0.1756932
0,0,0.118298575
0,0,0.08821584
0,0,0.062242556
0,0,0.049516667
0,0,0.08671534
0,0,0.14812315
0,0,0.25005466
0,0,0.3006037
0,0,0.34906396
0,0,0.31786186
0,0,0.32262096
0,0,0.40611124
0,0,0.3824045
0,0,0.3321675
0,0,0.2820337
0,0,0.26839682
0,0,0.23153883
0,0,0.2677546
0,0,0.31609905
0,0,0.31072664
0,0,0.31101903
0,0,0.2845075
0,0,0.2519144
0,0,0.22083157
0,0,0.25616226
0,0,0.27616152
0,0,0.29885206
0,0,0.29185495
0,0,0.20100369
0,0,0.13210073
0,0,0.13468252
0,0,0.117547214
0,0,0.14218208
0,0,0.19967672
0,0,0.23589043
0,0,0.20674007
0,0,0.17899242
0,0,0.17558663
0,0,0.18305695
0,0,0.20721179
0,0,0.21067174
0,0,0.1908408
0,0,0.15961327
0,0,0.15183368
0,0,0.13763282
0,0,0.11256703
0,0,0.11167841
0,0,0.1422154
0,0,0.005384882
0,0,0.007731645
0,0,0.013021893
0,0,0.011318053
0,0,0.021174861
0,0,0.01718083
0,0,0.0111829555
0,0,0.012107274
0,0,0.01609095
0,0,0.018974876
0,0,0.018022234
0,0,0.0146933105
0,0,0.015186345
0,0,0.010068354
0,0,0.005734998
0,0,0.0036009264
0,0,0.002731402
0,0,0.002049103
0,0,0.0019227628
0,0,0.002792124
0,0,0.0023431235
0,0,0.0018703146
0,0,0.0026118713
0,0,0.003681367
0,0,0.0030244573
0,0,0.004287937
0,0,0.0064998004
0,0,0.0059853997
0,0,0.0057777753
0,0,0.0071282857
0,0,0.006556846
0,0,0.004336164
0,0,0.004441087
0,0,0.0041211983
0,0,0.0036583443
0,0,0.003809453
0,0,0.005033584
0,0,0.0062503037
0,0,0.0058270604
0,0,0.0075843944
0,0,0.005926949
0,0,0.0034869285
0,0,0.003254972
0,0,0.0026429668
0,0,0.0031279635
0,0,0.00357253
1,0,0.09099009
1,0,0.38928512
1,1,0.50487196
1,1,0.5359609
1,1,0.51291704
1,0,0.4015694
1,0,0.30680963
1,0,0.29750213
1,0,0.28467447
1,0,0.25567877
1,0,0.26502928
1,0,0.434946
1,1,0.5724475
1,1,0.5257498
1,1,0.51848227
1,1,0.6871616
1,1,0.7464087
1,0,0.48026517
1,0,0.34871456
1,0,0.44853505
1,1,0.5246372
1,1,0.50210017
1,0,0.4769315
1,0,0.4556168
1,0,0.41979676
1,0,0.37793547
1,0,0.32329595
1,0,0.31329572
1,0,0.27750596
1,0,0.23732539
1,0,0.22340776
1,0,0.23710024
1,0,0.18962303
1,0,0.3193477
1,0,0.42514765
1,0,0.4318614
1,0,0.40916288
1,1,0.5016798
1,0,0.4881067
1,0,0.44406274
1,0,0.39887118
1,0,0.31576946
1,0,0.28610474
1,0,0.20646562
1,0,0.2659806
1,0,0.25240308
1,0,0.23560762
1,0,0.15037307
1,0,0.14811061
1,0,0.15415916
1,0,0.14734694
1,0,0.29109362
1,0,0.29578373
1,0,0.21136293
1,0,0.14763455
0,0,0.035852965
0,0,0.018945962
0,0,0.023289483
0,0,0.021322202
0,0,0.021546097
0,0,0.028448518
0,0,0.031921353
0,0,0.025535552
0,0,0.019525042
0,0,0.018487021
0,0,0.019245489
0,0,0.014317448
0,0,0.018032804
0,0,0.021790776
0,0,0.039203018
0,0,0.051108204
0,0,0.055749882
0,0,0.047658682
0,0,0.035331734
0,0,0.024170276
0,0,0.020178976
0,0,0.018712087
0,0,0.018576343
0,0,0.022043247
0,0,0.02002085
0,0,0.018879198
0,0,0.016793631
0,0,0.016187442
0,0,0.015861373
1,0,0.090343796
1,0,0.17833881
1,0,0.12612823
1,0,0.20923264
1,0,0.22798117
1,0,0.14094771
1,0,0.11977557
1,0,0.16473353
1,0,0.18540435
1,0,0.19074887
1,0,0.23699152
1,0,0.4418791
1,1,0.5824149
1,1,0.64261913
1,1,0.5573553
1,1,0.5984331
1,1,0.5415403
1,1,0.5191178
1,0,0.49555388
1,1,0.52594125
1,1,0.55016094
1,0,0.4693623
1,0,0.074604034
1,0,0.042510707
1,0,0.03367599
1,0,0.028607247
1,0,0.013512329
1,0,0.011925137
1,0,0.012502834
1,0,0.0134467445
1,0,0.010233869
1,0,0.009165503
1,0,0.009959379
1,0,0.011024634
1,0,0.017534029
1,0,0.023068096
1,0,0.020980354
1,0,0.020307321
1,0,0.024219507
1,0,0.01900765
1,0,0.013510365
1,0,0.012421766
1,0,0.012087914
1,0,0.014463805
1,0,0.016107703
1,0,0.01466061
1,0,0.015356491
1,0,0.021578446
1,0,0.025896616
1,0,0.037481613
1,0,0.046102464
1,0,0.039008986
1,0,0.04630365
1,0,0.04930457
1,0,0.05080369
1,0,0.051330518
1,0,0.06821092
1,0,0.055233963
1,0,0.038198013
1,0,0.024346614
1,0,0.035267733
1,0,0.04690053
1,0,0.047201622
1,0,0.04847772
1,0,0.042101014
1,0,0.036168758
1,0,0.05522502
1,0,0.058459133
1,0,0.056043223
1,0,0.07345793
1,0,0.07529355
1,0,0.054511838
1,0,0.06252347
1,0,0.063503146
1,0,0.05507386
1,0,0.058084067
1,0,0.06317247
0,0,0.40823793
0,0,0.2147575
0,0,0.026557393
0,0,0.018393088
0,0,0.014325008
0,0,0.030475343
0,0,0.04703502
0,0,0.03819868
0,0,0.06397254
0,0,0.084531896
0,0,0.08793962
0,0,0.09645136
0,0,0.18312518
0,0,0.19307725
0,0,0.100682914
0,0,0.05745058
0,0,0.058634058
0,0,0.044740498
0,0,0.033191744
0,0,0.049985494
0,0,0.10505613
0,0,0.13668044
0,0,0.1311322
0,0,0.10887995
0,0,0.10308085
0,0,0.14132558
0,0,0.1618612
0,0,0.19789639
0,0,0.22224545
0,0,0.16806431
0,0,0.1277154
0,0,0.132302
0,0,0.10843967
0,0,0.060028784
0,0,0.03154139
0,0,0.02025694
0,0,0.030717008
0,0,0.044254214
0,0,0.0881841
0,0,0.082998626
0,0,0.060216904
0,0,0.04916895
0,0,0.04306389
0,0,0.060338456
0,0,0.029511526
0,0,0.047685552
0,0,0.32504568
0,1,0.50271374
0,1,0.58914876
0,1,0.61160004
0,1,0.6505273
0,1,0.67430645
0,1,0.5663439
0,1,0.5131364
0,1,0.5250979
0,0,0.4867604
0,1,0.544299
1,1,0.6543193
1,1,0.6640184
1,1,0.71714765
1,1,0.6698992
1,1,0.78613245
1,1,0.7487605
1,1,0.7499313
1,1,0.6837874
1,1,0.5690473
1,1,0.520678
1,1,0.50953746
1,0,0.4734226
1,1,0.58308685
1,1,0.8455126
1,1,0.9223734
1,1,0.9180432
1,1,0.9065402
1,1,0.87260026
1,1,0.8791088
1,1,0.8400592
1,1,0.8071203
1,1,0.7775077
0,1,0.8188943
0,1,0.78391075
0,1,0.7410739
0,1,0.6630386
0,1,0.6279266
0,1,0.7066288
0,1,0.7279122
0,1,0.73106384
0,1,0.69241875
0,1,0.67664593
0,1,0.7317033
1,1,0.8031685
1,1,0.854134
1,1,0.86993325
1,1,0.8322551
1,1,0.79427755
1,1,0.7448402
1,1,0.76803476
1,1,0.75104946
1,1,0.8264239
1,1,0.88064855
1,1,0.89474946
0,0,0.462315
0,0,0.1690298
0,0,0.32254001
0,0,0.29444382
0,0,0.29446647
0,0,0.2806635
0,0,0.24094507
0,0,0.22684874
0,0,0.19493206
0,0,0.169653
0,0,0.15817331
0,0,0.09042239
0,0,0.07960589
0,0,0.102549724
0,0,0.13135576
0,0,0.25996727
0,0,0.4540567
0,1,0.6878036
0,1,0.7488236
0,1,0.8368754
0,1,0.8905353
0,1,0.9089209
0,1,0.9085827
0,1,0.86466
0,1,0.8393693
0,1,0.8031096
0,1,0.7878016
0,1,0.74904966
0,1,0.76290095
1,1,0.8859738
1,1,0.9360648
1,1,0.8893997
1,1,0.8505205
1,1,0.7764706
1,1,0.7987575
1,1,0.8072219
1,1,0.7934123
1,1,0.81441784
1,1,0.82313704
1,1,0.8194907
1,1,0.8731783
1,1,0.83936083
1,1,0.8837327
1,1,0.8091645
1,1,0.8290063
1,1,0.8043886
1,1,0.8087582
1,1,0.87089556
1,1,0.8969811
1,1,0.86991096
1,1,0.8812819
0,0,0.3569843
0,0,0.1387449
0,0,0.1584157
0,0,0.25057587
0,0,0.2819649
0,0,0.22325766
0,0,0.13737617
0,0,0.09641951
0,0,0.07668701
0,0,0.052436933
0,0,0.04738849
0,0,0.048298314
0,0,0.04600863
0,0,0.05347153
0,0,0.05533828
0,0,0.08168025
0,0,0.079901464
0,0,0.054428317
0,0,0.043633457
0,0,0.0392965
0,0,0.060975097
0,0,0.07488811
0,0,0.051409326
0,0,0.029427752
0,0,0.020092968
0,0,0.044574503
0,0,0.09963708
0,0,0.19851772
0,0,0.2658711
0,0,0.2948637
0,0,0.30651173
0,0,0.2822825
0,0,0.33067784
0,0,0.2830628
0,0,0.12959373
0,0,0.1236986
0,0,0.2205968
0,0,0.20530483
0,0,0.24437666
0,0,0.18344791
0,0,0.15252143
0,0,0.13173425
0,0,0.17311907
0,0,0.280515
0,0,0.16877571
0,0,0.057969313
0,0,0.032897465
0,0,0.042085174
0,0,0.07299779
0,0,0.1259755
0,0,0.21157412
0,0,0.34880456
0,0,0.24334817
0,0,0.39803958
0,1,0.521219
0,1,0.70964074
0,1,0.7846354
0,1,0.8498968
0,1,0.8020333
0,1,0.73148733
0,1,0.70515203
0,1,0.7179517
0,1,0.746753
0,1,0.7461513
0,1,0.79214334
0,1,0.7924731
0,1,0.8242484
0,1,0.80406207
0,1,0.82382417
0,1,0.79991436
0,1,0.78580064
0,1,0.7326684
0,1,0.6741716
0,1,0.60445374
0,1,0.5122019
0,1,0.5163124
0,1,0.6216705
0,1,0.7383585
0,1,0.8112092
0,1,0.97093856
0,1,0.92149425
0,1,0.8788771
0,1,0.8490023
0,1,0.90034014
0,1,0.7534684
0,1,0.783056
0,1,0.8368086
0,1,0.7046068
0,1,0.85886955
0,1,0.9258979
1,1,0.9195831
1,1,0.88266927
1,1,0.785677
1,1,0.81068724
1,1,0.9077404
1,1,0.9433074
1,1,0.9448106
1,1,0.932551
1,1,0.7501386
1,1,0.74831885
1,1,0.53985745
0,0,0.47836182
0,0,0.22850035
0,1,0.5130996
0,1,0.5484936
0,1,0.6268846
0,1,0.5460083
0,1,0.6218151
0,1,0.7956402
0,1,0.8707602
0,1,0.8829953
0,1,0.93578285
1,1,0.886619
1,1,0.94170594
1,1,0.970341
1,1,0.9373118
1,1,0.9002091
1,1,0.89269835
1,1,0.871704
1,1,0.902025
1,1,0.9171808
1,1,0.9478517
1,1,0.93644136
1,1,0.6207681
1,1,0.52279544
1,1,0.8046145
1,1,0.8949628
1,1,0.70727843
1,1,0.76591945
1,1,0.77573794
1,1,0.6303409
1,1,0.5120669
1,1,0.568757
1,1,0.5089992
0,0,0.13796349
0,0,0.08195976
0,0,0.041050967
0,0,0.028229045
0,0,0.10047519
0,0,0.12266483
0,0,0.19546294
0,0,0.24677803
0,0,0.36495697
0,0,0.38702202
0,0,0.37672415
0,0,0.32673112
0,0,0.31629202
0,0,0.34373626
0,0,0.3375865
0,0,0.3855833
0,0,0.4686382
0,1,0.57512784
0,1,0.6665587
0,1,0.7271351
0,1,0.79896784
0,1,0.770402
0,1,0.71741086
0,1,0.5982764
0,0,0.46603417
0,0,0.43280345
0,0,0.40886953
0,0,0.4816706
0,1,0.58223325
1,1,0.79163206
1,1,0.95236725
1,1,0.89052695
1,1,0.96246976
1,1,0.9362248
1,1,0.9108234
1,1,0.785089
1,1,0.51331484
1,1,0.67042977
1,1,0.8535805
1,1,0.9631176
1,1,0.92696
1,1,0.9012909
1,1,0.9291783
1,1,0.95917493
1,1,0.9908964
1,1,0.98762465
1,1,0.9873344
1,1,0.9813494
1,1,0.9551294
1,1,0.9631936
1,1,0.87765056
0,0,0.33293086
0,0,0.07775714
0,0,0.13332823
0,0,0.10846028
0,0,0.31137958
0,0,0.28864962
0,0,0.24703291
0,0,0.23470548
0,0,0.3165599
0,0,0.4215793
0,1,0.5535077
0,1,0.64386797
0,1,0.7349094
0,1,0.8496431
0,1,0.87926036
0,1,0.9067595
0,1,0.9205634
0,1,0.9245157
0,1,0.92666185
0,1,0.9296037
0,1,0.93611425
0,1,0.92011523
0,1,0.90335035
0,1,0.8907943
0,1,0.8859616
0,1,0.89272034
0,1,0.844985
0,1,0.7777597
0,1,0.6477883
0,0,0.4527115
0,0,0.29272807
0,0,0.21826144
0,0,0.10344099
0,0,0.23637599
0,0,0.10896266
0,0,0.1045136
0,0,0.062061917
0,0,0.23586385
0,0,0.35375997
0,1,0.6604674
0,1,0.7841913
0,1,0.709501
0,0,0.390447
0,0,0.04570776
0,0,0.030340733
0,0,0.025839554
0,0,0.040814783
0,0,0.08768834
0,0,0.17654888
0,0,0.452723
0,1,0.5532446
0,0,0.36867166
0,0,0.2758384
0,0,0.20583276
0,0,0.24631132
0,0,0.48832977
0,0,0.29838127
0,0,0.054868445
0,0,0.017397609
0,0,0.0074488795
0,0,0.0058136443
0,0,0.008976189
0,0,0.013357008
0,0,0.011152845
0,0,0.00814021
0,0,0.007766373
0,0,0.012542222
0,0,0.025829611
0,0,0.031895693
0,0,0.028517744
0,0,0.035052117
0,0,0.025363317
0,0,0.0332941
0,0,0.031921815
0,0,0.04684085
0,0,0.05504766
0,0,0.06686076
0,0,0.06523507
0,0,0.04842302
0,0,0.044850394
0,0,0.042704176
0,0,0.047655445
0,0,0.049199633
0,0,0.05220586
0,0,0.04652804
0,0,0.04686195
0,0,0.048091564
0,0,0.049821
0,0,0.05724299
0,0,0.05968747
0,0,0.06323482
0,0,0.06788037
0,0,0.05388677
0,0,0.05087782
0,0,0.039649334
0,0,0.037918013
0,0,0.040117446
0,0,0.044932257
0,0,0.057788733
0,0,0.0662781
0,0,0.077091955
1,0,0.2397184
1,0,0.28900865
1,0,0.32030228
1,0,0.48090205
1,1,0.5796248
1,1,0.5384148
1,1,0.56384283
1,1,0.5925724
1,1,0.6400672
1,0,0.45418593
1,1,0.5251389
1,1,0.5866229
1,0,0.43972194
1,0,0.33984452
1,0,0.45286527
1,0,0.3542683
1,0,0.43082345
1,0,0.44578192
1,0,0.3019567
1,0,0.2948764
1,0,0.3650508
1,0,0.28803578
1,0,0.29523742
1,0,0.3424237
1,0,0.384216
1,1,0.5042594
1,1,0.5465903
1,0,0.37369183
1,0,0.4031995
1,0,0.34195554
1,0,0.2897948
1,0,0.28870693
1,0,0.287086
1,0,0.3625218
1,0,0.45408145
1,1,0.6031961
1,1,0.77259177
1,1,0.8226458
1,1,0.7133311
1,1,0.7175478
1,1,0.7872761
1,1,0.8298255
1,1,0.8139674
1,1,0.8126128
1,1,0.6587265
1,1,0.52997047
1,0,0.42368507
1,0,0.25644836
1,0,0.19148648
1,0,0.17034887
1,0,0.15924904
1,0,0.11873207
1,0,0.09226477
1,0,0.07641324
1,0,0.12183578
1,0,0.044350747
1,0,0.034653902
1,0,0.06637629
1,0,0.03452782
1,0,0.025918208
1,0,0.03754342
1,0,0.036224037
1,0,0.03762244
1,0,0.03244888
1,0,0.027811194
1,0,0.019483
1,0,0.022377312
1,0,0.03176155
1,0,0.028778203
1,0,0.025231894
1,0,0.03526583
1,0,0.039281886
1,0,0.02789434
1,0,0.02378757
1,0,0.028572075
1,0,0.038492683
1,0,0.02716491
1,0,0.0308087
1,0,0.03930417
1,0,0.04029732
1,0,0.036260974
1,0,0.027430182
1,0,0.028103258
1,0,0.023838557
1,0,0.12712146
1,0,0.22359648
1,0,0.26885134
1,0,0.3231001
1,0,0.428865
1,1,0.5062579
1,1,0.58541065
1,1,0.62177
1,1,0.7108819
1,1,0.63807505
1,1,0.6174597
1,1,0.7169936
1,1,0.7784121
1,1,0.80298734
1,1,0.8237276
1,1,0.7966621
1,1,0.84158146
1,1,0.782403
1,1,0.7761835
1,1,0.81418836
1,1,0.7538674
1,1,0.78569293
0,0,0.20901874
0,0,0.051906597
0,0,0.0521017
0,0,0.036659386
0,0,0.023322402
0,0,0.02101271
0,0,0.024308411
0,0,0.02189232
0,0,0.017792404
0,0,0.021562234
0,0,0.030648688
0,0,0.027173225
0,0,0.0317583
0,0,0.038442973
0,0,0.03204929
0,0,0.04374281
0,0,0.03491463
0,0,0.034862045
0,0,0.033724975
0,0,0.025682854
0,0,0.02570483
0,0,0.023310807
0,0,0.022290185
0,0,0.018906843
0,0,0.02377309
0,0,0.02990041
0,0,0.026528172
0,0,0.02281773
0,0,0.019106485
0,0,0.016106986
0,0,0.016571762
0,0,0.019701963
0,0,0.0214607
1,0,0.021947993
1,0,0.017252015
1,0,0.013758501
1,0,0.014686532
1,0,0.022925412
1,0,0.026498904
1,0,0.019876363
1,0,0.017145874
1,0,0.016561553
1,0,0.021147702
1,0,0.021258095
1,0,0.017100018
1,0,0.02176141
1,0,0.019022558
1,0,0.01809545
1,0,0.0271707
1,0,0.02907044
1,0,0.01970105
1,0,0.016099324
1,0,0.020219576
1,0,0.019731076
1,0,0.015487361
0,0,0.00716784
0,0,0.028530424
0,0,0.12043233
0,0,0.13023786
0,0,0.12606262
0,0,0.07172483
0,0,0.055666115
0,0,0.09263627
0,0,0.13518271
0,0,0.13195208
0,0,0.145696
0,0,0.1248849
0,0,0.16221967
0,0,0.13911964
0,0,0.10100968
0,0,0.081075676
0,0,0.045028247
0,0,0.051368795
0,0,0.046658
0,0,0.04275691
0,0,0.02830319
0,0,0.021288767
0,0,0.030579448
0,0,0.054829422
0,0,0.072204895
0,0,0.097265474
0,0,0.0965329
0,0,0.10960159
0,0,0.07754337
0,0,0.049668096
0,0,0.04019894
0,0,0.043928824
0,0,0.04858497
0,0,0.07983349
0,0,0.105385624
0,0,0.14255989
0,0,0.16501251
0,0,0.22629577
0,0,0.18474305
0,0,0.14363131
0,0,0.19506279
0,0,0.2546473
0,0,0.22358745
0,0,0.16679151
0,0,0.13556673
0,0,0.063722946
1,0,0.48656294
1,1,0.8625687
1,1,0.8580305
1,1,0.8246163
1,1,0.7751647
1,1,0.7016596
1,1,0.6554114
1,1,0.672551
1,1,0.7168981
1,1,0.74185956
1,1,0.7576733
1,1,0.7827401
1,1,0.80011636
1,1,0.82426286
1,1,0.88263464
1,1,0.90127695
1,1,0.9335547
1,1,0.9258257
1,1,0.907504
1,1,0.90624315
1,1,0.92114544
1,1,0.917562
1,1,0.9110714
1,1,0.87034744
1,1,0.8709017
1,1,0.83318025
1,1,0.83108646
1,1,0.8098481
1,1,0.8415038
1,1,0.8657562
1,1,0.8642494
1,1,0.8162277
1,1,0.7941203
1,1,0.8255874
1,1,0.78978395
1,1,0.8163145
1,1,0.8455762
1,1,0.8583984
1,1,0.8375459
1,1,0.86654323
1,1,0.88165706
1,1,0.85261846
1,1,0.8149386
1,1,0.77738714
1,1,0.79601467
1,1,0.7700759
1,1,0.7704406
1,1,0.7661071
1,1,0.74378896
1,1,0.74123424
1,1,0.71415794
1,1,0.7024283
1,1,0.73029524
1,1,0.6653499
1,1,0.54923546
0,0,0.19802043
0,0,0.08320397
0,0,0.056813054
0,0,0.022391003
0,0,0.005532323
0,0,0.0053173127
0,0,0.00594143
0,0,0.0059466227
0,0,0.005095245
0,0,0.005549438
0,0,0.0066591497
0,0,0.0066404864
0,0,0.005896276
0,0,0.0051783076
0,0,0.0052213045
0,0,0.0054926984
0,0,0.0053068036
0,0,0.0042871577
0,0,0.0040800967
0,0,0.006511789
0,0,0.011263265
0,0,0.015957817
0,0,0.019147702
0,0,0.01786088
0,0,0.0120114805
0,0,0.005345182
0,0,0.0045527364
0,0,0.004744547
0,0,0.004699293
1,0,0.18020524
1,1,0.5523238
1,1,0.61604947
1,1,0.74711215
1,1,0.8006957
1,1,0.82861024
1,1,0.79741585
1,1,0.8138485
1,1,0.8129206
1,1,0.7105454
1,1,0.6972253
1,1,0.8274598
1,1,0.8448302
1,1,0.89049935
1,1,0.9014461
1,1,0.9419105
1,1,0.9154703
1,1,0.9511571
1,1,0.9481863
1,1,0.967229
1,1,0.9626742
1,1,0.9565594
1,1,0.78550094
1,0,0.42102224
1,0,0.20659861
1,0,0.12572008
1,0,0.036339685
1,0,0.037524667
1,0,0.038354747
1,0,0.08050699
1,0,0.09953883
1,0,0.10450102
1,0,0.0963818
1,0,0.1009386
1,0,0.10197245
1,0,0.06005562
1,0,0.029263996
1,0,0.013715991
1,0,0.00926213
1,0,0.01119414
1,0,0.012040205
1,0,0.010647918
1,0,0.010704853
1,0,0.012248346
1,0,0.01857834
1,0,0.032308638
1,0,0.07930533
1,0,0.20073447
1,0,0.30269924
1,0,0.2975349
1,0,0.2601351
1,0,0.15905389
1,0,0.16327582
1,0,0.10066735
1,0,0.16181333
1,0,0.20798147
1,0,0.23915608
1,0,0.20950273
1,0,0.15989786
1,0,0.10054941
1,0,0.056840226
1,0,0.03282763
1,0,0.02628571
1,0,0.027358212
1,0,0.023954794
1,0,0.022973672
1,0,0.022601774
1,0,0.01964861
1,0,0.01122994
1,0,0.010692769
1,0,0.00948204
1,0,0.010135337
1,0,0.011815965
1,0,0.010936548
1,0,0.013175025
1,0,0.02301787
1,0,0.0441714
0,0,0.092443354
0,0,0.23477478
0,0,0.41162175
0,0,0.45920354
0,1,0.5108196
0,1,0.50137657
0,1,0.5385262
0,1,0.58025795
0,1,0.6186014
0,1,0.58917874
0,1,0.62781227
0,1,0.52185774
0,1,0.51548016
0,0,0.37053478
0,0,0.31854263
0,0,0.2209562
0,0,0.2296746
0,0,0.19852042
0,0,0.19588688
0,0,0.20497704
0,0,0.2232842
0,0,0.2946277
0,0,0.32209685
0,0,0.41567034
0,0,0.39892545
0,0,0.38363296
0,0,0.32851344
0,0,0.2946156
0,0,0.335884
0,0,0.4310995
0,1,0.52051914
0,1,0.6274662
0,1,0.5949835
0,1,0.53722066
0,0,0.34281614
0,0,0.31923562
0,0,0.30732095
0,0,0.30805856
0,0,0.34451368
0,0,0.3907251
0,0,0.37734982
0,0,0.38654897
0,0,0.36012173
0,0,0.48453113
0,1,0.5549329
0,1,0.60990316
0,1,0.5975228
0,1,0.64446926
0,1,0.5108763
0,0,0.44865796
0,1,0.53484833
0,1,0.6919027
0,1,0.67073274
0,1,0.5892283
0,1,0.6013229
0,1,0.70675904
0,1,0.7285446
0,1,0.68056196
0,1,0.60567355
0,1,0.52392507
0,0,0.49408695
0,1,0.52860993
0,1,0.5875281
0,1,0.61176866
0,1,0.55645263
0,1,0.5545849
0,1,0.5974513
0,1,0.5851377
0,1,0.6721947
0,1,0.7144412
0,1,0.67234427
0,1,0.6438299
0,1,0.61603576
0,1,0.6503936
0,1,0.6532723
0,1,0.69577533
0,1,0.68031245
0,1,0.6348619
0,1,0.54560333
0,0,0.426987
0,0,0.45337656
0,1,0.5144525
0,0,0.46290934
0,0,0.47186375
0,0,0.45558086
0,0,0.47524762
0,1,0.519497
0,1,0.5466086
0,0,0.49186197
0,1,0.5119771
0,1,0.57608837
0,1,0.68039453
0,1,0.69878155
0,1,0.71532637
0,1,0.55971974
0,0,0.4652349
0,0,0.37735078
0,0,0.35496178
0,0,0.45297113
0,1,0.5353055
0,1,0.59854585
0,1,0.5682574
0,1,0.54012626
0,0,0.4559816
0,0,0.41986057
0,0,0.36231974
0,0,0.38888767
0,0,0.45441717
0,0,0.48421466
0,0,0.49856812
0,1,0.5050599
0,1,0.5153257
0,0,0.42332494
0,0,0.45451376
0,0,0.43141168
0,0,0.4757387
0,0,0.3727436
0,0,0.3555977
0,0,0.42761433
0,0,0.4282976
0,0,0.47345525
0,1,0.5118112
0,1,0.58537555
0,1,0.5886422
0,1,0.5184007
0,1,0.5647839
0,1,0.5807011
0,1,0.5419433
0,1,0.5287451
0,1,0.52842236
0,0,0.4737126
0,0,0.4105356
0,0,0.4419039
0,1,0.5901473
0,1,0.6697096
0,1,0.6424298
0,1,0.7050044
0,1,0.6585455
0,1,0.59182775
0,1,0.66199315
0,1,0.6774914
0,1,0.6740808
0,1,0.6136839
0,1,0.57333416
0,0,0.48150814
0,1,0.51987135
0,0,0.47199854
0,0,0.3342043
0,0,0.23070595
0,0,0.15163302
0,0,0.16135658
0,0,0.43911356
0,1,0.5623279
0,1,0.69723195
0,1,0.6914746
0,1,0.7132244
0,1,0.72060084
0,1,0.74917215
0,1,0.75117
0,1,0.7153604
0,1,0.57361966
0,1,0.5618705
0,1,0.513027
0,1,0.6630283
0,1,0.7895855
0,1,0.82195604
0,1,0.8346445
0,1,0.8090836
0,1,0.8010511
0,1,0.7764984
0,1,0.7189307
0,1,0.7203306
0,1,0.6131898
0,1,0.5183013
0,1,0.51775604
0,1,0.6186698
0,1,0.65794563
0,1,0.6945921
0,1,0.7067695
0,1,0.698328
0,1,0.6614741
0,1,0.63768595
0,1,0.66148955
0,1,0.6830721
0,1,0.65498966
0,1,0.5752911
0,1,0.5671084
0,1,0.507793
0,1,0.51862967
0,1,0.50368565
0,1,0.58400524
0,0,0.49019733
0,0,0.44690743
0,0,0.46374002
0,1,0.52183986
0,1,0.56312805
0,1,0.52286863
0,1,0.5317845
0,1,0.5675084
0,1,0.61842513
0,1,0.65547955
0,1,0.65767235
0,1,0.63868284
0,1,0.6226451
0,1,0.55811816
0,1,0.5156064
0,0,0.4700092
0,0,0.00066608243
0,0,0.00051071483
0,0,0.0060642525
0,0,0.05650555
0,0,0.27445182
0,0,0.26991138
0,0,0.26458925
0,0,0.26343027
0,0,0.27167246
0,0,0.27597585
0,0,0.2797239
0,0,0.29488838
0,0,0.3157827
0,0,0.33084127
0,0,0.33882388
0,0,0.34721783
0,0,0.35208818
0,0,0.3362994
0,0,0.34100023
0,0,0.3559572
0,0,0.34252524
0,0,0.33598515
0,0,0.34595326
0,0,0.3454806
0,0,0.32650277
0,0,0.33315513
0,0,0.3302756
0,0,0.31978577
0,0,0.31092918
0,0,0.30435756
0,0,0.29666862
0,0,0.30154496
0,0,0.30402315
0,0,0.30572218
0,0,0.31836948
0,0,0.3285891
0,0,0.3239993
0,0,0.3313186
0,0,0.32299754
0,0,0.30904767
0,0,0.31608108
0,0,0.32211223
0,0,0.30776772
0,0,0.3020755
0,0,0.30288896
0,0,0.2962446
1,0,0.35323527
1,0,0.38382548
1,0,0.39750528
1,1,0.57135236
1,1,0.6467265
1,1,0.71126086
1,1,0.6747722
1,1,0.6417277
1,1,0.72561073
1,1,0.80652124
1,1,0.86628664
1,1,0.87487996
1,1,0.8598439
1,1,0.78692853
1,1,0.8084933
1,1,0.7987604
1,1,0.77339333
1,1,0.7492401
1,1,0.7739744
1,1,0.79070824
1,1,0.8019832
1,1,0.79467803
1,1,0.7223764
1,1,0.76405734
1,1,0.73129976
1,1,0.8182764
1,1,0.8221857
1,1,0.81862074
1,1,0.7890652
1,1,0.74727726
1,1,0.6850213
1,1,0.67585343
1,1,0.7247468
1,1,0.7429721
1,1,0.80214626
1,1,0.7776898
1,1,0.8132819
1,1,0.78244364
1,1,0.87385887
1,1,0.8817323
1,1,0.86492664
1,1,0.8745784
1,1,0.8599242
1,1,0.8605189
0,1,0.7959321
0,1,0.8031968
0,1,0.8231039
0,1,0.7207722
0,1,0.7607663
0,1,0.79400057
0,1,0.74193096
0,1,0.71639997
0,1,0.7715012
0,1,0.8405952
0,1,0.9055245
0,1,0.9205767
0,1,0.927136
0,1,0.9138039
0,1,0.85941994
0,1,0.77982783
0,1,0.7740175
0,1,0.7714824
0,1,0.7397899
0,1,0.7468547
0,1,0.7274105
0,1,0.7298524
0,1,0.7173762
0,1,0.7335163
0,1,0.78024805
0,1,0.80005705
0,1,0.773958
0,1,0.7224338
0,1,0.651323
0,1,0.616418
0,1,0.61365837
0,1,0.6447699
0,1,0.6734019
0,1,0.706981
0,1,0.68495905
0,1,0.64774746
0,1,0.6471554
0,1,0.5823166
0,1,0.5469987
0,1,0.5203075
1,1,0.7421721
1,1,0.7515938
1,1,0.6271697
1,1,0.7402735
1,1,0.7544448
1,1,0.75441104
1,1,0.7313452
1,1,0.6906078
1,1,0.73958683
1,1,0.75178987
1,1,0.748593
1,1,0.7631016
1,1,0.7685428
1,1,0.7637287
1,1,0.8366393
1,1,0.81375587
1,1,0.8329397
1,1,0.828532
1,1,0.7733211
1,1,0.74708843
1,1,0.8253378
1,1,0.8596247
0,1,0.77407014
0,1,0.7153583
0,1,0.79665613
0,1,0.7427237
0,1,0.62738556
0,1,0.59295374
0,1,0.6772149
0,1,0.7910711
0,1,0.8799737
0,1,0.9145349
0,1,0.93339473
0,1,0.94021344
0,1,0.9354835
0,1,0.93625534
0,1,0.9233132
0,1,0.9057855
0,1,0.88264793
0,1,0.8666999
0,1,0.84982854
0,1,0.86346495
0,1,0.85530096
0,1,0.8510411
0,1,0.83016086
0,1,0.8180852
0,1,0.8130405
0,1,0.70040524
0,0,0.47009295
0,0,0.27513
0,0,0.1320041
0,0,0.096904375
0,0,0.19482376
0,0,0.4209175
0,0,0.4800541
0,1,0.67163634
0,1,0.6533041
0,1,0.75025266
0,1,0.7663382
0,1,0.75628155
0,1,0.78484434
0,1,0.7686091
0,1,0.81436265
0,1,0.81668377
0,1,0.8025066
0,1,0.80041504
0,1,0.7720181
0,1,0.74162096
0,1,0.72159415
0,1,0.71507907
0,1,0.7922737
0,1,0.7809772
0,1,0.7957549
0,1,0.8328788
0,1,0.843523
0,1,0.8773262
0,1,0.846487
0,0,0.35769835
0,0,0.47014317
0,0,0.33917183
0,0,0.3665681
0,0,0.33889836
0,0,0.36735854
0,0,0.3144133
0,0,0.29363656
0,0,0.3040897
0,0,0.30854782
0,0,0.2701065
0,0,0.18550381
0,0,0.1615202
0,0,0.14271091
0,0,0.17763197
0,0,0.19486667
0,0,0.1755888
0,0,0.17767237
0,0,0.23212199
0,0,0.30383292
0,0,0.34556118
0,0,0.3425336
0,0,0.39072308
0,0,0.31568688
0,0,0.33580723
0,0,0.2188031
0,0,0.1960022
0,0,0.24056987
0,0,0.24340788
0,0,0.27941835
0,0,0.2798849
0,0,0.2778108
0,0,0.26928103
0,0,0.2785411
0,0,0.27424982
0,0,0.33150715
0,0,0.31206208
0,0,0.30686036
0,0,0.33586463
0,0,0.3366905
0,0,0.42740327
0,0,0.35487038
0,0,0.29559684
0,0,0.25066015
0,0,0.23616146
0,0,0.27877465
1,1,0.7596049
1,1,0.85069263
1,1,0.73916405
1,1,0.80748034
1,1,0.77141833
1,1,0.75545764
1,1,0.75221205
1,1,0.7636344
1,1,0.79626364
1,1,0.7620597
1,1,0.60574317
1,1,0.7096523
1,1,0.78565735
1,1,0.8099782
1,1,0.7876407
1,1,0.8067542
1,1,0.79781663
1,1,0.76952183
1,1,0.5703706
1,1,0.6180527
1,1,0.6775306
1,1,0.53868747
0,1,0.59212476
0,1,0.65486056
0,1,0.7201413
0,1,0.8131063
0,1,0.88400966
0,1,0.8717559
0,1,0.83650154
0,1,0.8376873
0,1,0.84346
0,1,0.8684574
0,1,0.86925024
1,1,0.92175275
1,1,0.9376329
1,1,0.9283777
1,1,0.9556693
1,1,0.9632019
1,1,0.96375984
1,1,0.9647212
1,1,0.9672377
1,1,0.95677894
1,1,0.9475378
1,1,0.9356613
0,1,0.91040134
0,1,0.9159937
0,1,0.92609805
0,1,0.941886
0,1,0.9510925
0,1,0.93843734
0,1,0.9372348
0,1,0.9380151
0,1,0.9456298
0,1,0.9475199
0,1,0.92765707
0,1,0.57619023
0,0,0.3999472
0,1,0.5415091
0,1,0.63462234
0,1,0.6750372
0,1,0.6235959
0,1,0.59087
0,1,0.576742
0,1,0.6074208
0,1,0.6425843
0,1,0.6395424
0,1,0.62126523
0,1,0.5963555
0,1,0.6317586
0,1,0.65430284
0,1,0.5764056
0,1,0.55430615
0,1,0.50579035
0,1,0.5493028
0,1,0.6059824
0,1,0.6576149
0,1,0.6907831
0,1,0.6855927
0,1,0.62739027
0,1,0.61229974
0,1,0.57580745
0,1,0.5457033
0,1,0.5443987
0,1,0.5413589
1,1,0.8946356
1,1,0.9554656
1,1,0.9167084
1,1,0.93843263
1,1,0.91448265
1,1,0.89926565
1,1,0.87586105
1,1,0.85809517
1,1,0.8503154
1,1,0.8486855
1,1,0.8093932
1,1,0.90372676
1,1,0.91733533
1,1,0.93201476
1,1,0.94112116
1,1,0.9416875
1,1,0.9375313
1,1,0.94763947
1,1,0.95998365
1,1,0.96611553
1,1,0.9692506
1,1,0.96352196
0,1,0.567383
0,0,0.16316347
0,0,0.2825047
0,0,0.31645513
0,0,0.3099775
0,0,0.41850227
0,0,0.44964668
0,1,0.5240611
0,0,0.4298904
0,0,0.48931706
0,0,0.49926516
0,1,0.5256692
0,1,0.54306406
0,1,0.5421986
0,1,0.5188345
0,0,0.46147767
0,0,0.43041787
0,0,0.36208174
0,0,0.35575697
0,0,0.28248745
0,0,0.2697264
0,0,0.24264412
0,0,0.16302617
0,0,0.16352628
0,0,0.17528778
0,0,0.23291205
0,0,0.3004966
0,0,0.37876222
0,0,0.42698547
0,0,0.4280752
0,0,0.3755346
0,0,0.39900097
0,0,0.38256657
1,0,0.37101808
1,0,0.43020788
1,0,0.46885794
1,1,0.5379599
1,1,0.5974975
1,1,0.6440184
1,1,0.6380748
1,1,0.56762236
1,1,0.5465246
1,1,0.5211757
1,1,0.52247787
1,1,0.53476834
1,1,0.5615081
1,1,0.6092924
1,1,0.62259036
1,1,0.64063776
1,1,0.68005943
1,1,0.66673917
1,1,0.6892835
1,1,0.6848524
1,1,0.7021312
1,1,0.6992371
0,0,0.22731553
0,0,0.082255036
0,0,0.041699827
0,0,0.04601262
0,0,0.024090182
0,0,0.02003229
0,0,0.011787504
0,0,0.013294239
0,0,0.014648038
0,0,0.022442477
0,0,0.03532569
0,0,0.28263897
0,1,0.6998429
0,1,0.8384648
0,1,0.9215646
0,1,0.94360584
0,1,0.9501248
0,1,0.93087417
0,1,0.91748405
0,1,0.9092821
0,1,0.8722895
0,1,0.8206251
0,1,0.6705883
0,0,0.44771314
0,0,0.34794322
0,0,0.36769098
0,0,0.49591446
0,1,0.70348144
0,1,0.86620355
0,1,0.9208651
0,1,0.9365832
0,1,0.90039015
0,1,0.7704555
0,1,0.7295865
0,1,0.68666965
0,1,0.71807647
0,1,0.6200289
0,0,0.4262781
0,0,0.24940455
0,0,0.19051607
0,0,0.16260405
0,0,0.14968595
0,0,0.18335715
0,0,0.24218106
0,0,0.36255774
0,0,0.41826925
1,1,0.9282657
1,1,0.9120253
1,1,0.82157886
1,1,0.7667268
1,1,0.79740864
1,1,0.779116
1,1,0.8644539
1,1,0.9116333
1,1,0.8848077
1,1,0.92059004
1,1,0.92096883
1,1,0.939434
1,1,0.94747263
1,1,0.993109
1,1,0.9948704
1,1,0.99756867
1,1,0.99379903
1,1,0.9879752
1,1,0.9859731
1,1,0.9861725
1,1,0.9905556
1,1,0.9906997
1,1,0.99502134
1,1,0.9722946
1,1,0.9844488
1,1,0.98763716
1,1,0.9922786
1,1,0.98131573
1,1,0.9708995
1,1,0.9652461
1,1,0.97857165
1,1,0.9653301
1,1,0.9035061
1,1,0.9365849
1,1,0.94263077
1,1,0.98989797
1,1,0.9892721
1,1,0.99118996
1,1,0.9884155
1,1,0.9824478
1,1,0.98704207
1,1,0.9868326
1,1,0.9938637
1,1,0.99736965
1,1,0.99836355
1,1,0.997577
1,1,0.99853325
1,1,0.9972519
1,1,0.995869
1,1,0.9899301
1,1,0.9749555
1,1,0.9917848
1,1,0.9982994
1,1,0.99926573
1,1,0.99924904
0,1,0.970271
0,1,0.9182345
0,1,0.6454095
0,0,0.25544617
0,0,0.058291964
0,0,0.06958006
0,0,0.046567593
0,0,0.060740035
0,0,0.0760906
0,0,0.22744069
0,0,0.45640957
0,0,0.25615448
0,0,0.1811008
0,0,0.16178854
0,0,0.23587202
0,0,0.482499
0,1,0.53567505
0,1,0.60455483
0,1,0.6305554
0,1,0.70853
0,1,0.51425165
0,0,0.3162031
0,0,0.12232264
0,0,0.24999769
0,0,0.36182493
0,0,0.33815157
0,0,0.3735411
0,0,0.33925313
0,0,0.26453227
1,1,0.9722249
1,1,0.98661196
1,1,0.9875258
1,1,0.9925828
1,1,0.9983688
1,1,0.9986436
1,1,0.998965
1,1,0.9992041
1,1,0.999772
1,1,0.9995727
1,1,0.9983973
1,1,0.9967187
1,1,0.99660265
1,1,0.9985026
1,1,0.99806184
1,1,0.998713
1,1,0.9951727
1,1,0.9860876
1,1,0.9767396
1,1,0.9931728
1,1,0.99718803
1,1,0.9978143
1,1,0.91974896
1,1,0.6371769
1,0,0.47149947
1,0,0.34011054
1,0,0.2367825
1,0,0.15956563
1,0,0.14827026
1,0,0.14375669
1,0,0.17445044
1,0,0.21448961
1,0,0.33745298
1,1,0.5003485
1,1,0.55221826
1,1,0.574682
1,1,0.6220538
1,1,0.7089637
1,1,0.7105371
1,1,0.7068292
1,1,0.7276677
1,1,0.7688266
1,1,0.777559
1,1,0.7508731
1,1,0.7787278
1,1,0.79090863
1,1,0.78833985
1,1,0.7647745
1,1,0.85737467
1,1,0.9034056
1,1,0.9473669
1,1,0.97038776
1,1,0.97864383
1,1,0.9887476
1,1,0.9926393
1,1,0.97818065
1,1,0.945166
1,1,0.905932
1,1,0.89962655
1,1,0.76987827
1,0,0.3270304
1,0,0.12302601
1,0,0.052900843
1,0,0.04970561
1,0,0.060322363
1,0,0.06275226
1,0,0.040000472
1,0,0.019996762
1,0,0.016112419
1,0,0.016249355
1,0,0.019541651
1,0,0.025410758
1,0,0.03433549
1,0,0.035807773
1,0,0.025519855
1,0,0.020772925
1,0,0.017930109
0,0,0.019049736
0,0,0.0130015435
0,0,0.021926055
0,0,0.033801112
0,0,0.0674577
0,0,0.08926306
0,0,0.09622162
0,0,0.076911665
0,0,0.07080081
0,0,0.08195485
0,0,0.09801548
0,0,0.1483022
0,0,0.15260117
0,0,0.11985998
0,0,0.11095137
0,0,0.120536216
0,0,0.12520343
0,0,0.121644706
0,0,0.120955884
0,0,0.10321826
0,0,0.1107558
0,0,0.12129283
0,0,0.11417116
0,0,0.11219404
0,0,0.11031816
0,0,0.12962916
0,0,0.15305294
0,0,0.14915894
0,0,0.14705166
0,0,0.12563826
0,0,0.11370323
0,0,0.109515764
0,0,0.108730376
0,0,0.098774455
0,0,0.100735754
0,0,0.11581384
0,0,0.13143978
0,0,0.15596412
0,0,0.17247893
0,0,0.15880747
0,0,0.12369815
0,0,0.11937218
0,0,0.12116663
0,0,0.1153703
0,0,0.10802413
0,0,0.095161974
0,0,0.33468178
0,1,0.53562754
0,0,0.48635966
0,1,0.5291232
0,1,0.61054033
0,1,0.6516278
0,1,0.6350382
0,1,0.7521964
0,1,0.7710425
0,1,0.73762137
0,1,0.6395474
0,1,0.6053828
0,1,0.57419425
0,1,0.5753393
0,1,0.5899612
0,1,0.5659663
0,1,0.58381045
0,1,0.5962612
0,1,0.6531108
0,1,0.728426
0,1,0.7617493
0,1,0.7899949
1,1,0.79603505
1,1,0.7154777
1,1,0.65220785
1,1,0.6515427
1,1,0.6042832
1,1,0.56703126
1,1,0.5563439
1,1,0.5781143
1,1,0.621522
1,1,0.62894726
1,1,0.6043512
1,1,0.64939106
1,1,0.7073341
1,1,0.7423617
1,1,0.7777114
1,1,0.7758957
1,1,0.74939156
1,1,0.74151987
1,1,0.72715163
1,1,0.703376
1,1,0.7508283
1,1,0.7854706
0,1,0.77282256
0,1,0.753015
0,1,0.7356452
0,1,0.7041045
0,1,0.6619637
0,1,0.6854199
0,1,0.7046857
0,1,0.7068859
0,1,0.7236107
0,1,0.7845247
0,1,0.8363463
0,1,0.7011102
0,1,0.5916487
0,1,0.55184287
0,0,0.46771187
0,0,0.4713998
0,1,0.52745205
0,0,0.4931227
0,0,0.47006282
0,0,0.43519497
0,0,0.44887215
0,0,0.4629003
0,0,0.46698174
0,0,0.4193835
0,0,0.30607027
0,0,0.20788911
0,0,0.23948744
0,0,0.2998486
0,0,0.39947605
0,0,0.47248846
0,0,0.33457103
0,0,0.23116045
0,0,0.23394704
0,0,0.2601791
0,0,0.25035375
0,0,0.30804652
0,0,0.4141887
0,0,0.4498413
0,0,0.44196478
0,0,0.4345606
1,1,0.6070819
1,1,0.70208305
1,1,0.6565553
1,1,0.6772089
1,1,0.70112807
1,1,0.7153398
1,1,0.6891745
1,1,0.68765813
1,1,0.69787097
1,1,0.6794398
1,1,0.7206305
0,1,0.7608613
0,1,0.7806162
0,1,0.8054037
0,1,0.7765251
0,1,0.72523874
0,1,0.66660196
0,1,0.6812663
0,1,0.7078153
0,1,0.69218093
0,1,0.70398384
0,1,0.7236312
0,1,0.536609
0,0,0.29183647
0,0,0.25315574
0,0,0.23996925
0,0,0.29851174
0,0,0.42215776
0,0,0.313189
0,0,0.2785644
0,0,0.2462776
0,0,0.18264261
0,0,0.15381204
0,0,0.17151165
0,0,0.21213357
0,0,0.24429592
0,0,0.22492744
0,0,0.18027368
0,0,0.16590557
0,0,0.15342848
0,0,0.14286894
0,0,0.12451488
0,0,0.11899351
0,0,0.110792205
0,0,0.106315605
0,0,0.106091395
0,0,0.11709396
0,0,0.12551862
0,0,0.13579449
0,0,0.14343059
0,0,0.15830925
0,0,0.16670938
0,0,0.15431388
0,0,0.1594364
0,0,0.15169352
0,0,0.20034364
0,0,0.20751949
0,0,0.21916537
0,0,0.24309132
0,0,0.20923878
0,0,0.1525487
0,0,0.13061054
0,0,0.11969316
0,0,0.11079942
0,0,0.114028364
0,0,0.1176338
0,0,0.11811147
0,0,0.11550944
0,0,0.12309474
0,0,0.15460546
0,0,0.16952012
0,0,0.1711831
0,0,0.14122331
0,0,0.10047575
0,0,0.06544242
0,0,0.04492454
0,0,0.03635539
0,0,0.0041179527
0,0,0.004751385
0,0,0.029786251
0,0,0.11357679
0,0,0.23144105
0,0,0.25617242
0,0,0.2581916
0,0,0.25875577
0,0,0.26056114
0,0,0.26380774
0,0,0.26787072
0,0,0.278667
0,0,0.28487456
0,0,0.29587695
0,0,0.2880434
0,0,0.27775776
0,0,0.2627302
0,0,0.26128078
0,0,0.26240605
0,0,0.25693044
0,0,0.2533648
0,0,0.25513813
0,0,0.2511365
0,0,0.24049197
0,0,0.26090124
0,0,0.27600285
0,0,0.26756495
0,0,0.26908034
0,0,0.2778383
0,0,0.26177794
0,0,0.24966337
0,0,0.265554
0,0,0.2593391
0,0,0.2550032
0,0,0.25447395
0,0,0.24437961
0,0,0.24532677
0,0,0.25448483
0,0,0.25079435
0,0,0.2502766
0,0,0.25566754
0,0,0.2399791
0,0,0.23126328
0,0,0.2394414
0,0,0.23455101
0,0,0.23725082
0,0,0.24295767
0,0,0.24973196
0,0,0.24817504
0,0,0.28058082
0,0,0.2835169
0,0,0.29039532
0,0,0.29752448
0,0,0.29279113
0,0,0.2732418
0,0,0.27158302
0,0,0.28089324
1,0,0.3023477
1,0,0.3156354
1,0,0.32914245
1,0,0.33833033
1,0,0.35160294
1,0,0.33063194
1,0,0.34090966
1,0,0.33292517
1,0,0.33104888
1,0,0.3169378
1,0,0.3065416
1,0,0.29740742
1,0,0.29018074
1,0,0.2841445
1,0,0.27596667
1,0,0.2779866
1,0,0.2939108
1,0,0.29555094
1,0,0.3076662
1,0,0.30427402
1,0,0.28471863
1,0,0.2667827
1,0,0.2740517
1,0,0.269251
1,0,0.28200534
1,0,0.29709196
1,0,0.31583363
1,0,0.31624755
1,0,0.32822725
1,0,0.31962925
1,0,0.32809636
1,0,0.33862633
1,0,0.33749536
0,0,0.3178956
0,0,0.29927692
0,0,0.30732024
0,0,0.29547662
0,0,0.3101098
0,0,0.32687473
0,0,0.30591476
0,0,0.30279413
0,0,0.33570287
0,0,0.32489124
0,0,0.31778434
0,0,0.36193725
0,0,0.37299407
0,0,0.32126847
0,0,0.30640706
0,0,0.29412675
0,0,0.28970405
0,0,0.28853446
0,0,0.31540734
0,0,0.33394825
0,0,0.3377956
0,0,0.29792264
0,0,0.28674495
0,0,0.2818823
0,0,0.2736699
0,0,0.2710471
0,0,0.2751925
0,0,0.27995595
0,0,0.27493554
0,0,0.2971861
0,0,0.33976805
0,0,0.32601336
0,0,0.34329903
0,0,0.3509972
0,0,0.30364844
0,0,0.28906807
0,0,0.30051404
0,0,0.29006582
0,0,0.28944722
0,0,0.28839
1,0,0.28282446
1,0,0.3007381
1,0,0.30639318
1,0,0.30911255
1,0,0.37012792
1,0,0.42529202
1,0,0.45601317
1,0,0.4613766
1,1,0.52749735
1,1,0.5890161
1,1,0.5952196
1,1,0.55688715
1,1,0.5145452
1,0,0.3877947
1,0,0.2967498
1,0,0.26870683
1,0,0.27926007
1,0,0.28383213
1,0,0.29841897
1,0,0.3152301
1,0,0.31380096
1,0,0.30886054
0,0,0.31497896
0,0,0.2895765
0,0,0.28033936
0,0,0.28126043
0,0,0.27690735
0,0,0.27457958
0,0,0.28379056
0,0,0.2899172
0,0,0.2811537
0,0,0.28555015
0,0,0.2878561
0,0,0.2905375
0,0,0.28732786
0,0,0.293693
0,0,0.30836305
0,0,0.3059706
0,0,0.30368304
0,0,0.29444623
0,0,0.29836532
0,0,0.29077727
0,0,0.2916234
0,0,0.28809273
0,0,0.28076777
0,0,0.2856219
0,0,0.27424687
0,0,0.27515346
0,0,0.27374595
0,0,0.28004524
0,0,0.26874298
0,0,0.2733121
0,0,0.28376293
0,0,0.3035594
0,0,0.3228349
0,0,0.32959968
0,0,0.34284803
0,0,0.3517625
0,0,0.34461716
0,0,0.33037117
0,0,0.34410733
0,0,0.34346655
0,0,0.3427429
0,0,0.3451127
0,0,0.30764514
0,0,0.28930312
0,0,0.26376304
0,0,0.2636456
0,0,0.30127364
0,0,0.3299484
0,0,0.33429164
0,0,0.31647578
0,0,0.32449237
0,0,0.29274073
0,0,0.28915656
0,0,0.29383656
0,0,0.3079073
0,0,0.0055184304
0,0,0.025629487
0,0,0.04145001
0,0,0.07954736
0,0,0.10100336
0,0,0.1397167
0,0,0.11957471
0,0,0.1282205
0,0,0.14883977
0,0,0.18289691
0,0,0.20956028
0,0,0.07108784
0,0,0.015801132
0,0,0.003740534
0,0,0.0044552945
0,0,0.008294704
0,0,0.01272208
0,0,0.01402049
0,0,0.01598608
0,0,0.023195866
0,0,0.025911722
0,0,0.027750315
0,0,0.008577283
0,0,0.010441179
0,0,0.013036365
0,0,0.009710687
0,0,0.008115284
0,0,0.015888458
0,0,0.01600259
0,0,0.061967194
0,0,0.04893097
0,0,0.0657457
0,0,0.026530052
0,0,0.01395041
0,0,0.008872526
0,0,0.025100486
0,0,0.031869963
0,0,0.065032616
0,0,0.019618515
0,0,0.01716213
0,0,0.012975076
0,0,0.008407824
0,0,0.032463416
0,0,0.05396685
0,0,0.061280314
0,0,0.042327683
1,1,0.7171399
1,1,0.85509443
1,1,0.8601673
1,1,0.8430828
1,1,0.79622656
1,1,0.52290845
1,0,0.4887687
1,1,0.57223177
1,1,0.76109034
1,1,0.9412401
1,1,0.9662326
1,1,0.9874079
1,1,0.97138107
1,1,0.94411427
1,1,0.8643936
1,1,0.6640108
1,0,0.37479037
1,0,0.34257615
1,0,0.3205425
1,1,0.611034
1,1,0.93248934
1,1,0.98478496
0,1,0.975727
0,1,0.9619215
0,1,0.9367042
0,1,0.9633719
0,1,0.9908522
0,1,0.99599373
0,1,0.9943658
0,1,0.98665917
0,1,0.9660185
0,1,0.93775517
0,1,0.9417553
1,1,0.9062492
1,1,0.6067453
1,1,0.58313185
1,1,0.58089846
1,1,0.5952881
1,1,0.7644271
1,1,0.79359937
1,1,0.6425781
1,1,0.52108264
1,1,0.5579552
1,1,0.5732124
0,1,0.8366616
0,1,0.9112736
0,1,0.8825049
0,1,0.852952
0,1,0.87462306
0,1,0.93105614
0,1,0.94972
0,1,0.96091795
0,1,0.9784218
0,1,0.9435468
0,1,0.63085455
0,0,0.09835044
0,0,0.032783557
0,0,0.022989
0,0,0.014641596
0,0,0.017502118
0,0,0.01831337
0,0,0.023960661
0,0,0.024061084
0,0,0.02049544
0,0,0.014674819
0,0,0.01535392
0,0,0.019548558
0,0,0.015363466
0,0,0.010325049
0,0,0.014428949
0,0,0.007980595
0,0,0.0058443644
0,0,0.0060415147
0,0,0.00644492
0,0,0.009055987
0,0,0.009364131
0,0,0.009561941
0,0,0.01535219
0,0,0.012692592
0,0,0.019250939
0,0,0.025669051
0,0,0.03739619
0,0,0.07508122
0,0,0.10699344
1,1,0.9302769
1,1,0.983275
1,1,0.9543205
1,1,0.9286424
1,1,0.9126556
1,1,0.8179961
1,1,0.8142564
1,1,0.915135
1,1,0.9626449
1,1,0.9327983
1,1,0.842576
1,1,0.90384877
1,1,0.9127931
1,1,0.9030769
1,1,0.9544126
1,1,0.94303083
1,1,0.9336664
1,1,0.94160455
1,1,0.91397613
1,1,0.8664289
1,1,0.84743565
1,1,0.8830665
1,0,0.23732305
1,0,0.10120884
1,0,0.08870459
1,0,0.060548972
1,0,0.01731152
1,0,0.039953843
1,0,0.017583381
1,0,0.018984964
1,0,0.0067217634
1,0,0.005728066
1,0,0.010837218
1,0,0.024628742
1,0,0.08418737
1,0,0.2773418
1,0,0.35945204
1,1,0.54155624
1,0,0.3927492
1,0,0.3454604
1,0,0.15615158
1,0,0.061995752
1,0,0.030814158
1,0,0.01343197
1,0,0.009600798
1,0,0.009614401
1,0,0.0133726895
1,0,0.021109795
1,0,0.031133033
1,0,0.020595206
1,0,0.023233423
1,0,0.02798249
1,0,0.030117992
1,0,0.03641612
1,0,0.035628077
0,0,0.036113676
0,0,0.020812184
0,0,0.01761833
0,0,0.00922312
0,0,0.016849987
0,0,0.011023117
0,0,0.0066374266
0,0,0.011095199
0,0,0.014253085
0,0,0.014815793
0,0,0.015524937
0,0,0.01085671
0,0,0.014343084
0,0,0.011902274
0,0,0.013889291
0,0,0.01370236
0,0,0.009722359
0,0,0.009238497
0,0,0.015292074
0,0,0.019585328
0,0,0.03972807
0,0,0.028567743
0,0,0.014090377
0,0,0.0053461688
0,0,0.025296735
0,0,0.059628893
0,0,0.076721594
0,0,0.11949621
0,0,0.13329859
0,0,0.2265447
0,0,0.21480429
0,0,0.18940677
0,0,0.29770076
0,0,0.18105072
0,0,0.17109299
0,0,0.064461805
0,0,0.03969217
0,0,0.06663222
0,0,0.10180682
0,0,0.18902339
0,0,0.19868748
0,0,0.17111944
0,0,0.1236882
0,0,0.116556406
0,0,0.085540615
0,0,0.11902994
0,0,0.09531887
0,0,0.11692957
0,0,0.09342702
0,0,0.092910595
0,0,0.12759632
0,0,0.11625757
0,0,0.09060837
0,0,0.0749658
0,0,0.054688994
0,0,0.051134165
0,0,0.07053765
0,0,0.10406773
0,0,0.11678167
0,0,0.14350764
0,0,0.13124514
0,0,0.113857806
0,0,0.1057411
0,0,0.106677294
0,0,0.123132505
0,0,0.14789629
0,0,0.11658856
0,0,0.11414673
0,1,0.815783
0,1,0.95789266
0,1,0.9644467
0,1,0.91478175
0,1,0.84779185
0,1,0.76474315
0,1,0.78300726
0,1,0.8588936
0,1,0.9309615
0,1,0.9252495
0,1,0.9017646
0,1,0.91805637
0,1,0.9358929
0,1,0.95923436
0,1,0.974276
0,1,0.98134184
0,1,0.9684023
0,1,0.9400769
0,1,0.8765484
0,1,0.7802393
0,1,0.66520524
0,1,0.5260424
0,1,0.5760739
0,1,0.75720227
0,1,0.8884486
0,1,0.89084905
0,1,0.859505
0,1,0.7860447
0,1,0.72319883
0,1,0.8162052
0,1,0.8691709
0,1,0.8648902
0,1,0.8398619
0,1,0.8649765
0,1,0.85324
0,1,0.9592679
0,1,0.97250485
0,1,0.9830079
0,1,0.98008794
0,1,0.9770857
0,1,0.9787458
0,1,0.9826294
0,1,0.9775236
0,1,0.97497547
0,1,0.9766088
0,1,0.97300357
0,1,0.95233893
0,1,0.96529996
0,1,0.9737061
0,1,0.9873399
0,1,0.98428625
0,1,0.9786841
0,1,0.9719918
0,1,0.96340024
0,1,0.97073025
0,1,0.59220445
0,0,0.19241604
0,0,0.38883322
0,1,0.6357137
0,1,0.84996223
0,1,0.8949563
0,1,0.8671753
0,1,0.8464792
0,1,0.7800383
0,1,0.6678454
0,1,0.6691584
0,1,0.7472925
0,1,0.831801
0,1,0.86981887
0,1,0.8517888
0,1,0.80775535
0,1,0.76582056
0,1,0.76072526
0,1,0.72385514
0,1,0.7617647
0,1,0.78556174
0,1,0.7720106
0,1,0.81164503
0,1,0.8904666
0,1,0.899761
0,1,0.85870653
0,1,0.79178244
0,1,0.7032379
0,1,0.6520457
0,1,0.97648275
0,1,0.99414885
0,1,0.98888004
0,1,0.9855483
0,1,0.97253543
0,1,0.95795184
0,1,0.96173006
0,1,0.9570658
0,1,0.9403025
0,1,0.91197544
0,1,0.8905779
0,1,0.917812
0,1,0.9135906
0,1,0.9322742
0,1,0.973195
0,1,0.97529626
0,1,0.97866577
0,1,0.9782723
0,1,0.9770402
0,1,0.9717253
0,1,0.9632223
0,1,0.9490856
0,1,0.649771
0,0,0.35461983
0,1,0.5320396
0,1,0.6160079
0,1,0.63382727
0,1,0.5687422
0,1,0.5632087
0,0,0.48380065
0,0,0.33665952
0,0,0.25818747
0,0,0.21779746
0,0,0.26273927
0,0,0.29227218
0,0,0.34735608
0,0,0.4153887
0,0,0.491337
0,1,0.6223443
0,1,0.5973668
0,1,0.60381824
0,1,0.554225
0,1,0.5034635
0,1,0.502932
0,1,0.5274427
0,0,0.49823788
0,0,0.46149588
0,0,0.43712687
0,0,0.39409453
0,0,0.40973377
0,0,0.32668492
0,0,0.27476117
0,0,0.30068463
0,0,0.28858253
0,0,0.2827265
0,0,0.34662303
0,0,0.3770354
0,1,0.5196395
0,1,0.5210968
0,1,0.5218593
0,0,0.4715931
0,0,0.42633817
0,0,0.4203925
0,0,0.36397183
0,0,0.35076085
0,0,0.3212792
0,0,0.3701504
0,0,0.36333993
0,0,0.34653196
0,0,0.3114228
0,0,0.21396951
0,0,0.21985228
0,0,0.2010987
0,0,0.21686168
0,0,0.25810274
0,0,0.30650422
0,0,0.331481
0,0,0.031223813
0,0,0.06916562
0,0,0.052771315
0,0,0.33864143
0,0,0.42350626
0,1,0.6194114
0,0,0.44291645
0,0,0.35477662
0,1,0.5045547
0,0,0.4505765
0,0,0.19689466
0,1,0.52470595
0,1,0.6669636
0,0,0.33976474
0,1,0.5439967
0,1,0.56715906
0,1,0.56105953
0,1,0.5513777
0,0,0.45879373
0,0,0.4606808
0,0,0.37670663
0,0,0.43594715
0,0,0.37543955
0,0,0.3171176
0,0,0.3590929
0,0,0.3604436
0,0,0.4463546
0,0,0.45108488
0,0,0.38956055
0,0,0.37122685
0,0,0.40436187
0,0,0.43186867
0,0,0.38628393
0,0,0.38423976
0,0,0.30196542
0,0,0.20307097
0,0,0.26389468
0,0,0.35545015
0,0,0.46713102
0,1,0.53131837
0,0,0.45987725
0,0,0.445668
0,0,0.34896597
0,0,0.3054107
0,0,0.31744573
0,0,0.31473407
0,1,0.9521196
0,1,0.836155
0,1,0.96704525
0,1,0.9876106
0,1,0.998459
0,1,0.9991242
0,1,0.99839103
0,1,0.99916995
0,1,0.9993699
0,1,0.9995802
0,1,0.9995697
1,1,0.9995215
1,1,0.9983815
1,1,0.9930374
1,1,0.9873399
1,1,0.9937302
1,1,0.9985489
1,1,0.99874496
1,1,0.9961522
1,1,0.9970193
1,1,0.9949018
1,1,0.99403435
0,1,0.9775128
0,1,0.9638141
0,1,0.99497247
0,1,0.99735653
0,1,0.9994067
0,1,0.99696285
0,1,0.99434966
0,1,0.9820593
0,1,0.9813641
0,1,0.97683185
0,1,0.98570096
1,1,0.997552
1,1,0.9938419
1,1,0.9933429
1,1,0.9848785
1,1,0.9906267
1,1,0.99626094
1,1,0.99818486
1,1,0.998563
1,1,0.99839824
1,1,0.99543935
1,1,0.9870036
0,1,0.9710444
0,1,0.9732093
0,1,0.97985315
0,1,0.9928824
0,1,0.9984363
0,1,0.9990159
0,1,0.99780864
0,1,0.99482095
0,1,0.9855921
0,1,0.98468775
0,1,0.9893785
0,1,0.6188233
0,0,0.33603892
0,1,0.688735
0,1,0.60200006
0,1,0.6074196
0,1,0.61256915
0,1,0.6092779
0,1,0.61923903
0,1,0.63434386
0,1,0.62674004
0,1,0.64106613
0,1,0.64949656
0,1,0.6755681
0,1,0.71105945
0,1,0.6963948
0,1,0.6565152
0,1,0.59503186
0,1,0.55411035
0,1,0.6113483
0,1,0.6557398
0,1,0.7503023
0,1,0.66513467
0,0,0.45411685
0,0,0.4532647
0,0,0.37584758
0,0,0.4939975
0,1,0.55710983
0,1,0.6719796
0,1,0.61031806
0,1,0.97632015
0,1,0.99186736
0,1,0.9944325
0,1,0.99698776
0,1,0.9971915
0,1,0.99774665
0,1,0.997493
0,1,0.9944001
0,1,0.9873376
0,1,0.9769334
0,1,0.986271
1,1,0.9943498
1,1,0.99694747
1,1,0.9976935
1,1,0.9923718
1,1,0.9959402
1,1,0.9960743
1,1,0.9975848
1,1,0.99383825
1,1,0.9938611
1,1,0.99192303
1,1,0.98874587
0,1,0.87353736
0,1,0.5108772
0,1,0.53491896
0,1,0.5945814
0,1,0.73436564
0,1,0.8677627
0,1,0.9081081
0,1,0.91831213
0,1,0.91288275
0,1,0.8767794
0,1,0.8597266
0,1,0.81708103
0,1,0.71610314
0,1,0.6617536
0,1,0.74401397
0,1,0.79448307
0,1,0.7650038
0,1,0.75130355
0,1,0.78284305
0,1,0.7585234
0,1,0.70838606
0,1,0.6505015
0,1,0.7223799
0,1,0.7996719
0,1,0.8109539
0,1,0.82908565
0,1,0.8008537
0,1,0.7565478
0,1,0.76174563
0,1,0.8229671
0,1,0.8807128
0,1,0.87922496
0,1,0.8422394
0,1,0.83209604
0,1,0.82991886
0,1,0.8178875
0,1,0.6860078
0,0,0.32541236
0,0,0.31471628
0,0,0.26075992
0,0,0.37649816
0,0,0.4739192
0,1,0.51323634
0,0,0.4951263
0,0,0.45654655
0,0,0.4889398
0,1,0.61024845
0,1,0.68526465
0,0,0.33766115
0,0,0.059780344
0,0,0.19893648
0,0,0.29499862
0,1,0.633893
0,1,0.6241422
0,0,0.4942607
0,0,0.014078962
0,0,0.0087376125
0,0,0.051145762
0,0,0.14945433
0,0,0.24325737
0,0,0.24519075
0,0,0.25076798
0,0,0.24900344
0,0,0.2562853
0,0,0.2580719
0,0,0.25062644
0,0,0.2677243
0,0,0.28886384
0,0,0.28626704
0,0,0.27901977
0,0,0.28179622
0,0,0.27687111
0,0,0.2915216
0,0,0.28865656
0,0,0.2985096
0,0,0.30451626
0,0,0.31714502
0,0,0.31768262
0,0,0.33090603
0,0,0.3330876
0,0,0.32401666
0,0,0.32120696
0,0,0.31852758
0,0,0.32358554
0,0,0.31424415
0,0,0.29806355
0,0,0.29907417
0,0,0.2928009
0,0,0.28192878
0,0,0.30610496
0,0,0.3020179
0,0,0.32381058
0,0,0.32203388
0,0,0.3229503
0,0,0.32993144
0,0,0.3256729
0,0,0.32792145
0,0,0.30797783
0,0,0.29797402
0,0,0.29532328
0,0,0.2912753
1,0,0.3197389
1,0,0.31833878
1,0,0.30867395
1,0,0.3597957
1,0,0.3456932
1,0,0.33422878
1,0,0.32401752
1,0,0.34787348
1,0,0.34463617
1,0,0.33658013
1,0,0.34620693
1,0,0.35849288
1,0,0.3397916
1,0,0.34757078
1,0,0.3700299
1,0,0.38304764
1,0,0.3709056
1,0,0.36061016
1,0,0.3651372
1,0,0.36639827
1,0,0.36288536
1,0,0.34166571
1,0,0.39544737
1,0,0.4319548
1,0,0.46472856
1,0,0.45385832
1,1,0.5688467
1,1,0.6621766
1,1,0.6143602
1,1,0.5695152
1,1,0.5488972
1,0,0.42606288
1,0,0.2937571
0,0,0.41067782
0,0,0.43635017
0,0,0.43835548
0,1,0.5207771
0,1,0.5907018
0,1,0.52464247
0,1,0.55166036
0,1,0.62749165
0,1,0.58798015
0,1,0.51564026
0,1,0.53329873
0,1,0.51313007
0,0,0.4655438
0,0,0.4321859
0,1,0.5120581
0,1,0.55930424
0,1,0.5063381
0,0,0.4997557
0,1,0.57104176
0,1,0.5806439
0,1,0.54680145
0,1,0.60788894
0,1,0.61936724
0,1,0.57582617
0,1,0.51635534
0,0,0.45675734
0,0,0.3598732
0,0,0.38601834
0,0,0.44390145
0,0,0.436647
0,0,0.43793705
0,0,0.42560214
0,0,0.3585836
0,0,0.30039862
0,0,0.31522843
0,0,0.3959643
0,0,0.45578486
0,1,0.51917
0,1,0.55447704
0,1,0.5394892
0,0,0.473908
0,0,0.37336826
0,0,0.35682893
0,0,0.34592247
0,0,0.3607558
0,0,0.35812378
0,0,0.36270893
0,0,0.3345427
0,0,0.2785501
0,0,0.2727223
0,0,0.27512413
1,0,0.3310513
1,0,0.41468218
1,0,0.4829156
1,1,0.60747045
1,1,0.68702143
1,1,0.6346546
1,1,0.65312153
1,1,0.70888597
1,1,0.6402666
1,1,0.5823342
1,1,0.6052121
0,1,0.5356815
0,0,0.3808208
0,0,0.34031498
0,0,0.3328575
0,0,0.34062886
0,0,0.39903525
0,0,0.4131957
0,0,0.45291358
0,1,0.5227691
0,1,0.55384713
0,1,0.5775492
1,1,0.54390526
1,1,0.5008537
1,0,0.4315718
1,0,0.35908014
1,0,0.29047436
1,0,0.2916388
1,0,0.294994
1,0,0.28459534
1,0,0.2735743
1,0,0.27966875
1,0,0.28535613
1,0,0.28665444
1,0,0.29316822
1,0,0.29549542
1,0,0.29325294
1,0,0.28721514
1,0,0.28114578
1,0,0.27368063
1,0,0.2738297
1,0,0.2733087
1,0,0.27411163
1,0,0.27823976
1,0,0.2808669
1,0,0.27808508
1,0,0.26614526
1,0,0.25885454
1,0,0.25109842
1,0,0.24082266
1,0,0.22723083
1,0,0.22609608
1,0,0.24007472
1,0,0.24656704
1,0,0.25653067
1,0,0.27000335
1,0,0.26717383
1,0,0.27413327
1,0,0.273432
1,0,0.27963626
1,0,0.28584746
1,0,0.29205498
1,0,0.2929509
1,0,0.30277538
1,0,0.3020101
1,0,0.29534492
1,0,0.29520854
1,0,0.2855884
1,0,0.27545053
1,0,0.27721635
1,0,0.28392056
1,0,0.29101655
1,0,0.27423757
1,0,0.2595707
1,0,0.27358338
1,0,0.26358423
1,0,0.2632364
0,1,0.5806456
0,1,0.68153656
0,0,0.2995226
0,0,0.076973066
0,0,0.012954317
0,0,0.010749259
0,0,0.0091780955
0,0,0.0075527
0,0,0.0077179596
0,0,0.0078962715
0,0,0.009328326
1,0,0.011583552
1,0,0.013842601
1,0,0.02114733
1,0,0.033677123
1,0,0.049160983
1,0,0.060293317
1,0,0.04643289
1,0,0.03545263
1,0,0.039817113
1,0,0.06477735
1,0,0.08072259
1,0,0.08075464
1,0,0.059417244
1,0,0.062147833
1,0,0.0708129
1,0,0.09175514
1,0,0.10443744
1,0,0.068079166
1,0,0.04370131
1,0,0.044272646
1,0,0.047025535
1,0,0.050185807
1,0,0.047824495
1,0,0.0642357
1,0,0.07795417
1,0,0.0743151
1,0,0.06505419
1,0,0.060548346
1,0,0.036642674
1,0,0.029415153
1,0,0.025968717
1,0,0.024786223
1,0,0.028952302
1,0,0.030610891
1,0,0.027696133
1,1,0.77388346
1,1,0.95809627
1,1,0.9853382
1,1,0.9803812
1,1,0.9887476
1,1,0.9813782
1,1,0.98300743
1,1,0.98912513
1,1,0.99711204
1,1,0.99839145
1,1,0.9996439
1,1,0.99974793
1,1,0.99941766
1,1,0.999226
1,1,0.9986638
1,1,0.9906831
1,1,0.98904014
1,1,0.9928474
1,1,0.99210644
1,1,0.9867909
1,1,0.98713416
1,1,0.99235606
1,1,0.99907565
1,1,0.9998166
1,1,0.9996847
1,1,0.99957424
1,1,0.99933535
1,1,0.9988109
1,1,0.998774
1,1,0.9986235
1,1,0.99725753
1,1,0.99504155
1,1,0.9927289
1,1,0.994058
1,1,0.9962872
1,1,0.99765164
1,1,0.99574393
1,1,0.9952508
1,1,0.9915177
1,1,0.9938793
1,1,0.9887632
1,1,0.9852099
1,1,0.98200375
1,1,0.97704643
1,1,0.9829175
1,1,0.9840808
1,1,0.9856289
1,1,0.9822645
1,1,0.97531974
1,1,0.9779589
1,1,0.98501265
1,1,0.9828267
1,1,0.9807751
1,1,0.98004407
1,1,0.98736095
0,1,0.6295985
0,0,0.21425587
0,0,0.25268444
0,0,0.11806246
0,0,0.086903565
0,0,0.08347222
0,0,0.0838186
0,0,0.09266072
0,0,0.09288305
0,0,0.086525604
0,0,0.08228804
0,0,0.08137214
0,0,0.07236362
0,0,0.068332545
0,0,0.06709638
0,0,0.06437089
0,0,0.060271934
0,0,0.0493151
0,0,0.041350625
0,0,0.075422965
0,0,0.1122897
0,0,0.17705269
0,0,0.24453013
0,0,0.22141595
0,0,0.16407591
0,0,0.14551586
0,0,0.14505835
0,0,0.10568448
0,0,0.080269046
1,1,0.7460858
1,1,0.97949106
1,1,0.99812967
1,1,0.9994868
1,1,0.9996234
1,1,0.9988747
1,1,0.9971295
1,1,0.99643624
1,1,0.9934163
1,1,0.9942669
1,1,0.9963731
1,1,0.99742043
1,1,0.9984269
1,1,0.99723285
1,1,0.99473333
1,1,0.990998
1,1,0.9903349
1,1,0.98785853
1,1,0.98947793
1,1,0.9932413
1,1,0.9906906
1,1,0.9925823
1,1,0.6261883
1,0,0.29098815
1,0,0.3142073
1,0,0.1269959
1,0,0.037141193
1,0,0.04480809
1,0,0.039213277
1,0,0.03311258
1,0,0.026225114
1,0,0.02774122
1,0,0.026396167
1,0,0.028789746
1,0,0.0389965
1,0,0.035502978
1,0,0.036922324
1,0,0.043593165
1,0,0.037744015
1,0,0.034576327
1,0,0.035611346
1,0,0.034698687
1,0,0.029924834
1,0,0.025649356
1,0,0.021828245
1,0,0.019182248
1,0,0.02091015
1,0,0.02231591
1,0,0.020465303
1,0,0.020308228
1,0,0.025700295
1,0,0.027717438
1,0,0.028404906
1,0,0.027797742
1,0,0.028898742
0,0,0.02258023
0,0,0.021276992
0,0,0.01904403
0,0,0.0219827
0,0,0.02258375
0,0,0.030894337
0,0,0.031038366
0,0,0.027144063
0,0,0.027935771
0,0,0.023365078
0,0,0.01894266
0,0,0.02411584
0,0,0.03823256
0,0,0.035481323
0,0,0.032477602
0,0,0.037916422
0,0,0.041300315
0,0,0.037027255
0,0,0.039818935
0,0,0.047013283
0,0,0.043365836
0,0,0.04662413
0,0,0.24045081
0,0,0.069127224
0,0,0.017727736
0,0,0.008996721
0,0,0.008705871
0,0,0.009439669
0,0,0.011143073
0,0,0.008882717
0,0,0.007241219
0,0,0.009082122
0,0,0.00948907
0,0,0.01471875
0,0,0.024203582
0,0,0.040004317
0,0,0.051879793
0,0,0.06093426
0,0,0.06567576
0,0,0.05478127
0,0,0.03938973
0,0,0.043658216
0,0,0.04988163
0,0,0.04752293
0,0,0.03971093
0,0,0.033458594
0,0,0.03218552
0,0,0.030848885
0,0,0.029885048
0,0,0.029666904
0,0,0.038604554
0,0,0.040139724
0,0,0.05214192
0,0,0.06944766
0,0,0.084902935
0,0,0.0743986
0,0,0.06050354
0,0,0.05890381
0,0,0.04914059
0,0,0.03270497
0,0,0.03202545
0,0,0.042208817
0,0,0.039558053
0,0,0.039796796
0,0,0.033823557
0,0,0.03944496
0,0,0.04821019
0,0,0.05418162
0,0,0.1684038
0,0,0.38580817
0,1,0.59026724
0,1,0.69366825
0,1,0.8274545
0,1,0.82148105
0,1,0.76527387
0,1,0.70719105
0,1,0.681071
0,1,0.67578787
0,1,0.6884574
1,1,0.6821141
1,1,0.6615943
1,1,0.7877867
1,1,0.8575464
1,1,0.8942931
1,1,0.8835489
1,1,0.89048404
1,1,0.8766187
1,1,0.86951226
1,1,0.84641796
1,1,0.82992435
1,1,0.7966877
1,1,0.7669157
1,1,0.721363
1,1,0.7580243
1,1,0.7438648
1,1,0.70019794
1,1,0.6095002
1,1,0.57236457
1,1,0.58139116
1,1,0.6165826
1,1,0.5785224
1,1,0.5912899
1,1,0.6187203
1,0,0.48968634
1,0,0.34895587
1,0,0.42992195
1,1,0.5154736
1,0,0.4028335
1,0,0.37699234
1,0,0.31978202
1,0,0.3203034
1,0,0.46928668
0,0,0.4668048
0,0,0.46433792
0,1,0.67418295
0,1,0.6268441
0,1,0.65282536
0,1,0.6680746
0,1,0.6865063
0,1,0.70036024
0,1,0.6940538
0,1,0.67218435
0,1,0.5989223
0,0,0.24887402
0,0,0.21429686
0,0,0.19332989
0,0,0.087322325
0,0,0.039960492
0,0,0.042643253
0,0,0.040753346
0,0,0.03523873
0,0,0.027504101
0,0,0.022289824
0,0,0.021599554
0,0,0.02165
0,0,0.025178151
0,0,0.027658515
0,0,0.03150891
0,0,0.028485792
0,0,0.02378285
0,0,0.02258419
0,0,0.02166008
0,0,0.02488434
0,0,0.030305533
0,0,0.028348656
0,0,0.025470965
0,0,0.023886634
0,0,0.02496482
0,0,0.028119184
0,0,0.029508958
0,0,0.027887527
0,0,0.02460316
1,0,0.08092043
1,0,0.17371948
1,0,0.32117286
1,0,0.44550636
1,1,0.5962765
1,1,0.6071152
1,1,0.57890046
1,1,0.60210925
1,1,0.6147466
1,1,0.6432164
1,1,0.6064093
1,1,0.58834213
1,1,0.5554409
1,1,0.52475065
1,1,0.52122355
1,1,0.5535273
1,1,0.51599
1,0,0.47230756
1,0,0.48978987
1,1,0.5190499
1,1,0.51272887
1,1,0.51339006
0,0,0.17478728
0,0,0.07527525
0,0,0.075116396
0,0,0.056198526
0,0,0.03634017
0,0,0.040770642
0,0,0.035908237
0,0,0.035563145
0,0,0.030417139
0,0,0.024079865
0,0,0.021893078
0,0,0.021041669
0,0,0.023351943
0,0,0.023011789
0,0,0.022996228
0,0,0.022386665
0,0,0.02588658
0,0,0.024117997
0,0,0.024028452
0,0,0.025418209
0,0,0.036384873
0,0,0.039543852
0,0,0.0363332
0,0,0.028607802
0,0,0.02686113
0,0,0.024304615
0,0,0.022397444
0,0,0.021827152
0,0,0.022404091
0,0,0.020986663
0,0,0.017828403
0,0,0.014589022
0,0,0.017272463
0,0,0.018632667
0,0,0.018368572
0,0,0.020081412
0,0,0.01915725
0,0,0.020625656
0,0,0.019996613
0,0,0.023030257
0,0,0.027336238
0,0,0.027999915
0,0,0.028193254
0,0,0.024595544
0,0,0.021460317
0,0,0.019165538
0,0,0.020172767
0,0,0.025077231
0,0,0.03182077
0,0,0.035673793
0,0,0.04042342
0,0,0.038724765
0,0,0.040148526
0,0,0.04351381
0,0,0.05131899
0,0,0.008032606
0,0,0.005538602
0,0,0.0038540196
0,0,0.0029921334
0,0,0.0026674452
0,0,0.0019275033
0,0,0.0024473208
0,0,0.0017337085
0,0,0.0023124847
0,0,0.0056479843
0,0,0.0071511227
0,0,0.012556438
0,0,0.026210368
0,0,0.037899747
0,0,0.051618174
0,0,0.14853261
0,0,0.104412116
0,0,0.088533245
0,0,0.090224534
0,0,0.06721349
0,0,0.07273645
0,0,0.05315722
0,0,0.035338372
0,0,0.026217073
0,0,0.023163432
0,0,0.033467047
0,0,0.04617201
0,0,0.054151915
0,0,0.07092036
0,0,0.088144846
0,0,0.14564708
0,0,0.11287782
0,0,0.10498916
0,0,0.12130667
0,0,0.118791595
0,0,0.067102134
0,0,0.06754782
0,0,0.041118067
0,0,0.0451503
0,0,0.044532046
0,0,0.051445782
0,0,0.047345802
0,0,0.03703443
0,0,0.033443585
0,0,0.0483146
0,0,0.06198348
1,1,0.854852
1,1,0.9718249
1,1,0.9689799
1,1,0.96695185
1,1,0.97638786
1,1,0.9612928
1,1,0.9387801
1,1,0.9039388
1,1,0.8760115
1,1,0.8368929
1,1,0.80559915
1,1,0.8853969
1,1,0.84510076
1,1,0.9313873
1,1,0.9424253
1,1,0.9443845
1,1,0.9010899
1,1,0.90867966
1,1,0.9177712
1,1,0.8957133
1,1,0.87387043
1,1,0.87655824
0,1,0.88229465
0,1,0.90829563
0,1,0.909498
0,1,0.8992146
0,1,0.87302077
0,1,0.90830195
0,1,0.921735
0,1,0.92260754
0,1,0.8962503
0,1,0.86780316
0,1,0.8104526
0,1,0.82279706
0,1,0.833886
0,1,0.8677519
0,1,0.862534
0,1,0.8388005
0,1,0.78113306
0,1,0.7702737
0,1,0.7582937
0,1,0.8006147
0,1,0.8208654
0,1,0.8864845
0,1,0.8757387
0,1,0.9255349
0,1,0.84404695
0,1,0.8519912
0,1,0.8022073
0,1,0.7385393
0,1,0.68728095
0,1,0.7083451
0,1,0.64586973
0,1,0.63218486
0,1,0.6748541
0,0,0.047012188
0,0,0.007745218
0,0,0.008500733
0,0,0.0058279084
0,0,0.0050453977
0,0,0.005622979
0,0,0.007153835
0,0,0.007406476
0,0,0.008800039
0,0,0.0104246335
0,0,0.01170318
0,0,0.00939138
0,0,0.0061723227
0,0,0.004613171
0,0,0.0032371692
0,0,0.0051133316
0,0,0.0062324107
0,0,0.011488324
0,0,0.015741935
0,0,0.020012131
0,0,0.012940867
0,0,0.007411807
0,0,0.0061532254
0,0,0.0045105037
0,0,0.0040782634
0,0,0.004012734
0,0,0.0038621272
0,0,0.0038445336
0,0,0.0038064718
0,0,0.21535806
0,1,0.57783264
0,1,0.679029
0,1,0.78697205
0,1,0.8743799
0,1,0.8649636
0,1,0.8762486
0,1,0.8704295
0,1,0.88300645
0,1,0.84866714
0,1,0.87734705
1,1,0.9107158
1,1,0.9275777
1,1,0.9141536
1,1,0.93543833
1,1,0.8859167
1,1,0.8283615
1,1,0.863298
1,1,0.8303693
1,1,0.73999757
1,1,0.74598557
1,1,0.7731782
0,0,0.09522306
0,0,0.02596534
0,0,0.04422454
0,0,0.02168298
0,0,0.010330321
0,0,0.006013458
0,0,0.007905243
0,0,0.011402854
0,0,0.016955223
0,0,0.018034047
0,0,0.008493338
0,0,0.0031144386
0,0,0.004002963
0,0,0.07390973
0,1,0.9603527
0,1,0.99955994
0,1,0.99998105
0,1,0.9999981
0,1,0.9999999
0,1,1.0
0,1,0.9999999
0,1,0.99999917
0,1,0.9999671
0,1,0.9958359
0,0,0.25514844
0,0,0.008402331
0,0,0.004556667
0,0,0.004334055
0,0,0.0039192853
0,0,0.0043381224
0,0,0.005033768
0,0,0.004832142
0,0,0.004326479
0,0,0.004755028
0,0,0.0048159854
0,0,0.005167564
0,0,0.0045168153
0,0,0.0048570856
0,0,0.004285224
0,0,0.00445023
0,0,0.004326031
0,0,0.004054192
0,0,0.0042190566
0,0,0.004145515
0,0,0.0042477804
0,0,0.005194811
0,0,0.0060530943
0,0,0.0051750415
0,0,0.0049441955
0,0,0.0048508206
0,0,0.0043012802
0,0,0.0047539324
0,0,0.005726526
0,0,0.0061391834
0,0,0.0059277695
0,0,0.20210512
0,0,0.113797344
0,0,0.10356264
0,0,0.08403735
0,0,0.035992477
0,0,0.016575694
0,0,0.0074922694
0,0,0.0051900693
0,0,0.0034398786
0,0,0.0032794678
0,0,0.0067778933
0,0,0.012089503
0,0,0.013293388
0,0,0.012498619
0,0,0.012944505
0,0,0.0120116975
0,0,0.011485541
0,0,0.01407728
0,0,0.009826237
0,0,0.0081297755
0,0,0.0057960213
0,0,0.0046306257
0,0,0.0045727575
0,0,0.0063278903
0,0,0.0083026225
0,0,0.008698934
0,0,0.0070355334
0,0,0.006136408
0,0,0.008157167
0,0,0.009933042
0,0,0.009215508
0,0,0.007663067
0,0,0.0075562075
0,0,0.0062080403
0,0,0.005526061
0,0,0.005273069
0,0,0.006476545
0,0,0.006753333
0,0,0.006233569
0,0,0.0071655354
0,0,0.0072248927
0,0,0.006622312
0,0,0.007612844
0,0,0.009186079
0,0,0.009500357
0,0,0.008897917
0,0,0.21601784
0,1,0.53310835
0,1,0.5084435
0,0,0.48323065
0,1,0.6574248
0,1,0.70360005
0,1,0.7485489
0,1,0.7751951
0,1,0.7107101
0,1,0.7257176
0,1,0.8745111
0,1,0.9077507
0,1,0.9048043
0,1,0.83945566
0,1,0.864277
0,1,0.8112065
0,1,0.74460065
0,1,0.67097086
0,1,0.56329113
0,1,0.57565284
0,1,0.6674988
0,1,0.7341738
0,1,0.8633402
0,1,0.8932224
0,1,0.93322986
0,1,0.9642776
0,1,0.9664923
0,1,0.9393816
0,1,0.9255677
0,1,0.95097864
0,1,0.9543087
0,1,0.96553373
0,1,0.9832139
0,1,0.98403245
0,1,0.9718602
0,1,0.96017146
0,1,0.9444766
0,1,0.967339
0,1,0.97103983
0,1,0.9443267
0,1,0.926425
0,1,0.9078299
0,1,0.8974557
0,1,0.9021282
0,1,0.9265116
0,1,0.89278805
0,1,0.82731915
0,1,0.784662
0,1,0.6862136
0,1,0.73864114
0,1,0.78332084
0,1,0.7617495
0,1,0.7465498
0,1,0.79076743
0,1,0.8017318
0,1,0.8399985
0,1,0.83760697
0,1,0.9121097
0,1,0.90145695
0,1,0.8769593
0,1,0.8692097
0,1,0.8845846
0,1,0.8175723
0,1,0.7471962
0,1,0.7611145
0,1,0.89695704
0,1,0.93127567
0,1,0.92323416
0,1,0.9344039
0,1,0.96229285
0,1,0.9620877
0,1,0.96476305
0,1,0.9600188
0,1,0.9469605
0,1,0.9304221
0,1,0.9252796
0,1,0.91350436
0,0,0.1642948
0,0,0.04581697
0,0,0.050099917
0,0,0.053828612
0,0,0.042916093
0,0,0.029073747
0,0,0.05164926
0,0,0.07343953
0,0,0.103448786
0,0,0.14973019
0,0,0.17812839
0,0,0.091662094
0,0,0.034280974
0,0,0.03342428
0,0,0.031482525
0,0,0.017456556
0,0,0.017642193
0,0,0.081572175
0,0,0.18286228
0,0,0.29342753
0,0,0.27080894
0,0,0.09576562
0,0,0.102225125
0,0,0.16485435
0,0,0.2734253
0,0,0.38946715
0,0,0.19704871
0,0,0.099587485
0,0,0.06755269
0,0,0.11818478
0,0,0.14387852
0,0,0.08062247
0,0,0.0789957
0,0,0.049390547
0,0,0.022325348
0,0,0.016256135
0,0,0.017348738
0,0,0.015271229
0,0,0.010921518
0,0,0.012891363
0,0,0.01632235
0,0,0.014412534
0,0,0.0134174265
0,0,0.016814308
0,0,0.014060216
0,0,0.0108072385
0,0,0.013627961
0,0,0.014068547
0,0,0.01543957
0,0,0.017467828
0,0,0.017493824
0,0,0.0183692
0,0,0.020964848
0,0,0.018751835
0,0,0.019509997
0,0,0.13384171
0,0,0.056460902
0,0,0.025012296
0,0,0.01489406
0,0,0.004840271
0,0,0.004197005
0,0,0.0030829725
0,0,0.0036350212
0,0,0.0034731573
0,0,0.0038017628
0,0,0.0094077
1,0,0.021775575
1,0,0.036148623
1,0,0.020442098
1,0,0.012707993
1,0,0.0074063223
1,0,0.009116656
1,0,0.004677008
1,0,0.0064199246
1,0,0.009725693
1,0,0.0072255833
1,0,0.009050268
1,0,0.006900837
1,0,0.0044879396
1,0,0.0035015892
1,0,0.004055178
1,0,0.004054881
1,0,0.00394763
1,0,0.0031903018
1,0,0.003304883
1,0,0.00390948
1,0,0.0033207512
1,0,0.0036891196
1,0,0.004362339
1,0,0.004923333
1,0,0.0046165353
1,0,0.004963187
1,0,0.004660895
1,0,0.004193069
1,0,0.004422368
1,0,0.004333701
1,0,0.003993533
1,0,0.003941522
1,0,0.0037731242
1,0,0.0041549057
1,0,0.004254975
1,0,0.05240214
1,0,0.18004887
1,0,0.36497465
1,0,0.48236755
1,1,0.58857465
1,1,0.6113706
1,1,0.5358813
1,1,0.55949044
1,1,0.5241315
1,1,0.52630544
1,1,0.6138089
1,1,0.71673185
1,1,0.7530761
1,1,0.6825358
1,1,0.5856839
1,1,0.5850319
1,1,0.6865527
1,1,0.6768577
1,1,0.5772114
1,1,0.5975464
1,1,0.6172545
1,1,0.57004225
1,1,0.6008704
1,1,0.67200154
1,1,0.7651278
1,1,0.7913217
1,1,0.8705218
1,1,0.8802076
1,1,0.8903443
1,1,0.89638686
1,1,0.8761294
1,1,0.8671922
1,1,0.85887545
1,1,0.81089
1,1,0.8791029
1,1,0.8889413
1,1,0.9050756
1,1,0.8884595
1,1,0.84515357
1,1,0.80390537
1,1,0.76846987
1,1,0.7666618
1,1,0.767114
1,1,0.7790263
1,1,0.79598874
1,1,0.79808575
1,1,0.8123294
1,1,0.744055
1,1,0.7455236
1,1,0.77646124
1,1,0.68829435
1,1,0.5761497
1,0,0.46965632
1,1,0.5881501
1,1,0.65955603
1,0,0.2192389
1,0,0.06913048
1,0,0.07793364
1,0,0.042948592
1,0,0.030450303
1,0,0.0341795
1,0,0.04118869
1,0,0.034908943
1,0,0.0384131
1,0,0.040028695
1,0,0.047307063
1,0,0.053555228
1,0,0.051806524
1,0,0.045204476
1,0,0.042319316
1,0,0.048866533
1,0,0.037462234
1,0,0.03034954
1,0,0.027471213
1,0,0.028302485
1,0,0.029229082
1,0,0.027917307
1,0,0.026352644
1,0,0.020116394
1,0,0.016045509
1,0,0.015224861
1,0,0.01245482
1,0,0.0121353995
1,0,0.013290211
1,0,0.17560679
1,1,0.50147295
1,1,0.5481652
1,1,0.61801845
1,1,0.70848566
1,1,0.62734777
1,1,0.65378886
1,1,0.5650582
1,1,0.5477737
1,1,0.68245
1,1,0.82013917
1,1,0.8829768
1,1,0.94845027
1,1,0.96446455
1,1,0.9213983
1,1,0.8227615
1,1,0.72623354
1,1,0.69489056
1,1,0.7772188
1,1,0.8543537
1,1,0.93294066
1,1,0.93102944
1,0,0.27769002
1,0,0.055485897
1,0,0.03499897
1,0,0.034181472
1,0,0.028058654
1,0,0.018864302
1,0,0.016691143
1,0,0.018751906
1,0,0.013871531
1,0,0.011847811
1,0,0.012849877
1,0,0.01101448
1,0,0.008183047
1,0,0.008384814
1,0,0.01072252
1,0,0.012871688
1,0,0.015277239
1,0,0.013266121
1,0,0.009649657
1,0,0.006283474
1,0,0.0052062627
1,0,0.005570165
1,0,0.0057928627
1,0,0.005861211
1,0,0.0050431336
1,0,0.006362229
1,0,0.0077465074
1,0,0.009404595
1,0,0.010535815
1,0,0.010692431
1,0,0.013498213
1,0,0.014913957
1,0,0.020034904
1,0,0.015091847
1,0,0.013148306
1,0,0.009806215
1,0,0.008707206
1,0,0.008259822
1,0,0.008338539
1,0,0.007390141
1,0,0.0069569233
1,0,0.0054905703
1,0,0.005097854
1,0,0.005020623
1,0,0.0070430464
1,0,0.008535759
1,0,0.011081035
1,0,0.0103634475
1,0,0.0099941855
1,0,0.009345943
1,0,0.009999164
1,0,0.008837855
1,0,0.00806486
1,0,0.0078766765
1,0,0.010112692
0,1,0.5435804
0,0,0.27863243
0,0,0.043538053
0,0,0.014145463
0,0,0.006274518
0,0,0.00551741
0,0,0.007628884
0,0,0.00876488
0,0,0.0087237
0,0,0.007234736
0,0,0.013281796
0,0,0.012973385
0,0,0.0077557466
0,0,0.006345367
0,0,0.00496756
0,0,0.0029310444
0,0,0.0019135425
0,0,0.0018423867
0,0,0.0018107402
0,0,0.002097045
0,0,0.0021156229
0,0,0.0022738173
0,0,0.00295374
0,0,0.003077315
0,0,0.003078715
0,0,0.00346292
0,0,0.0037327327
0,0,0.004141553
0,0,0.003780814
0,0,0.0037087537
0,0,0.003980948
0,0,0.0047996794
0,0,0.0054072007
0,0,0.0052466006
0,0,0.005809369
0,0,0.0056051887
0,0,0.0051319515
0,0,0.004876096
0,0,0.0043213964
0,0,0.0051392405
0,0,0.0066526616
0,0,0.0073596565
0,0,0.008336416
0,0,0.0075008194
0,0,0.0062603406
0,0,0.006447345
1,0,0.29459402
1,1,0.8362715
1,1,0.9244605
1,1,0.9604636
1,1,0.9859342
1,1,0.9744967
1,1,0.9744039
1,1,0.97270435
1,1,0.9303582
1,1,0.76146096
1,1,0.72716063
1,1,0.98479223
1,1,0.99549365
1,1,0.99370545
1,1,0.99259746
1,1,0.98414654
1,1,0.9816684
1,1,0.9836737
1,1,0.96851504
1,1,0.93592733
1,1,0.9316036
1,1,0.8842556
0,1,0.94629395
0,1,0.97315997
0,1,0.9892727
0,1,0.9780431
0,1,0.9681626
0,1,0.96382946
0,1,0.9506817
0,1,0.94002783
0,1,0.9652227
0,1,0.98833084
0,1,0.98234737
1,1,0.9852915
1,1,0.99493533
1,1,0.9902282
1,1,0.9529604
1,1,0.9225488
1,1,0.9678922
1,1,0.99295264
1,1,0.9965919
1,1,0.99558157
1,1,0.98873144
1,1,0.9852989
1,1,0.9886868
1,1,0.9871579
1,1,0.9684192
1,1,0.94138706
1,1,0.90301895
1,1,0.89940286
1,1,0.9392925
1,1,0.93291944
1,1,0.95423484
1,1,0.9656852
1,1,0.96362966
0,0,0.3515559
0,0,0.04744438
0,0,0.01837884
0,0,0.00848568
0,0,0.009265138
0,0,0.012751388
0,0,0.012424594
0,0,0.008194364
0,0,0.0065354435
0,0,0.0043303096
0,0,0.0038343172
0,0,0.00466115
0,0,0.0053451164
0,0,0.007822696
0,0,0.013278523
0,0,0.013356883
0,0,0.01313155
0,0,0.00920753
0,0,0.007383303
0,0,0.010395107
0,0,0.0071568023
0,0,0.0061225696
0,0,0.0073251743
0,0,0.005969993
0,0,0.00793897
0,0,0.0110959215
0,0,0.008782217
0,0,0.010004621
0,0,0.0111415135
1,0,0.489631
1,1,0.9108135
1,1,0.9055397
1,1,0.9006279
1,1,0.9041053
1,1,0.88216233
1,1,0.9166847
1,1,0.97842205
1,1,0.99333376
1,1,0.9864119
1,1,0.9193346
1,1,0.96237534
1,1,0.94320405
1,1,0.97533745
1,1,0.9533221
1,1,0.9356156
1,1,0.97900885
1,1,0.9825116
1,1,0.96702385
1,1,0.9701122
1,1,0.9901991
1,1,0.97893643
1,0,0.4923056
1,0,0.16193667
1,0,0.084476195
1,0,0.0115913395
1,0,0.002350049
1,0,0.0029415581
1,0,0.0038321174
1,0,0.0044578863
1,0,0.0053342413
1,0,0.004495601
1,0,0.0039063613
1,0,0.0048532058
1,0,0.0036837272
1,0,0.0042041135
1,0,0.004243165
1,0,0.0032897023
1,0,0.003232769
1,0,0.0029252698
1,0,0.0031369063
1,0,0.0033428178
1,0,0.0031145362
1,0,0.002778263
1,0,0.0053657517
1,0,0.0050108056
1,0,0.0037096345
1,0,0.0041393503
1,0,0.0029760455
1,0,0.002365667
1,0,0.0024487006
1,0,0.002713238
1,0,0.0024499109
1,0,0.00418712
1,0,0.008512925
1,0,0.006558282
1,0,0.0064732595
1,0,0.0057689864
1,0,0.0051739025
1,0,0.003968606
1,0,0.002855938
1,0,0.0024317594
1,0,0.0030365908
1,0,0.0030661647
1,0,0.002979684
1,0,0.003194819
1,0,0.0037168583
1,0,0.003792897
1,0,0.0035863926
1,0,0.0034729096
1,0,0.0030906792
1,0,0.0029041322
1,0,0.0038742516
1,0,0.0037453298
1,0,0.0040166997
1,0,0.004386662
1,0,0.0039057306
0,0,0.026888836
0,0,0.013748629
0,0,0.08421822
0,0,0.23218642
0,0,0.37877443
0,0,0.35323444
0,0,0.4330381
0,0,0.4904216
0,0,0.44090617
0,0,0.44757468
0,0,0.4856178
0,0,0.48896435
0,0,0.4230832
0,0,0.47147602
0,0,0.43302912
0,0,0.38205925
0,0,0.34830788
0,0,0.3651459
0,0,0.3506818
0,0,0.3426592
0,0,0.3296604
0,0,0.3136584
0,0,0.28974852
0,0,0.27754113
0,0,0.29070184
0,0,0.3075838
0,0,0.29774594
0,0,0.28847545
0,0,0.27800462
0,0,0.25835988
0,0,0.24300687
0,0,0.24172157
0,0,0.2583352
0,0,0.28225046
0,0,0.29018807
0,0,0.30730224
0,0,0.3161492
0,0,0.29778758
0,0,0.28768834
0,0,0.29458913
0,0,0.2819642
0,0,0.2699873
0,0,0.28240225
0,0,0.27359182
0,0,0.27283043
0,0,0.27359614
0,0,0.27179402
0,0,0.26024473
0,0,0.27106526
0,0,0.26515278
0,0,0.2874232
0,0,0.31272808
0,0,0.30197063
0,0,0.31056264
0,0,0.32734418
0,0,0.32595152
0,0,0.3322207
1,0,0.3838856
1,0,0.39474562
1,0,0.38909432
1,0,0.355536
1,0,0.33203736
1,0,0.29670087
1,0,0.30413917
1,0,0.3557248
1,0,0.4076233
1,0,0.40930474
1,0,0.48323038
1,0,0.44339854
1,0,0.37369272
1,0,0.30971032
1,0,0.31157258
1,0,0.2524719
1,0,0.26759115
1,0,0.26282153
1,0,0.24787629
1,0,0.23791996
1,0,0.23911081
1,0,0.23341106
1,0,0.25078347
1,0,0.2876458
1,0,0.28532892
1,0,0.27966222
1,0,0.24970087
1,0,0.23170657
1,0,0.2140963
1,0,0.2648405
1,0,0.3087072
1,0,0.40820307
1,0,0.44813797
1,0,0.40853533
1,0,0.4070408
1,0,0.45907682
1,0,0.4571877
1,0,0.45836902
1,1,0.53303415
1,1,0.50650185
1,0,0.41986153
1,0,0.41229215
1,0,0.37930563
1,0,0.34971863
0,0,0.34152287
0,0,0.32469583
0,0,0.27594373
0,0,0.2521653
0,0,0.23050648
0,0,0.21881968
0,0,0.21723494
0,0,0.22835964
0,0,0.24377805
0,0,0.24186035
0,0,0.2852836
0,0,0.31853572
0,0,0.3378706
0,0,0.3740236
0,0,0.39414093
0,0,0.3748267
0,0,0.34025693
0,0,0.33563438
0,0,0.32694924
0,0,0.31973726
0,0,0.3006059
0,0,0.29960796
0,0,0.28632417
0,0,0.25290075
0,0,0.25179273
0,0,0.25867087
0,0,0.24179845
0,0,0.24701957
0,0,0.2737736
1,0,0.30200833
1,0,0.3305358
1,0,0.33832437
1,0,0.37823305
1,0,0.43545946
1,0,0.45548028
1,0,0.45664594
1,1,0.5124112
1,0,0.48004457
1,0,0.4918355
1,1,0.50385267
1,0,0.46650517
1,0,0.45831397
1,1,0.53456056
1,0,0.45725662
1,0,0.36324203
1,0,0.38550794
1,0,0.37070468
1,0,0.29842252
1,0,0.27741507
1,0,0.297396
1,0,0.29987454
0,0,0.35540023
0,0,0.32486773
0,0,0.3340706
0,0,0.35514832
0,0,0.37069184
0,0,0.28832817
0,0,0.28344327
0,0,0.31382996
0,0,0.37571424
0,0,0.40962347
0,0,0.41808838
0,0,0.48730028
0,0,0.4796195
0,0,0.3569167
0,0,0.3189686
0,0,0.3300906
0,0,0.2892726
0,0,0.25692427
0,0,0.30835572
0,0,0.32653978
0,0,0.33211234
0,0,0.3346658
0,0,0.3092795
0,0,0.30817053
0,0,0.40102097
0,1,0.5108423
0,1,0.56474346
0,1,0.590569
0,1,0.5937468
0,1,0.50956506
0,0,0.41159096
0,0,0.40030473
0,0,0.4539811
1,0,0.40812626
1,0,0.36169145
1,0,0.37096372
1,0,0.32019258
1,0,0.2654274
1,0,0.28671426
1,0,0.27950358
1,0,0.25494567
1,0,0.25345877
1,0,0.257552
1,0,0.2477292
1,0,0.25418708
1,0,0.2905423
1,0,0.2996921
1,0,0.28177345
1,0,0.27890906
1,0,0.2771732
1,0,0.2550045
1,0,0.24672554
1,0,0.25233614
1,0,0.28621173
1,0,0.31547874
0,0,0.09196121
0,0,0.019495515
0,0,0.02929372
0,0,0.014324125
0,0,0.011128876
0,0,0.0053173983
0,0,0.0049537434
0,0,0.0056999587
0,0,0.005745562
0,0,0.008112582
0,0,0.009173978
1,0,0.019765038
1,0,0.027634237
1,0,0.043822065
1,0,0.04889462
1,0,0.060274154
1,0,0.07482284
1,0,0.067771144
1,0,0.06636565
1,0,0.064164944
1,0,0.060508907
1,0,0.053354755
1,0,0.05878609
1,0,0.04762519
1,0,0.022787405
1,0,0.019588977
1,0,0.016504623
1,0,0.016182901
1,0,0.01822291
1,0,0.029358223
1,0,0.02449656
1,0,0.010219057
1,0,0.006675305
1,0,0.0034777483
1,0,0.003401728
1,0,0.004753862
1,0,0.016154017
1,0,0.047474083
1,0,0.06907389
1,0,0.06682043
1,0,0.03051444
1,0,0.015590517
1,0,0.006826715
1,0,0.0069409115
1,0,0.0065796785
1,0,0.005177789
1,0,0.1267668
1,0,0.43900186
1,1,0.68776155
1,1,0.73564625
1,1,0.8179429
1,1,0.78815144
1,1,0.72181165
1,1,0.71021295
1,1,0.6578025
1,1,0.6842504
1,1,0.7052555
0,1,0.77312124
0,1,0.8855094
0,1,0.95448893
0,1,0.9614188
0,1,0.9486871
0,1,0.9022001
0,1,0.8894454
0,1,0.8409375
0,1,0.8304296
0,1,0.7817886
0,1,0.7517298
0,1,0.50035995
0,1,0.58194435
0,0,0.30261004
0,0,0.38884863
0,0,0.28258827
0,0,0.40501046
0,0,0.4678595
0,0,0.48704582
0,0,0.46780467
0,0,0.4768296
0,1,0.6004448
1,1,0.68817216
1,1,0.6694556
1,1,0.7919389
1,1,0.91510135
1,1,0.96422166
1,1,0.96184367
1,1,0.9601699
1,1,0.95649254
1,1,0.9558626
1,1,0.94133025
1,1,0.91819745
1,1,0.8635559
1,1,0.8363822
1,1,0.68109316
1,1,0.5153203
1,0,0.45784956
1,0,0.44319436
1,0,0.35331634
1,0,0.351353
1,0,0.3892251
1,0,0.45962474
1,1,0.51809245
0,0,0.16115856
0,0,0.024049267
0,0,0.023794034
0,0,0.012405908
0,0,0.017270006
0,0,0.012831612
0,0,0.012493159
0,0,0.03455149
0,0,0.0555525
0,0,0.061851036
0,0,0.053881284
0,0,0.105407
0,0,0.032455146
0,0,0.012429966
0,0,0.008587385
0,0,0.006298282
0,0,0.0101834675
0,0,0.0131628215
0,0,0.0076143
0,0,0.0019414086
0,0,0.00084639346
0,0,0.0014999891
0,0,0.0030378378
0,0,0.0033515093
0,0,0.0024363052
0,0,0.0012906453
0,0,0.0007166526
0,0,0.0005733573
0,0,0.0007458974
1,0,0.047250655
1,0,0.44159684
1,1,0.6175986
1,1,0.7210519
1,1,0.60681146
1,1,0.5339908
1,1,0.56735
1,1,0.69674206
1,1,0.83679974
1,1,0.8710105
1,1,0.90027815
1,1,0.9284578
1,1,0.9346729
1,1,0.9356578
1,1,0.9246114
1,1,0.8649212
1,1,0.80247676
1,1,0.81304175
1,1,0.7987429
1,1,0.7768836
1,1,0.76521504
1,1,0.7588211
0,0,0.15950377
0,0,0.038249128
0,0,0.015186645
0,0,0.011323786
0,0,0.011142947
0,0,0.010726561
0,0,0.011706584
0,0,0.014771564
0,0,0.016824955
0,0,0.017214157
0,0,0.016652081
0,0,0.01202447
0,0,0.013578695
0,0,0.01774593
0,0,0.023696067
0,0,0.031703163
0,0,0.029994233
0,0,0.026252864
0,0,0.014685746
0,0,0.012099718
0,0,0.014245984
0,0,0.020530913
0,0,0.029826052
0,0,0.040350813
0,0,0.054489896
0,0,0.048575297
0,0,0.04962517
0,0,0.04317737
0,0,0.035209127
0,0,0.033887364
0,0,0.01953816
0,0,0.016693939
0,0,0.013204642
0,0,0.015142968
0,0,0.01574896
0,0,0.017977368
0,0,0.021159386
0,0,0.022013862
0,0,0.042900033
0,0,0.17300712
0,0,0.29758975
0,0,0.3322851
0,0,0.30195883
0,0,0.09969284
0,0,0.012841315
0,0,0.007294179
0,0,0.01085086
0,0,0.018590579
0,0,0.03463699
0,0,0.057839848
0,0,0.0790533
0,0,0.07898553
0,0,0.06977477
0,0,0.059524518
0,0,0.052342672
0,0,0.21923554
0,0,0.10082624
0,0,0.01899182
0,0,0.008993666
0,0,0.0036809125
0,0,0.004706842
0,0,0.004910212
0,0,0.0035830098
0,0,0.0036990265
0,0,0.0041137743
0,0,0.0046341396
0,0,0.024850931
0,0,0.009238411
0,0,0.020074822
0,0,0.015615508
0,0,0.037131347
0,0,0.018382996
0,0,0.013049733
0,0,0.015576568
0,0,0.015325908
0,0,0.012964638
0,0,0.010692119
0,0,0.013654227
0,0,0.01659394
0,0,0.018279776
0,0,0.02274111
0,0,0.016888473
0,0,0.044442978
0,0,0.050653633
0,0,0.08376166
0,0,0.049769193
0,0,0.048704494
0,0,0.02295734
0,0,0.01212338
0,0,0.01109881
0,0,0.012930099
0,0,0.01567877
0,0,0.016283892
0,0,0.014017065
0,0,0.014155762
0,0,0.020397473
0,0,0.024765579
0,0,0.028484149
0,0,0.041113194
0,0,0.054971516
0,0,0.039534505
1,1,0.8507728
1,1,0.8597326
1,1,0.929847
1,1,0.9451552
1,1,0.95798063
1,1,0.89566004
1,1,0.67963505
1,1,0.877829
1,1,0.90041506
1,1,0.9622795
1,1,0.95761096
1,1,0.9663577
1,1,0.97198427
1,1,0.9853925
1,1,0.978237
1,1,0.94734967
1,1,0.8470829
1,1,0.7544571
1,1,0.72876316
1,1,0.80931824
1,1,0.83950233
1,1,0.8101449
1,1,0.85810333
1,1,0.85278744
1,1,0.8664764
1,1,0.84356624
1,1,0.83232176
1,1,0.9316144
1,1,0.9859406
1,1,0.9633765
1,1,0.95408213
1,1,0.92324615
1,1,0.94775975
1,1,0.9697766
1,1,0.97732055
1,1,0.8964504
1,1,0.8039801
1,1,0.7766792
1,1,0.81686443
1,1,0.8605199
1,1,0.89303553
1,1,0.87080324
1,1,0.84039015
1,1,0.8107897
1,1,0.8488528
1,1,0.84753025
1,1,0.8926135
1,1,0.88430816
1,1,0.84384686
1,1,0.79654044
1,1,0.8417615
1,1,0.81215733
1,1,0.5523297
1,0,0.48666465
1,1,0.50788647
0,0,0.036302958
0,0,0.0115272375
0,0,0.012679889
0,0,0.015812736
0,0,0.0047915755
0,0,0.005512491
0,0,0.0067342874
0,0,0.009701984
0,0,0.017113857
0,0,0.018695196
0,0,0.019560883
0,0,0.014571783
0,0,0.011169765
0,0,0.011685242
0,0,0.017077161
0,0,0.023244698
0,0,0.016834492
0,0,0.010537262
0,0,0.006454588
0,0,0.0052596554
0,0,0.008442893
0,0,0.009337678
0,0,0.009548688
0,0,0.011314831
0,0,0.015869532
0,0,0.018393436
0,0,0.015799236
0,0,0.015862495
0,0,0.014757983
0,0,0.49547753
0,1,0.71495557
0,1,0.7434078
0,1,0.8761811
0,1,0.9467441
0,1,0.9304798
0,1,0.88227767
0,1,0.8384951
0,1,0.79291636
0,1,0.7812896
0,1,0.7415934
1,1,0.7751265
1,1,0.6700738
1,1,0.6255831
1,1,0.69011176
1,1,0.6728022
1,0,0.4322022
1,0,0.445227
1,1,0.5008965
1,1,0.5169372
1,1,0.7235072
1,1,0.940182
0,0,0.08201158
0,0,0.006558198
0,0,0.01779083
0,0,0.01040854
0,0,0.0026702883
0,0,0.002896628
0,0,0.0034876228
0,0,0.003463644
0,0,0.004601246
0,0,0.006050249
0,0,0.00581014
0,0,0.007046048
0,0,0.0052107493
0,0,0.004071439
0,0,0.0044876942
0,0,0.0050946604
0,0,0.007982001
0,0,0.01155925
0,0,0.00963221
0,0,0.006359429
0,0,0.005901303
0,0,0.006991483
0,0,0.0067676934
0,0,0.018227885
0,0,0.008305466
0,0,0.011786258
0,0,0.0141039165
0,0,0.034750376
0,0,0.040551398
0,0,0.010403639
0,0,0.007805103
0,0,0.10607654
0,0,0.2892418
0,0,0.032421287
0,0,0.0515188
0,0,0.055644065
0,0,0.022870257
0,0,0.0033017755
0,0,0.0039653843
0,0,0.0044552586
0,0,0.005085419
0,0,0.00698553
0,0,0.007197126
0,0,0.007490366
0,0,0.007025637
0,0,0.008971822
0,0,0.007692578
0,0,0.0051503745
0,0,0.005308437
0,0,0.0058110463
0,0,0.0084958775
0,0,0.009788289
0,0,0.009034621
0,0,0.010755783
0,0,0.009570328
0,0,0.1413156
0,0,0.037480198
0,0,0.009870979
0,0,0.007663869
0,0,0.0050027333
0,0,0.0045541544
0,0,0.0035304953
0,0,0.0022573585
0,0,0.0028248096
0,0,0.0037356082
0,0,0.0037488544
0,0,0.0024628148
0,0,0.002031286
0,0,0.0018581048
0,0,0.0017060068
0,0,0.0015179703
0,0,0.0011232612
0,0,0.0012295933
0,0,0.0011969443
0,0,0.0010174599
0,0,0.00091148354
0,0,0.0009893638
0,0,0.0011354106
0,0,0.0011425078
0,0,0.0011425029
0,0,0.001062481
0,0,0.0008774114
0,0,0.00096057844
0,0,0.0009196518
0,0,0.00081399
0,0,0.00084496115
0,0,0.0009058896
0,0,0.0008672262
0,0,0.0008995754
0,0,0.0008592182
0,0,0.0008968873
0,0,0.0009130073
0,0,0.0008456402
0,0,0.00084639346
0,0,0.0007201123
0,0,0.0007422231
0,0,0.0006718887
0,0,0.0007875399
0,0,0.0009337483
0,0,0.0010281228
0,0,0.001229735
0,0,0.3059322
0,1,0.76963603
0,1,0.95607656
0,1,0.97977257
0,1,0.9890864
0,1,0.97748965
0,1,0.96363497
0,1,0.9487104
0,1,0.9426573
0,1,0.92029524
0,1,0.9451353
0,1,0.9841098
0,1,0.99256176
0,1,0.99558145
0,1,0.9882349
0,1,0.98255783
0,1,0.95113885
0,1,0.92086077
0,1,0.92705876
0,1,0.9303315
0,1,0.903824
0,1,0.89932495
0,1,0.9246239
0,1,0.94593143
0,1,0.9587545
0,1,0.9644099
0,1,0.9721913
0,1,0.9727801
0,1,0.9622256
0,1,0.95407736
0,1,0.9412698
0,1,0.9199193
0,1,0.9323718
0,1,0.9418102
0,1,0.9560976
0,1,0.9498269
0,1,0.9754131
0,1,0.98279494
0,1,0.97708094
0,1,0.9667441
0,1,0.9487124
0,1,0.93229055
0,1,0.9206727
0,1,0.9033802
0,1,0.90461546
0,1,0.893691
0,1,0.8633299
0,1,0.9194201
0,1,0.92856884
0,1,0.91817355
0,1,0.91291106
0,1,0.9073228
0,1,0.8867486
0,1,0.93026483
0,1,0.9422005
0,0,0.41354674
0,0,0.06933161
0,0,0.05122926
0,0,0.026394574
0,0,0.02441515
0,0,0.012539807
0,0,0.01771
0,0,0.008689087
0,0,0.0122772595
0,0,0.014454576
0,0,0.015571186
0,0,0.023080904
0,0,0.020202987
0,0,0.018619461
0,0,0.016990399
0,0,0.014326374
0,0,0.013656984
0,0,0.021463405
0,0,0.022259707
0,0,0.031223034
0,0,0.024493905
0,0,0.017573927
0,0,0.01304726
0,0,0.007877892
0,0,0.012692976
0,0,0.012971167
0,0,0.0142739685
0,0,0.015352997
0,0,0.01616354
0,0,0.4287339
0,1,0.7247472
0,1,0.8302756
0,1,0.8397965
0,1,0.9047067
0,1,0.88691276
0,1,0.8447337
0,1,0.8087598
0,1,0.7885215
0,1,0.83748984
0,1,0.9307901
0,1,0.97548115
0,1,0.97967166
0,1,0.98727244
0,1,0.99160707
0,1,0.9902361
0,1,0.98122597
0,1,0.97143394
0,1,0.9614942
0,1,0.959001
0,1,0.9490158
0,1,0.9269051
0,0,0.2407378
0,0,0.053223286
0,0,0.03279832
0,0,0.012694541
0,0,0.0029957185
0,0,0.003070354
0,0,0.003044326
0,0,0.002998631
0,0,0.0027891835
0,0,0.0028732945
0,0,0.0024876455
0,0,0.0023661128
0,0,0.0029622768
0,0,0.002456461
0,0,0.0019215553
0,0,0.0015863164
0,0,0.0015833579
0,0,0.0016351584
0,0,0.0022644019
0,0,0.0024702873
0,0,0.0033558195
0,0,0.0034038238
0,0,0.004870338
0,0,0.00536625
0,0,0.0046148566
0,0,0.0053141285
0,0,0.004493437
0,0,0.005325465
0,0,0.004813856
0,0,0.0100436695
0,0,0.013501458
0,0,0.014463165
0,0,0.015275695
0,0,0.014219726
0,0,0.010374065
0,0,0.0069994684
0,0,0.0069903405
0,0,0.006930048
0,0,0.010833128
0,0,0.012272912
0,0,0.007709091
0,0,0.004297849
0,0,0.0032954172
0,0,0.0038309086
0,0,0.0042640115
0,0,0.0051569557
0,0,0.005632158
0,0,0.004652166
0,0,0.0037544381
0,0,0.0029677742
0,0,0.0024429918
0,0,0.0027985706
0,0,0.003615685
0,0,0.0035825828
0,0,0.003572647
0,0,0.0072625023
0,0,0.0076835277
0,0,0.007543317
0,0,0.009748277
0,0,0.013699442
0,0,0.014420346
0,0,0.0165118
0,0,0.01726062
0,0,0.02130533
0,0,0.025546273
0,0,0.032886196
0,0,0.022835778
0,0,0.00920984
0,0,0.0047992533
0,0,0.003368466
0,0,0.0023707976
0,0,0.0027920192
0,0,0.003203091
0,0,0.003230763
0,0,0.0027578897
0,0,0.002999539
0,0,0.0041415878
0,0,0.0027031216
0,0,0.0053771036
0,0,0.004561413
0,0,0.0052057737
0,0,0.0030992473
0,0,0.0020918178
0,0,0.0030395165
0,0,0.0026897744
0,0,0.0033886624
0,0,0.00463178
0,0,0.0043916465
0,0,0.003824102
0,0,0.004137348
0,0,0.004183718
0,0,0.0034816898
0,0,0.003933055
0,0,0.0044073234
0,0,0.0034059708
0,0,0.0031009833
0,0,0.0036472084
0,0,0.0027069745
0,0,0.0025624584
0,0,0.0029701425
0,0,0.0035907677
1,0,0.19985417
1,1,0.5094042
1,0,0.41039392
1,0,0.33575118
1,0,0.27604714
1,0,0.17404708
1,0,0.14414246
1,0,0.15009835
1,0,0.17239451
1,0,0.15930401
1,0,0.13456203
1,0,0.24261144
1,0,0.31488407
1,0,0.38623783
1,0,0.41110674
1,0,0.41913667
1,0,0.4897178
1,0,0.4916262
1,0,0.47126448
1,1,0.58222824
1,1,0.55839276
1,0,0.4320581
1,0,0.42938828
1,0,0.49906322
1,0,0.46472484
1,0,0.37051615
1,0,0.26950803
1,0,0.29623848
1,0,0.36414886
1,0,0.3990529
1,0,0.43358272
1,0,0.46055257
1,1,0.5554219
0,1,0.5669852
0,1,0.5879774
0,0,0.45690846
0,0,0.33454216
0,0,0.22563982
0,0,0.19759987
0,0,0.2708019
0,0,0.36022693
0,0,0.33935043
0,0,0.22211246
0,0,0.20501775
0,0,0.3121241
0,0,0.35862216
0,0,0.40945733
0,0,0.417831
0,0,0.44261625
0,0,0.39999244
0,0,0.43629232
0,0,0.4942485
0,0,0.37997195
0,0,0.22151758
0,0,0.17844559
0,0,0.05503309
0,0,0.025581755
0,0,0.024096368
0,0,0.016809493
0,0,0.016963461
0,0,0.017958967
0,0,0.016569354
0,0,0.015533246
0,0,0.016681802
0,0,0.017744344
0,0,0.01671492
0,0,0.017336978
0,0,0.021046089
0,0,0.023012487
0,0,0.025660537
0,0,0.03332375
0,0,0.04128873
0,0,0.04308568
0,0,0.03609267
0,0,0.027911408
0,0,0.022185069
0,0,0.019276941
0,0,0.016825829
0,0,0.014743693
0,0,0.015928023
0,0,0.017217342
0,0,0.022465361
0,0,0.031240739
0,0,0.018226594
1,0,0.20048997
1,0,0.3016371
1,0,0.3247307
1,0,0.33437175
1,0,0.2874166
1,0,0.29228836
1,0,0.34874913
1,0,0.33764526
1,0,0.33882245
1,0,0.3463085
1,0,0.3491226
1,0,0.41326487
1,0,0.42920047
1,0,0.4744698
1,0,0.4779834
1,0,0.38620427
1,0,0.43868598
1,1,0.52894396
1,1,0.6014201
1,1,0.7157507
1,1,0.77983934
1,1,0.77656204
0,0,0.15395592
0,0,0.059387483
0,0,0.03046118
0,0,0.022999251
0,0,0.013410838
0,0,0.013983943
0,0,0.013542656
0,0,0.015422092
0,0,0.01905934
0,0,0.022621863
0,0,0.023994934
0,0,0.028094312
0,0,0.03683035
0,0,0.034603357
0,0,0.03180106
0,0,0.019714575
0,0,0.013311701
0,0,0.012200429
0,0,0.014006142
0,0,0.015673049
0,0,0.014029942
0,0,0.012888002
0,0,0.015626712
0,0,0.017417518
0,0,0.021621102
0,0,0.02735029
0,0,0.043000635
0,0,0.044023186
0,0,0.033537883
0,0,0.027723592
0,0,0.021832049
0,0,0.016585873
0,0,0.014581085
0,0,0.01736248
0,0,0.018278742
0,0,0.019861512
0,0,0.021812027
0,0,0.019271336
0,0,0.018132616
0,0,0.016994882
0,0,0.019270796
0,0,0.021507937
0,0,0.023627887
0,0,0.018638069
0,0,0.011942561
0,0,0.008835016
0,0,0.008634957
0,0,0.009166872
0,0,0.007721134
0,0,0.006390858
0,0,0.0070878593
0,0,0.008863292
0,0,0.010522243
0,0,0.015193223
0,0,0.019113664
0,0,0.08452127
0,0,0.020283721
0,0,0.011642828
0,0,0.041420873
0,0,0.089095645
0,0,0.07965919
0,0,0.09318626
0,0,0.11128884
0,0,0.109694496
0,0,0.11292945
0,0,0.101012774
0,0,0.06811862
0,0,0.048202034
0,0,0.028687492
0,0,0.030679176
0,0,0.036496297
0,0,0.02756885
0,0,0.016611613
0,0,0.022157064
0,0,0.023833664
0,0,0.025212113
0,0,0.031982075
0,0,0.02990903
0,0,0.021350656
0,0,0.022048876
0,0,0.02387869
0,0,0.02139486
0,0,0.019248081
0,0,0.020805402
0,0,0.019397577
0,0,0.024655662
0,0,0.032255802
0,0,0.033509694
0,0,0.034927726
0,0,0.039146107
0,0,0.036993917
0,0,0.043709535
0,0,0.04500883
0,0,0.04472469
0,0,0.04420713
0,0,0.037868407
0,0,0.036362186
0,0,0.057285555
0,0,0.05835369
0,0,0.06267584
0,0,0.060807675
1,1,0.818598
1,1,0.94576794
1,1,0.8900242
1,1,0.75024074
1,1,0.7025248
1,1,0.69875914
1,1,0.7756972
1,1,0.81880516
1,1,0.88894135
1,1,0.931366
1,1,0.94706273
1,1,0.86817914
1,1,0.80058724
1,1,0.7917774
1,1,0.7400977
1,1,0.76316667
1,1,0.7010244
1,1,0.62095445
1,1,0.5944413
1,1,0.67249715
1,1,0.77179927
1,1,0.851346
1,1,0.8362998
1,1,0.8416021
1,1,0.8598595
1,1,0.82675594
1,1,0.73831993
1,1,0.7726203
1,1,0.8459586
1,1,0.8732182
1,1,0.84962976
1,1,0.8824824
1,1,0.90025175
0,1,0.8659786
0,1,0.7934905
0,1,0.7505065
0,1,0.67910427
0,1,0.6799919
0,1,0.6956094
0,1,0.5992228
0,1,0.5782726
0,1,0.5974953
0,1,0.5998622
0,1,0.63755864
0,1,0.7503917
0,1,0.7819623
0,1,0.82186913
0,1,0.8058008
0,1,0.86028165
0,1,0.8722235
0,1,0.8373325
0,1,0.77582884
0,1,0.70596486
0,1,0.58647186
0,1,0.51674557
0,0,0.0653754
0,0,0.017865298
0,0,0.032838117
0,0,0.079696216
0,0,0.15910916
0,0,0.24308735
0,0,0.2640477
0,0,0.24987984
0,0,0.16457395
0,0,0.06870062
0,0,0.040623263
0,0,0.04628489
0,0,0.08893004
0,0,0.20296557
0,0,0.09921015
0,0,0.06107595
0,0,0.06853361
0,0,0.13097022
0,0,0.14200132
0,0,0.12917706
0,0,0.31432372
0,0,0.3024288
0,0,0.1715903
0,0,0.070749395
0,0,0.06085513
0,0,0.079875804
0,0,0.12905847
0,0,0.2859498
0,0,0.32484522
1,1,0.82906824
1,1,0.93945533
1,1,0.9251835
1,1,0.91802514
1,1,0.86466706
1,1,0.8694921
1,1,0.8187105
1,1,0.7483605
1,1,0.74479526
1,1,0.779501
1,1,0.7668962
1,1,0.801876
1,1,0.82507235
1,1,0.8415076
1,1,0.9068191
1,1,0.94454926
1,1,0.9723751
1,1,0.9724194
1,1,0.94710666
1,1,0.91944844
1,1,0.8647775
1,1,0.8956856
0,0,0.28450447
0,0,0.08245791
0,0,0.07942894
0,0,0.07349396
0,0,0.0814935
0,0,0.14347108
0,0,0.2303295
0,0,0.19876097
0,0,0.1870053
0,0,0.20014082
0,0,0.31696555
0,0,0.31340528
0,1,0.5152874
0,1,0.5218981
0,0,0.45982692
0,0,0.37909
0,0,0.29064354
0,0,0.23939559
0,0,0.21108499
0,0,0.21435851
0,0,0.16972393
0,0,0.112630285
0,0,0.11579841
0,0,0.16383179
0,0,0.21405332
0,0,0.24857588
0,0,0.3724273
0,0,0.44200733
0,0,0.34884608
0,0,0.2220826
0,0,0.2225674
0,0,0.26464623
0,0,0.35805577
0,0,0.3176642
0,0,0.31160602
0,0,0.28384793
0,0,0.18861239
0,0,0.12769169
0,0,0.13886525
0,0,0.21419929
0,0,0.20161563
0,0,0.14515753
0,0,0.18852969
0,0,0.18731663
0,0,0.2119526
0,0,0.21993509
0,0,0.30200288
0,0,0.21045041
0,0,0.1875354
0,0,0.19897763
0,0,0.26486906
0,0,0.3155417
0,0,0.2843483
0,0,0.23062387
0,0,0.1963738
0,1,0.6112721
0,0,0.4529683
0,0,0.27731678
0,0,0.20672667
0,0,0.13775748
0,0,0.17790967
0,0,0.13551699
0,0,0.15074703
0,0,0.12350754
0,0,0.1502863
0,0,0.17157057
0,0,0.24293092
0,0,0.3189965
0,0,0.3424037
0,0,0.32705754
0,0,0.27764907
0,0,0.42930984
0,0,0.4835775
0,0,0.46419072
0,1,0.50640684
0,0,0.47881606
0,1,0.51089615
0,1,0.51835144
0,1,0.52254564
0,0,0.49728334
0,0,0.38571584
0,1,0.5125926
0,0,0.49343756
0,1,0.5103037
0,0,0.45653692
0,0,0.44532067
0,0,0.42409998
0,0,0.2696119
0,0,0.23315838
0,0,0.27405342
0,0,0.2901419
0,0,0.29805657
0,0,0.33284125
0,0,0.31372964
0,0,0.25955534
0,0,0.22273672
0,0,0.30530027
0,0,0.448153
0,0,0.4724833
0,0,0.45420143
0,1,0.5258468
1,1,0.93029016
1,1,0.96559536
1,1,0.82353383
1,1,0.64218515
1,1,0.50384945
1,0,0.40451014
1,0,0.36338797
1,0,0.3142324
1,0,0.4022502
1,1,0.51905316
1,1,0.60898006
1,1,0.82157904
1,1,0.88089776
1,1,0.868475
1,1,0.732896
1,1,0.73795545
1,1,0.68619347
1,1,0.7741083
1,1,0.809138
1,1,0.8136907
1,1,0.9207302
1,1,0.90174043
1,1,0.8306437
1,1,0.83756727
1,1,0.773069
1,1,0.720048
1,1,0.87991655
1,1,0.9378622
1,1,0.9592601
1,1,0.9520872
1,1,0.95916283
1,1,0.9597571
1,1,0.9411711
1,1,0.92191845
1,1,0.8611724
1,1,0.87236893
1,1,0.85084075
1,1,0.88365775
1,1,0.8950942
1,1,0.9158184
1,1,0.91951424
1,1,0.9086514
1,1,0.8910964
1,1,0.87504435
0,1,0.93977267
0,1,0.9490234
0,1,0.91678613
0,1,0.8588466
0,1,0.89956987
0,1,0.9290536
0,1,0.9160654
0,1,0.8091807
0,1,0.76401824
0,1,0.7679392
0,1,0.76993936
0,0,0.32125828
0,0,0.13437906
0,0,0.19697757
0,0,0.23267564
0,0,0.32709098
0,0,0.37305853
0,0,0.38918063
0,0,0.37652737
0,0,0.40629897
0,0,0.35957494
0,0,0.33017948
0,0,0.312784
0,0,0.34509352
0,0,0.3394686
0,0,0.32236797
0,0,0.33132136
0,0,0.31539732
0,0,0.3380148
0,0,0.34136066
0,0,0.34947586
0,0,0.37824106
0,0,0.37103
0,0,0.4198531
0,0,0.42970723
0,0,0.45776212
0,0,0.43524662
0,0,0.3309862
0,0,0.3298344
0,0,0.30573162
1,1,0.8787986
1,1,0.9670282
1,1,0.9312274
1,1,0.88867736
1,1,0.90627956
1,1,0.8930163
1,1,0.8085531
1,1,0.7939711
1,1,0.7462581
1,1,0.649325
1,1,0.7038842
1,1,0.7962279
1,1,0.72200257
1,1,0.8420855
1,1,0.88213843
1,1,0.89694375
1,1,0.8041047
1,1,0.7606998
1,1,0.81746864
1,1,0.8861792
1,1,0.8861296
1,1,0.86147094
1,0,0.1575861
1,0,0.037043422
1,0,0.16025652
1,0,0.28800184
1,0,0.43508416
1,0,0.44342232
1,0,0.39812708
1,0,0.3249733
1,0,0.280673
1,0,0.24059068
1,0,0.2549364
1,0,0.29316825
1,0,0.3130128
1,0,0.19929913
1,0,0.11271311
1,0,0.07474586
1,0,0.04612826
1,0,0.059137702
1,0,0.1297995
1,0,0.39143834
1,0,0.4820783
1,0,0.4389791
1,0,0.44054118
1,0,0.48555017
1,0,0.49224153
1,0,0.43068334
1,0,0.37147465
1,0,0.33712384
1,0,0.30995098
1,0,0.3300898
1,0,0.342724
1,0,0.32339755
1,0,0.2949332
1,0,0.26975477
1,0,0.28867796
1,0,0.31717739
1,0,0.359285
1,0,0.35375577
1,0,0.37014693
1,0,0.36840618
1,0,0.3583122
1,0,0.3313439
1,0,0.29218554
1,0,0.2820299
1,0,0.2961732
1,0,0.25961745
1,0,0.20569114
1,0,0.23259422
1,0,0.2940962
1,0,0.33252174
1,0,0.37358585
1,0,0.3603285
1,0,0.3240699
1,0,0.314123
1,0,0.32279328
0,0,0.0054617897
0,0,0.011771906
0,0,0.035743315
0,0,0.07169502
0,0,0.25124383
0,0,0.41218734
0,0,0.4949336
0,0,0.46733555
0,1,0.5096476
0,0,0.37432286
0,1,0.58606464
1,1,0.62640953
1,1,0.798078
1,1,0.68866736
1,1,0.6734631
1,1,0.5816315
1,1,0.5503435
1,1,0.53855747
1,1,0.5068527
1,1,0.54286844
1,1,0.56552476
1,1,0.5417593
1,1,0.52029526
1,1,0.5730448
1,1,0.56037706
1,0,0.41542244
1,0,0.3660672
1,0,0.39412296
1,0,0.3978989
1,0,0.4290354
1,1,0.548924
1,1,0.63421065
1,1,0.60320365
1,1,0.504198
1,1,0.5143573
1,1,0.54847133
1,1,0.61236656
1,1,0.59716964
1,0,0.48222148
1,1,0.50814897
1,1,0.59656715
1,1,0.6048967
1,1,0.5964731
1,0,0.491014
1,0,0.25125754
1,0,0.14787579
1,1,0.95383847
1,1,0.99885654
1,1,0.9997886
1,1,0.9999653
1,1,0.99998593
1,1,0.9999751
1,1,0.999938
1,1,0.9998518
1,1,0.99822956
1,1,0.9877108
1,1,0.9910652
1,1,0.99822456
1,1,0.99905497
1,1,0.9998729
1,1,0.9999739
1,1,0.9999733
1,1,0.9999602
1,1,0.9999409
1,1,0.99989796
1,1,0.9998479
1,1,0.99973243
1,1,0.9996636
1,1,0.9998294
1,1,0.99991584
1,1,0.99983454
1,1,0.9996244
1,1,0.9994435
1,1,0.99969304
1,1,0.9997141
1,1,0.99981326
1,1,0.99989545
1,1,0.99984944
1,1,0.99984336
1,1,0.99968326
1,1,0.99983025
1,1,0.9997861
1,1,0.99986744
1,1,0.9997074
1,1,0.9998079
1,1,0.9997433
1,1,0.99974674
1,1,0.99940455
1,1,0.9993777
1,1,0.99928635
1,1,0.99925333
1,1,0.9989285
1,1,0.99935967
1,1,0.9994803
1,1,0.99961495
1,1,0.99972826
1,1,0.99968827
1,1,0.9994165
1,1,0.99582577
1,1,0.9909232
1,1,0.9972205
1,1,0.95833147
1,1,0.810281
1,1,0.5927595
1,1,0.6265703
1,0,0.36992988
1,0,0.328817
1,0,0.3962647
1,0,0.42834833
1,1,0.53497076
1,1,0.5333696
1,1,0.5108101
1,0,0.47723085
1,1,0.56131566
1,1,0.67149395
1,1,0.62831306
1,1,0.64173406
1,1,0.6685817
1,1,0.6137778
1,1,0.5944652
1,1,0.5985952
1,1,0.57041043
1,1,0.56122816
1,1,0.54319125
1,1,0.53640306
1,0,0.45005712
1,0,0.38879043
1,0,0.4531901
1,0,0.46609887
1,1,0.527224
1,1,0.9854871
1,1,0.9972926
1,1,0.996566
1,1,0.9976634
1,1,0.9967835
1,1,0.9987651
1,1,0.9988078
1,1,0.99952316
1,1,0.9997092
1,1,0.9991955
1,1,0.99872667
1,1,0.99854577
1,1,0.9990226
1,1,0.9996586
1,1,0.99991465
1,1,0.99997795
1,1,0.99996424
1,1,0.9999666
1,1,0.9999645
1,1,0.9999579
1,1,0.9999467
1,1,0.9999362
1,1,0.995915
1,1,0.9556782
1,1,0.79954743
1,1,0.60155475
1,0,0.43406108
1,0,0.43048716
1,0,0.46742254
1,0,0.48252276
1,1,0.5021007
1,0,0.40895873
1,0,0.42842534
1,0,0.446589
1,0,0.4412555
1,0,0.4075556
1,0,0.39697897
1,0,0.41821456
1,0,0.40586984
1,0,0.46672034
1,1,0.5197153
1,0,0.48706484
1,1,0.5091711
1,1,0.58986944
1,0,0.44584092
1,0,0.32415038
1,0,0.31805563
1,0,0.29819643
1,0,0.42741868
1,0,0.48992363
1,0,0.4930447
1,0,0.43510687
1,0,0.34648117
1,0,0.4023039
1,0,0.3720216
0,0,0.49225935
0,1,0.50065994
0,0,0.45708594
0,0,0.40270266
0,0,0.44354922
0,1,0.5004025
0,1,0.52250737
0,0,0.49522611
0,1,0.5312613
0,1,0.5557342
0,1,0.50168145
0,1,0.5205285
0,0,0.41142714
0,0,0.41401583
0,0,0.366157
0,0,0.3301879
0,0,0.38472232
0,0,0.41822496
0,0,0.37477025
0,0,0.27598202
0,0,0.27148506
0,0,0.27068743
0,0,0.1100098
0,0,0.032129202
0,0,0.03146214
0,0,0.09408951
0,0,0.23116425
0,0,0.3008124
0,0,0.30639738
0,0,0.3626824
0,0,0.39029592
0,0,0.39878613
0,0,0.42097285
0,0,0.41828215
0,0,0.39923233
0,0,0.36723858
0,0,0.36934203
0,0,0.33836067
0,0,0.32553607
0,0,0.29399765
0,0,0.27720854
0,0,0.28333616
0,0,0.33248478
0,0,0.36501974
0,0,0.39630273
0,0,0.41664508
0,0,0.39380237
0,0,0.36971685
0,0,0.35809544
0,0,0.33568552
0,0,0.34099683
0,0,0.368846
0,0,0.368165
0,0,0.3796741
0,0,0.37688702
0,0,0.40503183
0,0,0.38605142
0,0,0.42255983
0,0,0.44892195
0,0,0.46277148
0,0,0.46259874
0,0,0.4724542
0,0,0.45942083
0,0,0.41624886
0,0,0.40742192
0,0,0.42393637
0,0,0.4222716
0,0,0.44725758
1,1,0.51822466
1,1,0.54406315
1,1,0.5474771
1,1,0.6341776
1,1,0.65809155
1,1,0.7643401
1,1,0.8339866
1,1,0.9220944
1,1,0.96559095
1,1,0.9823406
1,1,0.98493
1,1,0.96744096
1,1,0.9269406
1,1,0.82144016
1,1,0.76955295
1,1,0.6500353
1,1,0.6750544
1,1,0.68252856
1,1,0.6746326
1,1,0.6740456
1,1,0.66933286
1,1,0.652765
0,1,0.58356446
0,1,0.5608248
0,0,0.49672556
0,0,0.4601957
0,0,0.4349935
0,0,0.44104898
0,0,0.4605742
0,0,0.45165324
0,0,0.46545634
0,1,0.53104174
0,1,0.6045885
1,1,0.58522063
1,1,0.6057357
1,1,0.57413554
1,1,0.5355277
1,0,0.49498147
1,1,0.5867916
1,1,0.63149637
1,1,0.6100222
1,1,0.67654026
1,1,0.74087924
1,1,0.76564974
0,1,0.73957366
0,1,0.7692157
0,1,0.64699787
0,1,0.5152329
0,0,0.39157695
0,0,0.39812157
0,0,0.38835937
0,0,0.3774299
0,0,0.45205066
0,1,0.5477729
0,1,0.5786143
0,1,0.58728176
0,1,0.5964276
0,1,0.5362952
0,0,0.4243674
0,0,0.41844097
0,0,0.42038128
0,0,0.42069095
0,0,0.4257197
0,0,0.4250022
0,0,0.41816172
0,0,0.40660328
0,0,0.4059807
0,0,0.39140415
0,0,0.38299057
0,0,0.39759627
0,0,0.39509898
0,0,0.38823804
0,0,0.37764245
0,0,0.3725408
0,0,0.3461611
0,0,0.33976582
0,0,0.36314642
0,0,0.38391942
0,0,0.38514847
0,0,0.38815784
0,0,0.3887914
0,0,0.3847944
0,0,0.39082927
0,0,0.40645254
0,0,0.3922997
0,0,0.4065666
0,0,0.40374154
0,0,0.4239681
0,0,0.45273206
0,0,0.46872154
0,0,0.47228423
0,0,0.4833648
0,0,0.4749411
0,0,0.44728434
0,0,0.44179836
1,0,0.48897624
1,1,0.5063486
1,1,0.5200672
1,1,0.5427342
1,1,0.5722423
1,1,0.523863
1,1,0.508961
1,1,0.5161932
1,0,0.48586088
1,0,0.42827868
1,0,0.37676093
0,0,0.33176246
0,0,0.2929238
0,0,0.27052203
0,0,0.28847605
0,0,0.27875215
0,0,0.3022806
0,0,0.34708613
0,0,0.3554136
0,0,0.337429
0,0,0.31653064
0,0,0.3055326
0,0,0.28947642
0,0,0.2872218
0,0,0.30027837
0,0,0.33421087
0,0,0.3464257
0,0,0.35685232
0,0,0.3544942
0,0,0.36031058
0,0,0.34345648
0,0,0.3410533
0,0,0.3335357
0,0,0.32881552
0,0,0.30586997
0,0,0.3197014
0,0,0.32612672
0,0,0.38257304
0,0,0.3672289
0,0,0.42613855
0,0,0.42257017
0,0,0.42862275
0,0,0.39570266
0,0,0.42958584
1,0,0.4012346
1,0,0.46534637
1,0,0.44700846
1,0,0.46445984
1,0,0.4099696
1,0,0.4124114
1,0,0.4476335
1,0,0.47701153
1,0,0.467961
1,0,0.47464275
1,0,0.4685057
1,0,0.42238218
1,0,0.3835108
1,0,0.39109936
1,0,0.39739552
1,0,0.39477247
1,0,0.38304377
1,0,0.3769335
1,0,0.3605256
1,0,0.36872002
1,0,0.39937496
1,0,0.39641848
0,0,0.0009926079
0,0,0.0011125752
0,0,0.002672837
0,0,0.0012159552
0,0,0.0005155118
0,0,0.00019079079
0,0,0.00018938993
0,0,0.00035706782
0,0,0.00046302556
0,0,0.00029563956
0,0,0.00014781563
1,0,0.00041874498
1,0,0.0006807966
1,0,0.0025579042
1,0,0.012081955
1,0,0.05059897
1,0,0.057578374
1,0,0.050650068
1,0,0.058490198
1,0,0.04884738
1,0,0.03867415
1,0,0.0391224
1,0,0.038794808
1,0,0.03611847
1,0,0.039157476
1,0,0.037036624
1,0,0.033997335
1,0,0.02694808
1,0,0.023559036
1,0,0.017135303
1,0,0.011576784
1,0,0.008261981
1,0,0.0050397655
1,0,0.00415807
1,0,0.0035223758
1,0,0.0037352622
1,0,0.0036655944
1,0,0.004640229
1,0,0.0056621414
1,0,0.0052221427
1,0,0.004170929
1,0,0.0038034464
1,0,0.0032881422
1,0,0.0018670434
1,0,0.0015478043
1,0,0.0018229741
1,0,0.01171144
1,0,0.019418249
1,0,0.013248729
1,0,0.017188676
1,0,0.010024993
1,0,0.006691583
1,0,0.013358554
1,0,0.026730929
1,0,0.019617246
1,0,0.019640923
1,0,0.02506393
1,0,0.025816578
1,0,0.011573588
1,0,0.0031054092
1,0,0.0031714826
1,0,0.0039425143
1,0,0.005753167
1,0,0.0072814217
1,0,0.010036788
1,0,0.013548555
1,0,0.023186995
1,0,0.023714878
0,0,0.024857085
0,0,0.012569671
0,0,0.01222094
0,0,0.014204555
0,0,0.009005041
0,0,0.0061713574
0,0,0.0060705007
0,0,0.006627813
0,0,0.0014005983
0,0,0.0017457254
0,0,0.003735415
1,0,0.010859777
1,0,0.0040375404
1,0,0.0050019193
1,0,0.014274861
1,0,0.02591723
1,0,0.016713219
1,0,0.013867834
1,0,0.0120565165
1,0,0.012637546
1,0,0.009902489
1,0,0.01086485
1,0,0.032535378
1,0,0.0334865
1,0,0.044420682
1,0,0.034437243
1,0,0.025926672
1,0,0.016602376
1,0,0.016452713
1,0,0.012820069
1,0,0.021155545
1,0,0.039010286
1,0,0.014951398
0,0,0.0015263945
0,0,0.0015945081
0,0,0.003323113
0,0,0.0034983465
0,0,0.0036318726
0,0,0.007838058
0,0,0.0055936105
0,0,0.0027828906
0,0,0.0018085471
0,0,0.0011537513
0,0,0.0009305155
0,0,0.00084682787
0,0,0.0009708322
0,0,0.0011503631
0,0,0.00045924794
0,0,0.00040243345
0,0,0.00039088458
0,0,0.00041835418
0,0,0.00091808086
0,0,0.0015812727
0,0,0.0015493238
0,0,0.0009619422
0,0,0.00082346733
0,0,0.0006707109
0,0,0.00044676595
0,0,0.000356579
0,0,0.00037384033
0,0,0.0005162346
0,0,0.00061447045
1,0,0.007970712
1,0,0.016403431
1,0,0.020915497
1,0,0.039922576
1,0,0.055424288
1,0,0.09366116
1,0,0.102475695
1,0,0.082980916
1,0,0.0552898
1,0,0.03684389
1,0,0.021625167
1,0,0.008783695
1,0,0.010596323
1,0,0.010917132
1,0,0.008514841
1,0,0.005873942
1,0,0.010513112
1,0,0.014779783
1,0,0.0127930185
1,0,0.0100634685
1,0,0.012052859
1,0,0.00963584
1,0,0.00096919504
1,0,0.0002997778
1,0,0.0013286896
1,0,0.0010958627
1,0,0.0014180891
1,0,0.0027552918
1,0,0.007157108
1,0,0.008443658
1,0,0.00819879
1,0,0.008210368
1,0,0.0074525476
1,0,0.004355288
1,0,0.0030507296
1,0,0.0012311783
1,0,0.0008204487
1,0,0.0010888785
1,0,0.0014237481
1,0,0.0023943742
1,0,0.004813329
1,0,0.008188054
1,0,0.005950533
1,0,0.0049775355
1,0,0.0032547414
1,0,0.0018591664
1,0,0.0013211601
1,0,0.0014790194
1,0,0.0019427615
1,0,0.0026006994
1,0,0.003238288
1,0,0.0027298375
1,0,0.002297008
1,0,0.0018818027
1,0,0.001872857
1,0,0.00149062
1,0,0.001859139
1,0,0.0018058667
1,0,0.0027902513
1,0,0.0029108245
1,0,0.002655286
1,0,0.0019175821
1,0,0.0014511592
1,0,0.0010501877
1,0,0.0010637732
1,0,0.0010576566
1,0,0.0009556623
1,0,0.00048015208
1,0,0.0006647336
1,0,0.0005742742
1,0,0.0004923809
1,0,0.000819058
1,0,0.0012002507
1,0,0.001250178
1,0,0.00080042257
1,0,0.0007083214
1,0,0.00066299463
0,0,0.17762323
0,0,0.20681752
0,0,0.25465855
0,0,0.2641954
0,0,0.23586136
0,0,0.23389031
0,0,0.273673
0,0,0.33078355
0,0,0.4181772
0,0,0.47908324
0,0,0.4677402
0,1,0.57630926
0,1,0.6023387
0,1,0.61501205
0,1,0.6146581
0,1,0.67882824
0,1,0.6438068
0,1,0.58390063
0,1,0.59341353
0,1,0.59996194
0,1,0.5872707
0,1,0.5890116
0,1,0.5462251
0,0,0.49918294
0,0,0.41565454
0,0,0.37005368
0,0,0.43129945
0,0,0.4910597
0,1,0.55165714
0,1,0.62134033
0,1,0.65334696
0,1,0.6294762
0,1,0.58560795
0,0,0.4703413
0,0,0.34240606
0,0,0.27217877
0,0,0.25920162
0,0,0.24263227
0,0,0.25941363
0,0,0.379272
0,0,0.49408326
0,1,0.58849615
0,1,0.5980078
0,1,0.6204773
0,1,0.5827328
0,1,0.53906083
0,0,0.4059832
0,0,0.35937795
0,0,0.27373376
0,0,0.21217048
0,0,0.13559139
0,0,0.15053833
0,0,0.25375473
0,0,0.34701496
0,0,0.43000677
0,0,0.48412094
0,1,0.53030366
0,0,0.4383818
0,0,0.33339638
0,0,0.22630821
0,0,0.1957018
0,0,0.11219076
0,0,0.09756666
0,0,0.10590525
0,0,0.10377594
0,0,0.102974206
0,0,0.106908225
0,0,0.113318875
0,0,0.1330083
0,0,0.13770694
0,0,0.14465895
0,0,0.14755806
0,0,0.19761677
0,0,0.22944905
0,0,0.28149262
0,0,0.2923171
0,0,0.30684838
0,0,0.26572657
0,0,0.18474054
0,0,0.15268315
0,0,0.15167926
0,0,0.18350421
0,0,0.2043656
0,0,0.29765636
0,0,0.36628795
0,0,0.46417123
0,0,0.4692882
0,0,0.44713542
0,0,0.4271088
0,0,0.37501705
1,0,0.31144413
1,0,0.26470983
1,0,0.25344482
1,0,0.2364808
1,0,0.22530504
1,0,0.26186946
1,0,0.28325546
1,0,0.30527252
1,0,0.29952252
1,0,0.26830903
1,0,0.20058538
0,0,0.24437863
0,0,0.30918866
0,0,0.3673501
0,0,0.41214713
0,0,0.46031293
0,0,0.43344942
0,0,0.3155354
0,0,0.29559955
0,0,0.29344448
0,0,0.2513099
0,0,0.2235716
0,0,0.218387
0,0,0.17493133
0,0,0.14910957
0,0,0.18724933
0,0,0.21461889
0,0,0.2563032
0,0,0.2884083
0,0,0.2740886
0,0,0.33314073
0,0,0.40815333
0,0,0.47450244
0,0,0.46837598
0,0,0.4525186
0,0,0.45926714
0,0,0.47584292
0,1,0.5472763
0,1,0.578359
0,1,0.615571
0,1,0.5192018
0,0,0.43217775
0,0,0.31935915
0,0,0.33838546
0,0,0.40175197
0,0,0.4607855
0,0,0.44307944
0,0,0.43580255
0,0,0.3248314
0,0,0.22402923
0,0,0.18270433
0,0,0.17439142
0,0,0.14332107
0,0,0.111050606
0,0,0.10303641
0,0,0.101047374
0,0,0.104518466
0,0,0.13140057
0,0,0.14968733
0,0,0.16068055
0,0,0.1645598
0,0,0.14827134
0,0,0.15857895
0,0,0.17269279
0,0,0.24957329
0,0,0.31149217
0,0,0.3784806
0,0,0.4291402
0,0,0.44505787
0,0,0.47774085
0,0,0.49287376
0,1,0.50072306
0,0,0.47569126
0,0,0.42999995
0,0,0.40506563
0,0,0.4044134
0,0,0.46326748
0,1,0.53989327
0,1,0.6042163
0,1,0.63189876
0,1,0.6402679
0,1,0.64119273
0,1,0.5982631
0,1,0.5096873
0,0,0.47564697
0,0,0.48110408
0,0,0.42852536
0,0,0.4206166
0,0,0.41491848
0,0,0.37535912
0,0,0.3831518
0,0,0.42059344
0,0,0.4541849
0,0,0.4963728
0,1,0.53050625
0,1,0.5082462
0,0,0.491651
0,0,0.4651968
0,0,0.41776854
0,0,0.4302635
0,0,0.48511928
0,1,0.51291734
0,1,0.54638505
0,1,0.56073207
0,1,0.5483701
0,1,0.54436195
0,1,0.57829124
0,1,0.5845661
0,1,0.57647645
0,1,0.554619
0,0,0.4834963
0,0,0.4124065
0,0,0.4038492
0,0,0.4342124
0,0,0.48727494
0,1,0.53208554
0,1,0.5021158
0,0,0.45873487
0,0,0.05858269
0,0,0.00443018
0,0,0.0084879035
0,0,0.020166602
0,0,0.048856802
0,0,0.07311925
0,0,0.08459247
0,0,0.11125219
0,0,0.10348636
0,0,0.08105877
0,0,0.053301383
0,0,0.030090522
0,0,0.027434329
0,0,0.019142129
0,0,0.023657791
0,0,0.025578057
0,0,0.027047273
0,0,0.030011246
0,0,0.029608686
0,0,0.022148859
0,0,0.014765576
0,0,0.016435884
0,0,0.014116242
0,0,0.009504751
0,0,0.008179728
0,0,0.008613141
0,0,0.016163416
0,0,0.017743671
0,0,0.01886602
0,0,0.0158326
0,0,0.026926568
0,0,0.031255577
0,0,0.048298806
0,0,0.04937604
0,0,0.041102264
0,0,0.025986861
0,0,0.010872959
0,0,0.015294291
0,0,0.02066507
0,0,0.019724518
0,0,0.043923106
0,0,0.02964729
0,0,0.010147659
0,0,0.006489991
0,0,0.010656603
1,1,0.5458315
1,0,0.46343234
1,0,0.29396796
1,0,0.48959902
1,1,0.50052315
1,1,0.52234244
1,1,0.60604334
1,1,0.6898726
1,1,0.8029662
1,1,0.7808451
1,1,0.71882766
1,1,0.8732729
1,1,0.7740235
1,1,0.66418767
1,1,0.58228004
1,1,0.5196223
1,1,0.5878294
1,1,0.66485745
1,1,0.73087907
1,1,0.77316314
1,1,0.8125443
1,1,0.74783766
1,1,0.6670283
1,1,0.7411441
1,1,0.70947987
1,1,0.6610466
1,1,0.6628319
1,1,0.69659364
1,1,0.74108297
1,1,0.7882915
1,1,0.82513285
1,1,0.8734416
1,1,0.8544165
1,1,0.84662545
1,1,0.8820273
1,1,0.7225468
1,1,0.6434853
1,1,0.7026535
1,1,0.74772984
1,1,0.76618207
1,1,0.7249663
1,1,0.748155
1,1,0.71593505
1,1,0.64339596
1,1,0.65455145
1,1,0.74594885
1,1,0.7739406
1,1,0.7551516
1,1,0.6394085
1,1,0.6635944
1,1,0.65552545
1,1,0.67227995
1,1,0.63068235
1,1,0.69102925
1,1,0.6728157
0,0,0.2878813
0,0,0.068847336
0,0,0.040545285
0,0,0.03798725
0,0,0.021575203
0,0,0.040487356
0,0,0.03865824
0,0,0.04296261
0,0,0.06937307
0,0,0.076980166
0,0,0.09017433
0,0,0.080247305
0,0,0.10602941
0,0,0.12370974
0,0,0.12307342
0,0,0.030612467
0,0,0.007244922
0,0,0.001577851
0,0,0.0020783897
0,0,0.003226656
0,0,0.00498797
0,0,0.006183052
0,0,0.004125547
0,0,0.008948702
0,0,0.02091733
0,0,0.07858217
0,0,0.11344112
0,0,0.16333883
0,0,0.13546605
1,1,0.7013004
1,1,0.50344294
1,0,0.25877473
1,1,0.52748215
1,1,0.5610205
1,1,0.62476236
1,1,0.6395132
1,1,0.6368207
1,1,0.7174882
1,1,0.74649525
1,1,0.7542313
1,1,0.73000777
1,1,0.75206584
1,1,0.7757803
1,1,0.6903994
1,1,0.529004
1,1,0.5590482
1,1,0.63519895
1,1,0.6678092
1,1,0.69658405
1,1,0.7098525
1,1,0.7071668
1,0,0.15253785
1,0,0.03566614
1,0,0.022876205
1,0,0.010308723
1,0,0.0083500035
1,0,0.005943447
1,0,0.008689489
1,0,0.009435466
1,0,0.009328141
1,0,0.008007239
1,0,0.0064287935
1,0,0.006079236
1,0,0.007153256
1,0,0.008795049
1,0,0.009765009
1,0,0.008283884
1,0,0.007487222
1,0,0.006508939
1,0,0.007785706
1,0,0.0077963076
1,0,0.0054555377
1,0,0.00296106
1,0,0.0024393317
1,0,0.0029171088
1,0,0.005143265
1,0,0.0099423975
1,0,0.014759106
1,0,0.015698519
1,0,0.017138258
1,0,0.014486286
1,0,0.013160247
1,0,0.0048675346
1,0,0.0061870003
0,0,0.0109301135
0,0,0.02064393
0,0,0.019002583
0,0,0.010423463
0,0,0.0072026066
0,0,0.005022408
0,0,0.0026326554
0,0,0.0022516309
0,0,0.003943488
0,0,0.010839207
0,0,0.024564186
0,0,0.04294228
0,0,0.04657414
0,0,0.034148995
0,0,0.027721165
0,0,0.03663975
0,0,0.042055216
0,0,0.040014528
0,0,0.041330613
0,0,0.04292881
0,0,0.049118873
0,0,0.04083363
0,0,0.3697978
0,0,0.22431162
0,0,0.046684515
0,0,0.094841845
0,0,0.1820106
0,0,0.26194704
0,0,0.27459458
0,0,0.31767395
0,0,0.40013617
0,0,0.37189063
0,0,0.38515705
0,1,0.55192363
0,1,0.61244875
0,1,0.6418916
0,1,0.7228619
0,1,0.65957814
0,1,0.6556853
0,1,0.6395156
0,1,0.63941985
0,1,0.6486673
0,1,0.6743439
0,1,0.67665374
0,1,0.65110433
0,1,0.66913164
0,1,0.7082299
0,1,0.7220323
0,1,0.72201544
0,1,0.7328885
0,1,0.73640615
0,1,0.69583154
0,1,0.7012036
0,1,0.7303517
0,1,0.72093254
0,1,0.7388441
0,1,0.75712
0,1,0.7208153
0,1,0.70574826
0,1,0.72055805
0,1,0.6834661
0,1,0.69826347
0,1,0.72712106
0,1,0.7540699
0,1,0.7448505
0,1,0.6858354
0,1,0.66894
0,1,0.6913125
0,1,0.74662054
0,1,0.766746
0,1,0.6571283
0,1,0.6101038
0,0,0.44237113
0,0,0.42301673
0,1,0.56639135
0,1,0.6782301
0,1,0.78023624
0,1,0.83912605
0,1,0.8168938
1,1,0.77803224
1,1,0.7582784
1,1,0.74281436
1,1,0.60175896
1,1,0.57205683
1,1,0.5825645
1,1,0.54739875
1,1,0.6736714
1,1,0.6932263
1,1,0.6396848
1,1,0.5827488
1,1,0.6806419
1,1,0.7741736
1,1,0.677682
1,1,0.5708055
1,1,0.6629413
1,1,0.7970801
1,1,0.788085
1,1,0.687415
1,1,0.6516835
1,1,0.5899569
1,1,0.74325114
1,1,0.74997926
1,1,0.7242895
1,1,0.63269645
1,1,0.5041549
1,0,0.42355287
1,0,0.4479244
1,0,0.36840627
1,0,0.23897864
1,0,0.32879096
1,0,0.3791518
1,0,0.34958172
0,0,0.4379498
0,0,0.41131517
0,0,0.29229197
0,0,0.26725462
0,0,0.30476573
0,0,0.28685158
0,0,0.32177705
0,0,0.4465635
0,1,0.540505
0,1,0.58365726
0,1,0.55641174
0,0,0.11248479
0,0,0.029020114
0,0,0.019514525
0,0,0.004045337
0,0,0.007813988
0,0,0.009919125
0,0,0.008004619
0,0,0.005447875
0,0,0.0039303624
0,0,0.0028964253
0,0,0.002103519
0,0,0.0015717341
0,0,0.0015108739
0,0,0.0014700182
0,0,0.0016301429
0,0,0.0018873941
0,0,0.0019170018
0,0,0.0019093007
0,0,0.0015763104
0,0,0.0012888814
0,0,0.0021272758
0,0,0.0012551998
0,0,0.0021743183
0,0,0.0031539812
0,0,0.002611209
0,0,0.0020892443
0,0,0.0017857925
0,0,0.0017033305
0,0,0.001322227
1,0,0.032627303
1,0,0.12141288
1,0,0.160974
1,0,0.37781993
1,0,0.4264127
1,0,0.4484161
1,0,0.47988725
1,1,0.64948237
1,1,0.6203115
1,1,0.6852421
1,1,0.71068645
1,1,0.7879241
1,1,0.8184713
1,1,0.8779868
1,1,0.85964125
1,1,0.8880719
1,1,0.8293225
1,1,0.86673796
1,1,0.8182595
1,1,0.85682094
1,1,0.84155935
1,1,0.8341388
0,0,0.46301752
0,0,0.21749228
0,0,0.20184997
0,0,0.27968442
0,0,0.45928
0,1,0.58024555
0,1,0.5821031
0,1,0.566122
0,1,0.5681312
0,0,0.48875266
0,0,0.37133
0,0,0.37786785
0,0,0.4609441
0,1,0.5241643
0,0,0.49747074
0,1,0.5292582
0,1,0.5489651
0,1,0.5381202
0,0,0.4898347
0,0,0.48605374
0,1,0.52238625
0,1,0.53587997
0,1,0.5018729
0,1,0.50711596
0,1,0.54921514
0,1,0.5152715
0,0,0.46130484
0,0,0.4768315
0,0,0.49511454
0,0,0.434211
0,0,0.39133105
0,0,0.4098229
0,0,0.37094516
1,0,0.18520479
1,0,0.07426351
1,0,0.035912663
1,0,0.034903683
1,0,0.004652786
1,0,0.0048973006
1,0,0.0019553467
1,0,0.0024670942
1,0,0.0011730985
1,0,0.0022758134
1,0,0.001657987
1,0,0.0033704722
1,0,0.0028550078
1,0,0.0041118953
1,0,0.0023232112
1,0,0.00125144
1,0,0.0009138436
1,0,0.0006695451
1,0,0.0022427293
1,0,0.001497011
1,0,0.0041127466
1,0,0.0028486834
0,0,0.23874895
0,0,0.19587247
0,0,0.04681765
0,0,0.016592339
0,0,0.05383008
0,0,0.13687554
0,0,0.15076013
0,0,0.18781348
0,0,0.22718132
0,0,0.25361386
0,0,0.25616986
0,0,0.19905707
0,0,0.32210615
0,0,0.22012654
0,0,0.221486
0,0,0.30854043
0,0,0.37207657
0,0,0.38113755
0,0,0.37194794
0,0,0.35648417
0,0,0.36361736
0,0,0.34111387
0,0,0.2843265
0,0,0.23151648
0,0,0.22388968
0,0,0.28124398
0,0,0.31349894
0,0,0.367289
0,0,0.37729567
0,0,0.2646067
0,0,0.23322822
0,0,0.25159764
0,0,0.29109585
0,0,0.28462112
0,0,0.2791786
0,0,0.272282
0,0,0.2656062
0,0,0.27054936
0,0,0.29561487
0,0,0.3199343
0,0,0.31618032
0,0,0.28985083
0,0,0.24125238
0,0,0.21288744
0,0,0.22948778
0,0,0.26950186
0,1,0.92044073
0,1,0.9817675
0,1,0.9353716
0,1,0.9495898
0,1,0.9541846
0,1,0.9743279
0,1,0.95474845
0,1,0.95408326
0,1,0.94643766
0,1,0.94873923
0,1,0.87764883
1,1,0.8554496
1,1,0.75758755
1,1,0.84029704
1,1,0.89983284
1,1,0.962023
1,1,0.9731056
1,1,0.95473456
1,1,0.9143489
1,1,0.9026449
1,1,0.89960897
1,1,0.880451
1,1,0.8381243
1,1,0.80222815
1,1,0.86703503
1,1,0.89555573
1,1,0.83734345
1,1,0.85184133
1,1,0.8118547
1,1,0.69745827
1,1,0.5914792
1,1,0.51587814
1,1,0.6479147
0,1,0.7974768
0,1,0.8918076
0,1,0.9033514
0,1,0.90649563
0,1,0.897234
0,1,0.9007104
0,1,0.8770356
0,1,0.8881126
0,1,0.9222152
0,1,0.93980443
0,1,0.95477724
1,1,0.9152706
1,1,0.8271946
1,1,0.74594986
1,1,0.69580454
1,1,0.67666566
1,1,0.7946194
1,1,0.8455058
1,1,0.8467907
1,1,0.9034121
1,1,0.9531061
1,1,0.9554644
1,1,0.5406396
1,0,0.24654478
1,0,0.22070636
1,0,0.16307259
1,0,0.10428777
1,0,0.100622565
1,0,0.13003686
1,0,0.14588687
1,0,0.15855661
1,0,0.18921268
1,0,0.1973947
1,0,0.31537977
1,0,0.43659836
1,1,0.52460873
1,1,0.57541454
1,1,0.5878
1,1,0.5828453
1,1,0.5402596
1,1,0.5168403
1,0,0.4481956
1,0,0.44858634
1,0,0.42746803
1,0,0.46566242
1,0,0.39384812
1,0,0.38493037
1,0,0.31361836
1,0,0.24931501
1,0,0.22606112
1,0,0.2515458
0,1,0.7465756
0,1,0.9204622
0,1,0.93097603
0,1,0.9305643
0,1,0.88137245
0,1,0.8342021
0,1,0.781986
0,1,0.83953124
0,1,0.8239552
0,1,0.62878704
0,0,0.472413
1,1,0.62266845
1,1,0.82768357
1,1,0.9192014
1,1,0.8684869
1,1,0.85993147
1,1,0.7989048
1,1,0.81230545
1,1,0.82559335
1,1,0.86717105
1,1,0.85868394
1,1,0.7997106
0,0,0.41191372
0,0,0.23325337
0,0,0.41482028
0,0,0.4156213
0,0,0.30236378
0,0,0.25056937
0,0,0.12922104
0,0,0.12422942
0,0,0.1334883
0,0,0.14980596
0,0,0.17396167
0,0,0.25217947
0,0,0.27010116
0,0,0.22212201
0,0,0.1891575
0,0,0.14777778
0,0,0.120383464
0,0,0.16236913
0,0,0.19940762
0,0,0.2266497
0,0,0.2729102
0,0,0.27521062
0,0,0.2926567
0,0,0.2538047
0,0,0.25806487
0,0,0.07548243
0,0,0.046808988
0,0,0.02179357
0,0,0.04474052
0,0,0.0697476
0,0,0.09051522
0,0,0.07938606
0,0,0.078814946
0,0,0.114275835
0,0,0.14992546
0,0,0.248561
0,0,0.3417706
0,0,0.4089731
0,0,0.41830814
0,0,0.47344878
0,0,0.40375462
0,0,0.3242311
0,0,0.25850442
0,0,0.2036615
0,0,0.24125585
0,0,0.27118644
0,0,0.282234
0,0,0.3598212
0,0,0.39516267
0,0,0.37426844
0,0,0.35213903
0,0,0.36175445
0,0,0.38198322
0,0,0.41658747
0,0,0.42288023
0,0,0.20339137
0,0,0.08496836
0,0,0.040526863
0,0,0.06120064
0,0,0.060676306
0,0,0.03731695
0,0,0.034046423
0,0,0.02786038
0,0,0.031470977
0,0,0.02582477
0,0,0.023133889
0,0,0.028559746
0,0,0.02864643
0,0,0.050370343
0,0,0.07744036
0,0,0.12980545
0,0,0.12474877
0,0,0.09026676
0,0,0.09272829
0,0,0.0874942
0,0,0.079515465
0,0,0.06913109
0,0,0.065527946
0,0,0.059153117
0,0,0.060917433
0,0,0.07783623
0,0,0.091282696
0,0,0.090025604
0,0,0.08303911
0,0,0.07696531
0,0,0.06997659
0,0,0.08955003
0,0,0.20146409
0,0,0.43882975
0,0,0.38618803
0,0,0.31342742
0,0,0.2441206
0,0,0.1174533
0,0,0.0763505
0,0,0.065898426
0,0,0.08095703
0,0,0.09653452
0,0,0.10300063
0,0,0.10015597
0,0,0.083855495
0,0,0.08828275
0,1,0.77200645
0,1,0.88476336
0,1,0.6860845
0,1,0.5555836
0,1,0.560809
0,1,0.7070757
0,1,0.6451912
0,1,0.5788605
0,1,0.53698474
0,1,0.6070102
0,1,0.8253872
0,1,0.8601637
0,1,0.86727875
0,1,0.77937704
0,1,0.6143152
0,1,0.5825989
0,1,0.55124027
0,1,0.6061271
0,1,0.6310886
0,1,0.62960774
0,1,0.7072467
0,1,0.70860445
1,1,0.71424484
1,1,0.7264194
1,1,0.8285037
1,1,0.89364797
1,1,0.8555425
1,1,0.7671781
1,1,0.64579356
1,1,0.5027529
1,0,0.49938473
1,0,0.46833503
1,0,0.47496322
0,1,0.69386345
0,1,0.8022604
0,1,0.8430405
0,1,0.7911336
0,1,0.76272136
0,1,0.8040348
0,1,0.74044
0,1,0.6737472
0,1,0.59458184
0,1,0.7180598
0,1,0.7860581
1,1,0.7777519
1,1,0.7936997
1,1,0.8106349
1,1,0.8286257
1,1,0.8703264
1,1,0.8171974
1,1,0.73148024
1,1,0.7829511
1,1,0.7901238
1,1,0.73467505
1,1,0.72865224
0,0,0.21592689
0,0,0.06734018
0,0,0.04984309
0,0,0.051969934
0,0,0.0589663
0,0,0.057641968
0,0,0.053299967
0,0,0.043632545
0,0,0.0374349
0,0,0.029100737
0,0,0.026014999
0,0,0.01589975
0,0,0.009312823
0,0,0.007003702
0,0,0.0076034763
0,0,0.009374041
0,0,0.010418515
0,0,0.009396926
0,0,0.006167621
0,0,0.0038001235
0,0,0.0023181692
0,0,0.008173735
0,0,0.03175848
0,0,0.06704225
0,0,0.046557456
0,0,0.04176548
0,0,0.045622118
0,0,0.044802066
0,0,0.0491173
0,1,0.54035
0,1,0.6861505
0,1,0.54350495
0,0,0.45027387
0,0,0.38513443
0,0,0.33340022
0,0,0.37817356
0,0,0.41787872
0,1,0.5231269
0,1,0.6360305
0,1,0.6175457
1,1,0.6218543
1,1,0.60298187
1,1,0.55700326
1,0,0.4330383
1,0,0.48335367
1,1,0.61403525
1,1,0.6295701
1,1,0.64031273
1,1,0.64192706
1,1,0.66933924
1,1,0.79945976
0,0,0.20061862
0,0,0.07272607
0,0,0.069785394
0,0,0.14120467
0,0,0.15240738
0,0,0.18739933
0,0,0.15917356
0,0,0.09402643
0,0,0.0456472
0,0,0.038191155
0,0,0.044270333
0,0,0.054932117
0,0,0.06934146
0,0,0.08533866
0,0,0.10501157
0,0,0.11005887
0,0,0.124925084
0,0,0.120958105
0,0,0.1242301
0,0,0.13807641
0,0,0.14104356
0,0,0.15111709
0,0,0.13965812
0,0,0.123736545
0,0,0.112505466
0,0,0.072782345
0,0,0.10616498
0,0,0.13463189
0,0,0.19123942
0,0,0.25879353
0,0,0.21346983
0,0,0.1717903
0,0,0.09375985
0,0,0.07590693
0,0,0.082581386
0,0,0.11411001
0,0,0.2667569
0,0,0.35840487
0,0,0.43532157
0,0,0.43252254
0,0,0.41096422
0,0,0.2740358
0,0,0.18590933
0,0,0.15283465
0,0,0.082449146
0,0,0.053384013
0,0,0.03493422
0,0,0.05128353
0,0,0.041679777
0,0,0.04259348
0,0,0.047678832
0,0,0.045991454
0,0,0.049935583
0,0,0.053009856
0,0,0.045005653
0,0,0.054696817
0,0,0.008065489
0,0,0.011246905
0,0,0.031010557
0,0,0.1210501
0,0,0.1392446
0,0,0.15346587
0,0,0.15042663
0,0,0.14425558
0,0,0.14095138
0,0,0.15165798
0,0,0.18141158
0,0,0.17489015
0,0,0.16845666
0,0,0.18761405
0,0,0.22679889
0,0,0.24436648
0,0,0.2787353
0,0,0.30718666
0,0,0.32300654
0,0,0.31361067
0,0,0.2962891
0,0,0.31146008
0,0,0.32131317
0,0,0.32298687
0,0,0.3038273
0,0,0.30270222
0,0,0.2849288
0,0,0.2768846
0,0,0.26061597
0,0,0.25163487
0,0,0.23222393
0,0,0.20825218
0,0,0.18259181
0,0,0.1595647
0,0,0.17047313
0,0,0.1584633
0,0,0.15952091
0,0,0.16230476
0,0,0.14901815
0,0,0.13535897
0,0,0.114822686
0,0,0.10856222
0,0,0.106334224
0,0,0.10564008
0,0,0.11001824
1,0,0.09416857
1,0,0.08451761
1,0,0.04447761
1,0,0.03869391
1,0,0.03242615
1,0,0.04901784
1,0,0.06259585
1,0,0.08525291
1,0,0.081096366
1,0,0.07356783
1,0,0.068787776
1,0,0.049516417
1,0,0.059359923
1,0,0.05037902
1,0,0.08307529
1,0,0.094282396
1,0,0.12267274
1,0,0.12252866
1,0,0.10517436
1,0,0.08915569
1,0,0.08478544
1,0,0.101614185
1,0,0.11794298
1,0,0.13875084
1,0,0.14491178
1,0,0.14981651
1,0,0.15966679
1,0,0.19262284
1,0,0.22253023
1,0,0.26734862
1,0,0.26135132
1,0,0.19383216
1,0,0.15454134
1,0,0.14303386
1,0,0.14085695
1,0,0.12128927
1,0,0.10072454
1,0,0.08932572
1,0,0.08954986
1,0,0.10298891
1,0,0.107314534
1,0,0.13542318
1,0,0.1407489
1,0,0.12803996
1,0,0.11596121
1,0,0.11118124
1,0,0.11072896
1,0,0.10818575
1,0,0.13208446
1,0,0.13975926
1,0,0.14407638
1,0,0.14638211
1,0,0.17306857
1,0,0.20475233
1,0,0.2206094
0,0,0.18584776
0,0,0.16915983
0,0,0.11734585
0,0,0.103511386
0,0,0.10645361
0,0,0.12956333
0,0,0.14058651
0,0,0.13724093
0,0,0.15395086
0,0,0.15956043
0,0,0.18147844
1,0,0.14523193
1,0,0.14940172
1,0,0.09287079
1,0,0.097440414
1,0,0.08214898
1,0,0.12315931
1,0,0.13128626
1,0,0.15785797
1,0,0.15514362
1,0,0.122059904
1,0,0.10279098
0,0,0.08307168
0,0,0.0859115
0,0,0.086829014
0,0,0.13071616
0,0,0.15439793
0,0,0.17428757
0,0,0.20089796
0,0,0.21084012
0,0,0.20889477
0,0,0.19474341
0,0,0.1901209
0,0,0.18403226
0,0,0.17843458
0,0,0.17091915
0,0,0.15375696
0,0,0.1462478
0,0,0.14763618
0,0,0.15099277
0,0,0.15666853
0,0,0.1560933
0,0,0.1581952
0,0,0.16541539
0,0,0.17109865
0,0,0.17479424
0,0,0.18635714
0,0,0.17930529
0,0,0.1704582
0,0,0.1693869
0,0,0.16468991
0,0,0.16462067
0,0,0.1603401
0,0,0.15803348
0,0,0.14443715
1,0,0.13829325
1,0,0.13136211
1,0,0.12008321
1,0,0.11384453
1,0,0.112256534
1,0,0.1146093
1,0,0.11709975
1,0,0.12079402
1,0,0.12600318
1,0,0.1267715
1,0,0.12227121
1,0,0.12432146
1,0,0.120770745
1,0,0.11709209
1,0,0.10798704
1,0,0.099362455
1,0,0.10261935
1,0,0.09610437
1,0,0.09891679
1,0,0.10415265
1,0,0.10818912
1,0,0.10515924
0,0,0.030860102
0,0,0.036047347
0,0,0.015743133
0,0,0.0076451823
0,0,0.006272803
0,0,0.0045098015
0,0,0.0036934006
0,0,0.0031671983
0,0,0.0029365597
0,0,0.0028863747
0,0,0.0036854285
0,0,0.008319123
0,0,0.01565205
0,0,0.04587191
0,0,0.12580793
0,0,0.17185546
0,0,0.06848848
0,0,0.040720254
0,0,0.036221083
0,0,0.03437024
0,0,0.03411076
0,0,0.080223866
0,0,0.15046158
0,0,0.17463876
0,0,0.14426014
0,0,0.073699005
0,0,0.028516999
0,0,0.012101355
0,0,0.009320926
0,0,0.008713069
0,0,0.008444086
0,0,0.009073471
0,0,0.009272173
0,0,0.010673533
0,0,0.009763242
0,0,0.010185092
0,0,0.010194806
0,0,0.011155391
0,0,0.011395868
0,0,0.0099302055
0,0,0.0093300445
0,0,0.0079162065
0,0,0.0079585565
0,0,0.007485472
0,0,0.008698079
0,0,0.00961149
1,0,0.27565768
1,1,0.7764268
1,1,0.7467101
1,1,0.7018563
1,1,0.7061228
1,1,0.71176153
1,1,0.66742563
1,1,0.72818774
1,1,0.72383
1,1,0.7120252
1,1,0.732549
1,1,0.7082827
1,1,0.83488107
1,1,0.8979455
1,1,0.92823756
1,1,0.92965984
1,1,0.95921123
1,1,0.9493534
1,1,0.9680169
1,1,0.9226214
1,1,0.9378924
1,1,0.9690071
1,1,0.91205555
1,1,0.81010455
1,1,0.7132218
1,1,0.75562763
1,1,0.78997123
1,1,0.7977768
1,1,0.7833616
1,1,0.80637294
1,1,0.78146964
1,1,0.75661886
1,1,0.7510783
1,1,0.6127448
1,1,0.5736649
1,1,0.5724008
1,1,0.59287554
1,1,0.6970178
1,1,0.70898676
1,1,0.5522649
1,1,0.57784015
1,1,0.6184045
1,0,0.45276067
1,0,0.43695578
1,1,0.82747823
1,1,0.8884221
1,1,0.9384878
1,1,0.883526
1,1,0.818178
1,1,0.7282747
1,1,0.74699795
1,1,0.6929615
1,1,0.7583494
1,1,0.86906326
1,1,0.8923938
0,0,0.24393155
0,0,0.076426394
0,0,0.07397981
0,0,0.03786674
0,0,0.020282397
0,0,0.016738918
0,0,0.013309604
0,0,0.011661806
0,0,0.01088026
0,0,0.0111404
0,0,0.011742432
0,0,0.010362913
0,0,0.009270404
0,0,0.009430538
0,0,0.009539591
0,0,0.010802514
0,0,0.0144869
0,0,0.020612156
0,0,0.026066046
0,0,0.0255062
0,0,0.021588687
0,0,0.014673455
0,0,0.010887226
0,0,0.010354891
0,0,0.010602023
0,0,0.011547375
0,0,0.010971876
0,0,0.009908634
0,0,0.008789829
1,0,0.40846446
1,1,0.81980765
1,1,0.8743842
1,1,0.91645163
1,1,0.9689529
1,1,0.96173304
1,1,0.93548083
1,1,0.92478764
1,1,0.8948012
1,1,0.75603884
1,0,0.47028986
1,1,0.6806046
1,0,0.42902794
1,0,0.4102841
1,1,0.56438434
1,1,0.8594838
1,1,0.882173
1,1,0.89121485
1,1,0.88125575
1,1,0.89629245
1,1,0.9138189
1,1,0.9188642
1,0,0.15376115
1,0,0.036809184
1,0,0.03711298
1,0,0.020590363
1,0,0.011466391
1,0,0.013499578
1,0,0.013317025
1,0,0.012068359
1,0,0.01181518
1,0,0.011657026
1,0,0.010903309
1,0,0.011734354
1,0,0.0119544845
1,0,0.010390521
1,0,0.009136416
1,0,0.008304352
1,0,0.008104919
1,0,0.008510989
1,0,0.00952527
1,0,0.012178571
1,0,0.013998275
1,0,0.013014647
1,0,0.012879488
1,0,0.011974101
1,0,0.011575392
1,0,0.013799861
1,0,0.014407442
1,0,0.01374956
1,0,0.011831855
1,0,0.009873103
1,0,0.009769261
1,0,0.010611761
1,0,0.010910527
1,0,0.010170252
1,0,0.012540656
1,0,0.022801064
1,0,0.039717313
1,0,0.060941767
1,0,0.082354255
1,0,0.08336501
1,0,0.057138745
1,0,0.035270497
1,0,0.022769075
1,0,0.014475445
1,0,0.009826302
1,0,0.008280517
1,0,0.008738207
1,0,0.011365395
1,0,0.016656691
1,0,0.020354591
1,0,0.021669086
1,0,0.019742867
1,0,0.015730213
1,0,0.01305592
1,0,0.011037025
0,0,0.034350798
0,0,0.059547685
0,0,0.056577574
0,0,0.05668883
0,0,0.085942976
0,0,0.11084236
0,0,0.099162534
0,0,0.095192894
0,0,0.10046256
0,0,0.08753257
0,0,0.1077397
1,0,0.17234844
1,0,0.13276924
1,0,0.32384157
1,0,0.4012581
1,0,0.41787192
1,0,0.36828306
1,0,0.45039424
1,0,0.38508782
1,0,0.2862665
1,0,0.21050516
1,0,0.29239362
1,0,0.2715153
1,0,0.36641085
1,0,0.38617006
1,0,0.3842579
1,0,0.30542064
1,0,0.14743738
1,0,0.3771971
1,0,0.24047159
1,0,0.18770547
1,0,0.20727612
1,0,0.2752243
1,0,0.2905149
1,0,0.17284156
1,0,0.24146356
1,0,0.12667336
1,0,0.052007407
1,0,0.02416009
1,0,0.030960279
1,0,0.0703897
1,0,0.07111905
1,0,0.08121548
1,0,0.1323866
1,0,0.16453178
1,0,0.13196476
1,1,0.95147717
1,1,0.99821544
1,1,0.99692374
1,1,0.9962255
1,1,0.9976077
1,1,0.99926513
1,1,0.99914575
1,1,0.99836475
1,1,0.997672
1,1,0.99681705
1,1,0.99763393
1,1,0.9975969
1,1,0.9959298
1,1,0.99184227
1,1,0.9848029
1,1,0.9637345
1,1,0.959547
1,1,0.98048615
1,1,0.98381585
1,1,0.9889897
1,1,0.99524325
1,1,0.99774534
1,1,0.9936
1,1,0.99532074
1,1,0.9967565
1,1,0.99562365
1,1,0.9961255
1,1,0.9961345
1,1,0.99677366
1,1,0.997983
1,1,0.9982152
1,1,0.9989598
1,1,0.9987488
1,1,0.99851125
1,1,0.9987722
1,1,0.9945886
1,1,0.9919825
1,1,0.9917441
1,1,0.99824023
1,1,0.99868196
1,1,0.9979984
1,1,0.999213
1,1,0.99935085
1,1,0.99849963
1,1,0.99873155
1,1,0.9993687
1,1,0.9990464
1,1,0.9988175
1,1,0.9988543
1,1,0.9989222
1,1,0.9971316
1,1,0.984729
1,1,0.9734244
1,1,0.90276647
1,1,0.94529456
0,1,0.50899833
0,0,0.3434516
0,1,0.54065037
0,0,0.45967233
0,1,0.5535374
0,1,0.60456717
0,1,0.650947
0,1,0.7123303
0,1,0.6146737
0,1,0.55990416
0,1,0.62562203
0,1,0.7910684
0,1,0.85304695
0,1,0.7986288
0,1,0.7742994
0,1,0.7482035
0,1,0.6396809
0,1,0.574132
0,1,0.56929374
0,1,0.6314185
0,1,0.71325284
0,1,0.5950761
0,1,0.66298693
0,1,0.60784394
0,1,0.5065131
0,1,0.56602526
0,1,0.74038213
0,1,0.84778285
0,1,0.7823161
1,1,0.99111474
1,1,0.9987446
1,1,0.99853873
1,1,0.9919802
1,1,0.98340535
1,1,0.98615813
1,1,0.98908347
1,1,0.99575055
1,1,0.9952924
1,1,0.9932313
1,1,0.9916802
1,1,0.98310846
1,1,0.97627413
1,1,0.9943348
1,1,0.9969302
1,1,0.9991949
1,1,0.9988977
1,1,0.9990953
1,1,0.9993656
1,1,0.9992736
1,1,0.9993363
1,1,0.9995028
0,1,0.9629899
0,1,0.73609257
0,1,0.57500565
0,0,0.4904595
0,0,0.2323032
0,0,0.1788826
0,0,0.13606048
0,0,0.17972635
0,0,0.25373232
0,0,0.21780024
0,0,0.28258932
0,0,0.39912152
0,0,0.3954556
0,0,0.21868975
0,0,0.18186894
0,0,0.14717829
0,0,0.123503424
0,0,0.11701934
0,0,0.11808895
0,0,0.13482897
0,0,0.11525818
0,0,0.113929115
0,0,0.09484254
0,0,0.074619465
0,0,0.05436625
0,0,0.054622937
0,0,0.05871311
0,0,0.055323623
0,0,0.061629836
0,0,0.06964564
0,0,0.0550719
0,0,0.06945862
0,0,0.09604412
1,0,0.22399779
1,0,0.17468871
1,0,0.33107522
1,0,0.21918368
1,0,0.25476596
1,0,0.27273366
1,0,0.37394485
1,0,0.4753885
1,0,0.490965
1,0,0.4763985
1,0,0.21047573
1,0,0.17546915
1,0,0.18918486
1,0,0.17883952
1,0,0.1528054
1,0,0.1342608
1,0,0.110622786
1,0,0.13328941
1,0,0.12993193
1,0,0.16636184
1,0,0.20958182
1,0,0.2362239
0,0,0.04015484
0,0,0.017289016
0,0,0.038384292
0,0,0.049067985
0,0,0.05070627
0,0,0.03368402
0,0,0.029287914
0,0,0.026934767
0,0,0.022514952
0,0,0.05925898
0,0,0.1064187
1,0,0.12138406
1,0,0.06740762
1,0,0.025496539
1,0,0.021495504
1,0,0.014553869
1,0,0.01903109
1,0,0.022400653
1,0,0.01433304
1,0,0.025998222
1,0,0.012893609
1,0,0.019240286
1,0,0.009643484
1,0,0.0071138125
1,0,0.0067437696
1,0,0.0054944907
1,0,0.010380955
1,0,0.008467269
1,0,0.015453415
1,0,0.12024817
1,0,0.44247323
1,0,0.4454133
1,0,0.40101588
1,0,0.32079628
1,0,0.10338813
1,0,0.13738222
1,1,0.72751135
1,1,0.9975569
1,1,0.99997675
1,1,0.9999999
1,1,1.0
1,1,1.0
1,1,0.9999994
1,1,0.9997273
1,1,0.9874906
1,1,0.50907254
1,1,0.6562083
1,1,0.8236159
1,1,0.7817596
1,1,0.79410017
1,1,0.90942264
1,1,0.8592184
1,1,0.7551078
1,1,0.8567884
1,1,0.98028964
1,1,0.95336944
1,1,0.8333191
1,1,0.86835617
1,1,0.8376109
1,1,0.6375276
1,1,0.56176025
1,1,0.52527577
1,0,0.47006953
1,1,0.5899689
1,0,0.45138338
1,0,0.43260399
1,1,0.52149266
1,1,0.6188007
1,1,0.5094429
1,0,0.38354936
1,0,0.2615083
1,0,0.17792536
1,0,0.12906076
1,0,0.11058302
1,0,0.09210775
1,0,0.16274388
1,0,0.29131868
1,0,0.38125688
1,0,0.28215763
1,0,0.4565894
1,1,0.71156955
1,1,0.7399075
1,1,0.7536264
1,1,0.8368768
1,1,0.82717204
1,1,0.819636
1,1,0.95866245
1,1,0.93979496
1,1,0.8704805
1,1,0.90287644
0,1,0.957516
0,1,0.9262468
0,1,0.8587962
0,1,0.71633536
0,0,0.3568264
0,0,0.23091564
0,0,0.16685043
0,0,0.12640534
0,0,0.13718735
0,0,0.4831864
0,1,0.88264984
0,0,0.3079061
0,0,0.027621876
0,0,0.04886574
0,0,0.03151185
0,0,0.022859048
0,0,0.017740604
0,0,0.016013745
0,0,0.029129233
0,0,0.03492546
0,0,0.031539697
0,0,0.036177117
0,0,0.03627325
0,0,0.03629777
0,0,0.043869805
0,0,0.03026931
0,0,0.040956084
0,0,0.031987075
0,0,0.026080906
0,0,0.027928004
0,0,0.019986548
0,0,0.03551352
0,0,0.026577529
0,0,0.017874904
0,0,0.005073337
0,0,0.00360089
0,0,0.002338848
0,0,0.0018448787
0,0,0.0017138461
0,0,0.0019828433
0,0,0.03290353
0,0,0.18780906
0,0,0.34847537
0,0,0.23956129
0,0,0.26079702
0,0,0.24530609
0,0,0.23371813
0,0,0.1929277
0,0,0.15432201
0,0,0.31802058
0,1,0.68586403
1,1,0.73118985
1,1,0.7546124
1,1,0.8528702
1,1,0.8468443
1,1,0.9215673
1,1,0.90303904
1,1,0.8365442
1,1,0.84960663
1,1,0.89301294
1,1,0.9037453
1,1,0.93273485
1,0,0.47128662
1,0,0.10347639
1,0,0.04598231
1,0,0.023579601
1,0,0.014321986
1,0,0.016823582
1,0,0.018741861
1,0,0.018569343
1,0,0.0111661935
1,0,0.011017119
1,0,0.015904548
1,0,0.020123033
1,0,0.03101996
1,0,0.031623553
1,0,0.05853405
1,0,0.028504103
1,0,0.017700987
1,0,0.01958741
1,0,0.03189061
1,0,0.02650699
1,0,0.014338142
1,0,0.016696872
1,0,0.018994909
1,0,0.034731794
1,0,0.04142656
1,0,0.038525157
1,0,0.06666668
1,0,0.11314809
1,0,0.13391514
1,0,0.12115787
1,0,0.11809461
1,0,0.13584723
1,0,0.23592609
1,0,0.30119923
1,0,0.07844467
1,0,0.026363473
1,0,0.019972777
1,0,0.033784278
1,0,0.018738613
1,0,0.012949277
1,0,0.009209279
1,0,0.009377443
1,0,0.010236671
1,0,0.009776137
1,0,0.009953218
1,0,0.011694245
1,0,0.015355866
1,0,0.02155865
1,0,0.015122559
1,0,0.01419693
1,0,0.014941373
1,0,0.011594685
1,0,0.01394709
1,0,0.018554872
1,0,0.014367209
0,0,0.005938226
0,0,0.0031030392
0,0,0.0011989446
0,0,0.0018489496
0,0,0.0012432069
0,0,0.001517857
0,0,0.002524058
0,0,0.004546302
0,0,0.008116716
0,0,0.005795923
0,0,0.0042866855
0,0,0.0022058159
0,0,0.001898553
0,0,0.0012004885
0,0,0.0014623768
0,0,0.00093616423
0,0,0.000984999
0,0,0.001117459
0,0,0.0013404022
0,0,0.003128166
0,0,0.0024584925
0,0,0.002921053
0,0,0.0019251681
0,0,0.0015074937
0,0,0.001112167
0,0,0.0007315881
0,0,0.0015330294
0,0,0.0013803764
0,0,0.0017997588
0,0,0.001616126
0,0,0.0023679978
0,0,0.0027366064
0,0,0.0024273377
0,0,0.0025772515
0,0,0.0027441436
0,0,0.0039281
0,0,0.0059337574
0,0,0.005859411
0,0,0.0045699193
0,0,0.004058021
0,0,0.004341998
0,0,0.0031809548
0,0,0.0025945185
0,0,0.002761869
0,0,0.0025849333
0,0,0.0018274019
1,0,0.07094359
1,1,0.5980159
1,0,0.45766312
1,0,0.41141838
1,1,0.76112044
1,1,0.8199224
1,1,0.6892641
1,0,0.405185
1,0,0.46400616
1,0,0.4503619
1,0,0.25087538
1,0,0.21442688
1,0,0.2520312
1,0,0.29522306
1,0,0.29805088
1,0,0.24911606
1,0,0.28002143
1,0,0.3639429
1,0,0.3982378
1,0,0.33967882
1,0,0.24108934
1,0,0.20697668
1,0,0.28079864
1,0,0.3317137
1,0,0.28128883
1,0,0.26270705
1,0,0.28072727
1,0,0.35876456
1,0,0.32603505
1,0,0.24556369
1,0,0.19304202
1,0,0.18121018
1,0,0.2607556
1,0,0.43186656
1,1,0.7551234
1,1,0.8373293
1,1,0.7950071
1,1,0.6226656
1,1,0.68167484
1,1,0.7248311
1,1,0.70463216
1,1,0.7203601
1,1,0.7091269
1,1,0.5530151
1,1,0.7177686
1,1,0.86334795
1,1,0.9211182
1,1,0.93477875
1,1,0.91533583
1,1,0.8646721
1,1,0.73209
1,1,0.7343844
1,1,0.78177667
1,1,0.86591697
1,1,0.9278821
0,0,0.38954574
0,0,0.06743653
0,0,0.03022437
0,0,0.012469444
0,0,0.005670147
0,0,0.005017342
0,0,0.0051356484
0,0,0.0054112608
0,0,0.008030498
0,0,0.011526883
0,0,0.008360884
0,0,0.007882977
0,0,0.00891304
0,0,0.009513055
0,0,0.0070329225
0,0,0.005265326
0,0,0.0065167984
0,0,0.0058352756
0,0,0.0063211597
0,0,0.005200552
0,0,0.0035199663
0,0,0.0035806296
0,0,0.0036073185
0,0,0.003944601
0,0,0.006009312
0,0,0.005954486
0,0,0.0057065194
0,0,0.0038223478
0,0,0.0014155929
1,0,0.015430056
1,0,0.059758656
1,0,0.24916425
1,0,0.34471554
1,1,0.57558155
1,1,0.5492466
1,1,0.6139599
1,1,0.5844599
1,0,0.48200944
1,1,0.5370882
1,1,0.66068625
1,1,0.79718256
1,1,0.6428205
1,0,0.32990757
1,0,0.4256327
1,1,0.6824621
1,1,0.8122589
1,1,0.87743336
1,1,0.9099535
1,1,0.8728862
1,1,0.8938848
1,1,0.9213918
0,0,0.19918884
0,0,0.025921272
0,0,0.012682976
0,0,0.009610096
0,0,0.006814128
0,0,0.008128468
0,0,0.011913102
0,0,0.00955977
0,0,0.008341795
0,0,0.010201882
0,0,0.013405956
0,0,0.0060873698
0,0,0.005400667
0,0,0.0054745628
0,0,0.0046451655
0,0,0.004790993
0,0,0.0050600106
0,0,0.005806864
0,0,0.0062670065
0,0,0.0054111145
0,0,0.008139186
0,0,0.013697561
0,0,0.011800098
0,0,0.017674234
0,0,0.022975102
0,0,0.012570807
0,0,0.014060864
0,0,0.0103675695
0,0,0.012064306
0,0,0.021335319
0,0,0.04154039
0,0,0.09865652
0,0,0.021565093
0,0,0.003710745
0,0,0.00072755554
0,0,0.00047330497
0,0,0.00068349193
0,0,0.0018972307
0,0,0.002958603
0,0,0.0064579654
0,0,0.007846812
0,0,0.009273212
0,0,0.010799656
0,0,0.018496469
0,0,0.027858805
0,0,0.026656555
0,0,0.026403438
0,0,0.04068962
0,0,0.03612224
0,0,0.04184516
0,0,0.015397326
0,0,0.011556712
0,0,0.011270526
0,0,0.006745641
0,0,0.0049619395
0,0,0.012279358
0,0,0.03184127
0,0,0.027048226
0,0,0.016048782
0,0,0.011477721
0,0,0.009578095
0,0,0.011724947
0,0,0.018163178
0,0,0.038457718
0,0,0.049882356
0,0,0.06957511
0,0,0.02142912
0,0,0.015108561
0,0,0.00520433
0,0,0.0037833292
0,0,0.0020070176
0,0,0.0023591442
0,0,0.0015895806
0,0,0.0011690168
0,0,0.0013433017
0,0,0.0016054324
0,0,0.0014305006
0,0,0.0012774775
0,0,0.0015906004
0,0,0.0018683332
0,0,0.002024864
0,0,0.0028854788
0,0,0.003220408
0,0,0.0033814474
0,0,0.0049819676
0,0,0.005858214
0,0,0.0062060924
0,0,0.0064377002
0,0,0.011918402
0,0,0.020093897
0,0,0.025220249
0,0,0.035429448
0,0,0.020243881
0,0,0.012955603
0,0,0.011562062
0,0,0.012273015
0,0,0.019942414
0,0,0.020517921
0,0,0.050999705
0,0,0.056286424
0,0,0.046144675
1,1,0.64841443
1,1,0.9424626
1,1,0.99350536
1,1,0.9988722
1,1,0.99959916
1,1,0.99957436
1,1,0.99920756
1,1,0.9985978
1,1,0.99843484
1,1,0.99469924
1,1,0.9857523
1,1,0.9022744
1,1,0.8711104
1,1,0.98383695
1,1,0.99557424
1,1,0.99633896
1,1,0.99729
1,1,0.9978764
1,1,0.99806184
1,1,0.99461114
1,1,0.9845756
1,1,0.9794139
1,1,0.98055696
1,1,0.9920109
1,1,0.9953792
1,1,0.9896197
1,1,0.97953314
1,1,0.97467244
1,1,0.97905594
1,1,0.9789039
1,1,0.98225003
1,1,0.97646785
1,1,0.98405045
1,1,0.9490694
1,1,0.8996425
1,1,0.9780491
1,1,0.9912839
1,1,0.9914834
1,1,0.99288225
1,1,0.9955512
1,1,0.9933056
1,1,0.98750126
1,1,0.9864991
1,1,0.9898812
1,1,0.9803596
1,1,0.98049486
1,1,0.9939301
1,1,0.9954757
1,1,0.9928478
1,1,0.993316
1,1,0.98837775
1,1,0.97358036
1,1,0.9430637
1,1,0.8569823
1,1,0.8442364
0,0,0.09631529
0,0,0.015216692
0,0,0.04931912
0,0,0.058014024
0,0,0.08264952
0,0,0.0762299
0,0,0.13145229
0,0,0.21820055
0,0,0.3559529
0,0,0.3756981
0,0,0.4147544
0,0,0.029789431
0,0,0.004419492
0,0,0.0006117142
0,0,0.0017370601
0,0,0.022688514
0,0,0.08967103
0,0,0.30752742
0,0,0.33768058
0,0,0.26692432
0,0,0.27057967
0,0,0.21520011
0,0,0.19843414
0,0,0.19797863
0,0,0.20889392
0,0,0.26906767
0,0,0.2908185
0,0,0.3214367
0,0,0.33668476
1,1,0.78294945
1,1,0.96792746
1,1,0.99159193
1,1,0.99073654
1,1,0.9837982
1,1,0.9574443
1,1,0.9884116
1,1,0.9911471
1,1,0.98875797
1,1,0.9885923
1,1,0.9897091
1,1,0.9829827
1,1,0.94855684
1,1,0.9207142
1,1,0.96324205
1,1,0.9867387
1,1,0.99300706
1,1,0.9927874
1,1,0.9915603
1,1,0.9857664
1,1,0.98038703
1,1,0.9770876
1,0,0.25765604
1,0,0.03988978
1,0,0.08971078
1,0,0.06917149
1,0,0.084315255
1,0,0.052095085
1,0,0.06367153
1,0,0.043374125
1,0,0.038041517
1,0,0.032102976
1,0,0.04123031
1,0,0.16217072
1,0,0.27767897
1,1,0.7031858
1,1,0.72452235
1,1,0.80806595
1,1,0.7357098
1,0,0.40390024
1,0,0.26781845
1,0,0.26524055
1,0,0.44276124
1,0,0.37692368
1,0,0.05840445
1,0,0.017954074
1,0,0.016354898
1,0,0.02782053
1,0,0.09871101
1,0,0.39168575
1,1,0.80368537
1,1,0.5851227
1,0,0.31898892
1,0,0.17866544
1,0,0.046196047
1,0,0.03229349
1,0,0.027549734
1,0,0.06807754
1,0,0.020968
1,0,0.02595879
1,0,0.030614631
1,0,0.073075235
1,0,0.08532385
1,0,0.130282
1,0,0.31242785
1,0,0.12753037
1,0,0.11669863
1,0,0.05376911
1,0,0.08539758
1,0,0.036635052
1,0,0.023927545
1,0,0.03540147
1,0,0.021382682
1,0,0.03732459
1,0,0.061028674
1,0,0.08744208
1,0,0.089853056
0,0,0.08979803
0,0,0.16008942
0,0,0.2501352
0,0,0.28353506
0,0,0.35722685
0,0,0.4092529
0,0,0.4895378
0,1,0.5124759
0,0,0.45560703
0,0,0.41732332
0,0,0.3426197
0,0,0.28348124
0,0,0.23302552
0,0,0.33201465
0,0,0.35070005
0,0,0.26140165
0,0,0.18678726
0,0,0.18708628
0,0,0.18769881
0,0,0.1774708
0,0,0.17016964
0,0,0.1565959
0,0,0.10355797
0,0,0.06913154
0,0,0.07175389
0,0,0.10947773
0,0,0.15430875
0,0,0.16977754
0,0,0.15909053
0,0,0.119994305
0,0,0.057428066
0,0,0.033730067
0,0,0.032054055
0,0,0.055095676
0,0,0.097744815
0,0,0.118852295
0,0,0.13550675
0,0,0.082452424
0,0,0.054251112
0,0,0.09115842
0,0,0.15316841
0,0,0.20494561
0,0,0.33409068
0,0,0.36111137
0,0,0.41104954
0,0,0.42439356
0,1,0.9449556
0,1,0.95474845
0,1,0.95034564
0,1,0.97420424
0,1,0.98600763
0,1,0.9885754
0,1,0.99235594
0,1,0.9927886
0,1,0.9962269
0,1,0.9969422
0,1,0.99568415
0,1,0.9895013
0,1,0.98954964
0,1,0.98599815
0,1,0.98599327
0,1,0.9731646
0,1,0.9802437
0,1,0.98335856
0,1,0.98886055
0,1,0.98882186
0,1,0.97717017
0,1,0.9607379
1,1,0.9115982
1,1,0.834594
1,1,0.8828059
1,1,0.89845103
1,1,0.9416629
1,1,0.96259516
1,1,0.97243667
1,1,0.96365434
1,1,0.9510412
1,1,0.8693974
1,1,0.704625
0,1,0.85304177
0,1,0.8703863
0,1,0.89078784
0,1,0.9031075
0,1,0.9158875
0,1,0.8689066
0,1,0.87257195
0,1,0.88136953
0,1,0.8862151
0,1,0.8538725
0,1,0.5261114
1,1,0.8295762
1,1,0.943384
1,1,0.9803294
1,1,0.9958009
1,1,0.9986652
1,1,0.99916697
1,1,0.9992138
1,1,0.99872005
1,1,0.9983506
1,1,0.9969644
1,1,0.9908867
0,1,0.953544
0,1,0.90233064
0,1,0.7428245
0,1,0.57603914
0,0,0.27895865
0,0,0.23931518
0,0,0.18882911
0,0,0.17718358
0,0,0.16623275
0,0,0.15871587
0,0,0.16841818
0,0,0.15222849
0,0,0.12913445
0,0,0.13221987
0,0,0.13906273
0,0,0.13534681
0,0,0.13581516
0,0,0.153919
0,0,0.07680267
0,0,0.056623302
0,0,0.091018096
0,0,0.110171
0,0,0.064994454
0,0,0.044511892
0,0,0.06446653
0,0,0.091678746
0,0,0.09024597
0,0,0.07712533
0,0,0.06749306
0,1,0.6065584
0,1,0.8749118
0,1,0.92478395
0,1,0.94301736
0,1,0.9685329
0,1,0.9761481
0,1,0.9713642
0,1,0.9833007
0,1,0.9635951
0,1,0.9400392
0,1,0.80260664
1,1,0.886019
1,1,0.9077149
1,1,0.9537156
1,1,0.94595265
1,1,0.95101213
1,1,0.9623264
1,1,0.9681516
1,1,0.9663175
1,1,0.9750206
1,1,0.95594865
1,1,0.9067098
0,0,0.1611487
0,0,0.056631085
0,0,0.21622097
0,0,0.3076279
0,0,0.35107452
0,0,0.36081132
0,0,0.35379925
0,0,0.35645008
0,0,0.34865028
0,0,0.35803342
0,0,0.35968232
0,0,0.37680194
0,0,0.3852511
0,0,0.36287445
0,0,0.42082778
0,0,0.46408364
0,0,0.43495172
0,0,0.42313895
0,0,0.41341588
0,0,0.42917028
0,0,0.46113002
0,1,0.5645283
0,1,0.65502965
0,1,0.5795532
0,0,0.40451613
0,0,0.33265966
0,0,0.37199473
0,0,0.41164985
0,0,0.42204326
0,0,0.40981117
0,0,0.4837191
0,1,0.60280263
0,1,0.55553126
0,1,0.520681
0,1,0.60293067
0,1,0.7238787
0,1,0.72615665
0,1,0.65158516
0,1,0.58236676
0,1,0.5716247
0,1,0.5733267
0,1,0.58199865
0,1,0.54353356
0,1,0.55576473
0,1,0.6268591
0,1,0.59683186
0,1,0.552454
0,1,0.5800427
0,1,0.6263726
0,1,0.53782415
0,0,0.4787046
0,1,0.5194539
0,1,0.6021828
0,1,0.6270135
0,1,0.5914112
0,0,0.04882637
0,0,0.0365369
0,0,0.007109368
0,0,0.0036716578
0,0,0.0030229925
0,0,0.0054724244
0,0,0.0070474828
0,0,0.008860935
0,0,0.007587263
0,0,0.003547523
0,0,0.0034128
0,0,0.0045126085
0,0,0.007985675
0,0,0.017776903
0,0,0.026613625
0,0,0.03286172
0,0,0.027431276
0,0,0.05697955
0,0,0.055879187
0,0,0.06713423
0,0,0.044946216
0,0,0.044550195
0,0,0.037953578
0,0,0.032309815
0,0,0.036938857
0,0,0.036120422
0,0,0.04157079
0,0,0.044951312
0,0,0.04448353
0,0,0.050259203
0,0,0.057921104
0,0,0.07007549
0,0,0.101282775
0,0,0.110958055
0,0,0.09935642
0,0,0.11635294
0,0,0.10472635
0,0,0.1053185
0,0,0.12699176
0,0,0.14067546
0,0,0.10094293
0,0,0.10697998
0,0,0.0905217
0,0,0.08967302
0,0,0.15621705
0,0,0.18713774
1,1,0.9455623
1,1,0.994978
1,1,0.9950505
1,1,0.9911975
1,1,0.9965228
1,1,0.99390405
1,1,0.98551637
1,1,0.986696
1,1,0.9843687
1,1,0.96737534
1,1,0.960845
1,1,0.9754886
1,1,0.98197454
1,1,0.9870738
1,1,0.9841271
1,1,0.98652357
1,1,0.9715038
1,1,0.94329876
1,1,0.9338975
1,1,0.97398293
1,1,0.9670757
1,1,0.9762306
1,1,0.9748941
1,1,0.977842
1,1,0.9676664
1,1,0.96250165
1,1,0.93865883
1,1,0.95768315
1,1,0.97171706
1,1,0.9782372
1,1,0.98163635
1,1,0.9793352
1,1,0.98890966
1,1,0.9879062
1,1,0.9947266
1,1,0.9856661
1,1,0.9909123
1,1,0.9870121
1,1,0.9814401
1,1,0.9776857
1,1,0.9694746
1,1,0.976616
1,1,0.982206
1,1,0.98569554
1,1,0.99408084
1,1,0.99399513
1,1,0.9947508
1,1,0.98995906
1,1,0.97191185
1,1,0.93060875
1,1,0.9181983
1,1,0.8435513
1,1,0.7916257
1,1,0.8317465
1,1,0.8740721
0,0,0.15318406
0,0,0.11105144
0,0,0.12508701
0,0,0.08049786
0,0,0.061199367
0,0,0.051061347
0,0,0.03308468
0,0,0.03102583
0,0,0.030551298
0,0,0.02871584
0,0,0.02990265
0,0,0.041104466
0,0,0.058900476
0,0,0.046323545
0,0,0.028773833
0,0,0.040007383
0,0,0.028894445
0,0,0.02549247
0,0,0.03686354
0,0,0.048473656
0,0,0.04474731
0,0,0.04970553
0,0,0.052520845
0,0,0.046027686
0,0,0.048853863
0,0,0.07469245
0,0,0.07062431
0,0,0.06427081
0,0,0.090548575
1,1,0.6997033
1,1,0.93217754
1,1,0.96513134
1,1,0.9747877
1,1,0.9808007
1,1,0.97460485
1,1,0.9596778
1,1,0.97683775
1,1,0.9785741
1,1,0.97588855
1,1,0.9666217
1,1,0.98094636
1,1,0.97420484
1,1,0.9832524
1,1,0.98140633
1,1,0.9911377
1,1,0.9857978
1,1,0.9838447
1,1,0.9766381
1,1,0.9503783
1,1,0.94882387
1,1,0.95970106
0,0,0.44559598
0,0,0.16064084
0,0,0.18123934
0,0,0.11288753
0,0,0.09451238
0,0,0.078812785
0,0,0.0720554
0,0,0.08350724
0,0,0.07631153
0,0,0.07401725
0,0,0.06936526
0,0,0.055635173
0,0,0.06357315
0,0,0.06498546
0,0,0.056420766
0,0,0.07916278
0,0,0.09968816
0,0,0.09067112
0,0,0.06291979
0,0,0.06103585
0,0,0.07657848
0,0,0.07426385
0,0,0.05800453
0,0,0.061757732
0,0,0.0660903
0,0,0.07078056
0,0,0.070093475
0,0,0.070769444
0,0,0.062798195
0,0,0.08134461
0,0,0.07055343
0,0,0.070155114
0,0,0.07428152
1,0,0.06663314
1,0,0.0753435
1,0,0.077000596
1,0,0.070425004
1,0,0.04465806
1,0,0.050196037
1,0,0.058599256
1,0,0.05443051
1,0,0.046627443
1,0,0.06315473
1,0,0.066269204
1,0,0.063157074
1,0,0.06238709
1,0,0.07056117
1,0,0.07310565
1,0,0.0833314
1,0,0.12224358
1,0,0.16938858
1,0,0.10859144
1,0,0.07841272
1,0,0.12586501
1,0,0.15595807
0,0,0.09681561
0,0,0.06754993
0,0,0.1280905
0,0,0.030299969
0,0,0.061398204
0,0,0.044496182
0,0,0.21599498
0,0,0.41860452
0,1,0.60567075
0,1,0.76252514
0,1,0.8206159
0,1,0.54800725
0,0,0.4517999
0,0,0.04022059
0,0,0.13473985
0,0,0.055939276
0,0,0.097135484
0,0,0.1645275
0,0,0.32532498
0,1,0.54758507
0,1,0.5639514
0,1,0.73322463
0,1,0.67357826
0,1,0.5300352
0,1,0.5064274
0,1,0.53425497
0,1,0.5027855
0,0,0.49641722
0,0,0.49651703
0,1,0.5193833
0,1,0.5014781
0,1,0.57040286
0,0,0.4695118
0,0,0.3368202
0,0,0.3325971
0,0,0.4122884
0,0,0.41644397
0,0,0.4267939
0,0,0.47912106
0,0,0.29131806
0,0,0.3595733
0,0,0.3661601
0,0,0.43544096
0,1,0.53373396
0,0,0.45346487
0,0,0.41961613
1,1,0.961573
1,1,0.99735
1,1,0.98698807
1,1,0.9822869
1,1,0.9765855
1,1,0.9554823
1,1,0.9733096
1,1,0.96627796
1,1,0.9523209
1,1,0.91689557
1,1,0.9265547
1,1,0.9217012
1,1,0.9258856
1,1,0.9697445
1,1,0.96667874
1,1,0.96765
1,1,0.9315253
1,1,0.8913924
1,1,0.9493577
1,1,0.9607419
1,1,0.96945345
1,1,0.9794819
1,1,0.98562604
1,1,0.9953341
1,1,0.99825424
1,1,0.999432
1,1,0.99970835
1,1,0.99984324
1,1,0.9998785
1,1,0.9997534
1,1,0.99975115
1,1,0.9998087
1,1,0.999411
1,1,0.9995301
1,1,0.9995896
1,1,0.99939775
1,1,0.9992908
1,1,0.99924445
1,1,0.9995403
1,1,0.9996082
1,1,0.9996152
1,1,0.9994342
1,1,0.9993291
1,1,0.99915636
1,1,0.99714595
1,1,0.99551183
1,1,0.9802279
1,1,0.98901635
1,1,0.9848439
1,1,0.9964478
1,1,0.99819
1,1,0.99856514
1,1,0.9986305
1,1,0.9992524
1,1,0.99961936
0,1,0.9945267
0,1,0.98282087
0,1,0.99157846
0,1,0.99270904
0,1,0.990939
0,1,0.9840036
0,1,0.97327393
0,1,0.9742449
0,1,0.98006105
0,1,0.9869105
0,1,0.990633
0,1,0.99176383
0,1,0.9865921
0,1,0.9835752
0,1,0.9788392
0,1,0.9738032
0,1,0.97745585
0,1,0.9723397
0,1,0.97792804
0,1,0.9830809
0,1,0.9859509
0,1,0.98651683
0,1,0.9696684
0,1,0.9654709
0,1,0.95502996
0,1,0.9519851
0,1,0.96633756
0,1,0.96428573
0,1,0.9623657
1,1,0.9959037
1,1,0.9989975
1,1,0.9911408
1,1,0.9831867
1,1,0.9659086
1,1,0.98884165
1,1,0.9861894
1,1,0.9863905
1,1,0.9950918
1,1,0.9977443
1,1,0.9963147
1,1,0.99858725
1,1,0.9995227
1,1,0.99844104
1,1,0.9950889
1,1,0.9887937
1,1,0.9898281
1,1,0.9957911
1,1,0.99348575
1,1,0.99511224
1,1,0.9961516
1,1,0.9978387
0,1,0.95427173
0,1,0.66105825
0,1,0.5569742
0,0,0.4613712
0,1,0.54758596
0,1,0.6240536
0,1,0.6766166
0,1,0.7398187
0,1,0.7105722
0,1,0.744397
0,1,0.69643533
0,1,0.636025
0,1,0.5691152
0,1,0.66255116
0,1,0.65627193
0,1,0.65651935
0,1,0.6628517
0,1,0.697456
0,0,0.49048406
0,0,0.47876757
0,0,0.07864081
0,0,0.13553287
0,0,0.1703899
0,1,0.63831586
0,1,0.81897837
0,1,0.7704161
0,1,0.60345596
0,0,0.4246953
0,0,0.47311553
0,1,0.5219696
0,0,0.47380167
0,0,0.45422873
0,0,0.3797864
0,0,0.44685647
0,0,0.42341414
0,1,0.5756341
0,0,0.3074293
0,1,0.5239495
0,1,0.5439887
0,1,0.708877
0,1,0.8004739
0,1,0.8322824
0,1,0.8988467
0,1,0.8578328
0,1,0.6665837
0,0,0.28959626
0,0,0.078880325
0,0,0.15529208
0,0,0.24798432
0,1,0.69021446
0,1,0.9056866
0,1,0.94592357
0,1,0.96482795
0,1,0.97219706
0,1,0.9617582
0,0,0.037838887
0,0,0.011424369
0,0,0.03292768
0,0,0.06198549
0,0,0.12271762
0,0,0.12206707
0,0,0.10750442
0,0,0.105473146
0,0,0.10092279
0,0,0.09623041
0,0,0.10221101
0,0,0.11386793
0,0,0.13730106
0,0,0.14885227
0,0,0.16485488
0,0,0.17838308
0,0,0.16594791
0,0,0.15481693
0,0,0.14555244
0,0,0.14041577
0,0,0.13163044
0,0,0.13618529
0,0,0.14082798
0,0,0.1401734
0,0,0.14161728
0,0,0.1352773
0,0,0.13806327
0,0,0.13927494
0,0,0.13836001
0,0,0.14273408
0,0,0.1307853
0,0,0.13095851
0,0,0.1347734
0,0,0.14010896
0,0,0.14288153
0,0,0.14108056
0,0,0.14202325
0,0,0.14491394
0,0,0.14435358
0,0,0.14566293
0,0,0.14616017
0,0,0.13804244
0,0,0.13529626
0,0,0.13879463
0,0,0.14039288
0,0,0.14301488
0,0,0.14429964
0,0,0.12942472
0,0,0.11082718
0,0,0.09896776
0,0,0.090122215
0,0,0.085296646
0,0,0.08468165
0,0,0.08788401
0,0,0.08714885
0,0,0.08571921
0,0,0.083024904
0,0,0.08682086
0,0,0.08889789
0,0,0.095929734
0,0,0.103672005
0,0,0.113468714
0,0,0.12138406
0,0,0.11829991
0,0,0.11697978
0,0,0.120312475
0,0,0.1147271
0,0,0.1132927
0,0,0.10713986
0,0,0.11120786
0,0,0.11616069
0,0,0.121194765
0,0,0.11717178
0,0,0.11890265
0,0,0.11612455
0,0,0.10843335
0,0,0.110621534
0,0,0.1101175
0,0,0.11248033
0,0,0.11576147
0,0,0.1178785
0,0,0.121134646
0,0,0.11797977
0,0,0.11590205
0,0,0.112174034
0,0,0.10984331
0,0,0.11233876
0,0,0.11562501
0,0,0.11261367
0,0,0.11233704
0,0,0.116060175
0,0,0.11060678
0,0,0.11504583
0,0,0.119648166
0,0,0.120793425
0,0,0.115095444
0,0,0.11012026
0,0,0.104723334
0,0,0.10425346
0,0,0.10484788
0,0,0.11232091
0,0,0.14133132
0,0,0.15786804
0,0,0.1785074
0,0,0.17933019
0,0,0.18706542
0,0,0.15254274
0,0,0.1380376
0,0,0.13118866
0,0,0.12543368
0,0,0.12373315
0,0,0.12460072
0,0,0.12888542
0,0,0.13102661
0,0,0.12990439
0,0,0.12939376
0,0,0.1264964
0,0,0.12171343
0,0,0.13266896
0,0,0.1435078
0,0,0.14354378
0,0,0.14210749
0,0,0.14600886
0,0,0.144795
0,0,0.1388682
0,0,0.14078827
0,0,0.1404991
0,0,0.12913893
0,0,0.12000823
0,0,0.11558658
0,0,0.12036819
0,0,0.119922094
0,0,0.16472496
0,0,0.21844874
0,0,0.2354796
0,0,0.23150533
0,0,0.22888859
0,0,0.17614965
0,0,0.12634255
0,0,0.10570592
0,0,0.1035678
0,0,0.10543135
0,0,0.1111677
0,0,0.12265929
0,0,0.13746624
0,0,0.14443423
0,0,0.14616816
0,0,0.13709694
0,0,0.12258299
0,0,0.12114648
0,0,0.11878013
0,0,0.12076997
0,0,0.11980368
0,0,0.122780874
0,0,0.12067757
0,0,0.11910347
0,0,0.11860487
0,0,0.11991553
0,0,0.12132161
0,0,0.12264548
0,0,0.124280855
0,0,0.12372904
0,0,0.120056614
0,0,0.12028646
0,0,0.11728
0,0,0.11625628
0,0,0.11707389
0,0,0.11637061
0,0,0.11511024
0,0,0.114814006
0,0,0.11691596
0,0,0.12090555
0,0,0.12787788
0,0,0.123913094
0,0,0.43043044
0,0,0.24067862
0,0,0.13592824
0,0,0.04903514
0,0,0.059730228
0,0,0.07925541
0,0,0.040911846
0,0,0.021667445
0,0,0.022031803
0,0,0.07306422
0,0,0.08583787
1,0,0.0974249
1,0,0.23487774
1,0,0.27530158
1,0,0.2579943
1,0,0.19998384
1,0,0.26995057
1,0,0.30134055
1,0,0.25891784
1,0,0.20166515
1,0,0.15957868
1,0,0.30932975
1,1,0.5753086
1,1,0.69555455
1,1,0.61345357
1,1,0.73064345
1,1,0.75467837
1,1,0.5441339
1,0,0.22738466
1,0,0.27502194
1,0,0.30528218
1,0,0.3802872
1,0,0.40845358
1,0,0.36352408
1,0,0.2632218
1,0,0.18439232
1,0,0.14005369
1,0,0.11647107
1,0,0.09950265
1,0,0.08628309
1,0,0.055538423
1,0,0.03481012
1,0,0.036628332
1,0,0.042357594
1,0,0.074867904
1,0,0.11336687
1,1,0.8255043
1,1,0.9525388
1,1,0.88874066
1,1,0.88664794
1,1,0.946467
1,1,0.96769005
1,1,0.9916523
1,1,0.99873036
1,1,0.99928135
1,1,0.9979274
1,1,0.984565
1,1,0.95740646
1,1,0.9380393
1,1,0.9235237
1,1,0.9530462
1,1,0.9625971
1,1,0.94018435
1,1,0.9589577
1,1,0.9343178
1,1,0.9378065
1,1,0.84451073
1,1,0.7459941
1,1,0.61470324
1,1,0.6062606
1,1,0.61929125
1,1,0.83203125
1,1,0.9890675
1,1,0.98351616
1,1,0.95266026
1,1,0.9238434
1,1,0.93293464
1,1,0.9613785
1,1,0.9539439
1,1,0.96011543
1,1,0.98085785
1,1,0.94619155
1,1,0.82633984
1,1,0.7701268
1,1,0.8432277
1,1,0.7900168
1,1,0.75212103
1,1,0.67176527
1,1,0.6090792
1,1,0.59114546
1,1,0.625127
1,1,0.5976757
1,1,0.5371972
1,0,0.37307462
1,0,0.41002488
1,0,0.48194098
1,1,0.7523233
1,1,0.9212946
1,1,0.9391267
1,1,0.9253126
1,1,0.82763964
0,0,0.20677371
0,0,0.18525077
0,0,0.46166453
0,1,0.5972226
0,0,0.3028717
0,1,0.6148772
0,1,0.64629334
0,0,0.40167454
0,0,0.38704106
0,0,0.36834192
0,0,0.31502438
0,0,0.39426726
0,0,0.4729768
0,1,0.57371867
0,1,0.52350813
0,0,0.41055658
0,0,0.3769594
0,0,0.40786377
0,0,0.36980367
0,0,0.33872518
0,0,0.253398
0,0,0.29923612
0,0,0.38799122
0,0,0.39917737
0,0,0.4058186
0,0,0.3628974
0,0,0.28751004
0,0,0.29237166
0,0,0.26057136
1,1,0.94549346
1,1,0.9892482
1,1,0.98249185
1,1,0.96666837
1,1,0.9742848
1,1,0.9865323
1,1,0.99844295
1,1,0.99869233
1,1,0.99833953
1,1,0.9945226
1,1,0.98350346
1,1,0.9426069
1,1,0.88830125
1,1,0.9511356
1,1,0.88655865
1,1,0.71717286
1,1,0.78875226
1,1,0.8163503
1,1,0.802606
1,1,0.88491905
1,1,0.9106811
1,1,0.9502727
0,1,0.94019336
0,1,0.6573222
0,0,0.24051587
0,0,0.33235142
0,0,0.21075137
0,0,0.39443955
0,0,0.4889855
0,1,0.5769979
0,1,0.5158663
0,0,0.4296602
0,0,0.32037804
0,0,0.25973433
0,0,0.34288463
0,0,0.431917
0,1,0.51521873
0,1,0.6074871
0,1,0.535041
0,0,0.4742495
0,1,0.52808446
0,1,0.55214715
0,1,0.5915364
0,1,0.5547279
0,1,0.531941
0,1,0.5510064
0,0,0.49137682
0,0,0.44901606
0,0,0.4852398
0,1,0.51789886
0,1,0.5024131
0,0,0.48686653
0,0,0.4015761
0,0,0.2979129
0,0,0.35696098
1,0,0.333522
1,0,0.38991183
1,0,0.46348575
1,0,0.4905998
1,0,0.4997337
1,0,0.2991011
1,0,0.21876973
1,0,0.26374444
1,0,0.3715172
1,0,0.3410294
1,0,0.32237282
1,0,0.48015124
1,0,0.48850012
1,0,0.45628554
1,0,0.4607015
1,0,0.30479535
1,0,0.29881302
1,0,0.34241885
1,0,0.39596647
1,0,0.46651435
1,1,0.61632967
1,1,0.686762
0,0,0.021365687
0,0,0.021901371
0,0,0.011062276
0,0,0.008198546
0,0,0.005318069
0,0,0.0073828655
0,0,0.009348319
0,0,0.009431081
0,0,0.014999665
0,0,0.014199172
0,0,0.0070011793
0,0,0.0034204116
0,0,0.0029191095
0,0,0.0034625249
0,0,0.0040445747
0,0,0.0075908867
0,0,0.009140062
0,0,0.015767895
0,0,0.016348125
0,0,0.01718548
0,0,0.012988744
0,0,0.009981394
0,0,0.008847146
0,0,0.006958492
0,0,0.006848009
0,0,0.0056624315
0,0,0.0042783
0,0,0.004462015
0,0,0.005009429
0,0,0.0049570347
0,0,0.0036121293
0,0,0.0028314444
0,0,0.00274734
0,0,0.0020398605
0,0,0.0017197259
0,0,0.0014604352
0,0,0.0013222074
0,0,0.0009422282
0,0,0.000705374
0,0,0.00073634053
0,0,0.000646878
0,0,0.00043250073
0,0,0.0003670039
0,0,0.00033432705
0,0,0.0002828481
0,0,0.00026254353
1,0,0.0027948683
1,0,0.010962172
1,0,0.01702424
1,0,0.027876686
1,0,0.06299246
1,0,0.10631279
1,0,0.16744345
1,0,0.16659562
1,0,0.1675513
1,0,0.20613392
1,0,0.20875426
0,0,0.22239782
0,0,0.18812838
0,0,0.35177767
0,0,0.30713618
0,0,0.41140512
0,1,0.56955385
0,1,0.67609674
0,1,0.66109926
0,1,0.55984455
0,0,0.4236447
0,0,0.23958617
1,0,0.24080053
1,0,0.33003622
1,1,0.66013896
1,1,0.84856826
1,1,0.9301676
1,1,0.9519224
1,1,0.937104
1,1,0.88340014
1,1,0.8561157
1,1,0.821334
1,1,0.64242977
1,0,0.46957883
1,0,0.25281376
1,0,0.14341788
1,0,0.12448479
1,0,0.16520448
1,0,0.155441
1,0,0.1572819
1,0,0.16839224
1,0,0.21203125
1,0,0.24861966
1,0,0.27772796
0,0,0.26458365
0,0,0.36356533
0,1,0.5036245
0,1,0.54887646
0,1,0.5860371
0,1,0.79282653
0,1,0.8292979
0,1,0.7977539
0,1,0.7947508
0,1,0.77080977
0,0,0.4797744
0,0,0.015857585
0,0,0.005681304
0,0,0.0098118
0,0,0.004600032
0,0,0.0027985119
0,0,0.0028296248
0,0,0.0034200049
0,0,0.004885999
0,0,0.007080635
0,0,0.0064036665
0,0,0.0053136316
0,0,0.0049454346
0,0,0.0067395032
0,0,0.008494294
0,0,0.008486254
0,0,0.005937482
0,0,0.0042111063
0,0,0.0038763115
0,0,0.0038917472
0,0,0.0037976904
0,0,0.0037493336
0,0,0.0030483461
0,0,0.0028862073
0,0,0.0023598066
0,0,0.0019396574
0,0,0.0016147232
0,0,0.0014893806
0,0,0.0012832297
0,0,0.0013038676
1,0,0.035266772
1,0,0.22131343
1,0,0.45689458
1,1,0.5205716
1,1,0.8775
1,1,0.807238
1,1,0.8895023
1,1,0.86988664
1,1,0.89114374
1,1,0.81024194
1,1,0.6689537
1,0,0.4433132
1,0,0.2982919
1,0,0.2392135
1,0,0.1831166
1,0,0.15755175
1,0,0.15758242
1,0,0.23644756
1,0,0.29415172
1,0,0.40526766
1,1,0.522449
1,1,0.7619637
0,0,0.06392145
0,0,0.026914772
0,0,0.022290716
0,0,0.013237427
0,0,0.0057917642
0,0,0.009501416
0,0,0.008859055
0,0,0.0091045555
0,0,0.0069744308
0,0,0.00646825
0,0,0.00776076
0,0,0.0067695784
0,0,0.00787968
0,0,0.01043488
0,0,0.01039387
0,0,0.009405758
0,0,0.004704988
0,0,0.0043641576
0,0,0.0041821687
0,0,0.0047692433
0,0,0.0037290321
0,0,0.002750893
0,0,0.0034435927
0,0,0.005668529
0,0,0.0076160002
0,0,0.0077768196
0,0,0.006784757
0,0,0.0066637187
0,0,0.007010136
0,0,0.0068597835
0,0,0.007315555
0,0,0.00696436
0,0,0.007179366
1,0,0.00585441
1,0,0.004638934
1,0,0.0043703318
1,0,0.004259066
1,0,0.0036665015
1,0,0.0029938892
1,0,0.00347952
1,0,0.0033412536
1,0,0.0028847628
1,0,0.0023870529
1,0,0.0020538159
1,0,0.0025407725
1,0,0.0039409436
1,0,0.0067377137
1,0,0.006196219
1,0,0.0058148853
1,0,0.0035909498
1,0,0.0029263394
1,0,0.003278757
1,0,0.003553083
1,0,0.0036151202
1,0,0.0030907174
0,0,0.03208073
0,0,0.0029174166
0,0,0.014505312
0,0,0.07524044
0,0,0.2665764
0,0,0.27173766
0,0,0.28907022
0,0,0.29430956
0,0,0.2745465
0,0,0.26023495
0,0,0.26525024
0,0,0.25698203
0,0,0.24259284
0,0,0.2279561
0,0,0.21763352
0,0,0.18926239
0,0,0.17603861
0,0,0.15721679
0,0,0.14861917
0,0,0.14107071
0,0,0.13593778
0,0,0.13781339
0,0,0.1542646
0,0,0.16236797
0,0,0.16616774
0,0,0.16772303
0,0,0.16925986
0,0,0.17257187
0,0,0.1672937
0,0,0.16338116
0,0,0.16335294
0,0,0.15257761
0,0,0.14730982
0,0,0.14701171
0,0,0.15891066
0,0,0.17074792
0,0,0.19743527
0,0,0.19689208
0,0,0.19770741
0,0,0.2029004
0,0,0.19623487
0,0,0.19507611
0,0,0.19727333
0,0,0.2042109
0,0,0.18863913
0,0,0.18690886
1,0,0.1904951
1,0,0.21113262
1,0,0.23529726
1,0,0.24320763
1,0,0.24259676
1,0,0.24684075
1,0,0.2302653
1,0,0.21013594
1,0,0.20665522
1,0,0.20270407
1,0,0.19315091
1,0,0.19492678
1,0,0.21212493
1,0,0.23302856
1,0,0.2363705
1,0,0.24106266
1,0,0.25778592
1,0,0.27830172
1,0,0.31705633
1,0,0.38757756
1,0,0.43406257
1,0,0.4094419
1,0,0.40076828
1,0,0.35345122
1,0,0.29731563
1,0,0.26294285
1,0,0.25817072
1,0,0.25779104
1,0,0.25569203
1,0,0.24675964
1,0,0.24198928
1,0,0.22373752
1,0,0.20317388
1,0,0.18562041
1,0,0.200109
1,0,0.21982493
1,0,0.23106143
1,0,0.237781
1,0,0.2433002
1,0,0.23295034
1,0,0.22750525
1,0,0.21690612
1,0,0.20763424
1,0,0.21491745
0,0,0.24585812
0,0,0.27048904
0,0,0.30568916
0,0,0.33512053
0,0,0.33041596
0,0,0.3012798
0,0,0.28586715
0,0,0.26881626
0,0,0.2519888
0,0,0.24753836
0,0,0.24042535
1,0,0.22362235
1,0,0.2231812
1,0,0.21603824
1,0,0.18208456
1,0,0.1609606
1,0,0.15085189
1,0,0.13439626
1,0,0.11877988
1,0,0.13226694
1,0,0.122664586
1,0,0.12941308
1,0,0.12777743
1,0,0.14563708
1,0,0.15642162
1,0,0.17596917
1,0,0.16975142
1,0,0.17184943
1,0,0.15996294
1,0,0.15199094
1,0,0.15053353
1,0,0.15961738
1,0,0.15772998
1,0,0.14883488
1,0,0.14459823
1,0,0.13021332
1,0,0.12837781
1,0,0.12659074
1,0,0.13381982
1,0,0.1393795
1,0,0.18901707
1,0,0.21333064
1,0,0.23600914
1,0,0.23231529
1,0,0.24652797
1,0,0.24163873
1,0,0.23973592
1,0,0.23545338
1,0,0.23500712
1,0,0.22958772
1,0,0.23218761
0,0,0.23600584
0,0,0.23058274
0,0,0.23054022
0,0,0.23191299
0,0,0.23955996
0,0,0.25935918
0,0,0.28229886
0,0,0.2811586
0,0,0.25949955
0,0,0.25543797
0,0,0.24560377
0,0,0.22253492
0,0,0.21785046
0,0,0.2240881
0,0,0.20725867
0,0,0.18688095
0,0,0.18417497
0,0,0.19471344
0,0,0.19987777
0,0,0.19860585
0,0,0.21985073
0,0,0.22608201
0,0,0.20832309
0,0,0.20734462
0,0,0.20718053
0,0,0.19846906
0,0,0.20375846
0,0,0.19705549
0,0,0.19713914
0,0,0.20521049
0,0,0.1957833
0,0,0.18477352
0,0,0.18852223
0,0,0.17500405
0,0,0.16480112
0,0,0.16940309
0,0,0.16884716
0,0,0.16665798
0,0,0.17364104
0,0,0.1790991
0,0,0.1762607
0,0,0.17794648
0,0,0.18119127
0,0,0.18798937
0,0,0.18383873
0,0,0.19330715
0,0,0.20293495
0,0,0.21544696
0,0,0.20659861
0,0,0.22301699
0,0,0.24828672
0,0,0.2576824
0,0,0.25512907
0,0,0.25945377
0,0,0.24619688
0,0,0.20559104
0,0,0.20550786
0,0,0.2047318
0,0,0.19666557
0,0,0.18402235
0,0,0.19237454
0,0,0.18374632
0,0,0.18437578
0,0,0.180513
0,0,0.17246976
0,0,0.1846593
0,0,0.0042444044
0,0,0.0026742264
0,0,0.014543804
0,0,0.057781577
0,0,0.205478
0,0,0.21467276
0,0,0.21461691
0,0,0.204875
0,0,0.19515288
0,0,0.1885194
0,0,0.1822649
1,0,0.13631648
1,0,0.11484534
1,0,0.09966991
1,0,0.09224581
1,0,0.085157536
1,0,0.10806444
1,0,0.11067035
1,0,0.11336245
1,0,0.10900475
1,0,0.09316105
1,0,0.08766787
1,0,0.089958236
1,0,0.096856706
1,0,0.10969324
1,0,0.12420488
1,0,0.13001448
1,0,0.12874894
1,0,0.12303528
1,0,0.11770106
1,0,0.113948286
1,0,0.11720852
1,0,0.117451064
1,0,0.11177107
1,0,0.113549754
1,0,0.11429945
1,0,0.117113486
1,0,0.1166427
1,0,0.12088908
1,0,0.12203276
1,0,0.12333193
1,0,0.12264222
1,0,0.121876284
1,0,0.11735195
1,0,0.1143003
1,0,0.116695546
0,0,0.1556248
0,0,0.18059635
0,0,0.21390143
0,0,0.27372006
0,0,0.31176144
0,0,0.30013034
0,0,0.3040887
0,0,0.34741816
0,0,0.3882563
0,0,0.39623532
0,0,0.40439245
0,0,0.47611678
0,0,0.48129758
0,0,0.45270556
0,1,0.5106951
0,1,0.55187017
0,1,0.53758925
0,1,0.51742935
0,0,0.49703908
0,0,0.42769313
0,0,0.4284381
0,1,0.55069965
0,0,0.4597572
0,0,0.44158232
0,0,0.4245917
0,0,0.41383353
0,0,0.26270664
0,0,0.25995624
0,0,0.25993484
0,0,0.25670046
0,0,0.25545388
0,0,0.2622087
0,0,0.2633788
1,0,0.24804924
1,0,0.2466503
1,0,0.23205924
1,0,0.22928359
1,0,0.2372743
1,0,0.2350414
1,0,0.24277155
1,0,0.25377038
1,0,0.24741676
1,0,0.22922435
1,0,0.22736515
0,0,0.2508106
0,0,0.2422852
0,0,0.28544995
0,0,0.33062768
0,0,0.29818067
0,0,0.2744162
0,0,0.29601145
0,0,0.3012427
0,0,0.26783565
0,0,0.26263952
0,0,0.28529048
0,0,0.24780814
0,0,0.21312565
0,0,0.20266668
0,0,0.216195
0,0,0.1994178
0,0,0.19422315
0,0,0.1988239
0,0,0.19393109
0,0,0.17802323
0,0,0.17661051
0,0,0.1769716
0,0,0.1685322
0,0,0.16341992
0,0,0.16868494
0,0,0.17062767
0,0,0.17250736
0,0,0.17227584
0,0,0.16851664
0,0,0.16423047
0,0,0.1586702
0,0,0.15639375
0,0,0.15652704
0,0,0.1566107
0,0,0.15493779
0,0,0.15674083
0,0,0.1575985
0,0,0.15589337
0,0,0.15366004
0,0,0.15269434
1,0,0.17388251
1,0,0.18383744
1,0,0.19865549
1,0,0.25153604
1,0,0.28990015
1,0,0.2889096
1,0,0.29443637
1,0,0.2927219
1,0,0.2544424
1,0,0.23558377
1,0,0.22687814
1,0,0.23691134
1,0,0.24629743
1,0,0.2744878
1,0,0.31443363
1,0,0.31295592
1,0,0.3066757
1,0,0.30213225
1,0,0.29365438
1,0,0.29799363
1,0,0.30533054
1,0,0.32179692
1,0,0.25521198
1,0,0.21824665
1,0,0.20714459
1,0,0.1767759
1,0,0.15568696
1,0,0.15412362
1,0,0.15262969
1,0,0.15034144
1,0,0.15593812
1,0,0.1625612
1,0,0.16164114
1,0,0.16027808
1,0,0.160597
1,0,0.1634552
1,0,0.15961197
1,0,0.15410604
1,0,0.15256669
1,0,0.15516984
1,0,0.14940716
1,0,0.14411072
1,0,0.15026858
1,0,0.15291138
1,0,0.14347637
1,0,0.13920131
1,0,0.14352499
1,0,0.14760716
1,0,0.14664292
1,0,0.13742262
1,0,0.139342
1,0,0.14248063
1,0,0.15066434
1,0,0.15448521
1,0,0.1656376
1,0,0.1564613
1,0,0.14990264
1,0,0.14776954
1,0,0.14438872
1,0,0.14219216
1,0,0.14177261
1,0,0.14350823
1,0,0.14168577
1,0,0.14204036
1,0,0.14485909
1,0,0.14354868
1,0,0.14205778
1,0,0.14159973
1,0,0.13950409
1,0,0.13710374
1,0,0.13780008
1,0,0.14134258
1,0,0.14312895
1,0,0.13843355
1,0,0.13591869
1,0,0.13471732
1,0,0.13255933
0,0,0.15991026
0,0,0.12563318
0,0,0.14767498
0,0,0.26510066
0,1,0.5759007
0,0,0.37526596
0,0,0.2214542
0,0,0.087204814
0,0,0.057669535
0,0,0.06509485
0,0,0.07868067
0,0,0.085751586
0,0,0.111063205
0,0,0.13525857
0,0,0.16370852
0,0,0.20846403
0,0,0.14744696
0,0,0.22414955
0,0,0.3100469
0,0,0.40091416
0,0,0.45596385
0,1,0.5327504
0,1,0.563782
0,1,0.5571605
0,1,0.57139844
0,1,0.6261674
0,1,0.5673476
0,0,0.46404517
0,0,0.4855776
0,1,0.5548979
0,1,0.64367753
0,1,0.6777074
0,1,0.7294962
0,1,0.71209687
0,1,0.561905
0,1,0.5336113
0,0,0.4911717
0,1,0.58970517
0,1,0.64320314
0,1,0.6902723
0,1,0.7327565
0,1,0.7346418
0,1,0.73996216
0,1,0.77425826
0,1,0.7432369
0,1,0.7482988
1,1,0.9563268
1,1,0.9872895
1,1,0.9855258
1,1,0.98720205
1,1,0.98331267
1,1,0.9661391
1,1,0.9423383
1,1,0.9529808
1,1,0.9540945
1,1,0.9381988
1,1,0.922562
1,1,0.91583437
1,1,0.95521104
1,1,0.9875751
1,1,0.98404366
1,1,0.9833152
1,1,0.93316716
1,1,0.86313546
1,1,0.7034077
1,1,0.78239167
1,1,0.8345526
1,1,0.9115807
0,1,0.9669787
0,1,0.97750926
0,1,0.9841337
0,1,0.9765663
0,1,0.9905619
0,1,0.98804677
0,1,0.98976314
0,1,0.9816219
0,1,0.97083676
0,1,0.96812505
0,1,0.97337645
0,1,0.94112766
0,1,0.9584502
0,1,0.9653684
0,1,0.9794026
0,1,0.9691263
0,1,0.96491057
0,1,0.90443206
0,1,0.8671493
0,1,0.8275223
0,1,0.8412858
0,1,0.80567104
0,1,0.96184105
0,1,0.9939891
0,1,0.9981345
0,1,0.9996208
0,1,0.99930954
0,1,0.9986821
0,1,0.9979012
0,1,0.99894387
0,1,0.99955386
0,1,0.9993944
0,1,0.9994085
0,1,0.9577084
0,1,0.524871
0,1,0.53802055
0,0,0.40230322
0,0,0.21237881
0,0,0.23338586
0,0,0.24862847
0,0,0.22454351
0,0,0.17493118
0,0,0.14456275
0,0,0.15505525
0,0,0.17451935
0,0,0.17693585
0,0,0.16005981
0,0,0.15912376
0,0,0.19413288
0,0,0.23221701
0,0,0.26268065
0,0,0.27893606
0,0,0.2806781
0,0,0.20135564
0,0,0.1409767
0,0,0.10655217
0,0,0.13443558
0,0,0.24756745
0,0,0.260897
0,0,0.19345887
0,0,0.18888114
0,0,0.17673776
1,1,0.9381077
1,1,0.9914785
1,1,0.99375665
1,1,0.99707234
1,1,0.9982097
1,1,0.99755484
1,1,0.9810011
1,1,0.97038776
1,1,0.979349
1,1,0.97622013
1,1,0.96831125
0,1,0.97107476
0,1,0.9769965
0,1,0.94749945
0,1,0.94037145
0,1,0.95293105
0,1,0.9563061
0,1,0.94053066
0,1,0.94204897
0,1,0.96061546
0,1,0.97342324
0,1,0.97492754
0,1,0.6698159
0,0,0.26180625
0,0,0.2605147
0,0,0.094188936
0,0,0.042133976
0,0,0.060359575
0,0,0.110125326
0,0,0.17999998
0,0,0.19631459
0,0,0.20563836
0,0,0.20401189
0,0,0.23496956
0,0,0.27856982
0,0,0.26251522
0,0,0.2939705
0,0,0.37131268
0,0,0.43559524
0,1,0.5305985
0,1,0.59039515
0,1,0.65009445
0,1,0.6476814
0,1,0.66379267
0,1,0.67047244
0,1,0.6952834
0,1,0.7099991
0,1,0.7386797
0,1,0.7429473
0,1,0.6848682
0,1,0.71301544
0,1,0.72414297
0,1,0.74619544
0,1,0.73175776
0,1,0.7010194
0,0,0.46236277
0,1,0.53233415
0,0,0.19743012
0,0,0.27455497
0,0,0.07382684
0,0,0.10492174
0,0,0.0791873
0,0,0.07988149
0,0,0.09991287
0,0,0.11504232
0,0,0.13309325
0,0,0.15804662
0,0,0.18514761
0,0,0.21445362
0,0,0.24642374
0,0,0.26480275
0,0,0.27458104
0,0,0.29562256
0,0,0.30013415
0,0,0.29468673
0,0,0.2914977
0,0,0.32691666
0,0,0.00041182194
0,0,0.0017459781
0,0,0.0014639845
0,0,0.0012293063
0,0,0.00087597955
0,0,0.0015102065
0,0,0.0014224951
0,0,0.0007160734
0,0,0.0005357739
0,0,0.00030338878
0,0,0.0001771097
0,0,0.0001548729
0,0,0.00012429776
0,0,0.00017699845
0,0,0.00044489768
0,0,0.0012795656
0,0,0.0026957367
0,0,0.0038124667
0,0,0.0031563777
0,0,0.0017054603
0,0,0.0007066092
0,0,0.000887645
0,0,0.00050375605
0,0,0.00044103572
0,0,0.00046490697
0,0,0.0005103251
0,0,0.0007972635
0,0,0.00091690413
0,0,0.0013258315
0,0,0.0010611984
0,0,0.0016992205
0,0,0.001211505
0,0,0.0009373722
0,0,0.0015568453
0,0,0.0009968841
0,0,0.0006062089
0,0,0.0003342082
0,0,0.00055065623
0,0,0.00043639616
0,0,0.00042339004
0,0,0.00043861932
0,0,0.000508391
0,0,0.0005265622
0,0,0.00051059027
0,0,0.0006029291
0,0,0.0005226418
1,0,0.23132396
1,1,0.50011635
1,0,0.36105657
1,0,0.4201884
1,1,0.53934574
1,1,0.6791307
1,1,0.7445696
1,1,0.7601031
1,1,0.8220562
1,1,0.90909344
1,1,0.88111514
1,1,0.94483936
1,1,0.94370085
1,1,0.91687083
1,1,0.8812887
1,1,0.9187661
1,1,0.88836926
1,1,0.8665162
1,1,0.8137064
1,1,0.7238508
1,1,0.67571235
1,1,0.7776733
1,1,0.78523606
1,1,0.8785104
1,1,0.5558246
1,0,0.40725115
1,0,0.2925679
1,0,0.19403902
1,0,0.20794246
1,0,0.23875922
1,0,0.2171196
1,0,0.22362491
1,0,0.26277274
1,1,0.5218496
1,1,0.6595195
1,1,0.729042
1,1,0.73725826
1,1,0.7053171
1,1,0.6494248
1,1,0.61325103
1,0,0.47168323
1,0,0.4966233
1,1,0.6175831
1,1,0.76983386
0,1,0.7505811
0,1,0.6174352
0,0,0.3400667
0,0,0.18063837
0,0,0.11918186
0,0,0.12829262
0,0,0.19630387
0,0,0.25158897
0,0,0.32954273
0,0,0.36565965
0,0,0.38241857
0,0,0.08551398
0,0,0.023766335
0,0,0.010878905
0,0,0.005452892
0,0,0.0036653383
0,0,0.0048511797
0,0,0.00955586
0,0,0.012717594
0,0,0.0061406405
0,0,0.0030353973
0,0,0.005786774
0,0,0.004978678
0,0,0.0026318082
0,0,0.001345025
0,0,0.0013331326
0,0,0.0014441367
0,0,0.0010502618
0,0,0.00075960654
0,0,0.0007657905
0,0,0.00084202754
0,0,0.0007108892
0,0,0.00051281485
0,0,0.00049319275
0,0,0.0004956564
0,0,0.00049517775
0,0,0.00037966477
0,0,0.0003721084
0,0,0.00037415567
0,0,0.00035838678
1,0,0.029256351
1,0,0.107992254
1,0,0.1773666
1,1,0.5497928
1,1,0.67024004
1,1,0.7082274
1,1,0.6857252
1,1,0.53924435
1,0,0.364055
1,0,0.4118198
1,1,0.60888326
0,1,0.82437336
0,1,0.8124283
0,1,0.7888838
0,1,0.77707237
0,1,0.7400823
0,1,0.70032287
0,1,0.6849492
0,1,0.6938656
0,1,0.75230795
0,1,0.78982985
0,1,0.81788594
0,0,0.16940768
0,0,0.022541655
0,0,0.011105594
0,0,0.0024304432
0,0,0.00073894847
0,0,0.0009093115
0,0,0.0009921333
0,0,0.0008340573
0,0,0.00064231287
0,0,0.0005184478
0,0,0.00037804642
0,0,0.00034125466
0,0,0.00039355233
0,0,0.0005174776
0,0,0.0005367015
0,0,0.00041126355
0,0,0.00036006857
0,0,0.00030970035
0,0,0.00029400675
0,0,0.00031566675
0,0,0.00040543635
0,0,0.00047823088
0,0,0.0003960487
0,0,0.00045467183
0,0,0.00036898922
0,0,0.00032757118
0,0,0.00026559367
0,0,0.00029611346
0,0,0.0003347905
0,0,0.00038555605
0,0,0.0004897054
0,0,0.000568211
0,0,0.0006144102
0,0,0.00048242303
0,0,0.0004384928
0,0,0.00054967066
0,0,0.00092700165
0,0,0.0010498175
0,0,0.0009846536
0,0,0.0009040642
0,0,0.00082283665
0,0,0.0007680006
0,0,0.0007457376
0,0,0.00064862386
0,0,0.00047019968
0,0,0.00041456855
0,0,0.00045623851
0,0,0.0005227604
0,0,0.0006278923
0,0,0.00067261275
0,0,0.0006735088
0,0,0.0006131598
0,0,0.00061599707
0,0,0.0006988385
0,0,0.00072223734
0,0,0.06717182
0,0,0.014548049
0,0,0.015472884
0,0,0.077749066
0,0,0.32563353
0,0,0.32356596
0,0,0.3366109
0,0,0.34801754
0,0,0.3547699
0,0,0.34228274
0,0,0.33889583
0,0,0.31562832
0,0,0.31329277
0,0,0.3228264
0,0,0.32934883
0,0,0.32741484
0,0,0.32830158
0,0,0.3232951
0,0,0.32191852
0,0,0.2972706
0,0,0.29772013
0,0,0.31584492
0,0,0.3152981
0,0,0.30987015
0,0,0.3061364
0,0,0.31373945
0,0,0.31605214
0,0,0.31038284
0,0,0.31607702
0,0,0.3210805
0,0,0.31334466
0,0,0.31274036
0,0,0.32213008
0,0,0.32524619
0,0,0.3257913
0,0,0.32753032
0,0,0.33036584
0,0,0.33065268
0,0,0.32098782
0,0,0.32094502
0,0,0.3227638
0,0,0.3151363
0,0,0.31275073
0,0,0.31093976
0,0,0.3096042
0,0,0.3188266
0,0,0.3082956
0,0,0.3061599
0,0,0.3357908
0,0,0.33819324
0,0,0.32354742
0,0,0.37051117
0,0,0.3852219
0,0,0.3614603
0,0,0.34934026
0,0,0.33285573
0,0,0.32240897
1,0,0.31187057
1,0,0.31226096
1,0,0.31975272
1,0,0.3229499
1,0,0.34112215
1,0,0.33582848
1,0,0.3171208
1,0,0.33330953
1,0,0.32877436
1,0,0.31766766
1,0,0.34050182
1,0,0.3188459
1,0,0.32103956
1,0,0.34769952
1,0,0.3353066
1,0,0.31938022
1,0,0.34539378
1,0,0.34463137
1,0,0.34195936
1,0,0.3488212
1,0,0.36584023
1,0,0.3736378
0,0,0.35793835
0,0,0.35889012
0,0,0.35755304
0,0,0.3565588
0,0,0.35374275
0,0,0.365497
0,0,0.37903038
0,0,0.36297256
0,0,0.34630015
0,0,0.3663119
0,0,0.36455864
1,0,0.3687557
1,0,0.3807772
1,0,0.37022674
1,0,0.36881343
1,0,0.37643263
1,0,0.34532633
1,0,0.32898745
1,0,0.33458322
1,0,0.3131223
1,0,0.3084085
1,0,0.311718
0,0,0.33566457
0,0,0.36210752
0,0,0.37973943
0,0,0.37364498
0,0,0.37288484
0,0,0.35782796
0,0,0.3464108
0,0,0.33746073
0,0,0.33467266
0,0,0.34609517
0,0,0.37553164
0,0,0.4034769
0,0,0.40724716
0,0,0.40140107
0,0,0.39329538
0,0,0.39739025
0,0,0.40696296
0,0,0.40979773
0,0,0.40341377
0,0,0.4012321
0,0,0.39520383
0,0,0.40447167
0,0,0.44054386
0,0,0.45294836
0,0,0.45590198
0,0,0.42463833
0,0,0.3773681
0,0,0.32496572
0,0,0.32581443
1,0,0.33526048
1,0,0.3380237
1,0,0.3445535
1,0,0.35222062
1,0,0.32606566
1,0,0.3360348
1,0,0.34562072
1,0,0.31688285
1,0,0.32263106
1,0,0.34932867
1,0,0.37973994
1,0,0.38762596
1,0,0.38271806
1,0,0.3764989
1,0,0.35582563
1,0,0.32230002
1,0,0.32677054
1,0,0.33896717
1,0,0.35865045
1,0,0.3624236
1,0,0.3462015
1,0,0.3210283
0,0,0.3289693
0,0,0.33626568
0,0,0.3367936
0,0,0.34452093
0,0,0.363869
0,0,0.36102983
0,0,0.34675047
0,0,0.33805513
0,0,0.33716357
0,0,0.3286374
0,0,0.3285071
0,0,0.330183
0,0,0.3368497
0,0,0.35606152
0,0,0.35752413
0,0,0.3557972
0,0,0.3723734
0,0,0.36082047
0,0,0.33783695
0,0,0.32776746
0,0,0.31761506
0,0,0.3011832
0,0,0.3049181
0,0,0.31920877
0,0,0.32054675
0,0,0.32960325
0,0,0.33869335
0,0,0.32914078
0,0,0.33023563
0,0,0.34422567
0,0,0.34576052
0,0,0.34469733
0,0,0.34509143
0,0,0.35095716
0,0,0.35873592
0,0,0.35804233
0,0,0.35329527
0,0,0.35289598
0,0,0.34756926
0,0,0.3411854
0,0,0.34023464
0,0,0.35020337
0,0,0.35693425
0,0,0.34336427
0,0,0.32857093
0,0,0.33009055
0,0,0.32394475
0,0,0.32201365
0,0,0.33576992
0,0,0.34282294
0,0,0.344319
0,0,0.3477104
0,0,0.34848443
0,0,0.34429312
0,0,0.33773297
0,1,0.8083208
0,1,0.50929964
0,0,0.12538911
0,0,0.04171307
0,0,0.022066742
0,0,0.020879822
0,0,0.037975017
0,0,0.03673277
0,0,0.051164918
0,0,0.052952893
0,0,0.04091239
0,0,0.045760218
0,0,0.041776437
0,0,0.042444345
0,0,0.03008262
0,0,0.02362437
0,0,0.020987703
0,0,0.02273661
0,0,0.019123096
0,0,0.02059971
0,0,0.027473431
0,0,0.029742064
0,0,0.028562725
0,0,0.032785192
0,0,0.034422472
0,0,0.03324176
0,0,0.028527983
0,0,0.0242783
0,0,0.018030785
0,0,0.015898779
0,0,0.014734698
0,0,0.0182728
0,0,0.017614678
0,0,0.018067598
0,0,0.015697857
0,0,0.0144240465
0,0,0.013539593
0,0,0.0129727125
0,0,0.013883429
0,0,0.015402364
0,0,0.016816467
0,0,0.020451294
0,0,0.024687435
0,0,0.028997608
0,0,0.020725323
0,0,0.017639877
1,0,0.41285694
1,1,0.9105328
1,1,0.91746145
1,1,0.8941425
1,1,0.8632026
1,1,0.7843744
1,1,0.72759455
1,1,0.7635617
1,1,0.80392486
1,1,0.8397395
1,1,0.90924066
1,1,0.9202903
1,1,0.9123835
1,1,0.797112
1,1,0.9008304
1,1,0.9138115
1,1,0.9281211
1,1,0.85793334
1,1,0.7398082
1,1,0.74530876
1,1,0.82307535
1,1,0.79090315
1,1,0.8885408
1,1,0.9246127
1,1,0.92397404
1,1,0.9138725
1,1,0.8939598
1,1,0.8164672
1,1,0.76905274
1,1,0.8312713
1,1,0.75072014
1,1,0.7300398
1,1,0.7557415
0,1,0.79766774
0,1,0.71793634
0,1,0.7513184
0,1,0.7178229
0,1,0.77462596
0,1,0.64325476
0,1,0.57234156
0,1,0.67122984
0,1,0.73707694
0,1,0.7777784
0,1,0.69556177
0,1,0.75470245
0,1,0.7777329
0,1,0.65676343
0,1,0.7426924
0,1,0.65140533
0,1,0.621195
0,1,0.59805685
0,1,0.60688424
0,1,0.6110574
0,1,0.6470788
0,1,0.75744784
1,1,0.70140034
1,0,0.46531406
1,0,0.24043655
1,0,0.19878213
1,0,0.096253015
1,0,0.09588262
1,0,0.092786744
1,0,0.09250592
1,0,0.10698235
1,0,0.118520975
1,0,0.122116715
1,0,0.10510877
1,0,0.09479184
1,0,0.09076535
1,0,0.085741244
1,0,0.086561054
1,0,0.089715436
1,0,0.07383915
1,0,0.06904083
1,0,0.06130825
1,0,0.057905577
1,0,0.059819065
1,0,0.060485534
1,0,0.062074788
1,0,0.06545106
1,0,0.076248474
1,0,0.07116273
1,0,0.06188947
1,0,0.061949015
1,0,0.47197428
1,1,0.7251599
1,1,0.64208156
1,1,0.721081
1,1,0.68118995
1,1,0.74738014
1,1,0.7699416
1,1,0.7016116
1,1,0.5870147
1,1,0.5058042
1,1,0.5202064
1,1,0.690529
1,1,0.8525815
1,1,0.87286615
1,1,0.7804864
1,1,0.70530164
1,1,0.8571292
1,1,0.84747
1,1,0.7761616
1,1,0.7911663
1,1,0.8180107
1,1,0.8041401
0,0,0.4245501
0,0,0.16894583
0,0,0.116959766
0,0,0.06893818
0,0,0.0369473
0,0,0.035211314
0,0,0.03355118
0,0,0.03449863
0,0,0.028873114
0,0,0.029295385
0,0,0.036186114
0,0,0.043792002
0,0,0.056159608
0,0,0.088864714
0,0,0.11617229
0,0,0.116004445
0,0,0.090958245
0,0,0.070982076
0,0,0.04972138
0,0,0.030741135
0,0,0.024339559
0,0,0.017427763
0,0,0.015679015
0,0,0.010486982
0,0,0.009430844
0,0,0.0075148754
0,0,0.008473737
0,0,0.00593826
0,0,0.006320405
0,0,0.0054189316
0,0,0.006109413
0,0,0.007881384
0,0,0.020257775
0,0,0.03777656
0,0,0.045013197
0,0,0.0553834
0,0,0.08557904
0,0,0.12932803
0,0,0.12718484
0,0,0.12648761
0,0,0.13478082
0,0,0.10808858
0,0,0.0658219
0,0,0.052299827
0,0,0.05083138
0,0,0.047262356
0,0,0.024998736
0,0,0.022536956
0,0,0.021471158
0,0,0.025290761
0,0,0.04050585
0,0,0.06530982
0,0,0.070645645
0,0,0.07453732
0,0,0.06855597
0,0,0.022892497
0,0,0.091154866
0,0,0.21260625
0,0,0.12403247
0,0,0.11679455
0,0,0.23262286
0,0,0.38096547
0,1,0.54332244
0,1,0.51675147
0,0,0.42784497
0,0,0.23279126
0,0,0.060286306
0,0,0.0123329
0,0,0.0148844365
0,0,0.02435719
0,0,0.03015317
0,0,0.0367858
0,0,0.04545193
0,0,0.1119627
0,0,0.1709311
0,0,0.13164197
0,0,0.11872489
0,0,0.07913473
0,0,0.08671203
0,0,0.15434709
0,0,0.11831331
0,0,0.15839545
0,0,0.121255286
0,0,0.10434218
0,0,0.083269425
0,0,0.07294048
0,0,0.0965315
0,0,0.02259438
0,0,0.013475943
0,0,0.022304894
0,0,0.023856094
0,0,0.037488256
0,0,0.048161317
0,0,0.08334714
0,0,0.13804592
0,0,0.25043336
0,0,0.40021825
0,0,0.43133304
0,1,0.5423519
0,0,0.11357032
0,0,0.035787106
0,0,0.11071271
0,0,0.22883488
0,0,0.26033056
0,0,0.3736355
0,0,0.36058447
0,0,0.3214398
0,0,0.3089241
0,0,0.23243114
0,0,0.18537474
0,0,0.1275597
0,0,0.09515978
0,0,0.08004226
0,0,0.13317421
0,0,0.309482
0,0,0.44409353
0,0,0.4558882
0,0,0.44302055
0,0,0.43679014
0,0,0.21481448
0,0,0.13433056
0,0,0.1191366
0,0,0.09090861
0,0,0.084902
0,0,0.12609842
0,0,0.124128
0,0,0.10280242
0,0,0.07877535
0,0,0.077338316
0,0,0.06284795
0,0,0.078645736
0,0,0.12045842
0,0,0.1765793
0,0,0.24520351
0,0,0.22804548
0,0,0.19471017
0,0,0.101543725
0,0,0.06667353
0,0,0.053273913
0,0,0.0611418
0,0,0.06345599
0,0,0.06810739
0,0,0.084359154
0,0,0.07593711
0,0,0.072397
0,0,0.10354312
0,0,0.1337955
0,0,0.19822997
0,0,0.30379134
0,0,0.36052987
0,0,0.25510067
0,0,0.18193056
0,0,0.12815511
0,0,0.13493218
0,0,0.108305074
0,0,0.080308884
0,0,0.029176544
0,0,0.01858708
0,0,0.04351661
0,0,0.07050168
0,0,0.15544467
0,0,0.15464664
0,0,0.1418472
0,0,0.02863268
0,0,0.022145875
0,0,0.17370932
0,0,0.1748748
0,0,0.106865965
0,0,0.17013998
0,0,0.19243282
0,0,0.47886115
0,1,0.6156993
0,1,0.7759394
0,0,0.48975176
0,0,0.1812696
0,0,0.10532589
0,0,0.10793624
0,0,0.10370686
0,0,0.034275938
0,0,0.01978104
0,0,0.031849623
0,0,0.06102843
0,0,0.12892066
0,0,0.17633039
0,0,0.2406119
0,1,0.64786947
0,1,0.8603843
0,1,0.7245898
0,1,0.789854
0,1,0.54588616
0,1,0.50214833
0,0,0.28592652
0,0,0.11222092
0,0,0.038521644
0,0,0.026704438
0,0,0.027025923
0,0,0.054065917
0,0,0.05587843
0,0,0.08896998
0,0,0.108684964
0,0,0.09289718
0,0,0.057279527
0,0,0.049006972
0,0,0.05327851
0,0,0.040819347
0,0,0.038131513
0,0,0.070394404
0,0,0.0181931
0,0,0.009513862
0,0,0.017684024
0,0,0.035353284
0,0,0.03312331
0,0,0.008845991
0,0,0.009128871
0,0,0.024524428
0,0,0.039673723
0,0,0.14131032
0,0,0.2531299
0,0,0.39482123
0,0,0.13941297
0,0,0.109780446
0,0,0.06537983
0,0,0.06642205
0,0,0.054793805
0,0,0.058048416
0,0,0.117773086
0,0,0.14089784
0,0,0.1693574
0,0,0.16742449
0,0,0.09559922
0,0,0.10437603
0,0,0.12409963
0,0,0.1937912
0,0,0.32201555
0,0,0.28251678
0,0,0.36896876
0,0,0.358483
0,0,0.45895767
0,0,0.44028124
0,0,0.45136705
0,0,0.08660043
0,0,0.06804298
0,0,0.04303474
0,0,0.13607389
0,0,0.28303573
0,1,0.60663724
0,1,0.7578802
0,1,0.721274
0,1,0.74412084
0,1,0.66098374
0,1,0.6112467
0,1,0.6425963
0,1,0.6078276
0,1,0.6329719
0,1,0.5898038
0,1,0.55937284
0,1,0.5280024
0,0,0.4292435
0,0,0.35745668
0,0,0.36174652
0,0,0.3713166
0,0,0.37127417
0,0,0.3344961
0,0,0.25366163
0,0,0.09888992
0,0,0.031389385
0,0,0.009365397
0,0,0.008763193
0,0,0.005494569
0,0,0.005042035
0,0,0.004724464
0,0,0.006773529
0,0,0.008024867
0,0,0.015083463
0,0,0.011143278
0,0,0.013255052
0,0,0.009381412
0,0,0.027695175
0,0,0.012818897
0,0,0.011326434
0,0,0.012045079
0,0,0.01580235
0,0,0.01650587
0,0,0.016065858
0,0,0.012014001
0,0,0.009039664
0,0,0.007510389
0,0,0.006460716
0,0,0.0068421727
0,0,0.006873162
0,0,0.006908279
0,0,0.0072906716
0,0,0.0085763745
0,0,0.008669902
0,0,0.008038771
0,0,0.0075138626
0,0,0.0076125846
0,0,0.009478172
0,0,0.008715994
0,0,0.00754156
0,0,0.006457417
0,0,0.008136191
0,0,0.008238155
0,0,0.006910046
0,0,0.006688528
0,0,0.006290629
0,0,0.0052766115
0,0,0.0053907335
0,1,0.5645541
0,1,0.94382405
0,1,0.9295936
0,1,0.9289463
0,1,0.90910804
0,1,0.9307339
0,1,0.9236135
0,1,0.8986568
0,1,0.7948648
0,1,0.73846245
0,1,0.7220966
1,1,0.6995441
1,1,0.7914831
1,1,0.8758301
1,1,0.9426858
1,1,0.9609364
1,1,0.9825315
1,1,0.9880477
1,1,0.9786477
1,1,0.96848494
1,1,0.93349224
1,1,0.902065
1,1,0.9430065
1,1,0.96383023
1,1,0.97068685
1,1,0.97839886
1,1,0.95432204
1,1,0.9492823
1,1,0.92328864
1,1,0.8771546
1,1,0.8928183
1,1,0.89011025
1,1,0.8678897
1,1,0.8098067
1,1,0.8122969
1,1,0.7615813
1,1,0.51205444
1,0,0.27092826
1,0,0.19784494
1,0,0.16451427
1,0,0.22325253
1,0,0.26354614
1,0,0.1735275
1,0,0.15813543
1,0,0.39235154
1,0,0.39394158
1,0,0.32296997
1,0,0.41304827
1,1,0.5224452
1,0,0.47336575
1,0,0.41603822
1,0,0.48567724
1,0,0.43381804
1,0,0.28937745
1,0,0.19762592
1,0,0.028320588
1,0,0.012532912
1,0,0.018717906
1,0,0.014196717
1,0,0.018063834
1,0,0.046725698
1,0,0.0993925
1,0,0.15281521
1,0,0.04031988
1,0,0.013780866
1,0,0.013645959
1,0,0.018965324
1,0,0.03907992
1,0,0.05875635
1,0,0.08346281
1,0,0.09267834
1,0,0.10991338
1,0,0.09158397
1,0,0.08889877
1,0,0.09405251
1,0,0.072096474
1,0,0.053068668
1,0,0.048676442
1,0,0.05020602
1,0,0.03550561
1,0,0.012973586
1,0,0.004039127
1,0,0.0017824933
1,0,0.0013737954
1,0,0.03237623
1,0,0.110682756
1,0,0.13376138
1,0,0.2912795
1,0,0.3837631
1,1,0.5994197
1,1,0.7852451
1,1,0.8243202
1,1,0.841142
1,1,0.80019736
1,1,0.7845731
1,1,0.70167166
1,1,0.87326854
1,1,0.85885906
1,1,0.8297991
1,1,0.7665761
1,1,0.73005235
1,1,0.6184024
1,0,0.44928282
1,0,0.35756993
1,0,0.31792152
1,0,0.29557198
0,0,0.019207459
0,0,0.005395046
0,0,0.009721817
0,0,0.010683421
0,0,0.026047194
0,0,0.022947013
0,0,0.021588264
0,0,0.020230262
0,0,0.025015447
0,0,0.025607025
0,0,0.018366558
0,0,0.012063987
0,0,0.011191901
0,0,0.010662536
0,0,0.009993653
0,0,0.010195119
0,0,0.009209135
0,0,0.008251139
0,0,0.0073314174
0,0,0.006356447
0,0,0.006494137
0,0,0.006285201
0,0,0.0056132665
0,0,0.0048468034
0,0,0.0045535797
0,0,0.0052310494
0,0,0.0074712294
0,0,0.010100374
0,0,0.013534021
0,0,0.015638208
0,0,0.019133404
0,0,0.018948555
0,0,0.020587057
0,0,0.020786824
0,0,0.013299912
0,0,0.0069682854
0,0,0.006334931
0,0,0.009369933
0,0,0.016379792
0,0,0.020989427
0,0,0.012279664
0,0,0.009083908
0,0,0.009456172
0,0,0.013699074
0,0,0.019711766
0,0,0.024306554
0,0,0.03042527
0,0,0.036093943
0,0,0.03894586
0,0,0.03971655
0,0,0.039398517
0,0,0.034639046
0,0,0.030265138
0,0,0.026610851
0,0,0.020428488
0,0,0.40277028
0,0,0.086935446
0,0,0.003408437
0,0,0.00047385975
0,0,0.000106258616
0,0,8.037223e-05
0,0,0.00012942766
0,0,0.0005948835
0,0,0.00062859413
0,0,0.00011987876
0,0,6.973612e-05
1,0,9.277451e-05
1,0,0.00020052066
1,0,0.0004627273
1,0,0.0023430567
1,0,0.0021514434
1,0,0.0019648795
1,0,0.00087381224
1,0,0.000274333
1,0,0.00027274893
1,0,0.00068636466
1,0,0.0015910486
1,0,0.0027325726
1,0,0.0046097124
1,0,0.0034771368
1,0,0.0013315437
1,0,0.000633085
1,0,0.00027848486
1,0,0.00029346964
1,0,0.00030718904
1,0,0.0003020712
1,0,0.00028409754
1,0,0.00014231891
1,0,8.887796e-05
1,0,9.969703e-05
1,0,0.00018877171
1,0,0.00037945347
1,0,0.00040935865
1,0,0.0002595643
1,0,0.00027102
1,0,0.0003524643
1,0,0.00062831433
1,0,0.00096632936
1,0,0.0016562293
1,0,0.0018219781
1,0,0.0009995755
1,0,0.159484
1,1,0.85827893
1,1,0.8721377
1,1,0.83353233
1,1,0.8249942
1,1,0.81288433
1,1,0.7952064
1,1,0.81453013
1,1,0.82531303
1,1,0.86185086
1,1,0.919414
1,1,0.8386474
1,1,0.77929044
1,1,0.8266207
1,1,0.7541082
1,1,0.7280477
1,1,0.6156344
1,1,0.5528881
1,1,0.73003453
1,1,0.8893064
1,1,0.9645197
1,1,0.98262113
1,1,0.9533872
1,1,0.93292874
1,1,0.9352899
1,1,0.6884382
1,1,0.6158156
1,1,0.75853
1,1,0.79954875
1,1,0.837642
1,1,0.90413404
1,1,0.94859225
1,1,0.95931673
1,1,0.8653082
1,1,0.88235044
1,1,0.923092
1,1,0.86724484
1,1,0.7087542
1,1,0.7700567
1,1,0.82428205
1,1,0.79250586
1,1,0.81655574
1,1,0.8569308
1,1,0.9278476
0,1,0.8908312
0,1,0.87713146
0,1,0.7859021
0,1,0.71254593
0,1,0.6978211
0,1,0.70102704
0,1,0.5909951
0,0,0.46509996
0,0,0.4987177
0,0,0.39389586
0,0,0.36240456
0,0,0.007927831
0,0,0.001979028
0,0,0.0013103206
0,0,0.0006801436
0,0,0.00039208608
0,0,0.00023602485
0,0,0.00012742703
0,0,0.00012870743
0,0,0.00015941609
0,0,0.0003335168
0,0,0.0011010896
0,0,0.0011233022
0,0,0.000666285
0,0,0.00032181066
0,0,0.00020338973
0,0,0.00018437853
0,0,0.00024817215
0,0,0.00025265093
0,0,0.0002437492
0,0,0.0002022862
0,0,0.00017644104
0,0,0.0001359593
0,0,0.00017062285
0,0,0.00017570503
0,0,0.00015762825
0,0,9.401025e-05
0,0,8.253226e-05
0,0,8.380259e-05
0,0,6.5873624e-05
0,0,0.056982163
0,0,0.4631387
0,1,0.5935467
0,1,0.8292066
0,1,0.8986831
0,1,0.7567826
0,1,0.6242176
0,1,0.56777483
0,0,0.4339544
0,0,0.3372357
0,0,0.18984711
1,0,0.17610769
1,1,0.58142704
1,1,0.7542233
1,1,0.81591076
1,1,0.8372546
1,1,0.8430839
1,1,0.8239867
1,1,0.7721907
1,1,0.73866624
1,1,0.7501409
1,1,0.83144283
0,0,0.07349986
0,0,0.0060954993
0,0,0.0023230435
0,0,0.0005653005
0,0,0.00020763685
0,0,0.00029638718
0,0,0.00023263447
0,0,0.00017140443
0,0,0.00018970024
0,0,0.00024066192
0,0,0.0005473982
0,0,0.0005635061
0,0,0.00045974727
0,0,0.0002650301
0,0,0.0003268219
0,0,0.00056799286
0,0,0.00069235463
0,0,0.0006842757
0,0,0.00049301906
0,0,0.00044162682
0,0,0.0003938432
0,0,0.00033724302
0,0,0.0003445016
0,0,0.0003835833
0,0,0.0004682321
0,0,0.00035149892
0,0,0.0002396583
0,0,0.00023877791
0,0,0.00036580072
0,0,0.0004936883
0,0,0.00030627113
0,0,0.00030532505
0,0,0.0005593632
0,0,0.00055241963
0,0,0.00029176034
0,0,0.00026944678
0,0,0.00012869602
0,0,0.00017791435
0,0,0.0002022237
0,0,0.0001529466
0,0,0.00012732562
0,0,0.00015688495
0,0,0.00023477111
0,0,0.0002080792
0,0,0.000126027
0,0,0.000106455365
0,0,0.00011483479
0,0,0.000177407
0,0,0.00022356231
0,0,0.00017221617
0,0,0.00016228888
0,0,0.00020493421
0,0,0.00030787545
0,0,0.00043539642
0,0,0.00045791463
0,0,0.372319
0,0,0.27850243
0,0,0.24560037
0,0,0.36664736
0,0,0.33668545
0,0,0.32118785
0,0,0.21291561
0,0,0.2676092
0,0,0.33085486
0,0,0.48865056
0,1,0.6895891
0,1,0.64716667
0,1,0.58756256
0,0,0.16285516
0,0,0.11193478
0,0,0.11021746
0,0,0.17589158
0,0,0.23572235
0,0,0.06828559
0,0,0.008066469
0,0,0.0065863756
0,0,0.008159444
0,0,0.02192725
0,0,0.07389603
0,0,0.28947005
0,0,0.360889
0,0,0.31677702
0,0,0.20488447
0,0,0.14392717
0,0,0.09723182
0,0,0.05763454
0,0,0.057396695
0,0,0.073982865
0,0,0.15367159
0,0,0.1848459
0,0,0.38485867
0,0,0.44858685
0,0,0.49096122
0,1,0.56618404
0,1,0.5261496
0,1,0.5181982
0,0,0.103270695
0,0,0.08246044
0,0,0.053255305
0,0,0.04508612
0,0,0.03595255
0,0,0.39350805
0,1,0.67063206
0,1,0.735906
0,1,0.89727426
0,1,0.96340805
0,1,0.8388091
0,1,0.8188722
0,1,0.87766594
0,1,0.9647634
0,1,0.98658144
0,1,0.99498403
0,1,0.975343
0,1,0.9911061
0,1,0.8889128
0,1,0.7562541
0,0,0.42449087
0,0,0.27765697
0,0,0.18457176
0,0,0.20481426
0,0,0.3340567
0,1,0.57220906
0,1,0.9253632
0,1,0.9117237
0,1,0.9255641
0,1,0.8660339
0,1,0.6953558
0,0,0.47825807
0,1,0.5326559
0,1,0.500995
0,0,0.47382385
0,1,0.5702911
0,1,0.5900526
0,1,0.5570324
0,1,0.5442501
0,1,0.5304738
0,0,0.47629556
0,1,0.5232361
0,1,0.53769284
0,1,0.51687706
0,1,0.5841553
0,1,0.5453322
0,0,0.39908978
0,0,0.34122646
0,0,0.29367945
0,0,0.43666154
0,0,0.49003968
0,1,0.68124723
0,1,0.82036066
0,1,0.9119674
0,1,0.86128885
0,1,0.8239165
0,1,0.84822017
0,1,0.8709982
0,1,0.90670824
0,1,0.923461
0,0,0.38971627
0,0,0.12433102
0,0,0.08081485
0,0,0.11352153
0,0,0.13777308
0,0,0.2467737
0,0,0.2642912
0,0,0.31824073
0,0,0.3822984
0,0,0.4874247
0,1,0.5667441
0,1,0.71102434
0,1,0.760243
0,1,0.63905483
0,1,0.70314234
0,1,0.66663474
0,0,0.49703264
0,0,0.25231966
0,0,0.10784534
0,0,0.04610969
0,0,0.014434008
0,0,0.0042725997
0,0,0.002177678
0,0,0.0022498833
0,0,0.0026158092
0,0,0.0031184205
0,0,0.0040582777
0,0,0.004318709
0,0,0.003321848
0,0,0.116160244
0,0,0.39139798
0,1,0.6305192
0,1,0.6541456
0,1,0.7388226
0,1,0.66802907
0,1,0.61217463
0,1,0.5218368
0,0,0.48584586
0,1,0.6509948
0,1,0.7381444
0,1,0.9023862
0,1,0.8942814
0,1,0.9346559
0,1,0.801335
0,1,0.8778297
0,1,0.91523606
0,1,0.92977506
0,1,0.85064757
0,1,0.6459388
0,1,0.6560389
0,1,0.8340748
0,0,0.22743079
0,0,0.046678998
0,0,0.07460027
0,0,0.07778578
0,0,0.1772455
0,0,0.21368924
0,0,0.19116445
0,0,0.21586348
0,0,0.18818958
0,0,0.13695359
0,0,0.07598775
0,0,0.05027341
0,0,0.048163325
0,0,0.036270488
0,0,0.025972564
0,0,0.017462576
0,0,0.01670078
0,0,0.019315714
0,0,0.020982943
0,0,0.025843212
0,0,0.02603582
0,0,0.025392048
0,0,0.020925846
0,0,0.013561295
0,0,0.011961932
0,0,0.011088531
0,0,0.014203999
0,0,0.022046098
0,0,0.033054844
0,0,0.05718477
0,0,0.074368924
0,0,0.07761214
0,0,0.05426672
0,0,0.046975262
0,0,0.033743463
0,0,0.03586503
0,0,0.033611745
0,0,0.0354541
0,0,0.03093388
0,0,0.027154721
0,0,0.0228964
0,0,0.01756927
0,0,0.016697312
0,0,0.01859456
0,0,0.027593156
0,0,0.033594288
0,0,0.037006754
0,0,0.028907767
0,0,0.027025335
0,0,0.02685181
0,0,0.034526512
0,0,0.038388938
0,0,0.045756973
0,0,0.035786793
0,0,0.03613468
0,0,0.016297286
0,0,0.004890388
0,0,0.007982783
0,0,0.063266836
0,0,0.3706424
0,0,0.44779897
0,0,0.41925722
0,0,0.3638156
0,0,0.41635558
0,0,0.42045566
0,0,0.35006568
0,0,0.39858043
0,0,0.42560038
0,0,0.37574428
0,0,0.38762137
0,0,0.42420053
0,0,0.39136535
0,0,0.39194041
0,0,0.42963615
0,0,0.38752708
0,0,0.35605615
0,0,0.3972334
0,0,0.38043037
0,0,0.355417
0,0,0.4099476
0,0,0.4086227
0,0,0.38065928
0,0,0.40128928
0,0,0.39552093
0,0,0.3591549
0,0,0.383792
0,0,0.40194947
0,0,0.37628224
0,0,0.38042414
0,0,0.4025094
0,0,0.3839387
0,0,0.3670212
0,0,0.3551729
0,0,0.3442426
0,0,0.343587
0,0,0.35161084
0,0,0.3429394
0,0,0.34301305
0,0,0.38231307
0,0,0.38848618
0,0,0.37302685
0,0,0.3915239
0,0,0.4228011
0,0,0.41400072
0,0,0.41634378
0,0,0.423366
0,0,0.41335624
0,0,0.40498117
0,0,0.40069166
0,0,0.394017
0,0,0.37484625
0,0,0.3692426
0,0,0.36421233
0,0,0.34921488
0,0,0.33406368
0,0,0.32920185
0,0,0.33086696
0,0,0.32527557
0,0,0.34185815
0,0,0.34323394
0,0,0.34000003
0,0,0.3528354
0,0,0.37299633
0,0,0.38222858
0,0,0.36800948
0,0,0.36549404
0,0,0.3715063
0,0,0.34236956
0,0,0.31130463
0,0,0.32472497
0,0,0.34637952
0,0,0.35517013
0,0,0.3708257
0,0,0.39039445
0,0,0.3773278
0,0,0.35729393
0,0,0.3503506
0,0,0.35031244
0,0,0.33785436
0,0,0.35311618
0,0,0.3782021
0,0,0.40035158
0,0,0.4009076
0,0,0.3951577
0,0,0.38363335
0,0,0.40394586
0,0,0.3988539
0,0,0.3990533
0,0,0.41026336
0,0,0.42589587
0,0,0.4008912
0,0,0.39822954
0,0,0.39963052
0,0,0.40842447
0,0,0.4042537
0,0,0.41547078
0,0,0.4243771
0,0,0.4155657
0,0,0.40244028
0,0,0.38894477
0,0,0.38396847
0,0,0.38041615
0,0,0.37267
0,0,0.36137483
0,0,0.35160354
0,0,0.3500676
0,0,0.36356497
0,0,0.37867808
0,0,0.40435213
0,0,0.42526752
0,0,0.42380318
0,0,0.41325542
0,0,0.39880946
0,0,0.39369515
0,0,0.41272327
0,0,0.419295
0,0,0.41860747
0,0,0.43830565
0,0,0.4373547
0,0,0.416683
0,0,0.4106398
0,0,0.41328
0,0,0.40696186
0,0,0.4042531
0,0,0.4055151
0,0,0.40443462
0,0,0.39903697
0,0,0.39330655
0,0,0.39030582
0,0,0.40414467
0,0,0.4177542
0,0,0.41470733
0,0,0.39103845
0,0,0.39665645
0,0,0.37567034
0,0,0.36479038
0,0,0.3559383
0,0,0.35712537
0,0,0.36523172
0,0,0.37706232
0,0,0.3765323
0,0,0.38536325
0,0,0.38244742
0,0,0.3717903
0,0,0.36336774
0,0,0.35851723
0,0,0.35087168
0,0,0.34303057
0,0,0.3424265
0,0,0.34363797
0,0,0.33827475
0,0,0.33984527
0,0,0.3468752
0,0,0.34384635
0,0,0.34036753
0,0,0.3432634
0,0,0.34089282
0,0,0.33918247
0,0,0.34212524
0,0,0.34550872
0,0,0.34420294
0,0,0.34208968
0,0,0.06506035
0,0,0.022073498
0,0,0.028894702
0,0,0.03198162
0,0,0.026054852
0,0,0.018997695
0,0,0.013960469
0,0,0.016317803
0,0,0.015906129
0,0,0.017775737
0,0,0.029436886
1,0,0.09184371
1,0,0.154983
1,0,0.34139556
1,0,0.4410303
1,0,0.42601576
1,0,0.4133858
1,0,0.37920618
1,0,0.3583507
1,0,0.3552064
1,0,0.37424922
1,0,0.46522972
1,0,0.44178274
1,0,0.3340858
1,0,0.25792187
1,0,0.2509403
1,0,0.22558247
1,0,0.13166787
1,0,0.116947785
1,0,0.117282055
1,0,0.14034231
1,0,0.24500486
1,0,0.28392798
1,0,0.24670969
1,0,0.17720562
1,0,0.18729766
1,0,0.15478913
1,0,0.18849152
1,0,0.25406286
1,0,0.2566092
1,0,0.27850872
1,0,0.17574763
1,0,0.09317345
1,0,0.07171351
1,0,0.07088978
1,0,0.09075827
1,1,0.83350843
1,1,0.9620444
1,1,0.88636947
1,1,0.8695932
1,1,0.90389055
1,1,0.97551006
1,1,0.9913863
1,1,0.9945064
1,1,0.9939727
1,1,0.98527443
1,1,0.93722105
1,1,0.87502444
1,1,0.8848231
1,1,0.91645825
1,1,0.9347208
1,1,0.9469668
1,1,0.973626
1,1,0.9871187
1,1,0.9895291
1,1,0.9820249
1,1,0.9699527
1,1,0.98658854
1,1,0.9497936
1,1,0.89020354
1,1,0.93950933
1,1,0.89833605
1,1,0.9139891
1,1,0.92788136
1,1,0.93951005
1,1,0.9712214
1,1,0.98411775
1,1,0.98171425
1,1,0.98440546
1,1,0.98437864
1,1,0.9675895
1,1,0.94217247
1,1,0.9250555
1,1,0.9407201
1,1,0.9810977
1,1,0.99519205
1,1,0.99286264
1,1,0.9837621
1,1,0.98240936
1,1,0.9853828
1,1,0.951262
1,1,0.91130936
1,1,0.8704221
1,1,0.8890534
1,1,0.9298934
1,1,0.97596925
1,1,0.98572636
1,1,0.9801036
1,1,0.9657903
1,1,0.9574176
1,1,0.9293173
0,0,0.17549145
0,0,0.041817106
0,0,0.09202125
0,0,0.11375094
0,0,0.1736595
0,0,0.19164222
0,0,0.13156646
0,0,0.08529836
0,0,0.06383019
0,0,0.05408894
0,0,0.0505613
0,0,0.043816708
0,0,0.034319524
0,0,0.027112363
0,0,0.030315867
0,0,0.041939978
0,0,0.052685555
0,0,0.058865596
0,0,0.061522875
0,0,0.046680525
0,0,0.04068188
0,0,0.049198788
0,0,0.053722244
0,0,0.0606797
0,0,0.06733134
0,0,0.068290934
0,0,0.06687628
0,0,0.07161338
0,0,0.075623
1,1,0.69772446
1,1,0.8719748
1,1,0.7183712
1,1,0.7072248
1,1,0.8122067
1,1,0.94371533
1,1,0.97231364
1,1,0.97423106
1,1,0.98636067
1,1,0.97893894
1,1,0.95163375
1,1,0.96323526
1,1,0.95822823
1,1,0.9719862
1,1,0.9499467
1,1,0.9536984
1,1,0.96729493
1,1,0.9789823
1,1,0.98035276
1,1,0.97428834
1,1,0.9610169
1,1,0.9697627
0,0,0.47771102
0,0,0.15145865
0,0,0.16758028
0,0,0.16175862
0,0,0.16598392
0,0,0.17719118
0,0,0.14317861
0,0,0.12556596
0,0,0.098656625
0,0,0.074136935
0,0,0.072328664
0,0,0.075350866
0,0,0.07350604
0,0,0.11830524
0,0,0.16209647
0,0,0.18422909
0,0,0.17663236
0,0,0.1683583
0,0,0.15441684
0,0,0.13085473
0,0,0.1328588
0,0,0.14270431
0,0,0.10079641
0,0,0.026935564
0,0,0.022718975
0,0,0.023968795
0,0,0.027288727
0,0,0.02818459
0,0,0.04767775
0,0,0.064303465
0,0,0.069931716
0,0,0.10337262
0,0,0.13694358
1,0,0.14200348
1,0,0.15797359
1,0,0.1687246
1,0,0.16072115
1,0,0.14236557
1,0,0.14084011
1,0,0.15433258
1,0,0.16218293
1,0,0.16806772
1,0,0.15507321
1,0,0.14738926
1,0,0.13936296
1,0,0.14629996
1,0,0.15287681
1,0,0.16084935
1,0,0.21700184
1,0,0.27185932
1,0,0.28477186
1,0,0.32508913
1,0,0.37311324
1,0,0.38110888
1,0,0.4189638
0,1,0.5621917
0,1,0.6316744
0,1,0.54707134
0,0,0.4318601
0,0,0.38958073
0,0,0.34066287
0,0,0.34356824
0,0,0.36205924
0,0,0.3785066
0,0,0.35413375
0,0,0.3371631
0,0,0.2095595
0,0,0.1810603
0,0,0.08789457
0,0,0.14734899
0,0,0.18498173
0,0,0.30833903
0,0,0.31754032
0,0,0.2678353
0,0,0.25336117
0,0,0.2523604
0,0,0.22255634
0,0,0.17056085
0,0,0.13872936
0,0,0.20578212
0,0,0.2096827
0,0,0.1889616
0,0,0.15607892
0,0,0.15066676
0,0,0.11440195
0,0,0.10310911
0,0,0.11263694
0,0,0.096433215
0,0,0.09004356
0,0,0.14424928
0,0,0.1695595
0,0,0.15523136
0,0,0.17121626
0,0,0.18802522
0,0,0.1946757
0,0,0.1995629
0,0,0.19593151
0,0,0.20295222
0,0,0.2643473
0,0,0.2766478
0,0,0.29325446
1,1,0.6662783
1,1,0.72805923
1,1,0.53403634
1,0,0.46223187
1,0,0.35266307
1,0,0.3392414
1,0,0.37266958
1,0,0.480483
1,1,0.5237798
1,1,0.5432882
1,1,0.5632793
1,1,0.5312264
1,1,0.6004963
1,1,0.74769324
1,1,0.7829246
1,1,0.7395678
1,1,0.80721647
1,1,0.8087937
1,1,0.82289505
1,1,0.725143
1,1,0.55858225
1,1,0.5461405
1,1,0.5742793
1,1,0.69696534
1,1,0.6898041
1,1,0.563978
1,0,0.49819592
1,0,0.45789447
1,1,0.55052745
1,0,0.4462168
1,1,0.5493568
1,1,0.587704
1,0,0.4928748
0,1,0.59265727
0,0,0.4933771
0,1,0.55453724
0,1,0.55033535
0,1,0.5224295
0,0,0.3906035
0,0,0.35087976
0,0,0.39570406
0,0,0.34786952
0,0,0.29295313
0,0,0.32130113
1,1,0.6047972
1,1,0.64071506
1,1,0.6926709
1,1,0.7551012
1,1,0.75127023
1,1,0.8310656
1,1,0.9008798
1,1,0.91290396
1,1,0.91277015
1,1,0.93750846
1,1,0.92150384
0,0,0.29264048
0,0,0.06849675
0,0,0.030093128
0,0,0.02411924
0,0,0.025752949
0,0,0.024766827
0,0,0.02101559
0,0,0.019446617
0,0,0.025196206
0,0,0.03125252
0,0,0.030672058
0,0,0.024004808
0,0,0.02197875
0,0,0.023317456
0,0,0.025780683
0,0,0.029822212
0,0,0.028356308
0,0,0.022074964
0,0,0.018916015
0,0,0.018831234
0,0,0.012303662
0,0,0.01014534
0,0,0.012264625
0,0,0.023364706
0,0,0.036225487
0,0,0.04404817
0,0,0.04826271
0,0,0.027518043
0,0,0.015939819
0,0,0.27903795
0,1,0.5381871
0,0,0.4513541
0,0,0.41571406
0,0,0.40276468
0,1,0.6082821
0,1,0.5683979
0,1,0.5695794
0,1,0.5550725
0,1,0.5704216
0,1,0.6358419
1,1,0.71446353
1,1,0.6312286
1,1,0.5390895
1,1,0.5600237
1,1,0.57895756
1,1,0.5344651
1,1,0.6135821
1,1,0.6793863
1,1,0.6000865
1,1,0.6050567
1,1,0.6274651
0,0,0.15670714
0,0,0.08713587
0,0,0.09951793
0,0,0.20667385
0,0,0.22917655
0,0,0.20163864
0,0,0.17138568
0,0,0.1710146
0,0,0.09849775
0,0,0.07950194
0,0,0.09919002
0,0,0.16582282
0,0,0.22385027
0,0,0.17097759
0,0,0.16403432
0,0,0.13527787
0,0,0.14577627
0,0,0.13653553
0,0,0.09945208
0,0,0.120846964
0,0,0.1428006
0,0,0.12240117
0,0,0.18243018
0,0,0.18479367
0,0,0.13341708
0,0,0.16951133
0,0,0.18280934
0,0,0.23156466
0,0,0.2594909
0,0,0.09824965
0,0,0.12422823
0,0,0.17918295
0,0,0.17376177
0,0,0.17140675
0,0,0.14114021
0,0,0.18047746
0,0,0.23566411
0,0,0.19516194
0,0,0.25790435
0,0,0.19452882
0,0,0.20089486
0,0,0.24761204
0,0,0.2727255
0,0,0.34079826
0,0,0.33356935
0,0,0.41088575
0,0,0.28674227
0,0,0.25326192
0,0,0.2462367
0,0,0.19845098
0,0,0.22684263
0,0,0.24762136
0,0,0.32964408
0,0,0.3070535
0,0,0.34132504
0,0,0.2463175
0,0,0.2651466
0,0,0.26292795
0,0,0.23758893
0,0,0.24860866
0,0,0.25500295
0,0,0.26420254
0,0,0.2681999
0,0,0.26045254
0,0,0.24059008
0,0,0.22949095
0,0,0.2537977
0,0,0.25802824
0,0,0.33208075
0,0,0.3044917
0,0,0.3501146
0,0,0.36884066
0,0,0.3680405
0,0,0.3675594
0,0,0.35500145
0,0,0.3292388
0,0,0.3204827
0,0,0.33189917
0,0,0.31916064
0,0,0.29766223
0,0,0.30998605
0,0,0.32291427
0,0,0.29595003
0,0,0.30002752
0,0,0.3073761
0,0,0.28513655
0,0,0.2917945
0,0,0.29405025
0,0,0.27888954
0,0,0.28650653
0,0,0.29001045
0,0,0.2816193
0,0,0.27470317
0,0,0.2652634
0,0,0.26378226
0,0,0.26476488
0,0,0.24331962
0,0,0.26091373
0,0,0.25061363
0,0,0.239923
0,0,0.25555116
1,0,0.21646768
1,0,0.23876633
1,0,0.23971777
1,0,0.26586688
1,0,0.27662343
1,0,0.29412714
1,0,0.30008322
1,0,0.29044944
1,0,0.2728589
1,0,0.2745477
1,0,0.29781234
1,0,0.3085342
1,0,0.28697598
1,0,0.31802756
1,0,0.32653275
1,0,0.32006887
1,0,0.32076886
1,0,0.33798036
1,0,0.32810137
1,0,0.29623923
1,0,0.26498175
1,0,0.26372445
1,0,0.4690001
1,1,0.6061915
1,1,0.6616405
1,1,0.56765056
1,1,0.5123695
1,0,0.34932745
1,0,0.29156727
1,0,0.37081176
1,0,0.42791298
1,0,0.47162056
1,0,0.4845586
1,0,0.43827745
1,0,0.40421042
1,0,0.4164323
1,0,0.37167126
1,0,0.37018505
1,0,0.3886367
1,0,0.36883172
1,0,0.35945955
1,0,0.35967013
1,0,0.34074938
1,0,0.34318358
1,0,0.35653442
1,0,0.35591778
1,0,0.3315967
1,0,0.28133988
1,0,0.267373
1,0,0.27556834
1,0,0.28277743
1,0,0.37244993
1,0,0.42673498
1,0,0.44212604
1,0,0.47407764
0,0,0.49161607
0,0,0.45807257
0,0,0.4147524
0,0,0.32945633
0,0,0.33010277
0,0,0.3170265
0,0,0.3693612
0,0,0.36048812
0,0,0.32409176
0,0,0.30998346
0,0,0.33630836
0,0,0.35000727
0,0,0.3092018
0,0,0.27727363
0,0,0.24113761
0,0,0.23805575
0,0,0.31301162
0,0,0.28238502
0,0,0.21407372
0,0,0.23273678
0,0,0.21865675
0,0,0.26431552
0,0,0.3196367
0,0,0.2957217
0,0,0.23722328
0,0,0.22367315
0,0,0.22451983
0,0,0.30096284
0,0,0.27489483
0,0,0.2466
0,0,0.27143893
0,0,0.34051806
0,0,0.3691798
0,0,0.36085248
0,0,0.3335351
0,0,0.32433593
0,0,0.32774568
0,0,0.28948414
0,0,0.28914842
0,0,0.31406754
1,0,0.36381626
1,0,0.34527963
1,0,0.33014107
1,0,0.30819514
1,0,0.3121836
1,0,0.31476903
1,0,0.33247304
1,0,0.31744295
1,0,0.3155562
1,0,0.34688503
1,0,0.3520603
1,0,0.30904087
1,0,0.304306
1,0,0.27535716
1,0,0.24387123
1,0,0.23940815
1,0,0.23284975
1,0,0.2250237
1,0,0.25717586
1,0,0.22517323
1,0,0.20197926
1,0,0.20435731
1,0,0.19444776
1,0,0.20730072
1,0,0.20475015
1,0,0.22153886
1,0,0.24043442
1,0,0.24711403
1,0,0.23467416
1,0,0.23205882
1,0,0.25149348
1,0,0.23324186
1,0,0.190804
1,0,0.20224185
1,0,0.18313363
1,0,0.171939
1,0,0.22092661
1,0,0.27538088
1,0,0.38662258
1,1,0.5051413
1,1,0.5799766
1,1,0.7136074
1,1,0.79716986
1,1,0.7802922
1,1,0.71230537
1,1,0.5761542
1,0,0.38947874
1,0,0.28887683
1,0,0.3341197
1,0,0.29577824
1,0,0.28637266
1,0,0.34958372
1,0,0.37728778
1,0,0.35579556
1,0,0.3569322
1,0,0.375431
1,0,0.338682
1,0,0.28773198
1,0,0.3096044
1,0,0.3529499
1,0,0.33123702
1,0,0.30962178
1,0,0.34426975
1,0,0.3508274
1,0,0.32781097
1,0,0.29318726
0,0,0.09928488
0,0,0.03963345
0,0,0.008591332
0,0,0.0028842746
0,0,0.0010431748
0,0,0.0011828808
0,0,0.0010946795
0,0,0.0010413368
0,0,0.00091008825
0,0,0.0009766923
0,0,0.0009893713
0,0,0.0010653646
0,0,0.0009794034
0,0,0.0011905085
0,0,0.002204755
0,0,0.004031754
0,0,0.00436894
0,0,0.00200054
0,0,0.00091694255
0,0,0.00061709946
0,0,0.00094987615
0,0,0.0017972866
0,0,0.0020961512
0,0,0.002904703
0,0,0.0039178967
0,0,0.004821332
0,0,0.0050475807
0,0,0.0058310335
0,0,0.0062240646
0,0,0.0054211756
0,0,0.0044749267
0,0,0.003989818
0,0,0.0055769943
0,0,0.005963898
0,0,0.005191734
0,0,0.00408036
0,0,0.0035263307
0,0,0.0029127349
0,0,0.0030897346
0,0,0.0036019085
0,0,0.0043622847
0,0,0.004472822
0,0,0.0052789846
0,0,0.00528204
0,0,0.004181434
0,0,0.003129522
1,0,0.08416329
1,0,0.09611613
1,0,0.40426588
1,1,0.5740575
1,1,0.84744805
1,1,0.8273493
1,1,0.56371605
1,0,0.49669144
1,0,0.18842807
1,0,0.29851308
1,1,0.5653577
1,1,0.7694611
1,1,0.9083551
1,1,0.8414783
1,1,0.8985533
1,1,0.86914366
1,1,0.69416
1,1,0.53583443
1,1,0.5000032
1,1,0.68416023
1,1,0.6184365
1,1,0.53471833
1,0,0.4343344
1,0,0.4701897
1,1,0.55042607
1,1,0.670102
1,1,0.8478516
1,1,0.91608864
1,1,0.9134155
1,1,0.881406
1,1,0.8389352
1,1,0.70169336
1,1,0.5453825
1,1,0.74123883
1,1,0.74249005
1,1,0.762715
1,1,0.8238494
1,1,0.8893727
1,1,0.88059855
1,1,0.92121696
1,1,0.92162126
1,1,0.8990598
1,1,0.88455546
1,1,0.8817589
1,1,0.855239
1,1,0.82687867
1,1,0.6929643
1,0,0.4812158
1,0,0.34048837
1,0,0.25338563
1,0,0.34407255
1,0,0.40984246
1,0,0.42833322
1,0,0.4097301
1,0,0.32126603
0,0,0.012009964
0,0,0.0038015589
0,0,0.0042952057
0,0,0.0016326888
0,0,0.00072889595
0,0,0.00067155267
0,0,0.0008031597
0,0,0.00083415216
0,0,0.0008609818
0,0,0.0010235265
0,0,0.001068565
0,0,0.0010798989
0,0,0.0010070344
0,0,0.0011107844
0,0,0.0012550749
0,0,0.0012962075
0,0,0.0013454835
0,0,0.0013811825
0,0,0.0015527863
0,0,0.0016932616
0,0,0.0015496535
0,0,0.001399094
0,0,0.0013991279
0,0,0.0012251532
0,0,0.0010525206
0,0,0.0012295435
0,0,0.001409777
0,0,0.0013957275
0,0,0.0013424782
0,0,0.40469658
0,1,0.9251435
0,1,0.9617352
0,1,0.9679998
0,1,0.958245
0,1,0.9065927
0,1,0.87106365
0,1,0.810499
0,1,0.72814834
0,1,0.759953
0,1,0.8875679
1,1,0.92894936
1,1,0.935264
1,1,0.9393258
1,1,0.8928251
1,1,0.9020252
1,1,0.90120846
1,1,0.77579385
1,1,0.7990848
1,1,0.81921995
1,1,0.83820933
1,1,0.8915388
1,0,0.09540517
1,0,0.012477644
1,0,0.008682598
1,0,0.00423869
1,0,0.0013907446
1,0,0.0010446969
1,0,0.0010621905
1,0,0.0011842878
1,0,0.0014407713
1,0,0.0011565662
1,0,0.0009298509
1,0,0.00096744864
1,0,0.0009281806
1,0,0.001046997
1,0,0.0010422232
1,0,0.00091713294
1,0,0.00095498096
1,0,0.0010681363
1,0,0.0012204761
1,0,0.0016335509
1,0,0.0018085112
1,0,0.001744252
1,0,0.0018196382
1,0,0.0026610151
1,0,0.0034463133
1,0,0.010529096
1,0,0.00888186
1,0,0.014538208
1,0,0.010326866
1,0,0.0048384573
1,0,0.0027849108
1,0,0.004487509
1,0,0.0101069
1,0,0.013130375
1,0,0.0050621186
1,0,0.0017502476
1,0,0.0021522373
1,0,0.0024284765
1,0,0.0022367917
1,0,0.0017691685
1,0,0.0020377843
1,0,0.0027034958
1,0,0.0041236514
1,0,0.0040171174
1,0,0.0030174458
1,0,0.003003993
1,0,0.0024240317
1,0,0.0010678653
1,0,0.0006093305
1,0,0.0005655818
1,0,0.00059731485
1,0,0.000691727
1,0,0.00089872384
1,0,0.0011486942
1,0,0.0012740217
0,0,0.0041149347
0,0,0.0049296096
0,0,0.0068260976
0,0,0.004607678
0,0,0.0029006412
0,0,0.0027790768
0,0,0.0026904163
0,0,0.002602033
0,0,0.0032344009
0,0,0.0041538426
0,0,0.00612794
0,0,0.007934517
0,0,0.0067860032
0,0,0.0051135398
0,0,0.0058823256
0,0,0.01070817
0,0,0.01470697
0,0,0.016752148
0,0,0.018171862
0,0,0.015479329
0,0,0.012701057
0,0,0.011283848
0,0,0.013601214
0,0,0.01423935
0,0,0.017814256
0,0,0.016793024
0,0,0.015791068
0,0,0.012599806
0,0,0.013168938
0,0,0.013987281
0,0,0.013355915
0,0,0.010265254
0,0,0.008060452
0,0,0.01142025
0,0,0.014663683
0,0,0.014121975
0,0,0.0096404515
0,0,0.0066120788
0,0,0.0056765764
0,0,0.004776383
0,0,0.0036841996
0,0,0.00353595
0,0,0.003929731
0,0,0.0047530564
0,0,0.0061604907
0,0,0.0055113486
1,0,0.45816
1,1,0.91425425
1,1,0.8813257
1,1,0.83697975
1,1,0.81949097
1,1,0.73147976
1,1,0.732384
1,1,0.73505425
1,1,0.7729312
1,1,0.781562
1,1,0.62601197
1,0,0.40296453
1,1,0.61512023
1,1,0.7663458
1,0,0.49819738
1,1,0.6194147
1,1,0.6700293
1,1,0.5250738
1,0,0.3174952
1,0,0.3143013
1,0,0.43740252
1,1,0.672902
1,1,0.7962247
1,1,0.7999674
1,1,0.6919134
1,1,0.67647153
1,1,0.6235966
1,1,0.6120014
1,1,0.5954659
1,1,0.5732927
1,0,0.45007685
1,0,0.42104077
1,0,0.362575
1,0,0.3437492
1,1,0.60406697
1,1,0.783879
1,1,0.78663003
1,1,0.86088896
1,1,0.8897044
1,1,0.88893175
1,1,0.89677644
1,1,0.85876155
1,1,0.7727233
1,1,0.839097
1,1,0.9011749
1,1,0.8728401
1,1,0.68055004
1,1,0.64674234
1,1,0.53806365
1,0,0.46454486
1,0,0.44638363
1,1,0.597754
1,1,0.6146305
1,0,0.31980512
1,0,0.21454601
1,0,0.062700644
1,0,0.033460047
1,0,0.02606037
1,0,0.016675718
1,0,0.013183017
1,0,0.014064462
1,0,0.019094255
1,0,0.02338959
1,0,0.030778036
1,0,0.028058112
1,0,0.024618803
1,0,0.021650271
1,0,0.025533637
1,0,0.026086064
1,0,0.028313968
1,0,0.027390992
1,0,0.023380052
1,0,0.024722733
1,0,0.022977158
1,0,0.022997353
1,0,0.027912086
1,0,0.03375472
1,0,0.037867688
1,0,0.036034603
1,0,0.03466202
1,0,0.03034254
1,0,0.025656447
1,0,0.024759358
1,0,0.027820809
1,0,0.23301454
1,0,0.41689077
1,0,0.2765425
1,0,0.41489145
1,0,0.20886382
1,0,0.27308017
1,0,0.34496108
1,0,0.23824023
1,0,0.23975515
1,0,0.20595853
1,0,0.15430804
0,0,0.2863812
0,0,0.19817577
0,0,0.3625719
0,1,0.74304914
0,1,0.78597987
0,1,0.8306421
0,1,0.8019308
0,1,0.8475406
0,1,0.84561336
0,1,0.8595936
0,1,0.8555244
0,0,0.1508737
0,0,0.037392706
0,0,0.018263655
0,0,0.01678674
0,0,0.03255945
0,0,0.032412633
0,0,0.037192084
0,0,0.027007585
0,0,0.017714439
0,0,0.014959595
0,0,0.014243493
0,0,0.019064493
0,0,0.023816442
0,0,0.029395051
0,0,0.036964018
0,0,0.03745683
0,0,0.040643077
0,0,0.044359587
0,0,0.041652728
0,0,0.04450216
0,0,0.05019389
0,0,0.051235717
0,0,0.055036474
0,0,0.059723426
0,0,0.05844645
0,0,0.05598539
0,0,0.055113975
0,0,0.045298275
0,0,0.038273107
0,0,0.034565017
0,0,0.02874237
0,0,0.027375996
0,0,0.028789653
0,0,0.0232833
0,0,0.022248456
0,0,0.02511483
0,0,0.027664049
0,0,0.030583452
0,0,0.037297703
0,0,0.04926854
0,0,0.07027466
0,0,0.0936146
0,0,0.096488625
0,0,0.095666096
0,0,0.080118924
0,0,0.06645376
0,0,0.06860103
0,0,0.06818657
0,0,0.072542906
0,0,0.07560257
0,0,0.085702285
0,0,0.103375
0,0,0.122336216
0,0,0.1419668
0,0,0.17520232
