Actual,Predicted,Probability
0,0,0.0012188514
0,0,0.0034421221
0,0,0.021555755
0,0,0.14953268
0,0,0.29172438
0,0,0.32001203
0,0,0.3729949
0,0,0.4146193
0,1,0.5113037
0,1,0.5422929
0,0,0.47836494
0,0,0.49237746
0,0,0.4497752
0,0,0.35192633
0,0,0.32456553
0,0,0.35552126
0,1,0.5490948
0,0,0.28991815
0,0,0.049168803
0,0,0.06529191
0,0,0.09132807
0,0,0.45488334
0,0,0.38285908
0,0,0.2567842
0,0,0.052706115
0,0,0.0111729195
0,0,0.010649632
0,0,0.018044667
0,0,0.027565373
0,0,0.030888176
0,0,0.040284984
0,0,0.024377856
0,0,0.0947596
0,0,0.18312225
0,0,0.04789731
0,0,0.046168126
0,0,0.030979883
0,0,0.0057196724
0,0,0.01477781
0,0,0.016494703
0,0,0.0045975433
0,0,0.013046878
0,0,0.09643556
0,0,0.06851747
0,0,0.097216465
0,0,0.20138863
1,1,0.5623248
1,1,0.803367
1,1,0.75423545
1,1,0.7389518
1,1,0.7176327
1,1,0.55384755
1,1,0.542843
1,0,0.45431986
1,0,0.47047937
1,0,0.43658072
1,0,0.28336328
0,0,0.35196388
0,0,0.35177547
0,0,0.42227256
0,1,0.7236486
0,1,0.92796284
0,1,0.9121422
0,1,0.862975
0,1,0.834225
0,1,0.81785136
0,1,0.81284475
0,1,0.82734126
1,1,0.8489727
1,1,0.81647825
1,1,0.8126101
1,1,0.8215595
1,1,0.80849516
1,1,0.765105
1,1,0.7138047
1,1,0.7165881
1,1,0.72426754
1,1,0.75799435
1,1,0.7979648
0,1,0.75488013
0,1,0.6988196
0,1,0.56450796
0,1,0.5386626
0,1,0.7123559
0,1,0.66216826
0,1,0.5594116
0,1,0.5760705
0,0,0.44982818
0,0,0.32869872
0,0,0.34741318
1,1,0.5023924
1,1,0.584572
1,1,0.69731283
1,1,0.7751441
1,1,0.79531974
1,1,0.78707325
1,1,0.75922936
1,1,0.73438346
1,1,0.6618863
1,1,0.64585865
1,1,0.53333735
0,0,0.07605516
0,0,0.015036978
0,0,0.0065249866
0,0,0.006286574
0,0,0.008196158
0,0,0.009615667
0,0,0.016473565
0,0,0.016827013
0,0,0.016181415
0,0,0.04004697
0,0,0.0786334
0,0,0.06781017
0,0,0.0582961
0,0,0.03371409
0,0,0.02880147
0,0,0.039713386
0,0,0.035736836
0,0,0.035906125
0,0,0.03768133
0,0,0.033595916
0,0,0.025381135
0,0,0.019541396
0,0,0.010185713
0,0,0.0047814674
0,0,0.0041811876
0,0,0.0053761443
0,0,0.0058874954
0,0,0.006697877
0,0,0.008027756
1,0,0.3329017
1,1,0.8317868
1,1,0.8087523
1,1,0.73873556
1,1,0.686694
1,1,0.66170543
1,1,0.63726896
1,1,0.68925476
1,1,0.6722241
1,1,0.5422084
1,0,0.4428095
0,0,0.34162366
0,0,0.2354516
0,0,0.41485083
0,1,0.59380096
0,1,0.70690036
0,1,0.8449588
0,1,0.761655
0,1,0.8013843
0,1,0.71992636
0,0,0.4921705
0,0,0.49314424
0,0,0.113469705
0,0,0.035519976
0,0,0.032306
0,0,0.03998735
0,0,0.025823876
0,0,0.07047137
0,0,0.06898337
0,0,0.06453199
0,0,0.05863529
0,0,0.027287094
0,0,0.01704917
0,0,0.023501428
0,0,0.036700875
0,0,0.056693926
0,0,0.08284834
0,0,0.1298719
0,0,0.13294667
0,0,0.12926857
0,0,0.17273068
0,0,0.20196365
0,0,0.13509582
0,0,0.105148785
0,0,0.10028505
0,0,0.06858593
0,0,0.11732027
0,0,0.20626427
0,0,0.201633
0,0,0.16492385
0,0,0.12671956
0,0,0.12239446
0,0,0.12908472
0,0,0.12947726
0,0,0.13430576
0,0,0.13865231
0,0,0.13448197
0,0,0.09288707
0,0,0.043622576
0,0,0.027322967
0,0,0.022250067
0,0,0.033170886
0,0,0.07200341
0,0,0.089996204
0,0,0.08208058
0,0,0.073785275
0,0,0.06241347
0,0,0.058337115
0,0,0.057970114
0,0,0.05652064
0,0,0.054593198
0,0,0.047534976
0,0,0.043829817
0,0,0.044177003
0,0,0.04012368
0,0,0.044453476
0,0,0.055035062
0,0,0.0091684135
0,0,0.00745009
0,0,0.007024303
0,0,0.004410375
0,0,0.002873316
0,0,0.0030068436
0,0,0.004645377
0,0,0.006630149
0,0,0.023024691
0,0,0.07016105
0,0,0.046921697
0,0,0.023068825
0,0,0.013828229
0,0,0.011681519
0,0,0.010807586
0,0,0.014393892
0,0,0.016979069
0,0,0.013133639
0,0,0.0077682068
0,0,0.0075921114
0,0,0.011390298
0,0,0.008083313
0,0,0.0059569706
0,0,0.0051821163
0,0,0.0040106853
0,0,0.0039464766
0,0,0.007442875
0,0,0.012579599
0,0,0.020548267
0,0,0.038716722
0,0,0.026894128
0,0,0.0123662315
0,0,0.0097438395
0,0,0.007693273
0,0,0.0071887965
0,0,0.008644137
0,0,0.009314399
0,0,0.009336203
0,0,0.009095822
0,0,0.011208299
0,0,0.012409506
0,0,0.00881081
0,0,0.0070766094
0,0,0.008034783
0,0,0.009420516
0,0,0.014170433
1,0,0.39145434
1,1,0.9715343
1,1,0.97936285
1,1,0.92999077
1,1,0.8501246
1,1,0.6981819
1,0,0.4771245
1,0,0.40559137
1,0,0.3721854
1,0,0.32928225
1,0,0.29193863
1,0,0.38679752
1,1,0.67917913
1,1,0.89154845
1,1,0.94648814
1,1,0.9532025
1,1,0.9429567
1,1,0.8006283
1,1,0.67602676
1,1,0.58623856
1,1,0.68536747
1,1,0.69513094
1,1,0.7155978
1,1,0.72195905
1,1,0.7369276
1,1,0.67045796
1,1,0.5418501
1,1,0.5243763
1,1,0.6298129
1,1,0.62621266
1,1,0.51884186
1,1,0.52780795
1,0,0.4647579
1,0,0.3989452
1,1,0.5405525
1,1,0.63969684
1,1,0.6172289
1,1,0.6472152
1,1,0.5790739
1,1,0.5324301
1,0,0.48943275
1,0,0.42748666
1,0,0.40820494
1,0,0.3647811
1,0,0.37221926
1,0,0.40143698
1,0,0.4411402
1,0,0.3906406
1,0,0.37876323
1,0,0.30038324
1,0,0.2744899
1,0,0.3116579
1,0,0.33924654
1,0,0.29436645
1,0,0.23842578
0,0,0.072909735
0,0,0.030822933
0,0,0.03315229
0,0,0.10693211
0,0,0.21889989
0,0,0.167058
0,0,0.17426471
0,0,0.19641815
0,0,0.17791182
0,0,0.13967322
0,0,0.1809294
0,0,0.28109786
0,0,0.4413911
0,0,0.39858603
0,0,0.39200115
0,0,0.3570939
0,0,0.31216514
0,0,0.3568736
0,0,0.38823944
0,0,0.3722525
0,0,0.37852538
0,0,0.3541394
0,0,0.34978053
0,0,0.35821933
0,0,0.35767308
0,0,0.3856186
0,0,0.4012975
0,0,0.36856663
0,0,0.31128177
1,1,0.8068699
1,1,0.8453745
1,1,0.752524
1,1,0.6955743
1,1,0.5444756
1,0,0.36406988
1,0,0.3048979
1,0,0.2964482
1,0,0.3554416
1,0,0.42348513
1,0,0.33578
1,0,0.40464306
1,1,0.6038931
1,1,0.6139758
1,1,0.6015729
1,1,0.6725009
1,1,0.5513854
1,0,0.48570657
1,0,0.45975167
1,1,0.53011703
1,1,0.5920544
1,1,0.6301685
1,0,0.18924639
1,0,0.04125401
1,0,0.015774
1,0,0.03422051
1,0,0.03165844
1,0,0.023790792
1,0,0.020209804
1,0,0.018311199
1,0,0.015512122
1,0,0.013151834
1,0,0.0144413635
1,0,0.017544232
1,0,0.02552181
1,0,0.03891125
1,0,0.04701693
1,0,0.04919269
1,0,0.053029522
1,0,0.057845958
1,0,0.047618873
1,0,0.04441866
1,0,0.045474038
1,0,0.049798463
1,0,0.050150998
1,0,0.052888986
1,0,0.056853984
1,0,0.050007544
1,0,0.042278692
1,0,0.043828495
1,0,0.06383409
1,0,0.07595093
1,0,0.1104786
1,0,0.15123138
1,0,0.14261144
1,0,0.12256566
1,0,0.1250008
1,0,0.14581396
1,0,0.13040656
1,0,0.11486243
1,0,0.101286285
1,0,0.098104715
1,0,0.12507154
1,0,0.13135464
1,0,0.15342243
1,0,0.15667742
1,0,0.15863407
1,0,0.15703683
1,0,0.17345758
1,0,0.19701481
1,0,0.22117575
1,0,0.2329965
1,0,0.21827841
1,0,0.2187792
1,0,0.23448093
1,0,0.23166728
1,0,0.23769939
0,1,0.70929575
0,0,0.42551094
0,0,0.066762365
0,0,0.01686813
0,0,0.011762164
0,0,0.013718352
0,0,0.010373845
0,0,0.011885686
0,0,0.016054943
0,0,0.024862759
0,0,0.027184524
0,0,0.021077
0,0,0.022648465
0,0,0.022039982
0,0,0.015718192
0,0,0.013668075
0,0,0.015871683
0,0,0.015285167
0,0,0.012746916
0,0,0.01199176
0,0,0.014979374
0,0,0.019361293
0,0,0.019173387
0,0,0.017877935
0,0,0.016658258
0,0,0.013730178
0,0,0.015681833
0,0,0.026591701
0,0,0.03613305
0,0,0.03573231
0,0,0.026390746
0,0,0.019799424
0,0,0.018811736
0,0,0.014843177
0,0,0.0100122765
0,0,0.010106102
0,0,0.012511321
0,0,0.017234344
0,0,0.022710921
0,0,0.02292931
0,0,0.020253003
0,0,0.015411698
0,0,0.012080503
0,0,0.008876232
0,0,0.010054223
0,0,0.012952976
0,1,0.6466303
0,1,0.8586032
0,1,0.76576006
0,1,0.61642396
0,1,0.56856847
0,1,0.5512378
0,0,0.4732587
0,0,0.43282866
0,0,0.42664427
0,0,0.3901344
0,0,0.31172958
1,0,0.32007658
1,0,0.44479614
1,1,0.5022401
1,1,0.54165053
1,1,0.7015405
1,1,0.75744236
1,1,0.7539926
1,1,0.70138365
1,1,0.6513973
1,1,0.5759957
1,1,0.5181698
1,1,0.54858655
1,1,0.59843075
1,1,0.65270025
1,1,0.7756124
1,1,0.8637814
1,1,0.86686414
1,1,0.85814416
1,1,0.8709881
1,1,0.85800433
1,1,0.8237175
1,1,0.7328653
0,1,0.7630807
0,1,0.62532336
0,0,0.4979593
0,0,0.42794928
0,0,0.44923294
0,0,0.42092222
0,1,0.50126517
0,1,0.5506616
0,1,0.529207
0,0,0.46852732
0,0,0.29527003
1,0,0.4056537
1,1,0.6326767
1,1,0.7548093
1,1,0.81507283
1,1,0.8384621
1,1,0.77269846
1,1,0.6782802
1,1,0.6282889
1,1,0.65103096
1,1,0.66413295
1,1,0.7011153
0,0,0.09910242
0,0,0.013072945
0,0,0.009098677
0,0,0.04819442
0,0,0.14896362
0,0,0.16302179
0,0,0.13290548
0,0,0.08029004
0,0,0.062420644
0,0,0.08470072
0,0,0.120564625
0,0,0.15439866
0,0,0.18985136
0,0,0.20278814
0,0,0.17381375
0,0,0.14653517
0,0,0.2268305
0,0,0.42704368
0,1,0.59548354
0,1,0.7957753
0,1,0.8364192
0,1,0.8671838
0,1,0.86586285
0,1,0.7969466
0,1,0.7215704
0,1,0.69463146
0,1,0.65521544
0,1,0.5465723
0,1,0.5158606
1,1,0.9195422
1,1,0.939634
1,1,0.86973023
1,1,0.75212866
1,1,0.69426334
1,1,0.6344651
1,1,0.67077255
1,1,0.6549903
1,1,0.58541745
1,1,0.57613635
1,1,0.56389487
1,1,0.6762291
1,1,0.7245788
1,1,0.638284
1,1,0.5191249
1,1,0.6996863
1,1,0.6774594
1,1,0.69158244
1,1,0.7542148
1,1,0.78288347
1,1,0.762861
1,1,0.78213704
0,0,0.2724948
0,0,0.04825972
0,0,0.026914515
0,0,0.07165265
0,0,0.056348767
0,0,0.095311895
0,0,0.07649064
0,0,0.05525433
0,0,0.046150416
0,0,0.040942762
0,0,0.031016136
0,0,0.022204118
0,0,0.018451225
0,0,0.015403213
0,0,0.0176794
0,0,0.020560056
0,0,0.02058255
0,0,0.022119215
0,0,0.019677542
0,0,0.018438734
0,0,0.01923532
0,0,0.016221894
0,0,0.014007078
0,0,0.015717788
0,0,0.021458777
0,0,0.028317185
0,0,0.04052065
0,0,0.06794007
0,0,0.08317405
0,0,0.09019038
0,0,0.08497146
0,0,0.1187287
0,0,0.14750667
0,0,0.38073406
0,0,0.37451997
0,0,0.49740216
0,1,0.73925644
0,1,0.5791846
0,1,0.53736675
0,0,0.4327548
0,0,0.35890335
0,0,0.39450598
0,1,0.5055026
0,1,0.566802
0,0,0.4664633
0,0,0.23074691
0,0,0.046298787
0,0,0.012725595
0,0,0.008937981
0,0,0.057028838
0,0,0.2362661
0,0,0.36862567
0,0,0.33531293
0,0,0.49300292
0,0,0.47929326
0,0,0.48055837
0,1,0.5220481
0,1,0.5938031
0,1,0.5961497
0,1,0.5673721
0,1,0.5618047
0,1,0.5979496
0,1,0.5962693
0,1,0.6061014
0,1,0.5970903
0,1,0.5964771
0,1,0.63311523
0,1,0.6684786
0,1,0.7005461
0,1,0.73964816
0,1,0.7832993
0,1,0.7697838
0,1,0.7594754
0,1,0.7610337
0,1,0.73446316
0,1,0.7266214
0,1,0.71269995
0,1,0.7510284
0,1,0.79523265
0,1,0.8341888
0,1,0.95089173
0,1,0.9726667
0,1,0.87790686
0,1,0.6553302
0,0,0.43819833
0,0,0.24760373
0,0,0.37155244
0,0,0.43610033
0,0,0.4071172
0,0,0.4354675
1,1,0.55282074
1,1,0.5076054
1,1,0.56845105
1,1,0.72069484
1,1,0.8284547
1,1,0.8074098
1,1,0.6595365
1,0,0.49200583
1,0,0.2732847
1,0,0.17082295
1,0,0.1025511
0,0,0.06879825
0,0,0.059731267
0,0,0.06616058
0,0,0.073592074
0,0,0.08782327
0,0,0.1329246
0,0,0.21615547
0,0,0.27963972
0,0,0.42563742
0,1,0.69951934
0,1,0.80444974
1,1,0.78562605
1,1,0.7807059
1,1,0.7831993
1,1,0.80675745
1,1,0.68850946
1,0,0.40635175
1,0,0.4196897
1,0,0.4990354
1,0,0.47880355
1,0,0.45110378
1,1,0.54821384
1,0,0.3596863
1,0,0.124416016
1,0,0.13544242
1,0,0.28202417
1,0,0.2776085
1,0,0.18736163
1,0,0.08037003
1,0,0.10319642
1,0,0.061355844
1,0,0.04733974
1,0,0.02851147
0,0,0.006092802
0,0,0.003951156
0,0,0.0065287123
0,0,0.01559944
0,0,0.45633534
0,0,0.45726678
0,1,0.5358049
0,1,0.65066755
0,1,0.7152473
0,1,0.6752877
0,1,0.65975446
0,1,0.6633301
0,1,0.6260416
0,1,0.609021
0,1,0.61500615
0,1,0.62790596
0,1,0.68663985
0,1,0.7236689
0,1,0.7316003
0,1,0.7568736
0,1,0.77650726
0,1,0.7842009
0,1,0.7887339
0,1,0.78240174
0,1,0.76425636
0,1,0.7229034
0,1,0.7039891
0,1,0.7053594
0,1,0.7177434
1,1,0.75248015
1,1,0.7432059
1,1,0.80072737
1,1,0.7723692
1,1,0.6624617
1,1,0.533928
1,0,0.16939785
1,0,0.03341444
1,0,0.09929523
1,0,0.37963974
1,1,0.6866794
1,1,0.75524276
1,1,0.795048
1,1,0.7403568
1,1,0.591731
1,1,0.959889
1,1,0.9448968
1,1,0.9470411
1,1,0.9400394
1,1,0.9230627
1,1,0.8988057
1,1,0.77360725
0,0,0.047047127
0,0,0.0075676944
0,0,0.009846653
0,0,0.029244045
0,1,0.65123594
0,1,0.6040192
0,1,0.53919375
0,1,0.5956985
0,1,0.6802192
0,1,0.751372
0,1,0.7561717
0,1,0.7665844
0,1,0.8098095
0,1,0.823338
0,1,0.8302561
0,1,0.8456445
0,1,0.8594484
0,1,0.8617764
0,1,0.8537812
0,1,0.85156894
0,1,0.8527938
0,1,0.849047
0,1,0.8442699
0,1,0.83428186
0,1,0.8275
0,1,0.82825875
0,1,0.83235013
0,1,0.83136976
0,1,0.81829333
0,1,0.79950005
0,1,0.7417996
0,1,0.5676653
0,0,0.30735642
0,0,0.27744132
0,1,0.5106453
0,1,0.6137111
0,1,0.58089
0,1,0.6241332
0,1,0.58306634
0,1,0.6818661
0,1,0.7827304
0,1,0.8209401
0,1,0.784277
0,1,0.6230433
0,0,0.27756298
0,0,0.09965822
0,0,0.10425233
0,0,0.24250935
0,1,0.5212588
0,1,0.7145435
0,1,0.72022665
0,1,0.7231227
0,1,0.72400194
0,1,0.6751865
0,1,0.6082361
0,0,0.4414724
0,0,0.3426085
0,0,0.1816427
0,0,0.047882546
0,0,0.010932424
0,0,0.005260244
0,0,0.0049848477
0,0,0.0077580023
0,0,0.015529552
0,0,0.024868825
0,0,0.026309963
0,0,0.010750973
0,0,0.0035146347
0,0,0.0030656543
0,0,0.002387339
0,0,0.0023697196
0,0,0.0031160943
0,0,0.0033944033
0,0,0.0034384485
0,0,0.007099816
0,0,0.008116543
0,0,0.011092213
0,0,0.010401773
0,0,0.006832666
0,0,0.0055473386
0,0,0.0045121526
0,0,0.0045958697
0,0,0.004710013
0,0,0.0053598434
0,0,0.0060554813
0,0,0.0058236495
0,0,0.0050424305
0,0,0.0054431437
0,0,0.0061811386
0,0,0.007226843
0,0,0.008435386
0,0,0.008981269
0,0,0.008356711
0,0,0.006580423
0,0,0.0046290946
0,0,0.0036147593
0,0,0.0029423651
0,0,0.0037382464
0,0,0.005123632
0,0,0.006610202
0,0,0.011191611
1,0,0.018523265
1,0,0.031467788
1,0,0.043477874
1,0,0.04694016
1,0,0.06501172
1,0,0.044640366
1,0,0.036940876
1,0,0.04169276
1,0,0.07922392
1,0,0.101344034
1,0,0.12757769
1,0,0.13374726
1,0,0.08651234
1,0,0.057283133
1,0,0.0742016
1,0,0.04027997
1,0,0.037246082
1,0,0.056844775
1,0,0.06264074
1,0,0.07556787
1,0,0.08774127
1,0,0.066226184
1,0,0.048526935
1,0,0.039832897
1,0,0.06087318
1,0,0.07720576
1,0,0.08544458
1,0,0.10574369
1,0,0.077440605
1,0,0.041261423
1,0,0.023516899
1,0,0.023787098
1,0,0.022209065
1,0,0.03700737
1,0,0.0451418
1,0,0.09502462
1,0,0.27060118
1,1,0.52819085
1,0,0.41263637
1,0,0.39023903
1,0,0.4617887
1,1,0.567915
1,1,0.6343956
1,1,0.65075296
1,1,0.58770394
1,0,0.274061
1,0,0.08929866
1,0,0.047090072
1,0,0.04174294
1,0,0.03351096
1,0,0.029694287
1,0,0.02663632
1,0,0.023831034
1,0,0.017313687
1,0,0.01247275
1,0,0.0063886056
1,0,0.0031691256
1,0,0.0028964337
1,0,0.0019290166
1,0,0.0030936897
1,0,0.002178817
1,0,0.0023137655
1,0,0.003321133
1,0,0.003618046
1,0,0.0032208872
1,0,0.0017839907
1,0,0.0016198255
1,0,0.002370194
1,0,0.002236279
1,0,0.0020140777
1,0,0.003018301
1,0,0.0033123815
1,0,0.002295351
1,0,0.0023396746
1,0,0.002903271
1,0,0.0026256545
1,0,0.0021305983
1,0,0.002757781
1,0,0.0036605524
1,0,0.003142903
1,0,0.002407213
1,0,0.0027196063
1,0,0.0026117717
1,0,0.0017810771
1,0,0.0039703404
1,0,0.017015312
1,0,0.037786998
1,0,0.049943164
1,0,0.05581272
1,0,0.06552701
1,0,0.113644086
1,0,0.24323119
1,0,0.28797647
1,0,0.1274347
1,0,0.08706275
1,0,0.121004805
1,0,0.112537935
1,0,0.17138176
1,0,0.22942051
1,0,0.281099
1,0,0.28723016
1,0,0.3384236
1,0,0.3946979
1,0,0.41204652
1,0,0.3699272
1,0,0.33784
0,0,0.048459686
0,0,0.0093078185
0,0,0.005111619
0,0,0.0036816138
0,0,0.009992596
0,0,0.008579233
0,0,0.0061186766
0,0,0.0057225367
0,0,0.0057624755
0,0,0.0069141635
0,0,0.0073615527
0,0,0.005229591
0,0,0.0045551537
0,0,0.005230444
0,0,0.0050008297
0,0,0.005224758
0,0,0.0062743872
0,0,0.0046555055
0,0,0.0038018783
0,0,0.0041628643
0,0,0.0035376018
0,0,0.0042216736
0,0,0.005482144
0,0,0.0043302225
0,0,0.005344764
0,0,0.007658224
0,0,0.009397326
0,0,0.011423324
0,0,0.01245414
0,0,0.009792176
0,0,0.0068088607
0,0,0.0057721436
0,0,0.0048190146
1,0,0.003971372
1,0,0.003748126
1,0,0.0034382835
1,0,0.002720248
1,0,0.0024875863
1,0,0.002582278
1,0,0.0026891194
1,0,0.0030974743
1,0,0.002716416
1,0,0.0020734498
1,0,0.002137187
1,0,0.0024920343
1,0,0.0024842042
1,0,0.0026068063
1,0,0.0026087028
1,0,0.0027476433
1,0,0.0033905136
1,0,0.0030094874
1,0,0.002768642
1,0,0.0033095318
1,0,0.0028185584
1,0,0.002461154
0,0,0.000815985
0,0,0.0013285252
0,0,0.0030349975
0,0,0.0072050965
0,0,0.059706956
0,0,0.04310095
0,0,0.029681062
0,0,0.043403283
0,0,0.04781757
0,0,0.052718125
0,0,0.05577374
0,0,0.039418988
0,0,0.05234622
0,0,0.045955725
0,0,0.022408316
0,0,0.013516971
0,0,0.011218592
0,0,0.03188154
0,0,0.035588935
0,0,0.022440806
0,0,0.010775211
0,0,0.010558666
0,0,0.020416643
0,0,0.022215916
0,0,0.02010355
0,0,0.018353736
0,0,0.026407944
0,0,0.031918243
0,0,0.024066867
0,0,0.021406874
0,0,0.0196208
0,0,0.015994526
0,0,0.015774874
0,0,0.02171479
0,0,0.029757
0,0,0.032641985
0,0,0.029021986
0,0,0.025951192
0,0,0.026912035
0,0,0.025570692
0,0,0.037060343
0,0,0.057411194
0,0,0.04936728
0,0,0.039199557
0,0,0.025594248
0,0,0.016860034
1,0,0.45420852
1,1,0.7794893
1,1,0.7664822
1,1,0.7271067
1,1,0.8265483
1,1,0.77559876
1,1,0.6504943
1,1,0.6370397
1,1,0.6887006
1,1,0.72048
1,1,0.71570027
1,1,0.75474566
1,1,0.83839357
1,1,0.836375
1,1,0.8596192
1,1,0.88272417
1,1,0.8966501
1,1,0.86845154
1,1,0.85410106
1,1,0.8550818
1,1,0.84730613
1,1,0.88505536
1,1,0.9308943
1,1,0.88625264
1,1,0.8348338
1,1,0.8000879
1,1,0.7837269
1,1,0.74925786
1,1,0.73320574
1,1,0.7426613
1,1,0.76990116
1,1,0.77157867
1,1,0.76627284
1,1,0.7808576
1,1,0.7388623
1,1,0.72093356
1,1,0.7628475
1,1,0.7719177
1,1,0.7545854
1,1,0.75847435
1,1,0.80123925
1,1,0.74191314
1,1,0.66461194
1,1,0.6465529
1,1,0.6966776
1,1,0.6913939
1,1,0.68730694
1,1,0.69409454
1,1,0.6658286
1,1,0.6718274
1,1,0.67544127
1,1,0.6330128
1,1,0.6259056
1,1,0.57712895
1,1,0.50152564
0,0,0.16493629
0,0,0.046433263
0,0,0.01723156
0,0,0.019555332
0,0,0.0095059
0,0,0.010559778
0,0,0.011072923
0,0,0.009220415
0,0,0.009031411
0,0,0.012497636
0,0,0.015918726
0,0,0.013544102
0,0,0.00990588
0,0,0.011161504
0,0,0.014220146
0,0,0.016037205
0,0,0.016534403
0,0,0.013287535
0,0,0.012468411
0,0,0.0131675
0,0,0.013510735
0,0,0.016312033
0,0,0.019455865
0,0,0.021795763
0,0,0.014820778
0,0,0.008541229
0,0,0.00927309
0,0,0.01089078
0,0,0.014925127
1,0,0.35084987
1,1,0.5509992
1,1,0.5753479
1,1,0.65946114
1,1,0.7412234
1,1,0.78138584
1,1,0.7468811
1,1,0.76935065
1,1,0.75722075
1,1,0.65079176
1,1,0.5505522
1,1,0.72188985
1,1,0.7566622
1,1,0.82425684
1,1,0.83571136
1,1,0.8908697
1,1,0.8533037
1,1,0.8713848
1,1,0.8356077
1,1,0.8492094
1,1,0.86355776
1,1,0.8778091
1,1,0.71012145
1,1,0.53536654
1,0,0.28575483
1,0,0.14717941
1,0,0.046109322
1,0,0.06421952
1,0,0.07564727
1,0,0.07664754
1,0,0.084083535
1,0,0.09643554
1,0,0.09012388
1,0,0.113584526
1,0,0.103763476
1,0,0.063813046
1,0,0.043962903
1,0,0.04094139
1,0,0.041918524
1,0,0.037623342
1,0,0.027781388
1,0,0.024513965
1,0,0.03207548
1,0,0.04632945
1,0,0.049724016
1,0,0.04509458
1,0,0.058304235
1,0,0.08329524
1,0,0.10375
1,0,0.1156469
1,0,0.11811988
1,0,0.11865431
1,0,0.10345963
1,0,0.06986084
1,0,0.07379234
1,0,0.09499231
1,0,0.11079394
1,0,0.09198521
1,0,0.10640929
1,0,0.10620629
1,0,0.07601253
1,0,0.08164722
1,0,0.058737736
1,0,0.04662498
1,0,0.05445716
1,0,0.05140856
1,0,0.043049794
1,0,0.04099489
1,0,0.029623115
1,0,0.024421467
1,0,0.024070172
1,0,0.028248489
1,0,0.032434866
1,0,0.032828506
1,0,0.03275034
1,0,0.045220267
1,0,0.052502837
0,0,0.012783345
0,0,0.024048327
0,0,0.038886286
0,0,0.055962864
0,0,0.061730307
0,0,0.085288085
0,0,0.10607745
0,0,0.13514926
0,0,0.16520038
0,0,0.1591942
0,0,0.18036838
0,0,0.18766461
0,0,0.13573283
0,0,0.09641257
0,0,0.066516556
0,0,0.0429593
0,0,0.047019094
0,0,0.04677573
0,0,0.042250145
0,0,0.032610934
0,0,0.030705364
0,0,0.032374673
0,0,0.02774023
0,0,0.023453342
0,0,0.019842984
0,0,0.020051315
0,0,0.030821582
0,0,0.040044423
0,0,0.044817053
0,0,0.040481012
0,0,0.02641652
0,0,0.019272894
0,0,0.018529454
0,0,0.016189339
0,0,0.025527358
0,0,0.043851405
0,0,0.0552941
0,0,0.08263378
0,0,0.10639236
0,0,0.08604032
0,0,0.11178328
0,0,0.08499882
0,0,0.046762947
0,0,0.058956183
0,0,0.103852205
0,0,0.1425946
0,0,0.20273383
0,0,0.31885332
0,1,0.751865
0,1,0.6947977
0,1,0.7751727
0,1,0.5506618
0,0,0.36748546
0,0,0.352094
0,0,0.24462864
0,0,0.19806921
0,0,0.2201801
0,0,0.30517706
0,0,0.23935299
0,0,0.16944717
0,0,0.17068662
0,0,0.112882815
0,0,0.12734924
0,0,0.1425105
0,0,0.13410851
0,0,0.12445322
0,0,0.13403758
0,0,0.14799377
0,0,0.12679204
0,0,0.102028094
0,0,0.080432594
0,0,0.09786034
0,0,0.16113658
0,0,0.15320526
0,0,0.087217994
0,0,0.07002865
0,0,0.07551096
0,0,0.08822107
0,0,0.10351599
0,0,0.10867137
0,0,0.11834699
0,0,0.15693997
0,0,0.21720622
0,0,0.27195114
0,0,0.40516874
0,0,0.363298
0,0,0.15324418
0,0,0.13426277
0,0,0.13530582
0,0,0.11461827
0,0,0.10233114
0,0,0.13070321
0,0,0.1418955
0,0,0.14366567
0,0,0.14607961
0,0,0.16063786
0,0,0.14332595
0,0,0.13506395
0,0,0.2590461
0,0,0.12832098
0,0,0.072747536
0,0,0.078138046
0,0,0.08769118
0,0,0.099803455
0,0,0.104490615
0,0,0.08227161
0,0,0.07435576
0,0,0.07859893
0,0,0.09220917
0,0,0.1011372
0,0,0.10739656
0,0,0.110806555
0,0,0.13544324
0,0,0.17163053
0,0,0.19276991
0,0,0.21114334
0,0,0.098759614
0,0,0.039282043
0,0,0.06459913
0,0,0.07316449
0,0,0.07316798
0,0,0.07143384
0,0,0.07122737
0,0,0.07201469
0,0,0.07029251
0,0,0.06594437
0,0,0.058822896
0,0,0.053593084
0,0,0.047473107
0,0,0.04683129
0,0,0.06775221
0,0,0.09597984
0,0,0.15414727
0,0,0.3428415
0,1,0.6621127
0,1,0.7292041
0,1,0.743058
0,1,0.82125473
0,0,0.49294764
0,0,0.17362462
0,0,0.13166349
0,0,0.106927074
0,0,0.07474197
0,0,0.06941057
0,0,0.09506768
0,0,0.11196032
0,0,0.22800468
0,0,0.31422746
0,0,0.14451203
0,0,0.08874077
0,0,0.06295252
0,0,0.05343441
0,0,0.077619396
0,0,0.10052791
0,0,0.089467846
0,0,0.11804754
0,0,0.24813324
0,0,0.22363436
0,0,0.24344853
0,0,0.29008394
0,0,0.35803047
0,0,0.36253634
0,0,0.3211018
0,0,0.25319526
0,0,0.2600725
0,0,0.38484126
0,0,0.4351565
0,1,0.52206564
0,1,0.56953335
0,0,0.45241532
0,0,0.2980514
0,0,0.16610755
0,0,0.09238146
0,0,0.07121771
0,0,0.07187484
0,0,0.049587585
0,0,0.075425684
0,0,0.105179206
0,0,0.13964954
0,0,0.12046578
0,0,0.109932795
0,0,0.119205125
0,0,0.121256694
0,0,0.11537093
0,0,0.09824179
0,0,0.109054685
0,0,0.1535858
0,0,0.19493636
0,0,0.21123368
0,0,0.20998996
0,0,0.1623136
0,0,0.108493105
0,0,0.12934239
0,0,0.1202137
0,0,0.10998466
0,0,0.10832755
0,0,0.11571605
0,0,0.13657293
0,0,0.15864696
0,0,0.16687863
0,0,0.16221915
0,0,0.16121419
0,0,0.17120399
0,0,0.15555628
0,0,0.13587798
0,0,0.13781558
0,0,0.14620088
0,0,0.030507172
0,0,0.03626039
0,0,0.07709091
0,0,0.24941657
0,0,0.41465116
0,0,0.39261004
0,0,0.34271133
0,0,0.32463208
0,0,0.344413
0,0,0.34644428
0,0,0.354556
0,0,0.3806032
0,0,0.4065183
0,0,0.42995322
0,0,0.45768386
0,0,0.4733292
0,0,0.4721197
0,0,0.47247612
0,0,0.48425338
0,0,0.49912906
0,0,0.48419407
0,0,0.47500724
0,0,0.48444116
0,0,0.48095292
0,0,0.46630105
0,0,0.46790764
0,0,0.46461812
0,0,0.4704153
0,0,0.46370873
0,0,0.43857834
0,0,0.4217823
0,0,0.4358112
0,0,0.42796463
0,0,0.4269395
0,0,0.44362566
0,0,0.4488704
0,0,0.46806163
0,0,0.47472873
0,0,0.44869217
0,0,0.44549972
0,0,0.45741448
0,0,0.4566117
0,0,0.4371438
0,0,0.42760488
0,0,0.43021956
0,0,0.43391484
1,0,0.43301564
1,0,0.4400879
1,0,0.44483066
1,0,0.49280328
1,1,0.6251557
1,1,0.5354494
1,0,0.47619298
1,0,0.31387272
1,0,0.29784048
1,1,0.5825565
1,1,0.812697
1,1,0.9500122
1,1,0.93057823
1,1,0.745531
1,1,0.6088608
1,1,0.6529903
1,1,0.53119934
1,0,0.43002415
1,0,0.49499866
1,1,0.5230588
1,0,0.45600346
1,1,0.5132163
1,0,0.48392564
1,1,0.5193984
1,1,0.5470905
1,1,0.59304273
1,1,0.751072
1,1,0.7181663
1,1,0.7398606
1,1,0.71196914
1,1,0.52820355
1,0,0.39718294
1,0,0.4126423
1,0,0.4825496
1,1,0.6729589
1,1,0.779941
1,1,0.77119976
1,1,0.8561457
1,1,0.8458815
1,1,0.8323935
1,1,0.8138737
1,1,0.62025833
1,0,0.3774813
1,1,0.5429893
0,1,0.6654494
0,1,0.6051476
0,1,0.5905406
0,0,0.48504618
0,0,0.49925402
0,0,0.44786823
0,1,0.50227267
0,1,0.6113954
0,1,0.6152526
0,1,0.6829229
0,1,0.86733264
0,1,0.6255297
0,0,0.35550997
0,0,0.34129766
0,0,0.3839282
0,1,0.7251137
0,1,0.6862208
0,1,0.72034323
0,1,0.7142513
0,1,0.6943761
0,1,0.6406184
0,1,0.6209888
0,1,0.6525933
0,1,0.6122695
0,1,0.7342449
0,1,0.78445345
0,1,0.69897294
0,1,0.6330449
0,1,0.5704104
0,1,0.52292776
0,1,0.56617856
0,1,0.6047398
0,1,0.6242568
0,1,0.6770041
0,1,0.65397763
0,1,0.65438634
0,1,0.6944203
0,1,0.6252938
0,1,0.57598084
0,1,0.58616227
1,1,0.9723158
1,1,0.986406
1,1,0.9710399
1,1,0.90159166
1,1,0.7535052
1,1,0.5832524
1,0,0.4544646
1,0,0.47620225
1,0,0.46421394
1,0,0.46993953
1,1,0.612949
1,1,0.55174214
1,1,0.5780666
1,1,0.7540592
1,1,0.84765196
1,1,0.7928439
1,1,0.7925638
1,1,0.7427329
1,1,0.5313873
1,0,0.4661841
1,1,0.5920173
1,1,0.6943512
0,0,0.31891757
0,0,0.19469105
0,0,0.26444983
0,0,0.3010392
0,1,0.63458025
0,1,0.6431186
0,1,0.6953007
0,1,0.7590683
0,1,0.80004966
0,1,0.83614224
0,1,0.8699687
0,1,0.8870855
0,1,0.88855445
0,1,0.8822578
0,1,0.8759215
0,1,0.8530323
0,1,0.81410074
0,1,0.7965112
0,1,0.7706512
0,1,0.74579185
0,1,0.7273898
0,1,0.6895635
0,1,0.7050637
0,1,0.75589377
0,1,0.7624449
0,1,0.7036758
0,1,0.5551649
0,0,0.36591667
0,0,0.18856332
0,0,0.08593909
0,0,0.06472385
0,0,0.093814276
0,0,0.16146344
0,0,0.27580836
0,0,0.34833893
0,0,0.36687654
0,0,0.48733717
0,1,0.68861586
0,1,0.7371763
0,1,0.6883853
0,1,0.68007964
0,1,0.70321816
0,1,0.6716192
0,1,0.6290192
0,1,0.6136385
0,1,0.5491615
0,1,0.5074072
0,1,0.6504253
0,1,0.75736994
0,1,0.7170909
0,1,0.6487637
0,1,0.6290998
0,1,0.7023878
0,1,0.7522381
0,1,0.73284465
0,0,0.3897921
0,0,0.4653784
0,0,0.48356196
0,1,0.55392724
0,1,0.71008384
0,1,0.5727787
0,1,0.50763243
0,0,0.4993443
0,1,0.50155
0,1,0.5362553
0,1,0.5376961
0,1,0.60220706
0,1,0.62147266
0,1,0.6157446
0,1,0.72035295
0,1,0.82665026
0,1,0.8247285
0,1,0.81749433
0,1,0.8249129
0,1,0.76240605
0,1,0.62364537
0,1,0.66011083
0,1,0.6359427
0,1,0.6455899
0,1,0.6943947
0,1,0.7715561
0,1,0.8288689
0,1,0.89012074
0,1,0.94010115
0,1,0.92106956
0,1,0.80341524
0,1,0.5475006
0,0,0.47188053
0,0,0.4480488
0,0,0.45351464
0,1,0.5653949
0,1,0.5872302
0,1,0.51994526
0,0,0.41077834
0,0,0.2661769
0,0,0.2773202
0,0,0.3226012
0,0,0.35331213
0,0,0.38149118
0,0,0.40037096
0,0,0.46957207
1,1,0.969711
1,1,0.96895593
1,1,0.901239
1,1,0.7557948
1,1,0.5939647
1,1,0.6386768
1,1,0.701503
1,1,0.7007788
1,1,0.6949879
1,1,0.61019784
1,0,0.42748573
1,0,0.4253813
1,1,0.5076351
1,1,0.6892085
1,1,0.8414892
1,1,0.7755701
1,1,0.69379413
1,1,0.7728436
1,1,0.6931892
1,1,0.6998654
1,1,0.6871717
1,0,0.3822108
0,0,0.49687636
0,1,0.6375011
0,1,0.7143577
0,1,0.79466856
0,1,0.74974275
0,1,0.8036521
0,1,0.7988315
0,1,0.7776232
0,1,0.75032115
0,1,0.72045636
0,1,0.6786573
1,1,0.73585606
1,1,0.76597214
1,1,0.76321346
1,1,0.88824755
1,1,0.9474482
1,1,0.94407386
1,1,0.9666913
1,1,0.9641987
1,1,0.9446499
1,1,0.94107836
1,1,0.8977374
0,1,0.84958845
0,1,0.8230305
0,1,0.8425348
0,1,0.8969191
0,1,0.9270485
0,1,0.91463065
0,1,0.9028546
0,1,0.89935964
0,1,0.84499675
0,1,0.79188985
0,1,0.7371429
0,0,0.247136
0,0,0.11391382
0,0,0.1481291
0,0,0.25347662
0,1,0.520845
0,1,0.521161
0,1,0.53271526
0,1,0.5396282
0,1,0.5306576
0,1,0.5310357
0,1,0.56763035
0,1,0.5693373
0,0,0.4973019
0,0,0.44325992
0,0,0.45342234
0,1,0.5156034
0,1,0.5427638
0,0,0.4885076
0,0,0.4321449
0,0,0.39772564
0,0,0.45243368
0,1,0.5388562
0,1,0.58464783
0,1,0.5903501
0,1,0.585281
0,1,0.5217089
0,0,0.42397165
0,0,0.34441552
0,0,0.3316813
1,1,0.85118216
1,1,0.97276175
1,1,0.9748375
1,1,0.9440205
1,1,0.87882173
1,1,0.85682625
1,1,0.854103
1,1,0.8268803
1,1,0.8212582
1,1,0.7950653
1,1,0.63418436
1,1,0.72182024
1,1,0.75754714
1,1,0.89214855
1,1,0.9508265
1,1,0.94874823
1,1,0.94886905
1,1,0.9510599
1,1,0.95475966
1,1,0.9638769
1,1,0.96967524
1,1,0.9680531
0,1,0.6920919
0,0,0.30010965
0,0,0.20461668
0,0,0.21934025
0,1,0.7344665
0,1,0.74712723
0,1,0.7505016
0,1,0.64164484
0,1,0.6084126
0,1,0.5933989
0,1,0.5960997
0,1,0.6540919
0,1,0.7106169
0,1,0.7367914
0,1,0.7530823
0,1,0.7494298
0,1,0.70720804
0,1,0.6542032
0,1,0.6040859
0,1,0.5702021
0,1,0.5622951
0,1,0.5463278
0,0,0.4364285
0,0,0.2415662
0,0,0.17652795
0,0,0.2415387
0,0,0.32107818
0,0,0.49235904
0,1,0.6281644
0,1,0.6315179
0,1,0.5665747
0,1,0.56945634
0,1,0.56998265
1,1,0.6107048
1,1,0.67612636
1,1,0.7294653
1,1,0.74670357
1,1,0.7313846
1,1,0.7772951
1,1,0.7710555
1,1,0.7716113
1,1,0.751505
1,1,0.68867135
1,1,0.6318958
1,1,0.59259325
1,1,0.6273298
1,1,0.63883245
1,1,0.65265626
1,1,0.71143377
1,1,0.7554644
1,1,0.78050494
1,1,0.7753844
1,1,0.715239
1,1,0.70166576
1,1,0.7308385
0,0,0.26436025
0,0,0.16533484
0,0,0.11100423
0,0,0.054210585
0,0,0.0009888522
0,0,0.00096917833
0,0,0.001080765
0,0,0.001175425
0,0,0.0013400767
0,0,0.0019957286
0,0,0.002751729
0,0,0.0028010006
0,0,0.003105037
0,0,0.0046024825
0,0,0.0055146217
0,0,0.006148675
0,0,0.016137611
0,0,0.018922338
0,0,0.018183522
0,0,0.019683102
0,0,0.008695258
0,0,0.005386496
0,0,0.0028343431
0,0,0.001096753
0,0,0.0008957582
0,0,0.00084794784
0,0,0.000857776
0,0,0.0011698562
0,0,0.002379853
0,0,0.0051434455
0,0,0.0070732962
0,0,0.004615753
0,0,0.0023431547
0,0,0.0020233383
0,0,0.0025655471
0,0,0.0037002042
0,0,0.0046992623
0,0,0.004007335
0,0,0.002103541
0,0,0.0017001316
0,0,0.0017278929
0,0,0.0016490261
0,0,0.0018638001
0,0,0.0029402198
0,0,0.005135478
0,0,0.007282477
1,1,0.5479979
1,1,0.87374955
1,1,0.8512456
1,1,0.83227503
1,1,0.8459847
1,1,0.80405724
1,1,0.8930823
1,1,0.94671214
1,1,0.94889665
1,1,0.9510215
1,1,0.84165215
1,1,0.83943176
1,1,0.8789682
1,1,0.96499866
1,1,0.989391
1,1,0.9971027
1,1,0.9855305
1,1,0.9892797
1,1,0.9878071
1,1,0.98181343
1,1,0.9891856
1,1,0.9815554
1,1,0.9678963
1,1,0.93920386
1,1,0.9384342
1,1,0.95390075
1,1,0.9622454
1,1,0.92907745
1,1,0.9295743
1,1,0.9382212
1,1,0.9645421
1,1,0.96984094
1,1,0.90279424
1,1,0.9084987
1,1,0.9182032
1,1,0.93090445
1,1,0.95936805
1,1,0.9766717
1,1,0.8868506
1,1,0.83421504
1,1,0.8989666
1,1,0.92728883
1,1,0.9703226
1,1,0.9911088
1,1,0.99063665
1,1,0.9918727
1,1,0.9960116
1,1,0.9957503
1,1,0.99540627
1,1,0.9879958
1,1,0.97490466
1,1,0.9871775
1,1,0.9974362
1,1,0.99920017
1,1,0.9996076
0,1,0.99858177
0,1,0.9384179
0,0,0.12576094
0,0,0.04127857
0,0,0.4870056
0,0,0.34954885
0,0,0.3141682
0,0,0.31445912
0,0,0.20696604
0,0,0.18673123
0,0,0.22031195
0,0,0.1611916
0,0,0.13897325
0,0,0.12343549
0,0,0.14553417
0,0,0.20382345
0,0,0.20146045
0,0,0.12437669
0,0,0.28138107
0,0,0.48653972
0,1,0.5111934
0,0,0.36856508
0,0,0.24642773
0,0,0.19050366
0,0,0.13479684
0,0,0.24152249
0,0,0.49814284
0,0,0.49879414
0,0,0.4740168
1,1,0.9784347
1,1,0.99505496
1,1,0.99160016
1,1,0.97504073
1,1,0.94876754
1,1,0.96842724
1,1,0.99006796
1,1,0.99446034
1,1,0.99738914
1,1,0.9960407
1,1,0.988429
1,1,0.97821915
1,1,0.984706
1,1,0.98750955
1,1,0.9874643
1,1,0.98884004
1,1,0.981365
1,1,0.9682739
1,1,0.9524027
1,1,0.95780605
1,1,0.9559734
1,1,0.9613201
1,1,0.6179043
1,0,0.08011381
1,0,0.016259268
1,0,0.008622283
1,0,0.0026613672
1,0,0.0020628744
1,0,0.0020228066
1,0,0.0021387362
1,0,0.0023968676
1,0,0.0026884458
1,0,0.0030593334
1,0,0.0030621064
1,0,0.0027413159
1,0,0.0029898183
1,0,0.004681247
1,0,0.0057646064
1,0,0.0047305487
1,0,0.0040088114
1,0,0.004055698
1,0,0.004107613
1,0,0.0030777191
1,0,0.0029833752
1,0,0.0044122385
1,0,0.00505408
1,0,0.005915403
1,0,0.0075434525
1,0,0.0074851955
1,0,0.00814836
1,0,0.013055613
1,0,0.024603432
1,0,0.041035354
1,0,0.05225879
1,0,0.067583404
1,0,0.091564044
1,0,0.062486056
1,0,0.030895049
1,0,0.024342613
1,0,0.0770402
1,0,0.042952232
1,0,0.011204932
1,0,0.0021159484
1,0,0.0014161149
1,0,0.0016182177
1,0,0.0016231836
1,0,0.0016024361
1,0,0.0019749692
1,0,0.0018570794
1,0,0.0015226405
1,0,0.0013255349
1,0,0.0013177728
1,0,0.0013982288
1,0,0.0015870605
1,0,0.0014565157
1,0,0.0011722406
1,0,0.0010151806
0,0,0.0033788178
0,0,0.009285688
0,0,0.022921462
0,0,0.069553554
0,0,0.14063567
0,0,0.105517775
0,0,0.1154428
0,0,0.1463556
0,0,0.17690521
0,0,0.1841199
0,0,0.15906414
0,0,0.17248753
0,0,0.21661624
0,0,0.1955184
0,0,0.13277087
0,0,0.10034747
0,0,0.11862385
0,0,0.11859613
0,0,0.12824126
0,0,0.11562523
0,0,0.082380995
0,0,0.09594572
0,0,0.12468382
0,0,0.14312047
0,0,0.13101888
0,0,0.13503973
0,0,0.1256647
0,0,0.09411034
0,0,0.07445743
0,0,0.070830606
0,0,0.079310924
0,0,0.083204575
0,0,0.099646054
0,0,0.106588334
0,0,0.09238071
0,0,0.0858867
0,0,0.10189982
0,0,0.12598297
0,0,0.13626753
0,0,0.1416576
0,0,0.12430233
0,0,0.10592969
0,0,0.06984091
0,0,0.050190523
0,0,0.060445953
0,0,0.08193064
0,1,0.62770337
0,1,0.6749686
0,1,0.6608576
0,1,0.69027144
0,1,0.7674661
0,1,0.7962295
0,1,0.80566347
0,1,0.83823127
0,1,0.84965944
0,1,0.8326633
0,1,0.7896126
0,1,0.80475605
0,1,0.7722489
0,1,0.73549885
0,1,0.7410343
0,1,0.7339764
0,1,0.744587
0,1,0.74893564
0,1,0.75261474
0,1,0.76502925
0,1,0.77444553
0,1,0.76159465
1,1,0.7518616
1,1,0.7514271
1,1,0.75071996
1,1,0.77135974
1,1,0.7761041
1,1,0.76378125
1,1,0.76076686
1,1,0.7293388
1,1,0.7301895
1,1,0.7360812
1,1,0.7558355
1,1,0.79080695
1,1,0.7677908
1,1,0.7799492
1,1,0.822746
1,1,0.8296893
1,1,0.8022109
1,1,0.799946
1,1,0.7948478
1,1,0.772323
1,1,0.80982393
1,1,0.8179713
0,1,0.78654826
0,1,0.78482723
0,1,0.80978405
0,1,0.8165075
0,1,0.78998935
0,1,0.8082586
0,1,0.8155203
0,1,0.7936706
0,1,0.7997602
0,1,0.8327778
0,1,0.8294552
0,1,0.6173754
0,1,0.50228953
0,0,0.46430728
0,1,0.61945945
0,0,0.4346956
0,1,0.5245846
0,1,0.57718384
0,1,0.5542147
0,1,0.5418679
0,1,0.5094137
0,0,0.47829115
0,1,0.5143918
0,1,0.5608921
0,0,0.429895
0,0,0.25472352
0,0,0.18917637
0,0,0.18578732
0,0,0.3577775
0,1,0.5541129
0,0,0.44323695
0,0,0.28721473
0,0,0.17065842
0,0,0.121570095
0,0,0.13444175
0,0,0.29859686
0,0,0.48878244
0,1,0.5079023
0,1,0.52822167
0,1,0.5333152
1,1,0.7218175
1,1,0.75957954
1,1,0.7636672
1,1,0.7600871
1,1,0.8149215
1,1,0.8373769
1,1,0.7906974
1,1,0.7794583
1,1,0.80058086
1,1,0.8004479
1,1,0.83750975
0,1,0.8678115
0,1,0.8573295
0,1,0.8420117
0,1,0.830568
0,1,0.7799832
0,1,0.7667836
0,1,0.77247703
0,1,0.7620998
0,1,0.77177423
0,1,0.7927959
0,1,0.7919049
0,1,0.6653366
0,1,0.5897924
0,1,0.60546744
0,1,0.64691454
0,0,0.24806455
0,0,0.26175448
0,0,0.22581846
0,0,0.27308613
0,0,0.36443388
0,0,0.38090307
0,0,0.28592464
0,0,0.35411248
0,0,0.37960777
0,0,0.41514653
0,0,0.42351136
0,0,0.37048566
0,0,0.31357434
0,0,0.2797713
0,0,0.27933136
0,0,0.29913816
0,0,0.25451165
0,0,0.2002709
0,0,0.17590077
0,0,0.16209455
0,0,0.14911877
0,0,0.1470725
0,0,0.1768349
0,0,0.19417658
0,0,0.21744516
0,0,0.25534484
0,0,0.27975574
0,0,0.2852349
0,0,0.24910058
0,0,0.24251598
0,0,0.25090313
0,0,0.24922171
0,0,0.26001957
0,0,0.27899757
0,0,0.27498895
0,0,0.2656523
0,0,0.21196306
0,0,0.18732032
0,0,0.21273708
0,0,0.24508919
0,0,0.26094878
0,0,0.27440873
0,0,0.28291237
0,0,0.28831902
0,0,0.30863371
0,0,0.31424007
0,0,0.28814942
0,0,0.22875564
0,0,0.16474149
0,0,0.115302294
0,0,0.07126983
0,0,0.026056202
0,0,0.10085644
0,0,0.20854837
0,0,0.275224
0,0,0.3083677
0,0,0.32574666
0,0,0.3284947
0,0,0.33291307
0,0,0.33616242
0,0,0.34548244
0,0,0.34736055
0,0,0.34364268
0,0,0.35253206
0,0,0.37157455
0,0,0.38054776
0,0,0.37533325
0,0,0.35029805
0,0,0.34178472
0,0,0.34816277
0,0,0.3370633
0,0,0.33169582
0,0,0.33344477
0,0,0.32866997
0,0,0.31545767
0,0,0.33248383
0,0,0.35721278
0,0,0.36873627
0,0,0.3660285
0,0,0.3486365
0,0,0.34033355
0,0,0.3317944
0,0,0.33401504
0,0,0.33549258
0,0,0.3361268
0,0,0.3185108
0,0,0.31259954
0,0,0.31389433
0,0,0.31898904
0,0,0.3237421
0,0,0.3324577
0,0,0.3273993
0,0,0.31094104
0,0,0.30000287
0,0,0.30526212
0,0,0.30579382
0,0,0.31078845
0,0,0.31127122
0,0,0.31948206
0,0,0.3239796
0,0,0.34570047
0,0,0.34896395
0,0,0.35269496
0,0,0.35069653
0,0,0.33873758
0,0,0.32795325
0,0,0.3345958
0,0,0.3406028
1,0,0.35810333
1,0,0.37500727
1,0,0.40624022
1,0,0.40491077
1,0,0.40015262
1,0,0.39649934
1,0,0.39659014
1,0,0.382334
1,0,0.3890964
1,0,0.38966995
1,0,0.3736881
1,0,0.35230196
1,0,0.34015632
1,0,0.33696064
1,0,0.32864124
1,0,0.32841375
1,0,0.33742118
1,0,0.34370947
1,0,0.34928906
1,0,0.35658592
1,0,0.35734272
1,0,0.34889978
1,0,0.34422326
1,0,0.33428782
1,0,0.3393989
1,0,0.3433852
1,0,0.3585081
1,0,0.36630815
1,0,0.37996268
1,0,0.37372726
1,0,0.37255254
1,0,0.38379538
1,0,0.38698107
0,0,0.35699597
0,0,0.33394825
0,0,0.3364681
0,0,0.3356209
0,0,0.3465574
0,0,0.372027
0,0,0.36405706
0,0,0.36020195
0,0,0.39657113
0,0,0.39222142
0,0,0.38313457
0,0,0.44328776
0,0,0.4596124
0,0,0.38332835
0,0,0.36005026
0,0,0.35564494
0,0,0.3646988
0,0,0.34423965
0,0,0.36543447
0,0,0.39153743
0,0,0.3994536
0,0,0.37820393
0,0,0.38271406
0,0,0.3730588
0,0,0.35337093
0,0,0.34637347
0,0,0.35714024
0,0,0.36442423
0,0,0.35595995
0,0,0.3768234
0,0,0.41254732
0,0,0.39612126
0,0,0.3852441
0,0,0.3913193
0,0,0.35397792
0,0,0.33376715
0,0,0.35012993
0,0,0.34779802
0,0,0.34105104
0,0,0.3476922
1,0,0.33340475
1,0,0.34844097
1,0,0.36020926
1,0,0.3547258
1,0,0.40542477
1,0,0.49844933
1,1,0.5469791
1,1,0.57128596
1,1,0.66943586
1,1,0.7075624
1,1,0.725776
1,1,0.6802549
1,1,0.64162296
1,0,0.49839655
1,0,0.34359592
1,0,0.32137132
1,0,0.32948622
1,0,0.33259448
1,0,0.34201106
1,0,0.34764656
1,0,0.34793806
1,0,0.34350574
0,0,0.34393725
0,0,0.34276852
0,0,0.34396
0,0,0.35353565
0,0,0.36070445
0,0,0.35524714
0,0,0.35887218
0,0,0.35468566
0,0,0.34299096
0,0,0.34641567
0,0,0.3437296
0,0,0.33957335
0,0,0.35108575
0,0,0.36308452
0,0,0.37901765
0,0,0.38608938
0,0,0.39899915
0,0,0.36949667
0,0,0.3536932
0,0,0.35586283
0,0,0.35694343
0,0,0.35016462
0,0,0.33342874
0,0,0.33296907
0,0,0.32782945
0,0,0.32895198
0,0,0.32867947
0,0,0.33421975
0,0,0.33178678
0,0,0.33456182
0,0,0.34532464
0,0,0.3646675
0,0,0.3974559
0,0,0.41386828
0,0,0.42208603
0,0,0.42895415
0,0,0.44605872
0,0,0.40531847
0,0,0.42189357
0,0,0.4358502
0,0,0.43375123
0,0,0.42037046
0,0,0.35779798
0,0,0.3322358
0,0,0.3235348
0,0,0.31472054
0,0,0.33336443
0,0,0.37421477
0,0,0.3845977
0,0,0.36253285
0,0,0.37308767
0,0,0.38871777
0,0,0.36599603
0,0,0.36074418
0,0,0.38089192
0,0,0.0015214802
0,0,0.0023226188
0,0,0.007999763
0,0,0.06777179
0,1,0.60067165
0,1,0.6758315
0,1,0.7191299
0,1,0.95335037
0,1,0.98665965
0,1,0.9637423
0,1,0.8390167
0,0,0.45318565
0,0,0.115603894
0,0,0.006181793
0,0,0.00081964466
0,0,0.00046831
0,0,0.0009488233
0,0,0.0031582983
0,0,0.005136214
0,0,0.0048058904
0,0,0.0044335085
0,0,0.0019418558
0,0,0.0010140665
0,0,0.00087075855
0,0,0.0005037959
0,0,0.000845695
0,0,0.01101914
0,0,0.01126429
0,0,0.016281318
0,0,0.019129386
0,0,0.019689104
0,0,0.009852494
0,0,0.0027511008
0,0,0.0011381035
0,0,0.00047365384
0,0,0.0010009726
0,0,0.006773269
0,0,0.004418683
0,0,0.0016685805
0,0,0.0009781105
0,0,0.0004661384
0,0,0.00085603487
0,0,0.015658062
0,0,0.022138588
0,0,0.02101906
0,0,0.0078106327
1,0,0.020493917
1,0,0.10357401
1,1,0.82160264
1,1,0.97362566
1,1,0.91947675
1,0,0.2518662
1,0,0.07325305
1,0,0.05618512
1,0,0.15068361
1,1,0.62444043
1,1,0.9462272
1,1,0.99209166
1,1,0.9913084
1,1,0.9771592
1,1,0.92799366
1,1,0.725645
1,0,0.14342792
1,0,0.076540686
1,0,0.05276138
1,0,0.08958709
1,1,0.56585217
1,1,0.9529976
0,1,0.9907804
0,1,0.9850868
0,1,0.9115964
0,1,0.6972986
0,1,0.6375636
0,1,0.95846486
0,1,0.99514943
0,1,0.99385923
0,1,0.99137235
0,1,0.99282277
0,1,0.99386144
1,1,0.9804105
1,1,0.7526003
1,0,0.46480066
1,1,0.62879974
1,0,0.4745505
1,0,0.4774415
1,1,0.7558538
1,1,0.62545437
1,1,0.5038631
1,0,0.3339354
1,0,0.29217687
0,1,0.8797553
0,1,0.985817
0,1,0.98654896
0,1,0.9538522
0,1,0.95507216
0,1,0.9400468
0,1,0.8868138
0,1,0.9226312
0,1,0.97670686
0,1,0.95440435
0,1,0.5936959
0,0,0.030690456
0,0,0.0039812466
0,0,0.0015482614
0,0,0.0021201093
0,0,0.008252239
0,0,0.019150494
0,0,0.057959154
0,0,0.18358447
0,0,0.07051964
0,0,0.0033950661
0,0,0.00047172917
0,0,0.00031856698
0,0,0.00045517768
0,0,0.010932486
0,0,0.051583204
0,0,0.02707574
0,0,0.0244869
0,0,0.025934134
0,0,0.05269605
0,0,0.120482765
0,0,0.09418037
0,0,0.029470189
0,0,0.009359351
0,0,0.0064816126
0,0,0.012204246
0,0,0.05383257
0,0,0.1048723
0,0,0.12242273
0,0,0.29705942
1,1,0.9799768
1,1,0.9949962
1,1,0.9843598
1,1,0.9503252
1,1,0.9412783
1,1,0.6733724
1,1,0.6509645
1,1,0.83873326
1,1,0.961528
1,1,0.98391783
1,1,0.9823899
1,1,0.9579
1,1,0.9088472
1,1,0.9375924
1,1,0.9248009
1,1,0.9426509
1,1,0.92096984
1,1,0.92699707
1,1,0.9084089
1,1,0.7145159
1,0,0.32040966
1,0,0.37460688
1,0,0.14373893
1,0,0.06884905
1,0,0.047636114
1,0,0.06206871
1,0,0.02025562
1,0,0.016817076
1,0,0.010717444
1,0,0.003480228
1,0,0.0006996088
1,0,0.0002739318
1,0,0.00024243639
1,0,0.0011518236
1,0,0.47216478
1,1,0.8430016
1,1,0.90641207
1,1,0.9475784
1,1,0.96198124
1,1,0.9241726
1,1,0.8452481
1,1,0.8305093
1,1,0.5694899
1,0,0.0686851
1,0,0.0075536366
1,0,0.0021835016
1,0,0.0021068791
1,0,0.0053869197
1,0,0.03773287
1,0,0.2835514
1,1,0.5826862
1,1,0.69982934
1,1,0.62071717
1,1,0.56353146
1,1,0.7238619
0,0,0.3270721
0,0,0.041896686
0,0,0.0026543178
0,0,0.00054848235
0,0,0.00033224805
0,0,0.00041425315
0,0,0.014211499
0,0,0.031741545
0,0,0.045181226
0,0,0.058409058
0,0,0.039980322
0,0,0.030920932
0,0,0.027407443
0,0,0.023226159
0,0,0.023813559
0,0,0.017190471
0,0,0.012581038
0,0,0.004844012
0,0,0.0018892383
0,0,0.0032638141
0,0,0.0055386852
0,0,0.010449321
0,0,0.0047798455
0,0,0.0037188174
0,0,0.005840744
0,0,0.0460066
0,1,0.91756755
0,1,0.6912893
0,0,0.19681579
0,0,0.09475895
0,0,0.1345202
0,0,0.33634588
0,1,0.51852304
0,0,0.27130774
0,0,0.38853556
0,1,0.6247814
0,1,0.5728499
0,0,0.31140286
0,0,0.23258302
0,0,0.2900193
0,1,0.5334981
0,1,0.76917374
0,1,0.7365194
0,1,0.70887053
0,0,0.39182362
0,0,0.3121888
0,0,0.36986423
0,0,0.31303382
0,0,0.33136487
0,0,0.30189267
0,0,0.34283325
0,0,0.366424
0,0,0.34310076
0,0,0.46523342
0,0,0.37600338
0,0,0.15958135
0,0,0.13463415
0,0,0.10270498
0,0,0.1430875
0,0,0.32626367
0,0,0.3508407
0,0,0.3612123
0,0,0.3281003
0,0,0.27924418
0,0,0.26588875
0,0,0.23287356
0,0,0.23276766
0,0,0.19501173
0,1,0.6292309
0,1,0.71885896
0,1,0.6563164
0,1,0.50529915
0,0,0.41412225
0,0,0.27685478
0,0,0.2671584
0,0,0.25779733
0,0,0.30400363
0,0,0.3755583
0,0,0.41194037
0,0,0.37084314
0,0,0.40737814
0,0,0.38206956
0,0,0.37319952
0,0,0.4646952
0,0,0.37501803
0,0,0.28012428
0,0,0.24074446
0,0,0.2298494
0,0,0.21515398
0,0,0.1875984
0,0,0.22259988
0,0,0.25273767
0,0,0.262319
0,0,0.29599386
0,1,0.5638797
0,1,0.6140548
0,1,0.6038981
0,1,0.6512913
0,1,0.66853654
0,1,0.5765909
0,1,0.69813067
0,1,0.8726077
0,1,0.78483343
0,1,0.68410426
0,1,0.58958673
0,1,0.6371229
0,1,0.52022564
0,0,0.46091506
0,1,0.52793956
0,1,0.5801609
0,1,0.59652215
0,1,0.5847749
0,0,0.4973551
0,1,0.5478631
0,1,0.6779308
0,1,0.73781574
0,1,0.7806093
0,1,0.7209324
0,1,0.596745
0,1,0.67414427
0,1,0.7487726
0,1,0.7719631
0,1,0.8144876
0,1,0.516438
0,0,0.35495603
0,0,0.3783393
0,0,0.44237784
0,1,0.91916496
0,1,0.8982661
0,1,0.9213339
0,1,0.9298547
0,1,0.865093
0,1,0.84133804
0,1,0.90081835
0,1,0.9456479
0,1,0.9514244
0,1,0.956741
0,1,0.9504348
0,1,0.9213339
0,1,0.9222357
0,1,0.8918704
0,1,0.78518003
0,1,0.80084217
0,1,0.899352
0,1,0.90887153
0,1,0.9212621
0,1,0.9264766
0,1,0.8808098
0,1,0.8616312
0,1,0.8902779
0,1,0.8894137
0,1,0.86831695
0,1,0.91283363
0,1,0.87861186
0,1,0.75746477
0,1,0.6286998
0,1,0.543659
0,0,0.48788908
0,0,0.3847396
0,0,0.38411346
0,0,0.40120542
0,0,0.37705824
0,0,0.345973
0,0,0.3123019
0,0,0.26285347
0,0,0.28187162
0,0,0.29238647
0,0,0.3338923
0,0,0.44865507
0,0,0.4862186
0,1,0.5183873
0,0,0.47529003
0,0,0.44882837
0,0,0.45670477
0,0,0.3165202
0,0,0.21929406
0,0,0.23701254
0,0,0.28362656
0,1,0.8059534
0,1,0.7517904
0,1,0.6253566
0,1,0.5251443
0,1,0.54330045
0,1,0.584296
0,1,0.51649404
0,1,0.52806926
0,1,0.60433173
0,1,0.6239451
0,1,0.592693
0,1,0.58311456
0,0,0.43076742
0,0,0.3994481
0,0,0.49193418
0,0,0.43969294
0,1,0.52906686
0,1,0.70568407
0,1,0.72251445
0,1,0.68930703
0,1,0.72000223
0,1,0.76876855
0,1,0.8180677
0,1,0.792966
0,1,0.63018954
0,1,0.5510793
0,1,0.74390453
0,1,0.6512929
0,1,0.6751698
0,1,0.8376247
0,1,0.882596
0,1,0.83235335
0,1,0.77664346
0,1,0.6775514
0,1,0.5515297
0,1,0.57505214
0,1,0.66133887
0,1,0.7731987
0,1,0.82395554
0,1,0.82894653
0,1,0.8514244
0,1,0.788546
0,1,0.876304
0,1,0.8972475
0,1,0.7892822
0,1,0.6543533
0,1,0.56546617
0,1,0.61791396
0,1,0.74494565
0,1,0.7252586
0,1,0.58253443
0,0,0.0028458799
0,0,0.0019387216
0,0,0.0014813676
0,0,0.0018748367
0,0,0.0043252506
0,1,0.85553014
0,1,0.8768462
0,1,0.80855703
0,1,0.6518635
0,1,0.53167856
0,1,0.52194494
0,0,0.47026375
0,1,0.55615526
0,0,0.46935254
0,0,0.056159437
0,0,0.012363146
0,0,0.14462182
0,0,0.050977036
0,0,0.33821502
0,1,0.520603
0,1,0.5449472
0,1,0.79576147
0,1,0.8321937
0,1,0.8312514
0,1,0.82084364
0,1,0.77245224
0,1,0.8361407
0,1,0.8256414
0,1,0.82060474
0,1,0.8219585
0,1,0.83108205
0,1,0.849697
0,1,0.8473113
0,1,0.8211219
0,1,0.71068853
0,1,0.63798696
0,1,0.57283336
0,1,0.64615256
0,1,0.7947495
0,1,0.8461883
0,1,0.8782855
0,1,0.88929284
0,1,0.85618335
0,1,0.7732552
0,1,0.69098675
0,1,0.67355144
0,1,0.9277769
0,1,0.9278714
0,1,0.9613457
0,1,0.9887726
0,1,0.99204755
0,1,0.9887454
0,1,0.99042577
0,1,0.99192446
0,1,0.9887645
0,1,0.9920441
0,1,0.9961748
1,1,0.99377924
1,1,0.9882935
1,1,0.981041
1,1,0.97408617
1,1,0.9727544
1,1,0.9951696
1,1,0.9945463
1,1,0.99289364
1,1,0.9942668
1,1,0.99197704
1,1,0.99391985
0,1,0.9719365
0,1,0.9638533
0,1,0.97649515
0,1,0.97976434
0,1,0.9879363
0,1,0.98457307
0,1,0.9872799
0,1,0.98795485
0,1,0.9772674
0,1,0.9693568
0,1,0.98033226
1,1,0.9850718
1,1,0.9694434
1,1,0.96729094
1,1,0.9740016
1,1,0.9851323
1,1,0.99573225
1,1,0.9971042
1,1,0.99808794
1,1,0.9977812
1,1,0.99376184
1,1,0.9725078
0,1,0.8891692
0,1,0.78788716
0,1,0.9108243
0,1,0.9658738
0,1,0.9820586
0,1,0.99012417
0,1,0.98817676
0,1,0.9845728
0,1,0.9793946
0,1,0.9600843
0,1,0.8947794
0,1,0.51561314
0,0,0.2511857
0,0,0.21950738
0,0,0.4286865
0,1,0.887624
0,1,0.8956416
0,1,0.8891725
0,1,0.89973855
0,1,0.9165185
0,1,0.92311174
0,1,0.92522806
0,1,0.9185551
0,1,0.91161793
0,1,0.9109209
0,1,0.90697104
0,1,0.9037111
0,1,0.8827079
0,1,0.854417
0,1,0.8706402
0,1,0.9009017
0,1,0.88527906
0,1,0.7735909
0,1,0.50968736
0,0,0.1949385
0,0,0.088950045
0,1,0.7182974
0,1,0.80192006
0,1,0.9189916
0,1,0.9197189
0,1,0.93409216
0,1,0.9358694
0,1,0.9368503
0,1,0.9487824
0,1,0.95365167
0,1,0.98131883
0,1,0.97682786
0,1,0.98085165
0,1,0.94995123
0,1,0.8374345
0,1,0.84818697
1,1,0.9496688
1,1,0.97043455
1,1,0.9901271
1,1,0.99391454
1,1,0.99627906
1,1,0.9967063
1,1,0.9970964
1,1,0.99610424
1,1,0.9969227
1,1,0.99614596
1,1,0.9920884
0,1,0.977438
0,1,0.9502616
0,1,0.8771436
0,1,0.8456631
0,1,0.78893584
0,1,0.82342005
0,1,0.86735445
0,1,0.86292535
0,1,0.8508115
0,1,0.8094693
0,1,0.7805795
0,1,0.7553139
0,1,0.6939236
0,1,0.6703705
0,1,0.7158128
0,1,0.71752125
0,1,0.73446834
0,1,0.72215086
0,1,0.6551773
0,1,0.63487047
0,1,0.6709976
0,1,0.66440356
0,1,0.67077625
0,1,0.71467566
0,1,0.72478276
0,1,0.7513629
0,1,0.74625224
0,1,0.6572177
0,1,0.6405652
0,1,0.7090754
0,1,0.76651645
0,1,0.82666516
0,1,0.83388114
0,1,0.788867
0,1,0.743663
0,1,0.7609489
0,0,0.48463866
0,0,0.10292616
0,0,0.01721265
0,0,0.0052102352
0,0,0.14384528
0,0,0.39256072
0,0,0.4578444
0,1,0.51706094
0,1,0.51174057
0,1,0.5325287
0,1,0.60465884
0,0,0.37175122
0,0,0.01777399
0,0,0.0016874245
0,0,0.0006727439
0,0,0.00060201605
0,0,0.13518246
0,0,0.32565472
0,0,0.11521827
0,0,0.061216105
0,0,0.05970166
0,0,0.04126058
0,0,0.05465324
0,0,0.09142729
0,0,0.09455594
0,0,0.09281473
0,0,0.09426442
0,0,0.10176357
0,0,0.10543597
0,0,0.10466224
0,0,0.096123725
0,0,0.0941227
0,0,0.09343219
0,0,0.09099677
0,0,0.07583418
0,0,0.069305584
0,0,0.07624595
0,0,0.07897892
0,0,0.09705261
0,0,0.10964748
0,0,0.12626779
0,0,0.12768205
0,0,0.122563444
0,0,0.12271253
0,0,0.1251806
0,0,0.1230031
0,0,0.12982199
0,0,0.12461875
0,0,0.110213816
0,0,0.092826545
0,0,0.06512107
0,0,0.0605688
0,0,0.07193539
0,0,0.08297971
0,0,0.09717575
0,0,0.11294858
0,0,0.121681325
0,0,0.124182664
0,0,0.12105299
0,0,0.11943776
0,0,0.119999096
0,0,0.118102156
0,0,0.10330236
0,0,0.094124995
0,0,0.099394895
1,0,0.14468871
1,0,0.22654805
1,0,0.2949588
1,0,0.3493647
1,0,0.38261157
1,0,0.38063878
1,0,0.3746198
1,0,0.37679166
1,0,0.3824535
1,0,0.38389316
1,0,0.37849224
1,0,0.37783644
1,0,0.3750192
1,0,0.3747051
1,0,0.3737441
1,0,0.3843634
1,0,0.39001182
1,0,0.388546
1,0,0.37568545
1,0,0.37672734
1,0,0.37790492
1,0,0.38343042
1,0,0.42426398
1,0,0.4613437
1,0,0.48205653
1,1,0.50627065
1,1,0.524928
1,1,0.56370974
1,1,0.538964
1,0,0.4949574
1,0,0.46471193
1,0,0.42243013
1,0,0.41910627
0,0,0.44437072
0,0,0.43363565
0,0,0.45674726
0,0,0.47983235
0,0,0.48795116
0,0,0.46936625
0,1,0.5045652
0,1,0.52694815
0,1,0.50052625
0,0,0.4599283
0,0,0.4283482
0,0,0.43917868
0,0,0.45617422
0,0,0.4642814
0,1,0.50923634
0,1,0.55730927
0,1,0.5277456
0,1,0.5174021
0,1,0.5270524
0,1,0.51814914
0,0,0.4944595
0,1,0.51652855
0,1,0.5923625
0,1,0.6300747
0,1,0.6304687
0,1,0.5764478
0,0,0.40741783
0,0,0.35439396
0,1,0.5079919
0,1,0.5724277
0,1,0.581464
0,1,0.5482735
0,0,0.30763042
0,0,0.1757527
0,0,0.19852681
0,0,0.30616736
0,0,0.4872603
0,1,0.62374544
0,1,0.7398589
0,1,0.7726528
0,1,0.6014831
0,0,0.44374296
0,0,0.31246108
0,0,0.23443133
0,0,0.27316502
0,0,0.28393638
0,0,0.25491512
0,0,0.19157672
0,0,0.15418352
0,0,0.17087573
0,0,0.17671297
1,0,0.28273624
1,0,0.38105884
1,0,0.4798112
1,1,0.5822056
1,1,0.6262746
1,1,0.5982076
1,1,0.6184213
1,1,0.6462763
1,1,0.60840905
1,1,0.56213343
1,1,0.52736396
0,0,0.4452445
0,0,0.38302404
0,0,0.34325328
0,0,0.32849374
0,0,0.3347047
0,0,0.3667384
0,0,0.39636824
0,0,0.41494876
0,0,0.43372843
0,0,0.45904353
0,0,0.47536355
1,0,0.48108795
1,0,0.45572278
1,0,0.3701233
1,0,0.21360359
1,0,0.10804858
1,0,0.112655975
1,0,0.1181555
1,0,0.11395425
1,0,0.109212354
1,0,0.105726965
1,0,0.11500323
1,0,0.12240612
1,0,0.12958135
1,0,0.1388951
1,0,0.136188
1,0,0.12332785
1,0,0.11067395
1,0,0.09695734
1,0,0.0966888
1,0,0.10172508
1,0,0.10609628
1,0,0.120035745
1,0,0.12701035
1,0,0.11225912
1,0,0.10694471
1,0,0.101314664
1,0,0.09360722
1,0,0.08714745
1,0,0.08782486
1,0,0.08792342
1,0,0.08735217
1,0,0.08709287
1,0,0.10004967
1,0,0.10838257
1,0,0.10410298
1,0,0.11382144
1,0,0.11647055
1,0,0.11431948
1,0,0.1236993
1,0,0.1347698
1,0,0.13077623
1,0,0.1332944
1,0,0.12581077
1,0,0.12041323
1,0,0.11743502
1,0,0.12365056
1,0,0.11242853
1,0,0.09795323
1,0,0.10759506
1,0,0.10938442
1,0,0.10818908
1,0,0.107894704
1,0,0.11682998
1,0,0.11375837
1,0,0.1140738
0,1,0.7946161
0,1,0.76267314
0,0,0.38768256
0,0,0.08046237
0,0,0.06296373
0,0,0.07316424
0,0,0.07111752
0,0,0.10269522
0,0,0.16106315
0,0,0.115855515
0,0,0.11871046
1,0,0.14068894
1,0,0.12697442
1,0,0.07120751
1,0,0.05402535
1,0,0.037501898
1,0,0.06848098
1,0,0.08441201
1,0,0.032175943
1,0,0.025955802
1,0,0.04282089
1,0,0.07759453
1,0,0.12887368
1,0,0.21283971
1,0,0.1563069
1,0,0.041964978
1,0,0.040754516
1,0,0.07711963
1,0,0.10685813
1,0,0.01804471
1,0,0.010193999
1,0,0.033489764
1,0,0.047997482
1,0,0.05867573
1,0,0.10887948
1,0,0.255295
1,0,0.21126124
1,0,0.115769334
1,0,0.059452023
1,0,0.046622448
1,0,0.07480277
1,0,0.06779317
1,0,0.06134147
1,0,0.07325369
1,0,0.0754851
1,0,0.05105643
1,1,0.83933526
1,1,0.9775235
1,1,0.98937535
1,1,0.9915503
1,1,0.9901931
1,1,0.979185
1,1,0.98599213
1,1,0.99099255
1,1,0.9932941
1,1,0.994705
1,1,0.99809676
1,1,0.9984773
1,1,0.99830985
1,1,0.99764436
1,1,0.99325484
1,1,0.97834307
1,1,0.98582745
1,1,0.9885039
1,1,0.99046797
1,1,0.99196494
1,1,0.9896478
1,1,0.9896198
1,1,0.9966365
1,1,0.99741817
1,1,0.9983246
1,1,0.99835664
1,1,0.99623835
1,1,0.99679464
1,1,0.9973917
1,1,0.9979442
1,1,0.99836165
1,1,0.9982834
1,1,0.9974934
1,1,0.9968567
1,1,0.99612266
1,1,0.99638605
1,1,0.99591416
1,1,0.9952744
1,1,0.99560744
1,1,0.9956463
1,1,0.9940593
1,1,0.994839
1,1,0.99391574
1,1,0.99288625
1,1,0.99507314
1,1,0.9954542
1,1,0.9932498
1,1,0.98997307
1,1,0.99151635
1,1,0.9924826
1,1,0.99235815
1,1,0.9920204
1,1,0.99464273
1,1,0.9963761
1,1,0.99632746
0,1,0.9100845
0,0,0.3774304
0,0,0.08053938
0,0,0.023714352
0,0,0.12289975
0,0,0.21869555
0,0,0.28699726
0,0,0.28488463
0,0,0.34026137
0,0,0.40615398
0,0,0.3932543
0,0,0.24090184
0,0,0.15492481
0,0,0.14707568
0,0,0.11775409
0,0,0.09120623
0,0,0.06870858
0,0,0.044295378
0,0,0.04632349
0,0,0.058788415
0,0,0.08498638
0,0,0.20456876
0,1,0.5292477
0,1,0.66308117
0,0,0.27286747
0,0,0.08345128
0,0,0.05916611
0,0,0.04954553
0,0,0.0870036
1,1,0.57332003
1,1,0.88379115
1,1,0.9710495
1,1,0.99553657
1,1,0.9985178
1,1,0.99732554
1,1,0.99634403
1,1,0.9805871
1,1,0.96639395
1,1,0.99514174
1,1,0.9952022
1,1,0.9950966
1,1,0.99803907
1,1,0.99868137
1,1,0.9976248
1,1,0.9948207
1,1,0.99477947
1,1,0.994456
1,1,0.994915
1,1,0.99633574
1,1,0.99432653
1,1,0.9951879
1,1,0.7403942
1,0,0.119169556
1,0,0.036837723
1,0,0.01731931
1,0,0.106061704
1,0,0.267671
1,0,0.28980246
1,0,0.27944487
1,0,0.39947477
1,0,0.3939752
1,0,0.33120304
1,0,0.34251916
1,0,0.36363935
1,0,0.29023823
1,0,0.2564189
1,0,0.3480165
1,0,0.3211625
1,0,0.26556408
1,0,0.24354665
1,0,0.25356427
1,0,0.23545791
1,0,0.22315106
1,0,0.29531
1,0,0.37238488
1,0,0.46544668
1,1,0.5648865
1,1,0.55290806
1,0,0.43130237
1,0,0.32880875
1,0,0.27501667
1,0,0.2765684
1,0,0.27383158
1,0,0.3269159
0,0,0.35240707
0,0,0.22431263
0,0,0.1213544
0,0,0.07749045
0,0,0.06818158
0,0,0.16528219
0,0,0.1986984
0,0,0.19015619
0,0,0.2281452
0,0,0.32749695
0,0,0.40274
0,0,0.37353936
0,0,0.33451787
0,0,0.24646345
0,0,0.19917773
0,0,0.25261506
0,0,0.25231797
0,0,0.32798287
0,0,0.3825853
0,0,0.29755044
0,0,0.23256876
0,0,0.18858525
0,0,0.376485
0,0,0.1506681
0,0,0.037017427
0,0,0.007396559
0,0,0.0028883587
0,0,0.0030083493
0,0,0.0026788928
0,0,0.0019955025
0,0,0.0017785821
0,0,0.0020151993
0,0,0.0022696943
0,0,0.0028941375
0,0,0.0033242283
0,0,0.008638378
0,0,0.02380414
0,0,0.17085597
0,0,0.39223993
0,0,0.2988614
0,0,0.08678528
0,0,0.049559142
0,0,0.05769771
0,0,0.0230442
0,0,0.006256556
0,0,0.0041950806
0,0,0.004043432
0,0,0.0038071915
0,0,0.004369131
0,0,0.004903358
0,0,0.009020769
0,0,0.02789044
0,0,0.052680686
0,0,0.16811864
0,1,0.5005958
0,0,0.22335693
0,0,0.060791504
0,0,0.12649426
0,0,0.07718908
0,0,0.01205073
0,0,0.0066766804
0,0,0.0065806257
0,0,0.008643541
0,0,0.011333816
0,0,0.0078545585
0,0,0.009063469
0,0,0.01970593
0,0,0.042151988
0,1,0.5581181
0,1,0.8289897
0,1,0.78749555
0,0,0.45724407
0,0,0.37449035
0,0,0.40122905
0,0,0.38812482
0,0,0.3763097
0,0,0.34251815
0,0,0.33599964
0,0,0.27054632
1,0,0.26622525
1,0,0.2669319
1,0,0.339391
1,1,0.5011187
1,1,0.6852677
1,1,0.73392016
1,1,0.808186
1,1,0.75899756
1,1,0.6713946
1,1,0.6165053
1,1,0.6056346
1,1,0.5499136
1,1,0.55473566
1,1,0.5962175
1,1,0.62883794
1,1,0.65361506
1,1,0.64897823
1,1,0.527391
1,0,0.43753216
1,0,0.44321448
1,0,0.47116277
1,0,0.46542546
1,0,0.45751604
1,0,0.4539061
1,0,0.34038982
1,0,0.32064945
1,0,0.4848071
1,0,0.36543137
1,0,0.2657843
1,0,0.28077582
1,0,0.27533954
1,0,0.29488018
1,0,0.48107338
0,0,0.47401357
0,1,0.5685046
0,1,0.588826
0,0,0.3896184
0,0,0.31041342
0,0,0.3632229
0,0,0.3890874
0,0,0.3835141
0,0,0.36812097
0,0,0.37669408
0,0,0.31281635
0,0,0.05061079
0,0,0.010730606
0,0,0.005046503
0,0,0.00568725
0,0,0.0038720805
0,0,0.0042858403
0,0,0.0041237394
0,0,0.00386595
0,0,0.0034335959
0,0,0.0025969862
0,0,0.0020529798
0,0,0.0019682946
0,0,0.0020167774
0,0,0.0022883073
0,0,0.0024752498
0,0,0.0020960814
0,0,0.001559818
0,0,0.0013838592
0,0,0.0016621848
0,0,0.002069944
0,0,0.002295082
0,0,0.0024485805
0,0,0.0022922799
0,0,0.0021245952
0,0,0.0019671277
0,0,0.0017122297
0,0,0.0018285748
0,0,0.0018511236
0,0,0.0013805367
1,0,0.130561
1,0,0.3739439
1,0,0.43438464
1,0,0.40752608
1,0,0.3360792
1,0,0.34496194
1,0,0.31402722
1,0,0.3366149
1,0,0.43414062
1,0,0.4384532
1,0,0.31863272
1,0,0.43204084
1,0,0.3680508
1,0,0.26503372
1,0,0.27368262
1,0,0.29388708
1,0,0.28369042
1,0,0.24021268
1,0,0.25009188
1,0,0.24792491
1,0,0.23833574
1,0,0.26565614
0,0,0.048082538
0,0,0.009176171
0,0,0.004358728
0,0,0.0043664267
0,0,0.0022053826
0,0,0.0023892305
0,0,0.003343843
0,0,0.002751681
0,0,0.0022956433
0,0,0.002785229
0,0,0.002312777
0,0,0.0018222296
0,0,0.002174216
0,0,0.0020081697
0,0,0.0015641438
0,0,0.001535524
0,0,0.0017701674
0,0,0.0023725461
0,0,0.0049149683
0,0,0.007747725
0,0,0.014733154
0,0,0.028847601
0,0,0.007179577
0,0,0.0018637301
0,0,0.0016226255
0,0,0.0017018134
0,0,0.0018286862
0,0,0.0015574256
0,0,0.0015138666
0,0,0.0015794865
0,0,0.0013259603
0,0,0.0011272836
0,0,0.0011451693
0,0,0.0013744705
0,0,0.0015641653
0,0,0.0016987984
0,0,0.002262865
0,0,0.0024791805
0,0,0.0018162836
0,0,0.0013190742
0,0,0.0012389696
0,0,0.0011779261
0,0,0.0012505691
0,0,0.0014884865
0,0,0.0015151422
0,0,0.0014515865
0,0,0.00150418
0,0,0.0015670559
0,0,0.001566088
0,0,0.0017041487
0,0,0.0019057711
0,0,0.0016594587
0,0,0.0014274598
0,0,0.0015203181
0,0,0.001526569
0,0,0.044325992
0,0,0.013721267
0,0,0.0034735615
0,0,0.0011375833
0,0,0.0006906027
0,0,0.0024138913
0,0,0.0022922864
0,0,0.0063068056
0,0,0.006253397
0,0,0.009698607
0,0,0.006708704
0,0,0.0043098414
0,0,0.0018519625
0,0,0.0013877089
0,0,0.0015252988
0,0,0.0074531618
0,0,0.034770194
0,0,0.025530972
0,0,0.013174584
0,0,0.012210329
0,0,0.014346057
0,0,0.012774057
0,0,0.011494862
0,0,0.0063759238
0,0,0.0054046693
0,0,0.006582665
0,0,0.008288736
0,0,0.014493414
0,0,0.015612048
0,0,0.022480663
0,0,0.035369057
0,0,0.042466976
0,0,0.044341583
0,0,0.03534215
0,0,0.045249738
0,0,0.044188373
0,0,0.031166794
0,0,0.012906347
0,0,0.008564892
0,0,0.008200156
0,0,0.014415285
0,0,0.019089185
0,0,0.01671066
0,0,0.015432961
0,0,0.010245991
0,0,0.00788179
1,1,0.6378442
1,1,0.8974254
1,1,0.9224791
1,1,0.892969
1,1,0.9150814
1,1,0.8153276
1,1,0.7505982
1,1,0.5958933
1,0,0.4961514
1,1,0.5074287
1,1,0.51956743
1,1,0.633092
1,0,0.4742831
1,0,0.45976496
1,1,0.6193985
1,1,0.7242964
1,1,0.5646118
1,1,0.56655324
1,1,0.5868018
1,1,0.6430849
1,1,0.61326194
1,1,0.5564583
0,1,0.5778949
0,1,0.5783466
0,1,0.61199796
0,1,0.5520987
0,0,0.49531907
0,1,0.58639973
0,1,0.7260283
0,1,0.7519849
0,1,0.66948605
0,1,0.65438557
0,1,0.6397068
0,1,0.6243721
0,1,0.6739566
0,1,0.7516705
0,1,0.7286174
0,1,0.657757
0,1,0.5968177
0,1,0.56327605
0,1,0.5084794
0,1,0.5597995
0,1,0.57911795
0,1,0.61988163
0,1,0.6993773
0,1,0.739576
0,1,0.70014447
0,1,0.610838
0,1,0.5064012
0,0,0.4797989
0,0,0.44796664
0,0,0.49993253
0,0,0.4508803
0,0,0.41355893
0,0,0.46568257
0,0,0.026659634
0,0,0.0039286544
0,0,0.0026723854
0,0,0.0043780655
0,0,0.0025909373
0,0,0.0030120956
0,0,0.0039874385
0,0,0.005347333
0,0,0.0056461478
0,0,0.005769971
0,0,0.0070361597
0,0,0.0068949256
0,0,0.0055569164
0,0,0.0043116366
0,0,0.0030830414
0,0,0.0033111917
0,0,0.004156463
0,0,0.0050792294
0,0,0.007828746
0,0,0.012448559
0,0,0.009719908
0,0,0.008354234
0,0,0.0075878557
0,0,0.0054636523
0,0,0.0049774926
0,0,0.0053513614
0,0,0.0047335713
0,0,0.00432399
0,0,0.0037123745
0,0,0.31646928
0,1,0.5412598
0,0,0.49676087
0,0,0.48928222
0,1,0.5545392
0,0,0.49325952
0,0,0.44913474
0,0,0.46161744
0,1,0.5409851
0,1,0.5002733
0,1,0.53126603
1,1,0.68518883
1,1,0.59754413
1,1,0.64116037
1,1,0.7108278
1,1,0.62480295
1,1,0.5625414
1,1,0.572822
1,1,0.5345927
1,0,0.43799368
1,0,0.38000193
1,0,0.47476798
0,0,0.053984206
0,0,0.0073034177
0,0,0.0024046083
0,0,0.0015795294
0,0,0.001523727
0,0,0.0011502057
0,0,0.004139156
0,0,0.0069423784
0,0,0.0078052944
0,0,0.0053051123
0,0,0.0023203152
0,0,0.0046212794
0,0,0.0055968664
0,0,0.025957664
0,1,0.5016309
0,1,0.96606463
0,1,0.99667054
0,1,0.99951637
0,1,0.9994855
0,1,0.99957913
0,1,0.99959964
0,1,0.999739
0,1,0.9997009
0,1,0.99941075
0,1,0.9155711
0,0,0.004550373
0,0,0.005088066
0,0,0.0056255283
0,0,0.006562757
0,0,0.0053037643
0,0,0.0047359937
0,0,0.004815542
0,0,0.004618185
0,0,0.004310941
0,0,0.0040901103
0,0,0.003812654
0,0,0.003972781
0,0,0.00465412
0,0,0.0047146487
0,0,0.004289149
0,0,0.004360454
0,0,0.005130584
0,0,0.0057529025
0,0,0.0043630553
0,0,0.0029723237
0,0,0.0021843202
0,0,0.0023700926
0,0,0.0042906334
0,0,0.0051037194
0,0,0.0045364974
0,0,0.003244224
0,0,0.00258477
0,0,0.0024146368
0,0,0.0032048877
0,0,0.003861362
0,0,0.37920436
0,0,0.23901004
0,0,0.11539734
0,0,0.11473994
0,1,0.5879934
0,0,0.20291032
0,0,0.061995447
0,0,0.022321528
0,0,0.008964219
0,0,0.0064040553
0,0,0.01122364
0,0,0.040259004
0,0,0.089984365
0,0,0.12114031
0,0,0.07765221
0,0,0.027858447
0,0,0.020409983
0,0,0.03641523
0,0,0.031355537
0,0,0.019796241
0,0,0.030151082
0,0,0.020583788
0,0,0.00876442
0,0,0.010879172
0,0,0.013675984
0,0,0.019620059
0,0,0.025152193
0,0,0.024882976
0,0,0.024353933
0,0,0.025795083
0,0,0.024014654
0,0,0.024204014
0,0,0.029296057
0,0,0.024028974
0,0,0.02413542
0,0,0.028834866
0,0,0.03262511
0,0,0.030364476
0,0,0.030179258
0,0,0.03938724
0,0,0.060194433
0,0,0.047829337
0,0,0.048215643
0,0,0.053985965
0,0,0.044698145
0,0,0.05688196
0,1,0.88639987
0,1,0.9536321
0,1,0.9174808
0,1,0.8330001
0,1,0.66623926
0,1,0.67800283
0,1,0.78048724
0,1,0.82911587
0,1,0.75460875
0,1,0.7440072
0,1,0.82031745
0,1,0.837445
0,1,0.8811078
0,1,0.91793746
0,1,0.9243975
0,1,0.67067206
0,1,0.66618425
0,1,0.6918087
0,1,0.6310428
0,1,0.5499373
0,1,0.57325774
0,1,0.6065616
0,1,0.6462208
0,1,0.7449091
0,1,0.8643103
0,1,0.9445037
0,1,0.9777104
0,1,0.95959866
0,1,0.9091615
0,1,0.9197972
0,1,0.92699605
0,1,0.9314209
0,1,0.95584834
0,1,0.959895
0,1,0.94631314
0,1,0.9495164
0,1,0.95181745
0,1,0.9594184
0,1,0.96536016
0,1,0.9254501
0,1,0.7938405
0,1,0.7797526
0,1,0.8056261
0,1,0.7733731
0,1,0.72227836
0,1,0.667439
0,1,0.68207496
0,1,0.55735016
0,0,0.49190217
0,0,0.35647616
0,0,0.323822
0,0,0.3737517
0,0,0.34974536
0,0,0.31920987
0,0,0.31927994
0,0,0.40184718
0,0,0.47898942
0,1,0.66195357
0,1,0.70142925
0,1,0.6450113
0,1,0.60071295
0,1,0.6490514
0,1,0.54969984
0,1,0.542605
0,1,0.5656902
0,1,0.6522539
0,1,0.79758435
0,1,0.8683993
0,1,0.906612
0,1,0.93052465
0,1,0.9356859
0,1,0.95676494
0,1,0.9706829
0,1,0.9672542
0,1,0.9433427
0,1,0.9339923
0,1,0.93469673
0,1,0.5414626
0,0,0.4257205
0,1,0.72862214
0,1,0.8967776
0,1,0.7974926
0,1,0.8159389
0,1,0.6365339
0,1,0.52030915
0,1,0.60639995
0,1,0.79201293
0,1,0.87107164
0,1,0.8078031
0,1,0.64256704
0,1,0.62841034
0,1,0.69349295
0,1,0.5444584
0,0,0.30520654
0,0,0.46358517
0,1,0.73153824
0,1,0.9184828
0,1,0.94906616
0,1,0.9210315
0,1,0.83005065
0,1,0.63713074
0,1,0.73955196
0,1,0.84368914
0,1,0.72355783
0,0,0.4527759
0,0,0.36633626
0,0,0.4983117
0,1,0.5837714
0,1,0.57002574
0,1,0.5964334
0,1,0.55852884
0,0,0.32610238
0,0,0.11833564
0,0,0.12852715
0,0,0.11159058
0,0,0.11794584
0,0,0.16546367
0,0,0.2078523
0,0,0.23061812
0,0,0.23453316
0,0,0.26164216
0,0,0.1922142
0,0,0.14979953
0,0,0.18701176
0,0,0.20763133
0,0,0.18028526
0,0,0.20545167
0,0,0.2916245
0,0,0.3365517
0,0,0.34705794
0,0,0.32942358
0,0,0.33080623
0,0,0.15998803
0,0,0.15707873
0,0,0.16753973
0,0,0.19286375
0,0,0.13626736
0,0,0.13445243
0,0,0.2025748
0,0,0.18983467
0,0,0.13970628
0,0,0.05504033
0,0,0.014419039
1,0,0.08034958
1,1,0.61284614
1,0,0.45816436
1,0,0.19483167
1,0,0.100325055
1,0,0.07527346
1,0,0.09523368
1,0,0.11884576
1,0,0.09122761
1,0,0.042851444
1,0,0.115257986
1,0,0.05876928
1,0,0.15252517
1,0,0.11239388
1,0,0.09117861
1,0,0.10077306
1,0,0.08911354
1,0,0.05996273
1,0,0.075258285
1,0,0.0699744
1,0,0.056740843
1,0,0.059720173
1,0,0.08048103
1,0,0.07045182
1,0,0.05230596
1,0,0.04656838
1,0,0.04976926
1,0,0.06254809
1,0,0.09150063
1,0,0.11952675
1,0,0.11737939
1,0,0.13266636
1,0,0.09283556
1,0,0.0736086
1,0,0.08874579
1,0,0.46496397
1,1,0.506581
1,0,0.33833146
1,0,0.27384263
1,0,0.23075406
1,0,0.27473244
1,0,0.29204363
1,0,0.24890837
1,0,0.20648924
1,0,0.21461512
1,0,0.21506041
1,0,0.24459966
1,0,0.2582549
1,0,0.31463385
1,0,0.26934093
1,0,0.2587581
1,0,0.3820079
1,0,0.36227906
1,0,0.2464161
1,0,0.19762598
1,0,0.16502619
1,0,0.16823713
1,0,0.13820755
1,0,0.12436869
1,0,0.17370147
1,0,0.2778821
1,1,0.5349532
1,1,0.5951368
1,1,0.70445997
1,1,0.6932837
1,1,0.5099764
1,0,0.24823317
1,0,0.21124774
1,0,0.19884013
1,0,0.23182163
1,0,0.36176497
1,0,0.44314346
1,0,0.4205764
1,0,0.4475934
1,0,0.31459168
1,0,0.18450376
1,0,0.15236826
1,0,0.15596706
1,0,0.17851685
1,0,0.2274435
1,0,0.23776187
1,0,0.19104064
1,0,0.17773195
1,0,0.21487044
1,0,0.28684172
1,0,0.27963817
1,0,0.19125332
1,0,0.19205506
1,0,0.18502168
1,0,0.16811804
1,0,0.044043705
1,0,0.014256702
1,0,0.0090494985
1,0,0.015185006
1,0,0.13426676
1,0,0.17052312
1,0,0.19153719
1,0,0.18042329
1,0,0.23667921
1,0,0.24302493
1,0,0.24324684
1,0,0.29336497
1,0,0.21385345
1,0,0.15116799
1,0,0.139889
1,0,0.1687056
1,0,0.17786716
1,0,0.121705025
1,0,0.07094104
1,0,0.064939655
1,0,0.1597371
1,0,0.20950264
1,0,0.14023757
1,0,0.09524609
1,0,0.108142875
1,0,0.09683583
1,0,0.075968996
1,0,0.103773415
1,0,0.08757796
1,0,0.27993888
1,0,0.41389838
1,0,0.3555524
1,0,0.24424036
1,0,0.20946205
1,0,0.21633403
1,0,0.20198977
1,0,0.23061155
1,0,0.2072302
1,0,0.19552492
1,0,0.24557921
1,0,0.4576629
1,1,0.73522866
1,1,0.82216436
1,1,0.64607435
1,1,0.5205122
1,0,0.39815804
1,0,0.2700301
1,0,0.39383665
1,0,0.47117585
1,1,0.5297227
1,1,0.5223876
1,0,0.10410666
1,0,0.019837996
1,0,0.012888682
1,0,0.016251262
1,1,0.56998307
1,0,0.48815766
1,0,0.32596448
1,0,0.27527657
1,0,0.18806605
1,0,0.1543175
1,0,0.2502249
1,0,0.25766054
1,0,0.21363904
1,0,0.19864826
1,0,0.23920393
1,0,0.1999683
1,0,0.21464625
1,0,0.24339056
1,0,0.25065428
1,0,0.19741862
1,0,0.16190462
1,0,0.15184096
1,0,0.18847635
1,0,0.12132636
1,0,0.05992615
1,0,0.060932335
1,0,0.12830397
1,0,0.25346228
1,0,0.2616889
1,0,0.20781809
1,0,0.16097705
1,0,0.11805117
1,0,0.17178364
1,0,0.18900222
1,0,0.22004549
1,0,0.14720067
1,0,0.14077733
1,0,0.13756232
1,0,0.13372251
1,0,0.12796865
1,0,0.16528362
1,0,0.16299038
1,0,0.12050028
1,0,0.103919856
1,0,0.120804854
1,0,0.15030378
1,0,0.16340837
1,0,0.16522472
1,0,0.17098361
1,0,0.1880031
1,0,0.19409221
1,0,0.19197309
1,0,0.18830606
1,0,0.15593484
1,0,0.16871242
0,1,0.923149
0,0,0.07414772
0,0,0.0119158635
0,0,0.003912002
0,0,0.0021870723
0,0,0.0036973767
0,0,0.004770459
0,0,0.0031210913
0,0,0.0022241264
0,0,0.0034290745
0,0,0.0030479985
0,0,0.0028885452
0,0,0.0009802796
0,0,0.0004962639
0,0,0.0004186103
0,0,0.0005013417
0,0,0.00047112073
0,0,0.0004377215
0,0,0.00042949416
0,0,0.00051155087
0,0,0.0006229735
0,0,0.0006182842
0,0,0.00058729824
0,0,0.00076189486
0,0,0.0009326227
0,0,0.0010413958
0,0,0.0014761554
0,0,0.0021637608
0,0,0.0022931376
0,0,0.0020197625
0,0,0.0018606528
0,0,0.0018887024
0,0,0.0019645847
0,0,0.0026866486
0,0,0.0035080446
0,0,0.0040254625
0,0,0.0041057956
0,0,0.003939503
0,0,0.003730808
0,0,0.0034845998
0,0,0.00428603
0,0,0.00647671
0,0,0.008206092
0,0,0.008490966
0,0,0.0070497324
0,0,0.0051030274
1,1,0.80205697
1,1,0.98087764
1,1,0.9839643
1,1,0.9817021
1,1,0.97661895
1,1,0.96496826
1,1,0.96808416
1,1,0.9580007
1,1,0.89014405
1,0,0.48333523
1,0,0.3923005
1,1,0.8956481
1,1,0.9804309
1,1,0.983315
1,1,0.99043745
1,1,0.9583461
1,1,0.929135
1,1,0.9479462
1,1,0.97668004
1,1,0.96582085
1,1,0.93222725
1,1,0.9468957
0,1,0.97411275
0,1,0.9585708
0,1,0.9615667
0,1,0.90337
0,1,0.91993797
0,1,0.95803446
0,1,0.9647785
0,1,0.9605971
0,1,0.9678743
0,1,0.978308
0,1,0.9742051
1,1,0.9706838
1,1,0.96485347
1,1,0.9186705
1,1,0.7146118
1,1,0.535983
1,1,0.83311003
1,1,0.9569678
1,1,0.9773924
1,1,0.9756689
1,1,0.9693849
1,1,0.9687657
1,1,0.9788792
1,1,0.9727164
1,1,0.96035165
1,1,0.9451675
1,1,0.93972725
1,1,0.93111604
1,1,0.9114428
1,1,0.8968602
1,1,0.94095886
1,1,0.96157146
1,1,0.9588819
0,1,0.7700157
0,0,0.2699052
0,0,0.119229786
0,0,0.03661166
0,0,0.006489714
0,0,0.014657139
0,0,0.023243656
0,0,0.021649383
0,0,0.013439758
0,0,0.00827899
0,0,0.0051108096
0,0,0.00380566
0,0,0.0049423706
0,0,0.0075575374
0,0,0.014695279
0,0,0.020772768
0,0,0.022432085
0,0,0.025959719
0,0,0.016731903
0,0,0.011667117
0,0,0.0140077155
0,0,0.010340012
0,0,0.0072036297
0,0,0.007842907
0,0,0.006404907
0,0,0.0077317692
0,0,0.014579647
0,0,0.015213241
0,0,0.014412115
1,1,0.83301336
1,1,0.92290425
1,1,0.90538985
1,1,0.82593477
1,1,0.67757815
1,1,0.71832293
1,1,0.7317865
1,1,0.8891227
1,1,0.9731612
1,1,0.96787137
1,1,0.93312085
1,1,0.96353334
1,1,0.7837935
1,1,0.7287691
1,1,0.77699304
1,1,0.8244702
1,1,0.86453825
1,1,0.8661229
1,1,0.96103114
1,1,0.9883216
1,1,0.99264705
1,1,0.98666734
1,1,0.6649603
1,0,0.05805928
1,0,0.01389152
1,0,0.002062833
1,0,0.0016793085
1,0,0.0020106253
1,0,0.0029616135
1,0,0.004851502
1,0,0.0062401174
1,0,0.006590174
1,0,0.00507031
1,0,0.003956399
1,0,0.0041377703
1,0,0.0038190228
1,0,0.004269132
1,0,0.0048247967
1,0,0.003611537
1,0,0.003114794
1,0,0.0029827198
1,0,0.0024300874
1,0,0.0026644776
1,0,0.002939401
1,0,0.0035247565
1,0,0.0027341247
1,0,0.0017655694
1,0,0.0012461743
1,0,0.0010907322
1,0,0.0011344828
1,0,0.001151957
1,0,0.0015282343
1,0,0.001491754
1,0,0.0012807511
1,0,0.001521045
1,0,0.0016886411
1,0,0.0019821809
1,0,0.0035714002
1,0,0.003896614
1,0,0.0032262332
1,0,0.0027640343
1,0,0.0023338122
1,0,0.0019952708
1,0,0.0023254403
1,0,0.0027671852
1,0,0.002628853
1,0,0.002663631
1,0,0.0029923553
1,0,0.0033443023
1,0,0.003115084
1,0,0.0031632953
1,0,0.0030689193
1,0,0.0028532925
1,0,0.0030943083
1,0,0.003625225
1,0,0.0034930676
1,0,0.0036675085
0,0,0.13334088
0,0,0.12277296
0,0,0.13186514
0,0,0.17224495
0,0,0.26939282
0,0,0.25875452
0,0,0.3271754
0,0,0.40829578
0,0,0.40454155
0,0,0.4060516
0,0,0.439807
0,0,0.42922342
0,0,0.38309556
0,0,0.43299186
0,0,0.36585295
0,0,0.27543095
0,0,0.22955689
0,0,0.24280535
0,0,0.25456852
0,0,0.2468892
0,0,0.23250687
0,0,0.2017561
0,0,0.18549275
0,0,0.19794647
0,0,0.19649595
0,0,0.20094144
0,0,0.20188226
0,0,0.1974787
0,0,0.18561816
0,0,0.1792262
0,0,0.17365047
0,0,0.17105715
0,0,0.17733766
0,0,0.19049744
0,0,0.1984628
0,0,0.20685847
0,0,0.20731285
0,0,0.17918202
0,0,0.1653764
0,0,0.16673473
0,0,0.17028646
0,0,0.17356025
0,0,0.19042921
0,0,0.1891428
0,0,0.18127413
0,0,0.17608626
0,0,0.17151706
0,0,0.15447122
0,0,0.16079237
0,0,0.16750914
0,0,0.16381629
0,0,0.17733456
0,0,0.17588681
0,0,0.17352866
0,0,0.18179435
0,0,0.18656237
0,0,0.20081685
1,0,0.29167256
1,0,0.32641754
1,0,0.33464265
1,0,0.26521796
1,0,0.23020495
1,0,0.2139037
1,0,0.22417489
1,0,0.26958752
1,0,0.38017514
1,0,0.46878383
1,1,0.59128934
1,1,0.5118462
1,0,0.32751656
1,0,0.22257075
1,0,0.19698563
1,0,0.15742885
1,0,0.16542184
1,0,0.1592008
1,0,0.15954834
1,0,0.15505986
1,0,0.14723878
1,0,0.14873046
1,0,0.15343243
1,0,0.16396746
1,0,0.17840664
1,0,0.19117483
1,0,0.19190848
1,0,0.16555454
1,0,0.1654309
1,0,0.18020943
1,0,0.18794633
1,0,0.3050224
1,0,0.46614516
1,0,0.4559508
1,0,0.41223222
1,0,0.4294846
1,0,0.43775675
1,0,0.4343433
1,1,0.60328513
1,1,0.5641579
1,0,0.41668573
1,0,0.34746432
1,0,0.2798151
1,0,0.25734928
0,0,0.25362325
0,0,0.2085727
0,0,0.16494733
0,0,0.15921894
0,0,0.14528967
0,0,0.15030578
0,0,0.1490606
0,0,0.15582508
0,0,0.164104
0,0,0.16500886
0,0,0.1804795
0,0,0.22068922
0,0,0.24587838
0,0,0.26632482
0,0,0.31250736
0,0,0.28207082
0,0,0.24141513
0,0,0.21922582
0,0,0.210654
0,0,0.2047126
0,0,0.19744553
0,0,0.19952337
0,0,0.18836568
0,0,0.17255852
0,0,0.16434798
0,0,0.1737581
0,0,0.17431849
0,0,0.1684396
0,0,0.18213466
1,0,0.20939544
1,0,0.24523133
1,0,0.26928982
1,0,0.29208186
1,0,0.36822176
1,0,0.40368044
1,0,0.4103776
1,1,0.5348036
1,0,0.49353492
1,0,0.44893444
1,1,0.5458421
1,1,0.5559632
1,0,0.49437022
1,1,0.53444713
1,0,0.44524693
1,0,0.31761932
1,0,0.31912857
1,0,0.28866354
1,0,0.23202465
1,0,0.20861565
1,0,0.21293032
1,0,0.19867788
0,0,0.24008387
0,0,0.25529444
0,0,0.25525916
0,0,0.25546345
0,0,0.2687386
0,0,0.21445881
0,0,0.23022561
0,0,0.25647196
0,0,0.28915682
0,0,0.34734246
0,0,0.4370127
0,0,0.4962046
0,0,0.4230105
0,0,0.27696872
0,0,0.2202105
0,0,0.2040818
0,0,0.17126667
0,0,0.16548428
0,0,0.19029818
0,0,0.22517698
0,0,0.24368414
0,0,0.24569634
0,0,0.24194473
0,0,0.23227702
0,0,0.28574508
0,0,0.4405836
0,1,0.6322886
0,1,0.71406794
0,1,0.65662974
0,1,0.51105213
0,0,0.36958778
0,0,0.35436243
0,0,0.45257533
1,0,0.41025585
1,0,0.3263309
1,0,0.2841978
1,0,0.20671344
1,0,0.17787352
1,0,0.17641881
1,0,0.16645284
1,0,0.15703027
1,0,0.16469464
1,0,0.16419065
1,0,0.16164021
1,0,0.16885105
1,0,0.18580577
1,0,0.18580087
1,0,0.18173647
1,0,0.18247986
1,0,0.16908857
1,0,0.15379186
1,0,0.1594136
1,0,0.15872349
1,0,0.17030214
1,0,0.19328988
0,0,0.0716159
0,0,0.04127026
0,0,0.029106721
0,0,0.008971673
0,0,0.0032910472
0,0,0.0022744178
0,0,0.0020677163
0,0,0.0021060812
0,0,0.0022681432
0,0,0.002049684
0,0,0.0019399492
1,0,0.0023529956
1,0,0.0028247046
1,0,0.0054074386
1,0,0.010324591
1,0,0.019416515
1,0,0.029465402
1,0,0.032733522
1,0,0.03434038
1,0,0.03706335
1,0,0.026328057
1,0,0.019813228
1,0,0.02674404
1,0,0.02343474
1,0,0.014198293
1,0,0.011058864
1,0,0.008644987
1,0,0.004997189
1,0,0.0043031047
1,0,0.007883618
1,0,0.008852275
1,0,0.0042907475
1,0,0.0030897642
1,0,0.0025656936
1,0,0.0019082223
1,0,0.002245112
1,0,0.0052800467
1,0,0.012699765
1,0,0.021232978
1,0,0.04211475
1,0,0.031982027
1,0,0.0075422386
1,0,0.0036748198
1,0,0.004382886
1,0,0.0053211823
1,0,0.005067294
1,1,0.52642405
1,1,0.86938673
1,1,0.84064126
1,1,0.7734425
1,1,0.74183244
1,1,0.7355814
1,1,0.70381016
1,1,0.6698014
1,1,0.65569514
1,1,0.7077752
1,1,0.74515104
0,1,0.70334244
0,1,0.7170002
0,1,0.82939243
0,1,0.9348904
0,1,0.9548056
0,1,0.95043015
0,1,0.95135576
0,1,0.9319788
0,1,0.8662311
0,1,0.7563257
0,1,0.7620441
0,1,0.6010453
0,0,0.477237
0,1,0.52935565
0,1,0.57207686
0,1,0.52174896
0,1,0.7515132
0,1,0.6367466
0,0,0.42572623
0,0,0.3166386
0,0,0.24953395
0,0,0.45991936
1,1,0.5394199
1,1,0.56376433
1,1,0.7244022
1,1,0.91705644
1,1,0.9573807
1,1,0.9683698
1,1,0.96210337
1,1,0.94403297
1,1,0.9275152
1,1,0.91902465
1,1,0.92530054
1,1,0.9524
1,1,0.95249045
1,1,0.9033959
1,1,0.7693826
1,1,0.5977699
1,1,0.6312664
1,1,0.57197267
1,0,0.44809535
1,0,0.39488256
1,0,0.3629369
1,0,0.42176548
0,0,0.043170992
0,0,0.005637571
0,0,0.0030640021
0,0,0.015045519
0,0,0.008905508
0,0,0.007391138
0,0,0.013451676
0,0,0.025150793
0,0,0.025999045
0,0,0.022900242
0,0,0.05917477
0,0,0.12065862
0,0,0.014060018
0,0,0.002164356
0,0,0.0026996082
0,0,0.0098294895
0,0,0.009183873
0,0,0.006727914
0,0,0.0056928606
0,0,0.0009515333
0,0,0.0007294637
0,0,0.00072454504
0,0,0.0008528186
0,0,0.0010335245
0,0,0.0017285213
0,0,0.0020779711
0,0,0.0009838182
0,0,0.00063337915
0,0,0.0006402416
1,0,0.04654219
1,1,0.76220214
1,1,0.8792344
1,1,0.8891479
1,1,0.7950965
1,1,0.72466344
1,1,0.7326705
1,1,0.73980504
1,1,0.76533306
1,1,0.8015412
1,1,0.8788134
1,1,0.91541964
1,1,0.94515
1,1,0.9584455
1,1,0.9633636
1,1,0.95444703
1,1,0.9231476
1,1,0.89981616
1,1,0.85751253
1,1,0.8018319
1,1,0.78391546
1,1,0.74520385
0,0,0.05602554
0,0,0.00544218
0,0,0.0025425982
0,0,0.003951344
0,0,0.0031888084
0,0,0.0040028095
0,0,0.004628066
0,0,0.0049558687
0,0,0.005059742
0,0,0.0050179134
0,0,0.00557053
0,0,0.0054812315
0,0,0.004913198
0,0,0.005610728
0,0,0.0077433414
0,0,0.009966721
0,0,0.012477961
0,0,0.01230431
0,0,0.007346487
0,0,0.0050812997
0,0,0.0055948333
0,0,0.00629376
0,0,0.008019819
0,0,0.02269212
0,0,0.05404775
0,0,0.044545714
0,0,0.037758403
0,0,0.025495708
0,0,0.0139246145
0,0,0.011816835
0,0,0.009136586
0,0,0.0058017233
0,0,0.0043651187
0,0,0.006473771
0,0,0.009301809
0,0,0.014249896
0,0,0.015463152
0,0,0.019014856
0,0,0.056371387
0,0,0.06303324
0,0,0.10986697
0,0,0.38528904
0,1,0.55919164
0,0,0.14135168
0,0,0.007082606
0,0,0.008589797
0,0,0.011232544
0,0,0.016014045
0,0,0.015246023
0,0,0.015733453
0,0,0.030215671
0,0,0.086815566
0,0,0.26603895
0,0,0.1257713
0,0,0.04447725
0,0,0.09655818
0,0,0.048180662
0,0,0.017648894
0,0,0.003903186
0,0,0.0008863477
0,0,0.00075511273
0,0,0.00075170025
0,0,0.0007797866
0,0,0.00073766574
0,0,0.0007271857
0,0,0.0008473049
0,0,0.0010692303
0,0,0.00089046813
0,0,0.00077452406
0,0,0.0009828161
0,0,0.003300944
0,0,0.0011311786
0,0,0.0012211499
0,0,0.0012977861
0,0,0.0011863287
0,0,0.0008956208
0,0,0.0008335877
0,0,0.00096100324
0,0,0.0006261148
0,0,0.00047576975
0,0,0.0005339009
0,0,0.0006201492
0,0,0.0010283205
0,0,0.0014171434
0,0,0.0021320141
0,0,0.0039430424
0,0,0.0063839974
0,0,0.0013598502
0,0,0.00097416353
0,0,0.00077475735
0,0,0.0006497759
0,0,0.00061315275
0,0,0.0007193633
0,0,0.00077204115
0,0,0.0007640866
0,0,0.0008814
0,0,0.0009165102
0,0,0.00081533304
0,0,0.0010101964
0,0,0.0024930467
0,0,0.0042548515
1,1,0.5683567
1,1,0.8103982
1,1,0.9328854
1,1,0.9791006
1,1,0.9943176
1,1,0.9529918
1,1,0.56816095
1,1,0.574549
1,1,0.68585855
1,1,0.80097127
1,1,0.7723032
1,1,0.96894574
1,1,0.98315823
1,1,0.98951095
1,1,0.990006
1,1,0.8083716
1,0,0.41886634
1,0,0.20431946
1,0,0.15844071
1,0,0.1646205
1,0,0.17155325
1,0,0.14493194
1,0,0.18119526
1,0,0.18189654
1,0,0.34240764
1,0,0.27294126
1,0,0.25677526
1,1,0.5089824
1,1,0.7708206
1,1,0.6340792
1,1,0.9082844
1,1,0.92679286
1,1,0.7624825
1,1,0.9151667
1,1,0.962895
1,1,0.5201741
1,0,0.44624546
1,1,0.526969
1,1,0.51766807
1,0,0.4713154
1,0,0.4064007
1,0,0.3661594
1,0,0.3448226
1,0,0.31623903
1,0,0.4331897
1,0,0.452115
1,0,0.4667973
1,0,0.44976613
1,0,0.35533
1,0,0.2501535
1,0,0.19519891
1,0,0.14568637
1,0,0.090333134
1,0,0.1142192
1,0,0.1328243
0,0,0.023881678
0,0,0.004435681
0,0,0.0013175494
0,0,0.0009305062
0,0,0.0009338378
0,0,0.001072834
0,0,0.0011144478
0,0,0.0012590602
0,0,0.0016095726
0,0,0.0019878026
0,0,0.0026472341
0,0,0.0028699164
0,0,0.001957317
0,0,0.0012479537
0,0,0.0018320979
0,0,0.003528728
0,0,0.0035961457
0,0,0.002698099
0,0,0.0015791001
0,0,0.0009811028
0,0,0.00085624
0,0,0.0010434741
0,0,0.0012937123
0,0,0.0015010794
0,0,0.0018401021
0,0,0.001797272
0,0,0.0019674553
0,0,0.0019377882
0,0,0.001166943
0,0,0.12860991
0,1,0.55552554
0,1,0.53321385
0,1,0.72329533
0,1,0.7058702
0,1,0.5327422
0,0,0.47369927
0,0,0.46555763
0,0,0.26211062
0,0,0.34488654
0,0,0.29118517
1,0,0.31415135
1,0,0.19216715
1,0,0.123060204
1,0,0.14484155
1,0,0.2260297
1,0,0.19898136
1,0,0.16232689
1,0,0.16871786
1,0,0.17771575
1,0,0.30576274
1,0,0.49442494
0,0,0.06519966
0,0,0.011700937
0,0,0.0051222807
0,0,0.0006126848
0,0,0.00046183012
0,0,0.00042330814
0,0,0.0004903379
0,0,0.00051376154
0,0,0.0004552536
0,0,0.000526229
0,0,0.0007422911
0,0,0.00080205576
0,0,0.00072806876
0,0,0.0006020215
0,0,0.0005429234
0,0,0.0005188902
0,0,0.0004347082
0,0,0.0004809583
0,0,0.00071851374
0,0,0.000720621
0,0,0.0005730077
0,0,0.0004627348
0,0,0.0004091501
0,0,0.00048561202
0,0,0.000553107
0,0,0.0005330604
0,0,0.0007283523
0,0,0.0025667972
0,0,0.002107238
0,0,0.0023483478
0,0,0.0013513023
0,0,0.006517252
0,0,0.0060873786
0,0,0.00095599657
0,0,0.00026866596
0,0,0.00011949883
0,0,0.0002884774
0,0,0.00047152082
0,0,0.0004813684
0,0,0.00037557477
0,0,0.0004220067
0,0,0.00045868228
0,0,0.0004577174
0,0,0.0005107971
0,0,0.00057969155
0,0,0.0005936439
0,0,0.000559819
0,0,0.00048267926
0,0,0.00037880684
0,0,0.00036609534
0,0,0.0005063118
0,0,0.0006143665
0,0,0.0006860819
0,0,0.0007783308
0,0,0.0008348392
0,0,0.4940196
0,0,0.14717068
0,0,0.023966162
0,0,0.017314263
0,0,0.13095401
0,0,0.06299583
0,0,0.060469005
0,0,0.044867173
0,0,0.0426974
0,0,0.055907596
0,0,0.09351498
0,0,0.06576641
0,0,0.030127713
0,0,0.016111052
0,0,0.005764224
0,0,0.003565169
0,0,0.0025817207
0,0,0.0022543215
0,0,0.0019760532
0,0,0.002245378
0,0,0.0017532218
0,0,0.0013791319
0,0,0.0012051826
0,0,0.0015194354
0,0,0.0018637832
0,0,0.0015914093
0,0,0.0011970721
0,0,0.0010606666
0,0,0.0011689032
0,0,0.0015457401
0,0,0.0017098043
0,0,0.0014480753
0,0,0.0014861893
0,0,0.0017965423
0,0,0.0017134317
0,0,0.0016343987
0,0,0.0016159036
0,0,0.0021106056
0,0,0.0027950387
0,0,0.0025029466
0,0,0.0020930455
0,0,0.0017352221
0,0,0.0012579544
0,0,0.0009154629
0,0,0.0010811053
0,0,0.0012552119
0,0,0.29305726
0,1,0.88441896
0,1,0.9247413
0,1,0.9526945
0,1,0.96554357
0,1,0.9350047
0,1,0.91352355
0,1,0.88829494
0,1,0.85967517
0,1,0.8101186
0,1,0.75992405
0,1,0.9371318
0,1,0.97691184
0,1,0.98585016
0,1,0.98265946
0,1,0.97787035
0,1,0.948926
0,1,0.8907088
0,1,0.8460362
0,1,0.87180346
0,1,0.9075324
0,1,0.9073667
0,1,0.84838915
0,1,0.8555137
0,1,0.8795445
0,1,0.897142
0,1,0.9164317
0,1,0.89788115
0,1,0.83273464
0,1,0.8214012
0,1,0.8582297
0,1,0.81695825
0,1,0.74823505
0,1,0.8008394
0,1,0.8460619
0,1,0.86331594
0,1,0.9124725
0,1,0.9360495
0,1,0.92359203
0,1,0.9113937
0,1,0.89362204
0,1,0.8383729
0,1,0.7767746
0,1,0.7404332
0,1,0.8419728
0,1,0.8618144
0,1,0.8846146
0,1,0.92446303
0,1,0.9384804
0,1,0.92761356
0,1,0.90799904
0,1,0.86068946
0,1,0.7181194
0,1,0.71875095
0,1,0.80127895
0,0,0.28517357
0,0,0.05758773
0,0,0.01504756
0,0,0.0060700118
0,0,0.07605119
0,0,0.03232362
0,0,0.008880732
0,0,0.0049833176
0,0,0.0029108578
0,0,0.0028271985
0,0,0.0048245434
0,0,0.0077116634
0,0,0.019072529
0,0,0.022908008
0,0,0.020688502
0,0,0.012363378
0,0,0.012113166
0,0,0.0268497
0,0,0.0298486
0,0,0.015138831
0,0,0.008160964
0,0,0.005471822
0,0,0.006265474
0,0,0.005110955
0,0,0.0038596673
0,0,0.0057449955
0,0,0.009240435
0,0,0.016222518
0,0,0.014762559
0,0,0.2988152
0,1,0.76297075
0,1,0.8762439
0,1,0.9081025
0,1,0.9259871
0,1,0.91676533
0,1,0.8939021
0,1,0.87897915
0,1,0.79972225
0,1,0.69632274
0,1,0.77446485
0,1,0.88426006
0,1,0.92341584
0,1,0.93846077
0,1,0.96456385
0,1,0.97447795
0,1,0.96975046
0,1,0.96509916
0,1,0.962845
0,1,0.95871645
0,1,0.9434469
0,1,0.937051
0,0,0.22757709
0,0,0.015088826
0,0,0.0038838084
0,0,0.0023532005
0,0,0.015092334
0,0,0.03165219
0,0,0.030861717
0,0,0.028212378
0,0,0.01946462
0,0,0.0129259
0,0,0.015661562
0,0,0.020809084
0,0,0.0157918
0,0,0.008535892
0,0,0.0049138856
0,0,0.002719795
0,0,0.0023946543
0,0,0.0037348683
0,0,0.0063236523
0,0,0.010209589
0,0,0.012857355
0,0,0.008133137
0,0,0.0057550548
0,0,0.0055876966
0,0,0.01042825
0,0,0.012951104
0,0,0.013251273
0,0,0.021059915
0,0,0.010639047
0,0,0.0069186045
0,0,0.01619319
0,0,0.1963136
0,0,0.16599396
0,0,0.124575965
0,0,0.11554796
0,0,0.09819173
0,0,0.028666038
0,0,0.009756077
0,0,0.015196968
0,0,0.031895474
0,0,0.04765762
0,0,0.04270702
0,0,0.029179258
0,0,0.01804997
0,0,0.02069886
0,0,0.020912042
0,0,0.012521705
0,0,0.008494114
0,0,0.006411487
0,0,0.0061268304
0,0,0.0056038583
0,0,0.0062185135
0,0,0.006413875
0,0,0.00808371
0,0,0.011764791
0,0,0.014937787
0,0,0.0073773745
0,0,0.0061151977
0,0,0.010069713
0,0,0.029045634
0,0,0.058113374
0,0,0.07339133
0,0,0.08355235
0,0,0.09727506
0,0,0.17520912
0,0,0.28785557
0,0,0.3110505
0,0,0.2465007
0,0,0.066225864
0,0,0.010665168
0,0,0.0030762032
0,0,0.0015182566
0,0,0.0014035634
0,0,0.0019262113
0,0,0.002631958
0,0,0.003999556
0,0,0.0046045687
0,0,0.003324884
0,0,0.0029297823
0,0,0.0030636673
0,0,0.0032713371
0,0,0.004356812
0,0,0.0035054814
0,0,0.003088269
0,0,0.002689401
0,0,0.0037139407
0,0,0.0060327905
0,0,0.007832309
0,0,0.01032981
0,0,0.007866288
0,0,0.006397977
0,0,0.0070874896
0,0,0.005491667
0,0,0.005401584
0,0,0.007846866
0,0,0.011767401
0,0,0.0099576535
0,0,0.0077004074
0,0,0.0095564565
0,0,0.005675726
0,0,0.006381233
1,0,0.31916898
1,1,0.86101204
1,1,0.83528775
1,1,0.79747504
1,1,0.7536067
1,1,0.6400644
1,1,0.5529125
1,0,0.49546257
1,1,0.5913086
1,1,0.5941526
1,1,0.59496796
1,1,0.6118583
1,1,0.6496428
1,1,0.7151588
1,1,0.718203
1,1,0.7680784
1,1,0.7365951
1,1,0.6699762
1,1,0.70345676
1,1,0.6688175
1,1,0.6182403
1,1,0.67227036
1,1,0.7135885
1,1,0.7435654
1,1,0.78270346
1,1,0.72331256
1,1,0.6571369
1,1,0.6688899
1,1,0.70588064
1,1,0.70508176
1,1,0.6511682
1,1,0.65254587
1,1,0.7232762
0,1,0.7957564
0,1,0.81390977
0,1,0.70853555
0,1,0.5513388
0,1,0.60630655
0,1,0.5323255
0,1,0.5400908
0,1,0.6220867
0,1,0.5888963
0,0,0.47553086
0,0,0.44760823
0,1,0.5184276
0,1,0.55041546
0,1,0.54655975
0,1,0.61522585
0,1,0.69894034
0,1,0.70196414
0,1,0.69861144
0,1,0.6684418
0,1,0.6279222
0,1,0.5212344
0,0,0.42399174
0,0,0.15995622
0,0,0.061166417
0,0,0.026937965
0,0,0.026487589
0,0,0.098904185
0,0,0.07322095
0,0,0.051368278
0,0,0.042289678
0,0,0.033427544
0,0,0.03234993
0,0,0.033826888
0,0,0.03428094
0,0,0.03970402
0,0,0.05500241
0,0,0.076542996
0,0,0.09076583
0,0,0.090643905
0,0,0.12452598
0,0,0.17412774
0,0,0.14129625
0,0,0.09538823
0,0,0.068477154
0,0,0.041018162
0,0,0.0258662
0,0,0.027694162
0,0,0.028890338
0,0,0.03280092
0,0,0.08924106
0,0,0.20134795
1,1,0.7549974
1,1,0.8490688
1,1,0.85017896
1,1,0.81190705
1,1,0.7936301
1,1,0.7049378
1,1,0.5904592
1,1,0.57876664
1,1,0.67290986
1,1,0.66094965
1,1,0.6968842
1,1,0.7903161
1,1,0.66384697
1,1,0.57201815
1,1,0.5730368
1,0,0.47558194
1,1,0.57293403
1,1,0.630336
1,1,0.6545945
1,1,0.7489955
1,1,0.7745612
1,1,0.7134805
0,0,0.28295392
0,0,0.10915741
0,0,0.05500469
0,0,0.031349108
0,0,0.025146151
0,0,0.026517436
0,0,0.030336538
0,0,0.0411053
0,0,0.037160024
0,0,0.029489437
0,0,0.034698434
0,0,0.05645467
0,0,0.060950562
0,0,0.04782167
0,0,0.03183886
0,0,0.021071313
0,0,0.01985357
0,0,0.0147764925
0,0,0.01426932
0,0,0.012842536
0,0,0.01460352
0,0,0.017481165
0,0,0.022230078
0,0,0.035873074
0,0,0.07521671
0,0,0.09323775
0,0,0.07983116
0,0,0.07728798
0,0,0.02302244
0,0,0.0100003155
0,0,0.009059278
0,0,0.006887622
0,0,0.00908705
0,0,0.011590919
0,0,0.013116345
0,0,0.014857479
0,0,0.027202412
0,0,0.06101656
0,0,0.04095237
0,0,0.03213898
0,0,0.030101959
0,0,0.029223625
0,0,0.057229508
0,0,0.09846892
0,0,0.095102385
0,0,0.05749921
0,0,0.02429158
0,0,0.015922872
0,0,0.014208567
0,0,0.022792406
0,0,0.021021845
0,0,0.011764736
0,0,0.018398708
0,0,0.03718059
0,0,0.080221966
0,0,0.20937994
0,0,0.13356802
0,0,0.1467735
0,0,0.30153593
0,0,0.47908446
0,1,0.7176644
0,1,0.7698858
0,1,0.7642141
0,1,0.6618862
0,1,0.5779441
0,1,0.5266416
0,1,0.54713947
0,1,0.5052519
0,1,0.5028072
0,1,0.50381994
0,1,0.5890551
0,1,0.5504609
0,0,0.42311403
0,0,0.380644
0,0,0.3568861
0,0,0.4197689
0,1,0.5815935
0,1,0.62484145
0,1,0.5251454
0,0,0.33678076
0,0,0.23304525
0,0,0.28008175
0,0,0.37883624
0,0,0.38806847
0,0,0.32567465
0,0,0.30455685
0,0,0.3667582
0,0,0.44971734
0,1,0.5541041
0,1,0.5524251
0,0,0.4536787
0,0,0.45039794
0,0,0.44034663
0,0,0.44118384
0,1,0.5092187
0,0,0.4993773
0,1,0.5979326
0,1,0.63648593
0,1,0.6198809
0,1,0.5978282
0,1,0.5036338
1,1,0.9661254
1,1,0.9921928
1,1,0.98697853
1,1,0.96387887
1,1,0.9195262
1,1,0.8974089
1,1,0.87651503
1,1,0.8663932
1,1,0.8890976
1,1,0.9138805
1,1,0.9066723
1,1,0.8902518
1,1,0.89353484
1,1,0.8924589
1,1,0.8876415
1,1,0.87623936
1,1,0.8650172
1,1,0.83109075
1,1,0.7892903
1,1,0.81575644
1,1,0.87594515
1,1,0.90733147
1,1,0.93056315
1,1,0.91016436
1,1,0.8977687
1,1,0.8863394
1,1,0.8288086
1,1,0.8298153
1,1,0.7408501
1,1,0.76438457
1,1,0.8153418
1,1,0.8354224
1,1,0.85920715
0,1,0.88092846
0,1,0.864754
0,1,0.77619463
0,1,0.8327229
0,1,0.86054534
0,1,0.78170824
0,1,0.7402832
0,1,0.73101187
0,1,0.7829657
0,1,0.79034925
0,1,0.79667073
0,1,0.8188894
0,1,0.79227257
0,1,0.7669165
0,1,0.7562571
0,1,0.76291174
0,1,0.7951822
0,1,0.7630989
0,1,0.67494714
0,1,0.575608
0,1,0.52187824
0,0,0.47643927
0,0,0.12863675
0,0,0.04001102
0,0,0.03069768
0,0,0.1241207
0,0,0.48656094
0,0,0.3695863
0,0,0.38636932
0,0,0.37683704
0,0,0.27354297
0,0,0.12596266
0,0,0.0681149
0,0,0.09154704
0,0,0.17797723
0,0,0.31949586
0,0,0.3629731
0,0,0.28301486
0,0,0.18388148
0,0,0.17546174
0,0,0.3086982
0,0,0.48675683
0,1,0.6781345
0,1,0.7643965
0,1,0.76070064
0,1,0.5039895
0,0,0.18800704
0,0,0.0976148
0,0,0.12735437
0,0,0.40686795
0,1,0.54601866
1,1,0.9501728
1,1,0.9786742
1,1,0.97129
1,1,0.9344985
1,1,0.91267407
1,1,0.94751894
1,1,0.93240905
1,1,0.92394036
1,1,0.94141275
1,1,0.9064536
1,1,0.8949824
1,1,0.868866
1,1,0.8094086
1,1,0.81633955
1,1,0.8458253
1,1,0.93699676
1,1,0.9565232
1,1,0.9716988
1,1,0.9619521
1,1,0.92942363
1,1,0.88483
1,1,0.9247828
0,1,0.7521175
0,1,0.5157918
0,0,0.30064255
0,0,0.18454824
0,1,0.64454764
0,1,0.7313553
0,1,0.79910934
0,1,0.6698038
0,1,0.5060181
0,1,0.53013307
0,1,0.57742804
0,1,0.7850797
0,1,0.8506794
0,1,0.7571078
0,1,0.7468656
0,1,0.79094326
0,1,0.84549624
0,1,0.8141818
0,1,0.792407
0,1,0.7923789
0,1,0.72782534
0,1,0.6253366
0,1,0.52369934
0,1,0.5237652
0,1,0.711372
0,1,0.81563735
0,1,0.879194
0,1,0.8625814
0,1,0.8219904
0,1,0.85569334
0,1,0.8881865
0,1,0.8624799
0,1,0.87603456
0,1,0.8584588
0,1,0.7837489
0,1,0.7235063
0,1,0.7339486
0,1,0.6265483
0,1,0.5623965
0,0,0.4883305
0,0,0.3170692
0,0,0.29353833
0,0,0.482088
0,0,0.4852927
0,0,0.4210585
0,0,0.35387728
0,0,0.35744604
0,0,0.41513166
0,0,0.48698044
0,0,0.47610587
0,0,0.4943855
0,1,0.54228
0,1,0.59492373
0,1,0.5870699
0,1,0.55059254
0,1,0.9239408
0,1,0.875909
0,1,0.79779315
0,0,0.49982688
0,0,0.2663627
0,0,0.24424247
0,0,0.19407962
0,0,0.242749
0,0,0.23933105
0,0,0.20445803
0,0,0.20745216
0,0,0.30916625
0,0,0.44266143
0,1,0.592444
0,1,0.7063795
0,1,0.79905415
0,1,0.86523813
0,1,0.8808411
0,1,0.89719075
0,1,0.8859604
0,1,0.85878783
0,1,0.8626657
0,1,0.8797531
0,1,0.9009552
0,1,0.89055854
0,1,0.87037057
0,1,0.8248605
0,1,0.7802014
0,1,0.8824409
0,1,0.8464681
0,1,0.7959049
0,1,0.7557764
0,1,0.69893265
0,1,0.64431846
0,1,0.7614571
0,1,0.86567134
0,1,0.90884405
0,1,0.9237462
0,1,0.9039974
0,1,0.8776038
0,1,0.84945107
0,1,0.814984
0,1,0.8501029
0,1,0.91654694
0,1,0.89254326
0,1,0.8491932
1,1,0.9899066
1,1,0.9966974
1,1,0.99183273
1,1,0.9250718
1,1,0.5268605
1,0,0.46038425
1,1,0.5347726
1,0,0.4778119
1,0,0.49167976
1,0,0.4446321
1,0,0.41711026
1,1,0.7284502
1,1,0.8431636
1,1,0.84957093
1,1,0.8831893
1,1,0.8716664
1,1,0.8287255
1,1,0.9005856
1,1,0.88677603
1,1,0.8773687
1,1,0.90620655
1,1,0.89760715
1,1,0.93400395
1,1,0.91748804
1,1,0.81681263
1,1,0.7341319
1,1,0.822587
1,1,0.90164846
1,1,0.9595139
1,1,0.9677048
1,1,0.9565629
1,1,0.9220868
1,1,0.90813804
1,1,0.8923114
1,1,0.8975885
1,1,0.86725044
1,1,0.87852496
1,1,0.93317586
1,1,0.925388
1,1,0.94596374
1,1,0.9501984
1,1,0.9485576
1,1,0.95044786
1,1,0.9417964
0,1,0.96774954
0,1,0.9486788
0,1,0.8945967
0,1,0.8051953
0,1,0.8360767
0,1,0.92116666
0,1,0.95137036
0,1,0.90840197
0,1,0.78302294
0,1,0.60437596
0,1,0.62365395
0,0,0.44938752
0,0,0.3524721
0,0,0.26538676
0,0,0.29602978
0,0,0.49427143
0,1,0.60450345
0,1,0.6114003
0,1,0.56462836
0,1,0.57448936
0,1,0.5406204
0,0,0.48848316
0,0,0.47286737
0,0,0.4760819
0,0,0.47764656
0,0,0.4588553
0,0,0.4521117
0,0,0.4999335
0,1,0.51329195
0,1,0.5005246
0,0,0.483671
0,1,0.54033506
0,1,0.59453255
0,1,0.6419431
0,1,0.7069749
0,1,0.73998475
0,1,0.77020943
0,1,0.73520446
0,1,0.5502049
0,0,0.41687113
1,1,0.9338946
1,1,0.9829254
1,1,0.9827681
1,1,0.9604408
1,1,0.9027679
1,1,0.86400115
1,1,0.8164386
1,1,0.8059314
1,1,0.7869972
1,1,0.7575234
1,1,0.7592066
1,1,0.7675691
1,1,0.80438
1,1,0.90790814
1,1,0.9536677
1,1,0.978558
1,1,0.9540267
1,1,0.8859312
1,1,0.87235224
1,1,0.9211018
1,1,0.93655795
1,1,0.9361962
1,0,0.40922013
1,0,0.12919869
1,0,0.15772112
1,0,0.32490775
1,1,0.7629572
1,1,0.73727274
1,1,0.66682446
1,1,0.5412332
1,0,0.49196506
1,0,0.46829623
1,0,0.477686
1,0,0.45961383
1,0,0.48203963
1,1,0.58141345
1,1,0.6910294
1,1,0.6585532
1,1,0.6399871
1,1,0.55625
1,0,0.45075914
1,1,0.66611737
1,1,0.72805643
1,1,0.73272455
1,1,0.7106021
1,1,0.7729682
1,1,0.80486214
1,1,0.73565894
1,1,0.64865535
1,1,0.5956362
1,0,0.49918637
1,0,0.46098825
1,0,0.47889325
1,0,0.47090605
1,0,0.43321204
1,0,0.46399447
1,0,0.43883276
1,0,0.47534534
1,1,0.57143253
1,1,0.6236302
1,1,0.6375508
1,1,0.6398846
1,1,0.6193507
1,1,0.5335307
1,0,0.46428716
1,0,0.45194936
1,0,0.491192
1,0,0.41778034
1,0,0.32314283
1,0,0.30515528
1,0,0.35162106
1,0,0.45194107
1,1,0.57624125
1,1,0.64061695
1,1,0.5490663
1,0,0.47540972
1,1,0.5288737
0,0,0.0026912817
0,0,0.0019410887
0,0,0.0028668426
0,0,0.00915875
0,0,0.041126445
0,0,0.21552697
0,1,0.6749917
0,1,0.60796255
0,1,0.5723501
0,0,0.4665619
0,0,0.4721796
1,1,0.9016519
1,1,0.994115
1,1,0.98177123
1,1,0.99644667
1,1,0.9955629
1,1,0.9440669
1,1,0.7409471
1,1,0.89042
1,1,0.91511095
1,1,0.9418326
1,1,0.9457632
1,1,0.9494529
1,1,0.9377226
1,1,0.89590573
1,1,0.6924385
1,0,0.34039804
1,0,0.36306858
1,1,0.62250865
1,1,0.7892909
1,1,0.77609825
1,1,0.8467076
1,1,0.8915602
1,1,0.78929156
1,1,0.67221206
1,1,0.7283259
1,1,0.7117529
1,1,0.70336723
1,1,0.69465655
1,1,0.66380507
1,1,0.7782878
1,1,0.87614423
1,1,0.69497675
1,0,0.33799988
1,0,0.19912803
1,0,0.10049374
1,1,0.8885298
1,1,0.9983846
1,1,0.99947125
1,1,0.9991955
1,1,0.9991179
1,1,0.99924964
1,1,0.999419
1,1,0.9996824
1,1,0.9987502
1,1,0.99023145
1,1,0.98575264
1,1,0.9800591
1,1,0.9947153
1,1,0.9997149
1,1,0.9998567
1,1,0.9995396
1,1,0.99801135
1,1,0.9974503
1,1,0.99806935
1,1,0.9975908
1,1,0.99761033
1,1,0.99892515
1,1,0.9996513
1,1,0.999739
1,1,0.99963224
1,1,0.99877363
1,1,0.9971059
1,1,0.99907255
1,1,0.99932885
1,1,0.9995801
1,1,0.99961084
1,1,0.9987783
1,1,0.9959448
1,1,0.994514
1,1,0.995827
1,1,0.9990759
1,1,0.9993717
1,1,0.99670935
1,1,0.99832815
1,1,0.9977435
1,1,0.99464524
1,1,0.9922769
1,1,0.9915792
1,1,0.98876303
1,1,0.9958527
1,1,0.997757
1,1,0.9984427
1,1,0.9964014
1,1,0.9984112
1,1,0.9997168
1,1,0.99975914
1,1,0.9993749
1,1,0.99960905
1,1,0.99838054
1,1,0.98060703
1,1,0.7406767
1,0,0.42846322
1,0,0.3837676
1,1,0.7905015
1,1,0.62213343
1,1,0.5603018
1,1,0.58104044
1,1,0.6764702
1,1,0.7158144
1,1,0.77559173
1,1,0.7902412
1,1,0.7388399
1,1,0.7911747
1,1,0.8301009
1,1,0.8153918
1,1,0.78939503
1,1,0.7900109
1,1,0.78692114
1,1,0.72109866
1,1,0.7614662
1,1,0.71813023
1,1,0.62544805
1,1,0.6430416
1,1,0.53587925
1,0,0.48114187
1,1,0.5088992
1,1,0.5558212
1,1,0.55438876
1,1,0.5783854
1,1,0.9970493
1,1,0.9994209
1,1,0.99919885
1,1,0.9984738
1,1,0.9956049
1,1,0.99469334
1,1,0.99783415
1,1,0.99927205
1,1,0.9996137
1,1,0.9998745
1,1,0.9997733
1,1,0.99928576
1,1,0.999561
1,1,0.9997907
1,1,0.9999033
1,1,0.99973303
1,1,0.99917114
1,1,0.99838877
1,1,0.9986777
1,1,0.9990916
1,1,0.9994049
1,1,0.999408
1,1,0.9828225
1,1,0.83467233
1,1,0.5788101
1,0,0.34359413
1,0,0.3827043
1,0,0.39560768
1,0,0.3938169
1,0,0.39974317
1,0,0.41170588
1,0,0.4534063
1,0,0.42796093
1,0,0.37546733
1,0,0.41118932
1,0,0.47175702
1,1,0.5378276
1,1,0.6092101
1,0,0.4861474
1,0,0.39695036
1,1,0.53815275
1,1,0.66166735
1,1,0.6452055
1,1,0.6616143
1,0,0.4500119
1,0,0.15220244
1,0,0.09098151
1,0,0.0802225
1,0,0.21070771
1,0,0.24131283
1,1,0.56426567
1,1,0.64043283
1,1,0.5245567
1,0,0.37720123
1,0,0.2942122
0,0,0.293467
0,0,0.25216424
0,1,0.6196777
0,1,0.53395
0,0,0.42448726
0,1,0.50861716
0,1,0.5934409
0,1,0.59979725
0,1,0.62597674
0,1,0.70820194
0,1,0.71813357
0,1,0.61846066
0,1,0.50091606
0,1,0.5355478
0,0,0.45070824
0,0,0.29640582
0,0,0.23880394
0,0,0.21783732
0,0,0.19432157
0,0,0.12489875
0,0,0.10769965
0,0,0.073216535
0,1,0.68357664
0,0,0.2127508
0,0,0.11761311
0,0,0.14615639
0,0,0.20656264
0,0,0.37489104
0,0,0.41034362
0,0,0.4199939
0,0,0.39533418
0,0,0.4378664
0,0,0.4603108
0,0,0.46635646
0,0,0.44809446
0,0,0.42156175
0,0,0.42653066
0,0,0.40901986
0,0,0.41394883
0,0,0.38428804
0,0,0.36806983
0,0,0.39828643
0,0,0.42622852
0,0,0.42326298
0,0,0.45858875
0,0,0.4821894
0,0,0.472016
0,0,0.44264153
0,0,0.42411885
0,0,0.4102544
0,0,0.41646233
0,0,0.4291541
0,0,0.4277557
0,0,0.43142626
0,0,0.43696186
0,0,0.4425853
0,0,0.42231274
0,0,0.47169513
0,0,0.49225998
0,1,0.5055423
0,1,0.50351506
0,1,0.5033036
0,0,0.4967215
0,0,0.4721059
0,0,0.46112972
0,0,0.47409058
0,0,0.46700063
0,0,0.4935955
1,1,0.5632725
1,1,0.61708504
1,1,0.623532
1,1,0.6416623
1,1,0.6730608
1,1,0.75383526
1,1,0.8690207
1,1,0.95582306
1,1,0.98133874
1,1,0.98929197
1,1,0.9907505
1,1,0.97857547
1,1,0.92807823
1,1,0.8355613
1,1,0.73843855
1,1,0.6299055
1,1,0.66350454
1,1,0.6867608
1,1,0.6809939
1,1,0.6697024
1,1,0.6736912
1,1,0.6513601
0,1,0.61644083
0,1,0.60848695
0,1,0.57690126
0,1,0.51897013
0,0,0.46994376
0,0,0.47339582
0,1,0.5188648
0,1,0.5319446
0,1,0.5546648
0,1,0.5998324
0,1,0.6575851
1,1,0.6714809
1,1,0.6565728
1,1,0.61062
1,1,0.5711158
1,1,0.5071815
1,1,0.59897417
1,1,0.6444575
1,1,0.6122263
1,1,0.6613302
1,1,0.74507374
1,1,0.8200847
0,1,0.81080776
0,1,0.7618631
0,1,0.67851776
0,1,0.6048392
0,0,0.47430402
0,0,0.48141697
0,0,0.4831169
0,0,0.47442964
0,1,0.5054328
0,1,0.6069011
0,1,0.6438928
0,1,0.647671
0,1,0.6408729
0,1,0.58642507
0,0,0.4887707
0,0,0.48427522
0,0,0.4934234
0,0,0.49956667
0,0,0.49710953
0,0,0.4902682
0,0,0.47593087
0,0,0.43932784
0,0,0.45023978
0,0,0.45336583
0,0,0.45699513
0,0,0.47551942
0,0,0.47997838
0,0,0.4701117
0,0,0.46174064
0,0,0.46395174
0,0,0.43442357
0,0,0.41017154
0,0,0.42461094
0,0,0.45011926
0,0,0.45215225
0,0,0.45825887
0,0,0.46030554
0,0,0.46599984
0,0,0.47430912
0,0,0.48452294
0,0,0.4777274
0,0,0.47917306
0,0,0.4748573
0,0,0.4814245
0,0,0.49375272
0,1,0.50653017
0,1,0.5183185
0,1,0.5181626
0,1,0.5279573
0,1,0.5108303
0,0,0.48362172
1,1,0.5272987
1,1,0.54344034
1,1,0.5665223
1,1,0.59329563
1,1,0.61416644
1,1,0.59988475
1,1,0.5816303
1,1,0.5677041
1,1,0.5301548
1,1,0.51405823
1,0,0.47283578
0,0,0.44237387
0,0,0.40767255
0,0,0.37127924
0,0,0.3699597
0,0,0.3397723
0,0,0.37545416
0,0,0.4268569
0,0,0.43114647
0,0,0.4044949
0,0,0.38894022
0,0,0.38438013
0,0,0.36770746
0,0,0.34844118
0,0,0.3628329
0,0,0.40075344
0,0,0.39968857
0,0,0.39977652
0,0,0.41457337
0,0,0.42707914
0,0,0.41128358
0,0,0.41553062
0,0,0.41275916
0,0,0.39640954
0,0,0.3540371
0,0,0.37302414
0,0,0.4105551
0,0,0.4188888
0,0,0.39970887
0,0,0.49285516
0,0,0.4977316
0,1,0.5273434
0,1,0.5159156
0,0,0.47144607
1,0,0.41248664
1,0,0.38629606
1,0,0.3827135
1,1,0.5032594
1,0,0.4685237
1,0,0.49002865
1,0,0.49552467
1,0,0.47511622
1,0,0.46282873
1,0,0.46493033
1,0,0.4561978
1,0,0.44728938
1,0,0.42899388
1,0,0.41647822
1,0,0.43794215
1,0,0.45227042
1,0,0.43560487
1,0,0.43054992
1,0,0.4149472
1,0,0.42751408
1,0,0.4278708
1,0,0.41861066
0,0,0.0005075103
0,0,0.00057470234
0,0,0.0011876532
0,0,0.00408688
0,0,0.02621318
0,0,0.0016583736
0,0,0.00077110116
0,0,0.00073543895
0,0,0.0012495756
0,0,0.0015049508
0,0,0.0015082419
1,0,0.0027081205
1,0,0.002211238
1,0,0.0031188652
1,0,0.058225155
1,1,0.93464416
1,1,0.9763541
1,1,0.97872704
1,1,0.9811462
1,1,0.9824646
1,1,0.97610486
1,1,0.95749336
1,1,0.9275761
1,1,0.90053093
1,1,0.9039401
1,1,0.8984625
1,1,0.82452494
1,1,0.7592431
1,1,0.7693549
1,1,0.5747293
1,0,0.38528624
1,0,0.27309093
1,0,0.15627192
1,0,0.091897875
1,0,0.053352345
1,0,0.046249818
1,0,0.054647345
1,0,0.09090384
1,0,0.08393327
1,0,0.049690958
1,0,0.03949337
1,0,0.043879922
1,0,0.040486746
1,0,0.024219407
1,0,0.018480793
1,0,0.02184956
1,0,0.21117392
1,0,0.25453433
1,0,0.08680692
1,0,0.0144035425
1,0,0.0035371215
1,0,0.0018811193
1,0,0.0016666885
1,0,0.0027439205
1,0,0.0037067332
1,0,0.0033608242
1,0,0.0028631191
1,0,0.0036607732
1,0,0.0053468915
1,0,0.0044898973
1,0,0.0060094376
1,0,0.0048545096
1,0,0.0067829965
1,0,0.009233754
1,0,0.008385472
1,0,0.012304593
1,0,0.018297885
1,0,0.016561273
0,0,0.021876115
0,0,0.018040208
0,0,0.015068566
0,0,0.015880974
0,0,0.029902635
0,0,0.05741581
0,0,0.08584378
0,0,0.06131004
0,0,0.032081876
0,0,0.027996209
0,0,0.024331752
1,0,0.022334931
1,0,0.009899284
1,0,0.004815515
1,0,0.0048407856
1,0,0.0029778485
1,0,0.0026797927
1,0,0.002154683
1,0,0.0017539848
1,0,0.0019524439
1,0,0.0019594762
1,0,0.002737348
1,0,0.008002373
1,0,0.0122505035
1,0,0.032180473
1,0,0.067193955
1,0,0.05256533
1,0,0.017425241
1,0,0.005645055
1,0,0.0049140025
1,0,0.012844133
1,0,0.024450919
1,0,0.01041306
0,0,0.002108231
0,0,0.00077145686
0,0,0.0011299402
0,0,0.003551105
0,0,0.11905949
0,1,0.65195864
0,0,0.48659065
0,0,0.29765657
0,0,0.20258586
0,0,0.12253334
0,0,0.10341303
0,0,0.10578893
0,0,0.07594974
0,0,0.04799203
0,0,0.050057746
0,0,0.03114144
0,0,0.009710291
0,0,0.004831537
0,0,0.0035095634
0,0,0.016448522
0,0,0.07801726
0,0,0.08641569
0,0,0.08065026
0,0,0.066189
0,0,0.057786003
0,0,0.025075702
0,0,0.013721668
0,0,0.01038022
0,0,0.008563572
1,0,0.075052045
1,0,0.14127018
1,0,0.049815364
1,0,0.0196669
1,0,0.0084994165
1,0,0.0066949055
1,0,0.010495219
1,0,0.018412858
1,0,0.013990767
1,0,0.0071703955
1,0,0.006998093
1,0,0.005996884
1,0,0.008163912
1,0,0.019794233
1,0,0.04129339
1,0,0.11585661
1,0,0.1577268
1,0,0.070047095
1,0,0.030361358
1,0,0.018606758
1,0,0.013190693
1,0,0.022261295
1,0,0.006790896
1,0,0.0032604004
1,0,0.0015846587
1,0,0.0019192282
1,0,0.03547805
1,0,0.18133911
1,1,0.79431766
1,1,0.8141818
1,1,0.84650195
1,1,0.88957477
1,1,0.87730527
1,1,0.78654605
1,1,0.6463691
1,0,0.44629866
1,0,0.21422307
1,0,0.087228596
1,0,0.0526058
1,0,0.07598998
1,1,0.51340455
1,1,0.91816247
1,1,0.87616694
1,1,0.78639764
1,1,0.616375
1,1,0.5464869
1,0,0.46299192
1,0,0.36344957
1,0,0.35189387
1,0,0.45539352
1,0,0.46151066
1,0,0.48057953
1,1,0.53276616
1,0,0.3715822
1,0,0.3047164
1,0,0.26317924
1,0,0.14363393
1,0,0.110713124
1,0,0.16789317
1,0,0.2172725
1,0,0.26391912
1,0,0.21671832
1,0,0.14830786
1,0,0.12200558
1,0,0.100084186
1,0,0.06345852
1,0,0.05005984
1,0,0.038084656
1,0,0.019385472
1,0,0.007643555
1,0,0.0049294597
1,0,0.0055821855
1,0,0.023013141
1,0,0.091641285
1,0,0.06408364
1,0,0.04062328
1,0,0.026634183
0,0,0.18409055
0,0,0.2316146
0,0,0.2964082
0,0,0.26343262
0,0,0.20875236
0,0,0.2255459
0,0,0.25941965
0,0,0.3040883
0,0,0.37485757
0,0,0.44976246
0,0,0.47828954
0,1,0.5216428
0,1,0.55074304
0,1,0.5526897
0,1,0.567897
0,1,0.5780644
0,1,0.55117047
0,1,0.5134643
0,1,0.5253578
0,1,0.5413387
0,1,0.53600323
0,1,0.5244528
0,0,0.48700866
0,0,0.4516356
0,0,0.41564727
0,0,0.3806412
0,0,0.4123606
0,0,0.44171655
0,0,0.4912478
0,1,0.55739945
0,1,0.5773274
0,1,0.54728466
0,1,0.511307
0,0,0.454615
0,0,0.34217897
0,0,0.28616148
0,0,0.26655266
0,0,0.23358746
0,0,0.25048
0,0,0.3408867
0,0,0.44428855
0,1,0.5236395
0,1,0.55030954
0,1,0.54678315
0,1,0.52284616
0,0,0.4966163
0,0,0.43524274
0,0,0.3981593
0,0,0.33234772
0,0,0.22277482
0,0,0.12602617
0,0,0.13902088
0,0,0.22407337
0,0,0.32661796
0,0,0.4073989
0,0,0.46847892
0,0,0.49307406
0,0,0.44539174
0,0,0.35938805
0,0,0.2999243
0,0,0.23148733
0,0,0.11512496
0,0,0.1031362
0,0,0.1069388
0,0,0.1011516
0,0,0.09949969
0,0,0.1121893
0,0,0.12041639
0,0,0.12914798
0,0,0.14413075
0,0,0.1466334
0,0,0.15747364
0,0,0.1953982
0,0,0.2130463
0,0,0.27572966
0,0,0.34788343
0,0,0.37740517
0,0,0.3216951
0,0,0.20857109
0,0,0.15055327
0,0,0.15589246
0,0,0.17752348
0,0,0.21786343
0,0,0.30781242
0,0,0.38537246
0,0,0.46573696
0,0,0.4767905
0,0,0.47865352
0,0,0.45117104
0,0,0.395225
1,0,0.3324103
1,0,0.27786908
1,0,0.26960534
1,0,0.24371983
1,0,0.21362342
1,0,0.26805207
1,0,0.3433125
1,0,0.35550374
1,0,0.33326286
1,0,0.28621092
1,0,0.23891862
0,0,0.27166548
0,0,0.3281045
0,0,0.40050998
0,0,0.4493499
0,0,0.4772827
0,0,0.45994526
0,0,0.38610837
0,0,0.32981813
0,0,0.3096436
0,0,0.2899524
0,0,0.26731166
0,0,0.26754445
0,0,0.18807013
0,0,0.13562226
0,0,0.18013142
0,0,0.23654062
0,0,0.27869096
0,0,0.3118125
0,0,0.29334515
0,0,0.3223518
0,0,0.4171918
0,0,0.46841463
0,0,0.47606555
0,0,0.47474617
0,0,0.46417314
0,0,0.46162498
0,1,0.51257354
0,1,0.5222631
0,1,0.5313783
0,0,0.4880778
0,0,0.43837473
0,0,0.37863034
0,0,0.35071564
0,0,0.40301943
0,0,0.45426628
0,0,0.4402913
0,0,0.43861577
0,0,0.36090034
0,0,0.2467369
0,0,0.20413108
0,0,0.1957441
0,0,0.1473328
0,0,0.11148164
0,0,0.10650267
0,0,0.100128345
0,0,0.10122901
0,0,0.12735106
0,0,0.15518674
0,0,0.17209852
0,0,0.17873076
0,0,0.16277531
0,0,0.14870103
0,0,0.14866033
0,0,0.19793555
0,0,0.28421387
0,0,0.37360036
0,0,0.4118686
0,0,0.42582545
0,0,0.4427506
0,0,0.4712429
0,0,0.47953403
0,0,0.4586824
0,0,0.42045543
0,0,0.38679403
0,0,0.38537446
0,0,0.4266518
0,0,0.48904186
0,1,0.5323
0,1,0.5605045
0,1,0.5634877
0,1,0.54865724
0,1,0.5219513
0,0,0.4800524
0,0,0.4573252
0,0,0.45701772
0,0,0.42626238
0,0,0.42122245
0,0,0.41196343
0,0,0.36393827
0,0,0.3576563
0,0,0.40715575
0,0,0.43287972
0,0,0.46638823
0,0,0.48777124
0,0,0.47577265
0,0,0.47427464
0,0,0.46076068
0,0,0.42030016
0,0,0.41404667
0,0,0.45179895
0,0,0.4785063
0,0,0.4980097
0,1,0.5093723
0,1,0.50521415
0,0,0.49278697
0,1,0.5226805
0,1,0.5329938
0,1,0.5139155
0,0,0.49592626
0,0,0.44414672
0,0,0.37056282
0,0,0.38816077
0,0,0.42790475
0,0,0.4743446
0,1,0.5026636
0,0,0.47230622
0,1,0.9140462
0,0,0.0459364
0,0,0.0008161017
0,0,0.00023052037
0,0,0.00020089648
0,0,0.0029262826
0,0,0.011600434
0,0,0.022246437
0,0,0.09016708
0,0,0.118710786
0,0,0.08776623
0,0,0.03498154
0,0,0.007557745
0,0,0.004372233
0,0,0.005324732
0,0,0.007818818
0,0,0.0023108174
0,0,0.0022775352
0,0,0.009174086
0,0,0.10808702
0,0,0.024741223
0,0,0.004061711
0,0,0.0053223744
0,0,0.023759224
0,0,0.074926555
0,0,0.019177858
0,0,0.008842497
0,0,0.008193535
0,0,0.005918078
0,0,0.020404827
0,0,0.01086284
0,0,0.010572339
0,0,0.009854903
0,0,0.023767015
0,0,0.05293814
0,0,0.085881114
0,0,0.031597544
0,0,0.0040054205
0,0,0.0011483441
0,0,0.0005218454
0,0,0.0012316826
0,0,0.16778669
0,0,0.08310399
0,0,0.0089083975
0,0,0.0055063227
0,0,0.010779746
1,0,0.16060245
1,1,0.63702434
1,1,0.8829516
1,1,0.91337293
1,1,0.7626538
1,1,0.5085064
1,0,0.46141428
1,0,0.41582048
1,1,0.6991062
1,1,0.65370053
1,1,0.5496615
1,1,0.8422629
1,1,0.8548047
1,1,0.9203125
1,1,0.88255674
1,1,0.60513216
1,0,0.41469648
1,0,0.31694072
1,0,0.3654094
1,1,0.7321195
1,1,0.84170157
1,1,0.8104055
1,1,0.81587166
1,1,0.7842092
1,1,0.6764369
1,1,0.6180753
1,1,0.61184835
1,1,0.7786601
1,1,0.88280284
1,1,0.9297201
1,1,0.9260044
1,1,0.87662804
1,1,0.82592595
1,1,0.9166381
1,1,0.9262563
1,1,0.8503542
1,1,0.6299357
1,0,0.44435757
1,1,0.59855175
1,1,0.75747967
1,1,0.7953143
1,1,0.80010635
1,1,0.7487503
1,1,0.6571582
1,1,0.60548246
1,1,0.62936485
1,1,0.682672
1,1,0.64853656
1,1,0.57697535
1,1,0.5492271
1,1,0.60179245
1,1,0.61150146
1,0,0.4729632
1,1,0.54114133
1,1,0.6681761
0,0,0.383272
0,0,0.33215308
0,0,0.39658013
0,0,0.11875941
0,0,0.008046182
0,0,0.02080778
0,0,0.02480643
0,0,0.0752529
0,0,0.09314827
0,0,0.07668879
0,0,0.057986215
0,0,0.042746015
0,0,0.12528792
0,0,0.21888083
0,0,0.22219257
0,0,0.102016136
0,0,0.012090858
0,0,0.0010335901
0,0,0.00026013213
0,0,0.00016404776
0,0,0.0009452624
0,0,0.0050878543
0,0,0.001697661
0,0,0.0010279337
0,0,0.0027664523
0,0,0.06469772
0,0,0.14796641
0,0,0.2636857
0,0,0.24208164
1,1,0.8842303
1,1,0.92396164
1,1,0.8967473
1,1,0.7224354
1,0,0.3343603
1,0,0.41429493
1,0,0.36771396
1,0,0.4894071
1,1,0.7891472
1,1,0.7669556
1,1,0.81657434
1,1,0.7565707
1,1,0.6292996
1,0,0.48648545
1,0,0.32481828
1,0,0.26852262
1,0,0.28955153
1,0,0.33670503
1,1,0.622832
1,1,0.8726529
1,1,0.89404255
1,1,0.8937811
1,1,0.5773763
1,0,0.16935779
1,0,0.03527267
1,0,0.0024845516
1,0,0.00021688416
1,0,0.0005179997
1,0,0.0006682392
1,0,0.0025801528
1,0,0.0029740436
1,0,0.0009020577
1,0,0.0010150742
1,0,0.0009496798
1,0,0.0010943871
1,0,0.0023750647
1,0,0.0034059433
1,0,0.0034232438
1,0,0.0024572194
1,0,0.0016433578
1,0,0.0019682946
1,0,0.0020639647
1,0,0.0029608845
1,0,0.0005582123
1,0,0.00014231782
1,0,0.000103045706
1,0,0.00034489017
1,0,0.0017755985
1,0,0.008134572
1,0,0.014426365
1,0,0.010082565
1,0,0.00733675
1,0,0.0029867326
1,0,0.0007314037
1,0,0.00025855066
0,0,0.00029407488
0,0,0.0057133026
0,0,0.004115945
0,0,0.0030968103
0,0,0.0013789815
0,0,0.00022052204
0,0,8.472018e-05
0,0,0.00011001621
0,0,0.00021592471
0,0,0.002249785
0,0,0.008627856
0,0,0.024040898
0,0,0.08668368
0,0,0.06360108
0,0,0.030094128
0,0,0.060108665
0,0,0.07255992
0,0,0.06700109
0,0,0.054589458
0,0,0.05681181
0,0,0.10562775
0,0,0.1590157
0,0,0.33015656
0,0,0.17181855
0,0,0.099541605
0,0,0.10145748
0,0,0.102590896
0,0,0.2340028
0,0,0.23829111
0,0,0.34919122
0,0,0.3625718
0,0,0.28215966
0,0,0.26293615
0,0,0.34899476
0,0,0.38817227
0,0,0.43232706
0,1,0.50199527
0,1,0.5287083
0,1,0.54442143
0,1,0.5987322
0,1,0.5963473
0,1,0.59614706
0,1,0.6089578
0,1,0.607165
0,1,0.6112507
0,1,0.62659526
0,1,0.63450503
0,1,0.63356036
0,1,0.63682246
0,1,0.6413113
0,1,0.6434202
0,1,0.6446556
0,1,0.6463738
0,1,0.63748163
0,1,0.61931765
0,1,0.616547
0,1,0.6139033
0,1,0.59862083
0,1,0.5960478
0,1,0.60647887
0,1,0.6169595
0,1,0.6224128
0,1,0.6384537
0,1,0.64506733
0,1,0.63058186
0,1,0.61913854
0,1,0.62896115
0,1,0.63967437
0,1,0.7775799
0,1,0.8936453
0,1,0.926344
0,1,0.9078974
0,1,0.80891836
0,1,0.7021201
0,1,0.77705824
0,1,0.76583856
0,1,0.6834511
0,1,0.76059484
0,1,0.82560015
1,1,0.804299
1,1,0.88666517
1,1,0.91104954
1,1,0.8434557
1,1,0.769247
1,1,0.64523584
1,1,0.6824972
1,1,0.7277783
1,1,0.77592385
1,1,0.70308745
1,1,0.71587825
1,1,0.86262393
1,1,0.8990668
1,1,0.78460455
1,1,0.6445561
1,1,0.6517947
1,1,0.7017947
1,1,0.72578776
1,1,0.75790596
1,1,0.8137493
1,1,0.80961984
1,1,0.8467767
1,1,0.91708446
1,1,0.93457514
1,1,0.9385461
1,1,0.90455323
1,1,0.896165
1,1,0.8087631
1,1,0.5959469
1,0,0.34295678
1,0,0.34070525
1,1,0.55117786
1,1,0.7241574
0,1,0.7551353
0,1,0.627953
0,0,0.47984305
0,1,0.5277654
0,1,0.5658513
0,1,0.5748159
0,1,0.5438601
0,1,0.60109353
0,1,0.649983
0,1,0.6806687
0,1,0.5443321
0,0,0.13408369
0,0,0.032780398
0,0,0.007834493
0,0,0.0026329826
0,0,0.0010242625
0,0,0.0029638347
0,0,0.009024432
0,0,0.0046432833
0,0,0.0028098112
0,0,0.0041528326
0,0,0.0020342139
0,0,0.001433281
0,0,0.0012905619
0,0,0.0012104606
0,0,0.0015388386
0,0,0.0020379492
0,0,0.002076546
0,0,0.0019184429
0,0,0.0015884922
0,0,0.0015298752
0,0,0.0017452767
0,0,0.0016454565
0,0,0.0014781978
0,0,0.0025047162
0,0,0.008890267
0,0,0.0028931953
0,0,0.002224899
0,0,0.002014186
0,0,0.0013189951
1,0,0.026361784
1,0,0.3162918
1,1,0.6128833
1,1,0.7185999
1,1,0.57517016
1,1,0.62503415
1,1,0.66800964
1,1,0.80044746
1,1,0.8403257
1,1,0.88829017
1,1,0.904618
1,1,0.91777265
1,1,0.8998646
1,1,0.9174976
1,1,0.9087812
1,1,0.88375366
1,1,0.81487375
1,1,0.78877693
1,1,0.835294
1,1,0.86803585
1,1,0.8694002
1,1,0.8595528
0,0,0.26177347
0,0,0.17772593
0,0,0.21632826
0,0,0.35920522
0,0,0.47288162
0,1,0.528454
0,0,0.45923254
0,0,0.40623772
0,0,0.39406338
0,0,0.4041223
0,0,0.36806813
0,0,0.37067407
0,0,0.48059773
0,1,0.5343544
0,1,0.50024575
0,1,0.50282633
0,1,0.5121532
0,1,0.5109537
0,0,0.49196735
0,0,0.4995447
0,1,0.5131533
0,1,0.5070796
0,1,0.50710976
0,1,0.5103754
0,1,0.5081739
0,0,0.48706037
0,0,0.4676104
0,0,0.4754514
0,0,0.47153845
0,0,0.4079041
0,0,0.4178209
0,0,0.44516534
0,0,0.3925411
1,0,0.1914839
1,0,0.050678425
1,0,0.03164376
1,0,0.03897864
1,0,0.02891119
1,0,0.0044383896
1,0,0.006546114
1,0,0.003330609
1,0,0.00061493326
1,0,0.0005833135
1,0,0.00072929583
1,0,0.0020253726
1,0,0.0038700856
1,0,0.0059093344
1,0,0.0034406402
1,0,0.0017592233
1,0,0.00090538134
1,0,0.0006972795
1,0,0.0005510298
1,0,0.00077400135
1,0,0.001048338
1,0,0.0022279127
0,1,0.5785187
0,1,0.7121872
0,0,0.3911463
0,0,0.062806964
0,0,0.020515041
0,0,0.05080394
0,0,0.10942307
0,0,0.07272848
0,0,0.10515711
0,0,0.13006921
0,0,0.10433491
0,0,0.11962466
0,0,0.15759388
0,0,0.4170953
0,1,0.83390903
0,1,0.9605963
0,1,0.93857545
0,1,0.9341167
0,1,0.90143245
0,1,0.8868386
0,1,0.8747902
0,1,0.819635
0,1,0.7805684
0,1,0.7582055
0,1,0.7507768
0,1,0.7432996
0,1,0.74240273
0,1,0.75983673
0,1,0.85209554
0,1,0.87139803
0,1,0.75058424
0,1,0.7227033
0,1,0.68368036
0,1,0.6871941
0,1,0.8101244
0,1,0.8875823
0,1,0.87939686
0,1,0.83711606
0,1,0.83527946
0,1,0.84380674
0,1,0.85383534
0,1,0.7880176
0,1,0.7107054
0,1,0.73009175
0,1,0.7759713
0,1,0.84107023
0,1,0.9914169
0,1,0.99847084
0,1,0.99897826
0,1,0.9984456
0,1,0.99804413
0,1,0.9878677
0,1,0.98104894
0,1,0.9694346
0,1,0.9668273
0,1,0.97568786
0,1,0.97647834
1,1,0.97964096
1,1,0.9904287
1,1,0.99644923
1,1,0.9942602
1,1,0.95294964
1,1,0.94084555
1,1,0.94484776
1,1,0.89872956
1,1,0.89098966
1,1,0.91797984
1,1,0.9267602
1,1,0.8790065
1,1,0.801085
1,1,0.8559929
1,1,0.88240206
1,1,0.8299689
1,1,0.8166824
1,1,0.71494
1,1,0.54271233
1,0,0.41597253
1,1,0.5194266
1,1,0.7696689
0,1,0.9195049
0,1,0.93252033
0,1,0.925931
0,1,0.9095455
0,1,0.87107044
0,1,0.87006974
0,1,0.8291178
0,1,0.86344105
0,1,0.90372705
0,1,0.92399603
0,1,0.94646645
1,1,0.89287186
1,1,0.82138765
1,1,0.6907278
1,1,0.61344844
1,1,0.6598659
1,1,0.8208284
1,1,0.855743
1,1,0.7994259
1,1,0.8314962
1,1,0.86391056
1,1,0.82104903
1,0,0.30008063
1,0,0.09882369
1,0,0.058070634
1,0,0.085465364
1,0,0.04878921
1,0,0.046629272
1,0,0.04706881
1,0,0.05265745
1,0,0.08687722
1,0,0.0846842
1,0,0.069475465
1,0,0.080209054
1,0,0.1353428
1,0,0.24352919
1,0,0.3230388
1,0,0.32833505
1,0,0.27353445
1,0,0.28933555
1,0,0.30826262
1,0,0.30077216
1,0,0.3047613
1,0,0.30953354
1,0,0.29965612
1,0,0.2529721
1,0,0.24638794
1,0,0.20208715
1,0,0.14268495
1,0,0.108583584
1,0,0.09605625
0,1,0.82974
0,1,0.98815536
0,1,0.9913846
0,1,0.96801466
0,1,0.8517063
0,1,0.7681357
0,1,0.74341846
0,1,0.89417547
0,1,0.91032314
0,1,0.7692586
0,1,0.62895215
1,1,0.71974355
1,1,0.7879223
1,1,0.88210213
1,1,0.9154372
1,1,0.9388352
1,1,0.9234998
1,1,0.87100315
1,1,0.85512686
1,1,0.8759803
1,1,0.8825821
1,1,0.85778177
0,0,0.28274253
0,0,0.08801815
0,0,0.12214738
0,0,0.2523608
0,0,0.39003977
0,0,0.21368851
0,0,0.08491575
0,0,0.048674073
0,0,0.058312632
0,0,0.10136087
0,0,0.1274478
0,0,0.26265746
0,0,0.34801817
0,0,0.21227685
0,0,0.13354649
0,0,0.12257111
0,0,0.10072121
0,0,0.09267067
0,0,0.09125064
0,0,0.11405858
0,0,0.1233544
0,0,0.120434515
0,0,0.120208524
0,0,0.14212808
0,0,0.15373056
0,0,0.089333005
0,0,0.040352765
0,0,0.021121228
0,0,0.019593613
0,0,0.017940769
0,0,0.03937764
0,0,0.042759303
0,0,0.0492452
0,0,0.07084758
0,0,0.09260885
0,0,0.107883744
0,0,0.15531282
0,0,0.28069568
0,0,0.26438528
0,0,0.25935462
0,0,0.26261222
0,0,0.2733829
0,0,0.3095651
0,0,0.2660919
0,0,0.26349467
0,0,0.32940122
0,0,0.4713786
0,0,0.47336987
0,0,0.40847602
0,0,0.3570881
0,0,0.34986898
0,0,0.3592617
0,0,0.38806367
0,0,0.3367698
0,0,0.37302488
0,0,0.265744
0,0,0.16605589
0,0,0.18726622
0,0,0.37302437
0,1,0.5433665
0,0,0.2841994
0,0,0.0992652
0,0,0.10080722
0,0,0.14284761
0,0,0.15428327
0,0,0.117907956
0,0,0.12064742
0,0,0.09146666
0,0,0.11121503
0,0,0.17840801
0,0,0.38376525
0,0,0.3310813
0,0,0.35740164
0,0,0.40041438
0,0,0.4205857
0,0,0.4591105
0,0,0.41711688
0,0,0.3155615
0,0,0.27735344
0,0,0.25798908
0,0,0.27968645
0,0,0.34757957
0,0,0.39691913
0,0,0.4890218
0,0,0.48605564
0,0,0.40224236
0,0,0.42136973
0,1,0.6018382
0,1,0.7358788
0,1,0.752147
0,1,0.6884038
0,1,0.6353462
0,0,0.490371
0,0,0.30534485
0,0,0.3505322
0,0,0.45280686
0,0,0.42500693
0,0,0.46059936
0,1,0.5305028
0,1,0.594412
0,1,0.5644142
0,1,0.95374525
0,1,0.9560192
0,1,0.85686785
0,1,0.61255395
0,1,0.51142776
0,0,0.4872241
0,0,0.44715765
0,0,0.4377222
0,0,0.4184524
0,0,0.4682598
0,1,0.63692784
0,1,0.72055614
0,1,0.7532756
0,1,0.75977105
0,1,0.72077435
0,1,0.6743583
0,1,0.58977276
0,1,0.52774066
0,1,0.52274513
0,1,0.59319025
0,1,0.6188701
0,1,0.5951777
1,0,0.46926963
1,0,0.40604278
1,0,0.41298026
1,0,0.40761226
1,0,0.4782385
1,1,0.5420395
1,1,0.720685
1,1,0.830758
1,1,0.79460806
1,1,0.6359792
1,1,0.519431
0,1,0.5903988
0,1,0.52728933
0,1,0.5039576
0,1,0.527393
0,1,0.512417
0,1,0.5158672
0,0,0.46677566
0,0,0.43710598
0,0,0.42954466
0,1,0.51159006
0,1,0.57989526
1,1,0.7059563
1,1,0.6977241
1,1,0.6173078
1,1,0.71266675
1,1,0.7742321
1,1,0.68240935
1,1,0.62938213
1,1,0.7233995
1,1,0.7876868
1,1,0.7821678
1,1,0.81444454
0,0,0.42736802
0,0,0.15629199
0,0,0.03888559
0,0,0.021591568
0,0,0.08032269
0,0,0.080084376
0,0,0.09280176
0,0,0.085534886
0,0,0.08665207
0,0,0.095522806
0,0,0.10224044
0,0,0.08775574
0,0,0.056913566
0,0,0.03142105
0,0,0.024179501
0,0,0.026621867
0,0,0.030440023
0,0,0.034395467
0,0,0.027817963
0,0,0.010797618
0,0,0.0071668383
0,0,0.006693124
0,0,0.023881579
0,0,0.20098498
0,0,0.07184091
0,0,0.050026778
0,0,0.055932015
0,0,0.05785453
0,0,0.07660635
0,1,0.7626839
0,1,0.90278083
0,1,0.8362541
0,1,0.6730765
0,1,0.5226285
0,1,0.59942824
0,1,0.5768363
0,1,0.51424026
0,1,0.53455347
0,1,0.5323199
0,0,0.48899734
1,1,0.55200475
1,0,0.4432586
1,0,0.36322904
1,0,0.46044356
1,1,0.52498496
1,1,0.53688055
1,0,0.49088728
1,0,0.42910248
1,0,0.31618255
1,0,0.2454636
1,0,0.28572965
0,0,0.09003701
0,0,0.043706283
0,0,0.06100071
0,0,0.2276468
0,0,0.46058047
0,1,0.5064894
0,1,0.53719103
0,0,0.42273757
0,0,0.29225639
0,0,0.18911861
0,0,0.12632845
0,0,0.13419938
0,0,0.18187295
0,0,0.21108593
0,0,0.2193611
0,0,0.27976415
0,0,0.3421069
0,0,0.35352996
0,0,0.3222589
0,0,0.33063787
0,0,0.3590336
0,0,0.38906077
0,0,0.41654804
0,0,0.38524386
0,0,0.3393578
0,0,0.32376698
0,0,0.3463438
0,0,0.36023778
0,0,0.39318386
0,1,0.5184271
0,1,0.66951
0,0,0.4623195
0,0,0.255215
0,0,0.26645386
0,0,0.2686193
0,0,0.33569068
0,1,0.50372887
0,1,0.69681054
0,1,0.69724214
0,1,0.61406744
0,1,0.5823299
0,1,0.5816001
0,1,0.53738517
0,0,0.3480075
0,0,0.17090648
0,0,0.113776624
0,0,0.10233716
0,0,0.09262068
0,0,0.07545399
0,0,0.08218496
0,0,0.070127524
0,0,0.07659961
0,0,0.071420886
0,0,0.067032725
0,0,0.08881848
0,0,0.37938908
0,0,0.09081476
0,0,0.05419753
0,0,0.066661365
0,0,0.108835965
0,0,0.12670907
0,0,0.17347498
0,0,0.19007723
0,0,0.17148854
0,0,0.16400662
0,0,0.18054827
0,0,0.15171966
0,0,0.1528135
0,0,0.14319164
0,0,0.123927824
0,0,0.120573506
0,0,0.22827657
0,0,0.27711326
0,0,0.34455577
0,0,0.38454866
0,0,0.38595572
0,0,0.34018287
0,0,0.33679894
0,0,0.37949494
0,0,0.3891292
0,0,0.36335787
0,0,0.37547272
0,0,0.36095127
0,0,0.3550324
0,0,0.34265304
0,0,0.31860098
0,0,0.300662
0,0,0.27646482
0,0,0.22919105
0,0,0.21264079
0,0,0.19679911
0,0,0.15892385
0,0,0.17515318
0,0,0.19069275
0,0,0.18259011
0,0,0.15399514
0,0,0.12905972
0,0,0.120222166
0,0,0.11429914
0,0,0.111993186
0,0,0.1119977
1,0,0.10014931
1,0,0.08180401
1,0,0.04697906
1,0,0.029450178
1,0,0.019660214
1,0,0.022255039
1,0,0.030343689
1,0,0.07703709
1,0,0.08930688
1,0,0.058096852
1,0,0.048868902
1,0,0.040271986
1,0,0.029942779
1,0,0.028135277
1,0,0.03889708
1,0,0.041138366
1,0,0.115655854
1,0,0.11707792
1,0,0.10163933
1,0,0.09092374
1,0,0.08358139
1,0,0.08235247
1,0,0.09158028
1,0,0.12672113
1,0,0.16255431
1,0,0.17083557
1,0,0.18721071
1,0,0.249878
1,0,0.28175804
1,0,0.3342194
1,0,0.3280958
1,0,0.22334594
1,0,0.17766319
1,0,0.18034466
1,0,0.157856
1,0,0.14191082
1,0,0.11245234
1,0,0.08801681
1,0,0.099129505
1,0,0.09271354
1,0,0.095473506
1,0,0.15531729
1,0,0.17422481
1,0,0.15831876
1,0,0.13417135
1,0,0.12450153
1,0,0.1206706
1,0,0.11545701
1,0,0.13436915
1,0,0.15520665
1,0,0.16931619
1,0,0.16850068
1,0,0.19446568
1,0,0.23546486
1,0,0.26796436
0,0,0.24208194
0,0,0.21265678
0,0,0.1438866
0,0,0.0888109
0,0,0.07879182
0,0,0.14205094
0,0,0.15271176
0,0,0.14909922
0,0,0.18342409
0,0,0.19368896
0,0,0.2180119
1,0,0.1931809
1,0,0.18172482
1,0,0.12777932
1,0,0.08157415
1,0,0.044084605
1,0,0.09660816
1,0,0.12046572
1,0,0.17924602
1,0,0.19609255
1,0,0.15797415
1,0,0.10904983
0,0,0.08116746
0,0,0.060661815
0,0,0.058159616
0,0,0.10935266
0,0,0.12392589
0,0,0.1760898
0,0,0.23582809
0,0,0.27251673
0,0,0.27167755
0,0,0.2528982
0,0,0.22476701
0,0,0.20530418
0,0,0.21262428
0,0,0.20445055
0,0,0.17969318
0,0,0.16618848
0,0,0.15945075
0,0,0.16432613
0,0,0.17613892
0,0,0.17913084
0,0,0.18712232
0,0,0.19273315
0,0,0.18846478
0,0,0.1921087
0,0,0.21143548
0,0,0.2040855
0,0,0.19224715
0,0,0.1861353
0,0,0.18375123
0,0,0.18157479
0,0,0.17859334
0,0,0.1771399
0,0,0.15436597
1,0,0.1471985
1,0,0.13706994
1,0,0.12509379
1,0,0.12402594
1,0,0.12716776
1,0,0.1287642
1,0,0.12657954
1,0,0.13118474
1,0,0.13179664
1,0,0.12656538
1,0,0.12691936
1,0,0.13449687
1,0,0.1346793
1,0,0.12908216
1,0,0.11763945
1,0,0.107219875
1,0,0.10850368
1,0,0.108669795
1,0,0.107595794
1,0,0.109082535
1,0,0.11113008
1,0,0.10534987
0,0,0.14260294
0,0,0.22098498
0,0,0.2786947
0,0,0.15421411
0,0,0.024448495
0,0,0.01879673
0,0,0.013937107
0,0,0.011529845
0,0,0.010458471
0,0,0.008751302
0,0,0.008914223
0,0,0.016378941
0,0,0.034492355
0,0,0.112875804
0,1,0.51223004
0,1,0.8931895
0,0,0.40014383
0,0,0.22757146
0,0,0.17483997
0,0,0.12711985
0,0,0.16045223
0,0,0.3504233
0,1,0.5782254
0,1,0.7335168
0,1,0.8298406
0,1,0.8724096
0,0,0.38312468
0,0,0.048337586
0,0,0.02555161
0,0,0.019288579
0,0,0.016373362
0,0,0.014079504
0,0,0.014227495
0,0,0.019064596
0,0,0.021131996
0,0,0.01867014
0,0,0.015985316
0,0,0.019336982
0,0,0.027307134
0,0,0.03263458
0,0,0.025830481
0,0,0.01961579
0,0,0.016297463
0,0,0.01653013
0,0,0.022675958
0,0,0.023786958
1,1,0.7018144
1,1,0.96438587
1,1,0.9762729
1,1,0.95527315
1,1,0.88717026
1,1,0.8667994
1,1,0.8227097
1,1,0.83459353
1,1,0.8482698
1,1,0.85368043
1,1,0.86210877
1,1,0.808988
1,1,0.86033547
1,1,0.9310863
1,1,0.93622833
1,1,0.97759426
1,1,0.9879062
1,1,0.99232763
1,1,0.989479
1,1,0.98828053
1,1,0.9927308
1,1,0.98771334
1,1,0.99227613
1,1,0.9977863
1,1,0.99870574
1,1,0.98717475
1,1,0.8768819
1,1,0.88861865
1,1,0.89936304
1,1,0.92616993
1,1,0.9053558
1,1,0.84419864
1,1,0.8578452
1,1,0.82551354
1,1,0.76149714
1,1,0.6960587
1,1,0.6689824
1,1,0.7723417
1,1,0.82671577
1,1,0.83537585
1,1,0.84726447
1,1,0.7619193
1,1,0.5374698
1,1,0.51873934
1,1,0.7793245
1,1,0.96398884
1,1,0.99363965
1,1,0.99673164
1,1,0.9909383
1,1,0.90220577
1,1,0.75871027
1,1,0.7075324
1,1,0.8118093
1,1,0.9307935
1,1,0.9604268
0,1,0.5750276
0,0,0.13495435
0,0,0.03199384
0,0,0.029059095
0,0,0.07994869
0,0,0.09789376
0,0,0.102287024
0,0,0.082384326
0,0,0.06348769
0,0,0.047494017
0,0,0.04650996
0,0,0.05555708
0,0,0.050069243
0,0,0.04624195
0,0,0.042105973
0,0,0.038670808
0,0,0.051647898
0,0,0.08312047
0,0,0.11440847
0,0,0.13536793
0,0,0.12617281
0,0,0.07939586
0,0,0.051770803
0,0,0.04663525
0,0,0.040491804
0,0,0.036312137
0,0,0.030682692
0,0,0.03159104
0,0,0.03232228
1,1,0.8500165
1,1,0.99522084
1,1,0.9983358
1,1,0.99660635
1,1,0.99460876
1,1,0.9914914
1,1,0.9935821
1,1,0.9966732
1,1,0.9980478
1,1,0.9905213
1,1,0.8086259
1,1,0.69820976
1,1,0.6961448
1,1,0.7482663
1,1,0.73501056
1,1,0.93065256
1,1,0.9353874
1,1,0.95823085
1,1,0.9542138
1,1,0.9511122
1,1,0.95372117
1,1,0.95438546
1,0,0.47197714
1,0,0.09076425
1,0,0.023030182
1,0,0.012637158
1,0,0.032567516
1,0,0.052224033
1,0,0.05451929
1,0,0.03737367
1,0,0.037465796
1,0,0.041203007
1,0,0.03583452
1,0,0.034378707
1,0,0.040014897
1,0,0.040680837
1,0,0.031567004
1,0,0.025503341
1,0,0.022492599
1,0,0.02121223
1,0,0.025028685
1,0,0.034099814
1,0,0.043907918
1,0,0.05291583
1,0,0.057821605
1,0,0.054500856
1,0,0.04896528
1,0,0.049895238
1,0,0.05755098
1,0,0.059967555
1,0,0.049584296
1,0,0.041703656
1,0,0.038303193
1,0,0.04339095
1,0,0.04442513
1,0,0.038466554
1,0,0.045540053
1,0,0.08237612
1,0,0.15112397
1,0,0.25966236
1,1,0.50639236
1,1,0.6424831
1,0,0.38859704
1,0,0.14493492
1,0,0.090862446
1,0,0.067412384
1,0,0.05263655
1,0,0.040554542
1,0,0.03495527
1,0,0.041248877
1,0,0.057037763
1,0,0.08031544
1,0,0.09752491
1,0,0.08664544
1,0,0.069465816
1,0,0.053354997
1,0,0.040754076
0,0,0.070762195
0,0,0.054288484
0,0,0.022390157
0,0,0.008547595
0,0,0.0033686436
0,0,0.002734296
0,0,0.003789527
0,0,0.0063818283
0,0,0.0043521733
0,0,0.0041961465
0,0,0.0041697356
1,0,0.006315265
1,0,0.0251067
1,0,0.08740256
1,0,0.3779603
1,1,0.7420165
1,1,0.718214
1,1,0.8770813
1,1,0.89362574
1,1,0.5263427
1,0,0.44295833
1,0,0.26732913
1,0,0.057743963
1,0,0.08169895
1,1,0.61932486
1,1,0.8152789
1,1,0.7183455
1,1,0.6976463
1,1,0.6595999
1,1,0.67205596
1,1,0.67276174
1,1,0.5276283
1,1,0.74416375
1,1,0.66382396
1,0,0.459688
1,1,0.7368388
1,1,0.5467009
1,0,0.06505996
1,0,0.009049921
1,0,0.0028328244
1,0,0.004138718
1,0,0.009054626
1,0,0.018389871
1,0,0.05551822
1,0,0.08471896
1,0,0.042782433
1,1,0.73607564
1,1,0.99167436
1,1,0.996906
1,1,0.9972404
1,1,0.9983664
1,1,0.9988531
1,1,0.99433076
1,1,0.9890259
1,1,0.97153556
1,1,0.96452457
1,1,0.97317684
1,1,0.98593026
1,1,0.9821947
1,1,0.96917915
1,1,0.92192584
1,1,0.76739067
1,1,0.6384795
1,1,0.654098
1,1,0.73860294
1,1,0.81077605
1,1,0.92550105
1,1,0.94652873
1,1,0.9322482
1,1,0.9353569
1,1,0.9677248
1,1,0.959329
1,1,0.9301371
1,1,0.77557796
1,1,0.8198381
1,1,0.936355
1,1,0.96432596
1,1,0.96661234
1,1,0.9646644
1,1,0.96888137
1,1,0.95719236
1,1,0.8887782
1,1,0.6190326
1,1,0.6347926
1,1,0.9336427
1,1,0.9488012
1,1,0.951012
1,1,0.9768912
1,1,0.9855457
1,1,0.9635176
1,1,0.95461744
1,1,0.95126396
1,1,0.95947933
1,1,0.97201467
1,1,0.97664785
1,1,0.9865008
1,1,0.99061805
1,1,0.97367483
1,1,0.9463199
1,1,0.5973547
1,1,0.50564647
0,0,0.10567727
0,0,0.076529406
0,0,0.058670875
0,0,0.055065867
0,0,0.013741972
0,0,0.0060135466
0,0,0.016158368
0,0,0.061604377
0,0,0.08191563
0,0,0.015039911
0,0,0.007581387
0,0,0.030730564
0,0,0.2606057
0,1,0.6405719
0,1,0.5856719
0,0,0.25842866
0,0,0.067462645
0,0,0.034087088
0,0,0.025854908
0,0,0.022313844
0,0,0.038110472
0,0,0.10852065
0,0,0.16878915
0,0,0.41847837
0,1,0.55763024
0,0,0.0795255
0,0,0.020873848
0,0,0.07737166
0,0,0.0198329
1,1,0.8130922
1,1,0.9988619
1,1,0.99929476
1,1,0.99673223
1,1,0.96173936
1,1,0.92638665
1,1,0.9588287
1,1,0.98177886
1,1,0.9899817
1,1,0.9915834
1,1,0.9685591
1,1,0.8546031
1,1,0.7729091
1,1,0.8259426
1,1,0.9297352
1,1,0.983718
1,1,0.95280236
1,1,0.9760054
1,1,0.9820625
1,1,0.98939985
1,1,0.994632
1,1,0.9947976
0,1,0.8832731
0,0,0.28683645
0,0,0.0893255
0,0,0.0675987
0,0,0.030860413
0,0,0.04805259
0,0,0.024882196
0,0,0.015466421
0,0,0.023861332
0,0,0.09775793
0,0,0.13939942
0,0,0.09981845
0,0,0.12198316
0,0,0.049688313
0,0,0.04407686
0,0,0.06421327
0,0,0.013256444
0,0,0.0076397154
0,0,0.017473903
0,0,0.009544828
0,0,0.00920783
0,0,0.014350042
0,0,0.0064520356
0,0,0.0038157154
0,0,0.0041764886
0,0,0.0044402783
0,0,0.0044811144
0,0,0.0032901682
0,0,0.0021168555
0,0,0.0022754925
0,0,0.0016861702
0,0,0.001315347
0,0,0.0015761777
1,0,0.0036943704
1,0,0.014759771
1,0,0.047247868
1,0,0.06935248
1,0,0.039797246
1,0,0.010337158
1,0,0.12411218
1,0,0.24847952
1,0,0.24400684
1,0,0.106727816
1,0,0.026115907
1,0,0.00974929
1,0,0.008726954
1,0,0.020640546
1,0,0.017776977
1,0,0.014854437
1,0,0.007866767
1,0,0.0043386994
1,0,0.00521137
1,0,0.0065482664
1,0,0.0066200066
1,0,0.021278398
0,0,0.09637827
0,0,0.078981504
0,0,0.043204706
0,0,0.055233415
0,0,0.15166976
0,0,0.3757886
0,1,0.6227584
0,1,0.87988657
0,1,0.87875605
0,1,0.7504214
0,1,0.636453
1,1,0.68812805
1,1,0.8436507
1,1,0.8655305
1,1,0.60241634
1,0,0.23592351
1,0,0.12818047
1,0,0.13625965
1,0,0.30537122
1,0,0.19921175
1,0,0.14902557
1,0,0.12705047
1,0,0.1533509
1,0,0.33611673
1,0,0.43748146
1,0,0.18253383
1,0,0.05576672
1,0,0.04666788
1,0,0.051084954
1,0,0.18160167
1,1,0.65457356
1,1,0.6771199
1,1,0.6689585
1,1,0.6854587
1,1,0.6186136
1,1,0.72217876
1,1,0.8108917
1,1,0.8740975
1,1,0.9159778
1,1,0.92579275
1,1,0.90452665
1,1,0.9253173
1,1,0.95312786
1,1,0.97764003
1,1,0.98577
1,1,0.9202513
1,1,0.9639286
1,1,0.9657878
1,1,0.90922815
1,1,0.85047895
1,1,0.85811466
1,1,0.68923825
1,1,0.57263595
1,1,0.6701176
1,1,0.8448641
1,1,0.8709869
1,1,0.8358574
1,1,0.831625
1,1,0.90028566
1,1,0.6411103
1,1,0.5850965
1,0,0.46246055
1,1,0.5109604
1,0,0.46430808
1,0,0.3200293
1,0,0.32659957
1,0,0.39070874
1,0,0.42352483
1,0,0.47907957
1,0,0.39321557
1,0,0.35430843
1,0,0.22856356
1,0,0.16028747
1,0,0.15672193
1,0,0.1577595
1,0,0.252925
1,0,0.41467255
1,0,0.4512601
1,0,0.39364415
1,0,0.45016786
1,1,0.56746256
1,1,0.71830034
1,1,0.871909
1,1,0.96924657
1,1,0.88625693
1,1,0.8357777
1,1,0.9301964
1,1,0.876209
1,1,0.72138155
1,1,0.6983784
0,1,0.7648375
0,1,0.85927606
0,1,0.84470105
0,1,0.7856204
0,1,0.5688783
0,0,0.43269232
0,0,0.35194135
0,0,0.32291958
0,0,0.3425694
0,1,0.52794605
0,1,0.7643745
0,0,0.4780715
0,1,0.51481134
0,1,0.90417576
0,1,0.97814023
0,1,0.72715557
0,1,0.63883454
0,1,0.6550029
0,1,0.7069753
0,1,0.6638475
0,1,0.6480207
0,1,0.7429344
0,1,0.5104925
0,0,0.34746197
0,1,0.5546277
0,1,0.68857586
0,1,0.6937676
0,1,0.71753573
0,1,0.6308502
0,0,0.35117874
0,0,0.207571
0,0,0.16052748
0,0,0.13284412
0,0,0.1036928
0,0,0.037689473
0,0,0.044843532
0,0,0.06996567
0,0,0.08904943
0,0,0.08792865
0,0,0.09552641
0,1,0.6792853
0,1,0.9114611
0,1,0.84089327
0,1,0.6115884
0,0,0.44935492
0,0,0.41601443
0,0,0.4124092
0,0,0.3585085
0,0,0.3044254
0,0,0.43953097
0,1,0.6560746
1,1,0.61936766
1,1,0.7126727
1,1,0.84574527
1,1,0.8963988
1,1,0.9487284
1,1,0.88869286
1,1,0.79074144
1,1,0.74928576
1,1,0.8668785
1,1,0.87768126
1,1,0.8600681
1,1,0.6373442
1,0,0.38756764
1,1,0.5079217
1,1,0.86245686
1,1,0.663487
1,0,0.4876724
1,0,0.23860148
1,0,0.20905863
1,0,0.34977186
1,1,0.57435465
1,1,0.5687784
1,0,0.2724023
1,0,0.121177875
1,0,0.1504863
1,0,0.24470347
1,0,0.27279437
1,0,0.1536017
1,0,0.17224976
1,0,0.4396276
1,0,0.2613624
1,0,0.17271617
1,0,0.24998172
1,0,0.23113477
1,0,0.31294215
1,1,0.5892388
1,1,0.7515847
1,1,0.79121286
1,1,0.6063756
1,1,0.5453866
1,0,0.39845502
1,0,0.3683293
1,0,0.21108201
1,0,0.25255483
1,0,0.20970157
1,0,0.18140775
1,0,0.05109877
1,0,0.094806165
1,0,0.15260163
1,0,0.038621817
1,0,0.1548269
1,0,0.31837958
1,0,0.19968647
1,0,0.09004186
1,0,0.09737732
1,0,0.25145817
1,0,0.47618097
1,1,0.8037604
1,1,0.7634109
1,1,0.5415925
1,0,0.47762775
1,0,0.46021247
1,0,0.46496952
1,1,0.55509824
1,1,0.62540674
1,1,0.66959006
0,0,0.00781651
0,0,0.0083863195
0,0,0.007018877
0,0,0.0051543484
0,0,0.007172643
0,0,0.0040635252
0,0,0.0038806887
0,0,0.004916395
0,0,0.0069976333
0,0,0.012470272
0,0,0.011670263
0,0,0.0070888763
0,0,0.004598161
0,0,0.003719814
0,0,0.0056584273
0,0,0.0064399517
0,0,0.00618771
0,0,0.0049985596
0,0,0.0045770677
0,0,0.004013727
0,0,0.0061053406
0,0,0.010984907
0,0,0.006618878
0,0,0.00593243
0,0,0.011216201
0,0,0.011732613
0,0,0.0071371165
0,0,0.006996951
0,0,0.009079419
0,0,0.013981971
0,0,0.022546325
0,0,0.07499668
0,0,0.04848884
0,0,0.010306574
0,0,0.0068260813
0,0,0.0045278105
0,0,0.003155875
0,0,0.0033249327
0,0,0.004949242
0,0,0.0076866364
0,0,0.014104851
0,0,0.017068023
0,0,0.01260884
0,0,0.009072464
0,0,0.0052185263
0,0,0.003487853
1,0,0.029897839
1,0,0.22279656
1,0,0.38221836
1,0,0.39919037
1,1,0.6832101
1,1,0.84147465
1,1,0.5973901
1,0,0.21610302
1,0,0.32585794
1,0,0.22335726
1,0,0.053718757
1,0,0.027869128
1,0,0.03313625
1,0,0.04533159
1,0,0.14426416
1,0,0.15218082
1,0,0.085505225
1,0,0.08701701
1,0,0.06777346
1,0,0.061570093
1,0,0.13256875
1,0,0.30096895
1,0,0.306098
1,0,0.17793846
1,0,0.1076674
1,0,0.12534109
1,0,0.16964687
1,0,0.377118
1,0,0.46215788
1,0,0.3793592
1,0,0.3248341
1,0,0.34299085
1,0,0.43701112
1,1,0.71867156
1,1,0.8737916
1,1,0.94593155
1,1,0.92399573
1,1,0.52751607
1,0,0.40261275
1,0,0.44540128
1,1,0.5349202
1,1,0.67078596
1,1,0.784739
1,1,0.7433094
1,1,0.79845166
1,1,0.8761165
1,1,0.87404776
1,1,0.7773127
1,1,0.83248574
1,1,0.95285636
1,1,0.9553431
1,1,0.96213084
1,1,0.93045104
1,1,0.9286204
1,1,0.976146
0,1,0.95605093
0,1,0.9637287
0,1,0.91712713
0,0,0.42564985
0,0,0.005493236
0,0,0.007216925
0,0,0.009648322
0,0,0.013106806
0,0,0.011491401
0,0,0.008141741
0,0,0.009412261
0,0,0.008793153
0,0,0.006673611
0,0,0.0063859425
0,0,0.0065843146
0,0,0.008204888
0,0,0.009848373
0,0,0.010076417
0,0,0.010932228
0,0,0.010324751
0,0,0.008256607
0,0,0.0077657085
0,0,0.008404604
0,0,0.0099396175
0,0,0.008292711
0,0,0.007087047
0,0,0.0059588403
0,0,0.0034816503
0,0,0.0021044652
1,0,0.018829856
1,0,0.077440865
1,0,0.07141174
1,0,0.13551494
1,0,0.26800257
1,0,0.15705076
1,0,0.21284878
1,0,0.35107857
1,0,0.4974908
1,0,0.35345742
1,0,0.21657145
1,0,0.30316198
1,0,0.38522562
1,0,0.37032166
1,1,0.6965961
1,1,0.8665167
1,1,0.8551029
1,1,0.8389128
1,1,0.8883133
1,1,0.8962375
1,1,0.9293425
1,1,0.932843
0,0,0.47429836
0,0,0.07570691
0,0,0.028524524
0,0,0.09099383
0,0,0.010821378
0,0,0.0150046395
0,0,0.0152580775
0,0,0.014310485
0,0,0.012491635
0,0,0.010408998
0,0,0.009818176
0,0,0.009471482
0,0,0.007962703
0,0,0.0071998797
0,0,0.0069376323
0,0,0.008233427
0,0,0.009170333
0,0,0.006925505
0,0,0.0061677853
0,0,0.0077788867
0,0,0.010105037
0,0,0.011635867
0,0,0.013959491
0,0,0.017026776
0,0,0.014247579
0,0,0.00734315
0,0,0.0073097222
0,0,0.011177921
0,0,0.045154244
0,0,0.059034295
0,0,0.033435293
0,0,0.016218014
0,0,0.006490603
0,0,0.0021690114
0,0,0.0027465457
0,0,0.0009172798
0,0,0.000776841
0,0,0.0008186018
0,0,0.001118524
0,0,0.00167845
0,0,0.0018244643
0,0,0.001669886
0,0,0.0020552278
0,0,0.002576293
0,0,0.0025934563
0,0,0.002425941
0,0,0.0029396736
0,0,0.0027759217
0,0,0.0027138276
0,0,0.0023703452
0,0,0.0015074078
0,0,0.0013037627
0,0,0.0019298623
0,0,0.005254314
0,0,0.014641933
0,0,0.007925965
0,0,0.0049014976
0,0,0.004664919
0,0,0.0026744504
0,0,0.0004703731
0,0,0.00038029236
0,0,0.00060207455
0,0,0.00043193836
0,0,0.0006291899
0,0,0.0013307579
0,0,0.0032255934
0,0,0.005798501
0,0,0.0042957254
0,0,0.001784061
0,0,0.0009296219
0,0,0.0006060766
0,0,0.00063600385
0,0,0.0003958317
0,0,0.00027636756
0,0,0.00033785801
0,0,0.00043968635
0,0,0.0003860474
0,0,0.0003937152
0,0,0.00046782749
0,0,0.00049059594
0,0,0.000553574
0,0,0.00091239763
0,0,0.00089274783
0,0,0.0005989827
0,0,0.0007534975
0,0,0.0013615296
0,0,0.0012577161
0,0,0.0010262151
0,0,0.0016060501
0,0,0.0016683564
0,0,0.0036039916
0,0,0.011401272
0,0,0.009976427
0,0,0.0052240845
0,0,0.0031572387
0,0,0.0033743442
0,0,0.0030249218
0,0,0.0024706481
0,0,0.0030655162
0,0,0.003232898
0,0,0.004216247
1,0,0.062565684
1,1,0.81641
1,1,0.99573237
1,1,0.9995092
1,1,0.99977225
1,1,0.9997634
1,1,0.9996629
1,1,0.9993007
1,1,0.9963102
1,1,0.9936847
1,1,0.9930789
1,1,0.9685042
1,1,0.97635216
1,1,0.9900035
1,1,0.99505347
1,1,0.995814
1,1,0.9960316
1,1,0.9850129
1,1,0.9489979
1,1,0.91399944
1,1,0.8568995
1,1,0.8329912
1,1,0.87698483
1,1,0.96440345
1,1,0.9858192
1,1,0.99025905
1,1,0.9885593
1,1,0.98035526
1,1,0.975021
1,1,0.96348697
1,1,0.967583
1,1,0.96210015
1,1,0.91119266
1,1,0.6750012
1,1,0.6072689
1,1,0.79792637
1,1,0.94238836
1,1,0.9968489
1,1,0.99832636
1,1,0.9994173
1,1,0.9993724
1,1,0.9972971
1,1,0.99474263
1,1,0.9952342
1,1,0.9861098
1,1,0.98841375
1,1,0.99586856
1,1,0.9976292
1,1,0.9969716
1,1,0.99472743
1,1,0.9956196
1,1,0.9938811
1,1,0.95163983
1,1,0.8794978
1,1,0.73937523
0,0,0.13217086
0,0,0.023803085
0,0,0.0066633956
0,0,0.009358228
0,0,0.016988354
0,0,0.0045334194
0,0,0.0061505516
0,0,0.017114049
0,0,0.028901787
0,0,0.07053083
0,0,0.09440035
0,0,0.12013694
0,0,0.063673474
0,0,0.018105222
0,0,0.011171803
0,0,0.008041349
0,0,0.0079092225
0,0,0.07044045
0,0,0.12889718
0,0,0.0685662
0,0,0.06589581
0,0,0.052702807
0,0,0.04371169
0,0,0.068787105
0,0,0.0994425
0,0,0.08541555
0,0,0.08334425
0,0,0.11977504
0,0,0.1199029
1,1,0.7955952
1,1,0.9866854
1,1,0.9971734
1,1,0.9951291
1,1,0.9830998
1,1,0.9759305
1,1,0.988036
1,1,0.99033886
1,1,0.9950505
1,1,0.99442744
1,1,0.98161775
1,1,0.9595363
1,1,0.92488784
1,1,0.94981474
1,1,0.977944
1,1,0.99196905
1,1,0.99858993
1,1,0.99861693
1,1,0.99653447
1,1,0.9890164
1,1,0.98454845
1,1,0.9738777
1,1,0.518317
1,0,0.085066855
1,0,0.023007497
1,0,0.044443157
1,0,0.0053832117
1,0,0.003258831
1,0,0.01072069
1,0,0.13313495
1,0,0.073177
1,0,0.01851581
1,0,0.03703164
1,0,0.023860753
1,0,0.0125303995
1,0,0.038535822
1,0,0.06597324
1,0,0.08997287
1,0,0.103154756
1,0,0.10183896
1,0,0.06783399
1,0,0.06041866
1,0,0.028565595
1,0,0.02311653
1,0,0.048650168
1,0,0.027885504
1,0,0.008581598
1,0,0.0063160704
1,0,0.02029281
1,0,0.13053113
1,0,0.45979467
1,0,0.39359996
1,0,0.3673991
1,0,0.14628798
1,0,0.017657412
1,0,0.005966202
1,0,0.007906304
1,0,0.0141705675
1,0,0.006223651
1,0,0.0060850387
1,0,0.010995372
1,0,0.0074926065
1,0,0.0052453564
1,0,0.033792622
1,0,0.10932102
1,0,0.12797137
1,0,0.048295356
1,0,0.0046147737
1,0,0.002761483
1,0,0.0047102435
1,0,0.033947326
1,0,0.06500178
1,0,0.043389622
1,0,0.01979379
1,0,0.013259601
1,0,0.027936837
1,0,0.019645395
0,0,0.02788708
0,0,0.026535133
0,0,0.0412015
0,0,0.15151766
0,1,0.89370203
0,1,0.9307029
0,1,0.8514483
0,1,0.79082114
0,1,0.86556906
0,1,0.8657142
0,1,0.61430407
0,0,0.29145148
0,0,0.15273172
0,0,0.107655525
0,0,0.13077433
0,0,0.10658108
0,0,0.13338499
0,0,0.057694916
0,0,0.027487066
0,0,0.034096044
0,0,0.04554167
0,0,0.026702164
0,0,0.012937719
0,0,0.007995162
0,0,0.0064708027
0,0,0.0056417263
0,0,0.0064597395
0,0,0.0064398902
0,0,0.009449715
0,0,0.013152131
0,0,0.006936319
0,0,0.0041087465
0,0,0.0023226663
0,0,0.0018427583
0,0,0.0025653348
0,0,0.0044152057
0,0,0.007788927
0,0,0.0116646765
0,0,0.0072390726
0,0,0.0075402083
0,0,0.012280572
0,0,0.024482535
0,0,0.06914788
0,0,0.24488726
0,0,0.27708676
0,0,0.47823277
0,1,0.9829753
0,1,0.9923505
0,1,0.97396314
0,1,0.92521304
0,1,0.90326554
0,1,0.85740554
0,1,0.93463665
0,1,0.9556926
0,1,0.9669165
0,1,0.9652987
0,1,0.969071
0,1,0.95811856
0,1,0.932247
0,1,0.9083523
0,1,0.8696149
0,1,0.77199876
0,1,0.9243731
0,1,0.8505792
0,1,0.8989527
0,1,0.9349979
0,1,0.9044629
0,1,0.80416477
1,1,0.6672728
1,1,0.72921795
1,1,0.8011966
1,1,0.88326824
1,1,0.937597
1,1,0.95856255
1,1,0.9769249
1,1,0.9785113
1,1,0.978371
1,1,0.9594179
1,1,0.8754384
0,1,0.8802058
0,1,0.8550026
0,1,0.7832978
0,1,0.7962518
0,1,0.89540625
0,1,0.79725325
0,1,0.7825195
0,1,0.7948539
0,1,0.80515724
0,1,0.75581014
0,1,0.5934363
1,1,0.7747271
1,1,0.9194397
1,1,0.97885484
1,1,0.9974509
1,1,0.9987191
1,1,0.99423814
1,1,0.9896994
1,1,0.98503023
1,1,0.98992467
1,1,0.99575293
1,1,0.990406
0,1,0.9323917
0,1,0.8893973
0,1,0.9658104
0,1,0.9605987
0,0,0.29335344
0,0,0.3051988
0,0,0.20160465
0,0,0.13545741
0,0,0.11706778
0,0,0.11777417
0,0,0.08102312
0,0,0.047541015
0,0,0.049103666
0,0,0.041460227
0,0,0.032409877
0,0,0.03502663
0,0,0.050400056
0,0,0.07937202
0,0,0.0808319
0,0,0.036901526
0,0,0.015229201
0,0,0.008650243
0,0,0.007654373
0,0,0.0076277223
0,0,0.014645684
0,0,0.016287036
0,0,0.027001586
0,0,0.0694846
0,0,0.07543138
0,1,0.7048488
0,1,0.9425702
0,1,0.92756134
0,1,0.91568923
0,1,0.89515287
0,1,0.94616765
0,1,0.9345679
0,1,0.9212458
0,1,0.9103518
0,1,0.85011476
0,1,0.6540561
1,1,0.7511217
1,1,0.77547574
1,1,0.8739687
1,1,0.920965
1,1,0.92676145
1,1,0.93323433
1,1,0.95383793
1,1,0.9691079
1,1,0.97985065
1,1,0.98279244
1,1,0.9796933
0,1,0.84017533
0,0,0.49089357
0,0,0.20053013
0,0,0.26781124
0,0,0.2813201
0,0,0.2823725
0,0,0.219925
0,0,0.22745481
0,0,0.22342099
0,0,0.1970469
0,0,0.1837524
0,0,0.19585134
0,0,0.19517052
0,0,0.19670717
0,0,0.2094532
0,0,0.19835779
0,0,0.20154463
0,0,0.31225225
0,0,0.40830073
0,0,0.33225316
0,0,0.32265943
0,0,0.34045795
0,0,0.36684832
0,0,0.48854122
0,1,0.5339502
0,0,0.36201736
0,0,0.17950632
0,0,0.15023145
0,0,0.24414757
0,0,0.30651727
0,0,0.180447
0,0,0.1749866
0,0,0.2726968
0,0,0.4163402
0,0,0.4146397
0,0,0.3232764
0,0,0.361978
0,0,0.3210675
0,0,0.36446068
0,0,0.24670884
0,0,0.1793192
0,0,0.16910826
0,0,0.14487721
0,0,0.14274488
0,0,0.14024557
0,0,0.28699195
0,0,0.47659698
0,0,0.43784967
0,0,0.30032808
0,0,0.2428543
0,0,0.33502874
0,0,0.3477466
0,0,0.3544553
0,0,0.32068637
0,0,0.4521956
0,0,0.39742696
0,0,0.17979716
0,0,0.03832359
0,0,0.01126207
0,0,0.0057491367
0,0,0.007050349
0,0,0.013852121
0,0,0.023168981
0,0,0.022211941
0,0,0.010707367
0,0,0.0053382707
0,0,0.0027104574
0,0,0.0022821082
0,0,0.00338305
0,0,0.008604347
0,0,0.020903308
0,0,0.014699953
0,0,0.010590616
0,0,0.014333137
0,0,0.022233931
0,0,0.020735942
0,0,0.04774374
0,0,0.0536015
0,0,0.04862457
0,0,0.048405387
0,0,0.040436223
0,0,0.035115883
0,0,0.03027957
0,0,0.027685978
0,0,0.043018352
0,0,0.058749948
0,0,0.059667323
0,0,0.070893876
0,0,0.06961845
0,0,0.072813034
0,0,0.08893329
0,0,0.08912423
0,0,0.12673797
0,0,0.15605932
0,0,0.15194704
0,0,0.17222965
0,0,0.20760797
0,0,0.30428988
0,0,0.30398807
0,0,0.27181932
0,0,0.24613872
1,1,0.8014929
1,1,0.97198325
1,1,0.98821276
1,1,0.99240947
1,1,0.9964263
1,1,0.9925634
1,1,0.9706842
1,1,0.9450433
1,1,0.9542607
1,1,0.95204115
1,1,0.9522009
1,1,0.984484
1,1,0.9723331
1,1,0.9569543
1,1,0.9418598
1,1,0.93015915
1,1,0.8946061
1,1,0.8601802
1,1,0.88020694
1,1,0.9447087
1,1,0.9436259
1,1,0.93488216
1,1,0.92473096
1,1,0.9328751
1,1,0.8387381
1,1,0.9324572
1,1,0.8446899
1,1,0.8579928
1,1,0.90044975
1,1,0.93891263
1,1,0.9609173
1,1,0.9738851
1,1,0.9892938
1,1,0.99452716
1,1,0.997256
1,1,0.99699044
1,1,0.9944125
1,1,0.970445
1,1,0.9749552
1,1,0.9545668
1,1,0.9901721
1,1,0.9915354
1,1,0.9867138
1,1,0.98829085
1,1,0.98747706
1,1,0.9829329
1,1,0.961582
1,1,0.79108226
1,0,0.41352248
1,0,0.29063228
1,0,0.31690195
1,0,0.3014295
1,0,0.30139583
1,0,0.39127293
1,1,0.50325024
0,0,0.14308214
0,0,0.038655583
0,0,0.043077905
0,0,0.11746586
0,0,0.04790658
0,0,0.025063114
0,0,0.019115938
0,0,0.00837007
0,0,0.003293347
0,0,0.002974433
0,0,0.010665415
0,0,0.029436328
0,0,0.037898462
0,0,0.019648092
0,0,0.019649107
0,0,0.026166145
0,0,0.015189278
0,0,0.0173966
0,0,0.036338463
0,0,0.026576797
0,0,0.02868159
0,0,0.07961037
0,0,0.120633714
0,0,0.07978824
0,0,0.0991671
0,0,0.15654302
0,0,0.1357671
0,0,0.1697666
0,0,0.287586
1,0,0.33652803
1,1,0.5474259
1,1,0.71938175
1,1,0.9095159
1,1,0.9800577
1,1,0.95499945
1,1,0.9738091
1,1,0.98539066
1,1,0.97195226
1,1,0.9770881
1,1,0.97368556
1,1,0.9778217
1,1,0.9803642
1,1,0.98288083
1,1,0.9900305
1,1,0.9979867
1,1,0.9971865
1,1,0.99817145
1,1,0.9985384
1,1,0.99687934
1,1,0.9967771
1,1,0.9987752
0,1,0.98555714
0,1,0.88126713
0,1,0.9233243
0,1,0.8100345
0,0,0.050619308
0,0,0.026180735
0,0,0.020164851
0,0,0.017671825
0,0,0.022102691
0,0,0.03363774
0,0,0.028873194
0,0,0.02002826
0,0,0.0139735695
0,0,0.0115058655
0,0,0.0180225
0,0,0.02230757
0,0,0.016919497
0,0,0.016340649
0,0,0.020396477
0,0,0.02414785
0,0,0.023090662
0,0,0.025084062
0,0,0.036762882
0,0,0.047857534
0,0,0.038190447
0,0,0.033652768
0,0,0.048080835
0,0,0.05352169
0,0,0.039175205
0,0,0.026294988
0,0,0.03122351
0,0,0.0584689
0,0,0.083916485
1,0,0.05990972
1,0,0.04462091
1,0,0.047662947
1,0,0.0416041
1,0,0.03404789
1,0,0.03632467
1,0,0.025055457
1,0,0.025647115
1,0,0.025687242
1,0,0.022674624
1,0,0.034455422
1,0,0.0738127
1,0,0.08613745
1,0,0.049325295
1,0,0.054035086
1,0,0.12033037
1,0,0.19901344
1,0,0.22233933
1,0,0.18088189
1,0,0.24474472
1,0,0.23335202
1,0,0.18258905
0,0,0.0766972
0,0,0.20017134
0,0,0.080866896
0,0,0.0063248924
0,0,0.0008110649
0,0,0.00060083583
0,0,0.0070647183
0,0,0.011433145
0,0,0.018874135
0,0,0.037576545
0,0,0.041756302
0,0,0.05190299
0,0,0.018449007
0,0,0.00633733
0,0,0.007273877
0,0,0.023433942
0,0,0.007921711
0,0,0.024625147
0,0,0.07227528
0,0,0.0821867
0,0,0.08893962
0,0,0.029780807
0,0,0.062079437
0,0,0.14245959
0,0,0.14792009
0,0,0.06389458
0,0,0.054215305
0,0,0.060928993
0,0,0.047894526
0,0,0.052361116
0,0,0.031677295
0,0,0.023764024
0,0,0.0647716
0,0,0.04191225
0,0,0.044626113
0,0,0.051452443
0,0,0.102875896
0,0,0.08936721
0,0,0.030339105
0,0,0.024063999
0,0,0.021436645
0,0,0.022943273
0,0,0.018670572
0,0,0.017192734
0,0,0.033863768
0,0,0.03782331
1,0,0.32025462
1,1,0.65716064
1,1,0.7392839
1,1,0.7557629
1,1,0.8597544
1,1,0.84607273
1,0,0.3887486
1,1,0.5719521
1,0,0.44022584
1,0,0.34144524
1,0,0.2345602
1,0,0.16784218
1,0,0.18742974
1,0,0.40106753
1,1,0.7068309
1,1,0.96976143
1,0,0.484492
1,0,0.372015
1,0,0.18059488
1,0,0.22073865
1,0,0.28640434
1,0,0.3270551
1,0,0.32732195
1,0,0.47612405
1,1,0.8585856
1,1,0.98288786
1,1,0.9983223
1,1,0.9976835
1,1,0.9968727
1,1,0.9949949
1,1,0.9950471
1,1,0.99561524
1,1,0.98930323
1,1,0.99028534
1,1,0.9974769
1,1,0.9990472
1,1,0.99952567
1,1,0.99983287
1,1,0.9997335
1,1,0.99978215
1,1,0.9996698
1,1,0.9993364
1,1,0.9992786
1,1,0.9986351
1,1,0.9966097
1,1,0.9942713
1,1,0.98784953
1,1,0.97614187
1,1,0.98239636
1,1,0.99361175
1,1,0.9966383
1,1,0.9869622
1,1,0.96121645
1,1,0.9748414
1,1,0.9876038
0,1,0.9663685
0,1,0.9201261
0,1,0.92024004
0,1,0.9876978
0,1,0.9558164
0,1,0.9582057
0,1,0.9130039
0,1,0.89686567
0,1,0.8677277
0,1,0.8274411
0,1,0.8998126
0,1,0.94705766
0,1,0.9702213
0,1,0.9782039
0,1,0.9454
0,1,0.910145
0,1,0.9522547
0,1,0.951789
0,1,0.9529202
0,1,0.94507706
0,1,0.9364909
0,1,0.9480111
0,1,0.9632478
0,1,0.9558212
0,1,0.88534456
0,1,0.80254906
0,1,0.73327905
0,1,0.7434879
0,1,0.75510883
1,1,0.96366453
1,1,0.96970797
1,1,0.9448842
1,1,0.9004983
1,1,0.9109525
1,1,0.9478335
1,1,0.97515196
1,1,0.95888543
1,1,0.9685412
1,1,0.97228676
1,1,0.969288
1,1,0.9938001
1,1,0.99728465
1,1,0.99333525
1,1,0.9596
1,1,0.89296263
1,1,0.8703693
1,0,0.48948348
1,1,0.5026882
1,0,0.49142715
1,1,0.6577103
1,1,0.8755464
0,1,0.77581376
0,0,0.486176
0,0,0.32727474
0,0,0.22744355
0,0,0.008305674
0,0,0.009594814
0,0,0.010599573
0,0,0.00726911
0,0,0.0043841302
0,0,0.0049119596
0,0,0.0077181687
0,0,0.013381639
0,0,0.021984005
0,0,0.018414807
0,0,0.009597388
0,0,0.0079817055
0,0,0.0072829938
0,0,0.0070860735
0,0,0.006344519
0,0,0.0052726734
0,0,0.00408395
0,0,0.0036739926
0,0,0.0046048006
0,0,0.017498551
0,0,0.015100602
0,0,0.017415725
0,0,0.011720826
0,0,0.006423317
0,0,0.00485031
0,0,0.0038992797
0,0,0.005766891
0,0,0.0064555113
0,0,0.0035719804
0,0,0.0023087854
0,0,0.001838317
0,0,0.002941769
0,0,0.005089648
0,0,0.010669902
0,0,0.020741696
0,0,0.040181026
0,0,0.032669194
0,0,0.04049471
0,0,0.0627648
0,0,0.058286138
0,0,0.055118598
0,0,0.038571462
0,0,0.009801788
0,0,0.0032463616
0,0,0.0021959688
0,0,0.11247363
0,0,0.2534741
0,0,0.43992096
0,0,0.41613495
0,0,0.31394798
0,0,0.28119096
0,0,0.4104624
0,0,0.22373365
0,0,0.15454544
0,0,0.1442898
0,0,0.13436103
0,0,0.11567209
0,0,0.099213466
0,0,0.09238711
0,0,0.083740816
0,0,0.06906684
0,0,0.06427752
0,0,0.10299755
0,0,0.18626642
0,0,0.24452673
0,0,0.29564855
0,0,0.33217537
0,0,0.25826335
0,0,0.19417715
0,0,0.17964248
0,0,0.16944596
0,0,0.16117556
0,0,0.18103442
0,0,0.19393148
0,0,0.20081882
0,0,0.19609009
0,0,0.19097638
0,0,0.19332038
0,0,0.17574993
0,0,0.16185589
0,0,0.15140119
0,0,0.15259364
0,0,0.15401246
0,0,0.16586444
0,0,0.1748606
0,0,0.17878456
0,0,0.18570323
0,0,0.19162531
0,0,0.19955082
0,0,0.20828955
0,0,0.1970737
0,0,0.19045514
0,0,0.17256689
0,0,0.15776052
0,0,0.16110368
0,0,0.16851245
0,0,0.18795466
0,0,0.18491781
0,0,0.15298203
0,0,0.11321017
0,0,0.08708272
0,0,0.05791537
0,0,0.04618959
0,0,0.047313705
0,0,0.050960142
0,0,0.0476956
0,0,0.04511288
0,0,0.045249898
0,0,0.048815873
0,0,0.051697444
0,0,0.062333994
0,0,0.07656662
0,0,0.09805159
0,0,0.11431257
0,0,0.12258928
0,0,0.12742238
0,0,0.121988714
0,0,0.113420635
0,0,0.108882636
0,0,0.10532957
0,0,0.106323764
0,0,0.12047913
0,0,0.1295433
0,0,0.13336316
0,0,0.1390595
0,0,0.116741
0,0,0.099915005
0,0,0.100327946
0,0,0.101316385
0,0,0.10745422
0,0,0.1103099
0,0,0.11216875
0,0,0.11906089
0,0,0.123315915
0,0,0.11388937
0,0,0.10642162
0,0,0.10186936
0,0,0.10101468
0,0,0.10494963
0,0,0.10691115
0,0,0.11193329
0,0,0.115513496
0,0,0.11732337
0,0,0.12238138
0,0,0.12895131
0,0,0.12530448
0,0,0.11823451
0,0,0.1087067
0,0,0.09504664
0,0,0.084038354
0,0,0.082020424
0,0,0.09304171
0,0,0.16297917
0,0,0.26014185
0,0,0.2944427
0,0,0.30515388
0,0,0.28497386
0,0,0.19974144
0,0,0.16472116
0,0,0.15844496
0,0,0.14640698
0,0,0.14167182
0,0,0.14719248
0,0,0.15546812
0,0,0.16127409
0,0,0.16089305
0,0,0.15586835
0,0,0.1452416
0,0,0.1433957
0,0,0.16524498
0,0,0.19821355
0,0,0.2049059
0,0,0.20029382
0,0,0.21057251
0,0,0.20102002
0,0,0.17821339
0,0,0.17681448
0,0,0.17022802
0,0,0.1507587
0,0,0.12952094
0,0,0.12329206
0,0,0.12117423
0,0,0.12417826
0,0,0.21822596
0,0,0.3845498
0,0,0.42453885
0,0,0.40493014
0,0,0.3843815
0,0,0.2562366
0,0,0.11218326
0,0,0.0912284
0,0,0.09055804
0,0,0.084912084
0,0,0.09418496
0,0,0.1257467
0,0,0.16404575
0,0,0.17879249
0,0,0.18266486
0,0,0.16521591
0,0,0.14439611
0,0,0.1368231
0,0,0.13053717
0,0,0.12771547
0,0,0.1238973
0,0,0.12463691
0,0,0.12447084
0,0,0.12352175
0,0,0.1128377
0,0,0.1191227
0,0,0.12546554
0,0,0.12913032
0,0,0.13287963
0,0,0.13194822
0,0,0.12525767
0,0,0.11826549
0,0,0.114953354
0,0,0.11681453
0,0,0.1187445
0,0,0.11672875
0,0,0.11434071
0,0,0.11444099
0,0,0.112687744
0,0,0.1176908
0,0,0.13229865
0,0,0.13837926
0,1,0.77044684
0,1,0.7137233
0,0,0.4293389
0,0,0.17401062
0,0,0.0850682
0,0,0.10246207
0,0,0.17900576
0,0,0.09310847
0,0,0.036588322
0,0,0.03337845
0,0,0.054487947
1,0,0.15258244
1,0,0.15922791
1,0,0.12542933
1,0,0.086281404
1,0,0.12124891
1,0,0.14864866
1,0,0.23624434
1,0,0.35914576
1,0,0.41611397
1,0,0.34842125
1,0,0.22538397
1,0,0.18632564
1,0,0.13628517
1,0,0.08462106
1,0,0.2066246
1,0,0.2637109
1,0,0.13794884
1,0,0.09636718
1,0,0.088333175
1,0,0.13788919
1,0,0.08452035
1,0,0.07509
1,0,0.28507861
1,0,0.19521023
1,0,0.11778389
1,0,0.10901843
1,0,0.12430058
1,0,0.118023545
1,0,0.072237864
1,0,0.05127896
1,0,0.042177733
1,0,0.030434415
1,0,0.022700438
1,0,0.03140761
1,0,0.06646065
1,1,0.8657661
1,1,0.9777669
1,1,0.9775318
1,1,0.97339624
1,1,0.96950823
1,1,0.9623838
1,1,0.97212166
1,1,0.98651135
1,1,0.9842523
1,1,0.9691711
1,1,0.9166298
1,1,0.94619316
1,1,0.98122644
1,1,0.98802674
1,1,0.98689914
1,1,0.9705649
1,1,0.9516478
1,1,0.95084536
1,1,0.90904766
1,1,0.881948
1,1,0.68394107
1,0,0.47291723
1,0,0.44766626
1,0,0.4191346
1,0,0.4046637
1,1,0.6056586
1,1,0.9664707
1,1,0.9541134
1,1,0.8737895
1,1,0.753137
1,1,0.7850374
1,1,0.86778647
1,1,0.8273319
1,1,0.8090989
1,1,0.9905289
1,1,0.99451196
1,1,0.9447501
1,1,0.9653497
1,1,0.94597846
1,1,0.8564567
1,1,0.74108934
1,1,0.6172802
1,1,0.54488087
1,1,0.5582613
1,1,0.5654386
1,0,0.472067
1,0,0.4559945
1,0,0.44047257
1,1,0.7031699
1,1,0.79575425
1,1,0.797333
1,1,0.79502463
1,1,0.7242701
1,1,0.58685267
1,1,0.5704708
0,0,0.47510695
0,0,0.39463973
0,0,0.48440287
0,0,0.46032816
0,0,0.11213304
0,0,0.12699911
0,0,0.22666277
0,0,0.13924107
0,0,0.06900007
0,0,0.052489176
0,0,0.073380336
0,0,0.1853386
0,0,0.26159027
0,0,0.23558208
0,0,0.20265703
0,0,0.2938564
0,0,0.23006873
0,0,0.15617749
0,0,0.1384077
0,0,0.15828578
0,0,0.21350828
0,0,0.20942867
0,0,0.14318012
0,0,0.23051588
0,0,0.35377198
0,0,0.43397298
0,0,0.41811967
0,0,0.40352118
0,0,0.3823524
1,1,0.9480709
1,1,0.98528266
1,1,0.99143195
1,1,0.98417246
1,1,0.9354375
1,1,0.96222466
1,1,0.9845303
1,1,0.97794026
1,1,0.9744912
1,1,0.9337174
1,1,0.87911403
1,1,0.7718003
1,1,0.6263169
1,1,0.60603327
1,1,0.63203055
1,1,0.56932443
1,1,0.5694976
1,1,0.6080611
1,1,0.7610509
1,1,0.86161375
1,1,0.7407429
1,1,0.68865335
0,0,0.490587
0,0,0.28977853
0,0,0.17105155
0,0,0.0925648
0,0,0.094344884
0,0,0.092180714
0,0,0.14343998
0,0,0.15082294
0,0,0.2411538
0,0,0.48333198
0,1,0.536183
0,0,0.30348873
0,0,0.13064362
0,0,0.10600014
0,0,0.16562618
0,0,0.37676555
0,0,0.44645795
0,0,0.3556375
0,0,0.22137886
0,0,0.13794391
0,0,0.092628
0,0,0.09830252
0,0,0.15700367
0,0,0.16754271
0,0,0.26369712
0,0,0.2907637
0,0,0.23773998
0,0,0.22119658
0,0,0.3011694
0,0,0.2320725
0,0,0.17978601
0,0,0.16394286
0,0,0.09053332
1,0,0.08148556
1,0,0.103067376
1,0,0.14332983
1,0,0.2131316
1,0,0.264785
1,0,0.37298337
1,0,0.38248718
1,0,0.3401016
1,0,0.25680196
1,0,0.146521
1,0,0.17866445
1,0,0.20583642
1,0,0.09222899
1,0,0.06192601
1,0,0.039716285
1,0,0.10450293
1,0,0.2905838
1,0,0.26008418
1,0,0.20564039
1,0,0.11594432
1,0,0.18834153
1,0,0.23208494
0,0,0.034893263
0,0,0.0077862
0,0,0.0012137179
0,0,0.0003468691
0,0,0.00031948308
0,0,0.0011539381
0,0,0.0025393567
0,0,0.0024554688
0,0,0.002275746
0,0,0.0017990265
0,0,0.0024376807
0,0,0.003305418
0,0,0.0018772539
0,0,0.00069164403
0,0,0.00060455763
0,0,0.0014735494
0,0,0.0018150822
0,0,0.002186188
0,0,0.00475509
0,0,0.014503518
0,0,0.027237145
0,0,0.029815933
0,0,0.012155929
0,0,0.00755831
0,0,0.009499635
0,0,0.0063716653
0,0,0.0058780755
0,0,0.009624239
0,0,0.017645506
0,0,0.017634293
0,0,0.006320525
0,0,0.0035265053
0,0,0.0026919958
0,0,0.0015314857
0,0,0.0011414324
0,0,0.0009048584
0,0,0.000925168
0,0,0.0005030224
0,0,0.00029130146
0,0,0.000497759
0,0,0.00058493053
0,0,0.00048972736
0,0,0.00048333165
0,0,0.00036569702
0,0,0.00028152202
0,0,0.00029347662
1,0,0.0043462594
1,0,0.040766794
1,0,0.02462463
1,0,0.009256357
1,0,0.006736615
1,0,0.0064629596
1,0,0.009721391
1,0,0.010726461
1,0,0.015663987
1,0,0.033925164
1,0,0.04037758
0,0,0.047030278
0,0,0.05443676
0,0,0.08471965
0,0,0.0907844
0,0,0.1351437
0,0,0.27754596
0,1,0.58954966
0,1,0.7160306
0,1,0.8543728
0,1,0.8960001
0,1,0.71472603
1,0,0.29730758
1,0,0.16065282
1,0,0.23209082
1,1,0.5853639
1,1,0.7577202
1,1,0.87290496
1,1,0.88942456
1,1,0.84419805
1,1,0.82145435
1,1,0.8417127
1,1,0.8428673
1,1,0.88689643
1,1,0.8175224
1,0,0.46992555
1,0,0.16217762
1,0,0.07225928
1,0,0.13387099
1,0,0.16906309
1,0,0.23327424
1,0,0.24704738
1,0,0.07420544
1,0,0.065196946
0,0,0.34456807
0,1,0.62944597
0,1,0.6217141
0,1,0.55455273
0,1,0.5596926
0,1,0.7830709
0,1,0.9143249
0,1,0.9034812
0,1,0.9132557
0,1,0.91805726
0,1,0.8804831
0,0,0.36176497
0,0,0.03971823
0,0,0.0026612708
0,0,0.0007144565
0,0,0.0006624177
0,0,0.000898322
0,0,0.0011053944
0,0,0.0011271241
0,0,0.0017241505
0,0,0.0032570623
0,0,0.0026971856
0,0,0.0022017057
0,0,0.0023475473
0,0,0.0019942124
0,0,0.0017159259
0,0,0.0013153084
0,0,0.00076386746
0,0,0.0006424414
0,0,0.000622647
0,0,0.00068699196
0,0,0.0008387859
0,0,0.0008743615
0,0,0.00083430635
0,0,0.00080949016
0,0,0.00068829773
0,0,0.0005667934
0,0,0.00057263504
0,0,0.00047857978
0,0,0.0004150876
1,0,0.011474951
1,0,0.37719408
1,1,0.62529343
1,1,0.7027588
1,1,0.7356776
1,1,0.74683434
1,1,0.6273109
1,1,0.7441336
1,1,0.89333135
1,1,0.8293717
1,1,0.72175497
1,1,0.61977476
1,0,0.49757898
1,0,0.33442545
1,0,0.16847299
1,0,0.053041454
1,0,0.03127331
1,0,0.040033687
1,0,0.08592079
1,0,0.16248289
1,0,0.28188396
1,1,0.7302967
0,0,0.47411934
0,0,0.1691691
0,0,0.05038208
0,0,0.008889305
0,0,0.0001550724
0,0,0.00030170166
0,0,0.00052173797
0,0,0.0008026666
0,0,0.00082588685
0,0,0.0007343727
0,0,0.0008459311
0,0,0.0011316797
0,0,0.0024268827
0,0,0.003848053
0,0,0.0061372924
0,0,0.00502025
0,0,0.0038494237
0,0,0.0029294197
0,0,0.0020221581
0,0,0.0024834932
0,0,0.0019047002
0,0,0.0017990943
0,0,0.0015363605
0,0,0.0011057757
0,0,0.0013060065
0,0,0.0022551892
0,0,0.0035025731
0,0,0.0053763096
0,0,0.0038284531
0,0,0.0043871035
0,0,0.007619865
0,0,0.0047756345
0,0,0.0025253391
1,0,0.002557334
1,0,0.0030264347
1,0,0.0026182937
1,0,0.0023656646
1,0,0.001223006
1,0,0.0011234147
1,0,0.0012071899
1,0,0.0010746252
1,0,0.0009318811
1,0,0.0008532852
1,0,0.000655428
1,0,0.00041696324
1,0,0.00037327767
1,0,0.00044744913
1,0,0.0005392848
1,0,0.0008807921
1,0,0.0011595986
1,0,0.00079311413
1,0,0.000616486
1,0,0.00084433943
1,0,0.0013211601
1,0,0.0009408129
0,1,0.6007299
0,0,0.13286678
0,0,0.15969312
0,0,0.26553488
0,0,0.39464572
0,0,0.4287451
0,0,0.44785705
0,0,0.44139618
0,0,0.40829462
0,0,0.38142222
0,0,0.38029543
0,0,0.40089738
0,0,0.39170316
0,0,0.3975658
0,0,0.374457
0,0,0.25677028
0,0,0.2168395
0,0,0.1527487
0,0,0.11145945
0,0,0.09751885
0,0,0.09580109
0,0,0.10957146
0,0,0.1453135
0,0,0.16621168
0,0,0.19404924
0,0,0.20794882
0,0,0.2252664
0,0,0.234542
0,0,0.1927288
0,0,0.17378962
0,0,0.16900213
0,0,0.14541453
0,0,0.13366435
0,0,0.13156497
0,0,0.16502133
0,0,0.18734546
0,0,0.24035388
0,0,0.28331697
0,0,0.2887286
0,0,0.28171346
0,0,0.263449
0,0,0.26438242
0,0,0.27199206
0,0,0.25689542
0,0,0.21712781
0,0,0.22549294
1,0,0.21531218
1,0,0.25494897
1,0,0.30738905
1,0,0.32954532
1,0,0.33350828
1,0,0.33982253
1,0,0.3197904
1,0,0.2854646
1,0,0.26714912
1,0,0.24142753
1,0,0.21988842
1,0,0.23939598
1,0,0.2855864
1,0,0.31783453
1,0,0.33114326
1,0,0.35277414
1,0,0.38623554
1,0,0.44121784
1,1,0.52669036
1,1,0.6001961
1,1,0.63456374
1,1,0.60371214
1,1,0.57063556
1,1,0.5305063
1,0,0.46855795
1,0,0.38444084
1,0,0.34628028
1,0,0.34256023
1,0,0.34907216
1,0,0.34506145
1,0,0.3203089
1,0,0.2836928
1,0,0.25306118
1,0,0.20157625
1,0,0.20792085
1,0,0.24294345
1,0,0.2775574
1,0,0.30233857
1,0,0.32447037
1,0,0.3039131
1,0,0.29078254
1,0,0.2700142
1,0,0.25323212
1,0,0.25922042
0,0,0.33390796
0,0,0.39673197
0,0,0.47232488
0,1,0.52674085
0,0,0.49791828
0,0,0.4494607
0,0,0.43819457
0,0,0.38319686
0,0,0.31672215
0,0,0.3171954
0,0,0.31979427
1,0,0.29711264
1,0,0.30336407
1,0,0.26091927
1,0,0.18118674
1,0,0.12179353
1,0,0.108715884
1,0,0.07924735
1,0,0.061487842
1,0,0.08733828
1,0,0.067908615
1,0,0.04191539
1,0,0.035507333
1,0,0.052535053
1,0,0.065626144
1,0,0.17649724
1,0,0.15943323
1,0,0.15429285
1,0,0.13409932
1,0,0.10128345
1,0,0.117199324
1,0,0.16248327
1,0,0.17581736
1,0,0.1648608
1,0,0.13231052
1,0,0.09366848
1,0,0.08526382
1,0,0.083444305
1,0,0.10154407
1,0,0.13256289
1,0,0.23864093
1,0,0.27689
1,0,0.2993312
1,0,0.28388003
1,0,0.32758915
1,0,0.33591655
1,0,0.3276087
1,0,0.31835777
1,0,0.31863678
1,0,0.31273013
1,0,0.31986508
0,0,0.32755524
0,0,0.31506976
0,0,0.30206588
0,0,0.31406897
0,0,0.34106973
0,0,0.3932988
0,0,0.43681133
0,0,0.4284676
0,0,0.37683183
0,0,0.35690418
0,0,0.3442851
0,0,0.3113082
0,0,0.28467283
0,0,0.27616405
0,0,0.24705487
0,0,0.19433832
0,0,0.19287881
0,0,0.22473206
0,0,0.22891453
0,0,0.22128224
0,0,0.26131344
0,0,0.2721354
0,0,0.2407983
0,0,0.2505378
0,0,0.27601415
0,0,0.26103058
0,0,0.25186437
0,0,0.22436936
0,0,0.20820715
0,0,0.23480524
0,0,0.22431026
0,0,0.18684636
0,0,0.20059043
0,0,0.1801784
0,0,0.16546313
0,0,0.18114322
0,0,0.18079452
0,0,0.1594619
0,0,0.15603347
0,0,0.16282967
0,0,0.1628282
0,0,0.16588598
0,0,0.17469983
0,0,0.19547254
0,0,0.19027475
0,0,0.19769521
0,0,0.20822476
0,0,0.23586924
0,0,0.23026612
0,0,0.28532687
0,0,0.34512177
0,0,0.37962833
0,0,0.38179076
0,0,0.4058334
0,0,0.37887952
0,0,0.2701146
0,0,0.24522793
0,0,0.2651149
0,0,0.2811213
0,0,0.2645877
0,0,0.2512499
0,0,0.20364235
0,0,0.19478488
0,0,0.2017493
0,0,0.2295339
0,0,0.26207754
0,0,0.047299925
0,0,0.07019845
0,0,0.109768264
0,0,0.1616379
0,0,0.18809976
0,0,0.20883232
0,0,0.20069316
0,0,0.1905733
0,0,0.18572775
0,0,0.17048201
0,0,0.15349638
1,0,0.110936746
1,0,0.07337826
1,0,0.03629145
1,0,0.01553739
1,0,0.010037735
1,0,0.02615981
1,0,0.032656725
1,0,0.038940612
1,0,0.033774853
1,0,0.020852925
1,0,0.011197907
1,0,0.011285989
1,0,0.015777497
1,0,0.02276621
1,0,0.04991038
1,0,0.07120932
1,0,0.06842172
1,0,0.062800705
1,0,0.0545172
1,0,0.04717822
1,0,0.04993849
1,0,0.04966871
1,0,0.04743418
1,0,0.04958972
1,0,0.04761882
1,0,0.04322821
1,0,0.0482174
1,0,0.05969263
1,0,0.063243605
1,0,0.06566337
1,0,0.06398661
1,0,0.063580856
1,0,0.06253831
1,0,0.059838645
1,0,0.055899043
0,0,0.09513125
0,0,0.20211317
0,0,0.36705023
0,0,0.48942798
0,1,0.5787145
0,1,0.58563215
0,1,0.60144806
0,1,0.66730475
0,1,0.7048741
0,1,0.70171577
0,1,0.6896325
0,1,0.7088444
0,1,0.71439475
0,1,0.6757129
0,1,0.69489807
0,1,0.7045566
0,1,0.72225726
0,1,0.7185414
0,1,0.70324326
0,1,0.6843008
0,1,0.6997078
0,1,0.75184005
0,1,0.6964403
0,1,0.67778784
0,1,0.660956
0,1,0.63038164
0,1,0.59009236
0,1,0.59637725
0,1,0.5834179
0,1,0.5640836
0,1,0.55398834
0,1,0.54366255
0,1,0.5478255
1,1,0.5367319
1,1,0.5175399
1,0,0.4929081
1,1,0.5068849
1,1,0.5260613
1,1,0.5399939
1,1,0.5651541
1,1,0.63008606
1,1,0.6475066
1,1,0.60810953
1,1,0.6067212
0,1,0.5078909
0,0,0.43569794
0,0,0.4137968
0,0,0.46616906
0,0,0.48699144
0,1,0.5216574
0,1,0.5433489
0,1,0.5324316
0,0,0.48132545
0,0,0.497979
0,1,0.57117116
0,1,0.5059913
0,0,0.3942746
0,0,0.29884326
0,0,0.2710953
0,0,0.20913413
0,0,0.1477305
0,0,0.14320838
0,0,0.14765309
0,0,0.14846566
0,0,0.14168489
0,0,0.14070801
0,0,0.1328577
0,0,0.12197019
0,0,0.12401711
0,0,0.1318841
0,0,0.13010684
0,0,0.13234185
0,0,0.13483256
0,0,0.12629513
0,0,0.11529899
0,0,0.11039873
0,0,0.10933952
0,0,0.10433009
0,0,0.109362416
0,0,0.11617711
0,0,0.11219337
0,0,0.10922667
0,0,0.10930272
0,0,0.11163942
1,0,0.17632572
1,0,0.29482362
1,0,0.3729783
1,0,0.4648051
1,1,0.5487196
1,1,0.5454967
1,1,0.6168049
1,1,0.6410286
1,1,0.649584
1,1,0.646634
1,1,0.64484334
1,1,0.6195299
1,1,0.59949267
1,1,0.572015
1,1,0.5945547
1,1,0.5970484
1,1,0.57569
1,1,0.5608135
1,1,0.5495363
1,1,0.5584661
1,1,0.58118063
1,1,0.58807737
1,1,0.55792296
1,0,0.44135317
1,0,0.3067562
1,0,0.19146779
1,0,0.112062246
1,0,0.111409806
1,0,0.10906439
1,0,0.10913358
1,0,0.1126235
1,0,0.11545113
1,0,0.116108224
1,0,0.117015496
1,0,0.12109018
1,0,0.11854384
1,0,0.1125176
1,0,0.10882883
1,0,0.10922444
1,0,0.1081637
1,0,0.102647655
1,0,0.09742399
1,0,0.10129647
1,0,0.098123536
1,0,0.08686
1,0,0.08576456
1,0,0.091540396
1,0,0.088991635
1,0,0.09260935
1,0,0.08594809
1,0,0.075209096
1,0,0.069223896
1,0,0.07170479
1,0,0.08294283
1,0,0.11218373
1,0,0.12124967
1,0,0.11546665
1,0,0.10837353
1,0,0.102612294
1,0,0.093774
1,0,0.08963373
1,0,0.090128526
1,0,0.08857632
1,0,0.09254568
1,0,0.0982257
1,0,0.09958359
1,0,0.09950533
1,0,0.10397969
1,0,0.103464805
1,0,0.100344256
1,0,0.098438665
1,0,0.09620086
1,0,0.09305812
1,0,0.097632736
1,0,0.10138575
1,0,0.09216663
1,0,0.08279071
0,0,0.15017936
0,0,0.15075155
0,0,0.16174227
0,0,0.23087884
0,1,0.5045554
0,1,0.7530938
0,1,0.5602544
0,0,0.19409756
0,0,0.08073653
0,0,0.052806567
0,0,0.041989926
0,0,0.058628764
0,0,0.21679395
0,0,0.3518419
0,0,0.36859006
0,0,0.4223166
0,0,0.23958075
0,0,0.43435833
0,1,0.675011
0,1,0.7260469
0,1,0.7173632
0,1,0.7755923
0,1,0.7883763
0,1,0.79200554
0,1,0.82512367
0,1,0.8196126
0,1,0.7593156
0,1,0.7150391
0,1,0.6980692
0,1,0.6773605
0,1,0.6996746
0,1,0.79133576
0,1,0.8562445
0,1,0.8616064
0,1,0.83139515
0,1,0.78796756
0,1,0.6931208
0,1,0.54834515
0,0,0.4723126
0,1,0.64525044
0,1,0.79464453
0,1,0.8397248
0,1,0.85631174
0,1,0.844388
0,1,0.8322732
0,1,0.84986866
1,1,0.89233744
1,1,0.95943314
1,1,0.9781105
1,1,0.9703305
1,1,0.91697216
1,1,0.7466202
1,1,0.64954966
1,1,0.6889004
1,1,0.71910733
1,1,0.72421896
1,1,0.6950315
1,1,0.8061688
1,1,0.89532393
1,1,0.9813231
1,1,0.995921
1,1,0.9972013
1,1,0.9447536
1,1,0.88051975
1,1,0.68612784
1,1,0.5748567
1,1,0.57828856
1,1,0.6280112
0,1,0.67192096
0,1,0.77284086
0,1,0.7358334
0,1,0.68319076
0,1,0.72041094
0,1,0.7176285
0,1,0.85491836
0,1,0.9102968
0,1,0.8633356
0,1,0.8279319
0,1,0.76308864
0,1,0.78261346
0,1,0.8721116
0,1,0.9032408
0,1,0.9235089
0,1,0.90305144
0,1,0.8037358
0,1,0.52020586
0,1,0.50705343
0,1,0.6248714
0,1,0.5577729
0,0,0.4614131
0,1,0.8998142
0,1,0.9678517
0,1,0.95587164
0,1,0.9245047
0,1,0.8839607
0,1,0.6827647
0,1,0.5438565
0,1,0.5748527
0,1,0.58498436
0,1,0.55243176
0,1,0.54096055
0,0,0.16470037
0,0,0.030373322
0,0,0.0064727785
0,0,0.018192984
0,1,0.80484146
0,1,0.85290545
0,1,0.9205356
0,1,0.9497039
0,1,0.9386276
0,1,0.8900361
0,1,0.865052
0,1,0.87941134
0,1,0.8349351
0,1,0.73944676
0,1,0.68475926
0,1,0.71059716
0,1,0.7670913
0,1,0.76481265
0,1,0.7349145
0,1,0.72272676
0,1,0.7225065
0,1,0.7164927
0,1,0.6542303
0,1,0.65545666
0,1,0.7500812
0,1,0.7622768
0,1,0.60654736
0,1,0.61469984
0,1,0.61993545
1,1,0.9789352
1,1,0.9968135
1,1,0.99746907
1,1,0.9953105
1,1,0.98069936
1,1,0.85040534
1,1,0.6146361
1,1,0.572901
1,1,0.64455
1,1,0.67861795
1,1,0.7099829
0,1,0.81154156
0,1,0.8619149
0,1,0.80930305
0,1,0.8368585
0,1,0.8915259
0,1,0.9181264
0,1,0.92813605
0,1,0.89336014
0,1,0.8910805
0,1,0.9097274
0,1,0.9223739
0,1,0.64870167
0,0,0.38204238
0,0,0.19959454
0,0,0.06262259
0,0,0.034491673
0,0,0.04867456
0,0,0.12607047
0,0,0.24661595
0,0,0.28840593
0,0,0.37538368
0,0,0.44277912
0,0,0.48096296
0,0,0.44087237
0,0,0.45286006
0,1,0.52128917
0,1,0.57978576
0,1,0.6692816
0,1,0.7566631
0,1,0.81848687
0,1,0.85041606
0,1,0.86151403
0,1,0.8696172
0,1,0.869758
0,1,0.8692363
0,1,0.8647212
0,1,0.87010235
0,1,0.8795226
0,1,0.88364255
0,1,0.88795704
0,1,0.8762097
0,1,0.8478482
0,1,0.81180495
0,1,0.82463795
0,1,0.82575905
0,1,0.74142045
0,1,0.5858496
0,0,0.2209796
0,0,0.10225427
0,0,0.26635334
0,0,0.21634944
0,0,0.15239649
0,0,0.1678621
0,0,0.22308344
0,0,0.25884882
0,0,0.32032916
0,0,0.37682936
0,0,0.41807038
0,0,0.49236083
0,1,0.5532704
0,1,0.55298287
0,1,0.5486913
0,1,0.55974776
0,1,0.57246137
0,1,0.5771211
0,1,0.596633
0,0,6.791821e-05
0,0,0.0008644863
0,0,0.0006972982
0,0,0.0006253136
0,0,0.00032158
0,0,0.0013397933
0,0,0.0020683804
0,0,0.0015127236
0,0,0.00046659028
0,0,0.00016268226
0,0,0.00034044817
0,0,0.00040399557
0,0,0.00040982096
0,0,0.0006149199
0,0,0.00085510674
0,0,0.0037191245
0,0,0.0032199721
0,0,0.0021713492
0,0,0.0022445654
0,0,0.0010333704
0,0,0.0021392247
0,0,0.003669733
0,0,0.0017768702
0,0,0.0011362508
0,0,0.0011666062
0,0,0.001196982
0,0,0.0008530583
0,0,0.0012329568
0,0,0.0022378583
0,0,0.0021396687
0,0,0.0045719068
0,0,0.0036559326
0,0,0.0029374755
0,0,0.0022935574
0,0,0.0013903243
0,0,0.0007356752
0,0,0.00048254328
0,0,0.0012322314
0,0,0.0008130039
0,0,0.0007559104
0,0,0.0010620862
0,0,0.0013733343
0,0,0.0010893937
0,0,0.0011753914
0,0,0.0018180392
0,0,0.0017757523
1,0,0.34138554
1,0,0.49144796
1,0,0.43072695
1,0,0.42686123
1,0,0.48643997
1,1,0.57972926
1,1,0.69573784
1,1,0.74968916
1,1,0.90095663
1,1,0.87550086
1,1,0.927643
1,1,0.9762014
1,1,0.87112516
1,1,0.80760115
1,1,0.8992717
1,1,0.8524767
1,1,0.84230703
1,1,0.8138318
1,1,0.7278098
1,1,0.8176279
1,1,0.6622608
1,1,0.58966005
1,1,0.7330205
1,1,0.7125928
1,1,0.569237
1,0,0.4743656
1,0,0.36523452
1,0,0.3241889
1,0,0.27808675
1,0,0.26269794
1,0,0.2668627
1,0,0.31235257
1,0,0.3422976
1,1,0.51659334
1,1,0.65296364
1,1,0.8038439
1,1,0.8027277
1,1,0.7430825
1,1,0.6476575
1,1,0.59193695
1,1,0.5189986
1,0,0.4396028
1,0,0.48858032
1,1,0.61471814
0,1,0.7144435
0,1,0.6551361
0,0,0.49554503
0,0,0.3244211
0,0,0.27449563
0,0,0.27866754
0,0,0.3020519
0,0,0.3065105
0,0,0.31556472
0,0,0.3114645
0,0,0.3063507
0,0,0.18128635
0,0,0.053038552
0,0,0.008069568
0,0,0.0032736126
0,0,0.011726826
0,0,0.008724844
0,0,0.009060905
0,0,0.011841896
0,0,0.00425002
0,0,0.0040494655
0,0,0.012066164
0,0,0.0087972935
0,0,0.003503127
0,0,0.0024170324
0,0,0.0031768265
0,0,0.0018946914
0,0,0.0008519251
0,0,0.0006077112
0,0,0.00084308494
0,0,0.0012146825
0,0,0.00086554623
0,0,0.0007499166
0,0,0.0008218446
0,0,0.00053414045
0,0,0.00044859023
0,0,0.0005024435
0,0,0.0005739901
0,0,0.0006085093
0,0,0.0005156828
1,0,0.031649273
1,0,0.13852316
1,0,0.31595945
1,0,0.45497096
1,1,0.52457863
1,1,0.5556101
1,1,0.65554583
1,1,0.57623583
1,0,0.40870515
1,0,0.38882914
1,1,0.5528149
0,1,0.7535111
0,1,0.7278361
0,1,0.7631393
0,1,0.6911668
0,0,0.4820505
0,1,0.5306523
0,1,0.5678498
0,1,0.6499386
0,1,0.7589047
0,1,0.78627086
0,1,0.7715172
0,0,0.39045525
0,0,0.08112858
0,0,0.009930518
0,0,0.00067727815
0,0,0.00046332006
0,0,0.0004045729
0,0,0.0007326915
0,0,0.0006042412
0,0,0.0005631783
0,0,0.00063040986
0,0,0.00039180455
0,0,0.00028917656
0,0,0.0003266696
0,0,0.000485653
0,0,0.00050994335
0,0,0.00044840432
0,0,0.00043905244
0,0,0.00046699942
0,0,0.00043063506
0,0,0.00036198183
0,0,0.00040871135
0,0,0.0004305144
0,0,0.0005055262
0,0,0.00055883697
0,0,0.00057293795
0,0,0.0004616065
0,0,0.00030328784
0,0,0.00032708
0,0,0.00036318958
0,0,0.0005253124
0,0,0.0010127424
0,0,0.0019578908
0,0,0.0013198383
0,0,0.00059221615
0,0,0.00032100565
0,0,0.00027096155
0,0,0.0004157687
0,0,0.0006730911
0,0,0.0010419799
0,0,0.0009980947
0,0,0.00077313697
0,0,0.00060866296
0,0,0.000750653
0,0,0.00082188303
0,0,0.0006326208
0,0,0.0004624453
0,0,0.00042323428
0,0,0.00048789917
0,0,0.00056334236
0,0,0.00074914226
0,0,0.00090174924
0,0,0.0008284422
0,0,0.0007652187
0,0,0.0005891557
0,0,0.00053994387
0,0,0.21393521
0,0,0.11996411
0,0,0.19952023
0,0,0.3199461
0,0,0.38425717
0,0,0.3884316
0,0,0.39356938
0,0,0.39511228
0,0,0.395264
0,0,0.3943237
0,0,0.39271492
0,0,0.37632945
0,0,0.3699223
0,0,0.37272304
0,0,0.38460574
0,0,0.3897391
0,0,0.38194507
0,0,0.37292337
0,0,0.36681196
0,0,0.36528245
0,0,0.37155816
0,0,0.37479597
0,0,0.3738708
0,0,0.3731673
0,0,0.37407234
0,0,0.37656572
0,0,0.37688398
0,0,0.37630314
0,0,0.37774408
0,0,0.37717706
0,0,0.37568712
0,0,0.3780906
0,0,0.3841479
0,0,0.38838416
0,0,0.38665566
0,0,0.38159642
0,0,0.3783317
0,0,0.37639406
0,0,0.37288052
0,0,0.37408933
0,0,0.37533674
0,0,0.37470493
0,0,0.37363034
0,0,0.37136003
0,0,0.37002027
0,0,0.37316313
0,0,0.35831305
0,0,0.34629694
0,0,0.35998952
0,0,0.3724519
0,0,0.38130826
0,0,0.3973433
0,0,0.40323177
0,0,0.4005362
0,0,0.39638945
0,0,0.3843374
0,0,0.3745514
1,0,0.3672768
1,0,0.372401
1,0,0.37874693
1,0,0.38053796
1,0,0.38597172
1,0,0.38797793
1,0,0.38666266
1,0,0.38996103
1,0,0.3860343
1,0,0.38286737
1,0,0.39224976
1,0,0.38810855
1,0,0.3877207
1,0,0.3906089
1,0,0.3914206
1,0,0.3934062
1,0,0.40180466
1,0,0.40230167
1,0,0.40154696
1,0,0.40388522
1,0,0.408418
1,0,0.41020685
0,0,0.4078862
0,0,0.40759125
0,0,0.40489504
0,0,0.4033104
0,0,0.40323034
0,0,0.40835595
0,0,0.41026303
0,0,0.40815458
0,0,0.40556726
0,0,0.40926763
0,0,0.4091485
1,0,0.4104109
1,0,0.40956154
1,0,0.40590504
1,0,0.4053221
1,0,0.40811116
1,0,0.40148708
1,0,0.39790002
1,0,0.39631674
1,0,0.38750288
1,0,0.38220623
1,0,0.383497
0,0,0.39220858
0,0,0.40262607
0,0,0.41198352
0,0,0.4141399
0,0,0.41268283
0,0,0.40919593
0,0,0.4066904
0,0,0.40548906
0,0,0.406889
0,0,0.40972015
0,0,0.41272265
0,0,0.41897705
0,0,0.42330953
0,0,0.42257872
0,0,0.41935918
0,0,0.41437197
0,0,0.4131162
0,0,0.41842818
0,0,0.42571798
0,0,0.4325233
0,0,0.4314355
0,0,0.4189679
0,0,0.4232193
0,0,0.45168918
0,0,0.4644302
0,0,0.46405086
0,0,0.44061646
0,0,0.40855467
0,0,0.4048193
1,0,0.405264
1,0,0.40410718
1,0,0.40357113
1,0,0.40059233
1,0,0.38888794
1,0,0.38953674
1,0,0.39043513
1,0,0.38372806
1,0,0.3846704
1,0,0.39023516
1,0,0.3966332
1,0,0.4073529
1,0,0.4091021
1,0,0.40405723
1,0,0.39841506
1,0,0.38756785
1,0,0.3912472
1,0,0.3981845
1,0,0.40273097
1,0,0.40228438
1,0,0.39854118
1,0,0.3907553
0,0,0.38887957
0,0,0.38970393
0,0,0.39402708
0,0,0.39968023
0,0,0.40228018
0,0,0.39694464
0,0,0.3942376
0,0,0.39068457
0,0,0.38731974
0,0,0.38433433
0,0,0.3844898
0,0,0.38437688
0,0,0.38462797
0,0,0.38728693
0,0,0.39099008
0,0,0.398418
0,0,0.4047254
0,0,0.4025748
0,0,0.39166802
0,0,0.38199148
0,0,0.37631395
0,0,0.37161127
0,0,0.37505645
0,0,0.38274777
0,0,0.38514745
0,0,0.38623375
0,0,0.38812187
0,0,0.38796884
0,0,0.38790146
0,0,0.3903776
0,0,0.3913833
0,0,0.39275533
0,0,0.3929921
0,0,0.3928385
0,0,0.39467227
0,0,0.3961004
0,0,0.3958545
0,0,0.39691907
0,0,0.39458245
0,0,0.39394075
0,0,0.39616597
0,0,0.3994347
0,0,0.3995116
0,0,0.3940217
0,0,0.387261
0,0,0.38418376
0,0,0.38254365
0,0,0.38437185
0,0,0.3911097
0,0,0.39341858
0,0,0.3929973
0,0,0.39263856
0,0,0.39153558
0,0,0.38896456
0,0,0.38514128
0,1,0.93294823
0,1,0.673557
0,0,0.19174314
0,0,0.05207013
0,0,0.040894408
0,0,0.026878396
0,0,0.024701124
0,0,0.02792192
0,0,0.04029435
0,0,0.037503317
0,0,0.043382924
0,0,0.060209937
0,0,0.073929116
0,0,0.09593593
0,0,0.09879642
0,0,0.06798807
0,0,0.05080506
0,0,0.031342007
0,0,0.030273983
0,0,0.051552285
0,0,0.06534705
0,0,0.056343693
0,0,0.058021747
0,0,0.08223142
0,0,0.09579981
0,0,0.08461814
0,0,0.075547524
0,0,0.06546021
0,0,0.043650992
0,0,0.030643737
0,0,0.024556514
0,0,0.028799307
0,0,0.039706405
0,0,0.04913607
0,0,0.044271696
0,0,0.031882513
0,0,0.021709234
0,0,0.018717542
0,0,0.01768065
0,0,0.016698979
0,0,0.020403692
0,0,0.029128358
0,0,0.03993867
0,0,0.046862643
0,0,0.033487666
0,0,0.024690442
1,1,0.5436861
1,1,0.9705574
1,1,0.98749757
1,1,0.98759973
1,1,0.9869016
1,1,0.93923086
1,1,0.9024395
1,1,0.9310583
1,1,0.9617853
1,1,0.91111475
1,1,0.8492747
1,1,0.855111
1,1,0.85710454
1,1,0.8122881
1,1,0.9705668
1,1,0.99066424
1,1,0.99093515
1,1,0.9851832
1,1,0.9170785
1,1,0.7817524
1,1,0.8681611
1,1,0.9769231
1,1,0.99118805
1,1,0.9951578
1,1,0.99573153
1,1,0.9947463
1,1,0.9963942
1,1,0.98695475
1,1,0.9285696
1,1,0.87692
1,1,0.92490786
1,1,0.95586103
1,1,0.95347637
0,1,0.87148076
0,1,0.78053224
0,1,0.8811964
0,1,0.9021318
0,1,0.932406
0,1,0.9229633
0,1,0.90810734
0,1,0.83231497
0,1,0.75585276
0,1,0.7844663
0,1,0.7803789
0,1,0.94466734
0,1,0.9531549
0,1,0.97193706
0,1,0.9671682
0,1,0.8926121
0,1,0.74328715
0,1,0.516351
0,0,0.49192408
0,1,0.5224163
0,1,0.69652766
0,1,0.8756306
1,1,0.6623864
1,0,0.25244382
1,0,0.1201874
1,0,0.17775181
1,0,0.4453046
1,0,0.4854042
1,1,0.51385176
1,1,0.507338
1,1,0.5061359
1,1,0.5174777
1,0,0.49698383
1,0,0.46375343
1,0,0.45019177
1,0,0.460442
1,0,0.43206924
1,0,0.36114934
1,0,0.29641342
1,0,0.2745578
1,0,0.2721523
1,0,0.30015516
1,0,0.37305754
1,0,0.3991258
1,0,0.35018632
1,0,0.2766589
1,0,0.24445875
1,0,0.240029
1,0,0.26137117
1,0,0.26938066
1,0,0.25193268
1,1,0.8852065
1,1,0.95744365
1,1,0.9681585
1,1,0.9586481
1,1,0.93188554
1,1,0.9350462
1,1,0.958839
1,1,0.9677241
1,1,0.95007354
1,1,0.9441599
1,1,0.8887061
1,1,0.9009933
1,1,0.8740189
1,1,0.9041982
1,1,0.9699724
1,1,0.9786804
1,1,0.9744169
1,1,0.97324073
1,1,0.976356
1,1,0.9883853
1,1,0.99138016
1,1,0.98641634
0,1,0.78570825
0,0,0.25676256
0,0,0.1168768
0,0,0.09514216
0,0,0.12630771
0,0,0.15015551
0,0,0.14295411
0,0,0.13303341
0,0,0.11795861
0,0,0.11773423
0,0,0.1460995
0,0,0.15656711
0,0,0.17181177
0,0,0.23202395
0,0,0.37020162
0,0,0.45316947
0,0,0.40570068
0,0,0.29477027
0,0,0.16889375
0,0,0.12867497
0,0,0.10272569
0,0,0.053844824
0,0,0.03189527
0,0,0.027907638
0,0,0.02623562
0,0,0.016993139
0,0,0.012970985
0,0,0.011384001
0,0,0.01328796
0,0,0.011284924
0,0,0.011284232
0,0,0.011648596
0,0,0.036047656
0,0,0.11926186
0,0,0.27845922
0,0,0.22989373
0,0,0.24974687
0,0,0.40627417
0,0,0.39680415
0,0,0.45826778
0,0,0.45772526
0,0,0.3951092
0,0,0.36715028
0,0,0.3198882
0,0,0.20421827
0,0,0.13428336
0,0,0.108529165
0,0,0.09345076
0,0,0.06701676
0,0,0.072844945
0,0,0.12769751
0,0,0.27954412
0,0,0.32777324
0,0,0.3547918
0,0,0.39583743
0,0,0.042262014
0,0,0.41496435
0,1,0.62346137
0,0,0.26343367
0,0,0.05516386
0,0,0.07247454
0,0,0.1609539
0,0,0.37088978
0,1,0.60479516
0,1,0.65730757
0,1,0.5194866
0,0,0.24758159
0,0,0.03361275
0,0,0.01454544
0,0,0.0160858
0,0,0.025039861
0,0,0.01676505
0,0,0.02125809
0,0,0.053839006
0,0,0.079456545
0,0,0.12665689
0,0,0.10883547
0,0,0.08201324
0,0,0.08583785
0,0,0.095292
0,0,0.10617714
0,0,0.11540642
0,0,0.14756578
0,0,0.13823377
0,0,0.05481155
0,0,0.04988946
0,0,0.06095675
0,0,0.025387034
0,0,0.016293267
0,0,0.02097168
0,0,0.016263817
0,0,0.01587347
0,0,0.03495713
0,0,0.07356552
0,0,0.08293767
0,0,0.19931313
0,0,0.34692734
0,0,0.42641523
0,1,0.58435
0,0,0.34321317
0,0,0.08031248
0,1,0.52370036
0,1,0.73244894
0,1,0.71019405
0,1,0.62887084
0,0,0.3290349
0,0,0.2860869
0,0,0.22414616
0,0,0.14455855
0,0,0.123730436
0,0,0.121601306
0,0,0.094940506
0,0,0.055504795
0,0,0.07646639
0,0,0.24410957
0,0,0.47084126
0,0,0.49124175
0,1,0.70132834
0,1,0.5021464
0,0,0.13562204
0,0,0.11728967
0,0,0.09790806
0,0,0.07402454
0,0,0.04689014
0,0,0.047901444
0,0,0.07027928
0,0,0.06794451
0,0,0.060252402
0,0,0.084448
0,0,0.07477377
0,0,0.076537
0,0,0.107715964
0,0,0.17648843
0,0,0.23053546
0,0,0.2835099
0,0,0.4687843
0,0,0.34111392
0,0,0.096659325
0,0,0.04021182
0,0,0.050660696
0,0,0.057168137
0,0,0.07277456
0,0,0.09258194
0,0,0.07775018
0,0,0.068678364
0,0,0.100001864
0,0,0.14284432
0,0,0.22506902
0,1,0.5455921
0,1,0.80431575
0,1,0.856955
0,1,0.72185254
0,1,0.50623864
0,1,0.61057705
0,1,0.5494937
0,0,0.35456285
0,0,0.11603509
0,0,0.047411114
0,0,0.017179696
0,0,0.013113007
0,0,0.13423082
0,0,0.102548495
0,0,0.07349379
0,0,0.009986747
0,0,0.0016216063
0,0,0.0007304048
0,0,0.00033851244
0,0,0.00025518666
0,0,0.0004002023
0,0,0.0010193931
0,0,0.0068239546
0,0,0.099027365
0,0,0.46917278
0,1,0.5359626
0,0,0.32522067
0,0,0.14507434
0,0,0.11175023
0,0,0.1323818
0,0,0.08502276
0,0,0.046504162
0,0,0.04747984
0,0,0.05648935
0,0,0.07838209
0,0,0.19030854
0,0,0.27284747
0,1,0.691091
0,1,0.81929255
0,1,0.79712355
0,1,0.6629958
0,0,0.48673427
0,1,0.7170852
0,1,0.6337549
0,0,0.3451822
0,0,0.12992094
0,0,0.05422399
0,0,0.036666416
0,0,0.061658546
0,0,0.07715125
0,0,0.08431433
0,0,0.10922523
0,0,0.10814861
0,0,0.0691893
0,0,0.053506568
0,0,0.04080182
0,0,0.045317795
0,0,0.055293746
0,0,0.08597107
0,0,0.01916852
0,0,0.008718841
0,0,0.007227876
0,0,0.022159614
0,0,0.025795437
0,0,0.014577079
0,0,0.010185857
0,0,0.010275985
0,0,0.008985973
0,0,0.019896667
0,0,0.12693289
0,0,0.48555976
0,0,0.28592035
0,0,0.16201635
0,0,0.10024702
0,0,0.075238585
0,0,0.046292096
0,0,0.04773349
0,0,0.06232978
0,0,0.10009271
0,0,0.16769357
0,0,0.23049149
0,0,0.20622641
0,0,0.115845256
0,0,0.11902161
0,0,0.24440345
0,0,0.41174042
0,1,0.5742115
0,1,0.5455631
0,0,0.4699104
0,1,0.5308282
0,0,0.49917853
0,1,0.6757864
0,0,0.45212305
0,0,0.20330477
0,0,0.120454475
0,0,0.08874766
0,0,0.10731963
0,1,0.56564486
0,1,0.7871851
0,1,0.77017915
0,1,0.7661224
0,1,0.72341293
0,1,0.6479223
0,1,0.6031483
0,1,0.6309098
0,1,0.605446
0,1,0.6867802
0,1,0.746281
0,1,0.569898
0,1,0.52408093
0,0,0.49305847
0,0,0.4204059
0,0,0.47996604
0,0,0.48919454
0,1,0.59166664
0,1,0.6393646
0,0,0.41147274
0,0,0.047303226
0,0,0.0023356471
0,0,0.0017269538
0,0,0.0014263089
0,0,0.0013712373
0,0,0.001488804
0,0,0.0017132163
0,0,0.0017014764
0,0,0.0032903415
0,0,0.0028125243
0,0,0.0024505847
0,0,0.0028396605
0,0,0.0022771843
0,0,0.0018563432
0,0,0.0020093753
0,0,0.0020849502
0,0,0.0036252113
0,0,0.003534277
0,0,0.0035835635
0,0,0.0041400976
0,0,0.004581047
0,0,0.0034047205
0,0,0.0026450972
0,0,0.0026811615
0,0,0.0025821163
0,0,0.0028158594
0,0,0.0030492318
0,0,0.0029814283
0,0,0.0028264648
0,0,0.0027653123
0,0,0.0026482858
0,0,0.0029417311
0,0,0.0033286724
0,0,0.0034198295
0,0,0.0038873928
0,0,0.0042417324
0,0,0.0046114633
0,0,0.0042853868
0,0,0.004165914
0,0,0.004396166
0,0,0.0036319084
0,0,0.0031322814
0,0,0.0028691744
0,0,0.3013008
0,1,0.7136876
0,1,0.8197336
0,1,0.9137265
0,1,0.9438215
0,1,0.8193007
0,1,0.5536633
0,0,0.30952123
0,0,0.28784826
0,0,0.32820395
0,0,0.24335358
1,0,0.17249261
1,0,0.22853145
1,1,0.58554
1,1,0.8889006
1,1,0.9725366
1,1,0.99179584
1,1,0.99599755
1,1,0.98692584
1,1,0.91152006
1,1,0.6643357
1,1,0.81611603
1,1,0.97757626
1,1,0.99618405
1,1,0.99682295
1,1,0.98308694
1,1,0.8355286
1,1,0.83240706
1,1,0.5412783
1,0,0.29959503
1,0,0.40921137
1,1,0.5579982
1,1,0.55743325
1,0,0.25694093
1,0,0.12966397
1,0,0.06293614
1,0,0.037107892
1,0,0.029255226
1,0,0.01748835
1,0,0.028310435
1,0,0.05433222
1,0,0.056161355
1,0,0.035584893
1,0,0.019929148
1,0,0.044055536
1,0,0.06930457
1,0,0.11842775
1,0,0.11545523
1,0,0.060947474
1,0,0.06827449
1,0,0.05267629
1,0,0.042803433
1,0,0.065507874
1,0,0.1299794
1,0,0.15247987
1,0,0.013201001
1,0,0.0024914085
1,0,0.0013058368
1,0,0.0024612152
1,0,0.007448352
1,0,0.010888998
1,0,0.009959902
1,0,0.01037079
1,0,0.010771968
1,0,0.0042389277
1,0,0.0014220529
1,0,0.0008581611
1,0,0.0008558432
1,0,0.0014358336
1,0,0.003445169
1,0,0.0052525294
1,0,0.0072818696
1,0,0.007245683
1,0,0.0064943335
1,0,0.007260718
1,0,0.007766604
1,0,0.007941945
1,0,0.0076059634
1,0,0.007583662
1,0,0.006664893
1,0,0.004367764
1,0,0.0024960665
1,0,0.0013701095
1,0,0.0010796172
1,0,0.25214875
1,1,0.53627634
1,0,0.31134444
1,0,0.1903117
1,0,0.18780404
1,0,0.324947
1,1,0.5513795
1,1,0.6840053
1,1,0.89499176
1,1,0.8384276
1,1,0.61792475
1,1,0.6651969
1,1,0.8608594
1,1,0.8530075
1,1,0.6660694
1,0,0.3945203
1,1,0.50545424
1,0,0.20485505
1,0,0.07917155
1,0,0.05599448
1,0,0.078989655
1,0,0.077533685
0,0,0.010355639
0,0,0.0018262437
0,0,0.000507608
0,0,0.00031814602
0,0,0.00168336
0,0,0.001675908
0,0,0.0016886925
0,0,0.0019659635
0,0,0.0020959016
0,0,0.0019231857
0,0,0.001494635
0,0,0.0010945438
0,0,0.0010358406
0,0,0.0009962934
0,0,0.00077365915
0,0,0.0006797755
0,0,0.0006135444
0,0,0.00049562444
0,0,0.00047131185
0,0,0.00044352064
0,0,0.00044543133
0,0,0.000496035
0,0,0.0005329453
0,0,0.00057676237
0,0,0.0006245893
0,0,0.0006934528
0,0,0.0007366981
0,0,0.0007070107
0,0,0.00069915695
0,0,0.00083907763
0,0,0.0011275997
0,0,0.0015478625
0,0,0.00193195
0,0,0.0022240344
0,0,0.0018991369
0,0,0.0012272286
0,0,0.0010109798
0,0,0.0014081696
0,0,0.0033034456
0,0,0.0031185509
0,0,0.0016636851
0,0,0.0011484979
0,0,0.0012474986
0,0,0.0010422991
0,0,0.0009934802
0,0,0.0009819454
0,0,0.001203693
0,0,0.0015692151
0,0,0.0016562075
0,0,0.0017497138
0,0,0.0019774002
0,0,0.001976137
0,0,0.0017734634
0,0,0.001732058
0,0,0.0017056153
0,0,0.45719418
0,0,0.0341827
0,0,0.002752471
0,0,0.000918041
0,0,0.00078116957
0,0,0.0010927739
0,0,0.00056452944
0,0,0.00055892434
0,0,0.00019985408
0,0,6.9565e-05
0,0,3.4398636e-05
1,0,2.744242e-05
1,0,5.847343e-05
1,0,0.00046498966
1,0,0.0012016828
1,0,0.0009489436
1,0,0.0008602373
1,0,0.0012801894
1,0,0.00051020784
1,0,0.000647252
1,0,0.004881471
1,0,0.038170267
1,0,0.118152246
1,0,0.12853177
1,0,0.0873543
1,0,0.0067892694
1,0,0.00056646764
1,0,0.000413993
1,0,0.00047048746
1,0,0.00029667185
1,0,0.0001625796
1,0,0.00020412334
1,0,0.0001514966
1,0,0.00011221174
1,0,9.210791e-05
1,0,0.00011584751
1,0,0.00017113512
1,0,0.00019859092
1,0,0.00017475
1,0,0.00013048493
1,0,0.00013319298
1,0,0.000244758
1,0,0.00038280123
1,0,0.00052506785
1,0,0.0007988095
1,0,0.00047064875
1,0,0.06242383
1,0,0.48097306
1,1,0.6396898
1,1,0.65955526
1,1,0.61995274
1,1,0.62316304
1,1,0.5343924
1,1,0.5193831
1,0,0.428273
1,0,0.4264423
1,1,0.5065532
1,1,0.5980552
1,1,0.6869236
1,1,0.6344304
1,1,0.59517694
1,1,0.67396504
1,1,0.61674744
1,1,0.5493072
1,1,0.6042776
1,1,0.7183505
1,1,0.7902366
1,1,0.8458045
1,1,0.8862069
1,1,0.8178059
1,1,0.7133739
1,1,0.6939972
1,1,0.68770194
1,1,0.6581658
1,1,0.64105034
1,1,0.6203485
1,1,0.7187645
1,1,0.8186231
1,1,0.8950576
1,1,0.8801589
1,1,0.87226886
1,1,0.7433716
1,1,0.66087914
1,1,0.6931836
1,1,0.5153181
1,0,0.41906062
1,0,0.37526765
1,0,0.41038424
1,1,0.563953
1,1,0.7015079
0,1,0.6260498
0,1,0.504776
0,0,0.41846535
0,0,0.33690098
0,0,0.37603778
0,0,0.4145835
0,0,0.3825405
0,0,0.28683925
0,0,0.2778772
0,0,0.23794645
0,0,0.23733835
0,0,0.10635883
0,0,0.038816653
0,0,0.008613581
0,0,0.001642714
0,0,0.0020557423
0,0,0.0007104391
0,0,0.00035088358
0,0,0.0003806669
0,0,0.00043713016
0,0,0.0006691237
0,0,0.00066874945
0,0,0.00047019808
0,0,0.00042476755
0,0,0.00080771756
0,0,0.0028078558
0,0,0.002782631
0,0,0.0018466375
0,0,0.0015473047
0,0,0.00032516784
0,0,0.00015656275
0,0,0.00012333987
0,0,8.31317e-05
0,0,7.8200996e-05
0,0,7.025019e-05
0,0,5.9697424e-05
0,0,5.9685295e-05
0,0,6.754199e-05
0,0,7.076231e-05
0,0,7.160423e-05
0,0,0.026533099
0,1,0.59786135
0,1,0.8703424
0,1,0.8443386
0,1,0.70655644
0,1,0.6767797
0,1,0.82070315
0,1,0.8069505
0,1,0.6692747
0,1,0.570845
0,0,0.47116077
1,0,0.4116882
1,1,0.61895573
1,1,0.8618139
1,1,0.87620384
1,1,0.87189746
1,1,0.87736887
1,1,0.84804463
1,1,0.84085697
1,1,0.82092404
1,1,0.7739287
1,1,0.87055856
0,1,0.67746603
0,0,0.27154863
0,0,0.041991882
0,0,0.0016411048
0,0,0.00049193256
0,0,0.00046849216
0,0,0.00012545518
0,0,6.84491e-05
0,0,8.413432e-05
0,0,9.828836e-05
0,0,0.00015097282
0,0,0.00022129375
0,0,0.00013893905
0,0,9.384975e-05
0,0,0.00015828341
0,0,0.00026097224
0,0,0.0001905054
0,0,9.1854075e-05
0,0,5.2648207e-05
0,0,4.5269815e-05
0,0,4.4984114e-05
0,0,4.6347242e-05
0,0,5.918139e-05
0,0,8.284751e-05
0,0,0.00010381243
0,0,0.00010806604
0,0,9.3977185e-05
0,0,8.960813e-05
0,0,0.000120102115
0,0,0.00015527496
0,0,0.00012017005
0,0,0.00010256114
0,0,0.00014478063
0,0,0.00023705684
0,0,0.00028771796
0,0,0.00028352306
0,0,0.00034867937
0,0,0.00046121154
0,0,0.0003553053
0,0,0.0002861305
0,0,0.00021121127
0,0,0.0001992422
0,0,0.00029215394
0,0,0.00018148142
0,0,0.00010399652
0,0,0.0001274991
0,0,0.00011070044
0,0,0.00012199136
0,0,0.0001485889
0,0,0.00013661166
0,0,0.00013980542
0,0,0.00015221261
0,0,0.00019925702
0,0,0.00022591015
0,0,0.00020947502
0,0,0.36045256
0,0,0.32038
0,0,0.2204554
0,0,0.19113447
0,0,0.49723756
0,1,0.6047611
0,0,0.38100785
0,0,0.11882001
0,0,0.09872497
0,0,0.27362934
0,0,0.4115059
0,1,0.5144039
0,1,0.6536261
0,0,0.2892143
0,0,0.10674268
0,0,0.060714852
0,0,0.09985874
0,0,0.11549988
0,0,0.059609268
0,0,0.022008833
0,0,0.010651666
0,0,0.009648126
0,0,0.013594236
0,0,0.027874373
0,0,0.051190358
0,0,0.072903685
0,0,0.07983339
0,0,0.07018769
0,0,0.06088192
0,0,0.056659684
0,0,0.041662123
0,0,0.02622693
0,0,0.026017295
0,0,0.046675175
0,0,0.060625292
0,0,0.09586011
0,0,0.15786292
0,0,0.17279546
0,0,0.17144091
0,0,0.2515264
0,0,0.20000428
0,0,0.053729746
0,0,0.025708506
0,0,0.0107259145
0,0,0.009907489
0,0,0.0097757075
0,0,0.45663008
0,1,0.89990884
0,1,0.9539766
0,1,0.9754834
0,1,0.9817431
0,1,0.8858895
0,1,0.9084543
0,1,0.9698187
0,1,0.97899115
0,1,0.97402644
0,1,0.9880163
0,1,0.98284435
0,1,0.9605413
0,1,0.90789074
0,1,0.80867755
0,0,0.28049657
0,0,0.2411161
0,0,0.207798
0,0,0.14064
0,0,0.13347065
0,0,0.22442171
0,1,0.56902874
0,1,0.6803411
0,1,0.93021446
0,1,0.95075214
0,1,0.6567701
0,0,0.18566902
0,0,0.14730182
0,0,0.108814366
0,0,0.12241101
0,0,0.19195275
0,0,0.22974369
0,0,0.25388485
0,0,0.3416337
0,0,0.38908952
0,0,0.3983865
0,0,0.49837178
0,1,0.6023635
0,1,0.5893868
0,1,0.5610282
0,1,0.53046834
0,1,0.50802934
0,0,0.42956108
0,0,0.3473626
0,0,0.46211818
0,1,0.5097629
0,1,0.5992679
0,1,0.8332641
0,1,0.94436294
0,1,0.90864253
0,1,0.9121219
0,1,0.93569213
0,1,0.95721704
0,1,0.93035364
0,1,0.8495805
0,0,0.319903
0,0,0.06439056
0,0,0.025263347
0,0,0.023384273
0,0,0.02838153
0,0,0.045965016
0,0,0.038012613
0,0,0.035600655
0,0,0.04413989
0,0,0.06283314
0,0,0.10126055
0,0,0.20244591
0,0,0.26528677
0,0,0.19543397
0,0,0.15269914
0,0,0.120982744
0,0,0.1438421
0,0,0.05594859
0,0,0.018229388
0,0,0.003485267
0,0,0.001345679
0,0,0.0045164763
0,0,0.0053373547
0,0,0.0051142047
0,0,0.004942493
0,0,0.0068086153
0,0,0.007915031
0,0,0.008436045
0,0,0.009957466
0,0,0.117079474
0,1,0.50521636
0,1,0.7406014
0,1,0.7714465
0,1,0.7495094
0,1,0.6315539
0,1,0.56104356
0,1,0.5576828
0,1,0.6232081
0,1,0.8068396
0,1,0.92880005
0,1,0.96904594
0,1,0.9338802
0,1,0.93318415
0,1,0.84680057
0,1,0.85861343
0,1,0.84971815
0,1,0.9055557
0,1,0.9125518
0,1,0.8176935
0,1,0.72349143
0,1,0.77464
0,0,0.38729012
0,0,0.13589463
0,0,0.12853462
0,0,0.08944431
0,0,0.06350063
0,0,0.05656547
0,0,0.0642337
0,0,0.07963989
0,0,0.08360598
0,0,0.07138692
0,0,0.039823126
0,0,0.02966602
0,0,0.025053216
0,0,0.022700159
0,0,0.020504368
0,0,0.016446125
0,0,0.015101566
0,0,0.012136463
0,0,0.010893419
0,0,0.012379633
0,0,0.013186455
0,0,0.015511489
0,0,0.016481325
0,0,0.013093293
0,0,0.009949707
0,0,0.007854648
0,0,0.0063442457
0,0,0.006279188
0,0,0.01111121
0,0,0.016232375
0,0,0.025796546
0,0,0.043952372
0,0,0.03970911
0,0,0.028831715
0,0,0.02355511
0,0,0.020828871
0,0,0.020216027
0,0,0.023404399
0,0,0.024645668
0,0,0.02408596
0,0,0.02264475
0,0,0.019523574
0,0,0.016035646
0,0,0.014317274
0,0,0.014878186
0,0,0.016840316
0,0,0.023969425
0,0,0.025715373
0,0,0.021791266
0,0,0.01799069
0,0,0.016271124
0,0,0.015241957
0,0,0.018237105
0,0,0.019393044
0,0,0.0172039
0,0,0.0062333588
0,0,0.016767533
0,0,0.12961112
0,0,0.33137172
0,0,0.39314792
0,0,0.41499692
0,0,0.40775713
0,0,0.39381114
0,0,0.40218598
0,0,0.40323433
0,0,0.39740357
0,0,0.41188216
0,0,0.41614488
0,0,0.40110388
0,0,0.3980089
0,0,0.40451548
0,0,0.39953554
0,0,0.40368408
0,0,0.41376832
0,0,0.4080443
0,0,0.4028632
0,0,0.41025725
0,0,0.40784642
0,0,0.40578192
0,0,0.41516224
0,0,0.41432658
0,0,0.4095615
0,0,0.41229105
0,0,0.41007227
0,0,0.40359786
0,0,0.40687674
0,0,0.40969306
0,0,0.40681005
0,0,0.40790278
0,0,0.4080977
0,0,0.39586404
0,0,0.3848328
0,0,0.37673315
0,0,0.36660987
0,0,0.3673979
0,0,0.3789444
0,0,0.38233504
0,0,0.3902458
0,0,0.389827
0,0,0.3831504
0,0,0.38136292
0,0,0.38626173
0,0,0.39334822
0,0,0.3970174
0,0,0.4006827
0,0,0.4002511
0,0,0.40103793
0,0,0.40165818
0,0,0.3979269
0,0,0.39525554
0,0,0.39645502
0,0,0.39882478
0,0,0.3999896
0,0,0.39868295
0,0,0.39505258
0,0,0.39433473
0,0,0.39479616
0,0,0.39675844
0,0,0.40150887
0,0,0.40284374
0,0,0.4021946
0,0,0.40386608
0,0,0.40673003
0,0,0.40304568
0,0,0.4004846
0,0,0.40051728
0,0,0.40140936
0,0,0.3960463
0,0,0.39027053
0,0,0.39305568
0,0,0.39585704
0,0,0.39716715
0,0,0.40408593
0,0,0.40843922
0,0,0.40209177
0,0,0.39594933
0,0,0.39257437
0,0,0.39257246
0,0,0.393586
0,0,0.39865458
0,0,0.40386316
0,0,0.40992528
0,0,0.41270134
0,0,0.41260856
0,0,0.40820536
0,0,0.40456492
0,0,0.40307346
0,0,0.4082804
0,0,0.41514072
0,0,0.41894642
0,0,0.41714972
0,0,0.41648415
0,0,0.41697648
0,0,0.4166799
0,0,0.4154907
0,0,0.41220924
0,0,0.40812334
0,0,0.40710127
0,0,0.40602773
0,0,0.4063208
0,0,0.40599838
0,0,0.40378016
0,0,0.4006596
0,0,0.40046087
0,0,0.39905453
0,0,0.39941457
0,0,0.40213475
0,0,0.3985073
0,0,0.3984541
0,0,0.4043138
0,0,0.40988764
0,0,0.41245887
0,0,0.41456047
0,0,0.4135123
0,0,0.40989682
0,0,0.4077376
0,0,0.40963733
0,0,0.41007078
0,0,0.40935734
0,0,0.40988111
0,0,0.41203502
0,0,0.41452047
0,0,0.41613
0,0,0.4173413
0,0,0.41773656
0,0,0.4171206
0,0,0.41568622
0,0,0.41419694
0,0,0.41273597
0,0,0.40801066
0,0,0.39810556
0,0,0.39525095
0,0,0.3998658
0,0,0.4061448
0,0,0.40936813
0,0,0.40962216
0,0,0.40863046
0,0,0.4088494
0,0,0.40974632
0,0,0.40789825
0,0,0.40827668
0,0,0.4104988
0,0,0.41172895
0,0,0.4119
0,0,0.41076833
0,0,0.409179
0,0,0.40629625
0,0,0.40377638
0,0,0.40263975
0,0,0.40073124
0,0,0.39938265
0,0,0.4004986
0,0,0.4012024
0,0,0.39952356
0,0,0.39823347
0,0,0.39771438
0,0,0.39635098
0,0,0.39578122
0,0,0.39677793
0,0,0.3974424
0,0,0.39452425
0,0,0.38754487
0,0,0.0019430429
0,0,0.0018479052
0,0,0.003446703
0,0,0.016210573
0,0,0.06733579
0,0,0.06364426
0,0,0.04760309
0,0,0.028988095
0,0,0.010226536
0,0,0.0070322864
0,0,0.012617248
1,0,0.055985894
1,0,0.13925315
1,0,0.2292911
1,0,0.32817233
1,0,0.3018219
1,0,0.12703139
1,0,0.09423521
1,0,0.12543774
1,0,0.1522196
1,0,0.16412108
1,0,0.1824066
1,0,0.19368795
1,0,0.20898417
1,0,0.21813142
1,0,0.122669615
1,0,0.08660238
1,0,0.035304688
1,0,0.01218931
1,0,0.0094605675
1,0,0.008268732
1,0,0.011772072
1,0,0.017920583
1,0,0.04819302
1,0,0.03333407
1,0,0.032126572
1,0,0.037536666
1,0,0.019558424
1,0,0.017841501
1,0,0.01896752
1,0,0.057006586
1,0,0.059582893
1,0,0.02592215
1,0,0.009372579
1,0,0.0040243585
1,0,0.0035672481
1,0,0.06898456
1,1,0.7799398
1,1,0.9560686
1,1,0.95100826
1,1,0.9627965
1,1,0.98952174
1,1,0.9956743
1,1,0.995427
1,1,0.9942093
1,1,0.99364483
1,1,0.9890239
1,1,0.96501386
1,1,0.9475789
1,1,0.9462497
1,1,0.9542766
1,1,0.97887623
1,1,0.9836288
1,1,0.9859746
1,1,0.9905759
1,1,0.9895197
1,1,0.9896941
1,1,0.99296933
1,1,0.9830571
1,1,0.97024643
1,1,0.97659
1,1,0.98284376
1,1,0.9880856
1,1,0.9898886
1,1,0.99148977
1,1,0.991789
1,1,0.9935488
1,1,0.9936334
1,1,0.9915697
1,1,0.99002355
1,1,0.9820749
1,1,0.9798666
1,1,0.9820732
1,1,0.98385566
1,1,0.9938984
1,1,0.9975702
1,1,0.99645245
1,1,0.9944137
1,1,0.99495304
1,1,0.9968239
1,1,0.9933187
1,1,0.9788696
1,1,0.94150597
1,1,0.9375136
1,1,0.96597254
1,1,0.9855136
1,1,0.9920844
1,1,0.9937371
1,1,0.9929852
1,1,0.9907312
1,1,0.9817192
0,0,0.44017124
0,0,0.031033877
0,0,0.0040011695
0,0,0.0015404953
0,1,0.66420597
0,1,0.7060932
0,1,0.61726457
0,0,0.4222757
0,0,0.32609972
0,0,0.16599904
0,0,0.07190946
0,0,0.069027126
0,0,0.08473001
0,0,0.102100596
0,0,0.114948034
0,0,0.10566116
0,0,0.12350865
0,0,0.22074829
0,0,0.37879515
0,0,0.30823264
0,0,0.1604088
0,0,0.11219042
0,0,0.113019586
0,0,0.16900827
0,0,0.310036
0,0,0.40292343
0,0,0.3160895
0,0,0.29435468
0,0,0.28664547
1,1,0.88263935
1,1,0.9548959
1,1,0.8898392
1,1,0.8223807
1,1,0.9113932
1,1,0.9771691
1,1,0.98875344
1,1,0.9911829
1,1,0.9937505
1,1,0.99067724
1,1,0.990087
1,1,0.98863876
1,1,0.9920454
1,1,0.99669313
1,1,0.99682593
1,1,0.99469095
1,1,0.99221027
1,1,0.9887605
1,1,0.9896101
1,1,0.9905663
1,1,0.9867105
1,1,0.98701525
0,1,0.73040897
0,0,0.10947571
0,0,0.008487787
0,0,0.001692835
0,0,0.25825956
0,0,0.31567198
0,0,0.34673184
0,0,0.31675005
0,0,0.26805985
0,0,0.15682544
0,0,0.08052585
0,0,0.06334288
0,0,0.0515821
0,0,0.09768998
0,0,0.21178108
0,0,0.25843868
0,0,0.28906068
0,0,0.3611428
0,0,0.29702976
0,0,0.1954429
0,0,0.13493274
0,0,0.1443196
0,0,0.12843879
0,0,0.03715541
0,0,0.011349429
0,0,0.0030231562
0,0,0.0008103109
0,0,0.0004100867
0,0,0.000882167
0,0,0.005472543
0,0,0.0071320976
0,0,0.01284319
0,0,0.018367264
1,0,0.03198244
1,0,0.06129491
1,0,0.10261104
1,0,0.18187927
1,0,0.25185248
1,0,0.22265612
1,0,0.17977841
1,0,0.19082418
1,0,0.20258193
1,0,0.17775257
1,0,0.14922054
1,0,0.12926283
1,0,0.12016353
1,0,0.105973266
1,0,0.10442228
1,0,0.16218778
1,0,0.2581906
1,0,0.30299774
1,0,0.32489485
1,0,0.45855474
1,1,0.59690934
1,1,0.690647
0,1,0.81836295
0,1,0.8286794
0,1,0.78050333
0,1,0.684283
0,1,0.50968385
0,0,0.40607122
0,0,0.31988963
0,0,0.31549427
0,0,0.27557978
0,0,0.22133118
0,0,0.19022663
0,0,0.28953114
0,0,0.16749889
0,0,0.11709727
0,0,0.11631134
0,0,0.08983721
0,1,0.670873
0,1,0.64264125
0,1,0.5869737
0,1,0.51533115
0,0,0.35613573
0,0,0.2627282
0,0,0.18747224
0,0,0.16678776
0,0,0.19695657
0,0,0.24740192
0,0,0.38957497
0,0,0.27364364
0,0,0.11412077
0,0,0.06293897
0,0,0.07369187
0,0,0.075882055
0,0,0.06585829
0,0,0.04852544
0,0,0.030696038
0,0,0.031971592
0,0,0.04482924
0,0,0.039217032
0,0,0.024343053
0,0,0.016785199
0,0,0.020684307
0,0,0.023240875
0,0,0.018847091
0,0,0.015467017
0,0,0.017874654
0,0,0.017142186
1,0,0.4231253
1,1,0.86834276
1,1,0.8886328
1,1,0.74441975
1,1,0.60465574
1,0,0.49052614
1,0,0.412328
1,0,0.4943066
1,0,0.469159
1,0,0.36585745
1,0,0.3855709
1,0,0.3421997
1,0,0.37057984
1,1,0.54088825
1,1,0.7023416
1,1,0.8411601
1,1,0.9448799
1,1,0.97482985
1,1,0.9628511
1,1,0.9693794
1,1,0.9713948
1,1,0.9842073
1,1,0.9745969
1,1,0.8853872
1,1,0.83582765
1,1,0.88135296
1,1,0.8196917
1,1,0.8178686
1,1,0.7102765
1,0,0.46681786
1,0,0.4492521
1,0,0.4572503
1,1,0.50555754
0,1,0.8226432
0,1,0.9216515
0,1,0.97068137
0,1,0.97719544
0,1,0.96207386
0,1,0.87951773
0,1,0.7756392
0,1,0.7324969
0,1,0.71396613
0,1,0.67379916
0,1,0.58700085
1,1,0.7580143
1,1,0.9283465
1,1,0.98191285
1,1,0.9852645
1,1,0.9854504
1,1,0.9935736
1,1,0.9983247
1,1,0.9989323
1,1,0.99655956
1,1,0.9957508
1,1,0.99731845
0,1,0.93896836
0,1,0.58964574
0,0,0.3566043
0,0,0.08209003
0,0,0.04409809
0,0,0.03424077
0,0,0.03154522
0,0,0.038818114
0,0,0.04863145
0,0,0.04461564
0,0,0.038378313
0,0,0.033364203
0,0,0.030639715
0,0,0.030171346
0,0,0.025294019
0,0,0.025326073
0,0,0.027324455
0,0,0.026735712
0,0,0.04482539
0,0,0.040570352
0,0,0.019914655
0,0,0.011466446
0,0,0.008107339
0,0,0.029249366
0,0,0.04041484
0,0,0.03243031
0,0,0.029762546
0,0,0.026881104
0,0,0.02417452
0,1,0.5802875
0,1,0.8444181
0,1,0.8696999
0,1,0.8669371
0,1,0.6521959
0,0,0.4208641
0,1,0.5683229
0,1,0.8004818
0,1,0.9065927
0,1,0.95492214
0,1,0.97686154
1,1,0.9945311
1,1,0.99131244
1,1,0.9883867
1,1,0.98484635
1,1,0.8893501
1,1,0.7213848
1,1,0.71471804
1,1,0.70610166
1,1,0.7450176
1,1,0.74756247
1,1,0.89109176
0,1,0.556188
0,0,0.46625397
0,1,0.77316386
0,1,0.7579042
0,0,0.29650298
0,0,0.2649498
0,0,0.35128486
0,0,0.35579234
0,0,0.23579626
0,0,0.2176716
0,0,0.21402283
0,1,0.5263872
0,1,0.6801397
0,1,0.6329395
0,1,0.62410474
0,1,0.63996583
0,1,0.61502767
0,1,0.56106156
0,1,0.58496535
0,1,0.6434333
0,1,0.7531393
0,1,0.805817
0,1,0.78068864
0,1,0.7237995
0,1,0.6515938
0,1,0.5990045
0,1,0.6104824
0,1,0.6606521
0,1,0.558232
0,1,0.51727927
0,1,0.7083263
0,0,0.34234607
0,0,0.09101933
0,0,0.030654093
0,0,0.06759594
0,1,0.5891511
0,0,0.27493012
0,0,0.17928226
0,0,0.16837282
0,0,0.16296281
0,0,0.16198072
0,0,0.16541924
0,0,0.17329559
0,0,0.18797602
0,0,0.20015937
0,0,0.22425582
0,0,0.19597068
0,0,0.16786788
0,0,0.16404177
0,0,0.17320758
0,0,0.18139641
0,0,0.2021503
0,0,0.2391797
0,0,0.23767906
0,0,0.24810337
0,0,0.12429564
0,0,0.099436045
0,0,0.08684526
0,0,0.13854271
0,0,0.14574222
0,0,0.14330983
0,0,0.12528564
0,0,0.12708808
0,0,0.16747105
0,0,0.13661179
0,0,0.1080597
0,0,0.108516365
0,0,0.16515298
0,0,0.28436872
0,0,0.381506
0,0,0.41299734
0,0,0.40287733
0,0,0.39616078
0,0,0.39711732
0,0,0.39653885
0,0,0.38793156
0,0,0.37427142
0,0,0.36606693
0,0,0.3582662
0,0,0.34565735
0,0,0.340488
0,0,0.32776678
0,0,0.3271157
0,0,0.33776188
0,0,0.33183062
0,0,0.31768742
0,0,0.31147134
0,0,0.29881713
0,0,0.29567477
0,0,0.2843913
0,0,0.27557263
0,0,0.26330304
0,0,0.2379052
0,0,0.20442703
0,0,0.19301476
0,0,0.1594599
0,0,0.14581949
0,0,0.12002326
0,0,0.06940162
0,0,0.08500852
0,0,0.057700183
1,0,0.05592014
1,0,0.066874124
1,0,0.05046715
1,0,0.11848404
1,0,0.20901076
1,0,0.26448652
1,0,0.32283002
1,0,0.33110157
1,0,0.31700644
1,0,0.29085553
1,0,0.29561803
1,0,0.27223495
1,0,0.2722683
1,0,0.31584466
1,0,0.35719296
1,0,0.38540658
1,0,0.37357727
1,0,0.37654167
1,0,0.38311026
1,0,0.3630225
1,0,0.3066327
1,0,0.27500096
1,0,0.31049755
1,0,0.4407181
1,0,0.4841473
1,0,0.4140343
1,0,0.40713063
1,0,0.36845678
1,0,0.3287925
1,0,0.3806162
1,0,0.40914816
1,0,0.42300776
1,0,0.4402242
1,0,0.42073414
1,0,0.4077731
1,0,0.40174383
1,0,0.3896925
1,0,0.39774448
1,0,0.41792122
1,0,0.41734448
1,0,0.41179067
1,0,0.4083597
1,0,0.4058634
1,0,0.4082633
1,0,0.40707132
1,0,0.40748253
1,0,0.39719373
1,0,0.35729313
1,0,0.3152544
1,0,0.2940004
1,0,0.31365308
1,0,0.4148798
1,1,0.5948846
1,1,0.63929224
1,1,0.6579956
0,1,0.66432446
0,1,0.5008527
0,0,0.42728716
0,0,0.42737898
0,0,0.41333067
0,0,0.3944295
0,0,0.4133608
0,0,0.4136465
0,0,0.40666938
0,0,0.3800624
0,0,0.33601624
0,0,0.37107107
0,0,0.38890472
0,0,0.39666975
0,0,0.2887019
0,0,0.21148291
0,0,0.24744807
0,0,0.29815015
0,0,0.35099968
0,0,0.26226
0,0,0.0866421
0,0,0.17170528
0,0,0.18731572
0,0,0.27114996
0,0,0.322644
0,0,0.1886752
0,0,0.045688313
0,0,0.12514392
0,0,0.23243763
0,0,0.30578136
0,0,0.2720293
0,0,0.2613767
0,0,0.38858885
0,0,0.4155562
0,0,0.44542062
0,0,0.46155393
0,0,0.42464134
0,0,0.39348114
0,0,0.39636663
0,0,0.4122542
1,0,0.40502742
1,0,0.40169293
1,0,0.39722738
1,0,0.39214647
1,0,0.3852779
1,0,0.37164798
1,0,0.38633868
1,0,0.38925773
1,0,0.3860608
1,0,0.3921386
1,0,0.38923398
1,0,0.3816519
1,0,0.38550362
1,0,0.36594656
1,0,0.2635271
1,0,0.03355726
1,0,0.00940355
1,0,0.032941226
1,0,0.093246765
1,0,0.09156344
1,0,0.08889531
1,0,0.04267387
1,0,0.04288584
1,0,0.05650981
1,0,0.061560497
1,0,0.059617992
1,0,0.036797326
1,0,0.036072176
1,0,0.04603072
1,0,0.04292994
1,0,0.03246777
1,0,0.033874344
1,0,0.057698987
1,0,0.053198617
1,0,0.040764324
1,0,0.04212319
1,0,0.031573936
1,0,0.06952471
1,0,0.28187546
1,0,0.3836616
1,1,0.50244004
1,1,0.6563105
1,1,0.83168775
1,1,0.75172436
1,1,0.5863702
1,0,0.4220114
1,0,0.37005654
1,0,0.35893324
1,0,0.37417582
1,0,0.36557874
1,0,0.37505966
1,0,0.39738163
1,0,0.40180293
1,0,0.4014152
1,0,0.40633652
1,0,0.40364572
1,0,0.3859085
1,0,0.35474852
1,0,0.35645106
1,0,0.37863147
1,0,0.38805032
1,0,0.38824606
1,0,0.36983627
1,0,0.3743364
1,0,0.3761068
1,0,0.36378583
0,0,0.28966174
0,0,0.16711581
0,0,0.04487796
0,0,0.009450148
0,0,0.0012293467
0,0,0.00074212765
0,0,0.00060875755
0,0,0.0009453555
0,0,0.00086579286
0,0,0.00081440125
0,0,0.00071137503
0,0,0.0006495666
0,0,0.00050413987
0,0,0.0004887895
0,0,0.00035761885
0,0,0.00022544534
0,0,0.00028773965
0,0,0.00033272224
0,0,0.0007043073
0,0,0.0011890852
0,0,0.0012911778
0,0,0.0009833684
0,0,0.00078893587
0,0,0.00088405056
0,0,0.0008331001
0,0,0.0005654182
0,0,0.000391874
0,0,0.0003893779
0,0,0.00061673584
0,0,0.0008388035
0,0,0.0010440844
0,0,0.0011880283
0,0,0.0012518455
0,0,0.0015435809
0,0,0.0013790631
0,0,0.0011343667
0,0,0.0012302797
0,0,0.0010136628
0,0,0.0006883758
0,0,0.00051126914
0,0,0.00043039207
0,0,0.0004989367
0,0,0.00070055586
0,0,0.0010146565
0,0,0.0011880889
0,0,0.00095109106
1,0,0.0920247
1,1,0.8130106
1,1,0.8993853
1,1,0.8760286
1,1,0.7605528
1,1,0.6335933
1,1,0.5080034
1,0,0.44640014
1,0,0.17927906
1,0,0.16018157
1,0,0.47120404
1,1,0.71782815
1,1,0.7692002
1,1,0.67222047
1,1,0.73732394
1,0,0.47080213
1,0,0.3141783
1,0,0.36882272
1,0,0.42956346
1,0,0.38738677
1,0,0.34267402
1,0,0.3256997
1,0,0.23423098
1,0,0.2521441
1,0,0.28974098
1,0,0.33396736
1,0,0.37358466
1,0,0.4298505
1,1,0.50111115
1,1,0.56943965
1,1,0.5282046
1,0,0.41608927
1,0,0.25620088
1,0,0.32988676
1,0,0.3435153
1,0,0.4144144
1,1,0.5261086
1,1,0.58107376
1,1,0.5905918
1,1,0.768352
1,1,0.8360752
1,1,0.81790334
1,1,0.7947931
1,1,0.8301347
1,1,0.8244055
1,1,0.7583209
1,1,0.6802148
1,1,0.6112314
1,1,0.5725963
1,0,0.34088123
1,0,0.33062798
1,0,0.42158398
1,1,0.52969843
1,1,0.51344717
1,0,0.37433657
0,0,0.044842202
0,0,0.0070321294
0,0,0.002297219
0,0,0.0014111962
0,0,0.00061829167
0,0,0.0006030055
0,0,0.00066137774
0,0,0.0006723791
0,0,0.000699916
0,0,0.00068158284
0,0,0.0006306511
0,0,0.0006377654
0,0,0.0006230839
0,0,0.00084174954
0,0,0.000929164
0,0,0.00082997314
0,0,0.0009937822
0,0,0.0011303448
0,0,0.001357671
0,0,0.0016199289
0,0,0.0017107112
0,0,0.0012961056
0,0,0.00094757666
0,0,0.00089244207
0,0,0.0010787845
0,0,0.001391482
0,0,0.0015937672
0,0,0.0016988469
0,0,0.0012994015
0,0,0.36134362
0,1,0.9751785
0,1,0.9938491
0,1,0.9913958
0,1,0.971159
0,1,0.8715021
0,1,0.6496024
0,1,0.5149149
0,0,0.40435034
0,0,0.48015085
0,1,0.6892486
1,1,0.9064906
1,1,0.95357394
1,1,0.9442876
1,1,0.8988808
1,1,0.8959506
1,1,0.92204463
1,1,0.9202169
1,1,0.8621142
1,1,0.76145893
1,1,0.680817
1,1,0.726992
1,0,0.4951604
1,0,0.13488258
1,0,0.020552704
1,0,0.0021100512
1,0,0.00069756224
1,0,0.00090374384
1,0,0.0007303151
1,0,0.0006359512
1,0,0.00056802965
1,0,0.00060293655
1,0,0.00074338575
1,0,0.0009775497
1,0,0.00096117763
1,0,0.0008841938
1,0,0.0007693417
1,0,0.0008859712
1,0,0.0010671086
1,0,0.0009937984
1,0,0.0009010852
1,0,0.00076206325
1,0,0.0006716794
1,0,0.00056968274
1,0,0.00052022067
1,0,0.0006574264
1,0,0.0008984901
1,0,0.0015112566
1,0,0.0016776896
1,0,0.0020948062
1,0,0.003083499
1,0,0.002604773
1,0,0.006918897
1,0,0.009439504
1,0,0.00607531
1,0,0.0026573983
1,0,0.0017856079
1,0,0.002828508
1,0,0.0012767507
1,0,0.0006704265
1,0,0.0007685555
1,0,0.00077410386
1,0,0.0008682954
1,0,0.0008315868
1,0,0.00078326894
1,0,0.0009036801
1,0,0.0014324683
1,0,0.0026858833
1,0,0.0026580696
1,0,0.0016689784
1,0,0.0010392651
1,0,0.00092601636
1,0,0.0008482501
1,0,0.00072662387
1,0,0.00060960033
1,0,0.00053888065
1,0,0.0006031102
0,0,0.0041271737
0,0,0.001349566
0,0,0.00052863907
0,0,0.0004790006
0,0,0.0026678194
0,0,0.003804852
0,0,0.0040708277
0,0,0.003408722
0,0,0.0031359612
0,0,0.0023940122
0,0,0.0027014369
0,0,0.0040927725
0,0,0.0051997323
0,0,0.004457914
0,0,0.0030595018
0,0,0.0042038085
0,0,0.006545879
0,0,0.008098291
0,0,0.0046903244
0,0,0.003484113
0,0,0.0035297156
0,0,0.003782479
0,0,0.0053400947
0,0,0.00736471
0,0,0.012169002
0,0,0.016472954
0,0,0.010664569
0,0,0.007860592
0,0,0.009018489
0,0,0.010685216
0,0,0.021592533
0,0,0.015507157
0,0,0.0085129
0,0,0.010557958
0,0,0.011267625
0,0,0.007451437
0,0,0.0031809004
0,0,0.002084206
0,0,0.00158035
0,0,0.0012391814
0,0,0.0009512678
0,0,0.0010965597
0,0,0.0023565881
0,0,0.0020258955
0,0,0.0018952596
0,0,0.0017660646
1,0,0.09372557
1,1,0.7916711
1,1,0.80736065
1,1,0.5345628
1,0,0.3283577
1,0,0.25162828
1,0,0.20853712
1,0,0.19719261
1,0,0.35817116
1,0,0.40169716
1,0,0.31663507
1,0,0.3695631
1,0,0.39101842
1,0,0.3243095
1,0,0.2837425
1,0,0.24240378
1,0,0.20614235
1,0,0.20089157
1,0,0.17807275
1,0,0.13383314
1,0,0.13518208
1,0,0.23003785
1,0,0.4588437
1,0,0.42743376
1,0,0.31212464
1,0,0.33386707
1,0,0.37525457
1,0,0.28052828
1,0,0.24180512
1,0,0.25438717
1,0,0.25609994
1,0,0.26119438
1,0,0.2675585
1,0,0.24729583
1,0,0.26414573
1,0,0.34742767
1,1,0.6311955
1,1,0.84565103
1,1,0.92886156
1,1,0.92936444
1,1,0.8571876
1,1,0.84070075
1,1,0.754829
1,1,0.53495866
1,1,0.7988959
1,1,0.77349114
1,1,0.540504
1,0,0.4617359
1,0,0.4702566
1,0,0.4151797
1,0,0.37167642
1,0,0.4159365
1,0,0.4080991
1,0,0.3559564
1,0,0.279167
1,0,0.05505684
1,0,0.019036865
1,0,0.01192357
1,0,0.0015109803
1,0,0.024821844
1,0,0.027775774
1,0,0.038221914
1,0,0.03561954
1,0,0.0574019
1,0,0.0680493
1,0,0.07055734
1,0,0.08979246
1,0,0.1313721
1,0,0.15256748
1,0,0.1867837
1,0,0.22507599
1,0,0.18183148
1,0,0.21690798
1,0,0.1724889
1,0,0.1476615
1,0,0.18777962
1,0,0.20301722
1,0,0.26531947
1,0,0.25306737
1,0,0.22760925
1,0,0.19301732
1,0,0.14678502
1,0,0.14153019
1,0,0.21648666
1,1,0.57575935
1,1,0.5642608
1,1,0.5433087
1,0,0.41695186
1,0,0.35973012
1,1,0.5004082
1,1,0.5203765
1,0,0.3683221
1,0,0.39642665
1,0,0.38547918
1,0,0.27860603
0,0,0.41658294
0,0,0.4769449
0,1,0.5473228
0,1,0.68487346
0,1,0.6776478
0,1,0.7534669
0,1,0.7238832
0,1,0.76151043
0,1,0.68023217
0,1,0.5554411
0,0,0.4532534
0,0,0.14863001
0,0,0.054160804
0,0,0.008924676
0,0,0.002059749
0,0,0.08968967
0,0,0.09451446
0,0,0.0855482
0,0,0.032509547
0,0,0.019749098
0,0,0.018020334
0,0,0.017177684
0,0,0.024083378
0,0,0.040176097
0,0,0.07085467
0,0,0.089631364
0,0,0.110519424
0,0,0.16106173
0,0,0.18315613
0,0,0.18115884
0,0,0.1739474
0,0,0.17083824
0,0,0.15352109
0,0,0.16723222
0,0,0.13158236
0,0,0.09652047
0,0,0.11348316
0,0,0.09915779
0,0,0.07863913
0,0,0.12657826
0,0,0.1092533
0,0,0.067201324
0,0,0.094728924
0,0,0.15370499
0,0,0.139651
0,0,0.09859342
0,0,0.112496905
0,0,0.17917427
0,0,0.23352623
0,0,0.32002836
0,0,0.41485906
0,0,0.492888
0,1,0.55372846
0,1,0.5904919
0,1,0.6267309
0,1,0.5836914
0,1,0.53338414
0,1,0.5209904
0,1,0.5061961
0,1,0.5341775
0,1,0.6491518
0,1,0.72021157
0,1,0.73152655
0,1,0.7421572
0,1,0.7822908
0,1,0.85731643
