Actual,Predicted,Probability
0,0,0.3705717654565236
0,0,0.16414315796972748
0,0,0.08125795182595916
0,0,0.08079953839546168
0,0,0.1289044865101785
0,0,0.15873924124239341
0,0,0.2698043457432359
0,1,0.502414065646767
0,0,0.3896169556853446
0,0,0.3395285143858274
0,0,0.3855676339518889
0,0,0.0010821245949503558
0,0,0.01326698866858775
0,0,0.04840036269681186
0,0,0.035920744424886464
0,0,0.0241274563891522
0,0,0.05103744882838947
0,0,0.06044830316732459
0,0,0.08813382246952334
0,0,0.13102697858056037
0,0,0.22112435997627086
0,0,0.2679460154524963
0,0,0.06108052059310888
0,0,0.029278238793307536
0,0,0.08049768802181141
0,0,0.332213350165994
0,0,0.4440818711820714
0,0,0.13218824701529053
0,0,0.19004933755271078
0,0,0.13246740076657154
0,0,0.3406824533257603
0,1,0.5678135116918398
0,0,0.2605799503310008
0,0,0.22703204813876132
0,0,0.3023151333180112
0,0,0.2021103051835308
0,0,0.142474593976237
0,0,0.37548381879489157
0,1,0.5077453537986091
0,1,0.5601684064698432
0,1,0.8486719718135646
0,1,0.9179259172458527
0,1,0.8295156218649629
0,1,0.7002311992959092
0,1,0.7296463024166475
0,1,0.7836752791084991
1,1,0.9995768539991292
1,1,0.9997373334125206
1,1,0.9969459036095147
1,1,0.9996277827978259
1,1,0.9999749767339081
1,1,0.9999743290631358
1,1,0.9998665139628136
1,1,0.9983299254114525
1,1,0.998564484023572
1,1,0.9947800435936194
1,1,0.9879984780866342
0,1,0.9996702228658553
0,1,0.9999434824664702
0,1,0.9979715818230525
0,1,0.9848578209766619
0,1,0.9863207513990357
0,1,0.9908304956691217
0,1,0.9943825908049388
0,1,0.9950832876872203
0,1,0.9916558347572112
0,1,0.7566339152486163
0,1,0.9983911493004444
1,0,8.410622518732966e-06
1,0,2.208900335436912e-06
1,0,2.583014835069868e-05
1,0,4.5076477004804755e-05
1,0,0.0005283892529150534
1,0,0.001078452470873607
1,0,0.005397443451778712
1,0,0.39764400072302125
1,0,0.0003240880584380101
1,0,2.3529310786843438e-07
1,0,1.0995012202035085e-05
0,1,0.9984881830486162
0,1,0.9981022925263443
0,1,0.9997051209158456
0,1,0.9997520893950524
0,1,0.9992349941103472
0,1,0.9941620856091078
0,1,0.9922564910514989
0,1,0.9997234524563914
0,1,0.9999802780537879
0,1,0.9999860810324992
0,1,0.9999778340849869
1,1,0.7401821409473214
1,0,0.4628409684809862
1,0,0.024597433428045917
1,0,5.340817621636046e-07
1,0,1.503791002158033e-05
1,0,0.23382829817718687
1,0,0.028059451232783517
1,1,0.8649720487320247
1,1,0.9712160748965053
1,1,0.9564519212404663
1,1,0.9980479539025762
0,0,0.052714578298508896
0,0,0.022084780453066152
0,0,0.014385177738561395
0,0,0.034089892088839634
0,0,0.04916203031680131
0,0,0.049475877430591134
0,0,0.095261734618639
0,0,0.15168681201557271
0,0,0.1784216280758768
0,0,0.08563394691749204
0,0,0.05218437801109826
0,0,0.17953925347964847
0,0,0.40959126311149285
0,0,0.33999969012168635
0,0,0.14274859767291975
0,0,0.11783639366911494
0,0,0.4448856271371203
0,1,0.6543961551681496
0,0,0.37385812613258784
0,0,0.1267325376593488
0,0,0.07435357249610347
0,0,0.07427028749948363
0,0,0.11117005610814018
0,0,0.39504747932013884
0,0,0.4375792529655545
0,0,0.2503451961478888
0,0,0.18511657286664399
0,0,0.13980404351386022
0,0,0.18986886451232393
1,0,0.3669988745850388
1,1,0.9993385552463551
1,1,0.999872854454771
1,1,0.9989446723323243
1,1,0.9954713034610848
1,1,0.9564146775345503
1,1,0.9686263665003886
1,1,0.983299120865684
1,1,0.9992213852528455
1,1,0.9999654300893956
1,1,0.9998990835804376
0,1,0.9999505500629491
0,1,0.9999961997899162
0,1,0.9999745226609774
0,1,0.9999787720810517
0,1,0.999998396522331
0,1,0.9999897380312011
0,1,0.9993195864666653
0,1,0.9996160104820748
0,1,0.9999995482627588
0,1,0.9999883255847984
0,1,0.9997886654968472
0,0,0.16974521632391393
0,0,0.0729846772774012
0,0,0.01458928120358884
0,0,0.017395390357779563
0,0,0.0164616754489179
0,0,0.02772241905229514
0,0,0.018949458748463606
0,0,0.012779271258920335
0,0,0.015874902215483846
0,0,0.014633617585808596
0,0,0.034149334614989
0,0,0.06405624612595208
0,0,0.05367852644706747
0,0,0.0871299268853627
0,0,0.14387050239234336
0,0,0.22644909329424653
0,0,0.41432325883708276
0,0,0.49740714109922596
0,1,0.6061809162638413
0,0,0.4624586342134564
0,0,0.25695704743515413
0,0,0.329856762856639
0,0,0.45914122668236784
0,1,0.6509653435085555
0,1,0.796179709611436
0,1,0.9016054888170618
0,1,0.8902584997041917
0,1,0.7501777468058672
0,1,0.7852028375783335
0,1,0.8760943298287956
0,1,0.9413103366116956
0,1,0.9530347948533782
0,1,0.9216930364195514
0,1,0.9968078935399222
0,1,0.9986364685212608
0,1,0.9981780660616605
0,1,0.9962317068962198
0,1,0.9735201181100093
0,1,0.9466810451481354
0,1,0.9453577268590028
0,1,0.9613950712814138
0,1,0.9690676497177788
0,1,0.9682024712066238
0,1,0.9735167139619727
0,1,0.9846108201706905
0,1,0.9923883529002329
0,1,0.98158574365437
0,1,0.9470132146927241
0,1,0.9910059595962147
0,1,0.9930840269975674
0,1,0.9771097606044208
0,1,0.9886069013126059
0,1,0.9868348374946733
0,1,0.968306519795232
0,1,0.9630759801839611
0,0,0.03010648307554331
0,0,0.008814305810442314
0,0,0.0021548341172747177
0,0,0.0019731180129350916
0,0,0.02437868317099503
0,0,0.0071218814626695486
0,0,7.886473884463177e-05
0,0,1.279425871508881e-05
0,0,0.0001500318118176266
0,0,0.0003298190686388257
0,0,0.00014572968779192716
0,0,0.1726964832076628
0,0,0.11103563205932813
0,0,0.014010009999117346
0,0,0.004545614160889794
0,0,0.009104916346521197
0,0,0.010354643116837587
0,0,0.029181660085573338
0,0,0.011339288154558206
0,0,0.001359880942197295
0,0,0.0012148671231676522
0,0,0.0026748908807085053
0,0,0.015474051011349717
0,0,0.058252841556495016
0,0,0.06098973095150709
0,0,0.1174922925833841
0,0,0.3828537202837226
0,1,0.5433057028536593
0,1,0.5809155451768625
0,0,0.4703843635684423
0,0,0.14446756893961515
0,0,0.09716104430101785
0,0,0.2746756711267369
0,0,0.2392221402059835
0,0,0.08286072535057992
0,0,0.24311240153091404
0,1,0.6281511320306815
0,0,0.18581081866382962
0,0,0.1796378452773503
0,1,0.8710687764922634
0,1,0.9175222865239627
0,1,0.5669034047367398
0,0,0.25808489080167263
0,0,0.37033036029189553
0,0,0.3213585369133169
0,1,0.599052248542648
1,0,0.0037083258344441277
1,0,0.003126684511106059
1,0,0.0024338774117853433
1,0,0.15068349049018584
1,0,0.4087169642771335
1,1,0.5904411722141876
1,1,0.5740133734481031
1,0,0.11762647280185017
1,0,0.45965212564928826
1,1,0.9787183044028711
1,1,0.9929160948027355
1,1,0.9936117925970039
1,1,0.9999194370937875
1,1,0.9988161525155698
1,1,1.0
1,1,1.0
1,1,0.999999999991396
1,1,0.9999999989886079
1,0,0.004433817975339644
1,0,0.03426253751038261
1,1,0.9796767175890023
1,0,0.00010712232511736258
1,1,0.9996862514905874
1,1,0.9996800506579551
1,1,0.999845820301046
1,1,0.9999376036034133
1,1,0.9999873552580864
1,1,0.9999996095103706
1,1,0.9999998131181901
1,1,0.9997936466651761
1,1,0.9947888248995407
1,1,0.9993378342108747
1,1,0.9996756591228744
1,1,0.9999108160216393
1,1,0.999778223297823
1,1,0.9998022459607077
1,1,0.9979395791330276
1,1,0.9941410654507914
1,1,0.9975062976943749
1,1,0.9998519303534883
1,1,0.9991896996624924
1,1,0.9687896465139252
1,1,0.9477000181958002
1,1,0.9923119082231863
1,1,0.9896379872659719
1,1,0.693078865682215
1,1,0.5653052747823749
1,1,0.9732568378990933
1,1,0.9997708799775515
1,1,0.9989694914893951
1,1,0.9882863628193622
1,1,0.9737403841252456
1,1,0.9314517188337431
1,1,0.9728017211453404
1,1,0.9020249198201912
0,1,0.8049114492396948
0,1,0.7862630078777708
0,1,0.6299426733281809
0,1,0.5778200117182164
0,1,0.5253362066562905
0,0,0.40474783837649686
0,1,0.643304971806611
0,1,0.6446530934244558
0,0,0.2925245201548482
0,0,0.10623549190692362
0,0,0.12351163773083863
0,0,0.39009539050239767
0,0,0.18299939045219665
0,0,0.12592235256755438
0,0,0.1609702155745127
0,0,0.11592436503125718
0,0,0.09307298659072316
0,0,0.04161674168783721
0,0,0.03577578611735854
0,0,0.16579143614295908
0,0,0.33818254788353147
0,0,0.29798060027744055
0,0,0.2588353276539894
0,0,0.1468316336689182
0,0,0.3220010964776497
0,0,0.320562837154073
0,0,0.26323702127214343
0,0,0.3107358377560671
0,0,0.11847278296366796
1,0,0.44641371566806287
1,0,0.3169640035184722
1,1,0.5540802502971818
1,1,0.6523840752174502
1,1,0.9272779699574996
1,1,0.9542121894340795
1,1,0.9964046281756299
1,1,0.9986897597542519
1,1,0.5429713959818716
1,0,0.32868888245283706
1,0,0.052016552216497085
1,1,0.9738604476121807
1,1,0.981861982224325
1,1,0.8654981956742553
1,1,0.6700957467519305
1,0,0.3927302108603361
1,0,0.3579463126269911
1,0,0.32921762880049843
1,1,0.9155247359145827
1,1,0.998469833363914
1,1,0.9999965009925083
1,1,0.9999566825256415
1,0,0.123034772271812
1,0,7.731237350312638e-05
1,0,0.0008626464774866917
1,0,0.0025160955289726936
1,1,1.0
1,1,1.0
1,1,0.9997810872979915
1,1,0.8624300794583574
1,0,5.621052895944473e-06
1,0,0.13823100692805246
1,1,0.9999999999630527
1,1,0.9999642624381107
1,0,0.0016057144989050788
1,0,1.9767738895915372e-06
1,0,1.1065834766418743e-11
1,0,9.682237669659865e-14
1,0,3.073393596004195e-10
1,0,2.2574435220915973e-09
1,0,1.238887963470079e-09
1,0,2.172804832943937e-06
1,0,2.353865883181624e-05
1,0,0.005365198559779541
1,0,0.017183011935333396
1,0,0.039214462090816235
1,0,0.11790588959535277
1,1,0.7218518482674795
1,0,0.365362288125343
1,0,0.01817435849340951
1,0,0.005491533723604796
1,0,0.013370069908327509
1,0,0.06948861182429389
1,0,0.009063143896939138
1,0,0.02636484792001767
1,1,0.9999593031601846
1,1,0.9999999999976172
1,1,0.9999999494546524
1,0,0.022420887929906808
1,0,0.0006184443588988665
1,0,0.003712287666546933
1,0,0.25760319208892396
1,0,0.47480966441504907
1,1,0.7321622286502381
1,0,0.27025581171434343
1,0,0.10975635891478554
1,0,0.14283042144796082
1,0,0.03616341572345671
1,0,0.04768931669082847
1,0,0.06947290562858731
1,0,0.025487282173180453
1,0,0.02854717169416513
1,1,0.7634113306520256
1,1,0.8885058735153073
1,0,0.1257530312108182
1,0,0.13473712863770185
1,0,0.2926820592156077
0,1,1.0
0,1,1.0
0,1,1.0
0,1,1.0
0,1,1.0
0,1,1.0
0,1,1.0
0,1,1.0
0,1,1.0
0,1,1.0
0,1,1.0
0,1,1.0
0,1,1.0
0,1,1.0
0,1,1.0
0,1,1.0
0,1,1.0
0,1,1.0
0,1,1.0
0,1,1.0
0,1,1.0
0,1,1.0
0,1,1.0
0,1,1.0
0,1,1.0
0,1,1.0
0,1,1.0
0,0,0.0
0,0,0.0
0,1,1.0
0,1,1.0
0,1,1.0
0,1,1.0
0,1,1.0
0,1,1.0
0,1,1.0
0,1,1.0
0,1,1.0
0,1,1.0
0,1,1.0
0,1,1.0
0,0,0.0
0,0,0.0
0,1,1.0
0,1,1.0
0,1,1.0
0,1,1.0
0,1,1.0
0,1,1.0
0,1,1.0
0,1,1.0
0,1,1.0
0,1,1.0
0,1,1.0
0,1,1.0
0,1,1.0
0,1,1.0
1,1,1.0
1,1,1.0
1,1,1.0
1,1,1.0
1,1,1.0
1,1,1.0
1,1,1.0
1,1,1.0
1,1,1.0
1,1,1.0
1,1,1.0
1,0,0.0
1,0,0.0
1,0,0.0
1,0,0.0
1,1,1.0
1,1,1.0
1,1,1.0
1,1,1.0
1,1,1.0
1,1,1.0
1,1,1.0
0,1,1.0
0,1,1.0
0,1,1.0
0,1,1.0
0,1,1.0
0,1,1.0
0,1,1.0
0,1,1.0
0,1,1.0
0,1,1.0
0,1,1.0
1,1,1.0
1,1,1.0
1,1,1.0
1,1,1.0
1,1,1.0
1,1,1.0
1,1,1.0
1,1,1.0
1,1,1.0
1,0,0.0
1,0,0.0
0,0,0.0
0,0,0.0
0,0,0.0
0,0,0.0
0,0,0.0
0,1,1.0
0,1,1.0
0,1,1.0
0,1,1.0
0,1,1.0
0,1,1.0
0,1,1.0
0,1,1.0
0,1,1.0
0,1,1.0
0,1,1.0
0,1,1.0
0,1,1.0
0,1,1.0
0,1,1.0
0,1,1.0
0,1,1.0
0,1,1.0
0,1,1.0
0,1,1.0
0,1,1.0
0,1,1.0
0,1,1.0
0,1,1.0
1,1,1.0
1,1,1.0
1,1,1.0
1,1,1.0
1,1,1.0
1,1,1.0
1,1,1.0
1,1,1.0
1,1,1.0
1,1,1.0
1,1,1.0
1,1,1.0
1,1,1.0
1,1,1.0
1,1,1.0
1,1,1.0
1,1,1.0
1,1,1.0
1,1,1.0
1,1,1.0
1,1,1.0
1,1,1.0
0,1,1.0
0,1,1.0
0,1,1.0
0,1,1.0
0,1,1.0
0,1,1.0
0,1,1.0
0,1,1.0
0,1,1.0
0,1,1.0
0,1,1.0
0,1,1.0
0,1,1.0
0,1,1.0
0,1,1.0
0,1,1.0
0,1,1.0
0,1,1.0
0,1,1.0
0,1,1.0
0,1,1.0
0,1,1.0
0,1,1.0
0,1,1.0
0,1,1.0
0,1,1.0
0,1,1.0
0,1,1.0
0,1,1.0
0,1,1.0
0,1,1.0
0,1,1.0
0,1,1.0
0,1,0.85823837785089
0,1,0.8677790710382088
0,1,0.8815998436871672
0,1,0.9160383469935205
0,1,0.9643219884936659
0,1,0.9731353374732498
0,1,0.9618415133579931
0,1,0.946716335119419
0,1,0.9680120524903882
0,1,0.9785929696437247
0,1,0.9764885591857294
0,0,0.2927884192499611
0,0,0.2868616164159913
0,0,0.4843352049661725
0,0,0.45823710235201714
0,0,0.4240216293765103
0,0,0.3772214515768375
0,0,0.2390622021777574
0,0,0.18755990242354953
0,0,0.24064328055175563
0,0,0.3006562405266253
0,0,0.23404937944604165
0,0,0.0930443669822922
0,0,0.028470625566782346
0,0,0.017175256010878173
0,0,0.020931256210010313
0,0,0.044080042042270486
0,0,0.04219970514992205
0,0,0.07430809391365986
0,0,0.11852094667278079
0,0,0.13485402169202276
0,0,0.16071657891684757
0,0,0.2243028738984235
0,0,0.1459252220072063
0,0,0.10653991599263371
0,0,0.1782800006130705
0,0,0.2824684830394464
0,0,0.3366248108742876
0,0,0.3983186382411082
0,0,0.4987614975295368
0,0,0.4380008066785427
0,0,0.4940154516495175
0,1,0.564279590882781
0,1,0.5050929643662144
0,1,0.511759466282339
0,0,0.4475664011206108
0,1,0.9999999999998757
0,1,0.999999999988435
0,1,0.9999852882611606
0,1,0.9934475526574295
0,1,0.9779577162306784
0,1,0.9879967443450913
0,1,0.9901998922572502
0,1,0.9876280781338113
0,1,0.9899285006556132
0,1,0.9991967056618866
0,1,0.999819048206987
1,1,0.9994927984755655
1,1,0.9982559810409756
1,1,0.9873998458330798
1,1,0.7565363160664708
1,1,0.9410342419107061
1,0,0.38287184719979933
1,0,0.009950778637799673
1,0,0.00510689873753343
1,0,0.003173566783697045
1,0,0.0034806569676546313
1,0,0.0018991958032921498
0,1,0.9999582183001451
0,1,0.9934016829306832
0,1,0.8701546405172158
0,1,0.9920783070157416
0,1,0.9917432971168163
0,1,0.9071825558665301
0,0,0.4093785882647614
0,1,0.7656318866088776
0,1,0.9899190871815687
0,1,0.9546540819311832
0,1,0.9493102681683965
1,1,0.9999982556982917
1,1,0.9986586726223665
1,1,0.998937269248543
1,1,0.9996914154502151
1,1,0.9987937498011776
1,1,0.9996568329585591
1,1,0.9986376718163572
1,1,0.9983853554023118
1,0,0.3010018142674767
1,0,0.07315292055943189
1,1,0.9999478350600473
1,0,0.32145054484010194
1,0,0.0004290090788653574
1,0,2.356526458451615e-12
1,0,1.3218302715476922e-11
1,1,0.7070769246633538
1,1,0.9982408130422489
1,0,1.5082659899111975e-05
1,0,2.7832079245613734e-24
1,0,2.3797796760339202e-24
1,0,1.2133951695789689e-06
1,0,0.08952937835295686
0,0,0.30626760466977454
0,0,0.38047579039837426
0,0,0.1057694758695097
0,0,0.16485585228399133
0,0,0.10531509377459934
0,0,0.011773484517575525
0,0,0.01651852980953705
0,0,0.06298578737418627
0,0,0.06617884336024392
0,0,0.1192957820325241
0,0,0.11311516904195579
0,0,0.08552928821800533
0,0,0.1217412550245357
0,0,0.1168374973169489
0,0,0.09360810882273236
0,0,0.07286134214475527
0,0,0.07872730150537142
0,0,0.15184184294025446
0,0,0.14386843814400355
0,0,0.1738434176696181
0,0,0.1608911459829489
0,1,0.6295693666588403
0,1,0.6829821554464042
0,0,0.2521523351176721
0,0,0.31540655637263915
0,0,0.28340917816739536
0,0,0.1547169381867383
0,0,0.055489801004288984
0,0,0.10385076543360085
1,0,0.041075654548737926
1,0,0.00697754354999408
1,0,0.45391017978714976
1,1,0.9525511139358072
1,1,0.5025678394119607
1,1,0.8807211947439458
1,1,0.982930312935474
1,1,0.995640034042275
1,1,0.9998538866490766
1,1,0.9999722928967605
1,1,0.9993147910858722
1,0,0.04316705509250399
1,0,0.18920512188920077
1,0,0.049510151219886965
1,0,0.018970173939355444
1,0,0.21650869044770504
1,0,0.05476619945128527
1,0,0.01640661100485164
1,0,0.00577085916121902
1,0,0.0048262049804133015
1,0,0.007348882120913351
1,0,0.009122169495750993
0,1,0.9921192481922247
0,1,0.9911591788854757
0,1,0.9879010461581462
0,1,0.9896122203358629
0,1,0.9849275840188065
0,1,0.9842033481140317
0,1,0.9951849838498328
0,1,0.9975618224744016
0,1,0.9986673122120928
0,1,0.9971385096837403
0,1,0.9901849746517378
0,1,0.9872387845841599
0,1,0.9903210112297046
0,1,0.9978667290647582
0,1,0.9996898936460127
0,1,0.9961095631408243
0,1,0.9936236933339052
0,1,0.999291238757934
0,1,0.9994503434047894
0,1,0.9995669797021458
0,1,0.9996805893556164
0,1,0.999785748820378
0,1,0.9992542912033612
0,1,0.9990328544402811
0,1,0.9990782392039318
0,1,0.9989537733045172
0,1,0.9992444493383392
0,1,0.9995467585697617
0,1,0.9993805336574719
0,1,0.9903926767396835
0,1,0.9065677835010848
0,1,0.9060119935781
0,1,0.8998078687691445
0,1,0.9998854455446912
0,1,0.9997925199993393
0,1,0.9856436354233278
0,1,0.7470479198206914
0,1,0.5280177626650938
0,1,0.5100711167282421
0,1,0.7942834648463497
0,1,0.9952485613629763
0,1,0.9962163380516189
0,1,0.9598311122696952
0,1,0.9524223206641727
0,1,0.8850231305527272
0,1,0.8681058790135434
0,1,0.9636524591032962
0,1,0.9921138065599618
0,1,0.9985706387126693
0,1,0.9992002844368052
0,1,0.9986419990308396
0,1,0.9990367111701473
0,1,0.9975473955788461
0,1,0.9967892738966083
0,1,0.9963520320649776
0,0,0.006934928087950973
0,0,0.0023007340759082936
0,0,0.0007830363088856454
0,0,0.0006365550903846526
0,0,0.0012326227479996519
0,0,0.0006877076227285165
0,0,0.0001096469958891073
0,0,0.0001549948451880379
0,0,0.00046871095319755615
0,0,0.000996822313146886
0,0,0.0012008010959255384
0,1,0.863384588988307
0,0,0.33401832823958727
0,0,0.049739304762161866
0,0,0.08292186172725717
0,0,0.3045807617548199
0,0,0.2337471968026805
0,0,0.3756674042026662
0,0,0.20897521321909263
0,0,0.0444678283682099
0,0,0.05212462821565888
0,0,0.1386084975803228
0,0,0.1295254540872979
0,0,0.08002320069813848
0,0,0.11887649779928441
0,0,0.18224118667087957
0,0,0.23840045176788385
0,0,0.3064897341818436
0,1,0.6018996129206646
0,1,0.5161271794833044
0,1,0.604830962347488
0,1,0.6260760009787315
0,1,0.6706811531798882
0,1,0.7324592090913704
0,1,0.6821690836859703
0,1,0.6705278703825325
0,1,0.6048703049805815
0,0,0.39170526585269555
0,0,0.15865511336307825
0,0,0.2952891524374977
0,0,0.4740655703396166
0,0,0.3252555112290706
0,1,0.5088310420868709
0,0,0.4877750285094241
0,0,0.378723589800087
0,0,0.3467559291511063
1,0,1.9340539070570637e-05
1,0,3.542620782133851e-05
1,0,0.05535043073146643
1,0,0.14961841612824686
1,0,0.004261910873695592
1,0,4.3280411109269075e-06
1,0,6.51791961840394e-09
1,0,1.7400452983304795e-06
1,0,0.020258927913873893
1,0,1.4749565889578006e-06
1,0,2.387731176245309e-07
1,0,1.331310488625152e-07
1,0,1.423203822125936e-05
1,0,1.252547689494729e-06
1,0,6.446795714488631e-11
1,0,0.00015128202584561366
1,0,0.3411822280435381
1,0,0.01627835897895876
1,0,1.4578453381657123e-05
1,0,4.589713020292749e-07
1,0,1.3002393060688552e-09
1,0,3.5121757149322694e-09
1,0,0.0016841782192342598
1,0,0.021170464941247028
1,0,0.0018178530251286625
1,0,7.854960485878902e-14
1,0,4.003336810114251e-15
1,0,1.1135306798780469e-06
1,0,2.0460525403844732e-07
1,0,3.1647945575013032e-12
1,0,4.762660607382769e-13
1,0,8.171632097139097e-09
1,0,0.004564310484271841
1,0,0.06427345154955659
1,0,0.017178908794060324
1,0,0.001414362454654728
1,0,0.0013572686612619473
1,0,0.005243598106020591
1,1,0.5304377401014284
1,0,0.05421474827559182
1,0,0.00011255857804029589
1,0,6.9779760497504184e-06
1,0,0.003418922263278376
1,1,0.9990327257753429
1,0,0.03613261139419056
1,0,0.0023992184927486998
1,0,0.017236384160675543
1,0,3.309302852807094e-06
1,0,1.6479511104062264e-14
1,0,3.0940248215006995e-11
1,0,6.643153255369333e-06
1,0,1.0538599245199444e-09
1,0,5.662846668804184e-12
1,0,6.570182072079286e-08
1,0,0.021182609029987105
1,0,0.001264754588105337
1,0,0.002314986515379117
1,0,0.005204011398610036
1,0,0.0038951622594957645
1,0,0.0030104278224974686
1,0,0.00121788855940612
1,0,0.002445760145346747
1,0,0.009353133045370755
1,0,0.02784652766487142
1,0,0.05653468480792759
1,0,0.06887217310679224
1,0,0.09354010851914003
1,0,0.15920252800735968
1,0,0.21607396438312007
1,0,0.21103991903452843
1,0,0.2142475967093639
1,0,0.17496146826742318
1,0,0.18320386976240396
1,0,0.13751307369818636
1,0,0.1420547392244067
1,0,0.4642202520489289
1,1,0.7222133153293767
1,0,0.48223764815196324
1,0,0.236298600693652
1,0,0.29641760127926847
1,1,0.5566427141349223
1,0,0.48660002156964755
1,0,0.2902721354705698
1,0,0.2217313468013701
1,1,0.6283360287283755
1,0,0.005918312295010234
1,0,0.0012504850144730655
1,1,0.5441392217931089
1,1,0.999803402133956
1,1,0.9994540576160265
1,1,0.9997388679630558
1,1,0.999490781354069
1,0,1.8568881701581013e-17
1,0,6.305484605324863e-23
1,0,1.4650660477726428e-08
1,1,0.9325829899364417
1,1,0.9621392992015841
1,1,0.8074250249442319
1,1,0.9794264437990271
1,1,0.999755490235125
1,1,0.997669386626667
1,1,0.9986380553233086
1,1,0.9999775783945593
1,1,0.9997435597461639
1,1,0.9992544786422654
1,1,0.9992646891006989
0,0,0.001072098346931012
0,0,5.170620705214442e-05
0,0,3.7657684225856725e-06
0,0,1.1817991486084773e-06
0,0,4.105842293949887e-06
0,0,2.0838580356656057e-06
0,0,2.8548426656456096e-07
0,0,1.41147837700594e-07
0,0,3.1724297101821013e-07
0,0,1.092010896542925e-06
0,0,2.3902441758734725e-06
0,0,3.399054576375026e-06
0,0,6.004660894746863e-06
0,0,8.052809596717598e-06
0,0,7.5253177651305385e-06
0,0,3.4478602455834966e-05
0,0,3.419758323056509e-05
0,0,3.2793269759386035e-05
0,0,0.00014913700866815545
0,0,0.00020799619058794582
0,0,8.58265494211666e-05
0,0,0.0004240492177820151
0,0,0.002353092443544956
0,0,0.005128919397034067
0,0,0.018550275858631095
0,0,0.017319190976563405
0,0,0.03226804053138055
0,0,0.044748704033638655
0,0,0.05586812603488155
0,0,0.1598089969378315
0,0,0.11469653053788655
0,0,0.04334443020608064
0,0,0.12167548766748142
1,0,0.0008658508350921445
1,0,0.002502817572439847
1,0,0.00748957332859928
1,0,0.005644572985417531
1,0,0.01070716591755925
1,0,0.007634448825002381
1,0,0.009369298721596258
1,0,0.00041190785074462165
1,0,3.0951616195455625e-05
1,0,7.111429987266638e-05
1,0,1.4782847626328208e-05
1,0,1.2473415063161811e-05
1,0,2.3937506262612786e-05
1,0,4.76686666866385e-06
1,0,5.991394909766445e-06
1,0,8.096753000227262e-06
1,0,3.244790928487558e-06
1,0,2.1907578479705582e-06
1,0,7.815500276122034e-07
1,0,1.2609004526511826e-06
1,0,6.893761823766506e-07
1,0,8.673208056099712e-08
0,0,0.20612489919676488
0,0,0.11504651702265666
0,0,0.012106692894743006
0,0,0.013880252437895698
0,0,0.031392219818548416
0,0,0.24191092719693796
0,1,0.8779205547333498
0,1,0.9923462597743528
0,1,0.9788169042994037
0,1,0.5744674819249506
0,0,0.11416854282205784
0,1,0.7824015260762125
0,1,0.9861228840239208
0,1,0.6469932198288583
0,0,0.28604829360441714
0,1,0.6822603539476134
0,1,0.7348009634149959
0,1,0.9667550909094249
0,1,0.7215614406028332
0,0,0.44994086213405843
0,1,0.6684955343710679
0,1,0.5169218303277485
0,0,0.0330381528701665
0,0,0.014131038627979717
0,0,0.2543969283454139
0,0,0.4734910488548071
0,0,0.16815876461186316
0,0,0.06348328437764875
0,0,0.3799183435617638
0,1,0.751864501711039
0,1,0.8810829708262635
0,0,0.04626564483495301
0,0,0.0009349517180542863
0,0,0.06184137234032784
0,0,0.08493478099945798
0,0,0.024702592652504445
0,0,0.06317263179964572
0,0,0.15321274697854106
0,0,0.030546894780676254
0,0,0.053437549983037236
0,0,0.24282365050663748
0,0,0.26731450797376877
0,0,0.46964021486468166
0,0,0.03815958745940402
0,0,0.061807664138111444
0,0,0.45599565560232086
1,1,0.9988964180283475
1,1,0.9999200502059956
1,1,0.9999983025323124
1,1,0.9999850122698133
1,1,0.9854614264235745
1,1,0.9713433579341645
1,1,0.9902158348171799
1,1,0.9999858682799846
1,1,0.9999790183404146
1,1,0.9920998065661879
1,1,0.9999979745123492
1,1,0.9987120862009012
1,1,0.9999999548255945
1,1,0.9999999995181161
1,1,0.9999999999897731
1,1,0.9999999885470353
1,1,0.9999995988035795
1,1,0.9999999641295498
1,1,0.9999999534323578
1,1,0.9999999783406812
1,1,0.9999999789559837
1,1,0.9999999237898913
1,1,0.6689847352027978
1,1,0.8002741279848868
1,0,0.06638227992056264
1,0,0.07405605787673714
1,1,0.851157841979303
1,1,0.9016447763482861
1,1,0.6545307761842566
1,0,0.20273971306064162
1,0,0.225866012535031
1,0,0.003410127515110363
1,0,0.14514001392452242
1,0,0.00045802996185330034
1,0,2.094082813211643e-05
1,0,0.00027432208279289013
1,0,0.011200705441248236
1,0,0.0002279181713727227
1,0,8.574317263042766e-05
1,0,1.2355371298445734e-05
1,0,1.1404564954468271e-05
1,0,4.061591611129334e-06
1,0,4.724626532488459e-06
1,0,1.1608566878390745e-05
1,1,0.9996430746594439
1,1,0.9999407885148295
1,1,0.9997615621917829
1,1,0.7983248592272327
1,1,0.7046964516121182
1,1,0.8673577268436036
1,1,0.9973347813586104
1,1,0.9401304764750451
1,0,0.03758025271892544
1,0,0.236327567635058
1,1,0.5076286093481481
0,1,0.5834291015125131
0,0,0.011654767308024089
0,0,0.0010769571039364921
0,0,0.0023817274261774173
0,0,0.010649362209961412
0,0,0.26430396814229196
0,0,0.18625379582131582
0,0,0.11381514266103411
0,0,0.1735229349492013
0,0,0.11616535414041837
0,0,0.044665091233213904
0,0,0.014311524387532172
0,0,0.006528455795093392
0,0,0.02766474240768578
0,0,0.20244577736531177
0,0,0.31521366179280136
0,0,0.10766204698700557
0,0,0.26430444037632705
0,0,0.2843290986994201
0,0,0.08097008823140481
0,0,0.44319839805804306
0,0,0.3487348501731193
0,0,0.1863769464569813
0,0,0.2771853498623634
0,0,0.32879374052342647
0,0,0.16676640995189224
0,0,0.06253377356393962
0,0,0.41315898779117016
0,1,0.5534700250391524
1,1,0.9999234164739732
1,1,0.9999999999212543
1,1,0.9999999999996703
1,1,0.9999999999997273
1,1,0.9999999999966449
1,1,0.9999999987554762
1,1,0.9999999955531362
1,1,0.9999999995498607
1,1,0.9999999999117473
1,1,0.9999999999992424
1,1,0.9999999999988674
1,1,0.9999999999274922
1,1,0.9999997257094668
1,1,0.9999120964456444
1,1,0.9999992972108832
1,1,0.9999999927859065
1,1,0.9999994530858471
1,1,0.999997910466872
1,1,0.9999999360377377
1,1,0.9999998936836443
1,1,0.9999981231509956
1,1,0.9998640860759843
1,1,0.9815763638652667
1,1,0.9999994023799256
1,1,0.9999994836227102
1,1,0.9999971021303038
1,1,0.9999924964450785
1,1,0.9999531501648299
1,1,0.9988234194697485
1,1,0.9997280561947749
1,1,0.999991338121981
1,1,0.9999517133562523
1,1,0.9998849122793299
1,1,0.9999926208706402
1,1,0.9999976840433276
1,1,0.9999959801354926
1,1,0.9999863581647936
1,1,0.9999702982809955
1,1,0.9999737404636814
1,1,0.9999991989267198
1,1,0.9999984631186637
1,1,0.99998092876874
1,1,0.9999943213856295
1,1,0.9999978127018913
1,1,0.9999988382871783
1,1,0.9999994872387739
1,1,0.9999998348647907
1,1,0.9999997907860865
1,1,0.9999999919761929
1,1,0.9999999948746603
1,1,0.999999996763512
1,1,0.9999999994072446
1,1,0.9999999996431805
1,1,0.999999999676983
1,1,0.9999999961329564
1,1,0.9999849996476003
1,1,0.9999999987132251
1,1,0.9999999996047131
1,1,0.9999999642917446
1,1,0.9999986105987182
1,1,0.9999992339873941
1,1,0.9999988957003212
1,1,0.999999627157103
1,1,0.9999999973313629
1,1,0.9999999997027282
1,1,0.9999999996101308
1,1,0.9999999996072624
1,1,0.9999999996786908
1,1,0.9999999984794563
1,1,0.9999999963336748
1,1,0.9999999994242665
1,1,0.9999999996136537
1,1,0.9999999972693643
1,1,0.999999997417776
1,1,0.9999999992598891
1,1,0.9999999998534834
1,1,0.9999999990769464
0,1,0.9999769202475224
0,1,0.9999800185145753
0,1,0.9999849981553882
0,1,0.9999859134694725
0,1,0.9999910165944628
0,1,0.9999894523445622
0,1,0.9999619475748309
0,1,0.999945892305277
0,1,0.9999740044480687
0,1,0.9999858401461708
0,1,0.9999846882788853
0,0,0.0020765966941798278
0,0,0.0028882277927643747
0,0,0.0027052997952639627
0,0,0.002338387105637285
0,0,0.001804122302448348
0,0,0.0014291065775295126
0,0,0.002238434732280289
0,0,0.0021166832155777348
0,0,0.001226307795292603
0,0,0.0012028492931541554
0,0,0.0013033076873630656
0,0,0.0013588374753102186
0,0,0.0038588986223939995
0,0,0.015327719960675409
0,0,0.01947062414632065
0,0,0.00539680836086916
0,0,0.0010850860511420937
0,0,0.0013697399411408775
0,0,0.016180133010783016
0,0,0.07957349559670807
0,0,0.06174027437768058
0,0,0.05436720477136218
0,0,0.04696394526817953
0,0,0.011892787858293044
0,0,0.002912644827333012
0,0,0.001191751690399716
0,0,0.0016254477132783133
0,0,0.0005150313018690176
0,0,0.0009202367638688562
0,0,0.002792397743087596
0,0,0.0020779829035034985
0,0,0.0019006212386191487
0,0,0.0016079609016442459
0,0,0.0023146158583794187
0,0,0.004656565384096328
0,1,0.9998634940344686
0,1,0.9999993276777469
0,0,3.28819098927751e-13
0,0,7.6732421683491e-38
0,0,2.9960531184293606e-42
0,0,3.1213258633075035e-28
0,0,4.089650273395721e-32
0,0,1.2759767606201755e-32
0,0,9.634677521992862e-20
0,0,5.648472509896427e-28
0,0,6.933582605922808e-24
0,1,1.0
0,1,0.9999999999999996
0,1,1.0
0,1,0.9999999842995198
0,0,0.002033824089009512
0,0,0.0014471913764811772
0,0,0.0005756451123110324
0,0,0.0006977722173312124
0,0,0.002480754290637841
0,0,0.005549457393843652
0,0,0.0054668753355728026
0,1,0.9999999990693502
0,1,0.9999999985426324
0,1,0.9999887956793467
0,1,0.5580841016220249
0,0,9.572756880747039e-07
0,0,0.3952619798378667
0,1,0.9999999104008246
0,1,0.9993928263080016
0,1,0.9987492818048338
0,1,0.9962803845526897
0,1,0.9939524268069635
0,1,0.9999600495582869
0,1,0.9999832594282191
0,1,0.9997073177058275
0,1,0.9997360726125663
0,1,0.9997826958553868
0,1,0.9997104023631931
0,1,0.9996960367493964
0,1,0.9999976778415133
0,1,0.9999999999998477
0,1,0.9999999999668905
0,1,0.9999999236544861
0,1,0.9989935569703634
0,1,0.9966452911190148
0,1,0.9923791101624503
0,1,0.9972030851316539
0,1,0.999999999980905
0,1,1.0
0,1,0.9999999999921332
0,1,0.9999999999865194
0,1,1.0
0,1,1.0
0,1,0.9999999999279734
0,1,0.7025920510973107
0,0,0.2134877576264437
0,0,0.21149466080936755
0,1,0.6450688961880016
0,1,0.943835069530282
0,1,0.893445201173669
0,1,0.8704079228197623
0,1,0.9246091490166021
0,1,0.9543270557129936
0,1,0.9864726662943131
0,1,0.9956208813585843
0,1,0.9986338000910608
0,1,0.9995816118888191
0,1,0.9990800754857838
0,1,0.9982603733345671
0,1,0.9958782021747778
0,1,0.9843233813230763
0,1,0.9523485236506719
0,1,0.8535500573906429
0,1,0.9021258597230264
0,1,0.9280721379226996
0,1,0.8746636454058722
0,1,0.7438813162380306
0,1,0.6924481429687689
0,1,0.9845319756806701
0,1,0.9979229996047171
0,1,0.9952337427854983
0,1,0.9946281819291418
0,1,0.9966912487897922
0,1,0.9981520155969966
0,1,0.9988766554775523
0,1,0.9957049965276106
0,1,0.9930761769448675
0,1,0.9981476593961505
0,1,0.9994705713864082
0,1,0.9997104601292894
0,1,0.9983455808903771
0,1,0.9925546001701377
0,1,0.9957106118292162
0,1,0.9965176442541482
0,1,0.9964414349699904
0,1,0.9982006578823363
0,1,0.99622542971151
0,1,0.9967584371141279
0,1,0.9984752772164002
0,1,0.9986881392954734
0,1,0.9997525560848892
0,1,0.9996380726902669
0,1,0.9983819777116193
0,1,0.9949592322594627
0,1,0.9893654295879433
0,1,0.9999975980208892
0,1,0.9999996261158782
0,1,0.9999997391957317
0,1,0.9999995730818412
0,1,0.9999993882589672
0,1,0.9999993252583582
0,1,0.9999992944481342
0,1,0.9999986089236947
0,1,0.9999979174488565
0,1,0.9999982163207807
0,1,0.9999979916913565
0,1,0.9999980455811225
0,1,0.9999982296258944
0,1,0.9999987783880191
0,1,0.9999995129578777
0,1,0.9999998382260689
0,1,0.9999999100811395
0,1,0.9999992336920337
0,1,0.9999120696711493
0,1,0.9996100885568115
0,1,0.9990175464607316
0,1,0.9976403601789469
0,1,0.9992374315975319
0,1,0.9992219848850474
0,1,0.9981631767113015
0,1,0.9987078021397002
0,1,0.9997155208968671
0,1,0.9998477275164163
0,1,0.9998190301539178
0,1,0.999673081105104
0,1,0.999953088158148
0,1,0.9996336027198962
0,1,0.8401891403983693
0,0,0.25436491471139544
0,0,0.23699868337695865
0,1,0.9546157953142171
0,1,0.9997065672771519
0,1,0.9996459765678497
0,1,0.999367140653001
0,1,0.9993049976440181
0,1,0.9993249466753105
0,1,0.9997703086824461
0,1,0.9999620496619674
0,1,0.9999736636517239
0,1,0.9999807229372912
0,1,0.999982272201644
0,1,0.9999266827177176
0,1,0.9998668996913241
0,1,0.9998572903690903
0,1,0.9999595337644949
0,1,0.999997925788833
0,1,0.9999980902442976
0,1,0.9999926594914169
0,1,0.9999721533585586
0,1,0.9866041566729206
0,0,0.25007911562717594
0,0,0.1835405659240665
0,0,0.16629887885007097
0,0,0.3696190267793556
0,0,0.1799951377495549
0,0,0.18994100856612878
0,1,0.73811873329117
0,0,0.47576112313874985
0,0,0.1967607774926643
0,0,0.29152154631274785
0,0,0.2229649890733496
0,0,0.17743012942357275
0,0,0.1568893202443558
0,0,0.1687959765598615
0,0,0.17332732838875775
0,0,0.17954309499952517
0,0,0.155293433102528
0,0,0.16261818800426192
0,0,0.1640654672589258
0,0,0.1563249655221931
0,0,0.16345870850949823
0,0,0.14245713074008767
0,0,0.15527037822719716
0,0,0.15162294413000263
0,0,0.145073342864642
0,0,0.14557108882002423
0,0,0.1488080582939654
0,0,0.14189888049956423
0,0,0.1426656897381924
0,0,0.14622007225320452
0,0,0.15570929117556798
0,0,0.14965113678537217
0,0,0.15879971792329362
0,0,0.16404711878487185
0,0,0.1775708151942968
0,0,0.15902980400185973
0,0,0.15480608227079337
0,0,0.14592715493377414
0,0,0.1506928538487682
0,0,0.16103302941913428
0,0,0.16759106852514233
0,0,0.16410699003296214
0,0,0.160191800494322
0,0,0.16677684593706588
0,0,0.1710478371119978
0,0,0.148902878988151
1,1,0.9998820774958254
1,1,0.9989089610779661
1,1,0.9998552621449356
1,1,0.9999641103374468
1,1,0.9999999205528526
1,1,0.9999999750945039
1,1,0.9999923632300345
1,1,0.9998983560630064
1,1,0.9948948045011361
1,1,0.9954022154024754
1,1,0.9995472339430007
1,1,0.9957250677799688
1,1,0.9958885763777424
1,1,0.9954332928058264
1,1,0.999916896337498
1,1,0.9997691879006813
1,0,8.065227460555878e-41
1,0,7.788922741782376e-40
1,1,0.9959341824203357
1,1,0.9615876014800496
1,0,0.45973355762246393
1,0,0.012397693822166971
1,0,0.20276182156709144
1,1,0.9887441851694367
1,1,0.9994692782608857
1,1,0.971732824147036
1,1,0.803324872104419
1,1,0.7354875529788418
1,0,0.31789792458226807
1,1,0.9871180477153483
1,1,0.9994016542271367
1,1,0.999995188864763
1,1,0.9999998305453951
1,1,0.9999961753753621
1,1,0.9999783450105145
1,1,0.9926483671213104
1,1,0.9984162196284763
1,1,0.9954311118719981
1,1,0.9999999492224935
1,1,0.9999999991204096
1,1,0.9997993174948148
1,1,0.9977125875415968
1,1,0.9975828607423286
1,1,0.9907965485529321
0,1,0.9980326983356768
0,1,0.9999999762358472
0,1,0.9999999999648381
0,1,0.9999999965546102
0,1,0.9999997781261359
0,1,0.9862271181878373
0,0,0.022762745865383672
0,1,0.9950615709417913
0,1,0.9915134960060269
0,1,0.7301656400234579
0,1,0.8019225902087928
0,1,0.8096395543302564
0,1,0.5540628313394101
0,1,0.558038096794582
0,1,0.7682846262048627
0,1,0.8341767458891315
0,1,0.7751613407154736
0,0,0.28649299177421883
0,0,0.030199194552835557
0,0,0.006986641608094191
0,0,0.0022498152497158704
0,0,0.002254021343599688
0,0,0.007244478580638591
0,0,0.005755764412241589
0,0,0.00820395893881777
0,0,0.19704029679266305
0,1,0.6942674860254382
0,0,0.11443937663660242
0,0,0.005380587825934936
0,0,6.642886960372529e-05
0,0,8.89672698778195e-05
0,0,0.06908522364300566
0,1,0.5341873970109361
0,1,0.6607261880424529
0,1,0.9366002670384658
0,1,0.9928608213138955
0,1,0.9398541542542441
0,1,0.7110683476477121
0,1,0.9742411688593827
0,1,0.9748667888395883
1,0,7.154598219103394e-05
1,0,3.733425557925263e-06
1,1,0.9990728864264162
1,1,0.9978637017562625
1,1,0.7886933263870615
1,1,0.9652328863128922
1,1,0.9537200660741905
1,1,1.0
1,1,1.0
1,1,0.9999904564262543
1,1,0.9883797531389951
1,1,0.9999851115662511
1,1,0.9729490369795075
1,1,0.976287862366055
1,1,0.9967679808975861
1,1,0.9338606656471017
1,1,0.9481759324451459
1,1,0.9756817266544445
1,1,0.9996450604573834
1,1,0.9999846234829712
1,1,0.9982511486178595
1,1,0.9910721981435351
0,1,0.9999972405362713
0,1,0.9999999856300381
0,1,0.9999991714441833
0,1,0.999925833908836
0,1,0.9947335142762121
0,0,0.445980475160651
0,1,0.9999999999993403
0,1,0.9999999999999949
0,1,0.9951711727446831
0,1,0.9985926136488901
0,1,0.9999994890148438
0,1,0.9999980895854618
0,1,0.99666355931672
0,1,0.9999944509642752
0,1,0.9999999366198467
0,1,0.9999882746395538
0,1,0.9999937674651485
0,1,0.9999935575826491
0,1,0.9998511565577344
0,1,0.9999847498713503
0,1,0.9999999536809231
0,1,0.9999999077024134
0,1,1.0
0,1,1.0
0,1,1.0
0,1,1.0
0,1,0.9819846308862061
0,1,0.9992954341866654
0,1,0.99999998667285
0,1,0.9999999999971676
0,1,0.9999999999978841
0,1,0.999999999802055
0,1,0.9999909733898493
0,1,0.9992300325087552
0,1,0.9939778360858117
0,1,0.9779453184716039
0,1,0.9997978337383568
0,1,0.9999975734818876
0,1,0.9999999902875548
0,1,0.9999995635121504
0,1,0.9999640829331207
0,1,0.9999983180177203
0,1,0.9999998164972784
0,1,0.9999945160023376
0,1,0.999962736395522
0,1,0.9999999405371309
0,1,0.9999999100643852
0,1,0.9999998921053302
0,1,0.9999999771406193
0,1,0.9999981534362926
0,1,0.9999961776893596
0,1,0.9999981025217506
0,1,0.9999999999975802
0,1,0.9999999999999865
0,1,0.9999999916289976
0,0,0.027682038774209855
0,0,0.008854668239233728
0,0,0.004714169480823052
0,0,0.01302993145726548
0,0,0.018043105915664766
0,0,0.0057839370658763845
0,0,0.007793621298418964
0,0,0.04847678942631497
0,0,0.110833464898475
0,0,0.08530958432135022
0,0,0.009027640684561685
0,0,0.0028224713533392186
0,0,0.009503459120393366
0,0,0.01903935886411325
0,0,0.008255422929291451
0,0,0.014923992555144544
0,0,0.025376632427120488
0,0,0.009759014875373954
0,0,0.006105747072504352
0,0,0.00898055833309117
0,0,0.009556984955354389
0,0,0.02071282536855475
0,0,0.06862959467373742
0,0,0.1396388714888534
0,0,0.20280402551874285
0,0,0.07375397024559187
0,0,0.07818453972555486
0,0,0.17499769515878089
0,0,0.18420687583576864
0,0,0.160432999643889
0,0,0.03910949663044989
0,0,0.0054718385028094466
0,0,0.005904263322300216
0,0,0.01057960582394322
0,0,0.011260549293023236
0,0,0.0065902760246513035
0,0,0.007121283364291593
0,0,0.017864085140085938
0,0,0.039778916593665406
0,0,0.05100290399777692
0,0,0.02791985173350056
0,0,0.02312444136797201
0,0,0.013769423521456273
0,0,0.007580478242590915
0,0,0.010199254574751444
0,0,0.040435214572051105
1,0,0.01708425273698111
1,0,0.00019938641313930024
1,0,0.005331967157937391
1,1,0.969735762789827
1,1,0.9996001282506877
1,1,0.8952605775498987
1,1,0.5589038138326556
1,0,0.26610584598571874
1,1,0.9704809070873143
1,1,0.979323324096374
1,1,0.5889352627163075
1,0,0.10441539719440567
1,0,4.705997692862711e-05
1,0,9.329255229478858e-05
1,1,0.5465257651025562
1,0,0.11022060712841239
1,0,0.08972306747331754
1,1,1.0
1,1,1.0
1,1,1.0
1,1,1.0
1,1,1.0
0,1,0.999459141944199
0,1,0.9179756514480477
0,1,0.9963721714613057
0,1,0.9995256393135772
0,1,0.9999723896953792
0,1,0.999991181583276
0,1,0.9999984309665982
0,1,0.9999999831203344
0,1,0.9999999228958354
0,1,0.9999968744228334
0,1,0.9998995670795832
1,1,0.9999999999376179
1,1,0.9999999999999987
1,1,0.9999999999999993
1,1,0.9999999999999998
1,1,1.0
1,1,1.0
1,1,1.0
1,1,1.0
1,1,1.0
1,1,1.0
1,1,1.0
0,0,0.005790437493335871
0,0,0.0009700153766764653
0,0,0.03618507593635244
0,1,0.798940617102248
0,1,0.7158373188569822
0,1,0.7265583556206222
0,1,0.7609493087135056
0,1,0.9351641078157005
0,1,0.946268264705448
0,0,0.39330907225310163
0,0,0.156147621438119
0,1,0.6311816817235812
0,1,0.603852782946996
0,1,0.8745597723916924
0,1,0.8644312526196074
0,1,0.7672287073387364
0,1,0.8137630406274883
0,1,0.9417401951018506
0,1,0.9233375220775347
0,1,0.8555767471005358
0,1,0.8550464761902894
0,1,0.8003456862079559
0,1,0.7305661936540906
0,1,0.765478673136153
0,1,0.89785698122367
0,1,0.6795539755708297
0,1,0.5793862158953944
0,1,0.8399332863236286
0,1,0.850274019517203
0,1,0.6988197499479701
0,0,0.42245805806834147
0,1,0.5155445714024813
0,1,0.6063465761303845
0,0,0.47460169251807155
0,0,0.26116825676186983
0,0,0.33844672411580373
0,1,0.8022701438856661
0,1,0.9542925250196569
0,1,0.9036578740248833
0,1,0.700823601482284
1,1,0.9999999999999547
1,1,1.0
1,1,0.9999999999996381
1,1,0.9999999999997466
1,1,0.9999999999999827
1,1,0.9999999999998523
1,1,0.9999999999997706
1,1,0.9999999998776283
1,1,0.999999999429058
1,1,0.9999999994907478
1,1,0.9998498380633153
1,1,1.0
1,1,1.0
1,1,1.0
1,1,1.0
1,1,1.0
1,1,1.0
1,1,1.0
1,1,1.0
1,1,1.0
1,1,1.0
1,1,1.0
0,0,0.021234234781693978
0,0,0.015348170135867856
0,0,0.015377703072058185
0,0,0.02892415689369573
0,0,0.05202772062963782
0,0,0.019504660842574895
0,0,0.018710322179144052
0,0,0.02455425899026401
0,0,0.02307868366701684
0,0,0.03264919340348362
0,0,0.027101201002470498
0,0,0.017697589867644074
0,0,0.004711307225283096
0,0,0.004555439306474001
0,0,0.004132939125108765
0,0,0.007520092014751948
0,0,0.06132276787657606
0,0,0.044204129881745775
0,0,0.020033487983957984
0,0,0.0554561806331946
0,0,0.049578973437747975
0,0,0.042286837183403786
0,0,0.1513659159276788
0,0,0.1133962096551857
0,0,0.07592234367119927
0,0,0.11315852043457118
0,0,0.041990715243167616
0,0,0.01761325838009847
0,0,0.04108529273581939
0,0,0.05003934142134662
0,0,0.08110977014257839
0,0,0.021134261576884274
0,0,0.008796170212288366
1,0,0.0189187837512698
1,0,0.026941239613696776
1,0,0.04425786727963629
1,0,0.11921813905623826
1,0,0.1110603867967168
1,0,0.09928158847652258
1,0,0.21913153700781704
1,0,0.33394360458066946
1,0,0.07012456805903376
1,0,0.002455789162526213
1,0,0.003193378229759436
1,0,0.012401587699989964
1,0,0.048494104600025255
1,0,0.08352800441584377
1,0,0.09481042541447345
1,0,0.14533665411819643
1,0,0.09612015447885401
1,0,0.14138836646775524
1,0,0.17802187530366967
1,0,0.08695097783494193
1,0,0.05355634475511097
1,0,0.03129703132373106
0,0,0.09832269410545083
0,0,0.15784697350496626
0,0,0.11544744255438799
0,0,0.15214862715475808
0,0,0.2544491195234273
0,0,0.20254406900700642
0,0,0.19293278181664186
0,0,0.14238666886328552
0,0,0.08010477875696993
0,0,0.04584752671827786
0,0,0.05528742980609239
0,0,0.0015473902707459418
0,0,0.002201912764075464
0,0,0.010873671015295175
0,0,0.015810648642135314
0,0,0.09866029561725444
0,0,0.2853058378433764
0,0,0.3041088186372747
0,0,0.3636095068035176
0,0,0.48991602169875764
0,1,0.5343617320920248
0,1,0.5413075783679092
0,0,0.45300843932956386
0,0,0.42385762049795533
0,1,0.6019127938736669
0,1,0.6679487892499497
0,1,0.7146207881356065
0,1,0.7752816925019425
0,1,0.8212287733857855
0,1,0.909190943230045
0,1,0.932075276113571
0,1,0.9292722826462892
0,1,0.9262061489634736
0,1,0.9359981944529202
0,1,0.945047057432283
0,1,0.9401360330764437
0,1,0.910660399465732
0,1,0.8819035085181979
0,1,0.8766508754747446
0,1,0.8557364594010812
0,1,0.8071928237146977
0,1,0.786626801786064
0,1,0.7987136356625278
0,1,0.7578401541478679
0,1,0.6359907164831167
0,1,0.5323465125899004
1,1,0.9543013410120208
1,1,0.9985597707801463
1,1,0.9998317265589384
1,1,0.9801929956025004
1,1,0.9999999999934912
1,1,0.9999999999999514
1,1,0.9984875703676274
1,1,0.9459026165668638
1,1,0.8981402784151973
1,1,0.9832444328981452
1,1,0.9763545539167039
1,1,0.9999962006037523
1,1,0.9999549949063055
1,1,0.8167389503911241
1,1,0.9874604714474812
1,1,0.9988409596373073
1,1,0.9987916761324704
1,1,0.8606236172672553
1,0,0.10718559638904988
1,0,0.21798454634025774
1,0,0.07155111751756965
1,0,0.042614683166936146
1,1,0.9999999999942473
1,1,0.9999999998956737
1,1,0.999999994990393
1,1,0.9999984097477004
1,1,0.9999677676686112
1,1,0.9999988085567062
1,1,0.9999996006039426
1,1,0.9999923803854739
1,1,0.9999999949979916
1,1,0.9999999983370713
1,1,0.9999723293706072
1,0,0.42063786120837016
1,1,0.7645102939294468
1,0,0.38400891765592554
1,1,0.7179906397919597
1,1,0.5218696647869172
1,0,0.08724861609351679
1,0,0.10239946319358498
1,0,0.13180855295341834
1,0,0.05858496741556883
1,0,0.0005662822646346555
1,0,6.198200278529428e-05
1,1,0.9999998229506002
1,1,0.9999999351309357
1,1,0.9999995697892975
1,1,0.9999996732801916
1,1,0.9999999639708856
1,1,0.9999999923112951
1,1,0.9999999999577311
1,1,0.9999999999997242
1,1,0.9999999999998797
1,1,0.9999999999999973
1,1,0.9999999999999993
0,0,0.004975688575952675
0,0,0.0025748767398114385
0,0,0.0047627670330062655
0,0,0.0049704725421945645
0,0,0.0033932740293347143
0,0,0.006097315824570283
0,0,0.006507413190968111
0,0,0.0034688253618595575
0,0,0.0014661342549514586
0,0,0.002212271077929626
0,0,0.004965012024685197
0,0,0.006505841168703721
0,0,0.006061765918237307
0,0,0.015490162686753768
0,0,0.020707628783027343
0,0,0.012862991294915593
0,0,0.016385827201830745
0,0,0.011755391835435908
0,0,0.011090816417452907
0,0,0.016605281416545593
0,0,0.06093845123772949
0,0,0.10115975841468514
0,0,0.13767390413923591
0,0,0.23250704297577507
0,0,0.31988854316381726
0,0,0.40839331183749267
0,0,0.4588599130233369
0,1,0.5114549805760522
0,0,0.46162591680606907
1,0,0.00016139426114622892
1,0,0.002647017833730678
1,0,0.017947900371168123
1,0,0.029538381430134174
1,1,0.8758259541753467
1,1,0.9774895986508791
1,1,0.980106849803148
1,1,0.9998619170598382
1,1,0.9999773611535473
1,1,0.9999879041257814
1,1,0.9986747365885961
1,1,0.9989571752279613
1,1,0.999979437298257
1,1,0.9994848188708815
1,1,0.9957495977671661
1,1,0.8708331200261712
1,0,0.38910812354924956
1,1,0.9609946444883342
1,1,0.9940300904512739
1,1,0.9927541396249084
1,1,0.9888091113665174
1,1,0.9580416558764908
1,0,0.0063861439560114345
1,0,0.0004987600897876724
1,0,0.0003764367389642581
1,0,0.0010981658739372122
1,0,0.0012652572724189636
1,0,0.002031067181805543
1,0,0.015317174167836126
1,0,0.011370115578141883
1,0,0.005140654199592466
1,0,0.014213043772564781
1,0,0.043056295125391504
1,0,0.027977647033204035
1,0,0.008391437188267067
1,0,0.012763433723809108
1,0,0.03786361095245491
1,0,0.043465646403202565
1,0,0.03243582337801109
1,0,0.025336103230488058
1,0,0.02500883182363558
1,0,0.018135343524145225
1,0,0.02214173468166116
1,0,0.016296515720478893
1,0,0.0027275823508672034
1,0,0.0012890955916157506
1,0,0.0004211827277094624
1,0,0.000296871937480361
1,0,0.0033118960502981436
1,0,0.009376315610233788
1,0,0.011938993044147406
1,0,0.01677998965311873
1,0,0.012978763543883881
1,0,0.009289236678145569
1,0,0.02012474282163378
1,0,0.43360553965229354
1,0,0.36452620965350124
1,0,0.03035573885979408
1,0,0.004985273396532644
1,0,0.0362434763479731
1,0,0.037057953642715254
1,0,0.005293935215430116
1,0,0.005053494620361762
1,0,0.00742081097335541
1,0,0.005329527389953029
1,0,0.0035210483761038253
1,0,0.0029191779543586097
1,0,0.0027144763362523775
1,0,0.0027010822938587148
1,0,0.0037076795315072724
1,0,0.0038688212105625563
1,0,0.0042693764969855465
1,0,0.004067150318934054
1,0,0.0036806311601544272
1,0,0.002094884799430357
1,0,0.0018127875006496341
1,0,0.002423889398310425
0,1,0.8385140950540028
0,1,0.8343651000677053
0,1,0.8267600718524422
0,1,0.8761620847590708
0,1,0.9160505480889365
0,1,0.9582722452546024
0,1,0.969552562239247
0,1,0.9645445259705482
0,1,0.9818502343368612
0,1,0.9943265114980898
0,1,0.994445527347836
0,1,0.815055239224153
0,1,0.941001363592768
0,1,0.9620416699527856
0,1,0.9601581251671057
0,1,0.976381312697851
0,1,0.9855521727247207
0,1,0.9749495398843957
0,1,0.9560195870023087
0,1,0.9471714626320565
0,1,0.9198852214288625
0,1,0.7805224814849052
0,1,0.7431438112202396
0,1,0.8096628308088494
0,1,0.8895073620613031
0,1,0.8498898941885654
0,1,0.7802400659935919
0,1,0.6552858855080439
0,1,0.7212670589429703
0,1,0.9031948419338766
0,1,0.9298071246779063
0,1,0.9246680289850973
0,1,0.8269946671176123
0,1,0.62770177890853
0,1,0.658253354957309
0,1,0.6426566377762903
0,1,0.7904883530958362
0,1,0.8237964473807229
0,1,0.896431438531116
0,1,0.96548219466612
0,1,0.8823472008126595
0,1,0.8090211611831091
0,1,0.9014834241311441
0,1,0.8946446873612085
0,1,0.9040770282850225
0,1,0.8987570818039398
0,1,1.0
0,1,1.0
0,1,1.0
0,1,1.0
0,1,1.0
0,1,1.0
0,1,1.0
0,1,1.0
0,1,1.0
0,1,1.0
0,1,1.0
0,1,1.0
0,1,1.0
0,1,1.0
0,1,1.0
0,1,1.0
0,1,1.0
0,1,1.0
0,1,1.0
0,1,1.0
0,1,1.0
0,1,1.0
1,0,2.474132864307097e-06
1,0,0.0013493919090778721
1,1,0.5610205319024082
1,0,0.054713003641480976
1,0,0.017111892092402877
1,1,0.5387478987197835
1,0,0.006117349156131354
1,0,0.14072983495591976
1,0,0.003221025313885667
1,0,0.001967152783909245
1,0,0.27357212775115547
1,1,1.0
1,1,1.0
1,1,1.0
1,1,1.0
1,1,1.0
1,1,1.0
1,1,0.9999534375731631
1,1,0.9999996946809282
1,1,0.99999367138913
1,1,0.9999960211486387
1,1,0.9999817024870974
0,1,1.0
0,1,1.0
0,1,1.0
0,1,1.0
0,1,1.0
0,1,1.0
0,1,1.0
0,1,1.0
0,1,1.0
0,1,1.0
0,1,0.9999999995278332
0,0,0.0008787045696801131
0,0,0.0010556431584356131
0,0,0.0012081914713404386
0,0,0.00639813272188664
0,0,0.00405708612007263
0,0,0.009916267571209829
0,0,0.010814920728883239
0,0,0.002788631520265636
0,0,0.0011181249745595024
0,0,0.0017842062475288737
0,0,0.003411000022143878
0,0,0.001900473783315514
0,0,0.0003643066170661765
0,0,0.0001118761684889838
0,0,8.583469001875714e-05
0,0,0.0002886330245211926
0,0,0.0004955959330607016
0,0,0.0064841277870777555
0,0,0.03683864446135607
0,0,0.06654104575033976
0,0,0.07707906543591332
0,0,0.025450675259167086
0,0,0.02780713718545043
0,0,0.013696320976877409
0,0,0.0002196459461715541
0,0,0.00012127737223006632
0,0,0.003364742724343114
0,0,0.005382968617147596
0,0,0.007629798229780695
1,1,1.0
1,1,1.0
1,1,1.0
1,1,1.0
1,1,1.0
1,1,1.0
1,1,1.0
1,1,1.0
1,1,1.0
1,1,1.0
1,1,1.0
0,1,1.0
0,1,1.0
0,1,1.0
0,1,1.0
0,1,1.0
0,1,1.0
0,1,1.0
0,1,1.0
0,1,1.0
0,1,1.0
0,1,1.0
0,1,1.0
0,1,1.0
0,1,1.0
0,1,1.0
0,1,1.0
0,1,1.0
0,1,1.0
0,1,1.0
0,1,1.0
0,1,1.0
0,1,1.0
0,1,1.0
0,1,1.0
0,1,1.0
0,1,1.0
0,1,1.0
0,1,1.0
0,1,1.0
0,1,1.0
0,1,1.0
0,1,1.0
0,1,1.0
0,1,0.9999999983036549
0,1,0.9779675056229008
0,1,0.9035463085539022
0,1,0.9922165281689316
0,1,0.9977893334916121
0,1,0.9999978274170865
0,1,0.9999999999224016
0,1,0.9999999999856422
0,1,0.9999999999696052
0,1,0.999999999998811
0,1,0.9999999999994602
0,1,0.8953786624334524
0,1,0.8888210186470494
0,1,0.998926121043771
0,1,0.9999674169926618
0,1,0.9975852592300659
0,1,0.9986085554920928
0,1,0.9787202201914469
0,1,0.9458774872505784
0,1,0.9999956384716269
0,1,0.9998609991896961
0,1,0.6289535485861619
0,0,0.4678417076579062
0,0,0.0013505584095867534
0,0,0.0019765472977281173
0,1,0.72368848615665
0,1,0.9837260579434359
0,1,0.9996478050667786
0,1,0.9998843947335376
0,1,0.9999999934181751
0,1,0.9999999999998697
0,1,0.9999999999999898
0,1,0.9999999999999991
0,0,0.3154163481701209
0,0,0.22051428188679997
0,0,0.19570158736923618
0,0,0.18647096377398453
0,0,0.20372479870133595
0,0,0.18065014601034285
0,0,0.18459249132290143
0,0,0.17113258834980574
0,0,0.1672107665052863
0,0,0.17068844345399692
0,0,0.1775104013568061
0,0,0.2114197554238254
0,0,0.20146422756848636
0,0,0.19954128951640898
0,0,0.17357809275028468
0,0,0.17295735604631537
0,0,0.16932900674842435
0,0,0.15494926306849235
0,0,0.14859812758031332
0,0,0.14647823698357523
0,0,0.14632621961973338
0,0,0.13479787598565518
0,0,0.14300079336798832
0,0,0.14589519831003914
0,0,0.13759109757427299
0,0,0.13571813595287624
0,0,0.12648091711481138
0,0,0.1344182572880458
0,0,0.1697537372555763
0,0,0.1259418309575773
0,0,0.15567110709474077
0,0,0.15727883361251904
0,0,0.1562223950665086
0,0,0.19204639585342814
0,0,0.17993202289817697
0,0,0.15025186755056186
0,0,0.16497220686355576
0,0,0.15099024055286442
0,0,0.145631416550604
0,0,0.1387573652598889
0,0,0.1645859241112633
0,0,0.1963095964170113
0,0,0.18334049902276622
0,0,0.16159936808025802
0,0,0.17974895043130146
0,0,0.1479985549298812
0,0,0.26784740683330727
0,0,0.24958652021145705
0,0,0.251265240873796
0,0,0.20564280427824042
0,0,0.22612039336977782
0,0,0.20589692910383992
0,0,0.23051008315269275
0,0,0.2431464160499886
0,0,0.22696858737536751
0,0,0.18460368018986012
0,0,0.18752837276871584
1,0,0.292919040151566
1,0,0.2559650457838525
1,0,0.219373515571536
1,0,0.2878175762044516
1,0,0.22944330177797895
1,0,0.22454440186917846
1,0,0.23701639998321444
1,0,0.23165945104127644
1,0,0.2097981151360492
1,0,0.2100644250100989
1,0,0.19907624889262102
1,0,0.3407980021796631
1,0,0.3462264116391207
1,0,0.30574795400017474
1,0,0.27408924136731067
1,0,0.28175548421710755
1,0,0.2866979757169613
1,0,0.25090052022478654
1,0,0.21539132171974762
1,0,0.20447505687727446
1,0,0.18512855900043632
1,0,0.17466864285706143
1,0,0.28474559608775296
1,0,0.27097960119423925
1,0,0.27881236804376647
1,0,0.26746469169120013
1,0,0.20272475251244232
1,0,0.21695420024735404
1,0,0.20373808362767631
1,0,0.21534873807289365
1,0,0.22677996574729373
1,0,0.21985463760066598
1,0,0.2464753032592201
0,0,0.3267427112909594
0,0,0.37564512674391826
0,0,0.31140718399694417
0,0,0.3229657552539231
0,0,0.2578530037519601
0,0,0.22959255418052987
0,0,0.24768416857930983
0,0,0.26038291681027187
0,0,0.23259286110284008
0,0,0.238513235038663
0,0,0.23843831507412852
0,0,0.2783735118581752
0,0,0.2564171276395947
0,0,0.28804298526488287
0,0,0.25389529020410273
0,0,0.20764188846371948
0,0,0.18865575635298829
0,0,0.24547036417480905
0,0,0.1692992859165635
0,0,0.16499594452439378
0,0,0.1464481132609115
0,0,0.15372949986343115
0,0,0.16975515623837464
0,0,0.15701126865913903
0,0,0.15844410683665444
0,0,0.15991018492841388
0,0,0.14311492034684695
0,0,0.14325595160573268
0,0,0.14568910644680752
0,0,0.2076377015501371
0,0,0.20555626612447414
0,0,0.23374705255775463
0,0,0.21737451298238009
0,0,0.1983792244680126
0,0,0.24653601280102935
0,0,0.25112368446802885
0,0,0.20660525338446797
0,0,0.19858408479537934
0,0,0.20737358987861546
0,0,0.20288338018811422
1,0,0.33257846167243654
1,0,0.2908244757425504
1,0,0.2581475352744745
1,0,0.3027703712468157
1,0,0.22995544540646232
1,0,0.24558724654281916
1,0,0.21340539061185404
1,0,0.24372384665331367
1,0,0.257817074319442
1,0,0.23785328454856042
1,0,0.25066127481215844
1,0,0.3667515673265958
1,0,0.3178381103465202
1,0,0.31692344277221746
1,0,0.32911284153828574
1,0,0.2392402358231062
1,0,0.22232039726965494
1,0,0.21799053392515694
1,0,0.2483648325863757
1,0,0.31826288790875
1,0,0.2715621145445536
1,0,0.2780277610392603
0,0,0.18162084634605524
0,0,0.17597757732048083
0,0,0.16826264706931224
0,0,0.1766588369407563
0,0,0.17634171102424726
0,0,0.16266654389877955
0,0,0.1695574890366902
0,0,0.1867207508803946
0,0,0.2181548015744165
0,0,0.2032887719838705
0,0,0.19708000628375344
0,0,0.20595626322311786
0,0,0.19241889686146488
0,0,0.20453126391746582
0,0,0.17774167515861755
0,0,0.19249319859611996
0,0,0.16400629635533095
0,0,0.1851311103452056
0,0,0.16826286798952778
0,0,0.17971132105448792
0,0,0.18451671129204833
0,0,0.20116645594655277
0,0,0.29052643369436143
0,0,0.24258799153469687
0,0,0.24135062377214425
0,0,0.22378929596824632
0,0,0.26009006384912786
0,0,0.26393367448082616
0,0,0.24230380566838128
0,0,0.22975242948876667
0,0,0.2326164845163982
0,0,0.23111596512545282
0,0,0.2517568837365973
0,0,0.19007369779981786
0,0,0.17848755631907437
0,0,0.175156589651072
0,0,0.1592192688635158
0,0,0.1558817236140048
0,0,0.15756611520072017
0,0,0.152593941474678
0,0,0.14720392824598247
0,0,0.16092790020171027
0,0,0.38264812162732703
0,0,0.2832831884825249
0,0,0.2620484386798808
0,0,0.30552688291502195
0,0,0.22511259611575793
0,0,0.24464117859075338
0,0,0.23621113633643775
0,0,0.26714039617489166
0,0,0.20162587332854728
0,0,0.2098854011185805
0,0,0.1737337046499359
0,0,0.15578925178923753
0,0,0.16185994633664258
0,0,0.2563998945497649
0,0,0.15442585955599375
0,0,7.136589257263134e-08
0,0,6.261034488556395e-07
0,1,0.6729015087527208
0,0,0.005260246551336047
0,0,1.0371979277159296e-06
0,0,1.6667695620160422e-07
0,0,0.000367337944504419
0,0,0.02554511801845065
0,0,0.008964395142694799
0,0,0.0165959114959984
0,0,0.008502761546299016
0,0,0.004802603954083296
0,0,0.021381125403072486
0,0,0.03837083859893503
0,0,0.03059761642579662
0,0,0.0478237011821334
0,0,0.045792428394074804
0,0,0.09482931450871326
0,0,0.14895443127956856
0,0,0.08260815345137777
0,0,0.04638078241547031
0,0,0.11112742551204517
0,0,0.29625808717638513
0,0,0.30929492681406606
0,0,0.3356034351253365
0,0,0.4366649034803813
0,0,0.39486292290603137
0,0,0.21704886708773957
0,0,0.1508392721534272
0,0,0.10385698150528509
0,0,0.06472598009394281
0,0,0.0845291879101227
0,0,0.0503912715951812
0,0,0.05795359519119784
0,0,0.12590183721809353
0,0,0.1226411424844877
0,0,0.05002114863871859
0,0,0.011923269414378148
0,0,0.00701459558754709
0,0,0.006306586821364215
0,0,0.007971387710809335
0,0,0.008590249056469022
0,0,0.0036372322190989467
0,0,0.0025619288770642045
1,1,0.9970992195953337
1,1,0.9915614538031554
1,1,0.9999529383225357
1,1,0.9999985562744422
1,1,0.9496106898531691
1,0,0.05200967972710701
1,1,0.9994936389616241
1,1,0.9998468950721808
1,1,0.9983615353909088
1,1,0.5723111878339592
1,1,0.9268988180292078
1,1,0.9914936046058361
1,1,0.9974170742251929
1,1,0.9921150134777291
1,1,0.7160653806825152
1,1,0.8958556828573573
1,0,0.10596494038912391
1,0,0.003733149274882894
1,0,1.999285727994863e-15
1,0,6.236018122409429e-11
1,1,0.9999999901597424
1,1,0.9999978188168563
0,0,4.865229752523888e-10
0,0,0.017037871657827622
0,1,0.9954104226894138
0,1,0.9952860073341752
0,0,0.00048014674465029594
0,0,3.372461950230502e-06
0,0,0.00488987155232572
0,1,0.9999801841632742
0,1,0.9999992033747711
0,1,0.9937443237419369
0,0,0.08305519765686538
1,1,0.9598428278239054
1,0,0.07749710751318055
1,1,0.9883000050959948
1,1,0.999891478163737
1,1,0.9759303195644589
1,1,0.801432453124393
1,0,5.216147735065742e-05
1,0,4.064307978112665e-05
1,1,0.9897476934340883
1,0,2.741077129942187e-17
1,0,1.964530406602558e-17
0,0,1.7112053521139204e-90
0,1,0.999976239288664
0,1,0.9587280898959087
0,0,3.726170942341686e-08
0,1,0.9022644422212825
0,0,0.04795861214754129
0,0,5.729436091024768e-06
0,1,0.9893124893647295
0,1,0.9989214105002341
0,1,0.9849978351233273
0,1,0.9996760721412651
0,0,0.2156777686251559
0,1,0.7605175470930265
0,1,0.6898005866135065
0,1,0.7233650135076239
0,1,0.875452538514898
0,1,0.6440007858345949
0,1,0.6844436877998323
0,1,0.773165186300258
0,1,0.5637773318783166
0,0,0.24270746250183176
0,0,0.2391310267088978
0,0,0.2894623970797822
0,0,0.11281474969274757
0,0,0.24137696304523928
0,1,0.7172355374045937
0,1,0.6984740434651453
0,0,0.41475313233152017
0,0,0.270025825393006
0,0,0.20180299209108235
0,0,0.39832164723077124
0,0,0.42684013989038194
0,0,0.11829319813807591
0,0,0.26771942944213184
0,1,0.8144633935763351
0,1,0.9497189914477191
0,1,0.8508949939622545
0,1,0.6279255183669116
0,1,0.7465367893212402
0,1,0.8048908509807438
1,1,0.9999999930218983
1,1,0.9888957363474935
1,1,0.9950885765839756
1,1,0.9999999988740336
1,1,0.9999998660132847
1,1,0.9999930695642633
1,1,0.9999999906992983
1,1,0.999999995643102
1,0,0.11495553083053218
1,0,0.0006522015410413343
1,0,0.46273184038960297
1,1,0.999998479589242
1,1,0.9999950808572188
1,1,0.9931612289607047
1,1,0.9995266964715771
1,1,0.9997169087505886
1,1,0.9774288672656589
1,1,0.8227424195337832
1,1,0.9083081784030906
1,1,0.9333927742500292
1,1,0.7774982712858578
1,1,0.9999378845006545
1,0,0.00967466011965636
1,0,0.1693858427052769
1,0,0.14287807532146826
1,0,0.1402990933757879
1,0,0.18754556818861878
1,0,0.03643666209064793
1,0,0.09592695793830251
1,0,0.40377598381353724
1,0,0.19115515449346168
1,0,0.042958993512021273
1,0,0.041165299892883596
1,0,0.03051369018244297
1,0,6.253522288303808e-10
1,0,2.816967534187549e-23
1,0,5.082970898089779e-22
1,0,5.250742408105378e-08
1,0,0.1447359117482719
1,0,0.1014876990906682
1,0,0.1174503282131045
1,0,0.055659261524149475
1,0,0.11024389522615667
1,0,0.2709666260420735
1,0,0.030726882547761302
1,0,0.0007488223205921877
1,0,0.008274817638279763
1,0,0.11148862942223073
1,0,0.0353932932290828
1,0,0.10314823345178291
1,0,0.14052526498100681
1,0,0.07965159640948588
1,0,0.1025936437216742
1,0,0.13496399746103904
1,0,0.16423577818780663
0,0,0.1975074572314945
0,0,0.30948140758511306
0,0,0.08934989327394496
0,0,0.06015769600937754
0,0,0.3090566467703246
0,0,0.46414966709993505
0,1,0.5238850142742493
0,1,0.7583912788843109
0,1,0.5721445151309268
0,0,0.24148626037136514
0,0,0.12903566560451138
0,0,0.04822892897741113
0,0,0.017040327090567745
0,0,0.015613908333435097
0,1,0.848963806982757
0,1,0.999877157903833
0,1,0.999962320540777
0,1,0.9998162573005228
0,1,0.9994345433547424
0,1,0.9970246861419102
0,1,0.9249708007211729
0,0,0.21630246549670873
0,1,0.78616651987268
0,1,0.72694678416922
0,1,0.8831648668460921
0,1,0.9341861964634958
0,1,0.893669781642028
0,1,0.7222017575062465
0,1,0.863387507040447
0,1,0.9500742182530532
0,1,0.9902842214577303
0,1,0.9717631257211339
0,1,0.7478627425789002
0,1,0.742578735034737
0,1,0.9572121086269125
0,1,0.8959631481385301
0,1,0.909278547315118
0,1,0.6020404871337258
0,1,0.748725177019813
0,1,0.5883833057028942
0,0,0.1409545732964716
0,1,0.5060880722921318
0,0,0.4493522605875118
0,0,0.12194885911251219
0,0,0.2073445132112215
0,0,0.23652984692622203
0,0,0.3078023039948676
0,0,0.38309946700539993
0,0,0.4372437209500277
0,0,0.2693084823760213
0,0,0.2875170106567853
0,1,0.5108547300067301
0,1,0.5945168528216153
0,0,0.4266034262784861
0,0,0.18406853874232781
0,1,0.5653729091778807
0,1,0.85376164808542
0,1,0.7522856955385373
0,1,0.6721790157810957
0,1,0.8169140765653192
0,1,0.8672031805933305
0,1,0.8369591332825999
0,1,0.9177259532319213
0,1,0.9029561737459132
0,1,0.8892181459098498
0,1,0.7988131905818829
0,1,0.7107025204720153
0,0,0.46131006879962516
0,1,0.9991434009906248
0,1,0.9988885997469581
0,1,0.9992511023782139
0,1,0.998119686484444
0,1,0.9889535414373669
0,1,0.9933353878278284
0,1,0.9972049832130498
0,1,0.9869114138185762
0,1,0.9990770056708295
0,1,0.9993102048544925
0,1,0.9993274762810535
0,1,0.9999999920340127
0,1,0.9999999697521043
0,1,0.9997913398232192
0,1,0.9993883757745262
0,1,0.8890483310222351
0,1,0.6419025880621054
0,1,0.7320768716481573
0,1,0.6719361335555873
0,1,0.9959082114957354
0,1,0.9964777044052231
0,1,0.9838969687538219
0,0,0.4164878450321742
0,1,0.6431696848724023
0,1,0.5760600155685923
0,0,0.40989905710642754
0,1,0.7158935314488555
0,1,0.7744374580764006
0,0,0.09849508134948885
0,0,0.06169538079882502
0,0,0.09416552661889453
0,1,0.6551334038064114
0,0,6.287063303223304e-05
0,0,2.3950179235629577e-25
0,0,3.320925835724093e-25
0,1,0.7843978549608761
0,1,0.5419713484016179
0,1,0.6698026955903363
0,0,0.3424267183395541
0,0,0.31904092939525974
0,0,0.4393266753655111
0,0,0.384230868614605
0,0,0.40831989948520075
0,1,0.6897848960666108
0,0,0.29038655406701824
0,1,0.9997960625488693
0,1,0.9999680330217091
0,1,0.9999958601436529
0,1,0.9999936858585218
0,1,0.9999866861580445
0,1,0.9999645257040134
0,1,0.9999774238781118
0,1,0.9997461685714467
0,1,0.9997446994997391
0,1,0.9982062648018831
0,0,0.05462183529114089
0,0,0.0022772976600369237
0,0,0.0002398945036423548
0,0,0.00014371450920661085
0,0,0.00031025296232239545
0,0,0.0008416775295378978
0,0,0.005855155865679898
0,0,0.023174608936805556
0,0,0.04090095186540337
0,0,0.17932705687299158
0,1,0.7307096861437417
0,0,0.20786337472396688
0,0,0.0008533079253116604
0,0,0.0004861595029862015
0,0,0.0020660105386601526
0,0,0.000949985249355196
0,0,0.0002582812652676649
0,0,0.0003133203307582423
0,0,0.0008154884594957849
0,0,0.0024021884633339827
0,0,0.008585462118794063
0,0,0.07906653832454535
0,0,0.28027343353933476
0,0,0.21193451295564428
0,0,0.011164611747773941
0,0,0.015369662427561702
0,0,0.23523616122387517
0,0,0.229136580408471
0,0,0.06940403585787805
0,1,0.9999998627363968
0,1,0.9999530274539657
0,1,0.9674933497441409
0,1,0.9930262219392828
0,1,0.9999575314402637
0,1,0.9999462198612159
0,1,0.9892113286337775
0,1,0.8362678486094342
0,0,0.4295319486978082
0,1,0.9118606683015754
0,1,0.9848456122923857
0,1,0.9999808939130921
0,1,0.7143580441899128
0,1,0.96905050678658
0,1,0.9403658466279643
0,1,0.6082202066721354
0,1,0.8063239149562448
0,1,0.8544157555858687
0,1,0.6199353047705037
0,1,0.6921427791382264
0,1,0.7011698754415908
0,0,0.2950852655429159
0,0,0.06898994543598228
0,0,0.30070219798458997
0,1,0.588812405884139
0,1,0.787614162688039
0,1,0.8001790932282671
0,1,0.8289562734881177
0,1,0.9899491409897181
0,1,0.9996151148198966
0,1,0.9998946593659974
0,1,0.9998321989328082
0,1,0.9995955338975662
0,1,0.999722670989406
0,1,0.9993206928590933
0,1,0.9998813332875488
0,1,0.9999399097841617
0,1,0.9978168343327277
0,1,0.9854345132062513
0,1,0.9894482604168111
0,1,0.9963064200273345
0,1,0.9925930677151884
0,1,0.9856169171862197
0,1,0.9729732357396771
0,1,0.9866531339569025
0,1,0.9983275074555598
0,1,0.9999282623278094
0,1,0.9999963519108518
0,1,0.99999463271242
0,1,0.9999812081476431
0,1,0.9999479698426277
0,1,0.9877426815869613
0,1,0.661807439370497
0,1,0.9198917688215844
0,1,0.9942746301086647
0,1,0.9606482186317978
0,1,0.86978719577432
0,1,0.9999325417007072
0,1,0.9999998818621343
0,1,0.9995549962797143
0,1,0.7959501265794882
0,1,0.6179836957021982
0,1,0.7544715103085302
0,1,0.8969685778508324
0,1,0.9450557641291059
0,1,0.9576970405779328
0,1,0.8677375569225569
0,1,0.8740289984556333
0,1,0.8722389025660318
0,1,0.6309425079690244
0,1,0.9910149013230315
0,1,0.9999748598925498
0,1,0.9998735040680902
0,1,0.9888522035557462
0,1,0.9158797632490367
0,1,0.950385867346425
0,1,0.8506015412301404
0,1,0.9999044452652404
0,1,0.9944192702406005
0,1,0.9521262729428841
0,1,0.9986944753144323
0,1,0.9999936937544543
0,1,0.9999995836656262
0,1,0.9999988372339756
0,1,0.9999691799493362
0,1,0.9990767338938519
0,1,0.9998427532503662
0,1,0.9999678457200936
0,1,0.6088811938349865
0,0,0.06462653349698608
0,0,0.0009252201149443374
0,0,0.00047008620403867705
0,0,0.005104665139215825
0,0,0.008493397037061857
0,0,0.0028831193771642347
0,0,0.04832273350459998
0,0,0.16018293058740996
0,0,0.09269562722396336
0,0,0.1396368283502771
0,0,0.14458423344714316
0,0,0.020212863190307635
0,0,0.0061064082686042905
0,0,0.0031457861307487432
0,1,0.9800538348637273
0,1,0.9988338861786877
0,0,0.2784325755090436
0,0,0.11814572403855188
0,0,0.2071537602050488
0,1,0.687418004965816
0,1,0.5957156482830976
0,0,0.05705435477161756
0,0,0.13734129440016837
0,1,0.6841061253098715
0,1,0.65735981045908
0,0,0.349076666373167
0,0,0.06335886750578384
0,0,0.2208169933852371
0,1,0.5313426700112416
0,1,0.5064376034663721
0,0,0.21355788025171205
0,0,0.16724522901662808
0,0,0.4291520126881004
0,1,0.7101812162298298
0,1,1.0
0,1,0.9999999999981959
0,1,0.9909477782407161
0,1,0.9887662598668041
0,1,0.9973132002304975
0,1,0.993039072889808
0,1,0.98982666997216
0,1,0.9999068077070004
0,1,0.9999810912052562
0,1,0.999276271549475
0,1,0.9967664583965868
1,1,0.999998797147881
1,1,0.999999673015919
1,1,0.9999997801240607
1,1,0.9999981475136575
1,1,0.9999872230072493
1,1,0.9999997429169308
1,1,0.9999994244503636
1,1,0.9999944829279176
1,1,0.9999974675205273
1,1,0.9999998263568799
1,1,0.9999999959835968
0,1,0.9999997168532024
0,1,0.9999194378645149
0,1,0.9977283195612862
0,1,0.9173579799366666
0,1,0.9574556703184802
0,1,0.9999127520636963
0,1,0.9999933123803094
0,1,0.9999840004754973
0,1,0.9998336671540661
0,1,0.9998526697989006
0,1,0.9998027081180494
1,1,0.9999994934309587
1,1,0.9999998589243274
1,1,0.9999999986988544
1,1,0.9999999989821655
1,1,0.9999997203356772
1,1,0.9999985648316188
1,1,0.9999934702854512
1,1,0.9997916751667195
1,0,0.04328336717718061
1,0,0.0020027641307808373
1,0,0.23172056495489507
0,1,0.9999996703796438
0,1,0.999999781872983
0,1,0.9999992707848833
0,1,0.9999998447322315
0,1,0.9999995558904179
0,1,0.9999994975371049
0,1,0.9999992868788835
0,1,0.9999958712296066
0,1,0.9999994586252958
0,1,0.9999989678469161
0,1,0.9999980643678216
0,0,0.07345249018300787
0,0,0.1358837208279017
0,0,0.0820525262757571
0,0,0.03565156234801421
0,0,0.02358292469530946
0,0,0.009751269103481891
0,0,0.007343821955286335
0,0,0.003964733787332018
0,0,0.004795619983965913
0,0,0.012235131355942334
0,0,0.015790851842067945
0,0,0.013070146049320846
0,0,0.021603152357353148
0,0,0.027539038292996774
0,0,0.05886427724638314
0,0,0.14201140523353806
0,0,0.13978163358822182
0,0,0.1204132514812194
0,0,0.1184097057471904
0,0,0.29948388387398595
0,1,0.6863484316629992
0,1,0.7048539572028594
0,1,0.7274917414597443
0,1,0.7533024407285569
0,1,0.7720092575887977
0,1,0.6994523738183993
0,1,0.6587897673538445
0,1,0.623497501380593
0,1,0.6176265104198643
0,1,0.7122538766983869
0,1,0.997489271113825
0,1,0.9999820062416588
0,1,0.9999957805218834
0,1,0.9999996452012767
0,1,0.9999996217608643
0,1,0.9999989905388105
0,1,0.9999868030548272
0,1,0.9999728749991694
0,1,0.9981142963069431
0,1,0.9981280330286314
1,1,0.9999981225803554
1,1,0.9999999226378729
1,1,0.9999998867033497
1,1,0.9999995469443989
1,1,0.9999992163699235
1,1,0.9999949052481646
1,1,0.9999964382471711
1,1,0.9999993896283426
1,1,0.9999975402640391
1,1,0.999998342117315
1,1,0.9999994687786207
0,1,0.9999636122736413
0,1,0.9999985087783667
0,1,0.9999965370847298
0,1,0.999988956557165
0,1,0.9999866642200465
0,1,0.9999957405906739
0,1,0.9999993324571939
0,1,0.9999996606791012
0,1,0.9999972044102652
0,1,0.9999892535615478
0,1,0.9999982665223675
0,1,0.9999990900420301
0,1,0.999999350735994
0,1,0.9999992997241282
0,1,0.9999992140013348
0,1,0.9999998443265063
0,1,0.999984447816111
0,1,0.9924021850756916
0,1,0.9949625747595562
0,1,0.999074093265314
0,1,0.9995909792663767
0,1,0.9998256609341649
0,1,0.9999880881164996
0,1,0.9999998657207851
0,1,0.9999996707817105
0,1,0.9999981640578814
0,1,0.9999984027315969
0,1,0.9999646899841592
0,1,0.9977146755687447
0,1,0.9995624667413426
0,1,0.9999940825218819
0,1,0.9997697118632286
0,1,0.9981863031236329
0,1,0.999999978055061
0,1,0.999999992342676
0,1,0.9999999869818794
0,1,0.9999999785016389
0,1,0.9999999795181618
0,1,0.999999982259142
0,1,0.9999998676705082
0,1,0.9999985949262205
0,1,0.9999995966827088
0,1,0.9999999416532287
0,1,0.9999999315086705
0,1,0.9999999099541667
0,1,0.9999999693471882
0,1,0.9999999935568562
0,1,0.9999999619655863
0,1,0.9999999243617719
0,1,0.9999999731907909
0,1,0.99999871010544
0,1,0.9999631306543999
0,1,0.9998914936942794
0,1,0.9999999999982554
0,1,1.0
0,0,0.12905565403225933
0,0,0.13220653841346883
0,0,0.129963200109637
0,0,0.12797229794973264
0,0,0.12451979949112336
0,0,0.12421334274362394
0,0,0.13054606409013808
0,0,0.12410396795338013
0,0,0.12134736855831985
0,0,0.1252146831784082
0,0,0.11001891339726091
0,0,0.12250639243204758
0,0,0.12171726859768264
0,0,0.11844114715339236
0,0,0.12355631415987578
0,0,0.12042597578851308
0,0,0.11338520281126643
0,0,0.10660335806396058
0,0,0.10422237962419606
0,0,0.10733765066386189
0,0,0.10240707624386043
0,0,0.0976928821582579
0,0,0.10368647329038067
0,0,0.10961259313992446
0,0,0.10571150617683904
0,0,0.10231753581553757
0,0,0.10327932781712952
0,0,0.11364776136178972
0,0,0.11874679160840253
0,0,0.1235724431022838
0,0,0.1268173990311494
0,0,0.11014949694749346
0,0,0.11431510813776895
0,0,0.10771264688555728
0,0,0.09519500958073367
0,0,0.10492307124781593
0,0,0.10574111081917689
0,0,0.11044993471492694
0,0,0.10251518000732594
0,0,0.103528316746858
0,0,0.10849730675127257
0,0,0.1189328690052599
0,0,0.12050329595963048
0,0,0.11097819687492974
0,0,0.10913362213733803
0,0,0.10194757483689539
1,0,0.36855102241622906
1,0,0.11917525628524521
1,0,0.20353082319305837
1,0,0.37272853256581406
1,0,0.16985502009212428
1,0,0.04369389581000091
1,0,0.05875554937691067
1,1,0.5539107883704504
1,1,0.7397304107610705
1,1,0.8021481445697872
1,1,0.9943702085081468
1,1,0.6482960606143279
1,1,0.5220597207572301
1,0,0.44290782424574193
1,1,0.6737388502407391
1,1,0.8309336869905577
1,1,0.886510787018543
1,1,0.9758650790757474
1,1,0.9831600971117554
1,1,0.9950001734355053
1,1,0.8100573817193331
1,1,0.8874707852330868
1,0,0.01771017483021196
1,0,0.33025809731720646
1,0,0.24722882273302785
1,1,0.9705802055248832
1,1,0.9839225513227197
1,0,0.3077824705737687
1,0,0.3352303336731099
1,1,0.7897054656930811
1,1,0.9726435955671595
1,0,0.33721737135884355
1,0,0.12192961132879408
0,1,0.5891828351566075
0,1,0.9993487022888398
0,1,0.9999998114654538
0,1,0.9999930337637792
0,1,0.9963525932543618
0,1,0.9634250693782132
0,1,0.9014581654969057
0,1,0.8432585766055907
0,1,0.9404212126836
0,1,0.9816974226810578
0,1,0.6530812124723503
0,1,0.700496662056815
0,1,0.5558591192056688
0,0,0.35836673530048074
0,0,0.3440033348008739
0,0,0.3554190532218143
0,0,0.029116771218527772
0,0,0.013362359096043124
0,1,0.975168458234398
0,1,0.995593701308503
0,1,0.7675097739044543
0,0,0.4776996950932629
0,0,0.2604947546360191
0,0,0.20766273556113546
0,0,0.1742949907601877
0,0,0.16220119546150086
0,0,0.17246322846836246
0,0,0.22688910630071282
0,0,0.2556442778961804
0,0,0.1700910907629538
0,0,0.15315490932362832
0,0,0.15804480782296415
0,0,0.14946933198303552
0,0,0.14191704963190685
0,0,0.14308826045530076
0,0,0.20501946201771912
0,0,0.1926756549783088
0,0,0.1863256446281794
0,0,0.1716467899193868
0,0,0.15974268191734
0,0,0.1595577433295139
0,0,0.1504658453330694
0,0,0.17032308895212941
0,0,0.15177879846792364
0,0,0.14128515917883935
0,0,0.13887335087058422
0,0,0.15316023225448588
0,0,0.1868079776012733
0,0,0.17364503828587435
0,0,0.16002585515355064
0,0,0.1660691814231124
1,1,0.9997265707569644
1,1,0.997715381455577
1,1,0.9732334683893208
1,1,0.9994874097219375
1,1,0.9759239237342409
1,1,0.8056498321949934
1,1,0.9934850268569927
1,1,0.9343719719784845
1,1,0.9906291439775406
1,1,0.9541907436865988
1,0,0.17606599911636045
0,1,0.6452327763762971
0,1,0.8475791389611311
0,1,0.791250495283558
0,1,0.8807984413415639
0,1,0.9609780109140494
0,1,0.8949365643553139
0,1,0.74695482900439
0,1,0.6300243654170666
0,1,0.6659173448991886
0,0,0.33262431545993687
0,0,0.1200543045902266
1,0,0.13893382185449987
1,0,0.14623279247727516
1,0,0.1222166499458607
1,0,0.11363667116881145
1,0,0.10641055774265445
1,0,0.12649415950948528
1,0,0.13158323143915296
1,0,0.12101616144402864
1,0,0.12317278230651134
1,0,0.1204146932144602
1,0,0.10718667566616731
1,0,0.10967005640581715
1,0,0.10564514584597054
1,0,0.1087539055545745
1,0,0.1217553465227729
1,0,0.11761167623878574
1,0,0.14233087119264823
1,0,0.1407284872430884
1,0,0.10579209744594717
1,0,0.10779488110828399
1,0,0.1136114233952225
1,0,0.1095374721096727
1,0,0.11927275006974905
1,0,0.13345913532226844
1,0,0.11204947137347718
1,0,0.11827513830390367
1,0,0.12769053984699227
1,0,0.13986396930647693
1,0,0.12442709104325128
1,0,0.11504731466393545
1,0,0.12969301816622986
1,0,0.12520457583168118
1,0,0.11828424958223209
1,0,0.12608427073967834
1,0,0.13034459031546905
1,0,0.11356306509519135
1,0,0.11664797276797896
1,0,0.10787903875418751
1,0,0.10949008313989066
1,0,0.10381903764065505
1,0,0.11202139638036404
1,0,0.11704696947415545
1,0,0.11446645045998563
1,0,0.12140683127520151
1,0,0.1218311066284265
1,0,0.12003260463184058
1,0,0.11637292821230522
1,0,0.10826066025440795
1,0,0.10924254499711478
1,0,0.10327575669403612
1,0,0.09605476049094173
1,0,0.10238257114589604
1,0,0.10345665653405219
1,0,0.11567264192114268
1,0,0.11107721834400588
0,1,0.9992977821299174
0,1,0.991863621870143
0,1,0.9707251355785218
0,1,0.9437395177238339
0,1,0.9927483972493315
0,1,0.9988160768108336
0,1,0.9983249916256365
0,1,0.9989547200568406
0,1,0.9964891927242907
0,1,0.9947122500233362
0,1,0.998197223636282
1,1,0.9214515913562719
1,1,0.9151319769589524
1,1,0.7595484594418245
1,0,0.1481099867028255
1,0,0.37018397517942275
1,1,0.6971340747241203
1,1,0.6654514797987211
1,1,0.6539536267786034
1,1,0.8386294996577377
1,1,0.9307261331073634
1,1,0.952840885340067
1,1,0.9785545078968204
1,1,0.9722463877755234
1,1,0.9278433351098981
1,1,0.9657728541780576
1,1,0.9805742276877312
1,1,0.9588789150282344
1,1,0.9790623268973352
1,1,0.9939072114097436
1,1,0.9813745209710352
1,1,0.9149840298271493
1,1,0.9267130199506458
1,1,0.9077236818109745
1,1,0.968822070142501
1,1,0.9893291077592214
1,1,0.9816580278104058
1,1,0.9935367794079453
1,1,0.9926670462749771
1,1,0.983414415540878
1,1,0.9695215891838744
1,1,0.9152790009623738
1,1,0.9132122238611833
1,1,0.9050405561685764
1,1,0.9393864781831162
1,1,0.971589661249015
1,1,0.999998781613309
1,1,0.9999908455564736
1,1,0.9999975490698204
1,1,0.9999757981963107
1,1,0.9643388351873942
1,1,0.9995390159697304
1,1,0.9999472995829249
1,1,0.9999790779096093
1,1,0.9999912927839978
1,1,0.9999713786096743
1,1,0.999996072843185
1,1,0.9152520182416239
1,1,0.8466381608132818
1,1,0.9246765292348833
1,1,0.514930476664471
1,1,0.8700940067820043
1,1,0.9991683637772352
1,1,0.9895773726149735
1,1,0.9944501985977591
1,1,0.9998585544510096
1,1,0.9994942570317527
1,1,0.9942431136900244
1,0,0.3062031790930358
1,0,0.05562919094520157
1,0,0.004711691237752192
1,0,0.06474814254056793
1,0,0.141692968304675
1,0,0.14050846361217298
1,0,0.07821773381046714
1,0,0.0018461297378196766
1,0,1.1359475964740327e-07
1,0,2.972251472841651e-09
1,0,0.0002922497713963395
1,1,0.9777585146497486
1,0,0.056903020601299405
1,1,0.7251908286927417
1,1,0.9968572625971419
1,1,0.9783732889138208
1,1,0.9890676448632364
1,1,0.9997717777134925
1,1,0.9935649120160384
1,0,0.14959536467691525
1,1,0.9071056024177329
1,1,0.9910197354701185
1,0,3.104360469414051e-07
1,0,1.5168499447006997e-06
1,0,0.07200165117716248
1,0,0.044069652505983076
1,0,0.0016917063004608967
1,0,0.3117361295908964
1,0,0.3363343677791952
1,0,0.3208181240595389
1,0,0.12501354421490846
1,0,0.022626442570019806
1,0,0.0013421078885716322
0,0,0.005851403524497088
0,0,0.003748410827630693
0,0,0.0012212759086662423
0,0,0.006606501269889597
0,0,0.007912335250235356
0,0,0.001208006016358822
0,0,0.0008901037866540645
0,0,0.001851376073268305
0,0,0.002227397796608615
0,0,0.0009517439064143346
0,0,0.002616467711359482
0,0,0.022453003437993634
0,0,0.03737705585134001
0,0,0.03002614713461128
0,0,0.012624685841084338
0,0,0.009988819840298075
0,0,0.021865251839293214
0,0,0.021867881802119918
0,0,0.008412661476036268
0,0,9.083943568091374e-05
0,0,4.216721327388433e-07
0,0,1.5626203587943364e-05
0,0,0.0007173246859336634
0,0,1.8855564773018664e-05
0,0,7.734809020030607e-06
0,0,3.728172978029217e-06
0,0,7.519365076852876e-07
0,0,3.927238399092152e-06
0,0,2.8293871949266637e-06
1,1,0.5850156828947783
1,0,0.0077349769389233524
1,0,0.11006274592912081
1,1,0.9761744823819114
1,1,0.7403876451796588
1,1,0.6766406875159978
1,1,0.986335440018806
1,1,0.9643813430314039
1,1,0.7761954288287117
1,1,0.9067908982054451
1,1,0.9375258095897054
1,1,0.9999905549104301
1,1,0.9999730446460916
1,1,0.9999527183405508
1,1,0.9999893536311381
1,1,0.9999780166689303
1,1,0.999968382513179
1,1,0.9978894357941036
1,1,0.9883216487469224
1,1,0.9999191617056201
1,1,0.9985036186979016
1,1,0.9906774975800358
1,1,0.9999563063763173
1,1,0.9999666837000626
1,1,0.9999898367497537
1,1,0.9999720854463018
1,1,0.9999310461730185
1,1,0.9999797204671149
1,1,0.9999610949318742
1,1,0.9998509420965461
1,1,0.9999531978159145
1,1,0.9999902048152003
1,1,0.9999867977783014
1,1,0.9998321894837257
1,1,0.9998034525873964
1,1,0.9999386237139342
1,1,0.9999124815107939
1,1,0.9997860366244582
1,1,0.9996985169496017
1,1,0.9996945041912765
1,1,0.9999323186902824
1,1,0.999949722601599
1,1,0.9999843287910746
1,1,0.9999991205093585
1,1,0.999999778554221
1,1,0.9999987455971263
1,1,0.9999903769650749
1,1,0.9999964166076752
1,1,0.9999969404693598
1,1,0.9999958586388273
1,1,0.9999894508225675
1,1,0.9999592314802475
1,1,0.9998420712825135
1,1,0.9996098040148036
1,1,0.9998068238122162
0,1,0.9998836546426219
0,1,0.9995251357865645
0,1,0.9988067651134993
0,1,0.9986612277536426
0,1,0.9994572812598622
0,1,0.9999099366815872
0,1,0.9999477939585792
0,1,0.9999277948283121
0,1,0.9999830931895384
0,1,0.9999473586697384
0,1,0.9996576877100227
0,1,0.9998332354400102
0,1,0.9983284296119037
0,1,0.9320235902820734
0,1,0.9627433714206262
0,1,0.9493399995094003
0,1,0.9841472656089814
0,1,0.9958951519321085
0,1,0.9558823084509257
0,1,0.8197117763212234
0,1,0.9780688707519745
0,1,0.9996317928116462
0,1,0.9691727842682761
0,0,0.1379580935269442
0,1,0.6701372244816604
0,1,0.512047052370156
0,0,0.16470830480357923
0,0,0.2227424856702521
0,0,0.29682528157192
0,0,0.4288061944248546
0,0,0.3636040263702661
0,0,0.21723390852000696
0,0,0.09049337688476103
0,0,0.21702723668827836
0,0,0.36775372313822685
0,0,0.42304217097326935
0,0,0.47088539553333164
0,1,0.5358545750612417
0,1,0.6721534887275822
0,1,0.5599130747188139
0,0,0.3668318664091833
0,1,0.5268853188042779
0,1,0.5487187998414763
0,0,0.4660570218876845
0,1,0.6501400339187086
0,1,0.8648604095619659
0,1,0.8777244794810105
0,1,0.8278159671532831
0,1,0.7628606407575002
0,1,0.7207028681905902
0,1,0.6902606857406145
0,1,0.7516590823273887
0,1,0.7794758708421642
0,1,0.8402525227133694
0,1,0.9375460955235163
0,0,2.3595235373302745e-16
0,0,4.3456620438224535e-18
0,0,0.0144164503879633
0,0,0.01991500748296553
0,0,0.02999118550254218
0,0,0.03648754783649792
0,0,0.02760941400334255
0,0,0.023075412377451986
0,0,0.034534857292193126
0,0,0.062125248084142465
0,0,0.06392120569878725
0,0,0.07672199572767967
0,0,0.0931388681945611
0,1,1.0
0,1,1.0
0,1,1.0
0,1,1.0
0,1,1.0
0,1,0.9999999999999991
0,1,0.9999999999976787
0,1,1.0
0,1,1.0
0,1,1.0
0,1,1.0
1,1,1.0
1,1,1.0
1,1,1.0
1,1,1.0
1,1,1.0
1,1,1.0
1,1,1.0
1,1,1.0
1,1,1.0
1,1,0.9999999999999996
1,1,0.999999999913266
1,1,0.9998808667461394
1,1,0.9907999398254633
1,1,0.9383184197872511
1,1,0.9800562666661781
1,1,0.9955175545666058
1,1,0.998955301389223
1,1,0.9990869534136726
1,1,0.9921176623461028
1,1,0.9999038818741235
1,1,0.9999121304766673
1,1,0.9988396450751625
1,1,0.9995266545130507
1,1,0.9937424283484511
1,1,0.9771086351113167
1,1,0.9985930312790244
1,1,0.9999910345403
1,1,0.9999999519585315
1,1,0.9999972990441454
1,1,0.99737563068739
1,1,0.9999052768973516
1,1,0.9999992390392183
1,1,0.9999931711542508
0,1,0.9999839753054759
0,1,0.999985957277259
0,1,0.9999925096186733
0,1,0.9999973980657574
0,1,0.9993817680879216
0,1,0.9942153486802482
0,1,0.9998917059859573
0,1,0.9999922548028298
0,1,0.9999316568148622
0,1,0.9998966194833638
0,1,0.9999049169017452
0,0,0.21892284966189426
0,0,0.1010900550412483
0,0,0.3837291193230464
0,1,0.9921849404806127
0,1,0.9930243000297446
0,1,0.9082723680708443
0,1,0.9910760474667919
0,1,0.9793777464004499
0,1,0.6476507518150195
0,1,0.6186251116333898
0,1,0.7643805203404331
0,1,0.891133095718815
0,1,0.7779343413392948
0,1,0.7263478315332039
0,1,0.7483501392648373
0,0,0.24403654366796124
0,0,0.05982775910734991
0,0,0.10006648691891103
0,0,0.12258858819030637
0,0,0.08284456904200738
0,0,0.012573258551157797
0,0,0.05314574804565741
0,0,0.33125179184325215
0,0,0.0672744073156245
0,0,0.02535967377636644
0,0,0.005325044411571406
0,0,0.002804539329872025
0,0,0.0044846347905774615
0,0,0.012247187278857891
1,1,0.999989240282257
1,1,0.9983862385778977
1,1,0.9963337795125161
1,1,0.9990985603664538
1,1,0.9963329224781776
1,1,0.9973635299508276
1,1,1.0
1,1,1.0
1,1,0.9999968217195141
1,1,1.0
1,1,1.0
1,1,0.9999419774933047
1,1,0.9998521933711322
1,1,0.9999880066066376
1,1,0.9999776681170136
1,1,0.9994973051899642
1,1,0.9998426244037735
1,1,0.9997889009190039
1,1,0.9980392751579864
1,1,0.9953845412099116
1,1,0.9991667928513679
1,1,0.9996896842266644
0,0,0.4277505727136709
0,0,0.2240178868756245
0,0,0.018464959805429313
0,0,0.017841895718480112
0,0,0.031648889363586945
0,0,0.15293271226897867
0,0,0.1619999990913008
0,0,0.358581084763388
0,1,0.7621153474922712
0,1,0.7306706147450523
0,1,0.9346738624183465
0,1,0.8613462465145256
0,1,0.555530162540613
0,0,0.42329874114946847
0,0,3.6162549750102505e-59
0,0,8.29206717685524e-94
0,0,8.235350692988004e-35
0,1,0.9093895246522335
0,1,0.921360412087957
0,1,0.9291710022257454
0,1,0.8704314617658355
0,1,0.8698079996715017
0,1,0.8812088787977065
0,1,0.9100241456668212
0,1,0.8679048439419618
0,1,0.7346185096767526
0,1,0.695812989368244
0,1,0.7330167214295978
0,1,0.6466617391187226
0,1,0.532514848137388
0,0,0.3504479796282412
0,0,0.1449911868598887
0,0,0.05356245914276419
0,0,0.02595487398591792
0,1,0.5181113765598018
0,1,0.5634703089833376
0,0,0.39094856907998665
0,0,0.3154774710135156
0,0,0.1642980133412312
0,0,0.11609292415929214
0,0,0.11987112020983433
0,0,0.07179564497919531
0,0,0.09264440000953046
0,0,0.16482420295270356
0,0,0.11604804121248183
0,0,0.11348439055250456
0,0,0.04422092448975525
0,0,0.02621152917767943
0,0,0.01283518954992872
0,0,0.0013226051617122843
0,0,5.5733799793743566e-05
0,0,4.714144048359175e-06
0,0,4.850623548155469e-07
0,0,2.6263785511972353e-08
0,0,5.678907907699794e-09
0,1,0.9743930403980267
0,1,0.882130347779722
0,1,0.9400685165588527
0,1,0.9702526165551346
0,1,0.9802057820544472
0,1,0.9777233467573369
0,1,0.9466864959259254
0,1,0.8683247688126604
0,1,0.8157961542453526
0,1,0.8967298639724367
0,1,0.7585473774064411
0,1,0.7814051521216042
0,1,0.8396386290949228
0,1,0.8254535352664749
0,1,0.7576024394162723
0,1,0.8347892328225911
0,1,0.8742938363106375
0,1,0.7123885250407878
0,0,0.2729011449082805
0,0,0.06293524958833449
0,0,0.07249612287725643
0,0,0.10921114300042449
0,0,0.14445550210738375
0,0,0.1423111344399259
0,0,0.1846392531721489
0,0,0.09120262162356343
0,0,0.07190433344137682
0,0,0.30613214073971035
0,0,0.36983687251750047
0,0,0.15097010154325513
0,0,0.10579640825947313
0,0,0.0315440791864426
0,0,0.0384083397133154
0,0,0.05082650525583774
0,0,0.13240043301589877
0,0,0.08030011242233245
0,0,0.019659683244856407
0,0,0.11540999423879787
0,0,0.21902907154675536
0,0,0.03412417812321885
0,0,0.06023141354420465
0,1,0.5123228284740988
0,0,0.3995842160257735
0,0,0.29071109847841753
0,0,0.2812370665370122
0,0,0.09284529338815693
1,1,0.999999358749021
1,1,0.9999434150568959
1,1,0.999633861042695
1,1,0.99864489115061
1,1,0.9997783232200564
1,1,0.9997216445638993
1,1,0.9996571459389813
1,1,0.9999584916082424
1,1,0.9999339243347576
1,1,0.999905857156014
1,1,0.9999486123694694
1,1,0.9999999991947046
1,1,0.9999996588426849
1,1,0.9999991039761775
1,1,0.9999977066756676
1,1,0.9999942070632566
1,1,0.9999975541511029
1,1,0.9999997774329186
1,1,0.999999876715978
1,1,0.9999966226880453
1,1,0.9999926052529109
1,1,0.9999988149046775
0,0,0.368811705328318
0,0,0.000277886884725286
0,0,0.0021243596515261027
0,0,0.009531819270000783
0,0,0.0004432942919453915
0,0,0.00123885798142736
0,0,0.26640694452834357
0,1,0.9538923408676546
0,1,0.9131725589094729
0,1,0.607406904840792
0,0,0.01904424214194773
0,0,0.459134292520657
0,0,0.43171933477037194
0,1,0.5379808270023773
0,1,0.7571036769598578
0,1,0.9999998620474918
0,1,0.9999999544360348
0,1,0.9913097629118192
0,1,0.9849568678990065
0,1,0.989377934648646
0,1,0.9951359831137876
0,1,0.9993769286328611
0,1,0.9981718949645755
0,1,0.9998813827770157
0,1,0.9969922075931223
0,1,0.9986317231498832
0,1,0.9998242699168982
0,1,0.9996063245993161
0,1,0.9991290116592582
0,1,0.9916801279763521
0,1,0.9497679448068567
0,0,0.4046652443402614
0,0,0.19704712479850697
0,0,0.3835333120040927
0,0,0.05677018460156862
0,0,0.0051230357273831986
0,0,0.017329401910653918
0,0,0.050593198980758806
0,0,0.05019115211157574
0,0,0.100855653083403
0,0,0.01873294941268114
0,0,0.004196308418587102
0,0,0.002209416987735314
0,0,0.002165288846653869
0,0,0.04942096674570205
0,0,0.19534785423304346
0,0,0.1899529329704303
0,0,0.25009800488851075
0,0,0.26644503471688524
0,0,0.37201108403629873
0,0,0.2510141150322537
0,0,0.049564079224056305
0,0,0.0474637299769854
0,0,0.10110821817850704
0,0,0.06693161998366863
0,0,0.08042341450247614
0,0,0.2846500047136911
0,1,0.526643588874494
0,0,0.3131926139341857
0,0,0.30120339550371605
0,0,0.09379117319668845
0,0,0.021763642629359443
0,1,0.9997224935225174
0,1,0.9999999217269547
0,1,0.9999772672168726
0,1,0.9863153171670699
0,1,0.960927501549262
0,1,0.9984300929665622
0,1,0.999733292822391
0,1,0.9459051230474484
0,0,0.004392910962990683
0,0,2.684282619052047e-06
0,0,0.29001308274832577
1,1,0.9929857224343868
1,1,0.9910339028113585
1,0,0.032522902763887016
1,0,0.05207664237530252
1,1,0.847329995294041
1,1,0.9986509692629839
1,1,0.9992545589111252
1,1,0.9524143045715022
1,1,0.9984216500116413
1,1,0.9998817690842521
1,1,0.9754886327421765
0,0,0.07802657665410005
0,0,0.10686414527359685
0,0,0.4985356413557224
0,1,0.5252926773349779
0,0,0.11730614535419746
0,0,0.030591787097315453
0,0,0.012959919272315448
0,0,0.005666933908509266
0,0,0.001696467348175402
0,0,0.0023375065661247452
0,0,0.0022421607006257276
0,0,0.0005938732564824563
0,0,0.0014559115592727922
0,0,0.008073854728291597
0,0,0.0033621627841235245
0,0,0.0016615683130852229
0,0,0.010606963243969487
0,0,0.0029918676017636203
0,0,0.0004626140702766875
0,0,0.001644820838245675
0,0,0.006791888466331592
0,0,0.0033238442673483594
0,0,0.0025689353932871395
0,0,0.012590392005999625
0,0,0.047183309966132354
0,0,0.027640403182153262
0,0,0.017677848572312284
0,0,0.018032943073994757
0,0,0.031885590779640725
0,0,0.062140100155970275
0,0,0.23052882000692868
0,0,0.19926031195397018
0,0,0.1159527559107133
0,0,0.008103479394423527
0,0,0.005275615923034269
0,0,0.013503769273134623
0,0,0.014092979031694746
0,0,0.012970507739471537
0,0,0.012296934431596974
0,0,0.003543359008504651
0,0,0.0027699963731194857
0,0,0.003156377291318061
0,0,0.002138062217116902
0,0,0.001780766218408804
0,0,0.005234567318572422
0,0,0.009937663732245024
0,0,0.0393061328151954
0,0,0.1342524026319462
0,0,0.118295107452115
0,0,0.05810719514173577
0,0,0.07116730871079598
0,0,0.030923810974256723
0,0,0.004292111219649533
0,0,0.011478937606540217
0,0,0.017763788363734965
0,0,0.00025097928830887766
0,0,0.012483469262469531
0,1,1.0
0,1,1.0
0,0,0.15569174133237687
0,1,1.0
0,1,1.0
0,1,1.0
0,1,1.0
0,1,1.0
0,1,1.0
0,0,0.0050094420958741144
0,0,0.28652162549670307
0,0,0.0015402736273930973
0,0,0.0008317112817935899
0,0,0.07379032304533234
0,0,0.48404966943664346
0,0,0.2057331743509768
0,0,0.16157813141607497
0,0,0.3868894363683401
0,0,0.012919499480942115
0,0,9.094541939684869e-05
0,0,0.00043669176805154436
0,0,0.1074304447598878
0,1,0.6321397601833607
0,1,0.844540243354564
0,1,0.8161936440854847
0,0,0.49624425559733876
0,1,0.6734825552299502
0,1,0.662388280901261
0,1,0.5410661097337778
0,0,0.3189087613208456
0,0,0.35644009164073964
0,0,0.24981152602979526
0,0,0.1294371552136806
0,0,0.443369381047008
0,0,0.21977783298649628
0,0,0.004613585512911827
0,0,0.014495743500356394
0,0,0.1679232100058593
0,0,0.4155422887848654
0,1,0.6552292569818746
0,0,0.39533801697324233
0,0,0.10505418911389423
0,0,0.19068820257962818
0,0,0.4799611712361792
0,1,1.0
0,1,1.0
0,1,1.0
0,1,1.0
0,1,1.0
0,1,1.0
0,1,1.0
0,1,1.0
0,1,1.0
0,1,1.0
0,1,1.0
0,1,1.0
0,1,0.9999999999999465
0,1,0.9997932270753757
0,1,1.0
0,1,1.0
0,1,1.0
0,1,1.0
0,1,1.0
0,1,1.0
0,1,1.0
0,1,1.0
0,1,1.0
0,1,1.0
0,1,1.0
0,1,1.0
0,1,0.9999999999999369
0,1,1.0
0,1,1.0
0,1,0.9988779418630463
0,0,6.0389176650605e-06
0,0,0.008408658915736673
0,1,0.8011452440298606
0,1,1.0
0,1,1.0
0,1,1.0
0,1,1.0
0,1,1.0
0,1,1.0
0,1,1.0
0,1,1.0
0,1,1.0
0,1,1.0
0,1,0.9999961638344281
0,1,1.0
0,1,1.0
0,1,1.0
0,1,1.0
0,1,1.0
0,1,1.0
0,1,1.0
0,1,0.9999999999878082
0,1,0.9999990972127609
0,1,0.9999924844049215
0,1,0.9998338367509866
0,1,1.0
0,1,1.0
0,1,0.9999999999779503
0,1,0.9983132023566323
0,1,0.9986143969374592
0,1,0.8103809528984351
0,1,1.0
0,1,1.0
0,1,1.0
0,1,1.0
0,1,1.0
0,1,1.0
0,1,1.0
0,1,1.0
0,1,1.0
0,1,1.0
0,1,1.0
0,1,1.0
0,1,1.0
0,1,1.0
0,1,1.0
0,1,1.0
0,1,1.0
0,1,1.0
0,1,1.0
0,1,1.0
0,1,1.0
0,1,0.7974477928843757
0,1,1.0
0,1,1.0
0,1,1.0
0,1,1.0
0,1,1.0
0,1,1.0
0,1,1.0
0,1,1.0
0,1,1.0
0,1,1.0
0,1,1.0
0,1,1.0
0,1,1.0
0,1,1.0
0,1,1.0
0,1,1.0
0,0,0.11071894747650926
0,0,0.0018645739005673984
0,0,0.00012109882139075442
0,1,0.9999999999999993
0,1,1.0
0,1,1.0
0,1,1.0
0,1,1.0
0,1,1.0
0,1,0.9999999999934888
0,1,1.0
0,1,0.9999817346487976
0,1,0.9999999905821456
0,1,0.9264580476190505
0,1,0.71814636236605
0,1,0.7851255110381349
0,1,0.5910387340902248
0,1,0.739133599827803
0,0,0.10483915628021426
0,0,0.0022422362377690166
0,0,0.003522708494502639
0,0,0.00801004488200332
0,0,0.013308349953769914
0,1,1.0
0,1,1.0
0,1,1.0
0,1,1.0
0,1,1.0
0,1,1.0
0,1,1.0
0,1,1.0
0,1,1.0
0,1,1.0
0,0,0.029429093629662215
0,0,0.007140945211481541
0,0,0.0018341978498641748
0,0,0.004047646223192993
0,0,0.007931707819986165
0,0,0.0021440595271445635
0,0,0.0015550233503841397
0,0,0.0046040433449245615
0,0,0.003825467169671533
0,0,0.002885911419283852
0,0,0.002266479850840343
1,0,0.23002641720475991
1,0,0.3800853263207713
1,0,0.16384822485961179
1,0,0.058839118983336235
1,0,0.0955251386609607
1,0,0.1332203624770872
1,0,0.0806209084119917
1,0,0.06718723083665308
1,0,0.0366942053938622
1,0,0.024179058463340345
1,0,0.05058043143683503
1,0,0.0572363098880476
1,0,0.05256780379722208
1,0,0.06740559123624962
1,0,0.19094514060759712
1,0,0.3107366618428876
1,0,0.12504090655835298
1,0,0.17664428245370847
1,0,0.237293327528921
1,0,0.31570810863169385
1,0,0.22423128868206846
1,0,0.02130650066493202
1,0,0.009769646836173
1,0,0.01416154469309397
1,0,0.020579663664859405
1,0,0.035463897361909254
1,0,0.021733943502845205
1,0,0.03697992977861745
1,0,0.027490972956259678
1,0,0.01143765467122498
1,0,0.06506326172384826
1,0,0.054580958850816846
1,0,0.06257414350512101
1,0,0.36969091820550537
1,0,0.2511653138749537
1,1,0.9215150493380285
1,0,0.15180613379771624
1,0,0.08115478243921387
1,0,0.2706771037719487
1,0,0.10293323267116788
1,0,0.04552894406850152
1,0,0.0045466874785111515
1,1,0.5760424615573728
1,1,0.869207508803456
1,0,0.04138955163833806
1,0,0.49885641784740425
1,1,0.9968869538096876
1,1,0.9322320631181651
1,0,0.3903329536449679
1,0,0.11771220849453363
1,0,0.19196149809718324
1,1,0.6667174482080671
1,1,0.5903394396067462
1,0,0.3419160734055376
1,1,0.7215861896194442
1,1,0.6949007312449232
1,0,0.06456752325166752
1,1,0.99999999727551
1,1,0.9999996995261432
1,1,0.9999772859273792
1,1,0.9996179115904867
1,1,0.9983898300486603
1,1,0.9963397426657551
1,1,0.9971245286171413
1,1,0.9808364950214655
1,1,0.7812707127260382
1,0,0.11436677006510577
1,0,0.2942342749738538
1,0,0.04069312487871735
1,1,0.543611114052782
1,0,0.10825624668267252
1,0,0.08691290385513407
1,0,0.05025795942389613
1,0,0.054713396624226474
1,0,0.20750565533733875
1,0,0.21003813462477286
1,0,0.0702964044388035
1,0,0.09691946501458004
1,0,0.011289952124535863
1,1,0.9999999504159522
1,1,1.0
1,1,0.9999999999998841
1,1,0.6901307838379627
1,1,0.664268288579686
1,1,0.9996414526424721
1,1,0.9998476452345102
1,1,0.9999702397583125
1,1,0.9999481252331651
1,1,0.9867780302359096
1,1,0.9944951614962723
1,0,0.3403073728133566
1,1,0.5178137329694031
1,1,0.5046902884228636
1,1,0.6440965511198545
1,1,0.7215832753826437
1,1,0.8536038457929198
1,1,0.7047553626174252
1,0,0.37187343816523133
1,1,0.6042712636185126
1,1,0.7947680762501879
1,1,0.5416506699244518
1,0,0.22461901022406405
1,0,0.18383561274874205
1,0,0.2216658176839413
1,0,0.4180722484061665
1,1,0.5271638147882977
1,0,0.30567917661705174
1,0,0.0943397245655301
1,0,0.09869308477541754
1,0,0.2169480200732894
1,0,0.1733063567899125
1,0,0.0830160925253155
1,0,0.08608905320313277
1,0,0.13066130548893376
1,0,0.1668828720417001
1,0,0.06013042570846618
1,0,0.01804006595379013
1,0,0.012842613144509163
1,0,0.008568272440173141
1,0,0.2197732811369761
1,0,0.040252411828525424
1,0,0.0413829904476727
1,0,0.07033800373023424
1,0,0.25776660408360186
1,0,0.23870264522240212
1,0,0.21124881442204513
1,0,0.010931688810728951
1,0,0.0028774165073086407
1,0,0.06615866103548713
1,0,0.015684815829780558
1,1,0.9989421173104153
1,1,0.8004460642677825
1,1,0.9389471573058837
1,1,0.9891746545339644
1,1,0.9654471050642731
1,1,0.6309678862282292
1,0,0.053259198103932565
1,0,0.19079881764123702
1,0,0.14940524684437786
1,0,0.06046712771650839
1,0,0.27313753795706047
1,0,2.4946858211439066e-05
1,0,4.652137589189402e-06
1,0,1.2144609457529087e-05
1,0,1.0514613265444931e-05
1,0,8.59718516260697e-06
1,0,8.742528193489616e-06
1,0,5.980179584076324e-06
1,0,1.1856463769981893e-05
1,0,2.7377931119920156e-05
1,0,3.752257389560764e-05
1,0,5.548532097774339e-05
1,0,5.338818991948581e-05
1,0,1.9824660145639903e-05
1,0,2.2948132479571155e-05
1,0,3.867674991335447e-05
1,0,9.608319696082296e-05
1,0,0.00017059697538360179
1,0,5.9466931271337175e-05
1,0,4.0440066347601904e-05
1,0,8.914862954073617e-05
1,0,8.818793372889623e-05
1,0,4.6447903365065435e-05
1,0,2.0056905295208853e-05
1,0,1.4183890451181062e-05
1,0,2.8779365147182114e-05
1,0,0.0001178292775398841
1,0,0.0002500422630488133
1,0,0.00017623763393103425
1,0,6.137463605468555e-05
1,0,4.32690950356812e-05
1,0,1.9885441946133423e-05
1,0,7.326613718938996e-06
1,0,4.655272638031486e-06
1,0,4.4814111860434766e-12
1,0,1.4625733799688207e-12
1,0,1.2268838918282138e-12
1,0,8.219233220289699e-13
1,0,8.015235360514837e-13
1,0,4.379470460920949e-13
1,0,5.443205342549375e-14
1,0,2.952474516092105e-14
1,0,6.414198399822885e-14
1,0,1.27645903396514e-13
1,0,2.787208261796139e-13
1,0,9.314890971518933e-13
1,0,1.362177336728946e-11
1,0,2.3467850701566474e-10
1,0,2.4571099331950045e-09
1,0,6.024350982132478e-08
1,0,1.0808701932896743e-06
1,0,5.270564670111366e-06
1,0,2.4380624212996606e-05
1,0,7.57374662934619e-05
1,0,0.0002428987717521785
1,0,0.002275633416000022
0,0,0.009658763830289395
0,0,0.056396539158805395
0,0,0.0016943733494187531
0,0,5.7381404121557285e-06
0,0,8.548691125833803e-07
0,0,7.311350328510907e-06
0,0,9.822429475805168e-05
0,0,0.0045700251558578354
0,0,0.06728669694208898
0,0,0.052217230832453033
0,0,0.45234871346909233
0,0,0.2409350326851156
0,0,0.2864423042064553
0,0,0.011460881722539151
0,0,0.0039227628600407944
0,0,0.07025658395610629
0,0,0.13970208611451004
0,0,0.09522140682652105
0,0,0.055548302147775445
0,0,0.0983164097637944
0,0,0.174788447273825
0,0,0.20963493920402995
0,0,0.33100252660238005
0,0,0.31819157488485306
0,0,0.2822991327001839
0,0,0.3668545008342504
0,0,0.2661610596655149
0,0,0.166214738319415
0,0,0.20186475349789543
0,0,0.17241026292264414
0,0,0.06403769945847611
0,0,0.03192311599770318
0,0,0.011360918967896044
0,0,0.005244416176839848
0,0,0.009867924455902453
0,0,0.015459245097601585
0,0,0.006556284876239236
0,0,0.00315106586835353
0,0,0.004286789013631658
0,0,0.0043431586069519945
0,0,0.0034271006525678537
0,0,0.005349928031614036
0,0,0.04483689579500701
0,0,0.19392325399098276
0,0,0.16535931807318308
0,0,0.11373845578127553
1,1,0.984835563135671
1,1,0.9988175920567336
1,1,0.9934581014344556
1,1,0.9984032283461404
1,1,0.9981084106138043
1,0,0.38750684905674226
1,1,0.7575003351371371
1,1,0.998871801936366
1,1,0.9960027427143036
1,1,0.9988109136984942
1,1,0.9999908336613534
1,1,0.9980029380643258
1,1,0.9990468087719643
1,1,0.9991152397277817
1,1,0.9995858819688034
1,1,0.9999217457083647
1,1,0.9998856178941951
1,1,0.9814593698639424
1,1,0.9977846124038386
1,1,0.999961626711393
1,1,0.9999960539582566
1,1,0.9999998007005508
0,1,0.962346152481281
0,1,0.9890673746327968
0,1,0.9947718775212361
0,1,0.9800839964399906
0,1,0.9996855931650275
0,1,0.9999277498375649
0,1,0.9998846474776374
0,1,0.9999770884417002
0,1,0.9998948461125988
0,1,0.9991209815511782
0,1,0.972302835343241
1,1,0.9984127590343012
1,1,0.9876657852994913
1,0,0.0023542399169027583
1,0,0.008650810722517098
1,0,0.008415132334055136
1,0,0.0006723172219754853
1,0,0.0012847283748866946
1,0,0.010622960997481905
1,0,0.00420527607752058
1,0,0.0010671434923826078
1,0,0.0036508180052331435
1,0,0.49466208411957263
1,1,0.9847722637432093
1,1,0.9940666674985792
1,1,0.9941730950478893
1,1,0.999398171401422
1,1,0.9996949729346555
1,1,0.9975718740622722
1,1,0.9882527292213713
1,1,0.997415012730573
1,1,0.9926546030529471
1,1,0.9345758710788824
0,1,0.6650592920592009
0,0,0.232291385479644
0,0,0.2187952682629729
0,0,0.38719369850717616
0,0,0.2156329167540252
0,0,0.1282708337056333
0,0,0.10669747763452755
0,0,0.20583551341744602
0,0,0.31445451620524356
0,0,0.3420817464046295
0,0,0.4330322710093505
0,0,0.4944878230903374
0,1,0.5104853624042083
0,1,0.5481202895836643
0,0,0.4781136800720371
0,0,0.30332198090386037
0,0,0.21471031358118373
0,0,0.23998373997764755
0,0,0.3749171481411076
0,0,0.3366765280280457
0,1,0.8642639364080499
0,1,0.8157560217816574
0,0,0.4353819539485923
0,0,0.4227686426871394
0,0,0.34453371538030425
0,0,0.2768793749956942
0,0,0.13970566692003672
0,0,0.19015582460537245
0,0,0.24444318353110542
1,1,0.9979520952088068
1,1,0.9930892850271696
1,1,0.5353352219617588
1,1,0.9188353253844299
1,1,0.9900519813373262
1,1,0.9807998457706515
1,1,0.8885423094828021
1,1,0.5802363494694291
1,1,0.674116428556153
1,1,0.9999724712927577
1,1,0.9999932189041428
1,1,0.9986632837508073
1,1,0.9999436990212038
1,1,0.9999829142137823
1,1,0.9989555534218266
1,1,0.5392490738313911
1,1,0.7239178215764165
1,0,0.027681344414737425
1,0,0.30769229906581674
1,1,0.9997858615950979
1,1,0.9991137815178586
1,1,0.9864652813352686
1,0,8.215754508030186e-07
1,0,0.001740718364939737
1,0,0.0021336627591332404
1,0,0.003778417625113876
1,0,0.004172920075971306
1,0,0.0010697371843633968
1,0,0.0037203429743972805
1,0,0.01601959703721405
1,0,0.0030595655810983836
1,0,0.0006655538913847665
1,0,0.0012135071144547154
1,0,0.002956529929302779
1,0,0.003453593262953933
1,0,0.0031374524662487503
1,0,0.002010110703741182
1,0,0.002388760386058683
1,0,0.005932441532009106
1,0,0.003416689011983025
1,0,0.0016148417959512393
1,0,0.0010502329149241396
1,0,0.0005966105934418624
1,0,0.0003590285089742232
1,0,0.0007974743991958266
1,0,0.0007326464080676371
1,0,0.0004030532132013189
1,0,0.0004847814909572287
1,0,0.0021131360653099665
1,0,0.00286058389129253
1,0,0.0011259676760923079
1,0,0.0013641899255695548
1,0,0.0037701638832225697
1,0,0.03414925542435377
1,0,0.2578790485982427
1,1,0.5132824374905571
1,1,0.7538690276859282
1,0,0.4196034655030759
1,0,0.2850413243013482
1,0,0.2911763766264581
1,0,0.3051768118913233
1,0,0.3380001320621974
1,0,0.26801425524376843
1,0,0.38548211538150556
1,1,0.5883808762759485
1,0,0.43815152948661257
1,0,0.4545400275034111
1,1,0.6051080781646141
1,1,0.7796322622709053
1,1,0.8829283212738497
1,1,0.9225258818494387
1,1,0.9999596931184951
1,1,0.9999406899884421
1,1,0.8465943219789069
1,1,0.7056040934620055
1,1,0.7102931052858379
1,1,0.7933140934713919
0,0,0.14477640006704065
0,0,0.16032696050518724
0,0,0.20835685156469194
0,0,0.16755923567945374
0,0,0.16180131491652017
0,0,0.14906086509960761
0,0,0.1790639080866909
0,0,0.18474164196200987
0,0,0.15228545629994963
0,0,0.17850466513649177
0,0,0.16357551117678334
0,0,0.20074547210056914
0,0,0.1786466896976621
0,0,0.14768415546857033
0,0,0.12756528138378598
0,0,0.12424656203332991
0,0,0.1430308886804743
0,0,0.13845376236943993
0,0,0.13043822588413795
0,0,0.10346969730268817
0,0,0.10700493813323904
0,0,0.10341991949817629
0,0,0.10766429621496577
0,0,0.10480034403130671
0,0,0.10022833136815944
0,0,0.10233121760322456
0,0,0.10142603579495424
0,0,0.10139853127107266
0,0,0.1012261935383553
0,0,0.10534296975397524
0,0,0.10346164741870044
0,0,0.10499774117995536
0,0,0.10413220530496105
0,0,0.10422020037012501
0,0,0.10135402032532247
0,0,0.13948503679627197
0,0,0.13675408355923868
0,0,0.10524796654778949
0,0,0.09919810538634033
0,0,0.09725622167633202
0,0,0.09437457809233187
0,0,0.09238035979442097
0,0,0.10247740748279235
0,0,0.14844849635672844
0,0,0.1280490108555286
0,0,0.1108655636244644
0,0,0.17511329932716618
0,0,0.14221844014288218
0,0,0.1465422833864195
0,0,0.19114043218266896
0,0,0.19952069583004456
0,0,0.1605072335164263
0,0,0.15979161561132452
0,0,0.1377855382149623
0,0,0.2380928809648612
0,0,0.1962143913537055
0,0,0.16807686846824874
1,0,0.213897325856668
1,0,0.19848645774794224
1,0,0.18280171007182291
1,0,0.15212170619538307
1,0,0.1801395781213389
1,0,0.20276183520503657
1,0,0.2381583842142541
1,0,0.2270385054229558
1,0,0.2138857028427076
1,0,0.2599786724478041
1,0,0.3335372185286249
1,0,0.1882881241415867
1,0,0.18147262368152767
1,0,0.17628937254971072
1,0,0.1794498996379979
1,0,0.19650762384586015
1,0,0.19101471987000818
1,0,0.18359765947788997
1,0,0.16542460602952494
1,0,0.1675846281922941
1,0,0.18473272643421562
1,0,0.20665240159088147
1,0,0.20643247789838645
1,0,0.2166563769381905
1,0,0.18900056023122988
1,0,0.20217088211471798
1,0,0.22400246974945406
1,0,0.22624798985407432
1,0,0.2211556138532192
1,0,0.21602171230995446
1,0,0.18706332558643496
1,0,0.3040228808518347
1,0,0.2949902345431762
1,0,0.2620081512663859
1,0,0.295905503219721
1,0,0.3014084016665789
1,0,0.2138718655204458
1,0,0.22881274938107815
1,0,0.23197134140250605
1,0,0.22116063890728857
1,0,0.22864411947399918
1,0,0.2083369579551434
1,0,0.2073117197866806
1,0,0.22217765595363945
0,0,0.2023549797744892
0,0,0.18743465190459513
0,0,0.19088753266547137
0,0,0.16965522639709305
0,0,0.14782101142147439
0,0,0.1592651817108876
0,0,0.17921239464696673
0,0,0.16147618770762504
0,0,0.14882807025141825
0,0,0.14802117562048267
0,0,0.16438032110521492
0,0,0.21942995520700986
0,0,0.1783487232728263
0,0,0.18116321544784364
0,0,0.20744679408916084
0,0,0.1810720225726058
0,0,0.14760075809560536
0,0,0.1916784178467024
0,0,0.19336942853985417
0,0,0.13785754631995417
0,0,0.14253876821029215
0,0,0.14712368976468418
0,0,0.13238366146524216
0,0,0.14584912549020582
0,0,0.14297514361427696
0,0,0.13372754140059637
0,0,0.13152077095815515
0,0,0.13279062353111476
0,0,0.17708736473264816
1,0,0.20327548336983764
1,0,0.20821161486120107
1,0,0.19900742143331038
1,0,0.2446010416035843
1,0,0.2983989755859866
1,0,0.2697218064376333
1,0,0.20940138317714466
1,0,0.18853698501623856
1,0,0.23543971661120258
1,0,0.26960142320177366
1,0,0.2758613561364537
1,0,0.24950417788266985
1,0,0.18383944687113876
1,0,0.18614568265247397
1,0,0.190853438150006
1,0,0.14603910764813952
1,0,0.13424913936085986
1,0,0.13318691837521515
1,0,0.13862942864821615
1,0,0.1492002289318159
1,0,0.17215979800668937
1,0,0.15699930607887935
0,0,0.2168025766045516
0,0,0.16332337269033673
0,0,0.14742364743928285
0,0,0.16687712012698055
0,0,0.17708994710349404
0,0,0.1555992889478071
0,0,0.20343972215743789
0,0,0.2504411515171858
0,0,0.1966632652765581
0,0,0.19118755987981292
0,0,0.20891335653267493
0,0,0.2028830968223303
0,0,0.1655840156694948
0,0,0.1449420821284451
0,0,0.14887065554275486
0,0,0.14009239562755055
0,0,0.14126662121491473
0,0,0.14805270711953258
0,0,0.15442949045354545
0,0,0.1642229249204098
0,0,0.14929182535552532
0,0,0.13740339835331264
0,0,0.1841139434679623
0,0,0.35315108241038556
0,0,0.24882117805979087
0,0,0.2384841362469014
0,0,0.2260898985823216
0,0,0.19538197258295206
0,0,0.20736244488660208
0,0,0.22467061783937137
0,0,0.28989774501224325
0,0,0.3217151125384726
0,0,0.2460829583938072
1,0,0.18314312044384784
1,0,0.18494163554415874
1,0,0.16763445344725406
1,0,0.16498830139557757
1,0,0.1578148937479837
1,0,0.16357788002566015
1,0,0.1485182851384504
1,0,0.1534001485997494
1,0,0.14206792578388885
1,0,0.1457216087138962
1,0,0.14708001259946313
1,0,0.15313198359225622
1,0,0.15361655922261302
1,0,0.15013457414753248
1,0,0.13191341728773928
1,0,0.13380060041263753
1,0,0.1354493826487168
1,0,0.13447149671423
1,0,0.11760453231729637
1,0,0.1248830689201937
1,0,0.16457898481931635
1,0,0.17391470635574652
0,0,0.0
0,0,0.0
0,0,0.0
0,0,0.0
0,0,0.0
0,0,0.0
0,0,0.0
0,0,0.0
0,0,0.0
0,0,0.0
0,0,0.0
1,0,0.0
1,0,0.0
1,0,0.0
1,0,0.0
1,0,0.0
1,0,0.0
1,0,0.0
1,0,0.0
1,0,0.0
1,0,0.0
1,0,0.0
1,0,0.0
1,0,0.0
1,0,0.0
1,0,0.0
1,1,1.0
1,1,1.0
1,0,0.0
1,0,0.0
1,1,1.0
1,1,1.0
1,0,0.0
1,0,0.0
1,0,0.0
1,0,0.0
1,0,0.0
1,0,0.0
1,0,0.0
1,0,0.0
1,0,0.0
1,0,0.0
1,0,0.0
1,0,0.0
1,0,0.0
1,0,0.0
1,0,0.0
1,0,0.0
1,0,0.0
1,0,0.0
1,0,0.0
1,0,0.0
1,0,0.0
1,0,0.0
1,0,0.0
1,0,0.0
1,0,0.0
0,0,0.0
0,0,0.0
0,0,0.0
0,0,0.0
0,0,0.0
0,0,0.0
0,0,0.0
0,0,0.0
0,0,0.0
0,0,0.0
0,1,1.0
0,0,0.0
0,0,0.0
0,0,0.0
0,0,0.0
0,0,0.0
0,0,0.0
0,0,0.0
0,0,0.0
0,0,0.0
0,0,0.0
0,0,0.0
1,1,1.0
1,1,1.0
1,0,0.0
1,0,0.0
1,0,0.0
1,0,0.0
1,0,0.0
1,0,0.0
1,0,0.0
1,0,0.0
1,0,0.0
1,0,0.0
1,0,0.0
1,0,0.0
1,0,0.0
1,0,0.0
1,0,0.0
1,0,0.0
1,0,0.0
1,0,0.0
1,0,0.0
1,0,0.0
0,1,1.0
0,0,0.0
0,1,1.0
0,1,1.0
0,1,1.0
0,1,1.0
0,0,0.0
0,0,0.0
0,0,0.0
0,0,0.0
0,0,0.0
0,0,0.0
0,0,0.0
0,0,0.0
0,0,0.0
0,1,1.0
0,1,1.0
0,0,0.0
0,0,0.0
0,0,0.0
0,0,0.0
0,0,0.0
0,0,0.0
0,0,0.0
0,0,0.0
0,0,0.0
0,0,0.0
0,0,0.0
0,0,0.0
1,0,0.0
1,1,1.0
1,1,1.0
1,1,1.0
1,1,1.0
1,1,1.0
1,1,1.0
1,1,1.0
1,1,1.0
1,1,1.0
1,1,1.0
1,0,0.0
1,0,0.0
1,0,0.0
1,0,0.0
1,0,0.0
1,0,0.0
1,0,0.0
1,0,0.0
1,1,1.0
1,1,1.0
1,0,0.0
0,0,0.0
0,0,0.0
0,0,0.0
0,0,0.0
0,0,0.0
0,0,0.0
0,0,0.0
0,0,0.0
0,0,0.0
0,0,0.0
0,0,0.0
0,0,0.0
0,0,0.0
0,0,0.0
0,0,0.0
0,0,0.0
0,0,0.0
0,0,0.0
0,0,0.0
0,0,0.0
0,0,0.0
0,0,0.0
0,0,0.0
0,0,0.0
0,0,0.0
0,0,0.0
0,0,0.0
0,0,0.0
0,0,0.0
0,0,0.0
0,0,0.0
0,0,0.0
0,0,0.0
0,0,0.0
0,0,0.0
0,0,0.0
0,0,0.0
0,0,0.0
0,0,0.0
0,0,0.0
0,0,0.0
0,0,0.0
0,0,0.0
0,0,0.0
0,0,0.0
0,0,0.0
0,0,0.0
0,0,0.0
0,0,0.0
0,0,0.0
0,0,0.0
0,0,0.0
0,0,0.0
0,0,0.0
0,0,0.0
0,0,0.13889413118716487
0,0,0.15141072002397493
0,0,0.1647185600390028
0,0,0.27261163985776915
0,0,0.3870963246257662
0,0,0.34749423821578135
0,0,0.2966079477927456
0,0,0.29641368824316944
0,0,0.32638948531968404
0,0,0.37159505623638095
0,0,0.379447922962959
0,0,0.08498806069090303
0,1,0.961016278375826
0,1,0.9587072847744255
0,0,0.31823814015993684
0,0,0.047555100931281145
0,0,0.01072175499014208
0,0,0.00435878597133363
0,0,0.01893374352792896
0,0,0.02269808952820419
0,0,0.009720574003818157
0,0,0.010678682769210078
0,0,0.007117972755090611
0,0,0.007612610234775455
0,0,0.01110319067210619
0,0,0.009745882405442767
0,0,0.008503659226448324
0,0,0.005547887450096242
0,0,0.011189322334136808
0,0,0.01308906654947442
0,0,0.008083565372688256
0,0,0.007432176401047065
0,0,0.016556562320572912
0,0,0.1255182250828774
0,0,0.10798390261270559
0,0,0.028869911614999293
0,0,0.014732757165447172
0,0,0.02963375869520231
0,0,0.04549243416296606
0,0,0.08078931060428136
0,0,0.09390194180359071
0,0,0.041659650988752614
0,0,0.03033045074281585
0,0,0.014248048416448314
0,0,0.01051571013884268
0,0,0.02120115752269286
1,1,0.9999999966558357
1,1,0.999999998296293
1,1,0.9999999715526121
1,1,0.9999999970315101
1,1,0.9999999866251368
1,1,0.9999997763409681
1,1,0.9999999843789287
1,1,0.9999999936765962
1,1,0.9999997923038267
1,1,0.999999549435178
1,1,0.9999999817911661
1,1,0.9999999161428176
1,1,0.9999997848926797
1,1,0.9999977888644634
1,1,0.9999982031095883
1,1,0.9999776374019934
1,1,0.9999779249420998
1,1,0.9999982478283097
1,1,0.9999983771013171
1,1,0.9999223867455136
1,1,0.9997753463832406
1,1,0.9999725615908944
1,1,0.9999997689194481
1,1,0.9997983169122159
1,1,0.956291071589897
1,1,0.9905714794738493
1,1,0.9992249393459787
1,1,0.9977707208197045
1,1,0.9999988335847417
1,1,0.9999996165202009
1,1,0.9999933612942331
1,1,0.9999755145876855
1,1,0.9939397000146724
1,0,7.2178086178848215e-22
1,0,1.033451214804555e-17
1,0,2.539494388232328e-18
1,0,3.741422696908678e-18
1,0,7.473936589755257e-12
1,0,2.494354207523158e-09
1,0,8.581694000483099e-10
1,0,3.973285851231849e-12
1,0,7.697413173399557e-10
1,0,3.7494178583743005e-05
1,0,9.478584925892149e-08
1,1,0.9999826207409646
1,1,0.9999654536506231
1,1,0.999795843525984
1,1,0.9999266081322934
1,1,0.9999816063890765
1,1,0.9999664399548019
1,1,0.9987385953676856
1,1,0.9857521808756851
1,1,0.9456289447196624
1,1,0.9705991585261288
1,1,0.9889360645499982
0,1,0.6017456597877708
0,1,0.7017548898692488
0,1,0.6181065861140449
0,0,0.12274599306941764
0,0,0.13828608712616886
0,0,0.43671181510196233
0,0,0.0012556067984386987
0,0,1.1638928870311062e-05
0,0,0.0013151891577924818
0,0,0.030714172912153195
0,1,0.5473449309371199
0,1,0.6670414252127803
0,0,0.04919094320394409
0,0,0.030514038068964473
0,0,0.03627491482171564
0,0,0.07362834176740476
0,1,0.7602855369388338
0,1,0.9819261051891814
0,1,0.9761198736232246
0,1,0.9425111477707703
0,1,0.9181953617805481
0,1,0.9272072102900216
0,1,0.9629042694545363
0,1,0.9743154320518089
0,1,0.9387023971771634
0,1,0.9624598995310553
0,1,0.9825009828260871
0,1,0.9931859242184949
0,1,0.9927751866666203
0,1,0.9999960340404049
0,1,0.9999986314087465
0,1,0.999979005282869
0,1,0.9925735575078384
0,1,0.887948923158468
0,1,0.9986114514142563
0,1,0.9831175306921254
0,0,0.09791642802729379
0,0,6.3605170419664e-05
0,0,5.141733090948958e-10
0,0,1.05773436814904e-14
1,1,0.9998816559703162
1,1,0.99969292703682
1,1,0.9985291300704986
1,1,0.9843671972534191
1,1,0.9934550483092964
1,1,0.999824348396063
1,1,0.9998381636483807
1,1,0.9997682984982474
1,1,0.9977011146049527
1,1,0.9999452253668359
1,1,0.999999824475382
0,0,0.4461145919286665
0,1,0.7146371579098395
0,1,0.5815513926644275
0,0,0.4883512976336433
0,1,0.5537889634003619
0,1,0.5720798797337046
0,0,0.3434518156859222
0,0,0.3076404537824639
0,1,0.5300880038744686
0,0,0.4860551081466505
0,0,0.44220840350045737
0,0,0.4563018178022927
0,0,0.477349095807745
0,1,0.6103910101028546
0,0,0.3867325612515003
0,0,0.21298366167043156
0,0,0.2807635687789106
0,0,0.36342216883396755
0,0,0.4338504642859509
0,1,0.8344510156839505
0,1,0.8460669506236789
0,0,0.47612481377439997
0,1,0.5551515441465044
0,1,0.6686215915167635
0,1,0.6292957658561198
0,1,0.8351574751947403
0,1,0.8279316647906669
0,1,0.8094872630120166
0,1,0.8446456359460798
0,1,0.7697874310448963
0,1,0.5235423932854164
0,1,0.9818863199335907
0,1,0.9938659836270238
0,1,0.948214325384471
0,1,0.9729362123061711
0,1,0.9741894059172489
0,1,0.9944183471085968
0,1,0.9985264228926546
0,1,0.9975731319208431
0,1,0.9877813498309467
0,1,0.9748713712854734
0,1,0.9665067474813542
0,1,0.9361616263810798
0,1,0.9449939111454714
0,1,0.9759947393318656
0,1,0.9813653208758728
0,1,0.98473183265845
0,1,0.9892044326187095
0,1,0.9920662878376799
0,1,0.98537453099337
0,1,0.9672852581280487
0,1,0.9862335402273369
0,1,0.9947833573026117
0,1,0.9773967451758298
0,1,0.9441000128061097
0,0,0.003095971128299592
0,0,0.0022468230573215813
0,0,0.00744441865174283
0,0,0.14652885955066045
0,0,0.17403431837510502
0,0,0.14406479793261429
0,0,0.17533952215505774
0,0,0.05090082570812774
0,0,0.003983456372522859
0,0,0.0007983706172111297
0,0,0.001813751934966738
0,0,0.17155011124394304
0,0,0.14095567198955727
0,0,0.3399492232450824
0,0,0.47878145329908856
0,0,0.29368533919351836
0,0,0.17099461124578047
0,0,0.4223814614465483
0,1,0.6106829179548187
0,0,0.34869850843578015
0,0,0.21070080868620958
0,0,0.041940796675718935
0,0,0.04440298751468923
0,0,0.3903423039050302
0,0,0.35320045586291665
0,0,0.11213248910395063
0,0,0.14589830483055374
0,0,0.18494862579319252
0,0,0.12003133922717796
0,0,0.1731934356098148
0,0,0.20528882741298796
0,0,0.22322494872996848
0,0,0.22565934491622752
0,0,0.0820397896901751
0,0,0.10039444572851877
0,0,0.08615772593709743
0,0,0.12511727801265715
0,0,0.21168478303692026
0,0,0.017051434892686353
0,0,0.00526008812017973
0,0,0.030936134476411838
0,0,0.08818433129882267
0,0,0.04525731912207818
0,0,0.02820775627692018
0,0,0.04080978142322947
0,0,0.07621881626258857
0,1,0.9995575437034987
0,1,0.9998581979605595
0,1,0.9997802168776325
0,1,0.9997908130921379
0,1,0.9997863140909806
0,1,0.9995607096156527
0,1,0.9994913318331731
0,1,0.9993737816200513
0,1,0.9998195980427641
0,1,0.9999815425863616
0,1,0.9999912702783603
0,1,0.9984874177963153
0,1,0.9936597664093023
0,0,0.24575716816897136
0,0,0.20534669093468502
0,1,0.9845626894242606
0,1,0.9948431348993495
0,1,0.5105100720039413
0,1,0.8523362103728246
0,1,0.9992832864847753
0,1,0.9987787132937541
0,1,0.9977442914604344
0,1,0.544049345265005
0,1,0.9865697380099094
0,1,0.9999806947455121
0,1,0.9998630436703766
0,1,0.9997738549699602
0,1,0.9999214391066562
0,1,0.9999804695469782
0,1,0.9999765698904262
0,1,0.9996388352939172
0,1,0.9921047365139961
0,1,0.9890667160365246
0,1,0.997465631802405
0,1,0.999685610078763
0,1,0.9998205329500022
0,1,0.9998172358470822
0,1,0.9999570117508032
0,1,0.9998975613499047
0,1,0.9998330485985898
0,1,0.9999922247904658
0,1,0.9999282220917513
0,1,0.9999660086013255
0,1,0.999998397781253
0,1,0.9941456075823047
0,0,0.005124212953919138
0,0,0.00013286296373194972
0,0,0.0050257303619134506
0,0,4.291241888038623e-06
0,0,0.00034992207791304913
0,1,0.9974924071314107
0,1,0.999073675817765
0,1,0.9998474737111313
0,1,0.9999944150802964
0,1,0.9999031340419392
0,0,0.4613590893730095
0,0,0.445083909317845
0,0,0.18747252493482935
0,0,0.06965061767918612
0,0,0.10166998100487734
0,0,0.2812600095135439
0,0,0.09577191408828234
0,0,0.16918712189800653
0,0,0.3198113224058861
0,0,0.16383935625541046
0,0,0.3017046658200226
0,0,0.15386980039772227
0,0,0.2435646110924426
0,0,0.20182812666974823
0,0,0.11796234676546526
0,0,0.2882198652080189
0,0,0.13476740285375188
0,0,0.10217980739602404
0,0,0.09979140390469356
0,0,0.04980177601365186
0,0,0.047934096524056925
0,0,0.04842921135598106
0,0,0.031948694782964235
0,0,0.13232397553040387
0,0,0.22814287858892593
0,0,0.061932006322894986
0,0,0.07659736306861684
0,0,0.1012250558663619
0,0,0.12487708991675779
0,1,0.999994936019749
0,1,0.9999931672438684
0,1,0.9994956459800013
0,1,0.9995677535119771
0,1,0.9999811690774001
0,1,0.999998024033482
0,1,0.9999923213755613
0,1,0.9998893878894558
0,1,0.999914515000678
0,1,0.9997924216416691
0,1,0.9999205697758897
0,1,0.9999698777295619
0,1,0.9999756109232959
0,1,0.9999955004165789
0,1,0.9999993667174252
0,1,0.9999579992415651
0,1,0.9999732767490432
0,1,0.9999999202245541
0,1,0.9999999231173481
0,1,0.9999999639785044
0,1,0.9999999982170695
0,1,0.9999992369041714
0,0,0.007263867149207028
0,0,0.0005364734032209158
0,0,9.254053589315879e-05
0,0,2.9790385894069935e-05
0,0,0.00025446585968820544
0,0,0.017577203198133586
0,0,0.10304811371795987
0,0,0.06714468750567777
0,0,0.3987909985166905
0,1,0.8340981267374115
0,0,0.42315621591776115
0,0,0.32581137189770104
0,1,0.8149655020206369
0,1,0.8645583854218807
0,1,0.7242534779702772
0,1,0.8351284019690621
0,1,0.9239827739466698
0,1,0.8580604118255629
0,1,0.7393291206524877
0,1,0.8060693625640826
0,1,0.9590838937656252
0,1,0.9327118063260773
0,1,0.9391080496492222
0,1,0.9865975727105705
0,1,0.9804849979924531
0,1,0.9795365079621224
0,1,0.9936138409762872
0,1,0.9851366522386227
0,1,0.9681784161334868
0,1,0.972701486197532
0,1,0.9599587389173951
0,1,0.90768527042778
0,1,0.9193214161645468
0,1,0.7879180825040973
0,1,0.5582597658346834
0,0,0.16224600452850094
0,0,0.020741505461831657
0,0,0.006480555894486464
0,0,0.009105544055674184
0,0,0.008352930678031462
0,0,0.008771498626542687
0,0,0.01005067942447469
0,0,0.010786751895399488
0,0,0.031257740943285865
0,0,0.1316695959196818
0,0,0.23274297834859273
0,1,0.6438792694665414
0,1,0.8466970247353494
0,1,0.8174767093485845
0,1,0.7970297912070916
0,1,0.9339636744827405
0,1,0.9391399702991842
0,1,0.8376580975967285
0,1,0.7970610325980626
0,1,0.7054864979619522
0,0,0.015629958378678185
0,0,0.0004651860820703741
0,0,8.605537066434831e-05
0,0,1.981539581446636e-05
0,0,1.6413858987874415e-05
0,0,0.00042342922841053985
0,0,0.000630363617950462
0,0,6.884072238993057e-05
0,0,0.000154276340546595
0,0,0.012590372231442703
0,1,0.5427621409704733
0,0,0.17208035877799138
0,0,0.2162573588593353
0,0,0.33070939187664145
0,0,0.4499643317305014
0,1,0.5642466295939715
0,0,0.30349194158745657
0,0,0.20339658086986656
0,0,0.06510439629945948
0,0,0.07621143052628596
0,0,0.1654418530736067
0,0,0.09275144329701708
0,0,0.03682466449828616
0,0,0.059170531863822956
0,0,0.06685286989909493
0,0,0.07931652654232818
0,0,0.058081152068466625
0,0,0.0691094618284745
0,0,0.02624938018077945
0,0,0.008544242062693379
0,0,0.008672495005273872
0,0,0.024761976137971427
0,0,0.023318476350026422
0,0,0.04755070352307676
0,0,0.15861359116625848
0,0,0.0408963119813818
0,0,0.021209960789934357
0,0,0.01927621705089067
0,0,0.007493554795325159
0,0,0.009167514068586749
0,0,0.04196409711314603
0,0,0.01306393871121683
0,0,0.008815589103507998
0,0,0.007537469132391186
0,0,0.010615618291688616
0,0,0.10209209295855436
1,1,0.9999999997226359
1,1,0.9999997435080868
1,1,0.9995137867198994
1,1,0.9999978483118638
1,1,0.9999974686946735
1,1,0.9999918342541703
1,1,0.9979459797624004
1,1,0.9975738511652225
1,1,0.9995092615366014
1,1,0.9999033299885156
1,1,0.9999936325705714
1,1,1.0
1,1,0.9985508745284297
1,1,0.998750511744277
1,1,0.9995430265506496
1,1,0.9995352642239933
1,1,0.9996472476607193
1,1,0.9999888854455148
1,1,0.9999998171884438
1,1,0.9999998679119283
1,1,0.9999989606318467
1,1,0.999909984954828
1,1,0.999999130661258
1,1,0.9989216664315257
1,1,0.5722966096975792
1,0,0.467613610718678
1,0,0.4697204724770982
1,0,0.0346299983497442
1,0,0.2650327770626947
1,1,0.9406965581998649
1,1,0.9490012373578001
1,1,0.9910986011855506
1,1,0.9999613967485026
0,1,0.9642052349658538
0,1,0.9998966661898342
0,1,0.9999352374391616
0,1,0.9992937764123556
0,1,0.9837695659787385
0,1,0.9307655928152372
0,1,0.9894029428706642
0,1,0.9996313378133062
0,1,0.9998322134156465
0,1,0.9999145923449754
0,1,0.9991322768145424
0,1,0.7028101977648659
0,1,0.9949686064205939
0,1,0.9996860800979263
0,1,0.9830122558297394
0,1,0.9988813148203102
0,1,0.9997792533549351
0,1,0.8811462644073998
0,1,0.7212758927873116
0,1,0.7755004264829053
0,0,0.37290544951600324
0,0,0.06277539991529923
0,1,0.7939207927512801
0,0,0.3781050183382808
0,0,0.36031529356781666
0,0,0.3789709833266735
0,0,0.3497804171759264
0,0,0.34211598619393746
0,0,0.39393192059500076
0,0,0.43785304750064385
0,1,0.614942272221956
0,1,0.793668117496931
0,1,0.7262648721258449
0,1,0.568840061136051
0,1,0.5888210743944816
0,1,0.6894383065075246
0,1,0.7024455310213943
0,0,0.36649549719955077
0,0,0.1048445355816329
0,0,0.1337192106659825
0,0,0.18959201179652865
0,0,0.21008983382148305
0,0,0.24100438537087998
0,0,0.23325022569250192
0,0,0.1469730799358187
0,0,0.14013613020382273
0,0,0.13663802083677265
0,0,0.05430433826310955
0,0,0.04356469766129538
0,0,0.058120002300794026
0,0,0.19839182881291462
1,1,0.9425848106424953
1,1,0.9945430785782595
1,1,0.999887503864578
1,1,0.9999568115211068
1,1,0.9879750487709452
1,0,0.2735230004106902
1,0,0.2770120136697524
1,1,0.9989762369108691
1,1,0.9993108126843263
1,1,0.9971429650269871
1,1,0.9988947419610819
1,1,0.9994957107156801
1,1,0.965384152422183
1,1,0.9836267287493233
1,1,0.9995201847597487
1,1,0.9903625094076389
1,1,0.6739671864911588
1,1,0.5458695910476355
1,1,0.66314335898619
1,1,0.9807982497184319
1,1,0.9940049011591104
1,1,0.9422907926392605
0,1,0.9992771276246424
0,1,0.9964103062275056
0,1,0.9928486000834584
0,1,0.8336540114297827
0,1,0.7848113937881802
0,1,0.7664197177750619
0,1,0.7246293690607156
0,1,0.8457002736915157
0,1,0.7002288439279677
0,0,0.44083517600758637
0,0,0.3422676205459178
0,0,0.13980036989024244
0,0,0.05971939920697191
0,0,0.07105452879834062
0,0,0.11465155149025956
0,0,0.04210317410891506
0,0,0.028689416129947097
0,0,0.004574222733187475
0,0,0.0013447888616734095
0,0,0.011207640520644522
0,0,0.007109765321438977
0,0,0.0006389854121847185
0,0,0.000766824395998743
0,0,0.00198329071741785
0,0,0.004810919362117545
0,0,0.0009655759575337978
0,0,7.149854528900815e-05
0,0,5.288071900995502e-05
0,0,2.6411742286998203e-05
0,0,1.0043135528274853e-05
0,0,3.770386188915687e-05
0,0,6.254900705061994e-05
0,0,6.677876436961878e-05
0,1,0.9987270458649713
0,1,0.9988305971982738
0,1,0.9760762431692245
0,1,0.9254216553004435
0,1,0.9970453500621687
0,1,0.9997666977393806
0,1,0.9999697691695077
0,1,0.9996544705934787
0,1,0.9902273647872007
0,1,0.9998308930834335
0,1,0.9999981290773055
0,1,0.9999960755263199
0,1,0.9999991745746767
0,1,0.9999994317319875
0,1,0.9999547723200272
0,1,0.9999725085642996
0,1,0.999998274263579
0,1,0.9999995685204587
0,1,0.9999996903089627
0,1,0.9999977441226016
0,1,0.9999976717479198
0,1,0.9999979955920326
0,0,0.02982179269587017
0,0,0.0037268103916366668
0,0,0.0005340741257815782
0,0,0.000779169245856799
0,0,0.0009937231826368236
0,0,0.002594113184761154
0,0,0.002300380037277247
0,0,0.005073627099454884
0,0,0.03263901220937506
0,0,0.045716393419773176
0,0,0.01921422844150997
0,0,0.009681922996081033
0,0,0.0006163019051656936
0,0,0.0003389331641662038
0,0,0.013610349428812974
0,0,0.04998260308071711
0,0,0.003345695701388881
0,0,0.0015788827126936467
0,0,0.003457741357134915
0,0,0.03573558730708893
0,0,0.008539687594832037
0,0,0.0024161413458377514
0,0,0.0023335702774851946
0,0,0.0008902579831777371
0,0,0.0018720071289334563
0,0,0.0017478663411088953
0,0,0.0018998279187577803
0,0,0.002932104666806888
0,0,0.0018607605517062178
0,0,0.0010175675688107776
0,0,0.0014284933279541169
0,0,0.004864737410598446
0,0,0.007671133133806562
0,0,0.015670185083466178
0,0,0.017352570173880057
0,0,0.011680547235479583
0,0,0.00956540096835156
0,0,0.007029830316324493
0,0,0.002796587023848991
0,0,0.001108049411894777
0,0,0.0011826479362522617
0,0,0.0007587443990195144
0,0,0.0013367982024267647
0,0,0.0029859543890165276
0,0,0.00933585238303817
0,0,0.020732630410452094
1,0,0.2896333736267398
1,0,0.2223862175402356
1,1,0.5077718560363901
1,1,0.9999999999999538
1,1,0.9999999999999212
1,1,0.9659059565942135
1,1,0.9830043186414957
1,1,0.9869192380743222
1,1,0.9601982927804854
1,1,0.9746451760533076
1,1,0.9990433006192919
1,1,0.9999932797580403
1,1,0.9993330648446118
1,1,0.9999958789067611
1,1,0.9999999619266465
1,1,0.9999999999999785
1,1,1.0
1,1,0.9999999999972102
1,1,0.9992556050642323
1,1,0.9999999931362917
1,1,0.9999999495123751
1,1,0.9691403686293366
1,1,0.971356838280208
1,1,0.6486533266985236
1,1,0.9778171447855876
1,1,0.9968581742830744
1,1,0.9306503499789069
1,1,0.9967840202921628
1,1,0.9965359012220913
1,1,0.994663402624479
1,1,0.9995007981618419
1,1,0.9974980488242835
1,1,0.9936400133556568
0,1,0.9999994900475921
0,1,0.9999645917982701
0,1,0.9999938028540358
0,1,0.9999999945532085
0,1,0.9999999998632987
0,1,0.9999999999956559
0,1,0.999999974991878
0,1,0.9999589955207024
0,1,0.9999777306806207
0,1,0.9990156536489351
0,1,0.9968624562168795
0,1,0.9999583763506252
0,1,0.9999879223444534
0,1,0.9970796560018159
0,1,0.9999999941493247
0,1,0.9999996983740101
0,1,0.9948013594509413
0,1,0.9924018980936509
0,1,0.9995186785647866
0,1,0.9998925582117997
0,1,0.9447448907196501
0,1,0.6597801038324302
0,1,0.8630422997177719
0,1,0.8924293338489111
0,1,0.8935733458079724
0,1,0.9020493246126097
0,1,0.9713057594571937
0,1,0.9666599641879284
0,1,0.9611530752703177
0,1,0.9537659744304806
0,1,0.8652691507395099
0,1,0.7764433578656497
0,1,0.6516062182159084
0,1,0.7908981889370845
0,1,0.6574904901886632
0,1,0.5014035865584171
0,1,0.9215641004278762
0,1,0.9869780845804472
0,1,0.9671510105832142
0,1,0.9059898085676374
0,1,0.970571589152442
0,1,0.9841662769062979
0,1,0.9549157436743686
0,1,0.9109419027488692
0,1,0.8984608144420085
0,1,0.8886177366537458
0,1,0.9955821419320295
0,1,0.997532594067033
0,1,0.9203089276163344
0,1,0.7917370731412389
0,1,0.822017740869085
1,1,0.9999950638188718
1,1,0.9998384130337241
1,1,0.9999976938446027
1,1,0.9999999977784393
1,1,0.9999999999988669
1,1,1.0
1,1,0.9999999999975016
1,1,0.9999925280708618
1,1,0.9999991246967884
1,1,0.9999837403896652
1,1,0.9913862489314974
1,1,0.9999998894325983
1,1,0.9999999995351465
1,1,0.9999999993539468
1,1,0.9999999906914426
1,1,0.999990488887768
1,1,0.9985124982637078
1,1,0.9995033263433233
1,1,0.993757694744799
1,1,0.9925110818959713
1,1,0.9948587226987619
1,1,0.9999104288203592
0,0,0.16376273916071848
0,0,0.13667823598683163
0,1,0.5241846539299889
0,1,0.7835435148470306
0,1,0.7087905833682752
0,1,0.5886343883997059
0,1,0.8577930721582847
0,1,0.9542446875060574
0,1,0.9740194019532006
0,1,0.9780233115844761
0,1,0.9557501224340332
0,1,0.8276586806527568
0,0,0.2719816082670034
0,0,0.1858716702918408
0,0,0.47015647338153727
0,1,0.5720844915856866
0,1,0.5781820600873464
0,1,0.8347314501225827
0,1,0.5111573181534861
0,0,0.47189868484083386
0,0,0.32334369010931224
0,0,0.10740901605599372
0,0,0.32131747460788723
0,1,0.6510793376410029
0,1,0.8512846347084061
0,1,0.8951702796925998
0,1,0.9174895330108923
0,1,0.8877188173944721
0,1,0.847568416513993
0,1,0.7736581578108963
0,1,0.9153041188991694
0,1,0.9695265490585895
0,1,0.8755677966111097
0,1,0.514561910569967
0,1,0.9625031262801419
0,1,0.9967809063477895
0,1,0.991009294120692
0,1,0.9779280838157822
0,1,0.9776458198178947
0,1,0.9666246002922475
0,1,0.9290685265273597
0,1,0.9398460272702268
0,1,0.9792470497018286
0,1,0.9690035378630502
0,1,0.9411562032268931
0,1,0.9485241441932055
0,1,0.9668574287190886
0,1,0.9744444501207329
0,1,0.9821484175276171
0,1,0.9854612010329732
0,1,0.9229620518053967
0,1,0.6372576532876593
0,0,0.1888763867088609
0,0,0.05096707054441572
0,0,0.13623280988043782
0,1,1.0
0,1,1.0
0,1,1.0
0,1,1.0
0,1,1.0
0,1,1.0
0,1,1.0
0,1,1.0
0,1,1.0
0,1,1.0
0,1,1.0
0,1,1.0
0,1,1.0
0,1,1.0
0,1,1.0
0,1,1.0
0,1,1.0
0,1,1.0
0,1,1.0
0,1,1.0
0,1,1.0
0,1,1.0
0,1,1.0
0,0,0.0
0,0,0.0
0,1,1.0
0,1,1.0
0,1,1.0
0,1,1.0
0,1,1.0
0,1,1.0
0,1,1.0
0,1,1.0
0,1,1.0
0,1,1.0
0,1,1.0
0,1,1.0
0,1,1.0
0,1,1.0
0,1,1.0
0,1,1.0
0,1,1.0
0,1,1.0
0,1,1.0
0,1,1.0
0,1,1.0
1,1,1.0
1,1,1.0
1,1,1.0
1,1,1.0
1,1,1.0
1,1,1.0
1,1,1.0
1,1,1.0
1,1,1.0
1,1,1.0
1,1,1.0
1,1,1.0
1,1,1.0
1,1,1.0
1,1,1.0
1,1,1.0
1,1,1.0
1,1,1.0
1,1,1.0
1,1,1.0
1,1,1.0
1,1,1.0
1,1,1.0
1,1,1.0
1,1,1.0
1,1,1.0
1,1,1.0
1,1,1.0
1,1,1.0
1,1,1.0
1,1,1.0
1,1,1.0
1,1,1.0
1,1,1.0
1,1,1.0
1,1,1.0
1,1,1.0
1,1,1.0
1,1,1.0
1,1,1.0
1,1,1.0
1,1,1.0
1,1,1.0
1,1,1.0
0,1,1.0
0,1,1.0
0,1,1.0
0,1,1.0
0,1,1.0
0,1,1.0
0,1,1.0
0,1,1.0
0,1,1.0
0,1,1.0
0,1,1.0
0,1,1.0
0,0,0.0
0,0,0.0
0,1,1.0
0,1,1.0
0,1,1.0
0,1,1.0
0,1,1.0
0,1,1.0
0,1,1.0
0,1,1.0
0,1,1.0
0,1,1.0
0,1,1.0
0,1,1.0
0,1,1.0
0,1,1.0
0,1,1.0
0,1,1.0
0,1,1.0
0,1,1.0
0,1,1.0
0,1,1.0
0,1,1.0
0,1,1.0
0,1,1.0
0,1,1.0
0,1,1.0
0,1,1.0
1,1,1.0
1,1,1.0
1,1,1.0
1,1,1.0
1,1,1.0
1,1,1.0
1,1,1.0
1,1,1.0
1,1,1.0
1,1,1.0
1,1,1.0
1,1,1.0
1,1,1.0
1,1,1.0
1,1,1.0
1,1,1.0
1,1,1.0
1,1,1.0
1,1,1.0
1,1,1.0
1,1,1.0
1,1,1.0
1,1,1.0
1,1,1.0
1,1,1.0
1,1,1.0
1,1,1.0
1,1,1.0
1,1,1.0
1,1,1.0
1,1,1.0
1,1,1.0
1,1,1.0
1,1,1.0
1,1,1.0
1,1,1.0
1,1,1.0
1,1,1.0
1,1,1.0
1,1,1.0
1,1,1.0
1,1,1.0
1,1,1.0
1,1,1.0
1,1,1.0
1,1,1.0
1,1,1.0
1,1,1.0
1,1,1.0
1,1,1.0
1,1,1.0
1,1,1.0
1,1,1.0
1,1,1.0
1,1,1.0
1,1,1.0
1,1,1.0
1,1,1.0
1,1,1.0
1,1,1.0
1,1,1.0
1,1,1.0
1,1,1.0
1,1,1.0
1,1,1.0
1,1,1.0
1,1,1.0
1,1,1.0
1,1,1.0
1,1,1.0
1,1,1.0
1,1,1.0
1,1,1.0
1,1,1.0
1,1,1.0
1,1,1.0
1,1,1.0
0,0,0.0002967662831135369
0,0,2.1518644723955016e-05
0,0,6.365971711805382e-06
0,0,4.422570259635876e-06
0,0,4.205752466230529e-06
0,0,9.025765354056352e-06
0,0,8.28311508787701e-06
0,0,3.4210074055893643e-06
0,0,1.9792487544591123e-06
0,0,3.28714627493771e-06
0,0,1.6100597630792583e-05
1,0,0.0034591000796145
1,0,0.0302636053160074
1,0,0.21709604945116195
1,1,0.5869913983912503
1,1,0.6799451638660712
1,1,0.6210354623309093
1,0,0.26213438898061897
1,0,0.23152557364154266
1,0,0.4813512796131032
1,0,0.4313244560334576
1,0,0.18764676296773422
1,0,0.12702087182759575
1,0,0.1343329871644489
1,0,0.14895637545034518
1,0,0.14049786398570108
1,0,0.140910773965768
1,0,0.28000395349069734
1,0,0.22818340601854623
1,0,0.13001332947450264
1,0,0.11580266061613803
1,0,0.07256075010114334
1,0,0.06240867136984763
1,0,0.08266830021000515
1,0,0.17155042329511713
1,0,0.213590630577231
1,0,0.1185061235305328
1,0,0.13942537952635808
1,0,0.16141651718880062
1,0,0.3424811040026416
1,0,0.47002855792288045
1,0,0.07527810473823758
1,0,0.0161894236858511
1,0,0.04405856509119431
1,0,0.2318094896285015
1,0,0.001701866454056023
1,0,0.014218567471125121
1,0,0.11218934663460173
1,0,0.19226333246329497
1,1,0.9994662580545914
1,1,0.9914105076544532
1,0,0.13522940299604777
1,0,0.008425045617008681
1,0,1.2280496745416525e-06
1,0,0.0016075243325814864
1,1,0.8053878138467849
1,1,0.7876550999056985
1,1,0.9774144289165556
1,1,0.9393940745624294
1,0,0.015707167925041385
1,0,0.24013409563963106
1,1,0.9966672161068837
1,0,3.218234854965694e-06
1,0,1.3519690101110627e-13
1,0,5.533555375504874e-10
1,0,2.2473898450502834e-12
1,0,1.534751152083116e-11
1,0,0.0010577101743002313
1,0,0.3622638627825851
1,1,0.7018675580243566
1,1,0.9637332650547837
1,1,0.9978753746619117
1,0,0.3567473503380348
1,0,0.005494661091101022
1,0,0.0016209136482372387
1,0,0.004828807712401081
1,0,0.1098207138728438
1,0,0.003094037488588169
1,0,3.316094438528548e-07
1,0,3.1056108017137426e-05
1,0,2.0137166085321328e-08
1,0,4.175534394239477e-08
1,0,2.881105606870028e-06
1,0,1.110487619909099e-07
1,0,1.6328294899767433e-07
1,0,7.339645868826234e-05
1,0,1.669495428576069e-06
1,0,8.890997823422608e-08
1,0,1.625934100672976e-06
1,0,1.876425254515949e-06
1,0,0.05770720782769678
1,0,0.0004436005367165953
1,0,9.773296290468457e-06
1,0,9.925844619897936e-06
1,0,0.00012399683670792115
1,0,0.0011069037607528232
1,0,3.3713461516861215e-08
1,0,2.1271128107642173e-09
1,0,0.0012847748342041164
1,0,0.023150301682604915
1,0,0.002659923147058902
1,0,0.028274880768175026
1,0,0.016733341449306667
1,0,0.015442560218602491
1,0,0.041172972631569035
1,0,0.06516934383054232
1,0,0.044283230451763266
1,0,0.05521556409297732
1,0,0.1424068896088225
1,0,0.15480907220881868
1,0,0.1462874358818444
1,0,0.2166134399103029
1,0,0.24787538381682372
1,0,0.157518102651909
1,0,0.05001347273657873
1,0,0.0448794175922118
1,0,0.11592317764643753
1,0,0.11072216202007329
1,0,0.09166988742927369
1,0,0.1408461845200072
1,0,0.22719223163410854
1,0,0.23946770742900816
1,0,0.348799635156498
1,0,0.29042439146974414
1,0,0.11892057680409773
1,0,0.15081647270125664
1,0,0.3452288566085446
1,0,0.2866452142564173
1,0,0.09304033428444103
1,0,0.08791437518836374
1,0,6.151877617466727e-05
1,0,0.2839387859076808
1,0,1.5675177446921433e-05
1,0,3.1753894246590965e-06
1,0,0.1909463738053985
1,1,0.9833569069329501
1,0,0.1844429077825561
1,0,0.00023737016559515444
1,0,0.007903469856972602
1,0,0.011980020019869133
1,0,0.0064977500202674345
1,0,3.4883314889132374e-08
1,0,2.7559469631293857e-08
1,0,2.540138194454192e-07
1,0,2.0794335471313044e-07
1,0,2.850987671618479e-06
1,0,1.8191183576712686e-07
1,0,1.2727015607569558e-08
1,0,8.996775350907981e-09
1,0,2.0612412626524428e-09
1,0,2.99886980881732e-08
1,0,1.331987882683733e-06
1,0,2.1440331968313317e-05
1,0,7.591509715498033e-05
1,0,2.917143037140083e-05
1,0,2.9384782694433207e-06
1,0,1.4317548363529542e-06
1,0,2.4555969267594457e-05
1,0,2.4739809889539935e-05
1,0,9.56095429508069e-06
1,0,0.00011633064389760847
1,0,0.0001180896618736345
1,0,1.5862105978931632e-05
1,0,4.092739806044714e-06
1,0,8.312831764614611e-06
1,0,7.13179034174199e-06
1,0,8.160436301370123e-07
1,0,1.0988139441977347e-06
1,0,6.136503537841795e-06
1,0,1.3628291902780516e-05
1,0,2.2747462683144487e-05
1,0,1.6758167490307334e-05
1,0,6.217351485499305e-06
1,0,3.292339739081302e-05
1,0,0.0001476958709683111
1,0,0.00019519360920829614
1,0,0.00010411452308535873
1,0,5.617790804022454e-05
1,0,2.8526956375109228e-05
1,0,4.856451855862476e-06
1,0,6.68314972491869e-05
1,0,0.0020668671442869236
1,0,0.0004904914471454297
1,0,9.421530788296427e-06
1,0,3.0817253249846956e-05
0,0,0.0003678897343275318
0,0,0.0002963850277244414
0,0,0.0001632886176577722
0,0,0.0001998798308156223
0,0,0.0001385269100695829
0,0,6.42724734307392e-05
0,0,0.00015468107999596438
0,0,0.00037593327844273453
0,0,0.0006247590726830235
0,0,0.0006394694485800187
0,0,0.0009938648414747502
0,0,0.00011962569488949102
0,0,1.3743087450823755e-05
0,0,2.0652807261214972e-05
0,0,1.4770810364250832e-05
0,0,1.0896424255649279e-05
0,0,5.345652808952294e-06
0,0,1.0927844460433892e-05
0,0,3.717815953874046e-05
0,0,2.55159524892403e-05
0,0,1.3868702008097191e-05
0,0,9.431606667890976e-06
0,0,0.227731896796069
0,0,0.14401273134460194
0,0,0.10685702352536712
0,0,0.11084420401667591
0,0,0.23098117994362105
0,0,0.15643406731871284
0,0,0.12195569645312224
0,0,0.14279074940379438
0,0,0.1654253841448647
0,0,0.16715368999291566
0,0,0.1383830572493277
0,0,0.14056166756325872
0,0,0.11997822438941701
0,0,0.10222009334320015
0,0,0.09741826724861653
0,0,0.09817087461322906
0,0,0.09418621157084632
0,0,0.08662408457135826
0,0,0.09436493212555755
0,0,0.09269923877737034
0,0,0.10629214800339531
0,0,0.10565511477450049
0,0,0.10123192657085578
0,0,0.10199713437249863
0,0,0.10218846869121845
0,0,0.09897870603726622
0,0,0.09627504860877238
0,0,0.09904308847435177
0,0,0.10155506921084351
0,0,0.11173129631095705
0,0,0.15865458106598648
0,0,0.10597887433506759
0,0,0.10237526910582698
0,0,0.10158008698170753
0,0,0.10256221449430422
0,0,0.11045340516048648
0,0,0.12362308584193055
0,0,0.10686681183507059
0,0,0.10343478895826436
0,0,0.09288406949945123
0,0,0.0967099061486199
0,0,0.09129926777575607
0,0,0.09748124344129837
0,0,0.09548357701398277
0,0,0.08696538357325694
0,0,0.10751288905577516
1,0,0.3820012952551318
1,0,0.28453732082478345
1,0,0.22542414842006633
1,0,0.18470720235328345
1,0,0.20855065756779465
1,0,0.20727276954665666
1,0,0.22243815673374817
1,0,0.24382320070434452
1,0,0.2073332645199312
1,0,0.17425661057232397
1,0,0.21703060759408777
1,0,0.19497396158351007
1,0,0.2002041376807208
1,0,0.16387192826696456
1,0,0.16895523902065926
1,0,0.1761834962190374
1,0,0.15592021633185332
1,0,0.15880818552082487
1,0,0.15885217123299125
1,0,0.135737082548423
1,0,0.16419935923397816
1,0,0.16882687491727344
0,0,0.194000823004557
0,0,0.19846705825644453
0,0,0.2089654015619442
0,0,0.1758099122822058
0,0,0.17788351023608864
0,0,0.18203139396757909
0,0,0.17940104350080768
0,0,0.2232144608304544
0,0,0.20793353455333868
0,0,0.22612466577506626
0,0,0.21529382299764388
1,0,0.2366801025456671
1,0,0.2011952744244118
1,0,0.19823899243544796
1,0,0.20120272952072624
1,0,0.18976667444102524
1,0,0.18661324857616735
1,0,0.21254841197075716
1,0,0.16477613339987554
1,0,0.17126474992110505
1,0,0.1916482185708038
1,0,0.21231761403015367
0,0,0.18557267252928336
0,0,0.17602575500932716
0,0,0.21122641814351517
0,0,0.18325212320901066
0,0,0.18632527989344522
0,0,0.16947525649622583
0,0,0.16197113550864886
0,0,0.18652506657290543
0,0,0.22164393513005073
0,0,0.22516049551710737
0,0,0.20749946403224162
0,0,0.17843820832924717
0,0,0.17305825737183336
0,0,0.16350612515026564
0,0,0.15755188173489768
0,0,0.16501217763480872
0,0,0.16415560236438367
0,0,0.21348176114720843
0,0,0.18960083047154558
0,0,0.18157330488554707
0,0,0.16757708837788385
0,0,0.16934351874322123
0,0,0.1692070418900201
0,0,0.16400711680313879
0,0,0.1671900236150022
0,0,0.15686735432204735
0,0,0.1589168433662535
0,0,0.1564000444372806
0,0,0.16379431101347156
0,0,0.15666833328636265
0,0,0.16805724301221225
0,0,0.1658622516448076
0,0,0.16139567397489554
0,0,0.15423117967573974
0,0,0.15239855008788294
0,0,0.14978003158734007
0,0,0.15518864235583094
0,0,0.15748349692323477
0,0,0.14480937785612427
0,0,0.13338625378589566
0,0,0.17855051077945402
0,0,0.1759736959435326
0,0,0.18344830921505562
0,0,0.22607274744789221
0,0,0.21982628443300622
0,0,0.19497931900551846
0,0,0.2101424516645145
0,0,0.20727252570169122
0,0,0.18846474452852446
0,0,0.18129476414338844
0,0,0.17657336206160346
1,0,0.16310804277289975
1,0,0.16828286783314944
1,0,0.16159276462809563
1,0,0.15595976565611663
1,0,0.20462573023636707
1,0,0.17099884631749881
1,0,0.15314437581634802
1,0,0.15909826308442446
1,0,0.14911682121913666
1,0,0.13292766483359506
1,0,0.15193166000512862
0,0,0.12082936542773295
0,0,0.11042513082976414
0,0,0.13209396359610984
0,0,0.12904541223257757
0,0,0.1208798602829237
0,0,0.12299853292573762
0,0,0.13526273511039133
0,0,0.12981253962284184
0,0,0.13768227686077106
0,0,0.13317122683478858
0,0,0.1201340706031409
0,0,0.1298043275524913
0,0,0.1327173222431802
0,0,0.13396770662613236
0,0,0.12617101259681882
0,0,0.1266310653443646
0,0,0.11971592141962469
0,0,0.1221596014340913
0,0,0.11873489655026308
0,0,0.11297434102088759
0,0,0.1092898612093024
0,0,0.11426527864022704
0,0,0.131325420684874
0,0,0.2190353275900547
0,0,0.11281361376341494
0,0,0.1862832241529356
0,0,0.17933214679849596
0,0,0.11383821642341253
0,0,0.1221223899346527
0,0,0.17399695886162383
0,0,0.2207314963911473
0,0,0.40012785936586176
0,0,0.20192029129499303
1,0,0.1761487506592749
1,0,0.17747112926588543
1,0,0.15032031850026567
1,0,0.1648940587649447
1,0,0.1648012480271135
1,0,0.15360608710932258
1,0,0.2204647547127495
1,0,0.20792184215753529
1,0,0.14006291384196676
1,0,0.17944230874685915
1,0,0.1969999348690284
1,0,0.15889562518156627
1,0,0.16847678903183383
1,0,0.15502284619854614
1,0,0.1524464705621551
1,0,0.1561339915366009
1,0,0.16222266209468372
1,0,0.15730432282276474
1,0,0.1451707001830277
1,0,0.14267483056099897
1,0,0.1618405674738227
1,0,0.14005947634380492
0,1,0.9999999979252112
0,1,0.999999999976964
0,1,0.9999997127542207
0,1,0.9999999169801104
0,1,0.9999999323564229
0,1,0.9999999988643085
0,1,0.9999999999999991
0,1,0.9999999999999127
0,1,0.9999999533211377
0,1,0.9999982695158937
0,1,0.9999997149773223
1,1,0.6752097351134299
1,1,0.9131535598620069
1,1,0.7732035565464638
1,0,0.2951693159289527
1,0,0.108303586607767
1,0,0.09101944707246189
1,0,0.0912787765860694
1,0,0.15490720942473307
1,0,0.21907246114992937
1,0,0.1179935331730362
1,0,0.0718929791703249
1,0,0.10827681968724136
1,0,0.08698406739228712
1,0,0.10815220008130552
1,0,0.14593477612947753
1,0,0.16237076042070098
1,0,0.15874776170080152
1,0,0.12533767269923576
1,0,0.2206147790048777
1,0,0.44412475100551807
1,1,0.5174072260991973
1,0,0.417573380192346
1,0,0.3820993445665979
1,0,0.3362124156525189
1,0,0.215633999452593
1,0,0.1875392421467819
1,0,0.1898365687307449
1,0,0.19444134779092664
1,0,0.42771446333682
1,1,0.5926778850952727
1,0,0.45058719347855103
1,0,0.42609041828339134
1,0,0.30402673165054234
1,0,0.1692762653951079
1,0,0.24503099538683534
1,1,0.9999973326506699
1,1,0.999985751863014
1,1,0.9999991598469289
1,1,0.9999999289083508
1,1,0.999999985497138
1,1,0.9999999991086612
1,1,0.9999999565795482
1,1,0.9999990795133911
1,1,0.9999974430208964
1,1,0.9999994165197774
1,1,0.9999994780491659
1,1,0.9968242001497952
1,1,0.9999779186717567
1,1,0.9999996697258132
1,1,0.9999999436814578
1,1,0.9869685659060976
1,1,0.9329059913172352
1,1,0.999999489275715
1,1,0.999963222774573
1,0,2.991133519731254e-05
1,1,0.999991061799721
1,1,1.0
0,1,0.999845587603687
0,1,0.9987993798632986
0,0,0.4551648997966435
0,0,0.30554537258862907
0,1,0.9683918151268404
0,1,0.913485236891143
0,0,0.44236187253663567
0,1,0.7362058228522583
0,1,0.8922295891275219
0,1,0.9919286726229668
0,1,0.9996486180072635
1,1,0.9999983800037939
1,1,0.9999999838189142
1,1,0.9999983266123993
1,1,0.9954715263003772
1,0,0.09043385452390168
1,1,0.9855806031184392
1,1,0.9989184984464993
1,1,0.9982816700306332
1,1,0.9998547810173248
1,1,0.9994095795068403
1,1,0.9999971341019376
1,0,0.2502150683379112
1,1,0.8354555743300579
1,1,0.8930187880792663
1,0,0.11416208385049952
1,0,0.008683863031186833
1,1,0.9994666730160102
1,1,0.999911210593363
1,0,0.004823023482345222
1,0,0.00238297173958538
1,0,0.1617266367081041
1,1,0.9999998339473608
0,1,0.8867760599396431
0,0,0.033466498467843234
0,0,0.00822014724731949
0,0,0.006960484024891819
0,0,0.007650322651072366
0,0,0.013819956211971017
0,0,0.024231189207740114
0,0,0.018827911963599023
0,0,0.028718825018052
0,0,0.03422477718240539
0,0,0.010268290473767596
0,0,0.004307893876238926
0,0,0.0038400291021305002
0,0,0.0070073351734272794
0,0,0.06874849905843368
0,1,0.6018273635631979
0,1,0.805213403503954
0,0,0.3178416304253298
0,0,0.09945619715494944
0,0,0.11218704665969631
0,0,0.12767472460397808
0,0,0.15935284340856293
0,0,0.13399793299713345
0,0,0.07524480226164657
0,0,0.09728239252271781
0,0,0.040779257023403855
0,0,0.01737866300125071
0,0,0.04398289160970626
0,0,0.009761590311964123
1,0,0.1312456174695853
1,0,0.022973362437034097
1,0,0.00021849482782353754
1,0,0.0026604708535725575
1,0,0.16544125158597653
1,0,0.052399026477693594
1,1,0.9074039445666094
1,1,0.8357491250066901
1,0,0.05094634712162207
1,1,0.7674947595551629
1,1,0.9999986152193725
1,1,0.8206225375563407
1,0,0.3602448997016056
1,1,0.808593976994378
1,1,0.9974633053758638
1,1,0.8487200351437821
1,0,0.015280426688167006
1,0,0.26701969637170336
1,1,0.9016785791166245
1,1,0.9924202809454222
1,1,0.8585153864104431
1,1,0.999998797772275
1,1,0.9999999998327458
1,1,0.9999999017638749
1,1,0.9999995290596577
1,1,0.9999999839115641
1,1,0.9999998707424502
1,1,0.9999981245529771
1,1,0.9999379091838161
1,1,0.9998291221960275
1,1,0.9998561973208986
1,1,0.9998316285186563
1,1,0.9999054352689865
1,1,0.9998553712369648
1,1,0.9996286442952297
1,1,0.9998744841416911
1,1,0.9999035288524909
1,1,0.9992150950767063
1,1,0.9995743004923676
1,1,0.9999986491132887
1,1,0.999997456655505
1,1,0.9990040437695533
1,1,0.9993879159730173
1,1,0.9988189676284142
1,1,0.9998259325641233
1,1,0.9999860678503986
1,1,0.9999704781803752
1,1,0.9999794249270427
1,1,0.999911692613516
1,1,0.9992375188646825
1,1,0.999821451791092
1,1,0.9999372103520807
1,1,0.9997620074239004
1,1,0.9999321603032717
1,1,0.9999894450554874
1,1,0.9992198644658993
1,1,0.9999809803292637
1,1,0.9999782435097964
1,1,0.9987699374302517
1,1,0.9928997056307796
1,1,0.9917476645224027
1,1,0.9957627197569148
1,1,0.9996531032430009
1,1,0.9997629745483241
1,1,0.9998393046216987
1,1,0.9999287798498256
1,1,0.9999643739052331
1,1,0.9999628279265149
1,1,0.9948697396779003
1,1,0.9999878583828191
1,1,0.9999999999999967
1,1,0.9999999999999987
1,1,0.9999999999991374
1,1,0.9999999999999891
1,1,0.9999999999999993
1,1,1.0
1,1,1.0
0,0,0.0699683416311509
0,0,0.0721213617422601
0,0,0.07709763245488642
0,0,0.07742903750383576
0,0,0.07544436303970184
0,0,0.07279719280232143
0,0,0.07934767354538276
0,0,0.08900663535179894
0,0,0.09040470369205232
0,0,0.08980892589432728
0,0,0.07665634344575178
0,0,0.11568491609330829
0,0,0.12411291852434432
0,0,0.10667911648304892
0,0,0.11195967279171308
0,0,0.10707453158015585
0,0,0.09401870790576314
0,0,0.10523895609264568
0,0,0.11165779785342222
0,0,0.10681791765951552
0,0,0.09820215569224973
0,0,0.09100916166903715
0,0,0.09455728035534952
0,0,0.09644030366827523
0,0,0.08946368565689848
0,0,0.08606900003767637
0,0,0.0960102347941805
0,0,0.10225728692375027
0,0,0.10601033660188063
0,0,0.10586575703997261
0,0,0.08968986921105979
0,0,0.08362850490589577
0,0,0.08643350434884808
0,0,0.0808587315632256
0,0,0.0804816654732642
0,0,0.08100168354212753
0,0,0.08083846540269123
0,0,0.08198969686990175
0,0,0.08293701368744344
0,0,0.09673657128063315
0,0,0.10055947581378372
0,0,0.09480176850922649
0,0,0.0826312794747096
0,0,0.08278300617596068
0,0,0.08668965884835304
0,0,0.08891705614023793
0,0,0.11458746657825833
0,0,0.10589189314943935
0,0,0.09577812335277176
0,0,0.11017489073014869
0,0,0.10912108460120136
0,0,0.1040839326262186
0,0,0.12072681530754406
0,0,0.12442984483866854
0,0,0.11050544937293134
0,0,0.11302459571919926
0,0,0.13054523754476846
0,0,0.11349672292063065
0,0,0.10555066130619309
0,0,0.11232904157527636
0,0,0.11096401022270869
0,0,0.11893504795473425
0,0,0.11149240118157198
0,0,0.11401591076668541
0,0,0.10519382370722262
0,0,0.10665654364788349
0,0,0.11083569914060909
0,0,0.10921617072465159
0,0,0.26303036461997537
0,0,0.23797082955255588
0,0,0.33316526568766763
0,0,0.2579580028528787
0,0,0.2402024815413441
0,0,0.2885078965039686
0,0,0.2231329078669648
0,0,0.20460897798212863
0,0,0.23879220545222846
0,0,0.22986110714980257
0,0,0.22805196129898125
0,0,0.15165963889741585
0,0,0.14573696887923798
0,0,0.1522254029817262
0,0,0.15214018594828302
0,0,0.16728754426928932
0,0,0.15850102179424888
0,0,0.1527503041960686
0,0,0.14971630952785261
0,0,0.13836307594308114
0,0,0.14815852456880935
0,0,0.14522478886606338
1,0,0.19011327294795832
1,0,0.2070599157556856
1,0,0.21696615846755668
1,0,0.2070349449969255
1,0,0.2570745673460513
1,0,0.3217079067698106
1,0,0.26490973136770496
1,0,0.19076236143427083
1,0,0.20116001015659274
1,0,0.20644520579218367
1,0,0.21080152382971368
0,0,0.21162653193200398
0,0,0.2203775261468185
0,0,0.18834023490074597
0,0,0.19503164677314794
0,0,0.180384232489884
0,0,0.180501775150486
0,0,0.16451026166765528
0,0,0.1666527830456123
0,0,0.19425187754417272
0,0,0.1771817608430414
0,0,0.15360216715158304
0,0,0.13839489238504218
0,0,0.1530147893674699
0,0,0.17033382921618964
0,0,0.17239641364919278
0,0,0.165155424438762
0,0,0.15471562953004406
0,0,0.16367495352413552
0,0,0.15955461348207092
0,0,0.19092490921228394
0,0,0.19076439427504516
0,0,0.17305117544306758
0,0,0.19820113421469057
0,0,0.171256353685799
0,0,0.20782860779300844
0,0,0.23583970837910195
0,0,0.22349523811685276
0,0,0.1797191849211581
0,0,0.1775210290175843
0,0,0.15085425592606638
0,0,0.1392843592539204
0,0,0.13730942467295376
0,0,0.16175808433549357
0,0,0.16288540155737705
0,0,0.1585799436635154
0,0,0.13897540074952286
0,0,0.13938341448259542
0,0,0.13956905664181266
0,0,0.14296463177456384
0,0,0.13666114708707244
0,0,0.12353840994369679
0,0,0.1140830087627004
0,0,0.11231004579907997
0,0,0.11596754321076697
0,0,0.11833329057291356
0,0,0.11684930401597343
0,0,0.11878838922115018
0,0,0.12137926079609083
0,0,0.12211077022892715
0,0,0.12971028985501612
0,0,0.13154664420468104
0,0,0.0779058069545306
0,0,0.08108368584191386
0,0,0.08379431689295838
0,0,0.08295224366352513
0,0,0.08202836029466554
0,0,0.08723966285499637
0,0,0.0915972528430517
0,0,0.09266633819169826
0,0,0.09091075966546404
0,0,0.08591866485489717
0,0,0.07982795580532114
0,0,0.08518373156445011
0,0,0.09125597543960554
0,0,0.09052945303725926
0,0,0.09498049013690288
0,0,0.09861346131617331
0,0,0.10147135986262457
0,0,0.0964199851819296
0,0,0.09391090147334202
0,0,0.09451066967224296
0,0,0.0859912068072658
0,0,0.08606907051337058
0,0,0.09861477448073276
0,0,0.09135524849030176
0,0,0.08548929796315739
0,0,0.08773001482398808
0,0,0.08533264998512467
0,0,0.08593688873010642
0,0,0.091462146824184
0,0,0.0907749021719015
0,0,0.09943487130942871
0,0,0.09823075531726615
0,0,0.09285081718675427
0,0,0.09724572365773959
0,0,0.09594320284721859
0,0,0.09124735684396015
0,0,0.09427645931120161
0,0,0.10094620633891298
0,0,0.1047419553477568
0,0,0.09899449662556944
0,0,0.09781669523405329
0,0,0.0966124627781811
0,0,0.09292521346320427
0,0,0.10037472980212031
0,0,0.11785902550588968
0,0,0.09973288221348278
0,0,0.09205535184905934
0,0,0.09125149707636444
0,0,0.08952198632468418
0,0,0.09455010642823855
0,0,0.0926997168068368
0,0,0.08981869696136599
0,0,0.09286937976243072
0,0,0.0996495926065308
0,0,0.08542896270089954
0,0,0.3424545597954601
0,1,0.8702914935601078
0,1,0.8645670959377753
0,1,0.791031810674435
0,0,0.4314496968004908
0,0,0.10825586269533267
0,0,0.02077497701170524
0,0,0.03857865037550334
0,0,0.16244747470838436
0,0,0.15661330557693767
0,0,0.05698101451112796
0,0,0.46269616064973473
0,1,0.6894551154008289
0,1,0.5250027799439776
0,1,0.5368059200488106
0,0,0.4818166898393615
0,1,0.5459215600984957
0,0,0.3952668300247918
0,0,0.38892127637246315
0,1,0.6358934164710089
0,1,0.6701082734230863
0,0,0.45450088186231896
0,0,0.41911620896050794
0,0,0.47317923236582043
0,0,0.4577343949377078
0,0,0.18396921733110147
0,0,0.13771481447728254
0,0,0.4123910063932393
0,1,0.7258670702832832
0,1,0.5450213677334396
0,0,0.2676907758878539
0,0,0.31583188977905147
0,0,0.3603317030624964
0,0,0.4290281694261921
0,0,0.47415281397083114
0,1,0.504784314265912
0,0,0.4139596019696993
0,0,0.2672043338690642
0,0,0.03343245570746139
0,0,0.0037868115279372067
0,0,0.005226583660148267
0,0,0.008358389437090755
0,0,0.017999259923590527
0,0,0.021187113947737694
0,0,0.009417578641583204
0,0,0.0036003485411189654
1,0,0.030827078934769506
1,0,0.06875172906757517
1,0,0.015784636000732707
1,0,0.0030359886215864935
1,0,0.01660894102450268
1,0,0.09491528871234477
1,0,0.2946835990495684
1,0,0.11433743583014734
1,0,0.006547709386427428
1,0,0.002077458877472401
1,0,0.0002722545134080684
1,1,0.7568654364900087
1,1,0.9878290305424181
1,1,0.5966203605937966
1,0,0.4062001773646558
1,0,0.21460139208964726
1,0,0.00038646032685482357
1,0,0.0005197871040659806
1,0,0.022780004403011117
1,0,0.00037720404103746077
1,0,0.0001546717824900757
1,0,0.1276474942801147
1,1,0.9913189509425632
1,1,0.9992574807078276
1,1,0.9992366725559051
1,1,0.9597422849503303
1,1,0.7977509403289661
1,1,0.8406747346020879
1,1,0.9711154825254893
1,1,0.9833569696028173
1,1,0.9301658624532954
1,1,0.9900682952696102
1,1,0.9741890999470272
1,1,0.9998121094116568
1,1,0.9964266015834201
1,1,0.8853300550044962
1,1,0.8996037725541546
1,1,0.9666234208850375
1,1,0.8284986277608422
1,0,0.2943956684725226
1,1,0.9521695174765131
1,1,0.9165337800950694
1,0,0.4105800800665937
1,1,0.9951761457534601
1,1,0.9999997947530067
1,1,0.9999674148965756
1,1,0.9999599950538234
1,1,0.9999965995854135
1,1,0.9999996721951203
1,1,0.9999997031548209
1,1,0.9999999524121213
1,1,0.9999999988790498
1,1,0.9999996093461262
1,1,0.999951967798098
1,1,0.9999544753155285
0,0,0.05306779742637361
0,0,0.03883971565353701
0,0,0.018393393466127436
0,0,0.016603311379498616
0,0,0.043974073950666805
0,0,0.2094576370652074
0,0,0.2798305065776934
0,0,0.10365330131346996
0,0,0.10254437428477735
0,0,0.2754625890692362
0,0,0.2546949665550239
0,0,0.21891696941775865
0,0,0.07184821337591736
0,0,0.03953412073486071
0,0,0.07265476220777686
0,0,0.042628581541741595
0,0,0.014431913113410253
0,0,0.0353160181874536
0,0,0.18873269969708614
0,0,0.1546001049969805
0,0,0.1000901496667743
0,0,0.04419384085469647
0,0,0.02148845188913799
0,0,0.05142176059250057
0,0,0.07261096276791673
0,0,0.062120722814716846
0,0,0.025490125945915112
0,0,0.00930077001861933
0,0,0.005931684325743129
1,1,0.9999999997312745
1,1,0.9999999990101665
1,1,0.9999999999999467
1,1,0.9999999999999767
1,1,0.999999998164147
1,1,0.9999015419225127
1,1,0.9501582037364893
1,1,0.9864322313360657
1,1,0.591458404082585
1,1,0.5904735234896356
1,1,0.9941339132226045
1,0,0.011153777867097908
1,0,0.0266288355244142
1,1,0.8348149974480896
1,1,0.64304883919905
1,1,0.9336630116595386
1,1,0.9472804366817851
1,1,0.5471931709356104
1,1,0.5558910852988197
1,0,0.44666506514181864
1,1,0.9841692763600404
1,1,0.9987708721173973
1,1,0.9625026383332144
1,1,0.9152999504915666
1,1,0.8993568416880827
1,1,0.957736814164999
1,1,0.9827571652051074
1,1,0.9728265923485636
1,1,0.7876351520296495
1,1,0.8377639154614445
1,1,0.7874394305155926
1,1,0.7827053856338969
1,1,0.8081415215713036
1,0,0.35395213923989005
1,0,0.03837780937550096
1,0,0.004669260438225863
1,0,0.0018351938146578723
1,0,0.0046909753916511455
1,0,0.384849792231073
1,1,0.9947285110643981
1,1,0.9912735881131917
1,1,0.9600676190319857
1,1,0.9497856007728843
1,1,0.8814337946012785
1,1,0.8525320953027403
1,1,0.8461893283616787
1,1,0.8515299038819282
1,1,0.6791788216058268
1,0,0.15461014478404686
1,0,0.08226914153802943
1,0,0.008416588194118991
1,0,0.02679481633203222
1,0,0.2399375769207701
1,0,0.05929873566894525
1,0,0.0037354613377467392
0,0,0.009618499531161805
0,0,0.016698021670300822
0,0,0.016318590481534313
0,0,0.011647924998644414
0,0,0.025436338760562952
0,0,0.022645951148369994
0,0,0.007066468696538922
0,0,0.008905819343817706
0,0,0.015318845603272553
0,0,0.033942658297525796
0,0,0.07991631887081381
0,0,0.061701112061388834
0,0,0.0321280581458106
0,0,0.005055384352231899
0,0,0.0013132691299429695
0,0,0.004655284523484584
0,0,0.006256496458622885
0,0,0.0030179171039306325
0,0,0.005061953811887546
0,0,0.0015044686644471762
0,0,9.41121763300965e-05
0,0,2.2911958196278536e-05
0,1,0.5405250306617693
0,1,0.5449449527447756
0,1,0.6045349976104694
0,1,0.5854835268370816
0,1,0.5649244894975834
0,1,0.5896229094458493
0,1,0.6057747645892001
0,1,0.5953996777516671
0,1,0.6381775340470784
0,1,0.6208244478395564
0,1,0.5660958211686334
0,1,0.5853397451046994
0,1,0.5580946966144128
0,1,0.5387813089670868
0,1,0.5622152372401604
0,1,0.5076815392652191
0,0,0.47277994279355895
0,0,0.4902254762782022
0,1,0.5104043554203924
0,0,0.4650456635278502
0,0,0.4342523189270827
0,0,0.4168971871624445
0,0,0.37446193634194197
0,0,0.3761236368502933
0,0,0.3968696296144762
0,0,0.3960620655899168
0,0,0.37693634359190464
0,0,0.3581565442512919
0,0,0.36847658064195854
0,0,0.34650177199321675
0,0,0.3709518135976844
0,0,0.3699955108694105
0,0,0.3377725362864116
0,0,0.36433951212476423
0,0,0.39707072742259353
0,0,0.34485095708967234
0,0,0.31376546346792794
0,0,0.311032818053393
0,0,0.3151532989369817
0,0,0.333150210974866
0,0,0.3220094540890313
0,0,0.3708097591557884
0,0,0.39288133748352444
0,0,0.3340306637088774
0,0,0.3049620940950962
0,0,0.32680212014118476
0,1,0.545548030578411
0,0,2.319029099348881e-08
0,0,1.3692726194251226e-08
0,0,0.001031204266917883
0,0,3.7343187452527965e-05
0,0,0.00021714031927237178
0,0,9.5637357064321e-05
0,0,3.022634099815124e-06
0,0,7.6244598050113835e-06
0,0,9.584351098478665e-06
0,0,0.0002308839500888527
1,0,0.22295203609611425
1,1,0.9999475497170377
1,1,0.9999992103315621
1,1,0.999955810595284
1,1,0.9999816763159289
1,1,0.9999766545133568
1,1,0.9999441817131972
1,1,0.9999949142640312
1,1,0.9999998788285231
1,1,0.9999988390043401
1,1,0.9999509366800481
1,1,0.9925119248200618
1,1,0.9786721093975109
1,1,0.9751052546617501
1,1,0.9906824469254896
1,1,0.8384771984097376
1,0,0.4780104920809134
1,1,0.9791320442113085
1,1,0.9686406451456157
1,1,0.7899516859516205
1,1,0.6527150261064555
1,0,0.13010069378927516
1,1,0.7653290039703675
1,1,0.9388201009367658
1,1,0.9828918135439428
1,1,0.9881852702057458
1,1,0.8872428477424497
1,0,0.34146468088571047
1,1,0.9774664784074578
1,1,0.9884262194011991
1,1,0.9786647073547803
1,1,0.9921877573322913
1,1,0.9731490720219785
0,0,0.32856837129095035
0,1,0.5283142265976112
0,1,0.9049412654443914
0,1,0.9824593106463061
0,1,0.7479108406931202
0,1,0.7421407404165741
0,1,0.9939344569555869
0,1,0.9529156524319898
0,1,0.6016950318058002
0,1,0.7726473597993775
0,0,0.20517773366108147
0,0,0.10027995741795347
0,0,0.1482762706303618
0,0,0.004699935487842154
0,0,0.0004090600388720205
0,0,0.012858282323952919
0,0,0.08614325361238205
0,0,0.05703565801718865
0,0,0.06623398437540168
0,0,0.013221925901119537
0,0,0.010704889752929223
0,0,0.0048930225792154745
0,0,0.0030386648811977835
0,0,0.00036323827496559407
0,0,0.000606107640208993
0,0,0.023927535435419804
0,0,0.029563109647415344
0,0,0.04964398939497554
0,0,0.07686074803933514
0,0,0.1184331259445799
0,0,0.05918173154507902
0,0,0.037227467819195885
0,0,0.04609746130330974
0,0,0.03739932623039314
0,0,0.03870827950846411
0,0,0.06306759254683679
0,0,0.048866552376759666
0,0,0.0369511243752702
0,0,0.06618305314528597
0,0,0.07930823441691408
1,0,0.014168913859766066
1,0,0.0063432751038305585
1,1,0.9960438333363271
1,0,0.44967058202499827
1,1,0.5966268615696991
1,1,0.9196520505809885
1,1,0.7733506734172247
1,1,0.6091114920719958
1,1,0.7485431974053283
1,1,0.9745545390192076
1,1,0.9969463530925821
1,1,0.9999999798141028
1,1,0.9999997540862752
1,1,0.9999899058882297
1,1,0.9999917967391344
1,1,0.9999960224599846
1,1,0.9999976299463788
1,1,0.9999998062842794
1,1,0.999999964380102
1,1,0.9999988747863262
1,1,0.9999856708641468
1,1,0.999998077906329
0,0,0.49621321863901063
0,0,0.4501408040459424
0,0,0.4436522172748589
0,0,0.44724181921477585
0,1,0.5985128578409833
0,1,0.6392915696361888
0,1,0.5401155843651235
0,0,0.4905063300980807
0,1,0.5126638211491935
0,0,0.4261607334150574
0,0,0.40426617727902636
0,0,0.4071867220544612
0,0,0.4239630542606584
0,0,0.43989920615496253
0,0,0.4138735870768031
0,0,0.3901853638537314
0,0,0.39946359905726964
0,0,0.4425412593745972
0,0,0.40621541290342406
0,0,0.35714276000064027
0,0,0.38009964786136125
0,0,0.3979805210866505
0,0,0.3916417253667913
0,0,0.38878636052180054
0,0,0.4025721287222914
0,1,0.521768983947491
0,0,0.46539074056930363
0,0,0.39000253748384267
0,0,0.4131479958474806
0,0,0.41472240923623543
0,0,0.4963930026547182
0,1,0.5176125076053758
0,0,0.4994663014634321
1,1,0.9939832288092147
1,1,0.9911926277239748
1,1,0.963466228160902
1,1,0.5754713444326697
1,0,0.09273409494960472
1,0,0.4055733142103267
1,1,0.6103187718272609
1,0,0.4613448586161857
1,1,0.5461265015618596
1,1,0.7184577997526319
1,1,0.8645344705219483
1,1,0.594830774732984
1,0,0.23541699884261508
1,0,0.3533990039351742
1,0,0.07885792428405285
1,0,0.004692754567511086
1,0,0.006850489066335814
1,0,0.004519674221772062
1,0,0.007392832878250248
1,1,0.5482011259644356
1,1,0.9575013940986449
1,1,0.8783836649140164
0,0,0.0609198139543134
0,0,0.0375387349161271
0,0,0.014860324002400359
0,0,0.005661451989706827
0,0,0.0021315707210020104
0,0,0.022335012215089732
0,0,0.29397356111936085
0,0,0.47344445917791966
0,0,0.14004350141957142
0,0,0.03579471856553172
0,0,0.06717717537185822
0,0,0.19173912205515198
0,0,0.14441147139070493
0,1,0.6183173574680093
0,1,0.7896866639668008
0,1,0.5970813314452978
0,0,0.33090451423782613
0,0,0.29584781823265827
0,0,0.13231945288331282
0,0,0.03264919594757757
0,0,0.03781848994885572
0,0,0.12871838437131372
0,0,0.2228466638309417
0,0,0.11565118263655981
0,0,0.21240889660993345
0,0,0.4746672535197531
0,0,0.1418134992838926
0,0,0.11107673120650521
0,0,0.04239880957494756
0,0,0.03746874120173935
0,0,0.1265690521135188
0,0,0.14437765101398184
0,0,0.14536786305663355
0,0,0.028779995772859834
0,0,0.019582308126639154
0,0,0.02847215718301909
0,0,0.039103468643645896
0,0,0.07326996048049313
0,0,0.10596213332521494
0,0,0.054726912948426513
0,0,0.06826873073742766
0,0,0.12076447787348649
0,0,0.2338265641386479
0,1,0.6613856411338789
0,1,0.8740671163753719
0,1,0.8446294838251244
0,1,0.9846975816715088
0,1,1.0
0,1,1.0
0,1,0.8420268090702187
0,1,0.925799695657025
0,0,0.34680247026035116
0,0,0.43056280173607214
0,1,0.807856580008632
0,1,0.6957904349709919
0,1,0.9431383815747455
0,1,0.9908421023872522
1,1,0.9995297174922702
1,1,0.9985543161013959
1,1,0.9990556791572137
1,1,0.9978013961614971
1,1,0.9995199399468098
1,1,0.9997156602293387
1,1,0.9991903477397474
1,1,0.9997955439199043
1,1,0.98935383672881
1,1,0.886271041015399
1,1,0.9980019953536131
1,1,0.9999999912246519
1,1,0.9999999908974083
1,1,0.9999999678403552
1,1,0.9999999965688413
1,1,1.0
1,1,1.0
1,1,1.0
1,1,1.0
1,1,0.9999999999958848
1,1,0.9999995959749814
1,1,0.9999969983739342
0,1,0.9584478765611835
0,1,0.9422198457331872
0,1,0.9569800638540382
0,1,0.9999715131244308
0,1,0.9998662558636091
0,1,0.9999810415567925
0,1,0.9999933761007703
0,1,0.9999141303611567
0,1,0.9999817142921126
0,1,0.9997795768768062
0,1,0.9671818646686939
1,0,0.3629210713908393
1,1,0.9505016751795377
1,1,0.9983070153636435
1,1,0.995451048762191
1,1,0.9907600238039919
1,1,0.9987734416892696
1,1,0.9999386575937228
1,1,0.9999917053002382
1,1,0.9992639390387905
1,1,0.9982967331093734
1,1,0.9439451714492932
1,1,0.7132393509408846
1,1,0.6722119030558127
1,0,0.4114610986243559
1,1,0.5005315340622009
1,1,0.6419562485180567
1,1,0.6909144317625717
1,1,0.8908563204152392
1,1,0.5089999459003167
1,0,0.022641857321740247
1,0,0.02261278139770506
1,0,0.02384928232781879
1,0,0.009079208447225309
1,0,0.022362956370823715
1,0,0.06065477719068452
1,0,0.033018010206315396
1,0,0.011216628387351124
1,0,0.012688673473843764
1,0,0.0367556656320427
1,0,0.11505819228288837
1,0,0.06545187417585943
1,0,0.009439222704161362
1,0,0.032942042776878996
1,0,0.28748469113117714
1,0,0.1357244739135047
1,0,0.023303623445386928
1,0,0.020960184305584908
1,0,0.019338178304985194
1,0,0.03008124015112315
1,0,0.05729949654663809
0,1,0.6798059731852161
0,0,0.26115048931624996
0,0,0.3946954242864988
0,1,0.8203673828489311
0,1,0.7372144122537172
0,1,0.9531272814304973
0,1,0.9922819707439182
0,1,0.9348031461201645
0,1,0.8193521848888216
0,0,0.29541888031164887
0,0,0.12212500086117627
1,1,0.8932140079298838
1,0,0.47126251109338524
1,0,0.12975579665415027
1,0,0.420579749106704
1,1,0.7923181612291781
1,1,0.9524161317410824
1,1,0.9964444298224523
1,1,0.9979972946094059
1,1,0.9883633850727993
1,1,0.9523235855965868
1,1,0.8756858871335156
0,0,0.29462726623169133
0,0,0.17469960293241857
0,0,0.3017474209205218
0,1,0.7612962415865084
0,0,0.06598576400107145
0,0,0.004056820032734545
0,0,0.0048252180258927515
0,0,0.017811139896483405
0,0,0.47090511182610045
0,0,0.4032805962025129
0,0,0.15743952483902096
0,0,0.288936804536368
0,0,0.07123089400265115
0,0,0.023728840934892508
0,0,0.02724561086039568
0,0,0.019223551355922505
0,0,0.050928160390994306
0,0,0.3315249394002921
0,0,0.4342909953454777
0,0,0.08061016843658374
0,0,0.06384877756769708
0,0,0.13807985191587463
0,0,0.3120338588862581
0,0,0.37952539064581076
0,0,0.3573277784510321
0,1,0.5777386188400896
0,0,0.09303104446377172
0,0,0.04024630258406599
0,1,0.9942748037904001
0,1,0.9999466160238352
0,1,0.9400946165376151
0,0,0.13542983912745646
0,0,0.09178234940315849
0,0,0.011856101279101042
0,0,0.0041658529465917185
0,0,0.00840670073872172
0,0,0.018469356990671922
0,0,0.017220162239120044
0,0,0.01626960442099256
0,0,0.012220577846696957
0,0,0.0026836546903518175
0,0,0.0031782260741570314
0,0,0.0033791346066482783
0,0,0.0007560486008395983
0,0,0.00031609605527820885
0,0,0.0004778091864069823
0,0,0.0018304902306935501
0,0,0.004111138229368405
0,0,0.0152403455353871
0,0,0.006143939114850292
0,0,0.003324447694951855
0,0,0.001790894916111558
0,0,0.0009619340021227927
0,0,0.0021276128468228667
0,0,0.0012483139671412575
0,0,3.0483270560427063e-08
0,0,4.6879571043928435e-09
0,0,2.861596648453495e-09
0,0,3.81696358899647e-08
0,0,1.1357014304338703e-08
0,0,1.670128249892974e-08
0,0,5.383835373666005e-08
0,0,1.6700075873293972e-07
0,0,1.4348706652950477e-07
0,0,6.734558590736099e-08
0,0,6.61678045146588e-08
0,1,0.7255469948623656
0,0,0.2773213505436076
0,1,0.6315356086062442
0,1,0.7920477141706661
0,0,0.4926685216869312
0,0,0.4230646562061089
0,1,0.7093417608963535
0,1,0.5358017090137034
0,0,0.3662387620753464
0,0,0.3607433623370763
0,1,0.5936907969305868
0,1,0.7465366432817417
0,1,0.7663522404914122
0,1,0.6002021414587718
0,1,0.5895986727228474
0,1,0.7161809133678627
0,1,0.593195778215565
0,0,0.25358438093002766
0,0,0.0822454400517381
0,0,0.10454788744634766
0,0,0.13345617721800584
0,0,0.21921548053946058
0,1,0.6081015007133364
0,0,0.3239781577759593
0,0,0.17951647620532835
0,1,0.785512528485356
0,1,0.566245395726877
0,0,0.390351744628147
0,0,0.4677212825895359
0,0,0.2921078250734776
0,0,0.3532550139874374
0,0,0.2846798129332999
0,0,0.28409892788004193
0,0,0.2055275563404054
0,0,0.30975668163963377
0,0,2.3755946090695538e-05
0,0,7.023554877973676e-06
0,0,7.921829021003283e-06
0,0,1.13018043223931e-07
0,0,7.166508449450547e-08
0,0,1.818916495212727e-08
0,0,7.730579769770873e-09
0,0,1.842562119604072e-08
0,0,1.0653129428234925e-08
0,0,1.4442329921771668e-06
0,0,2.886723781192668e-07
0,1,0.817598168990585
0,0,0.140752439378371
0,0,0.008475274489390417
0,1,0.9140637664635055
0,0,0.2610435177287318
0,0,0.00024371051123053207
0,0,0.0001784147714641713
0,0,9.851594275097208e-05
0,0,0.0012158044146364142
0,0,0.0005848876405322809
0,0,4.728981601652035e-05
1,0,3.747332408307407e-109
1,0,1.936040654670172e-49
1,0,2.6140564733886008e-48
1,0,2.0049731727350275e-67
1,0,2.642661163903114e-82
1,0,1.6374289153051545e-86
1,0,2.6092884280371733e-73
1,0,4.101909622831308e-32
1,1,0.9999999913153653
1,1,0.9999998977845364
1,1,0.9999997558182824
0,1,0.9928337901841361
0,1,0.9882204681223725
0,1,0.9802551185544368
0,1,0.9878108071704467
0,1,0.9551628103406545
0,1,0.9556938077250049
0,1,0.9795644208418481
0,1,0.9653930500186986
0,1,0.9959644237745181
0,1,0.9782793646802811
0,1,0.9957992400332182
1,0,0.01746672325258452
1,0,0.262404165577719
1,0,0.35478129645850015
1,1,0.621776335668633
1,0,0.15362445421272541
1,0,0.0003217824100343271
1,0,0.00016858333122680912
1,0,2.6640688531380713e-05
1,0,3.012777900956366e-05
1,0,0.00010872925660862805
1,0,4.507771272344601e-06
0,0,0.0005319417916685845
0,0,0.002262890307676404
0,0,0.005527787268438609
0,0,0.010531475220674694
0,0,0.0022151900890236636
0,0,0.0014820802368790884
0,0,0.005490068404509078
0,0,0.0032596882934526027
0,0,0.005193625270811678
0,0,0.011125824532517386
0,0,0.007346150151779081
0,0,0.009635875723675582
0,0,0.010231247854826774
0,0,0.007410011935235366
0,0,0.005168215220136113
0,0,0.013810861129030858
0,0,0.05399189723390447
0,0,0.04017955413295083
0,0,0.03326028623999803
0,0,0.06349969635707571
0,0,0.16350726284311695
0,0,0.13109369105623137
0,0,0.08890643365773998
0,0,0.08171366244268484
0,0,0.029665568622169687
0,0,0.11090635906800814
0,0,0.380838080534763
0,0,0.1842656916879943
0,0,0.2702945683884615
0,0,5.6117555725549345e-08
0,0,8.043891993545235e-11
0,0,2.9236296717841166e-11
0,0,4.925802780764429e-08
0,0,1.1440000941096137e-08
0,0,2.4352379491459175e-12
0,0,3.175314714460525e-11
0,0,1.4297521590891702e-07
0,0,6.065339482504483e-08
0,0,2.9510585854490694e-10
0,0,6.540558559633117e-09
1,0,2.8149914309899822e-06
1,0,9.395625038231303e-06
1,0,6.325921828054101e-05
1,0,2.1709635811286485e-05
1,0,1.986556637933127e-05
1,0,1.878588699916806e-05
1,0,7.550828223663684e-06
1,0,2.0982592950267266e-06
1,0,2.4497616035793095e-06
1,0,3.782896860834313e-07
1,0,2.3846096353229196e-05
0,0,0.003952306139448649
0,0,0.0015613471035719742
0,0,0.0015217470430310238
0,0,0.00222258157509253
0,0,0.0063759874531714505
0,0,0.013503639968891994
0,0,0.014192857179062114
0,0,0.03875665668040921
0,0,0.050377093498662956
0,0,0.020671339752694667
0,0,0.021472151727472303
0,0,0.012720946643325124
0,0,0.0029161603976439678
0,0,0.0016307759174631576
0,0,0.0016818400830753341
0,0,0.0024291863479899297
0,0,0.002886100478979884
0,0,0.0032244603777181594
0,0,0.003437521225608955
0,0,0.0011369189487304178
0,0,0.0007595582500389906
0,0,0.0005997523958216551
0,0,0.00040624662369439585
0,0,0.00010941620052388154
0,0,5.967364033547943e-05
0,0,0.0010439322895314598
0,0,0.005106686871117886
0,0,0.0007183606466401826
0,0,0.00016674674129653154
0,0,8.894030160523377e-05
0,0,4.668427266891249e-05
0,0,3.026705632772131e-05
0,0,3.3624137191940215e-06
0,0,0.00051044091866254
0,0,9.154424847910905e-13
0,0,3.2725137453236814e-20
0,0,1.6962001502188798e-31
0,0,6.683431205315158e-28
0,0,7.146811424389783e-11
0,0,2.2544744741007163e-07
0,0,1.5268331985757466e-06
0,0,2.1465630327234174e-06
0,0,8.27706800987975e-07
0,0,4.977098083953089e-07
0,0,1.1692220111463142e-06
0,0,1.1805026583133936e-06
0,0,1.6916974735151238e-06
0,0,3.3231405304040634e-06
0,0,1.9550024875212037e-08
0,0,1.8975361242703353e-09
0,0,1.1688801139071682e-07
0,0,7.144066149339146e-08
0,0,1.9386305054825343e-08
0,0,2.287788909032554e-08
0,0,2.3106383800765663e-08
0,0,0.09872333513979721
0,0,0.11375010552565384
0,0,0.11020480562308611
0,0,0.09892857363244763
0,0,0.09583948743841657
0,0,0.09016736354599134
0,0,0.08889543296754106
0,0,0.08976523344927344
0,0,0.08967999606940272
0,0,0.09232238780060965
0,0,0.09033311371624822
0,0,0.36663655860497074
0,0,0.280058864723262
0,0,0.2457757944789554
0,0,0.2030037523263367
0,0,0.17520027859638038
0,0,0.16474416288561866
0,0,0.16974137776951587
0,0,0.20372479500462867
0,0,0.20636744826101927
0,0,0.17050978398231426
0,0,0.1583896787451592
0,0,0.14507896751226598
0,0,0.14583676827437717
0,0,0.14142574301936442
0,0,0.13418333075881572
0,0,0.1259111007017127
0,0,0.12032434048143112
0,0,0.11690909666332301
0,0,0.11336305139422781
0,0,0.10820112239146762
0,0,0.10715924323651863
0,0,0.12269994057776618
0,0,0.11662597058505314
0,0,0.10738675226333241
0,0,0.10410733410627984
0,0,0.10017082170148221
0,0,0.09030026768982773
0,0,0.08641392268322294
0,0,0.08191425753338884
0,0,0.0784984855698436
0,0,0.07077868410906295
0,0,0.06762463891939971
0,0,0.06849821390577003
0,0,0.06622231636133144
0,0,0.06538664618518257
1,0,0.07274998401972867
1,0,0.09771639367199342
1,0,0.1451837291886424
1,0,0.15625037054405477
1,0,0.1488502464532904
1,0,0.16035869408667253
1,0,0.19860203216243702
1,0,0.1966529521139494
1,0,0.19537893305771042
1,0,0.22829006701058585
1,0,0.23714876479343308
1,0,0.35916577028328994
1,0,0.32162208272595066
1,0,0.29181417580895447
1,0,0.27281966056929813
1,0,0.23390395979319412
1,0,0.2131309732257859
1,0,0.20023016583538147
1,0,0.20707587967047836
1,0,0.2036744819777419
1,0,0.19608074038770987
1,0,0.17443669514009766
1,0,0.07619866416224555
1,0,0.06956004201814159
1,0,0.07233617282792071
1,0,0.07964968266179168
1,0,0.08382398804378582
1,0,0.0746118038508589
1,0,0.06799353741775534
1,0,0.07144252498120211
1,0,0.07111002779805488
1,0,0.06659867895289914
1,0,0.06496339746272205
1,0,0.08042096436046962
1,0,0.080185474396259
1,0,0.08131879796180426
1,0,0.0974041645701493
1,0,0.09429094859089035
1,0,0.08881703595426028
1,0,0.08509227536010057
1,0,0.08273465161000335
1,0,0.08373467988898746
1,0,0.08150029826981553
1,0,0.07780400184865753
1,0,0.052467353020783494
1,0,0.058137286897166435
1,0,0.054704213902845585
1,0,0.05499413202676629
1,0,0.05547588709642881
1,0,0.052711497072877665
1,0,0.05204221863617136
1,0,0.05345371311730975
1,0,0.06012694511646264
1,0,0.06168606959503273
1,0,0.06288573244162864
0,0,0.13308848730421222
0,0,0.1283169392006815
0,0,0.11867186875754426
0,0,0.13417385756361294
0,0,0.13150645171249775
0,0,0.12127157637665265
0,0,0.11679640851975294
0,0,0.11209626331697987
0,0,0.11098138246600632
0,0,0.11106108430693892
0,0,0.10760591141291667
1,0,0.19285766364423193
1,0,0.20719716448822542
1,0,0.19728597857482286
1,0,0.16615940151816694
1,0,0.15231078489696015
1,0,0.14351122280936035
1,0,0.14080161834065374
1,0,0.14511284186595144
1,0,0.15236317190038257
1,0,0.17986989817535162
1,0,0.18416596014929448
0,0,0.13661848390123157
0,0,0.1144165583512318
0,0,0.11085637027850787
0,0,0.10823276867848047
0,0,0.10700727828476529
0,0,0.10529586247074091
0,0,0.1020805607798023
0,0,0.09883257064597985
0,0,0.09696933413604582
0,0,0.09381068688529413
0,0,0.08924291913592054
0,0,0.08495045733354176
0,0,0.08246300106787295
0,0,0.07768463145715562
0,0,0.07490126285638056
0,0,0.07526938956203566
0,0,0.07192134296254776
0,0,0.06885181529814013
0,0,0.06479298350263686
0,0,0.061169534857102276
0,0,0.06037468765864921
0,0,0.05746284122691599
0,0,0.055835584550083105
0,0,0.052821433089998
0,0,0.051531939969164754
0,0,0.05067799980907359
0,0,0.04862857887800504
0,0,0.04909528094236764
0,0,0.048158057381986585
0,0,0.047430282206382575
0,0,0.047299674806383515
0,0,0.044503384400511665
0,0,0.04347073822916686
1,0,0.043944787463591185
1,0,0.04300882947070093
1,0,0.04128440609332129
1,0,0.041309516261892304
1,0,0.041180403821767825
1,0,0.040059451716539414
1,0,0.03953944504756141
1,0,0.03956468228456626
1,0,0.039274530551583274
1,0,0.03880061620339865
1,0,0.03646828157326288
1,0,0.03597635948404822
1,0,0.036643815027813796
1,0,0.0355529144519866
1,0,0.034447680317241505
1,0,0.033636043857976514
1,0,0.03369116842986211
1,0,0.03248273109801881
1,0,0.03237274781531633
1,0,0.03290839150599916
1,0,0.03182325887007319
1,0,0.030653394902801005
0,0,0.134461793792905
0,1,0.9999986775254331
0,1,0.9999964243642158
0,0,0.01884379741057008
0,0,0.01310365293478063
0,0,0.04537603042851636
0,0,0.043815418835460265
0,0,0.03436814429084078
0,0,0.0499298874845298
0,0,0.07567678143038767
0,0,0.09295319728161845
0,0,0.2597056335281355
0,0,0.15007016085679128
0,0,0.17563403720213794
0,0,0.08303635171590572
0,0,0.05895194790924115
0,0,0.0920966859376815
0,0,0.09379960017594571
0,0,0.070595878670148
0,0,0.09548238118218226
0,0,0.08623642394846005
0,0,0.04602478464233186
0,0,0.13469998412516615
0,0,0.4471597167060262
0,1,0.6093627849045745
0,1,0.6787424540599805
0,1,0.7658679932112736
0,1,0.7560068200371727
0,1,0.6792544915666109
0,1,0.6830505004035862
0,1,0.6548595472637472
0,1,0.5152532444638692
0,0,0.3974962238613927
0,0,0.4825681201666061
0,0,0.3133678894198099
0,0,0.06318337788037239
0,0,0.061133493490358536
0,0,0.11428880488998387
0,0,0.07425399215898557
0,0,0.04881764946315837
0,0,0.052102456573821045
0,0,0.04468302348637837
0,0,0.054974231238744474
0,0,0.08835159398732832
0,0,0.10793169237592942
0,0,0.12554317550888028
1,1,0.9275795097223918
1,1,0.9910443420222899
1,1,0.9519440840680173
1,0,0.429428617012452
1,1,0.5916316789000096
1,0,0.46592417150440163
1,1,0.66639333362268
1,1,0.9937931561873133
1,1,0.6205043862048171
1,0,0.04904202013104082
1,1,0.9999999994949968
1,0,0.0002858437611066616
1,0,2.2882623262819852e-05
1,0,0.2518872392409096
1,1,0.89489816809599
1,0,0.37094613323842457
1,0,0.099411911504253
1,0,0.37961440578265504
1,0,0.38808920377301276
1,0,0.32032276103170804
1,1,0.9817293989268697
1,1,0.9955375675176265
1,0,0.09310636189496652
1,0,0.12046859775735629
1,0,0.09301024245722059
1,0,0.18455389156971486
1,0,0.00841525288362073
1,0,3.4804211543009944e-05
1,0,0.0022838610136691946
1,0,0.0020480440690933024
1,0,0.01001302000414883
1,0,0.0008754968796080662
1,0,0.0018544959368095046
1,1,0.9834591535121439
1,1,0.9979284656751939
1,1,0.9531522146239947
1,1,0.8612504025574597
1,1,0.8880826518424723
1,0,0.31748364554529573
1,1,0.5937935261835398
1,1,0.8245554246805709
1,0,0.10093235282328365
1,0,0.05081425895949167
1,0,0.34381768583250183
1,1,0.7423142446189329
1,0,0.0008972674450020301
1,0,5.287314139090998e-05
1,0,9.422548187910962e-06
1,0,2.0946882327934362e-06
1,0,1.4897610204842923e-05
1,0,2.1665065087330267e-05
1,0,0.00010969584655983661
1,0,1.284424414277136e-05
1,0,3.387609282101285e-07
1,0,1.1391552255881457e-08
0,0,0.08606184847327378
0,0,0.014616520308406537
0,0,0.005323148544080445
0,0,0.06458311803449503
0,0,0.1757190925797768
0,0,0.04067570622071125
0,0,0.012608538797423416
0,0,0.0034038891667467126
0,0,0.003971838106514499
0,0,0.011599514840908504
0,0,0.023152529293605808
0,0,0.08777337381164667
0,0,0.13720049986203953
0,0,0.13905480846214444
0,0,0.09734327909455794
0,0,0.06344877015665391
0,0,0.15171685327742945
0,0,0.38655359344266554
0,0,0.3023076024379829
0,0,0.15703715378214797
0,0,0.13121420007841264
0,0,0.14770386516746317
0,0,0.22728231137677837
0,0,0.3802837577490235
0,0,0.2730481948078244
0,0,0.125050606965923
0,0,0.1078252306927844
0,0,0.10829002624191512
0,0,0.13105310042947116
1,1,0.9999991273446892
1,1,0.6767126495013276
1,1,0.9481975631651551
1,1,0.8273479442205733
1,1,0.5356212536500602
1,0,0.18771919683988517
1,0,0.18626216356967285
1,0,0.24777030596426008
1,0,0.17050405667155144
1,0,0.20296014413658842
1,0,0.14404330550292943
1,1,0.9169565242354246
1,1,0.7497702736618217
1,0,0.32513419419758915
1,0,0.1978284639904164
1,1,0.7452295646480859
1,1,0.9818876974434371
1,1,0.9786365434916561
1,1,0.9962578685537394
1,1,0.998817285911326
1,1,0.998965104539376
1,1,0.9572527921054196
1,0,0.05993282597506347
1,0,0.07019592199986784
1,0,0.07269606526900035
1,0,0.09384071246856432
1,0,0.32488416303080686
1,0,0.3573203549772898
1,0,0.2300750243293491
1,0,0.30948280538567874
1,0,0.31683849590439755
1,0,0.24431581092526058
1,0,0.23681281499572815
1,0,0.06877137479342145
1,0,0.024465105916902985
1,0,0.009625013190537
1,0,0.005196196504170376
1,0,0.007938119955440937
1,0,0.03798959618743201
1,0,0.15795797385588012
1,0,0.08948973670996581
1,0,0.06912575603560364
1,0,0.08451760809831205
1,0,0.06655589387292271
1,0,0.04188869068615504
1,0,0.03558897176531893
1,0,0.0333973888050473
1,0,0.021745855843140996
1,0,0.013691693962227471
1,0,0.010205279367812672
1,0,0.00871298632241738
1,0,0.0065788340233602785
1,0,0.0056288262896262
1,0,0.009531752422160096
1,0,0.01766677360845064
1,0,0.02980368487785761
1,0,0.017912939653651892
1,0,0.0171686563017621
1,0,0.01290776741061347
1,0,0.018864781863854894
1,0,0.019612493204693684
1,0,0.005580961627291513
1,0,0.004188518749371609
1,0,0.008666900645980772
1,0,0.025320173763956344
1,0,0.0328783514719855
1,0,0.03658994483346342
1,0,0.03470678145841287
1,0,0.026915153654336478
1,0,0.031696866927727954
1,0,0.04784015667888245
1,0,0.0524345501075223
1,0,0.021599500278796244
1,0,0.0159557997416205
1,0,0.032665992271232076
1,0,0.026697102571607977
1,0,0.027884304603454476
0,1,0.9999999999999996
0,1,1.0
0,1,0.9819751308439072
0,1,0.9774108193288761
0,1,0.9999999999998144
0,1,0.9999999996361677
0,0,0.009144184578481705
0,0,0.007197739978103983
0,1,0.9960003905850695
0,1,0.997824914733675
0,0,0.009706020085224287
1,0,0.04937947553723256
1,0,0.03435797064277169
1,0,0.08184107154776282
1,0,0.035542157938401465
1,0,0.020138690256346545
1,0,0.019328042247558918
1,0,0.03326931483288631
1,0,0.04403550936866526
1,0,0.023831846887991576
1,0,0.0375963238384637
1,0,0.07175950775267345
1,0,0.03792705891565764
1,0,0.029383223691961204
1,0,0.0577570719493598
1,0,0.051312376305388874
1,0,0.06065550512510595
1,0,0.08272432915460269
1,0,0.07783677924946138
1,0,0.06421959608209757
1,0,0.019943878422759298
1,0,0.002710606458490165
1,0,0.0009709485581714217
1,0,0.0008863751780731284
1,0,0.0009923241901626382
1,0,0.004786772583627974
1,0,0.018026935952794025
1,0,0.016375363661059614
1,0,0.019745182627696565
1,0,0.053749857726302495
1,0,0.04924631143444606
1,0,0.009242217071255375
1,0,0.006052730509894081
1,0,0.005042587786898225
1,0,0.00435528952814502
1,0,0.00703924885434547
1,1,0.78362151729384
1,1,0.6704194237780925
1,1,0.7215414511114542
1,1,0.707361312960583
1,0,0.03132676170218535
1,0,0.04969949070548831
1,0,0.07586926405544836
1,0,0.10436625954941096
1,0,0.47562546645693216
1,1,0.5513009160521377
1,1,0.53353719505639
1,0,0.027407369171984868
1,0,0.001944360422947847
1,0,0.0201627005527822
1,0,0.002360845829176507
1,0,0.00023524175423323164
1,0,0.000760037045668107
1,0,0.0004039003384180077
1,0,0.001929510143166063
1,0,0.021073985563015225
1,0,0.007237744105147561
1,0,0.0011808585957653035
1,0,0.0019301289841176356
1,0,4.3456912996393445e-05
1,0,2.280047334291669e-07
1,0,4.352524228301699e-08
1,0,2.72569362723912e-07
1,0,6.353721802341657e-07
1,0,1.213293077299013e-06
1,0,1.2283365995869365e-05
1,0,6.680084092947225e-07
1,0,2.121557048651767e-07
1,0,7.485498203418716e-07
1,0,3.5868533857211736e-05
1,0,0.0004510762788434966
1,0,0.00019907817379321647
1,0,0.0008884334626441152
1,0,0.0015336368467046392
1,0,0.005091656825771256
1,0,0.013231568636351406
1,0,0.06045618194914561
1,0,0.0001026547526358979
1,0,5.6850114197731635e-08
1,0,1.1145139610367048e-07
1,0,3.4914912387305345e-07
1,0,6.506956341217973e-08
1,0,4.145527661655342e-08
1,0,3.7308147453120213e-10
1,0,5.365542554509626e-09
1,0,7.790216629210675e-06
1,0,0.0008208156510580083
1,0,0.0035135566461385968
1,0,0.0014062932012194552
1,0,0.00016798606382397875
1,0,0.005983980356782282
0,0,0.013205304025968851
0,1,0.7851311574155743
0,1,0.7679967475558823
0,1,0.6885797840216759
0,1,0.6150561372448761
0,1,0.5777165852238086
0,1,0.5422942829434821
0,0,0.12914600834464962
0,0,0.18759825595809776
0,1,0.8123948417097829
0,1,0.7670531941955182
0,1,0.7162319364484493
0,1,0.8820600401266768
0,1,0.7781332150044019
0,1,0.6107641197915842
0,1,0.76624295330391
0,1,0.5756687922130759
0,0,0.41803289329804866
0,0,0.29982900232455095
0,1,0.7809501711989374
0,1,0.9614334496099045
0,1,0.7419439705352796
0,1,0.7777765595287235
0,1,0.9142688223069796
0,1,0.948861054286346
0,1,0.9537630586139644
0,1,0.9210408676454671
0,1,0.779115356925556
0,0,0.15240408416596168
1,0,0.0512119412150124
1,0,0.00030224732057510727
1,0,6.621996493042379e-07
1,0,9.953197493976702e-08
1,0,2.610018679843322e-07
1,0,3.883735559528684e-06
1,0,3.3376387421193014e-06
1,0,3.9359078920093683e-07
1,0,5.271434150883965e-06
1,0,1.0314749400127263e-05
1,0,2.2023287009109962e-06
1,0,1.6159973486263777e-05
1,0,7.278895625369735e-06
1,0,7.768297412994132e-06
1,0,0.00021837388753805602
1,0,0.00644359900919947
1,0,0.0019091344868355073
1,0,0.0003805756709172159
1,0,0.00012855025512543177
1,0,0.00016234693855069615
1,0,0.0008433297026811255
1,0,9.948647185483891e-05
0,1,0.9999999999991531
0,1,1.0
0,1,1.0
0,1,1.0
0,1,1.0
0,1,1.0
0,1,1.0
0,1,1.0
0,1,1.0
0,1,1.0
0,1,1.0
0,1,1.0
0,1,1.0
0,1,1.0
0,1,1.0
0,1,1.0
0,1,1.0
0,1,1.0
0,1,1.0
0,1,1.0
0,1,1.0
0,1,1.0
0,1,1.0
0,1,1.0
0,1,1.0
0,1,1.0
0,1,1.0
0,1,1.0
0,1,1.0
0,1,1.0
0,1,0.9999999999999742
0,1,0.9597033878595491
0,1,0.9313640225398804
1,1,0.6529741835939672
1,1,0.7370520259973593
1,0,0.4898592031031605
1,1,0.5201664413705457
1,1,0.5024902372811937
1,1,0.6681860129018242
1,1,1.0
1,1,1.0
1,1,0.9793366128424037
1,1,0.6822480459141482
1,1,0.9147419905577384
1,1,0.576520011331345
1,0,0.09640331519088916
1,0,0.07136460626042897
1,1,0.5116480778325345
1,1,0.8923572080716856
1,1,0.7267095196381721
1,0,0.25883426297947637
1,0,0.20664856174549526
1,0,0.3910626806588098
1,0,0.3288038992956989
1,0,0.1833559861438702
0,0,0.0
0,0,0.0
0,0,0.0
0,0,0.0
0,0,0.0
0,0,0.0
0,0,0.0
0,0,0.0
0,0,0.0
0,0,0.0
0,0,0.0
1,0,0.0
1,0,0.0
1,0,0.0
1,0,0.0
1,0,0.0
1,0,0.0
1,0,0.0
1,0,0.0
1,0,0.0
1,0,0.0
1,0,0.0
1,0,0.0
1,0,0.0
1,0,0.0
1,0,0.0
1,0,0.0
1,0,0.0
1,0,0.0
1,0,0.0
1,0,0.0
1,0,0.0
1,0,0.0
1,0,0.0
1,0,0.0
1,0,0.0
1,0,0.0
1,0,0.0
1,0,0.0
1,0,0.0
1,0,0.0
1,0,0.0
1,0,0.0
1,0,0.0
1,0,0.0
1,0,0.0
1,0,0.0
1,0,0.0
1,0,0.0
1,0,0.0
1,0,0.0
1,0,0.0
1,0,0.0
1,0,0.0
1,0,0.0
1,0,0.0
1,0,0.0
1,0,0.0
1,0,0.0
1,0,0.0
1,0,0.0
1,0,0.0
1,0,0.0
1,0,0.0
1,0,0.0
1,0,0.0
1,0,0.0
1,0,0.0
1,0,0.0
1,0,0.0
1,0,0.0
1,0,0.0
1,0,0.0
1,0,0.0
1,0,0.0
1,0,0.0
1,0,0.0
1,0,0.0
1,0,0.0
1,0,0.0
1,0,0.0
1,0,0.0
1,0,0.0
1,0,0.0
1,0,0.0
1,0,0.0
1,0,0.0
1,0,0.0
1,0,0.0
1,0,0.0
0,0,0.0
0,0,0.0
0,0,0.0
0,0,0.0
0,0,0.0
0,0,0.0
0,0,0.0
0,0,0.0
0,0,0.0
0,0,0.0
0,0,0.0
0,0,0.0
0,0,0.0
0,0,0.0
0,0,0.0
0,0,0.0
0,0,0.0
0,0,0.0
0,0,0.0
0,0,0.0
0,0,0.0
0,0,0.0
0,0,0.0
0,0,0.0
0,1,1.0
0,1,1.0
0,1,1.0
0,0,0.0
0,0,0.0
0,0,0.0
0,0,0.0
0,0,0.0
0,0,0.0
0,0,0.0
0,0,0.0
0,0,0.0
0,0,0.0
0,0,0.0
0,0,0.0
0,0,0.0
0,0,0.0
0,0,0.0
0,0,0.0
0,0,0.0
0,0,0.0
0,0,0.0
0,0,0.0
0,0,0.0
0,0,0.0
0,0,0.0
0,0,0.0
1,0,0.0
1,0,0.0
1,0,0.0
1,0,0.0
1,0,0.0
1,0,0.0
1,0,0.0
1,0,0.0
1,0,0.0
1,0,0.0
1,0,0.0
1,0,0.0
1,0,0.0
1,0,0.0
1,0,0.0
1,0,0.0
1,0,0.0
1,0,0.0
1,0,0.0
1,0,0.0
1,0,0.0
1,0,0.0
1,0,0.0
1,0,0.0
1,0,0.0
1,0,0.0
1,0,0.0
1,0,0.0
1,0,0.0
1,0,0.0
1,0,0.0
1,0,0.0
1,0,0.0
1,0,0.0
1,0,0.0
1,0,0.0
1,0,0.0
1,0,0.0
1,0,0.0
1,0,0.0
1,0,0.0
1,0,0.0
1,0,0.0
1,0,0.0
1,0,0.0
1,0,0.0
1,0,0.0
1,0,0.0
1,0,0.0
1,0,0.0
1,0,0.0
1,0,0.0
1,0,0.0
1,0,0.0
1,0,0.0
1,0,0.0
1,0,0.0
1,0,0.0
1,0,0.0
1,0,0.0
1,0,0.0
1,0,0.0
1,0,0.0
1,0,0.0
1,0,0.0
1,0,0.0
0,0,0.01293827068057069
0,0,0.000621280478896656
0,0,0.0030193417448823746
0,0,0.004832355912327957
0,0,0.0015621763374959537
0,0,0.04363759763175332
0,0,0.05402115875735902
0,0,0.09047551012464
0,0,0.015313563291266982
0,0,0.00026670037821364045
0,0,0.0003671928500594304
0,0,0.019987846321460983
0,0,0.038731326437493926
0,0,0.06274408739186833
0,0,0.12626636263622631
0,0,0.09022997469469458
0,0,0.07255144329897997
0,0,0.03725513183447299
0,0,0.01587619536536334
0,0,0.002049988640252114
0,0,0.002547038824129469
0,0,0.013117320879243744
0,0,0.02143061836758026
0,0,0.10008031830701519
0,0,0.036010857860475275
0,0,0.004966984044773595
0,0,0.0018208262038528892
0,0,0.0026319450203302285
0,0,0.006229682162125661
0,0,0.004744027280007891
0,0,0.0023905219381489106
0,0,0.0034454383446718517
0,0,0.005894619138929566
0,0,0.006245528090933915
0,0,0.006461578528508814
0,0,0.006467809861593407
0,0,0.009270197055462486
0,0,0.011840468326133164
0,0,0.00659633568555099
0,0,0.00474519140703215
0,0,0.007901464180517737
0,0,0.009012619401760964
0,0,0.0073016469258783915
0,0,0.007824919021849099
0,0,0.005615620110460183
0,0,0.00508284153874223
1,1,0.9999999999999996
1,1,1.0
1,1,1.0
1,1,1.0
1,1,1.0
1,1,0.9999999999999998
1,1,1.0
1,1,1.0
1,1,1.0
1,1,1.0
1,1,1.0
1,1,0.9999999999999925
1,1,0.9999999999999991
1,1,0.9999999999999998
1,1,0.9999999999999987
1,1,0.9999999999999709
1,1,0.9999999999996758
1,1,0.9999999999999853
1,1,0.9999999999999996
1,1,0.9999999999999998
1,1,1.0
1,1,1.0
1,1,0.9955132247158793
1,1,0.9987484538399387
1,1,0.9645130667272344
1,1,0.8708302355392447
1,1,0.9759067710161473
1,1,0.5672322171826695
1,0,0.4679742207929035
1,1,0.9890390241732908
1,1,0.9166984043188438
1,1,0.9999931667768526
1,1,1.0
1,0,0.3393134622936583
1,1,0.9999999999999991
1,1,1.0
1,1,0.9997606507376816
1,1,1.0
1,1,1.0
1,1,1.0
1,1,1.0
1,1,1.0
1,1,1.0
1,1,1.0
1,1,1.0
1,1,1.0
1,1,0.9999999999968427
1,1,1.0
1,1,1.0
1,1,0.9999999934421309
1,1,1.0
1,1,1.0
1,1,1.0
1,1,1.0
1,1,1.0
0,1,0.9058335986092116
0,1,0.8984852388011084
0,1,0.9278133051441539
0,1,0.8517555912299829
0,1,0.8383506360483739
0,1,0.9303975470438763
0,1,0.7855762723660995
0,1,0.5563090188947097
0,1,0.8040070180801929
0,1,0.8669939409721235
0,1,0.860469813288275
0,1,0.9228974456809436
0,1,0.929416526871363
0,1,0.8717641951994418
0,1,0.6744630705854946
0,1,0.684692608730587
0,1,0.7283481157338053
0,1,0.6763810312307714
0,1,0.7124551675786689
0,1,0.8376726050491262
0,1,0.9607211470870413
0,1,0.9598087241508233
0,1,0.9402399070034388
0,1,0.9666163425889901
0,1,0.9790839189542928
0,1,0.8615997928504731
0,0,0.10955499191222735
0,0,0.030622825909733645
0,0,0.06752646264826964
1,0,0.3170921657259906
1,1,0.8811028711979342
1,0,0.08163987556381742
1,1,0.6389818375739272
1,1,0.9775267378519571
1,0,0.2128243936624319
1,0,0.06875824114944015
1,1,0.6997613848331987
1,1,0.5760171836639035
1,0,0.025741972944788374
1,0,0.001401232775245731
1,1,1.0
1,1,1.0
1,1,1.0
1,1,1.0
1,1,1.0
1,1,1.0
1,1,1.0
1,1,1.0
1,1,1.0
1,1,1.0
1,1,1.0
0,0,0.00015227112749238294
0,0,0.0008758470367275179
0,0,0.004863138208625106
0,0,0.009749481813053058
0,0,0.007538423140216538
0,0,0.00836265001364756
0,0,0.017015678599431937
0,0,0.01838002276540068
0,0,0.004050138085794733
0,0,0.006238484154854445
0,0,0.01916063254179816
0,0,0.02981297066794714
0,0,0.10044345713718424
0,0,0.14291238930822894
0,0,0.09364407956261411
0,0,0.03728990108671009
0,0,0.03555811265266866
0,0,0.06865742002646044
0,0,0.06923900991956179
0,0,0.012105490105641431
0,0,0.0165818862654786
0,0,0.23768448408749882
0,0,0.3164460577446317
0,0,0.17286476619128666
0,0,0.168755449696066
0,0,0.04396007995632935
0,0,0.0452976084605442
0,0,0.2737261710659068
0,0,0.1282436116859625
0,0,0.05717397911362901
0,0,0.021756052001851437
0,0,4.823556472300463e-05
0,0,4.1634677654751364e-11
0,0,0.43410814412331367
0,1,0.8113210509573195
0,1,0.8977905797716902
0,1,0.6038356687813837
0,0,0.2756936767152377
0,0,0.44352636222486724
0,0,0.40409526948987795
0,0,0.006609957165488672
0,0,0.016642485352387847
0,1,0.7046260217940483
0,1,0.7382876628040093
0,1,0.8828148372737339
0,1,0.9203487205746855
0,1,0.7448833851900154
0,1,0.7030473660236282
0,1,0.8892534654322019
0,1,0.7909103715674072
0,0,0.2503799941856301
0,0,0.249063111947312
0,1,0.6679924500822242
0,1,0.5765642103377036
0,0,0.3405498991944167
0,0,0.03341866172314077
0,1,0.5687827838698414
0,0,0.0731695578787597
0,0,0.043247438241634295
0,0,0.05271039394655188
0,0,0.08442297922411333
0,0,0.15151122589657462
0,0,0.2102860152722337
0,0,0.19873459688615577
0,0,0.32977431778614485
0,1,0.8527129016993189
0,0,0.03190008900556859
0,0,0.14729673167944635
0,0,0.049438593069752824
0,0,0.12210378855251586
0,1,0.5807702488428315
0,0,0.10995098884070349
0,0,0.013483868918668738
0,0,0.04655775087926984
0,0,0.044575000360467944
0,0,0.10763372201647209
0,1,0.5912820683424721
0,0,0.2423202517216116
0,0,0.03242840053057181
0,0,0.0378948870211654
0,0,0.08165167577608937
0,0,0.47271758690728705
0,1,0.7080010907705586
0,1,0.9928753779188506
0,1,0.9958649332983954
0,1,0.9337150557826651
0,1,0.6737436208337922
0,0,0.2713543426781491
0,0,0.32513013607221536
0,1,0.9366134681306294
0,1,0.7711804813350226
0,1,0.6866287491258917
0,1,0.9402908589841676
0,1,0.6193528081990399
0,1,0.7582164039424275
0,0,0.2863844402921667
0,0,0.01992816442744875
0,0,0.1496586552214241
0,0,0.20398907194558627
0,0,0.03931447952328227
0,0,0.011791147128226423
1,0,2.3088507414062502e-05
1,0,1.2727566808376774e-06
1,0,0.0006066967662966201
1,0,0.33537908774769903
1,0,0.030028729402584574
1,0,0.0060210010613773336
1,0,0.00571569180212512
1,0,0.001003452125500048
1,0,0.00384319767004731
1,0,0.0005494721851133788
1,0,4.176233760488165e-06
1,0,1.026738054330182e-09
1,0,4.6643231790660567e-11
1,0,2.2168568423629628e-06
1,0,0.0018535596733466788
1,0,1.4198603275370546e-06
1,0,1.301236434854456e-09
1,0,1.6987406233320025e-08
1,0,7.307674576825738e-07
1,0,2.6627118789432017e-06
1,0,2.47641312772377e-05
1,0,1.6077917368107066e-06
1,0,0.32528055298536585
1,1,0.9947008737396728
1,1,0.9999997819727986
1,1,0.9999989881885308
1,1,0.9999529928095571
1,1,0.9999194153132817
1,1,0.9999916751083405
1,1,0.9999960487038533
1,1,0.9999965013546578
1,1,0.9999997845785769
1,1,0.9999992616089969
1,0,1.425334881835223e-10
1,0,1.6462557130801198e-10
1,0,4.1520671624715614e-08
1,0,1.6180134789094742e-08
1,0,1.0269015604644863e-08
1,0,1.0966726933290748e-08
1,0,3.2357283555602214e-10
1,0,5.934479125774417e-10
1,0,4.255676504018748e-08
1,0,2.5332185950323964e-08
1,0,6.266214879937054e-08
1,0,7.10127628176559e-07
1,0,0.22410094509005832
1,1,0.8909136161014414
1,0,8.31225645079337e-07
1,0,9.705117929675449e-08
1,0,0.017390842870014394
1,0,0.4687656522158664
1,1,0.759790740327056
1,1,0.9617912130690527
1,1,0.8221195343136238
1,1,0.7586010879058329
0,0,0.2869668155561123
0,0,0.028166133191969568
0,0,0.007114216741250872
0,0,0.03369014305917277
0,0,0.19022898214382444
0,0,0.3908998320900342
0,0,0.2780951634282573
0,0,0.4256427638076393
0,0,0.4312744298267981
0,0,0.2076005549761484
0,0,0.45734948573908424
0,0,0.43733115826175356
0,0,0.27254045844170427
0,0,0.12245450842296937
0,0,0.07943710368962974
0,0,0.26390349473046854
0,0,0.27949575650762787
0,0,0.016956875395060533
0,0,0.014071679452707027
0,0,0.017290988758514144
0,0,0.008291468009732864
0,0,0.003532530638675279
0,0,0.001064524902558646
0,0,0.004878406669073233
0,0,0.006285213415947647
0,0,0.006753013224238542
0,0,0.004550397272324492
0,0,0.002440756711783513
0,0,0.000861184630189115
1,1,0.559889323635683
1,1,0.942888635669823
1,0,0.40341232648349656
1,0,3.678309701981735e-05
1,0,4.454626440154961e-09
1,0,3.930778601822554e-08
1,0,2.290080682745589e-11
1,0,4.934892549978306e-13
1,0,6.666002933225747e-11
1,0,5.318054696994999e-10
1,0,2.176762858512294e-09
1,0,6.089856544291898e-07
1,0,3.75807149879711e-06
1,0,0.0003211989815432604
1,0,0.0012937830507658693
1,0,3.350574729470146e-06
1,0,3.472004967560211e-05
1,0,0.015346573895420561
1,0,0.0012697411167852406
1,0,3.465499182737791e-05
1,0,0.0005928155181133847
1,0,0.00033797457923664574
1,0,3.13770874991686e-05
1,0,1.8041469169258908e-08
1,0,8.251526928684652e-11
1,0,2.716220978766047e-11
1,0,1.1421211784902844e-12
1,0,5.84588403514232e-08
1,0,0.006793932387451687
1,1,0.9999999990913446
1,1,0.9999999958804402
1,0,0.00010470028404417231
1,0,0.0013375613017599123
1,0,0.000867876571987832
1,0,0.00040400975249352294
1,0,0.0019571545847868405
1,0,0.07475650998627063
1,0,0.0016897745621429088
1,0,0.0003589822274180586
1,0,0.0016629004692524172
1,0,0.00210128236709685
1,0,0.007253902128786569
1,0,0.0017041457857183875
1,0,0.0006072203460016293
1,0,0.007171843018190527
1,0,0.011080464751561027
1,0,0.0011414278966711132
1,0,0.0007341082703179722
1,0,0.0005546669397179878
1,0,0.0011082055263996215
1,0,0.00015020180959552322
1,0,4.187402646056113e-05
1,0,0.00014133451220364808
1,0,0.0003292421475989104
1,0,5.234200261449168e-05
1,0,2.535877593268427e-08
1,0,3.741565271720026e-07
1,0,2.3567200225615645e-05
1,0,1.4298461825923382e-05
1,0,1.01667983393676e-06
1,0,5.386875925529721e-06
1,0,9.078279359511286e-06
1,0,9.394364334021508e-06
1,0,6.634163442593007e-05
1,0,0.0001941572126846342
1,0,0.00016321440311748946
1,0,0.00027082539100982845
1,0,0.00016945718755854847
1,0,4.443792928972489e-06
1,0,5.259722690573938e-07
1,0,4.221139076861727e-06
1,0,6.570122329853441e-06
1,0,1.60553432117732e-05
1,0,5.331593436684463e-06
1,0,8.733994604164425e-07
1,0,8.070121926063832e-07
1,0,8.060616315515864e-07
0,1,0.9925291765452651
0,1,0.9997494603418261
0,1,0.9996817560259026
0,1,0.9992295712909821
0,1,0.9994527313399888
0,1,0.9994345560156548
0,1,0.9992766630718302
0,1,0.999631531791042
0,1,0.9996039918817126
0,1,0.999561787428313
0,1,0.9997608518580546
0,0,0.15649506757102596
0,0,0.25522783459557413
0,0,0.22106225881986247
0,0,0.19365953725398333
0,0,0.16246850299742727
0,0,0.26108229926628873
0,0,0.29607509298168266
0,0,0.11370140722399137
0,0,0.09027874222317768
0,0,0.22324146575118728
0,0,0.13784246156103405
0,0,0.1942335807063594
0,0,0.48230368462906426
0,0,0.1708527424873645
0,0,0.10793480530595141
0,0,0.30831337289403277
0,1,0.6172487798642993
0,0,0.49993372140091746
0,0,0.39773546124492015
0,0,0.3235165399202926
0,0,0.15101165404632577
0,0,0.2501494741450225
0,1,0.5376476011185485
0,1,0.6619145835777116
0,1,0.5515362010433175
0,0,0.3698517153280201
0,0,0.3231892413094156
0,0,0.47177894967488243
0,1,0.59822669560209
0,1,0.6378243257183016
0,1,0.6516910761454575
0,1,0.6914870004747878
0,1,0.8878652937205342
0,1,0.9133468929899684
0,1,0.7603885509016638
0,1,0.9977793314139791
0,1,0.9996696728221134
0,1,0.9990457762398639
0,1,0.9992422879665239
0,1,0.9997798646082887
0,1,0.9999124911507414
0,1,0.9999942603496171
0,1,0.9999942913591975
0,1,0.999998719647325
0,1,0.9999993401529255
0,1,0.9999789800482595
0,1,0.9999999937714814
0,1,0.999999766692728
0,1,0.9999995615041051
0,1,0.9999995187824489
0,1,0.999999333242009
0,1,0.9999989996727162
0,1,0.9999986583227414
0,1,0.9999998724380043
0,1,0.9999999658346691
0,1,0.9999996920689904
0,1,0.9999993688069163
1,0,2.4065239342614312e-35
1,0,8.708561962950454e-34
1,0,4.5444623588091284e-32
1,0,2.8645522788545256e-32
1,0,1.587718146817493e-30
1,0,1.8664603609804577e-26
1,0,5.766726280024981e-28
1,0,9.840612735061974e-31
1,0,6.794265527499163e-31
1,0,3.0668900877028568e-31
1,0,5.360993780882479e-25
0,1,0.9999956315179089
0,1,0.9999874111280262
0,1,0.9999862549133065
0,1,0.9999894780530967
0,1,0.9999977579734471
0,1,0.9999997986929144
0,1,0.9999997219579659
0,1,0.9999981770251342
0,1,0.9999999311926567
0,1,0.9999999820438966
0,1,0.9999966577677116
1,0,0.12201841881401097
1,0,0.24758702138600414
1,0,0.07516910871757276
1,0,0.08262483941689261
1,0,0.1380265616454659
1,1,0.7463272586001617
1,1,0.9883589808118783
1,1,0.9999972321962736
1,1,0.9999999536562819
1,1,0.9999998429190098
1,1,0.999998905364324
0,0,0.006305110552617179
0,0,0.009641055401254508
0,0,0.008329923588986078
0,0,0.00999571312765943
0,0,0.01918946362006955
0,0,0.011563783401706157
0,0,0.004139019292813034
0,0,0.007873738093348187
0,0,0.018906930876870683
0,0,0.02271278059499118
0,0,0.07276486921042545
0,0,0.1304139025470878
0,0,0.08016294266419267
0,0,0.06022357285249442
0,0,0.09993206566038747
0,0,0.21831749535915765
0,0,0.11056549174121721
0,0,0.07504578600997032
0,0,0.1257100264456503
0,0,0.05052577417295181
0,0,0.0488287379940084
0,0,0.09093365175933012
0,0,0.09674818859016861
0,0,0.08200584669273377
0,0,0.03202188591611699
0,0,0.014176463283290723
0,0,0.022257388040106338
0,0,0.018118645378080334
0,0,0.007915028021562763
0,1,0.9514864857098556
0,1,0.9915998074977668
0,1,0.9907269344734635
0,1,0.9909578215226783
0,1,0.9960632517490955
0,1,0.9907173115835115
0,1,0.9878811493994692
0,1,0.9428205502315523
0,1,0.9219088377646321
0,1,0.979355972060803
0,1,0.9949240659281227
1,1,0.999999998768704
1,1,0.999999996968753
1,1,0.9999999839994982
1,1,0.9999998760215518
1,1,0.999999934276839
1,1,0.9999999094322252
1,1,0.9999992281456231
1,1,0.9999972841805564
1,1,0.9999995919494977
1,1,0.9999999938706685
1,1,0.9999999996315183
0,1,0.9998925769169119
0,1,0.9999278930520449
0,1,0.9999103572838659
0,1,0.9999035709563453
0,1,0.9999381246861582
0,1,0.9997740896533065
0,1,0.9893982574385841
0,1,0.91404038926133
0,1,0.9043665103967578
0,1,0.9759366268386845
0,1,0.990333919351411
0,1,0.9806536581670297
0,1,0.9825289983888341
0,1,0.9804398169485096
0,1,0.9784923311306306
0,1,0.985205716193915
0,1,0.9888754571436587
0,1,0.9820478018015629
0,1,0.9733813740679028
0,1,0.9821404433670538
0,1,0.9657427907335158
0,1,0.8922597221274502
0,1,0.8835659654378775
0,1,0.9424858284069372
0,1,0.9880693913683173
0,1,0.995753688707489
0,1,0.9948293195547577
0,1,0.9958007274592374
0,1,0.9970869620672081
0,1,0.9960098657398044
0,1,0.995301852891253
0,1,0.9980515940881552
0,1,0.9989735676568516
0,1,0.9898669393000936
0,1,0.9971395768417229
0,1,0.9983531833296246
0,1,0.9955730301413761
0,1,0.9902017340017001
0,1,0.9847330224448405
0,1,0.9743384159864976
0,1,0.9767260026268196
0,1,0.9772801633658826
0,1,0.9408915242213537
0,1,0.9161312505282031
0,1,0.9334315029952301
0,1,0.911888516991856
0,1,0.8389258912383227
0,1,0.8403458192013443
0,1,0.9194718944218722
0,1,0.8726788904905654
0,1,0.740935000086965
0,1,0.7594697360383369
0,1,0.7564310468054961
0,1,0.7234357007609609
0,1,0.5819500176910806
0,0,0.037651297969236296
0,0,0.02932150072887476
0,0,0.005826237183583586
0,0,0.004416030624857625
0,0,0.0031443665334772867
0,0,0.0013886169626858194
0,0,0.0019796988182899213
0,0,0.002776366739838966
0,0,0.033062552285732315
0,1,0.7126377400745313
0,0,0.31436999818231237
0,1,0.8730698775535518
0,1,0.6909403293487025
0,0,0.29910463136063836
0,1,0.5762438622908604
0,1,0.8173790808427405
0,1,0.6200835895572565
0,1,0.8873457763209616
0,1,0.8585551985219897
0,0,0.4955091154299387
0,0,0.20879278761505
0,0,0.08355528702991283
0,0,0.18282967657647495
0,0,0.08474590946040897
0,0,0.022474469535175096
0,0,0.375323262573354
0,1,0.8001006928853679
0,0,0.4789330563117536
0,0,0.10429940906634752
0,0,0.03051504036703283
0,0,0.026585620719548
0,0,0.024158393384874646
0,0,0.059854229013867624
0,0,0.15638397469397283
0,0,0.09750059012372816
0,0,0.039633585868118416
0,0,0.04863642849064192
0,0,0.07030229521344077
0,0,0.02030303407910436
0,0,0.005685537615568387
0,0,0.00515392402204677
0,0,0.00343281864407524
0,0,0.002102222305267756
0,0,0.0014612589458562059
0,0,0.0006513480296939301
0,0,0.0007955950877464678
1,0,0.04523289913790206
1,0,0.0001460267289726604
1,0,9.427290032820352e-09
1,0,5.184614199656666e-08
1,0,0.0003222021164143452
1,0,0.00043763761956426914
1,0,0.005246546257643474
1,0,0.05417742220329082
1,0,0.21097873394982553
1,0,0.033490015701250646
1,0,0.00031822662787529517
1,0,0.032657040369696425
1,0,0.0013167662254209324
1,0,0.0002446627550414573
1,0,0.006916153973508685
1,0,0.01558520978513479
1,0,0.004942299444376722
1,0,0.009008915337768238
1,0,0.00023464049341131218
1,0,1.3497664616900366e-07
1,0,8.577818255494042e-07
1,0,8.811110999821054e-05
1,0,0.004253604205549231
1,0,0.06995967543583076
1,1,0.6093221028796695
1,1,0.6443871202313272
1,0,0.4796614694257427
1,1,0.9731817558076575
1,0,0.4347392268501771
1,0,0.001452422987621044
1,0,0.07033855031044181
1,1,0.9989756747727779
1,1,0.9999288917136864
1,0,0.018554810384175717
1,1,0.7849000500456392
1,1,0.995736986437932
1,1,0.6200765994108567
1,0,0.002046586721320668
1,0,0.3850975636522506
1,1,0.9408909089514059
1,1,0.8908122198978831
1,0,0.006310042960428785
1,0,0.0011914718988163
1,1,0.8243130157332027
1,0,0.017050951958621774
1,0,9.960393190301794e-05
1,0,0.0026701006842722664
1,1,0.5240121973862815
1,0,0.10619474036902608
1,0,0.06712935012676224
1,1,0.7585768163266058
1,1,0.9789444988554231
1,1,0.8346744125500734
1,0,0.101953156343891
1,0,0.007097273269760006
0,0,0.13735362345832017
0,0,0.21722209690334865
0,0,0.47369207442489
0,1,0.7289651511392452
0,0,0.3886127494076228
0,1,0.6316661079856479
0,1,0.9372730177399978
0,1,0.8204498852908583
0,0,0.27753378440266485
0,0,0.3062586144559753
0,1,0.6730187512967943
0,1,0.5081075125587661
0,0,0.09394014388016074
0,0,0.17658659642280164
0,0,0.23776261709163904
0,0,0.05561988705489153
0,0,0.04237074548039779
0,0,0.12750172748609098
0,0,0.3756759877244607
0,0,0.10144686053814812
0,0,0.035977486780534314
0,0,0.08867397173221839
0,0,0.05686232516892821
0,0,0.0471042957235451
0,0,0.14602649634121675
0,0,0.14278865929291074
0,0,0.05311416038724215
0,0,0.03265758473161703
0,0,0.058162796697151874
1,0,0.010586627772814515
1,1,0.9086328671430185
1,1,0.9155900846928701
1,0,0.008923457436489812
1,1,0.6548557174873065
1,1,0.9579817731889116
1,1,0.9931273819174506
1,1,0.9978724331087235
1,1,0.9726505315690437
1,1,0.9960904098049387
1,1,0.9999394148990389
1,0,0.018232473927357724
1,0,0.042497209410554126
1,0,0.0028767973053475345
1,0,3.9167497953068474e-05
1,0,3.9521529731017254e-05
1,0,4.545965173449525e-05
1,0,0.00011007259614427907
1,0,0.0015768759103246893
1,0,0.00031034871391402794
1,0,1.020237234238919e-05
1,0,1.0424717438226045e-05
0,0,0.023696650797262696
0,0,0.03467169056133062
0,0,0.023340405051202634
0,0,0.03302874758282699
0,0,0.015570345190997096
0,0,0.002259350889968108
0,0,0.0005868295320245273
0,0,0.0006713962442194435
0,0,0.00021328037598782826
0,0,0.00019898020073299676
0,0,0.0004409548130130848
0,0,0.00031474535574258736
0,0,0.00027164435326138084
0,0,5.42714700254811e-05
0,0,5.4368893296487696e-05
0,0,0.00012804715828261797
0,0,6.862258824375683e-05
0,0,0.00016338288313481303
0,0,0.00026998061284110947
0,0,0.0002276378000004288
0,0,0.0008937189198007866
0,0,0.020866370487263135
0,0,0.013635118826359136
0,0,0.0006146473431105159
0,0,0.0002933482382353497
0,0,0.00048510214585080946
0,0,0.0027638853547552926
0,0,0.012537271753628804
0,0,0.0024012405613078737
0,0,0.0002994455099758343
0,0,0.0007193313601687052
0,0,0.0011728804780344008
0,0,0.0008114863278008698
1,0,0.0001658388593446256
1,0,2.7990517544650458e-05
1,0,1.0189814743626013e-05
1,0,2.2354846201379028e-05
1,0,6.838601179327865e-05
1,0,0.0004919177471469686
1,0,0.0017125982126186077
1,0,0.0017525379442932722
1,0,0.00046160865568300595
1,0,0.00024290357739063952
1,0,0.0005411521929948091
1,0,0.0006112173473297941
1,0,0.0004736109544675315
1,0,0.015901455458377095
1,0,0.009816132736241307
1,0,0.0004529636419096148
1,0,0.00045747212513200215
1,0,0.0021347616534520913
1,0,0.0012149022720178663
1,0,4.340569564338691e-05
1,0,0.0002189798570517735
1,0,0.0007461158665517955
0,0,0.004324618185158443
0,0,0.08770832730102769
0,0,0.06632953446669601
0,0,0.045273240958682924
0,0,0.07319923813735489
0,0,0.05689900414794827
0,0,0.048886166196444925
0,0,0.16117871788125773
0,0,0.13223670745221322
0,0,0.07325823001489211
0,0,0.023942095055253115
0,0,0.0017314130084895001
0,1,0.5533719098983297
0,1,0.5051231254762633
0,1,0.6119167816469441
0,1,0.7536126174823078
0,0,0.3263019356988795
0,0,0.47975698628475716
0,1,0.7249354283983058
0,0,0.20731049747299996
0,0,0.05793499646929019
0,0,0.11883264362914432
0,0,0.11540761692749227
0,0,0.023205879134240687
0,0,0.043415955385383065
0,0,0.08271678267445874
0,0,0.09974921871463834
0,0,0.03502198461238189
0,0,0.04168824495049168
0,0,0.16469901142568796
0,0,0.08313957794299087
0,0,0.09222624085619663
0,0,0.04699591541030301
0,0,0.04634940000756736
0,0,0.15157479561296905
0,0,0.2291978597166289
0,0,0.10660755322902264
0,0,0.16258104676089546
0,0,0.14244700207855662
0,0,0.03630592583936191
0,0,0.04922985002830883
0,0,0.04944841426974322
0,0,0.06368771936272948
0,0,0.10500404332598277
0,0,0.06466137435378
0,0,0.043521030269844906
1,0,0.06813136303122859
1,0,0.014175892751230287
1,0,0.0015196340226386596
1,0,0.13102895935091904
1,0,0.44583561074261235
1,0,0.08967835920109879
1,0,0.45466197617806553
1,1,0.6491639388350129
1,0,0.25806981344006125
1,0,0.09804847614412
1,0,0.08083021649014839
1,0,0.38962251520510116
1,0,0.14517519570934243
1,0,0.00011248652526545852
1,0,0.0024432468299607456
1,1,0.9480139942250001
1,1,0.8999589994132428
1,1,0.786619054619883
1,1,0.9085074778378318
1,0,0.2876863730359335
1,0,0.03223941651052923
1,1,0.6128450813617674
1,0,0.0033475569199122204
1,0,0.008077624090600465
1,0,0.028756906750894793
1,0,0.03376771277387732
1,0,0.438152537426386
1,0,0.40987799632093247
1,0,0.018492830033052292
1,0,0.05253474373301068
1,0,0.0580814741131325
1,0,0.032084919922005864
1,0,0.02204179950645809
1,0,0.026083686763949187
1,1,0.520862663820973
1,1,0.7087222918773755
1,1,0.6432847678917384
1,1,0.8006451345383112
1,1,0.6980488653238607
1,1,0.6676101974403722
1,0,0.13069450636302038
1,0,0.09846525993466859
1,0,0.4033786079926953
1,0,0.45270836146148713
1,0,0.1296569167089836
1,0,0.015494669561045612
1,0,0.0464602968720265
1,0,0.18675299703532708
1,1,0.8898524257451619
1,1,0.9903594739092096
1,1,0.9959456160212699
1,1,0.8324444082410698
1,1,0.6991055222952594
1,1,0.53221216551509
1,0,0.06140573701259461
0,0,0.08497122082225698
0,0,0.034106691931101066
0,0,0.014657189355873143
0,0,0.02088015940946965
0,0,0.08444063974083309
0,0,0.27611241870220926
0,0,0.49219979736929886
0,1,0.5485723170299108
0,1,0.5708546943343307
0,1,0.5673215461513704
0,0,0.46763998583530075
0,0,0.4045758284589136
0,1,0.5369552855584203
0,1,0.7331870980870215
0,1,0.617212201253734
0,0,0.1948725358433061
0,0,0.23918605192677633
0,0,0.3657208796004292
0,0,0.09728291851343757
0,0,0.06928546282860158
0,0,0.040720769662507296
0,0,0.023133533315884698
0,0,0.04685821961629713
0,0,0.11659685239447261
0,0,0.16129833108848893
0,0,0.08342019910902819
0,0,0.09350057927662402
0,0,0.16775475202628504
0,0,0.08575782337224144
1,0,0.1749788323653716
1,0,0.24711809992959444
1,0,0.39676923992715407
1,0,0.13813090081363408
1,0,0.014465114780350527
1,0,0.02303173160619094
1,0,0.20320554562020035
1,0,0.1277996527430973
1,0,0.11033660946598725
1,0,0.10365917769390072
1,0,0.09653359416393847
1,0,0.4673358901585291
1,1,0.7187244448761563
1,1,0.9255082878116228
1,1,0.9872991540873834
1,1,0.979525930732444
1,1,0.7445964834527219
1,1,0.8544938929211948
1,1,0.9050930029422227
1,1,0.6856625600744499
1,1,0.625285544143772
1,1,0.9145242708469212
0,0,0.09241703783471483
0,0,0.10777609591329614
0,0,0.26093116427857443
0,0,0.3669265115756148
0,0,0.37685191457316025
0,1,0.6858288053507278
0,0,0.4850037053542927
0,0,0.48592960822210013
0,1,0.5078450451610534
0,0,0.0695287272141258
0,0,0.06812919727027225
0,0,0.21287721476428037
0,0,0.15708083499966624
0,0,0.03244899801499069
0,0,0.01133950259167642
0,0,0.00282691369943683
0,0,0.005768101801743005
0,0,0.013724933386400916
0,0,0.013653076171497426
0,0,0.058431419559184024
0,0,0.03379253010498105
0,0,0.010756035429609609
0,0,0.020335675104628043
0,0,0.01198731794436377
0,0,0.002449154315437034
0,0,0.0017996590635020388
0,0,0.015331020890196263
0,0,0.0444025054563927
0,0,0.01359273877120434
0,0,0.07221561868888646
0,0,0.016186093907906356
0,0,0.0007875229473582506
0,0,0.0007275994799043188
0,0,0.03847087215196368
0,0,0.10379162652739386
0,0,0.03260688230000783
0,0,0.04224461460624848
0,0,0.20446546487164335
0,0,0.3419831016056523
0,0,0.05844014879909318
0,0,0.01423246080739907
0,0,0.10100050277086832
0,0,0.47363796238841327
0,1,0.7485658194151553
0,0,0.4169212001725077
0,0,0.20239666761660732
0,0,0.2726372125549322
0,0,0.035468117727758895
0,0,0.0017933022798140247
0,0,0.0007528746362250518
0,0,0.001151014540003503
0,0,0.0012954581149411514
0,0,0.0018707191640827344
0,0,0.005990710774546426
0,0,0.09906769092838333
0,0,0.1391920785509893
0,0,0.1333755242372742
0,0,0.13574807821789997
0,0,0.13886072957024864
0,0,0.12842801509660562
0,0,0.11052108542951808
0,0,0.13153651494743804
0,0,0.13714104677709757
0,0,0.2070102741088634
0,0,0.1929327993583927
0,0,0.08370686892030822
0,0,0.12958842397999076
0,0,0.1679579143391434
0,0,0.14931027562069601
0,0,0.17427077944877564
0,0,0.15474863251866305
0,0,0.09218548160385275
0,0,0.08847682123465189
0,0,0.14121792369903782
0,0,0.18014787526114018
0,0,0.16441490206601878
0,0,0.1330939770231384
0,0,0.10390458486497446
0,0,0.09295237877215885
0,0,0.07831420313349592
0,0,0.13847287658665552
0,0,0.12656553804286685
0,0,0.08745124681427828
0,0,0.0883309559691503
0,0,0.06005827425164171
0,0,0.11563258841584144
0,0,0.1378846469379695
0,0,0.09694393578926344
0,0,0.12398566450737923
0,0,0.12076069448923464
0,0,0.13176370533999676
0,0,0.1597666037568765
0,0,0.1391365888550677
0,0,0.1307464942291812
0,0,0.1229131361059635
0,0,0.10853108087992096
0,0,0.1184807575449049
0,0,0.11595142382644966
0,0,0.09609385863438945
0,0,0.10682902181255868
0,0,0.13207658500241745
0,0,0.16734404662610275
0,0,0.13179562711792722
0,0,0.15751901869587168
0,0,0.19218237853742454
0,0,0.16152860856135287
0,0,0.11929414331028658
0,0,0.12126352299993484
0,0,0.09427685990450632
0,0,0.10651327797801287
0,0,0.15475227657600463
0,0,0.15768918586433028
0,0,0.18022500132939692
0,0,0.14716189114660977
0,0,0.14114923330269327
0,0,0.12972214393248363
0,0,0.11879180981207932
0,0,0.1353430965227001
0,0,0.17410188289174325
0,0,0.16737995768071165
0,0,0.12565602727635733
0,0,0.1415584855397052
0,0,0.1581821553129695
0,0,0.19726102366550716
0,0,0.23470726653964902
0,0,0.20929081740886304
0,0,0.21578279599838068
0,0,0.2351841255979283
0,0,0.1855306807563204
0,0,0.15152146970078442
0,0,0.1692495418162035
0,0,0.16220727119737935
0,0,0.16974765317844026
0,0,0.22174744715047323
0,0,0.17177257125318723
0,0,0.17066831087162837
0,0,0.21980883072719645
0,0,0.22320300816720362
0,0,0.16333082630830478
0,0,0.15233859513887912
0,0,0.1562586037226976
0,0,0.13011169130801023
0,0,0.10080627586942122
0,0,0.12607492224282052
0,0,0.16358046062887707
0,0,0.17130513242775056
0,0,0.14484128487977704
0,0,0.11457861468015458
0,0,0.1254305580397757
0,0,0.11837553576001332
0,0,0.11948518619508747
0,0,0.1428084221489997
0,0,0.14269501500905615
0,0,0.15824141145652926
0,0,0.14119113866815264
0,0,0.1418166505260388
0,0,0.19414352274271812
0,0,0.1476495295425064
0,0,0.13170041612668695
0,0,0.11484437126752416
0,0,0.09250547637855859
0,0,0.1157824567027253
0,0,0.13210889674089907
0,0,0.17675171779262017
0,0,0.18764241276041363
0,0,0.17238541238408095
0,0,0.19545612787769887
0,0,0.21927369886343717
0,0,0.19930309000024757
0,0,0.16993805025459463
0,0,0.13299951299795582
0,0,0.12274049663504516
0,0,0.14307438204130107
0,0,0.17981375561726368
0,0,0.19740316366335398
0,0,0.219218697327334
0,0,0.2370649378956563
0,0,0.19278819887049958
0,0,0.1977173500220119
0,0,0.19883925565566263
0,0,0.16237943651350614
0,0,0.14293543478755505
0,0,0.15116957819616525
0,0,0.1708496286710985
0,0,0.2046176936596832
0,0,0.1427599261668494
0,0,0.148773685965726
0,0,0.23847241854595216
0,0,0.2243371932232157
0,0,0.1112912513583468
0,0,0.09834388027350753
0,0,0.10852962696518495
0,0,0.16250673670607202
0,0,0.17987920168741756
0,0,0.20538849671098114
0,0,0.29374636861517084
0,0,0.1609173706678578
0,0,0.16879331078362414
0,0,0.16460342373476303
0,0,0.1657929885128812
0,0,0.19239092710824518
0,0,0.20911010297645696
0,0,0.23252024402534144
0,0,0.24989649530758823
0,0,0.2011306718361576
0,0,0.15056359207376427
0,0,0.1836915736867257
0,0,0.15462548721175054
0,0,0.17300926952198356
0,0,0.19586783104760838
0,0,0.1587338245845386
0,0,0.15165705214002467
0,0,0.16946408505809962
0,0,0.20920939693689417
0,0,0.20457635057639267
0,0,0.17604293998480455
0,0,0.15548358764773434
0,0,0.15368530747175121
0,0,0.1833294795917568
0,0,0.18549651231817788
0,0,0.1931083343925038
0,0,0.18698198450905598
0,0,0.17768146415452563
0,0,0.19195057913638364
0,0,0.16568958427193853
0,0,0.16352694594660144
0,0,0.1931539275260629
0,0,0.19931676619343286
0,0,0.20749965613452
0,0,0.04820113955223459
0,0,0.00034241953774385775
0,0,6.850173929950351e-06
0,0,2.1218548798398195e-06
0,0,1.7812054701224465e-05
0,1,0.9999993828049573
0,1,0.9999857069124958
0,0,1.1701342594478309e-07
0,0,1.5776620641754743e-06
0,0,5.2620778570548026e-05
0,0,1.138629017918573e-06
1,0,0.38767826289496277
1,1,0.6827233859959988
1,0,0.3055984071676638
1,0,0.08338829353990959
1,0,0.04413921180166035
1,0,0.010120418070780946
1,0,0.006926547859534399
1,0,0.007001531849657074
1,0,0.026615552088607233
1,0,0.0334040630854539
1,0,0.05967066078783611
1,0,0.08776320198531912
1,0,0.07762118721821934
1,0,0.13635320459728875
1,0,0.07906553432221244
1,0,0.03167385054017743
1,0,0.04878087432972385
1,0,0.005686515383185442
1,0,0.0007497903748488982
1,0,0.001805381663288236
1,0,0.007805679199997294
1,0,0.029394456282278325
1,0,0.05476896170273371
1,0,0.018632522223851495
1,0,0.012091572497453195
1,0,0.026227517285928488
1,0,0.007318757047586003
1,0,0.02560553901475532
1,0,0.10473349057218728
1,0,0.11149055962363522
1,0,0.09189069156441895
1,0,0.06755884913267438
1,0,0.05785863636879501
1,0,0.06057238872583355
1,0,0.034103902887953216
1,1,0.7257491620313109
1,1,1.0
1,1,1.0
1,1,1.0
1,0,8.19471480889304e-08
1,0,0.00023133397732055705
1,0,0.018994142657013383
1,1,1.0
1,1,1.0
1,0,0.013678765675298795
1,1,1.0
1,1,1.0
1,1,1.0
1,1,0.9999999635457397
1,0,0.2620239188643616
1,1,0.9996495909027545
1,1,0.9997029117159865
1,1,0.9944875917099515
1,1,0.9994776075170956
1,0,7.193521158503592e-11
1,0,8.963617043520047e-16
1,1,0.9999863561071455
1,1,0.5056687593935191
1,0,0.14675181984139668
1,1,0.8300031116336902
1,1,0.9677349530020156
1,1,0.9783880545649519
1,1,0.9974115606635446
1,1,0.973990018359637
1,0,0.09761662147738698
1,0,0.003220948584222813
1,0,0.05950138520839379
1,1,0.9998178071251427
1,1,0.9999797603196119
1,1,0.9999999999936084
1,1,0.9999999999996443
1,1,1.0
1,1,1.0
1,1,1.0
1,1,1.0
1,1,1.0
1,1,1.0
1,1,1.0
1,1,1.0
1,1,1.0
1,1,1.0
1,1,1.0
1,1,1.0
1,1,1.0
1,1,1.0
1,1,1.0
1,0,0.0015125919977584923
1,1,0.6242898688520874
1,1,0.9999999993322952
1,0,1.007140810431471e-24
0,1,0.5302437274807457
0,1,0.7148502436681665
0,1,0.8942870857123868
0,1,0.8441616675644888
0,1,0.8463320772611939
0,1,0.9733665122260534
0,1,0.9778834941780065
0,1,0.9118539283112196
0,1,0.6452270085430541
0,0,0.08313348424447405
0,0,0.19618776215429146
0,1,0.970693510921554
0,1,0.987652178212338
0,1,0.6466969593283262
0,0,0.041963679443111114
0,0,0.08445759730834596
0,0,0.34365822760704784
0,0,0.231373043494182
0,0,0.30617539747554634
0,1,0.6718583630319265
0,1,0.583823799542009
0,1,0.8386033138440906
0,1,0.8848714454766953
0,1,0.754251647367967
0,1,0.8307476668598511
0,0,0.33821376555606586
0,0,2.2672732886235097e-05
0,0,2.359663825680877e-05
0,0,0.2250159704858985
1,0,0.0677521678827936
1,0,2.8795476698212233e-05
1,0,8.656196442758186e-05
1,0,0.30243005870228734
1,1,0.5346700616994569
1,0,0.00628304776295384
1,0,0.00074858937405212
1,0,0.0007488090278926883
1,1,0.9903502352676867
1,1,1.0
1,1,1.0
1,1,0.9999999723847456
1,1,0.7618594064781253
1,1,1.0
1,1,1.0
1,0,0.005339325355723394
1,0,0.22000611297890132
1,0,0.004038967712456979
1,1,1.0
1,1,1.0
1,1,0.5890238244682854
1,0,0.2991386926363225
0,0,0.2550313413599342
0,0,0.011945787775155082
0,0,0.0010321337631882812
0,0,0.010539176742570513
0,1,1.0
0,1,1.0
0,0,0.0020250983409486963
0,1,1.0
0,1,1.0
0,0,0.004951151861420922
0,0,0.00852294045253146
0,1,0.9960873960498243
0,1,1.0
0,1,1.0
0,1,1.0
0,1,1.0
0,0,0.006328322255774946
0,0,0.0034109202248933383
0,0,0.010230661374114878
0,0,0.0037184773551695214
0,0,0.0016528838981990698
0,0,0.005104297973077925
0,0,0.016569899433557314
0,0,0.024618182351234613
0,0,0.0066296601440348135
0,0,0.005541388775226332
0,0,0.08718383368746979
0,1,1.0
0,1,1.0
0,1,0.9999999998993163
0,0,0.00021787241966458125
0,0,0.0012982745478794266
0,0,0.0626758189789247
1,0,0.004713880932493055
1,0,0.0038427346256191047
1,0,0.02704975435299009
1,0,0.002559042901748547
1,0,9.242562155755026e-05
1,0,3.183395778957112e-05
1,0,2.2225238539988172e-05
1,1,1.0
1,1,1.0
1,0,4.805156781917531e-05
1,0,9.751461179875779e-05
1,0,4.275863288350801e-05
1,0,1.1759315766358154e-05
1,0,0.00015947736248105626
1,1,0.9999979268054235
1,1,1.0
1,1,1.0
1,0,0.0002654019058698707
1,0,0.0013382447198640516
1,0,0.0012873267525796703
1,0,0.008064852523446985
1,0,0.024746236216465985
0,1,0.9917305767399622
0,0,2.377512466825512e-05
0,0,1.161272131056933e-05
0,0,2.4567956866594454e-05
0,0,2.5749781284335415e-05
0,0,1.071803950059854e-05
0,0,8.383267922382966e-07
0,0,1.0713701600564672e-06
0,0,1.2285499978347737e-05
0,0,1.5718824946640002e-05
0,0,8.103209704628584e-05
0,0,0.4456701237958512
0,0,0.39963915218883406
0,0,0.05431723221564984
0,0,0.01709696450363796
0,0,0.022411801273491176
0,0,0.1559820879223234
0,0,0.3004748873152146
0,0,0.114859039762175
0,0,0.22862037110291808
0,0,0.2988135028874205
0,0,0.09956449956460174
0,0,0.10894836845772761
0,0,0.22211098132109688
0,0,0.42654887112684375
0,1,0.8348935035322239
0,0,0.4491406461697111
0,0,0.3231252941719178
0,0,0.47155383627435327
0,1,0.7230350604511973
0,1,0.8044537146143818
0,1,0.8215414945104513
0,0,0.20838198344998748
0,0,0.12617778670959237
0,0,0.07379326186909083
0,0,0.014882855959762997
0,0,0.0031408075216874123
0,0,0.001691053199168305
0,0,0.003916838731985291
0,0,0.002339543766416843
0,0,0.0035405035171664043
0,0,0.018229325376219095
0,0,0.024018876425954242
0,0,0.001980294632002799
0,0,0.0012313542893626504
0,0,0.0075922263763111095
1,0,0.39178760401405804
1,1,0.8086358736281339
1,1,0.7088780550713749
1,1,0.9962757001392278
1,1,0.9992627084330793
1,1,0.9905967969010312
1,1,0.9789585067633085
1,1,0.6419153573989277
1,1,0.9999425437050836
1,1,0.9999883015156189
1,1,0.9964115444705444
0,0,0.01770663430294803
0,0,0.0010795066678653987
0,0,0.007849408922843614
0,0,0.04486115128390398
0,0,0.01777637654469798
0,0,0.009046420299270436
0,0,0.04911162778399008
0,0,0.15814224432258037
0,0,0.004967932552337101
0,0,0.0003180676468241882
0,0,0.009544506422496784
1,1,0.9983956454829552
1,0,0.2604463478694036
1,1,0.5319963526642996
1,1,0.9226958161308358
1,1,0.9681226054403945
1,1,0.9997047873872438
1,1,0.9996439892149318
1,1,0.9999792491122516
1,1,0.9999998869218775
1,1,0.9999996376688148
1,1,0.9999808865141241
1,1,0.5002602990416201
1,1,0.863759353917142
1,1,0.9418516689582004
1,1,0.9823524630226204
1,1,0.9796533080056148
1,1,0.8655645806269094
1,1,0.979232453348056
1,1,0.9973919711673936
1,1,0.9925329845515224
1,1,0.998348279368315
1,1,0.9897525472341608
0,1,0.9999837316325537
0,1,0.9999902779035968
0,1,0.9999722678054646
0,1,0.999246085190428
0,1,0.9988645183556815
0,1,0.9998964387634381
0,1,0.9999318572421475
0,1,0.9998779548558416
0,1,0.9999999507903186
0,1,0.9999999998679705
0,1,0.999999671635407
0,0,0.022674981083217607
0,0,0.019116128626854866
0,0,0.08225093865000273
0,0,0.04034394051349454
0,0,0.05149082293118347
0,0,0.11380632797611064
0,0,0.3711460617521323
0,1,0.6757948839092528
0,0,0.4934379677835308
0,0,0.4458066444260646
0,0,0.4587786258862618
0,0,0.23960883180158526
0,0,0.11051620406662817
0,0,0.4135933186147667
0,1,0.8362874902988234
0,1,0.8766751560375096
0,1,0.8100986011888613
0,0,0.38222812315115406
0,0,0.2833011985693665
0,0,0.3189227943860376
0,0,0.05276264109566533
0,0,0.03535450214815809
0,0,0.04726248927484465
0,0,0.03421537337695263
0,0,0.15743890679563172
0,1,0.553153077298929
0,1,0.6552229907929676
0,1,0.5754010698510966
0,0,0.47036889123486675
1,0,0.02927356204021096
1,0,0.0014922619306508911
1,1,0.6356181805425565
1,1,0.9949889113170569
1,1,0.9979087689073162
1,1,0.9983940128463067
1,1,0.9999191477450083
1,1,0.9998947193853563
1,1,0.9999819040689263
1,1,0.9999978757733625
1,1,0.9988776622699971
1,1,0.9926069360207379
1,1,0.9752091424862221
1,1,0.943432783090289
1,1,0.9145344029953132
1,1,0.9855957018675395
1,1,0.9945629980080339
1,1,0.9706701194715124
1,1,0.9959485041452002
1,1,0.9840378989138086
1,1,0.9707780504715612
1,1,0.9906800849263185
0,0,0.0020571773908250627
0,0,0.006904368991123297
0,0,0.00260426827489145
0,0,0.0020932486609974757
0,0,0.00031033803270738537
0,0,0.00020519602839193628
0,0,0.00013130601690321882
0,0,3.416249689107252e-05
0,0,6.908337171180977e-05
0,0,7.47888101598242e-05
0,0,8.147573965099973e-06
0,0,1.1253665656106637e-06
0,0,2.7035311395530088e-06
0,0,2.4131596375559116e-06
0,0,1.4651312031668843e-05
0,0,0.0004004048055357068
0,0,0.00028620212522389505
0,0,6.785872054451002e-05
0,0,2.3576467557620136e-05
0,0,4.4899929378052415e-06
0,0,5.328270817294791e-06
0,0,0.00021196167284476326
0,0,0.0053943156893917436
0,0,0.013863380821435347
0,0,0.05629323535044964
0,0,0.07112723399218521
0,0,0.11158879453929134
0,0,0.4220531261455197
0,0,0.3655552765576787
0,0,0.33103074209754024
0,0,0.22660736598068743
0,1,0.5270941294591656
0,1,0.6617577911268522
1,1,0.9999999986734645
1,1,0.9948048121955767
1,0,0.009408369645848567
1,0,0.05172260065495209
1,0,0.050030393708612265
1,0,0.07126944411010228
1,1,0.5190341743272525
1,0,0.020988844629940405
1,0,0.03127531013398853
1,0,0.08829097096410382
1,0,0.10942692829726537
1,0,0.45737049527125506
1,0,0.015073964560171849
1,0,0.0089581975965102
1,0,0.014886219829835297
1,0,0.00880417982865337
1,0,0.017119349505808706
1,1,0.5677406018535704
1,1,0.9878246660063539
1,1,0.9726335630654072
1,1,0.9832913535548542
1,1,0.9678516968018293
0,0,0.17551139515868205
0,0,0.16195233778892396
0,0,0.19701172002196646
0,0,0.18374449535684903
0,0,0.19523950148580574
0,0,0.19708009618938804
0,0,0.19547619768065572
0,0,0.1981944365392769
0,0,0.18263734624837133
0,0,0.1697755604070563
0,0,0.15631751569418265
0,0,0.21210464069195026
0,0,0.18355054086668549
0,0,0.18464460443145075
0,0,0.16876749663492935
0,0,0.157665563857019
0,0,0.17397819783251342
0,0,0.15083525488812433
0,0,0.12330166117178913
0,0,0.14369170917887436
0,0,0.14871993925934016
0,0,0.13280883178786115
0,0,0.12615463782685682
0,0,0.11950614606642862
0,0,0.10866946281866287
0,0,0.11301814617077012
0,0,0.11937639350326522
0,0,0.10359699162263865
0,0,0.0929319696778565
0,0,0.10640490880657026
0,0,0.10067146043278304
0,0,0.10449310456305885
0,0,0.11528091404004452
0,0,0.10826728787070293
0,0,0.09351060327637642
0,0,0.08894857597185714
0,0,0.08539458588847884
0,0,0.09206604307577422
0,0,0.08733337290982882
0,0,0.07780274214325422
0,0,0.12994060798191737
0,0,0.12506399616424135
0,0,0.1142389980721273
0,0,0.10400036269200451
0,0,0.10228677744337124
0,0,0.11097456541511051
1,0,0.20545693763574843
1,0,0.19618602703036594
1,0,0.18884359044725987
1,0,0.16262880006231417
1,0,0.1537763986700164
1,0,0.15441949452540912
1,0,0.14193261731918608
1,0,0.1280480061883403
1,0,0.12724482110649693
1,0,0.11686160182014498
1,0,0.1106758968262395
1,0,0.15492317223170984
1,0,0.13365773713783552
1,0,0.12594022406158242
1,0,0.1166007721321487
1,0,0.11931398803671107
1,0,0.1193616157986649
1,0,0.12288798360882604
1,0,0.1458940393268031
1,0,0.1545198233718656
1,0,0.12248618747540153
1,0,0.10395767001289563
1,0,0.2885312233165298
1,0,0.2561139939473073
1,0,0.25875618567292674
1,0,0.24145859719309884
1,0,0.22691647016645675
1,0,0.23519023793638977
1,0,0.21618991781579394
1,0,0.1837532690824799
1,0,0.1739092627026915
1,0,0.16963925205496685
1,0,0.17075342808620209
1,0,0.3369186617356077
1,0,0.32689740297561876
1,0,0.3142901452718625
1,0,0.2817897799007521
1,0,0.26278432966752424
1,0,0.24143463598060508
1,0,0.30452851600030223
1,0,0.28636330556424994
1,0,0.26797104134778743
1,0,0.26158666794202157
1,0,0.25456192857265
0,0,0.25115112789091165
0,0,0.24889124321074962
0,0,0.25289431522911165
0,0,0.25493681618464503
0,0,0.24156575307661124
0,0,0.24544722006425748
0,0,0.25990088713160064
0,0,0.24239072859139635
0,0,0.22859872059158898
0,0,0.24145723276807415
0,0,0.2411911645563833
1,0,0.2414046391203313
1,0,0.2550572079019953
1,0,0.21457585800642226
1,0,0.1747600870600529
1,0,0.16559904783871343
1,0,0.1664502798691929
1,0,0.17383682843756645
1,0,0.1711657706039719
1,0,0.22436250073294786
1,0,0.2675417116853329
1,0,0.18258378637685838
1,0,0.20950178431096833
1,0,0.19148328313990876
1,0,0.21002985032607854
1,0,0.2078733617598819
1,0,0.16646905677015578
1,0,0.15438256904808867
1,0,0.15680054941783758
1,0,0.14965526785919225
1,0,0.14875262597824837
1,0,0.13120882034905446
1,0,0.13807580997487212
1,0,0.1469890407638438
1,0,0.11834887244828494
1,0,0.1092489458592493
1,0,0.12139516855927608
1,0,0.1155548514863489
1,0,0.111825134853625
1,0,0.1150235737252371
1,0,0.2621706729368444
1,0,0.2264865602554278
1,0,0.21996034306284465
1,0,0.1974544450747338
1,0,0.19798164948434993
1,0,0.20945652480868826
1,0,0.20078755774951976
1,0,0.1820895881715215
1,0,0.17529702813533413
1,0,0.19367153993998237
1,0,0.204168775151706
0,0,0.18348915958251868
0,0,0.1873954860561028
0,0,0.17364291637565782
0,0,0.1771164282528732
0,0,0.1809468784196702
0,0,0.18041539465454315
0,0,0.1797251513701527
0,0,0.17458122297401485
0,0,0.22009797073490514
0,0,0.22708537858947073
0,0,0.232218868787118
0,0,0.221240752610579
0,0,0.18729852785617027
0,0,0.16104940531858403
0,0,0.16214962546871217
0,0,0.15086529215063635
0,0,0.17429567085142225
0,0,0.19435149774638383
0,0,0.15945072602028482
0,0,0.13339794884953912
0,0,0.13184804598830005
0,0,0.13058402514634865
0,0,0.12684425411702313
0,0,0.13172208817473785
0,0,0.17858685072631814
0,0,0.17219785878284463
0,0,0.1431067010020334
0,0,0.1440877432260593
0,0,0.15636541777275548
0,0,0.14609983901782703
0,0,0.12374378196769688
0,0,0.11626844680840809
0,0,0.11016288937108093
0,0,0.10551148922647152
0,0,0.10595185427947974
0,0,0.12903658693453982
0,0,0.13295970705802923
0,0,0.14748117316833778
0,0,0.18258698493464645
0,0,0.17306015014008377
0,0,0.17034317589294165
0,0,0.18787131267889154
0,0,0.17917088848060814
0,0,0.229765785503629
0,0,0.25854596176188516
0,0,0.2065745367124053
0,0,0.1870399055541011
0,0,0.1826858430460399
0,0,0.19351251579562767
0,0,0.18893395100436747
0,0,0.14866236089842172
0,0,0.12953577320649978
0,0,0.1364474921631337
0,0,0.12782287750291868
0,0,0.12157999213957553
0,0,0.10626460474209348
0,0,0.10638325894691886
0,0,0.11024587663466788
0,0,0.11946400593944909
0,0,0.11247174672306555
0,0,0.08587489300975318
0,0,0.07926245696768108
0,0,0.08443240431151822
0,0,0.08432742318514316
0,0,0.09446456143076992
0,0,0.08974916968792389
0,0,0.22373555084859661
0,0,0.24469069629024315
0,0,0.2179148077737025
0,0,0.2478075308162426
0,0,0.23494040715193465
0,0,0.18921007805007495
0,0,0.15101586378658216
0,0,0.15106708840878894
0,0,0.16037013459352584
0,0,0.16353051189598594
0,0,0.15869750039236957
1,0,0.2179297732854558
1,0,0.18823296404471307
1,0,0.1532912599286744
1,0,0.15336969889698515
1,0,0.16190448504154895
1,0,0.13374358891419963
1,0,0.12052296984865188
1,0,0.1213239796411335
1,0,0.13902042473484943
1,0,0.14066056411394381
1,0,0.11570321103039903
1,0,0.12240647514237674
1,0,0.1352690284272353
1,0,0.1089588423317611
1,0,0.11455522177146786
1,0,0.10737357168936933
1,0,0.09861585299861983
1,0,0.10099520862068533
1,0,0.1121133256083979
1,0,0.11350831734274412
1,0,0.10632912858659534
1,0,0.09273065442760903
1,0,0.0935255563735384
1,0,0.10733668637293611
1,0,0.09508166735825904
1,0,0.0846169753765896
1,0,0.09081782562473764
1,0,0.09221400534739219
1,0,0.09965487387538555
1,0,0.09354254054943038
1,0,0.08896429446863786
1,0,0.08650290494076224
1,0,0.09435172260399016
1,0,0.09635106882201759
1,0,0.0889564309137895
0,0,0.3387521232058622
0,1,0.7166232678038074
0,1,0.6526423638928747
0,0,0.3007684950206376
0,0,0.13508197769324187
0,0,0.20030555753150095
0,0,0.14981034271381233
0,0,0.30502875052175266
0,0,0.19087777030515268
0,0,0.26483049173519746
0,0,0.4314151101606195
0,0,0.4948828193342594
0,1,0.6712592309609516
0,1,0.5717336495424319
0,1,0.6389803694193202
0,1,0.9219381492711299
0,1,0.9050339395155717
0,0,0.41417022868575104
0,0,0.2504560859416493
0,0,0.34861930031504074
0,0,0.1805615707952416
0,1,0.6233518108836902
0,1,0.501093906630594
0,1,0.627130026626762
0,1,0.5354953702249187
0,0,0.30905512949574676
0,0,0.26222668539676003
0,0,0.12818674833360952
0,0,0.10213834872154544
0,0,0.06152245794693986
0,0,0.02916328174977794
0,0,0.03858557133984687
0,0,0.17229401945112197
1,1,0.6296176157629053
1,1,0.5105494352581499
1,0,0.22900365585231122
1,1,0.5357698620125911
1,0,0.3941969312090236
1,0,0.24451107423788415
1,1,0.561849665047411
1,0,0.299406773238029
1,0,0.13257556579393048
1,0,0.05721343434048729
1,0,0.026283387812923647
0,0,0.20022122463618838
0,0,0.2215700996793171
0,0,0.4991522982662112
0,1,0.5361252712314728
0,0,0.04382049034872876
0,0,0.1743750960306779
0,0,0.19822632756710926
0,0,0.10599016404381453
0,0,0.4342538427322166
0,0,0.15969447177761664
0,0,0.15558059179925005
0,0,0.29052075720389464
0,0,0.28083273858647156
0,0,0.30560991719100267
0,0,0.301844361746217
0,0,0.20008660418757745
0,0,0.1855341410601295
0,0,0.18615915994313373
0,0,0.19878237508468183
0,0,0.2126881049547221
0,0,0.21592978951103114
0,0,0.1820783399551649
0,0,0.17736634855296882
0,0,0.16861980541519578
0,0,0.16118083106338355
0,0,0.1752528966210862
0,0,0.16364740424245228
0,0,0.15428025921371072
0,0,0.15520344489313814
0,0,0.1542055431795223
0,0,0.14836818602654286
0,0,0.1386295477371858
0,0,0.14154576623673262
0,0,0.13386130682334405
0,0,0.13959173665767358
0,0,0.1464855550078434
0,0,0.13728814154877644
0,0,0.13286216406309906
0,0,0.13691425209306957
0,0,0.13628908310113158
1,1,0.5194217779937234
1,0,0.2868667407311264
1,0,0.03309319029480599
1,1,0.6743948596643584
1,1,0.9158459678069472
1,0,0.4670505628343034
1,0,0.4152760253590717
1,1,0.657179790467277
1,1,0.8052014454425439
1,1,0.8215111282891844
1,1,0.7039896719272702
1,1,0.5208486795535557
1,0,0.1942093149672642
1,0,0.39846195944378165
1,1,0.9383654100119451
1,1,0.915413924477785
1,1,0.6241209144857354
1,1,0.781799339472422
1,1,0.9021537741244007
1,1,0.6247936303011428
1,0,0.23451217744170563
1,0,0.2964464064959526
1,0,0.13232388558358507
1,0,0.11630876745164538
1,0,0.11613865295057396
1,0,0.1160225775985517
1,0,0.12425869102131201
1,0,0.12361660227506145
1,0,0.12866049539699956
1,0,0.1335835776678323
1,0,0.12283430109410054
1,0,0.11899926901944964
1,0,0.11046353920271974
1,0,0.12352583588911377
1,0,0.13883138880096188
1,0,0.1354169567447958
1,0,0.12377825737988367
1,0,0.12007115192654826
1,0,0.1226591066273286
1,0,0.1243040965010946
1,0,0.12503025675202803
1,0,0.13149566421829487
1,0,0.11608994803269475
1,0,0.11424439431771287
1,0,0.11896835246672931
1,0,0.11942287124720333
1,0,0.11048720559015068
1,0,0.10820449659667027
1,0,0.1458065376219421
1,0,0.14298947646856322
1,0,0.10951765592254009
1,0,0.11887524556774724
1,0,0.125887826588698
1,0,0.11818322830154403
1,0,0.1013107542291782
1,0,0.1421830101180732
1,0,0.12878576682476817
1,0,0.11913192558788295
1,0,0.12132342182137083
1,0,0.10512379247609958
1,0,0.10092819158689834
1,0,0.10535700051616151
1,0,0.10313967614874182
1,0,0.10156508512824933
1,0,0.11354687333010956
1,0,0.10840533622373634
1,0,0.1059061603079205
1,0,0.10014459114834917
1,0,0.11988143952205227
1,0,0.12422153402162375
1,0,0.10561495266843642
1,0,0.10312797146663534
1,0,0.09797360453367482
1,0,0.10326390879439427
1,0,0.13236674687887245
1,0,0.11718231537525436
1,0,0.10418384664237823
0,0,0.0252831414352051
0,0,0.00798920129511412
0,0,0.00924302801910681
0,0,0.0028971594154115913
0,0,0.002611592558807077
0,0,0.009742232004606374
0,0,0.019448620398876994
0,0,0.033791511422090366
0,0,0.03896477417552516
0,0,0.041557750845614264
0,0,0.10616513521541464
0,0,0.12463571882424442
0,0,0.2362054065547615
0,0,0.27651111365536385
0,0,0.37050246653848146
0,0,0.2765682613790635
0,0,0.18961899168233778
0,0,0.20633161470942077
0,0,0.19654751127185413
0,0,0.2593142145853502
0,0,0.14966176548059842
0,0,0.12348787862703532
0,0,0.21653905487829203
0,0,0.15488382648419255
0,0,0.0887671622892826
0,0,0.13355399695925038
0,1,0.9382290703862459
0,1,0.9352942312255602
0,0,0.12353963883725357
0,0,0.04579243505832629
0,0,0.03468279729786641
0,0,0.05928959229419011
0,0,0.10880839583919039
0,0,0.10698827526574503
0,0,0.15631542485076952
0,0,0.002052672121268804
0,0,0.0009709047235510087
0,0,0.11051139156153382
0,0,0.28032093790820756
0,1,0.5421122088718546
0,0,0.33205080710955154
0,0,0.07483602759082074
0,0,0.09067192143080535
0,0,0.04531978813945996
0,0,0.06854749758743359
0,0,0.18239604176019308
1,1,0.9999352467121007
1,1,0.9942500886759323
1,1,0.9923717594583452
1,1,0.9998360339733627
1,1,0.9997708674284593
1,1,0.9996765576200529
1,1,0.9999552953638481
1,1,0.9999596956692329
1,1,0.9996447158712745
1,1,0.9993523623390231
1,1,0.9999320473614132
1,1,0.9894271381580263
1,1,0.9532426598599498
1,1,0.9966479344810486
1,1,0.978881176676773
1,1,0.9247649683366826
1,1,0.9721324188481317
1,1,0.9660234567157596
1,1,0.9838444866090534
1,1,0.975523054506036
1,1,0.9735338332281226
1,1,0.9878346205419364
0,1,0.9184966249731339
0,1,0.9660656952832671
0,1,0.9683547675677907
0,0,0.25017195215970706
0,0,0.03457382688626669
0,1,0.5705804929291554
0,1,0.9989593010622781
0,1,0.9958649166262692
0,1,0.9787880513839573
0,0,0.35934562596376246
0,1,0.9101725773547215
0,1,0.7725294699541747
0,1,0.9686111711492198
0,1,0.7523003497255832
0,1,0.9771799821721121
0,1,0.9845422032810501
0,1,0.9664729707823239
0,1,0.9458018391518175
0,1,0.8952938342284498
0,1,0.9803258031353794
0,1,0.9450100602674004
0,0,0.4581718226882516
0,1,0.9999999966063806
0,1,0.9999999996711568
0,1,0.9999999999987021
0,1,0.9999999999925624
0,1,0.9999999718267251
0,1,0.9999996565001509
0,1,0.9999999767086541
0,1,0.9999999026960208
0,1,0.9999998727178752
0,1,0.9999999579113661
0,1,0.9999978358150724
0,0,0.2153550590600805
0,0,0.1455809339793454
0,0,0.19927326923232855
0,0,0.22874513121007548
0,0,0.14829095899052563
0,0,0.15352899289416733
0,0,0.17023378867130737
0,0,0.09807170103788748
0,0,0.10678839318523131
0,0,0.08581249356864622
0,0,0.02334194777254864
0,0,0.04203287300978576
0,0,0.060923114549381666
0,0,0.09223701862082412
0,0,0.21478159695117255
0,0,0.15256707007950676
0,0,0.2891627117074796
0,1,0.5355853845811516
0,1,0.5269470362291442
0,1,0.5442013128055406
0,0,0.10389899909169117
0,0,0.007439491649938119
0,0,0.03236025270096295
0,0,0.11084065217715759
0,0,0.05398857285895042
0,0,0.12129420285179049
0,0,0.20440418060583823
0,0,0.18078714538681454
0,0,0.17742825549901414
1,1,0.8427187828322692
1,1,0.9994259400287954
1,1,0.9993562493852762
1,1,0.9522380987363426
1,1,0.9978649286990491
1,1,0.999444279276307
1,1,0.9932698647525957
1,1,0.999505262620309
1,1,0.9950383756360844
1,1,0.9956406538921498
1,1,0.9993731478272206
0,1,0.9968258133167162
0,1,0.9979233884518172
0,1,0.9996855204792751
0,1,0.9997444069303638
0,1,0.999916359723339
0,1,0.998569521881527
0,1,0.9990081655257036
0,1,0.9998629892750655
0,1,0.9911259171047359
0,1,0.9940761684253924
0,1,0.9995337687914571
0,0,0.19899936884408514
0,0,0.11307337889133624
0,0,0.06194296581129841
0,0,0.03694845837963367
0,0,0.04120555585583884
0,0,0.07411166313375797
0,0,0.05990024711830498
0,0,0.0789919096077931
0,0,0.1462609385582041
0,0,0.15918697847419316
0,0,0.1380181257399001
0,0,0.12720674702205267
0,0,0.17810704872785665
0,0,0.09303067544682352
0,0,0.03107225193153003
0,0,0.052125842348458185
0,0,0.11574400033595501
0,0,0.12342722124295576
0,0,0.0736460635037994
0,0,0.0637011583977636
0,0,0.11652414056756256
0,0,0.2117740271538596
0,0,0.23919581760105726
0,0,0.1786582157292699
0,0,0.19849060451881492
0,0,0.19546636679874835
0,0,0.13774606997952699
0,0,0.43949374876006775
0,1,0.6492137926045792
0,0,0.2675000665249221
0,0,0.1789756096836256
0,0,0.1736487013445972
0,0,0.1229773866435077
0,1,0.6257848169946517
0,1,0.716696728646436
0,0,0.49683219419363045
0,0,0.18550483207352048
0,0,0.25148118598258157
0,0,0.40389443582961776
0,1,0.507313833813506
0,1,0.5189060035482296
0,0,0.3606025206938231
0,0,0.49474809208584064
0,1,0.6644610178120927
0,1,0.6668451577667811
0,1,0.6558483079666462
0,1,0.6316798229710108
0,1,0.5959861590442775
0,1,0.6587143100867406
0,1,0.718227432101831
0,1,0.7449681485374673
0,1,0.8023857366100903
0,1,0.8002708632694074
0,1,0.786261647053812
0,1,0.6821391326016296
0,1,0.5881040861261447
0,1,0.6759217250467746
0,1,0.6637150945504896
0,0,0.2735621531981323
0,0,0.04357437665444098
0,0,0.001234325363684387
0,0,0.00029904586006544324
0,0,0.0006943985255053743
0,0,0.0006683522595288593
0,0,0.025998168159265672
0,0,0.2463689922583934
0,0,0.3066741763461009
0,0,0.4191009668809573
0,0,0.41841651441280037
0,1,0.7070078992010493
0,1,0.6975119460931386
0,0,0.45632634345855144
0,0,0.29984059324662554
0,1,0.5379805378889074
0,1,0.5487981381961884
0,0,0.30196015195412024
0,1,0.5052459060656117
0,1,0.5944206583027105
0,1,0.7558259652428102
0,1,0.8370883030107137
0,1,0.8070939988640298
0,1,0.5145485336836088
0,0,0.4543643474536737
0,0,0.36501257231410816
0,0,0.4574332736047451
0,0,0.4420144181463816
0,0,0.2466316555781617
0,0,0.4248500319625521
0,0,0.34470278697536505
0,0,0.34691824472850163
0,0,0.22256869876089422
0,0,0.2421647878930939
0,0,0.05340148923452762
0,0,0.08667214732331
0,0,0.20889095677846903
0,0,0.1363168783761422
0,0,0.04477991327443213
0,0,0.0412077938600003
0,0,0.19070069990544317
0,0,0.20331787614860386
0,0,0.1735864878593564
1,0,0.2553579771634132
1,1,0.9999849735668943
1,1,0.9999657807107477
1,1,0.7407239480777071
1,0,0.407376181742245
1,0,0.008147476150867331
1,0,0.1096498079969548
1,1,0.9490625146082876
1,1,0.980053379989782
1,1,0.625291427323345
1,1,0.890882543849704
1,1,0.9986129378946879
1,1,0.9671760905082315
1,1,0.9210575921155021
1,1,0.9056353223684955
1,0,0.008525723304956866
1,0,0.010357971741015324
1,0,0.4649986554976622
1,0,0.11935222168549917
1,0,0.414691478012436
1,0,0.0011340353900947003
1,0,0.0012464244339789041
1,0,0.12366635519476399
1,0,0.005275601654281438
1,0,0.03802964464880863
1,1,0.8484970842864535
1,1,0.8205566878224472
1,1,0.8339491737226232
1,0,0.41320587349558374
1,1,0.9056077654258334
1,1,0.6181802190966263
1,1,0.5009876585947087
1,1,0.8623706280228032
1,1,0.9999999999998557
1,1,0.9328584633256678
1,1,0.9330816188022116
1,1,0.9383544192033432
1,0,0.4539394882712058
1,0,0.027137059676114086
1,0,0.022582708259810066
1,1,0.7395765402002421
1,1,0.9993197584488321
1,1,0.5683334370232515
1,0,0.012622751161932177
0,1,0.9144330931005148
0,1,0.999015462671015
0,1,0.9999322462597526
0,1,0.9938814023589162
0,1,0.9898145650335491
0,1,0.9960298350348653
0,1,0.9981441874188316
0,1,0.98859216850704
0,1,0.9882619378324272
0,1,0.9913634553281159
0,1,0.9875194971662736
0,0,0.028591995485037675
0,0,0.014372017386995986
0,0,0.014182511680678392
0,0,0.007113921583160421
0,0,0.012132912775324129
0,0,0.053847398738145084
0,0,0.09043700765813142
0,0,0.05459672352791852
0,0,0.028478649915301028
0,0,0.02632274799017427
0,0,0.04135771680107189
0,0,0.030125071509155336
0,0,0.03883557457200748
0,0,0.09677716066386587
0,0,0.1304225530900998
0,0,0.09174637761114746
0,0,0.055835962433576226
0,0,0.04973367887445671
0,0,0.028585553146805272
0,0,0.04257656244516129
0,0,0.06887811313891447
0,0,0.04751893402119242
0,0,0.0271729693487825
0,0,0.03088093493177299
0,0,0.07893793427087828
0,0,0.04360249339950083
0,0,0.022294987840536382
0,0,0.03251327856953158
0,0,0.06705614135435209
1,1,0.9981915153381327
1,1,0.989909756396392
1,1,0.9921112921488741
1,1,0.9992893775892778
1,1,0.999522230964298
1,1,0.8016282565815391
1,0,0.0912552612206921
1,0,0.11064981198220813
1,0,0.09875768004314651
1,0,0.12979977900179887
1,1,0.80801130128762
0,1,0.9998752909574781
0,1,0.9977615810157093
0,1,0.9995589129581843
0,1,0.9999375412666938
0,1,0.9762244096848733
0,1,0.8811113692758152
0,1,0.991917785896913
0,1,0.999440492625504
0,1,0.9825708046734416
0,1,0.8981612815152061
0,1,0.9620615108338415
0,1,0.6633598285793355
0,0,0.4575859433247851
0,0,0.28846171818431915
0,0,0.38579886450000106
0,1,0.7106846402413671
0,1,0.8691427346426711
0,1,0.7096893010559979
0,0,0.27404480120060465
0,1,0.5036313711469332
0,1,0.8750265814664706
0,1,0.8647814847369856
0,1,0.8277205074005314
0,1,0.8788363323693739
0,1,0.8491111478273172
0,0,0.26342789178289894
0,0,0.14082011439345354
0,1,0.692002611149214
0,1,0.7864693781136197
0,0,0.017216230982822794
0,0,8.016286890751215e-05
0,0,0.0007533580926811912
0,0,0.1686152532292011
0,1,0.8111912376226791
0,1,0.6456713774601277
0,0,0.3048978690699193
0,0,0.2613718483217054
0,1,0.5188500275435816
0,1,0.712607052655665
0,1,0.6693886290919226
0,1,0.7977091279889095
0,1,0.877834161754667
0,1,0.90483512490924
0,1,0.9284719640424127
0,1,0.6700947943510225
0,1,0.6348574731143349
0,0,0.4101872394057245
0,1,0.6089737912837242
0,0,0.3183446443177339
0,1,0.7439886805351306
0,1,0.9234247611216119
0,0,0.1096303253686007
0,0,0.0025986398127452667
0,0,0.08955577109143105
0,1,0.9563150927996723
0,1,0.9904533270357053
0,1,0.6192807606353148
0,0,0.017912417924770992
0,0,0.04259362763123968
0,1,0.5875890929023208
0,1,0.9415635647865872
0,1,0.9535201824475295
0,1,0.6737288428295176
0,1,0.6076903503262828
0,0,0.49312583898964374
0,0,0.015058873293749263
0,0,0.13076162229877322
0,0,0.11976024980601369
0,0,0.13345485326182974
0,0,0.13665148815187955
0,0,0.12497785237380415
0,0,0.13993544824755352
0,0,0.12445153545799303
0,0,0.12153355897650432
0,0,0.12881621590170894
0,0,0.1203953952046503
0,0,0.11823348771129642
0,0,0.08167301421453714
0,0,0.12308003457436537
0,0,0.13070319792159216
0,0,0.12498761231404876
0,0,0.09366191135111489
0,0,0.10375887396186403
0,0,0.11429918482012254
0,0,0.11039626592708113
0,0,0.10684191763704998
0,0,0.10439568570592901
0,0,0.11240185317232969
0,0,0.12088610029725382
0,0,0.11788820135162043
0,0,0.11549180685104012
0,0,0.11942891101236741
0,0,0.11276315393428384
0,0,0.10848793696830293
0,0,0.1186365911629512
0,0,0.13694224943242073
0,0,0.12775330508907504
0,0,0.12537850290516106
0,0,0.13959062904783567
0,0,0.11379334689908241
0,0,0.10524669651109231
0,0,0.0936918280458874
0,0,0.09764217500568768
0,0,0.11421998680920004
0,0,0.10991677689665849
0,0,0.1183079678486694
0,0,0.11667032469478872
0,0,0.1194174602114148
0,0,0.11751812586729794
0,0,0.11658581413656827
0,0,0.11903588456414044
0,0,0.12099065326170388
0,0,0.19202974063442108
0,0,0.11255364338387328
0,0,0.14945266921183348
0,0,0.12600655557906176
0,0,0.11616278758647171
0,0,0.15778455487596998
0,0,0.13389798861040011
0,0,0.11084993421909715
0,0,0.09385428545447876
0,0,0.08925782292268378
0,0,0.12729749967355322
1,0,0.13447215594148146
1,0,0.13554607333361204
1,0,0.1119084377373983
1,0,0.11781648932845765
1,0,0.15067946769991952
1,0,0.11053349356076293
1,0,0.11067916282700095
1,0,0.12713955035456023
1,0,0.12367965983307376
1,0,0.12467820133069295
1,0,0.1345988946835964
1,0,0.09241039931821722
1,0,0.15474317042234315
1,0,0.16933044790909366
1,0,0.16945622677494207
1,0,0.14558321598254703
1,0,0.14611994183672453
1,0,0.13580164995643798
1,0,0.13432898326902742
1,0,0.1548127417746424
1,0,0.18005203498209585
1,0,0.1707840833942779
0,0,0.11707421408934755
0,0,0.1515225140081836
0,0,0.151356991928384
0,0,0.1624802790504652
0,0,0.15592785996361763
0,0,0.15432073222806694
0,0,0.17321103248219116
0,0,0.13960285467710976
0,0,0.13799627132979359
0,0,0.15956487810576417
0,0,0.15071468182492773
1,0,0.19774693845352842
1,0,0.16671290353996343
1,0,0.13775507158517725
1,0,0.1508062539268224
1,0,0.16605454909156758
1,0,0.13362765073125768
1,0,0.1242556412124532
1,0,0.12316550240390894
1,0,0.10735854472957555
1,0,0.1271261983323578
1,0,0.13084608488765231
0,0,0.1452761850807081
0,0,0.1714423312780238
0,0,0.16819673279786013
0,0,0.15364381054642323
0,0,0.15301385667726328
0,0,0.156104341564655
0,0,0.15782436464416683
0,0,0.16952329098629593
0,0,0.16413125297794215
0,0,0.179418953168249
0,0,0.21728704595896528
0,0,0.1958672671089341
0,0,0.1874200024401531
0,0,0.15261260994701714
0,0,0.15327802585315903
0,0,0.23744981621944605
0,0,0.2179787691017581
0,0,0.2164227106222984
0,0,0.1847642650852967
0,0,0.1910645992452585
0,0,0.1964786950227695
0,0,0.2584735536340961
0,0,0.24303465259714008
0,0,0.2375539947327669
0,0,0.2193841876496383
0,0,0.17221675073824944
0,0,0.15666133162529414
0,0,0.1568070235316409
0,0,0.1743263654285008
1,0,0.1477482522627434
1,0,0.13700301939416487
1,0,0.11661317761870241
1,0,0.11223270115090793
1,0,0.10990350135590271
1,0,0.13306536983124861
1,0,0.11564308129883914
1,0,0.0995912945386386
1,0,0.11534979385966714
1,0,0.13227137131638286
1,0,0.14457258044350021
1,0,0.14220845364665297
1,0,0.13403703791212634
1,0,0.12272436539706601
1,0,0.12623722504042553
1,0,0.137381531216115
1,0,0.14296932085203415
1,0,0.13152191759208434
1,0,0.1441866610519587
1,0,0.1390756641132803
1,0,0.12521584601168742
1,0,0.11546139616068186
0,0,0.15692118681535766
0,0,0.14087251954369975
0,0,0.1411263338537921
0,0,0.13380717976444118
0,0,0.13926759795645954
0,0,0.13322712078910057
0,0,0.12004958674488292
0,0,0.1211959050570505
0,0,0.118703212690017
0,0,0.11624411260221774
0,0,0.1248131981427545
0,0,0.12042458158477595
0,0,0.14008779515094993
0,0,0.1604020119004166
0,0,0.130906821313967
0,0,0.14119287704542596
0,0,0.14825872653036876
0,0,0.13759131873080108
0,0,0.11921231448367049
0,0,0.11265560507812708
0,0,0.11816628795173184
0,0,0.12670758160965973
0,0,0.13430574690399655
0,0,0.13012448646936883
0,0,0.12322736690594067
0,0,0.13150523665763567
0,0,0.1341353133260941
0,0,0.11686274337433102
0,0,0.12653728889392693
0,0,0.13250246342866265
0,0,0.12801693067882872
0,0,0.12559496631950315
0,0,0.12625792915800024
0,0,0.1351698185793763
0,0,0.1405416179505965
0,0,0.12691910251231592
0,0,0.122672989120929
0,0,0.1319844947369131
0,0,0.13299010258255292
0,0,0.13775975685788178
0,0,0.13356078187287426
0,0,0.1325002229236012
0,0,0.1284021556771916
0,0,0.11145174054251974
0,0,0.11274752493178568
0,0,0.12600882290737256
0,0,0.1290435467806566
0,0,0.127499766623496
0,0,0.12345555345996627
0,0,0.12253077163265336
0,0,0.12080901724335716
0,0,0.12188360148888325
0,0,0.12301996110964662
0,0,0.11262629610685647
0,0,0.10850608549890663
0,0,0.10075319951512494
0,0,0.0680365436091831
0,0,0.17544220286937312
0,0,0.1143139850780735
0,0,0.051319512030105076
0,0,0.055310033319295675
0,0,0.049780711961226735
0,0,0.1638767402857416
0,0,0.42034672219997554
0,0,0.3800637605205881
0,0,0.33509759259646105
0,0,0.02702202624285391
0,0,0.011932610221487807
0,0,0.09649648687728553
0,0,0.1959030012248556
0,0,0.05969682814814025
0,0,0.04479594800485315
0,0,0.04277910265491033
0,0,0.10117908112144798
0,0,0.1381652118960933
0,0,0.05857470931339796
0,0,0.06179115012695138
0,0,0.04216518709558399
0,0,0.009659677834387257
0,0,0.00553321696059631
0,0,0.005015846529588163
0,0,0.010450072089294762
0,0,0.018204534373235794
0,0,0.014224476431764917
0,0,0.019277749224115803
0,0,0.024222439848779483
0,0,0.057569459539829386
0,0,0.11833966370918571
0,0,0.12016350108482954
0,0,0.06021122810286823
0,0,0.030649165638707836
0,0,0.01787415270519768
0,0,0.009010455889376835
0,0,0.021418990800505782
0,0,0.026191832637116406
0,0,0.060505727908524154
0,0,0.157886345123538
0,0,0.14046179303484177
0,0,0.1957053991937052
0,0,0.1086513049795544
0,0,0.05758465550812954
1,1,0.9657108680197359
1,1,0.9509562212571252
1,1,0.992345415348602
1,1,0.9977314907117075
1,1,0.6650327372520978
1,0,0.07237450266975144
1,0,0.4347894470242772
1,1,0.9952439273759899
1,1,0.9999441137662146
1,1,0.999994835505582
1,1,0.9999850730262035
1,1,0.9999936045751019
1,1,0.9999923971830746
1,1,0.9999464132369997
1,1,0.9993180657619466
1,1,0.9970730931384291
1,1,0.9944898769609648
1,1,0.9963573389981029
1,0,0.11363048231162344
1,1,0.9652984368430678
1,1,0.9999645414140187
1,1,0.8775312121112167
1,1,1.0
1,1,1.0
1,1,1.0
1,1,1.0
1,1,1.0
1,1,1.0
1,1,0.9999999999994742
1,1,0.999999909762059
1,0,0.17633734776074747
1,0,0.38773133803594984
1,1,0.9999910948842973
0,1,0.9963646330895848
0,1,0.9993440076949898
0,1,0.9793007110030253
0,1,0.9039116657818995
0,1,0.999873807220239
0,1,0.9995861741396421
0,1,0.9517290612409524
0,1,0.8236184419979117
0,1,0.8564081602114805
0,1,0.731968643130613
0,0,0.23058450953136883
0,1,0.9960340751134942
0,1,0.8227654657820724
0,1,0.9558793038641497
0,1,0.999989499966512
0,1,0.9999946478115344
0,1,0.998429388442297
0,1,0.9407731488557805
0,1,0.9408281875133944
0,1,0.9999999240450863
0,1,0.9999999898661217
0,1,0.9991924419321201
1,0,0.31909002059187064
1,0,0.020414666015888223
1,0,0.03409723973079638
1,0,0.2762533561550389
1,0,0.29782458187285055
1,0,0.13430012406690225
1,0,0.16842971005527138
1,0,0.06767068179194079
1,0,0.034535888873536494
1,0,0.03547936115833801
1,0,0.06728424998593185
1,0,0.2693066148551866
1,1,0.8243962312910617
1,1,0.9359117142814848
1,1,0.915727705897877
1,1,0.905233597354807
1,1,0.8899850443736136
1,1,0.9075915239873938
1,1,0.8671898357468516
1,1,0.8132697114657368
1,1,0.773575209593746
1,1,0.6960581632596685
1,1,0.5181022562776624
1,0,0.38023035114548986
1,0,0.396892967027461
1,1,0.6270086551676087
1,1,0.7964238790778945
1,1,0.7797656505781209
1,1,0.6490566310712161
1,1,0.9999988692525209
1,1,0.9999989992614663
1,1,0.990637428734112
1,1,0.9901097265465493
1,1,0.9999998422708376
1,1,0.9999997580243559
1,1,0.999999868097818
1,1,0.9999999999660278
1,1,1.0
1,1,1.0
1,1,1.0
1,1,0.9998554881246654
1,1,0.999196853071348
1,1,0.9998257578659568
1,1,0.9927612418755052
1,0,0.21052374813204738
1,0,0.043283500691415934
1,0,0.008210667065096884
1,0,0.0003194240914693531
1,0,6.993318774782031e-05
1,0,0.10773099384717309
1,0,0.14633935966785755
0,0,0.002329792673668712
0,0,0.0012351994370061352
0,0,0.0004486891278807174
0,0,0.0007902925013151791
0,0,0.12004643863719626
0,1,0.8745631721793058
0,1,0.5347654101203353
0,1,0.6146955139688022
0,1,0.905386570683489
0,1,0.9327883435737425
0,1,0.7055305839607962
0,1,0.7799462324593858
0,1,0.9576964167081017
0,1,0.966267494762549
0,1,0.9813229911066852
0,1,0.9858907017023238
0,1,0.9865987380142768
0,1,0.9822423228489121
0,1,0.9785685926837987
0,1,0.9666966964836603
0,1,0.7951705372126199
0,1,0.5760502797883229
0,1,0.8350237854921387
0,1,0.9382450567539388
0,0,0.3764325896212819
0,0,0.1650149510525219
0,0,0.1012882680651215
0,0,0.013457784246113965
0,0,0.015731269252963052
0,0,0.3741319829530305
0,1,0.538825240718523
0,0,0.3589701679238653
0,0,0.21452199945007291
0,0,0.06570284084461019
0,0,0.05366760214581945
0,0,0.002573461595544644
0,0,0.0003172962484827586
0,0,0.00255899132034069
0,0,0.004525006870773504
0,0,0.007709660284206886
0,0,0.05107331214380048
0,0,0.13230888193880677
0,0,0.129528621213474
0,0,0.064258229530856
0,0,0.03174274734340865
0,0,0.04428369218200752
0,0,0.07723617335757665
0,0,0.008257109959867259
0,0,0.0005105227751213067
0,0,2.4449997421246293e-05
0,0,4.367160344539291e-06
0,0,8.397717490730379e-06
0,0,2.8368075009603374e-05
0,0,0.00035475769084863094
0,0,0.0013355957337378658
0,1,1.0
0,1,1.0
0,1,1.0
0,1,1.0
0,1,1.0
0,1,1.0
0,1,1.0
0,1,1.0
0,1,1.0
0,1,1.0
0,1,1.0
0,1,1.0
0,1,1.0
0,1,1.0
0,1,1.0
0,1,1.0
0,1,1.0
0,1,1.0
0,1,1.0
0,1,1.0
0,1,1.0
0,1,1.0
0,1,1.0
0,1,1.0
0,1,1.0
0,1,1.0
0,1,1.0
0,1,1.0
0,1,1.0
0,1,1.0
0,1,1.0
0,1,1.0
0,1,1.0
0,1,1.0
0,1,1.0
0,1,1.0
0,1,1.0
0,1,1.0
0,1,1.0
0,1,1.0
0,1,1.0
0,1,1.0
0,1,1.0
0,1,1.0
0,1,1.0
0,1,1.0
0,1,1.0
0,1,1.0
0,1,1.0
0,1,1.0
0,1,1.0
0,1,1.0
0,1,1.0
0,1,1.0
0,1,1.0
0,1,1.0
0,1,1.0
0,1,1.0
0,1,1.0
0,1,1.0
0,1,1.0
0,1,1.0
0,1,1.0
0,1,1.0
0,1,1.0
0,1,1.0
0,1,1.0
0,1,1.0
0,1,1.0
0,1,1.0
0,1,1.0
0,1,1.0
0,1,1.0
0,1,1.0
0,1,1.0
0,1,1.0
0,1,1.0
0,1,1.0
0,1,1.0
0,1,1.0
0,1,1.0
0,1,1.0
0,1,1.0
0,1,1.0
0,1,1.0
0,1,1.0
0,1,1.0
0,1,1.0
0,1,1.0
0,1,1.0
0,1,1.0
0,1,1.0
0,1,1.0
0,1,1.0
0,1,1.0
0,1,1.0
0,1,1.0
0,1,1.0
0,1,1.0
0,1,1.0
0,1,1.0
0,1,1.0
0,1,1.0
0,1,1.0
0,1,1.0
0,1,1.0
0,0,0.0
0,0,0.0
0,0,0.0
0,0,0.0
0,0,0.0
0,0,0.0
0,0,0.0
0,1,1.0
0,1,1.0
0,1,1.0
0,1,1.0
0,1,1.0
0,1,1.0
0,1,1.0
0,1,1.0
0,1,1.0
0,1,1.0
0,1,1.0
0,1,1.0
0,1,1.0
0,1,1.0
0,1,1.0
0,1,1.0
0,1,1.0
0,1,1.0
0,1,1.0
0,1,1.0
0,1,1.0
0,1,1.0
0,1,1.0
0,1,1.0
0,1,1.0
0,1,1.0
0,1,1.0
0,1,1.0
0,1,1.0
0,1,1.0
0,1,1.0
0,1,1.0
0,1,1.0
0,1,1.0
0,1,1.0
0,1,1.0
0,1,1.0
0,1,1.0
0,1,1.0
0,1,1.0
0,1,1.0
0,1,1.0
0,1,1.0
0,1,1.0
0,1,1.0
0,1,1.0
0,1,1.0
0,1,1.0
0,1,1.0
0,1,1.0
0,1,1.0
0,1,1.0
0,1,1.0
0,1,1.0
0,1,1.0
0,1,1.0
0,1,1.0
0,1,1.0
0,1,1.0
0,1,1.0
0,1,1.0
0,1,1.0
0,1,1.0
0,1,1.0
0,1,1.0
0,1,1.0
0,1,1.0
0,1,1.0
0,1,1.0
0,1,1.0
0,1,1.0
0,1,1.0
0,1,1.0
0,1,1.0
0,1,1.0
0,1,1.0
0,1,1.0
0,1,1.0
0,1,1.0
0,1,1.0
0,1,1.0
0,1,1.0
0,1,1.0
0,1,1.0
0,1,1.0
0,1,1.0
0,1,1.0
0,1,1.0
0,1,1.0
0,1,1.0
0,1,1.0
0,1,1.0
0,1,1.0
0,1,1.0
0,1,1.0
0,1,1.0
0,1,1.0
0,1,1.0
0,1,1.0
0,1,1.0
0,1,1.0
0,1,1.0
0,1,1.0
0,1,1.0
0,1,1.0
0,1,1.0
0,1,1.0
0,1,1.0
0,1,1.0
0,1,1.0
0,1,1.0
0,1,1.0
0,1,1.0
0,1,1.0
0,1,1.0
0,1,1.0
0,1,1.0
0,1,1.0
0,1,1.0
0,1,1.0
0,1,1.0
0,1,1.0
0,1,1.0
0,1,1.0
0,1,1.0
0,1,1.0
0,1,1.0
0,1,1.0
0,1,1.0
0,1,1.0
0,1,1.0
0,1,1.0
0,1,1.0
0,1,1.0
0,1,1.0
0,1,1.0
0,1,1.0
0,1,1.0
0,1,1.0
0,1,1.0
0,1,1.0
0,1,1.0
0,1,1.0
0,1,1.0
0,1,1.0
0,1,1.0
0,1,1.0
0,1,1.0
0,1,1.0
0,1,1.0
0,1,1.0
1,1,1.0
1,1,1.0
1,1,1.0
1,1,1.0
1,1,1.0
1,1,1.0
1,1,1.0
1,1,1.0
1,1,1.0
1,1,1.0
1,1,1.0
1,0,0.0
1,0,0.0
1,0,0.0
1,0,0.0
1,0,0.0
1,1,1.0
1,1,1.0
1,0,0.0
1,0,0.0
1,0,0.0
1,0,0.0
1,1,1.0
1,1,1.0
1,1,1.0
1,1,1.0
1,1,1.0
1,1,1.0
1,1,1.0
1,1,1.0
1,1,1.0
1,1,1.0
1,1,1.0
1,0,0.0
1,1,1.0
1,0,0.0
1,0,0.0
1,0,0.0
1,0,0.0
1,0,0.0
1,0,0.0
1,1,1.0
1,1,1.0
1,1,1.0
1,1,1.0
1,1,1.0
1,1,1.0
1,1,1.0
1,1,1.0
1,1,1.0
1,1,1.0
1,1,1.0
1,1,1.0
1,0,0.0
1,0,0.0
1,1,1.0
1,1,1.0
1,1,1.0
1,1,1.0
1,1,1.0
1,1,1.0
1,1,1.0
1,1,1.0
1,1,1.0
1,1,1.0
1,1,1.0
1,1,1.0
1,1,1.0
1,1,1.0
1,1,1.0
1,1,1.0
1,0,0.0
1,0,0.0
1,1,1.0
1,1,1.0
1,1,1.0
1,1,1.0
1,1,1.0
1,1,1.0
1,1,1.0
1,1,1.0
1,1,1.0
1,1,1.0
1,1,1.0
1,1,1.0
1,1,1.0
1,1,1.0
1,1,1.0
1,1,1.0
1,1,1.0
1,1,1.0
1,1,1.0
1,1,1.0
1,1,1.0
1,1,1.0
0,1,1.0
0,1,1.0
0,1,1.0
0,1,1.0
0,1,1.0
0,1,1.0
0,1,1.0
0,1,1.0
0,1,1.0
0,1,1.0
0,1,1.0
0,1,1.0
0,1,1.0
0,1,1.0
0,1,1.0
0,1,1.0
0,1,1.0
0,1,1.0
0,1,1.0
0,1,1.0
0,1,1.0
0,1,1.0
0,1,1.0
0,1,1.0
0,1,1.0
0,1,1.0
0,1,1.0
0,1,1.0
0,1,1.0
0,1,1.0
0,1,1.0
0,1,1.0
0,1,1.0
0,1,1.0
0,1,1.0
0,1,1.0
0,1,1.0
0,1,1.0
0,1,1.0
0,1,1.0
0,1,1.0
0,1,1.0
0,1,1.0
0,1,1.0
0,1,1.0
0,1,1.0
0,1,1.0
0,1,1.0
0,1,1.0
0,1,1.0
0,1,1.0
0,1,1.0
0,1,1.0
0,1,1.0
0,1,1.0
0,0,1.1008903749275278e-16
0,1,0.9999787921052857
0,1,1.0
0,1,1.0
0,1,0.9999999999999283
0,0,0.30010705977246804
0,0,0.45086487441290196
0,0,0.31185072136548875
0,1,0.5515499758682942
0,0,0.1472247399597761
0,0,2.0064048339434557e-15
1,0,0.01748861290509726
1,0,0.07988075375526488
1,0,0.04643273167142425
1,0,0.029356370989889496
1,0,0.048352933968431364
1,0,0.09096291460769058
1,0,0.10912123818960189
1,0,0.07784937744645822
1,0,0.03179312160324107
1,0,0.037222387972497266
1,0,0.07055730364797144
1,0,0.1622745859116225
1,0,0.0800863627104671
1,0,0.034952584613816395
1,0,0.00721018540281071
1,0,0.002295059447152455
1,0,0.005399827130121609
1,0,0.01615905383463041
1,0,0.01596378533963719
1,0,0.03262440205109552
1,0,0.07406758777504058
1,0,0.06361362143790655
1,0,0.02984181217753833
1,0,0.02266883773571255
1,0,0.025605279242233714
1,0,0.05379683960078456
1,0,0.038666511408017946
1,0,0.045775389181694826
1,0,0.17875647206183293
1,0,0.2384345834536447
1,0,0.12194149001936862
1,0,0.016118623890315487
1,0,0.016158019551105067
1,0,0.07896149334311722
1,0,0.1679774299637488
1,0,0.00011651000992404936
1,1,0.9999999998310036
1,1,0.9999962554987586
1,1,0.99999999884573
1,1,0.9999999879784788
1,0,5.778505392763733e-29
1,0,2.6229928617571506e-56
1,0,3.9490757358442334e-14
1,1,0.9999999999999116
1,1,0.9856287422213293
1,0,2.4883236683548333e-07
1,0,2.205833117112251e-38
1,0,2.819859304914759e-35
1,1,0.999999999999651
1,1,1.0
1,1,1.0
1,1,0.9999999999999958
1,1,0.9999999793567909
1,1,0.9999800702116294
1,1,0.9999911756495014
1,1,0.9999999999999984
1,1,1.0
1,1,0.9999999314781511
1,1,0.9999999997382418
1,1,0.9999999998518012
1,1,0.9998741784335711
1,0,1.216670565674455e-15
1,0,3.7666331401942855e-24
1,0,9.277575966275784e-28
1,0,4.85267730495605e-26
1,0,3.607313129757325e-23
1,0,1.3358114223012662e-68
1,0,1.3264682488784563e-19
1,1,0.9999343727992542
1,1,0.995659822011635
1,1,0.9995570076239446
1,1,0.9999319566754576
1,1,0.9999999995518642
1,1,0.9999999988440285
1,1,1.0
1,1,1.0
1,0,9.375694304682611e-60
1,0,0.0
1,0,0.0
0,1,0.9999999995588187
0,1,0.9951530815864285
0,1,0.9997780105795129
0,1,0.999999925359029
0,1,0.9999616780289998
0,1,0.9999998744247209
0,1,0.9999999998272235
0,1,0.9999999999999059
0,1,0.9999999999812168
0,1,0.9999421451403617
0,1,0.999978979176249
0,0,0.04629584161685511
0,0,0.025128879464254034
0,0,0.013067774612507334
0,0,0.06341303003829062
0,1,0.8013865687838281
0,1,0.9703341324638248
0,1,0.9394936311387546
0,1,0.8958384657753765
0,1,0.9548344359091651
0,1,0.9473645473851545
0,1,0.7220859190604781
0,0,0.36530573230842245
0,0,0.2974533245555309
0,1,0.6030912019432495
0,1,0.699146999491977
0,1,0.8279507496881742
0,1,0.8477728795922067
0,0,0.4383504784062284
0,0,0.1767459056204094
0,0,0.22079998438161877
0,0,0.3354002912828878
0,0,0.29657259955148213
0,0,0.3094584869342724
0,0,0.29066405626911174
0,0,0.14400005782188957
0,0,0.1470031658393657
0,0,0.28929856879273314
0,0,0.34846605743716996
0,0,0.441553978389446
0,1,0.9999999996740523
0,1,0.9999999999148534
0,1,0.9999999999801672
0,0,3.939856229168167e-61
0,0,1.3004546053926472e-184
0,0,2.326419617010278e-153
0,0,2.7125247281520964e-32
0,1,0.9999998990787964
0,0,4.2860143248365986e-07
0,0,1.1273357623427013e-10
0,0,0.11768200509477178
1,1,0.9999978856736176
1,1,0.9999986300496295
1,1,0.9999996213893186
1,1,0.9999629683299768
1,1,0.9999994349771655
1,1,0.9999999425507251
1,1,0.9999984343606142
1,0,7.980710894799899e-10
1,0,1.4895170539036303e-11
1,1,0.999985370000181
1,1,0.9999938591398124
0,0,0.08652897871539243
0,0,0.0010122287409795921
0,0,0.005356689141229782
0,0,0.16128740438231462
0,0,0.031862700617612975
0,0,0.02142346329565656
0,0,0.24828710232567772
0,0,0.3116728218200683
0,0,0.03809490563353401
0,0,0.03693150690915905
0,0,0.11469609190379502
0,0,0.10169654960908034
0,0,0.0698322022692127
0,0,0.031433331420273464
0,0,0.006651348288242615
0,0,0.004057085086501062
0,0,0.008869738368485959
0,0,0.003880043866982485
0,0,0.0009619234358228507
0,0,0.0013224757675816849
0,0,0.0043994621388223675
0,0,0.013333679827501761
0,0,0.018234624368276466
0,0,0.0005509011329275998
0,0,3.747377794121151e-05
0,0,1.4364505376121116e-05
0,0,2.1444943571025177e-05
0,0,0.0010353525489373452
0,0,0.004657000040122811
0,0,0.004293938448600776
0,0,0.007791537368367475
0,0,0.011348745733944624
0,0,0.0030609688854347614
0,0,2.837763803345922e-295
0,0,4.3984945856220865e-126
0,0,0.0018016659025305352
0,0,0.0012864238709213592
0,0,0.0008748072005948281
0,0,6.421072880476903e-05
0,0,1.6081252706550013e-07
0,0,5.155525650846617e-10
0,0,2.2066106312736438e-11
0,0,1.5136074171881317e-12
0,0,9.326862557242758e-13
0,0,2.2149408267469594e-11
0,0,1.678340577753551e-09
0,0,1.2718560352415442e-07
0,0,0.00011192157274978723
0,0,0.01625431560966475
0,0,0.08971118358156165
0,0,0.17525822172537694
0,0,0.12708335344055696
0,0,0.3616519562536888
0,1,0.7708151560488442
0,1,0.8207013606274214
0,1,1.0
0,1,1.0
0,1,1.0
0,1,1.0
0,1,1.0
0,1,1.0
0,1,1.0
0,1,1.0
0,1,1.0
0,1,1.0
0,1,1.0
0,1,1.0
0,1,1.0
0,1,1.0
0,1,1.0
0,1,1.0
0,1,1.0
0,1,1.0
0,1,1.0
0,1,1.0
0,1,1.0
0,1,1.0
0,1,1.0
0,1,1.0
0,1,1.0
0,1,1.0
0,1,1.0
0,1,1.0
0,1,1.0
0,1,1.0
0,1,1.0
0,1,1.0
0,1,1.0
0,1,1.0
0,1,1.0
0,1,1.0
0,1,1.0
0,1,1.0
0,1,1.0
0,1,1.0
0,1,1.0
0,1,1.0
0,1,1.0
0,1,1.0
0,1,1.0
0,1,1.0
0,1,1.0
0,1,1.0
0,1,1.0
0,1,1.0
0,1,1.0
0,1,1.0
0,1,1.0
0,1,1.0
0,1,1.0
0,1,1.0
0,1,1.0
0,1,1.0
0,1,1.0
0,1,1.0
0,1,1.0
0,1,1.0
0,1,1.0
0,1,1.0
0,1,1.0
0,1,1.0
0,1,1.0
0,1,1.0
0,1,1.0
0,1,1.0
0,1,1.0
0,1,1.0
0,1,1.0
0,1,1.0
0,1,1.0
0,1,1.0
0,1,1.0
0,1,1.0
0,1,1.0
0,1,1.0
0,1,1.0
0,1,1.0
0,1,1.0
0,1,1.0
0,1,1.0
0,1,1.0
0,1,1.0
0,1,1.0
0,1,1.0
0,1,1.0
0,1,1.0
0,1,1.0
0,1,1.0
0,1,1.0
0,1,1.0
0,1,1.0
0,1,1.0
0,1,1.0
0,1,1.0
0,1,1.0
0,1,1.0
0,1,1.0
0,1,1.0
0,1,1.0
0,1,1.0
0,1,1.0
0,1,1.0
0,1,1.0
0,1,1.0
0,1,1.0
0,1,1.0
0,1,1.0
0,1,1.0
0,1,1.0
0,1,1.0
0,1,1.0
0,1,1.0
0,1,1.0
0,1,1.0
0,1,1.0
0,1,1.0
0,1,1.0
0,1,1.0
0,1,1.0
0,1,1.0
0,0,0.0
0,0,0.0
0,1,1.0
0,1,1.0
0,1,1.0
0,1,1.0
0,1,1.0
0,1,1.0
0,1,1.0
0,1,1.0
0,1,1.0
0,1,1.0
0,1,1.0
0,1,1.0
0,1,1.0
0,1,1.0
0,1,1.0
0,1,1.0
0,1,1.0
0,1,1.0
0,1,1.0
0,1,1.0
0,1,1.0
0,1,1.0
0,1,1.0
0,1,1.0
0,1,1.0
0,1,1.0
0,1,1.0
0,1,1.0
0,1,1.0
0,1,1.0
0,1,1.0
0,1,1.0
0,1,1.0
0,1,1.0
0,1,1.0
0,1,1.0
0,1,1.0
0,1,1.0
0,1,1.0
0,1,1.0
0,1,1.0
0,1,1.0
0,1,1.0
0,1,1.0
0,1,1.0
0,1,1.0
0,1,1.0
0,1,1.0
0,1,1.0
0,1,1.0
0,1,1.0
0,1,1.0
0,1,1.0
0,1,1.0
0,1,1.0
0,1,1.0
0,1,1.0
0,1,1.0
0,1,1.0
0,1,1.0
0,1,1.0
0,1,1.0
0,1,1.0
0,1,1.0
0,1,1.0
0,1,1.0
0,1,1.0
0,1,1.0
0,1,1.0
0,1,1.0
0,1,1.0
0,1,1.0
0,1,1.0
0,1,1.0
0,1,1.0
0,1,1.0
0,1,1.0
0,1,1.0
0,1,1.0
0,1,1.0
0,0,0.16703997745722257
0,0,0.1949455431599367
0,0,0.16714731293314458
0,0,0.1469329775453412
0,0,0.13298816653228665
0,0,0.1789558343418755
0,0,0.15697559045285575
0,0,0.16240838747401753
0,0,0.18782356177597936
0,0,0.13794320207559596
0,0,0.14463908240372744
0,0,0.1720388186880505
0,0,0.13253001290937486
0,0,0.1760131234954284
0,0,0.16818119351450028
0,0,0.14542605108286594
0,0,0.1288032360785763
0,0,0.12987723584955085
0,0,0.15231690923499325
0,0,0.12891968739440254
0,0,0.1252502604790849
0,0,0.15440375667130626
0,0,0.13581081404859816
0,0,0.1253524910831727
0,0,0.14793926525998866
0,0,0.13615066688550193
0,0,0.13058261571581434
0,0,0.13606435982996526
0,0,0.11761635218817806
0,0,0.11836689590803486
0,0,0.12931608842631584
0,0,0.11875639878875167
0,0,0.10568183830335114
0,0,0.1076234767536325
0,0,0.12805448390377325
0,0,0.13513951176584466
0,0,0.1533428511733925
0,0,0.12272876533616764
0,0,0.13328976113677213
0,0,0.1431687395503003
0,0,0.18145182657898398
0,0,0.15180253912949063
0,0,0.1220202456905751
0,0,0.24157580802574813
0,0,0.21814285632623814
0,0,0.21208454475490504
0,0,0.23563106359900432
0,0,0.23873764302789474
0,0,0.22641751631813983
0,0,0.22681692027091638
0,0,0.24406070732573645
0,0,0.17662779581216068
0,0,0.20431059842875915
0,0,0.21614641795371978
0,0,0.20489437744158637
0,0,0.15813496070939342
0,0,0.1499665533096537
0,0,0.14531990822538873
0,0,0.13690693446375632
0,0,0.1354850649925256
0,0,0.13151909365034992
0,0,0.12201924771195903
0,0,0.12244601600023326
0,0,0.13191028396442564
0,0,0.1267713518304359
0,0,0.12369722062193476
0,0,0.12897346115146072
0,0,0.13653257218673945
0,0,0.17324039776893962
0,0,0.13358776625579477
0,0,0.12661158623073152
0,0,0.130381437552224
0,0,0.12622991724291377
0,0,0.1114612500985171
0,0,0.110970560781895
0,0,0.12940723988028557
0,0,0.1380508917581284
0,0,0.12677764865664717
0,0,0.11806126596804606
0,0,0.13466491198945718
0,0,0.11954536677909051
0,0,0.12667207575321232
0,0,0.1355764089072702
0,0,0.13041193660811506
0,0,0.12312418477154118
0,0,0.12432823121501788
0,0,0.12888032403760968
0,0,0.12378266903257336
0,0,0.12944788793450832
0,0,0.1179816993809689
0,0,0.21036154531510004
0,0,0.17140137465550417
0,0,0.16167891559249142
0,0,0.15322913129217666
0,0,0.1593977605787559
0,0,0.16578080675583734
0,0,0.12912041815486924
0,0,0.12300404377834652
0,0,0.14373282351015174
0,0,0.1393356249562824
0,0,0.16506975406805713
0,0,0.19661561668621963
0,0,0.16116558126684483
0,0,0.1691495623700055
0,0,0.14120352880979986
0,0,0.1555424046562774
0,0,0.18267854108469134
0,0,0.17518418656481596
0,0,0.13035778233264764
0,0,0.11601184764768938
0,0,0.12556616747083907
0,0,0.14504469927817057
0,0,0.23156992769905488
0,0,0.2104041094336835
0,0,0.16598912903906382
0,0,0.16020051676444094
0,0,0.16347339741450376
0,0,0.16063844083398146
0,0,0.15458150415068103
0,0,0.18329820589791054
0,0,0.1701699400521897
0,0,0.16219288476360907
0,0,0.19344328710233621
0,0,0.18111720245584417
0,0,0.1644262403388261
0,0,0.15910439444982474
0,0,0.16328722248835187
0,0,0.15962169129490408
0,0,0.15510099262702054
0,0,0.15391322316622358
0,0,0.14955764068567315
0,0,0.1457917017586193
0,0,0.14551777553776482
0,0,0.14444060129054181
0,0,0.17698449397743143
0,0,0.24459389270735218
0,0,0.17569302790202218
0,0,0.16391043811576964
0,0,0.156315658541014
0,0,0.15211242556555912
0,0,0.15209775740686016
0,0,0.1453215190582415
0,0,0.1422564268207673
0,0,0.14578262247255822
0,0,0.1713346522434566
0,0,0.1513764446686577
0,0,0.15410850966939332
0,0,0.14995186121145462
0,0,0.14832634083354224
0,0,0.1450868285101593
0,0,0.1376346361141622
0,0,0.13032231278877224
0,0,0.12984957011973894
0,0,0.13249363165706976
0,0,0.1272587866561773
0,0,0.13198047848860683
0,0,0.13348816355964876
0,0,0.12409277085822853
0,0,0.11993716532512075
0,0,0.11599624742281474
0,0,0.11918308704464682
0,0,0.12117669262982693
0,0,0.11459593986818817
0,0,0.1140361984038016
0,0,0.12148433549427984
0,0,0.10002398523464533
0,0,0.09272433951765295
0,0,0.0
0,0,0.0
0,0,0.0
0,0,0.0
0,0,0.0
0,0,0.0
0,0,0.0
0,0,0.0
0,0,0.0
0,0,0.0
0,0,0.0
1,0,0.0
1,0,0.0
1,0,0.0
1,0,0.0
1,0,0.0
1,0,0.0
1,0,0.0
1,0,0.0
1,0,0.0
1,0,0.0
1,0,0.0
1,0,0.0
1,0,0.0
1,0,0.0
1,0,0.0
1,0,0.0
1,0,0.0
1,0,0.0
1,0,0.0
1,0,0.0
1,0,0.0
1,0,0.0
1,0,0.0
1,0,0.0
1,0,0.0
1,0,0.0
1,0,0.0
1,0,0.0
1,0,0.0
1,0,0.0
1,0,0.0
1,0,0.0
1,0,0.0
1,0,0.0
1,0,0.0
1,1,1.0
1,1,1.0
1,0,0.0
1,0,0.0
1,0,0.0
1,0,0.0
1,0,0.0
1,0,0.0
1,0,0.0
1,0,0.0
1,0,0.0
1,0,0.0
1,0,0.0
1,0,0.0
1,1,1.0
1,1,1.0
1,1,1.0
1,1,1.0
1,1,1.0
1,1,1.0
1,0,0.0
1,0,0.0
1,1,1.0
1,0,0.0
1,0,0.0
1,0,0.0
1,1,1.0
1,1,1.0
1,1,1.0
1,1,1.0
1,1,1.0
1,1,1.0
1,1,1.0
1,0,0.0
1,0,0.0
1,0,0.0
1,0,0.0
1,0,0.0
1,0,0.0
1,0,0.0
1,0,0.0
1,0,0.0
1,0,0.0
1,0,0.0
1,0,0.0
1,0,0.0
1,0,0.0
1,0,0.0
1,0,0.0
1,0,0.0
1,0,0.0
1,0,0.0
1,0,0.0
1,1,1.0
1,1,1.0
0,0,0.0
0,0,0.0
0,0,0.0
0,0,0.0
0,0,0.0
0,0,0.0
0,0,0.0
0,0,0.0
0,0,0.0
0,0,0.0
0,0,0.0
0,0,0.0
0,0,0.0
0,0,0.0
0,0,0.0
0,0,0.0
0,0,0.0
0,0,0.0
0,0,0.0
0,0,0.0
0,0,0.0
0,0,0.0
0,0,0.0
0,0,0.0
0,0,0.0
0,0,0.0
0,1,1.0
0,1,1.0
0,1,1.0
1,0,0.0
1,0,0.0
1,0,0.0
1,0,0.0
1,0,0.0
1,0,0.0
1,0,0.0
1,0,0.0
1,0,0.0
1,1,1.0
1,1,1.0
1,0,0.0
1,0,0.0
1,0,0.0
1,0,0.0
1,0,0.0
1,1,1.0
1,1,1.0
1,0,0.0
1,0,0.0
1,1,1.0
1,1,1.0
0,0,0.0
0,0,0.0
0,0,0.0
0,0,0.0
0,0,0.0
0,0,0.0
0,0,0.0
0,0,0.0
0,0,0.0
0,0,0.0
0,0,0.0
0,0,0.0
0,0,0.0
0,0,0.0
0,0,0.0
0,0,0.0
0,0,0.0
0,0,0.0
0,0,0.0
0,0,0.0
0,0,0.0
0,0,0.0
0,0,0.0
0,0,0.0
0,0,0.0
0,0,0.0
0,0,0.0
0,0,0.0
0,0,0.0
0,0,0.0
0,0,0.0
0,0,0.0
0,0,0.0
1,0,0.0
1,0,0.0
1,0,0.0
1,0,0.0
1,0,0.0
1,0,0.0
1,0,0.0
1,0,0.0
1,0,0.0
1,0,0.0
1,0,0.0
1,0,0.0
1,0,0.0
1,0,0.0
1,0,0.0
1,0,0.0
1,0,0.0
1,0,0.0
1,0,0.0
1,0,0.0
1,0,0.0
1,0,0.0
0,0,0.19516464617638163
0,0,0.1906908266428939
0,1,0.537317842718711
0,1,0.8647508433903712
0,1,0.7491273981490286
0,1,0.8246600346083302
0,1,0.9476626945668974
0,1,0.9354824750037624
0,0,0.4590350839410214
0,0,0.06665530958480154
0,0,0.01567550773580552
0,1,0.9981133314657059
0,1,0.9180436397610731
0,1,0.886050133425989
0,1,0.9360546048615972
0,1,0.8834392156537032
0,1,0.7233470648317525
0,1,0.6163874963419921
0,1,0.7676955652650267
0,1,0.6816555518557738
0,0,0.3891050361619954
0,0,0.38705156949504704
0,0,0.0755456393027207
0,0,0.0161259708819834
0,0,0.09877523572862833
0,0,0.31806949508486193
0,0,0.15767512531955727
0,0,0.17120942801478364
0,0,0.28780020926015604
0,0,0.19555759787213717
0,0,0.3001322214722781
0,0,0.4113479246610557
0,0,0.06047705087195861
0,0,0.005572664956066261
0,0,0.004195444358875054
0,0,0.008943872097332136
0,0,0.0019545204061826122
0,0,0.00029149589277891087
0,0,0.0025030107066754447
0,0,0.09811972224261661
0,0,0.26675874478016337
0,0,0.014942472376265678
0,0,0.0026449798769332313
0,0,0.0078449461328835
0,0,0.022194208787831217
0,0,0.009004820727573623
1,1,0.9999812314226043
1,1,0.9998486096824787
1,1,0.8967856156574903
1,1,0.9431876799644959
1,1,0.9997839619773471
1,1,0.9999311157262039
1,1,0.9968920681671949
1,1,0.9987250364509372
1,1,0.9986418757784712
1,1,0.9988529992211302
1,1,0.9973526692512604
1,1,0.976410710853628
1,1,0.9529616804176213
1,1,0.9996095229274333
1,1,0.9999527538649593
1,1,0.9994772320940752
1,1,0.9991747077032749
1,1,0.9999468447374174
1,1,0.9990081182074807
1,1,0.9997617345953109
1,1,0.9999998486726118
1,1,0.999997883807691
1,0,0.15672335214228642
1,0,0.008912060530465366
1,1,0.8773575000027636
1,1,0.987406416743219
1,1,0.809201926073078
1,1,0.8905315331262311
1,1,0.8918449470157208
1,1,0.5519447395542576
1,1,0.9671742538713459
1,1,0.9984345855950626
1,1,0.9304521864609457
0,1,0.9999397343555232
0,1,0.9921152312797461
0,1,0.9159920652922577
0,1,0.5456566114138802
0,1,0.9441069384760881
0,1,0.820943828342223
0,0,0.009482215009906633
0,0,0.00977803540454763
0,0,0.0012257170650298848
0,0,1.1698210026285548e-05
0,0,0.009906874940358591
1,1,0.9996097036169499
1,1,0.7588699693416856
1,0,0.13579552634535635
1,0,0.24514223373540245
1,0,0.2921290704924321
1,1,0.8229423883893343
1,1,0.571763388896827
1,0,0.2121466668265587
1,1,0.6384575858862884
1,1,0.9685092888518706
1,1,0.9833049206691814
0,0,0.027592001130336715
0,0,0.05777265207603936
0,0,0.10114880738699754
0,0,0.03759434398269953
0,0,0.05691505874735579
0,0,0.208018800791003
0,0,0.2047587650649419
0,0,0.10266274366428106
0,0,0.19181377383166032
0,0,0.21984680741517418
0,0,0.0959915817158669
0,0,0.2667431024563478
0,0,0.3261914699419381
0,0,0.2681059955541137
0,0,0.3824200630662899
0,0,0.3439113468189966
0,0,0.306813102564938
0,0,0.058575028854990586
0,0,0.06308902459857807
0,0,0.17243439479770975
0,0,0.17112129267543547
0,0,0.27779728453892666
0,0,0.29821114385549047
0,0,0.30528633485956025
0,0,0.21304903469626324
0,0,0.1967998985890257
0,0,0.13170161466682423
0,0,0.043845422207344206
0,0,0.03341830774772065
0,1,0.9996253672714189
0,1,0.9999805525570544
0,1,0.9999901970494277
0,1,0.9999872079729403
0,1,0.9993656577993991
0,1,0.9786220817694691
0,1,0.9947147163636364
0,1,0.999868837201411
0,1,0.9994728579560489
0,1,0.9987975321628009
0,1,0.9995911950022395
1,1,0.9991928955505864
1,1,0.9934649614836494
1,1,0.9981060512524453
1,1,0.9999339776372648
1,1,0.9999798602370631
1,1,0.9999958957481057
1,1,0.9999955882725519
1,1,0.9999993034059126
1,1,0.9999932733820086
1,1,0.8516697923757294
1,1,0.6157426167096165
0,1,0.9827844092009209
0,1,0.9868546379104287
0,1,0.9479058964791196
0,1,0.7558911749612155
0,0,0.2560704637984835
0,0,0.03855220148749693
0,0,0.19497689643832938
0,1,0.5190700100652494
0,1,0.8681605885505972
0,1,0.9815850689281046
0,1,0.9814381731468033
0,1,0.994718111644485
0,1,0.9988258885401171
0,1,0.9985504404354667
0,1,0.9968936433304106
0,1,0.9974783409259859
0,1,0.994739953107372
0,1,0.9941651990646031
0,1,0.9949764915362798
0,1,0.9833194836644945
0,1,0.9449734446352286
0,1,0.9047739638213849
0,1,0.9849667518641446
0,1,0.9993245103058871
0,1,0.9998567426374949
0,1,0.9997665299088668
0,1,0.9996699411575449
0,1,0.999811681299483
0,1,0.9997199022145166
0,1,0.9990178341639643
0,1,0.9987154176525292
0,1,0.999253505880324
0,1,0.9998653088693675
0,1,0.9905498594994787
0,1,0.9767999471893243
0,1,0.965630527358819
0,1,0.9897831260059918
0,1,0.997351068126498
0,1,0.9983455368971959
0,1,0.9975579639647347
0,1,0.9944852124701419
0,1,0.9470456740329674
0,1,0.9732492247642696
0,1,0.9977391280127167
0,1,0.9964073449220839
0,1,0.9972190700501002
0,1,0.9978316823893312
0,1,0.9962206089995143
0,1,0.9973150670634219
0,1,0.9982734684004216
0,1,0.9992713400138376
0,1,0.9990630602074481
0,1,0.9964819947041142
0,1,0.9967756503200389
0,1,0.9991386862590375
0,0,0.08717383094677097
0,0,0.14171828836177947
0,0,0.11007486216657067
0,0,0.1021702156539963
0,0,0.1101811773868746
0,0,0.10934118452620596
0,0,0.11598291556605675
0,0,0.11588108605789896
0,0,0.09973609756159783
0,0,0.1001165015929834
0,0,0.10978161522591627
0,0,0.1924095002488544
0,0,0.23142347269598063
0,0,0.19330387820880487
0,0,0.17824602204908244
0,0,0.17926096966161315
0,0,0.16723097107225968
0,0,0.16162136574991467
0,0,0.1813135404020417
0,0,0.17350211380433866
0,0,0.14417047137715122
0,0,0.13254261358261352
0,0,0.14981093645907967
0,0,0.14559105264671315
0,0,0.1328095795467397
0,0,0.1310000766340914
0,0,0.13594080085409269
0,0,0.1382314872020198
0,0,0.13862179346695774
0,0,0.13220634043306173
0,0,0.1304972364100209
0,0,0.1382521707081728
0,0,0.1347189646429659
0,0,0.12493656084669935
0,0,0.12624645842864704
0,0,0.12303371375891174
0,0,0.11886470316482713
0,0,0.11739110731653235
0,0,0.1095534319807232
0,0,0.1119952895639712
0,0,0.10408133331239584
0,0,0.10599833909773695
0,0,0.10371797692434614
0,0,0.09725292085530528
0,0,0.1009568617144737
0,0,0.09186098469053278
1,0,0.11689325712055382
1,0,0.10859068003963518
1,0,0.18272002975775564
1,0,0.14210997617368026
1,0,0.112528913165712
1,0,0.12248800945780718
1,0,0.13314628535711193
1,0,0.12718678134875175
1,0,0.11443477626680723
1,0,0.11267104657596576
1,0,0.11706003234342842
1,0,0.4364636419867017
1,0,0.14636373407945127
1,0,0.14339378022584046
1,0,0.13887969305004114
1,0,0.13618009323339178
1,0,0.12794065241479669
1,0,0.13321237070147118
1,0,0.13324730099308865
1,0,0.1366474328013182
1,0,0.14587394992467437
1,0,0.1655253693927278
1,1,0.9996815249126157
1,1,0.7050278329573487
1,1,0.7617718816505854
1,1,0.8602540891630123
1,1,0.7805568336305945
1,1,0.6830716962038654
1,1,0.519623161952922
1,0,0.41528940960388333
1,0,0.3472875116483952
1,0,0.3916836174841233
1,0,0.28823968134521194
1,0,0.37301226741523485
1,0,0.2956275295413944
1,0,0.28849690400164457
1,0,0.2267566357440038
1,0,0.20167751719926555
1,0,0.1916791635067267
1,0,0.16521505275620188
1,0,0.16175122930723196
1,0,0.15713080321570916
1,0,0.2021895108723552
1,0,0.18432675692417885
1,0,0.3484620629544728
1,0,0.20775455689927297
1,0,0.2102240583855807
1,0,0.1601877686396939
1,0,0.1784544693121272
1,0,0.1583806466842904
1,0,0.16291248253404714
1,0,0.29871060858797377
1,0,0.29066598571792146
1,0,0.17143886781269982
1,0,0.1882792245168921
0,0,0.21677153199266627
0,0,0.24913200523809723
0,0,0.24226886406357306
0,0,0.23046156120954409
0,0,0.19420010431416795
0,0,0.18097237019120901
0,0,0.20458792249336316
0,0,0.19663370133761796
0,0,0.15441416776915937
0,0,0.14207421830984526
0,0,0.1588478288836698
0,0,0.17689063474875988
0,0,0.17615173799552317
0,0,0.16281814054313973
0,0,0.09729634253292667
0,0,0.09118040930392658
0,0,0.15252648577516797
0,0,0.14831927625215807
0,0,0.14988766922899266
0,0,0.13600047969462342
0,0,0.10206410751518542
0,0,0.10076589127231457
0,0,0.13675345734706776
0,0,0.1378987254034869
0,0,0.11567777359513882
0,0,0.08981878827376596
0,0,0.08906731906365682
0,0,0.1246450610049544
0,0,0.1310301342442057
0,0,0.31849697682636324
0,0,0.1813175163457877
0,0,0.23286411194839926
0,0,0.22284618208953808
0,0,0.14129224252262496
0,0,0.15391944807503388
0,0,0.2085901088183582
0,0,0.17448404440641707
0,0,0.1372328335295433
0,0,0.14924854984136854
0,0,0.15127460718003452
1,0,0.36587211001847525
1,0,0.16379851326513195
1,0,0.1468168621983901
1,0,0.13586367994136758
1,0,0.13459259384196173
1,0,0.14764191500536025
1,0,0.15812380765003706
1,0,0.12832248106017885
1,0,0.13280813445615094
1,0,0.25108381915893174
1,0,0.22545738670279958
1,0,0.09976854829539872
1,0,0.0906950085445194
1,0,0.07554212246451515
1,0,0.07869680516175677
1,0,0.0901469377366161
1,0,0.0812896912109543
1,0,0.09554273507388586
1,0,0.10043590244483973
1,0,0.09438082775502063
1,0,0.09884253558527532
1,0,0.10385243368404194
1,0,0.10802316435770665
1,0,0.10931012806275148
1,0,0.099366702756289
1,0,0.09141120603611617
1,0,0.09523927282563378
1,0,0.09327445046304886
1,0,0.07640332682930312
1,0,0.08281348851991871
1,0,0.10436377933681006
1,0,0.09894305959259743
1,0,0.09978674188537288
1,0,0.10464324918783137
1,0,0.13005595696492256
1,0,0.14296080652897214
1,1,0.6056203581629188
1,0,0.44633303209480624
1,0,0.40295457890566716
1,1,0.6102996482083783
1,0,0.4667474083692254
1,1,0.7071407957601181
1,1,0.5414949710044766
1,0,0.221781903989212
1,0,0.20648038780683195
1,0,0.21227818275599483
1,0,0.20584938820966012
1,0,0.18436272045315527
1,0,0.2515338919841466
1,0,0.18786690719063098
1,0,0.1783024623460708
1,0,0.21712608892246046
1,0,0.23168276107590036
1,0,0.22812158245606753
1,0,0.1913747362891664
1,0,0.18584515061714563
1,0,0.17639520504043094
1,0,0.1589743058913068
1,0,0.20150781137081944
1,0,0.21924257065061667
1,0,0.17826110794686742
1,0,0.15884159109926635
1,0,0.1606118859732445
1,0,0.18183295413217934
1,0,0.1795427041977133
1,0,0.13467234583779472
0,0,2.1501768347716606e-15
0,1,1.0
0,1,1.0
0,1,0.6486642399763506
0,0,0.20080902007286366
0,0,0.036958994194667166
0,0,0.01860203759539956
0,0,0.014565853115754111
0,0,0.009990470476961956
0,0,0.028605660305977634
0,0,0.02136232280693887
0,0,0.3547218975077155
0,1,0.646396515135467
0,1,0.6832597106484638
0,1,0.766185939651226
0,1,0.8897095785593666
0,1,0.9226006365866127
0,1,0.8694987257600084
0,1,0.7064179205321386
0,1,0.5756402847448021
0,1,0.5506908725913461
0,1,0.628185532823766
0,1,0.6377460564211105
0,1,0.58372760397796
0,1,0.6341414258519518
0,1,0.6436144810738337
0,0,0.4368789874395162
0,0,0.319986489078997
0,0,0.4895963606964148
0,1,0.946262031383455
0,1,0.9555895007102896
0,1,0.6346079083784263
0,1,0.8897086945450571
0,1,0.82344290037114
0,1,0.7744488906673469
0,1,0.7779631034428446
0,1,0.6299391939981243
0,1,0.515305187960871
0,0,0.11390588511591226
0,0,0.10794584057207592
0,0,0.3783626585570493
0,0,0.49896084603939056
0,0,0.23125258924373135
0,0,0.20901568967505246
0,0,0.2409951715974435
0,0,0.1934941807037385
1,0,5.542948204582561e-99
1,0,2.0277297658557893e-222
1,0,2.1461742897353734e-119
1,1,0.9999981225917224
1,1,0.9998759811895758
1,1,0.9999552728216566
1,1,0.9999981916999628
1,1,0.9999941636306606
1,1,0.999233649700371
1,0,0.4683389757782288
1,1,0.9947482535646661
1,1,0.9999999889595924
1,1,0.9999999978912455
1,1,0.9999995851072232
1,1,0.9999999908288218
1,1,0.9999996698185885
1,1,0.9999984618192163
1,1,0.9999498980624326
1,1,0.8084921446144372
1,1,0.9908581690731911
1,1,0.9999832076737688
1,1,0.9995513742630939
1,1,0.9999999999996432
1,1,0.999999975084406
1,1,0.999999998320116
1,1,0.9999998914405757
1,1,0.9999999962617272
1,1,0.9999999999554126
1,1,0.9999994272482274
1,1,0.9999947042000029
1,1,0.9999990760283592
1,1,0.9999997326017438
1,1,0.9999982487817972
1,1,0.9999994727024408
1,1,0.9999996626482167
1,1,0.9999999930227512
1,1,0.9999999944404663
1,0,7.988531431362057e-43
1,0,3.902895203095149e-161
1,0,0.0
1,0,0.0
1,0,0.0
1,0,0.0
1,0,2.0142114513852746e-292
1,1,0.9999984519143685
1,1,0.9999988645782936
1,1,0.9999999989355914
1,1,0.9999947660666207
1,1,0.9894145492461688
1,0,0.2040302306506373
1,0,1.3495646056939332e-07
1,0,0.0002549522195564052
1,1,0.9775258696937534
1,1,0.6321417575828081
1,1,0.9692444706186732
0,0,0.04491894390227016
0,0,0.028652191912213933
0,0,0.015213197875275601
0,0,0.025036958355250518
0,0,0.008918446168254289
0,0,0.008301861324437587
0,0,0.008322879959051592
0,0,0.004798613414007375
0,0,0.004403504931068576
0,0,0.003166718917482677
0,0,0.005831310092396052
0,0,0.10465517095132947
0,0,0.12699278089824856
0,0,0.015849048503985257
0,0,0.009275511525809913
0,0,0.01299385229131279
0,0,0.025723490849474454
0,0,0.022319876373633283
0,0,0.0229269375695908
0,0,0.029329312481790312
0,0,0.019774215566019666
0,0,0.01136293682090911
0,0,0.005299642583805772
0,0,0.0034795033554587363
0,0,0.004670294940884335
0,0,0.006167134927345738
0,0,0.005086642890362148
0,0,0.002712232479716762
0,0,0.0013209543063391455
0,0,0.15625386028317687
0,0,0.1852574830542861
0,0,2.0055591360316543e-37
0,0,9.18860238963012e-111
0,0,3.113241048476197e-130
0,0,7.951894740239207e-87
0,0,2.0263621550870014e-56
0,0,3.2083301109649525e-55
0,0,2.805475780492363e-57
0,0,5.882313565001135e-20
0,0,1.4384143160226586e-28
1,1,0.9999997086377032
1,1,0.9999999999991023
1,1,0.9999999999996196
1,1,0.9999998214658078
1,1,0.9999994893737542
1,1,0.9999999519264348
1,1,0.9999999524785137
1,1,0.9999999427044948
1,1,0.999999991889221
1,1,0.9999999993545146
1,1,0.9999999991496866
1,0,3.6833381499023424e-11
1,1,0.85070776051298
1,1,0.9593671412294038
1,1,0.9756723561281327
1,1,0.6994970594373605
1,0,0.06858373471042711
1,0,0.015447536404455649
1,0,0.0022207680516634484
1,0,0.0008822777906599508
1,0,0.004536610813368256
1,0,0.0450728724773918
1,0,0.10315828503821653
1,0,0.16999852610273777
1,0,0.3248330492008184
1,0,0.30182873480256145
1,0,0.28420237783713465
1,1,0.6881588415331428
1,1,0.9597936486844074
1,1,0.9795037106966378
1,1,0.9573139695827975
1,1,0.7902829947103035
1,0,0.4064116543906483
1,1,0.6587031759687628
1,1,0.9391329581613096
1,1,0.9522939188807582
1,1,0.9825027692784187
1,1,0.9985938385943384
1,1,0.9970182436766291
1,1,0.9468930276994024
1,1,0.9872446857948802
1,0,0.0007080879438627829
1,0,5.103958368900991e-05
1,1,0.8811313042833473
1,1,0.9788312319389917
1,1,0.9090755956325267
1,1,0.9519806475071099
1,1,0.9502877013613154
1,1,0.8397853513297581
1,1,0.8838423522704987
1,1,0.9865700509350203
1,1,0.9943339866459611
1,1,0.9983828475687437
1,1,0.998938139227634
1,1,0.9961753781769023
1,1,0.9944153138418103
1,1,0.9918304310563245
1,1,0.9811552691261295
1,1,0.8780693940334958
1,0,0.1488462895163138
1,0,0.03065684690588114
1,0,0.0674657516493315
1,0,0.24265644070436354
1,0,0.14452280103794587
1,0,0.05093637221978387
1,0,0.24874614964186775
0,0,9.774527751413245e-08
0,0,4.529560565912984e-06
0,0,0.0014297541512514995
0,0,0.0006941048268182697
0,0,0.002816886615667939
0,0,0.02556968382599364
0,0,0.005861756226015903
0,0,0.014854599932559585
0,1,0.9999754552358932
0,1,0.999830369626013
0,0,0.0017398582829549643
0,0,0.004712475223337013
0,0,0.003637815971378668
0,0,0.003489717651834698
0,0,0.00700269856600538
0,0,0.012182198160526516
0,0,0.015117409509501517
0,0,0.02308324745131606
0,0,0.015606256004635192
0,0,0.010486454910490925
0,0,0.011853677636458922
0,0,0.016417537361643045
0,0,0.016097119914685484
0,0,0.01995551973582794
0,0,0.013033070284201389
0,0,0.02930171990504115
0,0,0.06855249038117449
0,0,0.024037214646864334
0,0,0.01795051736630509
0,0,0.09860361029602464
0,0,0.12503348018826763
0,0,0.02427143612048363
0,0,0.016864408372665843
0,0,0.04290803372541599
0,0,0.03901912237728464
0,0,0.031727931367282
0,0,0.03290459083759559
0,0,0.052321773007142025
0,0,0.059365706267322044
0,0,0.04105742406890301
0,0,0.04476251229660057
0,0,0.039626084601115136
0,0,0.10808341940285815
0,0,0.08094921157221935
0,0,0.0148352920870588
0,0,0.026616988397637053
1,1,0.9290113387779533
1,1,0.9838617280947668
1,1,0.9984931708282361
1,1,0.971416555891598
1,1,0.9668928691674469
1,1,0.99982932779123
1,1,0.9999709700356637
1,1,0.9997553460569267
1,1,0.9999786502319928
1,1,0.9999997398305931
1,1,0.9999999611195554
1,1,0.9999999622534842
1,1,0.999963394186555
1,1,0.9999199169420755
1,1,0.9999999914406038
1,1,0.9999999308394129
1,1,0.9999999999920635
1,1,0.9999999999999969
1,1,0.9999999999994371
1,1,0.9999999983069783
1,1,0.9999744864370171
1,1,0.9999957356015935
1,0,0.030622843497300305
1,0,1.0302061431019356e-06
1,0,5.520902380480724e-07
1,0,2.8600735594507387e-06
1,0,4.441097982697711e-08
1,0,0.000722577477135987
1,0,3.298597644021839e-06
1,0,3.7843904730860374e-11
1,0,0.01200139193001288
1,0,0.013515457873044001
1,0,1.6199715987544404e-09
1,1,0.999802961887704
1,1,0.9999774139745717
1,1,0.9996953433594259
1,1,0.9999196507275919
1,1,0.9999936167728503
1,1,0.9999993998170394
1,1,0.9999992781508745
1,1,0.9999957326101304
1,1,0.9999999793061869
1,1,0.9999999068203969
1,1,0.9996234651199639
1,1,0.9994755412966049
1,1,0.9991861238749377
1,1,0.9997865505839354
1,1,0.9856008995637177
1,1,0.9797193945774166
1,1,0.9997077731621076
1,1,0.9980522785672027
1,1,0.9973198397058491
1,1,0.9999226570512947
1,1,0.9999419096857526
1,1,0.9968428076513073
1,1,0.515019280884277
1,1,0.8509836900586373
1,1,0.9101099245463928
1,1,0.814611177174407
1,1,0.8434379080867194
1,1,0.8871326231451155
1,1,0.7684451309403721
1,1,0.6402005338264999
1,0,0.46221706134099416
1,0,0.4941249874015162
1,0,0.3509978223693724
1,0,0.4636111578556409
1,1,0.5511741734443657
1,0,0.4437685385996961
1,1,0.589053001030282
1,0,0.4286361609533577
1,0,0.38695784773268277
1,1,0.5729444405172567
1,1,0.6520449915100994
1,1,0.7813486305568511
1,1,0.6186748197402892
1,1,0.5818873071998415
1,1,0.6816478196619884
1,1,0.7355723427242187
1,1,0.6265603057513149
1,0,0.4507095883856964
1,0,0.48592107366270054
1,0,0.39819563587608964
1,1,0.5705154341896029
1,1,0.9712512114246172
1,1,0.9942460662742237
1,1,0.7801711777937014
1,0,0.32796458329362366
1,1,0.7356289452554126
1,1,0.9556249077560189
1,1,0.9998914994250788
1,1,0.9999999985812213
1,1,0.9999999996260935
1,1,0.9999999633184842
1,1,0.9999999998093758
0,1,0.9964169658042525
0,1,0.9995879168585431
0,1,0.999985952344257
0,1,0.999996746584232
0,1,0.9999999999997724
0,1,0.9999999999999865
0,1,0.999999965548599
0,1,0.9999997744558333
0,1,0.9999999741914478
0,1,0.9999999929223715
0,1,0.9995909736755589
0,0,0.33317383643303833
0,0,0.2500223365366655
0,0,0.21986055752645017
0,0,0.3040082642310941
0,1,0.5609945290875404
0,1,0.7774907961161555
0,1,0.6162850239995415
0,1,0.5967936408167257
0,1,0.6465963421168366
0,0,0.33313887850473045
0,0,0.12739391160947577
0,0,0.32736463255638526
0,1,0.6037126181845852
0,1,0.6126009370223889
0,1,0.866731373425332
0,1,0.9085620088131983
0,1,0.8616161930274185
0,1,0.9259620526229985
0,1,0.9651038028098617
0,1,0.9702591336936899
0,1,0.9538386197807974
0,1,0.9376838021756957
0,1,0.7194458276727231
0,0,0.38407569587453416
0,1,0.5522830816439314
0,1,0.6709700390400583
0,1,0.6718481656347415
0,1,0.5681452635226818
0,0,0.3112252151704023
0,0,0.2407103681940677
0,1,0.6943893851661781
0,1,0.9304586224029516
0,1,0.8754910789707712
0,0,0.3101933585950712
0,0,0.03759429263481035
0,0,0.19936377900113916
0,1,0.9936139013056313
0,1,0.9989564809156006
0,1,0.9994545101744
0,1,0.9999972427314758
0,1,0.9999999983704746
0,1,0.9999996344998611
0,1,0.994557586089611
0,1,0.9661202856226014
0,1,0.9309732522327062
0,1,0.9994453517713623
0,1,0.9994680864429074
0,1,0.9597508906187365
0,1,0.9994804859575909
0,1,0.9992466218291967
0,1,0.8118937353368237
0,1,0.9996891497213214
0,1,0.999431786830125
0,0,0.2927812228586719
0,1,0.5937713098699265
